# ncycles	1385575
path	depth	nbits	toggles	busy	nbursts	bsum	maxburst	nidle	isum	maxidle	bhist	ihist	thresh	busy2	nbursts2	bsum2	maxburst2	nidle2	isum2	maxidle2	bhist2	ihist2
VX_gpu_pkg	0	1376	0	0	0	0	0	1	1385575	1385575	0,0,0,0,0,0,0,0,0,0,0,0,0,0,0,0,0,0,0,0,0,0,0,0,0,0,0,0,0,0,0,0,0,0,0,0,0,0,0,0	0,0,0,0,0,0,0,0,0,0,0,0,0,0,0,0,0,0,0,0,0,0,0,0,0,0,0,0,0,0,0,0,1,0,0,0,0,0,0,0	7	0	0	0	0	1	1385575	1385575	0,0,0,0,0,0,0,0,0,0,0,0,0,0,0,0,0,0,0,0,0,0,0,0,0,0,0,0,0,0,0,0,0,0,0,0,0,0,0,0	0,0,0,0,0,0,0,0,0,0,0,0,0,0,0,0,0,0,0,0,0,0,0,0,0,0,0,0,0,0,0,0,1,0,0,0,0,0,0,0
defs_div_sqrt_mvp	0	1387	0	0	0	0	0	1	1385575	1385575	0,0,0,0,0,0,0,0,0,0,0,0,0,0,0,0,0,0,0,0,0,0,0,0,0,0,0,0,0,0,0,0,0,0,0,0,0,0,0,0	0,0,0,0,0,0,0,0,0,0,0,0,0,0,0,0,0,0,0,0,0,0,0,0,0,0,0,0,0,0,0,0,1,0,0,0,0,0,0,0	7	0	0	0	0	1	1385575	1385575	0,0,0,0,0,0,0,0,0,0,0,0,0,0,0,0,0,0,0,0,0,0,0,0,0,0,0,0,0,0,0,0,0,0,0,0,0,0,0,0	0,0,0,0,0,0,0,0,0,0,0,0,0,0,0,0,0,0,0,0,0,0,0,0,0,0,0,0,0,0,0,0,1,0,0,0,0,0,0,0
fpnew_pkg	0	2140	0	0	0	0	0	1	1385575	1385575	0,0,0,0,0,0,0,0,0,0,0,0,0,0,0,0,0,0,0,0,0,0,0,0,0,0,0,0,0,0,0,0,0,0,0,0,0,0,0,0	0,0,0,0,0,0,0,0,0,0,0,0,0,0,0,0,0,0,0,0,0,0,0,0,0,0,0,0,0,0,0,0,1,0,0,0,0,0,0,0	11	0	0	0	0	1	1385575	1385575	0,0,0,0,0,0,0,0,0,0,0,0,0,0,0,0,0,0,0,0,0,0,0,0,0,0,0,0,0,0,0,0,0,0,0,0,0,0,0,0	0,0,0,0,0,0,0,0,0,0,0,0,0,0,0,0,0,0,0,0,0,0,0,0,0,0,0,0,0,0,0,0,1,0,0,0,0,0,0,0
tb	0	458993	11141777909	1385565	1	1385565	1385565	1	10	10	0,0,0,0,0,0,0,0,0,0,0,0,0,0,0,0,0,0,0,0,0,0,0,0,0,0,0,0,0,0,0,0,1,0,0,0,0,0,0,0	0,0,0,0,0,0,0,0,0,1,0,0,0,0,0,0,0,0,0,0,0,0,0,0,0,0,0,0,0,0,0,0,0,0,0,0,0,0,0,0	2295	1083497	52201	1083497	529	52202	302078	2002	1573,15,10,6,2,5,7,1,36,1402,1416,1,1,0,0,0,47725,0,0,0,0,1,0,0,0,0,0,0,0,0,0,0,0,0,0,0,0,0,0,0	2229,1542,777,8,2,47377,237,9,1,1,2,1,0,1,0,1,0,3,2,1,2,5,1,0,0,0,0,0,0,0,0,0,0,0,0,0,0,0,0,0
tb.dut	1	436707	11141564752	1385565	1	1385565	1385565	1	10	10	0,0,0,0,0,0,0,0,0,0,0,0,0,0,0,0,0,0,0,0,0,0,0,0,0,0,0,0,0,0,0,0,1,0,0,0,0,0,0,0	0,0,0,0,0,0,0,0,0,1,0,0,0,0,0,0,0,0,0,0,0,0,0,0,0,0,0,0,0,0,0,0,0,0,0,0,0,0,0,0	2184	1084462	51394	1084462	529	51395	301113	1010	1572,17,12,5,2,3,5,1,13,615,612,1,1,2,0,0,48532,0,0,0,0,1,0,0,0,0,0,0,0,0,0,0,0,0,0,0,0,0,0,0	1419,1544,775,9,1,47525,89,7,0,1,2,1,0,0,0,1,4,1,3,1,8,4,0,0,0,0,0,0,0,0,0,0,0,0,0,0,0,0,0,0
tb.dut.clusters[0]	2	418715	11141049709	1385565	1	1385565	1385565	1	10	10	0,0,0,0,0,0,0,0,0,0,0,0,0,0,0,0,0,0,0,0,0,0,0,0,0,0,0,0,0,0,0,0,1,0,0,0,0,0,0,0	0,0,0,0,0,0,0,0,0,1,0,0,0,0,0,0,0,0,0,0,0,0,0,0,0,0,0,0,0,0,0,0,0,0,0,0,0,0,0,0	2094	1084859	51086	1084859	521	51087	300716	1010	1588,20,11,5,2,2,3,0,12,288,291,1,1,4,0,0,48857,0,0,0,0,1,0,0,0,0,0,0,0,0,0,0,0,0,0,0,0,0,0,0	1099,1548,773,8,1,47570,49,2,0,3,2,0,0,0,1,1,8,0,2,9,10,1,0,0,0,0,0,0,0,0,0,0,0,0,0,0,0,0,0,0
tb.dut.clusters[0].cluster	3	418669	11141049682	1385565	1	1385565	1385565	1	10	10	0,0,0,0,0,0,0,0,0,0,0,0,0,0,0,0,0,0,0,0,0,0,0,0,0,0,0,0,0,0,0,0,1,0,0,0,0,0,0,0	0,0,0,0,0,0,0,0,0,1,0,0,0,0,0,0,0,0,0,0,0,0,0,0,0,0,0,0,0,0,0,0,0,0,0,0,0,0,0,0	2094	1084859	51086	1084859	521	51087	300716	1010	1588,20,11,5,2,2,3,0,12,288,291,1,1,4,0,0,48857,0,0,0,0,1,0,0,0,0,0,0,0,0,0,0,0,0,0,0,0,0,0,0	1099,1548,773,8,1,47570,49,2,0,3,2,0,0,0,1,1,8,0,2,9,10,1,0,0,0,0,0,0,0,0,0,0,0,0,0,0,0,0,0,0
tb.dut.clusters[0].cluster.dcr_bus_if	4	45	25	10	1	10	10	2	1385565	1385556	0,0,0,0,0,0,0,0,0,1,0,0,0,0,0,0,0,0,0,0,0,0,0,0,0,0,0,0,0,0,0,0,0,0,0,0,0,0,0,0	0,0,0,0,0,0,0,0,1,0,0,0,0,0,0,0,0,0,0,0,0,0,0,0,0,0,0,0,0,0,0,0,1,0,0,0,0,0,0,0	2	7	3	7	4	4	1385568	1385557	1,1,0,1,0,0,0,0,0,0,0,0,0,0,0,0,0,0,0,0,0,0,0,0,0,0,0,0,0,0,0,0,0,0,0,0,0,0,0,0	2,0,0,0,0,0,0,0,1,0,0,0,0,0,0,0,0,0,0,0,0,0,0,0,0,0,0,0,0,0,0,0,1,0,0,0,0,0,0,0
tb.dut.clusters[0].cluster.l2cache	4	14165	381851	616	31	616	535	31	1384959	1375238	2,11,14,0,3,0,0,0,0,0,0,0,0,0,0,0,0,0,0,0,0,1,0,0,0,0,0,0,0,0,0,0,0,0,0,0,0,0,0,0	1,0,0,0,2,0,0,0,0,0,0,0,1,0,3,1,12,4,1,2,1,1,0,0,1,0,0,0,0,0,0,0,1,0,0,0,0,0,0,0	71	565	21	565	532	22	1385010	1375255	13,4,0,3,0,0,0,0,0,0,0,0,0,0,0,0,0,0,0,0,0,1,0,0,0,0,0,0,0,0,0,0,0,0,0,0,0,0,0,0	0,0,1,0,0,0,0,0,0,0,0,0,0,0,0,3,7,3,1,3,1,1,0,0,1,0,0,0,0,0,0,0,1,0,0,0,0,0,0,0
tb.dut.clusters[0].cluster.l2cache.core_bus_cache_if[0]	5	1298	38783	566	16	566	532	17	1385009	1375258	2,10,0,3,0,0,0,0,0,0,0,0,0,0,0,0,0,0,0,0,0,1,0,0,0,0,0,0,0,0,0,0,0,0,0,0,0,0,0,0	2,0,0,0,0,0,0,0,0,0,0,0,0,1,0,0,0,3,4,3,1,1,0,0,1,0,0,0,0,0,0,0,1,0,0,0,0,0,0,0	7	552	10	552	312	11	1385023	1376964	1,4,0,3,0,0,0,0,0,0,0,0,0,0,0,0,0,0,0,1,1,0,0,0,0,0,0,0,0,0,0,0,0,0,0,0,0,0,0,0	1,0,1,0,0,0,0,0,0,0,0,0,0,0,0,0,0,3,4,0,0,0,0,0,1,0,0,0,0,0,0,0,1,0,0,0,0,0,0,0
tb.dut.clusters[0].cluster.l2cache.core_bus_if[0]	5	1298	44131	613	30	613	535	31	1384962	1375238	3,9,14,0,3,0,0,0,0,0,0,0,0,0,0,0,0,0,0,0,0,1,0,0,0,0,0,0,0,0,0,0,0,0,0,0,0,0,0,0	2,0,0,0,2,0,0,0,0,0,0,0,1,0,3,0,12,4,1,2,1,1,0,0,1,0,0,0,0,0,0,0,1,0,0,0,0,0,0,0	7	565	21	565	532	22	1385010	1375255	13,4,0,3,0,0,0,0,0,0,0,0,0,0,0,0,0,0,0,0,0,1,0,0,0,0,0,0,0,0,0,0,0,0,0,0,0,0,0,0	0,0,1,0,0,0,0,0,0,0,0,0,0,0,0,3,7,3,1,3,1,1,0,0,1,0,0,0,0,0,0,0,1,0,0,0,0,0,0,0
tb.dut.clusters[0].cluster.l2cache.genblk2	5	8274	254221	614	31	614	535	32	1384961	1375238	4,9,14,0,3,0,0,0,0,0,0,0,0,0,0,0,0,0,0,0,0,1,0,0,0,0,0,0,0,0,0,0,0,0,0,0,0,0,0,0	2,0,0,0,2,0,0,0,0,0,0,0,1,0,3,0,13,4,1,2,1,1,0,0,1,0,0,0,0,0,0,0,1,0,0,0,0,0,0,0	42	565	21	565	532	22	1385010	1375255	13,4,0,3,0,0,0,0,0,0,0,0,0,0,0,0,0,0,0,0,0,1,0,0,0,0,0,0,0,0,0,0,0,0,0,0,0,0,0,0	0,0,1,0,0,0,0,0,0,0,0,0,0,0,0,3,7,3,1,3,1,1,0,0,1,0,0,0,0,0,0,0,1,0,0,0,0,0,0,0
tb.dut.clusters[0].cluster.l2cache.genblk2.cache_bypass	6	8273	254219	614	31	614	535	32	1384961	1375238	4,9,14,0,3,0,0,0,0,0,0,0,0,0,0,0,0,0,0,0,0,1,0,0,0,0,0,0,0,0,0,0,0,0,0,0,0,0,0,0	2,0,0,0,2,0,0,0,0,0,0,0,1,0,3,0,13,4,1,2,1,1,0,0,1,0,0,0,0,0,0,0,1,0,0,0,0,0,0,0	42	565	21	565	532	22	1385010	1375255	13,4,0,3,0,0,0,0,0,0,0,0,0,0,0,0,0,0,0,0,0,1,0,0,0,0,0,0,0,0,0,0,0,0,0,0,0,0,0,0	0,0,1,0,0,0,0,0,0,0,0,0,0,0,0,3,7,3,1,3,1,1,0,0,1,0,0,0,0,0,0,0,1,0,0,0,0,0,0,0
tb.dut.clusters[0].cluster.l2cache.genblk2.cache_bypass.core_bus_in_if[0]	7	1298	44131	613	30	613	535	31	1384962	1375238	3,9,14,0,3,0,0,0,0,0,0,0,0,0,0,0,0,0,0,0,0,1,0,0,0,0,0,0,0,0,0,0,0,0,0,0,0,0,0,0	2,0,0,0,2,0,0,0,0,0,0,0,1,0,3,0,12,4,1,2,1,1,0,0,1,0,0,0,0,0,0,0,1,0,0,0,0,0,0,0	7	565	21	565	532	22	1385010	1375255	13,4,0,3,0,0,0,0,0,0,0,0,0,0,0,0,0,0,0,0,0,1,0,0,0,0,0,0,0,0,0,0,0,0,0,0,0,0,0,0	0,0,1,0,0,0,0,0,0,0,0,0,0,0,0,3,7,3,1,3,1,1,0,0,1,0,0,0,0,0,0,0,1,0,0,0,0,0,0,0
tb.dut.clusters[0].cluster.l2cache.genblk2.cache_bypass.core_bus_out_if[0]	7	1298	38783	566	16	566	532	17	1385009	1375258	2,10,0,3,0,0,0,0,0,0,0,0,0,0,0,0,0,0,0,0,0,1,0,0,0,0,0,0,0,0,0,0,0,0,0,0,0,0,0,0	2,0,0,0,0,0,0,0,0,0,0,0,0,1,0,0,0,3,4,3,1,1,0,0,1,0,0,0,0,0,0,0,1,0,0,0,0,0,0,0	7	552	10	552	312	11	1385023	1376964	1,4,0,3,0,0,0,0,0,0,0,0,0,0,0,0,0,0,0,1,1,0,0,0,0,0,0,0,0,0,0,0,0,0,0,0,0,0,0,0	1,0,1,0,0,0,0,0,0,0,0,0,0,0,0,0,0,3,4,0,0,0,0,0,1,0,0,0,0,0,0,0,1,0,0,0,0,0,0,0
tb.dut.clusters[0].cluster.l2cache.genblk2.cache_bypass.mem_bus_in_if	7	1290	562	562	15	562	293	16	1385013	1375258	0,10,0,3,0,0,0,0,0,0,0,0,0,0,0,0,0,0,0,1,1,0,0,0,0,0,0,0,0,0,0,0,0,0,0,0,0,0,0,0	0,1,0,0,0,0,0,0,0,0,0,0,0,1,0,0,0,3,4,3,1,1,0,0,1,0,0,0,0,0,0,0,1,0,0,0,0,0,0,0	7	0	0	0	0	1	1385575	1385575	0,0,0,0,0,0,0,0,0,0,0,0,0,0,0,0,0,0,0,0,0,0,0,0,0,0,0,0,0,0,0,0,0,0,0,0,0,0,0,0	0,0,0,0,0,0,0,0,0,0,0,0,0,0,0,0,0,0,0,0,0,0,0,0,0,0,0,0,0,0,0,0,1,0,0,0,0,0,0,0
tb.dut.clusters[0].cluster.l2cache.genblk2.cache_bypass.mem_bus_out_if	7	1298	44152	612	29	612	535	30	1384963	1375238	2,9,14,0,3,0,0,0,0,0,0,0,0,0,0,0,0,0,0,0,0,1,0,0,0,0,0,0,0,0,0,0,0,0,0,0,0,0,0,0	0,0,1,0,2,0,0,0,0,0,0,0,1,0,3,0,12,4,1,2,1,1,0,0,1,0,0,0,0,0,0,0,1,0,0,0,0,0,0,0	7	565	21	565	532	22	1385010	1375255	13,4,0,3,0,0,0,0,0,0,0,0,0,0,0,0,0,0,0,0,0,1,0,0,0,0,0,0,0,0,0,0,0,0,0,0,0,0,0,0	0,0,1,0,0,0,0,0,0,0,0,0,0,0,0,3,7,3,1,3,1,1,0,0,1,0,0,0,0,0,0,0,1,0,0,0,0,0,0,0
tb.dut.clusters[0].cluster.l2cache.mem_bus_cache_if	5	1290	562	562	15	562	293	16	1385013	1375258	0,10,0,3,0,0,0,0,0,0,0,0,0,0,0,0,0,0,0,1,1,0,0,0,0,0,0,0,0,0,0,0,0,0,0,0,0,0,0,0	0,1,0,0,0,0,0,0,0,0,0,0,0,1,0,0,0,3,4,3,1,1,0,0,1,0,0,0,0,0,0,0,1,0,0,0,0,0,0,0	7	0	0	0	0	1	1385575	1385575	0,0,0,0,0,0,0,0,0,0,0,0,0,0,0,0,0,0,0,0,0,0,0,0,0,0,0,0,0,0,0,0,0,0,0,0,0,0,0,0	0,0,0,0,0,0,0,0,0,0,0,0,0,0,0,0,0,0,0,0,0,0,0,0,0,0,0,0,0,0,0,0,1,0,0,0,0,0,0,0
tb.dut.clusters[0].cluster.l2cache.mem_bus_if	5	1298	44152	612	29	612	535	30	1384963	1375238	2,9,14,0,3,0,0,0,0,0,0,0,0,0,0,0,0,0,0,0,0,1,0,0,0,0,0,0,0,0,0,0,0,0,0,0,0,0,0,0	0,0,1,0,2,0,0,0,0,0,0,0,1,0,3,0,12,4,1,2,1,1,0,0,1,0,0,0,0,0,0,0,1,0,0,0,0,0,0,0	7	565	21	565	532	22	1385010	1375255	13,4,0,3,0,0,0,0,0,0,0,0,0,0,0,0,0,0,0,0,0,1,0,0,0,0,0,0,0,0,0,0,0,0,0,0,0,0,0,0	0,0,1,0,0,0,0,0,0,0,0,0,0,0,0,3,7,3,1,3,1,1,0,0,1,0,0,0,0,0,0,0,1,0,0,0,0,0,0,0
tb.dut.clusters[0].cluster.mem_bus_if	4	1298	44152	612	29	612	535	30	1384963	1375238	2,9,14,0,3,0,0,0,0,0,0,0,0,0,0,0,0,0,0,0,0,1,0,0,0,0,0,0,0,0,0,0,0,0,0,0,0,0,0,0	0,0,1,0,2,0,0,0,0,0,0,0,1,0,3,0,12,4,1,2,1,1,0,0,1,0,0,0,0,0,0,0,1,0,0,0,0,0,0,0	7	565	21	565	532	22	1385010	1375255	13,4,0,3,0,0,0,0,0,0,0,0,0,0,0,0,0,0,0,0,0,1,0,0,0,0,0,0,0,0,0,0,0,0,0,0,0,0,0,0	0,0,1,0,0,0,0,0,0,0,0,0,0,0,0,3,7,3,1,3,1,1,0,0,1,0,0,0,0,0,0,0,1,0,0,0,0,0,0,0
tb.dut.clusters[0].cluster.per_socket_mem_bus_if[0]	4	1298	44131	613	30	613	535	31	1384962	1375238	3,9,14,0,3,0,0,0,0,0,0,0,0,0,0,0,0,0,0,0,0,1,0,0,0,0,0,0,0,0,0,0,0,0,0,0,0,0,0,0	2,0,0,0,2,0,0,0,0,0,0,0,1,0,3,0,12,4,1,2,1,1,0,0,1,0,0,0,0,0,0,0,1,0,0,0,0,0,0,0	7	565	21	565	532	22	1385010	1375255	13,4,0,3,0,0,0,0,0,0,0,0,0,0,0,0,0,0,0,0,0,1,0,0,0,0,0,0,0,0,0,0,0,0,0,0,0,0,0,0	0,0,1,0,0,0,0,0,0,0,0,0,0,0,0,3,7,3,1,3,1,1,0,0,1,0,0,0,0,0,0,0,1,0,0,0,0,0,0,0
tb.dut.clusters[0].cluster.socket_dcr_bus_if	4	45	25	10	1	10	10	2	1385565	1385556	0,0,0,0,0,0,0,0,0,1,0,0,0,0,0,0,0,0,0,0,0,0,0,0,0,0,0,0,0,0,0,0,0,0,0,0,0,0,0,0	0,0,0,0,0,0,0,0,1,0,0,0,0,0,0,0,0,0,0,0,0,0,0,0,0,0,0,0,0,0,0,0,1,0,0,0,0,0,0,0	2	7	3	7	4	4	1385568	1385557	1,1,0,1,0,0,0,0,0,0,0,0,0,0,0,0,0,0,0,0,0,0,0,0,0,0,0,0,0,0,0,0,0,0,0,0,0,0,0,0	2,0,0,0,0,0,0,0,1,0,0,0,0,0,0,0,0,0,0,0,0,0,0,0,0,0,0,0,0,0,0,0,1,0,0,0,0,0,0,0
tb.dut.clusters[0].cluster.socket_dcr_bus_tmp_if	4	45	25	10	1	10	10	2	1385565	1385556	0,0,0,0,0,0,0,0,0,1,0,0,0,0,0,0,0,0,0,0,0,0,0,0,0,0,0,0,0,0,0,0,0,0,0,0,0,0,0,0	0,0,0,0,0,0,0,0,1,0,0,0,0,0,0,0,0,0,0,0,0,0,0,0,0,0,0,0,0,0,0,0,1,0,0,0,0,0,0,0	2	7	3	7	4	4	1385568	1385557	1,1,0,1,0,0,0,0,0,0,0,0,0,0,0,0,0,0,0,0,0,0,0,0,0,0,0,0,0,0,0,0,0,0,0,0,0,0,0,0	2,0,0,0,0,0,0,0,1,0,0,0,0,0,0,0,0,0,0,0,0,0,0,0,0,0,0,0,0,0,0,0,1,0,0,0,0,0,0,0
tb.dut.clusters[0].cluster.sockets[0]	4	401737	11140579461	1385564	2	1385564	1385545	2	11	10	0,0,0,0,0,0,0,0,0,0,0,0,0,0,0,0,1,0,0,0,0,0,0,0,0,0,0,0,0,0,0,0,1,0,0,0,0,0,0,0	1,0,0,0,0,0,0,0,0,1,0,0,0,0,0,0,0,0,0,0,0,0,0,0,0,0,0,0,0,0,0,0,0,0,0,0,0,0,0,0	2009	1085081	50955	1085081	437	50956	300494	514	1616,21,12,8,1,1,2,0,12,124,129,1,0,6,0,0,49020,0,1,0,1,0,0,0,0,0,0,0,0,0,0,0,0,0,0,0,0,0,0,0	939,1546,775,6,2,47594,27,1,2,14,2,0,0,0,1,1,10,6,8,16,5,1,0,0,0,0,0,0,0,0,0,0,0,0,0,0,0,0,0,0
tb.dut.clusters[0].cluster.sockets[0].socket	5	401736	11140579459	1385564	2	1385564	1385545	2	11	10	0,0,0,0,0,0,0,0,0,0,0,0,0,0,0,0,1,0,0,0,0,0,0,0,0,0,0,0,0,0,0,0,1,0,0,0,0,0,0,0	1,0,0,0,0,0,0,0,0,1,0,0,0,0,0,0,0,0,0,0,0,0,0,0,0,0,0,0,0,0,0,0,0,0,0,0,0,0,0,0	2009	1085081	50955	1085081	437	50956	300494	514	1616,21,12,8,1,1,2,0,12,124,129,1,0,6,0,0,49020,0,1,0,1,0,0,0,0,0,0,0,0,0,0,0,0,0,0,0,0,0,0,0	939,1546,775,6,2,47594,27,1,2,14,2,0,0,0,1,1,10,6,8,16,5,1,0,0,0,0,0,0,0,0,0,0,0,0,0,0,0,0,0,0
tb.dut.clusters[0].cluster.sockets[0].socket.core_dcr_bus_if	6	45	25	10	1	10	10	2	1385565	1385556	0,0,0,0,0,0,0,0,0,1,0,0,0,0,0,0,0,0,0,0,0,0,0,0,0,0,0,0,0,0,0,0,0,0,0,0,0,0,0,0	0,0,0,0,0,0,0,0,1,0,0,0,0,0,0,0,0,0,0,0,0,0,0,0,0,0,0,0,0,0,0,0,1,0,0,0,0,0,0,0	2	7	3	7	4	4	1385568	1385557	1,1,0,1,0,0,0,0,0,0,0,0,0,0,0,0,0,0,0,0,0,0,0,0,0,0,0,0,0,0,0,0,0,0,0,0,0,0,0,0	2,0,0,0,0,0,0,0,1,0,0,0,0,0,0,0,0,0,0,0,0,0,0,0,0,0,0,0,0,0,0,0,1,0,0,0,0,0,0,0
tb.dut.clusters[0].cluster.sockets[0].socket.cores[0]	6	263404	11095823359	1385563	2	1385563	1385544	2	12	10	0,0,0,0,0,0,0,0,0,0,0,0,0,0,0,0,1,0,0,0,0,0,0,0,0,0,0,0,0,0,0,0,1,0,0,0,0,0,0,0	0,1,0,0,0,0,0,0,0,1,0,0,0,0,0,0,0,0,0,0,0,0,0,0,0,0,0,0,0,0,0,0,0,0,0,0,0,0,0,0	1318	1086026	51484	1086026	24	51485	299549	420	2061,10,100,142,6,0,1,0,1,4,2,1,0,0,0,0,49156,0,0,0,0,0,0,0,0,0,0,0,0,0,0,0,0,0,0,0,0,0,0,0	948,1549,768,151,2,47502,46,0,136,151,1,0,0,0,4,1,222,2,0,1,1,0,0,0,0,0,0,0,0,0,0,0,0,0,0,0,0,0,0,0
tb.dut.clusters[0].cluster.sockets[0].socket.cores[0].core	7	263403	11095823357	1385563	2	1385563	1385544	2	12	10	0,0,0,0,0,0,0,0,0,0,0,0,0,0,0,0,1,0,0,0,0,0,0,0,0,0,0,0,0,0,0,0,1,0,0,0,0,0,0,0	0,1,0,0,0,0,0,0,0,1,0,0,0,0,0,0,0,0,0,0,0,0,0,0,0,0,0,0,0,0,0,0,0,0,0,0,0,0,0,0	1318	1086026	51484	1086026	24	51485	299549	420	2061,10,100,142,6,0,1,0,1,4,2,1,0,0,0,0,49156,0,0,0,0,0,0,0,0,0,0,0,0,0,0,0,0,0,0,0,0,0,0,0	948,1549,768,151,2,47502,46,0,136,151,1,0,0,0,4,1,222,2,0,1,1,0,0,0,0,0,0,0,0,0,0,0,0,0,0,0,0,0,0,0
tb.dut.clusters[0].cluster.sockets[0].socket.cores[0].core.branch_ctl_if[0]	8	35	86436	16808	4157	16808	8	4158	1368767	1738	1,557,774,1790,5,1026,2,2,0,0,0,0,0,0,0,0,0,0,0,0,0,0,0,0,0,0,0,0,0,0,0,0,0,0,0,0,0,0,0,0	273,7,3,257,2,2046,4,2,0,1,0,0,1,3,0,0,782,6,1,0,2,0,768,0,0,0,0,0,0,0,0,0,0,0,0,0,0,0,0,0	2	13202	5694	13202	8	5695	1372373	1738	2318,1318,260,1533,258,5,0,2,0,0,0,0,0,0,0,0,0,0,0,0,0,0,0,0,0,0,0,0,0,0,0,0,0,0,0,0,0,0,0,0	1810,7,2,257,3,1790,3,256,1,2,1,0,1,3,0,0,781,7,1,0,2,0,768,0,0,0,0,0,0,0,0,0,0,0,0,0,0,0,0,0
tb.dut.clusters[0].cluster.sockets[0].socket.cores[0].core.commit	8	2317	67494870	512264	99916	512264	232	99917	873311	299	1,1,0,0,96055,3,254,2564,1021,2,0,3,3,0,2,1,5,0,0,1,0,0,0,0,0,0,0,0,0,0,0,0,0,0,0,0,0,0,0,0	263,3849,569,2,46843,6,1,0,1,1,2,0,48376,0,1,1,0,0,1,0,1,0,0,0,0,0,0,0,0,0,0,0,0,0,0,0,0,0,0,0	12	318740	106100	318740	21	106101	1066835	323	6156,44,96018,3,260,2576,778,248,2,5,1,0,1,1,1,0,6,0,0,0,0,0,0,0,0,0,0,0,0,0,0,0,0,0,0,0,0,0,0,0	6179,200,265,3904,276,45,46843,5,1,0,1,1,5954,1,42423,0,1,0,1,0,1,0,0,0,0,0,0,0,0,0,0,0,0,0,0,0,0,0,0,0
tb.dut.clusters[0].cluster.sockets[0].socket.cores[0].core.commit.commit_arb_if[0]	9	242	16894608	212157	100236	212157	14	100237	1173418	317	3,96618,6,260,2306,1026,4,1,6,0,0,0,0,6,0,0,0,0,0,0,0,0,0,0,0,0,0,0,0,0,0,0,0,0,0,0,0,0,0,0	291,23,9,260,3850,568,1,46845,6,1,0,2,0,2,0,48376,1,0,1,0,1,0,0,0,0,0,0,0,0,0,0,0,0,0,0,0,0,0,0,0	2	209846	102545	209846	14	102546	1175729	317	2315,96622,1536,1024,773,260,3,1,5,0,0,0,0,6,0,0,0,0,0,0,0,0,0,0,0,0,0,0,0,0,0,0,0,0,0,0,0,0,0,0	2599,23,10,260,3850,568,1,46845,6,1,0,2,0,2,0,48376,1,0,1,0,1,0,0,0,0,0,0,0,0,0,0,0,0,0,0,0,0,0,0,0
tb.dut.clusters[0].cluster.sockets[0].socket.cores[0].core.commit.commit_csr_if	9	44	219636	109824	102330	109824	8	102331	1275751	327	98966,1559,263,770,767,2,0,3,0,0,0,0,0,0,0,0,0,0,0,0,0,0,0,0,0,0,0,0,0,0,0,0,0,0,0,0,0,0,0,0	2097,289,22,9,260,3850,568,1,46845,7,1,0,1,0,2,0,48377,0,1,0,1,0,0,0,0,0,0,0,0,0,0,0,0,0,0,0,0,0,0,0	2	54912	54912	54912	1	54913	1330663	333	54912,0,0,0,0,0,0,0,0,0,0,0,0,0,0,0,0,0,0,0,0,0,0,0,0,0,0,0,0,0,0,0,0,0,0,0,0,0,0,0	2330,1030,15,2,21,13,1550,1256,261,13,2,2,1,2,27,2,48384,0,1,0,1,0,0,0,0,0,0,0,0,0,0,0,0,0,0,0,0,0,0,0
tb.dut.clusters[0].cluster.sockets[0].socket.cores[0].core.commit.commit_if[0]	9	242	439936	16819	4155	16819	9	4156	1368756	1738	1,555,773,1787,7,1025,3,1,3,0,0,0,0,0,0,0,0,0,0,0,0,0,0,0,0,0,0,0,0,0,0,0,0,0,0,0,0,0,0,0	270,9,2,258,2,2045,4,2,0,1,0,0,1,3,0,0,782,6,1,0,2,0,768,0,0,0,0,0,0,0,0,0,0,0,0,0,0,0,0,0	2	14498	6476	14498	8	6477	1371077	1738	3090,1324,13,1787,2,258,1,1,0,0,0,0,0,0,0,0,0,0,0,0,0,0,0,0,0,0,0,0,0,0,0,0,0,0,0,0,0,0,0,0	2591,9,2,258,2,2045,4,2,0,1,0,0,1,3,0,0,782,6,1,0,2,0,768,0,0,0,0,0,0,0,0,0,0,0,0,0,0,0,0,0
tb.dut.clusters[0].cluster.sockets[0].socket.cores[0].core.commit.commit_if[1]	9	242	641	147	70	147	6	71	1385428	1376961	0,66,3,0,0,1,0,0,0,0,0,0,0,0,0,0,0,0,0,0,0,0,0,0,0,0,0,0,0,0,0,0,0,0,0,0,0,0,0,0	0,1,0,0,1,63,0,0,0,0,0,0,0,0,0,0,0,0,4,0,0,0,0,0,1,0,0,0,0,0,0,0,1,0,0,0,0,0,0,0	2	147	70	147	6	71	1385428	1376961	0,66,3,0,0,1,0,0,0,0,0,0,0,0,0,0,0,0,0,0,0,0,0,0,0,0,0,0,0,0,0,0,0,0,0,0,0,0,0,0	0,1,0,0,1,63,0,0,0,0,0,0,0,0,0,0,0,0,4,0,0,0,0,0,1,0,0,0,0,0,0,0,1,0,0,0,0,0,0,0
tb.dut.clusters[0].cluster.sockets[0].socket.cores[0].core.commit.commit_if[2]	9	242	135	20	6	20	5	7	1385555	1385136	0,3,0,1,2,0,0,0,0,0,0,0,0,0,0,0,0,0,0,0,0,0,0,0,0,0,0,0,0,0,0,0,0,0,0,0,0,0,0,0	1,0,0,0,0,1,0,0,0,0,0,0,1,1,0,0,1,0,0,0,1,0,0,0,0,0,0,0,0,0,0,0,1,0,0,0,0,0,0,0	2	18	8	18	5	9	1385557	1385136	3,3,0,1,1,0,0,0,0,0,0,0,0,0,0,0,0,0,0,0,0,0,0,0,0,0,0,0,0,0,0,0,0,0,0,0,0,0,0,0	3,0,0,0,0,1,0,0,0,0,0,0,1,1,0,0,1,0,0,0,1,0,0,0,0,0,0,0,0,0,0,0,1,0,0,0,0,0,0,0
tb.dut.clusters[0].cluster.sockets[0].socket.cores[0].core.commit.commit_if[3]	9	242	14539199	245927	98357	245927	8	98358	1139648	8600	4,49177,49157,3,14,0,0,2,0,0,0,0,0,0,0,0,0,0,0,0,0,0,0,0,0,0,0,0,0,0,0,0,0,0,0,0,0,0,0,0	15,19,15,2,1,0,49149,1,1,0,0,0,0,1,0,49151,1,0,0,0,1,0,0,0,0,1,0,0,0,0,0,0,0,0,0,0,0,0,0,0	2	245152	98364	245152	8	98365	1140423	8600	4,49959,48389,3,7,0,0,2,0,0,0,0,0,0,0,0,0,0,0,0,0,0,0,0,0,0,0,0,0,0,0,0,0,0,0,0,0,0,0,0	22,19,14,3,1,0,48382,768,1,0,0,0,0,1,0,49151,1,0,0,0,1,0,0,0,0,1,0,0,0,0,0,0,0,0,0,0,0,0,0,0
tb.dut.clusters[0].cluster.sockets[0].socket.cores[0].core.commit.commit_sched_if	9	4	216552	210606	101780	210606	14	101781	1174969	325	782,97387,1539,263,1538,257,3,1,4,0,0,0,0,6,0,0,0,0,0,0,0,0,0,0,0,0,0,0,0,0,0,0,0,0,0,0,0,0,0,0	1835,23,9,260,3850,568,1,46845,6,1,1,1,0,2,0,48376,1,0,1,0,1,0,0,0,0,0,0,0,0,0,0,0,0,0,0,0,0,0,0,0	2	5946	3368	5946	7	3369	1379629	1773	1570,1025,770,1,1,0,1,0,0,0,0,0,0,0,0,0,0,0,0,0,0,0,0,0,0,0,0,0,0,0,0,0,0,0,0,0,0,0,0,0	772,1,0,1,2,9,767,0,5,3,2,0,1,0,1,1,1029,3,2,0,2,0,768,0,0,0,0,0,0,0,0,0,0,0,0,0,0,0,0,0
tb.dut.clusters[0].cluster.sockets[0].socket.cores[0].core.commit.genblk1[0]	9	713	14979913	260559	100232	260559	14	100233	1125016	299	5,48216,48395,258,2315,1026,4,1,6,0,0,0,0,6,0,0,0,0,0,0,0,0,0,0,0,0,0,0,0,0,0,0,0,0,0,0,0,0,0,0	291,17,14,1797,2310,569,46844,0,6,1,0,1,1,2,0,48376,2,0,1,0,1,0,0,0,0,0,0,0,0,0,0,0,0,0,0,0,0,0,0,0	4	252799	102540	252799	14	102541	1132776	317	2346,53582,44542,1023,773,261,3,1,3,0,0,0,0,6,0,0,0,0,0,0,0,0,0,0,0,0,0,0,0,0,0,0,0,0,0,0,0,0,0,0	2593,23,17,1797,2310,549,41463,5394,7,1,0,1,1,4,0,48377,2,0,1,0,1,0,0,0,0,0,0,0,0,0,0,0,0,0,0,0,0,0,0,0
tb.dut.clusters[0].cluster.sockets[0].socket.cores[0].core.commit.genblk2[0]	9	3	204660	204660	103597	204660	8	103598	1180915	324	4900,96619,1810,258,2,7,0,1,0,0,0,0,0,0,0,0,0,0,0,0,0,0,0,0,0,0,0,0,0,0,0,0,0,0,0,0,0,0,0,0	1848,285,779,1027,3852,568,4,46845,6,1,0,2,0,2,0,48376,1,0,1,0,1,0,0,0,0,0,0,0,0,0,0,0,0,0,0,0,0,0,0,0	2	0	0	0	0	1	1385575	1385575	0,0,0,0,0,0,0,0,0,0,0,0,0,0,0,0,0,0,0,0,0,0,0,0,0,0,0,0,0,0,0,0,0,0,0,0,0,0,0,0	0,0,0,0,0,0,0,0,0,0,0,0,0,0,0,0,0,0,0,0,0,0,0,0,0,0,0,0,0,0,0,0,1,0,0,0,0,0,0,0
tb.dut.clusters[0].cluster.sockets[0].socket.cores[0].core.commit.writeback_if[0]	9	175	16689946	212156	100235	212156	14	100236	1173419	317	2,96618,6,260,2306,1026,4,1,6,0,0,0,0,6,0,0,0,0,0,0,0,0,0,0,0,0,0,0,0,0,0,0,0,0,0,0,0,0,0,0	289,23,10,260,3850,568,1,46845,6,1,0,2,0,2,0,48376,1,0,1,0,1,0,0,0,0,0,0,0,0,0,0,0,0,0,0,0,0,0,0,0	2	209846	102545	209846	14	102546	1175729	317	2315,96622,1536,1024,773,260,3,1,5,0,0,0,0,6,0,0,0,0,0,0,0,0,0,0,0,0,0,0,0,0,0,0,0,0,0,0,0,0,0,0	2599,23,10,260,3850,568,1,46845,6,1,0,2,0,2,0,48376,1,0,1,0,1,0,0,0,0,0,0,0,0,0,0,0,0,0,0,0,0,0,0,0
tb.dut.clusters[0].cluster.sockets[0].socket.cores[0].core.commit_csr_if	8	44	219636	109824	102330	109824	8	102331	1275751	327	98966,1559,263,770,767,2,0,3,0,0,0,0,0,0,0,0,0,0,0,0,0,0,0,0,0,0,0,0,0,0,0,0,0,0,0,0,0,0,0,0	2097,289,22,9,260,3850,568,1,46845,7,1,0,1,0,2,0,48377,0,1,0,1,0,0,0,0,0,0,0,0,0,0,0,0,0,0,0,0,0,0,0	2	54912	54912	54912	1	54913	1330663	333	54912,0,0,0,0,0,0,0,0,0,0,0,0,0,0,0,0,0,0,0,0,0,0,0,0,0,0,0,0,0,0,0,0,0,0,0,0,0,0,0	2330,1030,15,2,21,13,1550,1256,261,13,2,2,1,2,27,2,48384,0,1,0,1,0,0,0,0,0,0,0,0,0,0,0,0,0,0,0,0,0,0,0
tb.dut.clusters[0].cluster.sockets[0].socket.cores[0].core.commit_if[0]	8	242	439936	16819	4155	16819	9	4156	1368756	1738	1,555,773,1787,7,1025,3,1,3,0,0,0,0,0,0,0,0,0,0,0,0,0,0,0,0,0,0,0,0,0,0,0,0,0,0,0,0,0,0,0	270,9,2,258,2,2045,4,2,0,1,0,0,1,3,0,0,782,6,1,0,2,0,768,0,0,0,0,0,0,0,0,0,0,0,0,0,0,0,0,0	2	14498	6476	14498	8	6477	1371077	1738	3090,1324,13,1787,2,258,1,1,0,0,0,0,0,0,0,0,0,0,0,0,0,0,0,0,0,0,0,0,0,0,0,0,0,0,0,0,0,0,0,0	2591,9,2,258,2,2045,4,2,0,1,0,0,1,3,0,0,782,6,1,0,2,0,768,0,0,0,0,0,0,0,0,0,0,0,0,0,0,0,0,0
tb.dut.clusters[0].cluster.sockets[0].socket.cores[0].core.commit_if[1]	8	242	641	147	70	147	6	71	1385428	1376961	0,66,3,0,0,1,0,0,0,0,0,0,0,0,0,0,0,0,0,0,0,0,0,0,0,0,0,0,0,0,0,0,0,0,0,0,0,0,0,0	0,1,0,0,1,63,0,0,0,0,0,0,0,0,0,0,0,0,4,0,0,0,0,0,1,0,0,0,0,0,0,0,1,0,0,0,0,0,0,0	2	147	70	147	6	71	1385428	1376961	0,66,3,0,0,1,0,0,0,0,0,0,0,0,0,0,0,0,0,0,0,0,0,0,0,0,0,0,0,0,0,0,0,0,0,0,0,0,0,0	0,1,0,0,1,63,0,0,0,0,0,0,0,0,0,0,0,0,4,0,0,0,0,0,1,0,0,0,0,0,0,0,1,0,0,0,0,0,0,0
tb.dut.clusters[0].cluster.sockets[0].socket.cores[0].core.commit_if[2]	8	242	135	20	6	20	5	7	1385555	1385136	0,3,0,1,2,0,0,0,0,0,0,0,0,0,0,0,0,0,0,0,0,0,0,0,0,0,0,0,0,0,0,0,0,0,0,0,0,0,0,0	1,0,0,0,0,1,0,0,0,0,0,0,1,1,0,0,1,0,0,0,1,0,0,0,0,0,0,0,0,0,0,0,1,0,0,0,0,0,0,0	2	18	8	18	5	9	1385557	1385136	3,3,0,1,1,0,0,0,0,0,0,0,0,0,0,0,0,0,0,0,0,0,0,0,0,0,0,0,0,0,0,0,0,0,0,0,0,0,0,0	3,0,0,0,0,1,0,0,0,0,0,0,1,1,0,0,1,0,0,0,1,0,0,0,0,0,0,0,0,0,0,0,1,0,0,0,0,0,0,0
tb.dut.clusters[0].cluster.sockets[0].socket.cores[0].core.commit_if[3]	8	242	14539199	245927	98357	245927	8	98358	1139648	8600	4,49177,49157,3,14,0,0,2,0,0,0,0,0,0,0,0,0,0,0,0,0,0,0,0,0,0,0,0,0,0,0,0,0,0,0,0,0,0,0,0	15,19,15,2,1,0,49149,1,1,0,0,0,0,1,0,49151,1,0,0,0,1,0,0,0,0,1,0,0,0,0,0,0,0,0,0,0,0,0,0,0	2	245152	98364	245152	8	98365	1140423	8600	4,49959,48389,3,7,0,0,2,0,0,0,0,0,0,0,0,0,0,0,0,0,0,0,0,0,0,0,0,0,0,0,0,0,0,0,0,0,0,0,0	22,19,14,3,1,0,48382,768,1,0,0,0,0,1,0,49151,1,0,0,0,1,0,0,0,0,1,0,0,0,0,0,0,0,0,0,0,0,0,0,0
tb.dut.clusters[0].cluster.sockets[0].socket.cores[0].core.commit_sched_if	8	4	216552	210606	101780	210606	14	101781	1174969	325	782,97387,1539,263,1538,257,3,1,4,0,0,0,0,6,0,0,0,0,0,0,0,0,0,0,0,0,0,0,0,0,0,0,0,0,0,0,0,0,0,0	1835,23,9,260,3850,568,1,46845,6,1,1,1,0,2,0,48376,1,0,1,0,1,0,0,0,0,0,0,0,0,0,0,0,0,0,0,0,0,0,0,0	2	5946	3368	5946	7	3369	1379629	1773	1570,1025,770,1,1,0,1,0,0,0,0,0,0,0,0,0,0,0,0,0,0,0,0,0,0,0,0,0,0,0,0,0,0,0,0,0,0,0,0,0	772,1,0,1,2,9,767,0,5,3,2,0,1,0,1,1,1029,3,2,0,2,0,768,0,0,0,0,0,0,0,0,0,0,0,0,0,0,0,0,0
tb.dut.clusters[0].cluster.sockets[0].socket.cores[0].core.dcache_bus_if[0]	8	474	5666	574	22	574	533	23	1385001	1376873	10,8,0,0,3,0,0,0,0,0,0,0,0,0,0,0,0,0,0,0,0,1,0,0,0,0,0,0,0,0,0,0,0,0,0,0,0,0,0,0	0,4,4,3,1,0,0,0,0,0,0,0,0,0,0,0,4,0,5,0,0,0,0,0,1,0,0,0,0,0,0,0,1,0,0,0,0,0,0,0	3	278	276	278	2	277	1385297	1376962	274,2,0,0,0,0,0,0,0,0,0,0,0,0,0,0,0,0,0,0,0,0,0,0,0,0,0,0,0,0,0,0,0,0,0,0,0,0,0,0	264,0,4,3,0,0,0,0,0,0,0,0,0,0,0,0,0,0,4,0,0,0,0,0,1,0,0,0,0,0,0,0,1,0,0,0,0,0,0,0
tb.dut.clusters[0].cluster.sockets[0].socket.cores[0].core.dcr_bus_if	8	45	25	10	1	10	10	2	1385565	1385556	0,0,0,0,0,0,0,0,0,1,0,0,0,0,0,0,0,0,0,0,0,0,0,0,0,0,0,0,0,0,0,0,0,0,0,0,0,0,0,0	0,0,0,0,0,0,0,0,1,0,0,0,0,0,0,0,0,0,0,0,0,0,0,0,0,0,0,0,0,0,0,0,1,0,0,0,0,0,0,0	2	7	3	7	4	4	1385568	1385557	1,1,0,1,0,0,0,0,0,0,0,0,0,0,0,0,0,0,0,0,0,0,0,0,0,0,0,0,0,0,0,0,0,0,0,0,0,0,0,0	2,0,0,0,0,0,0,0,1,0,0,0,0,0,0,0,0,0,0,0,0,0,0,0,0,0,0,0,0,0,0,0,1,0,0,0,0,0,0,0
tb.dut.clusters[0].cluster.sockets[0].socket.cores[0].core.dcr_data	8	190	33	12	3	12	10	4	1385563	1385552	2,0,0,0,0,0,0,0,0,1,0,0,0,0,0,0,0,0,0,0,0,0,0,0,0,0,0,0,0,0,0,0,0,0,0,0,0,0,0,0	0,1,1,0,0,1,0,0,0,0,0,0,0,0,0,0,0,0,0,0,0,0,0,0,0,0,0,0,0,0,0,0,1,0,0,0,0,0,0,0	2	7	3	7	4	4	1385568	1385557	1,1,0,1,0,0,0,0,0,0,0,0,0,0,0,0,0,0,0,0,0,0,0,0,0,0,0,0,0,0,0,0,0,0,0,0,0,0,0,0	2,0,0,0,0,0,0,0,1,0,0,0,0,0,0,0,0,0,0,0,0,0,0,0,0,0,0,0,0,0,0,0,1,0,0,0,0,0,0,0
tb.dut.clusters[0].cluster.sockets[0].socket.cores[0].core.dcr_data.dcr_bus_if	9	45	25	10	1	10	10	2	1385565	1385556	0,0,0,0,0,0,0,0,0,1,0,0,0,0,0,0,0,0,0,0,0,0,0,0,0,0,0,0,0,0,0,0,0,0,0,0,0,0,0,0	0,0,0,0,0,0,0,0,1,0,0,0,0,0,0,0,0,0,0,0,0,0,0,0,0,0,0,0,0,0,0,0,1,0,0,0,0,0,0,0	2	7	3	7	4	4	1385568	1385557	1,1,0,1,0,0,0,0,0,0,0,0,0,0,0,0,0,0,0,0,0,0,0,0,0,0,0,0,0,0,0,0,0,0,0,0,0,0,0,0	2,0,0,0,0,0,0,0,1,0,0,0,0,0,0,0,0,0,0,0,0,0,0,0,0,0,0,0,0,0,0,0,1,0,0,0,0,0,0,0
tb.dut.clusters[0].cluster.sockets[0].socket.cores[0].core.decode	8	538	6592779	189617	25206	189617	70	25207	1195958	285	778,1635,10,1794,1,255,19954,3,0,0,1,0,1,0,2,0,1,770,1,0,0,0,0,0,0,0,0,0,0,0,0,0,0,0,0,0,0,0,0,0	778,1800,3,5,3,1,1,41,765,255,1,0,0,1,7,31,34,20708,3,769,1,0,0,0,0,0,0,0,0,0,0,0,0,0,0,0,0,0,0,0	3	188795	25246	188795	48	25247	1196780	285	790,1636,779,1027,25,257,19937,3,2,1,21,0,1,0,1,0,1,765,0,0,0,0,0,0,0,0,0,0,0,0,0,0,0,0,0,0,0,0,0,0	821,1028,770,8,3,1,1,41,765,255,1,0,0,1,7,31,34,20707,3,769,1,0,0,0,0,0,0,0,0,0,0,0,0,0,0,0,0,0,0,0
tb.dut.clusters[0].cluster.sockets[0].socket.cores[0].core.decode.decode_if	9	172	1365260	189615	25204	189615	70	25205	1195960	285	776,1635,10,1794,1,255,19954,3,0,0,1,0,1,0,2,0,1,770,1,0,0,0,0,0,0,0,0,0,0,0,0,0,0,0,0,0,0,0,0,0	777,1799,3,5,3,1,1,41,765,255,1,0,0,1,7,31,34,20708,3,769,1,0,0,0,0,0,0,0,0,0,0,0,0,0,0,0,0,0,0,0	2	140264	52173	140264	6	52174	1245311	285	23219,2339,26,20937,5371,281,0,0,0,0,0,0,0,0,0,0,0,0,0,0,0,0,0,0,0,0,0,0,0,0,0,0,0,0,0,0,0,0,0,0	27742,1032,771,5,4,3,1,2,36,1024,0,1,0,0,1,7,65,20707,3,769,1,0,0,0,0,0,0,0,0,0,0,0,0,0,0,0,0,0,0,0
tb.dut.clusters[0].cluster.sockets[0].socket.cores[0].core.decode.decode_sched_if	9	4	338424	187981	25285	187981	48	25286	1197594	310	805,1637,1547,261,90,255,19919,2,1,0,0,0,1,0,1,0,1,765,0,0,0,0,0,0,0,0,0,0,0,0,0,0,0,0,0,0,0,0,0,0	862,259,1537,9,3,1,1,41,765,255,1,0,0,1,7,31,33,20707,3,769,1,0,0,0,0,0,0,0,0,0,0,0,0,0,0,0,0,0,0,0	2	117892	50647	117892	6	50648	1267683	328	22503,1583,19896,1045,5365,255,0,0,0,0,0,0,0,0,0,0,0,0,0,0,0,0,0,0,0,0,0,0,0,0,0,0,0,0,0,0,0,0,0,0	26978,263,11,3,773,2,2,3,36,259,765,0,1,0,0,8,61,20710,3,769,1,0,0,0,0,0,0,0,0,0,0,0,0,0,0,0,0,0,0,0
tb.dut.clusters[0].cluster.sockets[0].socket.cores[0].core.decode.fetch_if	9	72	1204954	189615	25204	189615	70	25205	1195960	285	776,1635,10,1794,1,255,19954,3,0,0,1,0,1,0,2,0,1,770,1,0,0,0,0,0,0,0,0,0,0,0,0,0,0,0,0,0,0,0,0,0	777,1799,3,5,3,1,1,41,765,255,1,0,0,1,7,31,34,20708,3,769,1,0,0,0,0,0,0,0,0,0,0,0,0,0,0,0,0,0,0,0	2	140264	52173	140264	6	52174	1245311	285	23219,2339,26,20937,5371,281,0,0,0,0,0,0,0,0,0,0,0,0,0,0,0,0,0,0,0,0,0,0,0,0,0,0,0,0,0,0,0,0,0,0	27742,1032,771,5,4,3,1,2,36,1024,0,1,0,0,1,7,65,20707,3,769,1,0,0,0,0,0,0,0,0,0,0,0,0,0,0,0,0,0,0,0
tb.dut.clusters[0].cluster.sockets[0].socket.cores[0].core.decode_if	8	172	1365260	189615	25204	189615	70	25205	1195960	285	776,1635,10,1794,1,255,19954,3,0,0,1,0,1,0,2,0,1,770,1,0,0,0,0,0,0,0,0,0,0,0,0,0,0,0,0,0,0,0,0,0	777,1799,3,5,3,1,1,41,765,255,1,0,0,1,7,31,34,20708,3,769,1,0,0,0,0,0,0,0,0,0,0,0,0,0,0,0,0,0,0,0	2	140264	52173	140264	6	52174	1245311	285	23219,2339,26,20937,5371,281,0,0,0,0,0,0,0,0,0,0,0,0,0,0,0,0,0,0,0,0,0,0,0,0,0,0,0,0,0,0,0,0,0,0	27742,1032,771,5,4,3,1,2,36,1024,0,1,0,0,1,7,65,20707,3,769,1,0,0,0,0,0,0,0,0,0,0,0,0,0,0,0,0,0,0,0
tb.dut.clusters[0].cluster.sockets[0].socket.cores[0].core.decode_sched_if	8	4	338424	187981	25285	187981	48	25286	1197594	310	805,1637,1547,261,90,255,19919,2,1,0,0,0,1,0,1,0,1,765,0,0,0,0,0,0,0,0,0,0,0,0,0,0,0,0,0,0,0,0,0,0	862,259,1537,9,3,1,1,41,765,255,1,0,0,1,7,31,33,20707,3,769,1,0,0,0,0,0,0,0,0,0,0,0,0,0,0,0,0,0,0,0	2	117892	50647	117892	6	50648	1267683	328	22503,1583,19896,1045,5365,255,0,0,0,0,0,0,0,0,0,0,0,0,0,0,0,0,0,0,0,0,0,0,0,0,0,0,0,0,0,0,0,0,0,0	26978,263,11,3,773,2,2,3,36,259,765,0,1,0,0,8,61,20710,3,769,1,0,0,0,0,0,0,0,0,0,0,0,0,0,0,0,0,0,0,0
tb.dut.clusters[0].cluster.sockets[0].socket.cores[0].core.dispatch_if[0]	8	474	517596	16813	4159	16813	8	4159	1368762	1738	2,558,774,1790,4,1026,3,2,0,0,0,0,0,0,0,0,0,0,0,0,0,0,0,0,0,0,0,0,0,0,0,0,0,0,0,0,0,0,0,0	273,8,3,257,2,2046,4,2,0,1,0,0,1,3,0,0,782,6,1,0,2,0,768,0,0,0,0,0,0,0,0,0,0,0,0,0,0,0,0,0	3	9624	4667	9624	8	4668	1375951	1740	2313,1061,260,768,257,6,0,2,0,0,0,0,0,0,0,0,0,0,0,0,0,0,0,0,0,0,0,0,0,0,0,0,0,0,0,0,0,0,0,0	781,8,2,3,2,1024,258,257,766,1,2,1,1,3,0,0,781,7,1,0,2,0,768,0,0,0,0,0,0,0,0,0,0,0,0,0,0,0,0,0
tb.dut.clusters[0].cluster.sockets[0].socket.cores[0].core.dispatch_if[1]	8	474	4439	152	73	152	8	73	1385423	1376951	2,68,2,0,0,0,0,1,0,0,0,0,0,0,0,0,0,0,0,0,0,0,0,0,0,0,0,0,0,0,0,0,0,0,0,0,0,0,0,0	0,3,2,1,0,62,0,0,0,0,0,0,0,0,0,0,0,0,3,0,0,0,0,0,1,0,0,0,0,0,0,0,1,0,0,0,0,0,0,0	3	80	71	80	8	72	1385495	1376957	68,2,0,0,0,0,0,1,0,0,0,0,0,0,0,0,0,0,0,0,0,0,0,0,0,0,0,0,0,0,0,0,0,0,0,0,0,0,0,0	0,1,2,1,1,0,62,0,0,0,0,0,0,0,0,0,0,0,3,0,0,0,0,0,1,0,0,0,0,0,0,0,1,0,0,0,0,0,0,0
tb.dut.clusters[0].cluster.sockets[0].socket.cores[0].core.dispatch_if[2]	8	474	135	23	8	23	5	8	1385552	1385136	1,4,0,1,2,0,0,0,0,0,0,0,0,0,0,0,0,0,0,0,0,0,0,0,0,0,0,0,0,0,0,0,0,0,0,0,0,0,0,0	1,0,1,0,0,1,0,0,0,0,0,0,0,1,0,0,2,0,0,0,1,0,0,0,0,0,0,0,0,0,0,0,1,0,0,0,0,0,0,0	3	8	5	8	3	6	1385567	1385140	3,1,1,0,0,0,0,0,0,0,0,0,0,0,0,0,0,0,0,0,0,0,0,0,0,0,0,0,0,0,0,0,0,0,0,0,0,0,0,0	0,0,0,0,0,0,0,1,0,0,0,0,0,0,0,0,3,0,0,0,1,0,0,0,0,0,0,0,0,0,0,0,1,0,0,0,0,0,0,0
tb.dut.clusters[0].cluster.sockets[0].socket.cores[0].core.dispatch_if[3]	8	474	6180537	196757	98368	196757	8	98368	1188818	8627	3,98358,0,3,2,0,0,2,0,0,0,0,0,0,0,0,0,0,0,0,0,0,0,0,0,0,0,0,0,0,0,0,0,0,0,0,0,0,0,0	34,15,2,9,3,1,0,49149,0,1,0,0,0,1,0,49148,3,0,0,0,1,0,0,0,0,1,0,0,0,0,0,0,0,0,0,0,0,0,0,0	3	98444	98368	98444	8	98369	1287131	8627	98309,53,1,2,2,0,0,1,0,0,0,0,0,0,0,0,0,0,0,0,0,0,0,0,0,0,0,0,0,0,0,0,0,0,0,0,0,0,0,0	35,15,2,5,7,1,0,0,49149,0,1,0,0,0,1,0,49151,0,0,0,1,0,0,0,0,1,0,0,0,0,0,0,0,0,0,0,0,0,0,0
tb.dut.clusters[0].cluster.sockets[0].socket.cores[0].core.execute	8	221320	10725009077	1385554	4	1385554	1385543	4	21	10	1,1,0,0,0,0,0,1,0,0,0,0,0,0,0,0,0,0,0,0,0,0,0,0,0,0,0,0,0,0,0,0,1,0,0,0,0,0,0,0	1,0,0,1,0,1,0,0,0,1,0,0,0,0,0,0,0,0,0,0,0,0,0,0,0,0,0,0,0,0,0,0,0,0,0,0,0,0,0,0	1107	1085070	51062	1085070	24	51063	300505	443	1756,90,11,38,0,4,5,0,1,4,2,1,1,0,0,0,49149,0,0,0,0,0,0,0,0,0,0,0,0,0,0,0,0,0,0,0,0,0,0,0	886,1546,772,1,1,47606,14,1,47,21,1,0,0,0,0,1,91,62,10,1,2,0,0,0,0,0,0,0,0,0,0,0,0,0,0,0,0,0,0,0
tb.dut.clusters[0].cluster.sockets[0].socket.cores[0].core.execute.alu_unit	9	13588	15875980	32607	3619	32607	25	3619	1352968	1734	1,0,0,0,0,14,772,1531,6,1024,1,4,1,0,2,6,257,0,0,0,0,0,0,0,0,0,0,0,0,0,0,0,0,0,0,0,0,0,0,0	1,2047,4,2,0,1,0,0,1,3,0,0,4,3,0,1,778,3,1,0,2,0,768,0,0,0,0,0,0,0,0,0,0,0,0,0,0,0,0,0	68	22492	4919	22492	18	4920	1363083	1736	786,257,777,1032,8,534,764,750,2,1,1,0,0,6,0,0,1,0,0,0,0,0,0,0,0,0,0,0,0,0,0,0,0,0,0,0,0,0,0,0	1038,262,753,260,20,1023,0,1,0,0,1,2,1,0,5,2,775,6,1,0,2,0,768,0,0,0,0,0,0,0,0,0,0,0,0,0,0,0,0,0
tb.dut.clusters[0].cluster.sockets[0].socket.cores[0].core.execute.alu_unit.branch_ctl_if[0]	10	35	86436	16808	4157	16808	8	4158	1368767	1738	1,557,774,1790,5,1026,2,2,0,0,0,0,0,0,0,0,0,0,0,0,0,0,0,0,0,0,0,0,0,0,0,0,0,0,0,0,0,0,0,0	273,7,3,257,2,2046,4,2,0,1,0,0,1,3,0,0,782,6,1,0,2,0,768,0,0,0,0,0,0,0,0,0,0,0,0,0,0,0,0,0	2	13202	5694	13202	8	5695	1372373	1738	2318,1318,260,1533,258,5,0,2,0,0,0,0,0,0,0,0,0,0,0,0,0,0,0,0,0,0,0,0,0,0,0,0,0,0,0,0,0,0,0,0	1810,7,2,257,3,1790,3,256,1,2,1,0,1,3,0,0,781,7,1,0,2,0,768,0,0,0,0,0,0,0,0,0,0,0,0,0,0,0,0,0
tb.dut.clusters[0].cluster.sockets[0].socket.cores[0].core.execute.alu_unit.commit_if[0]	10	242	439936	16819	4155	16819	9	4156	1368756	1738	1,555,773,1787,7,1025,3,1,3,0,0,0,0,0,0,0,0,0,0,0,0,0,0,0,0,0,0,0,0,0,0,0,0,0,0,0,0,0,0,0	270,9,2,258,2,2045,4,2,0,1,0,0,1,3,0,0,782,6,1,0,2,0,768,0,0,0,0,0,0,0,0,0,0,0,0,0,0,0,0,0	2	14498	6476	14498	8	6477	1371077	1738	3090,1324,13,1787,2,258,1,1,0,0,0,0,0,0,0,0,0,0,0,0,0,0,0,0,0,0,0,0,0,0,0,0,0,0,0,0,0,0,0,0	2591,9,2,258,2,2045,4,2,0,1,0,0,1,3,0,0,782,6,1,0,2,0,768,0,0,0,0,0,0,0,0,0,0,0,0,0,0,0,0,0
tb.dut.clusters[0].cluster.sockets[0].socket.cores[0].core.execute.alu_unit.dispatch_if[0]	10	474	517596	16813	4159	16813	8	4159	1368762	1738	2,558,774,1790,4,1026,3,2,0,0,0,0,0,0,0,0,0,0,0,0,0,0,0,0,0,0,0,0,0,0,0,0,0,0,0,0,0,0,0,0	273,8,3,257,2,2046,4,2,0,1,0,0,1,3,0,0,782,6,1,0,2,0,768,0,0,0,0,0,0,0,0,0,0,0,0,0,0,0,0,0	3	9624	4667	9624	8	4668	1375951	1740	2313,1061,260,768,257,6,0,2,0,0,0,0,0,0,0,0,0,0,0,0,0,0,0,0,0,0,0,0,0,0,0,0,0,0,0,0,0,0,0,0	781,8,2,3,2,1024,258,257,766,1,2,1,1,3,0,0,781,7,1,0,2,0,768,0,0,0,0,0,0,0,0,0,0,0,0,0,0,0,0,0
tb.dut.clusters[0].cluster.sockets[0].socket.cores[0].core.execute.alu_unit.dispatch_unit	10	2375	1854875	16814	4160	16814	8	4160	1368761	1738	3,558,774,1790,4,1026,3,2,0,0,0,0,0,0,0,0,0,0,0,0,0,0,0,0,0,0,0,0,0,0,0,0,0,0,0,0,0,0,0,0	273,8,3,257,2,2046,4,2,0,1,0,0,1,3,0,1,782,6,1,0,2,0,768,0,0,0,0,0,0,0,0,0,0,0,0,0,0,0,0,0	12	9624	4667	9624	8	4668	1375951	1740	2313,1061,260,768,257,6,0,2,0,0,0,0,0,0,0,0,0,0,0,0,0,0,0,0,0,0,0,0,0,0,0,0,0,0,0,0,0,0,0,0	781,8,2,3,2,1024,258,257,766,1,2,1,1,3,0,0,781,7,1,0,2,0,768,0,0,0,0,0,0,0,0,0,0,0,0,0,0,0,0,0
tb.dut.clusters[0].cluster.sockets[0].socket.cores[0].core.execute.alu_unit.dispatch_unit.dispatch_if[0]	11	474	517596	16813	4159	16813	8	4159	1368762	1738	2,558,774,1790,4,1026,3,2,0,0,0,0,0,0,0,0,0,0,0,0,0,0,0,0,0,0,0,0,0,0,0,0,0,0,0,0,0,0,0,0	273,8,3,257,2,2046,4,2,0,1,0,0,1,3,0,0,782,6,1,0,2,0,768,0,0,0,0,0,0,0,0,0,0,0,0,0,0,0,0,0	3	9624	4667	9624	8	4668	1375951	1740	2313,1061,260,768,257,6,0,2,0,0,0,0,0,0,0,0,0,0,0,0,0,0,0,0,0,0,0,0,0,0,0,0,0,0,0,0,0,0,0,0	781,8,2,3,2,1024,258,257,766,1,2,1,1,3,0,0,781,7,1,0,2,0,768,0,0,0,0,0,0,0,0,0,0,0,0,0,0,0,0,0
tb.dut.clusters[0].cluster.sockets[0].socket.cores[0].core.execute.alu_unit.dispatch_unit.execute_if[0]	11	541	517596	16813	4159	16813	8	4159	1368762	1738	2,558,774,1790,4,1026,3,2,0,0,0,0,0,0,0,0,0,0,0,0,0,0,0,0,0,0,0,0,0,0,0,0,0,0,0,0,0,0,0,0	273,8,3,257,2,2046,4,2,0,1,0,0,1,3,0,0,782,6,1,0,2,0,768,0,0,0,0,0,0,0,0,0,0,0,0,0,0,0,0,0	3	9624	4667	9624	8	4668	1375951	1740	2313,1061,260,768,257,6,0,2,0,0,0,0,0,0,0,0,0,0,0,0,0,0,0,0,0,0,0,0,0,0,0,0,0,0,0,0,0,0,0,0	781,8,2,3,2,1024,258,257,766,1,2,1,1,3,0,0,781,7,1,0,2,0,768,0,0,0,0,0,0,0,0,0,0,0,0,0,0,0,0,0
tb.dut.clusters[0].cluster.sockets[0].socket.cores[0].core.execute.alu_unit.dispatch_unit.genblk5[0]	11	7	31061	16045	4929	16045	8	4929	1369530	1738	6,1326,1539,1791,3,259,3,2,0,0,0,0,0,0,0,0,0,0,0,0,0,0,0,0,0,0,0,0,0,0,0,0,0,0,0,0,0,0,0,0	1042,8,3,257,2,2046,4,2,0,1,0,0,1,3,0,1,782,6,1,0,2,0,768,0,0,0,0,0,0,0,0,0,0,0,0,0,0,0,0,0	2	11912	6727	11912	8	6728	1373663	1738	4126,1314,1,1282,1,1,0,2,0,0,0,0,0,0,0,0,0,0,0,0,0,0,0,0,0,0,0,0,0,0,0,0,0,0,0,0,0,0,0,0	2077,772,4,256,4,2046,4,2,1,0,0,0,1,3,0,0,781,6,1,0,2,0,768,0,0,0,0,0,0,0,0,0,0,0,0,0,0,0,0,0
tb.dut.clusters[0].cluster.sockets[0].socket.cores[0].core.execute.alu_unit.gather_unit	10	1472	2488208	16821	4156	16821	9	4157	1368754	1738	2,554,774,1787,7,1025,3,1,3,0,0,0,0,0,0,0,0,0,0,0,0,0,0,0,0,0,0,0,0,0,0,0,0,0,0,0,0,0,0,0	271,8,2,258,2,2045,4,2,0,1,0,0,1,3,0,0,783,6,1,0,2,0,768,0,0,0,0,0,0,0,0,0,0,0,0,0,0,0,0,0	8	14498	6476	14498	8	6477	1371077	1738	3090,1324,13,1787,2,258,1,1,0,0,0,0,0,0,0,0,0,0,0,0,0,0,0,0,0,0,0,0,0,0,0,0,0,0,0,0,0,0,0,0	2591,9,2,258,2,2045,4,2,0,1,0,0,1,3,0,0,782,6,1,0,2,0,768,0,0,0,0,0,0,0,0,0,0,0,0,0,0,0,0,0
tb.dut.clusters[0].cluster.sockets[0].socket.cores[0].core.execute.alu_unit.gather_unit.commit_in_if[0]	11	242	439936	16819	4155	16819	9	4156	1368756	1738	1,555,773,1787,7,1025,3,1,3,0,0,0,0,0,0,0,0,0,0,0,0,0,0,0,0,0,0,0,0,0,0,0,0,0,0,0,0,0,0,0	270,9,2,258,2,2045,4,2,0,1,0,0,1,3,0,0,782,6,1,0,2,0,768,0,0,0,0,0,0,0,0,0,0,0,0,0,0,0,0,0	2	14498	6476	14498	8	6477	1371077	1738	3090,1324,13,1787,2,258,1,1,0,0,0,0,0,0,0,0,0,0,0,0,0,0,0,0,0,0,0,0,0,0,0,0,0,0,0,0,0,0,0,0	2591,9,2,258,2,2045,4,2,0,1,0,0,1,3,0,0,782,6,1,0,2,0,768,0,0,0,0,0,0,0,0,0,0,0,0,0,0,0,0,0
tb.dut.clusters[0].cluster.sockets[0].socket.cores[0].core.execute.alu_unit.gather_unit.commit_out_if[0]	11	242	439936	16819	4155	16819	9	4156	1368756	1738	1,555,773,1787,7,1025,3,1,3,0,0,0,0,0,0,0,0,0,0,0,0,0,0,0,0,0,0,0,0,0,0,0,0,0,0,0,0,0,0,0	270,9,2,258,2,2045,4,2,0,1,0,0,1,3,0,0,782,6,1,0,2,0,768,0,0,0,0,0,0,0,0,0,0,0,0,0,0,0,0,0	2	14498	6476	14498	8	6477	1371077	1738	3090,1324,13,1787,2,258,1,1,0,0,0,0,0,0,0,0,0,0,0,0,0,0,0,0,0,0,0,0,0,0,0,0,0,0,0,0,0,0,0,0	2591,9,2,258,2,2045,4,2,0,1,0,0,1,3,0,0,782,6,1,0,2,0,768,0,0,0,0,0,0,0,0,0,0,0,0,0,0,0,0,0
tb.dut.clusters[0].cluster.sockets[0].socket.cores[0].core.execute.alu_unit.gather_unit.genblk5[0]	11	374	728462	16819	4155	16819	9	4156	1368756	1738	1,555,773,1787,7,1025,3,1,3,0,0,0,0,0,0,0,0,0,0,0,0,0,0,0,0,0,0,0,0,0,0,0,0,0,0,0,0,0,0,0	270,9,2,258,2,2045,4,2,0,1,0,0,1,3,0,0,782,6,1,0,2,0,768,0,0,0,0,0,0,0,0,0,0,0,0,0,0,0,0,0	2	14498	6476	14498	8	6477	1371077	1738	3090,1324,13,1787,2,258,1,1,0,0,0,0,0,0,0,0,0,0,0,0,0,0,0,0,0,0,0,0,0,0,0,0,0,0,0,0,0,0,0,0	2591,9,2,258,2,2045,4,2,0,1,0,0,1,3,0,0,782,6,1,0,2,0,768,0,0,0,0,0,0,0,0,0,0,0,0,0,0,0,0,0
tb.dut.clusters[0].cluster.sockets[0].socket.cores[0].core.execute.alu_unit.gather_unit.genblk5[0].commit_tmp_if	12	242	439936	16819	4155	16819	9	4156	1368756	1738	1,555,773,1787,7,1025,3,1,3,0,0,0,0,0,0,0,0,0,0,0,0,0,0,0,0,0,0,0,0,0,0,0,0,0,0,0,0,0,0,0	270,9,2,258,2,2045,4,2,0,1,0,0,1,3,0,0,782,6,1,0,2,0,768,0,0,0,0,0,0,0,0,0,0,0,0,0,0,0,0,0	2	14498	6476	14498	8	6477	1371077	1738	3090,1324,13,1787,2,258,1,1,0,0,0,0,0,0,0,0,0,0,0,0,0,0,0,0,0,0,0,0,0,0,0,0,0,0,0,0,0,0,0,0	2591,9,2,258,2,2045,4,2,0,1,0,0,1,3,0,0,782,6,1,0,2,0,768,0,0,0,0,0,0,0,0,0,0,0,0,0,0,0,0,0
tb.dut.clusters[0].cluster.sockets[0].socket.cores[0].core.execute.alu_unit.genblk1[0]	10	8013	9531395	32606	3620	32606	25	3620	1352969	1734	2,0,0,0,1,14,771,1531,6,1024,1,4,1,0,2,6,257,0,0,0,0,0,0,0,0,0,0,0,0,0,0,0,0,0,0,0,0,0,0,0	2,2047,4,2,0,1,0,0,1,3,0,0,4,3,0,1,778,3,1,0,2,0,768,0,0,0,0,0,0,0,0,0,0,0,0,0,0,0,0,0	41	15287	4653	15287	9	4654	1370288	1749	767,1806,10,262,1031,769,4,3,1,0,0,0,0,0,0,0,0,0,0,0,0,0,0,0,0,0,0,0,0,0,0,0,0,0,0,0,0,0,0,0	770,772,765,3,259,6,256,255,1,2,0,2,1,2,1,0,781,7,1,0,2,0,768,0,0,0,0,0,0,0,0,0,0,0,0,0,0,0,0,0
tb.dut.clusters[0].cluster.sockets[0].socket.cores[0].core.execute.alu_unit.genblk1[0].alu_int	11	4067	6578241	24855	3880	24855	18	3880	1360720	1736	2,0,0,17,773,1789,262,1025,1,3,1,0,0,6,0,0,1,0,0,0,0,0,0,0,0,0,0,0,0,0,0,0,0,0,0,0,0,0,0,0	3,258,2,2046,4,2,0,1,0,0,1,3,0,0,4,4,775,6,1,0,2,0,768,0,0,0,0,0,0,0,0,0,0,0,0,0,0,0,0,0	21	11459	3119	11459	10	3120	1374116	1749	1,1036,11,1027,1032,5,3,3,0,1,0,0,0,0,0,0,0,0,0,0,0,0,0,0,0,0,0,0,0,0,0,0,0,0,0,0,0,0,0,0	2,6,2,2,259,768,258,255,1,2,0,2,2,1,0,0,782,7,1,0,2,0,768,0,0,0,0,0,0,0,0,0,0,0,0,0,0,0,0,0
tb.dut.clusters[0].cluster.sockets[0].socket.cores[0].core.execute.alu_unit.genblk1[0].alu_int.branch_ctl_if	12	35	86436	16808	4157	16808	8	4158	1368767	1738	1,557,774,1790,5,1026,2,2,0,0,0,0,0,0,0,0,0,0,0,0,0,0,0,0,0,0,0,0,0,0,0,0,0,0,0,0,0,0,0,0	273,7,3,257,2,2046,4,2,0,1,0,0,1,3,0,0,782,6,1,0,2,0,768,0,0,0,0,0,0,0,0,0,0,0,0,0,0,0,0,0	2	13202	5694	13202	8	5695	1372373	1738	2318,1318,260,1533,258,5,0,2,0,0,0,0,0,0,0,0,0,0,0,0,0,0,0,0,0,0,0,0,0,0,0,0,0,0,0,0,0,0,0,0	1810,7,2,257,3,1790,3,256,1,2,1,0,1,3,0,0,781,7,1,0,2,0,768,0,0,0,0,0,0,0,0,0,0,0,0,0,0,0,0,0
tb.dut.clusters[0].cluster.sockets[0].socket.cores[0].core.execute.alu_unit.genblk1[0].alu_int.commit_if	12	242	305946	16811	4158	16811	8	4158	1368764	1738	2,557,774,1790,4,1026,3,2,0,0,0,0,0,0,0,0,0,0,0,0,0,0,0,0,0,0,0,0,0,0,0,0,0,0,0,0,0,0,0,0	272,7,4,257,2,2046,4,2,0,1,0,0,1,3,0,0,782,6,1,0,2,0,768,0,0,0,0,0,0,0,0,0,0,0,0,0,0,0,0,0	2	14501	6468	14501	8	6468	1371074	1738	3083,1325,5,1790,2,260,1,2,0,0,0,0,0,0,0,0,0,0,0,0,0,0,0,0,0,0,0,0,0,0,0,0,0,0,0,0,0,0,0,0	2582,7,4,257,2,2046,4,2,0,1,0,0,1,3,0,0,782,6,1,0,2,0,768,0,0,0,0,0,0,0,0,0,0,0,0,0,0,0,0,0
tb.dut.clusters[0].cluster.sockets[0].socket.cores[0].core.execute.alu_unit.genblk1[0].alu_int.execute_if	12	541	517596	16813	4159	16813	8	4159	1368762	1738	2,558,774,1790,4,1026,3,2,0,0,0,0,0,0,0,0,0,0,0,0,0,0,0,0,0,0,0,0,0,0,0,0,0,0,0,0,0,0,0,0	273,8,3,257,2,2046,4,2,0,1,0,0,1,3,0,0,782,6,1,0,2,0,768,0,0,0,0,0,0,0,0,0,0,0,0,0,0,0,0,0	3	9624	4667	9624	8	4668	1375951	1740	2313,1061,260,768,257,6,0,2,0,0,0,0,0,0,0,0,0,0,0,0,0,0,0,0,0,0,0,0,0,0,0,0,0,0,0,0,0,0,0,0	781,8,2,3,2,1024,258,257,766,1,2,1,1,3,0,0,781,7,1,0,2,0,768,0,0,0,0,0,0,0,0,0,0,0,0,0,0,0,0,0
tb.dut.clusters[0].cluster.sockets[0].socket.cores[0].core.execute.alu_unit.genblk1[0].alu_int.genblk3[0]	12	66	245322	7575	3901	7575	8	3902	1378000	1750	1805,804,1025,259,1,5,0,2,0,0,0,0,0,0,0,0,0,0,0,0,0,0,0,0,0,0,0,0,0,0,0,0,0,0,0,0,0,0,0,0	782,7,2,2,2,259,768,257,255,1,2,1,1,2,1,0,782,7,0,1,2,0,768,0,0,0,0,0,0,0,0,0,0,0,0,0,0,0,0,0	2	7520	3897	7520	5	3898	1378055	1750	1825,782,1030,259,1,0,0,0,0,0,0,0,0,0,0,0,0,0,0,0,0,0,0,0,0,0,0,0,0,0,0,0,0,0,0,0,0,0,0,0	776,5,1,7,1,258,768,257,257,1,2,1,1,1,1,0,783,7,0,1,2,0,768,0,0,0,0,0,0,0,0,0,0,0,0,0,0,0,0,0
tb.dut.clusters[0].cluster.sockets[0].socket.cores[0].core.execute.alu_unit.genblk1[0].alu_int.genblk3[1]	12	66	245348	7575	3901	7575	8	3902	1378000	1750	1805,804,1025,259,1,5,0,2,0,0,0,0,0,0,0,0,0,0,0,0,0,0,0,0,0,0,0,0,0,0,0,0,0,0,0,0,0,0,0,0	782,7,2,2,2,259,768,257,255,1,2,1,1,2,1,0,782,7,0,1,2,0,768,0,0,0,0,0,0,0,0,0,0,0,0,0,0,0,0,0	2	7520	3897	7520	5	3898	1378055	1750	1825,782,1030,259,1,0,0,0,0,0,0,0,0,0,0,0,0,0,0,0,0,0,0,0,0,0,0,0,0,0,0,0,0,0,0,0,0,0,0,0	776,5,1,7,1,258,768,257,257,1,2,1,1,1,1,0,783,7,0,1,2,0,768,0,0,0,0,0,0,0,0,0,0,0,0,0,0,0,0,0
tb.dut.clusters[0].cluster.sockets[0].socket.cores[0].core.execute.alu_unit.genblk1[0].alu_int.genblk3[2]	12	66	245354	7575	3901	7575	8	3902	1378000	1750	1805,804,1025,259,1,5,0,2,0,0,0,0,0,0,0,0,0,0,0,0,0,0,0,0,0,0,0,0,0,0,0,0,0,0,0,0,0,0,0,0	782,7,2,2,2,259,768,257,255,1,2,1,1,2,1,0,782,7,0,1,2,0,768,0,0,0,0,0,0,0,0,0,0,0,0,0,0,0,0,0	2	7520	3897	7520	5	3898	1378055	1750	1825,782,1030,259,1,0,0,0,0,0,0,0,0,0,0,0,0,0,0,0,0,0,0,0,0,0,0,0,0,0,0,0,0,0,0,0,0,0,0,0	776,5,1,7,1,258,768,257,257,1,2,1,1,1,1,0,783,7,0,1,2,0,768,0,0,0,0,0,0,0,0,0,0,0,0,0,0,0,0,0
tb.dut.clusters[0].cluster.sockets[0].socket.cores[0].core.execute.alu_unit.genblk1[0].alu_int.genblk3[3]	12	66	245382	7575	3901	7575	8	3902	1378000	1750	1805,804,1025,259,1,5,0,2,0,0,0,0,0,0,0,0,0,0,0,0,0,0,0,0,0,0,0,0,0,0,0,0,0,0,0,0,0,0,0,0	782,7,2,2,2,259,768,257,255,1,2,1,1,2,1,0,782,7,0,1,2,0,768,0,0,0,0,0,0,0,0,0,0,0,0,0,0,0,0,0	2	7520	3897	7520	5	3898	1378055	1750	1825,782,1030,259,1,0,0,0,0,0,0,0,0,0,0,0,0,0,0,0,0,0,0,0,0,0,0,0,0,0,0,0,0,0,0,0,0,0,0,0	776,5,1,7,1,258,768,257,257,1,2,1,1,1,1,0,783,7,0,1,2,0,768,0,0,0,0,0,0,0,0,0,0,0,0,0,0,0,0,0
tb.dut.clusters[0].cluster.sockets[0].socket.cores[0].core.execute.alu_unit.genblk1[0].alu_int.genblk4[0]	12	98	105746	6776	3634	6776	8	3635	1378799	1750	1800,801,768,260,2,2,0,1,0,0,0,0,0,0,0,0,0,0,0,0,0,0,0,0,0,0,0,0,0,0,0,0,0,0,0,0,0,0,0,0	782,6,2,0,1,258,766,3,0,0,0,2,2,2,0,0,1034,5,1,1,2,0,768,0,0,0,0,0,0,0,0,0,0,0,0,0,0,0,0,0	2	6776	3634	6776	8	3635	1378799	1750	1800,801,768,260,2,2,0,1,0,0,0,0,0,0,0,0,0,0,0,0,0,0,0,0,0,0,0,0,0,0,0,0,0,0,0,0,0,0,0,0	782,6,2,0,1,258,766,3,0,0,0,2,2,2,0,0,1034,5,1,1,2,0,768,0,0,0,0,0,0,0,0,0,0,0,0,0,0,0,0,0
tb.dut.clusters[0].cluster.sockets[0].socket.cores[0].core.execute.alu_unit.genblk1[0].alu_int.genblk4[1]	12	98	105788	6779	3632	6779	8	3633	1378796	1750	1800,798,768,260,1,3,0,2,0,0,0,0,0,0,0,0,0,0,0,0,0,0,0,0,0,0,0,0,0,0,0,0,0,0,0,0,0,0,0,0	781,6,2,0,1,258,767,2,0,0,1,2,1,2,0,0,1034,5,0,1,2,0,768,0,0,0,0,0,0,0,0,0,0,0,0,0,0,0,0,0	2	6779	3632	6779	8	3633	1378796	1750	1800,798,768,260,1,3,0,2,0,0,0,0,0,0,0,0,0,0,0,0,0,0,0,0,0,0,0,0,0,0,0,0,0,0,0,0,0,0,0,0	781,6,2,0,1,258,767,2,0,0,1,2,1,2,0,0,1034,5,0,1,2,0,768,0,0,0,0,0,0,0,0,0,0,0,0,0,0,0,0,0
tb.dut.clusters[0].cluster.sockets[0].socket.cores[0].core.execute.alu_unit.genblk1[0].alu_int.genblk4[2]	12	98	105802	6779	3632	6779	8	3633	1378796	1750	1800,798,768,260,1,3,0,2,0,0,0,0,0,0,0,0,0,0,0,0,0,0,0,0,0,0,0,0,0,0,0,0,0,0,0,0,0,0,0,0	781,6,2,0,1,258,767,2,0,0,1,2,1,2,0,0,1034,5,0,1,2,0,768,0,0,0,0,0,0,0,0,0,0,0,0,0,0,0,0,0	2	6779	3632	6779	8	3633	1378796	1750	1800,798,768,260,1,3,0,2,0,0,0,0,0,0,0,0,0,0,0,0,0,0,0,0,0,0,0,0,0,0,0,0,0,0,0,0,0,0,0,0	781,6,2,0,1,258,767,2,0,0,1,2,1,2,0,0,1034,5,0,1,2,0,768,0,0,0,0,0,0,0,0,0,0,0,0,0,0,0,0,0
tb.dut.clusters[0].cluster.sockets[0].socket.cores[0].core.execute.alu_unit.genblk1[0].alu_int.genblk4[3]	12	98	105846	6779	3632	6779	8	3633	1378796	1750	1800,798,768,260,1,3,0,2,0,0,0,0,0,0,0,0,0,0,0,0,0,0,0,0,0,0,0,0,0,0,0,0,0,0,0,0,0,0,0,0	781,6,2,0,1,258,767,2,0,0,1,2,1,2,0,0,1034,5,0,1,2,0,768,0,0,0,0,0,0,0,0,0,0,0,0,0,0,0,0,0	2	6779	3632	6779	8	3633	1378796	1750	1800,798,768,260,1,3,0,2,0,0,0,0,0,0,0,0,0,0,0,0,0,0,0,0,0,0,0,0,0,0,0,0,0,0,0,0,0,0,0,0	781,6,2,0,1,258,767,2,0,0,1,2,1,2,0,0,1034,5,0,1,2,0,768,0,0,0,0,0,0,0,0,0,0,0,0,0,0,0,0,0
tb.dut.clusters[0].cluster.sockets[0].socket.cores[0].core.execute.alu_unit.genblk1[0].alu_int.genblk6[0]	12	64	13830	6720	3102	6720	8	3103	1378855	1778	1040,776,1025,257,1,2,0,1,0,0,0,0,0,0,0,0,0,0,0,0,0,0,0,0,0,0,0,0,0,0,0,0,0,0,0,0,0,0,0,0	767,2,1,2,2,257,767,257,255,1,2,2,1,1,1,0,8,4,1,2,2,0,768,0,0,0,0,0,0,0,0,0,0,0,0,0,0,0,0,0	2	6715	3105	6715	5	3106	1378860	1778	1042,777,1027,257,2,0,0,0,0,0,0,0,0,0,0,0,0,0,0,0,0,0,0,0,0,0,0,0,0,0,0,0,0,0,0,0,0,0,0,0	768,4,1,2,2,257,767,257,255,1,2,2,1,1,1,0,8,4,1,2,2,0,768,0,0,0,0,0,0,0,0,0,0,0,0,0,0,0,0,0
tb.dut.clusters[0].cluster.sockets[0].socket.cores[0].core.execute.alu_unit.genblk1[0].alu_int.genblk6[1]	12	64	13824	6713	3100	6713	8	3101	1378862	1778	1041,773,1026,257,0,2,0,1,0,0,0,0,0,0,0,0,0,0,0,0,0,0,0,0,0,0,0,0,0,0,0,0,0,0,0,0,0,0,0,0	766,2,1,2,2,257,767,257,255,0,3,1,1,1,1,0,7,5,1,2,2,0,768,0,0,0,0,0,0,0,0,0,0,0,0,0,0,0,0,0	2	6708	3103	6708	5	3104	1378867	1778	1043,774,1028,257,1,0,0,0,0,0,0,0,0,0,0,0,0,0,0,0,0,0,0,0,0,0,0,0,0,0,0,0,0,0,0,0,0,0,0,0	767,4,1,2,2,257,767,257,255,0,3,1,1,1,1,0,7,5,1,2,2,0,768,0,0,0,0,0,0,0,0,0,0,0,0,0,0,0,0,0
tb.dut.clusters[0].cluster.sockets[0].socket.cores[0].core.execute.alu_unit.genblk1[0].alu_int.genblk6[2]	12	64	13880	6713	3100	6713	8	3101	1378862	1778	1041,773,1026,257,0,2,0,1,0,0,0,0,0,0,0,0,0,0,0,0,0,0,0,0,0,0,0,0,0,0,0,0,0,0,0,0,0,0,0,0	766,2,1,2,2,257,767,257,255,0,3,1,1,1,1,0,7,5,1,2,2,0,768,0,0,0,0,0,0,0,0,0,0,0,0,0,0,0,0,0	2	6709	3102	6709	6	3103	1378866	1778	1042,774,1028,256,1,1,0,0,0,0,0,0,0,0,0,0,0,0,0,0,0,0,0,0,0,0,0,0,0,0,0,0,0,0,0,0,0,0,0,0	767,3,1,2,2,257,767,257,255,0,3,1,1,1,1,0,7,5,1,2,2,0,768,0,0,0,0,0,0,0,0,0,0,0,0,0,0,0,0,0
tb.dut.clusters[0].cluster.sockets[0].socket.cores[0].core.execute.alu_unit.genblk1[0].alu_int.genblk6[3]	12	64	13746	6713	3100	6713	8	3101	1378862	1778	1041,773,1026,257,0,2,0,1,0,0,0,0,0,0,0,0,0,0,0,0,0,0,0,0,0,0,0,0,0,0,0,0,0,0,0,0,0,0,0,0	766,2,1,2,2,257,767,257,255,0,3,1,1,1,1,0,7,5,1,2,2,0,768,0,0,0,0,0,0,0,0,0,0,0,0,0,0,0,0,0	2	6707	3102	6707	6	3103	1378868	1778	1043,774,1026,258,0,1,0,0,0,0,0,0,0,0,0,0,0,0,0,0,0,0,0,0,0,0,0,0,0,0,0,0,0,0,0,0,0,0,0,0	767,3,1,2,1,257,767,258,255,0,3,1,1,1,1,0,7,5,1,2,2,0,768,0,0,0,0,0,0,0,0,0,0,0,0,0,0,0,0,0
tb.dut.clusters[0].cluster.sockets[0].socket.cores[0].core.execute.alu_unit.genblk1[0].int_commit_if	11	242	305946	16811	4158	16811	8	4158	1368764	1738	2,557,774,1790,4,1026,3,2,0,0,0,0,0,0,0,0,0,0,0,0,0,0,0,0,0,0,0,0,0,0,0,0,0,0,0,0,0,0,0,0	272,7,4,257,2,2046,4,2,0,1,0,0,1,3,0,0,782,6,1,0,2,0,768,0,0,0,0,0,0,0,0,0,0,0,0,0,0,0,0,0	2	14501	6468	14501	8	6468	1371074	1738	3083,1325,5,1790,2,260,1,2,0,0,0,0,0,0,0,0,0,0,0,0,0,0,0,0,0,0,0,0,0,0,0,0,0,0,0,0,0,0,0,0	2582,7,4,257,2,2046,4,2,0,1,0,0,1,3,0,0,782,6,1,0,2,0,768,0,0,0,0,0,0,0,0,0,0,0,0,0,0,0,0,0
tb.dut.clusters[0].cluster.sockets[0].socket.cores[0].core.execute.alu_unit.genblk1[0].int_execute_if	11	541	517596	16813	4159	16813	8	4159	1368762	1738	2,558,774,1790,4,1026,3,2,0,0,0,0,0,0,0,0,0,0,0,0,0,0,0,0,0,0,0,0,0,0,0,0,0,0,0,0,0,0,0,0	273,8,3,257,2,2046,4,2,0,1,0,0,1,3,0,0,782,6,1,0,2,0,768,0,0,0,0,0,0,0,0,0,0,0,0,0,0,0,0,0	3	9624	4667	9624	8	4668	1375951	1740	2313,1061,260,768,257,6,0,2,0,0,0,0,0,0,0,0,0,0,0,0,0,0,0,0,0,0,0,0,0,0,0,0,0,0,0,0,0,0,0,0	781,8,2,3,2,1024,258,257,766,1,2,1,1,3,0,0,781,7,1,0,2,0,768,0,0,0,0,0,0,0,0,0,0,0,0,0,0,0,0,0
tb.dut.clusters[0].cluster.sockets[0].socket.cores[0].core.execute.alu_unit.genblk1[0].muldiv_commit_if	11	242	10898	10898	6730	10898	8	6730	1374677	1738	4887,557,258,1024,1,1,0,2,0,0,0,0,0,0,0,0,0,0,0,0,0,0,0,0,0,0,0,0,0,0,0,0,0,0,0,0,0,0,0,0	1047,1030,9,1025,3,2046,4,2,0,1,0,0,1,3,0,0,782,6,1,0,2,0,768,0,0,0,0,0,0,0,0,0,0,0,0,0,0,0,0,0	2	0	0	0	0	1	1385575	1385575	0,0,0,0,0,0,0,0,0,0,0,0,0,0,0,0,0,0,0,0,0,0,0,0,0,0,0,0,0,0,0,0,0,0,0,0,0,0,0,0	0,0,0,0,0,0,0,0,0,0,0,0,0,0,0,0,0,0,0,0,0,0,0,0,0,0,0,0,0,0,0,0,1,0,0,0,0,0,0,0
tb.dut.clusters[0].cluster.sockets[0].socket.cores[0].core.execute.alu_unit.genblk1[0].muldiv_execute_if	11	541	506692	16808	4156	16808	8	4157	1368767	1738	0,557,774,1790,4,1027,2,2,0,0,0,0,0,0,0,0,0,0,0,0,0,0,0,0,0,0,0,0,0,0,0,0,0,0,0,0,0,0,0,0	272,7,3,257,1,2047,4,2,0,1,0,0,1,3,0,0,782,6,1,0,2,0,768,0,0,0,0,0,0,0,0,0,0,0,0,0,0,0,0,0	3	7576	3901	7576	8	3902	1377999	1750	1804,805,1025,259,1,5,0,2,0,0,0,0,0,0,0,0,0,0,0,0,0,0,0,0,0,0,0,0,0,0,0,0,0,0,0,0,0,0,0,0	782,7,2,2,2,259,768,257,255,1,2,1,1,2,1,0,782,7,0,1,2,0,768,0,0,0,0,0,0,0,0,0,0,0,0,0,0,0,0,0
tb.dut.clusters[0].cluster.sockets[0].socket.cores[0].core.execute.alu_unit.genblk1[0].muldiv_unit	11	2378	1612020	32317	3907	32317	25	3907	1353258	1734	2,25,16,0,1,269,771,1531,4,1280,1,4,0,0,1,0,2,0,0,0,0,0,0,0,0,0,0,0,0,0,0,0,0,0,0,0,0,0,0,0	289,2047,4,2,0,1,0,0,1,3,0,0,4,3,0,0,779,3,1,0,2,0,768,0,0,0,0,0,0,0,0,0,0,0,0,0,0,0,0,0	12	12177	6198	12177	10	6199	1373398	1747	2572,1568,1790,259,2,3,0,2,1,1,0,0,0,0,0,0,0,0,0,0,0,0,0,0,0,0,0,0,0,0,0,0,0,0,0,0,0,0,0,0	2312,10,1538,2,2,258,2,255,255,0,2,2,1,2,1,0,779,7,0,1,2,0,768,0,0,0,0,0,0,0,0,0,0,0,0,0,0,0,0,0
tb.dut.clusters[0].cluster.sockets[0].socket.cores[0].core.execute.alu_unit.genblk1[0].muldiv_unit.commit_if	12	242	10898	10898	6730	10898	8	6730	1374677	1738	4887,557,258,1024,1,1,0,2,0,0,0,0,0,0,0,0,0,0,0,0,0,0,0,0,0,0,0,0,0,0,0,0,0,0,0,0,0,0,0,0	1047,1030,9,1025,3,2046,4,2,0,1,0,0,1,3,0,0,782,6,1,0,2,0,768,0,0,0,0,0,0,0,0,0,0,0,0,0,0,0,0,0	2	0	0	0	0	1	1385575	1385575	0,0,0,0,0,0,0,0,0,0,0,0,0,0,0,0,0,0,0,0,0,0,0,0,0,0,0,0,0,0,0,0,0,0,0,0,0,0,0,0	0,0,0,0,0,0,0,0,0,0,0,0,0,0,0,0,0,0,0,0,0,0,0,0,0,0,0,0,0,0,0,0,1,0,0,0,0,0,0,0
tb.dut.clusters[0].cluster.sockets[0].socket.cores[0].core.execute.alu_unit.genblk1[0].muldiv_unit.execute_if	12	541	506692	16808	4156	16808	8	4157	1368767	1738	0,557,774,1790,4,1027,2,2,0,0,0,0,0,0,0,0,0,0,0,0,0,0,0,0,0,0,0,0,0,0,0,0,0,0,0,0,0,0,0,0	272,7,3,257,1,2047,4,2,0,1,0,0,1,3,0,0,782,6,1,0,2,0,768,0,0,0,0,0,0,0,0,0,0,0,0,0,0,0,0,0	3	7576	3901	7576	8	3902	1377999	1750	1804,805,1025,259,1,5,0,2,0,0,0,0,0,0,0,0,0,0,0,0,0,0,0,0,0,0,0,0,0,0,0,0,0,0,0,0,0,0,0,0	782,7,2,2,2,259,768,257,255,1,2,1,1,2,1,0,782,7,0,1,2,0,768,0,0,0,0,0,0,0,0,0,0,0,0,0,0,0,0,0
tb.dut.clusters[0].cluster.sockets[0].socket.cores[0].core.execute.alu_unit.genblk1[0].muldiv_unit.genblk2[0]	12	66	67726	6789	3637	6789	8	3638	1378786	1750	1799,804,768,259,2,4,0,1,0,0,0,0,0,0,0,0,0,0,0,0,0,0,0,0,0,0,0,0,0,0,0,0,0,0,0,0,0,0,0,0	783,6,2,0,1,259,767,3,0,0,0,1,2,2,0,0,1034,6,1,1,2,0,768,0,0,0,0,0,0,0,0,0,0,0,0,0,0,0,0,0	2	5699	3371	5699	5	3372	1379876	1751	1689,1166,387,128,1,0,0,0,0,0,0,0,0,0,0,0,0,0,0,0,0,0,0,0,0,0,0,0,0,0,0,0,0,0,0,0,0,0,0,0	774,2,0,6,1,129,766,2,3,0,0,1,1,1,0,1,779,133,2,1,2,0,768,0,0,0,0,0,0,0,0,0,0,0,0,0,0,0,0,0
tb.dut.clusters[0].cluster.sockets[0].socket.cores[0].core.execute.alu_unit.genblk1[0].muldiv_unit.genblk2[1]	12	66	67750	6792	3635	6792	8	3636	1378783	1750	1799,801,768,259,1,5,0,2,0,0,0,0,0,0,0,0,0,0,0,0,0,0,0,0,0,0,0,0,0,0,0,0,0,0,0,0,0,0,0,0	782,6,2,0,1,259,768,2,0,0,1,1,1,2,0,0,1034,6,0,1,2,0,768,0,0,0,0,0,0,0,0,0,0,0,0,0,0,0,0,0	2	5704	3371	5704	5	3372	1379871	1751	1688,1165,387,130,1,0,0,0,0,0,0,0,0,0,0,0,0,0,0,0,0,0,0,0,0,0,0,0,0,0,0,0,0,0,0,0,0,0,0,0	773,3,1,6,1,129,766,2,3,0,0,1,2,1,0,0,780,132,1,1,2,0,768,0,0,0,0,0,0,0,0,0,0,0,0,0,0,0,0,0
tb.dut.clusters[0].cluster.sockets[0].socket.cores[0].core.execute.alu_unit.genblk1[0].muldiv_unit.genblk2[2]	12	66	67756	6792	3635	6792	8	3636	1378783	1750	1799,801,768,259,1,5,0,2,0,0,0,0,0,0,0,0,0,0,0,0,0,0,0,0,0,0,0,0,0,0,0,0,0,0,0,0,0,0,0,0	782,6,2,0,1,259,768,2,0,0,1,1,1,2,0,0,1034,6,0,1,2,0,768,0,0,0,0,0,0,0,0,0,0,0,0,0,0,0,0,0	2	5705	3371	5705	5	3372	1379870	1751	1688,1164,388,130,1,0,0,0,0,0,0,0,0,0,0,0,0,0,0,0,0,0,0,0,0,0,0,0,0,0,0,0,0,0,0,0,0,0,0,0	773,3,1,6,1,129,767,1,3,0,0,1,2,1,0,0,780,132,1,1,2,0,768,0,0,0,0,0,0,0,0,0,0,0,0,0,0,0,0,0
tb.dut.clusters[0].cluster.sockets[0].socket.cores[0].core.execute.alu_unit.genblk1[0].muldiv_unit.genblk2[3]	12	66	67784	6792	3635	6792	8	3636	1378783	1750	1799,801,768,259,1,5,0,2,0,0,0,0,0,0,0,0,0,0,0,0,0,0,0,0,0,0,0,0,0,0,0,0,0,0,0,0,0,0,0,0	782,6,2,0,1,259,768,2,0,0,1,1,1,2,0,0,1034,6,0,1,2,0,768,0,0,0,0,0,0,0,0,0,0,0,0,0,0,0,0,0	2	5710	3373	5710	5	3374	1379865	1751	1689,1163,390,130,1,0,0,0,0,0,0,0,0,0,0,0,0,0,0,0,0,0,0,0,0,0,0,0,0,0,0,0,0,0,0,0,0,0,0,0	774,4,1,6,1,129,768,1,2,0,1,1,1,1,0,0,780,132,1,1,2,0,768,0,0,0,0,0,0,0,0,0,0,0,0,0,0,0,0,0
tb.dut.clusters[0].cluster.sockets[0].socket.cores[0].core.execute.alu_unit.per_block_commit_if[0]	10	242	439936	16819	4155	16819	9	4156	1368756	1738	1,555,773,1787,7,1025,3,1,3,0,0,0,0,0,0,0,0,0,0,0,0,0,0,0,0,0,0,0,0,0,0,0,0,0,0,0,0,0,0,0	270,9,2,258,2,2045,4,2,0,1,0,0,1,3,0,0,782,6,1,0,2,0,768,0,0,0,0,0,0,0,0,0,0,0,0,0,0,0,0,0	2	14498	6476	14498	8	6477	1371077	1738	3090,1324,13,1787,2,258,1,1,0,0,0,0,0,0,0,0,0,0,0,0,0,0,0,0,0,0,0,0,0,0,0,0,0,0,0,0,0,0,0,0	2591,9,2,258,2,2045,4,2,0,1,0,0,1,3,0,0,782,6,1,0,2,0,768,0,0,0,0,0,0,0,0,0,0,0,0,0,0,0,0,0
tb.dut.clusters[0].cluster.sockets[0].socket.cores[0].core.execute.alu_unit.per_block_execute_if[0]	10	541	517596	16813	4159	16813	8	4159	1368762	1738	2,558,774,1790,4,1026,3,2,0,0,0,0,0,0,0,0,0,0,0,0,0,0,0,0,0,0,0,0,0,0,0,0,0,0,0,0,0,0,0,0	273,8,3,257,2,2046,4,2,0,1,0,0,1,3,0,0,782,6,1,0,2,0,768,0,0,0,0,0,0,0,0,0,0,0,0,0,0,0,0,0	3	9624	4667	9624	8	4668	1375951	1740	2313,1061,260,768,257,6,0,2,0,0,0,0,0,0,0,0,0,0,0,0,0,0,0,0,0,0,0,0,0,0,0,0,0,0,0,0,0,0,0,0	781,8,2,3,2,1024,258,257,766,1,2,1,1,3,0,0,781,7,1,0,2,0,768,0,0,0,0,0,0,0,0,0,0,0,0,0,0,0,0,0
tb.dut.clusters[0].cluster.sockets[0].socket.cores[0].core.execute.branch_ctl_if[0]	9	35	86436	16808	4157	16808	8	4158	1368767	1738	1,557,774,1790,5,1026,2,2,0,0,0,0,0,0,0,0,0,0,0,0,0,0,0,0,0,0,0,0,0,0,0,0,0,0,0,0,0,0,0,0	273,7,3,257,2,2046,4,2,0,1,0,0,1,3,0,0,782,6,1,0,2,0,768,0,0,0,0,0,0,0,0,0,0,0,0,0,0,0,0,0	2	13202	5694	13202	8	5695	1372373	1738	2318,1318,260,1533,258,5,0,2,0,0,0,0,0,0,0,0,0,0,0,0,0,0,0,0,0,0,0,0,0,0,0,0,0,0,0,0,0,0,0,0	1810,7,2,257,3,1790,3,256,1,2,1,0,1,3,0,0,781,7,1,0,2,0,768,0,0,0,0,0,0,0,0,0,0,0,0,0,0,0,0,0
tb.dut.clusters[0].cluster.sockets[0].socket.cores[0].core.execute.commit_csr_if	9	44	219636	109824	102330	109824	8	102331	1275751	327	98966,1559,263,770,767,2,0,3,0,0,0,0,0,0,0,0,0,0,0,0,0,0,0,0,0,0,0,0,0,0,0,0,0,0,0,0,0,0,0,0	2097,289,22,9,260,3850,568,1,46845,7,1,0,1,0,2,0,48377,0,1,0,1,0,0,0,0,0,0,0,0,0,0,0,0,0,0,0,0,0,0,0	2	54912	54912	54912	1	54913	1330663	333	54912,0,0,0,0,0,0,0,0,0,0,0,0,0,0,0,0,0,0,0,0,0,0,0,0,0,0,0,0,0,0,0,0,0,0,0,0,0,0,0	2330,1030,15,2,21,13,1550,1256,261,13,2,2,1,2,27,2,48384,0,1,0,1,0,0,0,0,0,0,0,0,0,0,0,0,0,0,0,0,0,0,0
tb.dut.clusters[0].cluster.sockets[0].socket.cores[0].core.execute.commit_if[0]	9	242	439936	16819	4155	16819	9	4156	1368756	1738	1,555,773,1787,7,1025,3,1,3,0,0,0,0,0,0,0,0,0,0,0,0,0,0,0,0,0,0,0,0,0,0,0,0,0,0,0,0,0,0,0	270,9,2,258,2,2045,4,2,0,1,0,0,1,3,0,0,782,6,1,0,2,0,768,0,0,0,0,0,0,0,0,0,0,0,0,0,0,0,0,0	2	14498	6476	14498	8	6477	1371077	1738	3090,1324,13,1787,2,258,1,1,0,0,0,0,0,0,0,0,0,0,0,0,0,0,0,0,0,0,0,0,0,0,0,0,0,0,0,0,0,0,0,0	2591,9,2,258,2,2045,4,2,0,1,0,0,1,3,0,0,782,6,1,0,2,0,768,0,0,0,0,0,0,0,0,0,0,0,0,0,0,0,0,0
tb.dut.clusters[0].cluster.sockets[0].socket.cores[0].core.execute.commit_if[1]	9	242	641	147	70	147	6	71	1385428	1376961	0,66,3,0,0,1,0,0,0,0,0,0,0,0,0,0,0,0,0,0,0,0,0,0,0,0,0,0,0,0,0,0,0,0,0,0,0,0,0,0	0,1,0,0,1,63,0,0,0,0,0,0,0,0,0,0,0,0,4,0,0,0,0,0,1,0,0,0,0,0,0,0,1,0,0,0,0,0,0,0	2	147	70	147	6	71	1385428	1376961	0,66,3,0,0,1,0,0,0,0,0,0,0,0,0,0,0,0,0,0,0,0,0,0,0,0,0,0,0,0,0,0,0,0,0,0,0,0,0,0	0,1,0,0,1,63,0,0,0,0,0,0,0,0,0,0,0,0,4,0,0,0,0,0,1,0,0,0,0,0,0,0,1,0,0,0,0,0,0,0
tb.dut.clusters[0].cluster.sockets[0].socket.cores[0].core.execute.commit_if[2]	9	242	135	20	6	20	5	7	1385555	1385136	0,3,0,1,2,0,0,0,0,0,0,0,0,0,0,0,0,0,0,0,0,0,0,0,0,0,0,0,0,0,0,0,0,0,0,0,0,0,0,0	1,0,0,0,0,1,0,0,0,0,0,0,1,1,0,0,1,0,0,0,1,0,0,0,0,0,0,0,0,0,0,0,1,0,0,0,0,0,0,0	2	18	8	18	5	9	1385557	1385136	3,3,0,1,1,0,0,0,0,0,0,0,0,0,0,0,0,0,0,0,0,0,0,0,0,0,0,0,0,0,0,0,0,0,0,0,0,0,0,0	3,0,0,0,0,1,0,0,0,0,0,0,1,1,0,0,1,0,0,0,1,0,0,0,0,0,0,0,0,0,0,0,1,0,0,0,0,0,0,0
tb.dut.clusters[0].cluster.sockets[0].socket.cores[0].core.execute.commit_if[3]	9	242	14539199	245927	98357	245927	8	98358	1139648	8600	4,49177,49157,3,14,0,0,2,0,0,0,0,0,0,0,0,0,0,0,0,0,0,0,0,0,0,0,0,0,0,0,0,0,0,0,0,0,0,0,0	15,19,15,2,1,0,49149,1,1,0,0,0,0,1,0,49151,1,0,0,0,1,0,0,0,0,1,0,0,0,0,0,0,0,0,0,0,0,0,0,0	2	245152	98364	245152	8	98365	1140423	8600	4,49959,48389,3,7,0,0,2,0,0,0,0,0,0,0,0,0,0,0,0,0,0,0,0,0,0,0,0,0,0,0,0,0,0,0,0,0,0,0,0	22,19,14,3,1,0,48382,768,1,0,0,0,0,1,0,49151,1,0,0,0,1,0,0,0,0,1,0,0,0,0,0,0,0,0,0,0,0,0,0,0
tb.dut.clusters[0].cluster.sockets[0].socket.cores[0].core.execute.dispatch_if[0]	9	474	517596	16813	4159	16813	8	4159	1368762	1738	2,558,774,1790,4,1026,3,2,0,0,0,0,0,0,0,0,0,0,0,0,0,0,0,0,0,0,0,0,0,0,0,0,0,0,0,0,0,0,0,0	273,8,3,257,2,2046,4,2,0,1,0,0,1,3,0,0,782,6,1,0,2,0,768,0,0,0,0,0,0,0,0,0,0,0,0,0,0,0,0,0	3	9624	4667	9624	8	4668	1375951	1740	2313,1061,260,768,257,6,0,2,0,0,0,0,0,0,0,0,0,0,0,0,0,0,0,0,0,0,0,0,0,0,0,0,0,0,0,0,0,0,0,0	781,8,2,3,2,1024,258,257,766,1,2,1,1,3,0,0,781,7,1,0,2,0,768,0,0,0,0,0,0,0,0,0,0,0,0,0,0,0,0,0
tb.dut.clusters[0].cluster.sockets[0].socket.cores[0].core.execute.dispatch_if[1]	9	474	4439	152	73	152	8	73	1385423	1376951	2,68,2,0,0,0,0,1,0,0,0,0,0,0,0,0,0,0,0,0,0,0,0,0,0,0,0,0,0,0,0,0,0,0,0,0,0,0,0,0	0,3,2,1,0,62,0,0,0,0,0,0,0,0,0,0,0,0,3,0,0,0,0,0,1,0,0,0,0,0,0,0,1,0,0,0,0,0,0,0	3	80	71	80	8	72	1385495	1376957	68,2,0,0,0,0,0,1,0,0,0,0,0,0,0,0,0,0,0,0,0,0,0,0,0,0,0,0,0,0,0,0,0,0,0,0,0,0,0,0	0,1,2,1,1,0,62,0,0,0,0,0,0,0,0,0,0,0,3,0,0,0,0,0,1,0,0,0,0,0,0,0,1,0,0,0,0,0,0,0
tb.dut.clusters[0].cluster.sockets[0].socket.cores[0].core.execute.dispatch_if[2]	9	474	135	23	8	23	5	8	1385552	1385136	1,4,0,1,2,0,0,0,0,0,0,0,0,0,0,0,0,0,0,0,0,0,0,0,0,0,0,0,0,0,0,0,0,0,0,0,0,0,0,0	1,0,1,0,0,1,0,0,0,0,0,0,0,1,0,0,2,0,0,0,1,0,0,0,0,0,0,0,0,0,0,0,1,0,0,0,0,0,0,0	3	8	5	8	3	6	1385567	1385140	3,1,1,0,0,0,0,0,0,0,0,0,0,0,0,0,0,0,0,0,0,0,0,0,0,0,0,0,0,0,0,0,0,0,0,0,0,0,0,0	0,0,0,0,0,0,0,1,0,0,0,0,0,0,0,0,3,0,0,0,1,0,0,0,0,0,0,0,0,0,0,0,1,0,0,0,0,0,0,0
tb.dut.clusters[0].cluster.sockets[0].socket.cores[0].core.execute.dispatch_if[3]	9	474	6180537	196757	98368	196757	8	98368	1188818	8627	3,98358,0,3,2,0,0,2,0,0,0,0,0,0,0,0,0,0,0,0,0,0,0,0,0,0,0,0,0,0,0,0,0,0,0,0,0,0,0,0	34,15,2,9,3,1,0,49149,0,1,0,0,0,1,0,49148,3,0,0,0,1,0,0,0,0,1,0,0,0,0,0,0,0,0,0,0,0,0,0,0	3	98444	98368	98444	8	98369	1287131	8627	98309,53,1,2,2,0,0,1,0,0,0,0,0,0,0,0,0,0,0,0,0,0,0,0,0,0,0,0,0,0,0,0,0,0,0,0,0,0,0,0	35,15,2,5,7,1,0,0,49149,0,1,0,0,0,1,0,49151,0,0,0,1,0,0,0,0,1,0,0,0,0,0,0,0,0,0,0,0,0,0,0
tb.dut.clusters[0].cluster.sockets[0].socket.cores[0].core.execute.fpu_csr_if[0]	9	13	745160	294364	98345	294364	15	98346	1091211	8600	1,784,97540,0,2,10,1,1,0,0,0,0,0,0,6,0,0,0,0,0,0,0,0,0,0,0,0,0,0,0,0,0,0,0,0,0,0,0,0,0	34,1,5,0,0,0,49150,0,1,0,0,0,1,0,48381,770,1,0,0,0,1,0,0,0,0,1,0,0,0,0,0,0,0,0,0,0,0,0,0,0	2	276167	98145	276167	4	98146	1109408	8600	6100,6081,85951,13,0,0,0,0,0,0,0,0,0,0,0,0,0,0,0,0,0,0,0,0,0,0,0,0,0,0,0,0,0,0,0,0,0,0,0,0	3,0,13,2,11,7,48286,668,1,0,0,0,0,1,38126,4745,6281,0,0,0,1,0,0,0,0,1,0,0,0,0,0,0,0,0,0,0,0,0,0,0
tb.dut.clusters[0].cluster.sockets[0].socket.cores[0].core.execute.fpu_unit	9	182049	10671752916	1376532	6	1376532	1376503	6	9043	8600	2,0,0,0,1,0,0,0,0,0,2,0,0,0,0,0,0,0,0,0,0,0,0,0,0,0,0,0,0,0,0,0,1,0,0,0,0,0,0,0	0,1,1,0,0,0,0,0,0,0,0,0,0,0,2,0,0,0,0,0,1,0,0,0,0,1,0,0,0,0,0,0,0,0,0,0,0,0,0,0	911	1081523	49212	1081523	23	49213	304052	8601	2,30,13,4,0,3,3,1,0,3,1,1,1,0,0,0,49150,0,0,0,0,0,0,0,0,0,0,0,0,0,0,0,0,0,0,0,0,0,0,0	40,14,2,1,0,49146,7,0,0,0,0,0,0,0,0,1,0,0,0,0,1,0,0,0,0,1,0,0,0,0,0,0,0,0,0,0,0,0,0,0
tb.dut.clusters[0].cluster.sockets[0].socket.cores[0].core.execute.fpu_unit.commit_if[0]	10	242	14539199	245927	98357	245927	8	98358	1139648	8600	4,49177,49157,3,14,0,0,2,0,0,0,0,0,0,0,0,0,0,0,0,0,0,0,0,0,0,0,0,0,0,0,0,0,0,0,0,0,0,0,0	15,19,15,2,1,0,49149,1,1,0,0,0,0,1,0,49151,1,0,0,0,1,0,0,0,0,1,0,0,0,0,0,0,0,0,0,0,0,0,0,0	2	245152	98364	245152	8	98365	1140423	8600	4,49959,48389,3,7,0,0,2,0,0,0,0,0,0,0,0,0,0,0,0,0,0,0,0,0,0,0,0,0,0,0,0,0,0,0,0,0,0,0,0	22,19,14,3,1,0,48382,768,1,0,0,0,0,1,0,49151,1,0,0,0,1,0,0,0,0,1,0,0,0,0,0,0,0,0,0,0,0,0,0,0
tb.dut.clusters[0].cluster.sockets[0].socket.cores[0].core.execute.fpu_unit.dispatch_if[0]	10	474	6180537	196757	98368	196757	8	98368	1188818	8627	3,98358,0,3,2,0,0,2,0,0,0,0,0,0,0,0,0,0,0,0,0,0,0,0,0,0,0,0,0,0,0,0,0,0,0,0,0,0,0,0	34,15,2,9,3,1,0,49149,0,1,0,0,0,1,0,49148,3,0,0,0,1,0,0,0,0,1,0,0,0,0,0,0,0,0,0,0,0,0,0,0	3	98444	98368	98444	8	98369	1287131	8627	98309,53,1,2,2,0,0,1,0,0,0,0,0,0,0,0,0,0,0,0,0,0,0,0,0,0,0,0,0,0,0,0,0,0,0,0,0,0,0,0	35,15,2,5,7,1,0,0,49149,0,1,0,0,0,1,0,49151,0,0,0,1,0,0,0,0,1,0,0,0,0,0,0,0,0,0,0,0,0,0,0
tb.dut.clusters[0].cluster.sockets[0].socket.cores[0].core.execute.fpu_unit.dispatch_unit	10	2375	25131940	196759	98369	196759	8	98369	1188816	8627	3,98359,0,3,2,0,0,2,0,0,0,0,0,0,0,0,0,0,0,0,0,0,0,0,0,0,0,0,0,0,0,0,0,0,0,0,0,0,0,0	34,16,1,9,3,1,0,49149,0,1,0,0,0,1,0,49149,3,0,0,0,1,0,0,0,0,1,0,0,0,0,0,0,0,0,0,0,0,0,0,0	12	98445	98368	98445	8	98369	1287130	8627	98309,53,1,2,1,1,0,1,0,0,0,0,0,0,0,0,0,0,0,0,0,0,0,0,0,0,0,0,0,0,0,0,0,0,0,0,0,0,0,0	36,14,2,5,7,1,0,0,49149,0,1,0,0,0,1,0,49151,0,0,0,1,0,0,0,0,1,0,0,0,0,0,0,0,0,0,0,0,0,0,0
tb.dut.clusters[0].cluster.sockets[0].socket.cores[0].core.execute.fpu_unit.dispatch_unit.dispatch_if[0]	11	474	6180537	196757	98368	196757	8	98368	1188818	8627	3,98358,0,3,2,0,0,2,0,0,0,0,0,0,0,0,0,0,0,0,0,0,0,0,0,0,0,0,0,0,0,0,0,0,0,0,0,0,0,0	34,15,2,9,3,1,0,49149,0,1,0,0,0,1,0,49148,3,0,0,0,1,0,0,0,0,1,0,0,0,0,0,0,0,0,0,0,0,0,0,0	3	98444	98368	98444	8	98369	1287131	8627	98309,53,1,2,2,0,0,1,0,0,0,0,0,0,0,0,0,0,0,0,0,0,0,0,0,0,0,0,0,0,0,0,0,0,0,0,0,0,0,0	35,15,2,5,7,1,0,0,49149,0,1,0,0,0,1,0,49151,0,0,0,1,0,0,0,0,1,0,0,0,0,0,0,0,0,0,0,0,0,0,0
tb.dut.clusters[0].cluster.sockets[0].socket.cores[0].core.execute.fpu_unit.dispatch_unit.execute_if[0]	11	541	6180537	196757	98368	196757	8	98368	1188818	8627	3,98358,0,3,2,0,0,2,0,0,0,0,0,0,0,0,0,0,0,0,0,0,0,0,0,0,0,0,0,0,0,0,0,0,0,0,0,0,0,0	34,15,2,9,3,1,0,49149,0,1,0,0,0,1,0,49148,3,0,0,0,1,0,0,0,0,1,0,0,0,0,0,0,0,0,0,0,0,0,0,0	3	98444	98368	98444	8	98369	1287131	8627	98309,53,1,2,2,0,0,1,0,0,0,0,0,0,0,0,0,0,0,0,0,0,0,0,0,0,0,0,0,0,0,0,0,0,0,0,0,0,0,0	35,15,2,5,7,1,0,0,49149,0,1,0,0,0,1,0,49151,0,0,0,1,0,0,0,0,1,0,0,0,0,0,0,0,0,0,0,0,0,0,0
tb.dut.clusters[0].cluster.sockets[0].socket.cores[0].core.execute.fpu_unit.dispatch_unit.genblk5[0]	11	7	341436	196759	98369	196759	8	98369	1188816	8627	3,98359,0,3,2,0,0,2,0,0,0,0,0,0,0,0,0,0,0,0,0,0,0,0,0,0,0,0,0,0,0,0,0,0,0,0,0,0,0,0	34,16,1,9,3,1,0,49149,0,1,0,0,0,1,0,49149,3,0,0,0,1,0,0,0,0,1,0,0,0,0,0,0,0,0,0,0,0,0,0,0	2	97676	97599	97676	8	97600	1287899	8627	97540,53,1,2,1,1,0,1,0,0,0,0,0,0,0,0,0,0,0,0,0,0,0,0,0,0,0,0,0,0,0,0,0,0,0,0,0,0,0,0	36,14,2,5,6,2,0,0,48380,0,1,0,0,0,1,0,49150,1,0,0,1,0,0,0,0,1,0,0,0,0,0,0,0,0,0,0,0,0,0,0
tb.dut.clusters[0].cluster.sockets[0].socket.cores[0].core.execute.fpu_unit.fpu_csr_if[0]	10	13	745160	294364	98345	294364	15	98346	1091211	8600	1,784,97540,0,2,10,1,1,0,0,0,0,0,0,6,0,0,0,0,0,0,0,0,0,0,0,0,0,0,0,0,0,0,0,0,0,0,0,0,0	34,1,5,0,0,0,49150,0,1,0,0,0,1,0,48381,770,1,0,0,0,1,0,0,0,0,1,0,0,0,0,0,0,0,0,0,0,0,0,0,0	2	276167	98145	276167	4	98146	1109408	8600	6100,6081,85951,13,0,0,0,0,0,0,0,0,0,0,0,0,0,0,0,0,0,0,0,0,0,0,0,0,0,0,0,0,0,0,0,0,0,0,0,0	3,0,13,2,11,7,48286,668,1,0,0,0,0,1,38126,4745,6281,0,0,0,1,0,0,0,0,1,0,0,0,0,0,0,0,0,0,0,0,0,0,0
tb.dut.clusters[0].cluster.sockets[0].socket.cores[0].core.execute.fpu_unit.gather_unit	10	1472	85978713	245929	98359	245929	8	98360	1139646	8600	6,49177,49157,3,14,0,0,2,0,0,0,0,0,0,0,0,0,0,0,0,0,0,0,0,0,0,0,0,0,0,0,0,0,0,0,0,0,0,0,0	16,19,16,2,0,0,49149,1,1,0,0,0,0,1,0,49151,2,0,0,0,1,0,0,0,0,1,0,0,0,0,0,0,0,0,0,0,0,0,0,0	8	245152	98364	245152	8	98365	1140423	8600	4,49959,48389,3,7,0,0,2,0,0,0,0,0,0,0,0,0,0,0,0,0,0,0,0,0,0,0,0,0,0,0,0,0,0,0,0,0,0,0,0	22,19,14,3,1,0,48382,768,1,0,0,0,0,1,0,49151,1,0,0,0,1,0,0,0,0,1,0,0,0,0,0,0,0,0,0,0,0,0,0,0
tb.dut.clusters[0].cluster.sockets[0].socket.cores[0].core.execute.fpu_unit.gather_unit.commit_in_if[0]	11	242	14539199	245927	98357	245927	8	98358	1139648	8600	4,49177,49157,3,14,0,0,2,0,0,0,0,0,0,0,0,0,0,0,0,0,0,0,0,0,0,0,0,0,0,0,0,0,0,0,0,0,0,0,0	15,19,15,2,1,0,49149,1,1,0,0,0,0,1,0,49151,1,0,0,0,1,0,0,0,0,1,0,0,0,0,0,0,0,0,0,0,0,0,0,0	2	245152	98364	245152	8	98365	1140423	8600	4,49959,48389,3,7,0,0,2,0,0,0,0,0,0,0,0,0,0,0,0,0,0,0,0,0,0,0,0,0,0,0,0,0,0,0,0,0,0,0,0	22,19,14,3,1,0,48382,768,1,0,0,0,0,1,0,49151,1,0,0,0,1,0,0,0,0,1,0,0,0,0,0,0,0,0,0,0,0,0,0,0
tb.dut.clusters[0].cluster.sockets[0].socket.cores[0].core.execute.fpu_unit.gather_unit.commit_out_if[0]	11	242	14539199	245927	98357	245927	8	98358	1139648	8600	4,49177,49157,3,14,0,0,2,0,0,0,0,0,0,0,0,0,0,0,0,0,0,0,0,0,0,0,0,0,0,0,0,0,0,0,0,0,0,0,0	15,19,15,2,1,0,49149,1,1,0,0,0,0,1,0,49151,1,0,0,0,1,0,0,0,0,1,0,0,0,0,0,0,0,0,0,0,0,0,0,0	2	245152	98364	245152	8	98365	1140423	8600	4,49959,48389,3,7,0,0,2,0,0,0,0,0,0,0,0,0,0,0,0,0,0,0,0,0,0,0,0,0,0,0,0,0,0,0,0,0,0,0,0	22,19,14,3,1,0,48382,768,1,0,0,0,0,1,0,49151,1,0,0,0,1,0,0,0,0,1,0,0,0,0,0,0,0,0,0,0,0,0,0,0
tb.dut.clusters[0].cluster.sockets[0].socket.cores[0].core.execute.fpu_unit.gather_unit.genblk5[0]	11	374	27821915	245927	98357	245927	8	98358	1139648	8600	4,49177,49157,3,14,0,0,2,0,0,0,0,0,0,0,0,0,0,0,0,0,0,0,0,0,0,0,0,0,0,0,0,0,0,0,0,0,0,0,0	15,19,15,2,1,0,49149,1,1,0,0,0,0,1,0,49151,1,0,0,0,1,0,0,0,0,1,0,0,0,0,0,0,0,0,0,0,0,0,0,0	2	245152	98364	245152	8	98365	1140423	8600	4,49959,48389,3,7,0,0,2,0,0,0,0,0,0,0,0,0,0,0,0,0,0,0,0,0,0,0,0,0,0,0,0,0,0,0,0,0,0,0,0	22,19,14,3,1,0,48382,768,1,0,0,0,0,1,0,49151,1,0,0,0,1,0,0,0,0,1,0,0,0,0,0,0,0,0,0,0,0,0,0,0
tb.dut.clusters[0].cluster.sockets[0].socket.cores[0].core.execute.fpu_unit.gather_unit.genblk5[0].commit_tmp_if	12	242	14539199	245927	98357	245927	8	98358	1139648	8600	4,49177,49157,3,14,0,0,2,0,0,0,0,0,0,0,0,0,0,0,0,0,0,0,0,0,0,0,0,0,0,0,0,0,0,0,0,0,0,0,0	15,19,15,2,1,0,49149,1,1,0,0,0,0,1,0,49151,1,0,0,0,1,0,0,0,0,1,0,0,0,0,0,0,0,0,0,0,0,0,0,0	2	245152	98364	245152	8	98365	1140423	8600	4,49959,48389,3,7,0,0,2,0,0,0,0,0,0,0,0,0,0,0,0,0,0,0,0,0,0,0,0,0,0,0,0,0,0,0,0,0,0,0,0	22,19,14,3,1,0,48382,768,1,0,0,0,0,1,0,49151,1,0,0,0,1,0,0,0,0,1,0,0,0,0,0,0,0,0,0,0,0,0,0,0
tb.dut.clusters[0].cluster.sockets[0].socket.cores[0].core.execute.fpu_unit.genblk1[0]	10	176528	10518457629	1376532	6	1376532	1376503	6	9043	8600	2,0,0,0,1,0,0,0,0,0,2,0,0,0,0,0,0,0,0,0,0,0,0,0,0,0,0,0,0,0,0,0,1,0,0,0,0,0,0,0	0,1,1,0,0,0,0,0,0,0,0,0,0,0,2,0,0,0,0,0,1,0,0,0,0,1,0,0,0,0,0,0,0,0,0,0,0,0,0,0	883	1081511	49212	1081511	23	49213	304064	8601	2,30,13,4,0,5,1,1,0,3,1,2,0,0,0,0,49150,0,0,0,0,0,0,0,0,0,0,0,0,0,0,0,0,0,0,0,0,0,0,0	38,15,3,1,0,49137,16,0,0,0,0,0,0,0,0,1,0,0,0,0,1,0,0,0,0,1,0,0,0,0,0,0,0,0,0,0,0,0,0,0
tb.dut.clusters[0].cluster.sockets[0].socket.cores[0].core.execute.fpu_unit.genblk1[0].fpu_fpnew	11	176324	10502184709	1376531	5	1376531	1376503	6	9044	8600	1,0,0,0,1,0,0,0,0,0,2,0,0,0,0,0,0,0,0,0,0,0,0,0,0,0,0,0,0,0,0,0,1,0,0,0,0,0,0,0	0,0,2,0,0,0,0,0,0,0,0,0,0,0,2,0,0,0,0,0,1,0,0,0,0,1,0,0,0,0,0,0,0,0,0,0,0,0,0,0	882	1081510	49212	1081510	23	49213	304065	8601	2,30,13,4,0,5,1,1,0,3,1,2,0,0,0,0,49150,0,0,0,0,0,0,0,0,0,0,0,0,0,0,0,0,0,0,0,0,0,0,0	38,15,3,1,0,49136,17,0,0,0,0,0,0,0,0,1,0,0,0,0,1,0,0,0,0,1,0,0,0,0,0,0,0,0,0,0,0,0,0,0
tb.dut.clusters[0].cluster.sockets[0].socket.cores[0].core.execute.fpu_unit.genblk1[0].fpu_fpnew.genblk3[0]	12	43590	2613681822	1376529	5	1376529	1376503	6	9046	8600	1,0,0,0,1,0,0,0,0,2,0,0,0,0,0,0,0,0,0,0,0,0,0,0,0,0,0,0,0,0,0,0,1,0,0,0,0,0,0,0	0,0,1,1,0,0,0,0,0,0,0,0,0,0,1,1,0,0,0,0,1,0,0,0,0,1,0,0,0,0,0,0,0,0,0,0,0,0,0,0	218	1081391	49212	1081391	23	49213	304184	8601	2,30,13,3,1,5,1,1,0,3,1,2,0,0,0,0,49150,0,0,0,0,0,0,0,0,0,0,0,0,0,0,0,0,0,0,0,0,0,0,0	39,14,3,1,0,49016,137,0,0,0,0,0,0,0,0,1,0,0,0,0,1,0,0,0,0,1,0,0,0,0,0,0,0,0,0,0,0,0,0,0
tb.dut.clusters[0].cluster.sockets[0].socket.cores[0].core.execute.fpu_unit.genblk1[0].fpu_fpnew.genblk3[0].fpnew_core	13	43581	2612821160	1376529	5	1376529	1376503	6	9046	8600	1,0,0,0,1,0,0,0,0,2,0,0,0,0,0,0,0,0,0,0,0,0,0,0,0,0,0,0,0,0,0,0,1,0,0,0,0,0,0,0	0,0,1,1,0,0,0,0,0,0,0,0,0,0,1,1,0,0,0,0,1,0,0,0,0,1,0,0,0,0,0,0,0,0,0,0,0,0,0,0	218	1081390	49212	1081390	23	49213	304185	8601	2,30,13,4,0,5,1,1,0,3,1,2,0,0,0,0,49150,0,0,0,0,0,0,0,0,0,0,0,0,0,0,0,0,0,0,0,0,0,0,0	38,15,3,1,0,49016,137,0,0,0,0,0,0,0,0,1,0,0,0,0,1,0,0,0,0,1,0,0,0,0,0,0,0,0,0,0,0,0,0,0
tb.dut.clusters[0].cluster.sockets[0].socket.cores[0].core.execute.fpu_unit.genblk1[0].fpu_fpnew.genblk3[0].fpnew_core.gen_nanbox_check[0]	14	32	0	0	0	0	0	1	1385575	1385575	0,0,0,0,0,0,0,0,0,0,0,0,0,0,0,0,0,0,0,0,0,0,0,0,0,0,0,0,0,0,0,0,0,0,0,0,0,0,0,0	0,0,0,0,0,0,0,0,0,0,0,0,0,0,0,0,0,0,0,0,0,0,0,0,0,0,0,0,0,0,0,0,1,0,0,0,0,0,0,0	2	0	0	0	0	1	1385575	1385575	0,0,0,0,0,0,0,0,0,0,0,0,0,0,0,0,0,0,0,0,0,0,0,0,0,0,0,0,0,0,0,0,0,0,0,0,0,0,0,0	0,0,0,0,0,0,0,0,0,0,0,0,0,0,0,0,0,0,0,0,0,0,0,0,0,0,0,0,0,0,0,0,1,0,0,0,0,0,0,0
tb.dut.clusters[0].cluster.sockets[0].socket.cores[0].core.execute.fpu_unit.genblk1[0].fpu_fpnew.genblk3[0].fpnew_core.gen_nanbox_check[1]	14	32	0	0	0	0	0	1	1385575	1385575	0,0,0,0,0,0,0,0,0,0,0,0,0,0,0,0,0,0,0,0,0,0,0,0,0,0,0,0,0,0,0,0,0,0,0,0,0,0,0,0	0,0,0,0,0,0,0,0,0,0,0,0,0,0,0,0,0,0,0,0,0,0,0,0,0,0,0,0,0,0,0,0,1,0,0,0,0,0,0,0	2	0	0	0	0	1	1385575	1385575	0,0,0,0,0,0,0,0,0,0,0,0,0,0,0,0,0,0,0,0,0,0,0,0,0,0,0,0,0,0,0,0,0,0,0,0,0,0,0,0	0,0,0,0,0,0,0,0,0,0,0,0,0,0,0,0,0,0,0,0,0,0,0,0,0,0,0,0,0,0,0,0,1,0,0,0,0,0,0,0
tb.dut.clusters[0].cluster.sockets[0].socket.cores[0].core.execute.fpu_unit.genblk1[0].fpu_fpnew.genblk3[0].fpnew_core.gen_nanbox_check[2]	14	32	0	0	0	0	0	1	1385575	1385575	0,0,0,0,0,0,0,0,0,0,0,0,0,0,0,0,0,0,0,0,0,0,0,0,0,0,0,0,0,0,0,0,0,0,0,0,0,0,0,0	0,0,0,0,0,0,0,0,0,0,0,0,0,0,0,0,0,0,0,0,0,0,0,0,0,0,0,0,0,0,0,0,1,0,0,0,0,0,0,0	2	0	0	0	0	1	1385575	1385575	0,0,0,0,0,0,0,0,0,0,0,0,0,0,0,0,0,0,0,0,0,0,0,0,0,0,0,0,0,0,0,0,0,0,0,0,0,0,0,0	0,0,0,0,0,0,0,0,0,0,0,0,0,0,0,0,0,0,0,0,0,0,0,0,0,0,0,0,0,0,0,0,1,0,0,0,0,0,0,0
tb.dut.clusters[0].cluster.sockets[0].socket.cores[0].core.execute.fpu_unit.genblk1[0].fpu_fpnew.genblk3[0].fpnew_core.gen_nanbox_check[3]	14	32	0	0	0	0	0	1	1385575	1385575	0,0,0,0,0,0,0,0,0,0,0,0,0,0,0,0,0,0,0,0,0,0,0,0,0,0,0,0,0,0,0,0,0,0,0,0,0,0,0,0	0,0,0,0,0,0,0,0,0,0,0,0,0,0,0,0,0,0,0,0,0,0,0,0,0,0,0,0,0,0,0,0,1,0,0,0,0,0,0,0	2	0	0	0	0	1	1385575	1385575	0,0,0,0,0,0,0,0,0,0,0,0,0,0,0,0,0,0,0,0,0,0,0,0,0,0,0,0,0,0,0,0,0,0,0,0,0,0,0,0	0,0,0,0,0,0,0,0,0,0,0,0,0,0,0,0,0,0,0,0,0,0,0,0,0,0,0,0,0,0,0,0,1,0,0,0,0,0,0,0
tb.dut.clusters[0].cluster.sockets[0].socket.cores[0].core.execute.fpu_unit.genblk1[0].fpu_fpnew.genblk3[0].fpnew_core.gen_nanbox_check[4]	14	32	0	0	0	0	0	1	1385575	1385575	0,0,0,0,0,0,0,0,0,0,0,0,0,0,0,0,0,0,0,0,0,0,0,0,0,0,0,0,0,0,0,0,0,0,0,0,0,0,0,0	0,0,0,0,0,0,0,0,0,0,0,0,0,0,0,0,0,0,0,0,0,0,0,0,0,0,0,0,0,0,0,0,1,0,0,0,0,0,0,0	2	0	0	0	0	1	1385575	1385575	0,0,0,0,0,0,0,0,0,0,0,0,0,0,0,0,0,0,0,0,0,0,0,0,0,0,0,0,0,0,0,0,0,0,0,0,0,0,0,0	0,0,0,0,0,0,0,0,0,0,0,0,0,0,0,0,0,0,0,0,0,0,0,0,0,0,0,0,0,0,0,0,1,0,0,0,0,0,0,0
tb.dut.clusters[0].cluster.sockets[0].socket.cores[0].core.execute.fpu_unit.genblk1[0].fpu_fpnew.genblk3[0].fpnew_core.gen_operation_groups[0]	14	7400	7402657	147664	98345	147664	18	98346	1237911	8627	49164,49168,2,0,1,0,0,2,0,0,0,0,0,1,1,0,6,0,0,0,0,0,0,0,0,0,0,0,0,0,0,0,0,0,0,0,0,0,0,0	18,19,2,0,2,0,0,1,49148,0,1,0,0,1,0,49149,3,0,0,0,1,0,0,0,0,1,0,0,0,0,0,0,0,0,0,0,0,0,0,0	37	97594	97496	97594	15	97497	1287981	8627	97470,8,5,0,0,6,6,0,0,0,0,0,0,0,1,0,0,0,0,0,0,0,0,0,0,0,0,0,0,0,0,0,0,0,0,0,0,0,0,0	17,1,0,0,0,0,0,0,48339,0,0,5,4,0,1,0,49094,33,0,1,1,0,0,0,0,1,0,0,0,0,0,0,0,0,0,0,0,0,0,0
tb.dut.clusters[0].cluster.sockets[0].socket.cores[0].core.execute.fpu_unit.genblk1[0].fpu_fpnew.genblk3[0].fpnew_core.gen_operation_groups[0].i_opgroup_block	15	7352	7402591	147664	98345	147664	18	98346	1237911	8627	49164,49168,2,0,1,0,0,2,0,0,0,0,0,1,1,0,6,0,0,0,0,0,0,0,0,0,0,0,0,0,0,0,0,0,0,0,0,0,0,0	18,19,2,0,2,0,0,1,49148,0,1,0,0,1,0,49149,3,0,0,0,1,0,0,0,0,1,0,0,0,0,0,0,0,0,0,0,0,0,0,0	37	97594	97496	97594	15	97497	1287981	8627	97470,8,5,0,0,6,6,0,0,0,0,0,0,0,1,0,0,0,0,0,0,0,0,0,0,0,0,0,0,0,0,0,0,0,0,0,0,0,0,0	17,1,0,0,0,0,0,0,48339,0,0,5,4,0,1,0,49094,33,0,1,1,0,0,0,0,1,0,0,0,0,0,0,0,0,0,0,0,0,0,0
tb.dut.clusters[0].cluster.sockets[0].socket.cores[0].core.execute.fpu_unit.genblk1[0].fpu_fpnew.genblk3[0].fpnew_core.gen_operation_groups[0].i_opgroup_block.gen_parallel_slices[0]	16	5051	5892655	147664	98345	147664	18	98346	1237911	8627	49164,49168,2,0,1,0,0,2,0,0,0,0,0,1,1,0,6,0,0,0,0,0,0,0,0,0,0,0,0,0,0,0,0,0,0,0,0,0,0,0	18,19,2,0,2,0,0,1,49148,0,1,0,0,1,0,49149,3,0,0,0,1,0,0,0,0,1,0,0,0,0,0,0,0,0,0,0,0,0,0,0	26	98154	98056	98154	15	98057	1287421	8627	98030,8,5,0,0,6,6,0,0,0,0,0,0,0,1,0,0,0,0,0,0,0,0,0,0,0,0,0,0,0,0,0,0,0,0,0,0,0,0,0	17,1,0,0,0,0,0,0,48885,0,0,5,4,0,1,0,49126,14,2,0,1,0,0,0,0,1,0,0,0,0,0,0,0,0,0,0,0,0,0,0
tb.dut.clusters[0].cluster.sockets[0].socket.cores[0].core.execute.fpu_unit.genblk1[0].fpu_fpnew.genblk3[0].fpnew_core.gen_operation_groups[0].i_opgroup_block.gen_parallel_slices[0].active_format	17	5049	5892655	147664	98345	147664	18	98346	1237911	8627	49164,49168,2,0,1,0,0,2,0,0,0,0,0,1,1,0,6,0,0,0,0,0,0,0,0,0,0,0,0,0,0,0,0,0,0,0,0,0,0,0	18,19,2,0,2,0,0,1,49148,0,1,0,0,1,0,49149,3,0,0,0,1,0,0,0,0,1,0,0,0,0,0,0,0,0,0,0,0,0,0,0	26	98154	98056	98154	15	98057	1287421	8627	98030,8,5,0,0,6,6,0,0,0,0,0,0,0,1,0,0,0,0,0,0,0,0,0,0,0,0,0,0,0,0,0,0,0,0,0,0,0,0,0	17,1,0,0,0,0,0,0,48885,0,0,5,4,0,1,0,49126,14,2,0,1,0,0,0,0,1,0,0,0,0,0,0,0,0,0,0,0,0,0,0
tb.dut.clusters[0].cluster.sockets[0].socket.cores[0].core.execute.fpu_unit.genblk1[0].fpu_fpnew.genblk3[0].fpnew_core.gen_operation_groups[0].i_opgroup_block.gen_parallel_slices[0].active_format.i_fmt_slice	18	5015	5892586	147664	98345	147664	18	98346	1237911	8627	49164,49168,2,0,1,0,0,2,0,0,0,0,0,1,1,0,6,0,0,0,0,0,0,0,0,0,0,0,0,0,0,0,0,0,0,0,0,0,0,0	18,19,2,0,2,0,0,1,49148,0,1,0,0,1,0,49149,3,0,0,0,1,0,0,0,0,1,0,0,0,0,0,0,0,0,0,0,0,0,0,0	26	98154	98056	98154	15	98057	1287421	8627	98030,8,5,0,0,6,6,0,0,0,0,0,0,0,1,0,0,0,0,0,0,0,0,0,0,0,0,0,0,0,0,0,0,0,0,0,0,0,0,0	17,1,0,0,0,0,0,0,48885,0,0,5,4,0,1,0,49126,14,2,0,1,0,0,0,0,1,0,0,0,0,0,0,0,0,0,0,0,0,0,0
tb.dut.clusters[0].cluster.sockets[0].socket.cores[0].core.execute.fpu_unit.genblk1[0].fpu_fpnew.genblk3[0].fpnew_core.gen_operation_groups[0].i_opgroup_block.gen_parallel_slices[0].active_format.i_fmt_slice.gen_num_lanes[0]	19	4401	4389497	147664	98345	147664	18	98346	1237911	8627	49164,49168,2,0,1,0,0,2,0,0,0,0,0,1,1,0,6,0,0,0,0,0,0,0,0,0,0,0,0,0,0,0,0,0,0,0,0,0,0,0	18,19,2,0,2,0,0,1,49148,0,1,0,0,1,0,49149,3,0,0,0,1,0,0,0,0,1,0,0,0,0,0,0,0,0,0,0,0,0,0,0	23	97594	97496	97594	15	97497	1287981	8627	97470,8,5,0,0,6,6,0,0,0,0,0,0,0,1,0,0,0,0,0,0,0,0,0,0,0,0,0,0,0,0,0,0,0,0,0,0,0,0,0	17,1,0,0,0,0,0,0,48339,0,0,5,4,0,1,0,49094,33,0,1,1,0,0,0,0,1,0,0,0,0,0,0,0,0,0,0,0,0,0,0
tb.dut.clusters[0].cluster.sockets[0].socket.cores[0].core.execute.fpu_unit.genblk1[0].fpu_fpnew.genblk3[0].fpnew_core.gen_operation_groups[0].i_opgroup_block.gen_parallel_slices[0].active_format.i_fmt_slice.gen_num_lanes[0].active_lane	20	4368	4387903	147664	98345	147664	18	98346	1237911	8627	49164,49168,2,0,1,0,0,2,0,0,0,0,0,1,1,0,6,0,0,0,0,0,0,0,0,0,0,0,0,0,0,0,0,0,0,0,0,0,0,0	18,19,2,0,2,0,0,1,49148,0,1,0,0,1,0,49149,3,0,0,0,1,0,0,0,0,1,0,0,0,0,0,0,0,0,0,0,0,0,0,0	22	97572	97510	97572	15	97511	1288003	8627	97478,23,5,0,0,3,0,0,0,0,0,0,0,0,1,0,0,0,0,0,0,0,0,0,0,0,0,0,0,0,0,0,0,0,0,0,0,0,0,0	31,1,0,0,0,0,0,0,48339,0,0,5,3,0,2,0,49094,33,0,1,1,0,0,0,0,1,0,0,0,0,0,0,0,0,0,0,0,0,0,0
tb.dut.clusters[0].cluster.sockets[0].socket.cores[0].core.execute.fpu_unit.genblk1[0].fpu_fpnew.genblk3[0].fpnew_core.gen_operation_groups[0].i_opgroup_block.gen_parallel_slices[0].active_format.i_fmt_slice.gen_num_lanes[0].active_lane.lane_instance	21	4232	3000596	147664	98345	147664	18	98346	1237911	8627	49164,49168,2,0,1,0,0,2,0,0,0,0,0,1,1,0,6,0,0,0,0,0,0,0,0,0,0,0,0,0,0,0,0,0,0,0,0,0,0,0	18,19,2,0,2,0,0,1,49148,0,1,0,0,1,0,49149,3,0,0,0,1,0,0,0,0,1,0,0,0,0,0,0,0,0,0,0,0,0,0,0	22	88180	88125	88180	7	88126	1297395	8655	88090,25,7,0,0,2,1,0,0,0,0,0,0,0,0,0,0,0,0,0,0,0,0,0,0,0,0,0,0,0,0,0,0,0,0,0,0,0,0,0	33,2,0,0,0,0,0,0,39625,0,0,5,3,0,2,0,47344,1075,34,1,1,0,0,0,0,1,0,0,0,0,0,0,0,0,0,0,0,0,0,0
tb.dut.clusters[0].cluster.sockets[0].socket.cores[0].core.execute.fpu_unit.genblk1[0].fpu_fpnew.genblk3[0].fpnew_core.gen_operation_groups[0].i_opgroup_block.gen_parallel_slices[0].active_format.i_fmt_slice.gen_num_lanes[0].active_lane.lane_instance.i_fma	22	4232	3000596	147664	98345	147664	18	98346	1237911	8627	49164,49168,2,0,1,0,0,2,0,0,0,0,0,1,1,0,6,0,0,0,0,0,0,0,0,0,0,0,0,0,0,0,0,0,0,0,0,0,0,0	18,19,2,0,2,0,0,1,49148,0,1,0,0,1,0,49149,3,0,0,0,1,0,0,0,0,1,0,0,0,0,0,0,0,0,0,0,0,0,0,0	22	88180	88125	88180	7	88126	1297395	8655	88090,25,7,0,0,2,1,0,0,0,0,0,0,0,0,0,0,0,0,0,0,0,0,0,0,0,0,0,0,0,0,0,0,0,0,0,0,0,0,0	33,2,0,0,0,0,0,0,39625,0,0,5,3,0,2,0,47344,1075,34,1,1,0,0,0,0,1,0,0,0,0,0,0,0,0,0,0,0,0,0,0
tb.dut.clusters[0].cluster.sockets[0].socket.cores[0].core.execute.fpu_unit.genblk1[0].fpu_fpnew.genblk3[0].fpnew_core.gen_operation_groups[0].i_opgroup_block.gen_parallel_slices[0].active_format.i_fmt_slice.gen_num_lanes[0].active_lane.lane_instance.i_fma.gen_input_pipeline[0]	23	1	66	66	32	66	4	33	1385509	1384805	2,28,0,2,0,0,0,0,0,0,0,0,0,0,0,0,0,0,0,0,0,0,0,0,0,0,0,0,0,0,0,0,0,0,0,0,0,0,0,0	13,6,1,2,0,0,0,0,0,0,0,0,0,0,0,0,8,1,0,0,1,0,0,0,0,0,0,0,0,0,0,0,1,0,0,0,0,0,0,0	2	0	0	0	0	1	1385575	1385575	0,0,0,0,0,0,0,0,0,0,0,0,0,0,0,0,0,0,0,0,0,0,0,0,0,0,0,0,0,0,0,0,0,0,0,0,0,0,0,0	0,0,0,0,0,0,0,0,0,0,0,0,0,0,0,0,0,0,0,0,0,0,0,0,0,0,0,0,0,0,0,0,1,0,0,0,0,0,0,0
tb.dut.clusters[0].cluster.sockets[0].socket.cores[0].core.execute.fpu_unit.genblk1[0].fpu_fpnew.genblk3[0].fpnew_core.gen_operation_groups[0].i_opgroup_block.gen_parallel_slices[0].active_format.i_fmt_slice.gen_num_lanes[0].active_lane.lane_instance.i_fma.gen_inside_pipeline[0]	23	1	64	64	30	64	4	31	1385511	1384804	0,28,0,2,0,0,0,0,0,0,0,0,0,0,0,0,0,0,0,0,0,0,0,0,0,0,0,0,0,0,0,0,0,0,0,0,0,0,0,0	12,6,1,1,0,0,0,0,0,0,0,0,0,0,0,0,8,1,0,0,1,0,0,0,0,0,0,0,0,0,0,0,1,0,0,0,0,0,0,0	2	0	0	0	0	1	1385575	1385575	0,0,0,0,0,0,0,0,0,0,0,0,0,0,0,0,0,0,0,0,0,0,0,0,0,0,0,0,0,0,0,0,0,0,0,0,0,0,0,0	0,0,0,0,0,0,0,0,0,0,0,0,0,0,0,0,0,0,0,0,0,0,0,0,0,0,0,0,0,0,0,0,1,0,0,0,0,0,0,0
tb.dut.clusters[0].cluster.sockets[0].socket.cores[0].core.execute.fpu_unit.genblk1[0].fpu_fpnew.genblk3[0].fpnew_core.gen_operation_groups[0].i_opgroup_block.gen_parallel_slices[0].active_format.i_fmt_slice.gen_num_lanes[0].active_lane.lane_instance.i_fma.gen_inside_pipeline[1]	23	1	64	64	30	64	4	31	1385511	1384803	0,28,0,2,0,0,0,0,0,0,0,0,0,0,0,0,0,0,0,0,0,0,0,0,0,0,0,0,0,0,0,0,0,0,0,0,0,0,0,0	12,6,1,1,0,0,0,0,0,0,0,0,0,0,0,0,8,1,0,0,1,0,0,0,0,0,0,0,0,0,0,0,1,0,0,0,0,0,0,0	2	0	0	0	0	1	1385575	1385575	0,0,0,0,0,0,0,0,0,0,0,0,0,0,0,0,0,0,0,0,0,0,0,0,0,0,0,0,0,0,0,0,0,0,0,0,0,0,0,0	0,0,0,0,0,0,0,0,0,0,0,0,0,0,0,0,0,0,0,0,0,0,0,0,0,0,0,0,0,0,0,0,1,0,0,0,0,0,0,0
tb.dut.clusters[0].cluster.sockets[0].socket.cores[0].core.execute.fpu_unit.genblk1[0].fpu_fpnew.genblk3[0].fpnew_core.gen_operation_groups[0].i_opgroup_block.gen_parallel_slices[0].active_format.i_fmt_slice.gen_num_lanes[0].active_lane.lane_instance.i_fma.gen_output_pipeline[0]	23	1	64	64	30	64	4	31	1385511	1384802	0,28,0,2,0,0,0,0,0,0,0,0,0,0,0,0,0,0,0,0,0,0,0,0,0,0,0,0,0,0,0,0,0,0,0,0,0,0,0,0	12,6,1,1,0,0,0,0,0,0,0,0,0,0,0,0,8,1,0,0,1,0,0,0,0,0,0,0,0,0,0,0,1,0,0,0,0,0,0,0	2	0	0	0	0	1	1385575	1385575	0,0,0,0,0,0,0,0,0,0,0,0,0,0,0,0,0,0,0,0,0,0,0,0,0,0,0,0,0,0,0,0,0,0,0,0,0,0,0,0	0,0,0,0,0,0,0,0,0,0,0,0,0,0,0,0,0,0,0,0,0,0,0,0,0,0,0,0,0,0,0,0,1,0,0,0,0,0,0,0
tb.dut.clusters[0].cluster.sockets[0].socket.cores[0].core.execute.fpu_unit.genblk1[0].fpu_fpnew.genblk3[0].fpnew_core.gen_operation_groups[0].i_opgroup_block.gen_parallel_slices[0].active_format.i_fmt_slice.gen_num_lanes[0].active_lane.lane_instance.i_fma.i_class_inputs	23	374	253	32	32	32	1	33	1385543	1384805	32,0,0,0,0,0,0,0,0,0,0,0,0,0,0,0,0,0,0,0,0,0,0,0,0,0,0,0,0,0,0,0,0,0,0,0,0,0,0,0	2,12,6,1,1,0,0,0,0,0,0,0,0,0,0,0,7,2,0,0,1,0,0,0,0,0,0,0,0,0,0,0,1,0,0,0,0,0,0,0	2	32	32	32	1	33	1385543	1384805	32,0,0,0,0,0,0,0,0,0,0,0,0,0,0,0,0,0,0,0,0,0,0,0,0,0,0,0,0,0,0,0,0,0,0,0,0,0,0,0	2,12,6,1,1,0,0,0,0,0,0,0,0,0,0,0,7,2,0,0,1,0,0,0,0,0,0,0,0,0,0,0,1,0,0,0,0,0,0,0
tb.dut.clusters[0].cluster.sockets[0].socket.cores[0].core.execute.fpu_unit.genblk1[0].fpu_fpnew.genblk3[0].fpnew_core.gen_operation_groups[0].i_opgroup_block.gen_parallel_slices[0].active_format.i_fmt_slice.gen_num_lanes[0].active_lane.lane_instance.i_fma.i_class_inputs.gen_num_values[0]	24	40	111	32	32	32	1	33	1385543	1384805	32,0,0,0,0,0,0,0,0,0,0,0,0,0,0,0,0,0,0,0,0,0,0,0,0,0,0,0,0,0,0,0,0,0,0,0,0,0,0,0	2,12,6,1,1,0,0,0,0,0,0,0,0,0,0,0,7,2,0,0,1,0,0,0,0,0,0,0,0,0,0,0,1,0,0,0,0,0,0,0	2	24	24	24	1	25	1385551	1384839	24,0,0,0,0,0,0,0,0,0,0,0,0,0,0,0,0,0,0,0,0,0,0,0,0,0,0,0,0,0,0,0,0,0,0,0,0,0,0,0	1,6,6,1,1,0,0,0,0,0,0,0,0,0,0,0,7,1,0,0,1,0,0,0,0,0,0,0,0,0,0,0,1,0,0,0,0,0,0,0
tb.dut.clusters[0].cluster.sockets[0].socket.cores[0].core.execute.fpu_unit.genblk1[0].fpu_fpnew.genblk3[0].fpnew_core.gen_operation_groups[0].i_opgroup_block.gen_parallel_slices[0].active_format.i_fmt_slice.gen_num_lanes[0].active_lane.lane_instance.i_fma.i_class_inputs.gen_num_values[1]	24	40	10	1	1	1	1	2	1385574	1385085	1,0,0,0,0,0,0,0,0,0,0,0,0,0,0,0,0,0,0,0,0,0,0,0,0,0,0,0,0,0,0,0,0,0,0,0,0,0,0,0	0,0,0,0,0,0,0,0,0,0,0,0,0,0,0,0,0,0,0,0,1,0,0,0,0,0,0,0,0,0,0,0,1,0,0,0,0,0,0,0	2	1	1	1	1	2	1385574	1385085	1,0,0,0,0,0,0,0,0,0,0,0,0,0,0,0,0,0,0,0,0,0,0,0,0,0,0,0,0,0,0,0,0,0,0,0,0,0,0,0	0,0,0,0,0,0,0,0,0,0,0,0,0,0,0,0,0,0,0,0,1,0,0,0,0,0,0,0,0,0,0,0,1,0,0,0,0,0,0,0
tb.dut.clusters[0].cluster.sockets[0].socket.cores[0].core.execute.fpu_unit.genblk1[0].fpu_fpnew.genblk3[0].fpnew_core.gen_operation_groups[0].i_opgroup_block.gen_parallel_slices[0].active_format.i_fmt_slice.gen_num_lanes[0].active_lane.lane_instance.i_fma.i_class_inputs.gen_num_values[2]	24	40	4	1	1	1	1	2	1385574	1385085	1,0,0,0,0,0,0,0,0,0,0,0,0,0,0,0,0,0,0,0,0,0,0,0,0,0,0,0,0,0,0,0,0,0,0,0,0,0,0,0	0,0,0,0,0,0,0,0,0,0,0,0,0,0,0,0,0,0,0,0,1,0,0,0,0,0,0,0,0,0,0,0,1,0,0,0,0,0,0,0	2	1	1	1	1	2	1385574	1385085	1,0,0,0,0,0,0,0,0,0,0,0,0,0,0,0,0,0,0,0,0,0,0,0,0,0,0,0,0,0,0,0,0,0,0,0,0,0,0,0	0,0,0,0,0,0,0,0,0,0,0,0,0,0,0,0,0,0,0,0,1,0,0,0,0,0,0,0,0,0,0,0,1,0,0,0,0,0,0,0
tb.dut.clusters[0].cluster.sockets[0].socket.cores[0].core.execute.fpu_unit.genblk1[0].fpu_fpnew.genblk3[0].fpnew_core.gen_operation_groups[0].i_opgroup_block.gen_parallel_slices[0].active_format.i_fmt_slice.gen_num_lanes[0].active_lane.lane_instance.i_fma.i_fpnew_rounding	23	104	206	32	32	32	1	33	1385543	1384803	32,0,0,0,0,0,0,0,0,0,0,0,0,0,0,0,0,0,0,0,0,0,0,0,0,0,0,0,0,0,0,0,0,0,0,0,0,0,0,0	2,12,6,1,1,0,0,0,0,0,0,0,0,0,0,0,7,2,0,0,1,0,0,0,0,0,0,0,0,0,0,0,1,0,0,0,0,0,0,0	2	32	32	32	1	33	1385543	1384803	32,0,0,0,0,0,0,0,0,0,0,0,0,0,0,0,0,0,0,0,0,0,0,0,0,0,0,0,0,0,0,0,0,0,0,0,0,0,0,0	2,12,6,1,1,0,0,0,0,0,0,0,0,0,0,0,7,2,0,0,1,0,0,0,0,0,0,0,0,0,0,0,1,0,0,0,0,0,0,0
tb.dut.clusters[0].cluster.sockets[0].socket.cores[0].core.execute.fpu_unit.genblk1[0].fpu_fpnew.genblk3[0].fpnew_core.gen_operation_groups[0].i_opgroup_block.gen_parallel_slices[0].active_format.i_fmt_slice.gen_num_lanes[0].active_lane.lane_instance.i_fma.i_lzc	23	960	293	32	32	32	1	33	1385543	1384803	32,0,0,0,0,0,0,0,0,0,0,0,0,0,0,0,0,0,0,0,0,0,0,0,0,0,0,0,0,0,0,0,0,0,0,0,0,0,0,0	2,12,6,1,1,0,0,0,0,0,0,0,0,0,0,0,7,2,0,0,1,0,0,0,0,0,0,0,0,0,0,0,1,0,0,0,0,0,0,0	5	22	22	22	1	23	1385553	1384837	22,0,0,0,0,0,0,0,0,0,0,0,0,0,0,0,0,0,0,0,0,0,0,0,0,0,0,0,0,0,0,0,0,0,0,0,0,0,0,0	0,5,6,0,1,1,0,0,0,0,0,0,0,0,0,0,7,1,0,0,1,0,0,0,0,0,0,0,0,0,0,0,1,0,0,0,0,0,0,0
tb.dut.clusters[0].cluster.sockets[0].socket.cores[0].core.execute.fpu_unit.genblk1[0].fpu_fpnew.genblk3[0].fpnew_core.gen_operation_groups[0].i_opgroup_block.gen_parallel_slices[0].active_format.i_fmt_slice.gen_num_lanes[0].active_lane.lane_instance.i_fma.i_lzc.gen_lzc	24	837	228	32	32	32	1	33	1385543	1384803	32,0,0,0,0,0,0,0,0,0,0,0,0,0,0,0,0,0,0,0,0,0,0,0,0,0,0,0,0,0,0,0,0,0,0,0,0,0,0,0	2,12,6,1,1,0,0,0,0,0,0,0,0,0,0,0,7,2,0,0,1,0,0,0,0,0,0,0,0,0,0,0,1,0,0,0,0,0,0,0	5	19	19	19	1	20	1385556	1384872	19,0,0,0,0,0,0,0,0,0,0,0,0,0,0,0,0,0,0,0,0,0,0,0,0,0,0,0,0,0,0,0,0,0,0,0,0,0,0,0	0,4,4,0,1,2,0,0,0,0,0,0,0,0,0,0,7,0,0,0,1,0,0,0,0,0,0,0,0,0,0,0,1,0,0,0,0,0,0,0
tb.dut.clusters[0].cluster.sockets[0].socket.cores[0].core.execute.fpu_unit.genblk1[0].fpu_fpnew.genblk3[0].fpnew_core.gen_operation_groups[0].i_opgroup_block.gen_parallel_slices[1]	16	2	0	0	0	0	0	1	1385575	1385575	0,0,0,0,0,0,0,0,0,0,0,0,0,0,0,0,0,0,0,0,0,0,0,0,0,0,0,0,0,0,0,0,0,0,0,0,0,0,0,0	0,0,0,0,0,0,0,0,0,0,0,0,0,0,0,0,0,0,0,0,0,0,0,0,0,0,0,0,0,0,0,0,1,0,0,0,0,0,0,0	2	0	0	0	0	1	1385575	1385575	0,0,0,0,0,0,0,0,0,0,0,0,0,0,0,0,0,0,0,0,0,0,0,0,0,0,0,0,0,0,0,0,0,0,0,0,0,0,0,0	0,0,0,0,0,0,0,0,0,0,0,0,0,0,0,0,0,0,0,0,0,0,0,0,0,0,0,0,0,0,0,0,1,0,0,0,0,0,0,0
tb.dut.clusters[0].cluster.sockets[0].socket.cores[0].core.execute.fpu_unit.genblk1[0].fpu_fpnew.genblk3[0].fpnew_core.gen_operation_groups[0].i_opgroup_block.gen_parallel_slices[2]	16	2	0	0	0	0	0	1	1385575	1385575	0,0,0,0,0,0,0,0,0,0,0,0,0,0,0,0,0,0,0,0,0,0,0,0,0,0,0,0,0,0,0,0,0,0,0,0,0,0,0,0	0,0,0,0,0,0,0,0,0,0,0,0,0,0,0,0,0,0,0,0,0,0,0,0,0,0,0,0,0,0,0,0,1,0,0,0,0,0,0,0	2	0	0	0	0	1	1385575	1385575	0,0,0,0,0,0,0,0,0,0,0,0,0,0,0,0,0,0,0,0,0,0,0,0,0,0,0,0,0,0,0,0,0,0,0,0,0,0,0,0	0,0,0,0,0,0,0,0,0,0,0,0,0,0,0,0,0,0,0,0,0,0,0,0,0,0,0,0,0,0,0,0,1,0,0,0,0,0,0,0
tb.dut.clusters[0].cluster.sockets[0].socket.cores[0].core.execute.fpu_unit.genblk1[0].fpu_fpnew.genblk3[0].fpnew_core.gen_operation_groups[0].i_opgroup_block.gen_parallel_slices[3]	16	2	0	0	0	0	0	1	1385575	1385575	0,0,0,0,0,0,0,0,0,0,0,0,0,0,0,0,0,0,0,0,0,0,0,0,0,0,0,0,0,0,0,0,0,0,0,0,0,0,0,0	0,0,0,0,0,0,0,0,0,0,0,0,0,0,0,0,0,0,0,0,0,0,0,0,0,0,0,0,0,0,0,0,1,0,0,0,0,0,0,0	2	0	0	0	0	1	1385575	1385575	0,0,0,0,0,0,0,0,0,0,0,0,0,0,0,0,0,0,0,0,0,0,0,0,0,0,0,0,0,0,0,0,0,0,0,0,0,0,0,0	0,0,0,0,0,0,0,0,0,0,0,0,0,0,0,0,0,0,0,0,0,0,0,0,0,0,0,0,0,0,0,0,1,0,0,0,0,0,0,0
tb.dut.clusters[0].cluster.sockets[0].socket.cores[0].core.execute.fpu_unit.genblk1[0].fpu_fpnew.genblk3[0].fpnew_core.gen_operation_groups[0].i_opgroup_block.gen_parallel_slices[4]	16	2	0	0	0	0	0	1	1385575	1385575	0,0,0,0,0,0,0,0,0,0,0,0,0,0,0,0,0,0,0,0,0,0,0,0,0,0,0,0,0,0,0,0,0,0,0,0,0,0,0,0	0,0,0,0,0,0,0,0,0,0,0,0,0,0,0,0,0,0,0,0,0,0,0,0,0,0,0,0,0,0,0,0,1,0,0,0,0,0,0,0	2	0	0	0	0	1	1385575	1385575	0,0,0,0,0,0,0,0,0,0,0,0,0,0,0,0,0,0,0,0,0,0,0,0,0,0,0,0,0,0,0,0,0,0,0,0,0,0,0,0	0,0,0,0,0,0,0,0,0,0,0,0,0,0,0,0,0,0,0,0,0,0,0,0,0,0,0,0,0,0,0,0,1,0,0,0,0,0,0,0
tb.dut.clusters[0].cluster.sockets[0].socket.cores[0].core.execute.fpu_unit.genblk1[0].fpu_fpnew.genblk3[0].fpnew_core.gen_operation_groups[0].i_opgroup_block.i_arbiter	16	1510	8715	66	32	66	4	33	1385509	1384801	2,28,0,2,0,0,0,0,0,0,0,0,0,0,0,0,0,0,0,0,0,0,0,0,0,0,0,0,0,0,0,0,0,0,0,0,0,0,0,0	12,6,2,1,0,0,0,0,0,0,0,0,0,0,0,0,9,1,0,0,1,0,0,0,0,0,0,0,0,0,0,0,1,0,0,0,0,0,0,0	8	64	30	64	4	31	1385511	1384801	0,28,0,2,0,0,0,0,0,0,0,0,0,0,0,0,0,0,0,0,0,0,0,0,0,0,0,0,0,0,0,0,0,0,0,0,0,0,0,0	12,6,1,1,0,0,0,0,0,0,0,0,0,0,0,0,8,1,0,0,1,0,0,0,0,0,0,0,0,0,0,0,1,0,0,0,0,0,0,0
tb.dut.clusters[0].cluster.sockets[0].socket.cores[0].core.execute.fpu_unit.genblk1[0].fpu_fpnew.genblk3[0].fpnew_core.gen_operation_groups[0].i_opgroup_block.i_arbiter.gen_arbiter	17	1150	6094	64	30	64	4	31	1385511	1384801	0,28,0,2,0,0,0,0,0,0,0,0,0,0,0,0,0,0,0,0,0,0,0,0,0,0,0,0,0,0,0,0,0,0,0,0,0,0,0,0	12,6,1,1,0,0,0,0,0,0,0,0,0,0,0,0,8,1,0,0,1,0,0,0,0,0,0,0,0,0,0,0,1,0,0,0,0,0,0,0	6	64	30	64	4	31	1385511	1384801	0,28,0,2,0,0,0,0,0,0,0,0,0,0,0,0,0,0,0,0,0,0,0,0,0,0,0,0,0,0,0,0,0,0,0,0,0,0,0,0	12,6,1,1,0,0,0,0,0,0,0,0,0,0,0,0,8,1,0,0,1,0,0,0,0,0,0,0,0,0,0,0,1,0,0,0,0,0,0,0
tb.dut.clusters[0].cluster.sockets[0].socket.cores[0].core.execute.fpu_unit.genblk1[0].fpu_fpnew.genblk3[0].fpnew_core.gen_operation_groups[0].i_opgroup_block.i_arbiter.gen_arbiter.gen_int_rr	18	340	640	64	30	64	4	31	1385511	1384801	0,28,0,2,0,0,0,0,0,0,0,0,0,0,0,0,0,0,0,0,0,0,0,0,0,0,0,0,0,0,0,0,0,0,0,0,0,0,0,0	12,6,1,1,0,0,0,0,0,0,0,0,0,0,0,0,8,1,0,0,1,0,0,0,0,0,0,0,0,0,0,0,1,0,0,0,0,0,0,0	2	64	30	64	4	31	1385511	1384801	0,28,0,2,0,0,0,0,0,0,0,0,0,0,0,0,0,0,0,0,0,0,0,0,0,0,0,0,0,0,0,0,0,0,0,0,0,0,0,0	12,6,1,1,0,0,0,0,0,0,0,0,0,0,0,0,8,1,0,0,1,0,0,0,0,0,0,0,0,0,0,0,1,0,0,0,0,0,0,0
tb.dut.clusters[0].cluster.sockets[0].socket.cores[0].core.execute.fpu_unit.genblk1[0].fpu_fpnew.genblk3[0].fpnew_core.gen_operation_groups[0].i_opgroup_block.i_arbiter.gen_arbiter.gen_int_rr.gen_fair_arb	19	337	640	64	30	64	4	31	1385511	1384801	0,28,0,2,0,0,0,0,0,0,0,0,0,0,0,0,0,0,0,0,0,0,0,0,0,0,0,0,0,0,0,0,0,0,0,0,0,0,0,0	12,6,1,1,0,0,0,0,0,0,0,0,0,0,0,0,8,1,0,0,1,0,0,0,0,0,0,0,0,0,0,0,1,0,0,0,0,0,0,0	2	64	30	64	4	31	1385511	1384801	0,28,0,2,0,0,0,0,0,0,0,0,0,0,0,0,0,0,0,0,0,0,0,0,0,0,0,0,0,0,0,0,0,0,0,0,0,0,0,0	12,6,1,1,0,0,0,0,0,0,0,0,0,0,0,0,8,1,0,0,1,0,0,0,0,0,0,0,0,0,0,0,1,0,0,0,0,0,0,0
tb.dut.clusters[0].cluster.sockets[0].socket.cores[0].core.execute.fpu_unit.genblk1[0].fpu_fpnew.genblk3[0].fpnew_core.gen_operation_groups[0].i_opgroup_block.i_arbiter.gen_arbiter.gen_int_rr.gen_fair_arb.i_lzc_lower	20	158	576	64	30	64	4	31	1385511	1384801	0,28,0,2,0,0,0,0,0,0,0,0,0,0,0,0,0,0,0,0,0,0,0,0,0,0,0,0,0,0,0,0,0,0,0,0,0,0,0,0	12,6,1,1,0,0,0,0,0,0,0,0,0,0,0,0,8,1,0,0,1,0,0,0,0,0,0,0,0,0,0,0,1,0,0,0,0,0,0,0	2	64	30	64	4	31	1385511	1384801	0,28,0,2,0,0,0,0,0,0,0,0,0,0,0,0,0,0,0,0,0,0,0,0,0,0,0,0,0,0,0,0,0,0,0,0,0,0,0,0	12,6,1,1,0,0,0,0,0,0,0,0,0,0,0,0,8,1,0,0,1,0,0,0,0,0,0,0,0,0,0,0,1,0,0,0,0,0,0,0
tb.dut.clusters[0].cluster.sockets[0].socket.cores[0].core.execute.fpu_unit.genblk1[0].fpu_fpnew.genblk3[0].fpnew_core.gen_operation_groups[0].i_opgroup_block.i_arbiter.gen_arbiter.gen_int_rr.gen_fair_arb.i_lzc_lower.gen_lzc	21	84	448	64	30	64	4	31	1385511	1384801	0,28,0,2,0,0,0,0,0,0,0,0,0,0,0,0,0,0,0,0,0,0,0,0,0,0,0,0,0,0,0,0,0,0,0,0,0,0,0,0	12,6,1,1,0,0,0,0,0,0,0,0,0,0,0,0,8,1,0,0,1,0,0,0,0,0,0,0,0,0,0,0,1,0,0,0,0,0,0,0	2	64	30	64	4	31	1385511	1384801	0,28,0,2,0,0,0,0,0,0,0,0,0,0,0,0,0,0,0,0,0,0,0,0,0,0,0,0,0,0,0,0,0,0,0,0,0,0,0,0	12,6,1,1,0,0,0,0,0,0,0,0,0,0,0,0,8,1,0,0,1,0,0,0,0,0,0,0,0,0,0,0,1,0,0,0,0,0,0,0
tb.dut.clusters[0].cluster.sockets[0].socket.cores[0].core.execute.fpu_unit.genblk1[0].fpu_fpnew.genblk3[0].fpnew_core.gen_operation_groups[0].i_opgroup_block.i_arbiter.gen_arbiter.gen_int_rr.gen_fair_arb.i_lzc_upper	20	158	0	0	0	0	0	1	1385575	1385575	0,0,0,0,0,0,0,0,0,0,0,0,0,0,0,0,0,0,0,0,0,0,0,0,0,0,0,0,0,0,0,0,0,0,0,0,0,0,0,0	0,0,0,0,0,0,0,0,0,0,0,0,0,0,0,0,0,0,0,0,0,0,0,0,0,0,0,0,0,0,0,0,1,0,0,0,0,0,0,0	2	0	0	0	0	1	1385575	1385575	0,0,0,0,0,0,0,0,0,0,0,0,0,0,0,0,0,0,0,0,0,0,0,0,0,0,0,0,0,0,0,0,0,0,0,0,0,0,0,0	0,0,0,0,0,0,0,0,0,0,0,0,0,0,0,0,0,0,0,0,0,0,0,0,0,0,0,0,0,0,0,0,1,0,0,0,0,0,0,0
tb.dut.clusters[0].cluster.sockets[0].socket.cores[0].core.execute.fpu_unit.genblk1[0].fpu_fpnew.genblk3[0].fpnew_core.gen_operation_groups[0].i_opgroup_block.i_arbiter.gen_arbiter.gen_int_rr.gen_fair_arb.i_lzc_upper.gen_lzc	21	84	0	0	0	0	0	1	1385575	1385575	0,0,0,0,0,0,0,0,0,0,0,0,0,0,0,0,0,0,0,0,0,0,0,0,0,0,0,0,0,0,0,0,0,0,0,0,0,0,0,0	0,0,0,0,0,0,0,0,0,0,0,0,0,0,0,0,0,0,0,0,0,0,0,0,0,0,0,0,0,0,0,0,1,0,0,0,0,0,0,0	2	0	0	0	0	1	1385575	1385575	0,0,0,0,0,0,0,0,0,0,0,0,0,0,0,0,0,0,0,0,0,0,0,0,0,0,0,0,0,0,0,0,0,0,0,0,0,0,0,0	0,0,0,0,0,0,0,0,0,0,0,0,0,0,0,0,0,0,0,0,0,0,0,0,0,0,0,0,0,0,0,0,1,0,0,0,0,0,0,0
tb.dut.clusters[0].cluster.sockets[0].socket.cores[0].core.execute.fpu_unit.genblk1[0].fpu_fpnew.genblk3[0].fpnew_core.gen_operation_groups[0].i_opgroup_block.i_arbiter.gen_arbiter.gen_levels[0]	18	65	64	64	30	64	4	31	1385511	1384801	0,28,0,2,0,0,0,0,0,0,0,0,0,0,0,0,0,0,0,0,0,0,0,0,0,0,0,0,0,0,0,0,0,0,0,0,0,0,0,0	12,6,1,1,0,0,0,0,0,0,0,0,0,0,0,0,8,1,0,0,1,0,0,0,0,0,0,0,0,0,0,0,1,0,0,0,0,0,0,0	2	0	0	0	0	1	1385575	1385575	0,0,0,0,0,0,0,0,0,0,0,0,0,0,0,0,0,0,0,0,0,0,0,0,0,0,0,0,0,0,0,0,0,0,0,0,0,0,0,0	0,0,0,0,0,0,0,0,0,0,0,0,0,0,0,0,0,0,0,0,0,0,0,0,0,0,0,0,0,0,0,0,1,0,0,0,0,0,0,0
tb.dut.clusters[0].cluster.sockets[0].socket.cores[0].core.execute.fpu_unit.genblk1[0].fpu_fpnew.genblk3[0].fpnew_core.gen_operation_groups[0].i_opgroup_block.i_arbiter.gen_arbiter.gen_levels[0].gen_level[0]	19	65	64	64	30	64	4	31	1385511	1384801	0,28,0,2,0,0,0,0,0,0,0,0,0,0,0,0,0,0,0,0,0,0,0,0,0,0,0,0,0,0,0,0,0,0,0,0,0,0,0,0	12,6,1,1,0,0,0,0,0,0,0,0,0,0,0,0,8,1,0,0,1,0,0,0,0,0,0,0,0,0,0,0,1,0,0,0,0,0,0,0	2	0	0	0	0	1	1385575	1385575	0,0,0,0,0,0,0,0,0,0,0,0,0,0,0,0,0,0,0,0,0,0,0,0,0,0,0,0,0,0,0,0,0,0,0,0,0,0,0,0	0,0,0,0,0,0,0,0,0,0,0,0,0,0,0,0,0,0,0,0,0,0,0,0,0,0,0,0,0,0,0,0,1,0,0,0,0,0,0,0
tb.dut.clusters[0].cluster.sockets[0].socket.cores[0].core.execute.fpu_unit.genblk1[0].fpu_fpnew.genblk3[0].fpnew_core.gen_operation_groups[0].i_opgroup_block.i_arbiter.gen_arbiter.gen_levels[1]	18	130	64	64	30	64	4	31	1385511	1384801	0,28,0,2,0,0,0,0,0,0,0,0,0,0,0,0,0,0,0,0,0,0,0,0,0,0,0,0,0,0,0,0,0,0,0,0,0,0,0,0	12,6,1,1,0,0,0,0,0,0,0,0,0,0,0,0,8,1,0,0,1,0,0,0,0,0,0,0,0,0,0,0,1,0,0,0,0,0,0,0	2	0	0	0	0	1	1385575	1385575	0,0,0,0,0,0,0,0,0,0,0,0,0,0,0,0,0,0,0,0,0,0,0,0,0,0,0,0,0,0,0,0,0,0,0,0,0,0,0,0	0,0,0,0,0,0,0,0,0,0,0,0,0,0,0,0,0,0,0,0,0,0,0,0,0,0,0,0,0,0,0,0,1,0,0,0,0,0,0,0
tb.dut.clusters[0].cluster.sockets[0].socket.cores[0].core.execute.fpu_unit.genblk1[0].fpu_fpnew.genblk3[0].fpnew_core.gen_operation_groups[0].i_opgroup_block.i_arbiter.gen_arbiter.gen_levels[1].gen_level[0]	19	65	64	64	30	64	4	31	1385511	1384801	0,28,0,2,0,0,0,0,0,0,0,0,0,0,0,0,0,0,0,0,0,0,0,0,0,0,0,0,0,0,0,0,0,0,0,0,0,0,0,0	12,6,1,1,0,0,0,0,0,0,0,0,0,0,0,0,8,1,0,0,1,0,0,0,0,0,0,0,0,0,0,0,1,0,0,0,0,0,0,0	2	0	0	0	0	1	1385575	1385575	0,0,0,0,0,0,0,0,0,0,0,0,0,0,0,0,0,0,0,0,0,0,0,0,0,0,0,0,0,0,0,0,0,0,0,0,0,0,0,0	0,0,0,0,0,0,0,0,0,0,0,0,0,0,0,0,0,0,0,0,0,0,0,0,0,0,0,0,0,0,0,0,1,0,0,0,0,0,0,0
tb.dut.clusters[0].cluster.sockets[0].socket.cores[0].core.execute.fpu_unit.genblk1[0].fpu_fpnew.genblk3[0].fpnew_core.gen_operation_groups[0].i_opgroup_block.i_arbiter.gen_arbiter.gen_levels[1].gen_level[1]	19	65	0	0	0	0	0	1	1385575	1385575	0,0,0,0,0,0,0,0,0,0,0,0,0,0,0,0,0,0,0,0,0,0,0,0,0,0,0,0,0,0,0,0,0,0,0,0,0,0,0,0	0,0,0,0,0,0,0,0,0,0,0,0,0,0,0,0,0,0,0,0,0,0,0,0,0,0,0,0,0,0,0,0,1,0,0,0,0,0,0,0	2	0	0	0	0	1	1385575	1385575	0,0,0,0,0,0,0,0,0,0,0,0,0,0,0,0,0,0,0,0,0,0,0,0,0,0,0,0,0,0,0,0,0,0,0,0,0,0,0,0	0,0,0,0,0,0,0,0,0,0,0,0,0,0,0,0,0,0,0,0,0,0,0,0,0,0,0,0,0,0,0,0,1,0,0,0,0,0,0,0
tb.dut.clusters[0].cluster.sockets[0].socket.cores[0].core.execute.fpu_unit.genblk1[0].fpu_fpnew.genblk3[0].fpnew_core.gen_operation_groups[0].i_opgroup_block.i_arbiter.gen_arbiter.gen_levels[2]	18	260	64	64	30	64	4	31	1385511	1384801	0,28,0,2,0,0,0,0,0,0,0,0,0,0,0,0,0,0,0,0,0,0,0,0,0,0,0,0,0,0,0,0,0,0,0,0,0,0,0,0	12,6,1,1,0,0,0,0,0,0,0,0,0,0,0,0,8,1,0,0,1,0,0,0,0,0,0,0,0,0,0,0,1,0,0,0,0,0,0,0	2	0	0	0	0	1	1385575	1385575	0,0,0,0,0,0,0,0,0,0,0,0,0,0,0,0,0,0,0,0,0,0,0,0,0,0,0,0,0,0,0,0,0,0,0,0,0,0,0,0	0,0,0,0,0,0,0,0,0,0,0,0,0,0,0,0,0,0,0,0,0,0,0,0,0,0,0,0,0,0,0,0,1,0,0,0,0,0,0,0
tb.dut.clusters[0].cluster.sockets[0].socket.cores[0].core.execute.fpu_unit.genblk1[0].fpu_fpnew.genblk3[0].fpnew_core.gen_operation_groups[0].i_opgroup_block.i_arbiter.gen_arbiter.gen_levels[2].gen_level[0]	19	65	64	64	30	64	4	31	1385511	1384801	0,28,0,2,0,0,0,0,0,0,0,0,0,0,0,0,0,0,0,0,0,0,0,0,0,0,0,0,0,0,0,0,0,0,0,0,0,0,0,0	12,6,1,1,0,0,0,0,0,0,0,0,0,0,0,0,8,1,0,0,1,0,0,0,0,0,0,0,0,0,0,0,1,0,0,0,0,0,0,0	2	0	0	0	0	1	1385575	1385575	0,0,0,0,0,0,0,0,0,0,0,0,0,0,0,0,0,0,0,0,0,0,0,0,0,0,0,0,0,0,0,0,0,0,0,0,0,0,0,0	0,0,0,0,0,0,0,0,0,0,0,0,0,0,0,0,0,0,0,0,0,0,0,0,0,0,0,0,0,0,0,0,1,0,0,0,0,0,0,0
tb.dut.clusters[0].cluster.sockets[0].socket.cores[0].core.execute.fpu_unit.genblk1[0].fpu_fpnew.genblk3[0].fpnew_core.gen_operation_groups[0].i_opgroup_block.i_arbiter.gen_arbiter.gen_levels[2].gen_level[1]	19	65	0	0	0	0	0	1	1385575	1385575	0,0,0,0,0,0,0,0,0,0,0,0,0,0,0,0,0,0,0,0,0,0,0,0,0,0,0,0,0,0,0,0,0,0,0,0,0,0,0,0	0,0,0,0,0,0,0,0,0,0,0,0,0,0,0,0,0,0,0,0,0,0,0,0,0,0,0,0,0,0,0,0,1,0,0,0,0,0,0,0	2	0	0	0	0	1	1385575	1385575	0,0,0,0,0,0,0,0,0,0,0,0,0,0,0,0,0,0,0,0,0,0,0,0,0,0,0,0,0,0,0,0,0,0,0,0,0,0,0,0	0,0,0,0,0,0,0,0,0,0,0,0,0,0,0,0,0,0,0,0,0,0,0,0,0,0,0,0,0,0,0,0,1,0,0,0,0,0,0,0
tb.dut.clusters[0].cluster.sockets[0].socket.cores[0].core.execute.fpu_unit.genblk1[0].fpu_fpnew.genblk3[0].fpnew_core.gen_operation_groups[0].i_opgroup_block.i_arbiter.gen_arbiter.gen_levels[2].gen_level[2]	19	65	0	0	0	0	0	1	1385575	1385575	0,0,0,0,0,0,0,0,0,0,0,0,0,0,0,0,0,0,0,0,0,0,0,0,0,0,0,0,0,0,0,0,0,0,0,0,0,0,0,0	0,0,0,0,0,0,0,0,0,0,0,0,0,0,0,0,0,0,0,0,0,0,0,0,0,0,0,0,0,0,0,0,1,0,0,0,0,0,0,0	2	0	0	0	0	1	1385575	1385575	0,0,0,0,0,0,0,0,0,0,0,0,0,0,0,0,0,0,0,0,0,0,0,0,0,0,0,0,0,0,0,0,0,0,0,0,0,0,0,0	0,0,0,0,0,0,0,0,0,0,0,0,0,0,0,0,0,0,0,0,0,0,0,0,0,0,0,0,0,0,0,0,1,0,0,0,0,0,0,0
tb.dut.clusters[0].cluster.sockets[0].socket.cores[0].core.execute.fpu_unit.genblk1[0].fpu_fpnew.genblk3[0].fpnew_core.gen_operation_groups[0].i_opgroup_block.i_arbiter.gen_arbiter.gen_levels[2].gen_level[3]	19	65	0	0	0	0	0	1	1385575	1385575	0,0,0,0,0,0,0,0,0,0,0,0,0,0,0,0,0,0,0,0,0,0,0,0,0,0,0,0,0,0,0,0,0,0,0,0,0,0,0,0	0,0,0,0,0,0,0,0,0,0,0,0,0,0,0,0,0,0,0,0,0,0,0,0,0,0,0,0,0,0,0,0,1,0,0,0,0,0,0,0	2	0	0	0	0	1	1385575	1385575	0,0,0,0,0,0,0,0,0,0,0,0,0,0,0,0,0,0,0,0,0,0,0,0,0,0,0,0,0,0,0,0,0,0,0,0,0,0,0,0	0,0,0,0,0,0,0,0,0,0,0,0,0,0,0,0,0,0,0,0,0,0,0,0,0,0,0,0,0,0,0,0,1,0,0,0,0,0,0,0
tb.dut.clusters[0].cluster.sockets[0].socket.cores[0].core.execute.fpu_unit.genblk1[0].fpu_fpnew.genblk3[0].fpnew_core.gen_operation_groups[1]	14	18392	2555785163	1376429	75	1376429	1376278	76	9146	8601	13,50,8,1,2,0,0,0,0,0,0,0,0,0,0,0,0,0,0,0,0,0,0,0,0,0,0,0,0,0,0,0,1,0,0,0,0,0,0,0	48,21,2,0,1,0,0,0,0,0,0,0,0,0,0,0,2,0,0,0,1,0,0,0,0,1,0,0,0,0,0,0,0,0,0,0,0,0,0,0	92	1081295	49162	1081295	22	49163	304280	8601	6,2,0,0,0,0,0,0,0,2,1,1,0,0,0,0,49150,0,0,0,0,0,0,0,0,0,0,0,0,0,0,0,0,0,0,0,0,0,0,0	2,1,1,0,0,49095,59,0,0,0,0,0,1,0,0,0,1,0,0,1,1,0,0,0,0,1,0,0,0,0,0,0,0,0,0,0,0,0,0,0
tb.dut.clusters[0].cluster.sockets[0].socket.cores[0].core.execute.fpu_unit.genblk1[0].fpu_fpnew.genblk3[0].fpnew_core.gen_operation_groups[1].i_opgroup_block	15	18349	2555588555	1376429	75	1376429	1376278	76	9146	8601	13,50,8,1,2,0,0,0,0,0,0,0,0,0,0,0,0,0,0,0,0,0,0,0,0,0,0,0,0,0,0,0,1,0,0,0,0,0,0,0	48,21,2,0,1,0,0,0,0,0,0,0,0,0,0,0,2,0,0,0,1,0,0,0,0,1,0,0,0,0,0,0,0,0,0,0,0,0,0,0	92	1081287	49162	1081287	22	49163	304288	8601	6,2,0,0,0,0,0,0,0,2,1,1,0,0,0,0,49150,0,0,0,0,0,0,0,0,0,0,0,0,0,0,0,0,0,0,0,0,0,0,0	2,1,1,0,0,49087,67,0,0,0,0,0,1,0,0,0,1,0,0,1,1,0,0,0,0,1,0,0,0,0,0,0,0,0,0,0,0,0,0,0
tb.dut.clusters[0].cluster.sockets[0].socket.cores[0].core.execute.fpu_unit.genblk1[0].fpu_fpnew.genblk3[0].fpnew_core.gen_operation_groups[1].i_opgroup_block.gen_merged_slice	16	16083	2516636715	1376429	75	1376429	1376278	76	9146	8601	13,50,8,1,2,0,0,0,0,0,0,0,0,0,0,0,0,0,0,0,0,0,0,0,0,0,0,0,0,0,0,0,1,0,0,0,0,0,0,0	48,21,2,0,1,0,0,0,0,0,0,0,0,0,0,0,2,0,0,0,1,0,0,0,0,1,0,0,0,0,0,0,0,0,0,0,0,0,0,0	81	1081293	49156	1081293	22	49157	304282	8602	2,0,0,0,0,0,0,0,0,2,1,1,0,0,0,0,49150,0,0,0,0,0,0,0,0,0,0,0,0,0,0,0,0,0,0,0,0,0,0,0	0,1,0,1,0,49101,52,0,0,0,0,0,0,0,0,0,0,0,0,0,0,1,0,0,0,1,0,0,0,0,0,0,0,0,0,0,0,0,0,0
tb.dut.clusters[0].cluster.sockets[0].socket.cores[0].core.execute.fpu_unit.genblk1[0].fpu_fpnew.genblk3[0].fpnew_core.gen_operation_groups[1].i_opgroup_block.gen_merged_slice.i_multifmt_slice	17	16047	2516440107	1376429	75	1376429	1376278	76	9146	8601	13,50,8,1,2,0,0,0,0,0,0,0,0,0,0,0,0,0,0,0,0,0,0,0,0,0,0,0,0,0,0,0,1,0,0,0,0,0,0,0	48,21,2,0,1,0,0,0,0,0,0,0,0,0,0,0,2,0,0,0,1,0,0,0,0,1,0,0,0,0,0,0,0,0,0,0,0,0,0,0	81	1081282	49156	1081282	22	49157	304293	8602	2,0,0,0,0,0,0,0,0,2,1,1,0,0,0,0,49150,0,0,0,0,0,0,0,0,0,0,0,0,0,0,0,0,0,0,0,0,0,0,0	0,1,0,1,0,49090,63,0,0,0,0,0,0,0,0,0,0,0,0,0,0,1,0,0,0,1,0,0,0,0,0,0,0,0,0,0,0,0,0,0
tb.dut.clusters[0].cluster.sockets[0].socket.cores[0].core.execute.fpu_unit.genblk1[0].fpu_fpnew.genblk3[0].fpnew_core.gen_operation_groups[1].i_opgroup_block.gen_merged_slice.i_multifmt_slice.extend_fp_result[0]	18	32	0	0	0	0	0	1	1385575	1385575	0,0,0,0,0,0,0,0,0,0,0,0,0,0,0,0,0,0,0,0,0,0,0,0,0,0,0,0,0,0,0,0,0,0,0,0,0,0,0,0	0,0,0,0,0,0,0,0,0,0,0,0,0,0,0,0,0,0,0,0,0,0,0,0,0,0,0,0,0,0,0,0,1,0,0,0,0,0,0,0	2	0	0	0	0	1	1385575	1385575	0,0,0,0,0,0,0,0,0,0,0,0,0,0,0,0,0,0,0,0,0,0,0,0,0,0,0,0,0,0,0,0,0,0,0,0,0,0,0,0	0,0,0,0,0,0,0,0,0,0,0,0,0,0,0,0,0,0,0,0,0,0,0,0,0,0,0,0,0,0,0,0,1,0,0,0,0,0,0,0
tb.dut.clusters[0].cluster.sockets[0].socket.cores[0].core.execute.fpu_unit.genblk1[0].fpu_fpnew.genblk3[0].fpnew_core.gen_operation_groups[1].i_opgroup_block.gen_merged_slice.i_multifmt_slice.extend_fp_result[1]	18	32	0	0	0	0	0	1	1385575	1385575	0,0,0,0,0,0,0,0,0,0,0,0,0,0,0,0,0,0,0,0,0,0,0,0,0,0,0,0,0,0,0,0,0,0,0,0,0,0,0,0	0,0,0,0,0,0,0,0,0,0,0,0,0,0,0,0,0,0,0,0,0,0,0,0,0,0,0,0,0,0,0,0,1,0,0,0,0,0,0,0	2	0	0	0	0	1	1385575	1385575	0,0,0,0,0,0,0,0,0,0,0,0,0,0,0,0,0,0,0,0,0,0,0,0,0,0,0,0,0,0,0,0,0,0,0,0,0,0,0,0	0,0,0,0,0,0,0,0,0,0,0,0,0,0,0,0,0,0,0,0,0,0,0,0,0,0,0,0,0,0,0,0,1,0,0,0,0,0,0,0
tb.dut.clusters[0].cluster.sockets[0].socket.cores[0].core.execute.fpu_unit.genblk1[0].fpu_fpnew.genblk3[0].fpnew_core.gen_operation_groups[1].i_opgroup_block.gen_merged_slice.i_multifmt_slice.extend_fp_result[2]	18	32	0	0	0	0	0	1	1385575	1385575	0,0,0,0,0,0,0,0,0,0,0,0,0,0,0,0,0,0,0,0,0,0,0,0,0,0,0,0,0,0,0,0,0,0,0,0,0,0,0,0	0,0,0,0,0,0,0,0,0,0,0,0,0,0,0,0,0,0,0,0,0,0,0,0,0,0,0,0,0,0,0,0,1,0,0,0,0,0,0,0	2	0	0	0	0	1	1385575	1385575	0,0,0,0,0,0,0,0,0,0,0,0,0,0,0,0,0,0,0,0,0,0,0,0,0,0,0,0,0,0,0,0,0,0,0,0,0,0,0,0	0,0,0,0,0,0,0,0,0,0,0,0,0,0,0,0,0,0,0,0,0,0,0,0,0,0,0,0,0,0,0,0,1,0,0,0,0,0,0,0
tb.dut.clusters[0].cluster.sockets[0].socket.cores[0].core.execute.fpu_unit.genblk1[0].fpu_fpnew.genblk3[0].fpnew_core.gen_operation_groups[1].i_opgroup_block.gen_merged_slice.i_multifmt_slice.extend_fp_result[3]	18	32	0	0	0	0	0	1	1385575	1385575	0,0,0,0,0,0,0,0,0,0,0,0,0,0,0,0,0,0,0,0,0,0,0,0,0,0,0,0,0,0,0,0,0,0,0,0,0,0,0,0	0,0,0,0,0,0,0,0,0,0,0,0,0,0,0,0,0,0,0,0,0,0,0,0,0,0,0,0,0,0,0,0,1,0,0,0,0,0,0,0	2	0	0	0	0	1	1385575	1385575	0,0,0,0,0,0,0,0,0,0,0,0,0,0,0,0,0,0,0,0,0,0,0,0,0,0,0,0,0,0,0,0,0,0,0,0,0,0,0,0	0,0,0,0,0,0,0,0,0,0,0,0,0,0,0,0,0,0,0,0,0,0,0,0,0,0,0,0,0,0,0,0,1,0,0,0,0,0,0,0
tb.dut.clusters[0].cluster.sockets[0].socket.cores[0].core.execute.fpu_unit.genblk1[0].fpu_fpnew.genblk3[0].fpnew_core.gen_operation_groups[1].i_opgroup_block.gen_merged_slice.i_multifmt_slice.extend_fp_result[4]	18	32	0	0	0	0	0	1	1385575	1385575	0,0,0,0,0,0,0,0,0,0,0,0,0,0,0,0,0,0,0,0,0,0,0,0,0,0,0,0,0,0,0,0,0,0,0,0,0,0,0,0	0,0,0,0,0,0,0,0,0,0,0,0,0,0,0,0,0,0,0,0,0,0,0,0,0,0,0,0,0,0,0,0,1,0,0,0,0,0,0,0	2	0	0	0	0	1	1385575	1385575	0,0,0,0,0,0,0,0,0,0,0,0,0,0,0,0,0,0,0,0,0,0,0,0,0,0,0,0,0,0,0,0,0,0,0,0,0,0,0,0	0,0,0,0,0,0,0,0,0,0,0,0,0,0,0,0,0,0,0,0,0,0,0,0,0,0,0,0,0,0,0,0,1,0,0,0,0,0,0,0
tb.dut.clusters[0].cluster.sockets[0].socket.cores[0].core.execute.fpu_unit.genblk1[0].fpu_fpnew.genblk3[0].fpnew_core.gen_operation_groups[1].i_opgroup_block.gen_merged_slice.i_multifmt_slice.gen_num_lanes[0]	18	14916	2507263422	1376429	75	1376429	1376278	76	9146	8601	13,50,8,1,2,0,0,0,0,0,0,0,0,0,0,0,0,0,0,0,0,0,0,0,0,0,0,0,0,0,0,0,1,0,0,0,0,0,0,0	48,21,2,0,1,0,0,0,0,0,0,0,0,0,0,0,2,0,0,0,1,0,0,0,0,1,0,0,0,0,0,0,0,0,0,0,0,0,0,0	75	1081225	49155	1081225	22	49156	304350	8609	1,0,0,0,0,0,0,0,0,3,0,1,0,0,0,0,49150,0,0,0,0,0,0,0,0,0,0,0,0,0,0,0,0,0,0,0,0,0,0,0	0,1,0,1,0,49034,117,1,0,0,0,0,0,0,0,0,0,0,0,0,0,1,0,0,0,1,0,0,0,0,0,0,0,0,0,0,0,0,0,0
tb.dut.clusters[0].cluster.sockets[0].socket.cores[0].core.execute.fpu_unit.genblk1[0].fpu_fpnew.genblk3[0].fpnew_core.gen_operation_groups[1].i_opgroup_block.gen_merged_slice.i_multifmt_slice.gen_num_lanes[0].active_lane	19	14573	2504284230	1376429	75	1376429	1376278	76	9146	8601	13,50,8,1,2,0,0,0,0,0,0,0,0,0,0,0,0,0,0,0,0,0,0,0,0,0,0,0,0,0,0,0,1,0,0,0,0,0,0,0	48,21,2,0,1,0,0,0,0,0,0,0,0,0,0,0,2,0,0,0,1,0,0,0,0,1,0,0,0,0,0,0,0,0,0,0,0,0,0,0	73	1081270	49154	1081270	22	49155	304305	8609	0,0,0,0,0,0,0,0,0,3,0,1,0,0,0,0,49150,0,0,0,0,0,0,0,0,0,0,0,0,0,0,0,0,0,0,0,0,0,0,0	0,1,0,0,0,49080,70,1,0,0,0,1,0,0,0,0,0,0,0,0,0,1,0,0,0,1,0,0,0,0,0,0,0,0,0,0,0,0,0,0
tb.dut.clusters[0].cluster.sockets[0].socket.cores[0].core.execute.fpu_unit.genblk1[0].fpu_fpnew.genblk3[0].fpnew_core.gen_operation_groups[1].i_opgroup_block.gen_merged_slice.i_multifmt_slice.gen_num_lanes[0].active_lane.lane_instance	20	14469	2501019938	1376429	75	1376429	1376278	76	9146	8601	13,50,8,1,2,0,0,0,0,0,0,0,0,0,0,0,0,0,0,0,0,0,0,0,0,0,0,0,0,0,0,0,1,0,0,0,0,0,0,0	48,21,2,0,1,0,0,0,0,0,0,0,0,0,0,0,2,0,0,0,1,0,0,0,0,1,0,0,0,0,0,0,0,0,0,0,0,0,0,0	73	1080058	49154	1080058	22	49155	305517	8609	0,0,0,0,0,0,0,0,0,3,0,1,0,0,0,0,49150,0,0,0,0,0,0,0,0,0,0,0,0,0,0,0,0,0,0,0,0,0,0,0	0,1,0,0,0,47871,1276,4,0,0,0,1,0,0,0,0,0,0,0,0,0,1,0,0,0,1,0,0,0,0,0,0,0,0,0,0,0,0,0,0
tb.dut.clusters[0].cluster.sockets[0].socket.cores[0].core.execute.fpu_unit.genblk1[0].fpu_fpnew.genblk3[0].fpnew_core.gen_operation_groups[1].i_opgroup_block.gen_merged_slice.i_multifmt_slice.gen_num_lanes[0].active_lane.lane_instance.genblk1	21	14469	2501019938	1376429	75	1376429	1376278	76	9146	8601	13,50,8,1,2,0,0,0,0,0,0,0,0,0,0,0,0,0,0,0,0,0,0,0,0,0,0,0,0,0,0,0,1,0,0,0,0,0,0,0	48,21,2,0,1,0,0,0,0,0,0,0,0,0,0,0,2,0,0,0,1,0,0,0,0,1,0,0,0,0,0,0,0,0,0,0,0,0,0,0	73	1080058	49154	1080058	22	49155	305517	8609	0,0,0,0,0,0,0,0,0,3,0,1,0,0,0,0,49150,0,0,0,0,0,0,0,0,0,0,0,0,0,0,0,0,0,0,0,0,0,0,0	0,1,0,0,0,47871,1276,4,0,0,0,1,0,0,0,0,0,0,0,0,0,1,0,0,0,1,0,0,0,0,0,0,0,0,0,0,0,0,0,0
tb.dut.clusters[0].cluster.sockets[0].socket.cores[0].core.execute.fpu_unit.genblk1[0].fpu_fpnew.genblk3[0].fpnew_core.gen_operation_groups[1].i_opgroup_block.gen_merged_slice.i_multifmt_slice.gen_num_lanes[0].active_lane.lane_instance.genblk1.i_fpnew_divsqrt_multi	22	14469	2501019938	1376429	75	1376429	1376278	76	9146	8601	13,50,8,1,2,0,0,0,0,0,0,0,0,0,0,0,0,0,0,0,0,0,0,0,0,0,0,0,0,0,0,0,1,0,0,0,0,0,0,0	48,21,2,0,1,0,0,0,0,0,0,0,0,0,0,0,2,0,0,0,1,0,0,0,0,1,0,0,0,0,0,0,0,0,0,0,0,0,0,0	73	1080058	49154	1080058	22	49155	305517	8609	0,0,0,0,0,0,0,0,0,3,0,1,0,0,0,0,49150,0,0,0,0,0,0,0,0,0,0,0,0,0,0,0,0,0,0,0,0,0,0,0	0,1,0,0,0,47871,1276,4,0,0,0,1,0,0,0,0,0,0,0,0,0,1,0,0,0,1,0,0,0,0,0,0,0,0,0,0,0,0,0,0
tb.dut.clusters[0].cluster.sockets[0].socket.cores[0].core.execute.fpu_unit.genblk1[0].fpu_fpnew.genblk3[0].fpnew_core.gen_operation_groups[1].i_opgroup_block.gen_merged_slice.i_multifmt_slice.gen_num_lanes[0].active_lane.lane_instance.genblk1.i_fpnew_divsqrt_multi.gen_input_pipeline[0]	23	1	196608	196608	98304	196608	2	98305	1188967	8627	0,98304,0,0,0,0,0,0,0,0,0,0,0,0,0,0,0,0,0,0,0,0,0,0,0,0,0,0,0,0,0,0,0,0,0,0,0,0,0,0	0,0,0,1,0,0,1,49148,0,1,0,0,0,1,0,49148,3,0,0,0,0,1,0,0,0,1,0,0,0,0,0,0,0,0,0,0,0,0,0,0	2	0	0	0	0	1	1385575	1385575	0,0,0,0,0,0,0,0,0,0,0,0,0,0,0,0,0,0,0,0,0,0,0,0,0,0,0,0,0,0,0,0,0,0,0,0,0,0,0,0	0,0,0,0,0,0,0,0,0,0,0,0,0,0,0,0,0,0,0,0,0,0,0,0,0,0,0,0,0,0,0,0,1,0,0,0,0,0,0,0
tb.dut.clusters[0].cluster.sockets[0].socket.cores[0].core.execute.fpu_unit.genblk1[0].fpu_fpnew.genblk3[0].fpnew_core.gen_operation_groups[1].i_opgroup_block.gen_merged_slice.i_multifmt_slice.gen_num_lanes[0].active_lane.lane_instance.genblk1.i_fpnew_divsqrt_multi.gen_input_pipeline[1]	23	1	196608	196608	98304	196608	2	98305	1188967	8626	0,98304,0,0,0,0,0,0,0,0,0,0,0,0,0,0,0,0,0,0,0,0,0,0,0,0,0,0,0,0,0,0,0,0,0,0,0,0,0,0	0,0,0,1,0,0,1,49148,0,1,0,0,0,1,0,49148,3,0,0,0,0,1,0,0,0,1,0,0,0,0,0,0,0,0,0,0,0,0,0,0	2	0	0	0	0	1	1385575	1385575	0,0,0,0,0,0,0,0,0,0,0,0,0,0,0,0,0,0,0,0,0,0,0,0,0,0,0,0,0,0,0,0,0,0,0,0,0,0,0,0	0,0,0,0,0,0,0,0,0,0,0,0,0,0,0,0,0,0,0,0,0,0,0,0,0,0,0,0,0,0,0,0,1,0,0,0,0,0,0,0
tb.dut.clusters[0].cluster.sockets[0].socket.cores[0].core.execute.fpu_unit.genblk1[0].fpu_fpnew.genblk3[0].fpnew_core.gen_operation_groups[1].i_opgroup_block.gen_merged_slice.i_multifmt_slice.gen_num_lanes[0].active_lane.lane_instance.genblk1.i_fpnew_divsqrt_multi.gen_input_pipeline[2]	23	1	196608	196608	98304	196608	2	98305	1188967	8625	0,98304,0,0,0,0,0,0,0,0,0,0,0,0,0,0,0,0,0,0,0,0,0,0,0,0,0,0,0,0,0,0,0,0,0,0,0,0,0,0	0,0,0,1,0,0,1,49148,0,1,0,0,0,1,0,49148,3,0,0,0,0,1,0,0,0,1,0,0,0,0,0,0,0,0,0,0,0,0,0,0	2	0	0	0	0	1	1385575	1385575	0,0,0,0,0,0,0,0,0,0,0,0,0,0,0,0,0,0,0,0,0,0,0,0,0,0,0,0,0,0,0,0,0,0,0,0,0,0,0,0	0,0,0,0,0,0,0,0,0,0,0,0,0,0,0,0,0,0,0,0,0,0,0,0,0,0,0,0,0,0,0,0,1,0,0,0,0,0,0,0
tb.dut.clusters[0].cluster.sockets[0].socket.cores[0].core.execute.fpu_unit.genblk1[0].fpu_fpnew.genblk3[0].fpnew_core.gen_operation_groups[1].i_opgroup_block.gen_merged_slice.i_multifmt_slice.gen_num_lanes[0].active_lane.lane_instance.genblk1.i_fpnew_divsqrt_multi.gen_input_pipeline[3]	23	1	196608	196608	98304	196608	2	98305	1188967	8624	0,98304,0,0,0,0,0,0,0,0,0,0,0,0,0,0,0,0,0,0,0,0,0,0,0,0,0,0,0,0,0,0,0,0,0,0,0,0,0,0	0,0,0,1,0,0,1,49148,0,1,0,0,0,1,0,49148,3,0,0,0,0,1,0,0,0,1,0,0,0,0,0,0,0,0,0,0,0,0,0,0	2	0	0	0	0	1	1385575	1385575	0,0,0,0,0,0,0,0,0,0,0,0,0,0,0,0,0,0,0,0,0,0,0,0,0,0,0,0,0,0,0,0,0,0,0,0,0,0,0,0	0,0,0,0,0,0,0,0,0,0,0,0,0,0,0,0,0,0,0,0,0,0,0,0,0,0,0,0,0,0,0,0,1,0,0,0,0,0,0,0
tb.dut.clusters[0].cluster.sockets[0].socket.cores[0].core.execute.fpu_unit.genblk1[0].fpu_fpnew.genblk3[0].fpnew_core.gen_operation_groups[1].i_opgroup_block.gen_merged_slice.i_multifmt_slice.gen_num_lanes[0].active_lane.lane_instance.genblk1.i_fpnew_divsqrt_multi.gen_input_pipeline[4]	23	1	196608	196608	98304	196608	2	98305	1188967	8623	0,98304,0,0,0,0,0,0,0,0,0,0,0,0,0,0,0,0,0,0,0,0,0,0,0,0,0,0,0,0,0,0,0,0,0,0,0,0,0,0	0,0,0,1,0,0,1,49148,0,1,0,0,0,1,0,49148,3,0,0,0,0,1,0,0,0,1,0,0,0,0,0,0,0,0,0,0,0,0,0,0	2	0	0	0	0	1	1385575	1385575	0,0,0,0,0,0,0,0,0,0,0,0,0,0,0,0,0,0,0,0,0,0,0,0,0,0,0,0,0,0,0,0,0,0,0,0,0,0,0,0	0,0,0,0,0,0,0,0,0,0,0,0,0,0,0,0,0,0,0,0,0,0,0,0,0,0,0,0,0,0,0,0,1,0,0,0,0,0,0,0
tb.dut.clusters[0].cluster.sockets[0].socket.cores[0].core.execute.fpu_unit.genblk1[0].fpu_fpnew.genblk3[0].fpnew_core.gen_operation_groups[1].i_opgroup_block.gen_merged_slice.i_multifmt_slice.gen_num_lanes[0].active_lane.lane_instance.genblk1.i_fpnew_divsqrt_multi.gen_input_pipeline[5]	23	1	196608	196608	98304	196608	2	98305	1188967	8622	0,98304,0,0,0,0,0,0,0,0,0,0,0,0,0,0,0,0,0,0,0,0,0,0,0,0,0,0,0,0,0,0,0,0,0,0,0,0,0,0	0,0,0,1,0,0,1,49148,0,1,0,0,0,1,0,49148,3,0,0,0,0,1,0,0,0,1,0,0,0,0,0,0,0,0,0,0,0,0,0,0	2	0	0	0	0	1	1385575	1385575	0,0,0,0,0,0,0,0,0,0,0,0,0,0,0,0,0,0,0,0,0,0,0,0,0,0,0,0,0,0,0,0,0,0,0,0,0,0,0,0	0,0,0,0,0,0,0,0,0,0,0,0,0,0,0,0,0,0,0,0,0,0,0,0,0,0,0,0,0,0,0,0,1,0,0,0,0,0,0,0
tb.dut.clusters[0].cluster.sockets[0].socket.cores[0].core.execute.fpu_unit.genblk1[0].fpu_fpnew.genblk3[0].fpnew_core.gen_operation_groups[1].i_opgroup_block.gen_merged_slice.i_multifmt_slice.gen_num_lanes[0].active_lane.lane_instance.genblk1.i_fpnew_divsqrt_multi.gen_input_pipeline[6]	23	1	196608	196608	98304	196608	2	98305	1188967	8621	0,98304,0,0,0,0,0,0,0,0,0,0,0,0,0,0,0,0,0,0,0,0,0,0,0,0,0,0,0,0,0,0,0,0,0,0,0,0,0,0	0,0,0,1,0,0,1,49148,0,1,0,0,0,1,0,49148,3,0,0,0,0,1,0,0,0,1,0,0,0,0,0,0,0,0,0,0,0,0,0,0	2	0	0	0	0	1	1385575	1385575	0,0,0,0,0,0,0,0,0,0,0,0,0,0,0,0,0,0,0,0,0,0,0,0,0,0,0,0,0,0,0,0,0,0,0,0,0,0,0,0	0,0,0,0,0,0,0,0,0,0,0,0,0,0,0,0,0,0,0,0,0,0,0,0,0,0,0,0,0,0,0,0,1,0,0,0,0,0,0,0
tb.dut.clusters[0].cluster.sockets[0].socket.cores[0].core.execute.fpu_unit.genblk1[0].fpu_fpnew.genblk3[0].fpnew_core.gen_operation_groups[1].i_opgroup_block.gen_merged_slice.i_multifmt_slice.gen_num_lanes[0].active_lane.lane_instance.genblk1.i_fpnew_divsqrt_multi.gen_input_pipeline[7]	23	1	196608	196608	98304	196608	2	98305	1188967	8620	0,98304,0,0,0,0,0,0,0,0,0,0,0,0,0,0,0,0,0,0,0,0,0,0,0,0,0,0,0,0,0,0,0,0,0,0,0,0,0,0	0,0,0,1,0,0,1,49148,0,1,0,0,0,1,0,49148,3,0,0,0,0,1,0,0,0,1,0,0,0,0,0,0,0,0,0,0,0,0,0,0	2	0	0	0	0	1	1385575	1385575	0,0,0,0,0,0,0,0,0,0,0,0,0,0,0,0,0,0,0,0,0,0,0,0,0,0,0,0,0,0,0,0,0,0,0,0,0,0,0,0	0,0,0,0,0,0,0,0,0,0,0,0,0,0,0,0,0,0,0,0,0,0,0,0,0,0,0,0,0,0,0,0,1,0,0,0,0,0,0,0
tb.dut.clusters[0].cluster.sockets[0].socket.cores[0].core.execute.fpu_unit.genblk1[0].fpu_fpnew.genblk3[0].fpnew_core.gen_operation_groups[1].i_opgroup_block.gen_merged_slice.i_multifmt_slice.gen_num_lanes[0].active_lane.lane_instance.genblk1.i_fpnew_divsqrt_multi.gen_output_pipeline[0]	23	1	196608	196608	98304	196608	2	98305	1188967	8609	0,98304,0,0,0,0,0,0,0,0,0,0,0,0,0,0,0,0,0,0,0,0,0,0,0,0,0,0,0,0,0,0,0,0,0,0,0,0,0,0	0,0,0,0,0,0,0,49150,0,1,0,0,0,1,0,49150,1,0,0,0,0,1,0,0,0,1,0,0,0,0,0,0,0,0,0,0,0,0,0,0	2	0	0	0	0	1	1385575	1385575	0,0,0,0,0,0,0,0,0,0,0,0,0,0,0,0,0,0,0,0,0,0,0,0,0,0,0,0,0,0,0,0,0,0,0,0,0,0,0,0	0,0,0,0,0,0,0,0,0,0,0,0,0,0,0,0,0,0,0,0,0,0,0,0,0,0,0,0,0,0,0,0,1,0,0,0,0,0,0,0
tb.dut.clusters[0].cluster.sockets[0].socket.cores[0].core.execute.fpu_unit.genblk1[0].fpu_fpnew.genblk3[0].fpnew_core.gen_operation_groups[1].i_opgroup_block.gen_merged_slice.i_multifmt_slice.gen_num_lanes[0].active_lane.lane_instance.genblk1.i_fpnew_divsqrt_multi.gen_output_pipeline[1]	23	1	196608	196608	98304	196608	2	98305	1188967	8608	0,98304,0,0,0,0,0,0,0,0,0,0,0,0,0,0,0,0,0,0,0,0,0,0,0,0,0,0,0,0,0,0,0,0,0,0,0,0,0,0	0,0,0,0,0,0,0,49150,0,1,0,0,0,1,0,49150,1,0,0,0,0,1,0,0,0,1,0,0,0,0,0,0,0,0,0,0,0,0,0,0	2	0	0	0	0	1	1385575	1385575	0,0,0,0,0,0,0,0,0,0,0,0,0,0,0,0,0,0,0,0,0,0,0,0,0,0,0,0,0,0,0,0,0,0,0,0,0,0,0,0	0,0,0,0,0,0,0,0,0,0,0,0,0,0,0,0,0,0,0,0,0,0,0,0,0,0,0,0,0,0,0,0,1,0,0,0,0,0,0,0
tb.dut.clusters[0].cluster.sockets[0].socket.cores[0].core.execute.fpu_unit.genblk1[0].fpu_fpnew.genblk3[0].fpnew_core.gen_operation_groups[1].i_opgroup_block.gen_merged_slice.i_multifmt_slice.gen_num_lanes[0].active_lane.lane_instance.genblk1.i_fpnew_divsqrt_multi.gen_output_pipeline[2]	23	1	196608	196608	98304	196608	2	98305	1188967	8607	0,98304,0,0,0,0,0,0,0,0,0,0,0,0,0,0,0,0,0,0,0,0,0,0,0,0,0,0,0,0,0,0,0,0,0,0,0,0,0,0	0,0,0,0,0,0,0,49150,0,1,0,0,0,1,0,49150,1,0,0,0,0,1,0,0,0,1,0,0,0,0,0,0,0,0,0,0,0,0,0,0	2	0	0	0	0	1	1385575	1385575	0,0,0,0,0,0,0,0,0,0,0,0,0,0,0,0,0,0,0,0,0,0,0,0,0,0,0,0,0,0,0,0,0,0,0,0,0,0,0,0	0,0,0,0,0,0,0,0,0,0,0,0,0,0,0,0,0,0,0,0,0,0,0,0,0,0,0,0,0,0,0,0,1,0,0,0,0,0,0,0
tb.dut.clusters[0].cluster.sockets[0].socket.cores[0].core.execute.fpu_unit.genblk1[0].fpu_fpnew.genblk3[0].fpnew_core.gen_operation_groups[1].i_opgroup_block.gen_merged_slice.i_multifmt_slice.gen_num_lanes[0].active_lane.lane_instance.genblk1.i_fpnew_divsqrt_multi.gen_output_pipeline[3]	23	1	196608	196608	98304	196608	2	98305	1188967	8606	0,98304,0,0,0,0,0,0,0,0,0,0,0,0,0,0,0,0,0,0,0,0,0,0,0,0,0,0,0,0,0,0,0,0,0,0,0,0,0,0	0,0,0,0,0,0,0,49150,0,1,0,0,0,1,0,49150,1,0,0,0,0,1,0,0,0,1,0,0,0,0,0,0,0,0,0,0,0,0,0,0	2	0	0	0	0	1	1385575	1385575	0,0,0,0,0,0,0,0,0,0,0,0,0,0,0,0,0,0,0,0,0,0,0,0,0,0,0,0,0,0,0,0,0,0,0,0,0,0,0,0	0,0,0,0,0,0,0,0,0,0,0,0,0,0,0,0,0,0,0,0,0,0,0,0,0,0,0,0,0,0,0,0,1,0,0,0,0,0,0,0
tb.dut.clusters[0].cluster.sockets[0].socket.cores[0].core.execute.fpu_unit.genblk1[0].fpu_fpnew.genblk3[0].fpnew_core.gen_operation_groups[1].i_opgroup_block.gen_merged_slice.i_multifmt_slice.gen_num_lanes[0].active_lane.lane_instance.genblk1.i_fpnew_divsqrt_multi.gen_output_pipeline[4]	23	1	196608	196608	98304	196608	2	98305	1188967	8605	0,98304,0,0,0,0,0,0,0,0,0,0,0,0,0,0,0,0,0,0,0,0,0,0,0,0,0,0,0,0,0,0,0,0,0,0,0,0,0,0	0,0,0,0,0,0,0,49150,0,1,0,0,0,1,0,49150,1,0,0,0,0,1,0,0,0,1,0,0,0,0,0,0,0,0,0,0,0,0,0,0	2	0	0	0	0	1	1385575	1385575	0,0,0,0,0,0,0,0,0,0,0,0,0,0,0,0,0,0,0,0,0,0,0,0,0,0,0,0,0,0,0,0,0,0,0,0,0,0,0,0	0,0,0,0,0,0,0,0,0,0,0,0,0,0,0,0,0,0,0,0,0,0,0,0,0,0,0,0,0,0,0,0,1,0,0,0,0,0,0,0
tb.dut.clusters[0].cluster.sockets[0].socket.cores[0].core.execute.fpu_unit.genblk1[0].fpu_fpnew.genblk3[0].fpnew_core.gen_operation_groups[1].i_opgroup_block.gen_merged_slice.i_multifmt_slice.gen_num_lanes[0].active_lane.lane_instance.genblk1.i_fpnew_divsqrt_multi.gen_output_pipeline[5]	23	1	196608	196608	98304	196608	2	98305	1188967	8604	0,98304,0,0,0,0,0,0,0,0,0,0,0,0,0,0,0,0,0,0,0,0,0,0,0,0,0,0,0,0,0,0,0,0,0,0,0,0,0,0	0,0,0,0,0,0,0,49150,0,1,0,0,0,1,0,49150,1,0,0,0,0,1,0,0,0,1,0,0,0,0,0,0,0,0,0,0,0,0,0,0	2	0	0	0	0	1	1385575	1385575	0,0,0,0,0,0,0,0,0,0,0,0,0,0,0,0,0,0,0,0,0,0,0,0,0,0,0,0,0,0,0,0,0,0,0,0,0,0,0,0	0,0,0,0,0,0,0,0,0,0,0,0,0,0,0,0,0,0,0,0,0,0,0,0,0,0,0,0,0,0,0,0,1,0,0,0,0,0,0,0
tb.dut.clusters[0].cluster.sockets[0].socket.cores[0].core.execute.fpu_unit.genblk1[0].fpu_fpnew.genblk3[0].fpnew_core.gen_operation_groups[1].i_opgroup_block.gen_merged_slice.i_multifmt_slice.gen_num_lanes[0].active_lane.lane_instance.genblk1.i_fpnew_divsqrt_multi.gen_output_pipeline[6]	23	1	196608	196608	98304	196608	2	98305	1188967	8603	0,98304,0,0,0,0,0,0,0,0,0,0,0,0,0,0,0,0,0,0,0,0,0,0,0,0,0,0,0,0,0,0,0,0,0,0,0,0,0,0	0,0,0,0,0,0,0,49150,0,1,0,0,0,1,0,49150,1,0,0,0,0,1,0,0,0,1,0,0,0,0,0,0,0,0,0,0,0,0,0,0	2	0	0	0	0	1	1385575	1385575	0,0,0,0,0,0,0,0,0,0,0,0,0,0,0,0,0,0,0,0,0,0,0,0,0,0,0,0,0,0,0,0,0,0,0,0,0,0,0,0	0,0,0,0,0,0,0,0,0,0,0,0,0,0,0,0,0,0,0,0,0,0,0,0,0,0,0,0,0,0,0,0,1,0,0,0,0,0,0,0
tb.dut.clusters[0].cluster.sockets[0].socket.cores[0].core.execute.fpu_unit.genblk1[0].fpu_fpnew.genblk3[0].fpnew_core.gen_operation_groups[1].i_opgroup_block.gen_merged_slice.i_multifmt_slice.gen_num_lanes[0].active_lane.lane_instance.genblk1.i_fpnew_divsqrt_multi.gen_output_pipeline[7]	23	1	196608	196608	98304	196608	2	98305	1188967	8602	0,98304,0,0,0,0,0,0,0,0,0,0,0,0,0,0,0,0,0,0,0,0,0,0,0,0,0,0,0,0,0,0,0,0,0,0,0,0,0,0	0,0,0,0,0,0,0,49150,0,1,0,0,0,1,0,49150,1,0,0,0,0,1,0,0,0,1,0,0,0,0,0,0,0,0,0,0,0,0,0,0	2	0	0	0	0	1	1385575	1385575	0,0,0,0,0,0,0,0,0,0,0,0,0,0,0,0,0,0,0,0,0,0,0,0,0,0,0,0,0,0,0,0,0,0,0,0,0,0,0,0	0,0,0,0,0,0,0,0,0,0,0,0,0,0,0,0,0,0,0,0,0,0,0,0,0,0,0,0,0,0,0,0,1,0,0,0,0,0,0,0
tb.dut.clusters[0].cluster.sockets[0].socket.cores[0].core.execute.fpu_unit.genblk1[0].fpu_fpnew.genblk3[0].fpnew_core.gen_operation_groups[1].i_opgroup_block.gen_merged_slice.i_multifmt_slice.gen_num_lanes[0].active_lane.lane_instance.genblk1.i_fpnew_divsqrt_multi.i_divsqrt_lei	23	12493	2416176735	1081350	49155	1081350	24	49156	304225	8609	2,0,0,0,0,0,0,0,0,0,0,2,0,0,0,0,49151,0,0,0,0,0,0,0,0,0,0,0,0,0,0,0,0,0,0,0,0,0,0,0	0,0,1,1,0,49150,0,0,0,1,0,0,0,0,0,0,1,0,0,0,0,1,0,0,0,1,0,0,0,0,0,0,0,0,0,0,0,0,0,0	63	1055864	49154	1055864	22	49155	329711	8609	0,0,0,0,0,0,0,0,0,3,0,1,0,0,0,0,49150,0,0,0,0,0,0,0,0,0,0,0,0,0,0,0,0,0,0,0,0,0,0,0	0,1,0,0,0,23736,25352,63,0,0,0,1,0,0,0,0,0,0,0,0,0,1,0,0,0,1,0,0,0,0,0,0,0,0,0,0,0,0,0,0
tb.dut.clusters[0].cluster.sockets[0].socket.cores[0].core.execute.fpu_unit.genblk1[0].fpu_fpnew.genblk3[0].fpnew_core.gen_operation_groups[1].i_opgroup_block.gen_merged_slice.i_multifmt_slice.gen_num_lanes[0].active_lane.lane_instance.genblk1.i_fpnew_divsqrt_multi.i_divsqrt_lei.fpu_norm_U0	24	752	82421212	986151	95197	986151	21	95198	399424	8609	0,0,0,0,0,0,0,0,0,92086,4,0,0,0,0,0,3107,0,0,0,0,0,0,0,0,0,0,0,0,0,0,0,0,0,0,0,0,0,0,0	46044,0,0,0,1,0,49150,0,0,0,1,0,0,0,0,0,0,0,0,0,0,1,0,0,0,1,0,0,0,0,0,0,0,0,0,0,0,0,0,0	4	884736	98304	884736	9	98305	500839	8610	0,0,0,0,0,0,0,0,98304,0,0,0,0,0,0,0,0,0,0,0,0,0,0,0,0,0,0,0,0,0,0,0,0,0,0,0,0,0,0,0	49150,0,1,0,0,0,1,0,49150,0,0,0,1,0,0,0,0,0,0,0,0,1,0,0,0,1,0,0,0,0,0,0,0,0,0,0,0,0,0,0
tb.dut.clusters[0].cluster.sockets[0].socket.cores[0].core.execute.fpu_unit.genblk1[0].fpu_fpnew.genblk3[0].fpnew_core.gen_operation_groups[1].i_opgroup_block.gen_merged_slice.i_multifmt_slice.gen_num_lanes[0].active_lane.lane_instance.genblk1.i_fpnew_divsqrt_multi.i_divsqrt_lei.nrbd_nrsc_U0	24	8528	2292998366	1081350	49155	1081350	24	49156	304225	8609	2,0,0,0,0,0,0,0,0,0,0,2,0,0,0,0,49151,0,0,0,0,0,0,0,0,0,0,0,0,0,0,0,0,0,0,0,0,0,0,0	0,0,1,1,0,49150,0,0,0,1,0,0,0,0,0,0,1,0,0,0,0,1,0,0,0,1,0,0,0,0,0,0,0,0,0,0,0,0,0,0	43	1006852	49154	1006852	21	49155	378723	8609	0,0,0,0,0,0,0,0,0,3,1,0,0,0,0,0,49150,0,0,0,0,0,0,0,0,0,0,0,0,0,0,0,0,0,0,0,0,0,0,0	0,1,0,0,0,1,23811,25339,0,0,0,1,0,0,0,0,0,0,0,0,0,1,0,0,0,1,0,0,0,0,0,0,0,0,0,0,0,0,0,0
tb.dut.clusters[0].cluster.sockets[0].socket.cores[0].core.execute.fpu_unit.genblk1[0].fpu_fpnew.genblk3[0].fpnew_core.gen_operation_groups[1].i_opgroup_block.gen_merged_slice.i_multifmt_slice.gen_num_lanes[0].active_lane.lane_instance.genblk1.i_fpnew_divsqrt_multi.i_divsqrt_lei.nrbd_nrsc_U0.control_U0	25	8301	2278243039	1081350	49155	1081350	24	49156	304225	8609	2,0,0,0,0,0,0,0,0,0,0,2,0,0,0,0,49151,0,0,0,0,0,0,0,0,0,0,0,0,0,0,0,0,0,0,0,0,0,0,0	0,0,1,1,0,49150,0,0,0,1,0,0,0,0,0,0,1,0,0,0,0,1,0,0,0,1,0,0,0,0,0,0,0,0,0,0,0,0,0,0	42	1006852	49154	1006852	21	49155	378723	8609	0,0,0,0,0,0,0,0,0,3,1,0,0,0,0,0,49150,0,0,0,0,0,0,0,0,0,0,0,0,0,0,0,0,0,0,0,0,0,0,0	0,1,0,0,0,1,23811,25339,0,0,0,1,0,0,0,0,0,0,0,0,0,1,0,0,0,1,0,0,0,0,0,0,0,0,0,0,0,0,0,0
tb.dut.clusters[0].cluster.sockets[0].socket.cores[0].core.execute.fpu_unit.genblk1[0].fpu_fpnew.genblk3[0].fpnew_core.gen_operation_groups[1].i_opgroup_block.gen_merged_slice.i_multifmt_slice.gen_num_lanes[0].active_lane.lane_instance.genblk1.i_fpnew_divsqrt_multi.i_divsqrt_lei.nrbd_nrsc_U0.control_U0.genblk4[0]	26	217	48163018	1032053	49196	1032053	21	49197	353522	8609	0,20,0,1,9,12,0,0,0,0,4,22,0,0,4,16,49108,0,0,0,0,0,0,0,0,0,0,0,0,0,0,0,0,0,0,0,0,0,0,0	1,0,28,13,2,0,49150,0,0,0,1,0,0,0,0,0,0,0,0,0,0,1,0,0,0,1,0,0,0,0,0,0,0,0,0,0,0,0,0,0	2	1006711	49196	1006711	21	49197	378864	8609	20,0,0,1,9,12,0,0,0,3,23,0,0,0,4,16,49108,0,0,0,0,0,0,0,0,0,0,0,0,0,0,0,0,0,0,0,0,0,0,0	0,1,28,13,1,1,23811,25339,0,0,0,1,0,0,0,0,0,0,0,0,0,1,0,0,0,1,0,0,0,0,0,0,0,0,0,0,0,0,0,0
tb.dut.clusters[0].cluster.sockets[0].socket.cores[0].core.execute.fpu_unit.genblk1[0].fpu_fpnew.genblk3[0].fpnew_core.gen_operation_groups[1].i_opgroup_block.gen_merged_slice.i_multifmt_slice.gen_num_lanes[0].active_lane.lane_instance.genblk1.i_fpnew_divsqrt_multi.i_divsqrt_lei.nrbd_nrsc_U0.control_U0.genblk4[0].iteration_div_sqrt	27	217	48163018	1032053	49196	1032053	21	49197	353522	8609	0,20,0,1,9,12,0,0,0,0,4,22,0,0,4,16,49108,0,0,0,0,0,0,0,0,0,0,0,0,0,0,0,0,0,0,0,0,0,0,0	1,0,28,13,2,0,49150,0,0,0,1,0,0,0,0,0,0,0,0,0,0,1,0,0,0,1,0,0,0,0,0,0,0,0,0,0,0,0,0,0	2	1006711	49196	1006711	21	49197	378864	8609	20,0,0,1,9,12,0,0,0,3,23,0,0,0,4,16,49108,0,0,0,0,0,0,0,0,0,0,0,0,0,0,0,0,0,0,0,0,0,0,0	0,1,28,13,1,1,23811,25339,0,0,0,1,0,0,0,0,0,0,0,0,0,1,0,0,0,1,0,0,0,0,0,0,0,0,0,0,0,0,0,0
tb.dut.clusters[0].cluster.sockets[0].socket.cores[0].core.execute.fpu_unit.genblk1[0].fpu_fpnew.genblk3[0].fpnew_core.gen_operation_groups[1].i_opgroup_block.gen_merged_slice.i_multifmt_slice.gen_num_lanes[0].active_lane.lane_instance.genblk1.i_fpnew_divsqrt_multi.i_divsqrt_lei.nrbd_nrsc_U0.control_U0.genblk4[1]	26	217	47196490	1032021	49196	1032021	21	49197	353554	8609	11,9,0,1,16,5,0,0,0,0,10,16,0,1,10,9,49108,0,0,0,0,0,0,0,0,0,0,0,0,0,0,0,0,0,0,0,0,0,0,0	1,0,7,23,13,0,49150,0,0,0,1,0,0,0,0,0,0,0,0,0,0,1,0,0,0,1,0,0,0,0,0,0,0,0,0,0,0,0,0,0	2	1006679	49185	1006679	21	49186	378896	8609	9,0,0,1,16,5,0,0,0,9,17,0,0,1,10,9,49108,0,0,0,0,0,0,0,0,0,0,0,0,0,0,0,0,0,0,0,0,0,0,0	0,1,7,18,6,1,23811,25328,0,0,0,6,6,0,0,0,0,0,0,0,0,1,0,0,0,1,0,0,0,0,0,0,0,0,0,0,0,0,0,0
tb.dut.clusters[0].cluster.sockets[0].socket.cores[0].core.execute.fpu_unit.genblk1[0].fpu_fpnew.genblk3[0].fpnew_core.gen_operation_groups[1].i_opgroup_block.gen_merged_slice.i_multifmt_slice.gen_num_lanes[0].active_lane.lane_instance.genblk1.i_fpnew_divsqrt_multi.i_divsqrt_lei.nrbd_nrsc_U0.control_U0.genblk4[1].iteration_div_sqrt	27	217	47196490	1032021	49196	1032021	21	49197	353554	8609	11,9,0,1,16,5,0,0,0,0,10,16,0,1,10,9,49108,0,0,0,0,0,0,0,0,0,0,0,0,0,0,0,0,0,0,0,0,0,0,0	1,0,7,23,13,0,49150,0,0,0,1,0,0,0,0,0,0,0,0,0,0,1,0,0,0,1,0,0,0,0,0,0,0,0,0,0,0,0,0,0	2	1006679	49185	1006679	21	49186	378896	8609	9,0,0,1,16,5,0,0,0,9,17,0,0,1,10,9,49108,0,0,0,0,0,0,0,0,0,0,0,0,0,0,0,0,0,0,0,0,0,0,0	0,1,7,18,6,1,23811,25328,0,0,0,6,6,0,0,0,0,0,0,0,0,1,0,0,0,1,0,0,0,0,0,0,0,0,0,0,0,0,0,0
tb.dut.clusters[0].cluster.sockets[0].socket.cores[0].core.execute.fpu_unit.genblk1[0].fpu_fpnew.genblk3[0].fpnew_core.gen_operation_groups[1].i_opgroup_block.gen_merged_slice.i_multifmt_slice.gen_num_lanes[0].active_lane.lane_instance.genblk1.i_fpnew_divsqrt_multi.i_divsqrt_lei.nrbd_nrsc_U0.control_U0.genblk4[2]	26	217	47309584	1032012	49196	1032012	21	49197	353563	8609	5,15,0,2,20,0,0,0,0,0,10,16,0,1,19,0,49108,0,0,0,0,0,0,0,0,0,0,0,0,0,0,0,0,0,0,0,0,0,0,0	1,0,0,28,15,0,49150,0,0,0,1,0,0,0,0,0,0,0,0,0,0,1,0,0,0,1,0,0,0,0,0,0,0,0,0,0,0,0,0,0	2	1006670	49191	1006670	21	49192	378905	8609	15,0,0,2,20,0,0,0,0,9,17,0,0,1,19,0,49108,0,0,0,0,0,0,0,0,0,0,0,0,0,0,0,0,0,0,0,0,0,0,0	0,1,0,28,9,1,23811,25334,0,0,0,1,5,0,0,0,0,0,0,0,0,1,0,0,0,1,0,0,0,0,0,0,0,0,0,0,0,0,0,0
tb.dut.clusters[0].cluster.sockets[0].socket.cores[0].core.execute.fpu_unit.genblk1[0].fpu_fpnew.genblk3[0].fpnew_core.gen_operation_groups[1].i_opgroup_block.gen_merged_slice.i_multifmt_slice.gen_num_lanes[0].active_lane.lane_instance.genblk1.i_fpnew_divsqrt_multi.i_divsqrt_lei.nrbd_nrsc_U0.control_U0.genblk4[2].iteration_div_sqrt	27	217	47309584	1032012	49196	1032012	21	49197	353563	8609	5,15,0,2,20,0,0,0,0,0,10,16,0,1,19,0,49108,0,0,0,0,0,0,0,0,0,0,0,0,0,0,0,0,0,0,0,0,0,0,0	1,0,0,28,15,0,49150,0,0,0,1,0,0,0,0,0,0,0,0,0,0,1,0,0,0,1,0,0,0,0,0,0,0,0,0,0,0,0,0,0	2	1006670	49191	1006670	21	49192	378905	8609	15,0,0,2,20,0,0,0,0,9,17,0,0,1,19,0,49108,0,0,0,0,0,0,0,0,0,0,0,0,0,0,0,0,0,0,0,0,0,0,0	0,1,0,28,9,1,23811,25334,0,0,0,1,5,0,0,0,0,0,0,0,0,1,0,0,0,1,0,0,0,0,0,0,0,0,0,0,0,0,0,0
tb.dut.clusters[0].cluster.sockets[0].socket.cores[0].core.execute.fpu_unit.genblk1[0].fpu_fpnew.genblk3[0].fpnew_core.gen_operation_groups[1].i_opgroup_block.gen_merged_slice.i_multifmt_slice.gen_num_lanes[0].active_lane.lane_instance.genblk1.i_fpnew_divsqrt_multi.i_divsqrt_lei.preprocess_U0	24	2777	13562810	245766	147461	245766	3	147462	1139809	8610	49157,98303,1,0,0,0,0,0,0,0,0,0,0,0,0,0,0,0,0,0,0,0,0,0,0,0,0,0,0,0,0,0,0,0,0,0,0,0,0,0	1,0,2,1,1,0,49151,98302,0,0,1,0,0,0,0,0,1,0,0,0,0,1,0,0,0,1,0,0,0,0,0,0,0,0,0,0,0,0,0,0	14	196554	98301	196554	2	98302	1189021	8619	48,98253,0,0,0,0,0,0,0,0,0,0,0,0,0,0,0,0,0,0,0,0,0,0,0,0,0,0,0,0,0,0,0,0,0,0,0,0,0,0	0,0,0,0,1,0,0,49123,24,0,1,0,0,0,0,49127,23,1,0,0,0,1,0,0,0,1,0,0,0,0,0,0,0,0,0,0,0,0,0,0
tb.dut.clusters[0].cluster.sockets[0].socket.cores[0].core.execute.fpu_unit.genblk1[0].fpu_fpnew.genblk3[0].fpnew_core.gen_operation_groups[1].i_opgroup_block.gen_merged_slice.i_multifmt_slice.gen_num_lanes[0].active_lane.lane_instance.genblk1.i_fpnew_divsqrt_multi.i_divsqrt_lei.preprocess_U0.LOD_Ua	25	976	3944598	98302	98302	98302	1	98303	1287273	8620	98302,0,0,0,0,0,0,0,0,0,0,0,0,0,0,0,0,0,0,0,0,0,0,0,0,0,0,0,0,0,0,0,0,0,0,0,0,0,0,0	0,0,0,0,1,0,0,0,49147,0,1,0,0,0,1,0,49151,0,0,0,0,1,0,0,0,1,0,0,0,0,0,0,0,0,0,0,0,0,0,0	5	98299	98299	98299	1	98300	1287276	8620	98299,0,0,0,0,0,0,0,0,0,0,0,0,0,0,0,0,0,0,0,0,0,0,0,0,0,0,0,0,0,0,0,0,0,0,0,0,0,0,0	0,0,0,0,1,0,0,0,49146,0,0,0,0,0,0,0,49150,1,0,0,0,1,0,0,0,1,0,0,0,0,0,0,0,0,0,0,0,0,0,0
tb.dut.clusters[0].cluster.sockets[0].socket.cores[0].core.execute.fpu_unit.genblk1[0].fpu_fpnew.genblk3[0].fpnew_core.gen_operation_groups[1].i_opgroup_block.gen_merged_slice.i_multifmt_slice.gen_num_lanes[0].active_lane.lane_instance.genblk1.i_fpnew_divsqrt_multi.i_divsqrt_lei.preprocess_U0.LOD_Ua.gen_lzc	26	851	2818561	98302	98302	98302	1	98303	1287273	8620	98302,0,0,0,0,0,0,0,0,0,0,0,0,0,0,0,0,0,0,0,0,0,0,0,0,0,0,0,0,0,0,0,0,0,0,0,0,0,0,0	0,0,0,0,1,0,0,0,49147,0,1,0,0,0,1,0,49151,0,0,0,0,1,0,0,0,1,0,0,0,0,0,0,0,0,0,0,0,0,0,0	5	98288	98288	98288	1	98289	1287287	8620	98288,0,0,0,0,0,0,0,0,0,0,0,0,0,0,0,0,0,0,0,0,0,0,0,0,0,0,0,0,0,0,0,0,0,0,0,0,0,0,0	0,0,0,0,0,0,0,0,49137,0,0,0,0,0,0,0,49149,0,1,0,0,1,0,0,0,1,0,0,0,0,0,0,0,0,0,0,0,0,0,0
tb.dut.clusters[0].cluster.sockets[0].socket.cores[0].core.execute.fpu_unit.genblk1[0].fpu_fpnew.genblk3[0].fpnew_core.gen_operation_groups[1].i_opgroup_block.gen_merged_slice.i_multifmt_slice.gen_num_lanes[0].active_lane.lane_instance.genblk1.i_fpnew_divsqrt_multi.i_divsqrt_lei.preprocess_U0.LOD_Ub	25	976	369720	12324	12324	12324	1	12325	1373251	8984	12324,0,0,0,0,0,0,0,0,0,0,0,0,0,0,0,0,0,0,0,0,0,0,0,0,0,0,0,0,0,0,0,0,0,0,0,0,0,0,0	0,0,0,0,0,0,0,0,9,0,0,0,0,0,0,0,6927,2316,0,4,3067,1,0,0,0,1,0,0,0,0,0,0,0,0,0,0,0,0,0,0	5	12324	12324	12324	1	12325	1373251	8984	12324,0,0,0,0,0,0,0,0,0,0,0,0,0,0,0,0,0,0,0,0,0,0,0,0,0,0,0,0,0,0,0,0,0,0,0,0,0,0,0	0,0,0,0,0,0,0,0,9,0,0,0,0,0,0,0,6927,2316,0,4,3067,1,0,0,0,1,0,0,0,0,0,0,0,0,0,0,0,0,0,0
tb.dut.clusters[0].cluster.sockets[0].socket.cores[0].core.execute.fpu_unit.genblk1[0].fpu_fpnew.genblk3[0].fpnew_core.gen_operation_groups[1].i_opgroup_block.gen_merged_slice.i_multifmt_slice.gen_num_lanes[0].active_lane.lane_instance.genblk1.i_fpnew_divsqrt_multi.i_divsqrt_lei.preprocess_U0.LOD_Ub.gen_lzc	26	851	332748	12324	12324	12324	1	12325	1373251	8984	12324,0,0,0,0,0,0,0,0,0,0,0,0,0,0,0,0,0,0,0,0,0,0,0,0,0,0,0,0,0,0,0,0,0,0,0,0,0,0,0	0,0,0,0,0,0,0,0,9,0,0,0,0,0,0,0,6927,2316,0,4,3067,1,0,0,0,1,0,0,0,0,0,0,0,0,0,0,0,0,0,0	5	12324	12324	12324	1	12325	1373251	8984	12324,0,0,0,0,0,0,0,0,0,0,0,0,0,0,0,0,0,0,0,0,0,0,0,0,0,0,0,0,0,0,0,0,0,0,0,0,0,0,0	0,0,0,0,0,0,0,0,9,0,0,0,0,0,0,0,6927,2316,0,4,3067,1,0,0,0,1,0,0,0,0,0,0,0,0,0,0,0,0,0,0
tb.dut.clusters[0].cluster.sockets[0].socket.cores[0].core.execute.fpu_unit.genblk1[0].fpu_fpnew.genblk3[0].fpnew_core.gen_operation_groups[1].i_opgroup_block.gen_merged_slice.i_multifmt_slice.gen_num_lanes[0].pack_fp_result[0]	19	32	0	0	0	0	0	1	1385575	1385575	0,0,0,0,0,0,0,0,0,0,0,0,0,0,0,0,0,0,0,0,0,0,0,0,0,0,0,0,0,0,0,0,0,0,0,0,0,0,0,0	0,0,0,0,0,0,0,0,0,0,0,0,0,0,0,0,0,0,0,0,0,0,0,0,0,0,0,0,0,0,0,0,1,0,0,0,0,0,0,0	2	0	0	0	0	1	1385575	1385575	0,0,0,0,0,0,0,0,0,0,0,0,0,0,0,0,0,0,0,0,0,0,0,0,0,0,0,0,0,0,0,0,0,0,0,0,0,0,0,0	0,0,0,0,0,0,0,0,0,0,0,0,0,0,0,0,0,0,0,0,0,0,0,0,0,0,0,0,0,0,0,0,1,0,0,0,0,0,0,0
tb.dut.clusters[0].cluster.sockets[0].socket.cores[0].core.execute.fpu_unit.genblk1[0].fpu_fpnew.genblk3[0].fpnew_core.gen_operation_groups[1].i_opgroup_block.gen_merged_slice.i_multifmt_slice.gen_num_lanes[0].pack_fp_result[1]	19	32	0	0	0	0	0	1	1385575	1385575	0,0,0,0,0,0,0,0,0,0,0,0,0,0,0,0,0,0,0,0,0,0,0,0,0,0,0,0,0,0,0,0,0,0,0,0,0,0,0,0	0,0,0,0,0,0,0,0,0,0,0,0,0,0,0,0,0,0,0,0,0,0,0,0,0,0,0,0,0,0,0,0,1,0,0,0,0,0,0,0	2	0	0	0	0	1	1385575	1385575	0,0,0,0,0,0,0,0,0,0,0,0,0,0,0,0,0,0,0,0,0,0,0,0,0,0,0,0,0,0,0,0,0,0,0,0,0,0,0,0	0,0,0,0,0,0,0,0,0,0,0,0,0,0,0,0,0,0,0,0,0,0,0,0,0,0,0,0,0,0,0,0,1,0,0,0,0,0,0,0
tb.dut.clusters[0].cluster.sockets[0].socket.cores[0].core.execute.fpu_unit.genblk1[0].fpu_fpnew.genblk3[0].fpnew_core.gen_operation_groups[1].i_opgroup_block.gen_merged_slice.i_multifmt_slice.gen_num_lanes[0].pack_fp_result[2]	19	32	0	0	0	0	0	1	1385575	1385575	0,0,0,0,0,0,0,0,0,0,0,0,0,0,0,0,0,0,0,0,0,0,0,0,0,0,0,0,0,0,0,0,0,0,0,0,0,0,0,0	0,0,0,0,0,0,0,0,0,0,0,0,0,0,0,0,0,0,0,0,0,0,0,0,0,0,0,0,0,0,0,0,1,0,0,0,0,0,0,0	2	0	0	0	0	1	1385575	1385575	0,0,0,0,0,0,0,0,0,0,0,0,0,0,0,0,0,0,0,0,0,0,0,0,0,0,0,0,0,0,0,0,0,0,0,0,0,0,0,0	0,0,0,0,0,0,0,0,0,0,0,0,0,0,0,0,0,0,0,0,0,0,0,0,0,0,0,0,0,0,0,0,1,0,0,0,0,0,0,0
tb.dut.clusters[0].cluster.sockets[0].socket.cores[0].core.execute.fpu_unit.genblk1[0].fpu_fpnew.genblk3[0].fpnew_core.gen_operation_groups[1].i_opgroup_block.gen_merged_slice.i_multifmt_slice.gen_num_lanes[0].pack_fp_result[3]	19	32	0	0	0	0	0	1	1385575	1385575	0,0,0,0,0,0,0,0,0,0,0,0,0,0,0,0,0,0,0,0,0,0,0,0,0,0,0,0,0,0,0,0,0,0,0,0,0,0,0,0	0,0,0,0,0,0,0,0,0,0,0,0,0,0,0,0,0,0,0,0,0,0,0,0,0,0,0,0,0,0,0,0,1,0,0,0,0,0,0,0	2	0	0	0	0	1	1385575	1385575	0,0,0,0,0,0,0,0,0,0,0,0,0,0,0,0,0,0,0,0,0,0,0,0,0,0,0,0,0,0,0,0,0,0,0,0,0,0,0,0	0,0,0,0,0,0,0,0,0,0,0,0,0,0,0,0,0,0,0,0,0,0,0,0,0,0,0,0,0,0,0,0,1,0,0,0,0,0,0,0
tb.dut.clusters[0].cluster.sockets[0].socket.cores[0].core.execute.fpu_unit.genblk1[0].fpu_fpnew.genblk3[0].fpnew_core.gen_operation_groups[1].i_opgroup_block.gen_merged_slice.i_multifmt_slice.gen_num_lanes[0].pack_fp_result[4]	19	32	0	0	0	0	0	1	1385575	1385575	0,0,0,0,0,0,0,0,0,0,0,0,0,0,0,0,0,0,0,0,0,0,0,0,0,0,0,0,0,0,0,0,0,0,0,0,0,0,0,0	0,0,0,0,0,0,0,0,0,0,0,0,0,0,0,0,0,0,0,0,0,0,0,0,0,0,0,0,0,0,0,0,1,0,0,0,0,0,0,0	2	0	0	0	0	1	1385575	1385575	0,0,0,0,0,0,0,0,0,0,0,0,0,0,0,0,0,0,0,0,0,0,0,0,0,0,0,0,0,0,0,0,0,0,0,0,0,0,0,0	0,0,0,0,0,0,0,0,0,0,0,0,0,0,0,0,0,0,0,0,0,0,0,0,0,0,0,0,0,0,0,0,1,0,0,0,0,0,0,0
tb.dut.clusters[0].cluster.sockets[0].socket.cores[0].core.execute.fpu_unit.genblk1[0].fpu_fpnew.genblk3[0].fpnew_core.gen_operation_groups[1].i_opgroup_block.gen_parallel_slices[0]	16	2	0	0	0	0	0	1	1385575	1385575	0,0,0,0,0,0,0,0,0,0,0,0,0,0,0,0,0,0,0,0,0,0,0,0,0,0,0,0,0,0,0,0,0,0,0,0,0,0,0,0	0,0,0,0,0,0,0,0,0,0,0,0,0,0,0,0,0,0,0,0,0,0,0,0,0,0,0,0,0,0,0,0,1,0,0,0,0,0,0,0	2	0	0	0	0	1	1385575	1385575	0,0,0,0,0,0,0,0,0,0,0,0,0,0,0,0,0,0,0,0,0,0,0,0,0,0,0,0,0,0,0,0,0,0,0,0,0,0,0,0	0,0,0,0,0,0,0,0,0,0,0,0,0,0,0,0,0,0,0,0,0,0,0,0,0,0,0,0,0,0,0,0,1,0,0,0,0,0,0,0
tb.dut.clusters[0].cluster.sockets[0].socket.cores[0].core.execute.fpu_unit.genblk1[0].fpu_fpnew.genblk3[0].fpnew_core.gen_operation_groups[1].i_opgroup_block.gen_parallel_slices[1]	16	2	0	0	0	0	0	1	1385575	1385575	0,0,0,0,0,0,0,0,0,0,0,0,0,0,0,0,0,0,0,0,0,0,0,0,0,0,0,0,0,0,0,0,0,0,0,0,0,0,0,0	0,0,0,0,0,0,0,0,0,0,0,0,0,0,0,0,0,0,0,0,0,0,0,0,0,0,0,0,0,0,0,0,1,0,0,0,0,0,0,0	2	0	0	0	0	1	1385575	1385575	0,0,0,0,0,0,0,0,0,0,0,0,0,0,0,0,0,0,0,0,0,0,0,0,0,0,0,0,0,0,0,0,0,0,0,0,0,0,0,0	0,0,0,0,0,0,0,0,0,0,0,0,0,0,0,0,0,0,0,0,0,0,0,0,0,0,0,0,0,0,0,0,1,0,0,0,0,0,0,0
tb.dut.clusters[0].cluster.sockets[0].socket.cores[0].core.execute.fpu_unit.genblk1[0].fpu_fpnew.genblk3[0].fpnew_core.gen_operation_groups[1].i_opgroup_block.gen_parallel_slices[2]	16	2	0	0	0	0	0	1	1385575	1385575	0,0,0,0,0,0,0,0,0,0,0,0,0,0,0,0,0,0,0,0,0,0,0,0,0,0,0,0,0,0,0,0,0,0,0,0,0,0,0,0	0,0,0,0,0,0,0,0,0,0,0,0,0,0,0,0,0,0,0,0,0,0,0,0,0,0,0,0,0,0,0,0,1,0,0,0,0,0,0,0	2	0	0	0	0	1	1385575	1385575	0,0,0,0,0,0,0,0,0,0,0,0,0,0,0,0,0,0,0,0,0,0,0,0,0,0,0,0,0,0,0,0,0,0,0,0,0,0,0,0	0,0,0,0,0,0,0,0,0,0,0,0,0,0,0,0,0,0,0,0,0,0,0,0,0,0,0,0,0,0,0,0,1,0,0,0,0,0,0,0
tb.dut.clusters[0].cluster.sockets[0].socket.cores[0].core.execute.fpu_unit.genblk1[0].fpu_fpnew.genblk3[0].fpnew_core.gen_operation_groups[1].i_opgroup_block.gen_parallel_slices[3]	16	2	0	0	0	0	0	1	1385575	1385575	0,0,0,0,0,0,0,0,0,0,0,0,0,0,0,0,0,0,0,0,0,0,0,0,0,0,0,0,0,0,0,0,0,0,0,0,0,0,0,0	0,0,0,0,0,0,0,0,0,0,0,0,0,0,0,0,0,0,0,0,0,0,0,0,0,0,0,0,0,0,0,0,1,0,0,0,0,0,0,0	2	0	0	0	0	1	1385575	1385575	0,0,0,0,0,0,0,0,0,0,0,0,0,0,0,0,0,0,0,0,0,0,0,0,0,0,0,0,0,0,0,0,0,0,0,0,0,0,0,0	0,0,0,0,0,0,0,0,0,0,0,0,0,0,0,0,0,0,0,0,0,0,0,0,0,0,0,0,0,0,0,0,1,0,0,0,0,0,0,0
tb.dut.clusters[0].cluster.sockets[0].socket.cores[0].core.execute.fpu_unit.genblk1[0].fpu_fpnew.genblk3[0].fpnew_core.gen_operation_groups[1].i_opgroup_block.gen_parallel_slices[4]	16	2	0	0	0	0	0	1	1385575	1385575	0,0,0,0,0,0,0,0,0,0,0,0,0,0,0,0,0,0,0,0,0,0,0,0,0,0,0,0,0,0,0,0,0,0,0,0,0,0,0,0	0,0,0,0,0,0,0,0,0,0,0,0,0,0,0,0,0,0,0,0,0,0,0,0,0,0,0,0,0,0,0,0,1,0,0,0,0,0,0,0	2	0	0	0	0	1	1385575	1385575	0,0,0,0,0,0,0,0,0,0,0,0,0,0,0,0,0,0,0,0,0,0,0,0,0,0,0,0,0,0,0,0,0,0,0,0,0,0,0,0	0,0,0,0,0,0,0,0,0,0,0,0,0,0,0,0,0,0,0,0,0,0,0,0,0,0,0,0,0,0,0,0,1,0,0,0,0,0,0,0
tb.dut.clusters[0].cluster.sockets[0].socket.cores[0].core.execute.fpu_unit.genblk1[0].fpu_fpnew.genblk3[0].fpnew_core.gen_operation_groups[1].i_opgroup_block.i_arbiter	16	1510	25073037	196610	98306	196610	2	98307	1188965	8601	2,98304,0,0,0,0,0,0,0,0,0,0,0,0,0,0,0,0,0,0,0,0,0,0,0,0,0,0,0,0,0,0,0,0,0,0,0,0,0,0	0,0,1,0,0,0,0,49150,0,1,0,0,0,1,0,49150,2,0,0,0,0,1,0,0,0,1,0,0,0,0,0,0,0,0,0,0,0,0,0,0	8	196608	98304	196608	2	98305	1188967	8601	0,98304,0,0,0,0,0,0,0,0,0,0,0,0,0,0,0,0,0,0,0,0,0,0,0,0,0,0,0,0,0,0,0,0,0,0,0,0,0,0	0,0,0,0,0,0,0,49150,0,1,0,0,0,1,0,49150,1,0,0,0,0,1,0,0,0,1,0,0,0,0,0,0,0,0,0,0,0,0,0,0
tb.dut.clusters[0].cluster.sockets[0].socket.cores[0].core.execute.fpu_unit.genblk1[0].fpu_fpnew.genblk3[0].fpnew_core.gen_operation_groups[1].i_opgroup_block.i_arbiter.gen_arbiter	17	1150	16668008	196608	98304	196608	2	98305	1188967	8601	0,98304,0,0,0,0,0,0,0,0,0,0,0,0,0,0,0,0,0,0,0,0,0,0,0,0,0,0,0,0,0,0,0,0,0,0,0,0,0,0	0,0,0,0,0,0,0,49150,0,1,0,0,0,1,0,49150,1,0,0,0,0,1,0,0,0,1,0,0,0,0,0,0,0,0,0,0,0,0,0,0	6	196608	98304	196608	2	98305	1188967	8601	0,98304,0,0,0,0,0,0,0,0,0,0,0,0,0,0,0,0,0,0,0,0,0,0,0,0,0,0,0,0,0,0,0,0,0,0,0,0,0,0	0,0,0,0,0,0,0,49150,0,1,0,0,0,1,0,49150,1,0,0,0,0,1,0,0,0,1,0,0,0,0,0,0,0,0,0,0,0,0,0,0
tb.dut.clusters[0].cluster.sockets[0].socket.cores[0].core.execute.fpu_unit.genblk1[0].fpu_fpnew.genblk3[0].fpnew_core.gen_operation_groups[1].i_opgroup_block.i_arbiter.gen_arbiter.gen_int_rr	18	340	1966080	196608	98304	196608	2	98305	1188967	8601	0,98304,0,0,0,0,0,0,0,0,0,0,0,0,0,0,0,0,0,0,0,0,0,0,0,0,0,0,0,0,0,0,0,0,0,0,0,0,0,0	0,0,0,0,0,0,0,49150,0,1,0,0,0,1,0,49150,1,0,0,0,0,1,0,0,0,1,0,0,0,0,0,0,0,0,0,0,0,0,0,0	2	196608	98304	196608	2	98305	1188967	8601	0,98304,0,0,0,0,0,0,0,0,0,0,0,0,0,0,0,0,0,0,0,0,0,0,0,0,0,0,0,0,0,0,0,0,0,0,0,0,0,0	0,0,0,0,0,0,0,49150,0,1,0,0,0,1,0,49150,1,0,0,0,0,1,0,0,0,1,0,0,0,0,0,0,0,0,0,0,0,0,0,0
tb.dut.clusters[0].cluster.sockets[0].socket.cores[0].core.execute.fpu_unit.genblk1[0].fpu_fpnew.genblk3[0].fpnew_core.gen_operation_groups[1].i_opgroup_block.i_arbiter.gen_arbiter.gen_int_rr.gen_fair_arb	19	337	1966080	196608	98304	196608	2	98305	1188967	8601	0,98304,0,0,0,0,0,0,0,0,0,0,0,0,0,0,0,0,0,0,0,0,0,0,0,0,0,0,0,0,0,0,0,0,0,0,0,0,0,0	0,0,0,0,0,0,0,49150,0,1,0,0,0,1,0,49150,1,0,0,0,0,1,0,0,0,1,0,0,0,0,0,0,0,0,0,0,0,0,0,0	2	196608	98304	196608	2	98305	1188967	8601	0,98304,0,0,0,0,0,0,0,0,0,0,0,0,0,0,0,0,0,0,0,0,0,0,0,0,0,0,0,0,0,0,0,0,0,0,0,0,0,0	0,0,0,0,0,0,0,49150,0,1,0,0,0,1,0,49150,1,0,0,0,0,1,0,0,0,1,0,0,0,0,0,0,0,0,0,0,0,0,0,0
tb.dut.clusters[0].cluster.sockets[0].socket.cores[0].core.execute.fpu_unit.genblk1[0].fpu_fpnew.genblk3[0].fpnew_core.gen_operation_groups[1].i_opgroup_block.i_arbiter.gen_arbiter.gen_int_rr.gen_fair_arb.i_lzc_lower	20	158	1769472	196608	98304	196608	2	98305	1188967	8601	0,98304,0,0,0,0,0,0,0,0,0,0,0,0,0,0,0,0,0,0,0,0,0,0,0,0,0,0,0,0,0,0,0,0,0,0,0,0,0,0	0,0,0,0,0,0,0,49150,0,1,0,0,0,1,0,49150,1,0,0,0,0,1,0,0,0,1,0,0,0,0,0,0,0,0,0,0,0,0,0,0	2	196608	98304	196608	2	98305	1188967	8601	0,98304,0,0,0,0,0,0,0,0,0,0,0,0,0,0,0,0,0,0,0,0,0,0,0,0,0,0,0,0,0,0,0,0,0,0,0,0,0,0	0,0,0,0,0,0,0,49150,0,1,0,0,0,1,0,49150,1,0,0,0,0,1,0,0,0,1,0,0,0,0,0,0,0,0,0,0,0,0,0,0
tb.dut.clusters[0].cluster.sockets[0].socket.cores[0].core.execute.fpu_unit.genblk1[0].fpu_fpnew.genblk3[0].fpnew_core.gen_operation_groups[1].i_opgroup_block.i_arbiter.gen_arbiter.gen_int_rr.gen_fair_arb.i_lzc_lower.gen_lzc	21	84	1376256	196608	98304	196608	2	98305	1188967	8601	0,98304,0,0,0,0,0,0,0,0,0,0,0,0,0,0,0,0,0,0,0,0,0,0,0,0,0,0,0,0,0,0,0,0,0,0,0,0,0,0	0,0,0,0,0,0,0,49150,0,1,0,0,0,1,0,49150,1,0,0,0,0,1,0,0,0,1,0,0,0,0,0,0,0,0,0,0,0,0,0,0	2	196608	98304	196608	2	98305	1188967	8601	0,98304,0,0,0,0,0,0,0,0,0,0,0,0,0,0,0,0,0,0,0,0,0,0,0,0,0,0,0,0,0,0,0,0,0,0,0,0,0,0	0,0,0,0,0,0,0,49150,0,1,0,0,0,1,0,49150,1,0,0,0,0,1,0,0,0,1,0,0,0,0,0,0,0,0,0,0,0,0,0,0
tb.dut.clusters[0].cluster.sockets[0].socket.cores[0].core.execute.fpu_unit.genblk1[0].fpu_fpnew.genblk3[0].fpnew_core.gen_operation_groups[1].i_opgroup_block.i_arbiter.gen_arbiter.gen_int_rr.gen_fair_arb.i_lzc_upper	20	158	0	0	0	0	0	1	1385575	1385575	0,0,0,0,0,0,0,0,0,0,0,0,0,0,0,0,0,0,0,0,0,0,0,0,0,0,0,0,0,0,0,0,0,0,0,0,0,0,0,0	0,0,0,0,0,0,0,0,0,0,0,0,0,0,0,0,0,0,0,0,0,0,0,0,0,0,0,0,0,0,0,0,1,0,0,0,0,0,0,0	2	0	0	0	0	1	1385575	1385575	0,0,0,0,0,0,0,0,0,0,0,0,0,0,0,0,0,0,0,0,0,0,0,0,0,0,0,0,0,0,0,0,0,0,0,0,0,0,0,0	0,0,0,0,0,0,0,0,0,0,0,0,0,0,0,0,0,0,0,0,0,0,0,0,0,0,0,0,0,0,0,0,1,0,0,0,0,0,0,0
tb.dut.clusters[0].cluster.sockets[0].socket.cores[0].core.execute.fpu_unit.genblk1[0].fpu_fpnew.genblk3[0].fpnew_core.gen_operation_groups[1].i_opgroup_block.i_arbiter.gen_arbiter.gen_int_rr.gen_fair_arb.i_lzc_upper.gen_lzc	21	84	0	0	0	0	0	1	1385575	1385575	0,0,0,0,0,0,0,0,0,0,0,0,0,0,0,0,0,0,0,0,0,0,0,0,0,0,0,0,0,0,0,0,0,0,0,0,0,0,0,0	0,0,0,0,0,0,0,0,0,0,0,0,0,0,0,0,0,0,0,0,0,0,0,0,0,0,0,0,0,0,0,0,1,0,0,0,0,0,0,0	2	0	0	0	0	1	1385575	1385575	0,0,0,0,0,0,0,0,0,0,0,0,0,0,0,0,0,0,0,0,0,0,0,0,0,0,0,0,0,0,0,0,0,0,0,0,0,0,0,0	0,0,0,0,0,0,0,0,0,0,0,0,0,0,0,0,0,0,0,0,0,0,0,0,0,0,0,0,0,0,0,0,1,0,0,0,0,0,0,0
tb.dut.clusters[0].cluster.sockets[0].socket.cores[0].core.execute.fpu_unit.genblk1[0].fpu_fpnew.genblk3[0].fpnew_core.gen_operation_groups[1].i_opgroup_block.i_arbiter.gen_arbiter.gen_levels[0]	18	65	196608	196608	98304	196608	2	98305	1188967	8601	0,98304,0,0,0,0,0,0,0,0,0,0,0,0,0,0,0,0,0,0,0,0,0,0,0,0,0,0,0,0,0,0,0,0,0,0,0,0,0,0	0,0,0,0,0,0,0,49150,0,1,0,0,0,1,0,49150,1,0,0,0,0,1,0,0,0,1,0,0,0,0,0,0,0,0,0,0,0,0,0,0	2	0	0	0	0	1	1385575	1385575	0,0,0,0,0,0,0,0,0,0,0,0,0,0,0,0,0,0,0,0,0,0,0,0,0,0,0,0,0,0,0,0,0,0,0,0,0,0,0,0	0,0,0,0,0,0,0,0,0,0,0,0,0,0,0,0,0,0,0,0,0,0,0,0,0,0,0,0,0,0,0,0,1,0,0,0,0,0,0,0
tb.dut.clusters[0].cluster.sockets[0].socket.cores[0].core.execute.fpu_unit.genblk1[0].fpu_fpnew.genblk3[0].fpnew_core.gen_operation_groups[1].i_opgroup_block.i_arbiter.gen_arbiter.gen_levels[0].gen_level[0]	19	65	196608	196608	98304	196608	2	98305	1188967	8601	0,98304,0,0,0,0,0,0,0,0,0,0,0,0,0,0,0,0,0,0,0,0,0,0,0,0,0,0,0,0,0,0,0,0,0,0,0,0,0,0	0,0,0,0,0,0,0,49150,0,1,0,0,0,1,0,49150,1,0,0,0,0,1,0,0,0,1,0,0,0,0,0,0,0,0,0,0,0,0,0,0	2	0	0	0	0	1	1385575	1385575	0,0,0,0,0,0,0,0,0,0,0,0,0,0,0,0,0,0,0,0,0,0,0,0,0,0,0,0,0,0,0,0,0,0,0,0,0,0,0,0	0,0,0,0,0,0,0,0,0,0,0,0,0,0,0,0,0,0,0,0,0,0,0,0,0,0,0,0,0,0,0,0,1,0,0,0,0,0,0,0
tb.dut.clusters[0].cluster.sockets[0].socket.cores[0].core.execute.fpu_unit.genblk1[0].fpu_fpnew.genblk3[0].fpnew_core.gen_operation_groups[1].i_opgroup_block.i_arbiter.gen_arbiter.gen_levels[1]	18	130	196608	196608	98304	196608	2	98305	1188967	8601	0,98304,0,0,0,0,0,0,0,0,0,0,0,0,0,0,0,0,0,0,0,0,0,0,0,0,0,0,0,0,0,0,0,0,0,0,0,0,0,0	0,0,0,0,0,0,0,49150,0,1,0,0,0,1,0,49150,1,0,0,0,0,1,0,0,0,1,0,0,0,0,0,0,0,0,0,0,0,0,0,0	2	0	0	0	0	1	1385575	1385575	0,0,0,0,0,0,0,0,0,0,0,0,0,0,0,0,0,0,0,0,0,0,0,0,0,0,0,0,0,0,0,0,0,0,0,0,0,0,0,0	0,0,0,0,0,0,0,0,0,0,0,0,0,0,0,0,0,0,0,0,0,0,0,0,0,0,0,0,0,0,0,0,1,0,0,0,0,0,0,0
tb.dut.clusters[0].cluster.sockets[0].socket.cores[0].core.execute.fpu_unit.genblk1[0].fpu_fpnew.genblk3[0].fpnew_core.gen_operation_groups[1].i_opgroup_block.i_arbiter.gen_arbiter.gen_levels[1].gen_level[0]	19	65	196608	196608	98304	196608	2	98305	1188967	8601	0,98304,0,0,0,0,0,0,0,0,0,0,0,0,0,0,0,0,0,0,0,0,0,0,0,0,0,0,0,0,0,0,0,0,0,0,0,0,0,0	0,0,0,0,0,0,0,49150,0,1,0,0,0,1,0,49150,1,0,0,0,0,1,0,0,0,1,0,0,0,0,0,0,0,0,0,0,0,0,0,0	2	0	0	0	0	1	1385575	1385575	0,0,0,0,0,0,0,0,0,0,0,0,0,0,0,0,0,0,0,0,0,0,0,0,0,0,0,0,0,0,0,0,0,0,0,0,0,0,0,0	0,0,0,0,0,0,0,0,0,0,0,0,0,0,0,0,0,0,0,0,0,0,0,0,0,0,0,0,0,0,0,0,1,0,0,0,0,0,0,0
tb.dut.clusters[0].cluster.sockets[0].socket.cores[0].core.execute.fpu_unit.genblk1[0].fpu_fpnew.genblk3[0].fpnew_core.gen_operation_groups[1].i_opgroup_block.i_arbiter.gen_arbiter.gen_levels[1].gen_level[1]	19	65	0	0	0	0	0	1	1385575	1385575	0,0,0,0,0,0,0,0,0,0,0,0,0,0,0,0,0,0,0,0,0,0,0,0,0,0,0,0,0,0,0,0,0,0,0,0,0,0,0,0	0,0,0,0,0,0,0,0,0,0,0,0,0,0,0,0,0,0,0,0,0,0,0,0,0,0,0,0,0,0,0,0,1,0,0,0,0,0,0,0	2	0	0	0	0	1	1385575	1385575	0,0,0,0,0,0,0,0,0,0,0,0,0,0,0,0,0,0,0,0,0,0,0,0,0,0,0,0,0,0,0,0,0,0,0,0,0,0,0,0	0,0,0,0,0,0,0,0,0,0,0,0,0,0,0,0,0,0,0,0,0,0,0,0,0,0,0,0,0,0,0,0,1,0,0,0,0,0,0,0
tb.dut.clusters[0].cluster.sockets[0].socket.cores[0].core.execute.fpu_unit.genblk1[0].fpu_fpnew.genblk3[0].fpnew_core.gen_operation_groups[1].i_opgroup_block.i_arbiter.gen_arbiter.gen_levels[2]	18	260	196608	196608	98304	196608	2	98305	1188967	8601	0,98304,0,0,0,0,0,0,0,0,0,0,0,0,0,0,0,0,0,0,0,0,0,0,0,0,0,0,0,0,0,0,0,0,0,0,0,0,0,0	0,0,0,0,0,0,0,49150,0,1,0,0,0,1,0,49150,1,0,0,0,0,1,0,0,0,1,0,0,0,0,0,0,0,0,0,0,0,0,0,0	2	0	0	0	0	1	1385575	1385575	0,0,0,0,0,0,0,0,0,0,0,0,0,0,0,0,0,0,0,0,0,0,0,0,0,0,0,0,0,0,0,0,0,0,0,0,0,0,0,0	0,0,0,0,0,0,0,0,0,0,0,0,0,0,0,0,0,0,0,0,0,0,0,0,0,0,0,0,0,0,0,0,1,0,0,0,0,0,0,0
tb.dut.clusters[0].cluster.sockets[0].socket.cores[0].core.execute.fpu_unit.genblk1[0].fpu_fpnew.genblk3[0].fpnew_core.gen_operation_groups[1].i_opgroup_block.i_arbiter.gen_arbiter.gen_levels[2].gen_level[0]	19	65	196608	196608	98304	196608	2	98305	1188967	8601	0,98304,0,0,0,0,0,0,0,0,0,0,0,0,0,0,0,0,0,0,0,0,0,0,0,0,0,0,0,0,0,0,0,0,0,0,0,0,0,0	0,0,0,0,0,0,0,49150,0,1,0,0,0,1,0,49150,1,0,0,0,0,1,0,0,0,1,0,0,0,0,0,0,0,0,0,0,0,0,0,0	2	0	0	0	0	1	1385575	1385575	0,0,0,0,0,0,0,0,0,0,0,0,0,0,0,0,0,0,0,0,0,0,0,0,0,0,0,0,0,0,0,0,0,0,0,0,0,0,0,0	0,0,0,0,0,0,0,0,0,0,0,0,0,0,0,0,0,0,0,0,0,0,0,0,0,0,0,0,0,0,0,0,1,0,0,0,0,0,0,0
tb.dut.clusters[0].cluster.sockets[0].socket.cores[0].core.execute.fpu_unit.genblk1[0].fpu_fpnew.genblk3[0].fpnew_core.gen_operation_groups[1].i_opgroup_block.i_arbiter.gen_arbiter.gen_levels[2].gen_level[1]	19	65	0	0	0	0	0	1	1385575	1385575	0,0,0,0,0,0,0,0,0,0,0,0,0,0,0,0,0,0,0,0,0,0,0,0,0,0,0,0,0,0,0,0,0,0,0,0,0,0,0,0	0,0,0,0,0,0,0,0,0,0,0,0,0,0,0,0,0,0,0,0,0,0,0,0,0,0,0,0,0,0,0,0,1,0,0,0,0,0,0,0	2	0	0	0	0	1	1385575	1385575	0,0,0,0,0,0,0,0,0,0,0,0,0,0,0,0,0,0,0,0,0,0,0,0,0,0,0,0,0,0,0,0,0,0,0,0,0,0,0,0	0,0,0,0,0,0,0,0,0,0,0,0,0,0,0,0,0,0,0,0,0,0,0,0,0,0,0,0,0,0,0,0,1,0,0,0,0,0,0,0
tb.dut.clusters[0].cluster.sockets[0].socket.cores[0].core.execute.fpu_unit.genblk1[0].fpu_fpnew.genblk3[0].fpnew_core.gen_operation_groups[1].i_opgroup_block.i_arbiter.gen_arbiter.gen_levels[2].gen_level[2]	19	65	0	0	0	0	0	1	1385575	1385575	0,0,0,0,0,0,0,0,0,0,0,0,0,0,0,0,0,0,0,0,0,0,0,0,0,0,0,0,0,0,0,0,0,0,0,0,0,0,0,0	0,0,0,0,0,0,0,0,0,0,0,0,0,0,0,0,0,0,0,0,0,0,0,0,0,0,0,0,0,0,0,0,1,0,0,0,0,0,0,0	2	0	0	0	0	1	1385575	1385575	0,0,0,0,0,0,0,0,0,0,0,0,0,0,0,0,0,0,0,0,0,0,0,0,0,0,0,0,0,0,0,0,0,0,0,0,0,0,0,0	0,0,0,0,0,0,0,0,0,0,0,0,0,0,0,0,0,0,0,0,0,0,0,0,0,0,0,0,0,0,0,0,1,0,0,0,0,0,0,0
tb.dut.clusters[0].cluster.sockets[0].socket.cores[0].core.execute.fpu_unit.genblk1[0].fpu_fpnew.genblk3[0].fpnew_core.gen_operation_groups[1].i_opgroup_block.i_arbiter.gen_arbiter.gen_levels[2].gen_level[3]	19	65	0	0	0	0	0	1	1385575	1385575	0,0,0,0,0,0,0,0,0,0,0,0,0,0,0,0,0,0,0,0,0,0,0,0,0,0,0,0,0,0,0,0,0,0,0,0,0,0,0,0	0,0,0,0,0,0,0,0,0,0,0,0,0,0,0,0,0,0,0,0,0,0,0,0,0,0,0,0,0,0,0,0,1,0,0,0,0,0,0,0	2	0	0	0	0	1	1385575	1385575	0,0,0,0,0,0,0,0,0,0,0,0,0,0,0,0,0,0,0,0,0,0,0,0,0,0,0,0,0,0,0,0,0,0,0,0,0,0,0,0	0,0,0,0,0,0,0,0,0,0,0,0,0,0,0,0,0,0,0,0,0,0,0,0,0,0,0,0,0,0,0,0,1,0,0,0,0,0,0,0
tb.dut.clusters[0].cluster.sockets[0].socket.cores[0].core.execute.fpu_unit.genblk1[0].fpu_fpnew.genblk3[0].fpnew_core.gen_operation_groups[2]	14	4265	7383803	147623	98376	147623	10	98377	1237952	8627	49162,49202,6,1,3,0,0,0,0,2,0,0,0,0,0,0,0,0,0,0,0,0,0,0,0,0,0,0,0,0,0,0,0,0,0,0,0,0,0,0	46,19,2,4,1,0,0,1,49148,0,1,0,0,1,0,49149,3,0,0,0,1,0,0,0,0,1,0,0,0,0,0,0,0,0,0,0,0,0,0,0	22	98352	98311	98352	10	98312	1287223	8627	98289,18,1,1,0,0,0,0,0,2,0,0,0,0,0,0,0,0,0,0,0,0,0,0,0,0,0,0,0,0,0,0,0,0,0,0,0,0,0,0	15,3,3,1,5,0,0,1,49122,0,0,5,3,0,1,1,49146,4,0,0,1,0,0,0,0,1,0,0,0,0,0,0,0,0,0,0,0,0,0,0
tb.dut.clusters[0].cluster.sockets[0].socket.cores[0].core.execute.fpu_unit.genblk1[0].fpu_fpnew.genblk3[0].fpnew_core.gen_operation_groups[2].i_opgroup_block	15	4222	7383787	147623	98376	147623	10	98377	1237952	8627	49162,49202,6,1,3,0,0,0,0,2,0,0,0,0,0,0,0,0,0,0,0,0,0,0,0,0,0,0,0,0,0,0,0,0,0,0,0,0,0,0	46,19,2,4,1,0,0,1,49148,0,1,0,0,1,0,49149,3,0,0,0,1,0,0,0,0,1,0,0,0,0,0,0,0,0,0,0,0,0,0,0	22	98352	98311	98352	10	98312	1287223	8627	98289,18,1,1,0,0,0,0,0,2,0,0,0,0,0,0,0,0,0,0,0,0,0,0,0,0,0,0,0,0,0,0,0,0,0,0,0,0,0,0	15,3,3,1,5,0,0,1,49122,0,0,5,3,0,1,1,49146,4,0,0,1,0,0,0,0,1,0,0,0,0,0,0,0,0,0,0,0,0,0,0
tb.dut.clusters[0].cluster.sockets[0].socket.cores[0].core.execute.fpu_unit.genblk1[0].fpu_fpnew.genblk3[0].fpnew_core.gen_operation_groups[2].i_opgroup_block.gen_parallel_slices[0]	16	1958	5882905	147623	98376	147623	10	98377	1237952	8627	49162,49202,6,1,3,0,0,0,0,2,0,0,0,0,0,0,0,0,0,0,0,0,0,0,0,0,0,0,0,0,0,0,0,0,0,0,0,0,0,0	46,19,2,4,1,0,0,1,49148,0,1,0,0,1,0,49149,3,0,0,0,1,0,0,0,0,1,0,0,0,0,0,0,0,0,0,0,0,0,0,0	10	98405	98354	98405	10	98355	1287170	8627	98324,24,3,1,0,0,0,0,0,2,0,0,0,0,0,0,0,0,0,0,0,0,0,0,0,0,0,0,0,0,0,0,0,0,0,0,0,0,0,0	21,10,4,8,3,0,5,2,49146,0,1,0,1,0,1,1,49150,0,0,0,1,0,0,0,0,1,0,0,0,0,0,0,0,0,0,0,0,0,0,0
tb.dut.clusters[0].cluster.sockets[0].socket.cores[0].core.execute.fpu_unit.genblk1[0].fpu_fpnew.genblk3[0].fpnew_core.gen_operation_groups[2].i_opgroup_block.gen_parallel_slices[0].active_format	17	1956	5882905	147623	98376	147623	10	98377	1237952	8627	49162,49202,6,1,3,0,0,0,0,2,0,0,0,0,0,0,0,0,0,0,0,0,0,0,0,0,0,0,0,0,0,0,0,0,0,0,0,0,0,0	46,19,2,4,1,0,0,1,49148,0,1,0,0,1,0,49149,3,0,0,0,1,0,0,0,0,1,0,0,0,0,0,0,0,0,0,0,0,0,0,0	10	98405	98354	98405	10	98355	1287170	8627	98324,24,3,1,0,0,0,0,0,2,0,0,0,0,0,0,0,0,0,0,0,0,0,0,0,0,0,0,0,0,0,0,0,0,0,0,0,0,0,0	21,10,4,8,3,0,5,2,49146,0,1,0,1,0,1,1,49150,0,0,0,1,0,0,0,0,1,0,0,0,0,0,0,0,0,0,0,0,0,0,0
tb.dut.clusters[0].cluster.sockets[0].socket.cores[0].core.execute.fpu_unit.genblk1[0].fpu_fpnew.genblk3[0].fpnew_core.gen_operation_groups[2].i_opgroup_block.gen_parallel_slices[0].active_format.i_fmt_slice	18	1922	5882886	147623	98376	147623	10	98377	1237952	8627	49162,49202,6,1,3,0,0,0,0,2,0,0,0,0,0,0,0,0,0,0,0,0,0,0,0,0,0,0,0,0,0,0,0,0,0,0,0,0,0,0	46,19,2,4,1,0,0,1,49148,0,1,0,0,1,0,49149,3,0,0,0,1,0,0,0,0,1,0,0,0,0,0,0,0,0,0,0,0,0,0,0	10	98405	98354	98405	10	98355	1287170	8627	98324,24,3,1,0,0,0,0,0,2,0,0,0,0,0,0,0,0,0,0,0,0,0,0,0,0,0,0,0,0,0,0,0,0,0,0,0,0,0,0	21,10,4,8,3,0,5,2,49146,0,1,0,1,0,1,1,49150,0,0,0,1,0,0,0,0,1,0,0,0,0,0,0,0,0,0,0,0,0,0,0
tb.dut.clusters[0].cluster.sockets[0].socket.cores[0].core.execute.fpu_unit.genblk1[0].fpu_fpnew.genblk3[0].fpnew_core.gen_operation_groups[2].i_opgroup_block.gen_parallel_slices[0].active_format.i_fmt_slice.gen_num_lanes[0]	19	1343	4383694	147623	98376	147623	10	98377	1237952	8627	49162,49202,6,1,3,0,0,0,0,2,0,0,0,0,0,0,0,0,0,0,0,0,0,0,0,0,0,0,0,0,0,0,0,0,0,0,0,0,0,0	46,19,2,4,1,0,0,1,49148,0,1,0,0,1,0,49149,3,0,0,0,1,0,0,0,0,1,0,0,0,0,0,0,0,0,0,0,0,0,0,0	7	98405	98354	98405	10	98355	1287170	8627	98324,24,3,1,0,0,0,0,0,2,0,0,0,0,0,0,0,0,0,0,0,0,0,0,0,0,0,0,0,0,0,0,0,0,0,0,0,0,0,0	21,10,4,8,3,0,5,2,49146,0,1,0,1,0,1,1,49150,0,0,0,1,0,0,0,0,1,0,0,0,0,0,0,0,0,0,0,0,0,0,0
tb.dut.clusters[0].cluster.sockets[0].socket.cores[0].core.execute.fpu_unit.genblk1[0].fpu_fpnew.genblk3[0].fpnew_core.gen_operation_groups[2].i_opgroup_block.gen_parallel_slices[0].active_format.i_fmt_slice.gen_num_lanes[0].active_lane	20	1310	4383310	147623	98376	147623	10	98377	1237952	8627	49162,49202,6,1,3,0,0,0,0,2,0,0,0,0,0,0,0,0,0,0,0,0,0,0,0,0,0,0,0,0,0,0,0,0,0,0,0,0,0,0	46,19,2,4,1,0,0,1,49148,0,1,0,0,1,0,49149,3,0,0,0,1,0,0,0,0,1,0,0,0,0,0,0,0,0,0,0,0,0,0,0	7	98405	98354	98405	10	98355	1287170	8627	98324,24,3,1,0,0,0,0,0,2,0,0,0,0,0,0,0,0,0,0,0,0,0,0,0,0,0,0,0,0,0,0,0,0,0,0,0,0,0,0	21,10,4,8,3,0,5,2,49146,0,1,0,1,0,1,1,49150,0,0,0,1,0,0,0,0,1,0,0,0,0,0,0,0,0,0,0,0,0,0,0
tb.dut.clusters[0].cluster.sockets[0].socket.cores[0].core.execute.fpu_unit.genblk1[0].fpu_fpnew.genblk3[0].fpnew_core.gen_operation_groups[2].i_opgroup_block.gen_parallel_slices[0].active_format.i_fmt_slice.gen_num_lanes[0].active_lane.lane_instance	21	1206	2996241	147623	98376	147623	10	98377	1237952	8627	49162,49202,6,1,3,0,0,0,0,2,0,0,0,0,0,0,0,0,0,0,0,0,0,0,0,0,0,0,0,0,0,0,0,0,0,0,0,0,0,0	46,19,2,4,1,0,0,1,49148,0,1,0,0,1,0,49149,3,0,0,0,1,0,0,0,0,1,0,0,0,0,0,0,0,0,0,0,0,0,0,0	7	98383	98337	98383	9	98338	1287192	8627	98309,23,2,1,0,0,0,0,2,0,0,0,0,0,0,0,0,0,0,0,0,0,0,0,0,0,0,0,0,0,0,0,0,0,0,0,0,0,0,0	20,11,2,2,4,0,0,0,49136,0,1,5,3,0,1,0,49150,1,0,0,1,0,0,0,0,1,0,0,0,0,0,0,0,0,0,0,0,0,0,0
tb.dut.clusters[0].cluster.sockets[0].socket.cores[0].core.execute.fpu_unit.genblk1[0].fpu_fpnew.genblk3[0].fpnew_core.gen_operation_groups[2].i_opgroup_block.gen_parallel_slices[0].active_format.i_fmt_slice.gen_num_lanes[0].active_lane.lane_instance.i_noncomp	22	1206	2996241	147623	98376	147623	10	98377	1237952	8627	49162,49202,6,1,3,0,0,0,0,2,0,0,0,0,0,0,0,0,0,0,0,0,0,0,0,0,0,0,0,0,0,0,0,0,0,0,0,0,0,0	46,19,2,4,1,0,0,1,49148,0,1,0,0,1,0,49149,3,0,0,0,1,0,0,0,0,1,0,0,0,0,0,0,0,0,0,0,0,0,0,0	7	98383	98337	98383	9	98338	1287192	8627	98309,23,2,1,0,0,0,0,2,0,0,0,0,0,0,0,0,0,0,0,0,0,0,0,0,0,0,0,0,0,0,0,0,0,0,0,0,0,0,0	20,11,2,2,4,0,0,0,49136,0,1,5,3,0,1,0,49150,1,0,0,1,0,0,0,0,1,0,0,0,0,0,0,0,0,0,0,0,0,0,0
tb.dut.clusters[0].cluster.sockets[0].socket.cores[0].core.execute.fpu_unit.genblk1[0].fpu_fpnew.genblk3[0].fpnew_core.gen_operation_groups[2].i_opgroup_block.gen_parallel_slices[0].active_format.i_fmt_slice.gen_num_lanes[0].active_lane.lane_instance.i_noncomp.gen_input_pipeline[0]	23	1	16	16	2	16	8	3	1385559	1385121	0,0,0,0,0,0,0,2,0,0,0,0,0,0,0,0,0,0,0,0,0,0,0,0,0,0,0,0,0,0,0,0,0,0,0,0,0,0,0,0	0,0,0,0,0,1,0,0,0,0,0,0,0,0,0,0,0,0,0,0,1,0,0,0,0,0,0,0,0,0,0,0,1,0,0,0,0,0,0,0	2	0	0	0	0	1	1385575	1385575	0,0,0,0,0,0,0,0,0,0,0,0,0,0,0,0,0,0,0,0,0,0,0,0,0,0,0,0,0,0,0,0,0,0,0,0,0,0,0,0	0,0,0,0,0,0,0,0,0,0,0,0,0,0,0,0,0,0,0,0,0,0,0,0,0,0,0,0,0,0,0,0,1,0,0,0,0,0,0,0
tb.dut.clusters[0].cluster.sockets[0].socket.cores[0].core.execute.fpu_unit.genblk1[0].fpu_fpnew.genblk3[0].fpnew_core.gen_operation_groups[2].i_opgroup_block.gen_parallel_slices[0].active_format.i_fmt_slice.gen_num_lanes[0].active_lane.lane_instance.i_noncomp.gen_output_pipeline[0]	23	1	16	16	2	16	8	3	1385559	1385120	0,0,0,0,0,0,0,2,0,0,0,0,0,0,0,0,0,0,0,0,0,0,0,0,0,0,0,0,0,0,0,0,0,0,0,0,0,0,0,0	0,0,0,0,0,1,0,0,0,0,0,0,0,0,0,0,0,0,0,0,1,0,0,0,0,0,0,0,0,0,0,0,1,0,0,0,0,0,0,0	2	0	0	0	0	1	1385575	1385575	0,0,0,0,0,0,0,0,0,0,0,0,0,0,0,0,0,0,0,0,0,0,0,0,0,0,0,0,0,0,0,0,0,0,0,0,0,0,0,0	0,0,0,0,0,0,0,0,0,0,0,0,0,0,0,0,0,0,0,0,0,0,0,0,0,0,0,0,0,0,0,0,1,0,0,0,0,0,0,0
tb.dut.clusters[0].cluster.sockets[0].socket.cores[0].core.execute.fpu_unit.genblk1[0].fpu_fpnew.genblk3[0].fpnew_core.gen_operation_groups[2].i_opgroup_block.gen_parallel_slices[0].active_format.i_fmt_slice.gen_num_lanes[0].active_lane.lane_instance.i_noncomp.i_class_a	23	293	38	2	2	2	1	3	1385573	1385127	2,0,0,0,0,0,0,0,0,0,0,0,0,0,0,0,0,0,0,0,0,0,0,0,0,0,0,0,0,0,0,0,0,0,0,0,0,0,0,0	0,0,0,0,0,0,0,0,0,0,0,0,1,0,0,0,0,0,0,0,1,0,0,0,0,0,0,0,0,0,0,0,1,0,0,0,0,0,0,0	2	2	2	2	1	3	1385573	1385127	2,0,0,0,0,0,0,0,0,0,0,0,0,0,0,0,0,0,0,0,0,0,0,0,0,0,0,0,0,0,0,0,0,0,0,0,0,0,0,0	0,0,0,0,0,0,0,0,0,0,0,0,1,0,0,0,0,0,0,0,1,0,0,0,0,0,0,0,0,0,0,0,1,0,0,0,0,0,0,0
tb.dut.clusters[0].cluster.sockets[0].socket.cores[0].core.execute.fpu_unit.genblk1[0].fpu_fpnew.genblk3[0].fpnew_core.gen_operation_groups[2].i_opgroup_block.gen_parallel_slices[0].active_format.i_fmt_slice.gen_num_lanes[0].active_lane.lane_instance.i_noncomp.i_class_a.gen_num_values[0]	24	40	14	2	2	2	1	3	1385573	1385127	2,0,0,0,0,0,0,0,0,0,0,0,0,0,0,0,0,0,0,0,0,0,0,0,0,0,0,0,0,0,0,0,0,0,0,0,0,0,0,0	0,0,0,0,0,0,0,0,0,0,0,0,1,0,0,0,0,0,0,0,1,0,0,0,0,0,0,0,0,0,0,0,1,0,0,0,0,0,0,0	2	2	2	2	1	3	1385573	1385127	2,0,0,0,0,0,0,0,0,0,0,0,0,0,0,0,0,0,0,0,0,0,0,0,0,0,0,0,0,0,0,0,0,0,0,0,0,0,0,0	0,0,0,0,0,0,0,0,0,0,0,0,1,0,0,0,0,0,0,0,1,0,0,0,0,0,0,0,0,0,0,0,1,0,0,0,0,0,0,0
tb.dut.clusters[0].cluster.sockets[0].socket.cores[0].core.execute.fpu_unit.genblk1[0].fpu_fpnew.genblk3[0].fpnew_core.gen_operation_groups[2].i_opgroup_block.gen_parallel_slices[0].active_format.i_fmt_slice.gen_num_lanes[0].active_lane.lane_instance.i_noncomp.i_class_a.gen_num_values[1]	24	40	4	1	1	1	1	2	1385574	1385141	1,0,0,0,0,0,0,0,0,0,0,0,0,0,0,0,0,0,0,0,0,0,0,0,0,0,0,0,0,0,0,0,0,0,0,0,0,0,0,0	0,0,0,0,0,0,0,0,0,0,0,0,0,0,0,0,0,0,0,0,1,0,0,0,0,0,0,0,0,0,0,0,1,0,0,0,0,0,0,0	2	1	1	1	1	2	1385574	1385141	1,0,0,0,0,0,0,0,0,0,0,0,0,0,0,0,0,0,0,0,0,0,0,0,0,0,0,0,0,0,0,0,0,0,0,0,0,0,0,0	0,0,0,0,0,0,0,0,0,0,0,0,0,0,0,0,0,0,0,0,1,0,0,0,0,0,0,0,0,0,0,0,1,0,0,0,0,0,0,0
tb.dut.clusters[0].cluster.sockets[0].socket.cores[0].core.execute.fpu_unit.genblk1[0].fpu_fpnew.genblk3[0].fpnew_core.gen_operation_groups[2].i_opgroup_block.gen_parallel_slices[0].active_format.i_fmt_slice.gen_num_lanes[0].active_lane.lane_instance.i_noncomp.sign_injections	23	2	0	0	0	0	0	1	1385575	1385575	0,0,0,0,0,0,0,0,0,0,0,0,0,0,0,0,0,0,0,0,0,0,0,0,0,0,0,0,0,0,0,0,0,0,0,0,0,0,0,0	0,0,0,0,0,0,0,0,0,0,0,0,0,0,0,0,0,0,0,0,0,0,0,0,0,0,0,0,0,0,0,0,1,0,0,0,0,0,0,0	2	0	0	0	0	1	1385575	1385575	0,0,0,0,0,0,0,0,0,0,0,0,0,0,0,0,0,0,0,0,0,0,0,0,0,0,0,0,0,0,0,0,0,0,0,0,0,0,0,0	0,0,0,0,0,0,0,0,0,0,0,0,0,0,0,0,0,0,0,0,0,0,0,0,0,0,0,0,0,0,0,0,1,0,0,0,0,0,0,0
tb.dut.clusters[0].cluster.sockets[0].socket.cores[0].core.execute.fpu_unit.genblk1[0].fpu_fpnew.genblk3[0].fpnew_core.gen_operation_groups[2].i_opgroup_block.gen_parallel_slices[1]	16	2	0	0	0	0	0	1	1385575	1385575	0,0,0,0,0,0,0,0,0,0,0,0,0,0,0,0,0,0,0,0,0,0,0,0,0,0,0,0,0,0,0,0,0,0,0,0,0,0,0,0	0,0,0,0,0,0,0,0,0,0,0,0,0,0,0,0,0,0,0,0,0,0,0,0,0,0,0,0,0,0,0,0,1,0,0,0,0,0,0,0	2	0	0	0	0	1	1385575	1385575	0,0,0,0,0,0,0,0,0,0,0,0,0,0,0,0,0,0,0,0,0,0,0,0,0,0,0,0,0,0,0,0,0,0,0,0,0,0,0,0	0,0,0,0,0,0,0,0,0,0,0,0,0,0,0,0,0,0,0,0,0,0,0,0,0,0,0,0,0,0,0,0,1,0,0,0,0,0,0,0
tb.dut.clusters[0].cluster.sockets[0].socket.cores[0].core.execute.fpu_unit.genblk1[0].fpu_fpnew.genblk3[0].fpnew_core.gen_operation_groups[2].i_opgroup_block.gen_parallel_slices[2]	16	2	0	0	0	0	0	1	1385575	1385575	0,0,0,0,0,0,0,0,0,0,0,0,0,0,0,0,0,0,0,0,0,0,0,0,0,0,0,0,0,0,0,0,0,0,0,0,0,0,0,0	0,0,0,0,0,0,0,0,0,0,0,0,0,0,0,0,0,0,0,0,0,0,0,0,0,0,0,0,0,0,0,0,1,0,0,0,0,0,0,0	2	0	0	0	0	1	1385575	1385575	0,0,0,0,0,0,0,0,0,0,0,0,0,0,0,0,0,0,0,0,0,0,0,0,0,0,0,0,0,0,0,0,0,0,0,0,0,0,0,0	0,0,0,0,0,0,0,0,0,0,0,0,0,0,0,0,0,0,0,0,0,0,0,0,0,0,0,0,0,0,0,0,1,0,0,0,0,0,0,0
tb.dut.clusters[0].cluster.sockets[0].socket.cores[0].core.execute.fpu_unit.genblk1[0].fpu_fpnew.genblk3[0].fpnew_core.gen_operation_groups[2].i_opgroup_block.gen_parallel_slices[3]	16	2	0	0	0	0	0	1	1385575	1385575	0,0,0,0,0,0,0,0,0,0,0,0,0,0,0,0,0,0,0,0,0,0,0,0,0,0,0,0,0,0,0,0,0,0,0,0,0,0,0,0	0,0,0,0,0,0,0,0,0,0,0,0,0,0,0,0,0,0,0,0,0,0,0,0,0,0,0,0,0,0,0,0,1,0,0,0,0,0,0,0	2	0	0	0	0	1	1385575	1385575	0,0,0,0,0,0,0,0,0,0,0,0,0,0,0,0,0,0,0,0,0,0,0,0,0,0,0,0,0,0,0,0,0,0,0,0,0,0,0,0	0,0,0,0,0,0,0,0,0,0,0,0,0,0,0,0,0,0,0,0,0,0,0,0,0,0,0,0,0,0,0,0,1,0,0,0,0,0,0,0
tb.dut.clusters[0].cluster.sockets[0].socket.cores[0].core.execute.fpu_unit.genblk1[0].fpu_fpnew.genblk3[0].fpnew_core.gen_operation_groups[2].i_opgroup_block.gen_parallel_slices[4]	16	2	0	0	0	0	0	1	1385575	1385575	0,0,0,0,0,0,0,0,0,0,0,0,0,0,0,0,0,0,0,0,0,0,0,0,0,0,0,0,0,0,0,0,0,0,0,0,0,0,0,0	0,0,0,0,0,0,0,0,0,0,0,0,0,0,0,0,0,0,0,0,0,0,0,0,0,0,0,0,0,0,0,0,1,0,0,0,0,0,0,0	2	0	0	0	0	1	1385575	1385575	0,0,0,0,0,0,0,0,0,0,0,0,0,0,0,0,0,0,0,0,0,0,0,0,0,0,0,0,0,0,0,0,0,0,0,0,0,0,0,0	0,0,0,0,0,0,0,0,0,0,0,0,0,0,0,0,0,0,0,0,0,0,0,0,0,0,0,0,0,0,0,0,1,0,0,0,0,0,0,0
tb.dut.clusters[0].cluster.sockets[0].socket.cores[0].core.execute.fpu_unit.genblk1[0].fpu_fpnew.genblk3[0].fpnew_core.gen_operation_groups[2].i_opgroup_block.i_arbiter	16	1510	2172	18	4	18	8	5	1385557	1385119	2,0,0,0,0,0,0,2,0,0,0,0,0,0,0,0,0,0,0,0,0,0,0,0,0,0,0,0,0,0,0,0,0,0,0,0,0,0,0,0	0,0,1,0,0,1,0,0,0,0,0,0,0,0,0,0,1,0,0,0,1,0,0,0,0,0,0,0,0,0,0,0,1,0,0,0,0,0,0,0	8	16	2	16	8	3	1385559	1385119	0,0,0,0,0,0,0,2,0,0,0,0,0,0,0,0,0,0,0,0,0,0,0,0,0,0,0,0,0,0,0,0,0,0,0,0,0,0,0,0	0,0,0,0,0,1,0,0,0,0,0,0,0,0,0,0,0,0,0,0,1,0,0,0,0,0,0,0,0,0,0,0,1,0,0,0,0,0,0,0
tb.dut.clusters[0].cluster.sockets[0].socket.cores[0].core.execute.fpu_unit.genblk1[0].fpu_fpnew.genblk3[0].fpnew_core.gen_operation_groups[2].i_opgroup_block.i_arbiter.gen_arbiter	17	1150	1544	16	2	16	8	3	1385559	1385119	0,0,0,0,0,0,0,2,0,0,0,0,0,0,0,0,0,0,0,0,0,0,0,0,0,0,0,0,0,0,0,0,0,0,0,0,0,0,0,0	0,0,0,0,0,1,0,0,0,0,0,0,0,0,0,0,0,0,0,0,1,0,0,0,0,0,0,0,0,0,0,0,1,0,0,0,0,0,0,0	6	16	2	16	8	3	1385559	1385119	0,0,0,0,0,0,0,2,0,0,0,0,0,0,0,0,0,0,0,0,0,0,0,0,0,0,0,0,0,0,0,0,0,0,0,0,0,0,0,0	0,0,0,0,0,1,0,0,0,0,0,0,0,0,0,0,0,0,0,0,1,0,0,0,0,0,0,0,0,0,0,0,1,0,0,0,0,0,0,0
tb.dut.clusters[0].cluster.sockets[0].socket.cores[0].core.execute.fpu_unit.genblk1[0].fpu_fpnew.genblk3[0].fpnew_core.gen_operation_groups[2].i_opgroup_block.i_arbiter.gen_arbiter.gen_int_rr	18	340	160	16	2	16	8	3	1385559	1385119	0,0,0,0,0,0,0,2,0,0,0,0,0,0,0,0,0,0,0,0,0,0,0,0,0,0,0,0,0,0,0,0,0,0,0,0,0,0,0,0	0,0,0,0,0,1,0,0,0,0,0,0,0,0,0,0,0,0,0,0,1,0,0,0,0,0,0,0,0,0,0,0,1,0,0,0,0,0,0,0	2	16	2	16	8	3	1385559	1385119	0,0,0,0,0,0,0,2,0,0,0,0,0,0,0,0,0,0,0,0,0,0,0,0,0,0,0,0,0,0,0,0,0,0,0,0,0,0,0,0	0,0,0,0,0,1,0,0,0,0,0,0,0,0,0,0,0,0,0,0,1,0,0,0,0,0,0,0,0,0,0,0,1,0,0,0,0,0,0,0
tb.dut.clusters[0].cluster.sockets[0].socket.cores[0].core.execute.fpu_unit.genblk1[0].fpu_fpnew.genblk3[0].fpnew_core.gen_operation_groups[2].i_opgroup_block.i_arbiter.gen_arbiter.gen_int_rr.gen_fair_arb	19	337	160	16	2	16	8	3	1385559	1385119	0,0,0,0,0,0,0,2,0,0,0,0,0,0,0,0,0,0,0,0,0,0,0,0,0,0,0,0,0,0,0,0,0,0,0,0,0,0,0,0	0,0,0,0,0,1,0,0,0,0,0,0,0,0,0,0,0,0,0,0,1,0,0,0,0,0,0,0,0,0,0,0,1,0,0,0,0,0,0,0	2	16	2	16	8	3	1385559	1385119	0,0,0,0,0,0,0,2,0,0,0,0,0,0,0,0,0,0,0,0,0,0,0,0,0,0,0,0,0,0,0,0,0,0,0,0,0,0,0,0	0,0,0,0,0,1,0,0,0,0,0,0,0,0,0,0,0,0,0,0,1,0,0,0,0,0,0,0,0,0,0,0,1,0,0,0,0,0,0,0
tb.dut.clusters[0].cluster.sockets[0].socket.cores[0].core.execute.fpu_unit.genblk1[0].fpu_fpnew.genblk3[0].fpnew_core.gen_operation_groups[2].i_opgroup_block.i_arbiter.gen_arbiter.gen_int_rr.gen_fair_arb.i_lzc_lower	20	158	144	16	2	16	8	3	1385559	1385119	0,0,0,0,0,0,0,2,0,0,0,0,0,0,0,0,0,0,0,0,0,0,0,0,0,0,0,0,0,0,0,0,0,0,0,0,0,0,0,0	0,0,0,0,0,1,0,0,0,0,0,0,0,0,0,0,0,0,0,0,1,0,0,0,0,0,0,0,0,0,0,0,1,0,0,0,0,0,0,0	2	16	2	16	8	3	1385559	1385119	0,0,0,0,0,0,0,2,0,0,0,0,0,0,0,0,0,0,0,0,0,0,0,0,0,0,0,0,0,0,0,0,0,0,0,0,0,0,0,0	0,0,0,0,0,1,0,0,0,0,0,0,0,0,0,0,0,0,0,0,1,0,0,0,0,0,0,0,0,0,0,0,1,0,0,0,0,0,0,0
tb.dut.clusters[0].cluster.sockets[0].socket.cores[0].core.execute.fpu_unit.genblk1[0].fpu_fpnew.genblk3[0].fpnew_core.gen_operation_groups[2].i_opgroup_block.i_arbiter.gen_arbiter.gen_int_rr.gen_fair_arb.i_lzc_lower.gen_lzc	21	84	112	16	2	16	8	3	1385559	1385119	0,0,0,0,0,0,0,2,0,0,0,0,0,0,0,0,0,0,0,0,0,0,0,0,0,0,0,0,0,0,0,0,0,0,0,0,0,0,0,0	0,0,0,0,0,1,0,0,0,0,0,0,0,0,0,0,0,0,0,0,1,0,0,0,0,0,0,0,0,0,0,0,1,0,0,0,0,0,0,0	2	16	2	16	8	3	1385559	1385119	0,0,0,0,0,0,0,2,0,0,0,0,0,0,0,0,0,0,0,0,0,0,0,0,0,0,0,0,0,0,0,0,0,0,0,0,0,0,0,0	0,0,0,0,0,1,0,0,0,0,0,0,0,0,0,0,0,0,0,0,1,0,0,0,0,0,0,0,0,0,0,0,1,0,0,0,0,0,0,0
tb.dut.clusters[0].cluster.sockets[0].socket.cores[0].core.execute.fpu_unit.genblk1[0].fpu_fpnew.genblk3[0].fpnew_core.gen_operation_groups[2].i_opgroup_block.i_arbiter.gen_arbiter.gen_int_rr.gen_fair_arb.i_lzc_upper	20	158	0	0	0	0	0	1	1385575	1385575	0,0,0,0,0,0,0,0,0,0,0,0,0,0,0,0,0,0,0,0,0,0,0,0,0,0,0,0,0,0,0,0,0,0,0,0,0,0,0,0	0,0,0,0,0,0,0,0,0,0,0,0,0,0,0,0,0,0,0,0,0,0,0,0,0,0,0,0,0,0,0,0,1,0,0,0,0,0,0,0	2	0	0	0	0	1	1385575	1385575	0,0,0,0,0,0,0,0,0,0,0,0,0,0,0,0,0,0,0,0,0,0,0,0,0,0,0,0,0,0,0,0,0,0,0,0,0,0,0,0	0,0,0,0,0,0,0,0,0,0,0,0,0,0,0,0,0,0,0,0,0,0,0,0,0,0,0,0,0,0,0,0,1,0,0,0,0,0,0,0
tb.dut.clusters[0].cluster.sockets[0].socket.cores[0].core.execute.fpu_unit.genblk1[0].fpu_fpnew.genblk3[0].fpnew_core.gen_operation_groups[2].i_opgroup_block.i_arbiter.gen_arbiter.gen_int_rr.gen_fair_arb.i_lzc_upper.gen_lzc	21	84	0	0	0	0	0	1	1385575	1385575	0,0,0,0,0,0,0,0,0,0,0,0,0,0,0,0,0,0,0,0,0,0,0,0,0,0,0,0,0,0,0,0,0,0,0,0,0,0,0,0	0,0,0,0,0,0,0,0,0,0,0,0,0,0,0,0,0,0,0,0,0,0,0,0,0,0,0,0,0,0,0,0,1,0,0,0,0,0,0,0	2	0	0	0	0	1	1385575	1385575	0,0,0,0,0,0,0,0,0,0,0,0,0,0,0,0,0,0,0,0,0,0,0,0,0,0,0,0,0,0,0,0,0,0,0,0,0,0,0,0	0,0,0,0,0,0,0,0,0,0,0,0,0,0,0,0,0,0,0,0,0,0,0,0,0,0,0,0,0,0,0,0,1,0,0,0,0,0,0,0
tb.dut.clusters[0].cluster.sockets[0].socket.cores[0].core.execute.fpu_unit.genblk1[0].fpu_fpnew.genblk3[0].fpnew_core.gen_operation_groups[2].i_opgroup_block.i_arbiter.gen_arbiter.gen_levels[0]	18	65	16	16	2	16	8	3	1385559	1385119	0,0,0,0,0,0,0,2,0,0,0,0,0,0,0,0,0,0,0,0,0,0,0,0,0,0,0,0,0,0,0,0,0,0,0,0,0,0,0,0	0,0,0,0,0,1,0,0,0,0,0,0,0,0,0,0,0,0,0,0,1,0,0,0,0,0,0,0,0,0,0,0,1,0,0,0,0,0,0,0	2	0	0	0	0	1	1385575	1385575	0,0,0,0,0,0,0,0,0,0,0,0,0,0,0,0,0,0,0,0,0,0,0,0,0,0,0,0,0,0,0,0,0,0,0,0,0,0,0,0	0,0,0,0,0,0,0,0,0,0,0,0,0,0,0,0,0,0,0,0,0,0,0,0,0,0,0,0,0,0,0,0,1,0,0,0,0,0,0,0
tb.dut.clusters[0].cluster.sockets[0].socket.cores[0].core.execute.fpu_unit.genblk1[0].fpu_fpnew.genblk3[0].fpnew_core.gen_operation_groups[2].i_opgroup_block.i_arbiter.gen_arbiter.gen_levels[0].gen_level[0]	19	65	16	16	2	16	8	3	1385559	1385119	0,0,0,0,0,0,0,2,0,0,0,0,0,0,0,0,0,0,0,0,0,0,0,0,0,0,0,0,0,0,0,0,0,0,0,0,0,0,0,0	0,0,0,0,0,1,0,0,0,0,0,0,0,0,0,0,0,0,0,0,1,0,0,0,0,0,0,0,0,0,0,0,1,0,0,0,0,0,0,0	2	0	0	0	0	1	1385575	1385575	0,0,0,0,0,0,0,0,0,0,0,0,0,0,0,0,0,0,0,0,0,0,0,0,0,0,0,0,0,0,0,0,0,0,0,0,0,0,0,0	0,0,0,0,0,0,0,0,0,0,0,0,0,0,0,0,0,0,0,0,0,0,0,0,0,0,0,0,0,0,0,0,1,0,0,0,0,0,0,0
tb.dut.clusters[0].cluster.sockets[0].socket.cores[0].core.execute.fpu_unit.genblk1[0].fpu_fpnew.genblk3[0].fpnew_core.gen_operation_groups[2].i_opgroup_block.i_arbiter.gen_arbiter.gen_levels[1]	18	130	16	16	2	16	8	3	1385559	1385119	0,0,0,0,0,0,0,2,0,0,0,0,0,0,0,0,0,0,0,0,0,0,0,0,0,0,0,0,0,0,0,0,0,0,0,0,0,0,0,0	0,0,0,0,0,1,0,0,0,0,0,0,0,0,0,0,0,0,0,0,1,0,0,0,0,0,0,0,0,0,0,0,1,0,0,0,0,0,0,0	2	0	0	0	0	1	1385575	1385575	0,0,0,0,0,0,0,0,0,0,0,0,0,0,0,0,0,0,0,0,0,0,0,0,0,0,0,0,0,0,0,0,0,0,0,0,0,0,0,0	0,0,0,0,0,0,0,0,0,0,0,0,0,0,0,0,0,0,0,0,0,0,0,0,0,0,0,0,0,0,0,0,1,0,0,0,0,0,0,0
tb.dut.clusters[0].cluster.sockets[0].socket.cores[0].core.execute.fpu_unit.genblk1[0].fpu_fpnew.genblk3[0].fpnew_core.gen_operation_groups[2].i_opgroup_block.i_arbiter.gen_arbiter.gen_levels[1].gen_level[0]	19	65	16	16	2	16	8	3	1385559	1385119	0,0,0,0,0,0,0,2,0,0,0,0,0,0,0,0,0,0,0,0,0,0,0,0,0,0,0,0,0,0,0,0,0,0,0,0,0,0,0,0	0,0,0,0,0,1,0,0,0,0,0,0,0,0,0,0,0,0,0,0,1,0,0,0,0,0,0,0,0,0,0,0,1,0,0,0,0,0,0,0	2	0	0	0	0	1	1385575	1385575	0,0,0,0,0,0,0,0,0,0,0,0,0,0,0,0,0,0,0,0,0,0,0,0,0,0,0,0,0,0,0,0,0,0,0,0,0,0,0,0	0,0,0,0,0,0,0,0,0,0,0,0,0,0,0,0,0,0,0,0,0,0,0,0,0,0,0,0,0,0,0,0,1,0,0,0,0,0,0,0
tb.dut.clusters[0].cluster.sockets[0].socket.cores[0].core.execute.fpu_unit.genblk1[0].fpu_fpnew.genblk3[0].fpnew_core.gen_operation_groups[2].i_opgroup_block.i_arbiter.gen_arbiter.gen_levels[1].gen_level[1]	19	65	0	0	0	0	0	1	1385575	1385575	0,0,0,0,0,0,0,0,0,0,0,0,0,0,0,0,0,0,0,0,0,0,0,0,0,0,0,0,0,0,0,0,0,0,0,0,0,0,0,0	0,0,0,0,0,0,0,0,0,0,0,0,0,0,0,0,0,0,0,0,0,0,0,0,0,0,0,0,0,0,0,0,1,0,0,0,0,0,0,0	2	0	0	0	0	1	1385575	1385575	0,0,0,0,0,0,0,0,0,0,0,0,0,0,0,0,0,0,0,0,0,0,0,0,0,0,0,0,0,0,0,0,0,0,0,0,0,0,0,0	0,0,0,0,0,0,0,0,0,0,0,0,0,0,0,0,0,0,0,0,0,0,0,0,0,0,0,0,0,0,0,0,1,0,0,0,0,0,0,0
tb.dut.clusters[0].cluster.sockets[0].socket.cores[0].core.execute.fpu_unit.genblk1[0].fpu_fpnew.genblk3[0].fpnew_core.gen_operation_groups[2].i_opgroup_block.i_arbiter.gen_arbiter.gen_levels[2]	18	260	16	16	2	16	8	3	1385559	1385119	0,0,0,0,0,0,0,2,0,0,0,0,0,0,0,0,0,0,0,0,0,0,0,0,0,0,0,0,0,0,0,0,0,0,0,0,0,0,0,0	0,0,0,0,0,1,0,0,0,0,0,0,0,0,0,0,0,0,0,0,1,0,0,0,0,0,0,0,0,0,0,0,1,0,0,0,0,0,0,0	2	0	0	0	0	1	1385575	1385575	0,0,0,0,0,0,0,0,0,0,0,0,0,0,0,0,0,0,0,0,0,0,0,0,0,0,0,0,0,0,0,0,0,0,0,0,0,0,0,0	0,0,0,0,0,0,0,0,0,0,0,0,0,0,0,0,0,0,0,0,0,0,0,0,0,0,0,0,0,0,0,0,1,0,0,0,0,0,0,0
tb.dut.clusters[0].cluster.sockets[0].socket.cores[0].core.execute.fpu_unit.genblk1[0].fpu_fpnew.genblk3[0].fpnew_core.gen_operation_groups[2].i_opgroup_block.i_arbiter.gen_arbiter.gen_levels[2].gen_level[0]	19	65	16	16	2	16	8	3	1385559	1385119	0,0,0,0,0,0,0,2,0,0,0,0,0,0,0,0,0,0,0,0,0,0,0,0,0,0,0,0,0,0,0,0,0,0,0,0,0,0,0,0	0,0,0,0,0,1,0,0,0,0,0,0,0,0,0,0,0,0,0,0,1,0,0,0,0,0,0,0,0,0,0,0,1,0,0,0,0,0,0,0	2	0	0	0	0	1	1385575	1385575	0,0,0,0,0,0,0,0,0,0,0,0,0,0,0,0,0,0,0,0,0,0,0,0,0,0,0,0,0,0,0,0,0,0,0,0,0,0,0,0	0,0,0,0,0,0,0,0,0,0,0,0,0,0,0,0,0,0,0,0,0,0,0,0,0,0,0,0,0,0,0,0,1,0,0,0,0,0,0,0
tb.dut.clusters[0].cluster.sockets[0].socket.cores[0].core.execute.fpu_unit.genblk1[0].fpu_fpnew.genblk3[0].fpnew_core.gen_operation_groups[2].i_opgroup_block.i_arbiter.gen_arbiter.gen_levels[2].gen_level[1]	19	65	0	0	0	0	0	1	1385575	1385575	0,0,0,0,0,0,0,0,0,0,0,0,0,0,0,0,0,0,0,0,0,0,0,0,0,0,0,0,0,0,0,0,0,0,0,0,0,0,0,0	0,0,0,0,0,0,0,0,0,0,0,0,0,0,0,0,0,0,0,0,0,0,0,0,0,0,0,0,0,0,0,0,1,0,0,0,0,0,0,0	2	0	0	0	0	1	1385575	1385575	0,0,0,0,0,0,0,0,0,0,0,0,0,0,0,0,0,0,0,0,0,0,0,0,0,0,0,0,0,0,0,0,0,0,0,0,0,0,0,0	0,0,0,0,0,0,0,0,0,0,0,0,0,0,0,0,0,0,0,0,0,0,0,0,0,0,0,0,0,0,0,0,1,0,0,0,0,0,0,0
tb.dut.clusters[0].cluster.sockets[0].socket.cores[0].core.execute.fpu_unit.genblk1[0].fpu_fpnew.genblk3[0].fpnew_core.gen_operation_groups[2].i_opgroup_block.i_arbiter.gen_arbiter.gen_levels[2].gen_level[2]	19	65	0	0	0	0	0	1	1385575	1385575	0,0,0,0,0,0,0,0,0,0,0,0,0,0,0,0,0,0,0,0,0,0,0,0,0,0,0,0,0,0,0,0,0,0,0,0,0,0,0,0	0,0,0,0,0,0,0,0,0,0,0,0,0,0,0,0,0,0,0,0,0,0,0,0,0,0,0,0,0,0,0,0,1,0,0,0,0,0,0,0	2	0	0	0	0	1	1385575	1385575	0,0,0,0,0,0,0,0,0,0,0,0,0,0,0,0,0,0,0,0,0,0,0,0,0,0,0,0,0,0,0,0,0,0,0,0,0,0,0,0	0,0,0,0,0,0,0,0,0,0,0,0,0,0,0,0,0,0,0,0,0,0,0,0,0,0,0,0,0,0,0,0,1,0,0,0,0,0,0,0
tb.dut.clusters[0].cluster.sockets[0].socket.cores[0].core.execute.fpu_unit.genblk1[0].fpu_fpnew.genblk3[0].fpnew_core.gen_operation_groups[2].i_opgroup_block.i_arbiter.gen_arbiter.gen_levels[2].gen_level[3]	19	65	0	0	0	0	0	1	1385575	1385575	0,0,0,0,0,0,0,0,0,0,0,0,0,0,0,0,0,0,0,0,0,0,0,0,0,0,0,0,0,0,0,0,0,0,0,0,0,0,0,0	0,0,0,0,0,0,0,0,0,0,0,0,0,0,0,0,0,0,0,0,0,0,0,0,0,0,0,0,0,0,0,0,1,0,0,0,0,0,0,0	2	0	0	0	0	1	1385575	1385575	0,0,0,0,0,0,0,0,0,0,0,0,0,0,0,0,0,0,0,0,0,0,0,0,0,0,0,0,0,0,0,0,0,0,0,0,0,0,0,0	0,0,0,0,0,0,0,0,0,0,0,0,0,0,0,0,0,0,0,0,0,0,0,0,0,0,0,0,0,0,0,0,1,0,0,0,0,0,0,0
tb.dut.clusters[0].cluster.sockets[0].socket.cores[0].core.execute.fpu_unit.genblk1[0].fpu_fpnew.genblk3[0].fpnew_core.gen_operation_groups[3]	14	11074	8387328	344311	147476	344311	47	147477	1041264	8601	49153,49153,0,49154,1,6,0,0,0,2,0,0,0,0,0,0,6,1,0,0,0,0,0,0,0,0,0,0,0,0,0,0,0,0,0,0,0,0,0,0	49164,4,1,1,0,49150,0,1,0,0,0,1,0,49148,1,2,2,0,0,0,1,0,0,0,0,1,0,0,0,0,0,0,0,0,0,0,0,0,0,0	56	80062	79952	80062	10	79953	1305513	8655	79926,1,14,2,0,1,0,1,0,7,0,0,0,0,0,0,0,0,0,0,0,0,0,0,0,0,0,0,0,0,0,0,0,0,0,0,0,0,0,0	23,1,0,0,0,0,0,0,32851,1,0,0,0,0,1,0,44077,2839,151,7,1,0,0,0,0,1,0,0,0,0,0,0,0,0,0,0,0,0,0,0
tb.dut.clusters[0].cluster.sockets[0].socket.cores[0].core.execute.fpu_unit.genblk1[0].fpu_fpnew.genblk3[0].fpnew_core.gen_operation_groups[3].i_opgroup_block	15	11026	8387264	344311	147476	344311	47	147477	1041264	8601	49153,49153,0,49154,1,6,0,0,0,2,0,0,0,0,0,0,6,1,0,0,0,0,0,0,0,0,0,0,0,0,0,0,0,0,0,0,0,0,0,0	49164,4,1,1,0,49150,0,1,0,0,0,1,0,49148,1,2,2,0,0,0,1,0,0,0,0,1,0,0,0,0,0,0,0,0,0,0,0,0,0,0	56	80062	79952	80062	10	79953	1305513	8655	79926,1,14,2,0,1,0,1,0,7,0,0,0,0,0,0,0,0,0,0,0,0,0,0,0,0,0,0,0,0,0,0,0,0,0,0,0,0,0,0	23,1,0,0,0,0,0,0,32851,1,0,0,0,0,1,0,44077,2839,151,7,1,0,0,0,0,1,0,0,0,0,0,0,0,0,0,0,0,0,0,0
tb.dut.clusters[0].cluster.sockets[0].socket.cores[0].core.execute.fpu_unit.genblk1[0].fpu_fpnew.genblk3[0].fpnew_core.gen_operation_groups[3].i_opgroup_block.gen_merged_slice	16	8723	5893976	147673	98341	147673	20	98342	1237902	8627	49155,49168,8,0,2,0,0,0,0,0,0,0,0,0,0,0,8,0,0,0,0,0,0,0,0,0,0,0,0,0,0,0,0,0,0,0,0,0,0,0	27,4,1,3,2,0,0,1,49148,0,1,0,0,1,0,49148,4,0,0,0,1,0,0,0,0,1,0,0,0,0,0,0,0,0,0,0,0,0,0,0	44	84181	84072	84181	10	84073	1301394	8655	84047,0,14,2,0,1,0,1,0,7,0,0,0,0,0,0,0,0,0,0,0,0,0,0,0,0,0,0,0,0,0,0,0,0,0,0,0,0,0,0	23,0,1,0,0,0,0,0,36172,1,0,0,0,0,1,0,45945,1861,65,2,1,0,0,0,0,1,0,0,0,0,0,0,0,0,0,0,0,0,0,0
tb.dut.clusters[0].cluster.sockets[0].socket.cores[0].core.execute.fpu_unit.genblk1[0].fpu_fpnew.genblk3[0].fpnew_core.gen_operation_groups[3].i_opgroup_block.gen_merged_slice.i_multifmt_slice	17	8687	5893912	147673	98341	147673	20	98342	1237902	8627	49155,49168,8,0,2,0,0,0,0,0,0,0,0,0,0,0,8,0,0,0,0,0,0,0,0,0,0,0,0,0,0,0,0,0,0,0,0,0,0,0	27,4,1,3,2,0,0,1,49148,0,1,0,0,1,0,49148,4,0,0,0,1,0,0,0,0,1,0,0,0,0,0,0,0,0,0,0,0,0,0,0	44	84181	84072	84181	10	84073	1301394	8655	84047,0,14,2,0,1,0,1,0,7,0,0,0,0,0,0,0,0,0,0,0,0,0,0,0,0,0,0,0,0,0,0,0,0,0,0,0,0,0,0	23,0,1,0,0,0,0,0,36172,1,0,0,0,0,1,0,45945,1861,65,2,1,0,0,0,0,1,0,0,0,0,0,0,0,0,0,0,0,0,0,0
tb.dut.clusters[0].cluster.sockets[0].socket.cores[0].core.execute.fpu_unit.genblk1[0].fpu_fpnew.genblk3[0].fpnew_core.gen_operation_groups[3].i_opgroup_block.gen_merged_slice.i_multifmt_slice.extend_fp_result[0]	18	32	0	0	0	0	0	1	1385575	1385575	0,0,0,0,0,0,0,0,0,0,0,0,0,0,0,0,0,0,0,0,0,0,0,0,0,0,0,0,0,0,0,0,0,0,0,0,0,0,0,0	0,0,0,0,0,0,0,0,0,0,0,0,0,0,0,0,0,0,0,0,0,0,0,0,0,0,0,0,0,0,0,0,1,0,0,0,0,0,0,0	2	0	0	0	0	1	1385575	1385575	0,0,0,0,0,0,0,0,0,0,0,0,0,0,0,0,0,0,0,0,0,0,0,0,0,0,0,0,0,0,0,0,0,0,0,0,0,0,0,0	0,0,0,0,0,0,0,0,0,0,0,0,0,0,0,0,0,0,0,0,0,0,0,0,0,0,0,0,0,0,0,0,1,0,0,0,0,0,0,0
tb.dut.clusters[0].cluster.sockets[0].socket.cores[0].core.execute.fpu_unit.genblk1[0].fpu_fpnew.genblk3[0].fpnew_core.gen_operation_groups[3].i_opgroup_block.gen_merged_slice.i_multifmt_slice.extend_fp_result[1]	18	32	0	0	0	0	0	1	1385575	1385575	0,0,0,0,0,0,0,0,0,0,0,0,0,0,0,0,0,0,0,0,0,0,0,0,0,0,0,0,0,0,0,0,0,0,0,0,0,0,0,0	0,0,0,0,0,0,0,0,0,0,0,0,0,0,0,0,0,0,0,0,0,0,0,0,0,0,0,0,0,0,0,0,1,0,0,0,0,0,0,0	2	0	0	0	0	1	1385575	1385575	0,0,0,0,0,0,0,0,0,0,0,0,0,0,0,0,0,0,0,0,0,0,0,0,0,0,0,0,0,0,0,0,0,0,0,0,0,0,0,0	0,0,0,0,0,0,0,0,0,0,0,0,0,0,0,0,0,0,0,0,0,0,0,0,0,0,0,0,0,0,0,0,1,0,0,0,0,0,0,0
tb.dut.clusters[0].cluster.sockets[0].socket.cores[0].core.execute.fpu_unit.genblk1[0].fpu_fpnew.genblk3[0].fpnew_core.gen_operation_groups[3].i_opgroup_block.gen_merged_slice.i_multifmt_slice.extend_fp_result[2]	18	32	0	0	0	0	0	1	1385575	1385575	0,0,0,0,0,0,0,0,0,0,0,0,0,0,0,0,0,0,0,0,0,0,0,0,0,0,0,0,0,0,0,0,0,0,0,0,0,0,0,0	0,0,0,0,0,0,0,0,0,0,0,0,0,0,0,0,0,0,0,0,0,0,0,0,0,0,0,0,0,0,0,0,1,0,0,0,0,0,0,0	2	0	0	0	0	1	1385575	1385575	0,0,0,0,0,0,0,0,0,0,0,0,0,0,0,0,0,0,0,0,0,0,0,0,0,0,0,0,0,0,0,0,0,0,0,0,0,0,0,0	0,0,0,0,0,0,0,0,0,0,0,0,0,0,0,0,0,0,0,0,0,0,0,0,0,0,0,0,0,0,0,0,1,0,0,0,0,0,0,0
tb.dut.clusters[0].cluster.sockets[0].socket.cores[0].core.execute.fpu_unit.genblk1[0].fpu_fpnew.genblk3[0].fpnew_core.gen_operation_groups[3].i_opgroup_block.gen_merged_slice.i_multifmt_slice.extend_fp_result[3]	18	32	0	0	0	0	0	1	1385575	1385575	0,0,0,0,0,0,0,0,0,0,0,0,0,0,0,0,0,0,0,0,0,0,0,0,0,0,0,0,0,0,0,0,0,0,0,0,0,0,0,0	0,0,0,0,0,0,0,0,0,0,0,0,0,0,0,0,0,0,0,0,0,0,0,0,0,0,0,0,0,0,0,0,1,0,0,0,0,0,0,0	2	0	0	0	0	1	1385575	1385575	0,0,0,0,0,0,0,0,0,0,0,0,0,0,0,0,0,0,0,0,0,0,0,0,0,0,0,0,0,0,0,0,0,0,0,0,0,0,0,0	0,0,0,0,0,0,0,0,0,0,0,0,0,0,0,0,0,0,0,0,0,0,0,0,0,0,0,0,0,0,0,0,1,0,0,0,0,0,0,0
tb.dut.clusters[0].cluster.sockets[0].socket.cores[0].core.execute.fpu_unit.genblk1[0].fpu_fpnew.genblk3[0].fpnew_core.gen_operation_groups[3].i_opgroup_block.gen_merged_slice.i_multifmt_slice.extend_fp_result[4]	18	32	0	0	0	0	0	1	1385575	1385575	0,0,0,0,0,0,0,0,0,0,0,0,0,0,0,0,0,0,0,0,0,0,0,0,0,0,0,0,0,0,0,0,0,0,0,0,0,0,0,0	0,0,0,0,0,0,0,0,0,0,0,0,0,0,0,0,0,0,0,0,0,0,0,0,0,0,0,0,0,0,0,0,1,0,0,0,0,0,0,0	2	0	0	0	0	1	1385575	1385575	0,0,0,0,0,0,0,0,0,0,0,0,0,0,0,0,0,0,0,0,0,0,0,0,0,0,0,0,0,0,0,0,0,0,0,0,0,0,0,0	0,0,0,0,0,0,0,0,0,0,0,0,0,0,0,0,0,0,0,0,0,0,0,0,0,0,0,0,0,0,0,0,1,0,0,0,0,0,0,0
tb.dut.clusters[0].cluster.sockets[0].socket.cores[0].core.execute.fpu_unit.genblk1[0].fpu_fpnew.genblk3[0].fpnew_core.gen_operation_groups[3].i_opgroup_block.gen_merged_slice.i_multifmt_slice.extend_or_mute_int_result[0]	18	32	0	0	0	0	0	1	1385575	1385575	0,0,0,0,0,0,0,0,0,0,0,0,0,0,0,0,0,0,0,0,0,0,0,0,0,0,0,0,0,0,0,0,0,0,0,0,0,0,0,0	0,0,0,0,0,0,0,0,0,0,0,0,0,0,0,0,0,0,0,0,0,0,0,0,0,0,0,0,0,0,0,0,1,0,0,0,0,0,0,0	2	0	0	0	0	1	1385575	1385575	0,0,0,0,0,0,0,0,0,0,0,0,0,0,0,0,0,0,0,0,0,0,0,0,0,0,0,0,0,0,0,0,0,0,0,0,0,0,0,0	0,0,0,0,0,0,0,0,0,0,0,0,0,0,0,0,0,0,0,0,0,0,0,0,0,0,0,0,0,0,0,0,1,0,0,0,0,0,0,0
tb.dut.clusters[0].cluster.sockets[0].socket.cores[0].core.execute.fpu_unit.genblk1[0].fpu_fpnew.genblk3[0].fpnew_core.gen_operation_groups[3].i_opgroup_block.gen_merged_slice.i_multifmt_slice.extend_or_mute_int_result[0].extend_int_result	19	32	0	0	0	0	0	1	1385575	1385575	0,0,0,0,0,0,0,0,0,0,0,0,0,0,0,0,0,0,0,0,0,0,0,0,0,0,0,0,0,0,0,0,0,0,0,0,0,0,0,0	0,0,0,0,0,0,0,0,0,0,0,0,0,0,0,0,0,0,0,0,0,0,0,0,0,0,0,0,0,0,0,0,1,0,0,0,0,0,0,0	2	0	0	0	0	1	1385575	1385575	0,0,0,0,0,0,0,0,0,0,0,0,0,0,0,0,0,0,0,0,0,0,0,0,0,0,0,0,0,0,0,0,0,0,0,0,0,0,0,0	0,0,0,0,0,0,0,0,0,0,0,0,0,0,0,0,0,0,0,0,0,0,0,0,0,0,0,0,0,0,0,0,1,0,0,0,0,0,0,0
tb.dut.clusters[0].cluster.sockets[0].socket.cores[0].core.execute.fpu_unit.genblk1[0].fpu_fpnew.genblk3[0].fpnew_core.gen_operation_groups[3].i_opgroup_block.gen_merged_slice.i_multifmt_slice.extend_or_mute_int_result[1]	18	32	0	0	0	0	0	1	1385575	1385575	0,0,0,0,0,0,0,0,0,0,0,0,0,0,0,0,0,0,0,0,0,0,0,0,0,0,0,0,0,0,0,0,0,0,0,0,0,0,0,0	0,0,0,0,0,0,0,0,0,0,0,0,0,0,0,0,0,0,0,0,0,0,0,0,0,0,0,0,0,0,0,0,1,0,0,0,0,0,0,0	2	0	0	0	0	1	1385575	1385575	0,0,0,0,0,0,0,0,0,0,0,0,0,0,0,0,0,0,0,0,0,0,0,0,0,0,0,0,0,0,0,0,0,0,0,0,0,0,0,0	0,0,0,0,0,0,0,0,0,0,0,0,0,0,0,0,0,0,0,0,0,0,0,0,0,0,0,0,0,0,0,0,1,0,0,0,0,0,0,0
tb.dut.clusters[0].cluster.sockets[0].socket.cores[0].core.execute.fpu_unit.genblk1[0].fpu_fpnew.genblk3[0].fpnew_core.gen_operation_groups[3].i_opgroup_block.gen_merged_slice.i_multifmt_slice.extend_or_mute_int_result[1].extend_int_result	19	32	0	0	0	0	0	1	1385575	1385575	0,0,0,0,0,0,0,0,0,0,0,0,0,0,0,0,0,0,0,0,0,0,0,0,0,0,0,0,0,0,0,0,0,0,0,0,0,0,0,0	0,0,0,0,0,0,0,0,0,0,0,0,0,0,0,0,0,0,0,0,0,0,0,0,0,0,0,0,0,0,0,0,1,0,0,0,0,0,0,0	2	0	0	0	0	1	1385575	1385575	0,0,0,0,0,0,0,0,0,0,0,0,0,0,0,0,0,0,0,0,0,0,0,0,0,0,0,0,0,0,0,0,0,0,0,0,0,0,0,0	0,0,0,0,0,0,0,0,0,0,0,0,0,0,0,0,0,0,0,0,0,0,0,0,0,0,0,0,0,0,0,0,1,0,0,0,0,0,0,0
tb.dut.clusters[0].cluster.sockets[0].socket.cores[0].core.execute.fpu_unit.genblk1[0].fpu_fpnew.genblk3[0].fpnew_core.gen_operation_groups[3].i_opgroup_block.gen_merged_slice.i_multifmt_slice.extend_or_mute_int_result[2]	18	32	0	0	0	0	0	1	1385575	1385575	0,0,0,0,0,0,0,0,0,0,0,0,0,0,0,0,0,0,0,0,0,0,0,0,0,0,0,0,0,0,0,0,0,0,0,0,0,0,0,0	0,0,0,0,0,0,0,0,0,0,0,0,0,0,0,0,0,0,0,0,0,0,0,0,0,0,0,0,0,0,0,0,1,0,0,0,0,0,0,0	2	0	0	0	0	1	1385575	1385575	0,0,0,0,0,0,0,0,0,0,0,0,0,0,0,0,0,0,0,0,0,0,0,0,0,0,0,0,0,0,0,0,0,0,0,0,0,0,0,0	0,0,0,0,0,0,0,0,0,0,0,0,0,0,0,0,0,0,0,0,0,0,0,0,0,0,0,0,0,0,0,0,1,0,0,0,0,0,0,0
tb.dut.clusters[0].cluster.sockets[0].socket.cores[0].core.execute.fpu_unit.genblk1[0].fpu_fpnew.genblk3[0].fpnew_core.gen_operation_groups[3].i_opgroup_block.gen_merged_slice.i_multifmt_slice.extend_or_mute_int_result[2].extend_int_result	19	32	0	0	0	0	0	1	1385575	1385575	0,0,0,0,0,0,0,0,0,0,0,0,0,0,0,0,0,0,0,0,0,0,0,0,0,0,0,0,0,0,0,0,0,0,0,0,0,0,0,0	0,0,0,0,0,0,0,0,0,0,0,0,0,0,0,0,0,0,0,0,0,0,0,0,0,0,0,0,0,0,0,0,1,0,0,0,0,0,0,0	2	0	0	0	0	1	1385575	1385575	0,0,0,0,0,0,0,0,0,0,0,0,0,0,0,0,0,0,0,0,0,0,0,0,0,0,0,0,0,0,0,0,0,0,0,0,0,0,0,0	0,0,0,0,0,0,0,0,0,0,0,0,0,0,0,0,0,0,0,0,0,0,0,0,0,0,0,0,0,0,0,0,1,0,0,0,0,0,0,0
tb.dut.clusters[0].cluster.sockets[0].socket.cores[0].core.execute.fpu_unit.genblk1[0].fpu_fpnew.genblk3[0].fpnew_core.gen_operation_groups[3].i_opgroup_block.gen_merged_slice.i_multifmt_slice.extend_or_mute_int_result[3]	18	32	0	0	0	0	0	1	1385575	1385575	0,0,0,0,0,0,0,0,0,0,0,0,0,0,0,0,0,0,0,0,0,0,0,0,0,0,0,0,0,0,0,0,0,0,0,0,0,0,0,0	0,0,0,0,0,0,0,0,0,0,0,0,0,0,0,0,0,0,0,0,0,0,0,0,0,0,0,0,0,0,0,0,1,0,0,0,0,0,0,0	2	0	0	0	0	1	1385575	1385575	0,0,0,0,0,0,0,0,0,0,0,0,0,0,0,0,0,0,0,0,0,0,0,0,0,0,0,0,0,0,0,0,0,0,0,0,0,0,0,0	0,0,0,0,0,0,0,0,0,0,0,0,0,0,0,0,0,0,0,0,0,0,0,0,0,0,0,0,0,0,0,0,1,0,0,0,0,0,0,0
tb.dut.clusters[0].cluster.sockets[0].socket.cores[0].core.execute.fpu_unit.genblk1[0].fpu_fpnew.genblk3[0].fpnew_core.gen_operation_groups[3].i_opgroup_block.gen_merged_slice.i_multifmt_slice.extend_or_mute_int_result[3].extend_int_result	19	32	0	0	0	0	0	1	1385575	1385575	0,0,0,0,0,0,0,0,0,0,0,0,0,0,0,0,0,0,0,0,0,0,0,0,0,0,0,0,0,0,0,0,0,0,0,0,0,0,0,0	0,0,0,0,0,0,0,0,0,0,0,0,0,0,0,0,0,0,0,0,0,0,0,0,0,0,0,0,0,0,0,0,1,0,0,0,0,0,0,0	2	0	0	0	0	1	1385575	1385575	0,0,0,0,0,0,0,0,0,0,0,0,0,0,0,0,0,0,0,0,0,0,0,0,0,0,0,0,0,0,0,0,0,0,0,0,0,0,0,0	0,0,0,0,0,0,0,0,0,0,0,0,0,0,0,0,0,0,0,0,0,0,0,0,0,0,0,0,0,0,0,0,1,0,0,0,0,0,0,0
tb.dut.clusters[0].cluster.sockets[0].socket.cores[0].core.execute.fpu_unit.genblk1[0].fpu_fpnew.genblk3[0].fpnew_core.gen_operation_groups[3].i_opgroup_block.gen_merged_slice.i_multifmt_slice.gen_num_lanes[0]	18	7175	4192471	147673	98341	147673	20	98342	1237902	8627	49155,49168,8,0,2,0,0,0,0,0,0,0,0,0,0,0,8,0,0,0,0,0,0,0,0,0,0,0,0,0,0,0,0,0,0,0,0,0,0,0	27,4,1,3,2,0,0,1,49148,0,1,0,0,1,0,49148,4,0,0,0,1,0,0,0,0,1,0,0,0,0,0,0,0,0,0,0,0,0,0,0	36	74141	74045	74141	10	74046	1311434	8655	74022,3,11,1,0,1,0,0,0,7,0,0,0,0,0,0,0,0,0,0,0,0,0,0,0,0,0,0,0,0,0,0,0,0,0,0,0,0,0,0	20,1,0,1,0,0,0,0,28161,0,1,1,0,1,0,0,41326,4205,314,13,1,0,0,0,0,1,0,0,0,0,0,0,0,0,0,0,0,0,0,0
tb.dut.clusters[0].cluster.sockets[0].socket.cores[0].core.execute.fpu_unit.genblk1[0].fpu_fpnew.genblk3[0].fpnew_core.gen_operation_groups[3].i_opgroup_block.gen_merged_slice.i_multifmt_slice.gen_num_lanes[0].active_lane	19	6704	4190711	147673	98341	147673	20	98342	1237902	8627	49155,49168,8,0,2,0,0,0,0,0,0,0,0,0,0,0,8,0,0,0,0,0,0,0,0,0,0,0,0,0,0,0,0,0,0,0,0,0,0,0	27,4,1,3,2,0,0,1,49148,0,1,0,0,1,0,49148,4,0,0,0,1,0,0,0,0,1,0,0,0,0,0,0,0,0,0,0,0,0,0,0	34	79952	79884	79952	6	79885	1305623	8655	79855,12,9,1,0,7,0,0,0,0,0,0,0,0,0,0,0,0,0,0,0,0,0,0,0,0,0,0,0,0,0,0,0,0,0,0,0,0,0,0	21,0,4,1,0,0,1,0,32786,0,1,0,0,0,1,1,44050,2857,153,7,1,0,0,0,0,1,0,0,0,0,0,0,0,0,0,0,0,0,0,0
tb.dut.clusters[0].cluster.sockets[0].socket.cores[0].core.execute.fpu_unit.genblk1[0].fpu_fpnew.genblk3[0].fpnew_core.gen_operation_groups[3].i_opgroup_block.gen_merged_slice.i_multifmt_slice.gen_num_lanes[0].active_lane.lane_instance	20	6568	2803401	147673	98341	147673	20	98342	1237902	8627	49155,49168,8,0,2,0,0,0,0,0,0,0,0,0,0,0,8,0,0,0,0,0,0,0,0,0,0,0,0,0,0,0,0,0,0,0,0,0,0,0	27,4,1,3,2,0,0,1,49148,0,1,0,0,1,0,49148,4,0,0,0,1,0,0,0,0,1,0,0,0,0,0,0,0,0,0,0,0,0,0,0	33	14173	14130	14173	5	14131	1371402	8757	14111,8,4,1,6,0,0,0,0,0,0,0,0,0,0,0,0,0,0,0,0,0,0,0,0,0,0,0,0,0,0,0,0,0,0,0,0,0,0,0	20,1,0,0,0,0,0,0,994,0,0,0,0,0,0,0,2878,3128,3511,2611,939,39,9,0,0,1,0,0,0,0,0,0,0,0,0,0,0,0,0,0
tb.dut.clusters[0].cluster.sockets[0].socket.cores[0].core.execute.fpu_unit.genblk1[0].fpu_fpnew.genblk3[0].fpnew_core.gen_operation_groups[3].i_opgroup_block.gen_merged_slice.i_multifmt_slice.gen_num_lanes[0].active_lane.lane_instance.i_fpnew_cast_multi	21	6568	2803401	147673	98341	147673	20	98342	1237902	8627	49155,49168,8,0,2,0,0,0,0,0,0,0,0,0,0,0,8,0,0,0,0,0,0,0,0,0,0,0,0,0,0,0,0,0,0,0,0,0,0,0	27,4,1,3,2,0,0,1,49148,0,1,0,0,1,0,49148,4,0,0,0,1,0,0,0,0,1,0,0,0,0,0,0,0,0,0,0,0,0,0,0	33	14173	14130	14173	5	14131	1371402	8757	14111,8,4,1,6,0,0,0,0,0,0,0,0,0,0,0,0,0,0,0,0,0,0,0,0,0,0,0,0,0,0,0,0,0,0,0,0,0,0,0	20,1,0,0,0,0,0,0,994,0,0,0,0,0,0,0,2878,3128,3511,2611,939,39,9,0,0,1,0,0,0,0,0,0,0,0,0,0,0,0,0,0
tb.dut.clusters[0].cluster.sockets[0].socket.cores[0].core.execute.fpu_unit.genblk1[0].fpu_fpnew.genblk3[0].fpnew_core.gen_operation_groups[3].i_opgroup_block.gen_merged_slice.i_multifmt_slice.gen_num_lanes[0].active_lane.lane_instance.i_fpnew_cast_multi.fmt_init_inputs[0]	22	308	131	32	32	32	1	33	1385543	1384886	32,0,0,0,0,0,0,0,0,0,0,0,0,0,0,0,0,0,0,0,0,0,0,0,0,0,0,0,0,0,0,0,0,0,0,0,0,0,0,0	2,14,7,1,0,0,0,0,0,0,0,0,0,0,0,0,7,0,0,0,1,0,0,0,0,0,0,0,0,0,0,0,1,0,0,0,0,0,0,0	2	32	32	32	1	33	1385543	1384886	32,0,0,0,0,0,0,0,0,0,0,0,0,0,0,0,0,0,0,0,0,0,0,0,0,0,0,0,0,0,0,0,0,0,0,0,0,0,0,0	2,14,7,1,0,0,0,0,0,0,0,0,0,0,0,0,7,0,0,0,1,0,0,0,0,0,0,0,0,0,0,0,1,0,0,0,0,0,0,0
tb.dut.clusters[0].cluster.sockets[0].socket.cores[0].core.execute.fpu_unit.genblk1[0].fpu_fpnew.genblk3[0].fpnew_core.gen_operation_groups[3].i_opgroup_block.gen_merged_slice.i_multifmt_slice.gen_num_lanes[0].active_lane.lane_instance.i_fpnew_cast_multi.fmt_init_inputs[0].active_format	23	212	131	32	32	32	1	33	1385543	1384886	32,0,0,0,0,0,0,0,0,0,0,0,0,0,0,0,0,0,0,0,0,0,0,0,0,0,0,0,0,0,0,0,0,0,0,0,0,0,0,0	2,14,7,1,0,0,0,0,0,0,0,0,0,0,0,0,7,0,0,0,1,0,0,0,0,0,0,0,0,0,0,0,1,0,0,0,0,0,0,0	2	32	32	32	1	33	1385543	1384886	32,0,0,0,0,0,0,0,0,0,0,0,0,0,0,0,0,0,0,0,0,0,0,0,0,0,0,0,0,0,0,0,0,0,0,0,0,0,0,0	2,14,7,1,0,0,0,0,0,0,0,0,0,0,0,0,7,0,0,0,1,0,0,0,0,0,0,0,0,0,0,0,1,0,0,0,0,0,0,0
tb.dut.clusters[0].cluster.sockets[0].socket.cores[0].core.execute.fpu_unit.genblk1[0].fpu_fpnew.genblk3[0].fpnew_core.gen_operation_groups[3].i_opgroup_block.gen_merged_slice.i_multifmt_slice.gen_num_lanes[0].active_lane.lane_instance.i_fpnew_cast_multi.fmt_init_inputs[0].active_format.i_fpnew_classifier	24	212	131	32	32	32	1	33	1385543	1384886	32,0,0,0,0,0,0,0,0,0,0,0,0,0,0,0,0,0,0,0,0,0,0,0,0,0,0,0,0,0,0,0,0,0,0,0,0,0,0,0	2,14,7,1,0,0,0,0,0,0,0,0,0,0,0,0,7,0,0,0,1,0,0,0,0,0,0,0,0,0,0,0,1,0,0,0,0,0,0,0	2	32	32	32	1	33	1385543	1384886	32,0,0,0,0,0,0,0,0,0,0,0,0,0,0,0,0,0,0,0,0,0,0,0,0,0,0,0,0,0,0,0,0,0,0,0,0,0,0,0	2,14,7,1,0,0,0,0,0,0,0,0,0,0,0,0,7,0,0,0,1,0,0,0,0,0,0,0,0,0,0,0,1,0,0,0,0,0,0,0
tb.dut.clusters[0].cluster.sockets[0].socket.cores[0].core.execute.fpu_unit.genblk1[0].fpu_fpnew.genblk3[0].fpnew_core.gen_operation_groups[3].i_opgroup_block.gen_merged_slice.i_multifmt_slice.gen_num_lanes[0].active_lane.lane_instance.i_fpnew_cast_multi.fmt_init_inputs[0].active_format.i_fpnew_classifier.gen_num_values[0]	25	40	65	32	32	32	1	33	1385543	1384886	32,0,0,0,0,0,0,0,0,0,0,0,0,0,0,0,0,0,0,0,0,0,0,0,0,0,0,0,0,0,0,0,0,0,0,0,0,0,0,0	2,14,7,1,0,0,0,0,0,0,0,0,0,0,0,0,7,0,0,0,1,0,0,0,0,0,0,0,0,0,0,0,1,0,0,0,0,0,0,0	2	16	16	16	1	17	1385559	1384889	16,0,0,0,0,0,0,0,0,0,0,0,0,0,0,0,0,0,0,0,0,0,0,0,0,0,0,0,0,0,0,0,0,0,0,0,0,0,0,0	0,0,0,0,0,8,0,0,0,0,0,0,0,0,0,0,7,0,0,0,1,0,0,0,0,0,0,0,0,0,0,0,1,0,0,0,0,0,0,0
tb.dut.clusters[0].cluster.sockets[0].socket.cores[0].core.execute.fpu_unit.genblk1[0].fpu_fpnew.genblk3[0].fpnew_core.gen_operation_groups[3].i_opgroup_block.gen_merged_slice.i_multifmt_slice.gen_num_lanes[0].active_lane.lane_instance.i_fpnew_cast_multi.fmt_init_inputs[1]	22	96	0	0	0	0	0	1	1385575	1385575	0,0,0,0,0,0,0,0,0,0,0,0,0,0,0,0,0,0,0,0,0,0,0,0,0,0,0,0,0,0,0,0,0,0,0,0,0,0,0,0	0,0,0,0,0,0,0,0,0,0,0,0,0,0,0,0,0,0,0,0,0,0,0,0,0,0,0,0,0,0,0,0,1,0,0,0,0,0,0,0	2	0	0	0	0	1	1385575	1385575	0,0,0,0,0,0,0,0,0,0,0,0,0,0,0,0,0,0,0,0,0,0,0,0,0,0,0,0,0,0,0,0,0,0,0,0,0,0,0,0	0,0,0,0,0,0,0,0,0,0,0,0,0,0,0,0,0,0,0,0,0,0,0,0,0,0,0,0,0,0,0,0,1,0,0,0,0,0,0,0
tb.dut.clusters[0].cluster.sockets[0].socket.cores[0].core.execute.fpu_unit.genblk1[0].fpu_fpnew.genblk3[0].fpnew_core.gen_operation_groups[3].i_opgroup_block.gen_merged_slice.i_multifmt_slice.gen_num_lanes[0].active_lane.lane_instance.i_fpnew_cast_multi.fmt_init_inputs[2]	22	96	0	0	0	0	0	1	1385575	1385575	0,0,0,0,0,0,0,0,0,0,0,0,0,0,0,0,0,0,0,0,0,0,0,0,0,0,0,0,0,0,0,0,0,0,0,0,0,0,0,0	0,0,0,0,0,0,0,0,0,0,0,0,0,0,0,0,0,0,0,0,0,0,0,0,0,0,0,0,0,0,0,0,1,0,0,0,0,0,0,0	2	0	0	0	0	1	1385575	1385575	0,0,0,0,0,0,0,0,0,0,0,0,0,0,0,0,0,0,0,0,0,0,0,0,0,0,0,0,0,0,0,0,0,0,0,0,0,0,0,0	0,0,0,0,0,0,0,0,0,0,0,0,0,0,0,0,0,0,0,0,0,0,0,0,0,0,0,0,0,0,0,0,1,0,0,0,0,0,0,0
tb.dut.clusters[0].cluster.sockets[0].socket.cores[0].core.execute.fpu_unit.genblk1[0].fpu_fpnew.genblk3[0].fpnew_core.gen_operation_groups[3].i_opgroup_block.gen_merged_slice.i_multifmt_slice.gen_num_lanes[0].active_lane.lane_instance.i_fpnew_cast_multi.fmt_init_inputs[3]	22	96	0	0	0	0	0	1	1385575	1385575	0,0,0,0,0,0,0,0,0,0,0,0,0,0,0,0,0,0,0,0,0,0,0,0,0,0,0,0,0,0,0,0,0,0,0,0,0,0,0,0	0,0,0,0,0,0,0,0,0,0,0,0,0,0,0,0,0,0,0,0,0,0,0,0,0,0,0,0,0,0,0,0,1,0,0,0,0,0,0,0	2	0	0	0	0	1	1385575	1385575	0,0,0,0,0,0,0,0,0,0,0,0,0,0,0,0,0,0,0,0,0,0,0,0,0,0,0,0,0,0,0,0,0,0,0,0,0,0,0,0	0,0,0,0,0,0,0,0,0,0,0,0,0,0,0,0,0,0,0,0,0,0,0,0,0,0,0,0,0,0,0,0,1,0,0,0,0,0,0,0
tb.dut.clusters[0].cluster.sockets[0].socket.cores[0].core.execute.fpu_unit.genblk1[0].fpu_fpnew.genblk3[0].fpnew_core.gen_operation_groups[3].i_opgroup_block.gen_merged_slice.i_multifmt_slice.gen_num_lanes[0].active_lane.lane_instance.i_fpnew_cast_multi.fmt_init_inputs[4]	22	96	0	0	0	0	0	1	1385575	1385575	0,0,0,0,0,0,0,0,0,0,0,0,0,0,0,0,0,0,0,0,0,0,0,0,0,0,0,0,0,0,0,0,0,0,0,0,0,0,0,0	0,0,0,0,0,0,0,0,0,0,0,0,0,0,0,0,0,0,0,0,0,0,0,0,0,0,0,0,0,0,0,0,1,0,0,0,0,0,0,0	2	0	0	0	0	1	1385575	1385575	0,0,0,0,0,0,0,0,0,0,0,0,0,0,0,0,0,0,0,0,0,0,0,0,0,0,0,0,0,0,0,0,0,0,0,0,0,0,0,0	0,0,0,0,0,0,0,0,0,0,0,0,0,0,0,0,0,0,0,0,0,0,0,0,0,0,0,0,0,0,0,0,1,0,0,0,0,0,0,0
tb.dut.clusters[0].cluster.sockets[0].socket.cores[0].core.execute.fpu_unit.genblk1[0].fpu_fpnew.genblk3[0].fpnew_core.gen_operation_groups[3].i_opgroup_block.gen_merged_slice.i_multifmt_slice.gen_num_lanes[0].active_lane.lane_instance.i_fpnew_cast_multi.gen_input_pipeline[0]	22	1	64	64	30	64	4	31	1385511	1384887	0,28,0,2,0,0,0,0,0,0,0,0,0,0,0,0,0,0,0,0,0,0,0,0,0,0,0,0,0,0,0,0,0,0,0,0,0,0,0,0	14,7,1,0,0,0,0,0,0,0,0,0,0,0,0,0,7,0,0,0,1,0,0,0,0,0,0,0,0,0,0,0,1,0,0,0,0,0,0,0	2	0	0	0	0	1	1385575	1385575	0,0,0,0,0,0,0,0,0,0,0,0,0,0,0,0,0,0,0,0,0,0,0,0,0,0,0,0,0,0,0,0,0,0,0,0,0,0,0,0	0,0,0,0,0,0,0,0,0,0,0,0,0,0,0,0,0,0,0,0,0,0,0,0,0,0,0,0,0,0,0,0,1,0,0,0,0,0,0,0
tb.dut.clusters[0].cluster.sockets[0].socket.cores[0].core.execute.fpu_unit.genblk1[0].fpu_fpnew.genblk3[0].fpnew_core.gen_operation_groups[3].i_opgroup_block.gen_merged_slice.i_multifmt_slice.gen_num_lanes[0].active_lane.lane_instance.i_fpnew_cast_multi.gen_input_pipeline[1]	22	1	64	64	30	64	4	31	1385511	1384886	0,28,0,2,0,0,0,0,0,0,0,0,0,0,0,0,0,0,0,0,0,0,0,0,0,0,0,0,0,0,0,0,0,0,0,0,0,0,0,0	14,7,1,0,0,0,0,0,0,0,0,0,0,0,0,0,7,0,0,0,1,0,0,0,0,0,0,0,0,0,0,0,1,0,0,0,0,0,0,0	2	0	0	0	0	1	1385575	1385575	0,0,0,0,0,0,0,0,0,0,0,0,0,0,0,0,0,0,0,0,0,0,0,0,0,0,0,0,0,0,0,0,0,0,0,0,0,0,0,0	0,0,0,0,0,0,0,0,0,0,0,0,0,0,0,0,0,0,0,0,0,0,0,0,0,0,0,0,0,0,0,0,1,0,0,0,0,0,0,0
tb.dut.clusters[0].cluster.sockets[0].socket.cores[0].core.execute.fpu_unit.genblk1[0].fpu_fpnew.genblk3[0].fpnew_core.gen_operation_groups[3].i_opgroup_block.gen_merged_slice.i_multifmt_slice.gen_num_lanes[0].active_lane.lane_instance.i_fpnew_cast_multi.gen_inside_pipeline[0]	22	1	64	64	30	64	4	31	1385511	1384885	0,28,0,2,0,0,0,0,0,0,0,0,0,0,0,0,0,0,0,0,0,0,0,0,0,0,0,0,0,0,0,0,0,0,0,0,0,0,0,0	14,7,1,0,0,0,0,0,0,0,0,0,0,0,0,0,7,0,0,0,1,0,0,0,0,0,0,0,0,0,0,0,1,0,0,0,0,0,0,0	2	0	0	0	0	1	1385575	1385575	0,0,0,0,0,0,0,0,0,0,0,0,0,0,0,0,0,0,0,0,0,0,0,0,0,0,0,0,0,0,0,0,0,0,0,0,0,0,0,0	0,0,0,0,0,0,0,0,0,0,0,0,0,0,0,0,0,0,0,0,0,0,0,0,0,0,0,0,0,0,0,0,1,0,0,0,0,0,0,0
tb.dut.clusters[0].cluster.sockets[0].socket.cores[0].core.execute.fpu_unit.genblk1[0].fpu_fpnew.genblk3[0].fpnew_core.gen_operation_groups[3].i_opgroup_block.gen_merged_slice.i_multifmt_slice.gen_num_lanes[0].active_lane.lane_instance.i_fpnew_cast_multi.gen_inside_pipeline[1]	22	1	64	64	30	64	4	31	1385511	1384884	0,28,0,2,0,0,0,0,0,0,0,0,0,0,0,0,0,0,0,0,0,0,0,0,0,0,0,0,0,0,0,0,0,0,0,0,0,0,0,0	14,7,1,0,0,0,0,0,0,0,0,0,0,0,0,0,7,0,0,0,1,0,0,0,0,0,0,0,0,0,0,0,1,0,0,0,0,0,0,0	2	0	0	0	0	1	1385575	1385575	0,0,0,0,0,0,0,0,0,0,0,0,0,0,0,0,0,0,0,0,0,0,0,0,0,0,0,0,0,0,0,0,0,0,0,0,0,0,0,0	0,0,0,0,0,0,0,0,0,0,0,0,0,0,0,0,0,0,0,0,0,0,0,0,0,0,0,0,0,0,0,0,1,0,0,0,0,0,0,0
tb.dut.clusters[0].cluster.sockets[0].socket.cores[0].core.execute.fpu_unit.genblk1[0].fpu_fpnew.genblk3[0].fpnew_core.gen_operation_groups[3].i_opgroup_block.gen_merged_slice.i_multifmt_slice.gen_num_lanes[0].active_lane.lane_instance.i_fpnew_cast_multi.gen_int_overflow[0]	22	32	0	0	0	0	0	1	1385575	1385575	0,0,0,0,0,0,0,0,0,0,0,0,0,0,0,0,0,0,0,0,0,0,0,0,0,0,0,0,0,0,0,0,0,0,0,0,0,0,0,0	0,0,0,0,0,0,0,0,0,0,0,0,0,0,0,0,0,0,0,0,0,0,0,0,0,0,0,0,0,0,0,0,1,0,0,0,0,0,0,0	2	0	0	0	0	1	1385575	1385575	0,0,0,0,0,0,0,0,0,0,0,0,0,0,0,0,0,0,0,0,0,0,0,0,0,0,0,0,0,0,0,0,0,0,0,0,0,0,0,0	0,0,0,0,0,0,0,0,0,0,0,0,0,0,0,0,0,0,0,0,0,0,0,0,0,0,0,0,0,0,0,0,1,0,0,0,0,0,0,0
tb.dut.clusters[0].cluster.sockets[0].socket.cores[0].core.execute.fpu_unit.genblk1[0].fpu_fpnew.genblk3[0].fpnew_core.gen_operation_groups[3].i_opgroup_block.gen_merged_slice.i_multifmt_slice.gen_num_lanes[0].active_lane.lane_instance.i_fpnew_cast_multi.gen_int_overflow[1]	22	32	0	0	0	0	0	1	1385575	1385575	0,0,0,0,0,0,0,0,0,0,0,0,0,0,0,0,0,0,0,0,0,0,0,0,0,0,0,0,0,0,0,0,0,0,0,0,0,0,0,0	0,0,0,0,0,0,0,0,0,0,0,0,0,0,0,0,0,0,0,0,0,0,0,0,0,0,0,0,0,0,0,0,1,0,0,0,0,0,0,0	2	0	0	0	0	1	1385575	1385575	0,0,0,0,0,0,0,0,0,0,0,0,0,0,0,0,0,0,0,0,0,0,0,0,0,0,0,0,0,0,0,0,0,0,0,0,0,0,0,0	0,0,0,0,0,0,0,0,0,0,0,0,0,0,0,0,0,0,0,0,0,0,0,0,0,0,0,0,0,0,0,0,1,0,0,0,0,0,0,0
tb.dut.clusters[0].cluster.sockets[0].socket.cores[0].core.execute.fpu_unit.genblk1[0].fpu_fpnew.genblk3[0].fpnew_core.gen_operation_groups[3].i_opgroup_block.gen_merged_slice.i_multifmt_slice.gen_num_lanes[0].active_lane.lane_instance.i_fpnew_cast_multi.gen_int_overflow[2]	22	32	0	0	0	0	0	1	1385575	1385575	0,0,0,0,0,0,0,0,0,0,0,0,0,0,0,0,0,0,0,0,0,0,0,0,0,0,0,0,0,0,0,0,0,0,0,0,0,0,0,0	0,0,0,0,0,0,0,0,0,0,0,0,0,0,0,0,0,0,0,0,0,0,0,0,0,0,0,0,0,0,0,0,1,0,0,0,0,0,0,0	2	0	0	0	0	1	1385575	1385575	0,0,0,0,0,0,0,0,0,0,0,0,0,0,0,0,0,0,0,0,0,0,0,0,0,0,0,0,0,0,0,0,0,0,0,0,0,0,0,0	0,0,0,0,0,0,0,0,0,0,0,0,0,0,0,0,0,0,0,0,0,0,0,0,0,0,0,0,0,0,0,0,1,0,0,0,0,0,0,0
tb.dut.clusters[0].cluster.sockets[0].socket.cores[0].core.execute.fpu_unit.genblk1[0].fpu_fpnew.genblk3[0].fpnew_core.gen_operation_groups[3].i_opgroup_block.gen_merged_slice.i_multifmt_slice.gen_num_lanes[0].active_lane.lane_instance.i_fpnew_cast_multi.gen_int_overflow[3]	22	32	0	0	0	0	0	1	1385575	1385575	0,0,0,0,0,0,0,0,0,0,0,0,0,0,0,0,0,0,0,0,0,0,0,0,0,0,0,0,0,0,0,0,0,0,0,0,0,0,0,0	0,0,0,0,0,0,0,0,0,0,0,0,0,0,0,0,0,0,0,0,0,0,0,0,0,0,0,0,0,0,0,0,1,0,0,0,0,0,0,0	2	0	0	0	0	1	1385575	1385575	0,0,0,0,0,0,0,0,0,0,0,0,0,0,0,0,0,0,0,0,0,0,0,0,0,0,0,0,0,0,0,0,0,0,0,0,0,0,0,0	0,0,0,0,0,0,0,0,0,0,0,0,0,0,0,0,0,0,0,0,0,0,0,0,0,0,0,0,0,0,0,0,1,0,0,0,0,0,0,0
tb.dut.clusters[0].cluster.sockets[0].socket.cores[0].core.execute.fpu_unit.genblk1[0].fpu_fpnew.genblk3[0].fpnew_core.gen_operation_groups[3].i_opgroup_block.gen_merged_slice.i_multifmt_slice.gen_num_lanes[0].active_lane.lane_instance.i_fpnew_cast_multi.gen_int_res_sign_ext[0]	22	32	0	0	0	0	0	1	1385575	1385575	0,0,0,0,0,0,0,0,0,0,0,0,0,0,0,0,0,0,0,0,0,0,0,0,0,0,0,0,0,0,0,0,0,0,0,0,0,0,0,0	0,0,0,0,0,0,0,0,0,0,0,0,0,0,0,0,0,0,0,0,0,0,0,0,0,0,0,0,0,0,0,0,1,0,0,0,0,0,0,0	2	0	0	0	0	1	1385575	1385575	0,0,0,0,0,0,0,0,0,0,0,0,0,0,0,0,0,0,0,0,0,0,0,0,0,0,0,0,0,0,0,0,0,0,0,0,0,0,0,0	0,0,0,0,0,0,0,0,0,0,0,0,0,0,0,0,0,0,0,0,0,0,0,0,0,0,0,0,0,0,0,0,1,0,0,0,0,0,0,0
tb.dut.clusters[0].cluster.sockets[0].socket.cores[0].core.execute.fpu_unit.genblk1[0].fpu_fpnew.genblk3[0].fpnew_core.gen_operation_groups[3].i_opgroup_block.gen_merged_slice.i_multifmt_slice.gen_num_lanes[0].active_lane.lane_instance.i_fpnew_cast_multi.gen_int_res_sign_ext[1]	22	32	0	0	0	0	0	1	1385575	1385575	0,0,0,0,0,0,0,0,0,0,0,0,0,0,0,0,0,0,0,0,0,0,0,0,0,0,0,0,0,0,0,0,0,0,0,0,0,0,0,0	0,0,0,0,0,0,0,0,0,0,0,0,0,0,0,0,0,0,0,0,0,0,0,0,0,0,0,0,0,0,0,0,1,0,0,0,0,0,0,0	2	0	0	0	0	1	1385575	1385575	0,0,0,0,0,0,0,0,0,0,0,0,0,0,0,0,0,0,0,0,0,0,0,0,0,0,0,0,0,0,0,0,0,0,0,0,0,0,0,0	0,0,0,0,0,0,0,0,0,0,0,0,0,0,0,0,0,0,0,0,0,0,0,0,0,0,0,0,0,0,0,0,1,0,0,0,0,0,0,0
tb.dut.clusters[0].cluster.sockets[0].socket.cores[0].core.execute.fpu_unit.genblk1[0].fpu_fpnew.genblk3[0].fpnew_core.gen_operation_groups[3].i_opgroup_block.gen_merged_slice.i_multifmt_slice.gen_num_lanes[0].active_lane.lane_instance.i_fpnew_cast_multi.gen_int_res_sign_ext[2]	22	32	0	0	0	0	0	1	1385575	1385575	0,0,0,0,0,0,0,0,0,0,0,0,0,0,0,0,0,0,0,0,0,0,0,0,0,0,0,0,0,0,0,0,0,0,0,0,0,0,0,0	0,0,0,0,0,0,0,0,0,0,0,0,0,0,0,0,0,0,0,0,0,0,0,0,0,0,0,0,0,0,0,0,1,0,0,0,0,0,0,0	2	0	0	0	0	1	1385575	1385575	0,0,0,0,0,0,0,0,0,0,0,0,0,0,0,0,0,0,0,0,0,0,0,0,0,0,0,0,0,0,0,0,0,0,0,0,0,0,0,0	0,0,0,0,0,0,0,0,0,0,0,0,0,0,0,0,0,0,0,0,0,0,0,0,0,0,0,0,0,0,0,0,1,0,0,0,0,0,0,0
tb.dut.clusters[0].cluster.sockets[0].socket.cores[0].core.execute.fpu_unit.genblk1[0].fpu_fpnew.genblk3[0].fpnew_core.gen_operation_groups[3].i_opgroup_block.gen_merged_slice.i_multifmt_slice.gen_num_lanes[0].active_lane.lane_instance.i_fpnew_cast_multi.gen_int_res_sign_ext[3]	22	32	0	0	0	0	0	1	1385575	1385575	0,0,0,0,0,0,0,0,0,0,0,0,0,0,0,0,0,0,0,0,0,0,0,0,0,0,0,0,0,0,0,0,0,0,0,0,0,0,0,0	0,0,0,0,0,0,0,0,0,0,0,0,0,0,0,0,0,0,0,0,0,0,0,0,0,0,0,0,0,0,0,0,1,0,0,0,0,0,0,0	2	0	0	0	0	1	1385575	1385575	0,0,0,0,0,0,0,0,0,0,0,0,0,0,0,0,0,0,0,0,0,0,0,0,0,0,0,0,0,0,0,0,0,0,0,0,0,0,0,0	0,0,0,0,0,0,0,0,0,0,0,0,0,0,0,0,0,0,0,0,0,0,0,0,0,0,0,0,0,0,0,0,1,0,0,0,0,0,0,0
tb.dut.clusters[0].cluster.sockets[0].socket.cores[0].core.execute.fpu_unit.genblk1[0].fpu_fpnew.genblk3[0].fpnew_core.gen_operation_groups[3].i_opgroup_block.gen_merged_slice.i_multifmt_slice.gen_num_lanes[0].active_lane.lane_instance.i_fpnew_cast_multi.gen_output_pipeline[0]	22	1	64	64	30	64	4	31	1385511	1384883	0,28,0,2,0,0,0,0,0,0,0,0,0,0,0,0,0,0,0,0,0,0,0,0,0,0,0,0,0,0,0,0,0,0,0,0,0,0,0,0	14,7,1,0,0,0,0,0,0,0,0,0,0,0,0,0,7,0,0,0,1,0,0,0,0,0,0,0,0,0,0,0,1,0,0,0,0,0,0,0	2	0	0	0	0	1	1385575	1385575	0,0,0,0,0,0,0,0,0,0,0,0,0,0,0,0,0,0,0,0,0,0,0,0,0,0,0,0,0,0,0,0,0,0,0,0,0,0,0,0	0,0,0,0,0,0,0,0,0,0,0,0,0,0,0,0,0,0,0,0,0,0,0,0,0,0,0,0,0,0,0,0,1,0,0,0,0,0,0,0
tb.dut.clusters[0].cluster.sockets[0].socket.cores[0].core.execute.fpu_unit.genblk1[0].fpu_fpnew.genblk3[0].fpnew_core.gen_operation_groups[3].i_opgroup_block.gen_merged_slice.i_multifmt_slice.gen_num_lanes[0].active_lane.lane_instance.i_fpnew_cast_multi.gen_res_assemble[0]	22	64	0	0	0	0	0	1	1385575	1385575	0,0,0,0,0,0,0,0,0,0,0,0,0,0,0,0,0,0,0,0,0,0,0,0,0,0,0,0,0,0,0,0,0,0,0,0,0,0,0,0	0,0,0,0,0,0,0,0,0,0,0,0,0,0,0,0,0,0,0,0,0,0,0,0,0,0,0,0,0,0,0,0,1,0,0,0,0,0,0,0	2	0	0	0	0	1	1385575	1385575	0,0,0,0,0,0,0,0,0,0,0,0,0,0,0,0,0,0,0,0,0,0,0,0,0,0,0,0,0,0,0,0,0,0,0,0,0,0,0,0	0,0,0,0,0,0,0,0,0,0,0,0,0,0,0,0,0,0,0,0,0,0,0,0,0,0,0,0,0,0,0,0,1,0,0,0,0,0,0,0
tb.dut.clusters[0].cluster.sockets[0].socket.cores[0].core.execute.fpu_unit.genblk1[0].fpu_fpnew.genblk3[0].fpnew_core.gen_operation_groups[3].i_opgroup_block.gen_merged_slice.i_multifmt_slice.gen_num_lanes[0].active_lane.lane_instance.i_fpnew_cast_multi.gen_res_assemble[1]	22	64	0	0	0	0	0	1	1385575	1385575	0,0,0,0,0,0,0,0,0,0,0,0,0,0,0,0,0,0,0,0,0,0,0,0,0,0,0,0,0,0,0,0,0,0,0,0,0,0,0,0	0,0,0,0,0,0,0,0,0,0,0,0,0,0,0,0,0,0,0,0,0,0,0,0,0,0,0,0,0,0,0,0,1,0,0,0,0,0,0,0	2	0	0	0	0	1	1385575	1385575	0,0,0,0,0,0,0,0,0,0,0,0,0,0,0,0,0,0,0,0,0,0,0,0,0,0,0,0,0,0,0,0,0,0,0,0,0,0,0,0	0,0,0,0,0,0,0,0,0,0,0,0,0,0,0,0,0,0,0,0,0,0,0,0,0,0,0,0,0,0,0,0,1,0,0,0,0,0,0,0
tb.dut.clusters[0].cluster.sockets[0].socket.cores[0].core.execute.fpu_unit.genblk1[0].fpu_fpnew.genblk3[0].fpnew_core.gen_operation_groups[3].i_opgroup_block.gen_merged_slice.i_multifmt_slice.gen_num_lanes[0].active_lane.lane_instance.i_fpnew_cast_multi.gen_res_assemble[2]	22	64	0	0	0	0	0	1	1385575	1385575	0,0,0,0,0,0,0,0,0,0,0,0,0,0,0,0,0,0,0,0,0,0,0,0,0,0,0,0,0,0,0,0,0,0,0,0,0,0,0,0	0,0,0,0,0,0,0,0,0,0,0,0,0,0,0,0,0,0,0,0,0,0,0,0,0,0,0,0,0,0,0,0,1,0,0,0,0,0,0,0	2	0	0	0	0	1	1385575	1385575	0,0,0,0,0,0,0,0,0,0,0,0,0,0,0,0,0,0,0,0,0,0,0,0,0,0,0,0,0,0,0,0,0,0,0,0,0,0,0,0	0,0,0,0,0,0,0,0,0,0,0,0,0,0,0,0,0,0,0,0,0,0,0,0,0,0,0,0,0,0,0,0,1,0,0,0,0,0,0,0
tb.dut.clusters[0].cluster.sockets[0].socket.cores[0].core.execute.fpu_unit.genblk1[0].fpu_fpnew.genblk3[0].fpnew_core.gen_operation_groups[3].i_opgroup_block.gen_merged_slice.i_multifmt_slice.gen_num_lanes[0].active_lane.lane_instance.i_fpnew_cast_multi.gen_res_assemble[3]	22	64	0	0	0	0	0	1	1385575	1385575	0,0,0,0,0,0,0,0,0,0,0,0,0,0,0,0,0,0,0,0,0,0,0,0,0,0,0,0,0,0,0,0,0,0,0,0,0,0,0,0	0,0,0,0,0,0,0,0,0,0,0,0,0,0,0,0,0,0,0,0,0,0,0,0,0,0,0,0,0,0,0,0,1,0,0,0,0,0,0,0	2	0	0	0	0	1	1385575	1385575	0,0,0,0,0,0,0,0,0,0,0,0,0,0,0,0,0,0,0,0,0,0,0,0,0,0,0,0,0,0,0,0,0,0,0,0,0,0,0,0	0,0,0,0,0,0,0,0,0,0,0,0,0,0,0,0,0,0,0,0,0,0,0,0,0,0,0,0,0,0,0,0,1,0,0,0,0,0,0,0
tb.dut.clusters[0].cluster.sockets[0].socket.cores[0].core.execute.fpu_unit.genblk1[0].fpu_fpnew.genblk3[0].fpnew_core.gen_operation_groups[3].i_opgroup_block.gen_merged_slice.i_multifmt_slice.gen_num_lanes[0].active_lane.lane_instance.i_fpnew_cast_multi.gen_res_assemble[4]	22	64	0	0	0	0	0	1	1385575	1385575	0,0,0,0,0,0,0,0,0,0,0,0,0,0,0,0,0,0,0,0,0,0,0,0,0,0,0,0,0,0,0,0,0,0,0,0,0,0,0,0	0,0,0,0,0,0,0,0,0,0,0,0,0,0,0,0,0,0,0,0,0,0,0,0,0,0,0,0,0,0,0,0,1,0,0,0,0,0,0,0	2	0	0	0	0	1	1385575	1385575	0,0,0,0,0,0,0,0,0,0,0,0,0,0,0,0,0,0,0,0,0,0,0,0,0,0,0,0,0,0,0,0,0,0,0,0,0,0,0,0	0,0,0,0,0,0,0,0,0,0,0,0,0,0,0,0,0,0,0,0,0,0,0,0,0,0,0,0,0,0,0,0,1,0,0,0,0,0,0,0
tb.dut.clusters[0].cluster.sockets[0].socket.cores[0].core.execute.fpu_unit.genblk1[0].fpu_fpnew.genblk3[0].fpnew_core.gen_operation_groups[3].i_opgroup_block.gen_merged_slice.i_multifmt_slice.gen_num_lanes[0].active_lane.lane_instance.i_fpnew_cast_multi.gen_sign_extend_int[0]	22	32	0	0	0	0	0	1	1385575	1385575	0,0,0,0,0,0,0,0,0,0,0,0,0,0,0,0,0,0,0,0,0,0,0,0,0,0,0,0,0,0,0,0,0,0,0,0,0,0,0,0	0,0,0,0,0,0,0,0,0,0,0,0,0,0,0,0,0,0,0,0,0,0,0,0,0,0,0,0,0,0,0,0,1,0,0,0,0,0,0,0	2	0	0	0	0	1	1385575	1385575	0,0,0,0,0,0,0,0,0,0,0,0,0,0,0,0,0,0,0,0,0,0,0,0,0,0,0,0,0,0,0,0,0,0,0,0,0,0,0,0	0,0,0,0,0,0,0,0,0,0,0,0,0,0,0,0,0,0,0,0,0,0,0,0,0,0,0,0,0,0,0,0,1,0,0,0,0,0,0,0
tb.dut.clusters[0].cluster.sockets[0].socket.cores[0].core.execute.fpu_unit.genblk1[0].fpu_fpnew.genblk3[0].fpnew_core.gen_operation_groups[3].i_opgroup_block.gen_merged_slice.i_multifmt_slice.gen_num_lanes[0].active_lane.lane_instance.i_fpnew_cast_multi.gen_sign_extend_int[1]	22	32	0	0	0	0	0	1	1385575	1385575	0,0,0,0,0,0,0,0,0,0,0,0,0,0,0,0,0,0,0,0,0,0,0,0,0,0,0,0,0,0,0,0,0,0,0,0,0,0,0,0	0,0,0,0,0,0,0,0,0,0,0,0,0,0,0,0,0,0,0,0,0,0,0,0,0,0,0,0,0,0,0,0,1,0,0,0,0,0,0,0	2	0	0	0	0	1	1385575	1385575	0,0,0,0,0,0,0,0,0,0,0,0,0,0,0,0,0,0,0,0,0,0,0,0,0,0,0,0,0,0,0,0,0,0,0,0,0,0,0,0	0,0,0,0,0,0,0,0,0,0,0,0,0,0,0,0,0,0,0,0,0,0,0,0,0,0,0,0,0,0,0,0,1,0,0,0,0,0,0,0
tb.dut.clusters[0].cluster.sockets[0].socket.cores[0].core.execute.fpu_unit.genblk1[0].fpu_fpnew.genblk3[0].fpnew_core.gen_operation_groups[3].i_opgroup_block.gen_merged_slice.i_multifmt_slice.gen_num_lanes[0].active_lane.lane_instance.i_fpnew_cast_multi.gen_sign_extend_int[2]	22	32	0	0	0	0	0	1	1385575	1385575	0,0,0,0,0,0,0,0,0,0,0,0,0,0,0,0,0,0,0,0,0,0,0,0,0,0,0,0,0,0,0,0,0,0,0,0,0,0,0,0	0,0,0,0,0,0,0,0,0,0,0,0,0,0,0,0,0,0,0,0,0,0,0,0,0,0,0,0,0,0,0,0,1,0,0,0,0,0,0,0	2	0	0	0	0	1	1385575	1385575	0,0,0,0,0,0,0,0,0,0,0,0,0,0,0,0,0,0,0,0,0,0,0,0,0,0,0,0,0,0,0,0,0,0,0,0,0,0,0,0	0,0,0,0,0,0,0,0,0,0,0,0,0,0,0,0,0,0,0,0,0,0,0,0,0,0,0,0,0,0,0,0,1,0,0,0,0,0,0,0
tb.dut.clusters[0].cluster.sockets[0].socket.cores[0].core.execute.fpu_unit.genblk1[0].fpu_fpnew.genblk3[0].fpnew_core.gen_operation_groups[3].i_opgroup_block.gen_merged_slice.i_multifmt_slice.gen_num_lanes[0].active_lane.lane_instance.i_fpnew_cast_multi.gen_sign_extend_int[3]	22	32	0	0	0	0	0	1	1385575	1385575	0,0,0,0,0,0,0,0,0,0,0,0,0,0,0,0,0,0,0,0,0,0,0,0,0,0,0,0,0,0,0,0,0,0,0,0,0,0,0,0	0,0,0,0,0,0,0,0,0,0,0,0,0,0,0,0,0,0,0,0,0,0,0,0,0,0,0,0,0,0,0,0,1,0,0,0,0,0,0,0	2	0	0	0	0	1	1385575	1385575	0,0,0,0,0,0,0,0,0,0,0,0,0,0,0,0,0,0,0,0,0,0,0,0,0,0,0,0,0,0,0,0,0,0,0,0,0,0,0,0	0,0,0,0,0,0,0,0,0,0,0,0,0,0,0,0,0,0,0,0,0,0,0,0,0,0,0,0,0,0,0,0,1,0,0,0,0,0,0,0
tb.dut.clusters[0].cluster.sockets[0].socket.cores[0].core.execute.fpu_unit.genblk1[0].fpu_fpnew.genblk3[0].fpnew_core.gen_operation_groups[3].i_opgroup_block.gen_merged_slice.i_multifmt_slice.gen_num_lanes[0].active_lane.lane_instance.i_fpnew_cast_multi.gen_sign_inject[0]	22	96	0	0	0	0	0	1	1385575	1385575	0,0,0,0,0,0,0,0,0,0,0,0,0,0,0,0,0,0,0,0,0,0,0,0,0,0,0,0,0,0,0,0,0,0,0,0,0,0,0,0	0,0,0,0,0,0,0,0,0,0,0,0,0,0,0,0,0,0,0,0,0,0,0,0,0,0,0,0,0,0,0,0,1,0,0,0,0,0,0,0	2	0	0	0	0	1	1385575	1385575	0,0,0,0,0,0,0,0,0,0,0,0,0,0,0,0,0,0,0,0,0,0,0,0,0,0,0,0,0,0,0,0,0,0,0,0,0,0,0,0	0,0,0,0,0,0,0,0,0,0,0,0,0,0,0,0,0,0,0,0,0,0,0,0,0,0,0,0,0,0,0,0,1,0,0,0,0,0,0,0
tb.dut.clusters[0].cluster.sockets[0].socket.cores[0].core.execute.fpu_unit.genblk1[0].fpu_fpnew.genblk3[0].fpnew_core.gen_operation_groups[3].i_opgroup_block.gen_merged_slice.i_multifmt_slice.gen_num_lanes[0].active_lane.lane_instance.i_fpnew_cast_multi.gen_sign_inject[1]	22	96	0	0	0	0	0	1	1385575	1385575	0,0,0,0,0,0,0,0,0,0,0,0,0,0,0,0,0,0,0,0,0,0,0,0,0,0,0,0,0,0,0,0,0,0,0,0,0,0,0,0	0,0,0,0,0,0,0,0,0,0,0,0,0,0,0,0,0,0,0,0,0,0,0,0,0,0,0,0,0,0,0,0,1,0,0,0,0,0,0,0	2	0	0	0	0	1	1385575	1385575	0,0,0,0,0,0,0,0,0,0,0,0,0,0,0,0,0,0,0,0,0,0,0,0,0,0,0,0,0,0,0,0,0,0,0,0,0,0,0,0	0,0,0,0,0,0,0,0,0,0,0,0,0,0,0,0,0,0,0,0,0,0,0,0,0,0,0,0,0,0,0,0,1,0,0,0,0,0,0,0
tb.dut.clusters[0].cluster.sockets[0].socket.cores[0].core.execute.fpu_unit.genblk1[0].fpu_fpnew.genblk3[0].fpnew_core.gen_operation_groups[3].i_opgroup_block.gen_merged_slice.i_multifmt_slice.gen_num_lanes[0].active_lane.lane_instance.i_fpnew_cast_multi.gen_sign_inject[2]	22	96	0	0	0	0	0	1	1385575	1385575	0,0,0,0,0,0,0,0,0,0,0,0,0,0,0,0,0,0,0,0,0,0,0,0,0,0,0,0,0,0,0,0,0,0,0,0,0,0,0,0	0,0,0,0,0,0,0,0,0,0,0,0,0,0,0,0,0,0,0,0,0,0,0,0,0,0,0,0,0,0,0,0,1,0,0,0,0,0,0,0	2	0	0	0	0	1	1385575	1385575	0,0,0,0,0,0,0,0,0,0,0,0,0,0,0,0,0,0,0,0,0,0,0,0,0,0,0,0,0,0,0,0,0,0,0,0,0,0,0,0	0,0,0,0,0,0,0,0,0,0,0,0,0,0,0,0,0,0,0,0,0,0,0,0,0,0,0,0,0,0,0,0,1,0,0,0,0,0,0,0
tb.dut.clusters[0].cluster.sockets[0].socket.cores[0].core.execute.fpu_unit.genblk1[0].fpu_fpnew.genblk3[0].fpnew_core.gen_operation_groups[3].i_opgroup_block.gen_merged_slice.i_multifmt_slice.gen_num_lanes[0].active_lane.lane_instance.i_fpnew_cast_multi.gen_sign_inject[3]	22	96	0	0	0	0	0	1	1385575	1385575	0,0,0,0,0,0,0,0,0,0,0,0,0,0,0,0,0,0,0,0,0,0,0,0,0,0,0,0,0,0,0,0,0,0,0,0,0,0,0,0	0,0,0,0,0,0,0,0,0,0,0,0,0,0,0,0,0,0,0,0,0,0,0,0,0,0,0,0,0,0,0,0,1,0,0,0,0,0,0,0	2	0	0	0	0	1	1385575	1385575	0,0,0,0,0,0,0,0,0,0,0,0,0,0,0,0,0,0,0,0,0,0,0,0,0,0,0,0,0,0,0,0,0,0,0,0,0,0,0,0	0,0,0,0,0,0,0,0,0,0,0,0,0,0,0,0,0,0,0,0,0,0,0,0,0,0,0,0,0,0,0,0,1,0,0,0,0,0,0,0
tb.dut.clusters[0].cluster.sockets[0].socket.cores[0].core.execute.fpu_unit.genblk1[0].fpu_fpnew.genblk3[0].fpnew_core.gen_operation_groups[3].i_opgroup_block.gen_merged_slice.i_multifmt_slice.gen_num_lanes[0].active_lane.lane_instance.i_fpnew_cast_multi.gen_sign_inject[4]	22	96	0	0	0	0	0	1	1385575	1385575	0,0,0,0,0,0,0,0,0,0,0,0,0,0,0,0,0,0,0,0,0,0,0,0,0,0,0,0,0,0,0,0,0,0,0,0,0,0,0,0	0,0,0,0,0,0,0,0,0,0,0,0,0,0,0,0,0,0,0,0,0,0,0,0,0,0,0,0,0,0,0,0,1,0,0,0,0,0,0,0	2	0	0	0	0	1	1385575	1385575	0,0,0,0,0,0,0,0,0,0,0,0,0,0,0,0,0,0,0,0,0,0,0,0,0,0,0,0,0,0,0,0,0,0,0,0,0,0,0,0	0,0,0,0,0,0,0,0,0,0,0,0,0,0,0,0,0,0,0,0,0,0,0,0,0,0,0,0,0,0,0,0,1,0,0,0,0,0,0,0
tb.dut.clusters[0].cluster.sockets[0].socket.cores[0].core.execute.fpu_unit.genblk1[0].fpu_fpnew.genblk3[0].fpnew_core.gen_operation_groups[3].i_opgroup_block.gen_merged_slice.i_multifmt_slice.gen_num_lanes[0].active_lane.lane_instance.i_fpnew_cast_multi.gen_special_results[0]	22	159	0	0	0	0	0	1	1385575	1385575	0,0,0,0,0,0,0,0,0,0,0,0,0,0,0,0,0,0,0,0,0,0,0,0,0,0,0,0,0,0,0,0,0,0,0,0,0,0,0,0	0,0,0,0,0,0,0,0,0,0,0,0,0,0,0,0,0,0,0,0,0,0,0,0,0,0,0,0,0,0,0,0,1,0,0,0,0,0,0,0	2	0	0	0	0	1	1385575	1385575	0,0,0,0,0,0,0,0,0,0,0,0,0,0,0,0,0,0,0,0,0,0,0,0,0,0,0,0,0,0,0,0,0,0,0,0,0,0,0,0	0,0,0,0,0,0,0,0,0,0,0,0,0,0,0,0,0,0,0,0,0,0,0,0,0,0,0,0,0,0,0,0,1,0,0,0,0,0,0,0
tb.dut.clusters[0].cluster.sockets[0].socket.cores[0].core.execute.fpu_unit.genblk1[0].fpu_fpnew.genblk3[0].fpnew_core.gen_operation_groups[3].i_opgroup_block.gen_merged_slice.i_multifmt_slice.gen_num_lanes[0].active_lane.lane_instance.i_fpnew_cast_multi.gen_special_results[0].active_format	23	32	0	0	0	0	0	1	1385575	1385575	0,0,0,0,0,0,0,0,0,0,0,0,0,0,0,0,0,0,0,0,0,0,0,0,0,0,0,0,0,0,0,0,0,0,0,0,0,0,0,0	0,0,0,0,0,0,0,0,0,0,0,0,0,0,0,0,0,0,0,0,0,0,0,0,0,0,0,0,0,0,0,0,1,0,0,0,0,0,0,0	2	0	0	0	0	1	1385575	1385575	0,0,0,0,0,0,0,0,0,0,0,0,0,0,0,0,0,0,0,0,0,0,0,0,0,0,0,0,0,0,0,0,0,0,0,0,0,0,0,0	0,0,0,0,0,0,0,0,0,0,0,0,0,0,0,0,0,0,0,0,0,0,0,0,0,0,0,0,0,0,0,0,1,0,0,0,0,0,0,0
tb.dut.clusters[0].cluster.sockets[0].socket.cores[0].core.execute.fpu_unit.genblk1[0].fpu_fpnew.genblk3[0].fpnew_core.gen_operation_groups[3].i_opgroup_block.gen_merged_slice.i_multifmt_slice.gen_num_lanes[0].active_lane.lane_instance.i_fpnew_cast_multi.gen_special_results[0].active_format.special_results	24	32	0	0	0	0	0	1	1385575	1385575	0,0,0,0,0,0,0,0,0,0,0,0,0,0,0,0,0,0,0,0,0,0,0,0,0,0,0,0,0,0,0,0,0,0,0,0,0,0,0,0	0,0,0,0,0,0,0,0,0,0,0,0,0,0,0,0,0,0,0,0,0,0,0,0,0,0,0,0,0,0,0,0,1,0,0,0,0,0,0,0	2	0	0	0	0	1	1385575	1385575	0,0,0,0,0,0,0,0,0,0,0,0,0,0,0,0,0,0,0,0,0,0,0,0,0,0,0,0,0,0,0,0,0,0,0,0,0,0,0,0	0,0,0,0,0,0,0,0,0,0,0,0,0,0,0,0,0,0,0,0,0,0,0,0,0,0,0,0,0,0,0,0,1,0,0,0,0,0,0,0
tb.dut.clusters[0].cluster.sockets[0].socket.cores[0].core.execute.fpu_unit.genblk1[0].fpu_fpnew.genblk3[0].fpnew_core.gen_operation_groups[3].i_opgroup_block.gen_merged_slice.i_multifmt_slice.gen_num_lanes[0].active_lane.lane_instance.i_fpnew_cast_multi.gen_special_results[1]	22	159	0	0	0	0	0	1	1385575	1385575	0,0,0,0,0,0,0,0,0,0,0,0,0,0,0,0,0,0,0,0,0,0,0,0,0,0,0,0,0,0,0,0,0,0,0,0,0,0,0,0	0,0,0,0,0,0,0,0,0,0,0,0,0,0,0,0,0,0,0,0,0,0,0,0,0,0,0,0,0,0,0,0,1,0,0,0,0,0,0,0	2	0	0	0	0	1	1385575	1385575	0,0,0,0,0,0,0,0,0,0,0,0,0,0,0,0,0,0,0,0,0,0,0,0,0,0,0,0,0,0,0,0,0,0,0,0,0,0,0,0	0,0,0,0,0,0,0,0,0,0,0,0,0,0,0,0,0,0,0,0,0,0,0,0,0,0,0,0,0,0,0,0,1,0,0,0,0,0,0,0
tb.dut.clusters[0].cluster.sockets[0].socket.cores[0].core.execute.fpu_unit.genblk1[0].fpu_fpnew.genblk3[0].fpnew_core.gen_operation_groups[3].i_opgroup_block.gen_merged_slice.i_multifmt_slice.gen_num_lanes[0].active_lane.lane_instance.i_fpnew_cast_multi.gen_special_results[2]	22	111	0	0	0	0	0	1	1385575	1385575	0,0,0,0,0,0,0,0,0,0,0,0,0,0,0,0,0,0,0,0,0,0,0,0,0,0,0,0,0,0,0,0,0,0,0,0,0,0,0,0	0,0,0,0,0,0,0,0,0,0,0,0,0,0,0,0,0,0,0,0,0,0,0,0,0,0,0,0,0,0,0,0,1,0,0,0,0,0,0,0	2	0	0	0	0	1	1385575	1385575	0,0,0,0,0,0,0,0,0,0,0,0,0,0,0,0,0,0,0,0,0,0,0,0,0,0,0,0,0,0,0,0,0,0,0,0,0,0,0,0	0,0,0,0,0,0,0,0,0,0,0,0,0,0,0,0,0,0,0,0,0,0,0,0,0,0,0,0,0,0,0,0,1,0,0,0,0,0,0,0
tb.dut.clusters[0].cluster.sockets[0].socket.cores[0].core.execute.fpu_unit.genblk1[0].fpu_fpnew.genblk3[0].fpnew_core.gen_operation_groups[3].i_opgroup_block.gen_merged_slice.i_multifmt_slice.gen_num_lanes[0].active_lane.lane_instance.i_fpnew_cast_multi.gen_special_results[3]	22	103	0	0	0	0	0	1	1385575	1385575	0,0,0,0,0,0,0,0,0,0,0,0,0,0,0,0,0,0,0,0,0,0,0,0,0,0,0,0,0,0,0,0,0,0,0,0,0,0,0,0	0,0,0,0,0,0,0,0,0,0,0,0,0,0,0,0,0,0,0,0,0,0,0,0,0,0,0,0,0,0,0,0,1,0,0,0,0,0,0,0	2	0	0	0	0	1	1385575	1385575	0,0,0,0,0,0,0,0,0,0,0,0,0,0,0,0,0,0,0,0,0,0,0,0,0,0,0,0,0,0,0,0,0,0,0,0,0,0,0,0	0,0,0,0,0,0,0,0,0,0,0,0,0,0,0,0,0,0,0,0,0,0,0,0,0,0,0,0,0,0,0,0,1,0,0,0,0,0,0,0
tb.dut.clusters[0].cluster.sockets[0].socket.cores[0].core.execute.fpu_unit.genblk1[0].fpu_fpnew.genblk3[0].fpnew_core.gen_operation_groups[3].i_opgroup_block.gen_merged_slice.i_multifmt_slice.gen_num_lanes[0].active_lane.lane_instance.i_fpnew_cast_multi.gen_special_results[4]	22	111	0	0	0	0	0	1	1385575	1385575	0,0,0,0,0,0,0,0,0,0,0,0,0,0,0,0,0,0,0,0,0,0,0,0,0,0,0,0,0,0,0,0,0,0,0,0,0,0,0,0	0,0,0,0,0,0,0,0,0,0,0,0,0,0,0,0,0,0,0,0,0,0,0,0,0,0,0,0,0,0,0,0,1,0,0,0,0,0,0,0	2	0	0	0	0	1	1385575	1385575	0,0,0,0,0,0,0,0,0,0,0,0,0,0,0,0,0,0,0,0,0,0,0,0,0,0,0,0,0,0,0,0,0,0,0,0,0,0,0,0	0,0,0,0,0,0,0,0,0,0,0,0,0,0,0,0,0,0,0,0,0,0,0,0,0,0,0,0,0,0,0,0,1,0,0,0,0,0,0,0
tb.dut.clusters[0].cluster.sockets[0].socket.cores[0].core.execute.fpu_unit.genblk1[0].fpu_fpnew.genblk3[0].fpnew_core.gen_operation_groups[3].i_opgroup_block.gen_merged_slice.i_multifmt_slice.gen_num_lanes[0].active_lane.lane_instance.i_fpnew_cast_multi.gen_special_results_int[0]	22	32	0	0	0	0	0	1	1385575	1385575	0,0,0,0,0,0,0,0,0,0,0,0,0,0,0,0,0,0,0,0,0,0,0,0,0,0,0,0,0,0,0,0,0,0,0,0,0,0,0,0	0,0,0,0,0,0,0,0,0,0,0,0,0,0,0,0,0,0,0,0,0,0,0,0,0,0,0,0,0,0,0,0,1,0,0,0,0,0,0,0	2	0	0	0	0	1	1385575	1385575	0,0,0,0,0,0,0,0,0,0,0,0,0,0,0,0,0,0,0,0,0,0,0,0,0,0,0,0,0,0,0,0,0,0,0,0,0,0,0,0	0,0,0,0,0,0,0,0,0,0,0,0,0,0,0,0,0,0,0,0,0,0,0,0,0,0,0,0,0,0,0,0,1,0,0,0,0,0,0,0
tb.dut.clusters[0].cluster.sockets[0].socket.cores[0].core.execute.fpu_unit.genblk1[0].fpu_fpnew.genblk3[0].fpnew_core.gen_operation_groups[3].i_opgroup_block.gen_merged_slice.i_multifmt_slice.gen_num_lanes[0].active_lane.lane_instance.i_fpnew_cast_multi.gen_special_results_int[1]	22	32	0	0	0	0	0	1	1385575	1385575	0,0,0,0,0,0,0,0,0,0,0,0,0,0,0,0,0,0,0,0,0,0,0,0,0,0,0,0,0,0,0,0,0,0,0,0,0,0,0,0	0,0,0,0,0,0,0,0,0,0,0,0,0,0,0,0,0,0,0,0,0,0,0,0,0,0,0,0,0,0,0,0,1,0,0,0,0,0,0,0	2	0	0	0	0	1	1385575	1385575	0,0,0,0,0,0,0,0,0,0,0,0,0,0,0,0,0,0,0,0,0,0,0,0,0,0,0,0,0,0,0,0,0,0,0,0,0,0,0,0	0,0,0,0,0,0,0,0,0,0,0,0,0,0,0,0,0,0,0,0,0,0,0,0,0,0,0,0,0,0,0,0,1,0,0,0,0,0,0,0
tb.dut.clusters[0].cluster.sockets[0].socket.cores[0].core.execute.fpu_unit.genblk1[0].fpu_fpnew.genblk3[0].fpnew_core.gen_operation_groups[3].i_opgroup_block.gen_merged_slice.i_multifmt_slice.gen_num_lanes[0].active_lane.lane_instance.i_fpnew_cast_multi.gen_special_results_int[2]	22	32	0	0	0	0	0	1	1385575	1385575	0,0,0,0,0,0,0,0,0,0,0,0,0,0,0,0,0,0,0,0,0,0,0,0,0,0,0,0,0,0,0,0,0,0,0,0,0,0,0,0	0,0,0,0,0,0,0,0,0,0,0,0,0,0,0,0,0,0,0,0,0,0,0,0,0,0,0,0,0,0,0,0,1,0,0,0,0,0,0,0	2	0	0	0	0	1	1385575	1385575	0,0,0,0,0,0,0,0,0,0,0,0,0,0,0,0,0,0,0,0,0,0,0,0,0,0,0,0,0,0,0,0,0,0,0,0,0,0,0,0	0,0,0,0,0,0,0,0,0,0,0,0,0,0,0,0,0,0,0,0,0,0,0,0,0,0,0,0,0,0,0,0,1,0,0,0,0,0,0,0
tb.dut.clusters[0].cluster.sockets[0].socket.cores[0].core.execute.fpu_unit.genblk1[0].fpu_fpnew.genblk3[0].fpnew_core.gen_operation_groups[3].i_opgroup_block.gen_merged_slice.i_multifmt_slice.gen_num_lanes[0].active_lane.lane_instance.i_fpnew_cast_multi.gen_special_results_int[3]	22	32	0	0	0	0	0	1	1385575	1385575	0,0,0,0,0,0,0,0,0,0,0,0,0,0,0,0,0,0,0,0,0,0,0,0,0,0,0,0,0,0,0,0,0,0,0,0,0,0,0,0	0,0,0,0,0,0,0,0,0,0,0,0,0,0,0,0,0,0,0,0,0,0,0,0,0,0,0,0,0,0,0,0,1,0,0,0,0,0,0,0	2	0	0	0	0	1	1385575	1385575	0,0,0,0,0,0,0,0,0,0,0,0,0,0,0,0,0,0,0,0,0,0,0,0,0,0,0,0,0,0,0,0,0,0,0,0,0,0,0,0	0,0,0,0,0,0,0,0,0,0,0,0,0,0,0,0,0,0,0,0,0,0,0,0,0,0,0,0,0,0,0,0,1,0,0,0,0,0,0,0
tb.dut.clusters[0].cluster.sockets[0].socket.cores[0].core.execute.fpu_unit.genblk1[0].fpu_fpnew.genblk3[0].fpnew_core.gen_operation_groups[3].i_opgroup_block.gen_merged_slice.i_multifmt_slice.gen_num_lanes[0].active_lane.lane_instance.i_fpnew_cast_multi.i_fpnew_rounding	22	106	215	32	32	32	1	33	1385543	1384884	32,0,0,0,0,0,0,0,0,0,0,0,0,0,0,0,0,0,0,0,0,0,0,0,0,0,0,0,0,0,0,0,0,0,0,0,0,0,0,0	2,14,7,1,0,0,0,0,0,0,0,0,0,0,0,0,7,0,0,0,1,0,0,0,0,0,0,0,0,0,0,0,1,0,0,0,0,0,0,0	2	32	32	32	1	33	1385543	1384884	32,0,0,0,0,0,0,0,0,0,0,0,0,0,0,0,0,0,0,0,0,0,0,0,0,0,0,0,0,0,0,0,0,0,0,0,0,0,0,0	2,14,7,1,0,0,0,0,0,0,0,0,0,0,0,0,7,0,0,0,1,0,0,0,0,0,0,0,0,0,0,0,1,0,0,0,0,0,0,0
tb.dut.clusters[0].cluster.sockets[0].socket.cores[0].core.execute.fpu_unit.genblk1[0].fpu_fpnew.genblk3[0].fpnew_core.gen_operation_groups[3].i_opgroup_block.gen_merged_slice.i_multifmt_slice.gen_num_lanes[0].active_lane.lane_instance.i_fpnew_cast_multi.i_lzc	22	519	448	32	32	32	1	33	1385543	1384886	32,0,0,0,0,0,0,0,0,0,0,0,0,0,0,0,0,0,0,0,0,0,0,0,0,0,0,0,0,0,0,0,0,0,0,0,0,0,0,0	2,14,7,1,0,0,0,0,0,0,0,0,0,0,0,0,7,0,0,0,1,0,0,0,0,0,0,0,0,0,0,0,1,0,0,0,0,0,0,0	3	32	32	32	1	33	1385543	1384886	32,0,0,0,0,0,0,0,0,0,0,0,0,0,0,0,0,0,0,0,0,0,0,0,0,0,0,0,0,0,0,0,0,0,0,0,0,0,0,0	2,14,7,1,0,0,0,0,0,0,0,0,0,0,0,0,7,0,0,0,1,0,0,0,0,0,0,0,0,0,0,0,1,0,0,0,0,0,0,0
tb.dut.clusters[0].cluster.sockets[0].socket.cores[0].core.execute.fpu_unit.genblk1[0].fpu_fpnew.genblk3[0].fpnew_core.gen_operation_groups[3].i_opgroup_block.gen_merged_slice.i_multifmt_slice.gen_num_lanes[0].active_lane.lane_instance.i_fpnew_cast_multi.i_lzc.gen_lzc	23	416	340	32	32	32	1	33	1385543	1384886	32,0,0,0,0,0,0,0,0,0,0,0,0,0,0,0,0,0,0,0,0,0,0,0,0,0,0,0,0,0,0,0,0,0,0,0,0,0,0,0	2,14,7,1,0,0,0,0,0,0,0,0,0,0,0,0,7,0,0,0,1,0,0,0,0,0,0,0,0,0,0,0,1,0,0,0,0,0,0,0	3	32	32	32	1	33	1385543	1384886	32,0,0,0,0,0,0,0,0,0,0,0,0,0,0,0,0,0,0,0,0,0,0,0,0,0,0,0,0,0,0,0,0,0,0,0,0,0,0,0	2,14,7,1,0,0,0,0,0,0,0,0,0,0,0,0,7,0,0,0,1,0,0,0,0,0,0,0,0,0,0,0,1,0,0,0,0,0,0,0
tb.dut.clusters[0].cluster.sockets[0].socket.cores[0].core.execute.fpu_unit.genblk1[0].fpu_fpnew.genblk3[0].fpnew_core.gen_operation_groups[3].i_opgroup_block.gen_merged_slice.i_multifmt_slice.gen_num_lanes[0].int_results_enabled	19	128	0	0	0	0	0	1	1385575	1385575	0,0,0,0,0,0,0,0,0,0,0,0,0,0,0,0,0,0,0,0,0,0,0,0,0,0,0,0,0,0,0,0,0,0,0,0,0,0,0,0	0,0,0,0,0,0,0,0,0,0,0,0,0,0,0,0,0,0,0,0,0,0,0,0,0,0,0,0,0,0,0,0,1,0,0,0,0,0,0,0	2	0	0	0	0	1	1385575	1385575	0,0,0,0,0,0,0,0,0,0,0,0,0,0,0,0,0,0,0,0,0,0,0,0,0,0,0,0,0,0,0,0,0,0,0,0,0,0,0,0	0,0,0,0,0,0,0,0,0,0,0,0,0,0,0,0,0,0,0,0,0,0,0,0,0,0,0,0,0,0,0,0,1,0,0,0,0,0,0,0
tb.dut.clusters[0].cluster.sockets[0].socket.cores[0].core.execute.fpu_unit.genblk1[0].fpu_fpnew.genblk3[0].fpnew_core.gen_operation_groups[3].i_opgroup_block.gen_merged_slice.i_multifmt_slice.gen_num_lanes[0].int_results_enabled.pack_int_result[0]	20	32	0	0	0	0	0	1	1385575	1385575	0,0,0,0,0,0,0,0,0,0,0,0,0,0,0,0,0,0,0,0,0,0,0,0,0,0,0,0,0,0,0,0,0,0,0,0,0,0,0,0	0,0,0,0,0,0,0,0,0,0,0,0,0,0,0,0,0,0,0,0,0,0,0,0,0,0,0,0,0,0,0,0,1,0,0,0,0,0,0,0	2	0	0	0	0	1	1385575	1385575	0,0,0,0,0,0,0,0,0,0,0,0,0,0,0,0,0,0,0,0,0,0,0,0,0,0,0,0,0,0,0,0,0,0,0,0,0,0,0,0	0,0,0,0,0,0,0,0,0,0,0,0,0,0,0,0,0,0,0,0,0,0,0,0,0,0,0,0,0,0,0,0,1,0,0,0,0,0,0,0
tb.dut.clusters[0].cluster.sockets[0].socket.cores[0].core.execute.fpu_unit.genblk1[0].fpu_fpnew.genblk3[0].fpnew_core.gen_operation_groups[3].i_opgroup_block.gen_merged_slice.i_multifmt_slice.gen_num_lanes[0].int_results_enabled.pack_int_result[1]	20	32	0	0	0	0	0	1	1385575	1385575	0,0,0,0,0,0,0,0,0,0,0,0,0,0,0,0,0,0,0,0,0,0,0,0,0,0,0,0,0,0,0,0,0,0,0,0,0,0,0,0	0,0,0,0,0,0,0,0,0,0,0,0,0,0,0,0,0,0,0,0,0,0,0,0,0,0,0,0,0,0,0,0,1,0,0,0,0,0,0,0	2	0	0	0	0	1	1385575	1385575	0,0,0,0,0,0,0,0,0,0,0,0,0,0,0,0,0,0,0,0,0,0,0,0,0,0,0,0,0,0,0,0,0,0,0,0,0,0,0,0	0,0,0,0,0,0,0,0,0,0,0,0,0,0,0,0,0,0,0,0,0,0,0,0,0,0,0,0,0,0,0,0,1,0,0,0,0,0,0,0
tb.dut.clusters[0].cluster.sockets[0].socket.cores[0].core.execute.fpu_unit.genblk1[0].fpu_fpnew.genblk3[0].fpnew_core.gen_operation_groups[3].i_opgroup_block.gen_merged_slice.i_multifmt_slice.gen_num_lanes[0].int_results_enabled.pack_int_result[2]	20	32	0	0	0	0	0	1	1385575	1385575	0,0,0,0,0,0,0,0,0,0,0,0,0,0,0,0,0,0,0,0,0,0,0,0,0,0,0,0,0,0,0,0,0,0,0,0,0,0,0,0	0,0,0,0,0,0,0,0,0,0,0,0,0,0,0,0,0,0,0,0,0,0,0,0,0,0,0,0,0,0,0,0,1,0,0,0,0,0,0,0	2	0	0	0	0	1	1385575	1385575	0,0,0,0,0,0,0,0,0,0,0,0,0,0,0,0,0,0,0,0,0,0,0,0,0,0,0,0,0,0,0,0,0,0,0,0,0,0,0,0	0,0,0,0,0,0,0,0,0,0,0,0,0,0,0,0,0,0,0,0,0,0,0,0,0,0,0,0,0,0,0,0,1,0,0,0,0,0,0,0
tb.dut.clusters[0].cluster.sockets[0].socket.cores[0].core.execute.fpu_unit.genblk1[0].fpu_fpnew.genblk3[0].fpnew_core.gen_operation_groups[3].i_opgroup_block.gen_merged_slice.i_multifmt_slice.gen_num_lanes[0].int_results_enabled.pack_int_result[3]	20	32	0	0	0	0	0	1	1385575	1385575	0,0,0,0,0,0,0,0,0,0,0,0,0,0,0,0,0,0,0,0,0,0,0,0,0,0,0,0,0,0,0,0,0,0,0,0,0,0,0,0	0,0,0,0,0,0,0,0,0,0,0,0,0,0,0,0,0,0,0,0,0,0,0,0,0,0,0,0,0,0,0,0,1,0,0,0,0,0,0,0	2	0	0	0	0	1	1385575	1385575	0,0,0,0,0,0,0,0,0,0,0,0,0,0,0,0,0,0,0,0,0,0,0,0,0,0,0,0,0,0,0,0,0,0,0,0,0,0,0,0	0,0,0,0,0,0,0,0,0,0,0,0,0,0,0,0,0,0,0,0,0,0,0,0,0,0,0,0,0,0,0,0,1,0,0,0,0,0,0,0
tb.dut.clusters[0].cluster.sockets[0].socket.cores[0].core.execute.fpu_unit.genblk1[0].fpu_fpnew.genblk3[0].fpnew_core.gen_operation_groups[3].i_opgroup_block.gen_merged_slice.i_multifmt_slice.gen_num_lanes[0].pack_fp_result[0]	19	32	0	0	0	0	0	1	1385575	1385575	0,0,0,0,0,0,0,0,0,0,0,0,0,0,0,0,0,0,0,0,0,0,0,0,0,0,0,0,0,0,0,0,0,0,0,0,0,0,0,0	0,0,0,0,0,0,0,0,0,0,0,0,0,0,0,0,0,0,0,0,0,0,0,0,0,0,0,0,0,0,0,0,1,0,0,0,0,0,0,0	2	0	0	0	0	1	1385575	1385575	0,0,0,0,0,0,0,0,0,0,0,0,0,0,0,0,0,0,0,0,0,0,0,0,0,0,0,0,0,0,0,0,0,0,0,0,0,0,0,0	0,0,0,0,0,0,0,0,0,0,0,0,0,0,0,0,0,0,0,0,0,0,0,0,0,0,0,0,0,0,0,0,1,0,0,0,0,0,0,0
tb.dut.clusters[0].cluster.sockets[0].socket.cores[0].core.execute.fpu_unit.genblk1[0].fpu_fpnew.genblk3[0].fpnew_core.gen_operation_groups[3].i_opgroup_block.gen_merged_slice.i_multifmt_slice.gen_num_lanes[0].pack_fp_result[1]	19	32	0	0	0	0	0	1	1385575	1385575	0,0,0,0,0,0,0,0,0,0,0,0,0,0,0,0,0,0,0,0,0,0,0,0,0,0,0,0,0,0,0,0,0,0,0,0,0,0,0,0	0,0,0,0,0,0,0,0,0,0,0,0,0,0,0,0,0,0,0,0,0,0,0,0,0,0,0,0,0,0,0,0,1,0,0,0,0,0,0,0	2	0	0	0	0	1	1385575	1385575	0,0,0,0,0,0,0,0,0,0,0,0,0,0,0,0,0,0,0,0,0,0,0,0,0,0,0,0,0,0,0,0,0,0,0,0,0,0,0,0	0,0,0,0,0,0,0,0,0,0,0,0,0,0,0,0,0,0,0,0,0,0,0,0,0,0,0,0,0,0,0,0,1,0,0,0,0,0,0,0
tb.dut.clusters[0].cluster.sockets[0].socket.cores[0].core.execute.fpu_unit.genblk1[0].fpu_fpnew.genblk3[0].fpnew_core.gen_operation_groups[3].i_opgroup_block.gen_merged_slice.i_multifmt_slice.gen_num_lanes[0].pack_fp_result[2]	19	32	0	0	0	0	0	1	1385575	1385575	0,0,0,0,0,0,0,0,0,0,0,0,0,0,0,0,0,0,0,0,0,0,0,0,0,0,0,0,0,0,0,0,0,0,0,0,0,0,0,0	0,0,0,0,0,0,0,0,0,0,0,0,0,0,0,0,0,0,0,0,0,0,0,0,0,0,0,0,0,0,0,0,1,0,0,0,0,0,0,0	2	0	0	0	0	1	1385575	1385575	0,0,0,0,0,0,0,0,0,0,0,0,0,0,0,0,0,0,0,0,0,0,0,0,0,0,0,0,0,0,0,0,0,0,0,0,0,0,0,0	0,0,0,0,0,0,0,0,0,0,0,0,0,0,0,0,0,0,0,0,0,0,0,0,0,0,0,0,0,0,0,0,1,0,0,0,0,0,0,0
tb.dut.clusters[0].cluster.sockets[0].socket.cores[0].core.execute.fpu_unit.genblk1[0].fpu_fpnew.genblk3[0].fpnew_core.gen_operation_groups[3].i_opgroup_block.gen_merged_slice.i_multifmt_slice.gen_num_lanes[0].pack_fp_result[3]	19	32	0	0	0	0	0	1	1385575	1385575	0,0,0,0,0,0,0,0,0,0,0,0,0,0,0,0,0,0,0,0,0,0,0,0,0,0,0,0,0,0,0,0,0,0,0,0,0,0,0,0	0,0,0,0,0,0,0,0,0,0,0,0,0,0,0,0,0,0,0,0,0,0,0,0,0,0,0,0,0,0,0,0,1,0,0,0,0,0,0,0	2	0	0	0	0	1	1385575	1385575	0,0,0,0,0,0,0,0,0,0,0,0,0,0,0,0,0,0,0,0,0,0,0,0,0,0,0,0,0,0,0,0,0,0,0,0,0,0,0,0	0,0,0,0,0,0,0,0,0,0,0,0,0,0,0,0,0,0,0,0,0,0,0,0,0,0,0,0,0,0,0,0,1,0,0,0,0,0,0,0
tb.dut.clusters[0].cluster.sockets[0].socket.cores[0].core.execute.fpu_unit.genblk1[0].fpu_fpnew.genblk3[0].fpnew_core.gen_operation_groups[3].i_opgroup_block.gen_merged_slice.i_multifmt_slice.gen_num_lanes[0].pack_fp_result[4]	19	32	0	0	0	0	0	1	1385575	1385575	0,0,0,0,0,0,0,0,0,0,0,0,0,0,0,0,0,0,0,0,0,0,0,0,0,0,0,0,0,0,0,0,0,0,0,0,0,0,0,0	0,0,0,0,0,0,0,0,0,0,0,0,0,0,0,0,0,0,0,0,0,0,0,0,0,0,0,0,0,0,0,0,1,0,0,0,0,0,0,0	2	0	0	0	0	1	1385575	1385575	0,0,0,0,0,0,0,0,0,0,0,0,0,0,0,0,0,0,0,0,0,0,0,0,0,0,0,0,0,0,0,0,0,0,0,0,0,0,0,0	0,0,0,0,0,0,0,0,0,0,0,0,0,0,0,0,0,0,0,0,0,0,0,0,0,0,0,0,0,0,0,0,1,0,0,0,0,0,0,0
tb.dut.clusters[0].cluster.sockets[0].socket.cores[0].core.execute.fpu_unit.genblk1[0].fpu_fpnew.genblk3[0].fpnew_core.gen_operation_groups[3].i_opgroup_block.gen_merged_slice.i_multifmt_slice.target_regs	18	227	98868	12374	12357	12374	3	12358	1373201	9009	12341,15,1,0,0,0,0,0,0,0,0,0,0,0,0,0,0,0,0,0,0,0,0,0,0,0,0,0,0,0,0,0,0,0,0,0,0,0,0,0	14,1,0,0,0,0,0,0,2314,1,0,5,2,0,1,0,4631,2316,0,5,3067,0,0,0,0,1,0,0,0,0,0,0,0,0,0,0,0,0,0,0	2	12374	12357	12374	3	12358	1373201	9009	12341,15,1,0,0,0,0,0,0,0,0,0,0,0,0,0,0,0,0,0,0,0,0,0,0,0,0,0,0,0,0,0,0,0,0,0,0,0,0,0	14,1,0,0,0,0,0,0,2314,1,0,5,2,0,1,0,4631,2316,0,5,3067,0,0,0,0,1,0,0,0,0,0,0,0,0,0,0,0,0,0,0
tb.dut.clusters[0].cluster.sockets[0].socket.cores[0].core.execute.fpu_unit.genblk1[0].fpu_fpnew.genblk3[0].fpnew_core.gen_operation_groups[3].i_opgroup_block.gen_merged_slice.i_multifmt_slice.target_regs.gen_bypass_pipeline[0]	19	1	0	0	0	0	0	1	1385575	1385575	0,0,0,0,0,0,0,0,0,0,0,0,0,0,0,0,0,0,0,0,0,0,0,0,0,0,0,0,0,0,0,0,0,0,0,0,0,0,0,0	0,0,0,0,0,0,0,0,0,0,0,0,0,0,0,0,0,0,0,0,0,0,0,0,0,0,0,0,0,0,0,0,1,0,0,0,0,0,0,0	2	0	0	0	0	1	1385575	1385575	0,0,0,0,0,0,0,0,0,0,0,0,0,0,0,0,0,0,0,0,0,0,0,0,0,0,0,0,0,0,0,0,0,0,0,0,0,0,0,0	0,0,0,0,0,0,0,0,0,0,0,0,0,0,0,0,0,0,0,0,0,0,0,0,0,0,0,0,0,0,0,0,1,0,0,0,0,0,0,0
tb.dut.clusters[0].cluster.sockets[0].socket.cores[0].core.execute.fpu_unit.genblk1[0].fpu_fpnew.genblk3[0].fpnew_core.gen_operation_groups[3].i_opgroup_block.gen_merged_slice.i_multifmt_slice.target_regs.gen_bypass_pipeline[1]	19	1	0	0	0	0	0	1	1385575	1385575	0,0,0,0,0,0,0,0,0,0,0,0,0,0,0,0,0,0,0,0,0,0,0,0,0,0,0,0,0,0,0,0,0,0,0,0,0,0,0,0	0,0,0,0,0,0,0,0,0,0,0,0,0,0,0,0,0,0,0,0,0,0,0,0,0,0,0,0,0,0,0,0,1,0,0,0,0,0,0,0	2	0	0	0	0	1	1385575	1385575	0,0,0,0,0,0,0,0,0,0,0,0,0,0,0,0,0,0,0,0,0,0,0,0,0,0,0,0,0,0,0,0,0,0,0,0,0,0,0,0	0,0,0,0,0,0,0,0,0,0,0,0,0,0,0,0,0,0,0,0,0,0,0,0,0,0,0,0,0,0,0,0,1,0,0,0,0,0,0,0
tb.dut.clusters[0].cluster.sockets[0].socket.cores[0].core.execute.fpu_unit.genblk1[0].fpu_fpnew.genblk3[0].fpnew_core.gen_operation_groups[3].i_opgroup_block.gen_merged_slice.i_multifmt_slice.target_regs.gen_bypass_pipeline[2]	19	1	0	0	0	0	0	1	1385575	1385575	0,0,0,0,0,0,0,0,0,0,0,0,0,0,0,0,0,0,0,0,0,0,0,0,0,0,0,0,0,0,0,0,0,0,0,0,0,0,0,0	0,0,0,0,0,0,0,0,0,0,0,0,0,0,0,0,0,0,0,0,0,0,0,0,0,0,0,0,0,0,0,0,1,0,0,0,0,0,0,0	2	0	0	0	0	1	1385575	1385575	0,0,0,0,0,0,0,0,0,0,0,0,0,0,0,0,0,0,0,0,0,0,0,0,0,0,0,0,0,0,0,0,0,0,0,0,0,0,0,0	0,0,0,0,0,0,0,0,0,0,0,0,0,0,0,0,0,0,0,0,0,0,0,0,0,0,0,0,0,0,0,0,1,0,0,0,0,0,0,0
tb.dut.clusters[0].cluster.sockets[0].socket.cores[0].core.execute.fpu_unit.genblk1[0].fpu_fpnew.genblk3[0].fpnew_core.gen_operation_groups[3].i_opgroup_block.gen_merged_slice.i_multifmt_slice.target_regs.gen_bypass_pipeline[3]	19	1	0	0	0	0	0	1	1385575	1385575	0,0,0,0,0,0,0,0,0,0,0,0,0,0,0,0,0,0,0,0,0,0,0,0,0,0,0,0,0,0,0,0,0,0,0,0,0,0,0,0	0,0,0,0,0,0,0,0,0,0,0,0,0,0,0,0,0,0,0,0,0,0,0,0,0,0,0,0,0,0,0,0,1,0,0,0,0,0,0,0	2	0	0	0	0	1	1385575	1385575	0,0,0,0,0,0,0,0,0,0,0,0,0,0,0,0,0,0,0,0,0,0,0,0,0,0,0,0,0,0,0,0,0,0,0,0,0,0,0,0	0,0,0,0,0,0,0,0,0,0,0,0,0,0,0,0,0,0,0,0,0,0,0,0,0,0,0,0,0,0,0,0,1,0,0,0,0,0,0,0
tb.dut.clusters[0].cluster.sockets[0].socket.cores[0].core.execute.fpu_unit.genblk1[0].fpu_fpnew.genblk3[0].fpnew_core.gen_operation_groups[3].i_opgroup_block.gen_merged_slice.i_multifmt_slice.target_regs.gen_bypass_pipeline[4]	19	1	0	0	0	0	0	1	1385575	1385575	0,0,0,0,0,0,0,0,0,0,0,0,0,0,0,0,0,0,0,0,0,0,0,0,0,0,0,0,0,0,0,0,0,0,0,0,0,0,0,0	0,0,0,0,0,0,0,0,0,0,0,0,0,0,0,0,0,0,0,0,0,0,0,0,0,0,0,0,0,0,0,0,1,0,0,0,0,0,0,0	2	0	0	0	0	1	1385575	1385575	0,0,0,0,0,0,0,0,0,0,0,0,0,0,0,0,0,0,0,0,0,0,0,0,0,0,0,0,0,0,0,0,0,0,0,0,0,0,0,0	0,0,0,0,0,0,0,0,0,0,0,0,0,0,0,0,0,0,0,0,0,0,0,0,0,0,0,0,0,0,0,0,1,0,0,0,0,0,0,0
tb.dut.clusters[0].cluster.sockets[0].socket.cores[0].core.execute.fpu_unit.genblk1[0].fpu_fpnew.genblk3[0].fpnew_core.gen_operation_groups[3].i_opgroup_block.gen_parallel_slices[0]	16	2	0	0	0	0	0	1	1385575	1385575	0,0,0,0,0,0,0,0,0,0,0,0,0,0,0,0,0,0,0,0,0,0,0,0,0,0,0,0,0,0,0,0,0,0,0,0,0,0,0,0	0,0,0,0,0,0,0,0,0,0,0,0,0,0,0,0,0,0,0,0,0,0,0,0,0,0,0,0,0,0,0,0,1,0,0,0,0,0,0,0	2	0	0	0	0	1	1385575	1385575	0,0,0,0,0,0,0,0,0,0,0,0,0,0,0,0,0,0,0,0,0,0,0,0,0,0,0,0,0,0,0,0,0,0,0,0,0,0,0,0	0,0,0,0,0,0,0,0,0,0,0,0,0,0,0,0,0,0,0,0,0,0,0,0,0,0,0,0,0,0,0,0,1,0,0,0,0,0,0,0
tb.dut.clusters[0].cluster.sockets[0].socket.cores[0].core.execute.fpu_unit.genblk1[0].fpu_fpnew.genblk3[0].fpnew_core.gen_operation_groups[3].i_opgroup_block.gen_parallel_slices[1]	16	2	0	0	0	0	0	1	1385575	1385575	0,0,0,0,0,0,0,0,0,0,0,0,0,0,0,0,0,0,0,0,0,0,0,0,0,0,0,0,0,0,0,0,0,0,0,0,0,0,0,0	0,0,0,0,0,0,0,0,0,0,0,0,0,0,0,0,0,0,0,0,0,0,0,0,0,0,0,0,0,0,0,0,1,0,0,0,0,0,0,0	2	0	0	0	0	1	1385575	1385575	0,0,0,0,0,0,0,0,0,0,0,0,0,0,0,0,0,0,0,0,0,0,0,0,0,0,0,0,0,0,0,0,0,0,0,0,0,0,0,0	0,0,0,0,0,0,0,0,0,0,0,0,0,0,0,0,0,0,0,0,0,0,0,0,0,0,0,0,0,0,0,0,1,0,0,0,0,0,0,0
tb.dut.clusters[0].cluster.sockets[0].socket.cores[0].core.execute.fpu_unit.genblk1[0].fpu_fpnew.genblk3[0].fpnew_core.gen_operation_groups[3].i_opgroup_block.gen_parallel_slices[2]	16	2	0	0	0	0	0	1	1385575	1385575	0,0,0,0,0,0,0,0,0,0,0,0,0,0,0,0,0,0,0,0,0,0,0,0,0,0,0,0,0,0,0,0,0,0,0,0,0,0,0,0	0,0,0,0,0,0,0,0,0,0,0,0,0,0,0,0,0,0,0,0,0,0,0,0,0,0,0,0,0,0,0,0,1,0,0,0,0,0,0,0	2	0	0	0	0	1	1385575	1385575	0,0,0,0,0,0,0,0,0,0,0,0,0,0,0,0,0,0,0,0,0,0,0,0,0,0,0,0,0,0,0,0,0,0,0,0,0,0,0,0	0,0,0,0,0,0,0,0,0,0,0,0,0,0,0,0,0,0,0,0,0,0,0,0,0,0,0,0,0,0,0,0,1,0,0,0,0,0,0,0
tb.dut.clusters[0].cluster.sockets[0].socket.cores[0].core.execute.fpu_unit.genblk1[0].fpu_fpnew.genblk3[0].fpnew_core.gen_operation_groups[3].i_opgroup_block.gen_parallel_slices[3]	16	2	0	0	0	0	0	1	1385575	1385575	0,0,0,0,0,0,0,0,0,0,0,0,0,0,0,0,0,0,0,0,0,0,0,0,0,0,0,0,0,0,0,0,0,0,0,0,0,0,0,0	0,0,0,0,0,0,0,0,0,0,0,0,0,0,0,0,0,0,0,0,0,0,0,0,0,0,0,0,0,0,0,0,1,0,0,0,0,0,0,0	2	0	0	0	0	1	1385575	1385575	0,0,0,0,0,0,0,0,0,0,0,0,0,0,0,0,0,0,0,0,0,0,0,0,0,0,0,0,0,0,0,0,0,0,0,0,0,0,0,0	0,0,0,0,0,0,0,0,0,0,0,0,0,0,0,0,0,0,0,0,0,0,0,0,0,0,0,0,0,0,0,0,1,0,0,0,0,0,0,0
tb.dut.clusters[0].cluster.sockets[0].socket.cores[0].core.execute.fpu_unit.genblk1[0].fpu_fpnew.genblk3[0].fpnew_core.gen_operation_groups[3].i_opgroup_block.gen_parallel_slices[4]	16	2	0	0	0	0	0	1	1385575	1385575	0,0,0,0,0,0,0,0,0,0,0,0,0,0,0,0,0,0,0,0,0,0,0,0,0,0,0,0,0,0,0,0,0,0,0,0,0,0,0,0	0,0,0,0,0,0,0,0,0,0,0,0,0,0,0,0,0,0,0,0,0,0,0,0,0,0,0,0,0,0,0,0,1,0,0,0,0,0,0,0	2	0	0	0	0	1	1385575	1385575	0,0,0,0,0,0,0,0,0,0,0,0,0,0,0,0,0,0,0,0,0,0,0,0,0,0,0,0,0,0,0,0,0,0,0,0,0,0,0,0	0,0,0,0,0,0,0,0,0,0,0,0,0,0,0,0,0,0,0,0,0,0,0,0,0,0,0,0,0,0,0,0,1,0,0,0,0,0,0,0
tb.dut.clusters[0].cluster.sockets[0].socket.cores[0].core.execute.fpu_unit.genblk1[0].fpu_fpnew.genblk3[0].fpnew_core.gen_operation_groups[3].i_opgroup_block.i_arbiter	16	1510	795653	196754	98368	196754	8	98369	1188821	8601	2,98360,0,4,0,0,0,2,0,0,0,0,0,0,0,0,0,0,0,0,0,0,0,0,0,0,0,0,0,0,0,0,0,0,0,0,0,0,0,0	26,19,9,7,0,1,0,49150,0,1,0,0,0,1,0,49149,4,0,0,0,1,0,0,0,0,1,0,0,0,0,0,0,0,0,0,0,0,0,0,0	8	64	30	64	4	31	1385511	1384882	0,28,0,2,0,0,0,0,0,0,0,0,0,0,0,0,0,0,0,0,0,0,0,0,0,0,0,0,0,0,0,0,0,0,0,0,0,0,0,0	14,7,1,0,0,0,0,0,0,0,0,0,0,0,0,0,7,0,0,0,1,0,0,0,0,0,0,0,0,0,0,0,1,0,0,0,0,0,0,0
tb.dut.clusters[0].cluster.sockets[0].socket.cores[0].core.execute.fpu_unit.genblk1[0].fpu_fpnew.genblk3[0].fpnew_core.gen_operation_groups[3].i_opgroup_block.i_arbiter.gen_arbiter	17	1150	596418	196752	98366	196752	8	98367	1188823	8601	0,98360,0,4,0,0,0,2,0,0,0,0,0,0,0,0,0,0,0,0,0,0,0,0,0,0,0,0,0,0,0,0,0,0,0,0,0,0,0,0	26,19,8,7,0,1,0,49150,0,1,0,0,0,1,0,49149,3,0,0,0,1,0,0,0,0,1,0,0,0,0,0,0,0,0,0,0,0,0,0,0	6	64	30	64	4	31	1385511	1384882	0,28,0,2,0,0,0,0,0,0,0,0,0,0,0,0,0,0,0,0,0,0,0,0,0,0,0,0,0,0,0,0,0,0,0,0,0,0,0,0	14,7,1,0,0,0,0,0,0,0,0,0,0,0,0,0,7,0,0,0,1,0,0,0,0,0,0,0,0,0,0,0,1,0,0,0,0,0,0,0
tb.dut.clusters[0].cluster.sockets[0].socket.cores[0].core.execute.fpu_unit.genblk1[0].fpu_fpnew.genblk3[0].fpnew_core.gen_operation_groups[3].i_opgroup_block.i_arbiter.gen_arbiter.gen_int_rr	18	340	640	64	30	64	4	31	1385511	1384882	0,28,0,2,0,0,0,0,0,0,0,0,0,0,0,0,0,0,0,0,0,0,0,0,0,0,0,0,0,0,0,0,0,0,0,0,0,0,0,0	14,7,1,0,0,0,0,0,0,0,0,0,0,0,0,0,7,0,0,0,1,0,0,0,0,0,0,0,0,0,0,0,1,0,0,0,0,0,0,0	2	64	30	64	4	31	1385511	1384882	0,28,0,2,0,0,0,0,0,0,0,0,0,0,0,0,0,0,0,0,0,0,0,0,0,0,0,0,0,0,0,0,0,0,0,0,0,0,0,0	14,7,1,0,0,0,0,0,0,0,0,0,0,0,0,0,7,0,0,0,1,0,0,0,0,0,0,0,0,0,0,0,1,0,0,0,0,0,0,0
tb.dut.clusters[0].cluster.sockets[0].socket.cores[0].core.execute.fpu_unit.genblk1[0].fpu_fpnew.genblk3[0].fpnew_core.gen_operation_groups[3].i_opgroup_block.i_arbiter.gen_arbiter.gen_int_rr.gen_fair_arb	19	337	640	64	30	64	4	31	1385511	1384882	0,28,0,2,0,0,0,0,0,0,0,0,0,0,0,0,0,0,0,0,0,0,0,0,0,0,0,0,0,0,0,0,0,0,0,0,0,0,0,0	14,7,1,0,0,0,0,0,0,0,0,0,0,0,0,0,7,0,0,0,1,0,0,0,0,0,0,0,0,0,0,0,1,0,0,0,0,0,0,0	2	64	30	64	4	31	1385511	1384882	0,28,0,2,0,0,0,0,0,0,0,0,0,0,0,0,0,0,0,0,0,0,0,0,0,0,0,0,0,0,0,0,0,0,0,0,0,0,0,0	14,7,1,0,0,0,0,0,0,0,0,0,0,0,0,0,7,0,0,0,1,0,0,0,0,0,0,0,0,0,0,0,1,0,0,0,0,0,0,0
tb.dut.clusters[0].cluster.sockets[0].socket.cores[0].core.execute.fpu_unit.genblk1[0].fpu_fpnew.genblk3[0].fpnew_core.gen_operation_groups[3].i_opgroup_block.i_arbiter.gen_arbiter.gen_int_rr.gen_fair_arb.i_lzc_lower	20	158	576	64	30	64	4	31	1385511	1384882	0,28,0,2,0,0,0,0,0,0,0,0,0,0,0,0,0,0,0,0,0,0,0,0,0,0,0,0,0,0,0,0,0,0,0,0,0,0,0,0	14,7,1,0,0,0,0,0,0,0,0,0,0,0,0,0,7,0,0,0,1,0,0,0,0,0,0,0,0,0,0,0,1,0,0,0,0,0,0,0	2	64	30	64	4	31	1385511	1384882	0,28,0,2,0,0,0,0,0,0,0,0,0,0,0,0,0,0,0,0,0,0,0,0,0,0,0,0,0,0,0,0,0,0,0,0,0,0,0,0	14,7,1,0,0,0,0,0,0,0,0,0,0,0,0,0,7,0,0,0,1,0,0,0,0,0,0,0,0,0,0,0,1,0,0,0,0,0,0,0
tb.dut.clusters[0].cluster.sockets[0].socket.cores[0].core.execute.fpu_unit.genblk1[0].fpu_fpnew.genblk3[0].fpnew_core.gen_operation_groups[3].i_opgroup_block.i_arbiter.gen_arbiter.gen_int_rr.gen_fair_arb.i_lzc_lower.gen_lzc	21	84	448	64	30	64	4	31	1385511	1384882	0,28,0,2,0,0,0,0,0,0,0,0,0,0,0,0,0,0,0,0,0,0,0,0,0,0,0,0,0,0,0,0,0,0,0,0,0,0,0,0	14,7,1,0,0,0,0,0,0,0,0,0,0,0,0,0,7,0,0,0,1,0,0,0,0,0,0,0,0,0,0,0,1,0,0,0,0,0,0,0	2	64	30	64	4	31	1385511	1384882	0,28,0,2,0,0,0,0,0,0,0,0,0,0,0,0,0,0,0,0,0,0,0,0,0,0,0,0,0,0,0,0,0,0,0,0,0,0,0,0	14,7,1,0,0,0,0,0,0,0,0,0,0,0,0,0,7,0,0,0,1,0,0,0,0,0,0,0,0,0,0,0,1,0,0,0,0,0,0,0
tb.dut.clusters[0].cluster.sockets[0].socket.cores[0].core.execute.fpu_unit.genblk1[0].fpu_fpnew.genblk3[0].fpnew_core.gen_operation_groups[3].i_opgroup_block.i_arbiter.gen_arbiter.gen_int_rr.gen_fair_arb.i_lzc_upper	20	158	0	0	0	0	0	1	1385575	1385575	0,0,0,0,0,0,0,0,0,0,0,0,0,0,0,0,0,0,0,0,0,0,0,0,0,0,0,0,0,0,0,0,0,0,0,0,0,0,0,0	0,0,0,0,0,0,0,0,0,0,0,0,0,0,0,0,0,0,0,0,0,0,0,0,0,0,0,0,0,0,0,0,1,0,0,0,0,0,0,0	2	0	0	0	0	1	1385575	1385575	0,0,0,0,0,0,0,0,0,0,0,0,0,0,0,0,0,0,0,0,0,0,0,0,0,0,0,0,0,0,0,0,0,0,0,0,0,0,0,0	0,0,0,0,0,0,0,0,0,0,0,0,0,0,0,0,0,0,0,0,0,0,0,0,0,0,0,0,0,0,0,0,1,0,0,0,0,0,0,0
tb.dut.clusters[0].cluster.sockets[0].socket.cores[0].core.execute.fpu_unit.genblk1[0].fpu_fpnew.genblk3[0].fpnew_core.gen_operation_groups[3].i_opgroup_block.i_arbiter.gen_arbiter.gen_int_rr.gen_fair_arb.i_lzc_upper.gen_lzc	21	84	0	0	0	0	0	1	1385575	1385575	0,0,0,0,0,0,0,0,0,0,0,0,0,0,0,0,0,0,0,0,0,0,0,0,0,0,0,0,0,0,0,0,0,0,0,0,0,0,0,0	0,0,0,0,0,0,0,0,0,0,0,0,0,0,0,0,0,0,0,0,0,0,0,0,0,0,0,0,0,0,0,0,1,0,0,0,0,0,0,0	2	0	0	0	0	1	1385575	1385575	0,0,0,0,0,0,0,0,0,0,0,0,0,0,0,0,0,0,0,0,0,0,0,0,0,0,0,0,0,0,0,0,0,0,0,0,0,0,0,0	0,0,0,0,0,0,0,0,0,0,0,0,0,0,0,0,0,0,0,0,0,0,0,0,0,0,0,0,0,0,0,0,1,0,0,0,0,0,0,0
tb.dut.clusters[0].cluster.sockets[0].socket.cores[0].core.execute.fpu_unit.genblk1[0].fpu_fpnew.genblk3[0].fpnew_core.gen_operation_groups[3].i_opgroup_block.i_arbiter.gen_arbiter.gen_levels[0]	18	65	64	64	30	64	4	31	1385511	1384882	0,28,0,2,0,0,0,0,0,0,0,0,0,0,0,0,0,0,0,0,0,0,0,0,0,0,0,0,0,0,0,0,0,0,0,0,0,0,0,0	14,7,1,0,0,0,0,0,0,0,0,0,0,0,0,0,7,0,0,0,1,0,0,0,0,0,0,0,0,0,0,0,1,0,0,0,0,0,0,0	2	0	0	0	0	1	1385575	1385575	0,0,0,0,0,0,0,0,0,0,0,0,0,0,0,0,0,0,0,0,0,0,0,0,0,0,0,0,0,0,0,0,0,0,0,0,0,0,0,0	0,0,0,0,0,0,0,0,0,0,0,0,0,0,0,0,0,0,0,0,0,0,0,0,0,0,0,0,0,0,0,0,1,0,0,0,0,0,0,0
tb.dut.clusters[0].cluster.sockets[0].socket.cores[0].core.execute.fpu_unit.genblk1[0].fpu_fpnew.genblk3[0].fpnew_core.gen_operation_groups[3].i_opgroup_block.i_arbiter.gen_arbiter.gen_levels[0].gen_level[0]	19	65	64	64	30	64	4	31	1385511	1384882	0,28,0,2,0,0,0,0,0,0,0,0,0,0,0,0,0,0,0,0,0,0,0,0,0,0,0,0,0,0,0,0,0,0,0,0,0,0,0,0	14,7,1,0,0,0,0,0,0,0,0,0,0,0,0,0,7,0,0,0,1,0,0,0,0,0,0,0,0,0,0,0,1,0,0,0,0,0,0,0	2	0	0	0	0	1	1385575	1385575	0,0,0,0,0,0,0,0,0,0,0,0,0,0,0,0,0,0,0,0,0,0,0,0,0,0,0,0,0,0,0,0,0,0,0,0,0,0,0,0	0,0,0,0,0,0,0,0,0,0,0,0,0,0,0,0,0,0,0,0,0,0,0,0,0,0,0,0,0,0,0,0,1,0,0,0,0,0,0,0
tb.dut.clusters[0].cluster.sockets[0].socket.cores[0].core.execute.fpu_unit.genblk1[0].fpu_fpnew.genblk3[0].fpnew_core.gen_operation_groups[3].i_opgroup_block.i_arbiter.gen_arbiter.gen_levels[1]	18	130	64	64	30	64	4	31	1385511	1384882	0,28,0,2,0,0,0,0,0,0,0,0,0,0,0,0,0,0,0,0,0,0,0,0,0,0,0,0,0,0,0,0,0,0,0,0,0,0,0,0	14,7,1,0,0,0,0,0,0,0,0,0,0,0,0,0,7,0,0,0,1,0,0,0,0,0,0,0,0,0,0,0,1,0,0,0,0,0,0,0	2	0	0	0	0	1	1385575	1385575	0,0,0,0,0,0,0,0,0,0,0,0,0,0,0,0,0,0,0,0,0,0,0,0,0,0,0,0,0,0,0,0,0,0,0,0,0,0,0,0	0,0,0,0,0,0,0,0,0,0,0,0,0,0,0,0,0,0,0,0,0,0,0,0,0,0,0,0,0,0,0,0,1,0,0,0,0,0,0,0
tb.dut.clusters[0].cluster.sockets[0].socket.cores[0].core.execute.fpu_unit.genblk1[0].fpu_fpnew.genblk3[0].fpnew_core.gen_operation_groups[3].i_opgroup_block.i_arbiter.gen_arbiter.gen_levels[1].gen_level[0]	19	65	64	64	30	64	4	31	1385511	1384882	0,28,0,2,0,0,0,0,0,0,0,0,0,0,0,0,0,0,0,0,0,0,0,0,0,0,0,0,0,0,0,0,0,0,0,0,0,0,0,0	14,7,1,0,0,0,0,0,0,0,0,0,0,0,0,0,7,0,0,0,1,0,0,0,0,0,0,0,0,0,0,0,1,0,0,0,0,0,0,0	2	0	0	0	0	1	1385575	1385575	0,0,0,0,0,0,0,0,0,0,0,0,0,0,0,0,0,0,0,0,0,0,0,0,0,0,0,0,0,0,0,0,0,0,0,0,0,0,0,0	0,0,0,0,0,0,0,0,0,0,0,0,0,0,0,0,0,0,0,0,0,0,0,0,0,0,0,0,0,0,0,0,1,0,0,0,0,0,0,0
tb.dut.clusters[0].cluster.sockets[0].socket.cores[0].core.execute.fpu_unit.genblk1[0].fpu_fpnew.genblk3[0].fpnew_core.gen_operation_groups[3].i_opgroup_block.i_arbiter.gen_arbiter.gen_levels[1].gen_level[1]	19	65	0	0	0	0	0	1	1385575	1385575	0,0,0,0,0,0,0,0,0,0,0,0,0,0,0,0,0,0,0,0,0,0,0,0,0,0,0,0,0,0,0,0,0,0,0,0,0,0,0,0	0,0,0,0,0,0,0,0,0,0,0,0,0,0,0,0,0,0,0,0,0,0,0,0,0,0,0,0,0,0,0,0,1,0,0,0,0,0,0,0	2	0	0	0	0	1	1385575	1385575	0,0,0,0,0,0,0,0,0,0,0,0,0,0,0,0,0,0,0,0,0,0,0,0,0,0,0,0,0,0,0,0,0,0,0,0,0,0,0,0	0,0,0,0,0,0,0,0,0,0,0,0,0,0,0,0,0,0,0,0,0,0,0,0,0,0,0,0,0,0,0,0,1,0,0,0,0,0,0,0
tb.dut.clusters[0].cluster.sockets[0].socket.cores[0].core.execute.fpu_unit.genblk1[0].fpu_fpnew.genblk3[0].fpnew_core.gen_operation_groups[3].i_opgroup_block.i_arbiter.gen_arbiter.gen_levels[2]	18	260	64	64	30	64	4	31	1385511	1384882	0,28,0,2,0,0,0,0,0,0,0,0,0,0,0,0,0,0,0,0,0,0,0,0,0,0,0,0,0,0,0,0,0,0,0,0,0,0,0,0	14,7,1,0,0,0,0,0,0,0,0,0,0,0,0,0,7,0,0,0,1,0,0,0,0,0,0,0,0,0,0,0,1,0,0,0,0,0,0,0	2	0	0	0	0	1	1385575	1385575	0,0,0,0,0,0,0,0,0,0,0,0,0,0,0,0,0,0,0,0,0,0,0,0,0,0,0,0,0,0,0,0,0,0,0,0,0,0,0,0	0,0,0,0,0,0,0,0,0,0,0,0,0,0,0,0,0,0,0,0,0,0,0,0,0,0,0,0,0,0,0,0,1,0,0,0,0,0,0,0
tb.dut.clusters[0].cluster.sockets[0].socket.cores[0].core.execute.fpu_unit.genblk1[0].fpu_fpnew.genblk3[0].fpnew_core.gen_operation_groups[3].i_opgroup_block.i_arbiter.gen_arbiter.gen_levels[2].gen_level[0]	19	65	64	64	30	64	4	31	1385511	1384882	0,28,0,2,0,0,0,0,0,0,0,0,0,0,0,0,0,0,0,0,0,0,0,0,0,0,0,0,0,0,0,0,0,0,0,0,0,0,0,0	14,7,1,0,0,0,0,0,0,0,0,0,0,0,0,0,7,0,0,0,1,0,0,0,0,0,0,0,0,0,0,0,1,0,0,0,0,0,0,0	2	0	0	0	0	1	1385575	1385575	0,0,0,0,0,0,0,0,0,0,0,0,0,0,0,0,0,0,0,0,0,0,0,0,0,0,0,0,0,0,0,0,0,0,0,0,0,0,0,0	0,0,0,0,0,0,0,0,0,0,0,0,0,0,0,0,0,0,0,0,0,0,0,0,0,0,0,0,0,0,0,0,1,0,0,0,0,0,0,0
tb.dut.clusters[0].cluster.sockets[0].socket.cores[0].core.execute.fpu_unit.genblk1[0].fpu_fpnew.genblk3[0].fpnew_core.gen_operation_groups[3].i_opgroup_block.i_arbiter.gen_arbiter.gen_levels[2].gen_level[1]	19	65	0	0	0	0	0	1	1385575	1385575	0,0,0,0,0,0,0,0,0,0,0,0,0,0,0,0,0,0,0,0,0,0,0,0,0,0,0,0,0,0,0,0,0,0,0,0,0,0,0,0	0,0,0,0,0,0,0,0,0,0,0,0,0,0,0,0,0,0,0,0,0,0,0,0,0,0,0,0,0,0,0,0,1,0,0,0,0,0,0,0	2	0	0	0	0	1	1385575	1385575	0,0,0,0,0,0,0,0,0,0,0,0,0,0,0,0,0,0,0,0,0,0,0,0,0,0,0,0,0,0,0,0,0,0,0,0,0,0,0,0	0,0,0,0,0,0,0,0,0,0,0,0,0,0,0,0,0,0,0,0,0,0,0,0,0,0,0,0,0,0,0,0,1,0,0,0,0,0,0,0
tb.dut.clusters[0].cluster.sockets[0].socket.cores[0].core.execute.fpu_unit.genblk1[0].fpu_fpnew.genblk3[0].fpnew_core.gen_operation_groups[3].i_opgroup_block.i_arbiter.gen_arbiter.gen_levels[2].gen_level[2]	19	65	0	0	0	0	0	1	1385575	1385575	0,0,0,0,0,0,0,0,0,0,0,0,0,0,0,0,0,0,0,0,0,0,0,0,0,0,0,0,0,0,0,0,0,0,0,0,0,0,0,0	0,0,0,0,0,0,0,0,0,0,0,0,0,0,0,0,0,0,0,0,0,0,0,0,0,0,0,0,0,0,0,0,1,0,0,0,0,0,0,0	2	0	0	0	0	1	1385575	1385575	0,0,0,0,0,0,0,0,0,0,0,0,0,0,0,0,0,0,0,0,0,0,0,0,0,0,0,0,0,0,0,0,0,0,0,0,0,0,0,0	0,0,0,0,0,0,0,0,0,0,0,0,0,0,0,0,0,0,0,0,0,0,0,0,0,0,0,0,0,0,0,0,1,0,0,0,0,0,0,0
tb.dut.clusters[0].cluster.sockets[0].socket.cores[0].core.execute.fpu_unit.genblk1[0].fpu_fpnew.genblk3[0].fpnew_core.gen_operation_groups[3].i_opgroup_block.i_arbiter.gen_arbiter.gen_levels[2].gen_level[3]	19	65	0	0	0	0	0	1	1385575	1385575	0,0,0,0,0,0,0,0,0,0,0,0,0,0,0,0,0,0,0,0,0,0,0,0,0,0,0,0,0,0,0,0,0,0,0,0,0,0,0,0	0,0,0,0,0,0,0,0,0,0,0,0,0,0,0,0,0,0,0,0,0,0,0,0,0,0,0,0,0,0,0,0,1,0,0,0,0,0,0,0	2	0	0	0	0	1	1385575	1385575	0,0,0,0,0,0,0,0,0,0,0,0,0,0,0,0,0,0,0,0,0,0,0,0,0,0,0,0,0,0,0,0,0,0,0,0,0,0,0,0	0,0,0,0,0,0,0,0,0,0,0,0,0,0,0,0,0,0,0,0,0,0,0,0,0,0,0,0,0,0,0,0,1,0,0,0,0,0,0,0
tb.dut.clusters[0].cluster.sockets[0].socket.cores[0].core.execute.fpu_unit.genblk1[0].fpu_fpnew.genblk3[0].fpnew_core.i_arbiter	14	947	19449542	295088	98356	295088	8	98357	1090487	8600	2,28,98308,2,2,12,0,2,0,0,0,0,0,0,0,0,0,0,0,0,0,0,0,0,0,0,0,0,0,0,0,0,0,0,0,0,0,0,0,0	26,9,11,3,0,1,49150,0,1,0,0,0,1,0,49149,1,3,0,0,0,1,0,0,0,0,1,0,0,0,0,0,0,0,0,0,0,0,0,0,0	5	196752	98366	196752	8	98367	1188823	8601	0,98360,0,4,0,0,0,2,0,0,0,0,0,0,0,0,0,0,0,0,0,0,0,0,0,0,0,0,0,0,0,0,0,0,0,0,0,0,0,0	26,19,8,7,0,1,0,49150,0,1,0,0,0,1,0,49149,3,0,0,0,1,0,0,0,0,1,0,0,0,0,0,0,0,0,0,0,0,0,0,0
tb.dut.clusters[0].cluster.sockets[0].socket.cores[0].core.execute.fpu_unit.genblk1[0].fpu_fpnew.genblk3[0].fpnew_core.i_arbiter.gen_arbiter	15	636	10905394	295086	98354	295086	8	98355	1090489	8600	0,28,98308,2,2,12,0,2,0,0,0,0,0,0,0,0,0,0,0,0,0,0,0,0,0,0,0,0,0,0,0,0,0,0,0,0,0,0,0,0	26,9,10,3,0,1,49150,0,1,0,0,0,1,0,49149,1,2,0,0,0,1,0,0,0,0,1,0,0,0,0,0,0,0,0,0,0,0,0,0,0	4	196752	98366	196752	8	98367	1188823	8601	0,98360,0,4,0,0,0,2,0,0,0,0,0,0,0,0,0,0,0,0,0,0,0,0,0,0,0,0,0,0,0,0,0,0,0,0,0,0,0,0	26,19,8,7,0,1,0,49150,0,1,0,0,0,1,0,49149,3,0,0,0,1,0,0,0,0,1,0,0,0,0,0,0,0,0,0,0,0,0,0,0
tb.dut.clusters[0].cluster.sockets[0].socket.cores[0].core.execute.fpu_unit.genblk1[0].fpu_fpnew.genblk3[0].fpnew_core.i_arbiter.gen_arbiter.gen_int_rr	16	274	1967661	196752	98366	196752	8	98367	1188823	8601	0,98360,0,4,0,0,0,2,0,0,0,0,0,0,0,0,0,0,0,0,0,0,0,0,0,0,0,0,0,0,0,0,0,0,0,0,0,0,0,0	26,19,8,7,0,1,0,49150,0,1,0,0,0,1,0,49149,3,0,0,0,1,0,0,0,0,1,0,0,0,0,0,0,0,0,0,0,0,0,0,0	2	196752	98366	196752	8	98367	1188823	8601	0,98360,0,4,0,0,0,2,0,0,0,0,0,0,0,0,0,0,0,0,0,0,0,0,0,0,0,0,0,0,0,0,0,0,0,0,0,0,0,0	26,19,8,7,0,1,0,49150,0,1,0,0,0,1,0,49149,3,0,0,0,1,0,0,0,0,1,0,0,0,0,0,0,0,0,0,0,0,0,0,0
tb.dut.clusters[0].cluster.sockets[0].socket.cores[0].core.execute.fpu_unit.genblk1[0].fpu_fpnew.genblk3[0].fpnew_core.i_arbiter.gen_arbiter.gen_int_rr.gen_fair_arb	17	272	1967624	196752	98366	196752	8	98367	1188823	8601	0,98360,0,4,0,0,0,2,0,0,0,0,0,0,0,0,0,0,0,0,0,0,0,0,0,0,0,0,0,0,0,0,0,0,0,0,0,0,0,0	26,19,8,7,0,1,0,49150,0,1,0,0,0,1,0,49149,3,0,0,0,1,0,0,0,0,1,0,0,0,0,0,0,0,0,0,0,0,0,0,0	2	196752	98366	196752	8	98367	1188823	8601	0,98360,0,4,0,0,0,2,0,0,0,0,0,0,0,0,0,0,0,0,0,0,0,0,0,0,0,0,0,0,0,0,0,0,0,0,0,0,0,0	26,19,8,7,0,1,0,49150,0,1,0,0,0,1,0,49149,3,0,0,0,1,0,0,0,0,1,0,0,0,0,0,0,0,0,0,0,0,0,0,0
tb.dut.clusters[0].cluster.sockets[0].socket.cores[0].core.execute.fpu_unit.genblk1[0].fpu_fpnew.genblk3[0].fpnew_core.i_arbiter.gen_arbiter.gen_int_rr.gen_fair_arb.i_lzc_lower	18	128	1377206	196728	98356	196728	8	98357	1188847	8601	0,98351,0,3,0,1,0,1,0,0,0,0,0,0,0,0,0,0,0,0,0,0,0,0,0,0,0,0,0,0,0,0,0,0,0,0,0,0,0,0	19,13,7,6,6,2,0,49149,0,0,0,0,0,0,0,49149,4,0,0,0,1,0,0,0,0,1,0,0,0,0,0,0,0,0,0,0,0,0,0,0	2	196728	98356	196728	8	98357	1188847	8601	0,98351,0,3,0,1,0,1,0,0,0,0,0,0,0,0,0,0,0,0,0,0,0,0,0,0,0,0,0,0,0,0,0,0,0,0,0,0,0,0	19,13,7,6,6,2,0,49149,0,0,0,0,0,0,0,49149,4,0,0,0,1,0,0,0,0,1,0,0,0,0,0,0,0,0,0,0,0,0,0,0
tb.dut.clusters[0].cluster.sockets[0].socket.cores[0].core.execute.fpu_unit.genblk1[0].fpu_fpnew.genblk3[0].fpnew_core.i_arbiter.gen_arbiter.gen_int_rr.gen_fair_arb.i_lzc_lower.gen_lzc	19	56	787006	196728	98356	196728	8	98357	1188847	8601	0,98351,0,3,0,1,0,1,0,0,0,0,0,0,0,0,0,0,0,0,0,0,0,0,0,0,0,0,0,0,0,0,0,0,0,0,0,0,0,0	19,13,7,6,6,2,0,49149,0,0,0,0,0,0,0,49149,4,0,0,0,1,0,0,0,0,1,0,0,0,0,0,0,0,0,0,0,0,0,0,0	2	196728	98356	196728	8	98357	1188847	8601	0,98351,0,3,0,1,0,1,0,0,0,0,0,0,0,0,0,0,0,0,0,0,0,0,0,0,0,0,0,0,0,0,0,0,0,0,0,0,0,0	19,13,7,6,6,2,0,49149,0,0,0,0,0,0,0,49149,4,0,0,0,1,0,0,0,0,1,0,0,0,0,0,0,0,0,0,0,0,0,0,0
tb.dut.clusters[0].cluster.sockets[0].socket.cores[0].core.execute.fpu_unit.genblk1[0].fpu_fpnew.genblk3[0].fpnew_core.i_arbiter.gen_arbiter.gen_int_rr.gen_fair_arb.i_lzc_upper	18	128	138	24	12	24	2	13	1385551	1384795	0,12,0,0,0,0,0,0,0,0,0,0,0,0,0,0,0,0,0,0,0,0,0,0,0,0,0,0,0,0,0,0,0,0,0,0,0,0,0,0	0,0,0,0,0,0,0,0,0,0,0,0,0,0,0,0,9,2,0,0,1,0,0,0,0,0,0,0,0,0,0,0,1,0,0,0,0,0,0,0	2	24	12	24	2	13	1385551	1384795	0,12,0,0,0,0,0,0,0,0,0,0,0,0,0,0,0,0,0,0,0,0,0,0,0,0,0,0,0,0,0,0,0,0,0,0,0,0,0,0	0,0,0,0,0,0,0,0,0,0,0,0,0,0,0,0,9,2,0,0,1,0,0,0,0,0,0,0,0,0,0,0,1,0,0,0,0,0,0,0
tb.dut.clusters[0].cluster.sockets[0].socket.cores[0].core.execute.fpu_unit.genblk1[0].fpu_fpnew.genblk3[0].fpnew_core.i_arbiter.gen_arbiter.gen_int_rr.gen_fair_arb.i_lzc_upper.gen_lzc	19	56	82	24	12	24	2	13	1385551	1384795	0,12,0,0,0,0,0,0,0,0,0,0,0,0,0,0,0,0,0,0,0,0,0,0,0,0,0,0,0,0,0,0,0,0,0,0,0,0,0,0	0,0,0,0,0,0,0,0,0,0,0,0,0,0,0,0,9,2,0,0,1,0,0,0,0,0,0,0,0,0,0,0,1,0,0,0,0,0,0,0	2	24	12	24	2	13	1385551	1384795	0,12,0,0,0,0,0,0,0,0,0,0,0,0,0,0,0,0,0,0,0,0,0,0,0,0,0,0,0,0,0,0,0,0,0,0,0,0,0,0	0,0,0,0,0,0,0,0,0,0,0,0,0,0,0,0,9,2,0,0,1,0,0,0,0,0,0,0,0,0,0,0,1,0,0,0,0,0,0,0
tb.dut.clusters[0].cluster.sockets[0].socket.cores[0].core.execute.fpu_unit.genblk1[0].fpu_fpnew.genblk3[0].fpnew_core.i_arbiter.gen_arbiter.gen_levels[0]	16	65	196672	196672	98334	196672	4	98335	1188903	8601	0,98332,0,2,0,0,0,0,0,0,0,0,0,0,0,0,0,0,0,0,0,0,0,0,0,0,0,0,0,0,0,0,0,0,0,0,0,0,0,0	12,6,1,4,0,0,0,49150,0,1,0,0,0,1,0,49149,9,0,0,0,1,0,0,0,0,1,0,0,0,0,0,0,0,0,0,0,0,0,0,0	2	0	0	0	0	1	1385575	1385575	0,0,0,0,0,0,0,0,0,0,0,0,0,0,0,0,0,0,0,0,0,0,0,0,0,0,0,0,0,0,0,0,0,0,0,0,0,0,0,0	0,0,0,0,0,0,0,0,0,0,0,0,0,0,0,0,0,0,0,0,0,0,0,0,0,0,0,0,0,0,0,0,1,0,0,0,0,0,0,0
tb.dut.clusters[0].cluster.sockets[0].socket.cores[0].core.execute.fpu_unit.genblk1[0].fpu_fpnew.genblk3[0].fpnew_core.i_arbiter.gen_arbiter.gen_levels[0].gen_level[0]	17	65	196672	196672	98334	196672	4	98335	1188903	8601	0,98332,0,2,0,0,0,0,0,0,0,0,0,0,0,0,0,0,0,0,0,0,0,0,0,0,0,0,0,0,0,0,0,0,0,0,0,0,0,0	12,6,1,4,0,0,0,49150,0,1,0,0,0,1,0,49149,9,0,0,0,1,0,0,0,0,1,0,0,0,0,0,0,0,0,0,0,0,0,0,0	2	0	0	0	0	1	1385575	1385575	0,0,0,0,0,0,0,0,0,0,0,0,0,0,0,0,0,0,0,0,0,0,0,0,0,0,0,0,0,0,0,0,0,0,0,0,0,0,0,0	0,0,0,0,0,0,0,0,0,0,0,0,0,0,0,0,0,0,0,0,0,0,0,0,0,0,0,0,0,0,0,0,1,0,0,0,0,0,0,0
tb.dut.clusters[0].cluster.sockets[0].socket.cores[0].core.execute.fpu_unit.genblk1[0].fpu_fpnew.genblk3[0].fpnew_core.i_arbiter.gen_arbiter.gen_levels[1]	16	130	80	80	32	80	8	33	1385495	1384801	0,28,0,2,0,0,0,2,0,0,0,0,0,0,0,0,0,0,0,0,0,0,0,0,0,0,0,0,0,0,0,0,0,0,0,0,0,0,0,0	12,6,1,1,0,1,0,0,0,0,0,0,0,0,0,0,8,2,0,0,1,0,0,0,0,0,0,0,0,0,0,0,1,0,0,0,0,0,0,0	2	0	0	0	0	1	1385575	1385575	0,0,0,0,0,0,0,0,0,0,0,0,0,0,0,0,0,0,0,0,0,0,0,0,0,0,0,0,0,0,0,0,0,0,0,0,0,0,0,0	0,0,0,0,0,0,0,0,0,0,0,0,0,0,0,0,0,0,0,0,0,0,0,0,0,0,0,0,0,0,0,0,1,0,0,0,0,0,0,0
tb.dut.clusters[0].cluster.sockets[0].socket.cores[0].core.execute.fpu_unit.genblk1[0].fpu_fpnew.genblk3[0].fpnew_core.i_arbiter.gen_arbiter.gen_levels[1].gen_level[0]	17	65	64	64	30	64	4	31	1385511	1384801	0,28,0,2,0,0,0,0,0,0,0,0,0,0,0,0,0,0,0,0,0,0,0,0,0,0,0,0,0,0,0,0,0,0,0,0,0,0,0,0	12,6,1,1,0,0,0,0,0,0,0,0,0,0,0,0,8,1,0,0,1,0,0,0,0,0,0,0,0,0,0,0,1,0,0,0,0,0,0,0	2	0	0	0	0	1	1385575	1385575	0,0,0,0,0,0,0,0,0,0,0,0,0,0,0,0,0,0,0,0,0,0,0,0,0,0,0,0,0,0,0,0,0,0,0,0,0,0,0,0	0,0,0,0,0,0,0,0,0,0,0,0,0,0,0,0,0,0,0,0,0,0,0,0,0,0,0,0,0,0,0,0,1,0,0,0,0,0,0,0
tb.dut.clusters[0].cluster.sockets[0].socket.cores[0].core.execute.fpu_unit.genblk1[0].fpu_fpnew.genblk3[0].fpnew_core.i_arbiter.gen_arbiter.gen_levels[1].gen_level[1]	17	65	16	16	2	16	8	3	1385559	1385119	0,0,0,0,0,0,0,2,0,0,0,0,0,0,0,0,0,0,0,0,0,0,0,0,0,0,0,0,0,0,0,0,0,0,0,0,0,0,0,0	0,0,0,0,0,1,0,0,0,0,0,0,0,0,0,0,0,0,0,0,1,0,0,0,0,0,0,0,0,0,0,0,1,0,0,0,0,0,0,0	2	0	0	0	0	1	1385575	1385575	0,0,0,0,0,0,0,0,0,0,0,0,0,0,0,0,0,0,0,0,0,0,0,0,0,0,0,0,0,0,0,0,0,0,0,0,0,0,0,0	0,0,0,0,0,0,0,0,0,0,0,0,0,0,0,0,0,0,0,0,0,0,0,0,0,0,0,0,0,0,0,0,1,0,0,0,0,0,0,0
tb.dut.clusters[0].cluster.sockets[0].socket.cores[0].core.execute.fpu_unit.genblk1[0].fpu_fpnew.genblk3[1]	12	43590	2617724822	1376529	5	1376529	1376503	6	9046	8600	1,0,0,0,1,0,0,0,0,2,0,0,0,0,0,0,0,0,0,0,0,0,0,0,0,0,0,0,0,0,0,0,1,0,0,0,0,0,0,0	0,0,1,1,0,0,0,0,0,0,0,0,0,0,1,1,0,0,0,0,1,0,0,0,0,1,0,0,0,0,0,0,0,0,0,0,0,0,0,0	218	1081349	49212	1081349	23	49213	304226	8601	2,30,13,4,0,3,3,1,0,3,1,2,0,0,0,0,49150,0,0,0,0,0,0,0,0,0,0,0,0,0,0,0,0,0,0,0,0,0,0,0	40,13,3,1,0,48973,180,0,0,0,0,0,0,0,0,1,0,0,0,0,1,0,0,0,0,1,0,0,0,0,0,0,0,0,0,0,0,0,0,0
tb.dut.clusters[0].cluster.sockets[0].socket.cores[0].core.execute.fpu_unit.genblk1[0].fpu_fpnew.genblk3[1].fpnew_core	13	43581	2616864204	1376529	5	1376529	1376503	6	9046	8600	1,0,0,0,1,0,0,0,0,2,0,0,0,0,0,0,0,0,0,0,0,0,0,0,0,0,0,0,0,0,0,0,1,0,0,0,0,0,0,0	0,0,1,1,0,0,0,0,0,0,0,0,0,0,1,1,0,0,0,0,1,0,0,0,0,1,0,0,0,0,0,0,0,0,0,0,0,0,0,0	218	1081347	49212	1081347	23	49213	304228	8601	2,30,13,4,0,3,3,1,0,3,1,2,0,0,0,0,49150,0,0,0,0,0,0,0,0,0,0,0,0,0,0,0,0,0,0,0,0,0,0,0	40,13,3,1,0,48971,182,0,0,0,0,0,0,0,0,1,0,0,0,0,1,0,0,0,0,1,0,0,0,0,0,0,0,0,0,0,0,0,0,0
tb.dut.clusters[0].cluster.sockets[0].socket.cores[0].core.execute.fpu_unit.genblk1[0].fpu_fpnew.genblk3[1].fpnew_core.gen_nanbox_check[0]	14	32	0	0	0	0	0	1	1385575	1385575	0,0,0,0,0,0,0,0,0,0,0,0,0,0,0,0,0,0,0,0,0,0,0,0,0,0,0,0,0,0,0,0,0,0,0,0,0,0,0,0	0,0,0,0,0,0,0,0,0,0,0,0,0,0,0,0,0,0,0,0,0,0,0,0,0,0,0,0,0,0,0,0,1,0,0,0,0,0,0,0	2	0	0	0	0	1	1385575	1385575	0,0,0,0,0,0,0,0,0,0,0,0,0,0,0,0,0,0,0,0,0,0,0,0,0,0,0,0,0,0,0,0,0,0,0,0,0,0,0,0	0,0,0,0,0,0,0,0,0,0,0,0,0,0,0,0,0,0,0,0,0,0,0,0,0,0,0,0,0,0,0,0,1,0,0,0,0,0,0,0
tb.dut.clusters[0].cluster.sockets[0].socket.cores[0].core.execute.fpu_unit.genblk1[0].fpu_fpnew.genblk3[1].fpnew_core.gen_nanbox_check[1]	14	32	0	0	0	0	0	1	1385575	1385575	0,0,0,0,0,0,0,0,0,0,0,0,0,0,0,0,0,0,0,0,0,0,0,0,0,0,0,0,0,0,0,0,0,0,0,0,0,0,0,0	0,0,0,0,0,0,0,0,0,0,0,0,0,0,0,0,0,0,0,0,0,0,0,0,0,0,0,0,0,0,0,0,1,0,0,0,0,0,0,0	2	0	0	0	0	1	1385575	1385575	0,0,0,0,0,0,0,0,0,0,0,0,0,0,0,0,0,0,0,0,0,0,0,0,0,0,0,0,0,0,0,0,0,0,0,0,0,0,0,0	0,0,0,0,0,0,0,0,0,0,0,0,0,0,0,0,0,0,0,0,0,0,0,0,0,0,0,0,0,0,0,0,1,0,0,0,0,0,0,0
tb.dut.clusters[0].cluster.sockets[0].socket.cores[0].core.execute.fpu_unit.genblk1[0].fpu_fpnew.genblk3[1].fpnew_core.gen_nanbox_check[2]	14	32	0	0	0	0	0	1	1385575	1385575	0,0,0,0,0,0,0,0,0,0,0,0,0,0,0,0,0,0,0,0,0,0,0,0,0,0,0,0,0,0,0,0,0,0,0,0,0,0,0,0	0,0,0,0,0,0,0,0,0,0,0,0,0,0,0,0,0,0,0,0,0,0,0,0,0,0,0,0,0,0,0,0,1,0,0,0,0,0,0,0	2	0	0	0	0	1	1385575	1385575	0,0,0,0,0,0,0,0,0,0,0,0,0,0,0,0,0,0,0,0,0,0,0,0,0,0,0,0,0,0,0,0,0,0,0,0,0,0,0,0	0,0,0,0,0,0,0,0,0,0,0,0,0,0,0,0,0,0,0,0,0,0,0,0,0,0,0,0,0,0,0,0,1,0,0,0,0,0,0,0
tb.dut.clusters[0].cluster.sockets[0].socket.cores[0].core.execute.fpu_unit.genblk1[0].fpu_fpnew.genblk3[1].fpnew_core.gen_nanbox_check[3]	14	32	0	0	0	0	0	1	1385575	1385575	0,0,0,0,0,0,0,0,0,0,0,0,0,0,0,0,0,0,0,0,0,0,0,0,0,0,0,0,0,0,0,0,0,0,0,0,0,0,0,0	0,0,0,0,0,0,0,0,0,0,0,0,0,0,0,0,0,0,0,0,0,0,0,0,0,0,0,0,0,0,0,0,1,0,0,0,0,0,0,0	2	0	0	0	0	1	1385575	1385575	0,0,0,0,0,0,0,0,0,0,0,0,0,0,0,0,0,0,0,0,0,0,0,0,0,0,0,0,0,0,0,0,0,0,0,0,0,0,0,0	0,0,0,0,0,0,0,0,0,0,0,0,0,0,0,0,0,0,0,0,0,0,0,0,0,0,0,0,0,0,0,0,1,0,0,0,0,0,0,0
tb.dut.clusters[0].cluster.sockets[0].socket.cores[0].core.execute.fpu_unit.genblk1[0].fpu_fpnew.genblk3[1].fpnew_core.gen_nanbox_check[4]	14	32	0	0	0	0	0	1	1385575	1385575	0,0,0,0,0,0,0,0,0,0,0,0,0,0,0,0,0,0,0,0,0,0,0,0,0,0,0,0,0,0,0,0,0,0,0,0,0,0,0,0	0,0,0,0,0,0,0,0,0,0,0,0,0,0,0,0,0,0,0,0,0,0,0,0,0,0,0,0,0,0,0,0,1,0,0,0,0,0,0,0	2	0	0	0	0	1	1385575	1385575	0,0,0,0,0,0,0,0,0,0,0,0,0,0,0,0,0,0,0,0,0,0,0,0,0,0,0,0,0,0,0,0,0,0,0,0,0,0,0,0	0,0,0,0,0,0,0,0,0,0,0,0,0,0,0,0,0,0,0,0,0,0,0,0,0,0,0,0,0,0,0,0,1,0,0,0,0,0,0,0
tb.dut.clusters[0].cluster.sockets[0].socket.cores[0].core.execute.fpu_unit.genblk1[0].fpu_fpnew.genblk3[1].fpnew_core.gen_operation_groups[0]	14	7400	7327741	147664	98345	147664	18	98346	1237911	8627	49164,49168,2,0,1,0,0,2,0,0,0,0,0,1,1,0,6,0,0,0,0,0,0,0,0,0,0,0,0,0,0,0,0,0,0,0,0,0,0,0	18,19,2,0,2,0,0,1,49148,0,1,0,0,1,0,49149,3,0,0,0,1,0,0,0,0,1,0,0,0,0,0,0,0,0,0,0,0,0,0,0	37	97548	97450	97548	15	97451	1288027	8627	97424,8,5,0,0,6,6,0,0,0,0,0,0,0,1,0,0,0,0,0,0,0,0,0,0,0,0,0,0,0,0,0,0,0,0,0,0,0,0,0	17,1,0,0,0,0,0,0,48282,0,0,5,4,0,1,0,49120,18,0,1,1,0,0,0,0,1,0,0,0,0,0,0,0,0,0,0,0,0,0,0
tb.dut.clusters[0].cluster.sockets[0].socket.cores[0].core.execute.fpu_unit.genblk1[0].fpu_fpnew.genblk3[1].fpnew_core.gen_operation_groups[0].i_opgroup_block	15	7352	7327675	147664	98345	147664	18	98346	1237911	8627	49164,49168,2,0,1,0,0,2,0,0,0,0,0,1,1,0,6,0,0,0,0,0,0,0,0,0,0,0,0,0,0,0,0,0,0,0,0,0,0,0	18,19,2,0,2,0,0,1,49148,0,1,0,0,1,0,49149,3,0,0,0,1,0,0,0,0,1,0,0,0,0,0,0,0,0,0,0,0,0,0,0	37	97548	97450	97548	15	97451	1288027	8627	97424,8,5,0,0,6,6,0,0,0,0,0,0,0,1,0,0,0,0,0,0,0,0,0,0,0,0,0,0,0,0,0,0,0,0,0,0,0,0,0	17,1,0,0,0,0,0,0,48282,0,0,5,4,0,1,0,49120,18,0,1,1,0,0,0,0,1,0,0,0,0,0,0,0,0,0,0,0,0,0,0
tb.dut.clusters[0].cluster.sockets[0].socket.cores[0].core.execute.fpu_unit.genblk1[0].fpu_fpnew.genblk3[1].fpnew_core.gen_operation_groups[0].i_opgroup_block.gen_parallel_slices[0]	16	5051	5832787	147664	98345	147664	18	98346	1237911	8627	49164,49168,2,0,1,0,0,2,0,0,0,0,0,1,1,0,6,0,0,0,0,0,0,0,0,0,0,0,0,0,0,0,0,0,0,0,0,0,0,0	18,19,2,0,2,0,0,1,49148,0,1,0,0,1,0,49149,3,0,0,0,1,0,0,0,0,1,0,0,0,0,0,0,0,0,0,0,0,0,0,0	26	98134	98036	98134	15	98037	1287441	8627	98010,8,5,0,0,6,6,0,0,0,0,0,0,0,1,0,0,0,0,0,0,0,0,0,0,0,0,0,0,0,0,0,0,0,0,0,0,0,0,0	18,1,0,0,1,0,0,0,48859,0,0,5,4,0,1,0,49136,9,0,1,1,0,0,0,0,1,0,0,0,0,0,0,0,0,0,0,0,0,0,0
tb.dut.clusters[0].cluster.sockets[0].socket.cores[0].core.execute.fpu_unit.genblk1[0].fpu_fpnew.genblk3[1].fpnew_core.gen_operation_groups[0].i_opgroup_block.gen_parallel_slices[0].active_format	17	5049	5832787	147664	98345	147664	18	98346	1237911	8627	49164,49168,2,0,1,0,0,2,0,0,0,0,0,1,1,0,6,0,0,0,0,0,0,0,0,0,0,0,0,0,0,0,0,0,0,0,0,0,0,0	18,19,2,0,2,0,0,1,49148,0,1,0,0,1,0,49149,3,0,0,0,1,0,0,0,0,1,0,0,0,0,0,0,0,0,0,0,0,0,0,0	26	98134	98036	98134	15	98037	1287441	8627	98010,8,5,0,0,6,6,0,0,0,0,0,0,0,1,0,0,0,0,0,0,0,0,0,0,0,0,0,0,0,0,0,0,0,0,0,0,0,0,0	18,1,0,0,1,0,0,0,48859,0,0,5,4,0,1,0,49136,9,0,1,1,0,0,0,0,1,0,0,0,0,0,0,0,0,0,0,0,0,0,0
tb.dut.clusters[0].cluster.sockets[0].socket.cores[0].core.execute.fpu_unit.genblk1[0].fpu_fpnew.genblk3[1].fpnew_core.gen_operation_groups[0].i_opgroup_block.gen_parallel_slices[0].active_format.i_fmt_slice	18	5015	5832718	147664	98345	147664	18	98346	1237911	8627	49164,49168,2,0,1,0,0,2,0,0,0,0,0,1,1,0,6,0,0,0,0,0,0,0,0,0,0,0,0,0,0,0,0,0,0,0,0,0,0,0	18,19,2,0,2,0,0,1,49148,0,1,0,0,1,0,49149,3,0,0,0,1,0,0,0,0,1,0,0,0,0,0,0,0,0,0,0,0,0,0,0	26	98134	98036	98134	15	98037	1287441	8627	98010,8,5,0,0,6,6,0,0,0,0,0,0,0,1,0,0,0,0,0,0,0,0,0,0,0,0,0,0,0,0,0,0,0,0,0,0,0,0,0	18,1,0,0,1,0,0,0,48859,0,0,5,4,0,1,0,49136,9,0,1,1,0,0,0,0,1,0,0,0,0,0,0,0,0,0,0,0,0,0,0
tb.dut.clusters[0].cluster.sockets[0].socket.cores[0].core.execute.fpu_unit.genblk1[0].fpu_fpnew.genblk3[1].fpnew_core.gen_operation_groups[0].i_opgroup_block.gen_parallel_slices[0].active_format.i_fmt_slice.gen_num_lanes[0]	19	4401	4344857	147664	98345	147664	18	98346	1237911	8627	49164,49168,2,0,1,0,0,2,0,0,0,0,0,1,1,0,6,0,0,0,0,0,0,0,0,0,0,0,0,0,0,0,0,0,0,0,0,0,0,0	18,19,2,0,2,0,0,1,49148,0,1,0,0,1,0,49149,3,0,0,0,1,0,0,0,0,1,0,0,0,0,0,0,0,0,0,0,0,0,0,0	23	97548	97450	97548	15	97451	1288027	8627	97424,8,5,0,0,6,6,0,0,0,0,0,0,0,1,0,0,0,0,0,0,0,0,0,0,0,0,0,0,0,0,0,0,0,0,0,0,0,0,0	17,1,0,0,0,0,0,0,48282,0,0,5,4,0,1,0,49120,18,0,1,1,0,0,0,0,1,0,0,0,0,0,0,0,0,0,0,0,0,0,0
tb.dut.clusters[0].cluster.sockets[0].socket.cores[0].core.execute.fpu_unit.genblk1[0].fpu_fpnew.genblk3[1].fpnew_core.gen_operation_groups[0].i_opgroup_block.gen_parallel_slices[0].active_format.i_fmt_slice.gen_num_lanes[0].active_lane	20	4368	4343323	147664	98345	147664	18	98346	1237911	8627	49164,49168,2,0,1,0,0,2,0,0,0,0,0,1,1,0,6,0,0,0,0,0,0,0,0,0,0,0,0,0,0,0,0,0,0,0,0,0,0,0	18,19,2,0,2,0,0,1,49148,0,1,0,0,1,0,49149,3,0,0,0,1,0,0,0,0,1,0,0,0,0,0,0,0,0,0,0,0,0,0,0	22	97523	97467	97523	15	97468	1288052	8627	97432,26,8,0,0,0,0,0,0,0,0,0,0,0,1,0,0,0,0,0,0,0,0,0,0,0,0,0,0,0,0,0,0,0,0,0,0,0,0,0	34,1,0,0,0,0,0,0,48282,0,0,5,3,0,2,0,49120,18,0,1,1,0,0,0,0,1,0,0,0,0,0,0,0,0,0,0,0,0,0,0
tb.dut.clusters[0].cluster.sockets[0].socket.cores[0].core.execute.fpu_unit.genblk1[0].fpu_fpnew.genblk3[1].fpnew_core.gen_operation_groups[0].i_opgroup_block.gen_parallel_slices[0].active_format.i_fmt_slice.gen_num_lanes[0].active_lane.lane_instance	21	4232	2971040	147664	98345	147664	18	98346	1237911	8627	49164,49168,2,0,1,0,0,2,0,0,0,0,0,1,1,0,6,0,0,0,0,0,0,0,0,0,0,0,0,0,0,0,0,0,0,0,0,0,0,0	18,19,2,0,2,0,0,1,49148,0,1,0,0,1,0,49149,3,0,0,0,1,0,0,0,0,1,0,0,0,0,0,0,0,0,0,0,0,0,0,0	22	87885	87832	87885	7	87833	1297690	8627	87796,26,8,0,0,1,1,0,0,0,0,0,0,0,0,0,0,0,0,0,0,0,0,0,0,0,0,0,0,0,0,0,0,0,0,0,0,0,0,0	34,2,0,0,0,0,0,0,39178,0,0,5,3,0,2,0,47652,943,9,3,1,0,0,0,0,1,0,0,0,0,0,0,0,0,0,0,0,0,0,0
tb.dut.clusters[0].cluster.sockets[0].socket.cores[0].core.execute.fpu_unit.genblk1[0].fpu_fpnew.genblk3[1].fpnew_core.gen_operation_groups[0].i_opgroup_block.gen_parallel_slices[0].active_format.i_fmt_slice.gen_num_lanes[0].active_lane.lane_instance.i_fma	22	4232	2971040	147664	98345	147664	18	98346	1237911	8627	49164,49168,2,0,1,0,0,2,0,0,0,0,0,1,1,0,6,0,0,0,0,0,0,0,0,0,0,0,0,0,0,0,0,0,0,0,0,0,0,0	18,19,2,0,2,0,0,1,49148,0,1,0,0,1,0,49149,3,0,0,0,1,0,0,0,0,1,0,0,0,0,0,0,0,0,0,0,0,0,0,0	22	87885	87832	87885	7	87833	1297690	8627	87796,26,8,0,0,1,1,0,0,0,0,0,0,0,0,0,0,0,0,0,0,0,0,0,0,0,0,0,0,0,0,0,0,0,0,0,0,0,0,0	34,2,0,0,0,0,0,0,39178,0,0,5,3,0,2,0,47652,943,9,3,1,0,0,0,0,1,0,0,0,0,0,0,0,0,0,0,0,0,0,0
tb.dut.clusters[0].cluster.sockets[0].socket.cores[0].core.execute.fpu_unit.genblk1[0].fpu_fpnew.genblk3[1].fpnew_core.gen_operation_groups[0].i_opgroup_block.gen_parallel_slices[0].active_format.i_fmt_slice.gen_num_lanes[0].active_lane.lane_instance.i_fma.gen_input_pipeline[0]	23	1	66	66	32	66	4	33	1385509	1384805	2,28,0,2,0,0,0,0,0,0,0,0,0,0,0,0,0,0,0,0,0,0,0,0,0,0,0,0,0,0,0,0,0,0,0,0,0,0,0,0	13,6,1,2,0,0,0,0,0,0,0,0,0,0,0,0,8,1,0,0,1,0,0,0,0,0,0,0,0,0,0,0,1,0,0,0,0,0,0,0	2	0	0	0	0	1	1385575	1385575	0,0,0,0,0,0,0,0,0,0,0,0,0,0,0,0,0,0,0,0,0,0,0,0,0,0,0,0,0,0,0,0,0,0,0,0,0,0,0,0	0,0,0,0,0,0,0,0,0,0,0,0,0,0,0,0,0,0,0,0,0,0,0,0,0,0,0,0,0,0,0,0,1,0,0,0,0,0,0,0
tb.dut.clusters[0].cluster.sockets[0].socket.cores[0].core.execute.fpu_unit.genblk1[0].fpu_fpnew.genblk3[1].fpnew_core.gen_operation_groups[0].i_opgroup_block.gen_parallel_slices[0].active_format.i_fmt_slice.gen_num_lanes[0].active_lane.lane_instance.i_fma.gen_inside_pipeline[0]	23	1	64	64	30	64	4	31	1385511	1384804	0,28,0,2,0,0,0,0,0,0,0,0,0,0,0,0,0,0,0,0,0,0,0,0,0,0,0,0,0,0,0,0,0,0,0,0,0,0,0,0	12,6,1,1,0,0,0,0,0,0,0,0,0,0,0,0,8,1,0,0,1,0,0,0,0,0,0,0,0,0,0,0,1,0,0,0,0,0,0,0	2	0	0	0	0	1	1385575	1385575	0,0,0,0,0,0,0,0,0,0,0,0,0,0,0,0,0,0,0,0,0,0,0,0,0,0,0,0,0,0,0,0,0,0,0,0,0,0,0,0	0,0,0,0,0,0,0,0,0,0,0,0,0,0,0,0,0,0,0,0,0,0,0,0,0,0,0,0,0,0,0,0,1,0,0,0,0,0,0,0
tb.dut.clusters[0].cluster.sockets[0].socket.cores[0].core.execute.fpu_unit.genblk1[0].fpu_fpnew.genblk3[1].fpnew_core.gen_operation_groups[0].i_opgroup_block.gen_parallel_slices[0].active_format.i_fmt_slice.gen_num_lanes[0].active_lane.lane_instance.i_fma.gen_inside_pipeline[1]	23	1	64	64	30	64	4	31	1385511	1384803	0,28,0,2,0,0,0,0,0,0,0,0,0,0,0,0,0,0,0,0,0,0,0,0,0,0,0,0,0,0,0,0,0,0,0,0,0,0,0,0	12,6,1,1,0,0,0,0,0,0,0,0,0,0,0,0,8,1,0,0,1,0,0,0,0,0,0,0,0,0,0,0,1,0,0,0,0,0,0,0	2	0	0	0	0	1	1385575	1385575	0,0,0,0,0,0,0,0,0,0,0,0,0,0,0,0,0,0,0,0,0,0,0,0,0,0,0,0,0,0,0,0,0,0,0,0,0,0,0,0	0,0,0,0,0,0,0,0,0,0,0,0,0,0,0,0,0,0,0,0,0,0,0,0,0,0,0,0,0,0,0,0,1,0,0,0,0,0,0,0
tb.dut.clusters[0].cluster.sockets[0].socket.cores[0].core.execute.fpu_unit.genblk1[0].fpu_fpnew.genblk3[1].fpnew_core.gen_operation_groups[0].i_opgroup_block.gen_parallel_slices[0].active_format.i_fmt_slice.gen_num_lanes[0].active_lane.lane_instance.i_fma.gen_output_pipeline[0]	23	1	64	64	30	64	4	31	1385511	1384802	0,28,0,2,0,0,0,0,0,0,0,0,0,0,0,0,0,0,0,0,0,0,0,0,0,0,0,0,0,0,0,0,0,0,0,0,0,0,0,0	12,6,1,1,0,0,0,0,0,0,0,0,0,0,0,0,8,1,0,0,1,0,0,0,0,0,0,0,0,0,0,0,1,0,0,0,0,0,0,0	2	0	0	0	0	1	1385575	1385575	0,0,0,0,0,0,0,0,0,0,0,0,0,0,0,0,0,0,0,0,0,0,0,0,0,0,0,0,0,0,0,0,0,0,0,0,0,0,0,0	0,0,0,0,0,0,0,0,0,0,0,0,0,0,0,0,0,0,0,0,0,0,0,0,0,0,0,0,0,0,0,0,1,0,0,0,0,0,0,0
tb.dut.clusters[0].cluster.sockets[0].socket.cores[0].core.execute.fpu_unit.genblk1[0].fpu_fpnew.genblk3[1].fpnew_core.gen_operation_groups[0].i_opgroup_block.gen_parallel_slices[0].active_format.i_fmt_slice.gen_num_lanes[0].active_lane.lane_instance.i_fma.i_class_inputs	23	374	285	32	32	32	1	33	1385543	1384805	32,0,0,0,0,0,0,0,0,0,0,0,0,0,0,0,0,0,0,0,0,0,0,0,0,0,0,0,0,0,0,0,0,0,0,0,0,0,0,0	2,12,6,1,1,0,0,0,0,0,0,0,0,0,0,0,7,2,0,0,1,0,0,0,0,0,0,0,0,0,0,0,1,0,0,0,0,0,0,0	2	32	32	32	1	33	1385543	1384805	32,0,0,0,0,0,0,0,0,0,0,0,0,0,0,0,0,0,0,0,0,0,0,0,0,0,0,0,0,0,0,0,0,0,0,0,0,0,0,0	2,12,6,1,1,0,0,0,0,0,0,0,0,0,0,0,7,2,0,0,1,0,0,0,0,0,0,0,0,0,0,0,1,0,0,0,0,0,0,0
tb.dut.clusters[0].cluster.sockets[0].socket.cores[0].core.execute.fpu_unit.genblk1[0].fpu_fpnew.genblk3[1].fpnew_core.gen_operation_groups[0].i_opgroup_block.gen_parallel_slices[0].active_format.i_fmt_slice.gen_num_lanes[0].active_lane.lane_instance.i_fma.i_class_inputs.gen_num_values[0]	24	40	127	32	32	32	1	33	1385543	1384805	32,0,0,0,0,0,0,0,0,0,0,0,0,0,0,0,0,0,0,0,0,0,0,0,0,0,0,0,0,0,0,0,0,0,0,0,0,0,0,0	2,12,6,1,1,0,0,0,0,0,0,0,0,0,0,0,7,2,0,0,1,0,0,0,0,0,0,0,0,0,0,0,1,0,0,0,0,0,0,0	2	24	24	24	1	25	1385551	1384839	24,0,0,0,0,0,0,0,0,0,0,0,0,0,0,0,0,0,0,0,0,0,0,0,0,0,0,0,0,0,0,0,0,0,0,0,0,0,0,0	1,6,6,1,1,0,0,0,0,0,0,0,0,0,0,0,7,1,0,0,1,0,0,0,0,0,0,0,0,0,0,0,1,0,0,0,0,0,0,0
tb.dut.clusters[0].cluster.sockets[0].socket.cores[0].core.execute.fpu_unit.genblk1[0].fpu_fpnew.genblk3[1].fpnew_core.gen_operation_groups[0].i_opgroup_block.gen_parallel_slices[0].active_format.i_fmt_slice.gen_num_lanes[0].active_lane.lane_instance.i_fma.i_class_inputs.gen_num_values[1]	24	40	10	1	1	1	1	2	1385574	1385085	1,0,0,0,0,0,0,0,0,0,0,0,0,0,0,0,0,0,0,0,0,0,0,0,0,0,0,0,0,0,0,0,0,0,0,0,0,0,0,0	0,0,0,0,0,0,0,0,0,0,0,0,0,0,0,0,0,0,0,0,1,0,0,0,0,0,0,0,0,0,0,0,1,0,0,0,0,0,0,0	2	1	1	1	1	2	1385574	1385085	1,0,0,0,0,0,0,0,0,0,0,0,0,0,0,0,0,0,0,0,0,0,0,0,0,0,0,0,0,0,0,0,0,0,0,0,0,0,0,0	0,0,0,0,0,0,0,0,0,0,0,0,0,0,0,0,0,0,0,0,1,0,0,0,0,0,0,0,0,0,0,0,1,0,0,0,0,0,0,0
tb.dut.clusters[0].cluster.sockets[0].socket.cores[0].core.execute.fpu_unit.genblk1[0].fpu_fpnew.genblk3[1].fpnew_core.gen_operation_groups[0].i_opgroup_block.gen_parallel_slices[0].active_format.i_fmt_slice.gen_num_lanes[0].active_lane.lane_instance.i_fma.i_class_inputs.gen_num_values[2]	24	40	4	1	1	1	1	2	1385574	1385085	1,0,0,0,0,0,0,0,0,0,0,0,0,0,0,0,0,0,0,0,0,0,0,0,0,0,0,0,0,0,0,0,0,0,0,0,0,0,0,0	0,0,0,0,0,0,0,0,0,0,0,0,0,0,0,0,0,0,0,0,1,0,0,0,0,0,0,0,0,0,0,0,1,0,0,0,0,0,0,0	2	1	1	1	1	2	1385574	1385085	1,0,0,0,0,0,0,0,0,0,0,0,0,0,0,0,0,0,0,0,0,0,0,0,0,0,0,0,0,0,0,0,0,0,0,0,0,0,0,0	0,0,0,0,0,0,0,0,0,0,0,0,0,0,0,0,0,0,0,0,1,0,0,0,0,0,0,0,0,0,0,0,1,0,0,0,0,0,0,0
tb.dut.clusters[0].cluster.sockets[0].socket.cores[0].core.execute.fpu_unit.genblk1[0].fpu_fpnew.genblk3[1].fpnew_core.gen_operation_groups[0].i_opgroup_block.gen_parallel_slices[0].active_format.i_fmt_slice.gen_num_lanes[0].active_lane.lane_instance.i_fma.i_fpnew_rounding	23	104	254	32	32	32	1	33	1385543	1384803	32,0,0,0,0,0,0,0,0,0,0,0,0,0,0,0,0,0,0,0,0,0,0,0,0,0,0,0,0,0,0,0,0,0,0,0,0,0,0,0	2,12,6,1,1,0,0,0,0,0,0,0,0,0,0,0,7,2,0,0,1,0,0,0,0,0,0,0,0,0,0,0,1,0,0,0,0,0,0,0	2	32	32	32	1	33	1385543	1384803	32,0,0,0,0,0,0,0,0,0,0,0,0,0,0,0,0,0,0,0,0,0,0,0,0,0,0,0,0,0,0,0,0,0,0,0,0,0,0,0	2,12,6,1,1,0,0,0,0,0,0,0,0,0,0,0,7,2,0,0,1,0,0,0,0,0,0,0,0,0,0,0,1,0,0,0,0,0,0,0
tb.dut.clusters[0].cluster.sockets[0].socket.cores[0].core.execute.fpu_unit.genblk1[0].fpu_fpnew.genblk3[1].fpnew_core.gen_operation_groups[0].i_opgroup_block.gen_parallel_slices[0].active_format.i_fmt_slice.gen_num_lanes[0].active_lane.lane_instance.i_fma.i_lzc	23	960	317	32	32	32	1	33	1385543	1384803	32,0,0,0,0,0,0,0,0,0,0,0,0,0,0,0,0,0,0,0,0,0,0,0,0,0,0,0,0,0,0,0,0,0,0,0,0,0,0,0	2,12,6,1,1,0,0,0,0,0,0,0,0,0,0,0,7,2,0,0,1,0,0,0,0,0,0,0,0,0,0,0,1,0,0,0,0,0,0,0	5	21	21	21	1	22	1385554	1384837	21,0,0,0,0,0,0,0,0,0,0,0,0,0,0,0,0,0,0,0,0,0,0,0,0,0,0,0,0,0,0,0,0,0,0,0,0,0,0,0	1,4,5,1,0,1,0,0,0,0,0,0,0,0,0,0,7,1,0,0,1,0,0,0,0,0,0,0,0,0,0,0,1,0,0,0,0,0,0,0
tb.dut.clusters[0].cluster.sockets[0].socket.cores[0].core.execute.fpu_unit.genblk1[0].fpu_fpnew.genblk3[1].fpnew_core.gen_operation_groups[0].i_opgroup_block.gen_parallel_slices[0].active_format.i_fmt_slice.gen_num_lanes[0].active_lane.lane_instance.i_fma.i_lzc.gen_lzc	24	837	238	32	32	32	1	33	1385543	1384803	32,0,0,0,0,0,0,0,0,0,0,0,0,0,0,0,0,0,0,0,0,0,0,0,0,0,0,0,0,0,0,0,0,0,0,0,0,0,0,0	2,12,6,1,1,0,0,0,0,0,0,0,0,0,0,0,7,2,0,0,1,0,0,0,0,0,0,0,0,0,0,0,1,0,0,0,0,0,0,0	5	20	20	20	1	21	1385555	1384837	20,0,0,0,0,0,0,0,0,0,0,0,0,0,0,0,0,0,0,0,0,0,0,0,0,0,0,0,0,0,0,0,0,0,0,0,0,0,0,0	1,4,4,1,0,1,0,0,0,0,0,0,0,0,0,0,7,1,0,0,1,0,0,0,0,0,0,0,0,0,0,0,1,0,0,0,0,0,0,0
tb.dut.clusters[0].cluster.sockets[0].socket.cores[0].core.execute.fpu_unit.genblk1[0].fpu_fpnew.genblk3[1].fpnew_core.gen_operation_groups[0].i_opgroup_block.gen_parallel_slices[1]	16	2	0	0	0	0	0	1	1385575	1385575	0,0,0,0,0,0,0,0,0,0,0,0,0,0,0,0,0,0,0,0,0,0,0,0,0,0,0,0,0,0,0,0,0,0,0,0,0,0,0,0	0,0,0,0,0,0,0,0,0,0,0,0,0,0,0,0,0,0,0,0,0,0,0,0,0,0,0,0,0,0,0,0,1,0,0,0,0,0,0,0	2	0	0	0	0	1	1385575	1385575	0,0,0,0,0,0,0,0,0,0,0,0,0,0,0,0,0,0,0,0,0,0,0,0,0,0,0,0,0,0,0,0,0,0,0,0,0,0,0,0	0,0,0,0,0,0,0,0,0,0,0,0,0,0,0,0,0,0,0,0,0,0,0,0,0,0,0,0,0,0,0,0,1,0,0,0,0,0,0,0
tb.dut.clusters[0].cluster.sockets[0].socket.cores[0].core.execute.fpu_unit.genblk1[0].fpu_fpnew.genblk3[1].fpnew_core.gen_operation_groups[0].i_opgroup_block.gen_parallel_slices[2]	16	2	0	0	0	0	0	1	1385575	1385575	0,0,0,0,0,0,0,0,0,0,0,0,0,0,0,0,0,0,0,0,0,0,0,0,0,0,0,0,0,0,0,0,0,0,0,0,0,0,0,0	0,0,0,0,0,0,0,0,0,0,0,0,0,0,0,0,0,0,0,0,0,0,0,0,0,0,0,0,0,0,0,0,1,0,0,0,0,0,0,0	2	0	0	0	0	1	1385575	1385575	0,0,0,0,0,0,0,0,0,0,0,0,0,0,0,0,0,0,0,0,0,0,0,0,0,0,0,0,0,0,0,0,0,0,0,0,0,0,0,0	0,0,0,0,0,0,0,0,0,0,0,0,0,0,0,0,0,0,0,0,0,0,0,0,0,0,0,0,0,0,0,0,1,0,0,0,0,0,0,0
tb.dut.clusters[0].cluster.sockets[0].socket.cores[0].core.execute.fpu_unit.genblk1[0].fpu_fpnew.genblk3[1].fpnew_core.gen_operation_groups[0].i_opgroup_block.gen_parallel_slices[3]	16	2	0	0	0	0	0	1	1385575	1385575	0,0,0,0,0,0,0,0,0,0,0,0,0,0,0,0,0,0,0,0,0,0,0,0,0,0,0,0,0,0,0,0,0,0,0,0,0,0,0,0	0,0,0,0,0,0,0,0,0,0,0,0,0,0,0,0,0,0,0,0,0,0,0,0,0,0,0,0,0,0,0,0,1,0,0,0,0,0,0,0	2	0	0	0	0	1	1385575	1385575	0,0,0,0,0,0,0,0,0,0,0,0,0,0,0,0,0,0,0,0,0,0,0,0,0,0,0,0,0,0,0,0,0,0,0,0,0,0,0,0	0,0,0,0,0,0,0,0,0,0,0,0,0,0,0,0,0,0,0,0,0,0,0,0,0,0,0,0,0,0,0,0,1,0,0,0,0,0,0,0
tb.dut.clusters[0].cluster.sockets[0].socket.cores[0].core.execute.fpu_unit.genblk1[0].fpu_fpnew.genblk3[1].fpnew_core.gen_operation_groups[0].i_opgroup_block.gen_parallel_slices[4]	16	2	0	0	0	0	0	1	1385575	1385575	0,0,0,0,0,0,0,0,0,0,0,0,0,0,0,0,0,0,0,0,0,0,0,0,0,0,0,0,0,0,0,0,0,0,0,0,0,0,0,0	0,0,0,0,0,0,0,0,0,0,0,0,0,0,0,0,0,0,0,0,0,0,0,0,0,0,0,0,0,0,0,0,1,0,0,0,0,0,0,0	2	0	0	0	0	1	1385575	1385575	0,0,0,0,0,0,0,0,0,0,0,0,0,0,0,0,0,0,0,0,0,0,0,0,0,0,0,0,0,0,0,0,0,0,0,0,0,0,0,0	0,0,0,0,0,0,0,0,0,0,0,0,0,0,0,0,0,0,0,0,0,0,0,0,0,0,0,0,0,0,0,0,1,0,0,0,0,0,0,0
tb.dut.clusters[0].cluster.sockets[0].socket.cores[0].core.execute.fpu_unit.genblk1[0].fpu_fpnew.genblk3[1].fpnew_core.gen_operation_groups[0].i_opgroup_block.i_arbiter	16	1510	8655	66	32	66	4	33	1385509	1384801	2,28,0,2,0,0,0,0,0,0,0,0,0,0,0,0,0,0,0,0,0,0,0,0,0,0,0,0,0,0,0,0,0,0,0,0,0,0,0,0	12,6,2,1,0,0,0,0,0,0,0,0,0,0,0,0,9,1,0,0,1,0,0,0,0,0,0,0,0,0,0,0,1,0,0,0,0,0,0,0	8	64	30	64	4	31	1385511	1384801	0,28,0,2,0,0,0,0,0,0,0,0,0,0,0,0,0,0,0,0,0,0,0,0,0,0,0,0,0,0,0,0,0,0,0,0,0,0,0,0	12,6,1,1,0,0,0,0,0,0,0,0,0,0,0,0,8,1,0,0,1,0,0,0,0,0,0,0,0,0,0,0,1,0,0,0,0,0,0,0
tb.dut.clusters[0].cluster.sockets[0].socket.cores[0].core.execute.fpu_unit.genblk1[0].fpu_fpnew.genblk3[1].fpnew_core.gen_operation_groups[0].i_opgroup_block.i_arbiter.gen_arbiter	17	1150	6034	64	30	64	4	31	1385511	1384801	0,28,0,2,0,0,0,0,0,0,0,0,0,0,0,0,0,0,0,0,0,0,0,0,0,0,0,0,0,0,0,0,0,0,0,0,0,0,0,0	12,6,1,1,0,0,0,0,0,0,0,0,0,0,0,0,8,1,0,0,1,0,0,0,0,0,0,0,0,0,0,0,1,0,0,0,0,0,0,0	6	64	30	64	4	31	1385511	1384801	0,28,0,2,0,0,0,0,0,0,0,0,0,0,0,0,0,0,0,0,0,0,0,0,0,0,0,0,0,0,0,0,0,0,0,0,0,0,0,0	12,6,1,1,0,0,0,0,0,0,0,0,0,0,0,0,8,1,0,0,1,0,0,0,0,0,0,0,0,0,0,0,1,0,0,0,0,0,0,0
tb.dut.clusters[0].cluster.sockets[0].socket.cores[0].core.execute.fpu_unit.genblk1[0].fpu_fpnew.genblk3[1].fpnew_core.gen_operation_groups[0].i_opgroup_block.i_arbiter.gen_arbiter.gen_int_rr	18	340	640	64	30	64	4	31	1385511	1384801	0,28,0,2,0,0,0,0,0,0,0,0,0,0,0,0,0,0,0,0,0,0,0,0,0,0,0,0,0,0,0,0,0,0,0,0,0,0,0,0	12,6,1,1,0,0,0,0,0,0,0,0,0,0,0,0,8,1,0,0,1,0,0,0,0,0,0,0,0,0,0,0,1,0,0,0,0,0,0,0	2	64	30	64	4	31	1385511	1384801	0,28,0,2,0,0,0,0,0,0,0,0,0,0,0,0,0,0,0,0,0,0,0,0,0,0,0,0,0,0,0,0,0,0,0,0,0,0,0,0	12,6,1,1,0,0,0,0,0,0,0,0,0,0,0,0,8,1,0,0,1,0,0,0,0,0,0,0,0,0,0,0,1,0,0,0,0,0,0,0
tb.dut.clusters[0].cluster.sockets[0].socket.cores[0].core.execute.fpu_unit.genblk1[0].fpu_fpnew.genblk3[1].fpnew_core.gen_operation_groups[0].i_opgroup_block.i_arbiter.gen_arbiter.gen_int_rr.gen_fair_arb	19	337	640	64	30	64	4	31	1385511	1384801	0,28,0,2,0,0,0,0,0,0,0,0,0,0,0,0,0,0,0,0,0,0,0,0,0,0,0,0,0,0,0,0,0,0,0,0,0,0,0,0	12,6,1,1,0,0,0,0,0,0,0,0,0,0,0,0,8,1,0,0,1,0,0,0,0,0,0,0,0,0,0,0,1,0,0,0,0,0,0,0	2	64	30	64	4	31	1385511	1384801	0,28,0,2,0,0,0,0,0,0,0,0,0,0,0,0,0,0,0,0,0,0,0,0,0,0,0,0,0,0,0,0,0,0,0,0,0,0,0,0	12,6,1,1,0,0,0,0,0,0,0,0,0,0,0,0,8,1,0,0,1,0,0,0,0,0,0,0,0,0,0,0,1,0,0,0,0,0,0,0
tb.dut.clusters[0].cluster.sockets[0].socket.cores[0].core.execute.fpu_unit.genblk1[0].fpu_fpnew.genblk3[1].fpnew_core.gen_operation_groups[0].i_opgroup_block.i_arbiter.gen_arbiter.gen_int_rr.gen_fair_arb.i_lzc_lower	20	158	576	64	30	64	4	31	1385511	1384801	0,28,0,2,0,0,0,0,0,0,0,0,0,0,0,0,0,0,0,0,0,0,0,0,0,0,0,0,0,0,0,0,0,0,0,0,0,0,0,0	12,6,1,1,0,0,0,0,0,0,0,0,0,0,0,0,8,1,0,0,1,0,0,0,0,0,0,0,0,0,0,0,1,0,0,0,0,0,0,0	2	64	30	64	4	31	1385511	1384801	0,28,0,2,0,0,0,0,0,0,0,0,0,0,0,0,0,0,0,0,0,0,0,0,0,0,0,0,0,0,0,0,0,0,0,0,0,0,0,0	12,6,1,1,0,0,0,0,0,0,0,0,0,0,0,0,8,1,0,0,1,0,0,0,0,0,0,0,0,0,0,0,1,0,0,0,0,0,0,0
tb.dut.clusters[0].cluster.sockets[0].socket.cores[0].core.execute.fpu_unit.genblk1[0].fpu_fpnew.genblk3[1].fpnew_core.gen_operation_groups[0].i_opgroup_block.i_arbiter.gen_arbiter.gen_int_rr.gen_fair_arb.i_lzc_lower.gen_lzc	21	84	448	64	30	64	4	31	1385511	1384801	0,28,0,2,0,0,0,0,0,0,0,0,0,0,0,0,0,0,0,0,0,0,0,0,0,0,0,0,0,0,0,0,0,0,0,0,0,0,0,0	12,6,1,1,0,0,0,0,0,0,0,0,0,0,0,0,8,1,0,0,1,0,0,0,0,0,0,0,0,0,0,0,1,0,0,0,0,0,0,0	2	64	30	64	4	31	1385511	1384801	0,28,0,2,0,0,0,0,0,0,0,0,0,0,0,0,0,0,0,0,0,0,0,0,0,0,0,0,0,0,0,0,0,0,0,0,0,0,0,0	12,6,1,1,0,0,0,0,0,0,0,0,0,0,0,0,8,1,0,0,1,0,0,0,0,0,0,0,0,0,0,0,1,0,0,0,0,0,0,0
tb.dut.clusters[0].cluster.sockets[0].socket.cores[0].core.execute.fpu_unit.genblk1[0].fpu_fpnew.genblk3[1].fpnew_core.gen_operation_groups[0].i_opgroup_block.i_arbiter.gen_arbiter.gen_int_rr.gen_fair_arb.i_lzc_upper	20	158	0	0	0	0	0	1	1385575	1385575	0,0,0,0,0,0,0,0,0,0,0,0,0,0,0,0,0,0,0,0,0,0,0,0,0,0,0,0,0,0,0,0,0,0,0,0,0,0,0,0	0,0,0,0,0,0,0,0,0,0,0,0,0,0,0,0,0,0,0,0,0,0,0,0,0,0,0,0,0,0,0,0,1,0,0,0,0,0,0,0	2	0	0	0	0	1	1385575	1385575	0,0,0,0,0,0,0,0,0,0,0,0,0,0,0,0,0,0,0,0,0,0,0,0,0,0,0,0,0,0,0,0,0,0,0,0,0,0,0,0	0,0,0,0,0,0,0,0,0,0,0,0,0,0,0,0,0,0,0,0,0,0,0,0,0,0,0,0,0,0,0,0,1,0,0,0,0,0,0,0
tb.dut.clusters[0].cluster.sockets[0].socket.cores[0].core.execute.fpu_unit.genblk1[0].fpu_fpnew.genblk3[1].fpnew_core.gen_operation_groups[0].i_opgroup_block.i_arbiter.gen_arbiter.gen_int_rr.gen_fair_arb.i_lzc_upper.gen_lzc	21	84	0	0	0	0	0	1	1385575	1385575	0,0,0,0,0,0,0,0,0,0,0,0,0,0,0,0,0,0,0,0,0,0,0,0,0,0,0,0,0,0,0,0,0,0,0,0,0,0,0,0	0,0,0,0,0,0,0,0,0,0,0,0,0,0,0,0,0,0,0,0,0,0,0,0,0,0,0,0,0,0,0,0,1,0,0,0,0,0,0,0	2	0	0	0	0	1	1385575	1385575	0,0,0,0,0,0,0,0,0,0,0,0,0,0,0,0,0,0,0,0,0,0,0,0,0,0,0,0,0,0,0,0,0,0,0,0,0,0,0,0	0,0,0,0,0,0,0,0,0,0,0,0,0,0,0,0,0,0,0,0,0,0,0,0,0,0,0,0,0,0,0,0,1,0,0,0,0,0,0,0
tb.dut.clusters[0].cluster.sockets[0].socket.cores[0].core.execute.fpu_unit.genblk1[0].fpu_fpnew.genblk3[1].fpnew_core.gen_operation_groups[0].i_opgroup_block.i_arbiter.gen_arbiter.gen_levels[0]	18	65	64	64	30	64	4	31	1385511	1384801	0,28,0,2,0,0,0,0,0,0,0,0,0,0,0,0,0,0,0,0,0,0,0,0,0,0,0,0,0,0,0,0,0,0,0,0,0,0,0,0	12,6,1,1,0,0,0,0,0,0,0,0,0,0,0,0,8,1,0,0,1,0,0,0,0,0,0,0,0,0,0,0,1,0,0,0,0,0,0,0	2	0	0	0	0	1	1385575	1385575	0,0,0,0,0,0,0,0,0,0,0,0,0,0,0,0,0,0,0,0,0,0,0,0,0,0,0,0,0,0,0,0,0,0,0,0,0,0,0,0	0,0,0,0,0,0,0,0,0,0,0,0,0,0,0,0,0,0,0,0,0,0,0,0,0,0,0,0,0,0,0,0,1,0,0,0,0,0,0,0
tb.dut.clusters[0].cluster.sockets[0].socket.cores[0].core.execute.fpu_unit.genblk1[0].fpu_fpnew.genblk3[1].fpnew_core.gen_operation_groups[0].i_opgroup_block.i_arbiter.gen_arbiter.gen_levels[0].gen_level[0]	19	65	64	64	30	64	4	31	1385511	1384801	0,28,0,2,0,0,0,0,0,0,0,0,0,0,0,0,0,0,0,0,0,0,0,0,0,0,0,0,0,0,0,0,0,0,0,0,0,0,0,0	12,6,1,1,0,0,0,0,0,0,0,0,0,0,0,0,8,1,0,0,1,0,0,0,0,0,0,0,0,0,0,0,1,0,0,0,0,0,0,0	2	0	0	0	0	1	1385575	1385575	0,0,0,0,0,0,0,0,0,0,0,0,0,0,0,0,0,0,0,0,0,0,0,0,0,0,0,0,0,0,0,0,0,0,0,0,0,0,0,0	0,0,0,0,0,0,0,0,0,0,0,0,0,0,0,0,0,0,0,0,0,0,0,0,0,0,0,0,0,0,0,0,1,0,0,0,0,0,0,0
tb.dut.clusters[0].cluster.sockets[0].socket.cores[0].core.execute.fpu_unit.genblk1[0].fpu_fpnew.genblk3[1].fpnew_core.gen_operation_groups[0].i_opgroup_block.i_arbiter.gen_arbiter.gen_levels[1]	18	130	64	64	30	64	4	31	1385511	1384801	0,28,0,2,0,0,0,0,0,0,0,0,0,0,0,0,0,0,0,0,0,0,0,0,0,0,0,0,0,0,0,0,0,0,0,0,0,0,0,0	12,6,1,1,0,0,0,0,0,0,0,0,0,0,0,0,8,1,0,0,1,0,0,0,0,0,0,0,0,0,0,0,1,0,0,0,0,0,0,0	2	0	0	0	0	1	1385575	1385575	0,0,0,0,0,0,0,0,0,0,0,0,0,0,0,0,0,0,0,0,0,0,0,0,0,0,0,0,0,0,0,0,0,0,0,0,0,0,0,0	0,0,0,0,0,0,0,0,0,0,0,0,0,0,0,0,0,0,0,0,0,0,0,0,0,0,0,0,0,0,0,0,1,0,0,0,0,0,0,0
tb.dut.clusters[0].cluster.sockets[0].socket.cores[0].core.execute.fpu_unit.genblk1[0].fpu_fpnew.genblk3[1].fpnew_core.gen_operation_groups[0].i_opgroup_block.i_arbiter.gen_arbiter.gen_levels[1].gen_level[0]	19	65	64	64	30	64	4	31	1385511	1384801	0,28,0,2,0,0,0,0,0,0,0,0,0,0,0,0,0,0,0,0,0,0,0,0,0,0,0,0,0,0,0,0,0,0,0,0,0,0,0,0	12,6,1,1,0,0,0,0,0,0,0,0,0,0,0,0,8,1,0,0,1,0,0,0,0,0,0,0,0,0,0,0,1,0,0,0,0,0,0,0	2	0	0	0	0	1	1385575	1385575	0,0,0,0,0,0,0,0,0,0,0,0,0,0,0,0,0,0,0,0,0,0,0,0,0,0,0,0,0,0,0,0,0,0,0,0,0,0,0,0	0,0,0,0,0,0,0,0,0,0,0,0,0,0,0,0,0,0,0,0,0,0,0,0,0,0,0,0,0,0,0,0,1,0,0,0,0,0,0,0
tb.dut.clusters[0].cluster.sockets[0].socket.cores[0].core.execute.fpu_unit.genblk1[0].fpu_fpnew.genblk3[1].fpnew_core.gen_operation_groups[0].i_opgroup_block.i_arbiter.gen_arbiter.gen_levels[1].gen_level[1]	19	65	0	0	0	0	0	1	1385575	1385575	0,0,0,0,0,0,0,0,0,0,0,0,0,0,0,0,0,0,0,0,0,0,0,0,0,0,0,0,0,0,0,0,0,0,0,0,0,0,0,0	0,0,0,0,0,0,0,0,0,0,0,0,0,0,0,0,0,0,0,0,0,0,0,0,0,0,0,0,0,0,0,0,1,0,0,0,0,0,0,0	2	0	0	0	0	1	1385575	1385575	0,0,0,0,0,0,0,0,0,0,0,0,0,0,0,0,0,0,0,0,0,0,0,0,0,0,0,0,0,0,0,0,0,0,0,0,0,0,0,0	0,0,0,0,0,0,0,0,0,0,0,0,0,0,0,0,0,0,0,0,0,0,0,0,0,0,0,0,0,0,0,0,1,0,0,0,0,0,0,0
tb.dut.clusters[0].cluster.sockets[0].socket.cores[0].core.execute.fpu_unit.genblk1[0].fpu_fpnew.genblk3[1].fpnew_core.gen_operation_groups[0].i_opgroup_block.i_arbiter.gen_arbiter.gen_levels[2]	18	260	64	64	30	64	4	31	1385511	1384801	0,28,0,2,0,0,0,0,0,0,0,0,0,0,0,0,0,0,0,0,0,0,0,0,0,0,0,0,0,0,0,0,0,0,0,0,0,0,0,0	12,6,1,1,0,0,0,0,0,0,0,0,0,0,0,0,8,1,0,0,1,0,0,0,0,0,0,0,0,0,0,0,1,0,0,0,0,0,0,0	2	0	0	0	0	1	1385575	1385575	0,0,0,0,0,0,0,0,0,0,0,0,0,0,0,0,0,0,0,0,0,0,0,0,0,0,0,0,0,0,0,0,0,0,0,0,0,0,0,0	0,0,0,0,0,0,0,0,0,0,0,0,0,0,0,0,0,0,0,0,0,0,0,0,0,0,0,0,0,0,0,0,1,0,0,0,0,0,0,0
tb.dut.clusters[0].cluster.sockets[0].socket.cores[0].core.execute.fpu_unit.genblk1[0].fpu_fpnew.genblk3[1].fpnew_core.gen_operation_groups[0].i_opgroup_block.i_arbiter.gen_arbiter.gen_levels[2].gen_level[0]	19	65	64	64	30	64	4	31	1385511	1384801	0,28,0,2,0,0,0,0,0,0,0,0,0,0,0,0,0,0,0,0,0,0,0,0,0,0,0,0,0,0,0,0,0,0,0,0,0,0,0,0	12,6,1,1,0,0,0,0,0,0,0,0,0,0,0,0,8,1,0,0,1,0,0,0,0,0,0,0,0,0,0,0,1,0,0,0,0,0,0,0	2	0	0	0	0	1	1385575	1385575	0,0,0,0,0,0,0,0,0,0,0,0,0,0,0,0,0,0,0,0,0,0,0,0,0,0,0,0,0,0,0,0,0,0,0,0,0,0,0,0	0,0,0,0,0,0,0,0,0,0,0,0,0,0,0,0,0,0,0,0,0,0,0,0,0,0,0,0,0,0,0,0,1,0,0,0,0,0,0,0
tb.dut.clusters[0].cluster.sockets[0].socket.cores[0].core.execute.fpu_unit.genblk1[0].fpu_fpnew.genblk3[1].fpnew_core.gen_operation_groups[0].i_opgroup_block.i_arbiter.gen_arbiter.gen_levels[2].gen_level[1]	19	65	0	0	0	0	0	1	1385575	1385575	0,0,0,0,0,0,0,0,0,0,0,0,0,0,0,0,0,0,0,0,0,0,0,0,0,0,0,0,0,0,0,0,0,0,0,0,0,0,0,0	0,0,0,0,0,0,0,0,0,0,0,0,0,0,0,0,0,0,0,0,0,0,0,0,0,0,0,0,0,0,0,0,1,0,0,0,0,0,0,0	2	0	0	0	0	1	1385575	1385575	0,0,0,0,0,0,0,0,0,0,0,0,0,0,0,0,0,0,0,0,0,0,0,0,0,0,0,0,0,0,0,0,0,0,0,0,0,0,0,0	0,0,0,0,0,0,0,0,0,0,0,0,0,0,0,0,0,0,0,0,0,0,0,0,0,0,0,0,0,0,0,0,1,0,0,0,0,0,0,0
tb.dut.clusters[0].cluster.sockets[0].socket.cores[0].core.execute.fpu_unit.genblk1[0].fpu_fpnew.genblk3[1].fpnew_core.gen_operation_groups[0].i_opgroup_block.i_arbiter.gen_arbiter.gen_levels[2].gen_level[2]	19	65	0	0	0	0	0	1	1385575	1385575	0,0,0,0,0,0,0,0,0,0,0,0,0,0,0,0,0,0,0,0,0,0,0,0,0,0,0,0,0,0,0,0,0,0,0,0,0,0,0,0	0,0,0,0,0,0,0,0,0,0,0,0,0,0,0,0,0,0,0,0,0,0,0,0,0,0,0,0,0,0,0,0,1,0,0,0,0,0,0,0	2	0	0	0	0	1	1385575	1385575	0,0,0,0,0,0,0,0,0,0,0,0,0,0,0,0,0,0,0,0,0,0,0,0,0,0,0,0,0,0,0,0,0,0,0,0,0,0,0,0	0,0,0,0,0,0,0,0,0,0,0,0,0,0,0,0,0,0,0,0,0,0,0,0,0,0,0,0,0,0,0,0,1,0,0,0,0,0,0,0
tb.dut.clusters[0].cluster.sockets[0].socket.cores[0].core.execute.fpu_unit.genblk1[0].fpu_fpnew.genblk3[1].fpnew_core.gen_operation_groups[0].i_opgroup_block.i_arbiter.gen_arbiter.gen_levels[2].gen_level[3]	19	65	0	0	0	0	0	1	1385575	1385575	0,0,0,0,0,0,0,0,0,0,0,0,0,0,0,0,0,0,0,0,0,0,0,0,0,0,0,0,0,0,0,0,0,0,0,0,0,0,0,0	0,0,0,0,0,0,0,0,0,0,0,0,0,0,0,0,0,0,0,0,0,0,0,0,0,0,0,0,0,0,0,0,1,0,0,0,0,0,0,0	2	0	0	0	0	1	1385575	1385575	0,0,0,0,0,0,0,0,0,0,0,0,0,0,0,0,0,0,0,0,0,0,0,0,0,0,0,0,0,0,0,0,0,0,0,0,0,0,0,0	0,0,0,0,0,0,0,0,0,0,0,0,0,0,0,0,0,0,0,0,0,0,0,0,0,0,0,0,0,0,0,0,1,0,0,0,0,0,0,0
tb.dut.clusters[0].cluster.sockets[0].socket.cores[0].core.execute.fpu_unit.genblk1[0].fpu_fpnew.genblk3[1].fpnew_core.gen_operation_groups[1]	14	18392	2560114962	1376429	75	1376429	1376278	76	9146	8601	13,50,8,1,2,0,0,0,0,0,0,0,0,0,0,0,0,0,0,0,0,0,0,0,0,0,0,0,0,0,0,0,1,0,0,0,0,0,0,0	48,21,2,0,1,0,0,0,0,0,0,0,0,0,0,0,2,0,0,0,1,0,0,0,0,1,0,0,0,0,0,0,0,0,0,0,0,0,0,0	92	1081296	49178	1081296	22	49179	304279	8601	19,5,0,0,0,0,0,0,0,2,1,1,0,0,0,0,49150,0,0,0,0,0,0,0,0,0,0,0,0,0,0,0,0,0,0,0,0,0,0,0	10,1,3,0,0,49077,76,0,2,2,0,1,3,0,0,1,1,0,0,0,0,1,0,0,0,1,0,0,0,0,0,0,0,0,0,0,0,0,0,0
tb.dut.clusters[0].cluster.sockets[0].socket.cores[0].core.execute.fpu_unit.genblk1[0].fpu_fpnew.genblk3[1].fpnew_core.gen_operation_groups[1].i_opgroup_block	15	18349	2559918354	1376429	75	1376429	1376278	76	9146	8601	13,50,8,1,2,0,0,0,0,0,0,0,0,0,0,0,0,0,0,0,0,0,0,0,0,0,0,0,0,0,0,0,1,0,0,0,0,0,0,0	48,21,2,0,1,0,0,0,0,0,0,0,0,0,0,0,2,0,0,0,1,0,0,0,0,1,0,0,0,0,0,0,0,0,0,0,0,0,0,0	92	1081286	49178	1081286	22	49179	304289	8601	19,5,0,0,0,0,0,0,0,2,1,1,0,0,0,0,49150,0,0,0,0,0,0,0,0,0,0,0,0,0,0,0,0,0,0,0,0,0,0,0	10,1,3,0,0,49067,86,0,2,2,0,1,3,0,0,1,1,0,0,0,0,1,0,0,0,1,0,0,0,0,0,0,0,0,0,0,0,0,0,0
tb.dut.clusters[0].cluster.sockets[0].socket.cores[0].core.execute.fpu_unit.genblk1[0].fpu_fpnew.genblk3[1].fpnew_core.gen_operation_groups[1].i_opgroup_block.gen_merged_slice	16	16083	2520981738	1376429	75	1376429	1376278	76	9146	8601	13,50,8,1,2,0,0,0,0,0,0,0,0,0,0,0,0,0,0,0,0,0,0,0,0,0,0,0,0,0,0,0,1,0,0,0,0,0,0,0	48,21,2,0,1,0,0,0,0,0,0,0,0,0,0,0,2,0,0,0,1,0,0,0,0,1,0,0,0,0,0,0,0,0,0,0,0,0,0,0	81	1081293	49160	1081293	22	49161	304282	8602	6,0,0,0,0,0,0,0,0,2,1,1,0,0,0,0,49150,0,0,0,0,0,0,0,0,0,0,0,0,0,0,0,0,0,0,0,0,0,0,0	2,1,0,1,0,49097,56,0,0,0,0,0,1,0,0,0,0,1,0,0,0,1,0,0,0,1,0,0,0,0,0,0,0,0,0,0,0,0,0,0
tb.dut.clusters[0].cluster.sockets[0].socket.cores[0].core.execute.fpu_unit.genblk1[0].fpu_fpnew.genblk3[1].fpnew_core.gen_operation_groups[1].i_opgroup_block.gen_merged_slice.i_multifmt_slice	17	16047	2520785130	1376429	75	1376429	1376278	76	9146	8601	13,50,8,1,2,0,0,0,0,0,0,0,0,0,0,0,0,0,0,0,0,0,0,0,0,0,0,0,0,0,0,0,1,0,0,0,0,0,0,0	48,21,2,0,1,0,0,0,0,0,0,0,0,0,0,0,2,0,0,0,1,0,0,0,0,1,0,0,0,0,0,0,0,0,0,0,0,0,0,0	81	1081278	49160	1081278	22	49161	304297	8602	6,0,0,0,0,0,0,0,0,2,1,1,0,0,0,0,49150,0,0,0,0,0,0,0,0,0,0,0,0,0,0,0,0,0,0,0,0,0,0,0	2,1,0,1,0,49082,71,0,0,0,0,0,1,0,0,0,0,1,0,0,0,1,0,0,0,1,0,0,0,0,0,0,0,0,0,0,0,0,0,0
tb.dut.clusters[0].cluster.sockets[0].socket.cores[0].core.execute.fpu_unit.genblk1[0].fpu_fpnew.genblk3[1].fpnew_core.gen_operation_groups[1].i_opgroup_block.gen_merged_slice.i_multifmt_slice.extend_fp_result[0]	18	32	0	0	0	0	0	1	1385575	1385575	0,0,0,0,0,0,0,0,0,0,0,0,0,0,0,0,0,0,0,0,0,0,0,0,0,0,0,0,0,0,0,0,0,0,0,0,0,0,0,0	0,0,0,0,0,0,0,0,0,0,0,0,0,0,0,0,0,0,0,0,0,0,0,0,0,0,0,0,0,0,0,0,1,0,0,0,0,0,0,0	2	0	0	0	0	1	1385575	1385575	0,0,0,0,0,0,0,0,0,0,0,0,0,0,0,0,0,0,0,0,0,0,0,0,0,0,0,0,0,0,0,0,0,0,0,0,0,0,0,0	0,0,0,0,0,0,0,0,0,0,0,0,0,0,0,0,0,0,0,0,0,0,0,0,0,0,0,0,0,0,0,0,1,0,0,0,0,0,0,0
tb.dut.clusters[0].cluster.sockets[0].socket.cores[0].core.execute.fpu_unit.genblk1[0].fpu_fpnew.genblk3[1].fpnew_core.gen_operation_groups[1].i_opgroup_block.gen_merged_slice.i_multifmt_slice.extend_fp_result[1]	18	32	0	0	0	0	0	1	1385575	1385575	0,0,0,0,0,0,0,0,0,0,0,0,0,0,0,0,0,0,0,0,0,0,0,0,0,0,0,0,0,0,0,0,0,0,0,0,0,0,0,0	0,0,0,0,0,0,0,0,0,0,0,0,0,0,0,0,0,0,0,0,0,0,0,0,0,0,0,0,0,0,0,0,1,0,0,0,0,0,0,0	2	0	0	0	0	1	1385575	1385575	0,0,0,0,0,0,0,0,0,0,0,0,0,0,0,0,0,0,0,0,0,0,0,0,0,0,0,0,0,0,0,0,0,0,0,0,0,0,0,0	0,0,0,0,0,0,0,0,0,0,0,0,0,0,0,0,0,0,0,0,0,0,0,0,0,0,0,0,0,0,0,0,1,0,0,0,0,0,0,0
tb.dut.clusters[0].cluster.sockets[0].socket.cores[0].core.execute.fpu_unit.genblk1[0].fpu_fpnew.genblk3[1].fpnew_core.gen_operation_groups[1].i_opgroup_block.gen_merged_slice.i_multifmt_slice.extend_fp_result[2]	18	32	0	0	0	0	0	1	1385575	1385575	0,0,0,0,0,0,0,0,0,0,0,0,0,0,0,0,0,0,0,0,0,0,0,0,0,0,0,0,0,0,0,0,0,0,0,0,0,0,0,0	0,0,0,0,0,0,0,0,0,0,0,0,0,0,0,0,0,0,0,0,0,0,0,0,0,0,0,0,0,0,0,0,1,0,0,0,0,0,0,0	2	0	0	0	0	1	1385575	1385575	0,0,0,0,0,0,0,0,0,0,0,0,0,0,0,0,0,0,0,0,0,0,0,0,0,0,0,0,0,0,0,0,0,0,0,0,0,0,0,0	0,0,0,0,0,0,0,0,0,0,0,0,0,0,0,0,0,0,0,0,0,0,0,0,0,0,0,0,0,0,0,0,1,0,0,0,0,0,0,0
tb.dut.clusters[0].cluster.sockets[0].socket.cores[0].core.execute.fpu_unit.genblk1[0].fpu_fpnew.genblk3[1].fpnew_core.gen_operation_groups[1].i_opgroup_block.gen_merged_slice.i_multifmt_slice.extend_fp_result[3]	18	32	0	0	0	0	0	1	1385575	1385575	0,0,0,0,0,0,0,0,0,0,0,0,0,0,0,0,0,0,0,0,0,0,0,0,0,0,0,0,0,0,0,0,0,0,0,0,0,0,0,0	0,0,0,0,0,0,0,0,0,0,0,0,0,0,0,0,0,0,0,0,0,0,0,0,0,0,0,0,0,0,0,0,1,0,0,0,0,0,0,0	2	0	0	0	0	1	1385575	1385575	0,0,0,0,0,0,0,0,0,0,0,0,0,0,0,0,0,0,0,0,0,0,0,0,0,0,0,0,0,0,0,0,0,0,0,0,0,0,0,0	0,0,0,0,0,0,0,0,0,0,0,0,0,0,0,0,0,0,0,0,0,0,0,0,0,0,0,0,0,0,0,0,1,0,0,0,0,0,0,0
tb.dut.clusters[0].cluster.sockets[0].socket.cores[0].core.execute.fpu_unit.genblk1[0].fpu_fpnew.genblk3[1].fpnew_core.gen_operation_groups[1].i_opgroup_block.gen_merged_slice.i_multifmt_slice.extend_fp_result[4]	18	32	0	0	0	0	0	1	1385575	1385575	0,0,0,0,0,0,0,0,0,0,0,0,0,0,0,0,0,0,0,0,0,0,0,0,0,0,0,0,0,0,0,0,0,0,0,0,0,0,0,0	0,0,0,0,0,0,0,0,0,0,0,0,0,0,0,0,0,0,0,0,0,0,0,0,0,0,0,0,0,0,0,0,1,0,0,0,0,0,0,0	2	0	0	0	0	1	1385575	1385575	0,0,0,0,0,0,0,0,0,0,0,0,0,0,0,0,0,0,0,0,0,0,0,0,0,0,0,0,0,0,0,0,0,0,0,0,0,0,0,0	0,0,0,0,0,0,0,0,0,0,0,0,0,0,0,0,0,0,0,0,0,0,0,0,0,0,0,0,0,0,0,0,1,0,0,0,0,0,0,0
tb.dut.clusters[0].cluster.sockets[0].socket.cores[0].core.execute.fpu_unit.genblk1[0].fpu_fpnew.genblk3[1].fpnew_core.gen_operation_groups[1].i_opgroup_block.gen_merged_slice.i_multifmt_slice.gen_num_lanes[0]	18	14916	2511610157	1376429	75	1376429	1376278	76	9146	8601	13,50,8,1,2,0,0,0,0,0,0,0,0,0,0,0,0,0,0,0,0,0,0,0,0,0,0,0,0,0,0,0,1,0,0,0,0,0,0,0	48,21,2,0,1,0,0,0,0,0,0,0,0,0,0,0,2,0,0,0,1,0,0,0,0,1,0,0,0,0,0,0,0,0,0,0,0,0,0,0	75	1081207	49154	1081207	22	49155	304368	8609	0,0,0,0,0,0,0,0,0,2,1,1,0,0,0,0,49150,0,0,0,0,0,0,0,0,0,0,0,0,0,0,0,0,0,0,0,0,0,0,0	1,0,0,0,0,49016,134,1,0,0,0,1,0,0,0,0,0,0,0,0,0,1,0,0,0,1,0,0,0,0,0,0,0,0,0,0,0,0,0,0
tb.dut.clusters[0].cluster.sockets[0].socket.cores[0].core.execute.fpu_unit.genblk1[0].fpu_fpnew.genblk3[1].fpnew_core.gen_operation_groups[1].i_opgroup_block.gen_merged_slice.i_multifmt_slice.gen_num_lanes[0].active_lane	19	14573	2508624253	1376429	75	1376429	1376278	76	9146	8601	13,50,8,1,2,0,0,0,0,0,0,0,0,0,0,0,0,0,0,0,0,0,0,0,0,0,0,0,0,0,0,0,1,0,0,0,0,0,0,0	48,21,2,0,1,0,0,0,0,0,0,0,0,0,0,0,2,0,0,0,1,0,0,0,0,1,0,0,0,0,0,0,0,0,0,0,0,0,0,0	73	1081261	49154	1081261	22	49155	304314	8609	0,0,0,0,0,0,0,0,0,2,1,1,0,0,0,0,49150,0,0,0,0,0,0,0,0,0,0,0,0,0,0,0,0,0,0,0,0,0,0,0	1,0,0,0,0,49070,80,1,0,0,0,1,0,0,0,0,0,0,0,0,0,1,0,0,0,1,0,0,0,0,0,0,0,0,0,0,0,0,0,0
tb.dut.clusters[0].cluster.sockets[0].socket.cores[0].core.execute.fpu_unit.genblk1[0].fpu_fpnew.genblk3[1].fpnew_core.gen_operation_groups[1].i_opgroup_block.gen_merged_slice.i_multifmt_slice.gen_num_lanes[0].active_lane.lane_instance	20	14469	2505400379	1376429	75	1376429	1376278	76	9146	8601	13,50,8,1,2,0,0,0,0,0,0,0,0,0,0,0,0,0,0,0,0,0,0,0,0,0,0,0,0,0,0,0,1,0,0,0,0,0,0,0	48,21,2,0,1,0,0,0,0,0,0,0,0,0,0,0,2,0,0,0,1,0,0,0,0,1,0,0,0,0,0,0,0,0,0,0,0,0,0,0	73	1080008	49154	1080008	22	49155	305567	8609	0,0,0,0,0,0,0,0,0,2,1,1,0,0,0,0,49150,0,0,0,0,0,0,0,0,0,0,0,0,0,0,0,0,0,0,0,0,0,0,0	1,0,0,0,0,47818,1331,2,0,0,0,1,0,0,0,0,0,0,0,0,0,1,0,0,0,1,0,0,0,0,0,0,0,0,0,0,0,0,0,0
tb.dut.clusters[0].cluster.sockets[0].socket.cores[0].core.execute.fpu_unit.genblk1[0].fpu_fpnew.genblk3[1].fpnew_core.gen_operation_groups[1].i_opgroup_block.gen_merged_slice.i_multifmt_slice.gen_num_lanes[0].active_lane.lane_instance.genblk1	21	14469	2505400379	1376429	75	1376429	1376278	76	9146	8601	13,50,8,1,2,0,0,0,0,0,0,0,0,0,0,0,0,0,0,0,0,0,0,0,0,0,0,0,0,0,0,0,1,0,0,0,0,0,0,0	48,21,2,0,1,0,0,0,0,0,0,0,0,0,0,0,2,0,0,0,1,0,0,0,0,1,0,0,0,0,0,0,0,0,0,0,0,0,0,0	73	1080008	49154	1080008	22	49155	305567	8609	0,0,0,0,0,0,0,0,0,2,1,1,0,0,0,0,49150,0,0,0,0,0,0,0,0,0,0,0,0,0,0,0,0,0,0,0,0,0,0,0	1,0,0,0,0,47818,1331,2,0,0,0,1,0,0,0,0,0,0,0,0,0,1,0,0,0,1,0,0,0,0,0,0,0,0,0,0,0,0,0,0
tb.dut.clusters[0].cluster.sockets[0].socket.cores[0].core.execute.fpu_unit.genblk1[0].fpu_fpnew.genblk3[1].fpnew_core.gen_operation_groups[1].i_opgroup_block.gen_merged_slice.i_multifmt_slice.gen_num_lanes[0].active_lane.lane_instance.genblk1.i_fpnew_divsqrt_multi	22	14469	2505400379	1376429	75	1376429	1376278	76	9146	8601	13,50,8,1,2,0,0,0,0,0,0,0,0,0,0,0,0,0,0,0,0,0,0,0,0,0,0,0,0,0,0,0,1,0,0,0,0,0,0,0	48,21,2,0,1,0,0,0,0,0,0,0,0,0,0,0,2,0,0,0,1,0,0,0,0,1,0,0,0,0,0,0,0,0,0,0,0,0,0,0	73	1080008	49154	1080008	22	49155	305567	8609	0,0,0,0,0,0,0,0,0,2,1,1,0,0,0,0,49150,0,0,0,0,0,0,0,0,0,0,0,0,0,0,0,0,0,0,0,0,0,0,0	1,0,0,0,0,47818,1331,2,0,0,0,1,0,0,0,0,0,0,0,0,0,1,0,0,0,1,0,0,0,0,0,0,0,0,0,0,0,0,0,0
tb.dut.clusters[0].cluster.sockets[0].socket.cores[0].core.execute.fpu_unit.genblk1[0].fpu_fpnew.genblk3[1].fpnew_core.gen_operation_groups[1].i_opgroup_block.gen_merged_slice.i_multifmt_slice.gen_num_lanes[0].active_lane.lane_instance.genblk1.i_fpnew_divsqrt_multi.gen_input_pipeline[0]	23	1	196608	196608	98304	196608	2	98305	1188967	8627	0,98304,0,0,0,0,0,0,0,0,0,0,0,0,0,0,0,0,0,0,0,0,0,0,0,0,0,0,0,0,0,0,0,0,0,0,0,0,0,0	0,0,0,1,0,0,1,49148,0,1,0,0,0,1,0,49148,3,0,0,0,0,1,0,0,0,1,0,0,0,0,0,0,0,0,0,0,0,0,0,0	2	0	0	0	0	1	1385575	1385575	0,0,0,0,0,0,0,0,0,0,0,0,0,0,0,0,0,0,0,0,0,0,0,0,0,0,0,0,0,0,0,0,0,0,0,0,0,0,0,0	0,0,0,0,0,0,0,0,0,0,0,0,0,0,0,0,0,0,0,0,0,0,0,0,0,0,0,0,0,0,0,0,1,0,0,0,0,0,0,0
tb.dut.clusters[0].cluster.sockets[0].socket.cores[0].core.execute.fpu_unit.genblk1[0].fpu_fpnew.genblk3[1].fpnew_core.gen_operation_groups[1].i_opgroup_block.gen_merged_slice.i_multifmt_slice.gen_num_lanes[0].active_lane.lane_instance.genblk1.i_fpnew_divsqrt_multi.gen_input_pipeline[1]	23	1	196608	196608	98304	196608	2	98305	1188967	8626	0,98304,0,0,0,0,0,0,0,0,0,0,0,0,0,0,0,0,0,0,0,0,0,0,0,0,0,0,0,0,0,0,0,0,0,0,0,0,0,0	0,0,0,1,0,0,1,49148,0,1,0,0,0,1,0,49148,3,0,0,0,0,1,0,0,0,1,0,0,0,0,0,0,0,0,0,0,0,0,0,0	2	0	0	0	0	1	1385575	1385575	0,0,0,0,0,0,0,0,0,0,0,0,0,0,0,0,0,0,0,0,0,0,0,0,0,0,0,0,0,0,0,0,0,0,0,0,0,0,0,0	0,0,0,0,0,0,0,0,0,0,0,0,0,0,0,0,0,0,0,0,0,0,0,0,0,0,0,0,0,0,0,0,1,0,0,0,0,0,0,0
tb.dut.clusters[0].cluster.sockets[0].socket.cores[0].core.execute.fpu_unit.genblk1[0].fpu_fpnew.genblk3[1].fpnew_core.gen_operation_groups[1].i_opgroup_block.gen_merged_slice.i_multifmt_slice.gen_num_lanes[0].active_lane.lane_instance.genblk1.i_fpnew_divsqrt_multi.gen_input_pipeline[2]	23	1	196608	196608	98304	196608	2	98305	1188967	8625	0,98304,0,0,0,0,0,0,0,0,0,0,0,0,0,0,0,0,0,0,0,0,0,0,0,0,0,0,0,0,0,0,0,0,0,0,0,0,0,0	0,0,0,1,0,0,1,49148,0,1,0,0,0,1,0,49148,3,0,0,0,0,1,0,0,0,1,0,0,0,0,0,0,0,0,0,0,0,0,0,0	2	0	0	0	0	1	1385575	1385575	0,0,0,0,0,0,0,0,0,0,0,0,0,0,0,0,0,0,0,0,0,0,0,0,0,0,0,0,0,0,0,0,0,0,0,0,0,0,0,0	0,0,0,0,0,0,0,0,0,0,0,0,0,0,0,0,0,0,0,0,0,0,0,0,0,0,0,0,0,0,0,0,1,0,0,0,0,0,0,0
tb.dut.clusters[0].cluster.sockets[0].socket.cores[0].core.execute.fpu_unit.genblk1[0].fpu_fpnew.genblk3[1].fpnew_core.gen_operation_groups[1].i_opgroup_block.gen_merged_slice.i_multifmt_slice.gen_num_lanes[0].active_lane.lane_instance.genblk1.i_fpnew_divsqrt_multi.gen_input_pipeline[3]	23	1	196608	196608	98304	196608	2	98305	1188967	8624	0,98304,0,0,0,0,0,0,0,0,0,0,0,0,0,0,0,0,0,0,0,0,0,0,0,0,0,0,0,0,0,0,0,0,0,0,0,0,0,0	0,0,0,1,0,0,1,49148,0,1,0,0,0,1,0,49148,3,0,0,0,0,1,0,0,0,1,0,0,0,0,0,0,0,0,0,0,0,0,0,0	2	0	0	0	0	1	1385575	1385575	0,0,0,0,0,0,0,0,0,0,0,0,0,0,0,0,0,0,0,0,0,0,0,0,0,0,0,0,0,0,0,0,0,0,0,0,0,0,0,0	0,0,0,0,0,0,0,0,0,0,0,0,0,0,0,0,0,0,0,0,0,0,0,0,0,0,0,0,0,0,0,0,1,0,0,0,0,0,0,0
tb.dut.clusters[0].cluster.sockets[0].socket.cores[0].core.execute.fpu_unit.genblk1[0].fpu_fpnew.genblk3[1].fpnew_core.gen_operation_groups[1].i_opgroup_block.gen_merged_slice.i_multifmt_slice.gen_num_lanes[0].active_lane.lane_instance.genblk1.i_fpnew_divsqrt_multi.gen_input_pipeline[4]	23	1	196608	196608	98304	196608	2	98305	1188967	8623	0,98304,0,0,0,0,0,0,0,0,0,0,0,0,0,0,0,0,0,0,0,0,0,0,0,0,0,0,0,0,0,0,0,0,0,0,0,0,0,0	0,0,0,1,0,0,1,49148,0,1,0,0,0,1,0,49148,3,0,0,0,0,1,0,0,0,1,0,0,0,0,0,0,0,0,0,0,0,0,0,0	2	0	0	0	0	1	1385575	1385575	0,0,0,0,0,0,0,0,0,0,0,0,0,0,0,0,0,0,0,0,0,0,0,0,0,0,0,0,0,0,0,0,0,0,0,0,0,0,0,0	0,0,0,0,0,0,0,0,0,0,0,0,0,0,0,0,0,0,0,0,0,0,0,0,0,0,0,0,0,0,0,0,1,0,0,0,0,0,0,0
tb.dut.clusters[0].cluster.sockets[0].socket.cores[0].core.execute.fpu_unit.genblk1[0].fpu_fpnew.genblk3[1].fpnew_core.gen_operation_groups[1].i_opgroup_block.gen_merged_slice.i_multifmt_slice.gen_num_lanes[0].active_lane.lane_instance.genblk1.i_fpnew_divsqrt_multi.gen_input_pipeline[5]	23	1	196608	196608	98304	196608	2	98305	1188967	8622	0,98304,0,0,0,0,0,0,0,0,0,0,0,0,0,0,0,0,0,0,0,0,0,0,0,0,0,0,0,0,0,0,0,0,0,0,0,0,0,0	0,0,0,1,0,0,1,49148,0,1,0,0,0,1,0,49148,3,0,0,0,0,1,0,0,0,1,0,0,0,0,0,0,0,0,0,0,0,0,0,0	2	0	0	0	0	1	1385575	1385575	0,0,0,0,0,0,0,0,0,0,0,0,0,0,0,0,0,0,0,0,0,0,0,0,0,0,0,0,0,0,0,0,0,0,0,0,0,0,0,0	0,0,0,0,0,0,0,0,0,0,0,0,0,0,0,0,0,0,0,0,0,0,0,0,0,0,0,0,0,0,0,0,1,0,0,0,0,0,0,0
tb.dut.clusters[0].cluster.sockets[0].socket.cores[0].core.execute.fpu_unit.genblk1[0].fpu_fpnew.genblk3[1].fpnew_core.gen_operation_groups[1].i_opgroup_block.gen_merged_slice.i_multifmt_slice.gen_num_lanes[0].active_lane.lane_instance.genblk1.i_fpnew_divsqrt_multi.gen_input_pipeline[6]	23	1	196608	196608	98304	196608	2	98305	1188967	8621	0,98304,0,0,0,0,0,0,0,0,0,0,0,0,0,0,0,0,0,0,0,0,0,0,0,0,0,0,0,0,0,0,0,0,0,0,0,0,0,0	0,0,0,1,0,0,1,49148,0,1,0,0,0,1,0,49148,3,0,0,0,0,1,0,0,0,1,0,0,0,0,0,0,0,0,0,0,0,0,0,0	2	0	0	0	0	1	1385575	1385575	0,0,0,0,0,0,0,0,0,0,0,0,0,0,0,0,0,0,0,0,0,0,0,0,0,0,0,0,0,0,0,0,0,0,0,0,0,0,0,0	0,0,0,0,0,0,0,0,0,0,0,0,0,0,0,0,0,0,0,0,0,0,0,0,0,0,0,0,0,0,0,0,1,0,0,0,0,0,0,0
tb.dut.clusters[0].cluster.sockets[0].socket.cores[0].core.execute.fpu_unit.genblk1[0].fpu_fpnew.genblk3[1].fpnew_core.gen_operation_groups[1].i_opgroup_block.gen_merged_slice.i_multifmt_slice.gen_num_lanes[0].active_lane.lane_instance.genblk1.i_fpnew_divsqrt_multi.gen_input_pipeline[7]	23	1	196608	196608	98304	196608	2	98305	1188967	8620	0,98304,0,0,0,0,0,0,0,0,0,0,0,0,0,0,0,0,0,0,0,0,0,0,0,0,0,0,0,0,0,0,0,0,0,0,0,0,0,0	0,0,0,1,0,0,1,49148,0,1,0,0,0,1,0,49148,3,0,0,0,0,1,0,0,0,1,0,0,0,0,0,0,0,0,0,0,0,0,0,0	2	0	0	0	0	1	1385575	1385575	0,0,0,0,0,0,0,0,0,0,0,0,0,0,0,0,0,0,0,0,0,0,0,0,0,0,0,0,0,0,0,0,0,0,0,0,0,0,0,0	0,0,0,0,0,0,0,0,0,0,0,0,0,0,0,0,0,0,0,0,0,0,0,0,0,0,0,0,0,0,0,0,1,0,0,0,0,0,0,0
tb.dut.clusters[0].cluster.sockets[0].socket.cores[0].core.execute.fpu_unit.genblk1[0].fpu_fpnew.genblk3[1].fpnew_core.gen_operation_groups[1].i_opgroup_block.gen_merged_slice.i_multifmt_slice.gen_num_lanes[0].active_lane.lane_instance.genblk1.i_fpnew_divsqrt_multi.gen_output_pipeline[0]	23	1	196608	196608	98304	196608	2	98305	1188967	8609	0,98304,0,0,0,0,0,0,0,0,0,0,0,0,0,0,0,0,0,0,0,0,0,0,0,0,0,0,0,0,0,0,0,0,0,0,0,0,0,0	0,0,0,0,0,0,0,49150,0,1,0,0,0,1,0,49150,1,0,0,0,0,1,0,0,0,1,0,0,0,0,0,0,0,0,0,0,0,0,0,0	2	0	0	0	0	1	1385575	1385575	0,0,0,0,0,0,0,0,0,0,0,0,0,0,0,0,0,0,0,0,0,0,0,0,0,0,0,0,0,0,0,0,0,0,0,0,0,0,0,0	0,0,0,0,0,0,0,0,0,0,0,0,0,0,0,0,0,0,0,0,0,0,0,0,0,0,0,0,0,0,0,0,1,0,0,0,0,0,0,0
tb.dut.clusters[0].cluster.sockets[0].socket.cores[0].core.execute.fpu_unit.genblk1[0].fpu_fpnew.genblk3[1].fpnew_core.gen_operation_groups[1].i_opgroup_block.gen_merged_slice.i_multifmt_slice.gen_num_lanes[0].active_lane.lane_instance.genblk1.i_fpnew_divsqrt_multi.gen_output_pipeline[1]	23	1	196608	196608	98304	196608	2	98305	1188967	8608	0,98304,0,0,0,0,0,0,0,0,0,0,0,0,0,0,0,0,0,0,0,0,0,0,0,0,0,0,0,0,0,0,0,0,0,0,0,0,0,0	0,0,0,0,0,0,0,49150,0,1,0,0,0,1,0,49150,1,0,0,0,0,1,0,0,0,1,0,0,0,0,0,0,0,0,0,0,0,0,0,0	2	0	0	0	0	1	1385575	1385575	0,0,0,0,0,0,0,0,0,0,0,0,0,0,0,0,0,0,0,0,0,0,0,0,0,0,0,0,0,0,0,0,0,0,0,0,0,0,0,0	0,0,0,0,0,0,0,0,0,0,0,0,0,0,0,0,0,0,0,0,0,0,0,0,0,0,0,0,0,0,0,0,1,0,0,0,0,0,0,0
tb.dut.clusters[0].cluster.sockets[0].socket.cores[0].core.execute.fpu_unit.genblk1[0].fpu_fpnew.genblk3[1].fpnew_core.gen_operation_groups[1].i_opgroup_block.gen_merged_slice.i_multifmt_slice.gen_num_lanes[0].active_lane.lane_instance.genblk1.i_fpnew_divsqrt_multi.gen_output_pipeline[2]	23	1	196608	196608	98304	196608	2	98305	1188967	8607	0,98304,0,0,0,0,0,0,0,0,0,0,0,0,0,0,0,0,0,0,0,0,0,0,0,0,0,0,0,0,0,0,0,0,0,0,0,0,0,0	0,0,0,0,0,0,0,49150,0,1,0,0,0,1,0,49150,1,0,0,0,0,1,0,0,0,1,0,0,0,0,0,0,0,0,0,0,0,0,0,0	2	0	0	0	0	1	1385575	1385575	0,0,0,0,0,0,0,0,0,0,0,0,0,0,0,0,0,0,0,0,0,0,0,0,0,0,0,0,0,0,0,0,0,0,0,0,0,0,0,0	0,0,0,0,0,0,0,0,0,0,0,0,0,0,0,0,0,0,0,0,0,0,0,0,0,0,0,0,0,0,0,0,1,0,0,0,0,0,0,0
tb.dut.clusters[0].cluster.sockets[0].socket.cores[0].core.execute.fpu_unit.genblk1[0].fpu_fpnew.genblk3[1].fpnew_core.gen_operation_groups[1].i_opgroup_block.gen_merged_slice.i_multifmt_slice.gen_num_lanes[0].active_lane.lane_instance.genblk1.i_fpnew_divsqrt_multi.gen_output_pipeline[3]	23	1	196608	196608	98304	196608	2	98305	1188967	8606	0,98304,0,0,0,0,0,0,0,0,0,0,0,0,0,0,0,0,0,0,0,0,0,0,0,0,0,0,0,0,0,0,0,0,0,0,0,0,0,0	0,0,0,0,0,0,0,49150,0,1,0,0,0,1,0,49150,1,0,0,0,0,1,0,0,0,1,0,0,0,0,0,0,0,0,0,0,0,0,0,0	2	0	0	0	0	1	1385575	1385575	0,0,0,0,0,0,0,0,0,0,0,0,0,0,0,0,0,0,0,0,0,0,0,0,0,0,0,0,0,0,0,0,0,0,0,0,0,0,0,0	0,0,0,0,0,0,0,0,0,0,0,0,0,0,0,0,0,0,0,0,0,0,0,0,0,0,0,0,0,0,0,0,1,0,0,0,0,0,0,0
tb.dut.clusters[0].cluster.sockets[0].socket.cores[0].core.execute.fpu_unit.genblk1[0].fpu_fpnew.genblk3[1].fpnew_core.gen_operation_groups[1].i_opgroup_block.gen_merged_slice.i_multifmt_slice.gen_num_lanes[0].active_lane.lane_instance.genblk1.i_fpnew_divsqrt_multi.gen_output_pipeline[4]	23	1	196608	196608	98304	196608	2	98305	1188967	8605	0,98304,0,0,0,0,0,0,0,0,0,0,0,0,0,0,0,0,0,0,0,0,0,0,0,0,0,0,0,0,0,0,0,0,0,0,0,0,0,0	0,0,0,0,0,0,0,49150,0,1,0,0,0,1,0,49150,1,0,0,0,0,1,0,0,0,1,0,0,0,0,0,0,0,0,0,0,0,0,0,0	2	0	0	0	0	1	1385575	1385575	0,0,0,0,0,0,0,0,0,0,0,0,0,0,0,0,0,0,0,0,0,0,0,0,0,0,0,0,0,0,0,0,0,0,0,0,0,0,0,0	0,0,0,0,0,0,0,0,0,0,0,0,0,0,0,0,0,0,0,0,0,0,0,0,0,0,0,0,0,0,0,0,1,0,0,0,0,0,0,0
tb.dut.clusters[0].cluster.sockets[0].socket.cores[0].core.execute.fpu_unit.genblk1[0].fpu_fpnew.genblk3[1].fpnew_core.gen_operation_groups[1].i_opgroup_block.gen_merged_slice.i_multifmt_slice.gen_num_lanes[0].active_lane.lane_instance.genblk1.i_fpnew_divsqrt_multi.gen_output_pipeline[5]	23	1	196608	196608	98304	196608	2	98305	1188967	8604	0,98304,0,0,0,0,0,0,0,0,0,0,0,0,0,0,0,0,0,0,0,0,0,0,0,0,0,0,0,0,0,0,0,0,0,0,0,0,0,0	0,0,0,0,0,0,0,49150,0,1,0,0,0,1,0,49150,1,0,0,0,0,1,0,0,0,1,0,0,0,0,0,0,0,0,0,0,0,0,0,0	2	0	0	0	0	1	1385575	1385575	0,0,0,0,0,0,0,0,0,0,0,0,0,0,0,0,0,0,0,0,0,0,0,0,0,0,0,0,0,0,0,0,0,0,0,0,0,0,0,0	0,0,0,0,0,0,0,0,0,0,0,0,0,0,0,0,0,0,0,0,0,0,0,0,0,0,0,0,0,0,0,0,1,0,0,0,0,0,0,0
tb.dut.clusters[0].cluster.sockets[0].socket.cores[0].core.execute.fpu_unit.genblk1[0].fpu_fpnew.genblk3[1].fpnew_core.gen_operation_groups[1].i_opgroup_block.gen_merged_slice.i_multifmt_slice.gen_num_lanes[0].active_lane.lane_instance.genblk1.i_fpnew_divsqrt_multi.gen_output_pipeline[6]	23	1	196608	196608	98304	196608	2	98305	1188967	8603	0,98304,0,0,0,0,0,0,0,0,0,0,0,0,0,0,0,0,0,0,0,0,0,0,0,0,0,0,0,0,0,0,0,0,0,0,0,0,0,0	0,0,0,0,0,0,0,49150,0,1,0,0,0,1,0,49150,1,0,0,0,0,1,0,0,0,1,0,0,0,0,0,0,0,0,0,0,0,0,0,0	2	0	0	0	0	1	1385575	1385575	0,0,0,0,0,0,0,0,0,0,0,0,0,0,0,0,0,0,0,0,0,0,0,0,0,0,0,0,0,0,0,0,0,0,0,0,0,0,0,0	0,0,0,0,0,0,0,0,0,0,0,0,0,0,0,0,0,0,0,0,0,0,0,0,0,0,0,0,0,0,0,0,1,0,0,0,0,0,0,0
tb.dut.clusters[0].cluster.sockets[0].socket.cores[0].core.execute.fpu_unit.genblk1[0].fpu_fpnew.genblk3[1].fpnew_core.gen_operation_groups[1].i_opgroup_block.gen_merged_slice.i_multifmt_slice.gen_num_lanes[0].active_lane.lane_instance.genblk1.i_fpnew_divsqrt_multi.gen_output_pipeline[7]	23	1	196608	196608	98304	196608	2	98305	1188967	8602	0,98304,0,0,0,0,0,0,0,0,0,0,0,0,0,0,0,0,0,0,0,0,0,0,0,0,0,0,0,0,0,0,0,0,0,0,0,0,0,0	0,0,0,0,0,0,0,49150,0,1,0,0,0,1,0,49150,1,0,0,0,0,1,0,0,0,1,0,0,0,0,0,0,0,0,0,0,0,0,0,0	2	0	0	0	0	1	1385575	1385575	0,0,0,0,0,0,0,0,0,0,0,0,0,0,0,0,0,0,0,0,0,0,0,0,0,0,0,0,0,0,0,0,0,0,0,0,0,0,0,0	0,0,0,0,0,0,0,0,0,0,0,0,0,0,0,0,0,0,0,0,0,0,0,0,0,0,0,0,0,0,0,0,1,0,0,0,0,0,0,0
tb.dut.clusters[0].cluster.sockets[0].socket.cores[0].core.execute.fpu_unit.genblk1[0].fpu_fpnew.genblk3[1].fpnew_core.gen_operation_groups[1].i_opgroup_block.gen_merged_slice.i_multifmt_slice.gen_num_lanes[0].active_lane.lane_instance.genblk1.i_fpnew_divsqrt_multi.i_divsqrt_lei	23	12493	2420877808	1081350	49155	1081350	24	49156	304225	8609	2,0,0,0,0,0,0,0,0,0,0,2,0,0,0,0,49151,0,0,0,0,0,0,0,0,0,0,0,0,0,0,0,0,0,0,0,0,0,0,0	0,0,1,1,0,49150,0,0,0,1,0,0,0,0,0,0,1,0,0,0,0,1,0,0,0,1,0,0,0,0,0,0,0,0,0,0,0,0,0,0	63	1055858	49154	1055858	22	49155	329717	8609	0,0,0,0,0,0,0,0,0,3,0,1,0,0,0,0,49150,0,0,0,0,0,0,0,0,0,0,0,0,0,0,0,0,0,0,0,0,0,0,0	0,1,0,0,0,23741,25336,74,0,0,0,1,0,0,0,0,0,0,0,0,0,1,0,0,0,1,0,0,0,0,0,0,0,0,0,0,0,0,0,0
tb.dut.clusters[0].cluster.sockets[0].socket.cores[0].core.execute.fpu_unit.genblk1[0].fpu_fpnew.genblk3[1].fpnew_core.gen_operation_groups[1].i_opgroup_block.gen_merged_slice.i_multifmt_slice.gen_num_lanes[0].active_lane.lane_instance.genblk1.i_fpnew_divsqrt_multi.i_divsqrt_lei.fpu_norm_U0	24	752	82468168	986151	95197	986151	21	95198	399424	8609	0,0,0,0,0,0,0,0,0,92086,4,0,0,0,0,0,3107,0,0,0,0,0,0,0,0,0,0,0,0,0,0,0,0,0,0,0,0,0,0,0	46044,0,0,0,1,0,49150,0,0,0,1,0,0,0,0,0,0,0,0,0,0,1,0,0,0,1,0,0,0,0,0,0,0,0,0,0,0,0,0,0	4	884736	98304	884736	9	98305	500839	8610	0,0,0,0,0,0,0,0,98304,0,0,0,0,0,0,0,0,0,0,0,0,0,0,0,0,0,0,0,0,0,0,0,0,0,0,0,0,0,0,0	49150,0,1,0,0,0,1,0,49150,0,0,0,1,0,0,0,0,0,0,0,0,1,0,0,0,1,0,0,0,0,0,0,0,0,0,0,0,0,0,0
tb.dut.clusters[0].cluster.sockets[0].socket.cores[0].core.execute.fpu_unit.genblk1[0].fpu_fpnew.genblk3[1].fpnew_core.gen_operation_groups[1].i_opgroup_block.gen_merged_slice.i_multifmt_slice.gen_num_lanes[0].active_lane.lane_instance.genblk1.i_fpnew_divsqrt_multi.i_divsqrt_lei.nrbd_nrsc_U0	24	8528	2297740400	1081350	49155	1081350	24	49156	304225	8609	2,0,0,0,0,0,0,0,0,0,0,2,0,0,0,0,49151,0,0,0,0,0,0,0,0,0,0,0,0,0,0,0,0,0,0,0,0,0,0,0	0,0,1,1,0,49150,0,0,0,1,0,0,0,0,0,0,1,0,0,0,0,1,0,0,0,1,0,0,0,0,0,0,0,0,0,0,0,0,0,0	43	1006852	49154	1006852	21	49155	378723	8609	0,0,0,0,0,0,0,0,0,3,1,0,0,0,0,0,49150,0,0,0,0,0,0,0,0,0,0,0,0,0,0,0,0,0,0,0,0,0,0,0	0,1,0,0,0,1,23811,25339,0,0,0,1,0,0,0,0,0,0,0,0,0,1,0,0,0,1,0,0,0,0,0,0,0,0,0,0,0,0,0,0
tb.dut.clusters[0].cluster.sockets[0].socket.cores[0].core.execute.fpu_unit.genblk1[0].fpu_fpnew.genblk3[1].fpnew_core.gen_operation_groups[1].i_opgroup_block.gen_merged_slice.i_multifmt_slice.gen_num_lanes[0].active_lane.lane_instance.genblk1.i_fpnew_divsqrt_multi.i_divsqrt_lei.nrbd_nrsc_U0.control_U0	25	8301	2283000402	1081350	49155	1081350	24	49156	304225	8609	2,0,0,0,0,0,0,0,0,0,0,2,0,0,0,0,49151,0,0,0,0,0,0,0,0,0,0,0,0,0,0,0,0,0,0,0,0,0,0,0	0,0,1,1,0,49150,0,0,0,1,0,0,0,0,0,0,1,0,0,0,0,1,0,0,0,1,0,0,0,0,0,0,0,0,0,0,0,0,0,0	42	1006852	49154	1006852	21	49155	378723	8609	0,0,0,0,0,0,0,0,0,3,1,0,0,0,0,0,49150,0,0,0,0,0,0,0,0,0,0,0,0,0,0,0,0,0,0,0,0,0,0,0	0,1,0,0,0,1,23811,25339,0,0,0,1,0,0,0,0,0,0,0,0,0,1,0,0,0,1,0,0,0,0,0,0,0,0,0,0,0,0,0,0
tb.dut.clusters[0].cluster.sockets[0].socket.cores[0].core.execute.fpu_unit.genblk1[0].fpu_fpnew.genblk3[1].fpnew_core.gen_operation_groups[1].i_opgroup_block.gen_merged_slice.i_multifmt_slice.gen_num_lanes[0].active_lane.lane_instance.genblk1.i_fpnew_divsqrt_multi.i_divsqrt_lei.nrbd_nrsc_U0.control_U0.genblk4[0]	26	217	48216820	1032110	49180	1032110	21	49181	353465	8609	0,5,0,0,4,17,0,0,0,0,4,21,0,0,2,3,49124,0,0,0,0,0,0,0,0,0,0,0,0,0,0,0,0,0,0,0,0,0,0,0	1,0,20,6,1,0,49150,0,0,0,1,0,0,0,0,0,0,0,0,0,0,1,0,0,0,1,0,0,0,0,0,0,0,0,0,0,0,0,0,0	2	1006768	49180	1006768	21	49181	378807	8609	5,0,0,0,4,17,0,0,0,3,22,0,0,0,2,3,49124,0,0,0,0,0,0,0,0,0,0,0,0,0,0,0,0,0,0,0,0,0,0,0	0,1,20,6,0,1,23811,25339,0,0,0,1,0,0,0,0,0,0,0,0,0,1,0,0,0,1,0,0,0,0,0,0,0,0,0,0,0,0,0,0
tb.dut.clusters[0].cluster.sockets[0].socket.cores[0].core.execute.fpu_unit.genblk1[0].fpu_fpnew.genblk3[1].fpnew_core.gen_operation_groups[1].i_opgroup_block.gen_merged_slice.i_multifmt_slice.gen_num_lanes[0].active_lane.lane_instance.genblk1.i_fpnew_divsqrt_multi.i_divsqrt_lei.nrbd_nrsc_U0.control_U0.genblk4[0].iteration_div_sqrt	27	217	48216820	1032110	49180	1032110	21	49181	353465	8609	0,5,0,0,4,17,0,0,0,0,4,21,0,0,2,3,49124,0,0,0,0,0,0,0,0,0,0,0,0,0,0,0,0,0,0,0,0,0,0,0	1,0,20,6,1,0,49150,0,0,0,1,0,0,0,0,0,0,0,0,0,0,1,0,0,0,1,0,0,0,0,0,0,0,0,0,0,0,0,0,0	2	1006768	49180	1006768	21	49181	378807	8609	5,0,0,0,4,17,0,0,0,3,22,0,0,0,2,3,49124,0,0,0,0,0,0,0,0,0,0,0,0,0,0,0,0,0,0,0,0,0,0,0	0,1,20,6,0,1,23811,25339,0,0,0,1,0,0,0,0,0,0,0,0,0,1,0,0,0,1,0,0,0,0,0,0,0,0,0,0,0,0,0,0
tb.dut.clusters[0].cluster.sockets[0].socket.cores[0].core.execute.fpu_unit.genblk1[0].fpu_fpnew.genblk3[1].fpnew_core.gen_operation_groups[1].i_opgroup_block.gen_merged_slice.i_multifmt_slice.gen_num_lanes[0].active_lane.lane_instance.genblk1.i_fpnew_divsqrt_multi.i_divsqrt_lei.nrbd_nrsc_U0.control_U0.genblk4[1]	26	217	47371938	1032093	49180	1032093	21	49181	353482	8609	1,4,0,0,11,10,0,0,0,0,11,14,0,0,4,1,49124,0,0,0,0,0,0,0,0,0,0,0,0,0,0,0,0,0,0,0,0,0,0,0	1,0,7,15,5,0,49150,0,0,0,1,0,0,0,0,0,0,0,0,0,0,1,0,0,0,1,0,0,0,0,0,0,0,0,0,0,0,0,0,0	2	1006751	49179	1006751	21	49180	378824	8609	4,0,0,0,11,10,0,0,0,10,15,0,0,0,4,1,49124,0,0,0,0,0,0,0,0,0,0,0,0,0,0,0,0,0,0,0,0,0,0,0	0,1,7,15,3,1,23811,25338,0,0,0,1,1,0,0,0,0,0,0,0,0,1,0,0,0,1,0,0,0,0,0,0,0,0,0,0,0,0,0,0
tb.dut.clusters[0].cluster.sockets[0].socket.cores[0].core.execute.fpu_unit.genblk1[0].fpu_fpnew.genblk3[1].fpnew_core.gen_operation_groups[1].i_opgroup_block.gen_merged_slice.i_multifmt_slice.gen_num_lanes[0].active_lane.lane_instance.genblk1.i_fpnew_divsqrt_multi.i_divsqrt_lei.nrbd_nrsc_U0.control_U0.genblk4[1].iteration_div_sqrt	27	217	47371938	1032093	49180	1032093	21	49181	353482	8609	1,4,0,0,11,10,0,0,0,0,11,14,0,0,4,1,49124,0,0,0,0,0,0,0,0,0,0,0,0,0,0,0,0,0,0,0,0,0,0,0	1,0,7,15,5,0,49150,0,0,0,1,0,0,0,0,0,0,0,0,0,0,1,0,0,0,1,0,0,0,0,0,0,0,0,0,0,0,0,0,0	2	1006751	49179	1006751	21	49180	378824	8609	4,0,0,0,11,10,0,0,0,10,15,0,0,0,4,1,49124,0,0,0,0,0,0,0,0,0,0,0,0,0,0,0,0,0,0,0,0,0,0,0	0,1,7,15,3,1,23811,25338,0,0,0,1,1,0,0,0,0,0,0,0,0,1,0,0,0,1,0,0,0,0,0,0,0,0,0,0,0,0,0,0
tb.dut.clusters[0].cluster.sockets[0].socket.cores[0].core.execute.fpu_unit.genblk1[0].fpu_fpnew.genblk3[1].fpnew_core.gen_operation_groups[1].i_opgroup_block.gen_merged_slice.i_multifmt_slice.gen_num_lanes[0].active_lane.lane_instance.genblk1.i_fpnew_divsqrt_multi.i_divsqrt_lei.nrbd_nrsc_U0.control_U0.genblk4[2]	26	217	47453756	1032078	49180	1032078	21	49181	353497	8609	2,3,0,1,20,0,0,0,0,0,13,12,0,0,5,0,49124,0,0,0,0,0,0,0,0,0,0,0,0,0,0,0,0,0,0,0,0,0,0,0	1,0,0,14,13,0,49150,0,0,0,1,0,0,0,0,0,0,0,0,0,0,1,0,0,0,1,0,0,0,0,0,0,0,0,0,0,0,0,0,0	2	1006736	49178	1006736	21	49179	378839	8609	3,0,0,1,20,0,0,0,0,12,13,0,0,0,5,0,49124,0,0,0,0,0,0,0,0,0,0,0,0,0,0,0,0,0,0,0,0,0,0,0	0,1,0,14,10,1,23811,25337,0,0,0,1,2,0,0,0,0,0,0,0,0,1,0,0,0,1,0,0,0,0,0,0,0,0,0,0,0,0,0,0
tb.dut.clusters[0].cluster.sockets[0].socket.cores[0].core.execute.fpu_unit.genblk1[0].fpu_fpnew.genblk3[1].fpnew_core.gen_operation_groups[1].i_opgroup_block.gen_merged_slice.i_multifmt_slice.gen_num_lanes[0].active_lane.lane_instance.genblk1.i_fpnew_divsqrt_multi.i_divsqrt_lei.nrbd_nrsc_U0.control_U0.genblk4[2].iteration_div_sqrt	27	217	47453756	1032078	49180	1032078	21	49181	353497	8609	2,3,0,1,20,0,0,0,0,0,13,12,0,0,5,0,49124,0,0,0,0,0,0,0,0,0,0,0,0,0,0,0,0,0,0,0,0,0,0,0	1,0,0,14,13,0,49150,0,0,0,1,0,0,0,0,0,0,0,0,0,0,1,0,0,0,1,0,0,0,0,0,0,0,0,0,0,0,0,0,0	2	1006736	49178	1006736	21	49179	378839	8609	3,0,0,1,20,0,0,0,0,12,13,0,0,0,5,0,49124,0,0,0,0,0,0,0,0,0,0,0,0,0,0,0,0,0,0,0,0,0,0,0	0,1,0,14,10,1,23811,25337,0,0,0,1,2,0,0,0,0,0,0,0,0,1,0,0,0,1,0,0,0,0,0,0,0,0,0,0,0,0,0,0
tb.dut.clusters[0].cluster.sockets[0].socket.cores[0].core.execute.fpu_unit.genblk1[0].fpu_fpnew.genblk3[1].fpnew_core.gen_operation_groups[1].i_opgroup_block.gen_merged_slice.i_multifmt_slice.gen_num_lanes[0].active_lane.lane_instance.genblk1.i_fpnew_divsqrt_multi.i_divsqrt_lei.preprocess_U0	24	2777	13482955	245766	147461	245766	3	147462	1139809	8610	49157,98303,1,0,0,0,0,0,0,0,0,0,0,0,0,0,0,0,0,0,0,0,0,0,0,0,0,0,0,0,0,0,0,0,0,0,0,0,0,0	1,0,2,1,1,0,49151,98302,0,0,1,0,0,0,0,0,1,0,0,0,0,1,0,0,0,1,0,0,0,0,0,0,0,0,0,0,0,0,0,0	14	196553	98303	196553	2	98304	1189022	8619	53,98250,0,0,0,0,0,0,0,0,0,0,0,0,0,0,0,0,0,0,0,0,0,0,0,0,0,0,0,0,0,0,0,0,0,0,0,0,0,0	0,0,0,1,1,0,0,49129,19,0,1,0,0,0,0,49119,31,1,0,0,0,1,0,0,0,1,0,0,0,0,0,0,0,0,0,0,0,0,0,0
tb.dut.clusters[0].cluster.sockets[0].socket.cores[0].core.execute.fpu_unit.genblk1[0].fpu_fpnew.genblk3[1].fpnew_core.gen_operation_groups[1].i_opgroup_block.gen_merged_slice.i_multifmt_slice.gen_num_lanes[0].active_lane.lane_instance.genblk1.i_fpnew_divsqrt_multi.i_divsqrt_lei.preprocess_U0.LOD_Ua	25	976	3940365	98303	98303	98303	1	98304	1287272	8620	98303,0,0,0,0,0,0,0,0,0,0,0,0,0,0,0,0,0,0,0,0,0,0,0,0,0,0,0,0,0,0,0,0,0,0,0,0,0,0,0	0,0,0,0,1,0,0,1,49147,0,1,0,0,0,1,0,49151,0,0,0,0,1,0,0,0,1,0,0,0,0,0,0,0,0,0,0,0,0,0,0	5	98300	98300	98300	1	98301	1287275	8620	98300,0,0,0,0,0,0,0,0,0,0,0,0,0,0,0,0,0,0,0,0,0,0,0,0,0,0,0,0,0,0,0,0,0,0,0,0,0,0,0	0,0,0,0,1,0,0,1,49145,0,1,0,0,0,0,0,49150,1,0,0,0,1,0,0,0,1,0,0,0,0,0,0,0,0,0,0,0,0,0,0
tb.dut.clusters[0].cluster.sockets[0].socket.cores[0].core.execute.fpu_unit.genblk1[0].fpu_fpnew.genblk3[1].fpnew_core.gen_operation_groups[1].i_opgroup_block.gen_merged_slice.i_multifmt_slice.gen_num_lanes[0].active_lane.lane_instance.genblk1.i_fpnew_divsqrt_multi.i_divsqrt_lei.preprocess_U0.LOD_Ua.gen_lzc	26	851	2817031	98303	98303	98303	1	98304	1287272	8620	98303,0,0,0,0,0,0,0,0,0,0,0,0,0,0,0,0,0,0,0,0,0,0,0,0,0,0,0,0,0,0,0,0,0,0,0,0,0,0,0	0,0,0,0,1,0,0,1,49147,0,1,0,0,0,1,0,49151,0,0,0,0,1,0,0,0,1,0,0,0,0,0,0,0,0,0,0,0,0,0,0	5	98291	98291	98291	1	98292	1287284	8620	98291,0,0,0,0,0,0,0,0,0,0,0,0,0,0,0,0,0,0,0,0,0,0,0,0,0,0,0,0,0,0,0,0,0,0,0,0,0,0,0	0,0,0,0,0,0,0,0,49138,0,1,0,0,0,0,0,49150,1,0,0,0,1,0,0,0,1,0,0,0,0,0,0,0,0,0,0,0,0,0,0
tb.dut.clusters[0].cluster.sockets[0].socket.cores[0].core.execute.fpu_unit.genblk1[0].fpu_fpnew.genblk3[1].fpnew_core.gen_operation_groups[1].i_opgroup_block.gen_merged_slice.i_multifmt_slice.gen_num_lanes[0].active_lane.lane_instance.genblk1.i_fpnew_divsqrt_multi.i_divsqrt_lei.preprocess_U0.LOD_Ub	25	976	369720	12324	12324	12324	1	12325	1373251	8984	12324,0,0,0,0,0,0,0,0,0,0,0,0,0,0,0,0,0,0,0,0,0,0,0,0,0,0,0,0,0,0,0,0,0,0,0,0,0,0,0	0,0,0,0,0,0,0,0,9,0,0,0,0,0,0,0,6927,2316,0,4,3067,1,0,0,0,1,0,0,0,0,0,0,0,0,0,0,0,0,0,0	5	12324	12324	12324	1	12325	1373251	8984	12324,0,0,0,0,0,0,0,0,0,0,0,0,0,0,0,0,0,0,0,0,0,0,0,0,0,0,0,0,0,0,0,0,0,0,0,0,0,0,0	0,0,0,0,0,0,0,0,9,0,0,0,0,0,0,0,6927,2316,0,4,3067,1,0,0,0,1,0,0,0,0,0,0,0,0,0,0,0,0,0,0
tb.dut.clusters[0].cluster.sockets[0].socket.cores[0].core.execute.fpu_unit.genblk1[0].fpu_fpnew.genblk3[1].fpnew_core.gen_operation_groups[1].i_opgroup_block.gen_merged_slice.i_multifmt_slice.gen_num_lanes[0].active_lane.lane_instance.genblk1.i_fpnew_divsqrt_multi.i_divsqrt_lei.preprocess_U0.LOD_Ub.gen_lzc	26	851	332748	12324	12324	12324	1	12325	1373251	8984	12324,0,0,0,0,0,0,0,0,0,0,0,0,0,0,0,0,0,0,0,0,0,0,0,0,0,0,0,0,0,0,0,0,0,0,0,0,0,0,0	0,0,0,0,0,0,0,0,9,0,0,0,0,0,0,0,6927,2316,0,4,3067,1,0,0,0,1,0,0,0,0,0,0,0,0,0,0,0,0,0,0	5	12324	12324	12324	1	12325	1373251	8984	12324,0,0,0,0,0,0,0,0,0,0,0,0,0,0,0,0,0,0,0,0,0,0,0,0,0,0,0,0,0,0,0,0,0,0,0,0,0,0,0	0,0,0,0,0,0,0,0,9,0,0,0,0,0,0,0,6927,2316,0,4,3067,1,0,0,0,1,0,0,0,0,0,0,0,0,0,0,0,0,0,0
tb.dut.clusters[0].cluster.sockets[0].socket.cores[0].core.execute.fpu_unit.genblk1[0].fpu_fpnew.genblk3[1].fpnew_core.gen_operation_groups[1].i_opgroup_block.gen_merged_slice.i_multifmt_slice.gen_num_lanes[0].pack_fp_result[0]	19	32	0	0	0	0	0	1	1385575	1385575	0,0,0,0,0,0,0,0,0,0,0,0,0,0,0,0,0,0,0,0,0,0,0,0,0,0,0,0,0,0,0,0,0,0,0,0,0,0,0,0	0,0,0,0,0,0,0,0,0,0,0,0,0,0,0,0,0,0,0,0,0,0,0,0,0,0,0,0,0,0,0,0,1,0,0,0,0,0,0,0	2	0	0	0	0	1	1385575	1385575	0,0,0,0,0,0,0,0,0,0,0,0,0,0,0,0,0,0,0,0,0,0,0,0,0,0,0,0,0,0,0,0,0,0,0,0,0,0,0,0	0,0,0,0,0,0,0,0,0,0,0,0,0,0,0,0,0,0,0,0,0,0,0,0,0,0,0,0,0,0,0,0,1,0,0,0,0,0,0,0
tb.dut.clusters[0].cluster.sockets[0].socket.cores[0].core.execute.fpu_unit.genblk1[0].fpu_fpnew.genblk3[1].fpnew_core.gen_operation_groups[1].i_opgroup_block.gen_merged_slice.i_multifmt_slice.gen_num_lanes[0].pack_fp_result[1]	19	32	0	0	0	0	0	1	1385575	1385575	0,0,0,0,0,0,0,0,0,0,0,0,0,0,0,0,0,0,0,0,0,0,0,0,0,0,0,0,0,0,0,0,0,0,0,0,0,0,0,0	0,0,0,0,0,0,0,0,0,0,0,0,0,0,0,0,0,0,0,0,0,0,0,0,0,0,0,0,0,0,0,0,1,0,0,0,0,0,0,0	2	0	0	0	0	1	1385575	1385575	0,0,0,0,0,0,0,0,0,0,0,0,0,0,0,0,0,0,0,0,0,0,0,0,0,0,0,0,0,0,0,0,0,0,0,0,0,0,0,0	0,0,0,0,0,0,0,0,0,0,0,0,0,0,0,0,0,0,0,0,0,0,0,0,0,0,0,0,0,0,0,0,1,0,0,0,0,0,0,0
tb.dut.clusters[0].cluster.sockets[0].socket.cores[0].core.execute.fpu_unit.genblk1[0].fpu_fpnew.genblk3[1].fpnew_core.gen_operation_groups[1].i_opgroup_block.gen_merged_slice.i_multifmt_slice.gen_num_lanes[0].pack_fp_result[2]	19	32	0	0	0	0	0	1	1385575	1385575	0,0,0,0,0,0,0,0,0,0,0,0,0,0,0,0,0,0,0,0,0,0,0,0,0,0,0,0,0,0,0,0,0,0,0,0,0,0,0,0	0,0,0,0,0,0,0,0,0,0,0,0,0,0,0,0,0,0,0,0,0,0,0,0,0,0,0,0,0,0,0,0,1,0,0,0,0,0,0,0	2	0	0	0	0	1	1385575	1385575	0,0,0,0,0,0,0,0,0,0,0,0,0,0,0,0,0,0,0,0,0,0,0,0,0,0,0,0,0,0,0,0,0,0,0,0,0,0,0,0	0,0,0,0,0,0,0,0,0,0,0,0,0,0,0,0,0,0,0,0,0,0,0,0,0,0,0,0,0,0,0,0,1,0,0,0,0,0,0,0
tb.dut.clusters[0].cluster.sockets[0].socket.cores[0].core.execute.fpu_unit.genblk1[0].fpu_fpnew.genblk3[1].fpnew_core.gen_operation_groups[1].i_opgroup_block.gen_merged_slice.i_multifmt_slice.gen_num_lanes[0].pack_fp_result[3]	19	32	0	0	0	0	0	1	1385575	1385575	0,0,0,0,0,0,0,0,0,0,0,0,0,0,0,0,0,0,0,0,0,0,0,0,0,0,0,0,0,0,0,0,0,0,0,0,0,0,0,0	0,0,0,0,0,0,0,0,0,0,0,0,0,0,0,0,0,0,0,0,0,0,0,0,0,0,0,0,0,0,0,0,1,0,0,0,0,0,0,0	2	0	0	0	0	1	1385575	1385575	0,0,0,0,0,0,0,0,0,0,0,0,0,0,0,0,0,0,0,0,0,0,0,0,0,0,0,0,0,0,0,0,0,0,0,0,0,0,0,0	0,0,0,0,0,0,0,0,0,0,0,0,0,0,0,0,0,0,0,0,0,0,0,0,0,0,0,0,0,0,0,0,1,0,0,0,0,0,0,0
tb.dut.clusters[0].cluster.sockets[0].socket.cores[0].core.execute.fpu_unit.genblk1[0].fpu_fpnew.genblk3[1].fpnew_core.gen_operation_groups[1].i_opgroup_block.gen_merged_slice.i_multifmt_slice.gen_num_lanes[0].pack_fp_result[4]	19	32	0	0	0	0	0	1	1385575	1385575	0,0,0,0,0,0,0,0,0,0,0,0,0,0,0,0,0,0,0,0,0,0,0,0,0,0,0,0,0,0,0,0,0,0,0,0,0,0,0,0	0,0,0,0,0,0,0,0,0,0,0,0,0,0,0,0,0,0,0,0,0,0,0,0,0,0,0,0,0,0,0,0,1,0,0,0,0,0,0,0	2	0	0	0	0	1	1385575	1385575	0,0,0,0,0,0,0,0,0,0,0,0,0,0,0,0,0,0,0,0,0,0,0,0,0,0,0,0,0,0,0,0,0,0,0,0,0,0,0,0	0,0,0,0,0,0,0,0,0,0,0,0,0,0,0,0,0,0,0,0,0,0,0,0,0,0,0,0,0,0,0,0,1,0,0,0,0,0,0,0
tb.dut.clusters[0].cluster.sockets[0].socket.cores[0].core.execute.fpu_unit.genblk1[0].fpu_fpnew.genblk3[1].fpnew_core.gen_operation_groups[1].i_opgroup_block.gen_parallel_slices[0]	16	2	0	0	0	0	0	1	1385575	1385575	0,0,0,0,0,0,0,0,0,0,0,0,0,0,0,0,0,0,0,0,0,0,0,0,0,0,0,0,0,0,0,0,0,0,0,0,0,0,0,0	0,0,0,0,0,0,0,0,0,0,0,0,0,0,0,0,0,0,0,0,0,0,0,0,0,0,0,0,0,0,0,0,1,0,0,0,0,0,0,0	2	0	0	0	0	1	1385575	1385575	0,0,0,0,0,0,0,0,0,0,0,0,0,0,0,0,0,0,0,0,0,0,0,0,0,0,0,0,0,0,0,0,0,0,0,0,0,0,0,0	0,0,0,0,0,0,0,0,0,0,0,0,0,0,0,0,0,0,0,0,0,0,0,0,0,0,0,0,0,0,0,0,1,0,0,0,0,0,0,0
tb.dut.clusters[0].cluster.sockets[0].socket.cores[0].core.execute.fpu_unit.genblk1[0].fpu_fpnew.genblk3[1].fpnew_core.gen_operation_groups[1].i_opgroup_block.gen_parallel_slices[1]	16	2	0	0	0	0	0	1	1385575	1385575	0,0,0,0,0,0,0,0,0,0,0,0,0,0,0,0,0,0,0,0,0,0,0,0,0,0,0,0,0,0,0,0,0,0,0,0,0,0,0,0	0,0,0,0,0,0,0,0,0,0,0,0,0,0,0,0,0,0,0,0,0,0,0,0,0,0,0,0,0,0,0,0,1,0,0,0,0,0,0,0	2	0	0	0	0	1	1385575	1385575	0,0,0,0,0,0,0,0,0,0,0,0,0,0,0,0,0,0,0,0,0,0,0,0,0,0,0,0,0,0,0,0,0,0,0,0,0,0,0,0	0,0,0,0,0,0,0,0,0,0,0,0,0,0,0,0,0,0,0,0,0,0,0,0,0,0,0,0,0,0,0,0,1,0,0,0,0,0,0,0
tb.dut.clusters[0].cluster.sockets[0].socket.cores[0].core.execute.fpu_unit.genblk1[0].fpu_fpnew.genblk3[1].fpnew_core.gen_operation_groups[1].i_opgroup_block.gen_parallel_slices[2]	16	2	0	0	0	0	0	1	1385575	1385575	0,0,0,0,0,0,0,0,0,0,0,0,0,0,0,0,0,0,0,0,0,0,0,0,0,0,0,0,0,0,0,0,0,0,0,0,0,0,0,0	0,0,0,0,0,0,0,0,0,0,0,0,0,0,0,0,0,0,0,0,0,0,0,0,0,0,0,0,0,0,0,0,1,0,0,0,0,0,0,0	2	0	0	0	0	1	1385575	1385575	0,0,0,0,0,0,0,0,0,0,0,0,0,0,0,0,0,0,0,0,0,0,0,0,0,0,0,0,0,0,0,0,0,0,0,0,0,0,0,0	0,0,0,0,0,0,0,0,0,0,0,0,0,0,0,0,0,0,0,0,0,0,0,0,0,0,0,0,0,0,0,0,1,0,0,0,0,0,0,0
tb.dut.clusters[0].cluster.sockets[0].socket.cores[0].core.execute.fpu_unit.genblk1[0].fpu_fpnew.genblk3[1].fpnew_core.gen_operation_groups[1].i_opgroup_block.gen_parallel_slices[3]	16	2	0	0	0	0	0	1	1385575	1385575	0,0,0,0,0,0,0,0,0,0,0,0,0,0,0,0,0,0,0,0,0,0,0,0,0,0,0,0,0,0,0,0,0,0,0,0,0,0,0,0	0,0,0,0,0,0,0,0,0,0,0,0,0,0,0,0,0,0,0,0,0,0,0,0,0,0,0,0,0,0,0,0,1,0,0,0,0,0,0,0	2	0	0	0	0	1	1385575	1385575	0,0,0,0,0,0,0,0,0,0,0,0,0,0,0,0,0,0,0,0,0,0,0,0,0,0,0,0,0,0,0,0,0,0,0,0,0,0,0,0	0,0,0,0,0,0,0,0,0,0,0,0,0,0,0,0,0,0,0,0,0,0,0,0,0,0,0,0,0,0,0,0,1,0,0,0,0,0,0,0
tb.dut.clusters[0].cluster.sockets[0].socket.cores[0].core.execute.fpu_unit.genblk1[0].fpu_fpnew.genblk3[1].fpnew_core.gen_operation_groups[1].i_opgroup_block.gen_parallel_slices[4]	16	2	0	0	0	0	0	1	1385575	1385575	0,0,0,0,0,0,0,0,0,0,0,0,0,0,0,0,0,0,0,0,0,0,0,0,0,0,0,0,0,0,0,0,0,0,0,0,0,0,0,0	0,0,0,0,0,0,0,0,0,0,0,0,0,0,0,0,0,0,0,0,0,0,0,0,0,0,0,0,0,0,0,0,1,0,0,0,0,0,0,0	2	0	0	0	0	1	1385575	1385575	0,0,0,0,0,0,0,0,0,0,0,0,0,0,0,0,0,0,0,0,0,0,0,0,0,0,0,0,0,0,0,0,0,0,0,0,0,0,0,0	0,0,0,0,0,0,0,0,0,0,0,0,0,0,0,0,0,0,0,0,0,0,0,0,0,0,0,0,0,0,0,0,1,0,0,0,0,0,0,0
tb.dut.clusters[0].cluster.sockets[0].socket.cores[0].core.execute.fpu_unit.genblk1[0].fpu_fpnew.genblk3[1].fpnew_core.gen_operation_groups[1].i_opgroup_block.i_arbiter	16	1510	25079705	196610	98306	196610	2	98307	1188965	8601	2,98304,0,0,0,0,0,0,0,0,0,0,0,0,0,0,0,0,0,0,0,0,0,0,0,0,0,0,0,0,0,0,0,0,0,0,0,0,0,0	0,0,1,0,0,0,0,49150,0,1,0,0,0,1,0,49150,2,0,0,0,0,1,0,0,0,1,0,0,0,0,0,0,0,0,0,0,0,0,0,0	8	196608	98304	196608	2	98305	1188967	8601	0,98304,0,0,0,0,0,0,0,0,0,0,0,0,0,0,0,0,0,0,0,0,0,0,0,0,0,0,0,0,0,0,0,0,0,0,0,0,0,0	0,0,0,0,0,0,0,49150,0,1,0,0,0,1,0,49150,1,0,0,0,0,1,0,0,0,1,0,0,0,0,0,0,0,0,0,0,0,0,0,0
tb.dut.clusters[0].cluster.sockets[0].socket.cores[0].core.execute.fpu_unit.genblk1[0].fpu_fpnew.genblk3[1].fpnew_core.gen_operation_groups[1].i_opgroup_block.i_arbiter.gen_arbiter	17	1150	16674764	196608	98304	196608	2	98305	1188967	8601	0,98304,0,0,0,0,0,0,0,0,0,0,0,0,0,0,0,0,0,0,0,0,0,0,0,0,0,0,0,0,0,0,0,0,0,0,0,0,0,0	0,0,0,0,0,0,0,49150,0,1,0,0,0,1,0,49150,1,0,0,0,0,1,0,0,0,1,0,0,0,0,0,0,0,0,0,0,0,0,0,0	6	196608	98304	196608	2	98305	1188967	8601	0,98304,0,0,0,0,0,0,0,0,0,0,0,0,0,0,0,0,0,0,0,0,0,0,0,0,0,0,0,0,0,0,0,0,0,0,0,0,0,0	0,0,0,0,0,0,0,49150,0,1,0,0,0,1,0,49150,1,0,0,0,0,1,0,0,0,1,0,0,0,0,0,0,0,0,0,0,0,0,0,0
tb.dut.clusters[0].cluster.sockets[0].socket.cores[0].core.execute.fpu_unit.genblk1[0].fpu_fpnew.genblk3[1].fpnew_core.gen_operation_groups[1].i_opgroup_block.i_arbiter.gen_arbiter.gen_int_rr	18	340	1966080	196608	98304	196608	2	98305	1188967	8601	0,98304,0,0,0,0,0,0,0,0,0,0,0,0,0,0,0,0,0,0,0,0,0,0,0,0,0,0,0,0,0,0,0,0,0,0,0,0,0,0	0,0,0,0,0,0,0,49150,0,1,0,0,0,1,0,49150,1,0,0,0,0,1,0,0,0,1,0,0,0,0,0,0,0,0,0,0,0,0,0,0	2	196608	98304	196608	2	98305	1188967	8601	0,98304,0,0,0,0,0,0,0,0,0,0,0,0,0,0,0,0,0,0,0,0,0,0,0,0,0,0,0,0,0,0,0,0,0,0,0,0,0,0	0,0,0,0,0,0,0,49150,0,1,0,0,0,1,0,49150,1,0,0,0,0,1,0,0,0,1,0,0,0,0,0,0,0,0,0,0,0,0,0,0
tb.dut.clusters[0].cluster.sockets[0].socket.cores[0].core.execute.fpu_unit.genblk1[0].fpu_fpnew.genblk3[1].fpnew_core.gen_operation_groups[1].i_opgroup_block.i_arbiter.gen_arbiter.gen_int_rr.gen_fair_arb	19	337	1966080	196608	98304	196608	2	98305	1188967	8601	0,98304,0,0,0,0,0,0,0,0,0,0,0,0,0,0,0,0,0,0,0,0,0,0,0,0,0,0,0,0,0,0,0,0,0,0,0,0,0,0	0,0,0,0,0,0,0,49150,0,1,0,0,0,1,0,49150,1,0,0,0,0,1,0,0,0,1,0,0,0,0,0,0,0,0,0,0,0,0,0,0	2	196608	98304	196608	2	98305	1188967	8601	0,98304,0,0,0,0,0,0,0,0,0,0,0,0,0,0,0,0,0,0,0,0,0,0,0,0,0,0,0,0,0,0,0,0,0,0,0,0,0,0	0,0,0,0,0,0,0,49150,0,1,0,0,0,1,0,49150,1,0,0,0,0,1,0,0,0,1,0,0,0,0,0,0,0,0,0,0,0,0,0,0
tb.dut.clusters[0].cluster.sockets[0].socket.cores[0].core.execute.fpu_unit.genblk1[0].fpu_fpnew.genblk3[1].fpnew_core.gen_operation_groups[1].i_opgroup_block.i_arbiter.gen_arbiter.gen_int_rr.gen_fair_arb.i_lzc_lower	20	158	1769472	196608	98304	196608	2	98305	1188967	8601	0,98304,0,0,0,0,0,0,0,0,0,0,0,0,0,0,0,0,0,0,0,0,0,0,0,0,0,0,0,0,0,0,0,0,0,0,0,0,0,0	0,0,0,0,0,0,0,49150,0,1,0,0,0,1,0,49150,1,0,0,0,0,1,0,0,0,1,0,0,0,0,0,0,0,0,0,0,0,0,0,0	2	196608	98304	196608	2	98305	1188967	8601	0,98304,0,0,0,0,0,0,0,0,0,0,0,0,0,0,0,0,0,0,0,0,0,0,0,0,0,0,0,0,0,0,0,0,0,0,0,0,0,0	0,0,0,0,0,0,0,49150,0,1,0,0,0,1,0,49150,1,0,0,0,0,1,0,0,0,1,0,0,0,0,0,0,0,0,0,0,0,0,0,0
tb.dut.clusters[0].cluster.sockets[0].socket.cores[0].core.execute.fpu_unit.genblk1[0].fpu_fpnew.genblk3[1].fpnew_core.gen_operation_groups[1].i_opgroup_block.i_arbiter.gen_arbiter.gen_int_rr.gen_fair_arb.i_lzc_lower.gen_lzc	21	84	1376256	196608	98304	196608	2	98305	1188967	8601	0,98304,0,0,0,0,0,0,0,0,0,0,0,0,0,0,0,0,0,0,0,0,0,0,0,0,0,0,0,0,0,0,0,0,0,0,0,0,0,0	0,0,0,0,0,0,0,49150,0,1,0,0,0,1,0,49150,1,0,0,0,0,1,0,0,0,1,0,0,0,0,0,0,0,0,0,0,0,0,0,0	2	196608	98304	196608	2	98305	1188967	8601	0,98304,0,0,0,0,0,0,0,0,0,0,0,0,0,0,0,0,0,0,0,0,0,0,0,0,0,0,0,0,0,0,0,0,0,0,0,0,0,0	0,0,0,0,0,0,0,49150,0,1,0,0,0,1,0,49150,1,0,0,0,0,1,0,0,0,1,0,0,0,0,0,0,0,0,0,0,0,0,0,0
tb.dut.clusters[0].cluster.sockets[0].socket.cores[0].core.execute.fpu_unit.genblk1[0].fpu_fpnew.genblk3[1].fpnew_core.gen_operation_groups[1].i_opgroup_block.i_arbiter.gen_arbiter.gen_int_rr.gen_fair_arb.i_lzc_upper	20	158	0	0	0	0	0	1	1385575	1385575	0,0,0,0,0,0,0,0,0,0,0,0,0,0,0,0,0,0,0,0,0,0,0,0,0,0,0,0,0,0,0,0,0,0,0,0,0,0,0,0	0,0,0,0,0,0,0,0,0,0,0,0,0,0,0,0,0,0,0,0,0,0,0,0,0,0,0,0,0,0,0,0,1,0,0,0,0,0,0,0	2	0	0	0	0	1	1385575	1385575	0,0,0,0,0,0,0,0,0,0,0,0,0,0,0,0,0,0,0,0,0,0,0,0,0,0,0,0,0,0,0,0,0,0,0,0,0,0,0,0	0,0,0,0,0,0,0,0,0,0,0,0,0,0,0,0,0,0,0,0,0,0,0,0,0,0,0,0,0,0,0,0,1,0,0,0,0,0,0,0
tb.dut.clusters[0].cluster.sockets[0].socket.cores[0].core.execute.fpu_unit.genblk1[0].fpu_fpnew.genblk3[1].fpnew_core.gen_operation_groups[1].i_opgroup_block.i_arbiter.gen_arbiter.gen_int_rr.gen_fair_arb.i_lzc_upper.gen_lzc	21	84	0	0	0	0	0	1	1385575	1385575	0,0,0,0,0,0,0,0,0,0,0,0,0,0,0,0,0,0,0,0,0,0,0,0,0,0,0,0,0,0,0,0,0,0,0,0,0,0,0,0	0,0,0,0,0,0,0,0,0,0,0,0,0,0,0,0,0,0,0,0,0,0,0,0,0,0,0,0,0,0,0,0,1,0,0,0,0,0,0,0	2	0	0	0	0	1	1385575	1385575	0,0,0,0,0,0,0,0,0,0,0,0,0,0,0,0,0,0,0,0,0,0,0,0,0,0,0,0,0,0,0,0,0,0,0,0,0,0,0,0	0,0,0,0,0,0,0,0,0,0,0,0,0,0,0,0,0,0,0,0,0,0,0,0,0,0,0,0,0,0,0,0,1,0,0,0,0,0,0,0
tb.dut.clusters[0].cluster.sockets[0].socket.cores[0].core.execute.fpu_unit.genblk1[0].fpu_fpnew.genblk3[1].fpnew_core.gen_operation_groups[1].i_opgroup_block.i_arbiter.gen_arbiter.gen_levels[0]	18	65	196608	196608	98304	196608	2	98305	1188967	8601	0,98304,0,0,0,0,0,0,0,0,0,0,0,0,0,0,0,0,0,0,0,0,0,0,0,0,0,0,0,0,0,0,0,0,0,0,0,0,0,0	0,0,0,0,0,0,0,49150,0,1,0,0,0,1,0,49150,1,0,0,0,0,1,0,0,0,1,0,0,0,0,0,0,0,0,0,0,0,0,0,0	2	0	0	0	0	1	1385575	1385575	0,0,0,0,0,0,0,0,0,0,0,0,0,0,0,0,0,0,0,0,0,0,0,0,0,0,0,0,0,0,0,0,0,0,0,0,0,0,0,0	0,0,0,0,0,0,0,0,0,0,0,0,0,0,0,0,0,0,0,0,0,0,0,0,0,0,0,0,0,0,0,0,1,0,0,0,0,0,0,0
tb.dut.clusters[0].cluster.sockets[0].socket.cores[0].core.execute.fpu_unit.genblk1[0].fpu_fpnew.genblk3[1].fpnew_core.gen_operation_groups[1].i_opgroup_block.i_arbiter.gen_arbiter.gen_levels[0].gen_level[0]	19	65	196608	196608	98304	196608	2	98305	1188967	8601	0,98304,0,0,0,0,0,0,0,0,0,0,0,0,0,0,0,0,0,0,0,0,0,0,0,0,0,0,0,0,0,0,0,0,0,0,0,0,0,0	0,0,0,0,0,0,0,49150,0,1,0,0,0,1,0,49150,1,0,0,0,0,1,0,0,0,1,0,0,0,0,0,0,0,0,0,0,0,0,0,0	2	0	0	0	0	1	1385575	1385575	0,0,0,0,0,0,0,0,0,0,0,0,0,0,0,0,0,0,0,0,0,0,0,0,0,0,0,0,0,0,0,0,0,0,0,0,0,0,0,0	0,0,0,0,0,0,0,0,0,0,0,0,0,0,0,0,0,0,0,0,0,0,0,0,0,0,0,0,0,0,0,0,1,0,0,0,0,0,0,0
tb.dut.clusters[0].cluster.sockets[0].socket.cores[0].core.execute.fpu_unit.genblk1[0].fpu_fpnew.genblk3[1].fpnew_core.gen_operation_groups[1].i_opgroup_block.i_arbiter.gen_arbiter.gen_levels[1]	18	130	196608	196608	98304	196608	2	98305	1188967	8601	0,98304,0,0,0,0,0,0,0,0,0,0,0,0,0,0,0,0,0,0,0,0,0,0,0,0,0,0,0,0,0,0,0,0,0,0,0,0,0,0	0,0,0,0,0,0,0,49150,0,1,0,0,0,1,0,49150,1,0,0,0,0,1,0,0,0,1,0,0,0,0,0,0,0,0,0,0,0,0,0,0	2	0	0	0	0	1	1385575	1385575	0,0,0,0,0,0,0,0,0,0,0,0,0,0,0,0,0,0,0,0,0,0,0,0,0,0,0,0,0,0,0,0,0,0,0,0,0,0,0,0	0,0,0,0,0,0,0,0,0,0,0,0,0,0,0,0,0,0,0,0,0,0,0,0,0,0,0,0,0,0,0,0,1,0,0,0,0,0,0,0
tb.dut.clusters[0].cluster.sockets[0].socket.cores[0].core.execute.fpu_unit.genblk1[0].fpu_fpnew.genblk3[1].fpnew_core.gen_operation_groups[1].i_opgroup_block.i_arbiter.gen_arbiter.gen_levels[1].gen_level[0]	19	65	196608	196608	98304	196608	2	98305	1188967	8601	0,98304,0,0,0,0,0,0,0,0,0,0,0,0,0,0,0,0,0,0,0,0,0,0,0,0,0,0,0,0,0,0,0,0,0,0,0,0,0,0	0,0,0,0,0,0,0,49150,0,1,0,0,0,1,0,49150,1,0,0,0,0,1,0,0,0,1,0,0,0,0,0,0,0,0,0,0,0,0,0,0	2	0	0	0	0	1	1385575	1385575	0,0,0,0,0,0,0,0,0,0,0,0,0,0,0,0,0,0,0,0,0,0,0,0,0,0,0,0,0,0,0,0,0,0,0,0,0,0,0,0	0,0,0,0,0,0,0,0,0,0,0,0,0,0,0,0,0,0,0,0,0,0,0,0,0,0,0,0,0,0,0,0,1,0,0,0,0,0,0,0
tb.dut.clusters[0].cluster.sockets[0].socket.cores[0].core.execute.fpu_unit.genblk1[0].fpu_fpnew.genblk3[1].fpnew_core.gen_operation_groups[1].i_opgroup_block.i_arbiter.gen_arbiter.gen_levels[1].gen_level[1]	19	65	0	0	0	0	0	1	1385575	1385575	0,0,0,0,0,0,0,0,0,0,0,0,0,0,0,0,0,0,0,0,0,0,0,0,0,0,0,0,0,0,0,0,0,0,0,0,0,0,0,0	0,0,0,0,0,0,0,0,0,0,0,0,0,0,0,0,0,0,0,0,0,0,0,0,0,0,0,0,0,0,0,0,1,0,0,0,0,0,0,0	2	0	0	0	0	1	1385575	1385575	0,0,0,0,0,0,0,0,0,0,0,0,0,0,0,0,0,0,0,0,0,0,0,0,0,0,0,0,0,0,0,0,0,0,0,0,0,0,0,0	0,0,0,0,0,0,0,0,0,0,0,0,0,0,0,0,0,0,0,0,0,0,0,0,0,0,0,0,0,0,0,0,1,0,0,0,0,0,0,0
tb.dut.clusters[0].cluster.sockets[0].socket.cores[0].core.execute.fpu_unit.genblk1[0].fpu_fpnew.genblk3[1].fpnew_core.gen_operation_groups[1].i_opgroup_block.i_arbiter.gen_arbiter.gen_levels[2]	18	260	196608	196608	98304	196608	2	98305	1188967	8601	0,98304,0,0,0,0,0,0,0,0,0,0,0,0,0,0,0,0,0,0,0,0,0,0,0,0,0,0,0,0,0,0,0,0,0,0,0,0,0,0	0,0,0,0,0,0,0,49150,0,1,0,0,0,1,0,49150,1,0,0,0,0,1,0,0,0,1,0,0,0,0,0,0,0,0,0,0,0,0,0,0	2	0	0	0	0	1	1385575	1385575	0,0,0,0,0,0,0,0,0,0,0,0,0,0,0,0,0,0,0,0,0,0,0,0,0,0,0,0,0,0,0,0,0,0,0,0,0,0,0,0	0,0,0,0,0,0,0,0,0,0,0,0,0,0,0,0,0,0,0,0,0,0,0,0,0,0,0,0,0,0,0,0,1,0,0,0,0,0,0,0
tb.dut.clusters[0].cluster.sockets[0].socket.cores[0].core.execute.fpu_unit.genblk1[0].fpu_fpnew.genblk3[1].fpnew_core.gen_operation_groups[1].i_opgroup_block.i_arbiter.gen_arbiter.gen_levels[2].gen_level[0]	19	65	196608	196608	98304	196608	2	98305	1188967	8601	0,98304,0,0,0,0,0,0,0,0,0,0,0,0,0,0,0,0,0,0,0,0,0,0,0,0,0,0,0,0,0,0,0,0,0,0,0,0,0,0	0,0,0,0,0,0,0,49150,0,1,0,0,0,1,0,49150,1,0,0,0,0,1,0,0,0,1,0,0,0,0,0,0,0,0,0,0,0,0,0,0	2	0	0	0	0	1	1385575	1385575	0,0,0,0,0,0,0,0,0,0,0,0,0,0,0,0,0,0,0,0,0,0,0,0,0,0,0,0,0,0,0,0,0,0,0,0,0,0,0,0	0,0,0,0,0,0,0,0,0,0,0,0,0,0,0,0,0,0,0,0,0,0,0,0,0,0,0,0,0,0,0,0,1,0,0,0,0,0,0,0
tb.dut.clusters[0].cluster.sockets[0].socket.cores[0].core.execute.fpu_unit.genblk1[0].fpu_fpnew.genblk3[1].fpnew_core.gen_operation_groups[1].i_opgroup_block.i_arbiter.gen_arbiter.gen_levels[2].gen_level[1]	19	65	0	0	0	0	0	1	1385575	1385575	0,0,0,0,0,0,0,0,0,0,0,0,0,0,0,0,0,0,0,0,0,0,0,0,0,0,0,0,0,0,0,0,0,0,0,0,0,0,0,0	0,0,0,0,0,0,0,0,0,0,0,0,0,0,0,0,0,0,0,0,0,0,0,0,0,0,0,0,0,0,0,0,1,0,0,0,0,0,0,0	2	0	0	0	0	1	1385575	1385575	0,0,0,0,0,0,0,0,0,0,0,0,0,0,0,0,0,0,0,0,0,0,0,0,0,0,0,0,0,0,0,0,0,0,0,0,0,0,0,0	0,0,0,0,0,0,0,0,0,0,0,0,0,0,0,0,0,0,0,0,0,0,0,0,0,0,0,0,0,0,0,0,1,0,0,0,0,0,0,0
tb.dut.clusters[0].cluster.sockets[0].socket.cores[0].core.execute.fpu_unit.genblk1[0].fpu_fpnew.genblk3[1].fpnew_core.gen_operation_groups[1].i_opgroup_block.i_arbiter.gen_arbiter.gen_levels[2].gen_level[2]	19	65	0	0	0	0	0	1	1385575	1385575	0,0,0,0,0,0,0,0,0,0,0,0,0,0,0,0,0,0,0,0,0,0,0,0,0,0,0,0,0,0,0,0,0,0,0,0,0,0,0,0	0,0,0,0,0,0,0,0,0,0,0,0,0,0,0,0,0,0,0,0,0,0,0,0,0,0,0,0,0,0,0,0,1,0,0,0,0,0,0,0	2	0	0	0	0	1	1385575	1385575	0,0,0,0,0,0,0,0,0,0,0,0,0,0,0,0,0,0,0,0,0,0,0,0,0,0,0,0,0,0,0,0,0,0,0,0,0,0,0,0	0,0,0,0,0,0,0,0,0,0,0,0,0,0,0,0,0,0,0,0,0,0,0,0,0,0,0,0,0,0,0,0,1,0,0,0,0,0,0,0
tb.dut.clusters[0].cluster.sockets[0].socket.cores[0].core.execute.fpu_unit.genblk1[0].fpu_fpnew.genblk3[1].fpnew_core.gen_operation_groups[1].i_opgroup_block.i_arbiter.gen_arbiter.gen_levels[2].gen_level[3]	19	65	0	0	0	0	0	1	1385575	1385575	0,0,0,0,0,0,0,0,0,0,0,0,0,0,0,0,0,0,0,0,0,0,0,0,0,0,0,0,0,0,0,0,0,0,0,0,0,0,0,0	0,0,0,0,0,0,0,0,0,0,0,0,0,0,0,0,0,0,0,0,0,0,0,0,0,0,0,0,0,0,0,0,1,0,0,0,0,0,0,0	2	0	0	0	0	1	1385575	1385575	0,0,0,0,0,0,0,0,0,0,0,0,0,0,0,0,0,0,0,0,0,0,0,0,0,0,0,0,0,0,0,0,0,0,0,0,0,0,0,0	0,0,0,0,0,0,0,0,0,0,0,0,0,0,0,0,0,0,0,0,0,0,0,0,0,0,0,0,0,0,0,0,1,0,0,0,0,0,0,0
tb.dut.clusters[0].cluster.sockets[0].socket.cores[0].core.execute.fpu_unit.genblk1[0].fpu_fpnew.genblk3[1].fpnew_core.gen_operation_groups[2]	14	4265	7308563	147623	98376	147623	10	98377	1237952	8627	49162,49202,6,1,3,0,0,0,0,2,0,0,0,0,0,0,0,0,0,0,0,0,0,0,0,0,0,0,0,0,0,0,0,0,0,0,0,0,0,0	46,19,2,4,1,0,0,1,49148,0,1,0,0,1,0,49149,3,0,0,0,1,0,0,0,0,1,0,0,0,0,0,0,0,0,0,0,0,0,0,0	22	98370	98323	98370	10	98324	1287205	8627	98295,24,1,1,0,0,0,0,0,2,0,0,0,0,0,0,0,0,0,0,0,0,0,0,0,0,0,0,0,0,0,0,0,0,0,0,0,0,0,0	17,9,2,2,6,0,0,0,49125,0,1,5,3,0,1,1,49147,3,0,0,1,0,0,0,0,1,0,0,0,0,0,0,0,0,0,0,0,0,0,0
tb.dut.clusters[0].cluster.sockets[0].socket.cores[0].core.execute.fpu_unit.genblk1[0].fpu_fpnew.genblk3[1].fpnew_core.gen_operation_groups[2].i_opgroup_block	15	4222	7308547	147623	98376	147623	10	98377	1237952	8627	49162,49202,6,1,3,0,0,0,0,2,0,0,0,0,0,0,0,0,0,0,0,0,0,0,0,0,0,0,0,0,0,0,0,0,0,0,0,0,0,0	46,19,2,4,1,0,0,1,49148,0,1,0,0,1,0,49149,3,0,0,0,1,0,0,0,0,1,0,0,0,0,0,0,0,0,0,0,0,0,0,0	22	98370	98323	98370	10	98324	1287205	8627	98295,24,1,1,0,0,0,0,0,2,0,0,0,0,0,0,0,0,0,0,0,0,0,0,0,0,0,0,0,0,0,0,0,0,0,0,0,0,0,0	17,9,2,2,6,0,0,0,49125,0,1,5,3,0,1,1,49147,3,0,0,1,0,0,0,0,1,0,0,0,0,0,0,0,0,0,0,0,0,0,0
tb.dut.clusters[0].cluster.sockets[0].socket.cores[0].core.execute.fpu_unit.genblk1[0].fpu_fpnew.genblk3[1].fpnew_core.gen_operation_groups[2].i_opgroup_block.gen_parallel_slices[0]	16	1958	5822713	147623	98376	147623	10	98377	1237952	8627	49162,49202,6,1,3,0,0,0,0,2,0,0,0,0,0,0,0,0,0,0,0,0,0,0,0,0,0,0,0,0,0,0,0,0,0,0,0,0,0,0	46,19,2,4,1,0,0,1,49148,0,1,0,0,1,0,49149,3,0,0,0,1,0,0,0,0,1,0,0,0,0,0,0,0,0,0,0,0,0,0,0	10	98407	98354	98407	10	98355	1287168	8627	98322,26,3,1,0,0,0,0,0,2,0,0,0,0,0,0,0,0,0,0,0,0,0,0,0,0,0,0,0,0,0,0,0,0,0,0,0,0,0,0	21,12,2,8,3,0,5,2,49146,0,1,0,1,0,1,1,49150,0,0,0,1,0,0,0,0,1,0,0,0,0,0,0,0,0,0,0,0,0,0,0
tb.dut.clusters[0].cluster.sockets[0].socket.cores[0].core.execute.fpu_unit.genblk1[0].fpu_fpnew.genblk3[1].fpnew_core.gen_operation_groups[2].i_opgroup_block.gen_parallel_slices[0].active_format	17	1956	5822713	147623	98376	147623	10	98377	1237952	8627	49162,49202,6,1,3,0,0,0,0,2,0,0,0,0,0,0,0,0,0,0,0,0,0,0,0,0,0,0,0,0,0,0,0,0,0,0,0,0,0,0	46,19,2,4,1,0,0,1,49148,0,1,0,0,1,0,49149,3,0,0,0,1,0,0,0,0,1,0,0,0,0,0,0,0,0,0,0,0,0,0,0	10	98407	98354	98407	10	98355	1287168	8627	98322,26,3,1,0,0,0,0,0,2,0,0,0,0,0,0,0,0,0,0,0,0,0,0,0,0,0,0,0,0,0,0,0,0,0,0,0,0,0,0	21,12,2,8,3,0,5,2,49146,0,1,0,1,0,1,1,49150,0,0,0,1,0,0,0,0,1,0,0,0,0,0,0,0,0,0,0,0,0,0,0
tb.dut.clusters[0].cluster.sockets[0].socket.cores[0].core.execute.fpu_unit.genblk1[0].fpu_fpnew.genblk3[1].fpnew_core.gen_operation_groups[2].i_opgroup_block.gen_parallel_slices[0].active_format.i_fmt_slice	18	1922	5822694	147623	98376	147623	10	98377	1237952	8627	49162,49202,6,1,3,0,0,0,0,2,0,0,0,0,0,0,0,0,0,0,0,0,0,0,0,0,0,0,0,0,0,0,0,0,0,0,0,0,0,0	46,19,2,4,1,0,0,1,49148,0,1,0,0,1,0,49149,3,0,0,0,1,0,0,0,0,1,0,0,0,0,0,0,0,0,0,0,0,0,0,0	10	98407	98354	98407	10	98355	1287168	8627	98322,26,3,1,0,0,0,0,0,2,0,0,0,0,0,0,0,0,0,0,0,0,0,0,0,0,0,0,0,0,0,0,0,0,0,0,0,0,0,0	21,12,2,8,3,0,5,2,49146,0,1,0,1,0,1,1,49150,0,0,0,1,0,0,0,0,1,0,0,0,0,0,0,0,0,0,0,0,0,0,0
tb.dut.clusters[0].cluster.sockets[0].socket.cores[0].core.execute.fpu_unit.genblk1[0].fpu_fpnew.genblk3[1].fpnew_core.gen_operation_groups[2].i_opgroup_block.gen_parallel_slices[0].active_format.i_fmt_slice.gen_num_lanes[0]	19	1343	4338550	147623	98376	147623	10	98377	1237952	8627	49162,49202,6,1,3,0,0,0,0,2,0,0,0,0,0,0,0,0,0,0,0,0,0,0,0,0,0,0,0,0,0,0,0,0,0,0,0,0,0,0	46,19,2,4,1,0,0,1,49148,0,1,0,0,1,0,49149,3,0,0,0,1,0,0,0,0,1,0,0,0,0,0,0,0,0,0,0,0,0,0,0	7	98407	98354	98407	10	98355	1287168	8627	98322,26,3,1,0,0,0,0,0,2,0,0,0,0,0,0,0,0,0,0,0,0,0,0,0,0,0,0,0,0,0,0,0,0,0,0,0,0,0,0	21,12,2,8,3,0,5,2,49146,0,1,0,1,0,1,1,49150,0,0,0,1,0,0,0,0,1,0,0,0,0,0,0,0,0,0,0,0,0,0,0
tb.dut.clusters[0].cluster.sockets[0].socket.cores[0].core.execute.fpu_unit.genblk1[0].fpu_fpnew.genblk3[1].fpnew_core.gen_operation_groups[2].i_opgroup_block.gen_parallel_slices[0].active_format.i_fmt_slice.gen_num_lanes[0].active_lane	20	1310	4338166	147623	98376	147623	10	98377	1237952	8627	49162,49202,6,1,3,0,0,0,0,2,0,0,0,0,0,0,0,0,0,0,0,0,0,0,0,0,0,0,0,0,0,0,0,0,0,0,0,0,0,0	46,19,2,4,1,0,0,1,49148,0,1,0,0,1,0,49149,3,0,0,0,1,0,0,0,0,1,0,0,0,0,0,0,0,0,0,0,0,0,0,0	7	98407	98354	98407	10	98355	1287168	8627	98322,26,3,1,0,0,0,0,0,2,0,0,0,0,0,0,0,0,0,0,0,0,0,0,0,0,0,0,0,0,0,0,0,0,0,0,0,0,0,0	21,12,2,8,3,0,5,2,49146,0,1,0,1,0,1,1,49150,0,0,0,1,0,0,0,0,1,0,0,0,0,0,0,0,0,0,0,0,0,0,0
tb.dut.clusters[0].cluster.sockets[0].socket.cores[0].core.execute.fpu_unit.genblk1[0].fpu_fpnew.genblk3[1].fpnew_core.gen_operation_groups[2].i_opgroup_block.gen_parallel_slices[0].active_format.i_fmt_slice.gen_num_lanes[0].active_lane.lane_instance	21	1206	2966145	147623	98376	147623	10	98377	1237952	8627	49162,49202,6,1,3,0,0,0,0,2,0,0,0,0,0,0,0,0,0,0,0,0,0,0,0,0,0,0,0,0,0,0,0,0,0,0,0,0,0,0	46,19,2,4,1,0,0,1,49148,0,1,0,0,1,0,49149,3,0,0,0,1,0,0,0,0,1,0,0,0,0,0,0,0,0,0,0,0,0,0,0	7	98390	98340	98390	9	98341	1287185	8627	98309,25,3,1,0,0,0,0,2,0,0,0,0,0,0,0,0,0,0,0,0,0,0,0,0,0,0,0,0,0,0,0,0,0,0,0,0,0,0,0	21,11,3,0,4,0,0,0,49139,0,1,5,3,0,1,0,49150,1,0,0,1,0,0,0,0,1,0,0,0,0,0,0,0,0,0,0,0,0,0,0
tb.dut.clusters[0].cluster.sockets[0].socket.cores[0].core.execute.fpu_unit.genblk1[0].fpu_fpnew.genblk3[1].fpnew_core.gen_operation_groups[2].i_opgroup_block.gen_parallel_slices[0].active_format.i_fmt_slice.gen_num_lanes[0].active_lane.lane_instance.i_noncomp	22	1206	2966145	147623	98376	147623	10	98377	1237952	8627	49162,49202,6,1,3,0,0,0,0,2,0,0,0,0,0,0,0,0,0,0,0,0,0,0,0,0,0,0,0,0,0,0,0,0,0,0,0,0,0,0	46,19,2,4,1,0,0,1,49148,0,1,0,0,1,0,49149,3,0,0,0,1,0,0,0,0,1,0,0,0,0,0,0,0,0,0,0,0,0,0,0	7	98390	98340	98390	9	98341	1287185	8627	98309,25,3,1,0,0,0,0,2,0,0,0,0,0,0,0,0,0,0,0,0,0,0,0,0,0,0,0,0,0,0,0,0,0,0,0,0,0,0,0	21,11,3,0,4,0,0,0,49139,0,1,5,3,0,1,0,49150,1,0,0,1,0,0,0,0,1,0,0,0,0,0,0,0,0,0,0,0,0,0,0
tb.dut.clusters[0].cluster.sockets[0].socket.cores[0].core.execute.fpu_unit.genblk1[0].fpu_fpnew.genblk3[1].fpnew_core.gen_operation_groups[2].i_opgroup_block.gen_parallel_slices[0].active_format.i_fmt_slice.gen_num_lanes[0].active_lane.lane_instance.i_noncomp.gen_input_pipeline[0]	23	1	16	16	2	16	8	3	1385559	1385121	0,0,0,0,0,0,0,2,0,0,0,0,0,0,0,0,0,0,0,0,0,0,0,0,0,0,0,0,0,0,0,0,0,0,0,0,0,0,0,0	0,0,0,0,0,1,0,0,0,0,0,0,0,0,0,0,0,0,0,0,1,0,0,0,0,0,0,0,0,0,0,0,1,0,0,0,0,0,0,0	2	0	0	0	0	1	1385575	1385575	0,0,0,0,0,0,0,0,0,0,0,0,0,0,0,0,0,0,0,0,0,0,0,0,0,0,0,0,0,0,0,0,0,0,0,0,0,0,0,0	0,0,0,0,0,0,0,0,0,0,0,0,0,0,0,0,0,0,0,0,0,0,0,0,0,0,0,0,0,0,0,0,1,0,0,0,0,0,0,0
tb.dut.clusters[0].cluster.sockets[0].socket.cores[0].core.execute.fpu_unit.genblk1[0].fpu_fpnew.genblk3[1].fpnew_core.gen_operation_groups[2].i_opgroup_block.gen_parallel_slices[0].active_format.i_fmt_slice.gen_num_lanes[0].active_lane.lane_instance.i_noncomp.gen_output_pipeline[0]	23	1	16	16	2	16	8	3	1385559	1385120	0,0,0,0,0,0,0,2,0,0,0,0,0,0,0,0,0,0,0,0,0,0,0,0,0,0,0,0,0,0,0,0,0,0,0,0,0,0,0,0	0,0,0,0,0,1,0,0,0,0,0,0,0,0,0,0,0,0,0,0,1,0,0,0,0,0,0,0,0,0,0,0,1,0,0,0,0,0,0,0	2	0	0	0	0	1	1385575	1385575	0,0,0,0,0,0,0,0,0,0,0,0,0,0,0,0,0,0,0,0,0,0,0,0,0,0,0,0,0,0,0,0,0,0,0,0,0,0,0,0	0,0,0,0,0,0,0,0,0,0,0,0,0,0,0,0,0,0,0,0,0,0,0,0,0,0,0,0,0,0,0,0,1,0,0,0,0,0,0,0
tb.dut.clusters[0].cluster.sockets[0].socket.cores[0].core.execute.fpu_unit.genblk1[0].fpu_fpnew.genblk3[1].fpnew_core.gen_operation_groups[2].i_opgroup_block.gen_parallel_slices[0].active_format.i_fmt_slice.gen_num_lanes[0].active_lane.lane_instance.i_noncomp.i_class_a	23	293	38	2	2	2	1	3	1385573	1385127	2,0,0,0,0,0,0,0,0,0,0,0,0,0,0,0,0,0,0,0,0,0,0,0,0,0,0,0,0,0,0,0,0,0,0,0,0,0,0,0	0,0,0,0,0,0,0,0,0,0,0,0,1,0,0,0,0,0,0,0,1,0,0,0,0,0,0,0,0,0,0,0,1,0,0,0,0,0,0,0	2	2	2	2	1	3	1385573	1385127	2,0,0,0,0,0,0,0,0,0,0,0,0,0,0,0,0,0,0,0,0,0,0,0,0,0,0,0,0,0,0,0,0,0,0,0,0,0,0,0	0,0,0,0,0,0,0,0,0,0,0,0,1,0,0,0,0,0,0,0,1,0,0,0,0,0,0,0,0,0,0,0,1,0,0,0,0,0,0,0
tb.dut.clusters[0].cluster.sockets[0].socket.cores[0].core.execute.fpu_unit.genblk1[0].fpu_fpnew.genblk3[1].fpnew_core.gen_operation_groups[2].i_opgroup_block.gen_parallel_slices[0].active_format.i_fmt_slice.gen_num_lanes[0].active_lane.lane_instance.i_noncomp.i_class_a.gen_num_values[0]	24	40	14	2	2	2	1	3	1385573	1385127	2,0,0,0,0,0,0,0,0,0,0,0,0,0,0,0,0,0,0,0,0,0,0,0,0,0,0,0,0,0,0,0,0,0,0,0,0,0,0,0	0,0,0,0,0,0,0,0,0,0,0,0,1,0,0,0,0,0,0,0,1,0,0,0,0,0,0,0,0,0,0,0,1,0,0,0,0,0,0,0	2	2	2	2	1	3	1385573	1385127	2,0,0,0,0,0,0,0,0,0,0,0,0,0,0,0,0,0,0,0,0,0,0,0,0,0,0,0,0,0,0,0,0,0,0,0,0,0,0,0	0,0,0,0,0,0,0,0,0,0,0,0,1,0,0,0,0,0,0,0,1,0,0,0,0,0,0,0,0,0,0,0,1,0,0,0,0,0,0,0
tb.dut.clusters[0].cluster.sockets[0].socket.cores[0].core.execute.fpu_unit.genblk1[0].fpu_fpnew.genblk3[1].fpnew_core.gen_operation_groups[2].i_opgroup_block.gen_parallel_slices[0].active_format.i_fmt_slice.gen_num_lanes[0].active_lane.lane_instance.i_noncomp.i_class_a.gen_num_values[1]	24	40	4	1	1	1	1	2	1385574	1385141	1,0,0,0,0,0,0,0,0,0,0,0,0,0,0,0,0,0,0,0,0,0,0,0,0,0,0,0,0,0,0,0,0,0,0,0,0,0,0,0	0,0,0,0,0,0,0,0,0,0,0,0,0,0,0,0,0,0,0,0,1,0,0,0,0,0,0,0,0,0,0,0,1,0,0,0,0,0,0,0	2	1	1	1	1	2	1385574	1385141	1,0,0,0,0,0,0,0,0,0,0,0,0,0,0,0,0,0,0,0,0,0,0,0,0,0,0,0,0,0,0,0,0,0,0,0,0,0,0,0	0,0,0,0,0,0,0,0,0,0,0,0,0,0,0,0,0,0,0,0,1,0,0,0,0,0,0,0,0,0,0,0,1,0,0,0,0,0,0,0
tb.dut.clusters[0].cluster.sockets[0].socket.cores[0].core.execute.fpu_unit.genblk1[0].fpu_fpnew.genblk3[1].fpnew_core.gen_operation_groups[2].i_opgroup_block.gen_parallel_slices[0].active_format.i_fmt_slice.gen_num_lanes[0].active_lane.lane_instance.i_noncomp.sign_injections	23	2	0	0	0	0	0	1	1385575	1385575	0,0,0,0,0,0,0,0,0,0,0,0,0,0,0,0,0,0,0,0,0,0,0,0,0,0,0,0,0,0,0,0,0,0,0,0,0,0,0,0	0,0,0,0,0,0,0,0,0,0,0,0,0,0,0,0,0,0,0,0,0,0,0,0,0,0,0,0,0,0,0,0,1,0,0,0,0,0,0,0	2	0	0	0	0	1	1385575	1385575	0,0,0,0,0,0,0,0,0,0,0,0,0,0,0,0,0,0,0,0,0,0,0,0,0,0,0,0,0,0,0,0,0,0,0,0,0,0,0,0	0,0,0,0,0,0,0,0,0,0,0,0,0,0,0,0,0,0,0,0,0,0,0,0,0,0,0,0,0,0,0,0,1,0,0,0,0,0,0,0
tb.dut.clusters[0].cluster.sockets[0].socket.cores[0].core.execute.fpu_unit.genblk1[0].fpu_fpnew.genblk3[1].fpnew_core.gen_operation_groups[2].i_opgroup_block.gen_parallel_slices[1]	16	2	0	0	0	0	0	1	1385575	1385575	0,0,0,0,0,0,0,0,0,0,0,0,0,0,0,0,0,0,0,0,0,0,0,0,0,0,0,0,0,0,0,0,0,0,0,0,0,0,0,0	0,0,0,0,0,0,0,0,0,0,0,0,0,0,0,0,0,0,0,0,0,0,0,0,0,0,0,0,0,0,0,0,1,0,0,0,0,0,0,0	2	0	0	0	0	1	1385575	1385575	0,0,0,0,0,0,0,0,0,0,0,0,0,0,0,0,0,0,0,0,0,0,0,0,0,0,0,0,0,0,0,0,0,0,0,0,0,0,0,0	0,0,0,0,0,0,0,0,0,0,0,0,0,0,0,0,0,0,0,0,0,0,0,0,0,0,0,0,0,0,0,0,1,0,0,0,0,0,0,0
tb.dut.clusters[0].cluster.sockets[0].socket.cores[0].core.execute.fpu_unit.genblk1[0].fpu_fpnew.genblk3[1].fpnew_core.gen_operation_groups[2].i_opgroup_block.gen_parallel_slices[2]	16	2	0	0	0	0	0	1	1385575	1385575	0,0,0,0,0,0,0,0,0,0,0,0,0,0,0,0,0,0,0,0,0,0,0,0,0,0,0,0,0,0,0,0,0,0,0,0,0,0,0,0	0,0,0,0,0,0,0,0,0,0,0,0,0,0,0,0,0,0,0,0,0,0,0,0,0,0,0,0,0,0,0,0,1,0,0,0,0,0,0,0	2	0	0	0	0	1	1385575	1385575	0,0,0,0,0,0,0,0,0,0,0,0,0,0,0,0,0,0,0,0,0,0,0,0,0,0,0,0,0,0,0,0,0,0,0,0,0,0,0,0	0,0,0,0,0,0,0,0,0,0,0,0,0,0,0,0,0,0,0,0,0,0,0,0,0,0,0,0,0,0,0,0,1,0,0,0,0,0,0,0
tb.dut.clusters[0].cluster.sockets[0].socket.cores[0].core.execute.fpu_unit.genblk1[0].fpu_fpnew.genblk3[1].fpnew_core.gen_operation_groups[2].i_opgroup_block.gen_parallel_slices[3]	16	2	0	0	0	0	0	1	1385575	1385575	0,0,0,0,0,0,0,0,0,0,0,0,0,0,0,0,0,0,0,0,0,0,0,0,0,0,0,0,0,0,0,0,0,0,0,0,0,0,0,0	0,0,0,0,0,0,0,0,0,0,0,0,0,0,0,0,0,0,0,0,0,0,0,0,0,0,0,0,0,0,0,0,1,0,0,0,0,0,0,0	2	0	0	0	0	1	1385575	1385575	0,0,0,0,0,0,0,0,0,0,0,0,0,0,0,0,0,0,0,0,0,0,0,0,0,0,0,0,0,0,0,0,0,0,0,0,0,0,0,0	0,0,0,0,0,0,0,0,0,0,0,0,0,0,0,0,0,0,0,0,0,0,0,0,0,0,0,0,0,0,0,0,1,0,0,0,0,0,0,0
tb.dut.clusters[0].cluster.sockets[0].socket.cores[0].core.execute.fpu_unit.genblk1[0].fpu_fpnew.genblk3[1].fpnew_core.gen_operation_groups[2].i_opgroup_block.gen_parallel_slices[4]	16	2	0	0	0	0	0	1	1385575	1385575	0,0,0,0,0,0,0,0,0,0,0,0,0,0,0,0,0,0,0,0,0,0,0,0,0,0,0,0,0,0,0,0,0,0,0,0,0,0,0,0	0,0,0,0,0,0,0,0,0,0,0,0,0,0,0,0,0,0,0,0,0,0,0,0,0,0,0,0,0,0,0,0,1,0,0,0,0,0,0,0	2	0	0	0	0	1	1385575	1385575	0,0,0,0,0,0,0,0,0,0,0,0,0,0,0,0,0,0,0,0,0,0,0,0,0,0,0,0,0,0,0,0,0,0,0,0,0,0,0,0	0,0,0,0,0,0,0,0,0,0,0,0,0,0,0,0,0,0,0,0,0,0,0,0,0,0,0,0,0,0,0,0,1,0,0,0,0,0,0,0
tb.dut.clusters[0].cluster.sockets[0].socket.cores[0].core.execute.fpu_unit.genblk1[0].fpu_fpnew.genblk3[1].fpnew_core.gen_operation_groups[2].i_opgroup_block.i_arbiter	16	1510	2172	18	4	18	8	5	1385557	1385119	2,0,0,0,0,0,0,2,0,0,0,0,0,0,0,0,0,0,0,0,0,0,0,0,0,0,0,0,0,0,0,0,0,0,0,0,0,0,0,0	0,0,1,0,0,1,0,0,0,0,0,0,0,0,0,0,1,0,0,0,1,0,0,0,0,0,0,0,0,0,0,0,1,0,0,0,0,0,0,0	8	16	2	16	8	3	1385559	1385119	0,0,0,0,0,0,0,2,0,0,0,0,0,0,0,0,0,0,0,0,0,0,0,0,0,0,0,0,0,0,0,0,0,0,0,0,0,0,0,0	0,0,0,0,0,1,0,0,0,0,0,0,0,0,0,0,0,0,0,0,1,0,0,0,0,0,0,0,0,0,0,0,1,0,0,0,0,0,0,0
tb.dut.clusters[0].cluster.sockets[0].socket.cores[0].core.execute.fpu_unit.genblk1[0].fpu_fpnew.genblk3[1].fpnew_core.gen_operation_groups[2].i_opgroup_block.i_arbiter.gen_arbiter	17	1150	1544	16	2	16	8	3	1385559	1385119	0,0,0,0,0,0,0,2,0,0,0,0,0,0,0,0,0,0,0,0,0,0,0,0,0,0,0,0,0,0,0,0,0,0,0,0,0,0,0,0	0,0,0,0,0,1,0,0,0,0,0,0,0,0,0,0,0,0,0,0,1,0,0,0,0,0,0,0,0,0,0,0,1,0,0,0,0,0,0,0	6	16	2	16	8	3	1385559	1385119	0,0,0,0,0,0,0,2,0,0,0,0,0,0,0,0,0,0,0,0,0,0,0,0,0,0,0,0,0,0,0,0,0,0,0,0,0,0,0,0	0,0,0,0,0,1,0,0,0,0,0,0,0,0,0,0,0,0,0,0,1,0,0,0,0,0,0,0,0,0,0,0,1,0,0,0,0,0,0,0
tb.dut.clusters[0].cluster.sockets[0].socket.cores[0].core.execute.fpu_unit.genblk1[0].fpu_fpnew.genblk3[1].fpnew_core.gen_operation_groups[2].i_opgroup_block.i_arbiter.gen_arbiter.gen_int_rr	18	340	160	16	2	16	8	3	1385559	1385119	0,0,0,0,0,0,0,2,0,0,0,0,0,0,0,0,0,0,0,0,0,0,0,0,0,0,0,0,0,0,0,0,0,0,0,0,0,0,0,0	0,0,0,0,0,1,0,0,0,0,0,0,0,0,0,0,0,0,0,0,1,0,0,0,0,0,0,0,0,0,0,0,1,0,0,0,0,0,0,0	2	16	2	16	8	3	1385559	1385119	0,0,0,0,0,0,0,2,0,0,0,0,0,0,0,0,0,0,0,0,0,0,0,0,0,0,0,0,0,0,0,0,0,0,0,0,0,0,0,0	0,0,0,0,0,1,0,0,0,0,0,0,0,0,0,0,0,0,0,0,1,0,0,0,0,0,0,0,0,0,0,0,1,0,0,0,0,0,0,0
tb.dut.clusters[0].cluster.sockets[0].socket.cores[0].core.execute.fpu_unit.genblk1[0].fpu_fpnew.genblk3[1].fpnew_core.gen_operation_groups[2].i_opgroup_block.i_arbiter.gen_arbiter.gen_int_rr.gen_fair_arb	19	337	160	16	2	16	8	3	1385559	1385119	0,0,0,0,0,0,0,2,0,0,0,0,0,0,0,0,0,0,0,0,0,0,0,0,0,0,0,0,0,0,0,0,0,0,0,0,0,0,0,0	0,0,0,0,0,1,0,0,0,0,0,0,0,0,0,0,0,0,0,0,1,0,0,0,0,0,0,0,0,0,0,0,1,0,0,0,0,0,0,0	2	16	2	16	8	3	1385559	1385119	0,0,0,0,0,0,0,2,0,0,0,0,0,0,0,0,0,0,0,0,0,0,0,0,0,0,0,0,0,0,0,0,0,0,0,0,0,0,0,0	0,0,0,0,0,1,0,0,0,0,0,0,0,0,0,0,0,0,0,0,1,0,0,0,0,0,0,0,0,0,0,0,1,0,0,0,0,0,0,0
tb.dut.clusters[0].cluster.sockets[0].socket.cores[0].core.execute.fpu_unit.genblk1[0].fpu_fpnew.genblk3[1].fpnew_core.gen_operation_groups[2].i_opgroup_block.i_arbiter.gen_arbiter.gen_int_rr.gen_fair_arb.i_lzc_lower	20	158	144	16	2	16	8	3	1385559	1385119	0,0,0,0,0,0,0,2,0,0,0,0,0,0,0,0,0,0,0,0,0,0,0,0,0,0,0,0,0,0,0,0,0,0,0,0,0,0,0,0	0,0,0,0,0,1,0,0,0,0,0,0,0,0,0,0,0,0,0,0,1,0,0,0,0,0,0,0,0,0,0,0,1,0,0,0,0,0,0,0	2	16	2	16	8	3	1385559	1385119	0,0,0,0,0,0,0,2,0,0,0,0,0,0,0,0,0,0,0,0,0,0,0,0,0,0,0,0,0,0,0,0,0,0,0,0,0,0,0,0	0,0,0,0,0,1,0,0,0,0,0,0,0,0,0,0,0,0,0,0,1,0,0,0,0,0,0,0,0,0,0,0,1,0,0,0,0,0,0,0
tb.dut.clusters[0].cluster.sockets[0].socket.cores[0].core.execute.fpu_unit.genblk1[0].fpu_fpnew.genblk3[1].fpnew_core.gen_operation_groups[2].i_opgroup_block.i_arbiter.gen_arbiter.gen_int_rr.gen_fair_arb.i_lzc_lower.gen_lzc	21	84	112	16	2	16	8	3	1385559	1385119	0,0,0,0,0,0,0,2,0,0,0,0,0,0,0,0,0,0,0,0,0,0,0,0,0,0,0,0,0,0,0,0,0,0,0,0,0,0,0,0	0,0,0,0,0,1,0,0,0,0,0,0,0,0,0,0,0,0,0,0,1,0,0,0,0,0,0,0,0,0,0,0,1,0,0,0,0,0,0,0	2	16	2	16	8	3	1385559	1385119	0,0,0,0,0,0,0,2,0,0,0,0,0,0,0,0,0,0,0,0,0,0,0,0,0,0,0,0,0,0,0,0,0,0,0,0,0,0,0,0	0,0,0,0,0,1,0,0,0,0,0,0,0,0,0,0,0,0,0,0,1,0,0,0,0,0,0,0,0,0,0,0,1,0,0,0,0,0,0,0
tb.dut.clusters[0].cluster.sockets[0].socket.cores[0].core.execute.fpu_unit.genblk1[0].fpu_fpnew.genblk3[1].fpnew_core.gen_operation_groups[2].i_opgroup_block.i_arbiter.gen_arbiter.gen_int_rr.gen_fair_arb.i_lzc_upper	20	158	0	0	0	0	0	1	1385575	1385575	0,0,0,0,0,0,0,0,0,0,0,0,0,0,0,0,0,0,0,0,0,0,0,0,0,0,0,0,0,0,0,0,0,0,0,0,0,0,0,0	0,0,0,0,0,0,0,0,0,0,0,0,0,0,0,0,0,0,0,0,0,0,0,0,0,0,0,0,0,0,0,0,1,0,0,0,0,0,0,0	2	0	0	0	0	1	1385575	1385575	0,0,0,0,0,0,0,0,0,0,0,0,0,0,0,0,0,0,0,0,0,0,0,0,0,0,0,0,0,0,0,0,0,0,0,0,0,0,0,0	0,0,0,0,0,0,0,0,0,0,0,0,0,0,0,0,0,0,0,0,0,0,0,0,0,0,0,0,0,0,0,0,1,0,0,0,0,0,0,0
tb.dut.clusters[0].cluster.sockets[0].socket.cores[0].core.execute.fpu_unit.genblk1[0].fpu_fpnew.genblk3[1].fpnew_core.gen_operation_groups[2].i_opgroup_block.i_arbiter.gen_arbiter.gen_int_rr.gen_fair_arb.i_lzc_upper.gen_lzc	21	84	0	0	0	0	0	1	1385575	1385575	0,0,0,0,0,0,0,0,0,0,0,0,0,0,0,0,0,0,0,0,0,0,0,0,0,0,0,0,0,0,0,0,0,0,0,0,0,0,0,0	0,0,0,0,0,0,0,0,0,0,0,0,0,0,0,0,0,0,0,0,0,0,0,0,0,0,0,0,0,0,0,0,1,0,0,0,0,0,0,0	2	0	0	0	0	1	1385575	1385575	0,0,0,0,0,0,0,0,0,0,0,0,0,0,0,0,0,0,0,0,0,0,0,0,0,0,0,0,0,0,0,0,0,0,0,0,0,0,0,0	0,0,0,0,0,0,0,0,0,0,0,0,0,0,0,0,0,0,0,0,0,0,0,0,0,0,0,0,0,0,0,0,1,0,0,0,0,0,0,0
tb.dut.clusters[0].cluster.sockets[0].socket.cores[0].core.execute.fpu_unit.genblk1[0].fpu_fpnew.genblk3[1].fpnew_core.gen_operation_groups[2].i_opgroup_block.i_arbiter.gen_arbiter.gen_levels[0]	18	65	16	16	2	16	8	3	1385559	1385119	0,0,0,0,0,0,0,2,0,0,0,0,0,0,0,0,0,0,0,0,0,0,0,0,0,0,0,0,0,0,0,0,0,0,0,0,0,0,0,0	0,0,0,0,0,1,0,0,0,0,0,0,0,0,0,0,0,0,0,0,1,0,0,0,0,0,0,0,0,0,0,0,1,0,0,0,0,0,0,0	2	0	0	0	0	1	1385575	1385575	0,0,0,0,0,0,0,0,0,0,0,0,0,0,0,0,0,0,0,0,0,0,0,0,0,0,0,0,0,0,0,0,0,0,0,0,0,0,0,0	0,0,0,0,0,0,0,0,0,0,0,0,0,0,0,0,0,0,0,0,0,0,0,0,0,0,0,0,0,0,0,0,1,0,0,0,0,0,0,0
tb.dut.clusters[0].cluster.sockets[0].socket.cores[0].core.execute.fpu_unit.genblk1[0].fpu_fpnew.genblk3[1].fpnew_core.gen_operation_groups[2].i_opgroup_block.i_arbiter.gen_arbiter.gen_levels[0].gen_level[0]	19	65	16	16	2	16	8	3	1385559	1385119	0,0,0,0,0,0,0,2,0,0,0,0,0,0,0,0,0,0,0,0,0,0,0,0,0,0,0,0,0,0,0,0,0,0,0,0,0,0,0,0	0,0,0,0,0,1,0,0,0,0,0,0,0,0,0,0,0,0,0,0,1,0,0,0,0,0,0,0,0,0,0,0,1,0,0,0,0,0,0,0	2	0	0	0	0	1	1385575	1385575	0,0,0,0,0,0,0,0,0,0,0,0,0,0,0,0,0,0,0,0,0,0,0,0,0,0,0,0,0,0,0,0,0,0,0,0,0,0,0,0	0,0,0,0,0,0,0,0,0,0,0,0,0,0,0,0,0,0,0,0,0,0,0,0,0,0,0,0,0,0,0,0,1,0,0,0,0,0,0,0
tb.dut.clusters[0].cluster.sockets[0].socket.cores[0].core.execute.fpu_unit.genblk1[0].fpu_fpnew.genblk3[1].fpnew_core.gen_operation_groups[2].i_opgroup_block.i_arbiter.gen_arbiter.gen_levels[1]	18	130	16	16	2	16	8	3	1385559	1385119	0,0,0,0,0,0,0,2,0,0,0,0,0,0,0,0,0,0,0,0,0,0,0,0,0,0,0,0,0,0,0,0,0,0,0,0,0,0,0,0	0,0,0,0,0,1,0,0,0,0,0,0,0,0,0,0,0,0,0,0,1,0,0,0,0,0,0,0,0,0,0,0,1,0,0,0,0,0,0,0	2	0	0	0	0	1	1385575	1385575	0,0,0,0,0,0,0,0,0,0,0,0,0,0,0,0,0,0,0,0,0,0,0,0,0,0,0,0,0,0,0,0,0,0,0,0,0,0,0,0	0,0,0,0,0,0,0,0,0,0,0,0,0,0,0,0,0,0,0,0,0,0,0,0,0,0,0,0,0,0,0,0,1,0,0,0,0,0,0,0
tb.dut.clusters[0].cluster.sockets[0].socket.cores[0].core.execute.fpu_unit.genblk1[0].fpu_fpnew.genblk3[1].fpnew_core.gen_operation_groups[2].i_opgroup_block.i_arbiter.gen_arbiter.gen_levels[1].gen_level[0]	19	65	16	16	2	16	8	3	1385559	1385119	0,0,0,0,0,0,0,2,0,0,0,0,0,0,0,0,0,0,0,0,0,0,0,0,0,0,0,0,0,0,0,0,0,0,0,0,0,0,0,0	0,0,0,0,0,1,0,0,0,0,0,0,0,0,0,0,0,0,0,0,1,0,0,0,0,0,0,0,0,0,0,0,1,0,0,0,0,0,0,0	2	0	0	0	0	1	1385575	1385575	0,0,0,0,0,0,0,0,0,0,0,0,0,0,0,0,0,0,0,0,0,0,0,0,0,0,0,0,0,0,0,0,0,0,0,0,0,0,0,0	0,0,0,0,0,0,0,0,0,0,0,0,0,0,0,0,0,0,0,0,0,0,0,0,0,0,0,0,0,0,0,0,1,0,0,0,0,0,0,0
tb.dut.clusters[0].cluster.sockets[0].socket.cores[0].core.execute.fpu_unit.genblk1[0].fpu_fpnew.genblk3[1].fpnew_core.gen_operation_groups[2].i_opgroup_block.i_arbiter.gen_arbiter.gen_levels[1].gen_level[1]	19	65	0	0	0	0	0	1	1385575	1385575	0,0,0,0,0,0,0,0,0,0,0,0,0,0,0,0,0,0,0,0,0,0,0,0,0,0,0,0,0,0,0,0,0,0,0,0,0,0,0,0	0,0,0,0,0,0,0,0,0,0,0,0,0,0,0,0,0,0,0,0,0,0,0,0,0,0,0,0,0,0,0,0,1,0,0,0,0,0,0,0	2	0	0	0	0	1	1385575	1385575	0,0,0,0,0,0,0,0,0,0,0,0,0,0,0,0,0,0,0,0,0,0,0,0,0,0,0,0,0,0,0,0,0,0,0,0,0,0,0,0	0,0,0,0,0,0,0,0,0,0,0,0,0,0,0,0,0,0,0,0,0,0,0,0,0,0,0,0,0,0,0,0,1,0,0,0,0,0,0,0
tb.dut.clusters[0].cluster.sockets[0].socket.cores[0].core.execute.fpu_unit.genblk1[0].fpu_fpnew.genblk3[1].fpnew_core.gen_operation_groups[2].i_opgroup_block.i_arbiter.gen_arbiter.gen_levels[2]	18	260	16	16	2	16	8	3	1385559	1385119	0,0,0,0,0,0,0,2,0,0,0,0,0,0,0,0,0,0,0,0,0,0,0,0,0,0,0,0,0,0,0,0,0,0,0,0,0,0,0,0	0,0,0,0,0,1,0,0,0,0,0,0,0,0,0,0,0,0,0,0,1,0,0,0,0,0,0,0,0,0,0,0,1,0,0,0,0,0,0,0	2	0	0	0	0	1	1385575	1385575	0,0,0,0,0,0,0,0,0,0,0,0,0,0,0,0,0,0,0,0,0,0,0,0,0,0,0,0,0,0,0,0,0,0,0,0,0,0,0,0	0,0,0,0,0,0,0,0,0,0,0,0,0,0,0,0,0,0,0,0,0,0,0,0,0,0,0,0,0,0,0,0,1,0,0,0,0,0,0,0
tb.dut.clusters[0].cluster.sockets[0].socket.cores[0].core.execute.fpu_unit.genblk1[0].fpu_fpnew.genblk3[1].fpnew_core.gen_operation_groups[2].i_opgroup_block.i_arbiter.gen_arbiter.gen_levels[2].gen_level[0]	19	65	16	16	2	16	8	3	1385559	1385119	0,0,0,0,0,0,0,2,0,0,0,0,0,0,0,0,0,0,0,0,0,0,0,0,0,0,0,0,0,0,0,0,0,0,0,0,0,0,0,0	0,0,0,0,0,1,0,0,0,0,0,0,0,0,0,0,0,0,0,0,1,0,0,0,0,0,0,0,0,0,0,0,1,0,0,0,0,0,0,0	2	0	0	0	0	1	1385575	1385575	0,0,0,0,0,0,0,0,0,0,0,0,0,0,0,0,0,0,0,0,0,0,0,0,0,0,0,0,0,0,0,0,0,0,0,0,0,0,0,0	0,0,0,0,0,0,0,0,0,0,0,0,0,0,0,0,0,0,0,0,0,0,0,0,0,0,0,0,0,0,0,0,1,0,0,0,0,0,0,0
tb.dut.clusters[0].cluster.sockets[0].socket.cores[0].core.execute.fpu_unit.genblk1[0].fpu_fpnew.genblk3[1].fpnew_core.gen_operation_groups[2].i_opgroup_block.i_arbiter.gen_arbiter.gen_levels[2].gen_level[1]	19	65	0	0	0	0	0	1	1385575	1385575	0,0,0,0,0,0,0,0,0,0,0,0,0,0,0,0,0,0,0,0,0,0,0,0,0,0,0,0,0,0,0,0,0,0,0,0,0,0,0,0	0,0,0,0,0,0,0,0,0,0,0,0,0,0,0,0,0,0,0,0,0,0,0,0,0,0,0,0,0,0,0,0,1,0,0,0,0,0,0,0	2	0	0	0	0	1	1385575	1385575	0,0,0,0,0,0,0,0,0,0,0,0,0,0,0,0,0,0,0,0,0,0,0,0,0,0,0,0,0,0,0,0,0,0,0,0,0,0,0,0	0,0,0,0,0,0,0,0,0,0,0,0,0,0,0,0,0,0,0,0,0,0,0,0,0,0,0,0,0,0,0,0,1,0,0,0,0,0,0,0
tb.dut.clusters[0].cluster.sockets[0].socket.cores[0].core.execute.fpu_unit.genblk1[0].fpu_fpnew.genblk3[1].fpnew_core.gen_operation_groups[2].i_opgroup_block.i_arbiter.gen_arbiter.gen_levels[2].gen_level[2]	19	65	0	0	0	0	0	1	1385575	1385575	0,0,0,0,0,0,0,0,0,0,0,0,0,0,0,0,0,0,0,0,0,0,0,0,0,0,0,0,0,0,0,0,0,0,0,0,0,0,0,0	0,0,0,0,0,0,0,0,0,0,0,0,0,0,0,0,0,0,0,0,0,0,0,0,0,0,0,0,0,0,0,0,1,0,0,0,0,0,0,0	2	0	0	0	0	1	1385575	1385575	0,0,0,0,0,0,0,0,0,0,0,0,0,0,0,0,0,0,0,0,0,0,0,0,0,0,0,0,0,0,0,0,0,0,0,0,0,0,0,0	0,0,0,0,0,0,0,0,0,0,0,0,0,0,0,0,0,0,0,0,0,0,0,0,0,0,0,0,0,0,0,0,1,0,0,0,0,0,0,0
tb.dut.clusters[0].cluster.sockets[0].socket.cores[0].core.execute.fpu_unit.genblk1[0].fpu_fpnew.genblk3[1].fpnew_core.gen_operation_groups[2].i_opgroup_block.i_arbiter.gen_arbiter.gen_levels[2].gen_level[3]	19	65	0	0	0	0	0	1	1385575	1385575	0,0,0,0,0,0,0,0,0,0,0,0,0,0,0,0,0,0,0,0,0,0,0,0,0,0,0,0,0,0,0,0,0,0,0,0,0,0,0,0	0,0,0,0,0,0,0,0,0,0,0,0,0,0,0,0,0,0,0,0,0,0,0,0,0,0,0,0,0,0,0,0,1,0,0,0,0,0,0,0	2	0	0	0	0	1	1385575	1385575	0,0,0,0,0,0,0,0,0,0,0,0,0,0,0,0,0,0,0,0,0,0,0,0,0,0,0,0,0,0,0,0,0,0,0,0,0,0,0,0	0,0,0,0,0,0,0,0,0,0,0,0,0,0,0,0,0,0,0,0,0,0,0,0,0,0,0,0,0,0,0,0,1,0,0,0,0,0,0,0
tb.dut.clusters[0].cluster.sockets[0].socket.cores[0].core.execute.fpu_unit.genblk1[0].fpu_fpnew.genblk3[1].fpnew_core.gen_operation_groups[3]	14	11074	8312285	344311	147476	344311	47	147477	1041264	8601	49153,49153,0,49154,1,6,0,0,0,2,0,0,0,0,0,0,6,1,0,0,0,0,0,0,0,0,0,0,0,0,0,0,0,0,0,0,0,0,0,0	49164,4,1,1,0,49150,0,1,0,0,0,1,0,49148,1,2,2,0,0,0,1,0,0,0,0,1,0,0,0,0,0,0,0,0,0,0,0,0,0,0	56	79277	79167	79277	10	79168	1306298	8655	79141,1,14,2,0,1,0,1,0,7,0,0,0,0,0,0,0,0,0,0,0,0,0,0,0,0,0,0,0,0,0,0,0,0,0,0,0,0,0,0	23,1,0,0,0,0,0,0,31794,1,0,0,0,0,1,0,44479,2778,85,4,1,0,0,0,0,1,0,0,0,0,0,0,0,0,0,0,0,0,0,0
tb.dut.clusters[0].cluster.sockets[0].socket.cores[0].core.execute.fpu_unit.genblk1[0].fpu_fpnew.genblk3[1].fpnew_core.gen_operation_groups[3].i_opgroup_block	15	11026	8312221	344311	147476	344311	47	147477	1041264	8601	49153,49153,0,49154,1,6,0,0,0,2,0,0,0,0,0,0,6,1,0,0,0,0,0,0,0,0,0,0,0,0,0,0,0,0,0,0,0,0,0,0	49164,4,1,1,0,49150,0,1,0,0,0,1,0,49148,1,2,2,0,0,0,1,0,0,0,0,1,0,0,0,0,0,0,0,0,0,0,0,0,0,0	56	79277	79167	79277	10	79168	1306298	8655	79141,1,14,2,0,1,0,1,0,7,0,0,0,0,0,0,0,0,0,0,0,0,0,0,0,0,0,0,0,0,0,0,0,0,0,0,0,0,0,0	23,1,0,0,0,0,0,0,31794,1,0,0,0,0,1,0,44479,2778,85,4,1,0,0,0,0,1,0,0,0,0,0,0,0,0,0,0,0,0,0,0
tb.dut.clusters[0].cluster.sockets[0].socket.cores[0].core.execute.fpu_unit.genblk1[0].fpu_fpnew.genblk3[1].fpnew_core.gen_operation_groups[3].i_opgroup_block.gen_merged_slice	16	8723	5833997	147673	98341	147673	20	98342	1237902	8627	49155,49168,8,0,2,0,0,0,0,0,0,0,0,0,0,0,8,0,0,0,0,0,0,0,0,0,0,0,0,0,0,0,0,0,0,0,0,0,0,0	27,4,1,3,2,0,0,1,49148,0,1,0,0,1,0,49148,4,0,0,0,1,0,0,0,0,1,0,0,0,0,0,0,0,0,0,0,0,0,0,0	44	83138	83028	83138	10	83029	1302437	8655	83002,1,14,2,0,1,0,1,0,7,0,0,0,0,0,0,0,0,0,0,0,0,0,0,0,0,0,0,0,0,0,0,0,0,0,0,0,0,0,0	23,1,0,0,0,0,0,0,34889,1,0,0,0,0,1,0,46367,1714,28,3,1,0,0,0,0,1,0,0,0,0,0,0,0,0,0,0,0,0,0,0
tb.dut.clusters[0].cluster.sockets[0].socket.cores[0].core.execute.fpu_unit.genblk1[0].fpu_fpnew.genblk3[1].fpnew_core.gen_operation_groups[3].i_opgroup_block.gen_merged_slice.i_multifmt_slice	17	8687	5833933	147673	98341	147673	20	98342	1237902	8627	49155,49168,8,0,2,0,0,0,0,0,0,0,0,0,0,0,8,0,0,0,0,0,0,0,0,0,0,0,0,0,0,0,0,0,0,0,0,0,0,0	27,4,1,3,2,0,0,1,49148,0,1,0,0,1,0,49148,4,0,0,0,1,0,0,0,0,1,0,0,0,0,0,0,0,0,0,0,0,0,0,0	44	83138	83028	83138	10	83029	1302437	8655	83002,1,14,2,0,1,0,1,0,7,0,0,0,0,0,0,0,0,0,0,0,0,0,0,0,0,0,0,0,0,0,0,0,0,0,0,0,0,0,0	23,1,0,0,0,0,0,0,34889,1,0,0,0,0,1,0,46367,1714,28,3,1,0,0,0,0,1,0,0,0,0,0,0,0,0,0,0,0,0,0,0
tb.dut.clusters[0].cluster.sockets[0].socket.cores[0].core.execute.fpu_unit.genblk1[0].fpu_fpnew.genblk3[1].fpnew_core.gen_operation_groups[3].i_opgroup_block.gen_merged_slice.i_multifmt_slice.extend_fp_result[0]	18	32	0	0	0	0	0	1	1385575	1385575	0,0,0,0,0,0,0,0,0,0,0,0,0,0,0,0,0,0,0,0,0,0,0,0,0,0,0,0,0,0,0,0,0,0,0,0,0,0,0,0	0,0,0,0,0,0,0,0,0,0,0,0,0,0,0,0,0,0,0,0,0,0,0,0,0,0,0,0,0,0,0,0,1,0,0,0,0,0,0,0	2	0	0	0	0	1	1385575	1385575	0,0,0,0,0,0,0,0,0,0,0,0,0,0,0,0,0,0,0,0,0,0,0,0,0,0,0,0,0,0,0,0,0,0,0,0,0,0,0,0	0,0,0,0,0,0,0,0,0,0,0,0,0,0,0,0,0,0,0,0,0,0,0,0,0,0,0,0,0,0,0,0,1,0,0,0,0,0,0,0
tb.dut.clusters[0].cluster.sockets[0].socket.cores[0].core.execute.fpu_unit.genblk1[0].fpu_fpnew.genblk3[1].fpnew_core.gen_operation_groups[3].i_opgroup_block.gen_merged_slice.i_multifmt_slice.extend_fp_result[1]	18	32	0	0	0	0	0	1	1385575	1385575	0,0,0,0,0,0,0,0,0,0,0,0,0,0,0,0,0,0,0,0,0,0,0,0,0,0,0,0,0,0,0,0,0,0,0,0,0,0,0,0	0,0,0,0,0,0,0,0,0,0,0,0,0,0,0,0,0,0,0,0,0,0,0,0,0,0,0,0,0,0,0,0,1,0,0,0,0,0,0,0	2	0	0	0	0	1	1385575	1385575	0,0,0,0,0,0,0,0,0,0,0,0,0,0,0,0,0,0,0,0,0,0,0,0,0,0,0,0,0,0,0,0,0,0,0,0,0,0,0,0	0,0,0,0,0,0,0,0,0,0,0,0,0,0,0,0,0,0,0,0,0,0,0,0,0,0,0,0,0,0,0,0,1,0,0,0,0,0,0,0
tb.dut.clusters[0].cluster.sockets[0].socket.cores[0].core.execute.fpu_unit.genblk1[0].fpu_fpnew.genblk3[1].fpnew_core.gen_operation_groups[3].i_opgroup_block.gen_merged_slice.i_multifmt_slice.extend_fp_result[2]	18	32	0	0	0	0	0	1	1385575	1385575	0,0,0,0,0,0,0,0,0,0,0,0,0,0,0,0,0,0,0,0,0,0,0,0,0,0,0,0,0,0,0,0,0,0,0,0,0,0,0,0	0,0,0,0,0,0,0,0,0,0,0,0,0,0,0,0,0,0,0,0,0,0,0,0,0,0,0,0,0,0,0,0,1,0,0,0,0,0,0,0	2	0	0	0	0	1	1385575	1385575	0,0,0,0,0,0,0,0,0,0,0,0,0,0,0,0,0,0,0,0,0,0,0,0,0,0,0,0,0,0,0,0,0,0,0,0,0,0,0,0	0,0,0,0,0,0,0,0,0,0,0,0,0,0,0,0,0,0,0,0,0,0,0,0,0,0,0,0,0,0,0,0,1,0,0,0,0,0,0,0
tb.dut.clusters[0].cluster.sockets[0].socket.cores[0].core.execute.fpu_unit.genblk1[0].fpu_fpnew.genblk3[1].fpnew_core.gen_operation_groups[3].i_opgroup_block.gen_merged_slice.i_multifmt_slice.extend_fp_result[3]	18	32	0	0	0	0	0	1	1385575	1385575	0,0,0,0,0,0,0,0,0,0,0,0,0,0,0,0,0,0,0,0,0,0,0,0,0,0,0,0,0,0,0,0,0,0,0,0,0,0,0,0	0,0,0,0,0,0,0,0,0,0,0,0,0,0,0,0,0,0,0,0,0,0,0,0,0,0,0,0,0,0,0,0,1,0,0,0,0,0,0,0	2	0	0	0	0	1	1385575	1385575	0,0,0,0,0,0,0,0,0,0,0,0,0,0,0,0,0,0,0,0,0,0,0,0,0,0,0,0,0,0,0,0,0,0,0,0,0,0,0,0	0,0,0,0,0,0,0,0,0,0,0,0,0,0,0,0,0,0,0,0,0,0,0,0,0,0,0,0,0,0,0,0,1,0,0,0,0,0,0,0
tb.dut.clusters[0].cluster.sockets[0].socket.cores[0].core.execute.fpu_unit.genblk1[0].fpu_fpnew.genblk3[1].fpnew_core.gen_operation_groups[3].i_opgroup_block.gen_merged_slice.i_multifmt_slice.extend_fp_result[4]	18	32	0	0	0	0	0	1	1385575	1385575	0,0,0,0,0,0,0,0,0,0,0,0,0,0,0,0,0,0,0,0,0,0,0,0,0,0,0,0,0,0,0,0,0,0,0,0,0,0,0,0	0,0,0,0,0,0,0,0,0,0,0,0,0,0,0,0,0,0,0,0,0,0,0,0,0,0,0,0,0,0,0,0,1,0,0,0,0,0,0,0	2	0	0	0	0	1	1385575	1385575	0,0,0,0,0,0,0,0,0,0,0,0,0,0,0,0,0,0,0,0,0,0,0,0,0,0,0,0,0,0,0,0,0,0,0,0,0,0,0,0	0,0,0,0,0,0,0,0,0,0,0,0,0,0,0,0,0,0,0,0,0,0,0,0,0,0,0,0,0,0,0,0,1,0,0,0,0,0,0,0
tb.dut.clusters[0].cluster.sockets[0].socket.cores[0].core.execute.fpu_unit.genblk1[0].fpu_fpnew.genblk3[1].fpnew_core.gen_operation_groups[3].i_opgroup_block.gen_merged_slice.i_multifmt_slice.extend_or_mute_int_result[0]	18	32	0	0	0	0	0	1	1385575	1385575	0,0,0,0,0,0,0,0,0,0,0,0,0,0,0,0,0,0,0,0,0,0,0,0,0,0,0,0,0,0,0,0,0,0,0,0,0,0,0,0	0,0,0,0,0,0,0,0,0,0,0,0,0,0,0,0,0,0,0,0,0,0,0,0,0,0,0,0,0,0,0,0,1,0,0,0,0,0,0,0	2	0	0	0	0	1	1385575	1385575	0,0,0,0,0,0,0,0,0,0,0,0,0,0,0,0,0,0,0,0,0,0,0,0,0,0,0,0,0,0,0,0,0,0,0,0,0,0,0,0	0,0,0,0,0,0,0,0,0,0,0,0,0,0,0,0,0,0,0,0,0,0,0,0,0,0,0,0,0,0,0,0,1,0,0,0,0,0,0,0
tb.dut.clusters[0].cluster.sockets[0].socket.cores[0].core.execute.fpu_unit.genblk1[0].fpu_fpnew.genblk3[1].fpnew_core.gen_operation_groups[3].i_opgroup_block.gen_merged_slice.i_multifmt_slice.extend_or_mute_int_result[0].extend_int_result	19	32	0	0	0	0	0	1	1385575	1385575	0,0,0,0,0,0,0,0,0,0,0,0,0,0,0,0,0,0,0,0,0,0,0,0,0,0,0,0,0,0,0,0,0,0,0,0,0,0,0,0	0,0,0,0,0,0,0,0,0,0,0,0,0,0,0,0,0,0,0,0,0,0,0,0,0,0,0,0,0,0,0,0,1,0,0,0,0,0,0,0	2	0	0	0	0	1	1385575	1385575	0,0,0,0,0,0,0,0,0,0,0,0,0,0,0,0,0,0,0,0,0,0,0,0,0,0,0,0,0,0,0,0,0,0,0,0,0,0,0,0	0,0,0,0,0,0,0,0,0,0,0,0,0,0,0,0,0,0,0,0,0,0,0,0,0,0,0,0,0,0,0,0,1,0,0,0,0,0,0,0
tb.dut.clusters[0].cluster.sockets[0].socket.cores[0].core.execute.fpu_unit.genblk1[0].fpu_fpnew.genblk3[1].fpnew_core.gen_operation_groups[3].i_opgroup_block.gen_merged_slice.i_multifmt_slice.extend_or_mute_int_result[1]	18	32	0	0	0	0	0	1	1385575	1385575	0,0,0,0,0,0,0,0,0,0,0,0,0,0,0,0,0,0,0,0,0,0,0,0,0,0,0,0,0,0,0,0,0,0,0,0,0,0,0,0	0,0,0,0,0,0,0,0,0,0,0,0,0,0,0,0,0,0,0,0,0,0,0,0,0,0,0,0,0,0,0,0,1,0,0,0,0,0,0,0	2	0	0	0	0	1	1385575	1385575	0,0,0,0,0,0,0,0,0,0,0,0,0,0,0,0,0,0,0,0,0,0,0,0,0,0,0,0,0,0,0,0,0,0,0,0,0,0,0,0	0,0,0,0,0,0,0,0,0,0,0,0,0,0,0,0,0,0,0,0,0,0,0,0,0,0,0,0,0,0,0,0,1,0,0,0,0,0,0,0
tb.dut.clusters[0].cluster.sockets[0].socket.cores[0].core.execute.fpu_unit.genblk1[0].fpu_fpnew.genblk3[1].fpnew_core.gen_operation_groups[3].i_opgroup_block.gen_merged_slice.i_multifmt_slice.extend_or_mute_int_result[1].extend_int_result	19	32	0	0	0	0	0	1	1385575	1385575	0,0,0,0,0,0,0,0,0,0,0,0,0,0,0,0,0,0,0,0,0,0,0,0,0,0,0,0,0,0,0,0,0,0,0,0,0,0,0,0	0,0,0,0,0,0,0,0,0,0,0,0,0,0,0,0,0,0,0,0,0,0,0,0,0,0,0,0,0,0,0,0,1,0,0,0,0,0,0,0	2	0	0	0	0	1	1385575	1385575	0,0,0,0,0,0,0,0,0,0,0,0,0,0,0,0,0,0,0,0,0,0,0,0,0,0,0,0,0,0,0,0,0,0,0,0,0,0,0,0	0,0,0,0,0,0,0,0,0,0,0,0,0,0,0,0,0,0,0,0,0,0,0,0,0,0,0,0,0,0,0,0,1,0,0,0,0,0,0,0
tb.dut.clusters[0].cluster.sockets[0].socket.cores[0].core.execute.fpu_unit.genblk1[0].fpu_fpnew.genblk3[1].fpnew_core.gen_operation_groups[3].i_opgroup_block.gen_merged_slice.i_multifmt_slice.extend_or_mute_int_result[2]	18	32	0	0	0	0	0	1	1385575	1385575	0,0,0,0,0,0,0,0,0,0,0,0,0,0,0,0,0,0,0,0,0,0,0,0,0,0,0,0,0,0,0,0,0,0,0,0,0,0,0,0	0,0,0,0,0,0,0,0,0,0,0,0,0,0,0,0,0,0,0,0,0,0,0,0,0,0,0,0,0,0,0,0,1,0,0,0,0,0,0,0	2	0	0	0	0	1	1385575	1385575	0,0,0,0,0,0,0,0,0,0,0,0,0,0,0,0,0,0,0,0,0,0,0,0,0,0,0,0,0,0,0,0,0,0,0,0,0,0,0,0	0,0,0,0,0,0,0,0,0,0,0,0,0,0,0,0,0,0,0,0,0,0,0,0,0,0,0,0,0,0,0,0,1,0,0,0,0,0,0,0
tb.dut.clusters[0].cluster.sockets[0].socket.cores[0].core.execute.fpu_unit.genblk1[0].fpu_fpnew.genblk3[1].fpnew_core.gen_operation_groups[3].i_opgroup_block.gen_merged_slice.i_multifmt_slice.extend_or_mute_int_result[2].extend_int_result	19	32	0	0	0	0	0	1	1385575	1385575	0,0,0,0,0,0,0,0,0,0,0,0,0,0,0,0,0,0,0,0,0,0,0,0,0,0,0,0,0,0,0,0,0,0,0,0,0,0,0,0	0,0,0,0,0,0,0,0,0,0,0,0,0,0,0,0,0,0,0,0,0,0,0,0,0,0,0,0,0,0,0,0,1,0,0,0,0,0,0,0	2	0	0	0	0	1	1385575	1385575	0,0,0,0,0,0,0,0,0,0,0,0,0,0,0,0,0,0,0,0,0,0,0,0,0,0,0,0,0,0,0,0,0,0,0,0,0,0,0,0	0,0,0,0,0,0,0,0,0,0,0,0,0,0,0,0,0,0,0,0,0,0,0,0,0,0,0,0,0,0,0,0,1,0,0,0,0,0,0,0
tb.dut.clusters[0].cluster.sockets[0].socket.cores[0].core.execute.fpu_unit.genblk1[0].fpu_fpnew.genblk3[1].fpnew_core.gen_operation_groups[3].i_opgroup_block.gen_merged_slice.i_multifmt_slice.extend_or_mute_int_result[3]	18	32	0	0	0	0	0	1	1385575	1385575	0,0,0,0,0,0,0,0,0,0,0,0,0,0,0,0,0,0,0,0,0,0,0,0,0,0,0,0,0,0,0,0,0,0,0,0,0,0,0,0	0,0,0,0,0,0,0,0,0,0,0,0,0,0,0,0,0,0,0,0,0,0,0,0,0,0,0,0,0,0,0,0,1,0,0,0,0,0,0,0	2	0	0	0	0	1	1385575	1385575	0,0,0,0,0,0,0,0,0,0,0,0,0,0,0,0,0,0,0,0,0,0,0,0,0,0,0,0,0,0,0,0,0,0,0,0,0,0,0,0	0,0,0,0,0,0,0,0,0,0,0,0,0,0,0,0,0,0,0,0,0,0,0,0,0,0,0,0,0,0,0,0,1,0,0,0,0,0,0,0
tb.dut.clusters[0].cluster.sockets[0].socket.cores[0].core.execute.fpu_unit.genblk1[0].fpu_fpnew.genblk3[1].fpnew_core.gen_operation_groups[3].i_opgroup_block.gen_merged_slice.i_multifmt_slice.extend_or_mute_int_result[3].extend_int_result	19	32	0	0	0	0	0	1	1385575	1385575	0,0,0,0,0,0,0,0,0,0,0,0,0,0,0,0,0,0,0,0,0,0,0,0,0,0,0,0,0,0,0,0,0,0,0,0,0,0,0,0	0,0,0,0,0,0,0,0,0,0,0,0,0,0,0,0,0,0,0,0,0,0,0,0,0,0,0,0,0,0,0,0,1,0,0,0,0,0,0,0	2	0	0	0	0	1	1385575	1385575	0,0,0,0,0,0,0,0,0,0,0,0,0,0,0,0,0,0,0,0,0,0,0,0,0,0,0,0,0,0,0,0,0,0,0,0,0,0,0,0	0,0,0,0,0,0,0,0,0,0,0,0,0,0,0,0,0,0,0,0,0,0,0,0,0,0,0,0,0,0,0,0,1,0,0,0,0,0,0,0
tb.dut.clusters[0].cluster.sockets[0].socket.cores[0].core.execute.fpu_unit.genblk1[0].fpu_fpnew.genblk3[1].fpnew_core.gen_operation_groups[3].i_opgroup_block.gen_merged_slice.i_multifmt_slice.gen_num_lanes[0]	18	7175	4147720	147673	98341	147673	20	98342	1237902	8627	49155,49168,8,0,2,0,0,0,0,0,0,0,0,0,0,0,8,0,0,0,0,0,0,0,0,0,0,0,0,0,0,0,0,0,0,0,0,0,0,0	27,4,1,3,2,0,0,1,49148,0,1,0,0,1,0,49148,4,0,0,0,1,0,0,0,0,1,0,0,0,0,0,0,0,0,0,0,0,0,0,0	36	72869	72771	72869	10	72772	1312706	8655	72748,1,13,1,0,1,0,0,0,7,0,0,0,0,0,0,0,0,0,0,0,0,0,0,0,0,0,0,0,0,0,0,0,0,0,0,0,0,0,0	22,2,1,1,0,0,0,0,26593,1,0,0,0,0,0,0,41691,4244,211,4,1,0,0,0,0,1,0,0,0,0,0,0,0,0,0,0,0,0,0,0
tb.dut.clusters[0].cluster.sockets[0].socket.cores[0].core.execute.fpu_unit.genblk1[0].fpu_fpnew.genblk3[1].fpnew_core.gen_operation_groups[3].i_opgroup_block.gen_merged_slice.i_multifmt_slice.gen_num_lanes[0].active_lane	19	6704	4146020	147673	98341	147673	20	98342	1237902	8627	49155,49168,8,0,2,0,0,0,0,0,0,0,0,0,0,0,8,0,0,0,0,0,0,0,0,0,0,0,0,0,0,0,0,0,0,0,0,0,0,0	27,4,1,3,2,0,0,1,49148,0,1,0,0,1,0,49148,4,0,0,0,1,0,0,0,0,1,0,0,0,0,0,0,0,0,0,0,0,0,0,0	34	79124	79056	79124	6	79057	1306451	8655	79026,13,10,0,0,7,0,0,0,0,0,0,0,0,0,0,0,0,0,0,0,0,0,0,0,0,0,0,0,0,0,0,0,0,0,0,0,0,0,0	23,1,6,0,3,0,0,0,31710,1,0,0,0,0,0,0,44392,2827,88,4,1,0,0,0,0,1,0,0,0,0,0,0,0,0,0,0,0,0,0,0
tb.dut.clusters[0].cluster.sockets[0].socket.cores[0].core.execute.fpu_unit.genblk1[0].fpu_fpnew.genblk3[1].fpnew_core.gen_operation_groups[3].i_opgroup_block.gen_merged_slice.i_multifmt_slice.gen_num_lanes[0].active_lane.lane_instance	20	6568	2773742	147673	98341	147673	20	98342	1237902	8627	49155,49168,8,0,2,0,0,0,0,0,0,0,0,0,0,0,8,0,0,0,0,0,0,0,0,0,0,0,0,0,0,0,0,0,0,0,0,0,0,0	27,4,1,3,2,0,0,1,49148,0,1,0,0,1,0,49148,4,0,0,0,1,0,0,0,0,1,0,0,0,0,0,0,0,0,0,0,0,0,0,0	33	12281	12234	12281	6	12235	1373294	8795	12214,8,5,0,6,1,0,0,0,0,0,0,0,0,0,0,0,0,0,0,0,0,0,0,0,0,0,0,0,0,0,0,0,0,0,0,0,0,0,0	19,1,1,0,0,0,0,0,714,0,0,0,1,0,0,1,1931,2526,3150,2792,1025,62,9,1,1,1,0,0,0,0,0,0,0,0,0,0,0,0,0,0
tb.dut.clusters[0].cluster.sockets[0].socket.cores[0].core.execute.fpu_unit.genblk1[0].fpu_fpnew.genblk3[1].fpnew_core.gen_operation_groups[3].i_opgroup_block.gen_merged_slice.i_multifmt_slice.gen_num_lanes[0].active_lane.lane_instance.i_fpnew_cast_multi	21	6568	2773742	147673	98341	147673	20	98342	1237902	8627	49155,49168,8,0,2,0,0,0,0,0,0,0,0,0,0,0,8,0,0,0,0,0,0,0,0,0,0,0,0,0,0,0,0,0,0,0,0,0,0,0	27,4,1,3,2,0,0,1,49148,0,1,0,0,1,0,49148,4,0,0,0,1,0,0,0,0,1,0,0,0,0,0,0,0,0,0,0,0,0,0,0	33	12281	12234	12281	6	12235	1373294	8795	12214,8,5,0,6,1,0,0,0,0,0,0,0,0,0,0,0,0,0,0,0,0,0,0,0,0,0,0,0,0,0,0,0,0,0,0,0,0,0,0	19,1,1,0,0,0,0,0,714,0,0,0,1,0,0,1,1931,2526,3150,2792,1025,62,9,1,1,1,0,0,0,0,0,0,0,0,0,0,0,0,0,0
tb.dut.clusters[0].cluster.sockets[0].socket.cores[0].core.execute.fpu_unit.genblk1[0].fpu_fpnew.genblk3[1].fpnew_core.gen_operation_groups[3].i_opgroup_block.gen_merged_slice.i_multifmt_slice.gen_num_lanes[0].active_lane.lane_instance.i_fpnew_cast_multi.fmt_init_inputs[0]	22	308	135	32	32	32	1	33	1385543	1384886	32,0,0,0,0,0,0,0,0,0,0,0,0,0,0,0,0,0,0,0,0,0,0,0,0,0,0,0,0,0,0,0,0,0,0,0,0,0,0,0	2,14,7,1,0,0,0,0,0,0,0,0,0,0,0,0,7,0,0,0,1,0,0,0,0,0,0,0,0,0,0,0,1,0,0,0,0,0,0,0	2	32	32	32	1	33	1385543	1384886	32,0,0,0,0,0,0,0,0,0,0,0,0,0,0,0,0,0,0,0,0,0,0,0,0,0,0,0,0,0,0,0,0,0,0,0,0,0,0,0	2,14,7,1,0,0,0,0,0,0,0,0,0,0,0,0,7,0,0,0,1,0,0,0,0,0,0,0,0,0,0,0,1,0,0,0,0,0,0,0
tb.dut.clusters[0].cluster.sockets[0].socket.cores[0].core.execute.fpu_unit.genblk1[0].fpu_fpnew.genblk3[1].fpnew_core.gen_operation_groups[3].i_opgroup_block.gen_merged_slice.i_multifmt_slice.gen_num_lanes[0].active_lane.lane_instance.i_fpnew_cast_multi.fmt_init_inputs[0].active_format	23	212	135	32	32	32	1	33	1385543	1384886	32,0,0,0,0,0,0,0,0,0,0,0,0,0,0,0,0,0,0,0,0,0,0,0,0,0,0,0,0,0,0,0,0,0,0,0,0,0,0,0	2,14,7,1,0,0,0,0,0,0,0,0,0,0,0,0,7,0,0,0,1,0,0,0,0,0,0,0,0,0,0,0,1,0,0,0,0,0,0,0	2	32	32	32	1	33	1385543	1384886	32,0,0,0,0,0,0,0,0,0,0,0,0,0,0,0,0,0,0,0,0,0,0,0,0,0,0,0,0,0,0,0,0,0,0,0,0,0,0,0	2,14,7,1,0,0,0,0,0,0,0,0,0,0,0,0,7,0,0,0,1,0,0,0,0,0,0,0,0,0,0,0,1,0,0,0,0,0,0,0
tb.dut.clusters[0].cluster.sockets[0].socket.cores[0].core.execute.fpu_unit.genblk1[0].fpu_fpnew.genblk3[1].fpnew_core.gen_operation_groups[3].i_opgroup_block.gen_merged_slice.i_multifmt_slice.gen_num_lanes[0].active_lane.lane_instance.i_fpnew_cast_multi.fmt_init_inputs[0].active_format.i_fpnew_classifier	24	212	135	32	32	32	1	33	1385543	1384886	32,0,0,0,0,0,0,0,0,0,0,0,0,0,0,0,0,0,0,0,0,0,0,0,0,0,0,0,0,0,0,0,0,0,0,0,0,0,0,0	2,14,7,1,0,0,0,0,0,0,0,0,0,0,0,0,7,0,0,0,1,0,0,0,0,0,0,0,0,0,0,0,1,0,0,0,0,0,0,0	2	32	32	32	1	33	1385543	1384886	32,0,0,0,0,0,0,0,0,0,0,0,0,0,0,0,0,0,0,0,0,0,0,0,0,0,0,0,0,0,0,0,0,0,0,0,0,0,0,0	2,14,7,1,0,0,0,0,0,0,0,0,0,0,0,0,7,0,0,0,1,0,0,0,0,0,0,0,0,0,0,0,1,0,0,0,0,0,0,0
tb.dut.clusters[0].cluster.sockets[0].socket.cores[0].core.execute.fpu_unit.genblk1[0].fpu_fpnew.genblk3[1].fpnew_core.gen_operation_groups[3].i_opgroup_block.gen_merged_slice.i_multifmt_slice.gen_num_lanes[0].active_lane.lane_instance.i_fpnew_cast_multi.fmt_init_inputs[0].active_format.i_fpnew_classifier.gen_num_values[0]	25	40	67	32	32	32	1	33	1385543	1384886	32,0,0,0,0,0,0,0,0,0,0,0,0,0,0,0,0,0,0,0,0,0,0,0,0,0,0,0,0,0,0,0,0,0,0,0,0,0,0,0	2,14,7,1,0,0,0,0,0,0,0,0,0,0,0,0,7,0,0,0,1,0,0,0,0,0,0,0,0,0,0,0,1,0,0,0,0,0,0,0	2	16	16	16	1	17	1385559	1384889	16,0,0,0,0,0,0,0,0,0,0,0,0,0,0,0,0,0,0,0,0,0,0,0,0,0,0,0,0,0,0,0,0,0,0,0,0,0,0,0	0,0,0,0,0,8,0,0,0,0,0,0,0,0,0,0,7,0,0,0,1,0,0,0,0,0,0,0,0,0,0,0,1,0,0,0,0,0,0,0
tb.dut.clusters[0].cluster.sockets[0].socket.cores[0].core.execute.fpu_unit.genblk1[0].fpu_fpnew.genblk3[1].fpnew_core.gen_operation_groups[3].i_opgroup_block.gen_merged_slice.i_multifmt_slice.gen_num_lanes[0].active_lane.lane_instance.i_fpnew_cast_multi.fmt_init_inputs[1]	22	96	0	0	0	0	0	1	1385575	1385575	0,0,0,0,0,0,0,0,0,0,0,0,0,0,0,0,0,0,0,0,0,0,0,0,0,0,0,0,0,0,0,0,0,0,0,0,0,0,0,0	0,0,0,0,0,0,0,0,0,0,0,0,0,0,0,0,0,0,0,0,0,0,0,0,0,0,0,0,0,0,0,0,1,0,0,0,0,0,0,0	2	0	0	0	0	1	1385575	1385575	0,0,0,0,0,0,0,0,0,0,0,0,0,0,0,0,0,0,0,0,0,0,0,0,0,0,0,0,0,0,0,0,0,0,0,0,0,0,0,0	0,0,0,0,0,0,0,0,0,0,0,0,0,0,0,0,0,0,0,0,0,0,0,0,0,0,0,0,0,0,0,0,1,0,0,0,0,0,0,0
tb.dut.clusters[0].cluster.sockets[0].socket.cores[0].core.execute.fpu_unit.genblk1[0].fpu_fpnew.genblk3[1].fpnew_core.gen_operation_groups[3].i_opgroup_block.gen_merged_slice.i_multifmt_slice.gen_num_lanes[0].active_lane.lane_instance.i_fpnew_cast_multi.fmt_init_inputs[2]	22	96	0	0	0	0	0	1	1385575	1385575	0,0,0,0,0,0,0,0,0,0,0,0,0,0,0,0,0,0,0,0,0,0,0,0,0,0,0,0,0,0,0,0,0,0,0,0,0,0,0,0	0,0,0,0,0,0,0,0,0,0,0,0,0,0,0,0,0,0,0,0,0,0,0,0,0,0,0,0,0,0,0,0,1,0,0,0,0,0,0,0	2	0	0	0	0	1	1385575	1385575	0,0,0,0,0,0,0,0,0,0,0,0,0,0,0,0,0,0,0,0,0,0,0,0,0,0,0,0,0,0,0,0,0,0,0,0,0,0,0,0	0,0,0,0,0,0,0,0,0,0,0,0,0,0,0,0,0,0,0,0,0,0,0,0,0,0,0,0,0,0,0,0,1,0,0,0,0,0,0,0
tb.dut.clusters[0].cluster.sockets[0].socket.cores[0].core.execute.fpu_unit.genblk1[0].fpu_fpnew.genblk3[1].fpnew_core.gen_operation_groups[3].i_opgroup_block.gen_merged_slice.i_multifmt_slice.gen_num_lanes[0].active_lane.lane_instance.i_fpnew_cast_multi.fmt_init_inputs[3]	22	96	0	0	0	0	0	1	1385575	1385575	0,0,0,0,0,0,0,0,0,0,0,0,0,0,0,0,0,0,0,0,0,0,0,0,0,0,0,0,0,0,0,0,0,0,0,0,0,0,0,0	0,0,0,0,0,0,0,0,0,0,0,0,0,0,0,0,0,0,0,0,0,0,0,0,0,0,0,0,0,0,0,0,1,0,0,0,0,0,0,0	2	0	0	0	0	1	1385575	1385575	0,0,0,0,0,0,0,0,0,0,0,0,0,0,0,0,0,0,0,0,0,0,0,0,0,0,0,0,0,0,0,0,0,0,0,0,0,0,0,0	0,0,0,0,0,0,0,0,0,0,0,0,0,0,0,0,0,0,0,0,0,0,0,0,0,0,0,0,0,0,0,0,1,0,0,0,0,0,0,0
tb.dut.clusters[0].cluster.sockets[0].socket.cores[0].core.execute.fpu_unit.genblk1[0].fpu_fpnew.genblk3[1].fpnew_core.gen_operation_groups[3].i_opgroup_block.gen_merged_slice.i_multifmt_slice.gen_num_lanes[0].active_lane.lane_instance.i_fpnew_cast_multi.fmt_init_inputs[4]	22	96	0	0	0	0	0	1	1385575	1385575	0,0,0,0,0,0,0,0,0,0,0,0,0,0,0,0,0,0,0,0,0,0,0,0,0,0,0,0,0,0,0,0,0,0,0,0,0,0,0,0	0,0,0,0,0,0,0,0,0,0,0,0,0,0,0,0,0,0,0,0,0,0,0,0,0,0,0,0,0,0,0,0,1,0,0,0,0,0,0,0	2	0	0	0	0	1	1385575	1385575	0,0,0,0,0,0,0,0,0,0,0,0,0,0,0,0,0,0,0,0,0,0,0,0,0,0,0,0,0,0,0,0,0,0,0,0,0,0,0,0	0,0,0,0,0,0,0,0,0,0,0,0,0,0,0,0,0,0,0,0,0,0,0,0,0,0,0,0,0,0,0,0,1,0,0,0,0,0,0,0
tb.dut.clusters[0].cluster.sockets[0].socket.cores[0].core.execute.fpu_unit.genblk1[0].fpu_fpnew.genblk3[1].fpnew_core.gen_operation_groups[3].i_opgroup_block.gen_merged_slice.i_multifmt_slice.gen_num_lanes[0].active_lane.lane_instance.i_fpnew_cast_multi.gen_input_pipeline[0]	22	1	64	64	30	64	4	31	1385511	1384887	0,28,0,2,0,0,0,0,0,0,0,0,0,0,0,0,0,0,0,0,0,0,0,0,0,0,0,0,0,0,0,0,0,0,0,0,0,0,0,0	14,7,1,0,0,0,0,0,0,0,0,0,0,0,0,0,7,0,0,0,1,0,0,0,0,0,0,0,0,0,0,0,1,0,0,0,0,0,0,0	2	0	0	0	0	1	1385575	1385575	0,0,0,0,0,0,0,0,0,0,0,0,0,0,0,0,0,0,0,0,0,0,0,0,0,0,0,0,0,0,0,0,0,0,0,0,0,0,0,0	0,0,0,0,0,0,0,0,0,0,0,0,0,0,0,0,0,0,0,0,0,0,0,0,0,0,0,0,0,0,0,0,1,0,0,0,0,0,0,0
tb.dut.clusters[0].cluster.sockets[0].socket.cores[0].core.execute.fpu_unit.genblk1[0].fpu_fpnew.genblk3[1].fpnew_core.gen_operation_groups[3].i_opgroup_block.gen_merged_slice.i_multifmt_slice.gen_num_lanes[0].active_lane.lane_instance.i_fpnew_cast_multi.gen_input_pipeline[1]	22	1	64	64	30	64	4	31	1385511	1384886	0,28,0,2,0,0,0,0,0,0,0,0,0,0,0,0,0,0,0,0,0,0,0,0,0,0,0,0,0,0,0,0,0,0,0,0,0,0,0,0	14,7,1,0,0,0,0,0,0,0,0,0,0,0,0,0,7,0,0,0,1,0,0,0,0,0,0,0,0,0,0,0,1,0,0,0,0,0,0,0	2	0	0	0	0	1	1385575	1385575	0,0,0,0,0,0,0,0,0,0,0,0,0,0,0,0,0,0,0,0,0,0,0,0,0,0,0,0,0,0,0,0,0,0,0,0,0,0,0,0	0,0,0,0,0,0,0,0,0,0,0,0,0,0,0,0,0,0,0,0,0,0,0,0,0,0,0,0,0,0,0,0,1,0,0,0,0,0,0,0
tb.dut.clusters[0].cluster.sockets[0].socket.cores[0].core.execute.fpu_unit.genblk1[0].fpu_fpnew.genblk3[1].fpnew_core.gen_operation_groups[3].i_opgroup_block.gen_merged_slice.i_multifmt_slice.gen_num_lanes[0].active_lane.lane_instance.i_fpnew_cast_multi.gen_inside_pipeline[0]	22	1	64	64	30	64	4	31	1385511	1384885	0,28,0,2,0,0,0,0,0,0,0,0,0,0,0,0,0,0,0,0,0,0,0,0,0,0,0,0,0,0,0,0,0,0,0,0,0,0,0,0	14,7,1,0,0,0,0,0,0,0,0,0,0,0,0,0,7,0,0,0,1,0,0,0,0,0,0,0,0,0,0,0,1,0,0,0,0,0,0,0	2	0	0	0	0	1	1385575	1385575	0,0,0,0,0,0,0,0,0,0,0,0,0,0,0,0,0,0,0,0,0,0,0,0,0,0,0,0,0,0,0,0,0,0,0,0,0,0,0,0	0,0,0,0,0,0,0,0,0,0,0,0,0,0,0,0,0,0,0,0,0,0,0,0,0,0,0,0,0,0,0,0,1,0,0,0,0,0,0,0
tb.dut.clusters[0].cluster.sockets[0].socket.cores[0].core.execute.fpu_unit.genblk1[0].fpu_fpnew.genblk3[1].fpnew_core.gen_operation_groups[3].i_opgroup_block.gen_merged_slice.i_multifmt_slice.gen_num_lanes[0].active_lane.lane_instance.i_fpnew_cast_multi.gen_inside_pipeline[1]	22	1	64	64	30	64	4	31	1385511	1384884	0,28,0,2,0,0,0,0,0,0,0,0,0,0,0,0,0,0,0,0,0,0,0,0,0,0,0,0,0,0,0,0,0,0,0,0,0,0,0,0	14,7,1,0,0,0,0,0,0,0,0,0,0,0,0,0,7,0,0,0,1,0,0,0,0,0,0,0,0,0,0,0,1,0,0,0,0,0,0,0	2	0	0	0	0	1	1385575	1385575	0,0,0,0,0,0,0,0,0,0,0,0,0,0,0,0,0,0,0,0,0,0,0,0,0,0,0,0,0,0,0,0,0,0,0,0,0,0,0,0	0,0,0,0,0,0,0,0,0,0,0,0,0,0,0,0,0,0,0,0,0,0,0,0,0,0,0,0,0,0,0,0,1,0,0,0,0,0,0,0
tb.dut.clusters[0].cluster.sockets[0].socket.cores[0].core.execute.fpu_unit.genblk1[0].fpu_fpnew.genblk3[1].fpnew_core.gen_operation_groups[3].i_opgroup_block.gen_merged_slice.i_multifmt_slice.gen_num_lanes[0].active_lane.lane_instance.i_fpnew_cast_multi.gen_int_overflow[0]	22	32	0	0	0	0	0	1	1385575	1385575	0,0,0,0,0,0,0,0,0,0,0,0,0,0,0,0,0,0,0,0,0,0,0,0,0,0,0,0,0,0,0,0,0,0,0,0,0,0,0,0	0,0,0,0,0,0,0,0,0,0,0,0,0,0,0,0,0,0,0,0,0,0,0,0,0,0,0,0,0,0,0,0,1,0,0,0,0,0,0,0	2	0	0	0	0	1	1385575	1385575	0,0,0,0,0,0,0,0,0,0,0,0,0,0,0,0,0,0,0,0,0,0,0,0,0,0,0,0,0,0,0,0,0,0,0,0,0,0,0,0	0,0,0,0,0,0,0,0,0,0,0,0,0,0,0,0,0,0,0,0,0,0,0,0,0,0,0,0,0,0,0,0,1,0,0,0,0,0,0,0
tb.dut.clusters[0].cluster.sockets[0].socket.cores[0].core.execute.fpu_unit.genblk1[0].fpu_fpnew.genblk3[1].fpnew_core.gen_operation_groups[3].i_opgroup_block.gen_merged_slice.i_multifmt_slice.gen_num_lanes[0].active_lane.lane_instance.i_fpnew_cast_multi.gen_int_overflow[1]	22	32	0	0	0	0	0	1	1385575	1385575	0,0,0,0,0,0,0,0,0,0,0,0,0,0,0,0,0,0,0,0,0,0,0,0,0,0,0,0,0,0,0,0,0,0,0,0,0,0,0,0	0,0,0,0,0,0,0,0,0,0,0,0,0,0,0,0,0,0,0,0,0,0,0,0,0,0,0,0,0,0,0,0,1,0,0,0,0,0,0,0	2	0	0	0	0	1	1385575	1385575	0,0,0,0,0,0,0,0,0,0,0,0,0,0,0,0,0,0,0,0,0,0,0,0,0,0,0,0,0,0,0,0,0,0,0,0,0,0,0,0	0,0,0,0,0,0,0,0,0,0,0,0,0,0,0,0,0,0,0,0,0,0,0,0,0,0,0,0,0,0,0,0,1,0,0,0,0,0,0,0
tb.dut.clusters[0].cluster.sockets[0].socket.cores[0].core.execute.fpu_unit.genblk1[0].fpu_fpnew.genblk3[1].fpnew_core.gen_operation_groups[3].i_opgroup_block.gen_merged_slice.i_multifmt_slice.gen_num_lanes[0].active_lane.lane_instance.i_fpnew_cast_multi.gen_int_overflow[2]	22	32	0	0	0	0	0	1	1385575	1385575	0,0,0,0,0,0,0,0,0,0,0,0,0,0,0,0,0,0,0,0,0,0,0,0,0,0,0,0,0,0,0,0,0,0,0,0,0,0,0,0	0,0,0,0,0,0,0,0,0,0,0,0,0,0,0,0,0,0,0,0,0,0,0,0,0,0,0,0,0,0,0,0,1,0,0,0,0,0,0,0	2	0	0	0	0	1	1385575	1385575	0,0,0,0,0,0,0,0,0,0,0,0,0,0,0,0,0,0,0,0,0,0,0,0,0,0,0,0,0,0,0,0,0,0,0,0,0,0,0,0	0,0,0,0,0,0,0,0,0,0,0,0,0,0,0,0,0,0,0,0,0,0,0,0,0,0,0,0,0,0,0,0,1,0,0,0,0,0,0,0
tb.dut.clusters[0].cluster.sockets[0].socket.cores[0].core.execute.fpu_unit.genblk1[0].fpu_fpnew.genblk3[1].fpnew_core.gen_operation_groups[3].i_opgroup_block.gen_merged_slice.i_multifmt_slice.gen_num_lanes[0].active_lane.lane_instance.i_fpnew_cast_multi.gen_int_overflow[3]	22	32	0	0	0	0	0	1	1385575	1385575	0,0,0,0,0,0,0,0,0,0,0,0,0,0,0,0,0,0,0,0,0,0,0,0,0,0,0,0,0,0,0,0,0,0,0,0,0,0,0,0	0,0,0,0,0,0,0,0,0,0,0,0,0,0,0,0,0,0,0,0,0,0,0,0,0,0,0,0,0,0,0,0,1,0,0,0,0,0,0,0	2	0	0	0	0	1	1385575	1385575	0,0,0,0,0,0,0,0,0,0,0,0,0,0,0,0,0,0,0,0,0,0,0,0,0,0,0,0,0,0,0,0,0,0,0,0,0,0,0,0	0,0,0,0,0,0,0,0,0,0,0,0,0,0,0,0,0,0,0,0,0,0,0,0,0,0,0,0,0,0,0,0,1,0,0,0,0,0,0,0
tb.dut.clusters[0].cluster.sockets[0].socket.cores[0].core.execute.fpu_unit.genblk1[0].fpu_fpnew.genblk3[1].fpnew_core.gen_operation_groups[3].i_opgroup_block.gen_merged_slice.i_multifmt_slice.gen_num_lanes[0].active_lane.lane_instance.i_fpnew_cast_multi.gen_int_res_sign_ext[0]	22	32	0	0	0	0	0	1	1385575	1385575	0,0,0,0,0,0,0,0,0,0,0,0,0,0,0,0,0,0,0,0,0,0,0,0,0,0,0,0,0,0,0,0,0,0,0,0,0,0,0,0	0,0,0,0,0,0,0,0,0,0,0,0,0,0,0,0,0,0,0,0,0,0,0,0,0,0,0,0,0,0,0,0,1,0,0,0,0,0,0,0	2	0	0	0	0	1	1385575	1385575	0,0,0,0,0,0,0,0,0,0,0,0,0,0,0,0,0,0,0,0,0,0,0,0,0,0,0,0,0,0,0,0,0,0,0,0,0,0,0,0	0,0,0,0,0,0,0,0,0,0,0,0,0,0,0,0,0,0,0,0,0,0,0,0,0,0,0,0,0,0,0,0,1,0,0,0,0,0,0,0
tb.dut.clusters[0].cluster.sockets[0].socket.cores[0].core.execute.fpu_unit.genblk1[0].fpu_fpnew.genblk3[1].fpnew_core.gen_operation_groups[3].i_opgroup_block.gen_merged_slice.i_multifmt_slice.gen_num_lanes[0].active_lane.lane_instance.i_fpnew_cast_multi.gen_int_res_sign_ext[1]	22	32	0	0	0	0	0	1	1385575	1385575	0,0,0,0,0,0,0,0,0,0,0,0,0,0,0,0,0,0,0,0,0,0,0,0,0,0,0,0,0,0,0,0,0,0,0,0,0,0,0,0	0,0,0,0,0,0,0,0,0,0,0,0,0,0,0,0,0,0,0,0,0,0,0,0,0,0,0,0,0,0,0,0,1,0,0,0,0,0,0,0	2	0	0	0	0	1	1385575	1385575	0,0,0,0,0,0,0,0,0,0,0,0,0,0,0,0,0,0,0,0,0,0,0,0,0,0,0,0,0,0,0,0,0,0,0,0,0,0,0,0	0,0,0,0,0,0,0,0,0,0,0,0,0,0,0,0,0,0,0,0,0,0,0,0,0,0,0,0,0,0,0,0,1,0,0,0,0,0,0,0
tb.dut.clusters[0].cluster.sockets[0].socket.cores[0].core.execute.fpu_unit.genblk1[0].fpu_fpnew.genblk3[1].fpnew_core.gen_operation_groups[3].i_opgroup_block.gen_merged_slice.i_multifmt_slice.gen_num_lanes[0].active_lane.lane_instance.i_fpnew_cast_multi.gen_int_res_sign_ext[2]	22	32	0	0	0	0	0	1	1385575	1385575	0,0,0,0,0,0,0,0,0,0,0,0,0,0,0,0,0,0,0,0,0,0,0,0,0,0,0,0,0,0,0,0,0,0,0,0,0,0,0,0	0,0,0,0,0,0,0,0,0,0,0,0,0,0,0,0,0,0,0,0,0,0,0,0,0,0,0,0,0,0,0,0,1,0,0,0,0,0,0,0	2	0	0	0	0	1	1385575	1385575	0,0,0,0,0,0,0,0,0,0,0,0,0,0,0,0,0,0,0,0,0,0,0,0,0,0,0,0,0,0,0,0,0,0,0,0,0,0,0,0	0,0,0,0,0,0,0,0,0,0,0,0,0,0,0,0,0,0,0,0,0,0,0,0,0,0,0,0,0,0,0,0,1,0,0,0,0,0,0,0
tb.dut.clusters[0].cluster.sockets[0].socket.cores[0].core.execute.fpu_unit.genblk1[0].fpu_fpnew.genblk3[1].fpnew_core.gen_operation_groups[3].i_opgroup_block.gen_merged_slice.i_multifmt_slice.gen_num_lanes[0].active_lane.lane_instance.i_fpnew_cast_multi.gen_int_res_sign_ext[3]	22	32	0	0	0	0	0	1	1385575	1385575	0,0,0,0,0,0,0,0,0,0,0,0,0,0,0,0,0,0,0,0,0,0,0,0,0,0,0,0,0,0,0,0,0,0,0,0,0,0,0,0	0,0,0,0,0,0,0,0,0,0,0,0,0,0,0,0,0,0,0,0,0,0,0,0,0,0,0,0,0,0,0,0,1,0,0,0,0,0,0,0	2	0	0	0	0	1	1385575	1385575	0,0,0,0,0,0,0,0,0,0,0,0,0,0,0,0,0,0,0,0,0,0,0,0,0,0,0,0,0,0,0,0,0,0,0,0,0,0,0,0	0,0,0,0,0,0,0,0,0,0,0,0,0,0,0,0,0,0,0,0,0,0,0,0,0,0,0,0,0,0,0,0,1,0,0,0,0,0,0,0
tb.dut.clusters[0].cluster.sockets[0].socket.cores[0].core.execute.fpu_unit.genblk1[0].fpu_fpnew.genblk3[1].fpnew_core.gen_operation_groups[3].i_opgroup_block.gen_merged_slice.i_multifmt_slice.gen_num_lanes[0].active_lane.lane_instance.i_fpnew_cast_multi.gen_output_pipeline[0]	22	1	64	64	30	64	4	31	1385511	1384883	0,28,0,2,0,0,0,0,0,0,0,0,0,0,0,0,0,0,0,0,0,0,0,0,0,0,0,0,0,0,0,0,0,0,0,0,0,0,0,0	14,7,1,0,0,0,0,0,0,0,0,0,0,0,0,0,7,0,0,0,1,0,0,0,0,0,0,0,0,0,0,0,1,0,0,0,0,0,0,0	2	0	0	0	0	1	1385575	1385575	0,0,0,0,0,0,0,0,0,0,0,0,0,0,0,0,0,0,0,0,0,0,0,0,0,0,0,0,0,0,0,0,0,0,0,0,0,0,0,0	0,0,0,0,0,0,0,0,0,0,0,0,0,0,0,0,0,0,0,0,0,0,0,0,0,0,0,0,0,0,0,0,1,0,0,0,0,0,0,0
tb.dut.clusters[0].cluster.sockets[0].socket.cores[0].core.execute.fpu_unit.genblk1[0].fpu_fpnew.genblk3[1].fpnew_core.gen_operation_groups[3].i_opgroup_block.gen_merged_slice.i_multifmt_slice.gen_num_lanes[0].active_lane.lane_instance.i_fpnew_cast_multi.gen_res_assemble[0]	22	64	0	0	0	0	0	1	1385575	1385575	0,0,0,0,0,0,0,0,0,0,0,0,0,0,0,0,0,0,0,0,0,0,0,0,0,0,0,0,0,0,0,0,0,0,0,0,0,0,0,0	0,0,0,0,0,0,0,0,0,0,0,0,0,0,0,0,0,0,0,0,0,0,0,0,0,0,0,0,0,0,0,0,1,0,0,0,0,0,0,0	2	0	0	0	0	1	1385575	1385575	0,0,0,0,0,0,0,0,0,0,0,0,0,0,0,0,0,0,0,0,0,0,0,0,0,0,0,0,0,0,0,0,0,0,0,0,0,0,0,0	0,0,0,0,0,0,0,0,0,0,0,0,0,0,0,0,0,0,0,0,0,0,0,0,0,0,0,0,0,0,0,0,1,0,0,0,0,0,0,0
tb.dut.clusters[0].cluster.sockets[0].socket.cores[0].core.execute.fpu_unit.genblk1[0].fpu_fpnew.genblk3[1].fpnew_core.gen_operation_groups[3].i_opgroup_block.gen_merged_slice.i_multifmt_slice.gen_num_lanes[0].active_lane.lane_instance.i_fpnew_cast_multi.gen_res_assemble[1]	22	64	0	0	0	0	0	1	1385575	1385575	0,0,0,0,0,0,0,0,0,0,0,0,0,0,0,0,0,0,0,0,0,0,0,0,0,0,0,0,0,0,0,0,0,0,0,0,0,0,0,0	0,0,0,0,0,0,0,0,0,0,0,0,0,0,0,0,0,0,0,0,0,0,0,0,0,0,0,0,0,0,0,0,1,0,0,0,0,0,0,0	2	0	0	0	0	1	1385575	1385575	0,0,0,0,0,0,0,0,0,0,0,0,0,0,0,0,0,0,0,0,0,0,0,0,0,0,0,0,0,0,0,0,0,0,0,0,0,0,0,0	0,0,0,0,0,0,0,0,0,0,0,0,0,0,0,0,0,0,0,0,0,0,0,0,0,0,0,0,0,0,0,0,1,0,0,0,0,0,0,0
tb.dut.clusters[0].cluster.sockets[0].socket.cores[0].core.execute.fpu_unit.genblk1[0].fpu_fpnew.genblk3[1].fpnew_core.gen_operation_groups[3].i_opgroup_block.gen_merged_slice.i_multifmt_slice.gen_num_lanes[0].active_lane.lane_instance.i_fpnew_cast_multi.gen_res_assemble[2]	22	64	0	0	0	0	0	1	1385575	1385575	0,0,0,0,0,0,0,0,0,0,0,0,0,0,0,0,0,0,0,0,0,0,0,0,0,0,0,0,0,0,0,0,0,0,0,0,0,0,0,0	0,0,0,0,0,0,0,0,0,0,0,0,0,0,0,0,0,0,0,0,0,0,0,0,0,0,0,0,0,0,0,0,1,0,0,0,0,0,0,0	2	0	0	0	0	1	1385575	1385575	0,0,0,0,0,0,0,0,0,0,0,0,0,0,0,0,0,0,0,0,0,0,0,0,0,0,0,0,0,0,0,0,0,0,0,0,0,0,0,0	0,0,0,0,0,0,0,0,0,0,0,0,0,0,0,0,0,0,0,0,0,0,0,0,0,0,0,0,0,0,0,0,1,0,0,0,0,0,0,0
tb.dut.clusters[0].cluster.sockets[0].socket.cores[0].core.execute.fpu_unit.genblk1[0].fpu_fpnew.genblk3[1].fpnew_core.gen_operation_groups[3].i_opgroup_block.gen_merged_slice.i_multifmt_slice.gen_num_lanes[0].active_lane.lane_instance.i_fpnew_cast_multi.gen_res_assemble[3]	22	64	0	0	0	0	0	1	1385575	1385575	0,0,0,0,0,0,0,0,0,0,0,0,0,0,0,0,0,0,0,0,0,0,0,0,0,0,0,0,0,0,0,0,0,0,0,0,0,0,0,0	0,0,0,0,0,0,0,0,0,0,0,0,0,0,0,0,0,0,0,0,0,0,0,0,0,0,0,0,0,0,0,0,1,0,0,0,0,0,0,0	2	0	0	0	0	1	1385575	1385575	0,0,0,0,0,0,0,0,0,0,0,0,0,0,0,0,0,0,0,0,0,0,0,0,0,0,0,0,0,0,0,0,0,0,0,0,0,0,0,0	0,0,0,0,0,0,0,0,0,0,0,0,0,0,0,0,0,0,0,0,0,0,0,0,0,0,0,0,0,0,0,0,1,0,0,0,0,0,0,0
tb.dut.clusters[0].cluster.sockets[0].socket.cores[0].core.execute.fpu_unit.genblk1[0].fpu_fpnew.genblk3[1].fpnew_core.gen_operation_groups[3].i_opgroup_block.gen_merged_slice.i_multifmt_slice.gen_num_lanes[0].active_lane.lane_instance.i_fpnew_cast_multi.gen_res_assemble[4]	22	64	0	0	0	0	0	1	1385575	1385575	0,0,0,0,0,0,0,0,0,0,0,0,0,0,0,0,0,0,0,0,0,0,0,0,0,0,0,0,0,0,0,0,0,0,0,0,0,0,0,0	0,0,0,0,0,0,0,0,0,0,0,0,0,0,0,0,0,0,0,0,0,0,0,0,0,0,0,0,0,0,0,0,1,0,0,0,0,0,0,0	2	0	0	0	0	1	1385575	1385575	0,0,0,0,0,0,0,0,0,0,0,0,0,0,0,0,0,0,0,0,0,0,0,0,0,0,0,0,0,0,0,0,0,0,0,0,0,0,0,0	0,0,0,0,0,0,0,0,0,0,0,0,0,0,0,0,0,0,0,0,0,0,0,0,0,0,0,0,0,0,0,0,1,0,0,0,0,0,0,0
tb.dut.clusters[0].cluster.sockets[0].socket.cores[0].core.execute.fpu_unit.genblk1[0].fpu_fpnew.genblk3[1].fpnew_core.gen_operation_groups[3].i_opgroup_block.gen_merged_slice.i_multifmt_slice.gen_num_lanes[0].active_lane.lane_instance.i_fpnew_cast_multi.gen_sign_extend_int[0]	22	32	0	0	0	0	0	1	1385575	1385575	0,0,0,0,0,0,0,0,0,0,0,0,0,0,0,0,0,0,0,0,0,0,0,0,0,0,0,0,0,0,0,0,0,0,0,0,0,0,0,0	0,0,0,0,0,0,0,0,0,0,0,0,0,0,0,0,0,0,0,0,0,0,0,0,0,0,0,0,0,0,0,0,1,0,0,0,0,0,0,0	2	0	0	0	0	1	1385575	1385575	0,0,0,0,0,0,0,0,0,0,0,0,0,0,0,0,0,0,0,0,0,0,0,0,0,0,0,0,0,0,0,0,0,0,0,0,0,0,0,0	0,0,0,0,0,0,0,0,0,0,0,0,0,0,0,0,0,0,0,0,0,0,0,0,0,0,0,0,0,0,0,0,1,0,0,0,0,0,0,0
tb.dut.clusters[0].cluster.sockets[0].socket.cores[0].core.execute.fpu_unit.genblk1[0].fpu_fpnew.genblk3[1].fpnew_core.gen_operation_groups[3].i_opgroup_block.gen_merged_slice.i_multifmt_slice.gen_num_lanes[0].active_lane.lane_instance.i_fpnew_cast_multi.gen_sign_extend_int[1]	22	32	0	0	0	0	0	1	1385575	1385575	0,0,0,0,0,0,0,0,0,0,0,0,0,0,0,0,0,0,0,0,0,0,0,0,0,0,0,0,0,0,0,0,0,0,0,0,0,0,0,0	0,0,0,0,0,0,0,0,0,0,0,0,0,0,0,0,0,0,0,0,0,0,0,0,0,0,0,0,0,0,0,0,1,0,0,0,0,0,0,0	2	0	0	0	0	1	1385575	1385575	0,0,0,0,0,0,0,0,0,0,0,0,0,0,0,0,0,0,0,0,0,0,0,0,0,0,0,0,0,0,0,0,0,0,0,0,0,0,0,0	0,0,0,0,0,0,0,0,0,0,0,0,0,0,0,0,0,0,0,0,0,0,0,0,0,0,0,0,0,0,0,0,1,0,0,0,0,0,0,0
tb.dut.clusters[0].cluster.sockets[0].socket.cores[0].core.execute.fpu_unit.genblk1[0].fpu_fpnew.genblk3[1].fpnew_core.gen_operation_groups[3].i_opgroup_block.gen_merged_slice.i_multifmt_slice.gen_num_lanes[0].active_lane.lane_instance.i_fpnew_cast_multi.gen_sign_extend_int[2]	22	32	0	0	0	0	0	1	1385575	1385575	0,0,0,0,0,0,0,0,0,0,0,0,0,0,0,0,0,0,0,0,0,0,0,0,0,0,0,0,0,0,0,0,0,0,0,0,0,0,0,0	0,0,0,0,0,0,0,0,0,0,0,0,0,0,0,0,0,0,0,0,0,0,0,0,0,0,0,0,0,0,0,0,1,0,0,0,0,0,0,0	2	0	0	0	0	1	1385575	1385575	0,0,0,0,0,0,0,0,0,0,0,0,0,0,0,0,0,0,0,0,0,0,0,0,0,0,0,0,0,0,0,0,0,0,0,0,0,0,0,0	0,0,0,0,0,0,0,0,0,0,0,0,0,0,0,0,0,0,0,0,0,0,0,0,0,0,0,0,0,0,0,0,1,0,0,0,0,0,0,0
tb.dut.clusters[0].cluster.sockets[0].socket.cores[0].core.execute.fpu_unit.genblk1[0].fpu_fpnew.genblk3[1].fpnew_core.gen_operation_groups[3].i_opgroup_block.gen_merged_slice.i_multifmt_slice.gen_num_lanes[0].active_lane.lane_instance.i_fpnew_cast_multi.gen_sign_extend_int[3]	22	32	0	0	0	0	0	1	1385575	1385575	0,0,0,0,0,0,0,0,0,0,0,0,0,0,0,0,0,0,0,0,0,0,0,0,0,0,0,0,0,0,0,0,0,0,0,0,0,0,0,0	0,0,0,0,0,0,0,0,0,0,0,0,0,0,0,0,0,0,0,0,0,0,0,0,0,0,0,0,0,0,0,0,1,0,0,0,0,0,0,0	2	0	0	0	0	1	1385575	1385575	0,0,0,0,0,0,0,0,0,0,0,0,0,0,0,0,0,0,0,0,0,0,0,0,0,0,0,0,0,0,0,0,0,0,0,0,0,0,0,0	0,0,0,0,0,0,0,0,0,0,0,0,0,0,0,0,0,0,0,0,0,0,0,0,0,0,0,0,0,0,0,0,1,0,0,0,0,0,0,0
tb.dut.clusters[0].cluster.sockets[0].socket.cores[0].core.execute.fpu_unit.genblk1[0].fpu_fpnew.genblk3[1].fpnew_core.gen_operation_groups[3].i_opgroup_block.gen_merged_slice.i_multifmt_slice.gen_num_lanes[0].active_lane.lane_instance.i_fpnew_cast_multi.gen_sign_inject[0]	22	96	0	0	0	0	0	1	1385575	1385575	0,0,0,0,0,0,0,0,0,0,0,0,0,0,0,0,0,0,0,0,0,0,0,0,0,0,0,0,0,0,0,0,0,0,0,0,0,0,0,0	0,0,0,0,0,0,0,0,0,0,0,0,0,0,0,0,0,0,0,0,0,0,0,0,0,0,0,0,0,0,0,0,1,0,0,0,0,0,0,0	2	0	0	0	0	1	1385575	1385575	0,0,0,0,0,0,0,0,0,0,0,0,0,0,0,0,0,0,0,0,0,0,0,0,0,0,0,0,0,0,0,0,0,0,0,0,0,0,0,0	0,0,0,0,0,0,0,0,0,0,0,0,0,0,0,0,0,0,0,0,0,0,0,0,0,0,0,0,0,0,0,0,1,0,0,0,0,0,0,0
tb.dut.clusters[0].cluster.sockets[0].socket.cores[0].core.execute.fpu_unit.genblk1[0].fpu_fpnew.genblk3[1].fpnew_core.gen_operation_groups[3].i_opgroup_block.gen_merged_slice.i_multifmt_slice.gen_num_lanes[0].active_lane.lane_instance.i_fpnew_cast_multi.gen_sign_inject[1]	22	96	0	0	0	0	0	1	1385575	1385575	0,0,0,0,0,0,0,0,0,0,0,0,0,0,0,0,0,0,0,0,0,0,0,0,0,0,0,0,0,0,0,0,0,0,0,0,0,0,0,0	0,0,0,0,0,0,0,0,0,0,0,0,0,0,0,0,0,0,0,0,0,0,0,0,0,0,0,0,0,0,0,0,1,0,0,0,0,0,0,0	2	0	0	0	0	1	1385575	1385575	0,0,0,0,0,0,0,0,0,0,0,0,0,0,0,0,0,0,0,0,0,0,0,0,0,0,0,0,0,0,0,0,0,0,0,0,0,0,0,0	0,0,0,0,0,0,0,0,0,0,0,0,0,0,0,0,0,0,0,0,0,0,0,0,0,0,0,0,0,0,0,0,1,0,0,0,0,0,0,0
tb.dut.clusters[0].cluster.sockets[0].socket.cores[0].core.execute.fpu_unit.genblk1[0].fpu_fpnew.genblk3[1].fpnew_core.gen_operation_groups[3].i_opgroup_block.gen_merged_slice.i_multifmt_slice.gen_num_lanes[0].active_lane.lane_instance.i_fpnew_cast_multi.gen_sign_inject[2]	22	96	0	0	0	0	0	1	1385575	1385575	0,0,0,0,0,0,0,0,0,0,0,0,0,0,0,0,0,0,0,0,0,0,0,0,0,0,0,0,0,0,0,0,0,0,0,0,0,0,0,0	0,0,0,0,0,0,0,0,0,0,0,0,0,0,0,0,0,0,0,0,0,0,0,0,0,0,0,0,0,0,0,0,1,0,0,0,0,0,0,0	2	0	0	0	0	1	1385575	1385575	0,0,0,0,0,0,0,0,0,0,0,0,0,0,0,0,0,0,0,0,0,0,0,0,0,0,0,0,0,0,0,0,0,0,0,0,0,0,0,0	0,0,0,0,0,0,0,0,0,0,0,0,0,0,0,0,0,0,0,0,0,0,0,0,0,0,0,0,0,0,0,0,1,0,0,0,0,0,0,0
tb.dut.clusters[0].cluster.sockets[0].socket.cores[0].core.execute.fpu_unit.genblk1[0].fpu_fpnew.genblk3[1].fpnew_core.gen_operation_groups[3].i_opgroup_block.gen_merged_slice.i_multifmt_slice.gen_num_lanes[0].active_lane.lane_instance.i_fpnew_cast_multi.gen_sign_inject[3]	22	96	0	0	0	0	0	1	1385575	1385575	0,0,0,0,0,0,0,0,0,0,0,0,0,0,0,0,0,0,0,0,0,0,0,0,0,0,0,0,0,0,0,0,0,0,0,0,0,0,0,0	0,0,0,0,0,0,0,0,0,0,0,0,0,0,0,0,0,0,0,0,0,0,0,0,0,0,0,0,0,0,0,0,1,0,0,0,0,0,0,0	2	0	0	0	0	1	1385575	1385575	0,0,0,0,0,0,0,0,0,0,0,0,0,0,0,0,0,0,0,0,0,0,0,0,0,0,0,0,0,0,0,0,0,0,0,0,0,0,0,0	0,0,0,0,0,0,0,0,0,0,0,0,0,0,0,0,0,0,0,0,0,0,0,0,0,0,0,0,0,0,0,0,1,0,0,0,0,0,0,0
tb.dut.clusters[0].cluster.sockets[0].socket.cores[0].core.execute.fpu_unit.genblk1[0].fpu_fpnew.genblk3[1].fpnew_core.gen_operation_groups[3].i_opgroup_block.gen_merged_slice.i_multifmt_slice.gen_num_lanes[0].active_lane.lane_instance.i_fpnew_cast_multi.gen_sign_inject[4]	22	96	0	0	0	0	0	1	1385575	1385575	0,0,0,0,0,0,0,0,0,0,0,0,0,0,0,0,0,0,0,0,0,0,0,0,0,0,0,0,0,0,0,0,0,0,0,0,0,0,0,0	0,0,0,0,0,0,0,0,0,0,0,0,0,0,0,0,0,0,0,0,0,0,0,0,0,0,0,0,0,0,0,0,1,0,0,0,0,0,0,0	2	0	0	0	0	1	1385575	1385575	0,0,0,0,0,0,0,0,0,0,0,0,0,0,0,0,0,0,0,0,0,0,0,0,0,0,0,0,0,0,0,0,0,0,0,0,0,0,0,0	0,0,0,0,0,0,0,0,0,0,0,0,0,0,0,0,0,0,0,0,0,0,0,0,0,0,0,0,0,0,0,0,1,0,0,0,0,0,0,0
tb.dut.clusters[0].cluster.sockets[0].socket.cores[0].core.execute.fpu_unit.genblk1[0].fpu_fpnew.genblk3[1].fpnew_core.gen_operation_groups[3].i_opgroup_block.gen_merged_slice.i_multifmt_slice.gen_num_lanes[0].active_lane.lane_instance.i_fpnew_cast_multi.gen_special_results[0]	22	159	0	0	0	0	0	1	1385575	1385575	0,0,0,0,0,0,0,0,0,0,0,0,0,0,0,0,0,0,0,0,0,0,0,0,0,0,0,0,0,0,0,0,0,0,0,0,0,0,0,0	0,0,0,0,0,0,0,0,0,0,0,0,0,0,0,0,0,0,0,0,0,0,0,0,0,0,0,0,0,0,0,0,1,0,0,0,0,0,0,0	2	0	0	0	0	1	1385575	1385575	0,0,0,0,0,0,0,0,0,0,0,0,0,0,0,0,0,0,0,0,0,0,0,0,0,0,0,0,0,0,0,0,0,0,0,0,0,0,0,0	0,0,0,0,0,0,0,0,0,0,0,0,0,0,0,0,0,0,0,0,0,0,0,0,0,0,0,0,0,0,0,0,1,0,0,0,0,0,0,0
tb.dut.clusters[0].cluster.sockets[0].socket.cores[0].core.execute.fpu_unit.genblk1[0].fpu_fpnew.genblk3[1].fpnew_core.gen_operation_groups[3].i_opgroup_block.gen_merged_slice.i_multifmt_slice.gen_num_lanes[0].active_lane.lane_instance.i_fpnew_cast_multi.gen_special_results[0].active_format	23	32	0	0	0	0	0	1	1385575	1385575	0,0,0,0,0,0,0,0,0,0,0,0,0,0,0,0,0,0,0,0,0,0,0,0,0,0,0,0,0,0,0,0,0,0,0,0,0,0,0,0	0,0,0,0,0,0,0,0,0,0,0,0,0,0,0,0,0,0,0,0,0,0,0,0,0,0,0,0,0,0,0,0,1,0,0,0,0,0,0,0	2	0	0	0	0	1	1385575	1385575	0,0,0,0,0,0,0,0,0,0,0,0,0,0,0,0,0,0,0,0,0,0,0,0,0,0,0,0,0,0,0,0,0,0,0,0,0,0,0,0	0,0,0,0,0,0,0,0,0,0,0,0,0,0,0,0,0,0,0,0,0,0,0,0,0,0,0,0,0,0,0,0,1,0,0,0,0,0,0,0
tb.dut.clusters[0].cluster.sockets[0].socket.cores[0].core.execute.fpu_unit.genblk1[0].fpu_fpnew.genblk3[1].fpnew_core.gen_operation_groups[3].i_opgroup_block.gen_merged_slice.i_multifmt_slice.gen_num_lanes[0].active_lane.lane_instance.i_fpnew_cast_multi.gen_special_results[0].active_format.special_results	24	32	0	0	0	0	0	1	1385575	1385575	0,0,0,0,0,0,0,0,0,0,0,0,0,0,0,0,0,0,0,0,0,0,0,0,0,0,0,0,0,0,0,0,0,0,0,0,0,0,0,0	0,0,0,0,0,0,0,0,0,0,0,0,0,0,0,0,0,0,0,0,0,0,0,0,0,0,0,0,0,0,0,0,1,0,0,0,0,0,0,0	2	0	0	0	0	1	1385575	1385575	0,0,0,0,0,0,0,0,0,0,0,0,0,0,0,0,0,0,0,0,0,0,0,0,0,0,0,0,0,0,0,0,0,0,0,0,0,0,0,0	0,0,0,0,0,0,0,0,0,0,0,0,0,0,0,0,0,0,0,0,0,0,0,0,0,0,0,0,0,0,0,0,1,0,0,0,0,0,0,0
tb.dut.clusters[0].cluster.sockets[0].socket.cores[0].core.execute.fpu_unit.genblk1[0].fpu_fpnew.genblk3[1].fpnew_core.gen_operation_groups[3].i_opgroup_block.gen_merged_slice.i_multifmt_slice.gen_num_lanes[0].active_lane.lane_instance.i_fpnew_cast_multi.gen_special_results[1]	22	159	0	0	0	0	0	1	1385575	1385575	0,0,0,0,0,0,0,0,0,0,0,0,0,0,0,0,0,0,0,0,0,0,0,0,0,0,0,0,0,0,0,0,0,0,0,0,0,0,0,0	0,0,0,0,0,0,0,0,0,0,0,0,0,0,0,0,0,0,0,0,0,0,0,0,0,0,0,0,0,0,0,0,1,0,0,0,0,0,0,0	2	0	0	0	0	1	1385575	1385575	0,0,0,0,0,0,0,0,0,0,0,0,0,0,0,0,0,0,0,0,0,0,0,0,0,0,0,0,0,0,0,0,0,0,0,0,0,0,0,0	0,0,0,0,0,0,0,0,0,0,0,0,0,0,0,0,0,0,0,0,0,0,0,0,0,0,0,0,0,0,0,0,1,0,0,0,0,0,0,0
tb.dut.clusters[0].cluster.sockets[0].socket.cores[0].core.execute.fpu_unit.genblk1[0].fpu_fpnew.genblk3[1].fpnew_core.gen_operation_groups[3].i_opgroup_block.gen_merged_slice.i_multifmt_slice.gen_num_lanes[0].active_lane.lane_instance.i_fpnew_cast_multi.gen_special_results[2]	22	111	0	0	0	0	0	1	1385575	1385575	0,0,0,0,0,0,0,0,0,0,0,0,0,0,0,0,0,0,0,0,0,0,0,0,0,0,0,0,0,0,0,0,0,0,0,0,0,0,0,0	0,0,0,0,0,0,0,0,0,0,0,0,0,0,0,0,0,0,0,0,0,0,0,0,0,0,0,0,0,0,0,0,1,0,0,0,0,0,0,0	2	0	0	0	0	1	1385575	1385575	0,0,0,0,0,0,0,0,0,0,0,0,0,0,0,0,0,0,0,0,0,0,0,0,0,0,0,0,0,0,0,0,0,0,0,0,0,0,0,0	0,0,0,0,0,0,0,0,0,0,0,0,0,0,0,0,0,0,0,0,0,0,0,0,0,0,0,0,0,0,0,0,1,0,0,0,0,0,0,0
tb.dut.clusters[0].cluster.sockets[0].socket.cores[0].core.execute.fpu_unit.genblk1[0].fpu_fpnew.genblk3[1].fpnew_core.gen_operation_groups[3].i_opgroup_block.gen_merged_slice.i_multifmt_slice.gen_num_lanes[0].active_lane.lane_instance.i_fpnew_cast_multi.gen_special_results[3]	22	103	0	0	0	0	0	1	1385575	1385575	0,0,0,0,0,0,0,0,0,0,0,0,0,0,0,0,0,0,0,0,0,0,0,0,0,0,0,0,0,0,0,0,0,0,0,0,0,0,0,0	0,0,0,0,0,0,0,0,0,0,0,0,0,0,0,0,0,0,0,0,0,0,0,0,0,0,0,0,0,0,0,0,1,0,0,0,0,0,0,0	2	0	0	0	0	1	1385575	1385575	0,0,0,0,0,0,0,0,0,0,0,0,0,0,0,0,0,0,0,0,0,0,0,0,0,0,0,0,0,0,0,0,0,0,0,0,0,0,0,0	0,0,0,0,0,0,0,0,0,0,0,0,0,0,0,0,0,0,0,0,0,0,0,0,0,0,0,0,0,0,0,0,1,0,0,0,0,0,0,0
tb.dut.clusters[0].cluster.sockets[0].socket.cores[0].core.execute.fpu_unit.genblk1[0].fpu_fpnew.genblk3[1].fpnew_core.gen_operation_groups[3].i_opgroup_block.gen_merged_slice.i_multifmt_slice.gen_num_lanes[0].active_lane.lane_instance.i_fpnew_cast_multi.gen_special_results[4]	22	111	0	0	0	0	0	1	1385575	1385575	0,0,0,0,0,0,0,0,0,0,0,0,0,0,0,0,0,0,0,0,0,0,0,0,0,0,0,0,0,0,0,0,0,0,0,0,0,0,0,0	0,0,0,0,0,0,0,0,0,0,0,0,0,0,0,0,0,0,0,0,0,0,0,0,0,0,0,0,0,0,0,0,1,0,0,0,0,0,0,0	2	0	0	0	0	1	1385575	1385575	0,0,0,0,0,0,0,0,0,0,0,0,0,0,0,0,0,0,0,0,0,0,0,0,0,0,0,0,0,0,0,0,0,0,0,0,0,0,0,0	0,0,0,0,0,0,0,0,0,0,0,0,0,0,0,0,0,0,0,0,0,0,0,0,0,0,0,0,0,0,0,0,1,0,0,0,0,0,0,0
tb.dut.clusters[0].cluster.sockets[0].socket.cores[0].core.execute.fpu_unit.genblk1[0].fpu_fpnew.genblk3[1].fpnew_core.gen_operation_groups[3].i_opgroup_block.gen_merged_slice.i_multifmt_slice.gen_num_lanes[0].active_lane.lane_instance.i_fpnew_cast_multi.gen_special_results_int[0]	22	32	0	0	0	0	0	1	1385575	1385575	0,0,0,0,0,0,0,0,0,0,0,0,0,0,0,0,0,0,0,0,0,0,0,0,0,0,0,0,0,0,0,0,0,0,0,0,0,0,0,0	0,0,0,0,0,0,0,0,0,0,0,0,0,0,0,0,0,0,0,0,0,0,0,0,0,0,0,0,0,0,0,0,1,0,0,0,0,0,0,0	2	0	0	0	0	1	1385575	1385575	0,0,0,0,0,0,0,0,0,0,0,0,0,0,0,0,0,0,0,0,0,0,0,0,0,0,0,0,0,0,0,0,0,0,0,0,0,0,0,0	0,0,0,0,0,0,0,0,0,0,0,0,0,0,0,0,0,0,0,0,0,0,0,0,0,0,0,0,0,0,0,0,1,0,0,0,0,0,0,0
tb.dut.clusters[0].cluster.sockets[0].socket.cores[0].core.execute.fpu_unit.genblk1[0].fpu_fpnew.genblk3[1].fpnew_core.gen_operation_groups[3].i_opgroup_block.gen_merged_slice.i_multifmt_slice.gen_num_lanes[0].active_lane.lane_instance.i_fpnew_cast_multi.gen_special_results_int[1]	22	32	0	0	0	0	0	1	1385575	1385575	0,0,0,0,0,0,0,0,0,0,0,0,0,0,0,0,0,0,0,0,0,0,0,0,0,0,0,0,0,0,0,0,0,0,0,0,0,0,0,0	0,0,0,0,0,0,0,0,0,0,0,0,0,0,0,0,0,0,0,0,0,0,0,0,0,0,0,0,0,0,0,0,1,0,0,0,0,0,0,0	2	0	0	0	0	1	1385575	1385575	0,0,0,0,0,0,0,0,0,0,0,0,0,0,0,0,0,0,0,0,0,0,0,0,0,0,0,0,0,0,0,0,0,0,0,0,0,0,0,0	0,0,0,0,0,0,0,0,0,0,0,0,0,0,0,0,0,0,0,0,0,0,0,0,0,0,0,0,0,0,0,0,1,0,0,0,0,0,0,0
tb.dut.clusters[0].cluster.sockets[0].socket.cores[0].core.execute.fpu_unit.genblk1[0].fpu_fpnew.genblk3[1].fpnew_core.gen_operation_groups[3].i_opgroup_block.gen_merged_slice.i_multifmt_slice.gen_num_lanes[0].active_lane.lane_instance.i_fpnew_cast_multi.gen_special_results_int[2]	22	32	0	0	0	0	0	1	1385575	1385575	0,0,0,0,0,0,0,0,0,0,0,0,0,0,0,0,0,0,0,0,0,0,0,0,0,0,0,0,0,0,0,0,0,0,0,0,0,0,0,0	0,0,0,0,0,0,0,0,0,0,0,0,0,0,0,0,0,0,0,0,0,0,0,0,0,0,0,0,0,0,0,0,1,0,0,0,0,0,0,0	2	0	0	0	0	1	1385575	1385575	0,0,0,0,0,0,0,0,0,0,0,0,0,0,0,0,0,0,0,0,0,0,0,0,0,0,0,0,0,0,0,0,0,0,0,0,0,0,0,0	0,0,0,0,0,0,0,0,0,0,0,0,0,0,0,0,0,0,0,0,0,0,0,0,0,0,0,0,0,0,0,0,1,0,0,0,0,0,0,0
tb.dut.clusters[0].cluster.sockets[0].socket.cores[0].core.execute.fpu_unit.genblk1[0].fpu_fpnew.genblk3[1].fpnew_core.gen_operation_groups[3].i_opgroup_block.gen_merged_slice.i_multifmt_slice.gen_num_lanes[0].active_lane.lane_instance.i_fpnew_cast_multi.gen_special_results_int[3]	22	32	0	0	0	0	0	1	1385575	1385575	0,0,0,0,0,0,0,0,0,0,0,0,0,0,0,0,0,0,0,0,0,0,0,0,0,0,0,0,0,0,0,0,0,0,0,0,0,0,0,0	0,0,0,0,0,0,0,0,0,0,0,0,0,0,0,0,0,0,0,0,0,0,0,0,0,0,0,0,0,0,0,0,1,0,0,0,0,0,0,0	2	0	0	0	0	1	1385575	1385575	0,0,0,0,0,0,0,0,0,0,0,0,0,0,0,0,0,0,0,0,0,0,0,0,0,0,0,0,0,0,0,0,0,0,0,0,0,0,0,0	0,0,0,0,0,0,0,0,0,0,0,0,0,0,0,0,0,0,0,0,0,0,0,0,0,0,0,0,0,0,0,0,1,0,0,0,0,0,0,0
tb.dut.clusters[0].cluster.sockets[0].socket.cores[0].core.execute.fpu_unit.genblk1[0].fpu_fpnew.genblk3[1].fpnew_core.gen_operation_groups[3].i_opgroup_block.gen_merged_slice.i_multifmt_slice.gen_num_lanes[0].active_lane.lane_instance.i_fpnew_cast_multi.i_fpnew_rounding	22	106	247	32	32	32	1	33	1385543	1384884	32,0,0,0,0,0,0,0,0,0,0,0,0,0,0,0,0,0,0,0,0,0,0,0,0,0,0,0,0,0,0,0,0,0,0,0,0,0,0,0	2,14,7,1,0,0,0,0,0,0,0,0,0,0,0,0,7,0,0,0,1,0,0,0,0,0,0,0,0,0,0,0,1,0,0,0,0,0,0,0	2	32	32	32	1	33	1385543	1384884	32,0,0,0,0,0,0,0,0,0,0,0,0,0,0,0,0,0,0,0,0,0,0,0,0,0,0,0,0,0,0,0,0,0,0,0,0,0,0,0	2,14,7,1,0,0,0,0,0,0,0,0,0,0,0,0,7,0,0,0,1,0,0,0,0,0,0,0,0,0,0,0,1,0,0,0,0,0,0,0
tb.dut.clusters[0].cluster.sockets[0].socket.cores[0].core.execute.fpu_unit.genblk1[0].fpu_fpnew.genblk3[1].fpnew_core.gen_operation_groups[3].i_opgroup_block.gen_merged_slice.i_multifmt_slice.gen_num_lanes[0].active_lane.lane_instance.i_fpnew_cast_multi.i_lzc	22	519	449	32	32	32	1	33	1385543	1384886	32,0,0,0,0,0,0,0,0,0,0,0,0,0,0,0,0,0,0,0,0,0,0,0,0,0,0,0,0,0,0,0,0,0,0,0,0,0,0,0	2,14,7,1,0,0,0,0,0,0,0,0,0,0,0,0,7,0,0,0,1,0,0,0,0,0,0,0,0,0,0,0,1,0,0,0,0,0,0,0	3	32	32	32	1	33	1385543	1384886	32,0,0,0,0,0,0,0,0,0,0,0,0,0,0,0,0,0,0,0,0,0,0,0,0,0,0,0,0,0,0,0,0,0,0,0,0,0,0,0	2,14,7,1,0,0,0,0,0,0,0,0,0,0,0,0,7,0,0,0,1,0,0,0,0,0,0,0,0,0,0,0,1,0,0,0,0,0,0,0
tb.dut.clusters[0].cluster.sockets[0].socket.cores[0].core.execute.fpu_unit.genblk1[0].fpu_fpnew.genblk3[1].fpnew_core.gen_operation_groups[3].i_opgroup_block.gen_merged_slice.i_multifmt_slice.gen_num_lanes[0].active_lane.lane_instance.i_fpnew_cast_multi.i_lzc.gen_lzc	23	416	339	32	32	32	1	33	1385543	1384886	32,0,0,0,0,0,0,0,0,0,0,0,0,0,0,0,0,0,0,0,0,0,0,0,0,0,0,0,0,0,0,0,0,0,0,0,0,0,0,0	2,14,7,1,0,0,0,0,0,0,0,0,0,0,0,0,7,0,0,0,1,0,0,0,0,0,0,0,0,0,0,0,1,0,0,0,0,0,0,0	3	31	31	31	1	32	1385544	1384889	31,0,0,0,0,0,0,0,0,0,0,0,0,0,0,0,0,0,0,0,0,0,0,0,0,0,0,0,0,0,0,0,0,0,0,0,0,0,0,0	2,13,7,1,0,0,0,0,0,0,0,0,0,0,0,0,7,0,0,0,1,0,0,0,0,0,0,0,0,0,0,0,1,0,0,0,0,0,0,0
tb.dut.clusters[0].cluster.sockets[0].socket.cores[0].core.execute.fpu_unit.genblk1[0].fpu_fpnew.genblk3[1].fpnew_core.gen_operation_groups[3].i_opgroup_block.gen_merged_slice.i_multifmt_slice.gen_num_lanes[0].int_results_enabled	19	128	0	0	0	0	0	1	1385575	1385575	0,0,0,0,0,0,0,0,0,0,0,0,0,0,0,0,0,0,0,0,0,0,0,0,0,0,0,0,0,0,0,0,0,0,0,0,0,0,0,0	0,0,0,0,0,0,0,0,0,0,0,0,0,0,0,0,0,0,0,0,0,0,0,0,0,0,0,0,0,0,0,0,1,0,0,0,0,0,0,0	2	0	0	0	0	1	1385575	1385575	0,0,0,0,0,0,0,0,0,0,0,0,0,0,0,0,0,0,0,0,0,0,0,0,0,0,0,0,0,0,0,0,0,0,0,0,0,0,0,0	0,0,0,0,0,0,0,0,0,0,0,0,0,0,0,0,0,0,0,0,0,0,0,0,0,0,0,0,0,0,0,0,1,0,0,0,0,0,0,0
tb.dut.clusters[0].cluster.sockets[0].socket.cores[0].core.execute.fpu_unit.genblk1[0].fpu_fpnew.genblk3[1].fpnew_core.gen_operation_groups[3].i_opgroup_block.gen_merged_slice.i_multifmt_slice.gen_num_lanes[0].int_results_enabled.pack_int_result[0]	20	32	0	0	0	0	0	1	1385575	1385575	0,0,0,0,0,0,0,0,0,0,0,0,0,0,0,0,0,0,0,0,0,0,0,0,0,0,0,0,0,0,0,0,0,0,0,0,0,0,0,0	0,0,0,0,0,0,0,0,0,0,0,0,0,0,0,0,0,0,0,0,0,0,0,0,0,0,0,0,0,0,0,0,1,0,0,0,0,0,0,0	2	0	0	0	0	1	1385575	1385575	0,0,0,0,0,0,0,0,0,0,0,0,0,0,0,0,0,0,0,0,0,0,0,0,0,0,0,0,0,0,0,0,0,0,0,0,0,0,0,0	0,0,0,0,0,0,0,0,0,0,0,0,0,0,0,0,0,0,0,0,0,0,0,0,0,0,0,0,0,0,0,0,1,0,0,0,0,0,0,0
tb.dut.clusters[0].cluster.sockets[0].socket.cores[0].core.execute.fpu_unit.genblk1[0].fpu_fpnew.genblk3[1].fpnew_core.gen_operation_groups[3].i_opgroup_block.gen_merged_slice.i_multifmt_slice.gen_num_lanes[0].int_results_enabled.pack_int_result[1]	20	32	0	0	0	0	0	1	1385575	1385575	0,0,0,0,0,0,0,0,0,0,0,0,0,0,0,0,0,0,0,0,0,0,0,0,0,0,0,0,0,0,0,0,0,0,0,0,0,0,0,0	0,0,0,0,0,0,0,0,0,0,0,0,0,0,0,0,0,0,0,0,0,0,0,0,0,0,0,0,0,0,0,0,1,0,0,0,0,0,0,0	2	0	0	0	0	1	1385575	1385575	0,0,0,0,0,0,0,0,0,0,0,0,0,0,0,0,0,0,0,0,0,0,0,0,0,0,0,0,0,0,0,0,0,0,0,0,0,0,0,0	0,0,0,0,0,0,0,0,0,0,0,0,0,0,0,0,0,0,0,0,0,0,0,0,0,0,0,0,0,0,0,0,1,0,0,0,0,0,0,0
tb.dut.clusters[0].cluster.sockets[0].socket.cores[0].core.execute.fpu_unit.genblk1[0].fpu_fpnew.genblk3[1].fpnew_core.gen_operation_groups[3].i_opgroup_block.gen_merged_slice.i_multifmt_slice.gen_num_lanes[0].int_results_enabled.pack_int_result[2]	20	32	0	0	0	0	0	1	1385575	1385575	0,0,0,0,0,0,0,0,0,0,0,0,0,0,0,0,0,0,0,0,0,0,0,0,0,0,0,0,0,0,0,0,0,0,0,0,0,0,0,0	0,0,0,0,0,0,0,0,0,0,0,0,0,0,0,0,0,0,0,0,0,0,0,0,0,0,0,0,0,0,0,0,1,0,0,0,0,0,0,0	2	0	0	0	0	1	1385575	1385575	0,0,0,0,0,0,0,0,0,0,0,0,0,0,0,0,0,0,0,0,0,0,0,0,0,0,0,0,0,0,0,0,0,0,0,0,0,0,0,0	0,0,0,0,0,0,0,0,0,0,0,0,0,0,0,0,0,0,0,0,0,0,0,0,0,0,0,0,0,0,0,0,1,0,0,0,0,0,0,0
tb.dut.clusters[0].cluster.sockets[0].socket.cores[0].core.execute.fpu_unit.genblk1[0].fpu_fpnew.genblk3[1].fpnew_core.gen_operation_groups[3].i_opgroup_block.gen_merged_slice.i_multifmt_slice.gen_num_lanes[0].int_results_enabled.pack_int_result[3]	20	32	0	0	0	0	0	1	1385575	1385575	0,0,0,0,0,0,0,0,0,0,0,0,0,0,0,0,0,0,0,0,0,0,0,0,0,0,0,0,0,0,0,0,0,0,0,0,0,0,0,0	0,0,0,0,0,0,0,0,0,0,0,0,0,0,0,0,0,0,0,0,0,0,0,0,0,0,0,0,0,0,0,0,1,0,0,0,0,0,0,0	2	0	0	0	0	1	1385575	1385575	0,0,0,0,0,0,0,0,0,0,0,0,0,0,0,0,0,0,0,0,0,0,0,0,0,0,0,0,0,0,0,0,0,0,0,0,0,0,0,0	0,0,0,0,0,0,0,0,0,0,0,0,0,0,0,0,0,0,0,0,0,0,0,0,0,0,0,0,0,0,0,0,1,0,0,0,0,0,0,0
tb.dut.clusters[0].cluster.sockets[0].socket.cores[0].core.execute.fpu_unit.genblk1[0].fpu_fpnew.genblk3[1].fpnew_core.gen_operation_groups[3].i_opgroup_block.gen_merged_slice.i_multifmt_slice.gen_num_lanes[0].pack_fp_result[0]	19	32	0	0	0	0	0	1	1385575	1385575	0,0,0,0,0,0,0,0,0,0,0,0,0,0,0,0,0,0,0,0,0,0,0,0,0,0,0,0,0,0,0,0,0,0,0,0,0,0,0,0	0,0,0,0,0,0,0,0,0,0,0,0,0,0,0,0,0,0,0,0,0,0,0,0,0,0,0,0,0,0,0,0,1,0,0,0,0,0,0,0	2	0	0	0	0	1	1385575	1385575	0,0,0,0,0,0,0,0,0,0,0,0,0,0,0,0,0,0,0,0,0,0,0,0,0,0,0,0,0,0,0,0,0,0,0,0,0,0,0,0	0,0,0,0,0,0,0,0,0,0,0,0,0,0,0,0,0,0,0,0,0,0,0,0,0,0,0,0,0,0,0,0,1,0,0,0,0,0,0,0
tb.dut.clusters[0].cluster.sockets[0].socket.cores[0].core.execute.fpu_unit.genblk1[0].fpu_fpnew.genblk3[1].fpnew_core.gen_operation_groups[3].i_opgroup_block.gen_merged_slice.i_multifmt_slice.gen_num_lanes[0].pack_fp_result[1]	19	32	0	0	0	0	0	1	1385575	1385575	0,0,0,0,0,0,0,0,0,0,0,0,0,0,0,0,0,0,0,0,0,0,0,0,0,0,0,0,0,0,0,0,0,0,0,0,0,0,0,0	0,0,0,0,0,0,0,0,0,0,0,0,0,0,0,0,0,0,0,0,0,0,0,0,0,0,0,0,0,0,0,0,1,0,0,0,0,0,0,0	2	0	0	0	0	1	1385575	1385575	0,0,0,0,0,0,0,0,0,0,0,0,0,0,0,0,0,0,0,0,0,0,0,0,0,0,0,0,0,0,0,0,0,0,0,0,0,0,0,0	0,0,0,0,0,0,0,0,0,0,0,0,0,0,0,0,0,0,0,0,0,0,0,0,0,0,0,0,0,0,0,0,1,0,0,0,0,0,0,0
tb.dut.clusters[0].cluster.sockets[0].socket.cores[0].core.execute.fpu_unit.genblk1[0].fpu_fpnew.genblk3[1].fpnew_core.gen_operation_groups[3].i_opgroup_block.gen_merged_slice.i_multifmt_slice.gen_num_lanes[0].pack_fp_result[2]	19	32	0	0	0	0	0	1	1385575	1385575	0,0,0,0,0,0,0,0,0,0,0,0,0,0,0,0,0,0,0,0,0,0,0,0,0,0,0,0,0,0,0,0,0,0,0,0,0,0,0,0	0,0,0,0,0,0,0,0,0,0,0,0,0,0,0,0,0,0,0,0,0,0,0,0,0,0,0,0,0,0,0,0,1,0,0,0,0,0,0,0	2	0	0	0	0	1	1385575	1385575	0,0,0,0,0,0,0,0,0,0,0,0,0,0,0,0,0,0,0,0,0,0,0,0,0,0,0,0,0,0,0,0,0,0,0,0,0,0,0,0	0,0,0,0,0,0,0,0,0,0,0,0,0,0,0,0,0,0,0,0,0,0,0,0,0,0,0,0,0,0,0,0,1,0,0,0,0,0,0,0
tb.dut.clusters[0].cluster.sockets[0].socket.cores[0].core.execute.fpu_unit.genblk1[0].fpu_fpnew.genblk3[1].fpnew_core.gen_operation_groups[3].i_opgroup_block.gen_merged_slice.i_multifmt_slice.gen_num_lanes[0].pack_fp_result[3]	19	32	0	0	0	0	0	1	1385575	1385575	0,0,0,0,0,0,0,0,0,0,0,0,0,0,0,0,0,0,0,0,0,0,0,0,0,0,0,0,0,0,0,0,0,0,0,0,0,0,0,0	0,0,0,0,0,0,0,0,0,0,0,0,0,0,0,0,0,0,0,0,0,0,0,0,0,0,0,0,0,0,0,0,1,0,0,0,0,0,0,0	2	0	0	0	0	1	1385575	1385575	0,0,0,0,0,0,0,0,0,0,0,0,0,0,0,0,0,0,0,0,0,0,0,0,0,0,0,0,0,0,0,0,0,0,0,0,0,0,0,0	0,0,0,0,0,0,0,0,0,0,0,0,0,0,0,0,0,0,0,0,0,0,0,0,0,0,0,0,0,0,0,0,1,0,0,0,0,0,0,0
tb.dut.clusters[0].cluster.sockets[0].socket.cores[0].core.execute.fpu_unit.genblk1[0].fpu_fpnew.genblk3[1].fpnew_core.gen_operation_groups[3].i_opgroup_block.gen_merged_slice.i_multifmt_slice.gen_num_lanes[0].pack_fp_result[4]	19	32	0	0	0	0	0	1	1385575	1385575	0,0,0,0,0,0,0,0,0,0,0,0,0,0,0,0,0,0,0,0,0,0,0,0,0,0,0,0,0,0,0,0,0,0,0,0,0,0,0,0	0,0,0,0,0,0,0,0,0,0,0,0,0,0,0,0,0,0,0,0,0,0,0,0,0,0,0,0,0,0,0,0,1,0,0,0,0,0,0,0	2	0	0	0	0	1	1385575	1385575	0,0,0,0,0,0,0,0,0,0,0,0,0,0,0,0,0,0,0,0,0,0,0,0,0,0,0,0,0,0,0,0,0,0,0,0,0,0,0,0	0,0,0,0,0,0,0,0,0,0,0,0,0,0,0,0,0,0,0,0,0,0,0,0,0,0,0,0,0,0,0,0,1,0,0,0,0,0,0,0
tb.dut.clusters[0].cluster.sockets[0].socket.cores[0].core.execute.fpu_unit.genblk1[0].fpu_fpnew.genblk3[1].fpnew_core.gen_operation_groups[3].i_opgroup_block.gen_merged_slice.i_multifmt_slice.target_regs	18	227	98868	12374	12357	12374	3	12358	1373201	9009	12341,15,1,0,0,0,0,0,0,0,0,0,0,0,0,0,0,0,0,0,0,0,0,0,0,0,0,0,0,0,0,0,0,0,0,0,0,0,0,0	14,1,0,0,0,0,0,0,2314,1,0,5,2,0,1,0,4631,2316,0,5,3067,0,0,0,0,1,0,0,0,0,0,0,0,0,0,0,0,0,0,0	2	12374	12357	12374	3	12358	1373201	9009	12341,15,1,0,0,0,0,0,0,0,0,0,0,0,0,0,0,0,0,0,0,0,0,0,0,0,0,0,0,0,0,0,0,0,0,0,0,0,0,0	14,1,0,0,0,0,0,0,2314,1,0,5,2,0,1,0,4631,2316,0,5,3067,0,0,0,0,1,0,0,0,0,0,0,0,0,0,0,0,0,0,0
tb.dut.clusters[0].cluster.sockets[0].socket.cores[0].core.execute.fpu_unit.genblk1[0].fpu_fpnew.genblk3[1].fpnew_core.gen_operation_groups[3].i_opgroup_block.gen_merged_slice.i_multifmt_slice.target_regs.gen_bypass_pipeline[0]	19	1	0	0	0	0	0	1	1385575	1385575	0,0,0,0,0,0,0,0,0,0,0,0,0,0,0,0,0,0,0,0,0,0,0,0,0,0,0,0,0,0,0,0,0,0,0,0,0,0,0,0	0,0,0,0,0,0,0,0,0,0,0,0,0,0,0,0,0,0,0,0,0,0,0,0,0,0,0,0,0,0,0,0,1,0,0,0,0,0,0,0	2	0	0	0	0	1	1385575	1385575	0,0,0,0,0,0,0,0,0,0,0,0,0,0,0,0,0,0,0,0,0,0,0,0,0,0,0,0,0,0,0,0,0,0,0,0,0,0,0,0	0,0,0,0,0,0,0,0,0,0,0,0,0,0,0,0,0,0,0,0,0,0,0,0,0,0,0,0,0,0,0,0,1,0,0,0,0,0,0,0
tb.dut.clusters[0].cluster.sockets[0].socket.cores[0].core.execute.fpu_unit.genblk1[0].fpu_fpnew.genblk3[1].fpnew_core.gen_operation_groups[3].i_opgroup_block.gen_merged_slice.i_multifmt_slice.target_regs.gen_bypass_pipeline[1]	19	1	0	0	0	0	0	1	1385575	1385575	0,0,0,0,0,0,0,0,0,0,0,0,0,0,0,0,0,0,0,0,0,0,0,0,0,0,0,0,0,0,0,0,0,0,0,0,0,0,0,0	0,0,0,0,0,0,0,0,0,0,0,0,0,0,0,0,0,0,0,0,0,0,0,0,0,0,0,0,0,0,0,0,1,0,0,0,0,0,0,0	2	0	0	0	0	1	1385575	1385575	0,0,0,0,0,0,0,0,0,0,0,0,0,0,0,0,0,0,0,0,0,0,0,0,0,0,0,0,0,0,0,0,0,0,0,0,0,0,0,0	0,0,0,0,0,0,0,0,0,0,0,0,0,0,0,0,0,0,0,0,0,0,0,0,0,0,0,0,0,0,0,0,1,0,0,0,0,0,0,0
tb.dut.clusters[0].cluster.sockets[0].socket.cores[0].core.execute.fpu_unit.genblk1[0].fpu_fpnew.genblk3[1].fpnew_core.gen_operation_groups[3].i_opgroup_block.gen_merged_slice.i_multifmt_slice.target_regs.gen_bypass_pipeline[2]	19	1	0	0	0	0	0	1	1385575	1385575	0,0,0,0,0,0,0,0,0,0,0,0,0,0,0,0,0,0,0,0,0,0,0,0,0,0,0,0,0,0,0,0,0,0,0,0,0,0,0,0	0,0,0,0,0,0,0,0,0,0,0,0,0,0,0,0,0,0,0,0,0,0,0,0,0,0,0,0,0,0,0,0,1,0,0,0,0,0,0,0	2	0	0	0	0	1	1385575	1385575	0,0,0,0,0,0,0,0,0,0,0,0,0,0,0,0,0,0,0,0,0,0,0,0,0,0,0,0,0,0,0,0,0,0,0,0,0,0,0,0	0,0,0,0,0,0,0,0,0,0,0,0,0,0,0,0,0,0,0,0,0,0,0,0,0,0,0,0,0,0,0,0,1,0,0,0,0,0,0,0
tb.dut.clusters[0].cluster.sockets[0].socket.cores[0].core.execute.fpu_unit.genblk1[0].fpu_fpnew.genblk3[1].fpnew_core.gen_operation_groups[3].i_opgroup_block.gen_merged_slice.i_multifmt_slice.target_regs.gen_bypass_pipeline[3]	19	1	0	0	0	0	0	1	1385575	1385575	0,0,0,0,0,0,0,0,0,0,0,0,0,0,0,0,0,0,0,0,0,0,0,0,0,0,0,0,0,0,0,0,0,0,0,0,0,0,0,0	0,0,0,0,0,0,0,0,0,0,0,0,0,0,0,0,0,0,0,0,0,0,0,0,0,0,0,0,0,0,0,0,1,0,0,0,0,0,0,0	2	0	0	0	0	1	1385575	1385575	0,0,0,0,0,0,0,0,0,0,0,0,0,0,0,0,0,0,0,0,0,0,0,0,0,0,0,0,0,0,0,0,0,0,0,0,0,0,0,0	0,0,0,0,0,0,0,0,0,0,0,0,0,0,0,0,0,0,0,0,0,0,0,0,0,0,0,0,0,0,0,0,1,0,0,0,0,0,0,0
tb.dut.clusters[0].cluster.sockets[0].socket.cores[0].core.execute.fpu_unit.genblk1[0].fpu_fpnew.genblk3[1].fpnew_core.gen_operation_groups[3].i_opgroup_block.gen_merged_slice.i_multifmt_slice.target_regs.gen_bypass_pipeline[4]	19	1	0	0	0	0	0	1	1385575	1385575	0,0,0,0,0,0,0,0,0,0,0,0,0,0,0,0,0,0,0,0,0,0,0,0,0,0,0,0,0,0,0,0,0,0,0,0,0,0,0,0	0,0,0,0,0,0,0,0,0,0,0,0,0,0,0,0,0,0,0,0,0,0,0,0,0,0,0,0,0,0,0,0,1,0,0,0,0,0,0,0	2	0	0	0	0	1	1385575	1385575	0,0,0,0,0,0,0,0,0,0,0,0,0,0,0,0,0,0,0,0,0,0,0,0,0,0,0,0,0,0,0,0,0,0,0,0,0,0,0,0	0,0,0,0,0,0,0,0,0,0,0,0,0,0,0,0,0,0,0,0,0,0,0,0,0,0,0,0,0,0,0,0,1,0,0,0,0,0,0,0
tb.dut.clusters[0].cluster.sockets[0].socket.cores[0].core.execute.fpu_unit.genblk1[0].fpu_fpnew.genblk3[1].fpnew_core.gen_operation_groups[3].i_opgroup_block.gen_parallel_slices[0]	16	2	0	0	0	0	0	1	1385575	1385575	0,0,0,0,0,0,0,0,0,0,0,0,0,0,0,0,0,0,0,0,0,0,0,0,0,0,0,0,0,0,0,0,0,0,0,0,0,0,0,0	0,0,0,0,0,0,0,0,0,0,0,0,0,0,0,0,0,0,0,0,0,0,0,0,0,0,0,0,0,0,0,0,1,0,0,0,0,0,0,0	2	0	0	0	0	1	1385575	1385575	0,0,0,0,0,0,0,0,0,0,0,0,0,0,0,0,0,0,0,0,0,0,0,0,0,0,0,0,0,0,0,0,0,0,0,0,0,0,0,0	0,0,0,0,0,0,0,0,0,0,0,0,0,0,0,0,0,0,0,0,0,0,0,0,0,0,0,0,0,0,0,0,1,0,0,0,0,0,0,0
tb.dut.clusters[0].cluster.sockets[0].socket.cores[0].core.execute.fpu_unit.genblk1[0].fpu_fpnew.genblk3[1].fpnew_core.gen_operation_groups[3].i_opgroup_block.gen_parallel_slices[1]	16	2	0	0	0	0	0	1	1385575	1385575	0,0,0,0,0,0,0,0,0,0,0,0,0,0,0,0,0,0,0,0,0,0,0,0,0,0,0,0,0,0,0,0,0,0,0,0,0,0,0,0	0,0,0,0,0,0,0,0,0,0,0,0,0,0,0,0,0,0,0,0,0,0,0,0,0,0,0,0,0,0,0,0,1,0,0,0,0,0,0,0	2	0	0	0	0	1	1385575	1385575	0,0,0,0,0,0,0,0,0,0,0,0,0,0,0,0,0,0,0,0,0,0,0,0,0,0,0,0,0,0,0,0,0,0,0,0,0,0,0,0	0,0,0,0,0,0,0,0,0,0,0,0,0,0,0,0,0,0,0,0,0,0,0,0,0,0,0,0,0,0,0,0,1,0,0,0,0,0,0,0
tb.dut.clusters[0].cluster.sockets[0].socket.cores[0].core.execute.fpu_unit.genblk1[0].fpu_fpnew.genblk3[1].fpnew_core.gen_operation_groups[3].i_opgroup_block.gen_parallel_slices[2]	16	2	0	0	0	0	0	1	1385575	1385575	0,0,0,0,0,0,0,0,0,0,0,0,0,0,0,0,0,0,0,0,0,0,0,0,0,0,0,0,0,0,0,0,0,0,0,0,0,0,0,0	0,0,0,0,0,0,0,0,0,0,0,0,0,0,0,0,0,0,0,0,0,0,0,0,0,0,0,0,0,0,0,0,1,0,0,0,0,0,0,0	2	0	0	0	0	1	1385575	1385575	0,0,0,0,0,0,0,0,0,0,0,0,0,0,0,0,0,0,0,0,0,0,0,0,0,0,0,0,0,0,0,0,0,0,0,0,0,0,0,0	0,0,0,0,0,0,0,0,0,0,0,0,0,0,0,0,0,0,0,0,0,0,0,0,0,0,0,0,0,0,0,0,1,0,0,0,0,0,0,0
tb.dut.clusters[0].cluster.sockets[0].socket.cores[0].core.execute.fpu_unit.genblk1[0].fpu_fpnew.genblk3[1].fpnew_core.gen_operation_groups[3].i_opgroup_block.gen_parallel_slices[3]	16	2	0	0	0	0	0	1	1385575	1385575	0,0,0,0,0,0,0,0,0,0,0,0,0,0,0,0,0,0,0,0,0,0,0,0,0,0,0,0,0,0,0,0,0,0,0,0,0,0,0,0	0,0,0,0,0,0,0,0,0,0,0,0,0,0,0,0,0,0,0,0,0,0,0,0,0,0,0,0,0,0,0,0,1,0,0,0,0,0,0,0	2	0	0	0	0	1	1385575	1385575	0,0,0,0,0,0,0,0,0,0,0,0,0,0,0,0,0,0,0,0,0,0,0,0,0,0,0,0,0,0,0,0,0,0,0,0,0,0,0,0	0,0,0,0,0,0,0,0,0,0,0,0,0,0,0,0,0,0,0,0,0,0,0,0,0,0,0,0,0,0,0,0,1,0,0,0,0,0,0,0
tb.dut.clusters[0].cluster.sockets[0].socket.cores[0].core.execute.fpu_unit.genblk1[0].fpu_fpnew.genblk3[1].fpnew_core.gen_operation_groups[3].i_opgroup_block.gen_parallel_slices[4]	16	2	0	0	0	0	0	1	1385575	1385575	0,0,0,0,0,0,0,0,0,0,0,0,0,0,0,0,0,0,0,0,0,0,0,0,0,0,0,0,0,0,0,0,0,0,0,0,0,0,0,0	0,0,0,0,0,0,0,0,0,0,0,0,0,0,0,0,0,0,0,0,0,0,0,0,0,0,0,0,0,0,0,0,1,0,0,0,0,0,0,0	2	0	0	0	0	1	1385575	1385575	0,0,0,0,0,0,0,0,0,0,0,0,0,0,0,0,0,0,0,0,0,0,0,0,0,0,0,0,0,0,0,0,0,0,0,0,0,0,0,0	0,0,0,0,0,0,0,0,0,0,0,0,0,0,0,0,0,0,0,0,0,0,0,0,0,0,0,0,0,0,0,0,1,0,0,0,0,0,0,0
tb.dut.clusters[0].cluster.sockets[0].socket.cores[0].core.execute.fpu_unit.genblk1[0].fpu_fpnew.genblk3[1].fpnew_core.gen_operation_groups[3].i_opgroup_block.i_arbiter	16	1510	795593	196754	98368	196754	8	98369	1188821	8601	2,98360,0,4,0,0,0,2,0,0,0,0,0,0,0,0,0,0,0,0,0,0,0,0,0,0,0,0,0,0,0,0,0,0,0,0,0,0,0,0	26,19,9,7,0,1,0,49150,0,1,0,0,0,1,0,49149,4,0,0,0,1,0,0,0,0,1,0,0,0,0,0,0,0,0,0,0,0,0,0,0	8	64	30	64	4	31	1385511	1384882	0,28,0,2,0,0,0,0,0,0,0,0,0,0,0,0,0,0,0,0,0,0,0,0,0,0,0,0,0,0,0,0,0,0,0,0,0,0,0,0	14,7,1,0,0,0,0,0,0,0,0,0,0,0,0,0,7,0,0,0,1,0,0,0,0,0,0,0,0,0,0,0,1,0,0,0,0,0,0,0
tb.dut.clusters[0].cluster.sockets[0].socket.cores[0].core.execute.fpu_unit.genblk1[0].fpu_fpnew.genblk3[1].fpnew_core.gen_operation_groups[3].i_opgroup_block.i_arbiter.gen_arbiter	17	1150	596366	196752	98366	196752	8	98367	1188823	8601	0,98360,0,4,0,0,0,2,0,0,0,0,0,0,0,0,0,0,0,0,0,0,0,0,0,0,0,0,0,0,0,0,0,0,0,0,0,0,0,0	26,19,8,7,0,1,0,49150,0,1,0,0,0,1,0,49149,3,0,0,0,1,0,0,0,0,1,0,0,0,0,0,0,0,0,0,0,0,0,0,0	6	64	30	64	4	31	1385511	1384882	0,28,0,2,0,0,0,0,0,0,0,0,0,0,0,0,0,0,0,0,0,0,0,0,0,0,0,0,0,0,0,0,0,0,0,0,0,0,0,0	14,7,1,0,0,0,0,0,0,0,0,0,0,0,0,0,7,0,0,0,1,0,0,0,0,0,0,0,0,0,0,0,1,0,0,0,0,0,0,0
tb.dut.clusters[0].cluster.sockets[0].socket.cores[0].core.execute.fpu_unit.genblk1[0].fpu_fpnew.genblk3[1].fpnew_core.gen_operation_groups[3].i_opgroup_block.i_arbiter.gen_arbiter.gen_int_rr	18	340	640	64	30	64	4	31	1385511	1384882	0,28,0,2,0,0,0,0,0,0,0,0,0,0,0,0,0,0,0,0,0,0,0,0,0,0,0,0,0,0,0,0,0,0,0,0,0,0,0,0	14,7,1,0,0,0,0,0,0,0,0,0,0,0,0,0,7,0,0,0,1,0,0,0,0,0,0,0,0,0,0,0,1,0,0,0,0,0,0,0	2	64	30	64	4	31	1385511	1384882	0,28,0,2,0,0,0,0,0,0,0,0,0,0,0,0,0,0,0,0,0,0,0,0,0,0,0,0,0,0,0,0,0,0,0,0,0,0,0,0	14,7,1,0,0,0,0,0,0,0,0,0,0,0,0,0,7,0,0,0,1,0,0,0,0,0,0,0,0,0,0,0,1,0,0,0,0,0,0,0
tb.dut.clusters[0].cluster.sockets[0].socket.cores[0].core.execute.fpu_unit.genblk1[0].fpu_fpnew.genblk3[1].fpnew_core.gen_operation_groups[3].i_opgroup_block.i_arbiter.gen_arbiter.gen_int_rr.gen_fair_arb	19	337	640	64	30	64	4	31	1385511	1384882	0,28,0,2,0,0,0,0,0,0,0,0,0,0,0,0,0,0,0,0,0,0,0,0,0,0,0,0,0,0,0,0,0,0,0,0,0,0,0,0	14,7,1,0,0,0,0,0,0,0,0,0,0,0,0,0,7,0,0,0,1,0,0,0,0,0,0,0,0,0,0,0,1,0,0,0,0,0,0,0	2	64	30	64	4	31	1385511	1384882	0,28,0,2,0,0,0,0,0,0,0,0,0,0,0,0,0,0,0,0,0,0,0,0,0,0,0,0,0,0,0,0,0,0,0,0,0,0,0,0	14,7,1,0,0,0,0,0,0,0,0,0,0,0,0,0,7,0,0,0,1,0,0,0,0,0,0,0,0,0,0,0,1,0,0,0,0,0,0,0
tb.dut.clusters[0].cluster.sockets[0].socket.cores[0].core.execute.fpu_unit.genblk1[0].fpu_fpnew.genblk3[1].fpnew_core.gen_operation_groups[3].i_opgroup_block.i_arbiter.gen_arbiter.gen_int_rr.gen_fair_arb.i_lzc_lower	20	158	576	64	30	64	4	31	1385511	1384882	0,28,0,2,0,0,0,0,0,0,0,0,0,0,0,0,0,0,0,0,0,0,0,0,0,0,0,0,0,0,0,0,0,0,0,0,0,0,0,0	14,7,1,0,0,0,0,0,0,0,0,0,0,0,0,0,7,0,0,0,1,0,0,0,0,0,0,0,0,0,0,0,1,0,0,0,0,0,0,0	2	64	30	64	4	31	1385511	1384882	0,28,0,2,0,0,0,0,0,0,0,0,0,0,0,0,0,0,0,0,0,0,0,0,0,0,0,0,0,0,0,0,0,0,0,0,0,0,0,0	14,7,1,0,0,0,0,0,0,0,0,0,0,0,0,0,7,0,0,0,1,0,0,0,0,0,0,0,0,0,0,0,1,0,0,0,0,0,0,0
tb.dut.clusters[0].cluster.sockets[0].socket.cores[0].core.execute.fpu_unit.genblk1[0].fpu_fpnew.genblk3[1].fpnew_core.gen_operation_groups[3].i_opgroup_block.i_arbiter.gen_arbiter.gen_int_rr.gen_fair_arb.i_lzc_lower.gen_lzc	21	84	448	64	30	64	4	31	1385511	1384882	0,28,0,2,0,0,0,0,0,0,0,0,0,0,0,0,0,0,0,0,0,0,0,0,0,0,0,0,0,0,0,0,0,0,0,0,0,0,0,0	14,7,1,0,0,0,0,0,0,0,0,0,0,0,0,0,7,0,0,0,1,0,0,0,0,0,0,0,0,0,0,0,1,0,0,0,0,0,0,0	2	64	30	64	4	31	1385511	1384882	0,28,0,2,0,0,0,0,0,0,0,0,0,0,0,0,0,0,0,0,0,0,0,0,0,0,0,0,0,0,0,0,0,0,0,0,0,0,0,0	14,7,1,0,0,0,0,0,0,0,0,0,0,0,0,0,7,0,0,0,1,0,0,0,0,0,0,0,0,0,0,0,1,0,0,0,0,0,0,0
tb.dut.clusters[0].cluster.sockets[0].socket.cores[0].core.execute.fpu_unit.genblk1[0].fpu_fpnew.genblk3[1].fpnew_core.gen_operation_groups[3].i_opgroup_block.i_arbiter.gen_arbiter.gen_int_rr.gen_fair_arb.i_lzc_upper	20	158	0	0	0	0	0	1	1385575	1385575	0,0,0,0,0,0,0,0,0,0,0,0,0,0,0,0,0,0,0,0,0,0,0,0,0,0,0,0,0,0,0,0,0,0,0,0,0,0,0,0	0,0,0,0,0,0,0,0,0,0,0,0,0,0,0,0,0,0,0,0,0,0,0,0,0,0,0,0,0,0,0,0,1,0,0,0,0,0,0,0	2	0	0	0	0	1	1385575	1385575	0,0,0,0,0,0,0,0,0,0,0,0,0,0,0,0,0,0,0,0,0,0,0,0,0,0,0,0,0,0,0,0,0,0,0,0,0,0,0,0	0,0,0,0,0,0,0,0,0,0,0,0,0,0,0,0,0,0,0,0,0,0,0,0,0,0,0,0,0,0,0,0,1,0,0,0,0,0,0,0
tb.dut.clusters[0].cluster.sockets[0].socket.cores[0].core.execute.fpu_unit.genblk1[0].fpu_fpnew.genblk3[1].fpnew_core.gen_operation_groups[3].i_opgroup_block.i_arbiter.gen_arbiter.gen_int_rr.gen_fair_arb.i_lzc_upper.gen_lzc	21	84	0	0	0	0	0	1	1385575	1385575	0,0,0,0,0,0,0,0,0,0,0,0,0,0,0,0,0,0,0,0,0,0,0,0,0,0,0,0,0,0,0,0,0,0,0,0,0,0,0,0	0,0,0,0,0,0,0,0,0,0,0,0,0,0,0,0,0,0,0,0,0,0,0,0,0,0,0,0,0,0,0,0,1,0,0,0,0,0,0,0	2	0	0	0	0	1	1385575	1385575	0,0,0,0,0,0,0,0,0,0,0,0,0,0,0,0,0,0,0,0,0,0,0,0,0,0,0,0,0,0,0,0,0,0,0,0,0,0,0,0	0,0,0,0,0,0,0,0,0,0,0,0,0,0,0,0,0,0,0,0,0,0,0,0,0,0,0,0,0,0,0,0,1,0,0,0,0,0,0,0
tb.dut.clusters[0].cluster.sockets[0].socket.cores[0].core.execute.fpu_unit.genblk1[0].fpu_fpnew.genblk3[1].fpnew_core.gen_operation_groups[3].i_opgroup_block.i_arbiter.gen_arbiter.gen_levels[0]	18	65	64	64	30	64	4	31	1385511	1384882	0,28,0,2,0,0,0,0,0,0,0,0,0,0,0,0,0,0,0,0,0,0,0,0,0,0,0,0,0,0,0,0,0,0,0,0,0,0,0,0	14,7,1,0,0,0,0,0,0,0,0,0,0,0,0,0,7,0,0,0,1,0,0,0,0,0,0,0,0,0,0,0,1,0,0,0,0,0,0,0	2	0	0	0	0	1	1385575	1385575	0,0,0,0,0,0,0,0,0,0,0,0,0,0,0,0,0,0,0,0,0,0,0,0,0,0,0,0,0,0,0,0,0,0,0,0,0,0,0,0	0,0,0,0,0,0,0,0,0,0,0,0,0,0,0,0,0,0,0,0,0,0,0,0,0,0,0,0,0,0,0,0,1,0,0,0,0,0,0,0
tb.dut.clusters[0].cluster.sockets[0].socket.cores[0].core.execute.fpu_unit.genblk1[0].fpu_fpnew.genblk3[1].fpnew_core.gen_operation_groups[3].i_opgroup_block.i_arbiter.gen_arbiter.gen_levels[0].gen_level[0]	19	65	64	64	30	64	4	31	1385511	1384882	0,28,0,2,0,0,0,0,0,0,0,0,0,0,0,0,0,0,0,0,0,0,0,0,0,0,0,0,0,0,0,0,0,0,0,0,0,0,0,0	14,7,1,0,0,0,0,0,0,0,0,0,0,0,0,0,7,0,0,0,1,0,0,0,0,0,0,0,0,0,0,0,1,0,0,0,0,0,0,0	2	0	0	0	0	1	1385575	1385575	0,0,0,0,0,0,0,0,0,0,0,0,0,0,0,0,0,0,0,0,0,0,0,0,0,0,0,0,0,0,0,0,0,0,0,0,0,0,0,0	0,0,0,0,0,0,0,0,0,0,0,0,0,0,0,0,0,0,0,0,0,0,0,0,0,0,0,0,0,0,0,0,1,0,0,0,0,0,0,0
tb.dut.clusters[0].cluster.sockets[0].socket.cores[0].core.execute.fpu_unit.genblk1[0].fpu_fpnew.genblk3[1].fpnew_core.gen_operation_groups[3].i_opgroup_block.i_arbiter.gen_arbiter.gen_levels[1]	18	130	64	64	30	64	4	31	1385511	1384882	0,28,0,2,0,0,0,0,0,0,0,0,0,0,0,0,0,0,0,0,0,0,0,0,0,0,0,0,0,0,0,0,0,0,0,0,0,0,0,0	14,7,1,0,0,0,0,0,0,0,0,0,0,0,0,0,7,0,0,0,1,0,0,0,0,0,0,0,0,0,0,0,1,0,0,0,0,0,0,0	2	0	0	0	0	1	1385575	1385575	0,0,0,0,0,0,0,0,0,0,0,0,0,0,0,0,0,0,0,0,0,0,0,0,0,0,0,0,0,0,0,0,0,0,0,0,0,0,0,0	0,0,0,0,0,0,0,0,0,0,0,0,0,0,0,0,0,0,0,0,0,0,0,0,0,0,0,0,0,0,0,0,1,0,0,0,0,0,0,0
tb.dut.clusters[0].cluster.sockets[0].socket.cores[0].core.execute.fpu_unit.genblk1[0].fpu_fpnew.genblk3[1].fpnew_core.gen_operation_groups[3].i_opgroup_block.i_arbiter.gen_arbiter.gen_levels[1].gen_level[0]	19	65	64	64	30	64	4	31	1385511	1384882	0,28,0,2,0,0,0,0,0,0,0,0,0,0,0,0,0,0,0,0,0,0,0,0,0,0,0,0,0,0,0,0,0,0,0,0,0,0,0,0	14,7,1,0,0,0,0,0,0,0,0,0,0,0,0,0,7,0,0,0,1,0,0,0,0,0,0,0,0,0,0,0,1,0,0,0,0,0,0,0	2	0	0	0	0	1	1385575	1385575	0,0,0,0,0,0,0,0,0,0,0,0,0,0,0,0,0,0,0,0,0,0,0,0,0,0,0,0,0,0,0,0,0,0,0,0,0,0,0,0	0,0,0,0,0,0,0,0,0,0,0,0,0,0,0,0,0,0,0,0,0,0,0,0,0,0,0,0,0,0,0,0,1,0,0,0,0,0,0,0
tb.dut.clusters[0].cluster.sockets[0].socket.cores[0].core.execute.fpu_unit.genblk1[0].fpu_fpnew.genblk3[1].fpnew_core.gen_operation_groups[3].i_opgroup_block.i_arbiter.gen_arbiter.gen_levels[1].gen_level[1]	19	65	0	0	0	0	0	1	1385575	1385575	0,0,0,0,0,0,0,0,0,0,0,0,0,0,0,0,0,0,0,0,0,0,0,0,0,0,0,0,0,0,0,0,0,0,0,0,0,0,0,0	0,0,0,0,0,0,0,0,0,0,0,0,0,0,0,0,0,0,0,0,0,0,0,0,0,0,0,0,0,0,0,0,1,0,0,0,0,0,0,0	2	0	0	0	0	1	1385575	1385575	0,0,0,0,0,0,0,0,0,0,0,0,0,0,0,0,0,0,0,0,0,0,0,0,0,0,0,0,0,0,0,0,0,0,0,0,0,0,0,0	0,0,0,0,0,0,0,0,0,0,0,0,0,0,0,0,0,0,0,0,0,0,0,0,0,0,0,0,0,0,0,0,1,0,0,0,0,0,0,0
tb.dut.clusters[0].cluster.sockets[0].socket.cores[0].core.execute.fpu_unit.genblk1[0].fpu_fpnew.genblk3[1].fpnew_core.gen_operation_groups[3].i_opgroup_block.i_arbiter.gen_arbiter.gen_levels[2]	18	260	64	64	30	64	4	31	1385511	1384882	0,28,0,2,0,0,0,0,0,0,0,0,0,0,0,0,0,0,0,0,0,0,0,0,0,0,0,0,0,0,0,0,0,0,0,0,0,0,0,0	14,7,1,0,0,0,0,0,0,0,0,0,0,0,0,0,7,0,0,0,1,0,0,0,0,0,0,0,0,0,0,0,1,0,0,0,0,0,0,0	2	0	0	0	0	1	1385575	1385575	0,0,0,0,0,0,0,0,0,0,0,0,0,0,0,0,0,0,0,0,0,0,0,0,0,0,0,0,0,0,0,0,0,0,0,0,0,0,0,0	0,0,0,0,0,0,0,0,0,0,0,0,0,0,0,0,0,0,0,0,0,0,0,0,0,0,0,0,0,0,0,0,1,0,0,0,0,0,0,0
tb.dut.clusters[0].cluster.sockets[0].socket.cores[0].core.execute.fpu_unit.genblk1[0].fpu_fpnew.genblk3[1].fpnew_core.gen_operation_groups[3].i_opgroup_block.i_arbiter.gen_arbiter.gen_levels[2].gen_level[0]	19	65	64	64	30	64	4	31	1385511	1384882	0,28,0,2,0,0,0,0,0,0,0,0,0,0,0,0,0,0,0,0,0,0,0,0,0,0,0,0,0,0,0,0,0,0,0,0,0,0,0,0	14,7,1,0,0,0,0,0,0,0,0,0,0,0,0,0,7,0,0,0,1,0,0,0,0,0,0,0,0,0,0,0,1,0,0,0,0,0,0,0	2	0	0	0	0	1	1385575	1385575	0,0,0,0,0,0,0,0,0,0,0,0,0,0,0,0,0,0,0,0,0,0,0,0,0,0,0,0,0,0,0,0,0,0,0,0,0,0,0,0	0,0,0,0,0,0,0,0,0,0,0,0,0,0,0,0,0,0,0,0,0,0,0,0,0,0,0,0,0,0,0,0,1,0,0,0,0,0,0,0
tb.dut.clusters[0].cluster.sockets[0].socket.cores[0].core.execute.fpu_unit.genblk1[0].fpu_fpnew.genblk3[1].fpnew_core.gen_operation_groups[3].i_opgroup_block.i_arbiter.gen_arbiter.gen_levels[2].gen_level[1]	19	65	0	0	0	0	0	1	1385575	1385575	0,0,0,0,0,0,0,0,0,0,0,0,0,0,0,0,0,0,0,0,0,0,0,0,0,0,0,0,0,0,0,0,0,0,0,0,0,0,0,0	0,0,0,0,0,0,0,0,0,0,0,0,0,0,0,0,0,0,0,0,0,0,0,0,0,0,0,0,0,0,0,0,1,0,0,0,0,0,0,0	2	0	0	0	0	1	1385575	1385575	0,0,0,0,0,0,0,0,0,0,0,0,0,0,0,0,0,0,0,0,0,0,0,0,0,0,0,0,0,0,0,0,0,0,0,0,0,0,0,0	0,0,0,0,0,0,0,0,0,0,0,0,0,0,0,0,0,0,0,0,0,0,0,0,0,0,0,0,0,0,0,0,1,0,0,0,0,0,0,0
tb.dut.clusters[0].cluster.sockets[0].socket.cores[0].core.execute.fpu_unit.genblk1[0].fpu_fpnew.genblk3[1].fpnew_core.gen_operation_groups[3].i_opgroup_block.i_arbiter.gen_arbiter.gen_levels[2].gen_level[2]	19	65	0	0	0	0	0	1	1385575	1385575	0,0,0,0,0,0,0,0,0,0,0,0,0,0,0,0,0,0,0,0,0,0,0,0,0,0,0,0,0,0,0,0,0,0,0,0,0,0,0,0	0,0,0,0,0,0,0,0,0,0,0,0,0,0,0,0,0,0,0,0,0,0,0,0,0,0,0,0,0,0,0,0,1,0,0,0,0,0,0,0	2	0	0	0	0	1	1385575	1385575	0,0,0,0,0,0,0,0,0,0,0,0,0,0,0,0,0,0,0,0,0,0,0,0,0,0,0,0,0,0,0,0,0,0,0,0,0,0,0,0	0,0,0,0,0,0,0,0,0,0,0,0,0,0,0,0,0,0,0,0,0,0,0,0,0,0,0,0,0,0,0,0,1,0,0,0,0,0,0,0
tb.dut.clusters[0].cluster.sockets[0].socket.cores[0].core.execute.fpu_unit.genblk1[0].fpu_fpnew.genblk3[1].fpnew_core.gen_operation_groups[3].i_opgroup_block.i_arbiter.gen_arbiter.gen_levels[2].gen_level[3]	19	65	0	0	0	0	0	1	1385575	1385575	0,0,0,0,0,0,0,0,0,0,0,0,0,0,0,0,0,0,0,0,0,0,0,0,0,0,0,0,0,0,0,0,0,0,0,0,0,0,0,0	0,0,0,0,0,0,0,0,0,0,0,0,0,0,0,0,0,0,0,0,0,0,0,0,0,0,0,0,0,0,0,0,1,0,0,0,0,0,0,0	2	0	0	0	0	1	1385575	1385575	0,0,0,0,0,0,0,0,0,0,0,0,0,0,0,0,0,0,0,0,0,0,0,0,0,0,0,0,0,0,0,0,0,0,0,0,0,0,0,0	0,0,0,0,0,0,0,0,0,0,0,0,0,0,0,0,0,0,0,0,0,0,0,0,0,0,0,0,0,0,0,0,1,0,0,0,0,0,0,0
tb.dut.clusters[0].cluster.sockets[0].socket.cores[0].core.execute.fpu_unit.genblk1[0].fpu_fpnew.genblk3[1].fpnew_core.i_arbiter	14	947	19422966	295088	98356	295088	8	98357	1090487	8600	2,28,98308,2,2,12,0,2,0,0,0,0,0,0,0,0,0,0,0,0,0,0,0,0,0,0,0,0,0,0,0,0,0,0,0,0,0,0,0,0	26,9,11,3,0,1,49150,0,1,0,0,0,1,0,49149,1,3,0,0,0,1,0,0,0,0,1,0,0,0,0,0,0,0,0,0,0,0,0,0,0	5	196752	98366	196752	8	98367	1188823	8601	0,98360,0,4,0,0,0,2,0,0,0,0,0,0,0,0,0,0,0,0,0,0,0,0,0,0,0,0,0,0,0,0,0,0,0,0,0,0,0,0	26,19,8,7,0,1,0,49150,0,1,0,0,0,1,0,49149,3,0,0,0,1,0,0,0,0,1,0,0,0,0,0,0,0,0,0,0,0,0,0,0
tb.dut.clusters[0].cluster.sockets[0].socket.cores[0].core.execute.fpu_unit.genblk1[0].fpu_fpnew.genblk3[1].fpnew_core.i_arbiter.gen_arbiter	15	636	10892106	295086	98354	295086	8	98355	1090489	8600	0,28,98308,2,2,12,0,2,0,0,0,0,0,0,0,0,0,0,0,0,0,0,0,0,0,0,0,0,0,0,0,0,0,0,0,0,0,0,0,0	26,9,10,3,0,1,49150,0,1,0,0,0,1,0,49149,1,2,0,0,0,1,0,0,0,0,1,0,0,0,0,0,0,0,0,0,0,0,0,0,0	4	196752	98366	196752	8	98367	1188823	8601	0,98360,0,4,0,0,0,2,0,0,0,0,0,0,0,0,0,0,0,0,0,0,0,0,0,0,0,0,0,0,0,0,0,0,0,0,0,0,0,0	26,19,8,7,0,1,0,49150,0,1,0,0,0,1,0,49149,3,0,0,0,1,0,0,0,0,1,0,0,0,0,0,0,0,0,0,0,0,0,0,0
tb.dut.clusters[0].cluster.sockets[0].socket.cores[0].core.execute.fpu_unit.genblk1[0].fpu_fpnew.genblk3[1].fpnew_core.i_arbiter.gen_arbiter.gen_int_rr	16	274	1967661	196752	98366	196752	8	98367	1188823	8601	0,98360,0,4,0,0,0,2,0,0,0,0,0,0,0,0,0,0,0,0,0,0,0,0,0,0,0,0,0,0,0,0,0,0,0,0,0,0,0,0	26,19,8,7,0,1,0,49150,0,1,0,0,0,1,0,49149,3,0,0,0,1,0,0,0,0,1,0,0,0,0,0,0,0,0,0,0,0,0,0,0	2	196752	98366	196752	8	98367	1188823	8601	0,98360,0,4,0,0,0,2,0,0,0,0,0,0,0,0,0,0,0,0,0,0,0,0,0,0,0,0,0,0,0,0,0,0,0,0,0,0,0,0	26,19,8,7,0,1,0,49150,0,1,0,0,0,1,0,49149,3,0,0,0,1,0,0,0,0,1,0,0,0,0,0,0,0,0,0,0,0,0,0,0
tb.dut.clusters[0].cluster.sockets[0].socket.cores[0].core.execute.fpu_unit.genblk1[0].fpu_fpnew.genblk3[1].fpnew_core.i_arbiter.gen_arbiter.gen_int_rr.gen_fair_arb	17	272	1967624	196752	98366	196752	8	98367	1188823	8601	0,98360,0,4,0,0,0,2,0,0,0,0,0,0,0,0,0,0,0,0,0,0,0,0,0,0,0,0,0,0,0,0,0,0,0,0,0,0,0,0	26,19,8,7,0,1,0,49150,0,1,0,0,0,1,0,49149,3,0,0,0,1,0,0,0,0,1,0,0,0,0,0,0,0,0,0,0,0,0,0,0	2	196752	98366	196752	8	98367	1188823	8601	0,98360,0,4,0,0,0,2,0,0,0,0,0,0,0,0,0,0,0,0,0,0,0,0,0,0,0,0,0,0,0,0,0,0,0,0,0,0,0,0	26,19,8,7,0,1,0,49150,0,1,0,0,0,1,0,49149,3,0,0,0,1,0,0,0,0,1,0,0,0,0,0,0,0,0,0,0,0,0,0,0
tb.dut.clusters[0].cluster.sockets[0].socket.cores[0].core.execute.fpu_unit.genblk1[0].fpu_fpnew.genblk3[1].fpnew_core.i_arbiter.gen_arbiter.gen_int_rr.gen_fair_arb.i_lzc_lower	18	128	1377206	196728	98356	196728	8	98357	1188847	8601	0,98351,0,3,0,1,0,1,0,0,0,0,0,0,0,0,0,0,0,0,0,0,0,0,0,0,0,0,0,0,0,0,0,0,0,0,0,0,0,0	19,13,7,6,6,2,0,49149,0,0,0,0,0,0,0,49149,4,0,0,0,1,0,0,0,0,1,0,0,0,0,0,0,0,0,0,0,0,0,0,0	2	196728	98356	196728	8	98357	1188847	8601	0,98351,0,3,0,1,0,1,0,0,0,0,0,0,0,0,0,0,0,0,0,0,0,0,0,0,0,0,0,0,0,0,0,0,0,0,0,0,0,0	19,13,7,6,6,2,0,49149,0,0,0,0,0,0,0,49149,4,0,0,0,1,0,0,0,0,1,0,0,0,0,0,0,0,0,0,0,0,0,0,0
tb.dut.clusters[0].cluster.sockets[0].socket.cores[0].core.execute.fpu_unit.genblk1[0].fpu_fpnew.genblk3[1].fpnew_core.i_arbiter.gen_arbiter.gen_int_rr.gen_fair_arb.i_lzc_lower.gen_lzc	19	56	787006	196728	98356	196728	8	98357	1188847	8601	0,98351,0,3,0,1,0,1,0,0,0,0,0,0,0,0,0,0,0,0,0,0,0,0,0,0,0,0,0,0,0,0,0,0,0,0,0,0,0,0	19,13,7,6,6,2,0,49149,0,0,0,0,0,0,0,49149,4,0,0,0,1,0,0,0,0,1,0,0,0,0,0,0,0,0,0,0,0,0,0,0	2	196728	98356	196728	8	98357	1188847	8601	0,98351,0,3,0,1,0,1,0,0,0,0,0,0,0,0,0,0,0,0,0,0,0,0,0,0,0,0,0,0,0,0,0,0,0,0,0,0,0,0	19,13,7,6,6,2,0,49149,0,0,0,0,0,0,0,49149,4,0,0,0,1,0,0,0,0,1,0,0,0,0,0,0,0,0,0,0,0,0,0,0
tb.dut.clusters[0].cluster.sockets[0].socket.cores[0].core.execute.fpu_unit.genblk1[0].fpu_fpnew.genblk3[1].fpnew_core.i_arbiter.gen_arbiter.gen_int_rr.gen_fair_arb.i_lzc_upper	18	128	138	24	12	24	2	13	1385551	1384795	0,12,0,0,0,0,0,0,0,0,0,0,0,0,0,0,0,0,0,0,0,0,0,0,0,0,0,0,0,0,0,0,0,0,0,0,0,0,0,0	0,0,0,0,0,0,0,0,0,0,0,0,0,0,0,0,9,2,0,0,1,0,0,0,0,0,0,0,0,0,0,0,1,0,0,0,0,0,0,0	2	24	12	24	2	13	1385551	1384795	0,12,0,0,0,0,0,0,0,0,0,0,0,0,0,0,0,0,0,0,0,0,0,0,0,0,0,0,0,0,0,0,0,0,0,0,0,0,0,0	0,0,0,0,0,0,0,0,0,0,0,0,0,0,0,0,9,2,0,0,1,0,0,0,0,0,0,0,0,0,0,0,1,0,0,0,0,0,0,0
tb.dut.clusters[0].cluster.sockets[0].socket.cores[0].core.execute.fpu_unit.genblk1[0].fpu_fpnew.genblk3[1].fpnew_core.i_arbiter.gen_arbiter.gen_int_rr.gen_fair_arb.i_lzc_upper.gen_lzc	19	56	82	24	12	24	2	13	1385551	1384795	0,12,0,0,0,0,0,0,0,0,0,0,0,0,0,0,0,0,0,0,0,0,0,0,0,0,0,0,0,0,0,0,0,0,0,0,0,0,0,0	0,0,0,0,0,0,0,0,0,0,0,0,0,0,0,0,9,2,0,0,1,0,0,0,0,0,0,0,0,0,0,0,1,0,0,0,0,0,0,0	2	24	12	24	2	13	1385551	1384795	0,12,0,0,0,0,0,0,0,0,0,0,0,0,0,0,0,0,0,0,0,0,0,0,0,0,0,0,0,0,0,0,0,0,0,0,0,0,0,0	0,0,0,0,0,0,0,0,0,0,0,0,0,0,0,0,9,2,0,0,1,0,0,0,0,0,0,0,0,0,0,0,1,0,0,0,0,0,0,0
tb.dut.clusters[0].cluster.sockets[0].socket.cores[0].core.execute.fpu_unit.genblk1[0].fpu_fpnew.genblk3[1].fpnew_core.i_arbiter.gen_arbiter.gen_levels[0]	16	65	196672	196672	98334	196672	4	98335	1188903	8601	0,98332,0,2,0,0,0,0,0,0,0,0,0,0,0,0,0,0,0,0,0,0,0,0,0,0,0,0,0,0,0,0,0,0,0,0,0,0,0,0	12,6,1,4,0,0,0,49150,0,1,0,0,0,1,0,49149,9,0,0,0,1,0,0,0,0,1,0,0,0,0,0,0,0,0,0,0,0,0,0,0	2	0	0	0	0	1	1385575	1385575	0,0,0,0,0,0,0,0,0,0,0,0,0,0,0,0,0,0,0,0,0,0,0,0,0,0,0,0,0,0,0,0,0,0,0,0,0,0,0,0	0,0,0,0,0,0,0,0,0,0,0,0,0,0,0,0,0,0,0,0,0,0,0,0,0,0,0,0,0,0,0,0,1,0,0,0,0,0,0,0
tb.dut.clusters[0].cluster.sockets[0].socket.cores[0].core.execute.fpu_unit.genblk1[0].fpu_fpnew.genblk3[1].fpnew_core.i_arbiter.gen_arbiter.gen_levels[0].gen_level[0]	17	65	196672	196672	98334	196672	4	98335	1188903	8601	0,98332,0,2,0,0,0,0,0,0,0,0,0,0,0,0,0,0,0,0,0,0,0,0,0,0,0,0,0,0,0,0,0,0,0,0,0,0,0,0	12,6,1,4,0,0,0,49150,0,1,0,0,0,1,0,49149,9,0,0,0,1,0,0,0,0,1,0,0,0,0,0,0,0,0,0,0,0,0,0,0	2	0	0	0	0	1	1385575	1385575	0,0,0,0,0,0,0,0,0,0,0,0,0,0,0,0,0,0,0,0,0,0,0,0,0,0,0,0,0,0,0,0,0,0,0,0,0,0,0,0	0,0,0,0,0,0,0,0,0,0,0,0,0,0,0,0,0,0,0,0,0,0,0,0,0,0,0,0,0,0,0,0,1,0,0,0,0,0,0,0
tb.dut.clusters[0].cluster.sockets[0].socket.cores[0].core.execute.fpu_unit.genblk1[0].fpu_fpnew.genblk3[1].fpnew_core.i_arbiter.gen_arbiter.gen_levels[1]	16	130	80	80	32	80	8	33	1385495	1384801	0,28,0,2,0,0,0,2,0,0,0,0,0,0,0,0,0,0,0,0,0,0,0,0,0,0,0,0,0,0,0,0,0,0,0,0,0,0,0,0	12,6,1,1,0,1,0,0,0,0,0,0,0,0,0,0,8,2,0,0,1,0,0,0,0,0,0,0,0,0,0,0,1,0,0,0,0,0,0,0	2	0	0	0	0	1	1385575	1385575	0,0,0,0,0,0,0,0,0,0,0,0,0,0,0,0,0,0,0,0,0,0,0,0,0,0,0,0,0,0,0,0,0,0,0,0,0,0,0,0	0,0,0,0,0,0,0,0,0,0,0,0,0,0,0,0,0,0,0,0,0,0,0,0,0,0,0,0,0,0,0,0,1,0,0,0,0,0,0,0
tb.dut.clusters[0].cluster.sockets[0].socket.cores[0].core.execute.fpu_unit.genblk1[0].fpu_fpnew.genblk3[1].fpnew_core.i_arbiter.gen_arbiter.gen_levels[1].gen_level[0]	17	65	64	64	30	64	4	31	1385511	1384801	0,28,0,2,0,0,0,0,0,0,0,0,0,0,0,0,0,0,0,0,0,0,0,0,0,0,0,0,0,0,0,0,0,0,0,0,0,0,0,0	12,6,1,1,0,0,0,0,0,0,0,0,0,0,0,0,8,1,0,0,1,0,0,0,0,0,0,0,0,0,0,0,1,0,0,0,0,0,0,0	2	0	0	0	0	1	1385575	1385575	0,0,0,0,0,0,0,0,0,0,0,0,0,0,0,0,0,0,0,0,0,0,0,0,0,0,0,0,0,0,0,0,0,0,0,0,0,0,0,0	0,0,0,0,0,0,0,0,0,0,0,0,0,0,0,0,0,0,0,0,0,0,0,0,0,0,0,0,0,0,0,0,1,0,0,0,0,0,0,0
tb.dut.clusters[0].cluster.sockets[0].socket.cores[0].core.execute.fpu_unit.genblk1[0].fpu_fpnew.genblk3[1].fpnew_core.i_arbiter.gen_arbiter.gen_levels[1].gen_level[1]	17	65	16	16	2	16	8	3	1385559	1385119	0,0,0,0,0,0,0,2,0,0,0,0,0,0,0,0,0,0,0,0,0,0,0,0,0,0,0,0,0,0,0,0,0,0,0,0,0,0,0,0	0,0,0,0,0,1,0,0,0,0,0,0,0,0,0,0,0,0,0,0,1,0,0,0,0,0,0,0,0,0,0,0,1,0,0,0,0,0,0,0	2	0	0	0	0	1	1385575	1385575	0,0,0,0,0,0,0,0,0,0,0,0,0,0,0,0,0,0,0,0,0,0,0,0,0,0,0,0,0,0,0,0,0,0,0,0,0,0,0,0	0,0,0,0,0,0,0,0,0,0,0,0,0,0,0,0,0,0,0,0,0,0,0,0,0,0,0,0,0,0,0,0,1,0,0,0,0,0,0,0
tb.dut.clusters[0].cluster.sockets[0].socket.cores[0].core.execute.fpu_unit.genblk1[0].fpu_fpnew.genblk3[2]	12	43590	2620275848	1376529	5	1376529	1376503	6	9046	8600	1,0,0,0,1,0,0,0,0,2,0,0,0,0,0,0,0,0,0,0,0,0,0,0,0,0,0,0,0,0,0,0,1,0,0,0,0,0,0,0	0,0,1,1,0,0,0,0,0,0,0,0,0,0,1,1,0,0,0,0,1,0,0,0,0,1,0,0,0,0,0,0,0,0,0,0,0,0,0,0	218	1081385	49212	1081385	23	49213	304190	8601	2,30,13,4,0,5,1,1,0,3,1,2,0,0,0,0,49150,0,0,0,0,0,0,0,0,0,0,0,0,0,0,0,0,0,0,0,0,0,0,0	38,15,3,1,0,49011,142,0,0,0,0,0,0,0,0,1,0,0,0,0,1,0,0,0,0,1,0,0,0,0,0,0,0,0,0,0,0,0,0,0
tb.dut.clusters[0].cluster.sockets[0].socket.cores[0].core.execute.fpu_unit.genblk1[0].fpu_fpnew.genblk3[2].fpnew_core	13	43581	2619415264	1376529	5	1376529	1376503	6	9046	8600	1,0,0,0,1,0,0,0,0,2,0,0,0,0,0,0,0,0,0,0,0,0,0,0,0,0,0,0,0,0,0,0,1,0,0,0,0,0,0,0	0,0,1,1,0,0,0,0,0,0,0,0,0,0,1,1,0,0,0,0,1,0,0,0,0,1,0,0,0,0,0,0,0,0,0,0,0,0,0,0	218	1081382	49212	1081382	23	49213	304193	8601	2,30,13,4,0,5,1,1,0,3,1,2,0,0,0,0,49150,0,0,0,0,0,0,0,0,0,0,0,0,0,0,0,0,0,0,0,0,0,0,0	38,15,3,1,0,49008,145,0,0,0,0,0,0,0,0,1,0,0,0,0,1,0,0,0,0,1,0,0,0,0,0,0,0,0,0,0,0,0,0,0
tb.dut.clusters[0].cluster.sockets[0].socket.cores[0].core.execute.fpu_unit.genblk1[0].fpu_fpnew.genblk3[2].fpnew_core.gen_nanbox_check[0]	14	32	0	0	0	0	0	1	1385575	1385575	0,0,0,0,0,0,0,0,0,0,0,0,0,0,0,0,0,0,0,0,0,0,0,0,0,0,0,0,0,0,0,0,0,0,0,0,0,0,0,0	0,0,0,0,0,0,0,0,0,0,0,0,0,0,0,0,0,0,0,0,0,0,0,0,0,0,0,0,0,0,0,0,1,0,0,0,0,0,0,0	2	0	0	0	0	1	1385575	1385575	0,0,0,0,0,0,0,0,0,0,0,0,0,0,0,0,0,0,0,0,0,0,0,0,0,0,0,0,0,0,0,0,0,0,0,0,0,0,0,0	0,0,0,0,0,0,0,0,0,0,0,0,0,0,0,0,0,0,0,0,0,0,0,0,0,0,0,0,0,0,0,0,1,0,0,0,0,0,0,0
tb.dut.clusters[0].cluster.sockets[0].socket.cores[0].core.execute.fpu_unit.genblk1[0].fpu_fpnew.genblk3[2].fpnew_core.gen_nanbox_check[1]	14	32	0	0	0	0	0	1	1385575	1385575	0,0,0,0,0,0,0,0,0,0,0,0,0,0,0,0,0,0,0,0,0,0,0,0,0,0,0,0,0,0,0,0,0,0,0,0,0,0,0,0	0,0,0,0,0,0,0,0,0,0,0,0,0,0,0,0,0,0,0,0,0,0,0,0,0,0,0,0,0,0,0,0,1,0,0,0,0,0,0,0	2	0	0	0	0	1	1385575	1385575	0,0,0,0,0,0,0,0,0,0,0,0,0,0,0,0,0,0,0,0,0,0,0,0,0,0,0,0,0,0,0,0,0,0,0,0,0,0,0,0	0,0,0,0,0,0,0,0,0,0,0,0,0,0,0,0,0,0,0,0,0,0,0,0,0,0,0,0,0,0,0,0,1,0,0,0,0,0,0,0
tb.dut.clusters[0].cluster.sockets[0].socket.cores[0].core.execute.fpu_unit.genblk1[0].fpu_fpnew.genblk3[2].fpnew_core.gen_nanbox_check[2]	14	32	0	0	0	0	0	1	1385575	1385575	0,0,0,0,0,0,0,0,0,0,0,0,0,0,0,0,0,0,0,0,0,0,0,0,0,0,0,0,0,0,0,0,0,0,0,0,0,0,0,0	0,0,0,0,0,0,0,0,0,0,0,0,0,0,0,0,0,0,0,0,0,0,0,0,0,0,0,0,0,0,0,0,1,0,0,0,0,0,0,0	2	0	0	0	0	1	1385575	1385575	0,0,0,0,0,0,0,0,0,0,0,0,0,0,0,0,0,0,0,0,0,0,0,0,0,0,0,0,0,0,0,0,0,0,0,0,0,0,0,0	0,0,0,0,0,0,0,0,0,0,0,0,0,0,0,0,0,0,0,0,0,0,0,0,0,0,0,0,0,0,0,0,1,0,0,0,0,0,0,0
tb.dut.clusters[0].cluster.sockets[0].socket.cores[0].core.execute.fpu_unit.genblk1[0].fpu_fpnew.genblk3[2].fpnew_core.gen_nanbox_check[3]	14	32	0	0	0	0	0	1	1385575	1385575	0,0,0,0,0,0,0,0,0,0,0,0,0,0,0,0,0,0,0,0,0,0,0,0,0,0,0,0,0,0,0,0,0,0,0,0,0,0,0,0	0,0,0,0,0,0,0,0,0,0,0,0,0,0,0,0,0,0,0,0,0,0,0,0,0,0,0,0,0,0,0,0,1,0,0,0,0,0,0,0	2	0	0	0	0	1	1385575	1385575	0,0,0,0,0,0,0,0,0,0,0,0,0,0,0,0,0,0,0,0,0,0,0,0,0,0,0,0,0,0,0,0,0,0,0,0,0,0,0,0	0,0,0,0,0,0,0,0,0,0,0,0,0,0,0,0,0,0,0,0,0,0,0,0,0,0,0,0,0,0,0,0,1,0,0,0,0,0,0,0
tb.dut.clusters[0].cluster.sockets[0].socket.cores[0].core.execute.fpu_unit.genblk1[0].fpu_fpnew.genblk3[2].fpnew_core.gen_nanbox_check[4]	14	32	0	0	0	0	0	1	1385575	1385575	0,0,0,0,0,0,0,0,0,0,0,0,0,0,0,0,0,0,0,0,0,0,0,0,0,0,0,0,0,0,0,0,0,0,0,0,0,0,0,0	0,0,0,0,0,0,0,0,0,0,0,0,0,0,0,0,0,0,0,0,0,0,0,0,0,0,0,0,0,0,0,0,1,0,0,0,0,0,0,0	2	0	0	0	0	1	1385575	1385575	0,0,0,0,0,0,0,0,0,0,0,0,0,0,0,0,0,0,0,0,0,0,0,0,0,0,0,0,0,0,0,0,0,0,0,0,0,0,0,0	0,0,0,0,0,0,0,0,0,0,0,0,0,0,0,0,0,0,0,0,0,0,0,0,0,0,0,0,0,0,0,0,1,0,0,0,0,0,0,0
tb.dut.clusters[0].cluster.sockets[0].socket.cores[0].core.execute.fpu_unit.genblk1[0].fpu_fpnew.genblk3[2].fpnew_core.gen_operation_groups[0]	14	7400	7460399	147664	98345	147664	18	98346	1237911	8627	49164,49168,2,0,1,0,0,2,0,0,0,0,0,1,1,0,6,0,0,0,0,0,0,0,0,0,0,0,0,0,0,0,0,0,0,0,0,0,0,0	18,19,2,0,2,0,0,1,49148,0,1,0,0,1,0,49149,3,0,0,0,1,0,0,0,0,1,0,0,0,0,0,0,0,0,0,0,0,0,0,0	37	97619	97521	97619	15	97522	1287956	8627	97495,8,5,0,0,6,6,0,0,0,0,0,0,0,1,0,0,0,0,0,0,0,0,0,0,0,0,0,0,0,0,0,0,0,0,0,0,0,0,0	17,1,0,0,0,0,0,0,48352,0,0,5,4,0,1,0,49124,14,2,0,1,0,0,0,0,1,0,0,0,0,0,0,0,0,0,0,0,0,0,0
tb.dut.clusters[0].cluster.sockets[0].socket.cores[0].core.execute.fpu_unit.genblk1[0].fpu_fpnew.genblk3[2].fpnew_core.gen_operation_groups[0].i_opgroup_block	15	7352	7460333	147664	98345	147664	18	98346	1237911	8627	49164,49168,2,0,1,0,0,2,0,0,0,0,0,1,1,0,6,0,0,0,0,0,0,0,0,0,0,0,0,0,0,0,0,0,0,0,0,0,0,0	18,19,2,0,2,0,0,1,49148,0,1,0,0,1,0,49149,3,0,0,0,1,0,0,0,0,1,0,0,0,0,0,0,0,0,0,0,0,0,0,0	37	97619	97521	97619	15	97522	1287956	8627	97495,8,5,0,0,6,6,0,0,0,0,0,0,0,1,0,0,0,0,0,0,0,0,0,0,0,0,0,0,0,0,0,0,0,0,0,0,0,0,0	17,1,0,0,0,0,0,0,48352,0,0,5,4,0,1,0,49124,14,2,0,1,0,0,0,0,1,0,0,0,0,0,0,0,0,0,0,0,0,0,0
tb.dut.clusters[0].cluster.sockets[0].socket.cores[0].core.execute.fpu_unit.genblk1[0].fpu_fpnew.genblk3[2].fpnew_core.gen_operation_groups[0].i_opgroup_block.gen_parallel_slices[0]	16	5051	5938980	147664	98345	147664	18	98346	1237911	8627	49164,49168,2,0,1,0,0,2,0,0,0,0,0,1,1,0,6,0,0,0,0,0,0,0,0,0,0,0,0,0,0,0,0,0,0,0,0,0,0,0	18,19,2,0,2,0,0,1,49148,0,1,0,0,1,0,49149,3,0,0,0,1,0,0,0,0,1,0,0,0,0,0,0,0,0,0,0,0,0,0,0	26	98176	98078	98176	15	98079	1287399	8627	98052,8,5,0,0,6,6,0,0,0,0,0,0,0,1,0,0,0,0,0,0,0,0,0,0,0,0,0,0,0,0,0,0,0,0,0,0,0,0,0	18,1,0,0,0,0,0,0,48901,0,1,5,3,0,1,0,49141,4,2,0,1,0,0,0,0,1,0,0,0,0,0,0,0,0,0,0,0,0,0,0
tb.dut.clusters[0].cluster.sockets[0].socket.cores[0].core.execute.fpu_unit.genblk1[0].fpu_fpnew.genblk3[2].fpnew_core.gen_operation_groups[0].i_opgroup_block.gen_parallel_slices[0].active_format	17	5049	5938980	147664	98345	147664	18	98346	1237911	8627	49164,49168,2,0,1,0,0,2,0,0,0,0,0,1,1,0,6,0,0,0,0,0,0,0,0,0,0,0,0,0,0,0,0,0,0,0,0,0,0,0	18,19,2,0,2,0,0,1,49148,0,1,0,0,1,0,49149,3,0,0,0,1,0,0,0,0,1,0,0,0,0,0,0,0,0,0,0,0,0,0,0	26	98176	98078	98176	15	98079	1287399	8627	98052,8,5,0,0,6,6,0,0,0,0,0,0,0,1,0,0,0,0,0,0,0,0,0,0,0,0,0,0,0,0,0,0,0,0,0,0,0,0,0	18,1,0,0,0,0,0,0,48901,0,1,5,3,0,1,0,49141,4,2,0,1,0,0,0,0,1,0,0,0,0,0,0,0,0,0,0,0,0,0,0
tb.dut.clusters[0].cluster.sockets[0].socket.cores[0].core.execute.fpu_unit.genblk1[0].fpu_fpnew.genblk3[2].fpnew_core.gen_operation_groups[0].i_opgroup_block.gen_parallel_slices[0].active_format.i_fmt_slice	18	5015	5938911	147664	98345	147664	18	98346	1237911	8627	49164,49168,2,0,1,0,0,2,0,0,0,0,0,1,1,0,6,0,0,0,0,0,0,0,0,0,0,0,0,0,0,0,0,0,0,0,0,0,0,0	18,19,2,0,2,0,0,1,49148,0,1,0,0,1,0,49149,3,0,0,0,1,0,0,0,0,1,0,0,0,0,0,0,0,0,0,0,0,0,0,0	26	98176	98078	98176	15	98079	1287399	8627	98052,8,5,0,0,6,6,0,0,0,0,0,0,0,1,0,0,0,0,0,0,0,0,0,0,0,0,0,0,0,0,0,0,0,0,0,0,0,0,0	18,1,0,0,0,0,0,0,48901,0,1,5,3,0,1,0,49141,4,2,0,1,0,0,0,0,1,0,0,0,0,0,0,0,0,0,0,0,0,0,0
tb.dut.clusters[0].cluster.sockets[0].socket.cores[0].core.execute.fpu_unit.genblk1[0].fpu_fpnew.genblk3[2].fpnew_core.gen_operation_groups[0].i_opgroup_block.gen_parallel_slices[0].active_format.i_fmt_slice.gen_num_lanes[0]	19	4401	4424651	147664	98345	147664	18	98346	1237911	8627	49164,49168,2,0,1,0,0,2,0,0,0,0,0,1,1,0,6,0,0,0,0,0,0,0,0,0,0,0,0,0,0,0,0,0,0,0,0,0,0,0	18,19,2,0,2,0,0,1,49148,0,1,0,0,1,0,49149,3,0,0,0,1,0,0,0,0,1,0,0,0,0,0,0,0,0,0,0,0,0,0,0	23	97619	97521	97619	15	97522	1287956	8627	97495,8,5,0,0,6,6,0,0,0,0,0,0,0,1,0,0,0,0,0,0,0,0,0,0,0,0,0,0,0,0,0,0,0,0,0,0,0,0,0	17,1,0,0,0,0,0,0,48352,0,0,5,4,0,1,0,49124,14,2,0,1,0,0,0,0,1,0,0,0,0,0,0,0,0,0,0,0,0,0,0
tb.dut.clusters[0].cluster.sockets[0].socket.cores[0].core.execute.fpu_unit.genblk1[0].fpu_fpnew.genblk3[2].fpnew_core.gen_operation_groups[0].i_opgroup_block.gen_parallel_slices[0].active_format.i_fmt_slice.gen_num_lanes[0].active_lane	20	4368	4423139	147664	98345	147664	18	98346	1237911	8627	49164,49168,2,0,1,0,0,2,0,0,0,0,0,1,1,0,6,0,0,0,0,0,0,0,0,0,0,0,0,0,0,0,0,0,0,0,0,0,0,0	18,19,2,0,2,0,0,1,49148,0,1,0,0,1,0,49149,3,0,0,0,1,0,0,0,0,1,0,0,0,0,0,0,0,0,0,0,0,0,0,0	22	97600	97532	97600	15	97533	1287975	8627	97503,20,2,0,0,6,0,0,0,0,0,0,0,0,1,0,0,0,0,0,0,0,0,0,0,0,0,0,0,0,0,0,0,0,0,0,0,0,0,0	28,1,0,0,0,0,0,0,48352,0,0,5,3,0,2,0,49124,14,2,0,1,0,0,0,0,1,0,0,0,0,0,0,0,0,0,0,0,0,0,0
tb.dut.clusters[0].cluster.sockets[0].socket.cores[0].core.execute.fpu_unit.genblk1[0].fpu_fpnew.genblk3[2].fpnew_core.gen_operation_groups[0].i_opgroup_block.gen_parallel_slices[0].active_format.i_fmt_slice.gen_num_lanes[0].active_lane.lane_instance	21	4232	3024376	147664	98345	147664	18	98346	1237911	8627	49164,49168,2,0,1,0,0,2,0,0,0,0,0,1,1,0,6,0,0,0,0,0,0,0,0,0,0,0,0,0,0,0,0,0,0,0,0,0,0,0	18,19,2,0,2,0,0,1,49148,0,1,0,0,1,0,49149,3,0,0,0,1,0,0,0,0,1,0,0,0,0,0,0,0,0,0,0,0,0,0,0	22	88457	88401	88457	7	88402	1297118	8655	88366,25,7,0,0,1,2,0,0,0,0,0,0,0,0,0,0,0,0,0,0,0,0,0,0,0,0,0,0,0,0,0,0,0,0,0,0,0,0,0	34,1,0,0,0,0,0,0,39683,0,0,5,3,0,2,0,47836,819,15,2,1,0,0,0,0,1,0,0,0,0,0,0,0,0,0,0,0,0,0,0
tb.dut.clusters[0].cluster.sockets[0].socket.cores[0].core.execute.fpu_unit.genblk1[0].fpu_fpnew.genblk3[2].fpnew_core.gen_operation_groups[0].i_opgroup_block.gen_parallel_slices[0].active_format.i_fmt_slice.gen_num_lanes[0].active_lane.lane_instance.i_fma	22	4232	3024376	147664	98345	147664	18	98346	1237911	8627	49164,49168,2,0,1,0,0,2,0,0,0,0,0,1,1,0,6,0,0,0,0,0,0,0,0,0,0,0,0,0,0,0,0,0,0,0,0,0,0,0	18,19,2,0,2,0,0,1,49148,0,1,0,0,1,0,49149,3,0,0,0,1,0,0,0,0,1,0,0,0,0,0,0,0,0,0,0,0,0,0,0	22	88457	88401	88457	7	88402	1297118	8655	88366,25,7,0,0,1,2,0,0,0,0,0,0,0,0,0,0,0,0,0,0,0,0,0,0,0,0,0,0,0,0,0,0,0,0,0,0,0,0,0	34,1,0,0,0,0,0,0,39683,0,0,5,3,0,2,0,47836,819,15,2,1,0,0,0,0,1,0,0,0,0,0,0,0,0,0,0,0,0,0,0
tb.dut.clusters[0].cluster.sockets[0].socket.cores[0].core.execute.fpu_unit.genblk1[0].fpu_fpnew.genblk3[2].fpnew_core.gen_operation_groups[0].i_opgroup_block.gen_parallel_slices[0].active_format.i_fmt_slice.gen_num_lanes[0].active_lane.lane_instance.i_fma.gen_input_pipeline[0]	23	1	66	66	32	66	4	33	1385509	1384805	2,28,0,2,0,0,0,0,0,0,0,0,0,0,0,0,0,0,0,0,0,0,0,0,0,0,0,0,0,0,0,0,0,0,0,0,0,0,0,0	13,6,1,2,0,0,0,0,0,0,0,0,0,0,0,0,8,1,0,0,1,0,0,0,0,0,0,0,0,0,0,0,1,0,0,0,0,0,0,0	2	0	0	0	0	1	1385575	1385575	0,0,0,0,0,0,0,0,0,0,0,0,0,0,0,0,0,0,0,0,0,0,0,0,0,0,0,0,0,0,0,0,0,0,0,0,0,0,0,0	0,0,0,0,0,0,0,0,0,0,0,0,0,0,0,0,0,0,0,0,0,0,0,0,0,0,0,0,0,0,0,0,1,0,0,0,0,0,0,0
tb.dut.clusters[0].cluster.sockets[0].socket.cores[0].core.execute.fpu_unit.genblk1[0].fpu_fpnew.genblk3[2].fpnew_core.gen_operation_groups[0].i_opgroup_block.gen_parallel_slices[0].active_format.i_fmt_slice.gen_num_lanes[0].active_lane.lane_instance.i_fma.gen_inside_pipeline[0]	23	1	64	64	30	64	4	31	1385511	1384804	0,28,0,2,0,0,0,0,0,0,0,0,0,0,0,0,0,0,0,0,0,0,0,0,0,0,0,0,0,0,0,0,0,0,0,0,0,0,0,0	12,6,1,1,0,0,0,0,0,0,0,0,0,0,0,0,8,1,0,0,1,0,0,0,0,0,0,0,0,0,0,0,1,0,0,0,0,0,0,0	2	0	0	0	0	1	1385575	1385575	0,0,0,0,0,0,0,0,0,0,0,0,0,0,0,0,0,0,0,0,0,0,0,0,0,0,0,0,0,0,0,0,0,0,0,0,0,0,0,0	0,0,0,0,0,0,0,0,0,0,0,0,0,0,0,0,0,0,0,0,0,0,0,0,0,0,0,0,0,0,0,0,1,0,0,0,0,0,0,0
tb.dut.clusters[0].cluster.sockets[0].socket.cores[0].core.execute.fpu_unit.genblk1[0].fpu_fpnew.genblk3[2].fpnew_core.gen_operation_groups[0].i_opgroup_block.gen_parallel_slices[0].active_format.i_fmt_slice.gen_num_lanes[0].active_lane.lane_instance.i_fma.gen_inside_pipeline[1]	23	1	64	64	30	64	4	31	1385511	1384803	0,28,0,2,0,0,0,0,0,0,0,0,0,0,0,0,0,0,0,0,0,0,0,0,0,0,0,0,0,0,0,0,0,0,0,0,0,0,0,0	12,6,1,1,0,0,0,0,0,0,0,0,0,0,0,0,8,1,0,0,1,0,0,0,0,0,0,0,0,0,0,0,1,0,0,0,0,0,0,0	2	0	0	0	0	1	1385575	1385575	0,0,0,0,0,0,0,0,0,0,0,0,0,0,0,0,0,0,0,0,0,0,0,0,0,0,0,0,0,0,0,0,0,0,0,0,0,0,0,0	0,0,0,0,0,0,0,0,0,0,0,0,0,0,0,0,0,0,0,0,0,0,0,0,0,0,0,0,0,0,0,0,1,0,0,0,0,0,0,0
tb.dut.clusters[0].cluster.sockets[0].socket.cores[0].core.execute.fpu_unit.genblk1[0].fpu_fpnew.genblk3[2].fpnew_core.gen_operation_groups[0].i_opgroup_block.gen_parallel_slices[0].active_format.i_fmt_slice.gen_num_lanes[0].active_lane.lane_instance.i_fma.gen_output_pipeline[0]	23	1	64	64	30	64	4	31	1385511	1384802	0,28,0,2,0,0,0,0,0,0,0,0,0,0,0,0,0,0,0,0,0,0,0,0,0,0,0,0,0,0,0,0,0,0,0,0,0,0,0,0	12,6,1,1,0,0,0,0,0,0,0,0,0,0,0,0,8,1,0,0,1,0,0,0,0,0,0,0,0,0,0,0,1,0,0,0,0,0,0,0	2	0	0	0	0	1	1385575	1385575	0,0,0,0,0,0,0,0,0,0,0,0,0,0,0,0,0,0,0,0,0,0,0,0,0,0,0,0,0,0,0,0,0,0,0,0,0,0,0,0	0,0,0,0,0,0,0,0,0,0,0,0,0,0,0,0,0,0,0,0,0,0,0,0,0,0,0,0,0,0,0,0,1,0,0,0,0,0,0,0
tb.dut.clusters[0].cluster.sockets[0].socket.cores[0].core.execute.fpu_unit.genblk1[0].fpu_fpnew.genblk3[2].fpnew_core.gen_operation_groups[0].i_opgroup_block.gen_parallel_slices[0].active_format.i_fmt_slice.gen_num_lanes[0].active_lane.lane_instance.i_fma.i_class_inputs	23	374	315	32	32	32	1	33	1385543	1384805	32,0,0,0,0,0,0,0,0,0,0,0,0,0,0,0,0,0,0,0,0,0,0,0,0,0,0,0,0,0,0,0,0,0,0,0,0,0,0,0	2,12,6,1,1,0,0,0,0,0,0,0,0,0,0,0,7,2,0,0,1,0,0,0,0,0,0,0,0,0,0,0,1,0,0,0,0,0,0,0	2	32	32	32	1	33	1385543	1384805	32,0,0,0,0,0,0,0,0,0,0,0,0,0,0,0,0,0,0,0,0,0,0,0,0,0,0,0,0,0,0,0,0,0,0,0,0,0,0,0	2,12,6,1,1,0,0,0,0,0,0,0,0,0,0,0,7,2,0,0,1,0,0,0,0,0,0,0,0,0,0,0,1,0,0,0,0,0,0,0
tb.dut.clusters[0].cluster.sockets[0].socket.cores[0].core.execute.fpu_unit.genblk1[0].fpu_fpnew.genblk3[2].fpnew_core.gen_operation_groups[0].i_opgroup_block.gen_parallel_slices[0].active_format.i_fmt_slice.gen_num_lanes[0].active_lane.lane_instance.i_fma.i_class_inputs.gen_num_values[0]	24	40	142	32	32	32	1	33	1385543	1384805	32,0,0,0,0,0,0,0,0,0,0,0,0,0,0,0,0,0,0,0,0,0,0,0,0,0,0,0,0,0,0,0,0,0,0,0,0,0,0,0	2,12,6,1,1,0,0,0,0,0,0,0,0,0,0,0,7,2,0,0,1,0,0,0,0,0,0,0,0,0,0,0,1,0,0,0,0,0,0,0	2	24	24	24	1	25	1385551	1384839	24,0,0,0,0,0,0,0,0,0,0,0,0,0,0,0,0,0,0,0,0,0,0,0,0,0,0,0,0,0,0,0,0,0,0,0,0,0,0,0	1,6,6,1,1,0,0,0,0,0,0,0,0,0,0,0,7,1,0,0,1,0,0,0,0,0,0,0,0,0,0,0,1,0,0,0,0,0,0,0
tb.dut.clusters[0].cluster.sockets[0].socket.cores[0].core.execute.fpu_unit.genblk1[0].fpu_fpnew.genblk3[2].fpnew_core.gen_operation_groups[0].i_opgroup_block.gen_parallel_slices[0].active_format.i_fmt_slice.gen_num_lanes[0].active_lane.lane_instance.i_fma.i_class_inputs.gen_num_values[1]	24	40	10	1	1	1	1	2	1385574	1385085	1,0,0,0,0,0,0,0,0,0,0,0,0,0,0,0,0,0,0,0,0,0,0,0,0,0,0,0,0,0,0,0,0,0,0,0,0,0,0,0	0,0,0,0,0,0,0,0,0,0,0,0,0,0,0,0,0,0,0,0,1,0,0,0,0,0,0,0,0,0,0,0,1,0,0,0,0,0,0,0	2	1	1	1	1	2	1385574	1385085	1,0,0,0,0,0,0,0,0,0,0,0,0,0,0,0,0,0,0,0,0,0,0,0,0,0,0,0,0,0,0,0,0,0,0,0,0,0,0,0	0,0,0,0,0,0,0,0,0,0,0,0,0,0,0,0,0,0,0,0,1,0,0,0,0,0,0,0,0,0,0,0,1,0,0,0,0,0,0,0
tb.dut.clusters[0].cluster.sockets[0].socket.cores[0].core.execute.fpu_unit.genblk1[0].fpu_fpnew.genblk3[2].fpnew_core.gen_operation_groups[0].i_opgroup_block.gen_parallel_slices[0].active_format.i_fmt_slice.gen_num_lanes[0].active_lane.lane_instance.i_fma.i_class_inputs.gen_num_values[2]	24	40	4	1	1	1	1	2	1385574	1385085	1,0,0,0,0,0,0,0,0,0,0,0,0,0,0,0,0,0,0,0,0,0,0,0,0,0,0,0,0,0,0,0,0,0,0,0,0,0,0,0	0,0,0,0,0,0,0,0,0,0,0,0,0,0,0,0,0,0,0,0,1,0,0,0,0,0,0,0,0,0,0,0,1,0,0,0,0,0,0,0	2	1	1	1	1	2	1385574	1385085	1,0,0,0,0,0,0,0,0,0,0,0,0,0,0,0,0,0,0,0,0,0,0,0,0,0,0,0,0,0,0,0,0,0,0,0,0,0,0,0	0,0,0,0,0,0,0,0,0,0,0,0,0,0,0,0,0,0,0,0,1,0,0,0,0,0,0,0,0,0,0,0,1,0,0,0,0,0,0,0
tb.dut.clusters[0].cluster.sockets[0].socket.cores[0].core.execute.fpu_unit.genblk1[0].fpu_fpnew.genblk3[2].fpnew_core.gen_operation_groups[0].i_opgroup_block.gen_parallel_slices[0].active_format.i_fmt_slice.gen_num_lanes[0].active_lane.lane_instance.i_fma.i_fpnew_rounding	23	104	284	32	32	32	1	33	1385543	1384803	32,0,0,0,0,0,0,0,0,0,0,0,0,0,0,0,0,0,0,0,0,0,0,0,0,0,0,0,0,0,0,0,0,0,0,0,0,0,0,0	2,12,6,1,1,0,0,0,0,0,0,0,0,0,0,0,7,2,0,0,1,0,0,0,0,0,0,0,0,0,0,0,1,0,0,0,0,0,0,0	2	32	32	32	1	33	1385543	1384803	32,0,0,0,0,0,0,0,0,0,0,0,0,0,0,0,0,0,0,0,0,0,0,0,0,0,0,0,0,0,0,0,0,0,0,0,0,0,0,0	2,12,6,1,1,0,0,0,0,0,0,0,0,0,0,0,7,2,0,0,1,0,0,0,0,0,0,0,0,0,0,0,1,0,0,0,0,0,0,0
tb.dut.clusters[0].cluster.sockets[0].socket.cores[0].core.execute.fpu_unit.genblk1[0].fpu_fpnew.genblk3[2].fpnew_core.gen_operation_groups[0].i_opgroup_block.gen_parallel_slices[0].active_format.i_fmt_slice.gen_num_lanes[0].active_lane.lane_instance.i_fma.i_lzc	23	960	341	32	32	32	1	33	1385543	1384803	32,0,0,0,0,0,0,0,0,0,0,0,0,0,0,0,0,0,0,0,0,0,0,0,0,0,0,0,0,0,0,0,0,0,0,0,0,0,0,0	2,12,6,1,1,0,0,0,0,0,0,0,0,0,0,0,7,2,0,0,1,0,0,0,0,0,0,0,0,0,0,0,1,0,0,0,0,0,0,0	5	22	22	22	1	23	1385553	1384872	22,0,0,0,0,0,0,0,0,0,0,0,0,0,0,0,0,0,0,0,0,0,0,0,0,0,0,0,0,0,0,0,0,0,0,0,0,0,0,0	1,5,6,1,1,0,0,0,0,0,0,0,0,0,0,0,7,0,0,0,1,0,0,0,0,0,0,0,0,0,0,0,1,0,0,0,0,0,0,0
tb.dut.clusters[0].cluster.sockets[0].socket.cores[0].core.execute.fpu_unit.genblk1[0].fpu_fpnew.genblk3[2].fpnew_core.gen_operation_groups[0].i_opgroup_block.gen_parallel_slices[0].active_format.i_fmt_slice.gen_num_lanes[0].active_lane.lane_instance.i_fma.i_lzc.gen_lzc	24	837	249	32	32	32	1	33	1385543	1384803	32,0,0,0,0,0,0,0,0,0,0,0,0,0,0,0,0,0,0,0,0,0,0,0,0,0,0,0,0,0,0,0,0,0,0,0,0,0,0,0	2,12,6,1,1,0,0,0,0,0,0,0,0,0,0,0,7,2,0,0,1,0,0,0,0,0,0,0,0,0,0,0,1,0,0,0,0,0,0,0	5	21	21	21	1	22	1385554	1384872	21,0,0,0,0,0,0,0,0,0,0,0,0,0,0,0,0,0,0,0,0,0,0,0,0,0,0,0,0,0,0,0,0,0,0,0,0,0,0,0	1,4,6,1,1,0,0,0,0,0,0,0,0,0,0,0,7,0,0,0,1,0,0,0,0,0,0,0,0,0,0,0,1,0,0,0,0,0,0,0
tb.dut.clusters[0].cluster.sockets[0].socket.cores[0].core.execute.fpu_unit.genblk1[0].fpu_fpnew.genblk3[2].fpnew_core.gen_operation_groups[0].i_opgroup_block.gen_parallel_slices[1]	16	2	0	0	0	0	0	1	1385575	1385575	0,0,0,0,0,0,0,0,0,0,0,0,0,0,0,0,0,0,0,0,0,0,0,0,0,0,0,0,0,0,0,0,0,0,0,0,0,0,0,0	0,0,0,0,0,0,0,0,0,0,0,0,0,0,0,0,0,0,0,0,0,0,0,0,0,0,0,0,0,0,0,0,1,0,0,0,0,0,0,0	2	0	0	0	0	1	1385575	1385575	0,0,0,0,0,0,0,0,0,0,0,0,0,0,0,0,0,0,0,0,0,0,0,0,0,0,0,0,0,0,0,0,0,0,0,0,0,0,0,0	0,0,0,0,0,0,0,0,0,0,0,0,0,0,0,0,0,0,0,0,0,0,0,0,0,0,0,0,0,0,0,0,1,0,0,0,0,0,0,0
tb.dut.clusters[0].cluster.sockets[0].socket.cores[0].core.execute.fpu_unit.genblk1[0].fpu_fpnew.genblk3[2].fpnew_core.gen_operation_groups[0].i_opgroup_block.gen_parallel_slices[2]	16	2	0	0	0	0	0	1	1385575	1385575	0,0,0,0,0,0,0,0,0,0,0,0,0,0,0,0,0,0,0,0,0,0,0,0,0,0,0,0,0,0,0,0,0,0,0,0,0,0,0,0	0,0,0,0,0,0,0,0,0,0,0,0,0,0,0,0,0,0,0,0,0,0,0,0,0,0,0,0,0,0,0,0,1,0,0,0,0,0,0,0	2	0	0	0	0	1	1385575	1385575	0,0,0,0,0,0,0,0,0,0,0,0,0,0,0,0,0,0,0,0,0,0,0,0,0,0,0,0,0,0,0,0,0,0,0,0,0,0,0,0	0,0,0,0,0,0,0,0,0,0,0,0,0,0,0,0,0,0,0,0,0,0,0,0,0,0,0,0,0,0,0,0,1,0,0,0,0,0,0,0
tb.dut.clusters[0].cluster.sockets[0].socket.cores[0].core.execute.fpu_unit.genblk1[0].fpu_fpnew.genblk3[2].fpnew_core.gen_operation_groups[0].i_opgroup_block.gen_parallel_slices[3]	16	2	0	0	0	0	0	1	1385575	1385575	0,0,0,0,0,0,0,0,0,0,0,0,0,0,0,0,0,0,0,0,0,0,0,0,0,0,0,0,0,0,0,0,0,0,0,0,0,0,0,0	0,0,0,0,0,0,0,0,0,0,0,0,0,0,0,0,0,0,0,0,0,0,0,0,0,0,0,0,0,0,0,0,1,0,0,0,0,0,0,0	2	0	0	0	0	1	1385575	1385575	0,0,0,0,0,0,0,0,0,0,0,0,0,0,0,0,0,0,0,0,0,0,0,0,0,0,0,0,0,0,0,0,0,0,0,0,0,0,0,0	0,0,0,0,0,0,0,0,0,0,0,0,0,0,0,0,0,0,0,0,0,0,0,0,0,0,0,0,0,0,0,0,1,0,0,0,0,0,0,0
tb.dut.clusters[0].cluster.sockets[0].socket.cores[0].core.execute.fpu_unit.genblk1[0].fpu_fpnew.genblk3[2].fpnew_core.gen_operation_groups[0].i_opgroup_block.gen_parallel_slices[4]	16	2	0	0	0	0	0	1	1385575	1385575	0,0,0,0,0,0,0,0,0,0,0,0,0,0,0,0,0,0,0,0,0,0,0,0,0,0,0,0,0,0,0,0,0,0,0,0,0,0,0,0	0,0,0,0,0,0,0,0,0,0,0,0,0,0,0,0,0,0,0,0,0,0,0,0,0,0,0,0,0,0,0,0,1,0,0,0,0,0,0,0	2	0	0	0	0	1	1385575	1385575	0,0,0,0,0,0,0,0,0,0,0,0,0,0,0,0,0,0,0,0,0,0,0,0,0,0,0,0,0,0,0,0,0,0,0,0,0,0,0,0	0,0,0,0,0,0,0,0,0,0,0,0,0,0,0,0,0,0,0,0,0,0,0,0,0,0,0,0,0,0,0,0,1,0,0,0,0,0,0,0
tb.dut.clusters[0].cluster.sockets[0].socket.cores[0].core.execute.fpu_unit.genblk1[0].fpu_fpnew.genblk3[2].fpnew_core.gen_operation_groups[0].i_opgroup_block.i_arbiter	16	1510	8633	66	32	66	4	33	1385509	1384801	2,28,0,2,0,0,0,0,0,0,0,0,0,0,0,0,0,0,0,0,0,0,0,0,0,0,0,0,0,0,0,0,0,0,0,0,0,0,0,0	12,6,2,1,0,0,0,0,0,0,0,0,0,0,0,0,9,1,0,0,1,0,0,0,0,0,0,0,0,0,0,0,1,0,0,0,0,0,0,0	8	64	30	64	4	31	1385511	1384801	0,28,0,2,0,0,0,0,0,0,0,0,0,0,0,0,0,0,0,0,0,0,0,0,0,0,0,0,0,0,0,0,0,0,0,0,0,0,0,0	12,6,1,1,0,0,0,0,0,0,0,0,0,0,0,0,8,1,0,0,1,0,0,0,0,0,0,0,0,0,0,0,1,0,0,0,0,0,0,0
tb.dut.clusters[0].cluster.sockets[0].socket.cores[0].core.execute.fpu_unit.genblk1[0].fpu_fpnew.genblk3[2].fpnew_core.gen_operation_groups[0].i_opgroup_block.i_arbiter.gen_arbiter	17	1150	6012	64	30	64	4	31	1385511	1384801	0,28,0,2,0,0,0,0,0,0,0,0,0,0,0,0,0,0,0,0,0,0,0,0,0,0,0,0,0,0,0,0,0,0,0,0,0,0,0,0	12,6,1,1,0,0,0,0,0,0,0,0,0,0,0,0,8,1,0,0,1,0,0,0,0,0,0,0,0,0,0,0,1,0,0,0,0,0,0,0	6	64	30	64	4	31	1385511	1384801	0,28,0,2,0,0,0,0,0,0,0,0,0,0,0,0,0,0,0,0,0,0,0,0,0,0,0,0,0,0,0,0,0,0,0,0,0,0,0,0	12,6,1,1,0,0,0,0,0,0,0,0,0,0,0,0,8,1,0,0,1,0,0,0,0,0,0,0,0,0,0,0,1,0,0,0,0,0,0,0
tb.dut.clusters[0].cluster.sockets[0].socket.cores[0].core.execute.fpu_unit.genblk1[0].fpu_fpnew.genblk3[2].fpnew_core.gen_operation_groups[0].i_opgroup_block.i_arbiter.gen_arbiter.gen_int_rr	18	340	640	64	30	64	4	31	1385511	1384801	0,28,0,2,0,0,0,0,0,0,0,0,0,0,0,0,0,0,0,0,0,0,0,0,0,0,0,0,0,0,0,0,0,0,0,0,0,0,0,0	12,6,1,1,0,0,0,0,0,0,0,0,0,0,0,0,8,1,0,0,1,0,0,0,0,0,0,0,0,0,0,0,1,0,0,0,0,0,0,0	2	64	30	64	4	31	1385511	1384801	0,28,0,2,0,0,0,0,0,0,0,0,0,0,0,0,0,0,0,0,0,0,0,0,0,0,0,0,0,0,0,0,0,0,0,0,0,0,0,0	12,6,1,1,0,0,0,0,0,0,0,0,0,0,0,0,8,1,0,0,1,0,0,0,0,0,0,0,0,0,0,0,1,0,0,0,0,0,0,0
tb.dut.clusters[0].cluster.sockets[0].socket.cores[0].core.execute.fpu_unit.genblk1[0].fpu_fpnew.genblk3[2].fpnew_core.gen_operation_groups[0].i_opgroup_block.i_arbiter.gen_arbiter.gen_int_rr.gen_fair_arb	19	337	640	64	30	64	4	31	1385511	1384801	0,28,0,2,0,0,0,0,0,0,0,0,0,0,0,0,0,0,0,0,0,0,0,0,0,0,0,0,0,0,0,0,0,0,0,0,0,0,0,0	12,6,1,1,0,0,0,0,0,0,0,0,0,0,0,0,8,1,0,0,1,0,0,0,0,0,0,0,0,0,0,0,1,0,0,0,0,0,0,0	2	64	30	64	4	31	1385511	1384801	0,28,0,2,0,0,0,0,0,0,0,0,0,0,0,0,0,0,0,0,0,0,0,0,0,0,0,0,0,0,0,0,0,0,0,0,0,0,0,0	12,6,1,1,0,0,0,0,0,0,0,0,0,0,0,0,8,1,0,0,1,0,0,0,0,0,0,0,0,0,0,0,1,0,0,0,0,0,0,0
tb.dut.clusters[0].cluster.sockets[0].socket.cores[0].core.execute.fpu_unit.genblk1[0].fpu_fpnew.genblk3[2].fpnew_core.gen_operation_groups[0].i_opgroup_block.i_arbiter.gen_arbiter.gen_int_rr.gen_fair_arb.i_lzc_lower	20	158	576	64	30	64	4	31	1385511	1384801	0,28,0,2,0,0,0,0,0,0,0,0,0,0,0,0,0,0,0,0,0,0,0,0,0,0,0,0,0,0,0,0,0,0,0,0,0,0,0,0	12,6,1,1,0,0,0,0,0,0,0,0,0,0,0,0,8,1,0,0,1,0,0,0,0,0,0,0,0,0,0,0,1,0,0,0,0,0,0,0	2	64	30	64	4	31	1385511	1384801	0,28,0,2,0,0,0,0,0,0,0,0,0,0,0,0,0,0,0,0,0,0,0,0,0,0,0,0,0,0,0,0,0,0,0,0,0,0,0,0	12,6,1,1,0,0,0,0,0,0,0,0,0,0,0,0,8,1,0,0,1,0,0,0,0,0,0,0,0,0,0,0,1,0,0,0,0,0,0,0
tb.dut.clusters[0].cluster.sockets[0].socket.cores[0].core.execute.fpu_unit.genblk1[0].fpu_fpnew.genblk3[2].fpnew_core.gen_operation_groups[0].i_opgroup_block.i_arbiter.gen_arbiter.gen_int_rr.gen_fair_arb.i_lzc_lower.gen_lzc	21	84	448	64	30	64	4	31	1385511	1384801	0,28,0,2,0,0,0,0,0,0,0,0,0,0,0,0,0,0,0,0,0,0,0,0,0,0,0,0,0,0,0,0,0,0,0,0,0,0,0,0	12,6,1,1,0,0,0,0,0,0,0,0,0,0,0,0,8,1,0,0,1,0,0,0,0,0,0,0,0,0,0,0,1,0,0,0,0,0,0,0	2	64	30	64	4	31	1385511	1384801	0,28,0,2,0,0,0,0,0,0,0,0,0,0,0,0,0,0,0,0,0,0,0,0,0,0,0,0,0,0,0,0,0,0,0,0,0,0,0,0	12,6,1,1,0,0,0,0,0,0,0,0,0,0,0,0,8,1,0,0,1,0,0,0,0,0,0,0,0,0,0,0,1,0,0,0,0,0,0,0
tb.dut.clusters[0].cluster.sockets[0].socket.cores[0].core.execute.fpu_unit.genblk1[0].fpu_fpnew.genblk3[2].fpnew_core.gen_operation_groups[0].i_opgroup_block.i_arbiter.gen_arbiter.gen_int_rr.gen_fair_arb.i_lzc_upper	20	158	0	0	0	0	0	1	1385575	1385575	0,0,0,0,0,0,0,0,0,0,0,0,0,0,0,0,0,0,0,0,0,0,0,0,0,0,0,0,0,0,0,0,0,0,0,0,0,0,0,0	0,0,0,0,0,0,0,0,0,0,0,0,0,0,0,0,0,0,0,0,0,0,0,0,0,0,0,0,0,0,0,0,1,0,0,0,0,0,0,0	2	0	0	0	0	1	1385575	1385575	0,0,0,0,0,0,0,0,0,0,0,0,0,0,0,0,0,0,0,0,0,0,0,0,0,0,0,0,0,0,0,0,0,0,0,0,0,0,0,0	0,0,0,0,0,0,0,0,0,0,0,0,0,0,0,0,0,0,0,0,0,0,0,0,0,0,0,0,0,0,0,0,1,0,0,0,0,0,0,0
tb.dut.clusters[0].cluster.sockets[0].socket.cores[0].core.execute.fpu_unit.genblk1[0].fpu_fpnew.genblk3[2].fpnew_core.gen_operation_groups[0].i_opgroup_block.i_arbiter.gen_arbiter.gen_int_rr.gen_fair_arb.i_lzc_upper.gen_lzc	21	84	0	0	0	0	0	1	1385575	1385575	0,0,0,0,0,0,0,0,0,0,0,0,0,0,0,0,0,0,0,0,0,0,0,0,0,0,0,0,0,0,0,0,0,0,0,0,0,0,0,0	0,0,0,0,0,0,0,0,0,0,0,0,0,0,0,0,0,0,0,0,0,0,0,0,0,0,0,0,0,0,0,0,1,0,0,0,0,0,0,0	2	0	0	0	0	1	1385575	1385575	0,0,0,0,0,0,0,0,0,0,0,0,0,0,0,0,0,0,0,0,0,0,0,0,0,0,0,0,0,0,0,0,0,0,0,0,0,0,0,0	0,0,0,0,0,0,0,0,0,0,0,0,0,0,0,0,0,0,0,0,0,0,0,0,0,0,0,0,0,0,0,0,1,0,0,0,0,0,0,0
tb.dut.clusters[0].cluster.sockets[0].socket.cores[0].core.execute.fpu_unit.genblk1[0].fpu_fpnew.genblk3[2].fpnew_core.gen_operation_groups[0].i_opgroup_block.i_arbiter.gen_arbiter.gen_levels[0]	18	65	64	64	30	64	4	31	1385511	1384801	0,28,0,2,0,0,0,0,0,0,0,0,0,0,0,0,0,0,0,0,0,0,0,0,0,0,0,0,0,0,0,0,0,0,0,0,0,0,0,0	12,6,1,1,0,0,0,0,0,0,0,0,0,0,0,0,8,1,0,0,1,0,0,0,0,0,0,0,0,0,0,0,1,0,0,0,0,0,0,0	2	0	0	0	0	1	1385575	1385575	0,0,0,0,0,0,0,0,0,0,0,0,0,0,0,0,0,0,0,0,0,0,0,0,0,0,0,0,0,0,0,0,0,0,0,0,0,0,0,0	0,0,0,0,0,0,0,0,0,0,0,0,0,0,0,0,0,0,0,0,0,0,0,0,0,0,0,0,0,0,0,0,1,0,0,0,0,0,0,0
tb.dut.clusters[0].cluster.sockets[0].socket.cores[0].core.execute.fpu_unit.genblk1[0].fpu_fpnew.genblk3[2].fpnew_core.gen_operation_groups[0].i_opgroup_block.i_arbiter.gen_arbiter.gen_levels[0].gen_level[0]	19	65	64	64	30	64	4	31	1385511	1384801	0,28,0,2,0,0,0,0,0,0,0,0,0,0,0,0,0,0,0,0,0,0,0,0,0,0,0,0,0,0,0,0,0,0,0,0,0,0,0,0	12,6,1,1,0,0,0,0,0,0,0,0,0,0,0,0,8,1,0,0,1,0,0,0,0,0,0,0,0,0,0,0,1,0,0,0,0,0,0,0	2	0	0	0	0	1	1385575	1385575	0,0,0,0,0,0,0,0,0,0,0,0,0,0,0,0,0,0,0,0,0,0,0,0,0,0,0,0,0,0,0,0,0,0,0,0,0,0,0,0	0,0,0,0,0,0,0,0,0,0,0,0,0,0,0,0,0,0,0,0,0,0,0,0,0,0,0,0,0,0,0,0,1,0,0,0,0,0,0,0
tb.dut.clusters[0].cluster.sockets[0].socket.cores[0].core.execute.fpu_unit.genblk1[0].fpu_fpnew.genblk3[2].fpnew_core.gen_operation_groups[0].i_opgroup_block.i_arbiter.gen_arbiter.gen_levels[1]	18	130	64	64	30	64	4	31	1385511	1384801	0,28,0,2,0,0,0,0,0,0,0,0,0,0,0,0,0,0,0,0,0,0,0,0,0,0,0,0,0,0,0,0,0,0,0,0,0,0,0,0	12,6,1,1,0,0,0,0,0,0,0,0,0,0,0,0,8,1,0,0,1,0,0,0,0,0,0,0,0,0,0,0,1,0,0,0,0,0,0,0	2	0	0	0	0	1	1385575	1385575	0,0,0,0,0,0,0,0,0,0,0,0,0,0,0,0,0,0,0,0,0,0,0,0,0,0,0,0,0,0,0,0,0,0,0,0,0,0,0,0	0,0,0,0,0,0,0,0,0,0,0,0,0,0,0,0,0,0,0,0,0,0,0,0,0,0,0,0,0,0,0,0,1,0,0,0,0,0,0,0
tb.dut.clusters[0].cluster.sockets[0].socket.cores[0].core.execute.fpu_unit.genblk1[0].fpu_fpnew.genblk3[2].fpnew_core.gen_operation_groups[0].i_opgroup_block.i_arbiter.gen_arbiter.gen_levels[1].gen_level[0]	19	65	64	64	30	64	4	31	1385511	1384801	0,28,0,2,0,0,0,0,0,0,0,0,0,0,0,0,0,0,0,0,0,0,0,0,0,0,0,0,0,0,0,0,0,0,0,0,0,0,0,0	12,6,1,1,0,0,0,0,0,0,0,0,0,0,0,0,8,1,0,0,1,0,0,0,0,0,0,0,0,0,0,0,1,0,0,0,0,0,0,0	2	0	0	0	0	1	1385575	1385575	0,0,0,0,0,0,0,0,0,0,0,0,0,0,0,0,0,0,0,0,0,0,0,0,0,0,0,0,0,0,0,0,0,0,0,0,0,0,0,0	0,0,0,0,0,0,0,0,0,0,0,0,0,0,0,0,0,0,0,0,0,0,0,0,0,0,0,0,0,0,0,0,1,0,0,0,0,0,0,0
tb.dut.clusters[0].cluster.sockets[0].socket.cores[0].core.execute.fpu_unit.genblk1[0].fpu_fpnew.genblk3[2].fpnew_core.gen_operation_groups[0].i_opgroup_block.i_arbiter.gen_arbiter.gen_levels[1].gen_level[1]	19	65	0	0	0	0	0	1	1385575	1385575	0,0,0,0,0,0,0,0,0,0,0,0,0,0,0,0,0,0,0,0,0,0,0,0,0,0,0,0,0,0,0,0,0,0,0,0,0,0,0,0	0,0,0,0,0,0,0,0,0,0,0,0,0,0,0,0,0,0,0,0,0,0,0,0,0,0,0,0,0,0,0,0,1,0,0,0,0,0,0,0	2	0	0	0	0	1	1385575	1385575	0,0,0,0,0,0,0,0,0,0,0,0,0,0,0,0,0,0,0,0,0,0,0,0,0,0,0,0,0,0,0,0,0,0,0,0,0,0,0,0	0,0,0,0,0,0,0,0,0,0,0,0,0,0,0,0,0,0,0,0,0,0,0,0,0,0,0,0,0,0,0,0,1,0,0,0,0,0,0,0
tb.dut.clusters[0].cluster.sockets[0].socket.cores[0].core.execute.fpu_unit.genblk1[0].fpu_fpnew.genblk3[2].fpnew_core.gen_operation_groups[0].i_opgroup_block.i_arbiter.gen_arbiter.gen_levels[2]	18	260	64	64	30	64	4	31	1385511	1384801	0,28,0,2,0,0,0,0,0,0,0,0,0,0,0,0,0,0,0,0,0,0,0,0,0,0,0,0,0,0,0,0,0,0,0,0,0,0,0,0	12,6,1,1,0,0,0,0,0,0,0,0,0,0,0,0,8,1,0,0,1,0,0,0,0,0,0,0,0,0,0,0,1,0,0,0,0,0,0,0	2	0	0	0	0	1	1385575	1385575	0,0,0,0,0,0,0,0,0,0,0,0,0,0,0,0,0,0,0,0,0,0,0,0,0,0,0,0,0,0,0,0,0,0,0,0,0,0,0,0	0,0,0,0,0,0,0,0,0,0,0,0,0,0,0,0,0,0,0,0,0,0,0,0,0,0,0,0,0,0,0,0,1,0,0,0,0,0,0,0
tb.dut.clusters[0].cluster.sockets[0].socket.cores[0].core.execute.fpu_unit.genblk1[0].fpu_fpnew.genblk3[2].fpnew_core.gen_operation_groups[0].i_opgroup_block.i_arbiter.gen_arbiter.gen_levels[2].gen_level[0]	19	65	64	64	30	64	4	31	1385511	1384801	0,28,0,2,0,0,0,0,0,0,0,0,0,0,0,0,0,0,0,0,0,0,0,0,0,0,0,0,0,0,0,0,0,0,0,0,0,0,0,0	12,6,1,1,0,0,0,0,0,0,0,0,0,0,0,0,8,1,0,0,1,0,0,0,0,0,0,0,0,0,0,0,1,0,0,0,0,0,0,0	2	0	0	0	0	1	1385575	1385575	0,0,0,0,0,0,0,0,0,0,0,0,0,0,0,0,0,0,0,0,0,0,0,0,0,0,0,0,0,0,0,0,0,0,0,0,0,0,0,0	0,0,0,0,0,0,0,0,0,0,0,0,0,0,0,0,0,0,0,0,0,0,0,0,0,0,0,0,0,0,0,0,1,0,0,0,0,0,0,0
tb.dut.clusters[0].cluster.sockets[0].socket.cores[0].core.execute.fpu_unit.genblk1[0].fpu_fpnew.genblk3[2].fpnew_core.gen_operation_groups[0].i_opgroup_block.i_arbiter.gen_arbiter.gen_levels[2].gen_level[1]	19	65	0	0	0	0	0	1	1385575	1385575	0,0,0,0,0,0,0,0,0,0,0,0,0,0,0,0,0,0,0,0,0,0,0,0,0,0,0,0,0,0,0,0,0,0,0,0,0,0,0,0	0,0,0,0,0,0,0,0,0,0,0,0,0,0,0,0,0,0,0,0,0,0,0,0,0,0,0,0,0,0,0,0,1,0,0,0,0,0,0,0	2	0	0	0	0	1	1385575	1385575	0,0,0,0,0,0,0,0,0,0,0,0,0,0,0,0,0,0,0,0,0,0,0,0,0,0,0,0,0,0,0,0,0,0,0,0,0,0,0,0	0,0,0,0,0,0,0,0,0,0,0,0,0,0,0,0,0,0,0,0,0,0,0,0,0,0,0,0,0,0,0,0,1,0,0,0,0,0,0,0
tb.dut.clusters[0].cluster.sockets[0].socket.cores[0].core.execute.fpu_unit.genblk1[0].fpu_fpnew.genblk3[2].fpnew_core.gen_operation_groups[0].i_opgroup_block.i_arbiter.gen_arbiter.gen_levels[2].gen_level[2]	19	65	0	0	0	0	0	1	1385575	1385575	0,0,0,0,0,0,0,0,0,0,0,0,0,0,0,0,0,0,0,0,0,0,0,0,0,0,0,0,0,0,0,0,0,0,0,0,0,0,0,0	0,0,0,0,0,0,0,0,0,0,0,0,0,0,0,0,0,0,0,0,0,0,0,0,0,0,0,0,0,0,0,0,1,0,0,0,0,0,0,0	2	0	0	0	0	1	1385575	1385575	0,0,0,0,0,0,0,0,0,0,0,0,0,0,0,0,0,0,0,0,0,0,0,0,0,0,0,0,0,0,0,0,0,0,0,0,0,0,0,0	0,0,0,0,0,0,0,0,0,0,0,0,0,0,0,0,0,0,0,0,0,0,0,0,0,0,0,0,0,0,0,0,1,0,0,0,0,0,0,0
tb.dut.clusters[0].cluster.sockets[0].socket.cores[0].core.execute.fpu_unit.genblk1[0].fpu_fpnew.genblk3[2].fpnew_core.gen_operation_groups[0].i_opgroup_block.i_arbiter.gen_arbiter.gen_levels[2].gen_level[3]	19	65	0	0	0	0	0	1	1385575	1385575	0,0,0,0,0,0,0,0,0,0,0,0,0,0,0,0,0,0,0,0,0,0,0,0,0,0,0,0,0,0,0,0,0,0,0,0,0,0,0,0	0,0,0,0,0,0,0,0,0,0,0,0,0,0,0,0,0,0,0,0,0,0,0,0,0,0,0,0,0,0,0,0,1,0,0,0,0,0,0,0	2	0	0	0	0	1	1385575	1385575	0,0,0,0,0,0,0,0,0,0,0,0,0,0,0,0,0,0,0,0,0,0,0,0,0,0,0,0,0,0,0,0,0,0,0,0,0,0,0,0	0,0,0,0,0,0,0,0,0,0,0,0,0,0,0,0,0,0,0,0,0,0,0,0,0,0,0,0,0,0,0,0,1,0,0,0,0,0,0,0
tb.dut.clusters[0].cluster.sockets[0].socket.cores[0].core.execute.fpu_unit.genblk1[0].fpu_fpnew.genblk3[2].fpnew_core.gen_operation_groups[1]	14	18392	2562134820	1376429	75	1376429	1376278	76	9146	8601	13,50,8,1,2,0,0,0,0,0,0,0,0,0,0,0,0,0,0,0,0,0,0,0,0,0,0,0,0,0,0,0,1,0,0,0,0,0,0,0	48,21,2,0,1,0,0,0,0,0,0,0,0,0,0,0,2,0,0,0,1,0,0,0,0,1,0,0,0,0,0,0,0,0,0,0,0,0,0,0	92	1081322	49178	1081322	22	49179	304253	8601	18,6,0,0,0,0,0,0,0,2,1,1,0,0,0,0,49150,0,0,0,0,0,0,0,0,0,0,0,0,0,0,0,0,0,0,0,0,0,0,0	10,1,3,0,0,49102,51,0,3,1,0,1,3,0,0,1,1,0,0,0,0,1,0,0,0,1,0,0,0,0,0,0,0,0,0,0,0,0,0,0
tb.dut.clusters[0].cluster.sockets[0].socket.cores[0].core.execute.fpu_unit.genblk1[0].fpu_fpnew.genblk3[2].fpnew_core.gen_operation_groups[1].i_opgroup_block	15	18349	2561938212	1376429	75	1376429	1376278	76	9146	8601	13,50,8,1,2,0,0,0,0,0,0,0,0,0,0,0,0,0,0,0,0,0,0,0,0,0,0,0,0,0,0,0,1,0,0,0,0,0,0,0	48,21,2,0,1,0,0,0,0,0,0,0,0,0,0,0,2,0,0,0,1,0,0,0,0,1,0,0,0,0,0,0,0,0,0,0,0,0,0,0	92	1081312	49178	1081312	22	49179	304263	8601	18,6,0,0,0,0,0,0,0,2,1,1,0,0,0,0,49150,0,0,0,0,0,0,0,0,0,0,0,0,0,0,0,0,0,0,0,0,0,0,0	10,1,3,0,0,49092,61,0,3,1,0,1,3,0,0,1,1,0,0,0,0,1,0,0,0,1,0,0,0,0,0,0,0,0,0,0,0,0,0,0
tb.dut.clusters[0].cluster.sockets[0].socket.cores[0].core.execute.fpu_unit.genblk1[0].fpu_fpnew.genblk3[2].fpnew_core.gen_operation_groups[1].i_opgroup_block.gen_merged_slice	16	16083	2522975267	1376429	75	1376429	1376278	76	9146	8601	13,50,8,1,2,0,0,0,0,0,0,0,0,0,0,0,0,0,0,0,0,0,0,0,0,0,0,0,0,0,0,0,1,0,0,0,0,0,0,0	48,21,2,0,1,0,0,0,0,0,0,0,0,0,0,0,2,0,0,0,1,0,0,0,0,1,0,0,0,0,0,0,0,0,0,0,0,0,0,0	81	1081312	49161	1081312	22	49162	304263	8609	7,0,0,0,0,0,0,0,0,1,2,1,0,0,0,0,49150,0,0,0,0,0,0,0,0,0,0,0,0,0,0,0,0,0,0,0,0,0,0,0	3,0,2,1,0,49113,39,0,0,0,0,0,1,0,0,0,1,0,0,0,0,1,0,0,0,1,0,0,0,0,0,0,0,0,0,0,0,0,0,0
tb.dut.clusters[0].cluster.sockets[0].socket.cores[0].core.execute.fpu_unit.genblk1[0].fpu_fpnew.genblk3[2].fpnew_core.gen_operation_groups[1].i_opgroup_block.gen_merged_slice.i_multifmt_slice	17	16047	2522778659	1376429	75	1376429	1376278	76	9146	8601	13,50,8,1,2,0,0,0,0,0,0,0,0,0,0,0,0,0,0,0,0,0,0,0,0,0,0,0,0,0,0,0,1,0,0,0,0,0,0,0	48,21,2,0,1,0,0,0,0,0,0,0,0,0,0,0,2,0,0,0,1,0,0,0,0,1,0,0,0,0,0,0,0,0,0,0,0,0,0,0	81	1081302	49161	1081302	22	49162	304273	8609	7,0,0,0,0,0,0,0,0,1,2,1,0,0,0,0,49150,0,0,0,0,0,0,0,0,0,0,0,0,0,0,0,0,0,0,0,0,0,0,0	3,0,2,1,0,49103,49,0,0,0,0,0,1,0,0,0,1,0,0,0,0,1,0,0,0,1,0,0,0,0,0,0,0,0,0,0,0,0,0,0
tb.dut.clusters[0].cluster.sockets[0].socket.cores[0].core.execute.fpu_unit.genblk1[0].fpu_fpnew.genblk3[2].fpnew_core.gen_operation_groups[1].i_opgroup_block.gen_merged_slice.i_multifmt_slice.extend_fp_result[0]	18	32	0	0	0	0	0	1	1385575	1385575	0,0,0,0,0,0,0,0,0,0,0,0,0,0,0,0,0,0,0,0,0,0,0,0,0,0,0,0,0,0,0,0,0,0,0,0,0,0,0,0	0,0,0,0,0,0,0,0,0,0,0,0,0,0,0,0,0,0,0,0,0,0,0,0,0,0,0,0,0,0,0,0,1,0,0,0,0,0,0,0	2	0	0	0	0	1	1385575	1385575	0,0,0,0,0,0,0,0,0,0,0,0,0,0,0,0,0,0,0,0,0,0,0,0,0,0,0,0,0,0,0,0,0,0,0,0,0,0,0,0	0,0,0,0,0,0,0,0,0,0,0,0,0,0,0,0,0,0,0,0,0,0,0,0,0,0,0,0,0,0,0,0,1,0,0,0,0,0,0,0
tb.dut.clusters[0].cluster.sockets[0].socket.cores[0].core.execute.fpu_unit.genblk1[0].fpu_fpnew.genblk3[2].fpnew_core.gen_operation_groups[1].i_opgroup_block.gen_merged_slice.i_multifmt_slice.extend_fp_result[1]	18	32	0	0	0	0	0	1	1385575	1385575	0,0,0,0,0,0,0,0,0,0,0,0,0,0,0,0,0,0,0,0,0,0,0,0,0,0,0,0,0,0,0,0,0,0,0,0,0,0,0,0	0,0,0,0,0,0,0,0,0,0,0,0,0,0,0,0,0,0,0,0,0,0,0,0,0,0,0,0,0,0,0,0,1,0,0,0,0,0,0,0	2	0	0	0	0	1	1385575	1385575	0,0,0,0,0,0,0,0,0,0,0,0,0,0,0,0,0,0,0,0,0,0,0,0,0,0,0,0,0,0,0,0,0,0,0,0,0,0,0,0	0,0,0,0,0,0,0,0,0,0,0,0,0,0,0,0,0,0,0,0,0,0,0,0,0,0,0,0,0,0,0,0,1,0,0,0,0,0,0,0
tb.dut.clusters[0].cluster.sockets[0].socket.cores[0].core.execute.fpu_unit.genblk1[0].fpu_fpnew.genblk3[2].fpnew_core.gen_operation_groups[1].i_opgroup_block.gen_merged_slice.i_multifmt_slice.extend_fp_result[2]	18	32	0	0	0	0	0	1	1385575	1385575	0,0,0,0,0,0,0,0,0,0,0,0,0,0,0,0,0,0,0,0,0,0,0,0,0,0,0,0,0,0,0,0,0,0,0,0,0,0,0,0	0,0,0,0,0,0,0,0,0,0,0,0,0,0,0,0,0,0,0,0,0,0,0,0,0,0,0,0,0,0,0,0,1,0,0,0,0,0,0,0	2	0	0	0	0	1	1385575	1385575	0,0,0,0,0,0,0,0,0,0,0,0,0,0,0,0,0,0,0,0,0,0,0,0,0,0,0,0,0,0,0,0,0,0,0,0,0,0,0,0	0,0,0,0,0,0,0,0,0,0,0,0,0,0,0,0,0,0,0,0,0,0,0,0,0,0,0,0,0,0,0,0,1,0,0,0,0,0,0,0
tb.dut.clusters[0].cluster.sockets[0].socket.cores[0].core.execute.fpu_unit.genblk1[0].fpu_fpnew.genblk3[2].fpnew_core.gen_operation_groups[1].i_opgroup_block.gen_merged_slice.i_multifmt_slice.extend_fp_result[3]	18	32	0	0	0	0	0	1	1385575	1385575	0,0,0,0,0,0,0,0,0,0,0,0,0,0,0,0,0,0,0,0,0,0,0,0,0,0,0,0,0,0,0,0,0,0,0,0,0,0,0,0	0,0,0,0,0,0,0,0,0,0,0,0,0,0,0,0,0,0,0,0,0,0,0,0,0,0,0,0,0,0,0,0,1,0,0,0,0,0,0,0	2	0	0	0	0	1	1385575	1385575	0,0,0,0,0,0,0,0,0,0,0,0,0,0,0,0,0,0,0,0,0,0,0,0,0,0,0,0,0,0,0,0,0,0,0,0,0,0,0,0	0,0,0,0,0,0,0,0,0,0,0,0,0,0,0,0,0,0,0,0,0,0,0,0,0,0,0,0,0,0,0,0,1,0,0,0,0,0,0,0
tb.dut.clusters[0].cluster.sockets[0].socket.cores[0].core.execute.fpu_unit.genblk1[0].fpu_fpnew.genblk3[2].fpnew_core.gen_operation_groups[1].i_opgroup_block.gen_merged_slice.i_multifmt_slice.extend_fp_result[4]	18	32	0	0	0	0	0	1	1385575	1385575	0,0,0,0,0,0,0,0,0,0,0,0,0,0,0,0,0,0,0,0,0,0,0,0,0,0,0,0,0,0,0,0,0,0,0,0,0,0,0,0	0,0,0,0,0,0,0,0,0,0,0,0,0,0,0,0,0,0,0,0,0,0,0,0,0,0,0,0,0,0,0,0,1,0,0,0,0,0,0,0	2	0	0	0	0	1	1385575	1385575	0,0,0,0,0,0,0,0,0,0,0,0,0,0,0,0,0,0,0,0,0,0,0,0,0,0,0,0,0,0,0,0,0,0,0,0,0,0,0,0	0,0,0,0,0,0,0,0,0,0,0,0,0,0,0,0,0,0,0,0,0,0,0,0,0,0,0,0,0,0,0,0,1,0,0,0,0,0,0,0
tb.dut.clusters[0].cluster.sockets[0].socket.cores[0].core.execute.fpu_unit.genblk1[0].fpu_fpnew.genblk3[2].fpnew_core.gen_operation_groups[1].i_opgroup_block.gen_merged_slice.i_multifmt_slice.gen_num_lanes[0]	18	14916	2513607949	1376429	75	1376429	1376278	76	9146	8601	13,50,8,1,2,0,0,0,0,0,0,0,0,0,0,0,0,0,0,0,0,0,0,0,0,0,0,0,0,0,0,0,1,0,0,0,0,0,0,0	48,21,2,0,1,0,0,0,0,0,0,0,0,0,0,0,2,0,0,0,1,0,0,0,0,1,0,0,0,0,0,0,0,0,0,0,0,0,0,0	75	1081251	49154	1081251	22	49155	304324	8609	0,0,0,0,0,0,0,0,0,2,1,1,0,0,0,0,49150,0,0,0,0,0,0,0,0,0,0,0,0,0,0,0,0,0,0,0,0,0,0,0	1,0,0,0,0,49060,90,1,0,0,0,1,0,0,0,0,0,0,0,0,0,1,0,0,0,1,0,0,0,0,0,0,0,0,0,0,0,0,0,0
tb.dut.clusters[0].cluster.sockets[0].socket.cores[0].core.execute.fpu_unit.genblk1[0].fpu_fpnew.genblk3[2].fpnew_core.gen_operation_groups[1].i_opgroup_block.gen_merged_slice.i_multifmt_slice.gen_num_lanes[0].active_lane	19	14573	2510637375	1376429	75	1376429	1376278	76	9146	8601	13,50,8,1,2,0,0,0,0,0,0,0,0,0,0,0,0,0,0,0,0,0,0,0,0,0,0,0,0,0,0,0,1,0,0,0,0,0,0,0	48,21,2,0,1,0,0,0,0,0,0,0,0,0,0,0,2,0,0,0,1,0,0,0,0,1,0,0,0,0,0,0,0,0,0,0,0,0,0,0	73	1081292	49154	1081292	22	49155	304283	8609	0,0,0,0,0,0,0,0,0,2,1,1,0,0,0,0,49150,0,0,0,0,0,0,0,0,0,0,0,0,0,0,0,0,0,0,0,0,0,0,0	1,0,0,0,0,49101,49,1,0,0,0,1,0,0,0,0,0,0,0,0,0,1,0,0,0,1,0,0,0,0,0,0,0,0,0,0,0,0,0,0
tb.dut.clusters[0].cluster.sockets[0].socket.cores[0].core.execute.fpu_unit.genblk1[0].fpu_fpnew.genblk3[2].fpnew_core.gen_operation_groups[1].i_opgroup_block.gen_merged_slice.i_multifmt_slice.gen_num_lanes[0].active_lane.lane_instance	20	14469	2507364321	1376429	75	1376429	1376278	76	9146	8601	13,50,8,1,2,0,0,0,0,0,0,0,0,0,0,0,0,0,0,0,0,0,0,0,0,0,0,0,0,0,0,0,1,0,0,0,0,0,0,0	48,21,2,0,1,0,0,0,0,0,0,0,0,0,0,0,2,0,0,0,1,0,0,0,0,1,0,0,0,0,0,0,0,0,0,0,0,0,0,0	73	1080406	49154	1080406	22	49155	305169	8609	0,0,0,0,0,0,0,0,0,2,1,1,0,0,0,0,49150,0,0,0,0,0,0,0,0,0,0,0,0,0,0,0,0,0,0,0,0,0,0,0	1,0,0,0,0,48215,935,1,0,0,0,1,0,0,0,0,0,0,0,0,0,1,0,0,0,1,0,0,0,0,0,0,0,0,0,0,0,0,0,0
tb.dut.clusters[0].cluster.sockets[0].socket.cores[0].core.execute.fpu_unit.genblk1[0].fpu_fpnew.genblk3[2].fpnew_core.gen_operation_groups[1].i_opgroup_block.gen_merged_slice.i_multifmt_slice.gen_num_lanes[0].active_lane.lane_instance.genblk1	21	14469	2507364321	1376429	75	1376429	1376278	76	9146	8601	13,50,8,1,2,0,0,0,0,0,0,0,0,0,0,0,0,0,0,0,0,0,0,0,0,0,0,0,0,0,0,0,1,0,0,0,0,0,0,0	48,21,2,0,1,0,0,0,0,0,0,0,0,0,0,0,2,0,0,0,1,0,0,0,0,1,0,0,0,0,0,0,0,0,0,0,0,0,0,0	73	1080406	49154	1080406	22	49155	305169	8609	0,0,0,0,0,0,0,0,0,2,1,1,0,0,0,0,49150,0,0,0,0,0,0,0,0,0,0,0,0,0,0,0,0,0,0,0,0,0,0,0	1,0,0,0,0,48215,935,1,0,0,0,1,0,0,0,0,0,0,0,0,0,1,0,0,0,1,0,0,0,0,0,0,0,0,0,0,0,0,0,0
tb.dut.clusters[0].cluster.sockets[0].socket.cores[0].core.execute.fpu_unit.genblk1[0].fpu_fpnew.genblk3[2].fpnew_core.gen_operation_groups[1].i_opgroup_block.gen_merged_slice.i_multifmt_slice.gen_num_lanes[0].active_lane.lane_instance.genblk1.i_fpnew_divsqrt_multi	22	14469	2507364321	1376429	75	1376429	1376278	76	9146	8601	13,50,8,1,2,0,0,0,0,0,0,0,0,0,0,0,0,0,0,0,0,0,0,0,0,0,0,0,0,0,0,0,1,0,0,0,0,0,0,0	48,21,2,0,1,0,0,0,0,0,0,0,0,0,0,0,2,0,0,0,1,0,0,0,0,1,0,0,0,0,0,0,0,0,0,0,0,0,0,0	73	1080406	49154	1080406	22	49155	305169	8609	0,0,0,0,0,0,0,0,0,2,1,1,0,0,0,0,49150,0,0,0,0,0,0,0,0,0,0,0,0,0,0,0,0,0,0,0,0,0,0,0	1,0,0,0,0,48215,935,1,0,0,0,1,0,0,0,0,0,0,0,0,0,1,0,0,0,1,0,0,0,0,0,0,0,0,0,0,0,0,0,0
tb.dut.clusters[0].cluster.sockets[0].socket.cores[0].core.execute.fpu_unit.genblk1[0].fpu_fpnew.genblk3[2].fpnew_core.gen_operation_groups[1].i_opgroup_block.gen_merged_slice.i_multifmt_slice.gen_num_lanes[0].active_lane.lane_instance.genblk1.i_fpnew_divsqrt_multi.gen_input_pipeline[0]	23	1	196608	196608	98304	196608	2	98305	1188967	8627	0,98304,0,0,0,0,0,0,0,0,0,0,0,0,0,0,0,0,0,0,0,0,0,0,0,0,0,0,0,0,0,0,0,0,0,0,0,0,0,0	0,0,0,1,0,0,1,49148,0,1,0,0,0,1,0,49148,3,0,0,0,0,1,0,0,0,1,0,0,0,0,0,0,0,0,0,0,0,0,0,0	2	0	0	0	0	1	1385575	1385575	0,0,0,0,0,0,0,0,0,0,0,0,0,0,0,0,0,0,0,0,0,0,0,0,0,0,0,0,0,0,0,0,0,0,0,0,0,0,0,0	0,0,0,0,0,0,0,0,0,0,0,0,0,0,0,0,0,0,0,0,0,0,0,0,0,0,0,0,0,0,0,0,1,0,0,0,0,0,0,0
tb.dut.clusters[0].cluster.sockets[0].socket.cores[0].core.execute.fpu_unit.genblk1[0].fpu_fpnew.genblk3[2].fpnew_core.gen_operation_groups[1].i_opgroup_block.gen_merged_slice.i_multifmt_slice.gen_num_lanes[0].active_lane.lane_instance.genblk1.i_fpnew_divsqrt_multi.gen_input_pipeline[1]	23	1	196608	196608	98304	196608	2	98305	1188967	8626	0,98304,0,0,0,0,0,0,0,0,0,0,0,0,0,0,0,0,0,0,0,0,0,0,0,0,0,0,0,0,0,0,0,0,0,0,0,0,0,0	0,0,0,1,0,0,1,49148,0,1,0,0,0,1,0,49148,3,0,0,0,0,1,0,0,0,1,0,0,0,0,0,0,0,0,0,0,0,0,0,0	2	0	0	0	0	1	1385575	1385575	0,0,0,0,0,0,0,0,0,0,0,0,0,0,0,0,0,0,0,0,0,0,0,0,0,0,0,0,0,0,0,0,0,0,0,0,0,0,0,0	0,0,0,0,0,0,0,0,0,0,0,0,0,0,0,0,0,0,0,0,0,0,0,0,0,0,0,0,0,0,0,0,1,0,0,0,0,0,0,0
tb.dut.clusters[0].cluster.sockets[0].socket.cores[0].core.execute.fpu_unit.genblk1[0].fpu_fpnew.genblk3[2].fpnew_core.gen_operation_groups[1].i_opgroup_block.gen_merged_slice.i_multifmt_slice.gen_num_lanes[0].active_lane.lane_instance.genblk1.i_fpnew_divsqrt_multi.gen_input_pipeline[2]	23	1	196608	196608	98304	196608	2	98305	1188967	8625	0,98304,0,0,0,0,0,0,0,0,0,0,0,0,0,0,0,0,0,0,0,0,0,0,0,0,0,0,0,0,0,0,0,0,0,0,0,0,0,0	0,0,0,1,0,0,1,49148,0,1,0,0,0,1,0,49148,3,0,0,0,0,1,0,0,0,1,0,0,0,0,0,0,0,0,0,0,0,0,0,0	2	0	0	0	0	1	1385575	1385575	0,0,0,0,0,0,0,0,0,0,0,0,0,0,0,0,0,0,0,0,0,0,0,0,0,0,0,0,0,0,0,0,0,0,0,0,0,0,0,0	0,0,0,0,0,0,0,0,0,0,0,0,0,0,0,0,0,0,0,0,0,0,0,0,0,0,0,0,0,0,0,0,1,0,0,0,0,0,0,0
tb.dut.clusters[0].cluster.sockets[0].socket.cores[0].core.execute.fpu_unit.genblk1[0].fpu_fpnew.genblk3[2].fpnew_core.gen_operation_groups[1].i_opgroup_block.gen_merged_slice.i_multifmt_slice.gen_num_lanes[0].active_lane.lane_instance.genblk1.i_fpnew_divsqrt_multi.gen_input_pipeline[3]	23	1	196608	196608	98304	196608	2	98305	1188967	8624	0,98304,0,0,0,0,0,0,0,0,0,0,0,0,0,0,0,0,0,0,0,0,0,0,0,0,0,0,0,0,0,0,0,0,0,0,0,0,0,0	0,0,0,1,0,0,1,49148,0,1,0,0,0,1,0,49148,3,0,0,0,0,1,0,0,0,1,0,0,0,0,0,0,0,0,0,0,0,0,0,0	2	0	0	0	0	1	1385575	1385575	0,0,0,0,0,0,0,0,0,0,0,0,0,0,0,0,0,0,0,0,0,0,0,0,0,0,0,0,0,0,0,0,0,0,0,0,0,0,0,0	0,0,0,0,0,0,0,0,0,0,0,0,0,0,0,0,0,0,0,0,0,0,0,0,0,0,0,0,0,0,0,0,1,0,0,0,0,0,0,0
tb.dut.clusters[0].cluster.sockets[0].socket.cores[0].core.execute.fpu_unit.genblk1[0].fpu_fpnew.genblk3[2].fpnew_core.gen_operation_groups[1].i_opgroup_block.gen_merged_slice.i_multifmt_slice.gen_num_lanes[0].active_lane.lane_instance.genblk1.i_fpnew_divsqrt_multi.gen_input_pipeline[4]	23	1	196608	196608	98304	196608	2	98305	1188967	8623	0,98304,0,0,0,0,0,0,0,0,0,0,0,0,0,0,0,0,0,0,0,0,0,0,0,0,0,0,0,0,0,0,0,0,0,0,0,0,0,0	0,0,0,1,0,0,1,49148,0,1,0,0,0,1,0,49148,3,0,0,0,0,1,0,0,0,1,0,0,0,0,0,0,0,0,0,0,0,0,0,0	2	0	0	0	0	1	1385575	1385575	0,0,0,0,0,0,0,0,0,0,0,0,0,0,0,0,0,0,0,0,0,0,0,0,0,0,0,0,0,0,0,0,0,0,0,0,0,0,0,0	0,0,0,0,0,0,0,0,0,0,0,0,0,0,0,0,0,0,0,0,0,0,0,0,0,0,0,0,0,0,0,0,1,0,0,0,0,0,0,0
tb.dut.clusters[0].cluster.sockets[0].socket.cores[0].core.execute.fpu_unit.genblk1[0].fpu_fpnew.genblk3[2].fpnew_core.gen_operation_groups[1].i_opgroup_block.gen_merged_slice.i_multifmt_slice.gen_num_lanes[0].active_lane.lane_instance.genblk1.i_fpnew_divsqrt_multi.gen_input_pipeline[5]	23	1	196608	196608	98304	196608	2	98305	1188967	8622	0,98304,0,0,0,0,0,0,0,0,0,0,0,0,0,0,0,0,0,0,0,0,0,0,0,0,0,0,0,0,0,0,0,0,0,0,0,0,0,0	0,0,0,1,0,0,1,49148,0,1,0,0,0,1,0,49148,3,0,0,0,0,1,0,0,0,1,0,0,0,0,0,0,0,0,0,0,0,0,0,0	2	0	0	0	0	1	1385575	1385575	0,0,0,0,0,0,0,0,0,0,0,0,0,0,0,0,0,0,0,0,0,0,0,0,0,0,0,0,0,0,0,0,0,0,0,0,0,0,0,0	0,0,0,0,0,0,0,0,0,0,0,0,0,0,0,0,0,0,0,0,0,0,0,0,0,0,0,0,0,0,0,0,1,0,0,0,0,0,0,0
tb.dut.clusters[0].cluster.sockets[0].socket.cores[0].core.execute.fpu_unit.genblk1[0].fpu_fpnew.genblk3[2].fpnew_core.gen_operation_groups[1].i_opgroup_block.gen_merged_slice.i_multifmt_slice.gen_num_lanes[0].active_lane.lane_instance.genblk1.i_fpnew_divsqrt_multi.gen_input_pipeline[6]	23	1	196608	196608	98304	196608	2	98305	1188967	8621	0,98304,0,0,0,0,0,0,0,0,0,0,0,0,0,0,0,0,0,0,0,0,0,0,0,0,0,0,0,0,0,0,0,0,0,0,0,0,0,0	0,0,0,1,0,0,1,49148,0,1,0,0,0,1,0,49148,3,0,0,0,0,1,0,0,0,1,0,0,0,0,0,0,0,0,0,0,0,0,0,0	2	0	0	0	0	1	1385575	1385575	0,0,0,0,0,0,0,0,0,0,0,0,0,0,0,0,0,0,0,0,0,0,0,0,0,0,0,0,0,0,0,0,0,0,0,0,0,0,0,0	0,0,0,0,0,0,0,0,0,0,0,0,0,0,0,0,0,0,0,0,0,0,0,0,0,0,0,0,0,0,0,0,1,0,0,0,0,0,0,0
tb.dut.clusters[0].cluster.sockets[0].socket.cores[0].core.execute.fpu_unit.genblk1[0].fpu_fpnew.genblk3[2].fpnew_core.gen_operation_groups[1].i_opgroup_block.gen_merged_slice.i_multifmt_slice.gen_num_lanes[0].active_lane.lane_instance.genblk1.i_fpnew_divsqrt_multi.gen_input_pipeline[7]	23	1	196608	196608	98304	196608	2	98305	1188967	8620	0,98304,0,0,0,0,0,0,0,0,0,0,0,0,0,0,0,0,0,0,0,0,0,0,0,0,0,0,0,0,0,0,0,0,0,0,0,0,0,0	0,0,0,1,0,0,1,49148,0,1,0,0,0,1,0,49148,3,0,0,0,0,1,0,0,0,1,0,0,0,0,0,0,0,0,0,0,0,0,0,0	2	0	0	0	0	1	1385575	1385575	0,0,0,0,0,0,0,0,0,0,0,0,0,0,0,0,0,0,0,0,0,0,0,0,0,0,0,0,0,0,0,0,0,0,0,0,0,0,0,0	0,0,0,0,0,0,0,0,0,0,0,0,0,0,0,0,0,0,0,0,0,0,0,0,0,0,0,0,0,0,0,0,1,0,0,0,0,0,0,0
tb.dut.clusters[0].cluster.sockets[0].socket.cores[0].core.execute.fpu_unit.genblk1[0].fpu_fpnew.genblk3[2].fpnew_core.gen_operation_groups[1].i_opgroup_block.gen_merged_slice.i_multifmt_slice.gen_num_lanes[0].active_lane.lane_instance.genblk1.i_fpnew_divsqrt_multi.gen_output_pipeline[0]	23	1	196608	196608	98304	196608	2	98305	1188967	8609	0,98304,0,0,0,0,0,0,0,0,0,0,0,0,0,0,0,0,0,0,0,0,0,0,0,0,0,0,0,0,0,0,0,0,0,0,0,0,0,0	0,0,0,0,0,0,0,49150,0,1,0,0,0,1,0,49150,1,0,0,0,0,1,0,0,0,1,0,0,0,0,0,0,0,0,0,0,0,0,0,0	2	0	0	0	0	1	1385575	1385575	0,0,0,0,0,0,0,0,0,0,0,0,0,0,0,0,0,0,0,0,0,0,0,0,0,0,0,0,0,0,0,0,0,0,0,0,0,0,0,0	0,0,0,0,0,0,0,0,0,0,0,0,0,0,0,0,0,0,0,0,0,0,0,0,0,0,0,0,0,0,0,0,1,0,0,0,0,0,0,0
tb.dut.clusters[0].cluster.sockets[0].socket.cores[0].core.execute.fpu_unit.genblk1[0].fpu_fpnew.genblk3[2].fpnew_core.gen_operation_groups[1].i_opgroup_block.gen_merged_slice.i_multifmt_slice.gen_num_lanes[0].active_lane.lane_instance.genblk1.i_fpnew_divsqrt_multi.gen_output_pipeline[1]	23	1	196608	196608	98304	196608	2	98305	1188967	8608	0,98304,0,0,0,0,0,0,0,0,0,0,0,0,0,0,0,0,0,0,0,0,0,0,0,0,0,0,0,0,0,0,0,0,0,0,0,0,0,0	0,0,0,0,0,0,0,49150,0,1,0,0,0,1,0,49150,1,0,0,0,0,1,0,0,0,1,0,0,0,0,0,0,0,0,0,0,0,0,0,0	2	0	0	0	0	1	1385575	1385575	0,0,0,0,0,0,0,0,0,0,0,0,0,0,0,0,0,0,0,0,0,0,0,0,0,0,0,0,0,0,0,0,0,0,0,0,0,0,0,0	0,0,0,0,0,0,0,0,0,0,0,0,0,0,0,0,0,0,0,0,0,0,0,0,0,0,0,0,0,0,0,0,1,0,0,0,0,0,0,0
tb.dut.clusters[0].cluster.sockets[0].socket.cores[0].core.execute.fpu_unit.genblk1[0].fpu_fpnew.genblk3[2].fpnew_core.gen_operation_groups[1].i_opgroup_block.gen_merged_slice.i_multifmt_slice.gen_num_lanes[0].active_lane.lane_instance.genblk1.i_fpnew_divsqrt_multi.gen_output_pipeline[2]	23	1	196608	196608	98304	196608	2	98305	1188967	8607	0,98304,0,0,0,0,0,0,0,0,0,0,0,0,0,0,0,0,0,0,0,0,0,0,0,0,0,0,0,0,0,0,0,0,0,0,0,0,0,0	0,0,0,0,0,0,0,49150,0,1,0,0,0,1,0,49150,1,0,0,0,0,1,0,0,0,1,0,0,0,0,0,0,0,0,0,0,0,0,0,0	2	0	0	0	0	1	1385575	1385575	0,0,0,0,0,0,0,0,0,0,0,0,0,0,0,0,0,0,0,0,0,0,0,0,0,0,0,0,0,0,0,0,0,0,0,0,0,0,0,0	0,0,0,0,0,0,0,0,0,0,0,0,0,0,0,0,0,0,0,0,0,0,0,0,0,0,0,0,0,0,0,0,1,0,0,0,0,0,0,0
tb.dut.clusters[0].cluster.sockets[0].socket.cores[0].core.execute.fpu_unit.genblk1[0].fpu_fpnew.genblk3[2].fpnew_core.gen_operation_groups[1].i_opgroup_block.gen_merged_slice.i_multifmt_slice.gen_num_lanes[0].active_lane.lane_instance.genblk1.i_fpnew_divsqrt_multi.gen_output_pipeline[3]	23	1	196608	196608	98304	196608	2	98305	1188967	8606	0,98304,0,0,0,0,0,0,0,0,0,0,0,0,0,0,0,0,0,0,0,0,0,0,0,0,0,0,0,0,0,0,0,0,0,0,0,0,0,0	0,0,0,0,0,0,0,49150,0,1,0,0,0,1,0,49150,1,0,0,0,0,1,0,0,0,1,0,0,0,0,0,0,0,0,0,0,0,0,0,0	2	0	0	0	0	1	1385575	1385575	0,0,0,0,0,0,0,0,0,0,0,0,0,0,0,0,0,0,0,0,0,0,0,0,0,0,0,0,0,0,0,0,0,0,0,0,0,0,0,0	0,0,0,0,0,0,0,0,0,0,0,0,0,0,0,0,0,0,0,0,0,0,0,0,0,0,0,0,0,0,0,0,1,0,0,0,0,0,0,0
tb.dut.clusters[0].cluster.sockets[0].socket.cores[0].core.execute.fpu_unit.genblk1[0].fpu_fpnew.genblk3[2].fpnew_core.gen_operation_groups[1].i_opgroup_block.gen_merged_slice.i_multifmt_slice.gen_num_lanes[0].active_lane.lane_instance.genblk1.i_fpnew_divsqrt_multi.gen_output_pipeline[4]	23	1	196608	196608	98304	196608	2	98305	1188967	8605	0,98304,0,0,0,0,0,0,0,0,0,0,0,0,0,0,0,0,0,0,0,0,0,0,0,0,0,0,0,0,0,0,0,0,0,0,0,0,0,0	0,0,0,0,0,0,0,49150,0,1,0,0,0,1,0,49150,1,0,0,0,0,1,0,0,0,1,0,0,0,0,0,0,0,0,0,0,0,0,0,0	2	0	0	0	0	1	1385575	1385575	0,0,0,0,0,0,0,0,0,0,0,0,0,0,0,0,0,0,0,0,0,0,0,0,0,0,0,0,0,0,0,0,0,0,0,0,0,0,0,0	0,0,0,0,0,0,0,0,0,0,0,0,0,0,0,0,0,0,0,0,0,0,0,0,0,0,0,0,0,0,0,0,1,0,0,0,0,0,0,0
tb.dut.clusters[0].cluster.sockets[0].socket.cores[0].core.execute.fpu_unit.genblk1[0].fpu_fpnew.genblk3[2].fpnew_core.gen_operation_groups[1].i_opgroup_block.gen_merged_slice.i_multifmt_slice.gen_num_lanes[0].active_lane.lane_instance.genblk1.i_fpnew_divsqrt_multi.gen_output_pipeline[5]	23	1	196608	196608	98304	196608	2	98305	1188967	8604	0,98304,0,0,0,0,0,0,0,0,0,0,0,0,0,0,0,0,0,0,0,0,0,0,0,0,0,0,0,0,0,0,0,0,0,0,0,0,0,0	0,0,0,0,0,0,0,49150,0,1,0,0,0,1,0,49150,1,0,0,0,0,1,0,0,0,1,0,0,0,0,0,0,0,0,0,0,0,0,0,0	2	0	0	0	0	1	1385575	1385575	0,0,0,0,0,0,0,0,0,0,0,0,0,0,0,0,0,0,0,0,0,0,0,0,0,0,0,0,0,0,0,0,0,0,0,0,0,0,0,0	0,0,0,0,0,0,0,0,0,0,0,0,0,0,0,0,0,0,0,0,0,0,0,0,0,0,0,0,0,0,0,0,1,0,0,0,0,0,0,0
tb.dut.clusters[0].cluster.sockets[0].socket.cores[0].core.execute.fpu_unit.genblk1[0].fpu_fpnew.genblk3[2].fpnew_core.gen_operation_groups[1].i_opgroup_block.gen_merged_slice.i_multifmt_slice.gen_num_lanes[0].active_lane.lane_instance.genblk1.i_fpnew_divsqrt_multi.gen_output_pipeline[6]	23	1	196608	196608	98304	196608	2	98305	1188967	8603	0,98304,0,0,0,0,0,0,0,0,0,0,0,0,0,0,0,0,0,0,0,0,0,0,0,0,0,0,0,0,0,0,0,0,0,0,0,0,0,0	0,0,0,0,0,0,0,49150,0,1,0,0,0,1,0,49150,1,0,0,0,0,1,0,0,0,1,0,0,0,0,0,0,0,0,0,0,0,0,0,0	2	0	0	0	0	1	1385575	1385575	0,0,0,0,0,0,0,0,0,0,0,0,0,0,0,0,0,0,0,0,0,0,0,0,0,0,0,0,0,0,0,0,0,0,0,0,0,0,0,0	0,0,0,0,0,0,0,0,0,0,0,0,0,0,0,0,0,0,0,0,0,0,0,0,0,0,0,0,0,0,0,0,1,0,0,0,0,0,0,0
tb.dut.clusters[0].cluster.sockets[0].socket.cores[0].core.execute.fpu_unit.genblk1[0].fpu_fpnew.genblk3[2].fpnew_core.gen_operation_groups[1].i_opgroup_block.gen_merged_slice.i_multifmt_slice.gen_num_lanes[0].active_lane.lane_instance.genblk1.i_fpnew_divsqrt_multi.gen_output_pipeline[7]	23	1	196608	196608	98304	196608	2	98305	1188967	8602	0,98304,0,0,0,0,0,0,0,0,0,0,0,0,0,0,0,0,0,0,0,0,0,0,0,0,0,0,0,0,0,0,0,0,0,0,0,0,0,0	0,0,0,0,0,0,0,49150,0,1,0,0,0,1,0,49150,1,0,0,0,0,1,0,0,0,1,0,0,0,0,0,0,0,0,0,0,0,0,0,0	2	0	0	0	0	1	1385575	1385575	0,0,0,0,0,0,0,0,0,0,0,0,0,0,0,0,0,0,0,0,0,0,0,0,0,0,0,0,0,0,0,0,0,0,0,0,0,0,0,0	0,0,0,0,0,0,0,0,0,0,0,0,0,0,0,0,0,0,0,0,0,0,0,0,0,0,0,0,0,0,0,0,1,0,0,0,0,0,0,0
tb.dut.clusters[0].cluster.sockets[0].socket.cores[0].core.execute.fpu_unit.genblk1[0].fpu_fpnew.genblk3[2].fpnew_core.gen_operation_groups[1].i_opgroup_block.gen_merged_slice.i_multifmt_slice.gen_num_lanes[0].active_lane.lane_instance.genblk1.i_fpnew_divsqrt_multi.i_divsqrt_lei	23	12493	2422397901	1081350	49155	1081350	24	49156	304225	8609	2,0,0,0,0,0,0,0,0,0,0,2,0,0,0,0,49151,0,0,0,0,0,0,0,0,0,0,0,0,0,0,0,0,0,0,0,0,0,0,0	0,0,1,1,0,49150,0,0,0,1,0,0,0,0,0,0,1,0,0,0,0,1,0,0,0,1,0,0,0,0,0,0,0,0,0,0,0,0,0,0	63	1055905	49154	1055905	22	49155	329670	8609	0,0,0,0,0,0,0,0,0,3,0,1,0,0,0,0,49150,0,0,0,0,0,0,0,0,0,0,0,0,0,0,0,0,0,0,0,0,0,0,0	0,1,0,0,0,23760,25345,46,0,0,0,1,0,0,0,0,0,0,0,0,0,1,0,0,0,1,0,0,0,0,0,0,0,0,0,0,0,0,0,0
tb.dut.clusters[0].cluster.sockets[0].socket.cores[0].core.execute.fpu_unit.genblk1[0].fpu_fpnew.genblk3[2].fpnew_core.gen_operation_groups[1].i_opgroup_block.gen_merged_slice.i_multifmt_slice.gen_num_lanes[0].active_lane.lane_instance.genblk1.i_fpnew_divsqrt_multi.i_divsqrt_lei.fpu_norm_U0	24	752	82281224	986151	95197	986151	21	95198	399424	8609	0,0,0,0,0,0,0,0,0,92086,4,0,0,0,0,0,3107,0,0,0,0,0,0,0,0,0,0,0,0,0,0,0,0,0,0,0,0,0,0,0	46044,0,0,0,1,0,49150,0,0,0,1,0,0,0,0,0,0,0,0,0,0,1,0,0,0,1,0,0,0,0,0,0,0,0,0,0,0,0,0,0	4	884736	98304	884736	9	98305	500839	8610	0,0,0,0,0,0,0,0,98304,0,0,0,0,0,0,0,0,0,0,0,0,0,0,0,0,0,0,0,0,0,0,0,0,0,0,0,0,0,0,0	49150,0,1,0,0,0,1,0,49150,0,0,0,1,0,0,0,0,0,0,0,0,1,0,0,0,1,0,0,0,0,0,0,0,0,0,0,0,0,0,0
tb.dut.clusters[0].cluster.sockets[0].socket.cores[0].core.execute.fpu_unit.genblk1[0].fpu_fpnew.genblk3[2].fpnew_core.gen_operation_groups[1].i_opgroup_block.gen_merged_slice.i_multifmt_slice.gen_num_lanes[0].active_lane.lane_instance.genblk1.i_fpnew_divsqrt_multi.i_divsqrt_lei.nrbd_nrsc_U0	24	8528	2299187138	1081350	49155	1081350	24	49156	304225	8609	2,0,0,0,0,0,0,0,0,0,0,2,0,0,0,0,49151,0,0,0,0,0,0,0,0,0,0,0,0,0,0,0,0,0,0,0,0,0,0,0	0,0,1,1,0,49150,0,0,0,1,0,0,0,0,0,0,1,0,0,0,0,1,0,0,0,1,0,0,0,0,0,0,0,0,0,0,0,0,0,0	43	1006852	49154	1006852	21	49155	378723	8609	0,0,0,0,0,0,0,0,0,3,1,0,0,0,0,0,49150,0,0,0,0,0,0,0,0,0,0,0,0,0,0,0,0,0,0,0,0,0,0,0	0,1,0,0,0,1,23811,25339,0,0,0,1,0,0,0,0,0,0,0,0,0,1,0,0,0,1,0,0,0,0,0,0,0,0,0,0,0,0,0,0
tb.dut.clusters[0].cluster.sockets[0].socket.cores[0].core.execute.fpu_unit.genblk1[0].fpu_fpnew.genblk3[2].fpnew_core.gen_operation_groups[1].i_opgroup_block.gen_merged_slice.i_multifmt_slice.gen_num_lanes[0].active_lane.lane_instance.genblk1.i_fpnew_divsqrt_multi.i_divsqrt_lei.nrbd_nrsc_U0.control_U0	25	8301	2284415961	1081350	49155	1081350	24	49156	304225	8609	2,0,0,0,0,0,0,0,0,0,0,2,0,0,0,0,49151,0,0,0,0,0,0,0,0,0,0,0,0,0,0,0,0,0,0,0,0,0,0,0	0,0,1,1,0,49150,0,0,0,1,0,0,0,0,0,0,1,0,0,0,0,1,0,0,0,1,0,0,0,0,0,0,0,0,0,0,0,0,0,0	42	1006852	49154	1006852	21	49155	378723	8609	0,0,0,0,0,0,0,0,0,3,1,0,0,0,0,0,49150,0,0,0,0,0,0,0,0,0,0,0,0,0,0,0,0,0,0,0,0,0,0,0	0,1,0,0,0,1,23811,25339,0,0,0,1,0,0,0,0,0,0,0,0,0,1,0,0,0,1,0,0,0,0,0,0,0,0,0,0,0,0,0,0
tb.dut.clusters[0].cluster.sockets[0].socket.cores[0].core.execute.fpu_unit.genblk1[0].fpu_fpnew.genblk3[2].fpnew_core.gen_operation_groups[1].i_opgroup_block.gen_merged_slice.i_multifmt_slice.gen_num_lanes[0].active_lane.lane_instance.genblk1.i_fpnew_divsqrt_multi.i_divsqrt_lei.nrbd_nrsc_U0.control_U0.genblk4[0]	26	217	48361228	1032123	49175	1032123	21	49176	353452	8609	0,10,0,0,5,6,0,0,0,0,4,11,0,0,3,7,49129,0,0,0,0,0,0,0,0,0,0,0,0,0,0,0,0,0,0,0,0,0,0,0	1,0,13,8,1,0,49150,0,0,0,1,0,0,0,0,0,0,0,0,0,0,1,0,0,0,1,0,0,0,0,0,0,0,0,0,0,0,0,0,0	2	1006781	49175	1006781	21	49176	378794	8609	10,0,0,0,5,6,0,0,0,3,12,0,0,0,3,7,49129,0,0,0,0,0,0,0,0,0,0,0,0,0,0,0,0,0,0,0,0,0,0,0	0,1,13,8,0,1,23811,25339,0,0,0,1,0,0,0,0,0,0,0,0,0,1,0,0,0,1,0,0,0,0,0,0,0,0,0,0,0,0,0,0
tb.dut.clusters[0].cluster.sockets[0].socket.cores[0].core.execute.fpu_unit.genblk1[0].fpu_fpnew.genblk3[2].fpnew_core.gen_operation_groups[1].i_opgroup_block.gen_merged_slice.i_multifmt_slice.gen_num_lanes[0].active_lane.lane_instance.genblk1.i_fpnew_divsqrt_multi.i_divsqrt_lei.nrbd_nrsc_U0.control_U0.genblk4[0].iteration_div_sqrt	27	217	48361228	1032123	49175	1032123	21	49176	353452	8609	0,10,0,0,5,6,0,0,0,0,4,11,0,0,3,7,49129,0,0,0,0,0,0,0,0,0,0,0,0,0,0,0,0,0,0,0,0,0,0,0	1,0,13,8,1,0,49150,0,0,0,1,0,0,0,0,0,0,0,0,0,0,1,0,0,0,1,0,0,0,0,0,0,0,0,0,0,0,0,0,0	2	1006781	49175	1006781	21	49176	378794	8609	10,0,0,0,5,6,0,0,0,3,12,0,0,0,3,7,49129,0,0,0,0,0,0,0,0,0,0,0,0,0,0,0,0,0,0,0,0,0,0,0	0,1,13,8,0,1,23811,25339,0,0,0,1,0,0,0,0,0,0,0,0,0,1,0,0,0,1,0,0,0,0,0,0,0,0,0,0,0,0,0,0
tb.dut.clusters[0].cluster.sockets[0].socket.cores[0].core.execute.fpu_unit.genblk1[0].fpu_fpnew.genblk3[2].fpnew_core.gen_operation_groups[1].i_opgroup_block.gen_merged_slice.i_multifmt_slice.gen_num_lanes[0].active_lane.lane_instance.genblk1.i_fpnew_divsqrt_multi.i_divsqrt_lei.nrbd_nrsc_U0.control_U0.genblk4[1]	26	217	47398887	1032106	49175	1032106	21	49176	353469	8609	5,5,0,1,8,2,0,0,0,0,9,6,0,2,1,7,49129,0,0,0,0,0,0,0,0,0,0,0,0,0,0,0,0,0,0,0,0,0,0,0	1,0,4,10,7,1,49150,0,0,0,1,0,0,0,0,0,0,0,0,0,0,1,0,0,0,1,0,0,0,0,0,0,0,0,0,0,0,0,0,0	2	1006764	49170	1006764	21	49171	378811	8609	5,0,0,1,8,2,0,0,0,8,7,0,0,2,1,7,49129,0,0,0,0,0,0,0,0,0,0,0,0,0,0,0,0,0,0,0,0,0,0,0	0,1,4,7,5,1,23811,25334,0,0,0,4,1,1,0,0,0,0,0,0,0,1,0,0,0,1,0,0,0,0,0,0,0,0,0,0,0,0,0,0
tb.dut.clusters[0].cluster.sockets[0].socket.cores[0].core.execute.fpu_unit.genblk1[0].fpu_fpnew.genblk3[2].fpnew_core.gen_operation_groups[1].i_opgroup_block.gen_merged_slice.i_multifmt_slice.gen_num_lanes[0].active_lane.lane_instance.genblk1.i_fpnew_divsqrt_multi.i_divsqrt_lei.nrbd_nrsc_U0.control_U0.genblk4[1].iteration_div_sqrt	27	217	47398887	1032106	49175	1032106	21	49176	353469	8609	5,5,0,1,8,2,0,0,0,0,9,6,0,2,1,7,49129,0,0,0,0,0,0,0,0,0,0,0,0,0,0,0,0,0,0,0,0,0,0,0	1,0,4,10,7,1,49150,0,0,0,1,0,0,0,0,0,0,0,0,0,0,1,0,0,0,1,0,0,0,0,0,0,0,0,0,0,0,0,0,0	2	1006764	49170	1006764	21	49171	378811	8609	5,0,0,1,8,2,0,0,0,8,7,0,0,2,1,7,49129,0,0,0,0,0,0,0,0,0,0,0,0,0,0,0,0,0,0,0,0,0,0,0	0,1,4,7,5,1,23811,25334,0,0,0,4,1,1,0,0,0,0,0,0,0,1,0,0,0,1,0,0,0,0,0,0,0,0,0,0,0,0,0,0
tb.dut.clusters[0].cluster.sockets[0].socket.cores[0].core.execute.fpu_unit.genblk1[0].fpu_fpnew.genblk3[2].fpnew_core.gen_operation_groups[1].i_opgroup_block.gen_merged_slice.i_multifmt_slice.gen_num_lanes[0].active_lane.lane_instance.genblk1.i_fpnew_divsqrt_multi.i_divsqrt_lei.nrbd_nrsc_U0.control_U0.genblk4[2]	26	217	47396736	1032095	49175	1032095	21	49176	353480	8609	6,4,0,1,10,0,0,0,0,0,9,6,1,1,8,0,49129,0,0,0,0,0,0,0,0,0,0,0,0,0,0,0,0,0,0,0,0,0,0,0	1,0,0,8,13,0,49151,0,0,0,1,0,0,0,0,0,0,0,0,0,0,1,0,0,0,1,0,0,0,0,0,0,0,0,0,0,0,0,0,0	2	1006753	49169	1006753	21	49170	378822	8609	4,0,0,1,10,0,0,0,0,8,7,0,1,1,8,0,49129,0,0,0,0,0,0,0,0,0,0,0,0,0,0,0,0,0,0,0,0,0,0,0	0,1,0,8,7,1,23811,25333,0,0,0,1,5,0,1,0,0,0,0,0,0,1,0,0,0,1,0,0,0,0,0,0,0,0,0,0,0,0,0,0
tb.dut.clusters[0].cluster.sockets[0].socket.cores[0].core.execute.fpu_unit.genblk1[0].fpu_fpnew.genblk3[2].fpnew_core.gen_operation_groups[1].i_opgroup_block.gen_merged_slice.i_multifmt_slice.gen_num_lanes[0].active_lane.lane_instance.genblk1.i_fpnew_divsqrt_multi.i_divsqrt_lei.nrbd_nrsc_U0.control_U0.genblk4[2].iteration_div_sqrt	27	217	47396736	1032095	49175	1032095	21	49176	353480	8609	6,4,0,1,10,0,0,0,0,0,9,6,1,1,8,0,49129,0,0,0,0,0,0,0,0,0,0,0,0,0,0,0,0,0,0,0,0,0,0,0	1,0,0,8,13,0,49151,0,0,0,1,0,0,0,0,0,0,0,0,0,0,1,0,0,0,1,0,0,0,0,0,0,0,0,0,0,0,0,0,0	2	1006753	49169	1006753	21	49170	378822	8609	4,0,0,1,10,0,0,0,0,8,7,0,1,1,8,0,49129,0,0,0,0,0,0,0,0,0,0,0,0,0,0,0,0,0,0,0,0,0,0,0	0,1,0,8,7,1,23811,25333,0,0,0,1,5,0,1,0,0,0,0,0,0,1,0,0,0,1,0,0,0,0,0,0,0,0,0,0,0,0,0,0
tb.dut.clusters[0].cluster.sockets[0].socket.cores[0].core.execute.fpu_unit.genblk1[0].fpu_fpnew.genblk3[2].fpnew_core.gen_operation_groups[1].i_opgroup_block.gen_merged_slice.i_multifmt_slice.gen_num_lanes[0].active_lane.lane_instance.genblk1.i_fpnew_divsqrt_multi.i_divsqrt_lei.preprocess_U0	24	2777	13704797	245766	147461	245766	3	147462	1139809	8610	49157,98303,1,0,0,0,0,0,0,0,0,0,0,0,0,0,0,0,0,0,0,0,0,0,0,0,0,0,0,0,0,0,0,0,0,0,0,0,0,0	1,0,2,1,1,0,49151,98302,0,0,1,0,0,0,0,0,1,0,0,0,0,1,0,0,0,1,0,0,0,0,0,0,0,0,0,0,0,0,0,0	14	196564	98305	196564	2	98306	1189011	8619	46,98259,0,0,0,0,0,0,0,0,0,0,0,0,0,0,0,0,0,0,0,0,0,0,0,0,0,0,0,0,0,0,0,0,0,0,0,0,0,0	0,0,0,1,1,0,1,49125,23,0,1,0,0,0,1,49132,19,0,0,0,0,1,0,0,0,1,0,0,0,0,0,0,0,0,0,0,0,0,0,0
tb.dut.clusters[0].cluster.sockets[0].socket.cores[0].core.execute.fpu_unit.genblk1[0].fpu_fpnew.genblk3[2].fpnew_core.gen_operation_groups[1].i_opgroup_block.gen_merged_slice.i_multifmt_slice.gen_num_lanes[0].active_lane.lane_instance.genblk1.i_fpnew_divsqrt_multi.i_divsqrt_lei.preprocess_U0.LOD_Ua	25	976	3987543	98304	98304	98304	1	98305	1287271	8620	98304,0,0,0,0,0,0,0,0,0,0,0,0,0,0,0,0,0,0,0,0,0,0,0,0,0,0,0,0,0,0,0,0,0,0,0,0,0,0,0	0,0,0,0,1,0,0,1,49148,0,1,0,0,0,1,0,49151,0,0,0,0,1,0,0,0,1,0,0,0,0,0,0,0,0,0,0,0,0,0,0	5	98302	98302	98302	1	98303	1287273	8620	98302,0,0,0,0,0,0,0,0,0,0,0,0,0,0,0,0,0,0,0,0,0,0,0,0,0,0,0,0,0,0,0,0,0,0,0,0,0,0,0	0,0,0,0,1,0,0,1,49146,0,1,0,0,0,1,0,49151,0,0,0,0,1,0,0,0,1,0,0,0,0,0,0,0,0,0,0,0,0,0,0
tb.dut.clusters[0].cluster.sockets[0].socket.cores[0].core.execute.fpu_unit.genblk1[0].fpu_fpnew.genblk3[2].fpnew_core.gen_operation_groups[1].i_opgroup_block.gen_merged_slice.i_multifmt_slice.gen_num_lanes[0].active_lane.lane_instance.genblk1.i_fpnew_divsqrt_multi.i_divsqrt_lei.preprocess_U0.LOD_Ua.gen_lzc	26	851	2840506	98304	98304	98304	1	98305	1287271	8620	98304,0,0,0,0,0,0,0,0,0,0,0,0,0,0,0,0,0,0,0,0,0,0,0,0,0,0,0,0,0,0,0,0,0,0,0,0,0,0,0	0,0,0,0,1,0,0,1,49148,0,1,0,0,0,1,0,49151,0,0,0,0,1,0,0,0,1,0,0,0,0,0,0,0,0,0,0,0,0,0,0	5	98292	98292	98292	1	98293	1287283	8620	98292,0,0,0,0,0,0,0,0,0,0,0,0,0,0,0,0,0,0,0,0,0,0,0,0,0,0,0,0,0,0,0,0,0,0,0,0,0,0,0	0,0,0,0,0,0,0,1,49138,0,1,0,0,0,1,0,49149,1,0,0,0,1,0,0,0,1,0,0,0,0,0,0,0,0,0,0,0,0,0,0
tb.dut.clusters[0].cluster.sockets[0].socket.cores[0].core.execute.fpu_unit.genblk1[0].fpu_fpnew.genblk3[2].fpnew_core.gen_operation_groups[1].i_opgroup_block.gen_merged_slice.i_multifmt_slice.gen_num_lanes[0].active_lane.lane_instance.genblk1.i_fpnew_divsqrt_multi.i_divsqrt_lei.preprocess_U0.LOD_Ub	25	976	369720	12324	12324	12324	1	12325	1373251	8984	12324,0,0,0,0,0,0,0,0,0,0,0,0,0,0,0,0,0,0,0,0,0,0,0,0,0,0,0,0,0,0,0,0,0,0,0,0,0,0,0	0,0,0,0,0,0,0,0,9,0,0,0,0,0,0,0,6927,2316,0,4,3067,1,0,0,0,1,0,0,0,0,0,0,0,0,0,0,0,0,0,0	5	12324	12324	12324	1	12325	1373251	8984	12324,0,0,0,0,0,0,0,0,0,0,0,0,0,0,0,0,0,0,0,0,0,0,0,0,0,0,0,0,0,0,0,0,0,0,0,0,0,0,0	0,0,0,0,0,0,0,0,9,0,0,0,0,0,0,0,6927,2316,0,4,3067,1,0,0,0,1,0,0,0,0,0,0,0,0,0,0,0,0,0,0
tb.dut.clusters[0].cluster.sockets[0].socket.cores[0].core.execute.fpu_unit.genblk1[0].fpu_fpnew.genblk3[2].fpnew_core.gen_operation_groups[1].i_opgroup_block.gen_merged_slice.i_multifmt_slice.gen_num_lanes[0].active_lane.lane_instance.genblk1.i_fpnew_divsqrt_multi.i_divsqrt_lei.preprocess_U0.LOD_Ub.gen_lzc	26	851	332748	12324	12324	12324	1	12325	1373251	8984	12324,0,0,0,0,0,0,0,0,0,0,0,0,0,0,0,0,0,0,0,0,0,0,0,0,0,0,0,0,0,0,0,0,0,0,0,0,0,0,0	0,0,0,0,0,0,0,0,9,0,0,0,0,0,0,0,6927,2316,0,4,3067,1,0,0,0,1,0,0,0,0,0,0,0,0,0,0,0,0,0,0	5	12324	12324	12324	1	12325	1373251	8984	12324,0,0,0,0,0,0,0,0,0,0,0,0,0,0,0,0,0,0,0,0,0,0,0,0,0,0,0,0,0,0,0,0,0,0,0,0,0,0,0	0,0,0,0,0,0,0,0,9,0,0,0,0,0,0,0,6927,2316,0,4,3067,1,0,0,0,1,0,0,0,0,0,0,0,0,0,0,0,0,0,0
tb.dut.clusters[0].cluster.sockets[0].socket.cores[0].core.execute.fpu_unit.genblk1[0].fpu_fpnew.genblk3[2].fpnew_core.gen_operation_groups[1].i_opgroup_block.gen_merged_slice.i_multifmt_slice.gen_num_lanes[0].pack_fp_result[0]	19	32	0	0	0	0	0	1	1385575	1385575	0,0,0,0,0,0,0,0,0,0,0,0,0,0,0,0,0,0,0,0,0,0,0,0,0,0,0,0,0,0,0,0,0,0,0,0,0,0,0,0	0,0,0,0,0,0,0,0,0,0,0,0,0,0,0,0,0,0,0,0,0,0,0,0,0,0,0,0,0,0,0,0,1,0,0,0,0,0,0,0	2	0	0	0	0	1	1385575	1385575	0,0,0,0,0,0,0,0,0,0,0,0,0,0,0,0,0,0,0,0,0,0,0,0,0,0,0,0,0,0,0,0,0,0,0,0,0,0,0,0	0,0,0,0,0,0,0,0,0,0,0,0,0,0,0,0,0,0,0,0,0,0,0,0,0,0,0,0,0,0,0,0,1,0,0,0,0,0,0,0
tb.dut.clusters[0].cluster.sockets[0].socket.cores[0].core.execute.fpu_unit.genblk1[0].fpu_fpnew.genblk3[2].fpnew_core.gen_operation_groups[1].i_opgroup_block.gen_merged_slice.i_multifmt_slice.gen_num_lanes[0].pack_fp_result[1]	19	32	0	0	0	0	0	1	1385575	1385575	0,0,0,0,0,0,0,0,0,0,0,0,0,0,0,0,0,0,0,0,0,0,0,0,0,0,0,0,0,0,0,0,0,0,0,0,0,0,0,0	0,0,0,0,0,0,0,0,0,0,0,0,0,0,0,0,0,0,0,0,0,0,0,0,0,0,0,0,0,0,0,0,1,0,0,0,0,0,0,0	2	0	0	0	0	1	1385575	1385575	0,0,0,0,0,0,0,0,0,0,0,0,0,0,0,0,0,0,0,0,0,0,0,0,0,0,0,0,0,0,0,0,0,0,0,0,0,0,0,0	0,0,0,0,0,0,0,0,0,0,0,0,0,0,0,0,0,0,0,0,0,0,0,0,0,0,0,0,0,0,0,0,1,0,0,0,0,0,0,0
tb.dut.clusters[0].cluster.sockets[0].socket.cores[0].core.execute.fpu_unit.genblk1[0].fpu_fpnew.genblk3[2].fpnew_core.gen_operation_groups[1].i_opgroup_block.gen_merged_slice.i_multifmt_slice.gen_num_lanes[0].pack_fp_result[2]	19	32	0	0	0	0	0	1	1385575	1385575	0,0,0,0,0,0,0,0,0,0,0,0,0,0,0,0,0,0,0,0,0,0,0,0,0,0,0,0,0,0,0,0,0,0,0,0,0,0,0,0	0,0,0,0,0,0,0,0,0,0,0,0,0,0,0,0,0,0,0,0,0,0,0,0,0,0,0,0,0,0,0,0,1,0,0,0,0,0,0,0	2	0	0	0	0	1	1385575	1385575	0,0,0,0,0,0,0,0,0,0,0,0,0,0,0,0,0,0,0,0,0,0,0,0,0,0,0,0,0,0,0,0,0,0,0,0,0,0,0,0	0,0,0,0,0,0,0,0,0,0,0,0,0,0,0,0,0,0,0,0,0,0,0,0,0,0,0,0,0,0,0,0,1,0,0,0,0,0,0,0
tb.dut.clusters[0].cluster.sockets[0].socket.cores[0].core.execute.fpu_unit.genblk1[0].fpu_fpnew.genblk3[2].fpnew_core.gen_operation_groups[1].i_opgroup_block.gen_merged_slice.i_multifmt_slice.gen_num_lanes[0].pack_fp_result[3]	19	32	0	0	0	0	0	1	1385575	1385575	0,0,0,0,0,0,0,0,0,0,0,0,0,0,0,0,0,0,0,0,0,0,0,0,0,0,0,0,0,0,0,0,0,0,0,0,0,0,0,0	0,0,0,0,0,0,0,0,0,0,0,0,0,0,0,0,0,0,0,0,0,0,0,0,0,0,0,0,0,0,0,0,1,0,0,0,0,0,0,0	2	0	0	0	0	1	1385575	1385575	0,0,0,0,0,0,0,0,0,0,0,0,0,0,0,0,0,0,0,0,0,0,0,0,0,0,0,0,0,0,0,0,0,0,0,0,0,0,0,0	0,0,0,0,0,0,0,0,0,0,0,0,0,0,0,0,0,0,0,0,0,0,0,0,0,0,0,0,0,0,0,0,1,0,0,0,0,0,0,0
tb.dut.clusters[0].cluster.sockets[0].socket.cores[0].core.execute.fpu_unit.genblk1[0].fpu_fpnew.genblk3[2].fpnew_core.gen_operation_groups[1].i_opgroup_block.gen_merged_slice.i_multifmt_slice.gen_num_lanes[0].pack_fp_result[4]	19	32	0	0	0	0	0	1	1385575	1385575	0,0,0,0,0,0,0,0,0,0,0,0,0,0,0,0,0,0,0,0,0,0,0,0,0,0,0,0,0,0,0,0,0,0,0,0,0,0,0,0	0,0,0,0,0,0,0,0,0,0,0,0,0,0,0,0,0,0,0,0,0,0,0,0,0,0,0,0,0,0,0,0,1,0,0,0,0,0,0,0	2	0	0	0	0	1	1385575	1385575	0,0,0,0,0,0,0,0,0,0,0,0,0,0,0,0,0,0,0,0,0,0,0,0,0,0,0,0,0,0,0,0,0,0,0,0,0,0,0,0	0,0,0,0,0,0,0,0,0,0,0,0,0,0,0,0,0,0,0,0,0,0,0,0,0,0,0,0,0,0,0,0,1,0,0,0,0,0,0,0
tb.dut.clusters[0].cluster.sockets[0].socket.cores[0].core.execute.fpu_unit.genblk1[0].fpu_fpnew.genblk3[2].fpnew_core.gen_operation_groups[1].i_opgroup_block.gen_parallel_slices[0]	16	2	0	0	0	0	0	1	1385575	1385575	0,0,0,0,0,0,0,0,0,0,0,0,0,0,0,0,0,0,0,0,0,0,0,0,0,0,0,0,0,0,0,0,0,0,0,0,0,0,0,0	0,0,0,0,0,0,0,0,0,0,0,0,0,0,0,0,0,0,0,0,0,0,0,0,0,0,0,0,0,0,0,0,1,0,0,0,0,0,0,0	2	0	0	0	0	1	1385575	1385575	0,0,0,0,0,0,0,0,0,0,0,0,0,0,0,0,0,0,0,0,0,0,0,0,0,0,0,0,0,0,0,0,0,0,0,0,0,0,0,0	0,0,0,0,0,0,0,0,0,0,0,0,0,0,0,0,0,0,0,0,0,0,0,0,0,0,0,0,0,0,0,0,1,0,0,0,0,0,0,0
tb.dut.clusters[0].cluster.sockets[0].socket.cores[0].core.execute.fpu_unit.genblk1[0].fpu_fpnew.genblk3[2].fpnew_core.gen_operation_groups[1].i_opgroup_block.gen_parallel_slices[1]	16	2	0	0	0	0	0	1	1385575	1385575	0,0,0,0,0,0,0,0,0,0,0,0,0,0,0,0,0,0,0,0,0,0,0,0,0,0,0,0,0,0,0,0,0,0,0,0,0,0,0,0	0,0,0,0,0,0,0,0,0,0,0,0,0,0,0,0,0,0,0,0,0,0,0,0,0,0,0,0,0,0,0,0,1,0,0,0,0,0,0,0	2	0	0	0	0	1	1385575	1385575	0,0,0,0,0,0,0,0,0,0,0,0,0,0,0,0,0,0,0,0,0,0,0,0,0,0,0,0,0,0,0,0,0,0,0,0,0,0,0,0	0,0,0,0,0,0,0,0,0,0,0,0,0,0,0,0,0,0,0,0,0,0,0,0,0,0,0,0,0,0,0,0,1,0,0,0,0,0,0,0
tb.dut.clusters[0].cluster.sockets[0].socket.cores[0].core.execute.fpu_unit.genblk1[0].fpu_fpnew.genblk3[2].fpnew_core.gen_operation_groups[1].i_opgroup_block.gen_parallel_slices[2]	16	2	0	0	0	0	0	1	1385575	1385575	0,0,0,0,0,0,0,0,0,0,0,0,0,0,0,0,0,0,0,0,0,0,0,0,0,0,0,0,0,0,0,0,0,0,0,0,0,0,0,0	0,0,0,0,0,0,0,0,0,0,0,0,0,0,0,0,0,0,0,0,0,0,0,0,0,0,0,0,0,0,0,0,1,0,0,0,0,0,0,0	2	0	0	0	0	1	1385575	1385575	0,0,0,0,0,0,0,0,0,0,0,0,0,0,0,0,0,0,0,0,0,0,0,0,0,0,0,0,0,0,0,0,0,0,0,0,0,0,0,0	0,0,0,0,0,0,0,0,0,0,0,0,0,0,0,0,0,0,0,0,0,0,0,0,0,0,0,0,0,0,0,0,1,0,0,0,0,0,0,0
tb.dut.clusters[0].cluster.sockets[0].socket.cores[0].core.execute.fpu_unit.genblk1[0].fpu_fpnew.genblk3[2].fpnew_core.gen_operation_groups[1].i_opgroup_block.gen_parallel_slices[3]	16	2	0	0	0	0	0	1	1385575	1385575	0,0,0,0,0,0,0,0,0,0,0,0,0,0,0,0,0,0,0,0,0,0,0,0,0,0,0,0,0,0,0,0,0,0,0,0,0,0,0,0	0,0,0,0,0,0,0,0,0,0,0,0,0,0,0,0,0,0,0,0,0,0,0,0,0,0,0,0,0,0,0,0,1,0,0,0,0,0,0,0	2	0	0	0	0	1	1385575	1385575	0,0,0,0,0,0,0,0,0,0,0,0,0,0,0,0,0,0,0,0,0,0,0,0,0,0,0,0,0,0,0,0,0,0,0,0,0,0,0,0	0,0,0,0,0,0,0,0,0,0,0,0,0,0,0,0,0,0,0,0,0,0,0,0,0,0,0,0,0,0,0,0,1,0,0,0,0,0,0,0
tb.dut.clusters[0].cluster.sockets[0].socket.cores[0].core.execute.fpu_unit.genblk1[0].fpu_fpnew.genblk3[2].fpnew_core.gen_operation_groups[1].i_opgroup_block.gen_parallel_slices[4]	16	2	0	0	0	0	0	1	1385575	1385575	0,0,0,0,0,0,0,0,0,0,0,0,0,0,0,0,0,0,0,0,0,0,0,0,0,0,0,0,0,0,0,0,0,0,0,0,0,0,0,0	0,0,0,0,0,0,0,0,0,0,0,0,0,0,0,0,0,0,0,0,0,0,0,0,0,0,0,0,0,0,0,0,1,0,0,0,0,0,0,0	2	0	0	0	0	1	1385575	1385575	0,0,0,0,0,0,0,0,0,0,0,0,0,0,0,0,0,0,0,0,0,0,0,0,0,0,0,0,0,0,0,0,0,0,0,0,0,0,0,0	0,0,0,0,0,0,0,0,0,0,0,0,0,0,0,0,0,0,0,0,0,0,0,0,0,0,0,0,0,0,0,0,1,0,0,0,0,0,0,0
tb.dut.clusters[0].cluster.sockets[0].socket.cores[0].core.execute.fpu_unit.genblk1[0].fpu_fpnew.genblk3[2].fpnew_core.gen_operation_groups[1].i_opgroup_block.i_arbiter	16	1510	25064341	196610	98306	196610	2	98307	1188965	8601	2,98304,0,0,0,0,0,0,0,0,0,0,0,0,0,0,0,0,0,0,0,0,0,0,0,0,0,0,0,0,0,0,0,0,0,0,0,0,0,0	0,0,1,0,0,0,0,49150,0,1,0,0,0,1,0,49150,2,0,0,0,0,1,0,0,0,1,0,0,0,0,0,0,0,0,0,0,0,0,0,0	8	196608	98304	196608	2	98305	1188967	8601	0,98304,0,0,0,0,0,0,0,0,0,0,0,0,0,0,0,0,0,0,0,0,0,0,0,0,0,0,0,0,0,0,0,0,0,0,0,0,0,0	0,0,0,0,0,0,0,49150,0,1,0,0,0,1,0,49150,1,0,0,0,0,1,0,0,0,1,0,0,0,0,0,0,0,0,0,0,0,0,0,0
tb.dut.clusters[0].cluster.sockets[0].socket.cores[0].core.execute.fpu_unit.genblk1[0].fpu_fpnew.genblk3[2].fpnew_core.gen_operation_groups[1].i_opgroup_block.i_arbiter.gen_arbiter	17	1150	16659468	196608	98304	196608	2	98305	1188967	8601	0,98304,0,0,0,0,0,0,0,0,0,0,0,0,0,0,0,0,0,0,0,0,0,0,0,0,0,0,0,0,0,0,0,0,0,0,0,0,0,0	0,0,0,0,0,0,0,49150,0,1,0,0,0,1,0,49150,1,0,0,0,0,1,0,0,0,1,0,0,0,0,0,0,0,0,0,0,0,0,0,0	6	196608	98304	196608	2	98305	1188967	8601	0,98304,0,0,0,0,0,0,0,0,0,0,0,0,0,0,0,0,0,0,0,0,0,0,0,0,0,0,0,0,0,0,0,0,0,0,0,0,0,0	0,0,0,0,0,0,0,49150,0,1,0,0,0,1,0,49150,1,0,0,0,0,1,0,0,0,1,0,0,0,0,0,0,0,0,0,0,0,0,0,0
tb.dut.clusters[0].cluster.sockets[0].socket.cores[0].core.execute.fpu_unit.genblk1[0].fpu_fpnew.genblk3[2].fpnew_core.gen_operation_groups[1].i_opgroup_block.i_arbiter.gen_arbiter.gen_int_rr	18	340	1966080	196608	98304	196608	2	98305	1188967	8601	0,98304,0,0,0,0,0,0,0,0,0,0,0,0,0,0,0,0,0,0,0,0,0,0,0,0,0,0,0,0,0,0,0,0,0,0,0,0,0,0	0,0,0,0,0,0,0,49150,0,1,0,0,0,1,0,49150,1,0,0,0,0,1,0,0,0,1,0,0,0,0,0,0,0,0,0,0,0,0,0,0	2	196608	98304	196608	2	98305	1188967	8601	0,98304,0,0,0,0,0,0,0,0,0,0,0,0,0,0,0,0,0,0,0,0,0,0,0,0,0,0,0,0,0,0,0,0,0,0,0,0,0,0	0,0,0,0,0,0,0,49150,0,1,0,0,0,1,0,49150,1,0,0,0,0,1,0,0,0,1,0,0,0,0,0,0,0,0,0,0,0,0,0,0
tb.dut.clusters[0].cluster.sockets[0].socket.cores[0].core.execute.fpu_unit.genblk1[0].fpu_fpnew.genblk3[2].fpnew_core.gen_operation_groups[1].i_opgroup_block.i_arbiter.gen_arbiter.gen_int_rr.gen_fair_arb	19	337	1966080	196608	98304	196608	2	98305	1188967	8601	0,98304,0,0,0,0,0,0,0,0,0,0,0,0,0,0,0,0,0,0,0,0,0,0,0,0,0,0,0,0,0,0,0,0,0,0,0,0,0,0	0,0,0,0,0,0,0,49150,0,1,0,0,0,1,0,49150,1,0,0,0,0,1,0,0,0,1,0,0,0,0,0,0,0,0,0,0,0,0,0,0	2	196608	98304	196608	2	98305	1188967	8601	0,98304,0,0,0,0,0,0,0,0,0,0,0,0,0,0,0,0,0,0,0,0,0,0,0,0,0,0,0,0,0,0,0,0,0,0,0,0,0,0	0,0,0,0,0,0,0,49150,0,1,0,0,0,1,0,49150,1,0,0,0,0,1,0,0,0,1,0,0,0,0,0,0,0,0,0,0,0,0,0,0
tb.dut.clusters[0].cluster.sockets[0].socket.cores[0].core.execute.fpu_unit.genblk1[0].fpu_fpnew.genblk3[2].fpnew_core.gen_operation_groups[1].i_opgroup_block.i_arbiter.gen_arbiter.gen_int_rr.gen_fair_arb.i_lzc_lower	20	158	1769472	196608	98304	196608	2	98305	1188967	8601	0,98304,0,0,0,0,0,0,0,0,0,0,0,0,0,0,0,0,0,0,0,0,0,0,0,0,0,0,0,0,0,0,0,0,0,0,0,0,0,0	0,0,0,0,0,0,0,49150,0,1,0,0,0,1,0,49150,1,0,0,0,0,1,0,0,0,1,0,0,0,0,0,0,0,0,0,0,0,0,0,0	2	196608	98304	196608	2	98305	1188967	8601	0,98304,0,0,0,0,0,0,0,0,0,0,0,0,0,0,0,0,0,0,0,0,0,0,0,0,0,0,0,0,0,0,0,0,0,0,0,0,0,0	0,0,0,0,0,0,0,49150,0,1,0,0,0,1,0,49150,1,0,0,0,0,1,0,0,0,1,0,0,0,0,0,0,0,0,0,0,0,0,0,0
tb.dut.clusters[0].cluster.sockets[0].socket.cores[0].core.execute.fpu_unit.genblk1[0].fpu_fpnew.genblk3[2].fpnew_core.gen_operation_groups[1].i_opgroup_block.i_arbiter.gen_arbiter.gen_int_rr.gen_fair_arb.i_lzc_lower.gen_lzc	21	84	1376256	196608	98304	196608	2	98305	1188967	8601	0,98304,0,0,0,0,0,0,0,0,0,0,0,0,0,0,0,0,0,0,0,0,0,0,0,0,0,0,0,0,0,0,0,0,0,0,0,0,0,0	0,0,0,0,0,0,0,49150,0,1,0,0,0,1,0,49150,1,0,0,0,0,1,0,0,0,1,0,0,0,0,0,0,0,0,0,0,0,0,0,0	2	196608	98304	196608	2	98305	1188967	8601	0,98304,0,0,0,0,0,0,0,0,0,0,0,0,0,0,0,0,0,0,0,0,0,0,0,0,0,0,0,0,0,0,0,0,0,0,0,0,0,0	0,0,0,0,0,0,0,49150,0,1,0,0,0,1,0,49150,1,0,0,0,0,1,0,0,0,1,0,0,0,0,0,0,0,0,0,0,0,0,0,0
tb.dut.clusters[0].cluster.sockets[0].socket.cores[0].core.execute.fpu_unit.genblk1[0].fpu_fpnew.genblk3[2].fpnew_core.gen_operation_groups[1].i_opgroup_block.i_arbiter.gen_arbiter.gen_int_rr.gen_fair_arb.i_lzc_upper	20	158	0	0	0	0	0	1	1385575	1385575	0,0,0,0,0,0,0,0,0,0,0,0,0,0,0,0,0,0,0,0,0,0,0,0,0,0,0,0,0,0,0,0,0,0,0,0,0,0,0,0	0,0,0,0,0,0,0,0,0,0,0,0,0,0,0,0,0,0,0,0,0,0,0,0,0,0,0,0,0,0,0,0,1,0,0,0,0,0,0,0	2	0	0	0	0	1	1385575	1385575	0,0,0,0,0,0,0,0,0,0,0,0,0,0,0,0,0,0,0,0,0,0,0,0,0,0,0,0,0,0,0,0,0,0,0,0,0,0,0,0	0,0,0,0,0,0,0,0,0,0,0,0,0,0,0,0,0,0,0,0,0,0,0,0,0,0,0,0,0,0,0,0,1,0,0,0,0,0,0,0
tb.dut.clusters[0].cluster.sockets[0].socket.cores[0].core.execute.fpu_unit.genblk1[0].fpu_fpnew.genblk3[2].fpnew_core.gen_operation_groups[1].i_opgroup_block.i_arbiter.gen_arbiter.gen_int_rr.gen_fair_arb.i_lzc_upper.gen_lzc	21	84	0	0	0	0	0	1	1385575	1385575	0,0,0,0,0,0,0,0,0,0,0,0,0,0,0,0,0,0,0,0,0,0,0,0,0,0,0,0,0,0,0,0,0,0,0,0,0,0,0,0	0,0,0,0,0,0,0,0,0,0,0,0,0,0,0,0,0,0,0,0,0,0,0,0,0,0,0,0,0,0,0,0,1,0,0,0,0,0,0,0	2	0	0	0	0	1	1385575	1385575	0,0,0,0,0,0,0,0,0,0,0,0,0,0,0,0,0,0,0,0,0,0,0,0,0,0,0,0,0,0,0,0,0,0,0,0,0,0,0,0	0,0,0,0,0,0,0,0,0,0,0,0,0,0,0,0,0,0,0,0,0,0,0,0,0,0,0,0,0,0,0,0,1,0,0,0,0,0,0,0
tb.dut.clusters[0].cluster.sockets[0].socket.cores[0].core.execute.fpu_unit.genblk1[0].fpu_fpnew.genblk3[2].fpnew_core.gen_operation_groups[1].i_opgroup_block.i_arbiter.gen_arbiter.gen_levels[0]	18	65	196608	196608	98304	196608	2	98305	1188967	8601	0,98304,0,0,0,0,0,0,0,0,0,0,0,0,0,0,0,0,0,0,0,0,0,0,0,0,0,0,0,0,0,0,0,0,0,0,0,0,0,0	0,0,0,0,0,0,0,49150,0,1,0,0,0,1,0,49150,1,0,0,0,0,1,0,0,0,1,0,0,0,0,0,0,0,0,0,0,0,0,0,0	2	0	0	0	0	1	1385575	1385575	0,0,0,0,0,0,0,0,0,0,0,0,0,0,0,0,0,0,0,0,0,0,0,0,0,0,0,0,0,0,0,0,0,0,0,0,0,0,0,0	0,0,0,0,0,0,0,0,0,0,0,0,0,0,0,0,0,0,0,0,0,0,0,0,0,0,0,0,0,0,0,0,1,0,0,0,0,0,0,0
tb.dut.clusters[0].cluster.sockets[0].socket.cores[0].core.execute.fpu_unit.genblk1[0].fpu_fpnew.genblk3[2].fpnew_core.gen_operation_groups[1].i_opgroup_block.i_arbiter.gen_arbiter.gen_levels[0].gen_level[0]	19	65	196608	196608	98304	196608	2	98305	1188967	8601	0,98304,0,0,0,0,0,0,0,0,0,0,0,0,0,0,0,0,0,0,0,0,0,0,0,0,0,0,0,0,0,0,0,0,0,0,0,0,0,0	0,0,0,0,0,0,0,49150,0,1,0,0,0,1,0,49150,1,0,0,0,0,1,0,0,0,1,0,0,0,0,0,0,0,0,0,0,0,0,0,0	2	0	0	0	0	1	1385575	1385575	0,0,0,0,0,0,0,0,0,0,0,0,0,0,0,0,0,0,0,0,0,0,0,0,0,0,0,0,0,0,0,0,0,0,0,0,0,0,0,0	0,0,0,0,0,0,0,0,0,0,0,0,0,0,0,0,0,0,0,0,0,0,0,0,0,0,0,0,0,0,0,0,1,0,0,0,0,0,0,0
tb.dut.clusters[0].cluster.sockets[0].socket.cores[0].core.execute.fpu_unit.genblk1[0].fpu_fpnew.genblk3[2].fpnew_core.gen_operation_groups[1].i_opgroup_block.i_arbiter.gen_arbiter.gen_levels[1]	18	130	196608	196608	98304	196608	2	98305	1188967	8601	0,98304,0,0,0,0,0,0,0,0,0,0,0,0,0,0,0,0,0,0,0,0,0,0,0,0,0,0,0,0,0,0,0,0,0,0,0,0,0,0	0,0,0,0,0,0,0,49150,0,1,0,0,0,1,0,49150,1,0,0,0,0,1,0,0,0,1,0,0,0,0,0,0,0,0,0,0,0,0,0,0	2	0	0	0	0	1	1385575	1385575	0,0,0,0,0,0,0,0,0,0,0,0,0,0,0,0,0,0,0,0,0,0,0,0,0,0,0,0,0,0,0,0,0,0,0,0,0,0,0,0	0,0,0,0,0,0,0,0,0,0,0,0,0,0,0,0,0,0,0,0,0,0,0,0,0,0,0,0,0,0,0,0,1,0,0,0,0,0,0,0
tb.dut.clusters[0].cluster.sockets[0].socket.cores[0].core.execute.fpu_unit.genblk1[0].fpu_fpnew.genblk3[2].fpnew_core.gen_operation_groups[1].i_opgroup_block.i_arbiter.gen_arbiter.gen_levels[1].gen_level[0]	19	65	196608	196608	98304	196608	2	98305	1188967	8601	0,98304,0,0,0,0,0,0,0,0,0,0,0,0,0,0,0,0,0,0,0,0,0,0,0,0,0,0,0,0,0,0,0,0,0,0,0,0,0,0	0,0,0,0,0,0,0,49150,0,1,0,0,0,1,0,49150,1,0,0,0,0,1,0,0,0,1,0,0,0,0,0,0,0,0,0,0,0,0,0,0	2	0	0	0	0	1	1385575	1385575	0,0,0,0,0,0,0,0,0,0,0,0,0,0,0,0,0,0,0,0,0,0,0,0,0,0,0,0,0,0,0,0,0,0,0,0,0,0,0,0	0,0,0,0,0,0,0,0,0,0,0,0,0,0,0,0,0,0,0,0,0,0,0,0,0,0,0,0,0,0,0,0,1,0,0,0,0,0,0,0
tb.dut.clusters[0].cluster.sockets[0].socket.cores[0].core.execute.fpu_unit.genblk1[0].fpu_fpnew.genblk3[2].fpnew_core.gen_operation_groups[1].i_opgroup_block.i_arbiter.gen_arbiter.gen_levels[1].gen_level[1]	19	65	0	0	0	0	0	1	1385575	1385575	0,0,0,0,0,0,0,0,0,0,0,0,0,0,0,0,0,0,0,0,0,0,0,0,0,0,0,0,0,0,0,0,0,0,0,0,0,0,0,0	0,0,0,0,0,0,0,0,0,0,0,0,0,0,0,0,0,0,0,0,0,0,0,0,0,0,0,0,0,0,0,0,1,0,0,0,0,0,0,0	2	0	0	0	0	1	1385575	1385575	0,0,0,0,0,0,0,0,0,0,0,0,0,0,0,0,0,0,0,0,0,0,0,0,0,0,0,0,0,0,0,0,0,0,0,0,0,0,0,0	0,0,0,0,0,0,0,0,0,0,0,0,0,0,0,0,0,0,0,0,0,0,0,0,0,0,0,0,0,0,0,0,1,0,0,0,0,0,0,0
tb.dut.clusters[0].cluster.sockets[0].socket.cores[0].core.execute.fpu_unit.genblk1[0].fpu_fpnew.genblk3[2].fpnew_core.gen_operation_groups[1].i_opgroup_block.i_arbiter.gen_arbiter.gen_levels[2]	18	260	196608	196608	98304	196608	2	98305	1188967	8601	0,98304,0,0,0,0,0,0,0,0,0,0,0,0,0,0,0,0,0,0,0,0,0,0,0,0,0,0,0,0,0,0,0,0,0,0,0,0,0,0	0,0,0,0,0,0,0,49150,0,1,0,0,0,1,0,49150,1,0,0,0,0,1,0,0,0,1,0,0,0,0,0,0,0,0,0,0,0,0,0,0	2	0	0	0	0	1	1385575	1385575	0,0,0,0,0,0,0,0,0,0,0,0,0,0,0,0,0,0,0,0,0,0,0,0,0,0,0,0,0,0,0,0,0,0,0,0,0,0,0,0	0,0,0,0,0,0,0,0,0,0,0,0,0,0,0,0,0,0,0,0,0,0,0,0,0,0,0,0,0,0,0,0,1,0,0,0,0,0,0,0
tb.dut.clusters[0].cluster.sockets[0].socket.cores[0].core.execute.fpu_unit.genblk1[0].fpu_fpnew.genblk3[2].fpnew_core.gen_operation_groups[1].i_opgroup_block.i_arbiter.gen_arbiter.gen_levels[2].gen_level[0]	19	65	196608	196608	98304	196608	2	98305	1188967	8601	0,98304,0,0,0,0,0,0,0,0,0,0,0,0,0,0,0,0,0,0,0,0,0,0,0,0,0,0,0,0,0,0,0,0,0,0,0,0,0,0	0,0,0,0,0,0,0,49150,0,1,0,0,0,1,0,49150,1,0,0,0,0,1,0,0,0,1,0,0,0,0,0,0,0,0,0,0,0,0,0,0	2	0	0	0	0	1	1385575	1385575	0,0,0,0,0,0,0,0,0,0,0,0,0,0,0,0,0,0,0,0,0,0,0,0,0,0,0,0,0,0,0,0,0,0,0,0,0,0,0,0	0,0,0,0,0,0,0,0,0,0,0,0,0,0,0,0,0,0,0,0,0,0,0,0,0,0,0,0,0,0,0,0,1,0,0,0,0,0,0,0
tb.dut.clusters[0].cluster.sockets[0].socket.cores[0].core.execute.fpu_unit.genblk1[0].fpu_fpnew.genblk3[2].fpnew_core.gen_operation_groups[1].i_opgroup_block.i_arbiter.gen_arbiter.gen_levels[2].gen_level[1]	19	65	0	0	0	0	0	1	1385575	1385575	0,0,0,0,0,0,0,0,0,0,0,0,0,0,0,0,0,0,0,0,0,0,0,0,0,0,0,0,0,0,0,0,0,0,0,0,0,0,0,0	0,0,0,0,0,0,0,0,0,0,0,0,0,0,0,0,0,0,0,0,0,0,0,0,0,0,0,0,0,0,0,0,1,0,0,0,0,0,0,0	2	0	0	0	0	1	1385575	1385575	0,0,0,0,0,0,0,0,0,0,0,0,0,0,0,0,0,0,0,0,0,0,0,0,0,0,0,0,0,0,0,0,0,0,0,0,0,0,0,0	0,0,0,0,0,0,0,0,0,0,0,0,0,0,0,0,0,0,0,0,0,0,0,0,0,0,0,0,0,0,0,0,1,0,0,0,0,0,0,0
tb.dut.clusters[0].cluster.sockets[0].socket.cores[0].core.execute.fpu_unit.genblk1[0].fpu_fpnew.genblk3[2].fpnew_core.gen_operation_groups[1].i_opgroup_block.i_arbiter.gen_arbiter.gen_levels[2].gen_level[2]	19	65	0	0	0	0	0	1	1385575	1385575	0,0,0,0,0,0,0,0,0,0,0,0,0,0,0,0,0,0,0,0,0,0,0,0,0,0,0,0,0,0,0,0,0,0,0,0,0,0,0,0	0,0,0,0,0,0,0,0,0,0,0,0,0,0,0,0,0,0,0,0,0,0,0,0,0,0,0,0,0,0,0,0,1,0,0,0,0,0,0,0	2	0	0	0	0	1	1385575	1385575	0,0,0,0,0,0,0,0,0,0,0,0,0,0,0,0,0,0,0,0,0,0,0,0,0,0,0,0,0,0,0,0,0,0,0,0,0,0,0,0	0,0,0,0,0,0,0,0,0,0,0,0,0,0,0,0,0,0,0,0,0,0,0,0,0,0,0,0,0,0,0,0,1,0,0,0,0,0,0,0
tb.dut.clusters[0].cluster.sockets[0].socket.cores[0].core.execute.fpu_unit.genblk1[0].fpu_fpnew.genblk3[2].fpnew_core.gen_operation_groups[1].i_opgroup_block.i_arbiter.gen_arbiter.gen_levels[2].gen_level[3]	19	65	0	0	0	0	0	1	1385575	1385575	0,0,0,0,0,0,0,0,0,0,0,0,0,0,0,0,0,0,0,0,0,0,0,0,0,0,0,0,0,0,0,0,0,0,0,0,0,0,0,0	0,0,0,0,0,0,0,0,0,0,0,0,0,0,0,0,0,0,0,0,0,0,0,0,0,0,0,0,0,0,0,0,1,0,0,0,0,0,0,0	2	0	0	0	0	1	1385575	1385575	0,0,0,0,0,0,0,0,0,0,0,0,0,0,0,0,0,0,0,0,0,0,0,0,0,0,0,0,0,0,0,0,0,0,0,0,0,0,0,0	0,0,0,0,0,0,0,0,0,0,0,0,0,0,0,0,0,0,0,0,0,0,0,0,0,0,0,0,0,0,0,0,1,0,0,0,0,0,0,0
tb.dut.clusters[0].cluster.sockets[0].socket.cores[0].core.execute.fpu_unit.genblk1[0].fpu_fpnew.genblk3[2].fpnew_core.gen_operation_groups[2]	14	4265	7440888	147623	98376	147623	10	98377	1237952	8627	49162,49202,6,1,3,0,0,0,0,2,0,0,0,0,0,0,0,0,0,0,0,0,0,0,0,0,0,0,0,0,0,0,0,0,0,0,0,0,0,0	46,19,2,4,1,0,0,1,49148,0,1,0,0,1,0,49149,3,0,0,0,1,0,0,0,0,1,0,0,0,0,0,0,0,0,0,0,0,0,0,0	22	98364	98315	98364	10	98316	1287211	8627	98285,26,1,1,0,0,0,0,0,2,0,0,0,0,0,0,0,0,0,0,0,0,0,0,0,0,0,0,0,0,0,0,0,0,0,0,0,0,0,0	15,6,3,7,3,0,0,0,49120,0,1,5,3,0,1,1,49147,2,0,0,1,0,0,0,0,1,0,0,0,0,0,0,0,0,0,0,0,0,0,0
tb.dut.clusters[0].cluster.sockets[0].socket.cores[0].core.execute.fpu_unit.genblk1[0].fpu_fpnew.genblk3[2].fpnew_core.gen_operation_groups[2].i_opgroup_block	15	4222	7440872	147623	98376	147623	10	98377	1237952	8627	49162,49202,6,1,3,0,0,0,0,2,0,0,0,0,0,0,0,0,0,0,0,0,0,0,0,0,0,0,0,0,0,0,0,0,0,0,0,0,0,0	46,19,2,4,1,0,0,1,49148,0,1,0,0,1,0,49149,3,0,0,0,1,0,0,0,0,1,0,0,0,0,0,0,0,0,0,0,0,0,0,0	22	98364	98315	98364	10	98316	1287211	8627	98285,26,1,1,0,0,0,0,0,2,0,0,0,0,0,0,0,0,0,0,0,0,0,0,0,0,0,0,0,0,0,0,0,0,0,0,0,0,0,0	15,6,3,7,3,0,0,0,49120,0,1,5,3,0,1,1,49147,2,0,0,1,0,0,0,0,1,0,0,0,0,0,0,0,0,0,0,0,0,0,0
tb.dut.clusters[0].cluster.sockets[0].socket.cores[0].core.execute.fpu_unit.genblk1[0].fpu_fpnew.genblk3[2].fpnew_core.gen_operation_groups[2].i_opgroup_block.gen_parallel_slices[0]	16	1958	5928573	147623	98376	147623	10	98377	1237952	8627	49162,49202,6,1,3,0,0,0,0,2,0,0,0,0,0,0,0,0,0,0,0,0,0,0,0,0,0,0,0,0,0,0,0,0,0,0,0,0,0,0	46,19,2,4,1,0,0,1,49148,0,1,0,0,1,0,49149,3,0,0,0,1,0,0,0,0,1,0,0,0,0,0,0,0,0,0,0,0,0,0,0	10	98407	98354	98407	10	98355	1287168	8627	98322,26,3,1,0,0,0,0,0,2,0,0,0,0,0,0,0,0,0,0,0,0,0,0,0,0,0,0,0,0,0,0,0,0,0,0,0,0,0,0	21,12,2,8,3,0,5,2,49146,0,1,0,1,0,1,1,49150,0,0,0,1,0,0,0,0,1,0,0,0,0,0,0,0,0,0,0,0,0,0,0
tb.dut.clusters[0].cluster.sockets[0].socket.cores[0].core.execute.fpu_unit.genblk1[0].fpu_fpnew.genblk3[2].fpnew_core.gen_operation_groups[2].i_opgroup_block.gen_parallel_slices[0].active_format	17	1956	5928573	147623	98376	147623	10	98377	1237952	8627	49162,49202,6,1,3,0,0,0,0,2,0,0,0,0,0,0,0,0,0,0,0,0,0,0,0,0,0,0,0,0,0,0,0,0,0,0,0,0,0,0	46,19,2,4,1,0,0,1,49148,0,1,0,0,1,0,49149,3,0,0,0,1,0,0,0,0,1,0,0,0,0,0,0,0,0,0,0,0,0,0,0	10	98407	98354	98407	10	98355	1287168	8627	98322,26,3,1,0,0,0,0,0,2,0,0,0,0,0,0,0,0,0,0,0,0,0,0,0,0,0,0,0,0,0,0,0,0,0,0,0,0,0,0	21,12,2,8,3,0,5,2,49146,0,1,0,1,0,1,1,49150,0,0,0,1,0,0,0,0,1,0,0,0,0,0,0,0,0,0,0,0,0,0,0
tb.dut.clusters[0].cluster.sockets[0].socket.cores[0].core.execute.fpu_unit.genblk1[0].fpu_fpnew.genblk3[2].fpnew_core.gen_operation_groups[2].i_opgroup_block.gen_parallel_slices[0].active_format.i_fmt_slice	18	1922	5928554	147623	98376	147623	10	98377	1237952	8627	49162,49202,6,1,3,0,0,0,0,2,0,0,0,0,0,0,0,0,0,0,0,0,0,0,0,0,0,0,0,0,0,0,0,0,0,0,0,0,0,0	46,19,2,4,1,0,0,1,49148,0,1,0,0,1,0,49149,3,0,0,0,1,0,0,0,0,1,0,0,0,0,0,0,0,0,0,0,0,0,0,0	10	98407	98354	98407	10	98355	1287168	8627	98322,26,3,1,0,0,0,0,0,2,0,0,0,0,0,0,0,0,0,0,0,0,0,0,0,0,0,0,0,0,0,0,0,0,0,0,0,0,0,0	21,12,2,8,3,0,5,2,49146,0,1,0,1,0,1,1,49150,0,0,0,1,0,0,0,0,1,0,0,0,0,0,0,0,0,0,0,0,0,0,0
tb.dut.clusters[0].cluster.sockets[0].socket.cores[0].core.execute.fpu_unit.genblk1[0].fpu_fpnew.genblk3[2].fpnew_core.gen_operation_groups[2].i_opgroup_block.gen_parallel_slices[0].active_format.i_fmt_slice.gen_num_lanes[0]	19	1343	4417945	147623	98376	147623	10	98377	1237952	8627	49162,49202,6,1,3,0,0,0,0,2,0,0,0,0,0,0,0,0,0,0,0,0,0,0,0,0,0,0,0,0,0,0,0,0,0,0,0,0,0,0	46,19,2,4,1,0,0,1,49148,0,1,0,0,1,0,49149,3,0,0,0,1,0,0,0,0,1,0,0,0,0,0,0,0,0,0,0,0,0,0,0	7	98407	98354	98407	10	98355	1287168	8627	98322,26,3,1,0,0,0,0,0,2,0,0,0,0,0,0,0,0,0,0,0,0,0,0,0,0,0,0,0,0,0,0,0,0,0,0,0,0,0,0	21,12,2,8,3,0,5,2,49146,0,1,0,1,0,1,1,49150,0,0,0,1,0,0,0,0,1,0,0,0,0,0,0,0,0,0,0,0,0,0,0
tb.dut.clusters[0].cluster.sockets[0].socket.cores[0].core.execute.fpu_unit.genblk1[0].fpu_fpnew.genblk3[2].fpnew_core.gen_operation_groups[2].i_opgroup_block.gen_parallel_slices[0].active_format.i_fmt_slice.gen_num_lanes[0].active_lane	20	1310	4417561	147623	98376	147623	10	98377	1237952	8627	49162,49202,6,1,3,0,0,0,0,2,0,0,0,0,0,0,0,0,0,0,0,0,0,0,0,0,0,0,0,0,0,0,0,0,0,0,0,0,0,0	46,19,2,4,1,0,0,1,49148,0,1,0,0,1,0,49149,3,0,0,0,1,0,0,0,0,1,0,0,0,0,0,0,0,0,0,0,0,0,0,0	7	98407	98354	98407	10	98355	1287168	8627	98322,26,3,1,0,0,0,0,0,2,0,0,0,0,0,0,0,0,0,0,0,0,0,0,0,0,0,0,0,0,0,0,0,0,0,0,0,0,0,0	21,12,2,8,3,0,5,2,49146,0,1,0,1,0,1,1,49150,0,0,0,1,0,0,0,0,1,0,0,0,0,0,0,0,0,0,0,0,0,0,0
tb.dut.clusters[0].cluster.sockets[0].socket.cores[0].core.execute.fpu_unit.genblk1[0].fpu_fpnew.genblk3[2].fpnew_core.gen_operation_groups[2].i_opgroup_block.gen_parallel_slices[0].active_format.i_fmt_slice.gen_num_lanes[0].active_lane.lane_instance	21	1206	3019075	147623	98376	147623	10	98377	1237952	8627	49162,49202,6,1,3,0,0,0,0,2,0,0,0,0,0,0,0,0,0,0,0,0,0,0,0,0,0,0,0,0,0,0,0,0,0,0,0,0,0,0	46,19,2,4,1,0,0,1,49148,0,1,0,0,1,0,49149,3,0,0,0,1,0,0,0,0,1,0,0,0,0,0,0,0,0,0,0,0,0,0,0	7	98388	98339	98388	9	98340	1287187	8627	98309,24,3,1,0,0,0,0,2,0,0,0,0,0,0,0,0,0,0,0,0,0,0,0,0,0,0,0,0,0,0,0,0,0,0,0,0,0,0,0	21,10,4,0,4,0,0,0,49138,0,1,5,3,0,1,0,49151,0,0,0,1,0,0,0,0,1,0,0,0,0,0,0,0,0,0,0,0,0,0,0
tb.dut.clusters[0].cluster.sockets[0].socket.cores[0].core.execute.fpu_unit.genblk1[0].fpu_fpnew.genblk3[2].fpnew_core.gen_operation_groups[2].i_opgroup_block.gen_parallel_slices[0].active_format.i_fmt_slice.gen_num_lanes[0].active_lane.lane_instance.i_noncomp	22	1206	3019075	147623	98376	147623	10	98377	1237952	8627	49162,49202,6,1,3,0,0,0,0,2,0,0,0,0,0,0,0,0,0,0,0,0,0,0,0,0,0,0,0,0,0,0,0,0,0,0,0,0,0,0	46,19,2,4,1,0,0,1,49148,0,1,0,0,1,0,49149,3,0,0,0,1,0,0,0,0,1,0,0,0,0,0,0,0,0,0,0,0,0,0,0	7	98388	98339	98388	9	98340	1287187	8627	98309,24,3,1,0,0,0,0,2,0,0,0,0,0,0,0,0,0,0,0,0,0,0,0,0,0,0,0,0,0,0,0,0,0,0,0,0,0,0,0	21,10,4,0,4,0,0,0,49138,0,1,5,3,0,1,0,49151,0,0,0,1,0,0,0,0,1,0,0,0,0,0,0,0,0,0,0,0,0,0,0
tb.dut.clusters[0].cluster.sockets[0].socket.cores[0].core.execute.fpu_unit.genblk1[0].fpu_fpnew.genblk3[2].fpnew_core.gen_operation_groups[2].i_opgroup_block.gen_parallel_slices[0].active_format.i_fmt_slice.gen_num_lanes[0].active_lane.lane_instance.i_noncomp.gen_input_pipeline[0]	23	1	16	16	2	16	8	3	1385559	1385121	0,0,0,0,0,0,0,2,0,0,0,0,0,0,0,0,0,0,0,0,0,0,0,0,0,0,0,0,0,0,0,0,0,0,0,0,0,0,0,0	0,0,0,0,0,1,0,0,0,0,0,0,0,0,0,0,0,0,0,0,1,0,0,0,0,0,0,0,0,0,0,0,1,0,0,0,0,0,0,0	2	0	0	0	0	1	1385575	1385575	0,0,0,0,0,0,0,0,0,0,0,0,0,0,0,0,0,0,0,0,0,0,0,0,0,0,0,0,0,0,0,0,0,0,0,0,0,0,0,0	0,0,0,0,0,0,0,0,0,0,0,0,0,0,0,0,0,0,0,0,0,0,0,0,0,0,0,0,0,0,0,0,1,0,0,0,0,0,0,0
tb.dut.clusters[0].cluster.sockets[0].socket.cores[0].core.execute.fpu_unit.genblk1[0].fpu_fpnew.genblk3[2].fpnew_core.gen_operation_groups[2].i_opgroup_block.gen_parallel_slices[0].active_format.i_fmt_slice.gen_num_lanes[0].active_lane.lane_instance.i_noncomp.gen_output_pipeline[0]	23	1	16	16	2	16	8	3	1385559	1385120	0,0,0,0,0,0,0,2,0,0,0,0,0,0,0,0,0,0,0,0,0,0,0,0,0,0,0,0,0,0,0,0,0,0,0,0,0,0,0,0	0,0,0,0,0,1,0,0,0,0,0,0,0,0,0,0,0,0,0,0,1,0,0,0,0,0,0,0,0,0,0,0,1,0,0,0,0,0,0,0	2	0	0	0	0	1	1385575	1385575	0,0,0,0,0,0,0,0,0,0,0,0,0,0,0,0,0,0,0,0,0,0,0,0,0,0,0,0,0,0,0,0,0,0,0,0,0,0,0,0	0,0,0,0,0,0,0,0,0,0,0,0,0,0,0,0,0,0,0,0,0,0,0,0,0,0,0,0,0,0,0,0,1,0,0,0,0,0,0,0
tb.dut.clusters[0].cluster.sockets[0].socket.cores[0].core.execute.fpu_unit.genblk1[0].fpu_fpnew.genblk3[2].fpnew_core.gen_operation_groups[2].i_opgroup_block.gen_parallel_slices[0].active_format.i_fmt_slice.gen_num_lanes[0].active_lane.lane_instance.i_noncomp.i_class_a	23	293	38	2	2	2	1	3	1385573	1385127	2,0,0,0,0,0,0,0,0,0,0,0,0,0,0,0,0,0,0,0,0,0,0,0,0,0,0,0,0,0,0,0,0,0,0,0,0,0,0,0	0,0,0,0,0,0,0,0,0,0,0,0,1,0,0,0,0,0,0,0,1,0,0,0,0,0,0,0,0,0,0,0,1,0,0,0,0,0,0,0	2	2	2	2	1	3	1385573	1385127	2,0,0,0,0,0,0,0,0,0,0,0,0,0,0,0,0,0,0,0,0,0,0,0,0,0,0,0,0,0,0,0,0,0,0,0,0,0,0,0	0,0,0,0,0,0,0,0,0,0,0,0,1,0,0,0,0,0,0,0,1,0,0,0,0,0,0,0,0,0,0,0,1,0,0,0,0,0,0,0
tb.dut.clusters[0].cluster.sockets[0].socket.cores[0].core.execute.fpu_unit.genblk1[0].fpu_fpnew.genblk3[2].fpnew_core.gen_operation_groups[2].i_opgroup_block.gen_parallel_slices[0].active_format.i_fmt_slice.gen_num_lanes[0].active_lane.lane_instance.i_noncomp.i_class_a.gen_num_values[0]	24	40	14	2	2	2	1	3	1385573	1385127	2,0,0,0,0,0,0,0,0,0,0,0,0,0,0,0,0,0,0,0,0,0,0,0,0,0,0,0,0,0,0,0,0,0,0,0,0,0,0,0	0,0,0,0,0,0,0,0,0,0,0,0,1,0,0,0,0,0,0,0,1,0,0,0,0,0,0,0,0,0,0,0,1,0,0,0,0,0,0,0	2	2	2	2	1	3	1385573	1385127	2,0,0,0,0,0,0,0,0,0,0,0,0,0,0,0,0,0,0,0,0,0,0,0,0,0,0,0,0,0,0,0,0,0,0,0,0,0,0,0	0,0,0,0,0,0,0,0,0,0,0,0,1,0,0,0,0,0,0,0,1,0,0,0,0,0,0,0,0,0,0,0,1,0,0,0,0,0,0,0
tb.dut.clusters[0].cluster.sockets[0].socket.cores[0].core.execute.fpu_unit.genblk1[0].fpu_fpnew.genblk3[2].fpnew_core.gen_operation_groups[2].i_opgroup_block.gen_parallel_slices[0].active_format.i_fmt_slice.gen_num_lanes[0].active_lane.lane_instance.i_noncomp.i_class_a.gen_num_values[1]	24	40	4	1	1	1	1	2	1385574	1385141	1,0,0,0,0,0,0,0,0,0,0,0,0,0,0,0,0,0,0,0,0,0,0,0,0,0,0,0,0,0,0,0,0,0,0,0,0,0,0,0	0,0,0,0,0,0,0,0,0,0,0,0,0,0,0,0,0,0,0,0,1,0,0,0,0,0,0,0,0,0,0,0,1,0,0,0,0,0,0,0	2	1	1	1	1	2	1385574	1385141	1,0,0,0,0,0,0,0,0,0,0,0,0,0,0,0,0,0,0,0,0,0,0,0,0,0,0,0,0,0,0,0,0,0,0,0,0,0,0,0	0,0,0,0,0,0,0,0,0,0,0,0,0,0,0,0,0,0,0,0,1,0,0,0,0,0,0,0,0,0,0,0,1,0,0,0,0,0,0,0
tb.dut.clusters[0].cluster.sockets[0].socket.cores[0].core.execute.fpu_unit.genblk1[0].fpu_fpnew.genblk3[2].fpnew_core.gen_operation_groups[2].i_opgroup_block.gen_parallel_slices[0].active_format.i_fmt_slice.gen_num_lanes[0].active_lane.lane_instance.i_noncomp.sign_injections	23	2	0	0	0	0	0	1	1385575	1385575	0,0,0,0,0,0,0,0,0,0,0,0,0,0,0,0,0,0,0,0,0,0,0,0,0,0,0,0,0,0,0,0,0,0,0,0,0,0,0,0	0,0,0,0,0,0,0,0,0,0,0,0,0,0,0,0,0,0,0,0,0,0,0,0,0,0,0,0,0,0,0,0,1,0,0,0,0,0,0,0	2	0	0	0	0	1	1385575	1385575	0,0,0,0,0,0,0,0,0,0,0,0,0,0,0,0,0,0,0,0,0,0,0,0,0,0,0,0,0,0,0,0,0,0,0,0,0,0,0,0	0,0,0,0,0,0,0,0,0,0,0,0,0,0,0,0,0,0,0,0,0,0,0,0,0,0,0,0,0,0,0,0,1,0,0,0,0,0,0,0
tb.dut.clusters[0].cluster.sockets[0].socket.cores[0].core.execute.fpu_unit.genblk1[0].fpu_fpnew.genblk3[2].fpnew_core.gen_operation_groups[2].i_opgroup_block.gen_parallel_slices[1]	16	2	0	0	0	0	0	1	1385575	1385575	0,0,0,0,0,0,0,0,0,0,0,0,0,0,0,0,0,0,0,0,0,0,0,0,0,0,0,0,0,0,0,0,0,0,0,0,0,0,0,0	0,0,0,0,0,0,0,0,0,0,0,0,0,0,0,0,0,0,0,0,0,0,0,0,0,0,0,0,0,0,0,0,1,0,0,0,0,0,0,0	2	0	0	0	0	1	1385575	1385575	0,0,0,0,0,0,0,0,0,0,0,0,0,0,0,0,0,0,0,0,0,0,0,0,0,0,0,0,0,0,0,0,0,0,0,0,0,0,0,0	0,0,0,0,0,0,0,0,0,0,0,0,0,0,0,0,0,0,0,0,0,0,0,0,0,0,0,0,0,0,0,0,1,0,0,0,0,0,0,0
tb.dut.clusters[0].cluster.sockets[0].socket.cores[0].core.execute.fpu_unit.genblk1[0].fpu_fpnew.genblk3[2].fpnew_core.gen_operation_groups[2].i_opgroup_block.gen_parallel_slices[2]	16	2	0	0	0	0	0	1	1385575	1385575	0,0,0,0,0,0,0,0,0,0,0,0,0,0,0,0,0,0,0,0,0,0,0,0,0,0,0,0,0,0,0,0,0,0,0,0,0,0,0,0	0,0,0,0,0,0,0,0,0,0,0,0,0,0,0,0,0,0,0,0,0,0,0,0,0,0,0,0,0,0,0,0,1,0,0,0,0,0,0,0	2	0	0	0	0	1	1385575	1385575	0,0,0,0,0,0,0,0,0,0,0,0,0,0,0,0,0,0,0,0,0,0,0,0,0,0,0,0,0,0,0,0,0,0,0,0,0,0,0,0	0,0,0,0,0,0,0,0,0,0,0,0,0,0,0,0,0,0,0,0,0,0,0,0,0,0,0,0,0,0,0,0,1,0,0,0,0,0,0,0
tb.dut.clusters[0].cluster.sockets[0].socket.cores[0].core.execute.fpu_unit.genblk1[0].fpu_fpnew.genblk3[2].fpnew_core.gen_operation_groups[2].i_opgroup_block.gen_parallel_slices[3]	16	2	0	0	0	0	0	1	1385575	1385575	0,0,0,0,0,0,0,0,0,0,0,0,0,0,0,0,0,0,0,0,0,0,0,0,0,0,0,0,0,0,0,0,0,0,0,0,0,0,0,0	0,0,0,0,0,0,0,0,0,0,0,0,0,0,0,0,0,0,0,0,0,0,0,0,0,0,0,0,0,0,0,0,1,0,0,0,0,0,0,0	2	0	0	0	0	1	1385575	1385575	0,0,0,0,0,0,0,0,0,0,0,0,0,0,0,0,0,0,0,0,0,0,0,0,0,0,0,0,0,0,0,0,0,0,0,0,0,0,0,0	0,0,0,0,0,0,0,0,0,0,0,0,0,0,0,0,0,0,0,0,0,0,0,0,0,0,0,0,0,0,0,0,1,0,0,0,0,0,0,0
tb.dut.clusters[0].cluster.sockets[0].socket.cores[0].core.execute.fpu_unit.genblk1[0].fpu_fpnew.genblk3[2].fpnew_core.gen_operation_groups[2].i_opgroup_block.gen_parallel_slices[4]	16	2	0	0	0	0	0	1	1385575	1385575	0,0,0,0,0,0,0,0,0,0,0,0,0,0,0,0,0,0,0,0,0,0,0,0,0,0,0,0,0,0,0,0,0,0,0,0,0,0,0,0	0,0,0,0,0,0,0,0,0,0,0,0,0,0,0,0,0,0,0,0,0,0,0,0,0,0,0,0,0,0,0,0,1,0,0,0,0,0,0,0	2	0	0	0	0	1	1385575	1385575	0,0,0,0,0,0,0,0,0,0,0,0,0,0,0,0,0,0,0,0,0,0,0,0,0,0,0,0,0,0,0,0,0,0,0,0,0,0,0,0	0,0,0,0,0,0,0,0,0,0,0,0,0,0,0,0,0,0,0,0,0,0,0,0,0,0,0,0,0,0,0,0,1,0,0,0,0,0,0,0
tb.dut.clusters[0].cluster.sockets[0].socket.cores[0].core.execute.fpu_unit.genblk1[0].fpu_fpnew.genblk3[2].fpnew_core.gen_operation_groups[2].i_opgroup_block.i_arbiter	16	1510	2172	18	4	18	8	5	1385557	1385119	2,0,0,0,0,0,0,2,0,0,0,0,0,0,0,0,0,0,0,0,0,0,0,0,0,0,0,0,0,0,0,0,0,0,0,0,0,0,0,0	0,0,1,0,0,1,0,0,0,0,0,0,0,0,0,0,1,0,0,0,1,0,0,0,0,0,0,0,0,0,0,0,1,0,0,0,0,0,0,0	8	16	2	16	8	3	1385559	1385119	0,0,0,0,0,0,0,2,0,0,0,0,0,0,0,0,0,0,0,0,0,0,0,0,0,0,0,0,0,0,0,0,0,0,0,0,0,0,0,0	0,0,0,0,0,1,0,0,0,0,0,0,0,0,0,0,0,0,0,0,1,0,0,0,0,0,0,0,0,0,0,0,1,0,0,0,0,0,0,0
tb.dut.clusters[0].cluster.sockets[0].socket.cores[0].core.execute.fpu_unit.genblk1[0].fpu_fpnew.genblk3[2].fpnew_core.gen_operation_groups[2].i_opgroup_block.i_arbiter.gen_arbiter	17	1150	1544	16	2	16	8	3	1385559	1385119	0,0,0,0,0,0,0,2,0,0,0,0,0,0,0,0,0,0,0,0,0,0,0,0,0,0,0,0,0,0,0,0,0,0,0,0,0,0,0,0	0,0,0,0,0,1,0,0,0,0,0,0,0,0,0,0,0,0,0,0,1,0,0,0,0,0,0,0,0,0,0,0,1,0,0,0,0,0,0,0	6	16	2	16	8	3	1385559	1385119	0,0,0,0,0,0,0,2,0,0,0,0,0,0,0,0,0,0,0,0,0,0,0,0,0,0,0,0,0,0,0,0,0,0,0,0,0,0,0,0	0,0,0,0,0,1,0,0,0,0,0,0,0,0,0,0,0,0,0,0,1,0,0,0,0,0,0,0,0,0,0,0,1,0,0,0,0,0,0,0
tb.dut.clusters[0].cluster.sockets[0].socket.cores[0].core.execute.fpu_unit.genblk1[0].fpu_fpnew.genblk3[2].fpnew_core.gen_operation_groups[2].i_opgroup_block.i_arbiter.gen_arbiter.gen_int_rr	18	340	160	16	2	16	8	3	1385559	1385119	0,0,0,0,0,0,0,2,0,0,0,0,0,0,0,0,0,0,0,0,0,0,0,0,0,0,0,0,0,0,0,0,0,0,0,0,0,0,0,0	0,0,0,0,0,1,0,0,0,0,0,0,0,0,0,0,0,0,0,0,1,0,0,0,0,0,0,0,0,0,0,0,1,0,0,0,0,0,0,0	2	16	2	16	8	3	1385559	1385119	0,0,0,0,0,0,0,2,0,0,0,0,0,0,0,0,0,0,0,0,0,0,0,0,0,0,0,0,0,0,0,0,0,0,0,0,0,0,0,0	0,0,0,0,0,1,0,0,0,0,0,0,0,0,0,0,0,0,0,0,1,0,0,0,0,0,0,0,0,0,0,0,1,0,0,0,0,0,0,0
tb.dut.clusters[0].cluster.sockets[0].socket.cores[0].core.execute.fpu_unit.genblk1[0].fpu_fpnew.genblk3[2].fpnew_core.gen_operation_groups[2].i_opgroup_block.i_arbiter.gen_arbiter.gen_int_rr.gen_fair_arb	19	337	160	16	2	16	8	3	1385559	1385119	0,0,0,0,0,0,0,2,0,0,0,0,0,0,0,0,0,0,0,0,0,0,0,0,0,0,0,0,0,0,0,0,0,0,0,0,0,0,0,0	0,0,0,0,0,1,0,0,0,0,0,0,0,0,0,0,0,0,0,0,1,0,0,0,0,0,0,0,0,0,0,0,1,0,0,0,0,0,0,0	2	16	2	16	8	3	1385559	1385119	0,0,0,0,0,0,0,2,0,0,0,0,0,0,0,0,0,0,0,0,0,0,0,0,0,0,0,0,0,0,0,0,0,0,0,0,0,0,0,0	0,0,0,0,0,1,0,0,0,0,0,0,0,0,0,0,0,0,0,0,1,0,0,0,0,0,0,0,0,0,0,0,1,0,0,0,0,0,0,0
tb.dut.clusters[0].cluster.sockets[0].socket.cores[0].core.execute.fpu_unit.genblk1[0].fpu_fpnew.genblk3[2].fpnew_core.gen_operation_groups[2].i_opgroup_block.i_arbiter.gen_arbiter.gen_int_rr.gen_fair_arb.i_lzc_lower	20	158	144	16	2	16	8	3	1385559	1385119	0,0,0,0,0,0,0,2,0,0,0,0,0,0,0,0,0,0,0,0,0,0,0,0,0,0,0,0,0,0,0,0,0,0,0,0,0,0,0,0	0,0,0,0,0,1,0,0,0,0,0,0,0,0,0,0,0,0,0,0,1,0,0,0,0,0,0,0,0,0,0,0,1,0,0,0,0,0,0,0	2	16	2	16	8	3	1385559	1385119	0,0,0,0,0,0,0,2,0,0,0,0,0,0,0,0,0,0,0,0,0,0,0,0,0,0,0,0,0,0,0,0,0,0,0,0,0,0,0,0	0,0,0,0,0,1,0,0,0,0,0,0,0,0,0,0,0,0,0,0,1,0,0,0,0,0,0,0,0,0,0,0,1,0,0,0,0,0,0,0
tb.dut.clusters[0].cluster.sockets[0].socket.cores[0].core.execute.fpu_unit.genblk1[0].fpu_fpnew.genblk3[2].fpnew_core.gen_operation_groups[2].i_opgroup_block.i_arbiter.gen_arbiter.gen_int_rr.gen_fair_arb.i_lzc_lower.gen_lzc	21	84	112	16	2	16	8	3	1385559	1385119	0,0,0,0,0,0,0,2,0,0,0,0,0,0,0,0,0,0,0,0,0,0,0,0,0,0,0,0,0,0,0,0,0,0,0,0,0,0,0,0	0,0,0,0,0,1,0,0,0,0,0,0,0,0,0,0,0,0,0,0,1,0,0,0,0,0,0,0,0,0,0,0,1,0,0,0,0,0,0,0	2	16	2	16	8	3	1385559	1385119	0,0,0,0,0,0,0,2,0,0,0,0,0,0,0,0,0,0,0,0,0,0,0,0,0,0,0,0,0,0,0,0,0,0,0,0,0,0,0,0	0,0,0,0,0,1,0,0,0,0,0,0,0,0,0,0,0,0,0,0,1,0,0,0,0,0,0,0,0,0,0,0,1,0,0,0,0,0,0,0
tb.dut.clusters[0].cluster.sockets[0].socket.cores[0].core.execute.fpu_unit.genblk1[0].fpu_fpnew.genblk3[2].fpnew_core.gen_operation_groups[2].i_opgroup_block.i_arbiter.gen_arbiter.gen_int_rr.gen_fair_arb.i_lzc_upper	20	158	0	0	0	0	0	1	1385575	1385575	0,0,0,0,0,0,0,0,0,0,0,0,0,0,0,0,0,0,0,0,0,0,0,0,0,0,0,0,0,0,0,0,0,0,0,0,0,0,0,0	0,0,0,0,0,0,0,0,0,0,0,0,0,0,0,0,0,0,0,0,0,0,0,0,0,0,0,0,0,0,0,0,1,0,0,0,0,0,0,0	2	0	0	0	0	1	1385575	1385575	0,0,0,0,0,0,0,0,0,0,0,0,0,0,0,0,0,0,0,0,0,0,0,0,0,0,0,0,0,0,0,0,0,0,0,0,0,0,0,0	0,0,0,0,0,0,0,0,0,0,0,0,0,0,0,0,0,0,0,0,0,0,0,0,0,0,0,0,0,0,0,0,1,0,0,0,0,0,0,0
tb.dut.clusters[0].cluster.sockets[0].socket.cores[0].core.execute.fpu_unit.genblk1[0].fpu_fpnew.genblk3[2].fpnew_core.gen_operation_groups[2].i_opgroup_block.i_arbiter.gen_arbiter.gen_int_rr.gen_fair_arb.i_lzc_upper.gen_lzc	21	84	0	0	0	0	0	1	1385575	1385575	0,0,0,0,0,0,0,0,0,0,0,0,0,0,0,0,0,0,0,0,0,0,0,0,0,0,0,0,0,0,0,0,0,0,0,0,0,0,0,0	0,0,0,0,0,0,0,0,0,0,0,0,0,0,0,0,0,0,0,0,0,0,0,0,0,0,0,0,0,0,0,0,1,0,0,0,0,0,0,0	2	0	0	0	0	1	1385575	1385575	0,0,0,0,0,0,0,0,0,0,0,0,0,0,0,0,0,0,0,0,0,0,0,0,0,0,0,0,0,0,0,0,0,0,0,0,0,0,0,0	0,0,0,0,0,0,0,0,0,0,0,0,0,0,0,0,0,0,0,0,0,0,0,0,0,0,0,0,0,0,0,0,1,0,0,0,0,0,0,0
tb.dut.clusters[0].cluster.sockets[0].socket.cores[0].core.execute.fpu_unit.genblk1[0].fpu_fpnew.genblk3[2].fpnew_core.gen_operation_groups[2].i_opgroup_block.i_arbiter.gen_arbiter.gen_levels[0]	18	65	16	16	2	16	8	3	1385559	1385119	0,0,0,0,0,0,0,2,0,0,0,0,0,0,0,0,0,0,0,0,0,0,0,0,0,0,0,0,0,0,0,0,0,0,0,0,0,0,0,0	0,0,0,0,0,1,0,0,0,0,0,0,0,0,0,0,0,0,0,0,1,0,0,0,0,0,0,0,0,0,0,0,1,0,0,0,0,0,0,0	2	0	0	0	0	1	1385575	1385575	0,0,0,0,0,0,0,0,0,0,0,0,0,0,0,0,0,0,0,0,0,0,0,0,0,0,0,0,0,0,0,0,0,0,0,0,0,0,0,0	0,0,0,0,0,0,0,0,0,0,0,0,0,0,0,0,0,0,0,0,0,0,0,0,0,0,0,0,0,0,0,0,1,0,0,0,0,0,0,0
tb.dut.clusters[0].cluster.sockets[0].socket.cores[0].core.execute.fpu_unit.genblk1[0].fpu_fpnew.genblk3[2].fpnew_core.gen_operation_groups[2].i_opgroup_block.i_arbiter.gen_arbiter.gen_levels[0].gen_level[0]	19	65	16	16	2	16	8	3	1385559	1385119	0,0,0,0,0,0,0,2,0,0,0,0,0,0,0,0,0,0,0,0,0,0,0,0,0,0,0,0,0,0,0,0,0,0,0,0,0,0,0,0	0,0,0,0,0,1,0,0,0,0,0,0,0,0,0,0,0,0,0,0,1,0,0,0,0,0,0,0,0,0,0,0,1,0,0,0,0,0,0,0	2	0	0	0	0	1	1385575	1385575	0,0,0,0,0,0,0,0,0,0,0,0,0,0,0,0,0,0,0,0,0,0,0,0,0,0,0,0,0,0,0,0,0,0,0,0,0,0,0,0	0,0,0,0,0,0,0,0,0,0,0,0,0,0,0,0,0,0,0,0,0,0,0,0,0,0,0,0,0,0,0,0,1,0,0,0,0,0,0,0
tb.dut.clusters[0].cluster.sockets[0].socket.cores[0].core.execute.fpu_unit.genblk1[0].fpu_fpnew.genblk3[2].fpnew_core.gen_operation_groups[2].i_opgroup_block.i_arbiter.gen_arbiter.gen_levels[1]	18	130	16	16	2	16	8	3	1385559	1385119	0,0,0,0,0,0,0,2,0,0,0,0,0,0,0,0,0,0,0,0,0,0,0,0,0,0,0,0,0,0,0,0,0,0,0,0,0,0,0,0	0,0,0,0,0,1,0,0,0,0,0,0,0,0,0,0,0,0,0,0,1,0,0,0,0,0,0,0,0,0,0,0,1,0,0,0,0,0,0,0	2	0	0	0	0	1	1385575	1385575	0,0,0,0,0,0,0,0,0,0,0,0,0,0,0,0,0,0,0,0,0,0,0,0,0,0,0,0,0,0,0,0,0,0,0,0,0,0,0,0	0,0,0,0,0,0,0,0,0,0,0,0,0,0,0,0,0,0,0,0,0,0,0,0,0,0,0,0,0,0,0,0,1,0,0,0,0,0,0,0
tb.dut.clusters[0].cluster.sockets[0].socket.cores[0].core.execute.fpu_unit.genblk1[0].fpu_fpnew.genblk3[2].fpnew_core.gen_operation_groups[2].i_opgroup_block.i_arbiter.gen_arbiter.gen_levels[1].gen_level[0]	19	65	16	16	2	16	8	3	1385559	1385119	0,0,0,0,0,0,0,2,0,0,0,0,0,0,0,0,0,0,0,0,0,0,0,0,0,0,0,0,0,0,0,0,0,0,0,0,0,0,0,0	0,0,0,0,0,1,0,0,0,0,0,0,0,0,0,0,0,0,0,0,1,0,0,0,0,0,0,0,0,0,0,0,1,0,0,0,0,0,0,0	2	0	0	0	0	1	1385575	1385575	0,0,0,0,0,0,0,0,0,0,0,0,0,0,0,0,0,0,0,0,0,0,0,0,0,0,0,0,0,0,0,0,0,0,0,0,0,0,0,0	0,0,0,0,0,0,0,0,0,0,0,0,0,0,0,0,0,0,0,0,0,0,0,0,0,0,0,0,0,0,0,0,1,0,0,0,0,0,0,0
tb.dut.clusters[0].cluster.sockets[0].socket.cores[0].core.execute.fpu_unit.genblk1[0].fpu_fpnew.genblk3[2].fpnew_core.gen_operation_groups[2].i_opgroup_block.i_arbiter.gen_arbiter.gen_levels[1].gen_level[1]	19	65	0	0	0	0	0	1	1385575	1385575	0,0,0,0,0,0,0,0,0,0,0,0,0,0,0,0,0,0,0,0,0,0,0,0,0,0,0,0,0,0,0,0,0,0,0,0,0,0,0,0	0,0,0,0,0,0,0,0,0,0,0,0,0,0,0,0,0,0,0,0,0,0,0,0,0,0,0,0,0,0,0,0,1,0,0,0,0,0,0,0	2	0	0	0	0	1	1385575	1385575	0,0,0,0,0,0,0,0,0,0,0,0,0,0,0,0,0,0,0,0,0,0,0,0,0,0,0,0,0,0,0,0,0,0,0,0,0,0,0,0	0,0,0,0,0,0,0,0,0,0,0,0,0,0,0,0,0,0,0,0,0,0,0,0,0,0,0,0,0,0,0,0,1,0,0,0,0,0,0,0
tb.dut.clusters[0].cluster.sockets[0].socket.cores[0].core.execute.fpu_unit.genblk1[0].fpu_fpnew.genblk3[2].fpnew_core.gen_operation_groups[2].i_opgroup_block.i_arbiter.gen_arbiter.gen_levels[2]	18	260	16	16	2	16	8	3	1385559	1385119	0,0,0,0,0,0,0,2,0,0,0,0,0,0,0,0,0,0,0,0,0,0,0,0,0,0,0,0,0,0,0,0,0,0,0,0,0,0,0,0	0,0,0,0,0,1,0,0,0,0,0,0,0,0,0,0,0,0,0,0,1,0,0,0,0,0,0,0,0,0,0,0,1,0,0,0,0,0,0,0	2	0	0	0	0	1	1385575	1385575	0,0,0,0,0,0,0,0,0,0,0,0,0,0,0,0,0,0,0,0,0,0,0,0,0,0,0,0,0,0,0,0,0,0,0,0,0,0,0,0	0,0,0,0,0,0,0,0,0,0,0,0,0,0,0,0,0,0,0,0,0,0,0,0,0,0,0,0,0,0,0,0,1,0,0,0,0,0,0,0
tb.dut.clusters[0].cluster.sockets[0].socket.cores[0].core.execute.fpu_unit.genblk1[0].fpu_fpnew.genblk3[2].fpnew_core.gen_operation_groups[2].i_opgroup_block.i_arbiter.gen_arbiter.gen_levels[2].gen_level[0]	19	65	16	16	2	16	8	3	1385559	1385119	0,0,0,0,0,0,0,2,0,0,0,0,0,0,0,0,0,0,0,0,0,0,0,0,0,0,0,0,0,0,0,0,0,0,0,0,0,0,0,0	0,0,0,0,0,1,0,0,0,0,0,0,0,0,0,0,0,0,0,0,1,0,0,0,0,0,0,0,0,0,0,0,1,0,0,0,0,0,0,0	2	0	0	0	0	1	1385575	1385575	0,0,0,0,0,0,0,0,0,0,0,0,0,0,0,0,0,0,0,0,0,0,0,0,0,0,0,0,0,0,0,0,0,0,0,0,0,0,0,0	0,0,0,0,0,0,0,0,0,0,0,0,0,0,0,0,0,0,0,0,0,0,0,0,0,0,0,0,0,0,0,0,1,0,0,0,0,0,0,0
tb.dut.clusters[0].cluster.sockets[0].socket.cores[0].core.execute.fpu_unit.genblk1[0].fpu_fpnew.genblk3[2].fpnew_core.gen_operation_groups[2].i_opgroup_block.i_arbiter.gen_arbiter.gen_levels[2].gen_level[1]	19	65	0	0	0	0	0	1	1385575	1385575	0,0,0,0,0,0,0,0,0,0,0,0,0,0,0,0,0,0,0,0,0,0,0,0,0,0,0,0,0,0,0,0,0,0,0,0,0,0,0,0	0,0,0,0,0,0,0,0,0,0,0,0,0,0,0,0,0,0,0,0,0,0,0,0,0,0,0,0,0,0,0,0,1,0,0,0,0,0,0,0	2	0	0	0	0	1	1385575	1385575	0,0,0,0,0,0,0,0,0,0,0,0,0,0,0,0,0,0,0,0,0,0,0,0,0,0,0,0,0,0,0,0,0,0,0,0,0,0,0,0	0,0,0,0,0,0,0,0,0,0,0,0,0,0,0,0,0,0,0,0,0,0,0,0,0,0,0,0,0,0,0,0,1,0,0,0,0,0,0,0
tb.dut.clusters[0].cluster.sockets[0].socket.cores[0].core.execute.fpu_unit.genblk1[0].fpu_fpnew.genblk3[2].fpnew_core.gen_operation_groups[2].i_opgroup_block.i_arbiter.gen_arbiter.gen_levels[2].gen_level[2]	19	65	0	0	0	0	0	1	1385575	1385575	0,0,0,0,0,0,0,0,0,0,0,0,0,0,0,0,0,0,0,0,0,0,0,0,0,0,0,0,0,0,0,0,0,0,0,0,0,0,0,0	0,0,0,0,0,0,0,0,0,0,0,0,0,0,0,0,0,0,0,0,0,0,0,0,0,0,0,0,0,0,0,0,1,0,0,0,0,0,0,0	2	0	0	0	0	1	1385575	1385575	0,0,0,0,0,0,0,0,0,0,0,0,0,0,0,0,0,0,0,0,0,0,0,0,0,0,0,0,0,0,0,0,0,0,0,0,0,0,0,0	0,0,0,0,0,0,0,0,0,0,0,0,0,0,0,0,0,0,0,0,0,0,0,0,0,0,0,0,0,0,0,0,1,0,0,0,0,0,0,0
tb.dut.clusters[0].cluster.sockets[0].socket.cores[0].core.execute.fpu_unit.genblk1[0].fpu_fpnew.genblk3[2].fpnew_core.gen_operation_groups[2].i_opgroup_block.i_arbiter.gen_arbiter.gen_levels[2].gen_level[3]	19	65	0	0	0	0	0	1	1385575	1385575	0,0,0,0,0,0,0,0,0,0,0,0,0,0,0,0,0,0,0,0,0,0,0,0,0,0,0,0,0,0,0,0,0,0,0,0,0,0,0,0	0,0,0,0,0,0,0,0,0,0,0,0,0,0,0,0,0,0,0,0,0,0,0,0,0,0,0,0,0,0,0,0,1,0,0,0,0,0,0,0	2	0	0	0	0	1	1385575	1385575	0,0,0,0,0,0,0,0,0,0,0,0,0,0,0,0,0,0,0,0,0,0,0,0,0,0,0,0,0,0,0,0,0,0,0,0,0,0,0,0	0,0,0,0,0,0,0,0,0,0,0,0,0,0,0,0,0,0,0,0,0,0,0,0,0,0,0,0,0,0,0,0,1,0,0,0,0,0,0,0
tb.dut.clusters[0].cluster.sockets[0].socket.cores[0].core.execute.fpu_unit.genblk1[0].fpu_fpnew.genblk3[2].fpnew_core.gen_operation_groups[3]	14	11074	8444659	344311	147476	344311	47	147477	1041264	8601	49153,49153,0,49154,1,6,0,0,0,2,0,0,0,0,0,0,6,1,0,0,0,0,0,0,0,0,0,0,0,0,0,0,0,0,0,0,0,0,0,0	49164,4,1,1,0,49150,0,1,0,0,0,1,0,49148,1,2,2,0,0,0,1,0,0,0,0,1,0,0,0,0,0,0,0,0,0,0,0,0,0,0	56	80643	80533	80643	10	80534	1304932	8655	80507,1,14,2,0,1,0,1,0,7,0,0,0,0,0,0,0,0,0,0,0,0,0,0,0,0,0,0,0,0,0,0,0,0,0,0,0,0,0,0	23,1,0,0,0,0,0,0,32850,1,0,0,0,0,1,0,45152,2421,81,2,1,0,0,0,0,1,0,0,0,0,0,0,0,0,0,0,0,0,0,0
tb.dut.clusters[0].cluster.sockets[0].socket.cores[0].core.execute.fpu_unit.genblk1[0].fpu_fpnew.genblk3[2].fpnew_core.gen_operation_groups[3].i_opgroup_block	15	11026	8444595	344311	147476	344311	47	147477	1041264	8601	49153,49153,0,49154,1,6,0,0,0,2,0,0,0,0,0,0,6,1,0,0,0,0,0,0,0,0,0,0,0,0,0,0,0,0,0,0,0,0,0,0	49164,4,1,1,0,49150,0,1,0,0,0,1,0,49148,1,2,2,0,0,0,1,0,0,0,0,1,0,0,0,0,0,0,0,0,0,0,0,0,0,0	56	80643	80533	80643	10	80534	1304932	8655	80507,1,14,2,0,1,0,1,0,7,0,0,0,0,0,0,0,0,0,0,0,0,0,0,0,0,0,0,0,0,0,0,0,0,0,0,0,0,0,0	23,1,0,0,0,0,0,0,32850,1,0,0,0,0,1,0,45152,2421,81,2,1,0,0,0,0,1,0,0,0,0,0,0,0,0,0,0,0,0,0,0
tb.dut.clusters[0].cluster.sockets[0].socket.cores[0].core.execute.fpu_unit.genblk1[0].fpu_fpnew.genblk3[2].fpnew_core.gen_operation_groups[3].i_opgroup_block.gen_merged_slice	16	8723	5939902	147673	98341	147673	20	98342	1237902	8627	49155,49168,8,0,2,0,0,0,0,0,0,0,0,0,0,0,8,0,0,0,0,0,0,0,0,0,0,0,0,0,0,0,0,0,0,0,0,0,0,0	27,4,1,3,2,0,0,1,49148,0,1,0,0,1,0,49148,4,0,0,0,1,0,0,0,0,1,0,0,0,0,0,0,0,0,0,0,0,0,0,0	44	84574	84464	84574	10	84465	1301001	8655	84438,1,14,2,0,1,0,1,0,7,0,0,0,0,0,0,0,0,0,0,0,0,0,0,0,0,0,0,0,0,0,0,0,0,0,0,0,0,0,0	23,1,0,0,0,0,0,0,36191,1,0,0,0,0,1,0,46726,1481,37,2,1,0,0,0,0,1,0,0,0,0,0,0,0,0,0,0,0,0,0,0
tb.dut.clusters[0].cluster.sockets[0].socket.cores[0].core.execute.fpu_unit.genblk1[0].fpu_fpnew.genblk3[2].fpnew_core.gen_operation_groups[3].i_opgroup_block.gen_merged_slice.i_multifmt_slice	17	8687	5939838	147673	98341	147673	20	98342	1237902	8627	49155,49168,8,0,2,0,0,0,0,0,0,0,0,0,0,0,8,0,0,0,0,0,0,0,0,0,0,0,0,0,0,0,0,0,0,0,0,0,0,0	27,4,1,3,2,0,0,1,49148,0,1,0,0,1,0,49148,4,0,0,0,1,0,0,0,0,1,0,0,0,0,0,0,0,0,0,0,0,0,0,0	44	84574	84464	84574	10	84465	1301001	8655	84438,1,14,2,0,1,0,1,0,7,0,0,0,0,0,0,0,0,0,0,0,0,0,0,0,0,0,0,0,0,0,0,0,0,0,0,0,0,0,0	23,1,0,0,0,0,0,0,36191,1,0,0,0,0,1,0,46726,1481,37,2,1,0,0,0,0,1,0,0,0,0,0,0,0,0,0,0,0,0,0,0
tb.dut.clusters[0].cluster.sockets[0].socket.cores[0].core.execute.fpu_unit.genblk1[0].fpu_fpnew.genblk3[2].fpnew_core.gen_operation_groups[3].i_opgroup_block.gen_merged_slice.i_multifmt_slice.extend_fp_result[0]	18	32	0	0	0	0	0	1	1385575	1385575	0,0,0,0,0,0,0,0,0,0,0,0,0,0,0,0,0,0,0,0,0,0,0,0,0,0,0,0,0,0,0,0,0,0,0,0,0,0,0,0	0,0,0,0,0,0,0,0,0,0,0,0,0,0,0,0,0,0,0,0,0,0,0,0,0,0,0,0,0,0,0,0,1,0,0,0,0,0,0,0	2	0	0	0	0	1	1385575	1385575	0,0,0,0,0,0,0,0,0,0,0,0,0,0,0,0,0,0,0,0,0,0,0,0,0,0,0,0,0,0,0,0,0,0,0,0,0,0,0,0	0,0,0,0,0,0,0,0,0,0,0,0,0,0,0,0,0,0,0,0,0,0,0,0,0,0,0,0,0,0,0,0,1,0,0,0,0,0,0,0
tb.dut.clusters[0].cluster.sockets[0].socket.cores[0].core.execute.fpu_unit.genblk1[0].fpu_fpnew.genblk3[2].fpnew_core.gen_operation_groups[3].i_opgroup_block.gen_merged_slice.i_multifmt_slice.extend_fp_result[1]	18	32	0	0	0	0	0	1	1385575	1385575	0,0,0,0,0,0,0,0,0,0,0,0,0,0,0,0,0,0,0,0,0,0,0,0,0,0,0,0,0,0,0,0,0,0,0,0,0,0,0,0	0,0,0,0,0,0,0,0,0,0,0,0,0,0,0,0,0,0,0,0,0,0,0,0,0,0,0,0,0,0,0,0,1,0,0,0,0,0,0,0	2	0	0	0	0	1	1385575	1385575	0,0,0,0,0,0,0,0,0,0,0,0,0,0,0,0,0,0,0,0,0,0,0,0,0,0,0,0,0,0,0,0,0,0,0,0,0,0,0,0	0,0,0,0,0,0,0,0,0,0,0,0,0,0,0,0,0,0,0,0,0,0,0,0,0,0,0,0,0,0,0,0,1,0,0,0,0,0,0,0
tb.dut.clusters[0].cluster.sockets[0].socket.cores[0].core.execute.fpu_unit.genblk1[0].fpu_fpnew.genblk3[2].fpnew_core.gen_operation_groups[3].i_opgroup_block.gen_merged_slice.i_multifmt_slice.extend_fp_result[2]	18	32	0	0	0	0	0	1	1385575	1385575	0,0,0,0,0,0,0,0,0,0,0,0,0,0,0,0,0,0,0,0,0,0,0,0,0,0,0,0,0,0,0,0,0,0,0,0,0,0,0,0	0,0,0,0,0,0,0,0,0,0,0,0,0,0,0,0,0,0,0,0,0,0,0,0,0,0,0,0,0,0,0,0,1,0,0,0,0,0,0,0	2	0	0	0	0	1	1385575	1385575	0,0,0,0,0,0,0,0,0,0,0,0,0,0,0,0,0,0,0,0,0,0,0,0,0,0,0,0,0,0,0,0,0,0,0,0,0,0,0,0	0,0,0,0,0,0,0,0,0,0,0,0,0,0,0,0,0,0,0,0,0,0,0,0,0,0,0,0,0,0,0,0,1,0,0,0,0,0,0,0
tb.dut.clusters[0].cluster.sockets[0].socket.cores[0].core.execute.fpu_unit.genblk1[0].fpu_fpnew.genblk3[2].fpnew_core.gen_operation_groups[3].i_opgroup_block.gen_merged_slice.i_multifmt_slice.extend_fp_result[3]	18	32	0	0	0	0	0	1	1385575	1385575	0,0,0,0,0,0,0,0,0,0,0,0,0,0,0,0,0,0,0,0,0,0,0,0,0,0,0,0,0,0,0,0,0,0,0,0,0,0,0,0	0,0,0,0,0,0,0,0,0,0,0,0,0,0,0,0,0,0,0,0,0,0,0,0,0,0,0,0,0,0,0,0,1,0,0,0,0,0,0,0	2	0	0	0	0	1	1385575	1385575	0,0,0,0,0,0,0,0,0,0,0,0,0,0,0,0,0,0,0,0,0,0,0,0,0,0,0,0,0,0,0,0,0,0,0,0,0,0,0,0	0,0,0,0,0,0,0,0,0,0,0,0,0,0,0,0,0,0,0,0,0,0,0,0,0,0,0,0,0,0,0,0,1,0,0,0,0,0,0,0
tb.dut.clusters[0].cluster.sockets[0].socket.cores[0].core.execute.fpu_unit.genblk1[0].fpu_fpnew.genblk3[2].fpnew_core.gen_operation_groups[3].i_opgroup_block.gen_merged_slice.i_multifmt_slice.extend_fp_result[4]	18	32	0	0	0	0	0	1	1385575	1385575	0,0,0,0,0,0,0,0,0,0,0,0,0,0,0,0,0,0,0,0,0,0,0,0,0,0,0,0,0,0,0,0,0,0,0,0,0,0,0,0	0,0,0,0,0,0,0,0,0,0,0,0,0,0,0,0,0,0,0,0,0,0,0,0,0,0,0,0,0,0,0,0,1,0,0,0,0,0,0,0	2	0	0	0	0	1	1385575	1385575	0,0,0,0,0,0,0,0,0,0,0,0,0,0,0,0,0,0,0,0,0,0,0,0,0,0,0,0,0,0,0,0,0,0,0,0,0,0,0,0	0,0,0,0,0,0,0,0,0,0,0,0,0,0,0,0,0,0,0,0,0,0,0,0,0,0,0,0,0,0,0,0,1,0,0,0,0,0,0,0
tb.dut.clusters[0].cluster.sockets[0].socket.cores[0].core.execute.fpu_unit.genblk1[0].fpu_fpnew.genblk3[2].fpnew_core.gen_operation_groups[3].i_opgroup_block.gen_merged_slice.i_multifmt_slice.extend_or_mute_int_result[0]	18	32	0	0	0	0	0	1	1385575	1385575	0,0,0,0,0,0,0,0,0,0,0,0,0,0,0,0,0,0,0,0,0,0,0,0,0,0,0,0,0,0,0,0,0,0,0,0,0,0,0,0	0,0,0,0,0,0,0,0,0,0,0,0,0,0,0,0,0,0,0,0,0,0,0,0,0,0,0,0,0,0,0,0,1,0,0,0,0,0,0,0	2	0	0	0	0	1	1385575	1385575	0,0,0,0,0,0,0,0,0,0,0,0,0,0,0,0,0,0,0,0,0,0,0,0,0,0,0,0,0,0,0,0,0,0,0,0,0,0,0,0	0,0,0,0,0,0,0,0,0,0,0,0,0,0,0,0,0,0,0,0,0,0,0,0,0,0,0,0,0,0,0,0,1,0,0,0,0,0,0,0
tb.dut.clusters[0].cluster.sockets[0].socket.cores[0].core.execute.fpu_unit.genblk1[0].fpu_fpnew.genblk3[2].fpnew_core.gen_operation_groups[3].i_opgroup_block.gen_merged_slice.i_multifmt_slice.extend_or_mute_int_result[0].extend_int_result	19	32	0	0	0	0	0	1	1385575	1385575	0,0,0,0,0,0,0,0,0,0,0,0,0,0,0,0,0,0,0,0,0,0,0,0,0,0,0,0,0,0,0,0,0,0,0,0,0,0,0,0	0,0,0,0,0,0,0,0,0,0,0,0,0,0,0,0,0,0,0,0,0,0,0,0,0,0,0,0,0,0,0,0,1,0,0,0,0,0,0,0	2	0	0	0	0	1	1385575	1385575	0,0,0,0,0,0,0,0,0,0,0,0,0,0,0,0,0,0,0,0,0,0,0,0,0,0,0,0,0,0,0,0,0,0,0,0,0,0,0,0	0,0,0,0,0,0,0,0,0,0,0,0,0,0,0,0,0,0,0,0,0,0,0,0,0,0,0,0,0,0,0,0,1,0,0,0,0,0,0,0
tb.dut.clusters[0].cluster.sockets[0].socket.cores[0].core.execute.fpu_unit.genblk1[0].fpu_fpnew.genblk3[2].fpnew_core.gen_operation_groups[3].i_opgroup_block.gen_merged_slice.i_multifmt_slice.extend_or_mute_int_result[1]	18	32	0	0	0	0	0	1	1385575	1385575	0,0,0,0,0,0,0,0,0,0,0,0,0,0,0,0,0,0,0,0,0,0,0,0,0,0,0,0,0,0,0,0,0,0,0,0,0,0,0,0	0,0,0,0,0,0,0,0,0,0,0,0,0,0,0,0,0,0,0,0,0,0,0,0,0,0,0,0,0,0,0,0,1,0,0,0,0,0,0,0	2	0	0	0	0	1	1385575	1385575	0,0,0,0,0,0,0,0,0,0,0,0,0,0,0,0,0,0,0,0,0,0,0,0,0,0,0,0,0,0,0,0,0,0,0,0,0,0,0,0	0,0,0,0,0,0,0,0,0,0,0,0,0,0,0,0,0,0,0,0,0,0,0,0,0,0,0,0,0,0,0,0,1,0,0,0,0,0,0,0
tb.dut.clusters[0].cluster.sockets[0].socket.cores[0].core.execute.fpu_unit.genblk1[0].fpu_fpnew.genblk3[2].fpnew_core.gen_operation_groups[3].i_opgroup_block.gen_merged_slice.i_multifmt_slice.extend_or_mute_int_result[1].extend_int_result	19	32	0	0	0	0	0	1	1385575	1385575	0,0,0,0,0,0,0,0,0,0,0,0,0,0,0,0,0,0,0,0,0,0,0,0,0,0,0,0,0,0,0,0,0,0,0,0,0,0,0,0	0,0,0,0,0,0,0,0,0,0,0,0,0,0,0,0,0,0,0,0,0,0,0,0,0,0,0,0,0,0,0,0,1,0,0,0,0,0,0,0	2	0	0	0	0	1	1385575	1385575	0,0,0,0,0,0,0,0,0,0,0,0,0,0,0,0,0,0,0,0,0,0,0,0,0,0,0,0,0,0,0,0,0,0,0,0,0,0,0,0	0,0,0,0,0,0,0,0,0,0,0,0,0,0,0,0,0,0,0,0,0,0,0,0,0,0,0,0,0,0,0,0,1,0,0,0,0,0,0,0
tb.dut.clusters[0].cluster.sockets[0].socket.cores[0].core.execute.fpu_unit.genblk1[0].fpu_fpnew.genblk3[2].fpnew_core.gen_operation_groups[3].i_opgroup_block.gen_merged_slice.i_multifmt_slice.extend_or_mute_int_result[2]	18	32	0	0	0	0	0	1	1385575	1385575	0,0,0,0,0,0,0,0,0,0,0,0,0,0,0,0,0,0,0,0,0,0,0,0,0,0,0,0,0,0,0,0,0,0,0,0,0,0,0,0	0,0,0,0,0,0,0,0,0,0,0,0,0,0,0,0,0,0,0,0,0,0,0,0,0,0,0,0,0,0,0,0,1,0,0,0,0,0,0,0	2	0	0	0	0	1	1385575	1385575	0,0,0,0,0,0,0,0,0,0,0,0,0,0,0,0,0,0,0,0,0,0,0,0,0,0,0,0,0,0,0,0,0,0,0,0,0,0,0,0	0,0,0,0,0,0,0,0,0,0,0,0,0,0,0,0,0,0,0,0,0,0,0,0,0,0,0,0,0,0,0,0,1,0,0,0,0,0,0,0
tb.dut.clusters[0].cluster.sockets[0].socket.cores[0].core.execute.fpu_unit.genblk1[0].fpu_fpnew.genblk3[2].fpnew_core.gen_operation_groups[3].i_opgroup_block.gen_merged_slice.i_multifmt_slice.extend_or_mute_int_result[2].extend_int_result	19	32	0	0	0	0	0	1	1385575	1385575	0,0,0,0,0,0,0,0,0,0,0,0,0,0,0,0,0,0,0,0,0,0,0,0,0,0,0,0,0,0,0,0,0,0,0,0,0,0,0,0	0,0,0,0,0,0,0,0,0,0,0,0,0,0,0,0,0,0,0,0,0,0,0,0,0,0,0,0,0,0,0,0,1,0,0,0,0,0,0,0	2	0	0	0	0	1	1385575	1385575	0,0,0,0,0,0,0,0,0,0,0,0,0,0,0,0,0,0,0,0,0,0,0,0,0,0,0,0,0,0,0,0,0,0,0,0,0,0,0,0	0,0,0,0,0,0,0,0,0,0,0,0,0,0,0,0,0,0,0,0,0,0,0,0,0,0,0,0,0,0,0,0,1,0,0,0,0,0,0,0
tb.dut.clusters[0].cluster.sockets[0].socket.cores[0].core.execute.fpu_unit.genblk1[0].fpu_fpnew.genblk3[2].fpnew_core.gen_operation_groups[3].i_opgroup_block.gen_merged_slice.i_multifmt_slice.extend_or_mute_int_result[3]	18	32	0	0	0	0	0	1	1385575	1385575	0,0,0,0,0,0,0,0,0,0,0,0,0,0,0,0,0,0,0,0,0,0,0,0,0,0,0,0,0,0,0,0,0,0,0,0,0,0,0,0	0,0,0,0,0,0,0,0,0,0,0,0,0,0,0,0,0,0,0,0,0,0,0,0,0,0,0,0,0,0,0,0,1,0,0,0,0,0,0,0	2	0	0	0	0	1	1385575	1385575	0,0,0,0,0,0,0,0,0,0,0,0,0,0,0,0,0,0,0,0,0,0,0,0,0,0,0,0,0,0,0,0,0,0,0,0,0,0,0,0	0,0,0,0,0,0,0,0,0,0,0,0,0,0,0,0,0,0,0,0,0,0,0,0,0,0,0,0,0,0,0,0,1,0,0,0,0,0,0,0
tb.dut.clusters[0].cluster.sockets[0].socket.cores[0].core.execute.fpu_unit.genblk1[0].fpu_fpnew.genblk3[2].fpnew_core.gen_operation_groups[3].i_opgroup_block.gen_merged_slice.i_multifmt_slice.extend_or_mute_int_result[3].extend_int_result	19	32	0	0	0	0	0	1	1385575	1385575	0,0,0,0,0,0,0,0,0,0,0,0,0,0,0,0,0,0,0,0,0,0,0,0,0,0,0,0,0,0,0,0,0,0,0,0,0,0,0,0	0,0,0,0,0,0,0,0,0,0,0,0,0,0,0,0,0,0,0,0,0,0,0,0,0,0,0,0,0,0,0,0,1,0,0,0,0,0,0,0	2	0	0	0	0	1	1385575	1385575	0,0,0,0,0,0,0,0,0,0,0,0,0,0,0,0,0,0,0,0,0,0,0,0,0,0,0,0,0,0,0,0,0,0,0,0,0,0,0,0	0,0,0,0,0,0,0,0,0,0,0,0,0,0,0,0,0,0,0,0,0,0,0,0,0,0,0,0,0,0,0,0,1,0,0,0,0,0,0,0
tb.dut.clusters[0].cluster.sockets[0].socket.cores[0].core.execute.fpu_unit.genblk1[0].fpu_fpnew.genblk3[2].fpnew_core.gen_operation_groups[3].i_opgroup_block.gen_merged_slice.i_multifmt_slice.gen_num_lanes[0]	18	7175	4227220	147673	98341	147673	20	98342	1237902	8627	49155,49168,8,0,2,0,0,0,0,0,0,0,0,0,0,0,8,0,0,0,0,0,0,0,0,0,0,0,0,0,0,0,0,0,0,0,0,0,0,0	27,4,1,3,2,0,0,1,49148,0,1,0,0,1,0,49148,4,0,0,0,1,0,0,0,0,1,0,0,0,0,0,0,0,0,0,0,0,0,0,0	36	75122	75024	75122	10	75025	1310453	8655	75001,1,13,1,0,1,0,0,0,7,0,0,0,0,0,0,0,0,0,0,0,0,0,0,0,0,0,0,0,0,0,0,0,0,0,0,0,0,0,0	23,3,1,0,0,0,0,0,28346,1,0,0,0,0,0,0,42646,3799,202,2,1,0,0,0,0,1,0,0,0,0,0,0,0,0,0,0,0,0,0,0
tb.dut.clusters[0].cluster.sockets[0].socket.cores[0].core.execute.fpu_unit.genblk1[0].fpu_fpnew.genblk3[2].fpnew_core.gen_operation_groups[3].i_opgroup_block.gen_merged_slice.i_multifmt_slice.gen_num_lanes[0].active_lane	19	6704	4225540	147673	98341	147673	20	98342	1237902	8627	49155,49168,8,0,2,0,0,0,0,0,0,0,0,0,0,0,8,0,0,0,0,0,0,0,0,0,0,0,0,0,0,0,0,0,0,0,0,0,0,0	27,4,1,3,2,0,0,1,49148,0,1,0,0,1,0,49148,4,0,0,0,1,0,0,0,0,1,0,0,0,0,0,0,0,0,0,0,0,0,0,0	34	80532	80460	80532	6	80461	1305043	8655	80428,14,10,1,0,7,0,0,0,0,0,0,0,0,0,0,0,0,0,0,0,0,0,0,0,0,0,0,0,0,0,0,0,0,0,0,0,0,0,0	24,0,6,3,0,0,0,0,32772,1,0,0,0,0,1,0,45123,2445,82,2,1,0,0,0,0,1,0,0,0,0,0,0,0,0,0,0,0,0,0,0
tb.dut.clusters[0].cluster.sockets[0].socket.cores[0].core.execute.fpu_unit.genblk1[0].fpu_fpnew.genblk3[2].fpnew_core.gen_operation_groups[3].i_opgroup_block.gen_merged_slice.i_multifmt_slice.gen_num_lanes[0].active_lane.lane_instance	20	6568	2826782	147673	98341	147673	20	98342	1237902	8627	49155,49168,8,0,2,0,0,0,0,0,0,0,0,0,0,0,8,0,0,0,0,0,0,0,0,0,0,0,0,0,0,0,0,0,0,0,0,0,0,0	27,4,1,3,2,0,0,1,49148,0,1,0,0,1,0,49148,4,0,0,0,1,0,0,0,0,1,0,0,0,0,0,0,0,0,0,0,0,0,0,0	33	15732	15680	15732	6	15681	1369843	8701	15657,9,7,0,6,1,0,0,0,0,0,0,0,0,0,0,0,0,0,0,0,0,0,0,0,0,0,0,0,0,0,0,0,0,0,0,0,0,0,0	17,1,1,0,0,0,0,0,1093,0,0,1,0,0,0,1,3154,3984,4013,2696,688,27,2,2,0,1,0,0,0,0,0,0,0,0,0,0,0,0,0,0
tb.dut.clusters[0].cluster.sockets[0].socket.cores[0].core.execute.fpu_unit.genblk1[0].fpu_fpnew.genblk3[2].fpnew_core.gen_operation_groups[3].i_opgroup_block.gen_merged_slice.i_multifmt_slice.gen_num_lanes[0].active_lane.lane_instance.i_fpnew_cast_multi	21	6568	2826782	147673	98341	147673	20	98342	1237902	8627	49155,49168,8,0,2,0,0,0,0,0,0,0,0,0,0,0,8,0,0,0,0,0,0,0,0,0,0,0,0,0,0,0,0,0,0,0,0,0,0,0	27,4,1,3,2,0,0,1,49148,0,1,0,0,1,0,49148,4,0,0,0,1,0,0,0,0,1,0,0,0,0,0,0,0,0,0,0,0,0,0,0	33	15732	15680	15732	6	15681	1369843	8701	15657,9,7,0,6,1,0,0,0,0,0,0,0,0,0,0,0,0,0,0,0,0,0,0,0,0,0,0,0,0,0,0,0,0,0,0,0,0,0,0	17,1,1,0,0,0,0,0,1093,0,0,1,0,0,0,1,3154,3984,4013,2696,688,27,2,2,0,1,0,0,0,0,0,0,0,0,0,0,0,0,0,0
tb.dut.clusters[0].cluster.sockets[0].socket.cores[0].core.execute.fpu_unit.genblk1[0].fpu_fpnew.genblk3[2].fpnew_core.gen_operation_groups[3].i_opgroup_block.gen_merged_slice.i_multifmt_slice.gen_num_lanes[0].active_lane.lane_instance.i_fpnew_cast_multi.fmt_init_inputs[0]	22	308	133	32	32	32	1	33	1385543	1384886	32,0,0,0,0,0,0,0,0,0,0,0,0,0,0,0,0,0,0,0,0,0,0,0,0,0,0,0,0,0,0,0,0,0,0,0,0,0,0,0	2,14,7,1,0,0,0,0,0,0,0,0,0,0,0,0,7,0,0,0,1,0,0,0,0,0,0,0,0,0,0,0,1,0,0,0,0,0,0,0	2	32	32	32	1	33	1385543	1384886	32,0,0,0,0,0,0,0,0,0,0,0,0,0,0,0,0,0,0,0,0,0,0,0,0,0,0,0,0,0,0,0,0,0,0,0,0,0,0,0	2,14,7,1,0,0,0,0,0,0,0,0,0,0,0,0,7,0,0,0,1,0,0,0,0,0,0,0,0,0,0,0,1,0,0,0,0,0,0,0
tb.dut.clusters[0].cluster.sockets[0].socket.cores[0].core.execute.fpu_unit.genblk1[0].fpu_fpnew.genblk3[2].fpnew_core.gen_operation_groups[3].i_opgroup_block.gen_merged_slice.i_multifmt_slice.gen_num_lanes[0].active_lane.lane_instance.i_fpnew_cast_multi.fmt_init_inputs[0].active_format	23	212	133	32	32	32	1	33	1385543	1384886	32,0,0,0,0,0,0,0,0,0,0,0,0,0,0,0,0,0,0,0,0,0,0,0,0,0,0,0,0,0,0,0,0,0,0,0,0,0,0,0	2,14,7,1,0,0,0,0,0,0,0,0,0,0,0,0,7,0,0,0,1,0,0,0,0,0,0,0,0,0,0,0,1,0,0,0,0,0,0,0	2	32	32	32	1	33	1385543	1384886	32,0,0,0,0,0,0,0,0,0,0,0,0,0,0,0,0,0,0,0,0,0,0,0,0,0,0,0,0,0,0,0,0,0,0,0,0,0,0,0	2,14,7,1,0,0,0,0,0,0,0,0,0,0,0,0,7,0,0,0,1,0,0,0,0,0,0,0,0,0,0,0,1,0,0,0,0,0,0,0
tb.dut.clusters[0].cluster.sockets[0].socket.cores[0].core.execute.fpu_unit.genblk1[0].fpu_fpnew.genblk3[2].fpnew_core.gen_operation_groups[3].i_opgroup_block.gen_merged_slice.i_multifmt_slice.gen_num_lanes[0].active_lane.lane_instance.i_fpnew_cast_multi.fmt_init_inputs[0].active_format.i_fpnew_classifier	24	212	133	32	32	32	1	33	1385543	1384886	32,0,0,0,0,0,0,0,0,0,0,0,0,0,0,0,0,0,0,0,0,0,0,0,0,0,0,0,0,0,0,0,0,0,0,0,0,0,0,0	2,14,7,1,0,0,0,0,0,0,0,0,0,0,0,0,7,0,0,0,1,0,0,0,0,0,0,0,0,0,0,0,1,0,0,0,0,0,0,0	2	32	32	32	1	33	1385543	1384886	32,0,0,0,0,0,0,0,0,0,0,0,0,0,0,0,0,0,0,0,0,0,0,0,0,0,0,0,0,0,0,0,0,0,0,0,0,0,0,0	2,14,7,1,0,0,0,0,0,0,0,0,0,0,0,0,7,0,0,0,1,0,0,0,0,0,0,0,0,0,0,0,1,0,0,0,0,0,0,0
tb.dut.clusters[0].cluster.sockets[0].socket.cores[0].core.execute.fpu_unit.genblk1[0].fpu_fpnew.genblk3[2].fpnew_core.gen_operation_groups[3].i_opgroup_block.gen_merged_slice.i_multifmt_slice.gen_num_lanes[0].active_lane.lane_instance.i_fpnew_cast_multi.fmt_init_inputs[0].active_format.i_fpnew_classifier.gen_num_values[0]	25	40	66	32	32	32	1	33	1385543	1384886	32,0,0,0,0,0,0,0,0,0,0,0,0,0,0,0,0,0,0,0,0,0,0,0,0,0,0,0,0,0,0,0,0,0,0,0,0,0,0,0	2,14,7,1,0,0,0,0,0,0,0,0,0,0,0,0,7,0,0,0,1,0,0,0,0,0,0,0,0,0,0,0,1,0,0,0,0,0,0,0	2	16	16	16	1	17	1385559	1384889	16,0,0,0,0,0,0,0,0,0,0,0,0,0,0,0,0,0,0,0,0,0,0,0,0,0,0,0,0,0,0,0,0,0,0,0,0,0,0,0	0,0,0,0,0,8,0,0,0,0,0,0,0,0,0,0,7,0,0,0,1,0,0,0,0,0,0,0,0,0,0,0,1,0,0,0,0,0,0,0
tb.dut.clusters[0].cluster.sockets[0].socket.cores[0].core.execute.fpu_unit.genblk1[0].fpu_fpnew.genblk3[2].fpnew_core.gen_operation_groups[3].i_opgroup_block.gen_merged_slice.i_multifmt_slice.gen_num_lanes[0].active_lane.lane_instance.i_fpnew_cast_multi.fmt_init_inputs[1]	22	96	0	0	0	0	0	1	1385575	1385575	0,0,0,0,0,0,0,0,0,0,0,0,0,0,0,0,0,0,0,0,0,0,0,0,0,0,0,0,0,0,0,0,0,0,0,0,0,0,0,0	0,0,0,0,0,0,0,0,0,0,0,0,0,0,0,0,0,0,0,0,0,0,0,0,0,0,0,0,0,0,0,0,1,0,0,0,0,0,0,0	2	0	0	0	0	1	1385575	1385575	0,0,0,0,0,0,0,0,0,0,0,0,0,0,0,0,0,0,0,0,0,0,0,0,0,0,0,0,0,0,0,0,0,0,0,0,0,0,0,0	0,0,0,0,0,0,0,0,0,0,0,0,0,0,0,0,0,0,0,0,0,0,0,0,0,0,0,0,0,0,0,0,1,0,0,0,0,0,0,0
tb.dut.clusters[0].cluster.sockets[0].socket.cores[0].core.execute.fpu_unit.genblk1[0].fpu_fpnew.genblk3[2].fpnew_core.gen_operation_groups[3].i_opgroup_block.gen_merged_slice.i_multifmt_slice.gen_num_lanes[0].active_lane.lane_instance.i_fpnew_cast_multi.fmt_init_inputs[2]	22	96	0	0	0	0	0	1	1385575	1385575	0,0,0,0,0,0,0,0,0,0,0,0,0,0,0,0,0,0,0,0,0,0,0,0,0,0,0,0,0,0,0,0,0,0,0,0,0,0,0,0	0,0,0,0,0,0,0,0,0,0,0,0,0,0,0,0,0,0,0,0,0,0,0,0,0,0,0,0,0,0,0,0,1,0,0,0,0,0,0,0	2	0	0	0	0	1	1385575	1385575	0,0,0,0,0,0,0,0,0,0,0,0,0,0,0,0,0,0,0,0,0,0,0,0,0,0,0,0,0,0,0,0,0,0,0,0,0,0,0,0	0,0,0,0,0,0,0,0,0,0,0,0,0,0,0,0,0,0,0,0,0,0,0,0,0,0,0,0,0,0,0,0,1,0,0,0,0,0,0,0
tb.dut.clusters[0].cluster.sockets[0].socket.cores[0].core.execute.fpu_unit.genblk1[0].fpu_fpnew.genblk3[2].fpnew_core.gen_operation_groups[3].i_opgroup_block.gen_merged_slice.i_multifmt_slice.gen_num_lanes[0].active_lane.lane_instance.i_fpnew_cast_multi.fmt_init_inputs[3]	22	96	0	0	0	0	0	1	1385575	1385575	0,0,0,0,0,0,0,0,0,0,0,0,0,0,0,0,0,0,0,0,0,0,0,0,0,0,0,0,0,0,0,0,0,0,0,0,0,0,0,0	0,0,0,0,0,0,0,0,0,0,0,0,0,0,0,0,0,0,0,0,0,0,0,0,0,0,0,0,0,0,0,0,1,0,0,0,0,0,0,0	2	0	0	0	0	1	1385575	1385575	0,0,0,0,0,0,0,0,0,0,0,0,0,0,0,0,0,0,0,0,0,0,0,0,0,0,0,0,0,0,0,0,0,0,0,0,0,0,0,0	0,0,0,0,0,0,0,0,0,0,0,0,0,0,0,0,0,0,0,0,0,0,0,0,0,0,0,0,0,0,0,0,1,0,0,0,0,0,0,0
tb.dut.clusters[0].cluster.sockets[0].socket.cores[0].core.execute.fpu_unit.genblk1[0].fpu_fpnew.genblk3[2].fpnew_core.gen_operation_groups[3].i_opgroup_block.gen_merged_slice.i_multifmt_slice.gen_num_lanes[0].active_lane.lane_instance.i_fpnew_cast_multi.fmt_init_inputs[4]	22	96	0	0	0	0	0	1	1385575	1385575	0,0,0,0,0,0,0,0,0,0,0,0,0,0,0,0,0,0,0,0,0,0,0,0,0,0,0,0,0,0,0,0,0,0,0,0,0,0,0,0	0,0,0,0,0,0,0,0,0,0,0,0,0,0,0,0,0,0,0,0,0,0,0,0,0,0,0,0,0,0,0,0,1,0,0,0,0,0,0,0	2	0	0	0	0	1	1385575	1385575	0,0,0,0,0,0,0,0,0,0,0,0,0,0,0,0,0,0,0,0,0,0,0,0,0,0,0,0,0,0,0,0,0,0,0,0,0,0,0,0	0,0,0,0,0,0,0,0,0,0,0,0,0,0,0,0,0,0,0,0,0,0,0,0,0,0,0,0,0,0,0,0,1,0,0,0,0,0,0,0
tb.dut.clusters[0].cluster.sockets[0].socket.cores[0].core.execute.fpu_unit.genblk1[0].fpu_fpnew.genblk3[2].fpnew_core.gen_operation_groups[3].i_opgroup_block.gen_merged_slice.i_multifmt_slice.gen_num_lanes[0].active_lane.lane_instance.i_fpnew_cast_multi.gen_input_pipeline[0]	22	1	64	64	30	64	4	31	1385511	1384887	0,28,0,2,0,0,0,0,0,0,0,0,0,0,0,0,0,0,0,0,0,0,0,0,0,0,0,0,0,0,0,0,0,0,0,0,0,0,0,0	14,7,1,0,0,0,0,0,0,0,0,0,0,0,0,0,7,0,0,0,1,0,0,0,0,0,0,0,0,0,0,0,1,0,0,0,0,0,0,0	2	0	0	0	0	1	1385575	1385575	0,0,0,0,0,0,0,0,0,0,0,0,0,0,0,0,0,0,0,0,0,0,0,0,0,0,0,0,0,0,0,0,0,0,0,0,0,0,0,0	0,0,0,0,0,0,0,0,0,0,0,0,0,0,0,0,0,0,0,0,0,0,0,0,0,0,0,0,0,0,0,0,1,0,0,0,0,0,0,0
tb.dut.clusters[0].cluster.sockets[0].socket.cores[0].core.execute.fpu_unit.genblk1[0].fpu_fpnew.genblk3[2].fpnew_core.gen_operation_groups[3].i_opgroup_block.gen_merged_slice.i_multifmt_slice.gen_num_lanes[0].active_lane.lane_instance.i_fpnew_cast_multi.gen_input_pipeline[1]	22	1	64	64	30	64	4	31	1385511	1384886	0,28,0,2,0,0,0,0,0,0,0,0,0,0,0,0,0,0,0,0,0,0,0,0,0,0,0,0,0,0,0,0,0,0,0,0,0,0,0,0	14,7,1,0,0,0,0,0,0,0,0,0,0,0,0,0,7,0,0,0,1,0,0,0,0,0,0,0,0,0,0,0,1,0,0,0,0,0,0,0	2	0	0	0	0	1	1385575	1385575	0,0,0,0,0,0,0,0,0,0,0,0,0,0,0,0,0,0,0,0,0,0,0,0,0,0,0,0,0,0,0,0,0,0,0,0,0,0,0,0	0,0,0,0,0,0,0,0,0,0,0,0,0,0,0,0,0,0,0,0,0,0,0,0,0,0,0,0,0,0,0,0,1,0,0,0,0,0,0,0
tb.dut.clusters[0].cluster.sockets[0].socket.cores[0].core.execute.fpu_unit.genblk1[0].fpu_fpnew.genblk3[2].fpnew_core.gen_operation_groups[3].i_opgroup_block.gen_merged_slice.i_multifmt_slice.gen_num_lanes[0].active_lane.lane_instance.i_fpnew_cast_multi.gen_inside_pipeline[0]	22	1	64	64	30	64	4	31	1385511	1384885	0,28,0,2,0,0,0,0,0,0,0,0,0,0,0,0,0,0,0,0,0,0,0,0,0,0,0,0,0,0,0,0,0,0,0,0,0,0,0,0	14,7,1,0,0,0,0,0,0,0,0,0,0,0,0,0,7,0,0,0,1,0,0,0,0,0,0,0,0,0,0,0,1,0,0,0,0,0,0,0	2	0	0	0	0	1	1385575	1385575	0,0,0,0,0,0,0,0,0,0,0,0,0,0,0,0,0,0,0,0,0,0,0,0,0,0,0,0,0,0,0,0,0,0,0,0,0,0,0,0	0,0,0,0,0,0,0,0,0,0,0,0,0,0,0,0,0,0,0,0,0,0,0,0,0,0,0,0,0,0,0,0,1,0,0,0,0,0,0,0
tb.dut.clusters[0].cluster.sockets[0].socket.cores[0].core.execute.fpu_unit.genblk1[0].fpu_fpnew.genblk3[2].fpnew_core.gen_operation_groups[3].i_opgroup_block.gen_merged_slice.i_multifmt_slice.gen_num_lanes[0].active_lane.lane_instance.i_fpnew_cast_multi.gen_inside_pipeline[1]	22	1	64	64	30	64	4	31	1385511	1384884	0,28,0,2,0,0,0,0,0,0,0,0,0,0,0,0,0,0,0,0,0,0,0,0,0,0,0,0,0,0,0,0,0,0,0,0,0,0,0,0	14,7,1,0,0,0,0,0,0,0,0,0,0,0,0,0,7,0,0,0,1,0,0,0,0,0,0,0,0,0,0,0,1,0,0,0,0,0,0,0	2	0	0	0	0	1	1385575	1385575	0,0,0,0,0,0,0,0,0,0,0,0,0,0,0,0,0,0,0,0,0,0,0,0,0,0,0,0,0,0,0,0,0,0,0,0,0,0,0,0	0,0,0,0,0,0,0,0,0,0,0,0,0,0,0,0,0,0,0,0,0,0,0,0,0,0,0,0,0,0,0,0,1,0,0,0,0,0,0,0
tb.dut.clusters[0].cluster.sockets[0].socket.cores[0].core.execute.fpu_unit.genblk1[0].fpu_fpnew.genblk3[2].fpnew_core.gen_operation_groups[3].i_opgroup_block.gen_merged_slice.i_multifmt_slice.gen_num_lanes[0].active_lane.lane_instance.i_fpnew_cast_multi.gen_int_overflow[0]	22	32	0	0	0	0	0	1	1385575	1385575	0,0,0,0,0,0,0,0,0,0,0,0,0,0,0,0,0,0,0,0,0,0,0,0,0,0,0,0,0,0,0,0,0,0,0,0,0,0,0,0	0,0,0,0,0,0,0,0,0,0,0,0,0,0,0,0,0,0,0,0,0,0,0,0,0,0,0,0,0,0,0,0,1,0,0,0,0,0,0,0	2	0	0	0	0	1	1385575	1385575	0,0,0,0,0,0,0,0,0,0,0,0,0,0,0,0,0,0,0,0,0,0,0,0,0,0,0,0,0,0,0,0,0,0,0,0,0,0,0,0	0,0,0,0,0,0,0,0,0,0,0,0,0,0,0,0,0,0,0,0,0,0,0,0,0,0,0,0,0,0,0,0,1,0,0,0,0,0,0,0
tb.dut.clusters[0].cluster.sockets[0].socket.cores[0].core.execute.fpu_unit.genblk1[0].fpu_fpnew.genblk3[2].fpnew_core.gen_operation_groups[3].i_opgroup_block.gen_merged_slice.i_multifmt_slice.gen_num_lanes[0].active_lane.lane_instance.i_fpnew_cast_multi.gen_int_overflow[1]	22	32	0	0	0	0	0	1	1385575	1385575	0,0,0,0,0,0,0,0,0,0,0,0,0,0,0,0,0,0,0,0,0,0,0,0,0,0,0,0,0,0,0,0,0,0,0,0,0,0,0,0	0,0,0,0,0,0,0,0,0,0,0,0,0,0,0,0,0,0,0,0,0,0,0,0,0,0,0,0,0,0,0,0,1,0,0,0,0,0,0,0	2	0	0	0	0	1	1385575	1385575	0,0,0,0,0,0,0,0,0,0,0,0,0,0,0,0,0,0,0,0,0,0,0,0,0,0,0,0,0,0,0,0,0,0,0,0,0,0,0,0	0,0,0,0,0,0,0,0,0,0,0,0,0,0,0,0,0,0,0,0,0,0,0,0,0,0,0,0,0,0,0,0,1,0,0,0,0,0,0,0
tb.dut.clusters[0].cluster.sockets[0].socket.cores[0].core.execute.fpu_unit.genblk1[0].fpu_fpnew.genblk3[2].fpnew_core.gen_operation_groups[3].i_opgroup_block.gen_merged_slice.i_multifmt_slice.gen_num_lanes[0].active_lane.lane_instance.i_fpnew_cast_multi.gen_int_overflow[2]	22	32	0	0	0	0	0	1	1385575	1385575	0,0,0,0,0,0,0,0,0,0,0,0,0,0,0,0,0,0,0,0,0,0,0,0,0,0,0,0,0,0,0,0,0,0,0,0,0,0,0,0	0,0,0,0,0,0,0,0,0,0,0,0,0,0,0,0,0,0,0,0,0,0,0,0,0,0,0,0,0,0,0,0,1,0,0,0,0,0,0,0	2	0	0	0	0	1	1385575	1385575	0,0,0,0,0,0,0,0,0,0,0,0,0,0,0,0,0,0,0,0,0,0,0,0,0,0,0,0,0,0,0,0,0,0,0,0,0,0,0,0	0,0,0,0,0,0,0,0,0,0,0,0,0,0,0,0,0,0,0,0,0,0,0,0,0,0,0,0,0,0,0,0,1,0,0,0,0,0,0,0
tb.dut.clusters[0].cluster.sockets[0].socket.cores[0].core.execute.fpu_unit.genblk1[0].fpu_fpnew.genblk3[2].fpnew_core.gen_operation_groups[3].i_opgroup_block.gen_merged_slice.i_multifmt_slice.gen_num_lanes[0].active_lane.lane_instance.i_fpnew_cast_multi.gen_int_overflow[3]	22	32	0	0	0	0	0	1	1385575	1385575	0,0,0,0,0,0,0,0,0,0,0,0,0,0,0,0,0,0,0,0,0,0,0,0,0,0,0,0,0,0,0,0,0,0,0,0,0,0,0,0	0,0,0,0,0,0,0,0,0,0,0,0,0,0,0,0,0,0,0,0,0,0,0,0,0,0,0,0,0,0,0,0,1,0,0,0,0,0,0,0	2	0	0	0	0	1	1385575	1385575	0,0,0,0,0,0,0,0,0,0,0,0,0,0,0,0,0,0,0,0,0,0,0,0,0,0,0,0,0,0,0,0,0,0,0,0,0,0,0,0	0,0,0,0,0,0,0,0,0,0,0,0,0,0,0,0,0,0,0,0,0,0,0,0,0,0,0,0,0,0,0,0,1,0,0,0,0,0,0,0
tb.dut.clusters[0].cluster.sockets[0].socket.cores[0].core.execute.fpu_unit.genblk1[0].fpu_fpnew.genblk3[2].fpnew_core.gen_operation_groups[3].i_opgroup_block.gen_merged_slice.i_multifmt_slice.gen_num_lanes[0].active_lane.lane_instance.i_fpnew_cast_multi.gen_int_res_sign_ext[0]	22	32	0	0	0	0	0	1	1385575	1385575	0,0,0,0,0,0,0,0,0,0,0,0,0,0,0,0,0,0,0,0,0,0,0,0,0,0,0,0,0,0,0,0,0,0,0,0,0,0,0,0	0,0,0,0,0,0,0,0,0,0,0,0,0,0,0,0,0,0,0,0,0,0,0,0,0,0,0,0,0,0,0,0,1,0,0,0,0,0,0,0	2	0	0	0	0	1	1385575	1385575	0,0,0,0,0,0,0,0,0,0,0,0,0,0,0,0,0,0,0,0,0,0,0,0,0,0,0,0,0,0,0,0,0,0,0,0,0,0,0,0	0,0,0,0,0,0,0,0,0,0,0,0,0,0,0,0,0,0,0,0,0,0,0,0,0,0,0,0,0,0,0,0,1,0,0,0,0,0,0,0
tb.dut.clusters[0].cluster.sockets[0].socket.cores[0].core.execute.fpu_unit.genblk1[0].fpu_fpnew.genblk3[2].fpnew_core.gen_operation_groups[3].i_opgroup_block.gen_merged_slice.i_multifmt_slice.gen_num_lanes[0].active_lane.lane_instance.i_fpnew_cast_multi.gen_int_res_sign_ext[1]	22	32	0	0	0	0	0	1	1385575	1385575	0,0,0,0,0,0,0,0,0,0,0,0,0,0,0,0,0,0,0,0,0,0,0,0,0,0,0,0,0,0,0,0,0,0,0,0,0,0,0,0	0,0,0,0,0,0,0,0,0,0,0,0,0,0,0,0,0,0,0,0,0,0,0,0,0,0,0,0,0,0,0,0,1,0,0,0,0,0,0,0	2	0	0	0	0	1	1385575	1385575	0,0,0,0,0,0,0,0,0,0,0,0,0,0,0,0,0,0,0,0,0,0,0,0,0,0,0,0,0,0,0,0,0,0,0,0,0,0,0,0	0,0,0,0,0,0,0,0,0,0,0,0,0,0,0,0,0,0,0,0,0,0,0,0,0,0,0,0,0,0,0,0,1,0,0,0,0,0,0,0
tb.dut.clusters[0].cluster.sockets[0].socket.cores[0].core.execute.fpu_unit.genblk1[0].fpu_fpnew.genblk3[2].fpnew_core.gen_operation_groups[3].i_opgroup_block.gen_merged_slice.i_multifmt_slice.gen_num_lanes[0].active_lane.lane_instance.i_fpnew_cast_multi.gen_int_res_sign_ext[2]	22	32	0	0	0	0	0	1	1385575	1385575	0,0,0,0,0,0,0,0,0,0,0,0,0,0,0,0,0,0,0,0,0,0,0,0,0,0,0,0,0,0,0,0,0,0,0,0,0,0,0,0	0,0,0,0,0,0,0,0,0,0,0,0,0,0,0,0,0,0,0,0,0,0,0,0,0,0,0,0,0,0,0,0,1,0,0,0,0,0,0,0	2	0	0	0	0	1	1385575	1385575	0,0,0,0,0,0,0,0,0,0,0,0,0,0,0,0,0,0,0,0,0,0,0,0,0,0,0,0,0,0,0,0,0,0,0,0,0,0,0,0	0,0,0,0,0,0,0,0,0,0,0,0,0,0,0,0,0,0,0,0,0,0,0,0,0,0,0,0,0,0,0,0,1,0,0,0,0,0,0,0
tb.dut.clusters[0].cluster.sockets[0].socket.cores[0].core.execute.fpu_unit.genblk1[0].fpu_fpnew.genblk3[2].fpnew_core.gen_operation_groups[3].i_opgroup_block.gen_merged_slice.i_multifmt_slice.gen_num_lanes[0].active_lane.lane_instance.i_fpnew_cast_multi.gen_int_res_sign_ext[3]	22	32	0	0	0	0	0	1	1385575	1385575	0,0,0,0,0,0,0,0,0,0,0,0,0,0,0,0,0,0,0,0,0,0,0,0,0,0,0,0,0,0,0,0,0,0,0,0,0,0,0,0	0,0,0,0,0,0,0,0,0,0,0,0,0,0,0,0,0,0,0,0,0,0,0,0,0,0,0,0,0,0,0,0,1,0,0,0,0,0,0,0	2	0	0	0	0	1	1385575	1385575	0,0,0,0,0,0,0,0,0,0,0,0,0,0,0,0,0,0,0,0,0,0,0,0,0,0,0,0,0,0,0,0,0,0,0,0,0,0,0,0	0,0,0,0,0,0,0,0,0,0,0,0,0,0,0,0,0,0,0,0,0,0,0,0,0,0,0,0,0,0,0,0,1,0,0,0,0,0,0,0
tb.dut.clusters[0].cluster.sockets[0].socket.cores[0].core.execute.fpu_unit.genblk1[0].fpu_fpnew.genblk3[2].fpnew_core.gen_operation_groups[3].i_opgroup_block.gen_merged_slice.i_multifmt_slice.gen_num_lanes[0].active_lane.lane_instance.i_fpnew_cast_multi.gen_output_pipeline[0]	22	1	64	64	30	64	4	31	1385511	1384883	0,28,0,2,0,0,0,0,0,0,0,0,0,0,0,0,0,0,0,0,0,0,0,0,0,0,0,0,0,0,0,0,0,0,0,0,0,0,0,0	14,7,1,0,0,0,0,0,0,0,0,0,0,0,0,0,7,0,0,0,1,0,0,0,0,0,0,0,0,0,0,0,1,0,0,0,0,0,0,0	2	0	0	0	0	1	1385575	1385575	0,0,0,0,0,0,0,0,0,0,0,0,0,0,0,0,0,0,0,0,0,0,0,0,0,0,0,0,0,0,0,0,0,0,0,0,0,0,0,0	0,0,0,0,0,0,0,0,0,0,0,0,0,0,0,0,0,0,0,0,0,0,0,0,0,0,0,0,0,0,0,0,1,0,0,0,0,0,0,0
tb.dut.clusters[0].cluster.sockets[0].socket.cores[0].core.execute.fpu_unit.genblk1[0].fpu_fpnew.genblk3[2].fpnew_core.gen_operation_groups[3].i_opgroup_block.gen_merged_slice.i_multifmt_slice.gen_num_lanes[0].active_lane.lane_instance.i_fpnew_cast_multi.gen_res_assemble[0]	22	64	0	0	0	0	0	1	1385575	1385575	0,0,0,0,0,0,0,0,0,0,0,0,0,0,0,0,0,0,0,0,0,0,0,0,0,0,0,0,0,0,0,0,0,0,0,0,0,0,0,0	0,0,0,0,0,0,0,0,0,0,0,0,0,0,0,0,0,0,0,0,0,0,0,0,0,0,0,0,0,0,0,0,1,0,0,0,0,0,0,0	2	0	0	0	0	1	1385575	1385575	0,0,0,0,0,0,0,0,0,0,0,0,0,0,0,0,0,0,0,0,0,0,0,0,0,0,0,0,0,0,0,0,0,0,0,0,0,0,0,0	0,0,0,0,0,0,0,0,0,0,0,0,0,0,0,0,0,0,0,0,0,0,0,0,0,0,0,0,0,0,0,0,1,0,0,0,0,0,0,0
tb.dut.clusters[0].cluster.sockets[0].socket.cores[0].core.execute.fpu_unit.genblk1[0].fpu_fpnew.genblk3[2].fpnew_core.gen_operation_groups[3].i_opgroup_block.gen_merged_slice.i_multifmt_slice.gen_num_lanes[0].active_lane.lane_instance.i_fpnew_cast_multi.gen_res_assemble[1]	22	64	0	0	0	0	0	1	1385575	1385575	0,0,0,0,0,0,0,0,0,0,0,0,0,0,0,0,0,0,0,0,0,0,0,0,0,0,0,0,0,0,0,0,0,0,0,0,0,0,0,0	0,0,0,0,0,0,0,0,0,0,0,0,0,0,0,0,0,0,0,0,0,0,0,0,0,0,0,0,0,0,0,0,1,0,0,0,0,0,0,0	2	0	0	0	0	1	1385575	1385575	0,0,0,0,0,0,0,0,0,0,0,0,0,0,0,0,0,0,0,0,0,0,0,0,0,0,0,0,0,0,0,0,0,0,0,0,0,0,0,0	0,0,0,0,0,0,0,0,0,0,0,0,0,0,0,0,0,0,0,0,0,0,0,0,0,0,0,0,0,0,0,0,1,0,0,0,0,0,0,0
tb.dut.clusters[0].cluster.sockets[0].socket.cores[0].core.execute.fpu_unit.genblk1[0].fpu_fpnew.genblk3[2].fpnew_core.gen_operation_groups[3].i_opgroup_block.gen_merged_slice.i_multifmt_slice.gen_num_lanes[0].active_lane.lane_instance.i_fpnew_cast_multi.gen_res_assemble[2]	22	64	0	0	0	0	0	1	1385575	1385575	0,0,0,0,0,0,0,0,0,0,0,0,0,0,0,0,0,0,0,0,0,0,0,0,0,0,0,0,0,0,0,0,0,0,0,0,0,0,0,0	0,0,0,0,0,0,0,0,0,0,0,0,0,0,0,0,0,0,0,0,0,0,0,0,0,0,0,0,0,0,0,0,1,0,0,0,0,0,0,0	2	0	0	0	0	1	1385575	1385575	0,0,0,0,0,0,0,0,0,0,0,0,0,0,0,0,0,0,0,0,0,0,0,0,0,0,0,0,0,0,0,0,0,0,0,0,0,0,0,0	0,0,0,0,0,0,0,0,0,0,0,0,0,0,0,0,0,0,0,0,0,0,0,0,0,0,0,0,0,0,0,0,1,0,0,0,0,0,0,0
tb.dut.clusters[0].cluster.sockets[0].socket.cores[0].core.execute.fpu_unit.genblk1[0].fpu_fpnew.genblk3[2].fpnew_core.gen_operation_groups[3].i_opgroup_block.gen_merged_slice.i_multifmt_slice.gen_num_lanes[0].active_lane.lane_instance.i_fpnew_cast_multi.gen_res_assemble[3]	22	64	0	0	0	0	0	1	1385575	1385575	0,0,0,0,0,0,0,0,0,0,0,0,0,0,0,0,0,0,0,0,0,0,0,0,0,0,0,0,0,0,0,0,0,0,0,0,0,0,0,0	0,0,0,0,0,0,0,0,0,0,0,0,0,0,0,0,0,0,0,0,0,0,0,0,0,0,0,0,0,0,0,0,1,0,0,0,0,0,0,0	2	0	0	0	0	1	1385575	1385575	0,0,0,0,0,0,0,0,0,0,0,0,0,0,0,0,0,0,0,0,0,0,0,0,0,0,0,0,0,0,0,0,0,0,0,0,0,0,0,0	0,0,0,0,0,0,0,0,0,0,0,0,0,0,0,0,0,0,0,0,0,0,0,0,0,0,0,0,0,0,0,0,1,0,0,0,0,0,0,0
tb.dut.clusters[0].cluster.sockets[0].socket.cores[0].core.execute.fpu_unit.genblk1[0].fpu_fpnew.genblk3[2].fpnew_core.gen_operation_groups[3].i_opgroup_block.gen_merged_slice.i_multifmt_slice.gen_num_lanes[0].active_lane.lane_instance.i_fpnew_cast_multi.gen_res_assemble[4]	22	64	0	0	0	0	0	1	1385575	1385575	0,0,0,0,0,0,0,0,0,0,0,0,0,0,0,0,0,0,0,0,0,0,0,0,0,0,0,0,0,0,0,0,0,0,0,0,0,0,0,0	0,0,0,0,0,0,0,0,0,0,0,0,0,0,0,0,0,0,0,0,0,0,0,0,0,0,0,0,0,0,0,0,1,0,0,0,0,0,0,0	2	0	0	0	0	1	1385575	1385575	0,0,0,0,0,0,0,0,0,0,0,0,0,0,0,0,0,0,0,0,0,0,0,0,0,0,0,0,0,0,0,0,0,0,0,0,0,0,0,0	0,0,0,0,0,0,0,0,0,0,0,0,0,0,0,0,0,0,0,0,0,0,0,0,0,0,0,0,0,0,0,0,1,0,0,0,0,0,0,0
tb.dut.clusters[0].cluster.sockets[0].socket.cores[0].core.execute.fpu_unit.genblk1[0].fpu_fpnew.genblk3[2].fpnew_core.gen_operation_groups[3].i_opgroup_block.gen_merged_slice.i_multifmt_slice.gen_num_lanes[0].active_lane.lane_instance.i_fpnew_cast_multi.gen_sign_extend_int[0]	22	32	0	0	0	0	0	1	1385575	1385575	0,0,0,0,0,0,0,0,0,0,0,0,0,0,0,0,0,0,0,0,0,0,0,0,0,0,0,0,0,0,0,0,0,0,0,0,0,0,0,0	0,0,0,0,0,0,0,0,0,0,0,0,0,0,0,0,0,0,0,0,0,0,0,0,0,0,0,0,0,0,0,0,1,0,0,0,0,0,0,0	2	0	0	0	0	1	1385575	1385575	0,0,0,0,0,0,0,0,0,0,0,0,0,0,0,0,0,0,0,0,0,0,0,0,0,0,0,0,0,0,0,0,0,0,0,0,0,0,0,0	0,0,0,0,0,0,0,0,0,0,0,0,0,0,0,0,0,0,0,0,0,0,0,0,0,0,0,0,0,0,0,0,1,0,0,0,0,0,0,0
tb.dut.clusters[0].cluster.sockets[0].socket.cores[0].core.execute.fpu_unit.genblk1[0].fpu_fpnew.genblk3[2].fpnew_core.gen_operation_groups[3].i_opgroup_block.gen_merged_slice.i_multifmt_slice.gen_num_lanes[0].active_lane.lane_instance.i_fpnew_cast_multi.gen_sign_extend_int[1]	22	32	0	0	0	0	0	1	1385575	1385575	0,0,0,0,0,0,0,0,0,0,0,0,0,0,0,0,0,0,0,0,0,0,0,0,0,0,0,0,0,0,0,0,0,0,0,0,0,0,0,0	0,0,0,0,0,0,0,0,0,0,0,0,0,0,0,0,0,0,0,0,0,0,0,0,0,0,0,0,0,0,0,0,1,0,0,0,0,0,0,0	2	0	0	0	0	1	1385575	1385575	0,0,0,0,0,0,0,0,0,0,0,0,0,0,0,0,0,0,0,0,0,0,0,0,0,0,0,0,0,0,0,0,0,0,0,0,0,0,0,0	0,0,0,0,0,0,0,0,0,0,0,0,0,0,0,0,0,0,0,0,0,0,0,0,0,0,0,0,0,0,0,0,1,0,0,0,0,0,0,0
tb.dut.clusters[0].cluster.sockets[0].socket.cores[0].core.execute.fpu_unit.genblk1[0].fpu_fpnew.genblk3[2].fpnew_core.gen_operation_groups[3].i_opgroup_block.gen_merged_slice.i_multifmt_slice.gen_num_lanes[0].active_lane.lane_instance.i_fpnew_cast_multi.gen_sign_extend_int[2]	22	32	0	0	0	0	0	1	1385575	1385575	0,0,0,0,0,0,0,0,0,0,0,0,0,0,0,0,0,0,0,0,0,0,0,0,0,0,0,0,0,0,0,0,0,0,0,0,0,0,0,0	0,0,0,0,0,0,0,0,0,0,0,0,0,0,0,0,0,0,0,0,0,0,0,0,0,0,0,0,0,0,0,0,1,0,0,0,0,0,0,0	2	0	0	0	0	1	1385575	1385575	0,0,0,0,0,0,0,0,0,0,0,0,0,0,0,0,0,0,0,0,0,0,0,0,0,0,0,0,0,0,0,0,0,0,0,0,0,0,0,0	0,0,0,0,0,0,0,0,0,0,0,0,0,0,0,0,0,0,0,0,0,0,0,0,0,0,0,0,0,0,0,0,1,0,0,0,0,0,0,0
tb.dut.clusters[0].cluster.sockets[0].socket.cores[0].core.execute.fpu_unit.genblk1[0].fpu_fpnew.genblk3[2].fpnew_core.gen_operation_groups[3].i_opgroup_block.gen_merged_slice.i_multifmt_slice.gen_num_lanes[0].active_lane.lane_instance.i_fpnew_cast_multi.gen_sign_extend_int[3]	22	32	0	0	0	0	0	1	1385575	1385575	0,0,0,0,0,0,0,0,0,0,0,0,0,0,0,0,0,0,0,0,0,0,0,0,0,0,0,0,0,0,0,0,0,0,0,0,0,0,0,0	0,0,0,0,0,0,0,0,0,0,0,0,0,0,0,0,0,0,0,0,0,0,0,0,0,0,0,0,0,0,0,0,1,0,0,0,0,0,0,0	2	0	0	0	0	1	1385575	1385575	0,0,0,0,0,0,0,0,0,0,0,0,0,0,0,0,0,0,0,0,0,0,0,0,0,0,0,0,0,0,0,0,0,0,0,0,0,0,0,0	0,0,0,0,0,0,0,0,0,0,0,0,0,0,0,0,0,0,0,0,0,0,0,0,0,0,0,0,0,0,0,0,1,0,0,0,0,0,0,0
tb.dut.clusters[0].cluster.sockets[0].socket.cores[0].core.execute.fpu_unit.genblk1[0].fpu_fpnew.genblk3[2].fpnew_core.gen_operation_groups[3].i_opgroup_block.gen_merged_slice.i_multifmt_slice.gen_num_lanes[0].active_lane.lane_instance.i_fpnew_cast_multi.gen_sign_inject[0]	22	96	0	0	0	0	0	1	1385575	1385575	0,0,0,0,0,0,0,0,0,0,0,0,0,0,0,0,0,0,0,0,0,0,0,0,0,0,0,0,0,0,0,0,0,0,0,0,0,0,0,0	0,0,0,0,0,0,0,0,0,0,0,0,0,0,0,0,0,0,0,0,0,0,0,0,0,0,0,0,0,0,0,0,1,0,0,0,0,0,0,0	2	0	0	0	0	1	1385575	1385575	0,0,0,0,0,0,0,0,0,0,0,0,0,0,0,0,0,0,0,0,0,0,0,0,0,0,0,0,0,0,0,0,0,0,0,0,0,0,0,0	0,0,0,0,0,0,0,0,0,0,0,0,0,0,0,0,0,0,0,0,0,0,0,0,0,0,0,0,0,0,0,0,1,0,0,0,0,0,0,0
tb.dut.clusters[0].cluster.sockets[0].socket.cores[0].core.execute.fpu_unit.genblk1[0].fpu_fpnew.genblk3[2].fpnew_core.gen_operation_groups[3].i_opgroup_block.gen_merged_slice.i_multifmt_slice.gen_num_lanes[0].active_lane.lane_instance.i_fpnew_cast_multi.gen_sign_inject[1]	22	96	0	0	0	0	0	1	1385575	1385575	0,0,0,0,0,0,0,0,0,0,0,0,0,0,0,0,0,0,0,0,0,0,0,0,0,0,0,0,0,0,0,0,0,0,0,0,0,0,0,0	0,0,0,0,0,0,0,0,0,0,0,0,0,0,0,0,0,0,0,0,0,0,0,0,0,0,0,0,0,0,0,0,1,0,0,0,0,0,0,0	2	0	0	0	0	1	1385575	1385575	0,0,0,0,0,0,0,0,0,0,0,0,0,0,0,0,0,0,0,0,0,0,0,0,0,0,0,0,0,0,0,0,0,0,0,0,0,0,0,0	0,0,0,0,0,0,0,0,0,0,0,0,0,0,0,0,0,0,0,0,0,0,0,0,0,0,0,0,0,0,0,0,1,0,0,0,0,0,0,0
tb.dut.clusters[0].cluster.sockets[0].socket.cores[0].core.execute.fpu_unit.genblk1[0].fpu_fpnew.genblk3[2].fpnew_core.gen_operation_groups[3].i_opgroup_block.gen_merged_slice.i_multifmt_slice.gen_num_lanes[0].active_lane.lane_instance.i_fpnew_cast_multi.gen_sign_inject[2]	22	96	0	0	0	0	0	1	1385575	1385575	0,0,0,0,0,0,0,0,0,0,0,0,0,0,0,0,0,0,0,0,0,0,0,0,0,0,0,0,0,0,0,0,0,0,0,0,0,0,0,0	0,0,0,0,0,0,0,0,0,0,0,0,0,0,0,0,0,0,0,0,0,0,0,0,0,0,0,0,0,0,0,0,1,0,0,0,0,0,0,0	2	0	0	0	0	1	1385575	1385575	0,0,0,0,0,0,0,0,0,0,0,0,0,0,0,0,0,0,0,0,0,0,0,0,0,0,0,0,0,0,0,0,0,0,0,0,0,0,0,0	0,0,0,0,0,0,0,0,0,0,0,0,0,0,0,0,0,0,0,0,0,0,0,0,0,0,0,0,0,0,0,0,1,0,0,0,0,0,0,0
tb.dut.clusters[0].cluster.sockets[0].socket.cores[0].core.execute.fpu_unit.genblk1[0].fpu_fpnew.genblk3[2].fpnew_core.gen_operation_groups[3].i_opgroup_block.gen_merged_slice.i_multifmt_slice.gen_num_lanes[0].active_lane.lane_instance.i_fpnew_cast_multi.gen_sign_inject[3]	22	96	0	0	0	0	0	1	1385575	1385575	0,0,0,0,0,0,0,0,0,0,0,0,0,0,0,0,0,0,0,0,0,0,0,0,0,0,0,0,0,0,0,0,0,0,0,0,0,0,0,0	0,0,0,0,0,0,0,0,0,0,0,0,0,0,0,0,0,0,0,0,0,0,0,0,0,0,0,0,0,0,0,0,1,0,0,0,0,0,0,0	2	0	0	0	0	1	1385575	1385575	0,0,0,0,0,0,0,0,0,0,0,0,0,0,0,0,0,0,0,0,0,0,0,0,0,0,0,0,0,0,0,0,0,0,0,0,0,0,0,0	0,0,0,0,0,0,0,0,0,0,0,0,0,0,0,0,0,0,0,0,0,0,0,0,0,0,0,0,0,0,0,0,1,0,0,0,0,0,0,0
tb.dut.clusters[0].cluster.sockets[0].socket.cores[0].core.execute.fpu_unit.genblk1[0].fpu_fpnew.genblk3[2].fpnew_core.gen_operation_groups[3].i_opgroup_block.gen_merged_slice.i_multifmt_slice.gen_num_lanes[0].active_lane.lane_instance.i_fpnew_cast_multi.gen_sign_inject[4]	22	96	0	0	0	0	0	1	1385575	1385575	0,0,0,0,0,0,0,0,0,0,0,0,0,0,0,0,0,0,0,0,0,0,0,0,0,0,0,0,0,0,0,0,0,0,0,0,0,0,0,0	0,0,0,0,0,0,0,0,0,0,0,0,0,0,0,0,0,0,0,0,0,0,0,0,0,0,0,0,0,0,0,0,1,0,0,0,0,0,0,0	2	0	0	0	0	1	1385575	1385575	0,0,0,0,0,0,0,0,0,0,0,0,0,0,0,0,0,0,0,0,0,0,0,0,0,0,0,0,0,0,0,0,0,0,0,0,0,0,0,0	0,0,0,0,0,0,0,0,0,0,0,0,0,0,0,0,0,0,0,0,0,0,0,0,0,0,0,0,0,0,0,0,1,0,0,0,0,0,0,0
tb.dut.clusters[0].cluster.sockets[0].socket.cores[0].core.execute.fpu_unit.genblk1[0].fpu_fpnew.genblk3[2].fpnew_core.gen_operation_groups[3].i_opgroup_block.gen_merged_slice.i_multifmt_slice.gen_num_lanes[0].active_lane.lane_instance.i_fpnew_cast_multi.gen_special_results[0]	22	159	0	0	0	0	0	1	1385575	1385575	0,0,0,0,0,0,0,0,0,0,0,0,0,0,0,0,0,0,0,0,0,0,0,0,0,0,0,0,0,0,0,0,0,0,0,0,0,0,0,0	0,0,0,0,0,0,0,0,0,0,0,0,0,0,0,0,0,0,0,0,0,0,0,0,0,0,0,0,0,0,0,0,1,0,0,0,0,0,0,0	2	0	0	0	0	1	1385575	1385575	0,0,0,0,0,0,0,0,0,0,0,0,0,0,0,0,0,0,0,0,0,0,0,0,0,0,0,0,0,0,0,0,0,0,0,0,0,0,0,0	0,0,0,0,0,0,0,0,0,0,0,0,0,0,0,0,0,0,0,0,0,0,0,0,0,0,0,0,0,0,0,0,1,0,0,0,0,0,0,0
tb.dut.clusters[0].cluster.sockets[0].socket.cores[0].core.execute.fpu_unit.genblk1[0].fpu_fpnew.genblk3[2].fpnew_core.gen_operation_groups[3].i_opgroup_block.gen_merged_slice.i_multifmt_slice.gen_num_lanes[0].active_lane.lane_instance.i_fpnew_cast_multi.gen_special_results[0].active_format	23	32	0	0	0	0	0	1	1385575	1385575	0,0,0,0,0,0,0,0,0,0,0,0,0,0,0,0,0,0,0,0,0,0,0,0,0,0,0,0,0,0,0,0,0,0,0,0,0,0,0,0	0,0,0,0,0,0,0,0,0,0,0,0,0,0,0,0,0,0,0,0,0,0,0,0,0,0,0,0,0,0,0,0,1,0,0,0,0,0,0,0	2	0	0	0	0	1	1385575	1385575	0,0,0,0,0,0,0,0,0,0,0,0,0,0,0,0,0,0,0,0,0,0,0,0,0,0,0,0,0,0,0,0,0,0,0,0,0,0,0,0	0,0,0,0,0,0,0,0,0,0,0,0,0,0,0,0,0,0,0,0,0,0,0,0,0,0,0,0,0,0,0,0,1,0,0,0,0,0,0,0
tb.dut.clusters[0].cluster.sockets[0].socket.cores[0].core.execute.fpu_unit.genblk1[0].fpu_fpnew.genblk3[2].fpnew_core.gen_operation_groups[3].i_opgroup_block.gen_merged_slice.i_multifmt_slice.gen_num_lanes[0].active_lane.lane_instance.i_fpnew_cast_multi.gen_special_results[0].active_format.special_results	24	32	0	0	0	0	0	1	1385575	1385575	0,0,0,0,0,0,0,0,0,0,0,0,0,0,0,0,0,0,0,0,0,0,0,0,0,0,0,0,0,0,0,0,0,0,0,0,0,0,0,0	0,0,0,0,0,0,0,0,0,0,0,0,0,0,0,0,0,0,0,0,0,0,0,0,0,0,0,0,0,0,0,0,1,0,0,0,0,0,0,0	2	0	0	0	0	1	1385575	1385575	0,0,0,0,0,0,0,0,0,0,0,0,0,0,0,0,0,0,0,0,0,0,0,0,0,0,0,0,0,0,0,0,0,0,0,0,0,0,0,0	0,0,0,0,0,0,0,0,0,0,0,0,0,0,0,0,0,0,0,0,0,0,0,0,0,0,0,0,0,0,0,0,1,0,0,0,0,0,0,0
tb.dut.clusters[0].cluster.sockets[0].socket.cores[0].core.execute.fpu_unit.genblk1[0].fpu_fpnew.genblk3[2].fpnew_core.gen_operation_groups[3].i_opgroup_block.gen_merged_slice.i_multifmt_slice.gen_num_lanes[0].active_lane.lane_instance.i_fpnew_cast_multi.gen_special_results[1]	22	159	0	0	0	0	0	1	1385575	1385575	0,0,0,0,0,0,0,0,0,0,0,0,0,0,0,0,0,0,0,0,0,0,0,0,0,0,0,0,0,0,0,0,0,0,0,0,0,0,0,0	0,0,0,0,0,0,0,0,0,0,0,0,0,0,0,0,0,0,0,0,0,0,0,0,0,0,0,0,0,0,0,0,1,0,0,0,0,0,0,0	2	0	0	0	0	1	1385575	1385575	0,0,0,0,0,0,0,0,0,0,0,0,0,0,0,0,0,0,0,0,0,0,0,0,0,0,0,0,0,0,0,0,0,0,0,0,0,0,0,0	0,0,0,0,0,0,0,0,0,0,0,0,0,0,0,0,0,0,0,0,0,0,0,0,0,0,0,0,0,0,0,0,1,0,0,0,0,0,0,0
tb.dut.clusters[0].cluster.sockets[0].socket.cores[0].core.execute.fpu_unit.genblk1[0].fpu_fpnew.genblk3[2].fpnew_core.gen_operation_groups[3].i_opgroup_block.gen_merged_slice.i_multifmt_slice.gen_num_lanes[0].active_lane.lane_instance.i_fpnew_cast_multi.gen_special_results[2]	22	111	0	0	0	0	0	1	1385575	1385575	0,0,0,0,0,0,0,0,0,0,0,0,0,0,0,0,0,0,0,0,0,0,0,0,0,0,0,0,0,0,0,0,0,0,0,0,0,0,0,0	0,0,0,0,0,0,0,0,0,0,0,0,0,0,0,0,0,0,0,0,0,0,0,0,0,0,0,0,0,0,0,0,1,0,0,0,0,0,0,0	2	0	0	0	0	1	1385575	1385575	0,0,0,0,0,0,0,0,0,0,0,0,0,0,0,0,0,0,0,0,0,0,0,0,0,0,0,0,0,0,0,0,0,0,0,0,0,0,0,0	0,0,0,0,0,0,0,0,0,0,0,0,0,0,0,0,0,0,0,0,0,0,0,0,0,0,0,0,0,0,0,0,1,0,0,0,0,0,0,0
tb.dut.clusters[0].cluster.sockets[0].socket.cores[0].core.execute.fpu_unit.genblk1[0].fpu_fpnew.genblk3[2].fpnew_core.gen_operation_groups[3].i_opgroup_block.gen_merged_slice.i_multifmt_slice.gen_num_lanes[0].active_lane.lane_instance.i_fpnew_cast_multi.gen_special_results[3]	22	103	0	0	0	0	0	1	1385575	1385575	0,0,0,0,0,0,0,0,0,0,0,0,0,0,0,0,0,0,0,0,0,0,0,0,0,0,0,0,0,0,0,0,0,0,0,0,0,0,0,0	0,0,0,0,0,0,0,0,0,0,0,0,0,0,0,0,0,0,0,0,0,0,0,0,0,0,0,0,0,0,0,0,1,0,0,0,0,0,0,0	2	0	0	0	0	1	1385575	1385575	0,0,0,0,0,0,0,0,0,0,0,0,0,0,0,0,0,0,0,0,0,0,0,0,0,0,0,0,0,0,0,0,0,0,0,0,0,0,0,0	0,0,0,0,0,0,0,0,0,0,0,0,0,0,0,0,0,0,0,0,0,0,0,0,0,0,0,0,0,0,0,0,1,0,0,0,0,0,0,0
tb.dut.clusters[0].cluster.sockets[0].socket.cores[0].core.execute.fpu_unit.genblk1[0].fpu_fpnew.genblk3[2].fpnew_core.gen_operation_groups[3].i_opgroup_block.gen_merged_slice.i_multifmt_slice.gen_num_lanes[0].active_lane.lane_instance.i_fpnew_cast_multi.gen_special_results[4]	22	111	0	0	0	0	0	1	1385575	1385575	0,0,0,0,0,0,0,0,0,0,0,0,0,0,0,0,0,0,0,0,0,0,0,0,0,0,0,0,0,0,0,0,0,0,0,0,0,0,0,0	0,0,0,0,0,0,0,0,0,0,0,0,0,0,0,0,0,0,0,0,0,0,0,0,0,0,0,0,0,0,0,0,1,0,0,0,0,0,0,0	2	0	0	0	0	1	1385575	1385575	0,0,0,0,0,0,0,0,0,0,0,0,0,0,0,0,0,0,0,0,0,0,0,0,0,0,0,0,0,0,0,0,0,0,0,0,0,0,0,0	0,0,0,0,0,0,0,0,0,0,0,0,0,0,0,0,0,0,0,0,0,0,0,0,0,0,0,0,0,0,0,0,1,0,0,0,0,0,0,0
tb.dut.clusters[0].cluster.sockets[0].socket.cores[0].core.execute.fpu_unit.genblk1[0].fpu_fpnew.genblk3[2].fpnew_core.gen_operation_groups[3].i_opgroup_block.gen_merged_slice.i_multifmt_slice.gen_num_lanes[0].active_lane.lane_instance.i_fpnew_cast_multi.gen_special_results_int[0]	22	32	0	0	0	0	0	1	1385575	1385575	0,0,0,0,0,0,0,0,0,0,0,0,0,0,0,0,0,0,0,0,0,0,0,0,0,0,0,0,0,0,0,0,0,0,0,0,0,0,0,0	0,0,0,0,0,0,0,0,0,0,0,0,0,0,0,0,0,0,0,0,0,0,0,0,0,0,0,0,0,0,0,0,1,0,0,0,0,0,0,0	2	0	0	0	0	1	1385575	1385575	0,0,0,0,0,0,0,0,0,0,0,0,0,0,0,0,0,0,0,0,0,0,0,0,0,0,0,0,0,0,0,0,0,0,0,0,0,0,0,0	0,0,0,0,0,0,0,0,0,0,0,0,0,0,0,0,0,0,0,0,0,0,0,0,0,0,0,0,0,0,0,0,1,0,0,0,0,0,0,0
tb.dut.clusters[0].cluster.sockets[0].socket.cores[0].core.execute.fpu_unit.genblk1[0].fpu_fpnew.genblk3[2].fpnew_core.gen_operation_groups[3].i_opgroup_block.gen_merged_slice.i_multifmt_slice.gen_num_lanes[0].active_lane.lane_instance.i_fpnew_cast_multi.gen_special_results_int[1]	22	32	0	0	0	0	0	1	1385575	1385575	0,0,0,0,0,0,0,0,0,0,0,0,0,0,0,0,0,0,0,0,0,0,0,0,0,0,0,0,0,0,0,0,0,0,0,0,0,0,0,0	0,0,0,0,0,0,0,0,0,0,0,0,0,0,0,0,0,0,0,0,0,0,0,0,0,0,0,0,0,0,0,0,1,0,0,0,0,0,0,0	2	0	0	0	0	1	1385575	1385575	0,0,0,0,0,0,0,0,0,0,0,0,0,0,0,0,0,0,0,0,0,0,0,0,0,0,0,0,0,0,0,0,0,0,0,0,0,0,0,0	0,0,0,0,0,0,0,0,0,0,0,0,0,0,0,0,0,0,0,0,0,0,0,0,0,0,0,0,0,0,0,0,1,0,0,0,0,0,0,0
tb.dut.clusters[0].cluster.sockets[0].socket.cores[0].core.execute.fpu_unit.genblk1[0].fpu_fpnew.genblk3[2].fpnew_core.gen_operation_groups[3].i_opgroup_block.gen_merged_slice.i_multifmt_slice.gen_num_lanes[0].active_lane.lane_instance.i_fpnew_cast_multi.gen_special_results_int[2]	22	32	0	0	0	0	0	1	1385575	1385575	0,0,0,0,0,0,0,0,0,0,0,0,0,0,0,0,0,0,0,0,0,0,0,0,0,0,0,0,0,0,0,0,0,0,0,0,0,0,0,0	0,0,0,0,0,0,0,0,0,0,0,0,0,0,0,0,0,0,0,0,0,0,0,0,0,0,0,0,0,0,0,0,1,0,0,0,0,0,0,0	2	0	0	0	0	1	1385575	1385575	0,0,0,0,0,0,0,0,0,0,0,0,0,0,0,0,0,0,0,0,0,0,0,0,0,0,0,0,0,0,0,0,0,0,0,0,0,0,0,0	0,0,0,0,0,0,0,0,0,0,0,0,0,0,0,0,0,0,0,0,0,0,0,0,0,0,0,0,0,0,0,0,1,0,0,0,0,0,0,0
tb.dut.clusters[0].cluster.sockets[0].socket.cores[0].core.execute.fpu_unit.genblk1[0].fpu_fpnew.genblk3[2].fpnew_core.gen_operation_groups[3].i_opgroup_block.gen_merged_slice.i_multifmt_slice.gen_num_lanes[0].active_lane.lane_instance.i_fpnew_cast_multi.gen_special_results_int[3]	22	32	0	0	0	0	0	1	1385575	1385575	0,0,0,0,0,0,0,0,0,0,0,0,0,0,0,0,0,0,0,0,0,0,0,0,0,0,0,0,0,0,0,0,0,0,0,0,0,0,0,0	0,0,0,0,0,0,0,0,0,0,0,0,0,0,0,0,0,0,0,0,0,0,0,0,0,0,0,0,0,0,0,0,1,0,0,0,0,0,0,0	2	0	0	0	0	1	1385575	1385575	0,0,0,0,0,0,0,0,0,0,0,0,0,0,0,0,0,0,0,0,0,0,0,0,0,0,0,0,0,0,0,0,0,0,0,0,0,0,0,0	0,0,0,0,0,0,0,0,0,0,0,0,0,0,0,0,0,0,0,0,0,0,0,0,0,0,0,0,0,0,0,0,1,0,0,0,0,0,0,0
tb.dut.clusters[0].cluster.sockets[0].socket.cores[0].core.execute.fpu_unit.genblk1[0].fpu_fpnew.genblk3[2].fpnew_core.gen_operation_groups[3].i_opgroup_block.gen_merged_slice.i_multifmt_slice.gen_num_lanes[0].active_lane.lane_instance.i_fpnew_cast_multi.i_fpnew_rounding	22	106	277	32	32	32	1	33	1385543	1384884	32,0,0,0,0,0,0,0,0,0,0,0,0,0,0,0,0,0,0,0,0,0,0,0,0,0,0,0,0,0,0,0,0,0,0,0,0,0,0,0	2,14,7,1,0,0,0,0,0,0,0,0,0,0,0,0,7,0,0,0,1,0,0,0,0,0,0,0,0,0,0,0,1,0,0,0,0,0,0,0	2	32	32	32	1	33	1385543	1384884	32,0,0,0,0,0,0,0,0,0,0,0,0,0,0,0,0,0,0,0,0,0,0,0,0,0,0,0,0,0,0,0,0,0,0,0,0,0,0,0	2,14,7,1,0,0,0,0,0,0,0,0,0,0,0,0,7,0,0,0,1,0,0,0,0,0,0,0,0,0,0,0,1,0,0,0,0,0,0,0
tb.dut.clusters[0].cluster.sockets[0].socket.cores[0].core.execute.fpu_unit.genblk1[0].fpu_fpnew.genblk3[2].fpnew_core.gen_operation_groups[3].i_opgroup_block.gen_merged_slice.i_multifmt_slice.gen_num_lanes[0].active_lane.lane_instance.i_fpnew_cast_multi.i_lzc	22	519	350	32	32	32	1	33	1385543	1384886	32,0,0,0,0,0,0,0,0,0,0,0,0,0,0,0,0,0,0,0,0,0,0,0,0,0,0,0,0,0,0,0,0,0,0,0,0,0,0,0	2,14,7,1,0,0,0,0,0,0,0,0,0,0,0,0,7,0,0,0,1,0,0,0,0,0,0,0,0,0,0,0,1,0,0,0,0,0,0,0	3	32	32	32	1	33	1385543	1384886	32,0,0,0,0,0,0,0,0,0,0,0,0,0,0,0,0,0,0,0,0,0,0,0,0,0,0,0,0,0,0,0,0,0,0,0,0,0,0,0	2,14,7,1,0,0,0,0,0,0,0,0,0,0,0,0,7,0,0,0,1,0,0,0,0,0,0,0,0,0,0,0,1,0,0,0,0,0,0,0
tb.dut.clusters[0].cluster.sockets[0].socket.cores[0].core.execute.fpu_unit.genblk1[0].fpu_fpnew.genblk3[2].fpnew_core.gen_operation_groups[3].i_opgroup_block.gen_merged_slice.i_multifmt_slice.gen_num_lanes[0].active_lane.lane_instance.i_fpnew_cast_multi.i_lzc.gen_lzc	23	416	255	32	32	32	1	33	1385543	1384886	32,0,0,0,0,0,0,0,0,0,0,0,0,0,0,0,0,0,0,0,0,0,0,0,0,0,0,0,0,0,0,0,0,0,0,0,0,0,0,0	2,14,7,1,0,0,0,0,0,0,0,0,0,0,0,0,7,0,0,0,1,0,0,0,0,0,0,0,0,0,0,0,1,0,0,0,0,0,0,0	3	24	24	24	1	25	1385551	1384889	24,0,0,0,0,0,0,0,0,0,0,0,0,0,0,0,0,0,0,0,0,0,0,0,0,0,0,0,0,0,0,0,0,0,0,0,0,0,0,0	1,7,7,1,0,0,0,0,0,0,0,0,0,0,0,0,7,0,0,0,1,0,0,0,0,0,0,0,0,0,0,0,1,0,0,0,0,0,0,0
tb.dut.clusters[0].cluster.sockets[0].socket.cores[0].core.execute.fpu_unit.genblk1[0].fpu_fpnew.genblk3[2].fpnew_core.gen_operation_groups[3].i_opgroup_block.gen_merged_slice.i_multifmt_slice.gen_num_lanes[0].int_results_enabled	19	128	0	0	0	0	0	1	1385575	1385575	0,0,0,0,0,0,0,0,0,0,0,0,0,0,0,0,0,0,0,0,0,0,0,0,0,0,0,0,0,0,0,0,0,0,0,0,0,0,0,0	0,0,0,0,0,0,0,0,0,0,0,0,0,0,0,0,0,0,0,0,0,0,0,0,0,0,0,0,0,0,0,0,1,0,0,0,0,0,0,0	2	0	0	0	0	1	1385575	1385575	0,0,0,0,0,0,0,0,0,0,0,0,0,0,0,0,0,0,0,0,0,0,0,0,0,0,0,0,0,0,0,0,0,0,0,0,0,0,0,0	0,0,0,0,0,0,0,0,0,0,0,0,0,0,0,0,0,0,0,0,0,0,0,0,0,0,0,0,0,0,0,0,1,0,0,0,0,0,0,0
tb.dut.clusters[0].cluster.sockets[0].socket.cores[0].core.execute.fpu_unit.genblk1[0].fpu_fpnew.genblk3[2].fpnew_core.gen_operation_groups[3].i_opgroup_block.gen_merged_slice.i_multifmt_slice.gen_num_lanes[0].int_results_enabled.pack_int_result[0]	20	32	0	0	0	0	0	1	1385575	1385575	0,0,0,0,0,0,0,0,0,0,0,0,0,0,0,0,0,0,0,0,0,0,0,0,0,0,0,0,0,0,0,0,0,0,0,0,0,0,0,0	0,0,0,0,0,0,0,0,0,0,0,0,0,0,0,0,0,0,0,0,0,0,0,0,0,0,0,0,0,0,0,0,1,0,0,0,0,0,0,0	2	0	0	0	0	1	1385575	1385575	0,0,0,0,0,0,0,0,0,0,0,0,0,0,0,0,0,0,0,0,0,0,0,0,0,0,0,0,0,0,0,0,0,0,0,0,0,0,0,0	0,0,0,0,0,0,0,0,0,0,0,0,0,0,0,0,0,0,0,0,0,0,0,0,0,0,0,0,0,0,0,0,1,0,0,0,0,0,0,0
tb.dut.clusters[0].cluster.sockets[0].socket.cores[0].core.execute.fpu_unit.genblk1[0].fpu_fpnew.genblk3[2].fpnew_core.gen_operation_groups[3].i_opgroup_block.gen_merged_slice.i_multifmt_slice.gen_num_lanes[0].int_results_enabled.pack_int_result[1]	20	32	0	0	0	0	0	1	1385575	1385575	0,0,0,0,0,0,0,0,0,0,0,0,0,0,0,0,0,0,0,0,0,0,0,0,0,0,0,0,0,0,0,0,0,0,0,0,0,0,0,0	0,0,0,0,0,0,0,0,0,0,0,0,0,0,0,0,0,0,0,0,0,0,0,0,0,0,0,0,0,0,0,0,1,0,0,0,0,0,0,0	2	0	0	0	0	1	1385575	1385575	0,0,0,0,0,0,0,0,0,0,0,0,0,0,0,0,0,0,0,0,0,0,0,0,0,0,0,0,0,0,0,0,0,0,0,0,0,0,0,0	0,0,0,0,0,0,0,0,0,0,0,0,0,0,0,0,0,0,0,0,0,0,0,0,0,0,0,0,0,0,0,0,1,0,0,0,0,0,0,0
tb.dut.clusters[0].cluster.sockets[0].socket.cores[0].core.execute.fpu_unit.genblk1[0].fpu_fpnew.genblk3[2].fpnew_core.gen_operation_groups[3].i_opgroup_block.gen_merged_slice.i_multifmt_slice.gen_num_lanes[0].int_results_enabled.pack_int_result[2]	20	32	0	0	0	0	0	1	1385575	1385575	0,0,0,0,0,0,0,0,0,0,0,0,0,0,0,0,0,0,0,0,0,0,0,0,0,0,0,0,0,0,0,0,0,0,0,0,0,0,0,0	0,0,0,0,0,0,0,0,0,0,0,0,0,0,0,0,0,0,0,0,0,0,0,0,0,0,0,0,0,0,0,0,1,0,0,0,0,0,0,0	2	0	0	0	0	1	1385575	1385575	0,0,0,0,0,0,0,0,0,0,0,0,0,0,0,0,0,0,0,0,0,0,0,0,0,0,0,0,0,0,0,0,0,0,0,0,0,0,0,0	0,0,0,0,0,0,0,0,0,0,0,0,0,0,0,0,0,0,0,0,0,0,0,0,0,0,0,0,0,0,0,0,1,0,0,0,0,0,0,0
tb.dut.clusters[0].cluster.sockets[0].socket.cores[0].core.execute.fpu_unit.genblk1[0].fpu_fpnew.genblk3[2].fpnew_core.gen_operation_groups[3].i_opgroup_block.gen_merged_slice.i_multifmt_slice.gen_num_lanes[0].int_results_enabled.pack_int_result[3]	20	32	0	0	0	0	0	1	1385575	1385575	0,0,0,0,0,0,0,0,0,0,0,0,0,0,0,0,0,0,0,0,0,0,0,0,0,0,0,0,0,0,0,0,0,0,0,0,0,0,0,0	0,0,0,0,0,0,0,0,0,0,0,0,0,0,0,0,0,0,0,0,0,0,0,0,0,0,0,0,0,0,0,0,1,0,0,0,0,0,0,0	2	0	0	0	0	1	1385575	1385575	0,0,0,0,0,0,0,0,0,0,0,0,0,0,0,0,0,0,0,0,0,0,0,0,0,0,0,0,0,0,0,0,0,0,0,0,0,0,0,0	0,0,0,0,0,0,0,0,0,0,0,0,0,0,0,0,0,0,0,0,0,0,0,0,0,0,0,0,0,0,0,0,1,0,0,0,0,0,0,0
tb.dut.clusters[0].cluster.sockets[0].socket.cores[0].core.execute.fpu_unit.genblk1[0].fpu_fpnew.genblk3[2].fpnew_core.gen_operation_groups[3].i_opgroup_block.gen_merged_slice.i_multifmt_slice.gen_num_lanes[0].pack_fp_result[0]	19	32	0	0	0	0	0	1	1385575	1385575	0,0,0,0,0,0,0,0,0,0,0,0,0,0,0,0,0,0,0,0,0,0,0,0,0,0,0,0,0,0,0,0,0,0,0,0,0,0,0,0	0,0,0,0,0,0,0,0,0,0,0,0,0,0,0,0,0,0,0,0,0,0,0,0,0,0,0,0,0,0,0,0,1,0,0,0,0,0,0,0	2	0	0	0	0	1	1385575	1385575	0,0,0,0,0,0,0,0,0,0,0,0,0,0,0,0,0,0,0,0,0,0,0,0,0,0,0,0,0,0,0,0,0,0,0,0,0,0,0,0	0,0,0,0,0,0,0,0,0,0,0,0,0,0,0,0,0,0,0,0,0,0,0,0,0,0,0,0,0,0,0,0,1,0,0,0,0,0,0,0
tb.dut.clusters[0].cluster.sockets[0].socket.cores[0].core.execute.fpu_unit.genblk1[0].fpu_fpnew.genblk3[2].fpnew_core.gen_operation_groups[3].i_opgroup_block.gen_merged_slice.i_multifmt_slice.gen_num_lanes[0].pack_fp_result[1]	19	32	0	0	0	0	0	1	1385575	1385575	0,0,0,0,0,0,0,0,0,0,0,0,0,0,0,0,0,0,0,0,0,0,0,0,0,0,0,0,0,0,0,0,0,0,0,0,0,0,0,0	0,0,0,0,0,0,0,0,0,0,0,0,0,0,0,0,0,0,0,0,0,0,0,0,0,0,0,0,0,0,0,0,1,0,0,0,0,0,0,0	2	0	0	0	0	1	1385575	1385575	0,0,0,0,0,0,0,0,0,0,0,0,0,0,0,0,0,0,0,0,0,0,0,0,0,0,0,0,0,0,0,0,0,0,0,0,0,0,0,0	0,0,0,0,0,0,0,0,0,0,0,0,0,0,0,0,0,0,0,0,0,0,0,0,0,0,0,0,0,0,0,0,1,0,0,0,0,0,0,0
tb.dut.clusters[0].cluster.sockets[0].socket.cores[0].core.execute.fpu_unit.genblk1[0].fpu_fpnew.genblk3[2].fpnew_core.gen_operation_groups[3].i_opgroup_block.gen_merged_slice.i_multifmt_slice.gen_num_lanes[0].pack_fp_result[2]	19	32	0	0	0	0	0	1	1385575	1385575	0,0,0,0,0,0,0,0,0,0,0,0,0,0,0,0,0,0,0,0,0,0,0,0,0,0,0,0,0,0,0,0,0,0,0,0,0,0,0,0	0,0,0,0,0,0,0,0,0,0,0,0,0,0,0,0,0,0,0,0,0,0,0,0,0,0,0,0,0,0,0,0,1,0,0,0,0,0,0,0	2	0	0	0	0	1	1385575	1385575	0,0,0,0,0,0,0,0,0,0,0,0,0,0,0,0,0,0,0,0,0,0,0,0,0,0,0,0,0,0,0,0,0,0,0,0,0,0,0,0	0,0,0,0,0,0,0,0,0,0,0,0,0,0,0,0,0,0,0,0,0,0,0,0,0,0,0,0,0,0,0,0,1,0,0,0,0,0,0,0
tb.dut.clusters[0].cluster.sockets[0].socket.cores[0].core.execute.fpu_unit.genblk1[0].fpu_fpnew.genblk3[2].fpnew_core.gen_operation_groups[3].i_opgroup_block.gen_merged_slice.i_multifmt_slice.gen_num_lanes[0].pack_fp_result[3]	19	32	0	0	0	0	0	1	1385575	1385575	0,0,0,0,0,0,0,0,0,0,0,0,0,0,0,0,0,0,0,0,0,0,0,0,0,0,0,0,0,0,0,0,0,0,0,0,0,0,0,0	0,0,0,0,0,0,0,0,0,0,0,0,0,0,0,0,0,0,0,0,0,0,0,0,0,0,0,0,0,0,0,0,1,0,0,0,0,0,0,0	2	0	0	0	0	1	1385575	1385575	0,0,0,0,0,0,0,0,0,0,0,0,0,0,0,0,0,0,0,0,0,0,0,0,0,0,0,0,0,0,0,0,0,0,0,0,0,0,0,0	0,0,0,0,0,0,0,0,0,0,0,0,0,0,0,0,0,0,0,0,0,0,0,0,0,0,0,0,0,0,0,0,1,0,0,0,0,0,0,0
tb.dut.clusters[0].cluster.sockets[0].socket.cores[0].core.execute.fpu_unit.genblk1[0].fpu_fpnew.genblk3[2].fpnew_core.gen_operation_groups[3].i_opgroup_block.gen_merged_slice.i_multifmt_slice.gen_num_lanes[0].pack_fp_result[4]	19	32	0	0	0	0	0	1	1385575	1385575	0,0,0,0,0,0,0,0,0,0,0,0,0,0,0,0,0,0,0,0,0,0,0,0,0,0,0,0,0,0,0,0,0,0,0,0,0,0,0,0	0,0,0,0,0,0,0,0,0,0,0,0,0,0,0,0,0,0,0,0,0,0,0,0,0,0,0,0,0,0,0,0,1,0,0,0,0,0,0,0	2	0	0	0	0	1	1385575	1385575	0,0,0,0,0,0,0,0,0,0,0,0,0,0,0,0,0,0,0,0,0,0,0,0,0,0,0,0,0,0,0,0,0,0,0,0,0,0,0,0	0,0,0,0,0,0,0,0,0,0,0,0,0,0,0,0,0,0,0,0,0,0,0,0,0,0,0,0,0,0,0,0,1,0,0,0,0,0,0,0
tb.dut.clusters[0].cluster.sockets[0].socket.cores[0].core.execute.fpu_unit.genblk1[0].fpu_fpnew.genblk3[2].fpnew_core.gen_operation_groups[3].i_opgroup_block.gen_merged_slice.i_multifmt_slice.target_regs	18	227	98868	12374	12357	12374	3	12358	1373201	9009	12341,15,1,0,0,0,0,0,0,0,0,0,0,0,0,0,0,0,0,0,0,0,0,0,0,0,0,0,0,0,0,0,0,0,0,0,0,0,0,0	14,1,0,0,0,0,0,0,2314,1,0,5,2,0,1,0,4631,2316,0,5,3067,0,0,0,0,1,0,0,0,0,0,0,0,0,0,0,0,0,0,0	2	12374	12357	12374	3	12358	1373201	9009	12341,15,1,0,0,0,0,0,0,0,0,0,0,0,0,0,0,0,0,0,0,0,0,0,0,0,0,0,0,0,0,0,0,0,0,0,0,0,0,0	14,1,0,0,0,0,0,0,2314,1,0,5,2,0,1,0,4631,2316,0,5,3067,0,0,0,0,1,0,0,0,0,0,0,0,0,0,0,0,0,0,0
tb.dut.clusters[0].cluster.sockets[0].socket.cores[0].core.execute.fpu_unit.genblk1[0].fpu_fpnew.genblk3[2].fpnew_core.gen_operation_groups[3].i_opgroup_block.gen_merged_slice.i_multifmt_slice.target_regs.gen_bypass_pipeline[0]	19	1	0	0	0	0	0	1	1385575	1385575	0,0,0,0,0,0,0,0,0,0,0,0,0,0,0,0,0,0,0,0,0,0,0,0,0,0,0,0,0,0,0,0,0,0,0,0,0,0,0,0	0,0,0,0,0,0,0,0,0,0,0,0,0,0,0,0,0,0,0,0,0,0,0,0,0,0,0,0,0,0,0,0,1,0,0,0,0,0,0,0	2	0	0	0	0	1	1385575	1385575	0,0,0,0,0,0,0,0,0,0,0,0,0,0,0,0,0,0,0,0,0,0,0,0,0,0,0,0,0,0,0,0,0,0,0,0,0,0,0,0	0,0,0,0,0,0,0,0,0,0,0,0,0,0,0,0,0,0,0,0,0,0,0,0,0,0,0,0,0,0,0,0,1,0,0,0,0,0,0,0
tb.dut.clusters[0].cluster.sockets[0].socket.cores[0].core.execute.fpu_unit.genblk1[0].fpu_fpnew.genblk3[2].fpnew_core.gen_operation_groups[3].i_opgroup_block.gen_merged_slice.i_multifmt_slice.target_regs.gen_bypass_pipeline[1]	19	1	0	0	0	0	0	1	1385575	1385575	0,0,0,0,0,0,0,0,0,0,0,0,0,0,0,0,0,0,0,0,0,0,0,0,0,0,0,0,0,0,0,0,0,0,0,0,0,0,0,0	0,0,0,0,0,0,0,0,0,0,0,0,0,0,0,0,0,0,0,0,0,0,0,0,0,0,0,0,0,0,0,0,1,0,0,0,0,0,0,0	2	0	0	0	0	1	1385575	1385575	0,0,0,0,0,0,0,0,0,0,0,0,0,0,0,0,0,0,0,0,0,0,0,0,0,0,0,0,0,0,0,0,0,0,0,0,0,0,0,0	0,0,0,0,0,0,0,0,0,0,0,0,0,0,0,0,0,0,0,0,0,0,0,0,0,0,0,0,0,0,0,0,1,0,0,0,0,0,0,0
tb.dut.clusters[0].cluster.sockets[0].socket.cores[0].core.execute.fpu_unit.genblk1[0].fpu_fpnew.genblk3[2].fpnew_core.gen_operation_groups[3].i_opgroup_block.gen_merged_slice.i_multifmt_slice.target_regs.gen_bypass_pipeline[2]	19	1	0	0	0	0	0	1	1385575	1385575	0,0,0,0,0,0,0,0,0,0,0,0,0,0,0,0,0,0,0,0,0,0,0,0,0,0,0,0,0,0,0,0,0,0,0,0,0,0,0,0	0,0,0,0,0,0,0,0,0,0,0,0,0,0,0,0,0,0,0,0,0,0,0,0,0,0,0,0,0,0,0,0,1,0,0,0,0,0,0,0	2	0	0	0	0	1	1385575	1385575	0,0,0,0,0,0,0,0,0,0,0,0,0,0,0,0,0,0,0,0,0,0,0,0,0,0,0,0,0,0,0,0,0,0,0,0,0,0,0,0	0,0,0,0,0,0,0,0,0,0,0,0,0,0,0,0,0,0,0,0,0,0,0,0,0,0,0,0,0,0,0,0,1,0,0,0,0,0,0,0
tb.dut.clusters[0].cluster.sockets[0].socket.cores[0].core.execute.fpu_unit.genblk1[0].fpu_fpnew.genblk3[2].fpnew_core.gen_operation_groups[3].i_opgroup_block.gen_merged_slice.i_multifmt_slice.target_regs.gen_bypass_pipeline[3]	19	1	0	0	0	0	0	1	1385575	1385575	0,0,0,0,0,0,0,0,0,0,0,0,0,0,0,0,0,0,0,0,0,0,0,0,0,0,0,0,0,0,0,0,0,0,0,0,0,0,0,0	0,0,0,0,0,0,0,0,0,0,0,0,0,0,0,0,0,0,0,0,0,0,0,0,0,0,0,0,0,0,0,0,1,0,0,0,0,0,0,0	2	0	0	0	0	1	1385575	1385575	0,0,0,0,0,0,0,0,0,0,0,0,0,0,0,0,0,0,0,0,0,0,0,0,0,0,0,0,0,0,0,0,0,0,0,0,0,0,0,0	0,0,0,0,0,0,0,0,0,0,0,0,0,0,0,0,0,0,0,0,0,0,0,0,0,0,0,0,0,0,0,0,1,0,0,0,0,0,0,0
tb.dut.clusters[0].cluster.sockets[0].socket.cores[0].core.execute.fpu_unit.genblk1[0].fpu_fpnew.genblk3[2].fpnew_core.gen_operation_groups[3].i_opgroup_block.gen_merged_slice.i_multifmt_slice.target_regs.gen_bypass_pipeline[4]	19	1	0	0	0	0	0	1	1385575	1385575	0,0,0,0,0,0,0,0,0,0,0,0,0,0,0,0,0,0,0,0,0,0,0,0,0,0,0,0,0,0,0,0,0,0,0,0,0,0,0,0	0,0,0,0,0,0,0,0,0,0,0,0,0,0,0,0,0,0,0,0,0,0,0,0,0,0,0,0,0,0,0,0,1,0,0,0,0,0,0,0	2	0	0	0	0	1	1385575	1385575	0,0,0,0,0,0,0,0,0,0,0,0,0,0,0,0,0,0,0,0,0,0,0,0,0,0,0,0,0,0,0,0,0,0,0,0,0,0,0,0	0,0,0,0,0,0,0,0,0,0,0,0,0,0,0,0,0,0,0,0,0,0,0,0,0,0,0,0,0,0,0,0,1,0,0,0,0,0,0,0
tb.dut.clusters[0].cluster.sockets[0].socket.cores[0].core.execute.fpu_unit.genblk1[0].fpu_fpnew.genblk3[2].fpnew_core.gen_operation_groups[3].i_opgroup_block.gen_parallel_slices[0]	16	2	0	0	0	0	0	1	1385575	1385575	0,0,0,0,0,0,0,0,0,0,0,0,0,0,0,0,0,0,0,0,0,0,0,0,0,0,0,0,0,0,0,0,0,0,0,0,0,0,0,0	0,0,0,0,0,0,0,0,0,0,0,0,0,0,0,0,0,0,0,0,0,0,0,0,0,0,0,0,0,0,0,0,1,0,0,0,0,0,0,0	2	0	0	0	0	1	1385575	1385575	0,0,0,0,0,0,0,0,0,0,0,0,0,0,0,0,0,0,0,0,0,0,0,0,0,0,0,0,0,0,0,0,0,0,0,0,0,0,0,0	0,0,0,0,0,0,0,0,0,0,0,0,0,0,0,0,0,0,0,0,0,0,0,0,0,0,0,0,0,0,0,0,1,0,0,0,0,0,0,0
tb.dut.clusters[0].cluster.sockets[0].socket.cores[0].core.execute.fpu_unit.genblk1[0].fpu_fpnew.genblk3[2].fpnew_core.gen_operation_groups[3].i_opgroup_block.gen_parallel_slices[1]	16	2	0	0	0	0	0	1	1385575	1385575	0,0,0,0,0,0,0,0,0,0,0,0,0,0,0,0,0,0,0,0,0,0,0,0,0,0,0,0,0,0,0,0,0,0,0,0,0,0,0,0	0,0,0,0,0,0,0,0,0,0,0,0,0,0,0,0,0,0,0,0,0,0,0,0,0,0,0,0,0,0,0,0,1,0,0,0,0,0,0,0	2	0	0	0	0	1	1385575	1385575	0,0,0,0,0,0,0,0,0,0,0,0,0,0,0,0,0,0,0,0,0,0,0,0,0,0,0,0,0,0,0,0,0,0,0,0,0,0,0,0	0,0,0,0,0,0,0,0,0,0,0,0,0,0,0,0,0,0,0,0,0,0,0,0,0,0,0,0,0,0,0,0,1,0,0,0,0,0,0,0
tb.dut.clusters[0].cluster.sockets[0].socket.cores[0].core.execute.fpu_unit.genblk1[0].fpu_fpnew.genblk3[2].fpnew_core.gen_operation_groups[3].i_opgroup_block.gen_parallel_slices[2]	16	2	0	0	0	0	0	1	1385575	1385575	0,0,0,0,0,0,0,0,0,0,0,0,0,0,0,0,0,0,0,0,0,0,0,0,0,0,0,0,0,0,0,0,0,0,0,0,0,0,0,0	0,0,0,0,0,0,0,0,0,0,0,0,0,0,0,0,0,0,0,0,0,0,0,0,0,0,0,0,0,0,0,0,1,0,0,0,0,0,0,0	2	0	0	0	0	1	1385575	1385575	0,0,0,0,0,0,0,0,0,0,0,0,0,0,0,0,0,0,0,0,0,0,0,0,0,0,0,0,0,0,0,0,0,0,0,0,0,0,0,0	0,0,0,0,0,0,0,0,0,0,0,0,0,0,0,0,0,0,0,0,0,0,0,0,0,0,0,0,0,0,0,0,1,0,0,0,0,0,0,0
tb.dut.clusters[0].cluster.sockets[0].socket.cores[0].core.execute.fpu_unit.genblk1[0].fpu_fpnew.genblk3[2].fpnew_core.gen_operation_groups[3].i_opgroup_block.gen_parallel_slices[3]	16	2	0	0	0	0	0	1	1385575	1385575	0,0,0,0,0,0,0,0,0,0,0,0,0,0,0,0,0,0,0,0,0,0,0,0,0,0,0,0,0,0,0,0,0,0,0,0,0,0,0,0	0,0,0,0,0,0,0,0,0,0,0,0,0,0,0,0,0,0,0,0,0,0,0,0,0,0,0,0,0,0,0,0,1,0,0,0,0,0,0,0	2	0	0	0	0	1	1385575	1385575	0,0,0,0,0,0,0,0,0,0,0,0,0,0,0,0,0,0,0,0,0,0,0,0,0,0,0,0,0,0,0,0,0,0,0,0,0,0,0,0	0,0,0,0,0,0,0,0,0,0,0,0,0,0,0,0,0,0,0,0,0,0,0,0,0,0,0,0,0,0,0,0,1,0,0,0,0,0,0,0
tb.dut.clusters[0].cluster.sockets[0].socket.cores[0].core.execute.fpu_unit.genblk1[0].fpu_fpnew.genblk3[2].fpnew_core.gen_operation_groups[3].i_opgroup_block.gen_parallel_slices[4]	16	2	0	0	0	0	0	1	1385575	1385575	0,0,0,0,0,0,0,0,0,0,0,0,0,0,0,0,0,0,0,0,0,0,0,0,0,0,0,0,0,0,0,0,0,0,0,0,0,0,0,0	0,0,0,0,0,0,0,0,0,0,0,0,0,0,0,0,0,0,0,0,0,0,0,0,0,0,0,0,0,0,0,0,1,0,0,0,0,0,0,0	2	0	0	0	0	1	1385575	1385575	0,0,0,0,0,0,0,0,0,0,0,0,0,0,0,0,0,0,0,0,0,0,0,0,0,0,0,0,0,0,0,0,0,0,0,0,0,0,0,0	0,0,0,0,0,0,0,0,0,0,0,0,0,0,0,0,0,0,0,0,0,0,0,0,0,0,0,0,0,0,0,0,1,0,0,0,0,0,0,0
tb.dut.clusters[0].cluster.sockets[0].socket.cores[0].core.execute.fpu_unit.genblk1[0].fpu_fpnew.genblk3[2].fpnew_core.gen_operation_groups[3].i_opgroup_block.i_arbiter	16	1510	795573	196754	98368	196754	8	98369	1188821	8601	2,98360,0,4,0,0,0,2,0,0,0,0,0,0,0,0,0,0,0,0,0,0,0,0,0,0,0,0,0,0,0,0,0,0,0,0,0,0,0,0	26,19,9,7,0,1,0,49150,0,1,0,0,0,1,0,49149,4,0,0,0,1,0,0,0,0,1,0,0,0,0,0,0,0,0,0,0,0,0,0,0	8	64	30	64	4	31	1385511	1384882	0,28,0,2,0,0,0,0,0,0,0,0,0,0,0,0,0,0,0,0,0,0,0,0,0,0,0,0,0,0,0,0,0,0,0,0,0,0,0,0	14,7,1,0,0,0,0,0,0,0,0,0,0,0,0,0,7,0,0,0,1,0,0,0,0,0,0,0,0,0,0,0,1,0,0,0,0,0,0,0
tb.dut.clusters[0].cluster.sockets[0].socket.cores[0].core.execute.fpu_unit.genblk1[0].fpu_fpnew.genblk3[2].fpnew_core.gen_operation_groups[3].i_opgroup_block.i_arbiter.gen_arbiter	17	1150	596344	196752	98366	196752	8	98367	1188823	8601	0,98360,0,4,0,0,0,2,0,0,0,0,0,0,0,0,0,0,0,0,0,0,0,0,0,0,0,0,0,0,0,0,0,0,0,0,0,0,0,0	26,19,8,7,0,1,0,49150,0,1,0,0,0,1,0,49149,3,0,0,0,1,0,0,0,0,1,0,0,0,0,0,0,0,0,0,0,0,0,0,0	6	64	30	64	4	31	1385511	1384882	0,28,0,2,0,0,0,0,0,0,0,0,0,0,0,0,0,0,0,0,0,0,0,0,0,0,0,0,0,0,0,0,0,0,0,0,0,0,0,0	14,7,1,0,0,0,0,0,0,0,0,0,0,0,0,0,7,0,0,0,1,0,0,0,0,0,0,0,0,0,0,0,1,0,0,0,0,0,0,0
tb.dut.clusters[0].cluster.sockets[0].socket.cores[0].core.execute.fpu_unit.genblk1[0].fpu_fpnew.genblk3[2].fpnew_core.gen_operation_groups[3].i_opgroup_block.i_arbiter.gen_arbiter.gen_int_rr	18	340	640	64	30	64	4	31	1385511	1384882	0,28,0,2,0,0,0,0,0,0,0,0,0,0,0,0,0,0,0,0,0,0,0,0,0,0,0,0,0,0,0,0,0,0,0,0,0,0,0,0	14,7,1,0,0,0,0,0,0,0,0,0,0,0,0,0,7,0,0,0,1,0,0,0,0,0,0,0,0,0,0,0,1,0,0,0,0,0,0,0	2	64	30	64	4	31	1385511	1384882	0,28,0,2,0,0,0,0,0,0,0,0,0,0,0,0,0,0,0,0,0,0,0,0,0,0,0,0,0,0,0,0,0,0,0,0,0,0,0,0	14,7,1,0,0,0,0,0,0,0,0,0,0,0,0,0,7,0,0,0,1,0,0,0,0,0,0,0,0,0,0,0,1,0,0,0,0,0,0,0
tb.dut.clusters[0].cluster.sockets[0].socket.cores[0].core.execute.fpu_unit.genblk1[0].fpu_fpnew.genblk3[2].fpnew_core.gen_operation_groups[3].i_opgroup_block.i_arbiter.gen_arbiter.gen_int_rr.gen_fair_arb	19	337	640	64	30	64	4	31	1385511	1384882	0,28,0,2,0,0,0,0,0,0,0,0,0,0,0,0,0,0,0,0,0,0,0,0,0,0,0,0,0,0,0,0,0,0,0,0,0,0,0,0	14,7,1,0,0,0,0,0,0,0,0,0,0,0,0,0,7,0,0,0,1,0,0,0,0,0,0,0,0,0,0,0,1,0,0,0,0,0,0,0	2	64	30	64	4	31	1385511	1384882	0,28,0,2,0,0,0,0,0,0,0,0,0,0,0,0,0,0,0,0,0,0,0,0,0,0,0,0,0,0,0,0,0,0,0,0,0,0,0,0	14,7,1,0,0,0,0,0,0,0,0,0,0,0,0,0,7,0,0,0,1,0,0,0,0,0,0,0,0,0,0,0,1,0,0,0,0,0,0,0
tb.dut.clusters[0].cluster.sockets[0].socket.cores[0].core.execute.fpu_unit.genblk1[0].fpu_fpnew.genblk3[2].fpnew_core.gen_operation_groups[3].i_opgroup_block.i_arbiter.gen_arbiter.gen_int_rr.gen_fair_arb.i_lzc_lower	20	158	576	64	30	64	4	31	1385511	1384882	0,28,0,2,0,0,0,0,0,0,0,0,0,0,0,0,0,0,0,0,0,0,0,0,0,0,0,0,0,0,0,0,0,0,0,0,0,0,0,0	14,7,1,0,0,0,0,0,0,0,0,0,0,0,0,0,7,0,0,0,1,0,0,0,0,0,0,0,0,0,0,0,1,0,0,0,0,0,0,0	2	64	30	64	4	31	1385511	1384882	0,28,0,2,0,0,0,0,0,0,0,0,0,0,0,0,0,0,0,0,0,0,0,0,0,0,0,0,0,0,0,0,0,0,0,0,0,0,0,0	14,7,1,0,0,0,0,0,0,0,0,0,0,0,0,0,7,0,0,0,1,0,0,0,0,0,0,0,0,0,0,0,1,0,0,0,0,0,0,0
tb.dut.clusters[0].cluster.sockets[0].socket.cores[0].core.execute.fpu_unit.genblk1[0].fpu_fpnew.genblk3[2].fpnew_core.gen_operation_groups[3].i_opgroup_block.i_arbiter.gen_arbiter.gen_int_rr.gen_fair_arb.i_lzc_lower.gen_lzc	21	84	448	64	30	64	4	31	1385511	1384882	0,28,0,2,0,0,0,0,0,0,0,0,0,0,0,0,0,0,0,0,0,0,0,0,0,0,0,0,0,0,0,0,0,0,0,0,0,0,0,0	14,7,1,0,0,0,0,0,0,0,0,0,0,0,0,0,7,0,0,0,1,0,0,0,0,0,0,0,0,0,0,0,1,0,0,0,0,0,0,0	2	64	30	64	4	31	1385511	1384882	0,28,0,2,0,0,0,0,0,0,0,0,0,0,0,0,0,0,0,0,0,0,0,0,0,0,0,0,0,0,0,0,0,0,0,0,0,0,0,0	14,7,1,0,0,0,0,0,0,0,0,0,0,0,0,0,7,0,0,0,1,0,0,0,0,0,0,0,0,0,0,0,1,0,0,0,0,0,0,0
tb.dut.clusters[0].cluster.sockets[0].socket.cores[0].core.execute.fpu_unit.genblk1[0].fpu_fpnew.genblk3[2].fpnew_core.gen_operation_groups[3].i_opgroup_block.i_arbiter.gen_arbiter.gen_int_rr.gen_fair_arb.i_lzc_upper	20	158	0	0	0	0	0	1	1385575	1385575	0,0,0,0,0,0,0,0,0,0,0,0,0,0,0,0,0,0,0,0,0,0,0,0,0,0,0,0,0,0,0,0,0,0,0,0,0,0,0,0	0,0,0,0,0,0,0,0,0,0,0,0,0,0,0,0,0,0,0,0,0,0,0,0,0,0,0,0,0,0,0,0,1,0,0,0,0,0,0,0	2	0	0	0	0	1	1385575	1385575	0,0,0,0,0,0,0,0,0,0,0,0,0,0,0,0,0,0,0,0,0,0,0,0,0,0,0,0,0,0,0,0,0,0,0,0,0,0,0,0	0,0,0,0,0,0,0,0,0,0,0,0,0,0,0,0,0,0,0,0,0,0,0,0,0,0,0,0,0,0,0,0,1,0,0,0,0,0,0,0
tb.dut.clusters[0].cluster.sockets[0].socket.cores[0].core.execute.fpu_unit.genblk1[0].fpu_fpnew.genblk3[2].fpnew_core.gen_operation_groups[3].i_opgroup_block.i_arbiter.gen_arbiter.gen_int_rr.gen_fair_arb.i_lzc_upper.gen_lzc	21	84	0	0	0	0	0	1	1385575	1385575	0,0,0,0,0,0,0,0,0,0,0,0,0,0,0,0,0,0,0,0,0,0,0,0,0,0,0,0,0,0,0,0,0,0,0,0,0,0,0,0	0,0,0,0,0,0,0,0,0,0,0,0,0,0,0,0,0,0,0,0,0,0,0,0,0,0,0,0,0,0,0,0,1,0,0,0,0,0,0,0	2	0	0	0	0	1	1385575	1385575	0,0,0,0,0,0,0,0,0,0,0,0,0,0,0,0,0,0,0,0,0,0,0,0,0,0,0,0,0,0,0,0,0,0,0,0,0,0,0,0	0,0,0,0,0,0,0,0,0,0,0,0,0,0,0,0,0,0,0,0,0,0,0,0,0,0,0,0,0,0,0,0,1,0,0,0,0,0,0,0
tb.dut.clusters[0].cluster.sockets[0].socket.cores[0].core.execute.fpu_unit.genblk1[0].fpu_fpnew.genblk3[2].fpnew_core.gen_operation_groups[3].i_opgroup_block.i_arbiter.gen_arbiter.gen_levels[0]	18	65	64	64	30	64	4	31	1385511	1384882	0,28,0,2,0,0,0,0,0,0,0,0,0,0,0,0,0,0,0,0,0,0,0,0,0,0,0,0,0,0,0,0,0,0,0,0,0,0,0,0	14,7,1,0,0,0,0,0,0,0,0,0,0,0,0,0,7,0,0,0,1,0,0,0,0,0,0,0,0,0,0,0,1,0,0,0,0,0,0,0	2	0	0	0	0	1	1385575	1385575	0,0,0,0,0,0,0,0,0,0,0,0,0,0,0,0,0,0,0,0,0,0,0,0,0,0,0,0,0,0,0,0,0,0,0,0,0,0,0,0	0,0,0,0,0,0,0,0,0,0,0,0,0,0,0,0,0,0,0,0,0,0,0,0,0,0,0,0,0,0,0,0,1,0,0,0,0,0,0,0
tb.dut.clusters[0].cluster.sockets[0].socket.cores[0].core.execute.fpu_unit.genblk1[0].fpu_fpnew.genblk3[2].fpnew_core.gen_operation_groups[3].i_opgroup_block.i_arbiter.gen_arbiter.gen_levels[0].gen_level[0]	19	65	64	64	30	64	4	31	1385511	1384882	0,28,0,2,0,0,0,0,0,0,0,0,0,0,0,0,0,0,0,0,0,0,0,0,0,0,0,0,0,0,0,0,0,0,0,0,0,0,0,0	14,7,1,0,0,0,0,0,0,0,0,0,0,0,0,0,7,0,0,0,1,0,0,0,0,0,0,0,0,0,0,0,1,0,0,0,0,0,0,0	2	0	0	0	0	1	1385575	1385575	0,0,0,0,0,0,0,0,0,0,0,0,0,0,0,0,0,0,0,0,0,0,0,0,0,0,0,0,0,0,0,0,0,0,0,0,0,0,0,0	0,0,0,0,0,0,0,0,0,0,0,0,0,0,0,0,0,0,0,0,0,0,0,0,0,0,0,0,0,0,0,0,1,0,0,0,0,0,0,0
tb.dut.clusters[0].cluster.sockets[0].socket.cores[0].core.execute.fpu_unit.genblk1[0].fpu_fpnew.genblk3[2].fpnew_core.gen_operation_groups[3].i_opgroup_block.i_arbiter.gen_arbiter.gen_levels[1]	18	130	64	64	30	64	4	31	1385511	1384882	0,28,0,2,0,0,0,0,0,0,0,0,0,0,0,0,0,0,0,0,0,0,0,0,0,0,0,0,0,0,0,0,0,0,0,0,0,0,0,0	14,7,1,0,0,0,0,0,0,0,0,0,0,0,0,0,7,0,0,0,1,0,0,0,0,0,0,0,0,0,0,0,1,0,0,0,0,0,0,0	2	0	0	0	0	1	1385575	1385575	0,0,0,0,0,0,0,0,0,0,0,0,0,0,0,0,0,0,0,0,0,0,0,0,0,0,0,0,0,0,0,0,0,0,0,0,0,0,0,0	0,0,0,0,0,0,0,0,0,0,0,0,0,0,0,0,0,0,0,0,0,0,0,0,0,0,0,0,0,0,0,0,1,0,0,0,0,0,0,0
tb.dut.clusters[0].cluster.sockets[0].socket.cores[0].core.execute.fpu_unit.genblk1[0].fpu_fpnew.genblk3[2].fpnew_core.gen_operation_groups[3].i_opgroup_block.i_arbiter.gen_arbiter.gen_levels[1].gen_level[0]	19	65	64	64	30	64	4	31	1385511	1384882	0,28,0,2,0,0,0,0,0,0,0,0,0,0,0,0,0,0,0,0,0,0,0,0,0,0,0,0,0,0,0,0,0,0,0,0,0,0,0,0	14,7,1,0,0,0,0,0,0,0,0,0,0,0,0,0,7,0,0,0,1,0,0,0,0,0,0,0,0,0,0,0,1,0,0,0,0,0,0,0	2	0	0	0	0	1	1385575	1385575	0,0,0,0,0,0,0,0,0,0,0,0,0,0,0,0,0,0,0,0,0,0,0,0,0,0,0,0,0,0,0,0,0,0,0,0,0,0,0,0	0,0,0,0,0,0,0,0,0,0,0,0,0,0,0,0,0,0,0,0,0,0,0,0,0,0,0,0,0,0,0,0,1,0,0,0,0,0,0,0
tb.dut.clusters[0].cluster.sockets[0].socket.cores[0].core.execute.fpu_unit.genblk1[0].fpu_fpnew.genblk3[2].fpnew_core.gen_operation_groups[3].i_opgroup_block.i_arbiter.gen_arbiter.gen_levels[1].gen_level[1]	19	65	0	0	0	0	0	1	1385575	1385575	0,0,0,0,0,0,0,0,0,0,0,0,0,0,0,0,0,0,0,0,0,0,0,0,0,0,0,0,0,0,0,0,0,0,0,0,0,0,0,0	0,0,0,0,0,0,0,0,0,0,0,0,0,0,0,0,0,0,0,0,0,0,0,0,0,0,0,0,0,0,0,0,1,0,0,0,0,0,0,0	2	0	0	0	0	1	1385575	1385575	0,0,0,0,0,0,0,0,0,0,0,0,0,0,0,0,0,0,0,0,0,0,0,0,0,0,0,0,0,0,0,0,0,0,0,0,0,0,0,0	0,0,0,0,0,0,0,0,0,0,0,0,0,0,0,0,0,0,0,0,0,0,0,0,0,0,0,0,0,0,0,0,1,0,0,0,0,0,0,0
tb.dut.clusters[0].cluster.sockets[0].socket.cores[0].core.execute.fpu_unit.genblk1[0].fpu_fpnew.genblk3[2].fpnew_core.gen_operation_groups[3].i_opgroup_block.i_arbiter.gen_arbiter.gen_levels[2]	18	260	64	64	30	64	4	31	1385511	1384882	0,28,0,2,0,0,0,0,0,0,0,0,0,0,0,0,0,0,0,0,0,0,0,0,0,0,0,0,0,0,0,0,0,0,0,0,0,0,0,0	14,7,1,0,0,0,0,0,0,0,0,0,0,0,0,0,7,0,0,0,1,0,0,0,0,0,0,0,0,0,0,0,1,0,0,0,0,0,0,0	2	0	0	0	0	1	1385575	1385575	0,0,0,0,0,0,0,0,0,0,0,0,0,0,0,0,0,0,0,0,0,0,0,0,0,0,0,0,0,0,0,0,0,0,0,0,0,0,0,0	0,0,0,0,0,0,0,0,0,0,0,0,0,0,0,0,0,0,0,0,0,0,0,0,0,0,0,0,0,0,0,0,1,0,0,0,0,0,0,0
tb.dut.clusters[0].cluster.sockets[0].socket.cores[0].core.execute.fpu_unit.genblk1[0].fpu_fpnew.genblk3[2].fpnew_core.gen_operation_groups[3].i_opgroup_block.i_arbiter.gen_arbiter.gen_levels[2].gen_level[0]	19	65	64	64	30	64	4	31	1385511	1384882	0,28,0,2,0,0,0,0,0,0,0,0,0,0,0,0,0,0,0,0,0,0,0,0,0,0,0,0,0,0,0,0,0,0,0,0,0,0,0,0	14,7,1,0,0,0,0,0,0,0,0,0,0,0,0,0,7,0,0,0,1,0,0,0,0,0,0,0,0,0,0,0,1,0,0,0,0,0,0,0	2	0	0	0	0	1	1385575	1385575	0,0,0,0,0,0,0,0,0,0,0,0,0,0,0,0,0,0,0,0,0,0,0,0,0,0,0,0,0,0,0,0,0,0,0,0,0,0,0,0	0,0,0,0,0,0,0,0,0,0,0,0,0,0,0,0,0,0,0,0,0,0,0,0,0,0,0,0,0,0,0,0,1,0,0,0,0,0,0,0
tb.dut.clusters[0].cluster.sockets[0].socket.cores[0].core.execute.fpu_unit.genblk1[0].fpu_fpnew.genblk3[2].fpnew_core.gen_operation_groups[3].i_opgroup_block.i_arbiter.gen_arbiter.gen_levels[2].gen_level[1]	19	65	0	0	0	0	0	1	1385575	1385575	0,0,0,0,0,0,0,0,0,0,0,0,0,0,0,0,0,0,0,0,0,0,0,0,0,0,0,0,0,0,0,0,0,0,0,0,0,0,0,0	0,0,0,0,0,0,0,0,0,0,0,0,0,0,0,0,0,0,0,0,0,0,0,0,0,0,0,0,0,0,0,0,1,0,0,0,0,0,0,0	2	0	0	0	0	1	1385575	1385575	0,0,0,0,0,0,0,0,0,0,0,0,0,0,0,0,0,0,0,0,0,0,0,0,0,0,0,0,0,0,0,0,0,0,0,0,0,0,0,0	0,0,0,0,0,0,0,0,0,0,0,0,0,0,0,0,0,0,0,0,0,0,0,0,0,0,0,0,0,0,0,0,1,0,0,0,0,0,0,0
tb.dut.clusters[0].cluster.sockets[0].socket.cores[0].core.execute.fpu_unit.genblk1[0].fpu_fpnew.genblk3[2].fpnew_core.gen_operation_groups[3].i_opgroup_block.i_arbiter.gen_arbiter.gen_levels[2].gen_level[2]	19	65	0	0	0	0	0	1	1385575	1385575	0,0,0,0,0,0,0,0,0,0,0,0,0,0,0,0,0,0,0,0,0,0,0,0,0,0,0,0,0,0,0,0,0,0,0,0,0,0,0,0	0,0,0,0,0,0,0,0,0,0,0,0,0,0,0,0,0,0,0,0,0,0,0,0,0,0,0,0,0,0,0,0,1,0,0,0,0,0,0,0	2	0	0	0	0	1	1385575	1385575	0,0,0,0,0,0,0,0,0,0,0,0,0,0,0,0,0,0,0,0,0,0,0,0,0,0,0,0,0,0,0,0,0,0,0,0,0,0,0,0	0,0,0,0,0,0,0,0,0,0,0,0,0,0,0,0,0,0,0,0,0,0,0,0,0,0,0,0,0,0,0,0,1,0,0,0,0,0,0,0
tb.dut.clusters[0].cluster.sockets[0].socket.cores[0].core.execute.fpu_unit.genblk1[0].fpu_fpnew.genblk3[2].fpnew_core.gen_operation_groups[3].i_opgroup_block.i_arbiter.gen_arbiter.gen_levels[2].gen_level[3]	19	65	0	0	0	0	0	1	1385575	1385575	0,0,0,0,0,0,0,0,0,0,0,0,0,0,0,0,0,0,0,0,0,0,0,0,0,0,0,0,0,0,0,0,0,0,0,0,0,0,0,0	0,0,0,0,0,0,0,0,0,0,0,0,0,0,0,0,0,0,0,0,0,0,0,0,0,0,0,0,0,0,0,0,1,0,0,0,0,0,0,0	2	0	0	0	0	1	1385575	1385575	0,0,0,0,0,0,0,0,0,0,0,0,0,0,0,0,0,0,0,0,0,0,0,0,0,0,0,0,0,0,0,0,0,0,0,0,0,0,0,0	0,0,0,0,0,0,0,0,0,0,0,0,0,0,0,0,0,0,0,0,0,0,0,0,0,0,0,0,0,0,0,0,1,0,0,0,0,0,0,0
tb.dut.clusters[0].cluster.sockets[0].socket.cores[0].core.execute.fpu_unit.genblk1[0].fpu_fpnew.genblk3[2].fpnew_core.i_arbiter	14	947	19484326	295088	98356	295088	8	98357	1090487	8600	2,28,98308,2,2,12,0,2,0,0,0,0,0,0,0,0,0,0,0,0,0,0,0,0,0,0,0,0,0,0,0,0,0,0,0,0,0,0,0,0	26,9,11,3,0,1,49150,0,1,0,0,0,1,0,49149,1,3,0,0,0,1,0,0,0,0,1,0,0,0,0,0,0,0,0,0,0,0,0,0,0	5	196752	98366	196752	8	98367	1188823	8601	0,98360,0,4,0,0,0,2,0,0,0,0,0,0,0,0,0,0,0,0,0,0,0,0,0,0,0,0,0,0,0,0,0,0,0,0,0,0,0,0	26,19,8,7,0,1,0,49150,0,1,0,0,0,1,0,49149,3,0,0,0,1,0,0,0,0,1,0,0,0,0,0,0,0,0,0,0,0,0,0,0
tb.dut.clusters[0].cluster.sockets[0].socket.cores[0].core.execute.fpu_unit.genblk1[0].fpu_fpnew.genblk3[2].fpnew_core.i_arbiter.gen_arbiter	15	636	10922786	295086	98354	295086	8	98355	1090489	8600	0,28,98308,2,2,12,0,2,0,0,0,0,0,0,0,0,0,0,0,0,0,0,0,0,0,0,0,0,0,0,0,0,0,0,0,0,0,0,0,0	26,9,10,3,0,1,49150,0,1,0,0,0,1,0,49149,1,2,0,0,0,1,0,0,0,0,1,0,0,0,0,0,0,0,0,0,0,0,0,0,0	4	196752	98366	196752	8	98367	1188823	8601	0,98360,0,4,0,0,0,2,0,0,0,0,0,0,0,0,0,0,0,0,0,0,0,0,0,0,0,0,0,0,0,0,0,0,0,0,0,0,0,0	26,19,8,7,0,1,0,49150,0,1,0,0,0,1,0,49149,3,0,0,0,1,0,0,0,0,1,0,0,0,0,0,0,0,0,0,0,0,0,0,0
tb.dut.clusters[0].cluster.sockets[0].socket.cores[0].core.execute.fpu_unit.genblk1[0].fpu_fpnew.genblk3[2].fpnew_core.i_arbiter.gen_arbiter.gen_int_rr	16	274	1967661	196752	98366	196752	8	98367	1188823	8601	0,98360,0,4,0,0,0,2,0,0,0,0,0,0,0,0,0,0,0,0,0,0,0,0,0,0,0,0,0,0,0,0,0,0,0,0,0,0,0,0	26,19,8,7,0,1,0,49150,0,1,0,0,0,1,0,49149,3,0,0,0,1,0,0,0,0,1,0,0,0,0,0,0,0,0,0,0,0,0,0,0	2	196752	98366	196752	8	98367	1188823	8601	0,98360,0,4,0,0,0,2,0,0,0,0,0,0,0,0,0,0,0,0,0,0,0,0,0,0,0,0,0,0,0,0,0,0,0,0,0,0,0,0	26,19,8,7,0,1,0,49150,0,1,0,0,0,1,0,49149,3,0,0,0,1,0,0,0,0,1,0,0,0,0,0,0,0,0,0,0,0,0,0,0
tb.dut.clusters[0].cluster.sockets[0].socket.cores[0].core.execute.fpu_unit.genblk1[0].fpu_fpnew.genblk3[2].fpnew_core.i_arbiter.gen_arbiter.gen_int_rr.gen_fair_arb	17	272	1967624	196752	98366	196752	8	98367	1188823	8601	0,98360,0,4,0,0,0,2,0,0,0,0,0,0,0,0,0,0,0,0,0,0,0,0,0,0,0,0,0,0,0,0,0,0,0,0,0,0,0,0	26,19,8,7,0,1,0,49150,0,1,0,0,0,1,0,49149,3,0,0,0,1,0,0,0,0,1,0,0,0,0,0,0,0,0,0,0,0,0,0,0	2	196752	98366	196752	8	98367	1188823	8601	0,98360,0,4,0,0,0,2,0,0,0,0,0,0,0,0,0,0,0,0,0,0,0,0,0,0,0,0,0,0,0,0,0,0,0,0,0,0,0,0	26,19,8,7,0,1,0,49150,0,1,0,0,0,1,0,49149,3,0,0,0,1,0,0,0,0,1,0,0,0,0,0,0,0,0,0,0,0,0,0,0
tb.dut.clusters[0].cluster.sockets[0].socket.cores[0].core.execute.fpu_unit.genblk1[0].fpu_fpnew.genblk3[2].fpnew_core.i_arbiter.gen_arbiter.gen_int_rr.gen_fair_arb.i_lzc_lower	18	128	1377206	196728	98356	196728	8	98357	1188847	8601	0,98351,0,3,0,1,0,1,0,0,0,0,0,0,0,0,0,0,0,0,0,0,0,0,0,0,0,0,0,0,0,0,0,0,0,0,0,0,0,0	19,13,7,6,6,2,0,49149,0,0,0,0,0,0,0,49149,4,0,0,0,1,0,0,0,0,1,0,0,0,0,0,0,0,0,0,0,0,0,0,0	2	196728	98356	196728	8	98357	1188847	8601	0,98351,0,3,0,1,0,1,0,0,0,0,0,0,0,0,0,0,0,0,0,0,0,0,0,0,0,0,0,0,0,0,0,0,0,0,0,0,0,0	19,13,7,6,6,2,0,49149,0,0,0,0,0,0,0,49149,4,0,0,0,1,0,0,0,0,1,0,0,0,0,0,0,0,0,0,0,0,0,0,0
tb.dut.clusters[0].cluster.sockets[0].socket.cores[0].core.execute.fpu_unit.genblk1[0].fpu_fpnew.genblk3[2].fpnew_core.i_arbiter.gen_arbiter.gen_int_rr.gen_fair_arb.i_lzc_lower.gen_lzc	19	56	787006	196728	98356	196728	8	98357	1188847	8601	0,98351,0,3,0,1,0,1,0,0,0,0,0,0,0,0,0,0,0,0,0,0,0,0,0,0,0,0,0,0,0,0,0,0,0,0,0,0,0,0	19,13,7,6,6,2,0,49149,0,0,0,0,0,0,0,49149,4,0,0,0,1,0,0,0,0,1,0,0,0,0,0,0,0,0,0,0,0,0,0,0	2	196728	98356	196728	8	98357	1188847	8601	0,98351,0,3,0,1,0,1,0,0,0,0,0,0,0,0,0,0,0,0,0,0,0,0,0,0,0,0,0,0,0,0,0,0,0,0,0,0,0,0	19,13,7,6,6,2,0,49149,0,0,0,0,0,0,0,49149,4,0,0,0,1,0,0,0,0,1,0,0,0,0,0,0,0,0,0,0,0,0,0,0
tb.dut.clusters[0].cluster.sockets[0].socket.cores[0].core.execute.fpu_unit.genblk1[0].fpu_fpnew.genblk3[2].fpnew_core.i_arbiter.gen_arbiter.gen_int_rr.gen_fair_arb.i_lzc_upper	18	128	138	24	12	24	2	13	1385551	1384795	0,12,0,0,0,0,0,0,0,0,0,0,0,0,0,0,0,0,0,0,0,0,0,0,0,0,0,0,0,0,0,0,0,0,0,0,0,0,0,0	0,0,0,0,0,0,0,0,0,0,0,0,0,0,0,0,9,2,0,0,1,0,0,0,0,0,0,0,0,0,0,0,1,0,0,0,0,0,0,0	2	24	12	24	2	13	1385551	1384795	0,12,0,0,0,0,0,0,0,0,0,0,0,0,0,0,0,0,0,0,0,0,0,0,0,0,0,0,0,0,0,0,0,0,0,0,0,0,0,0	0,0,0,0,0,0,0,0,0,0,0,0,0,0,0,0,9,2,0,0,1,0,0,0,0,0,0,0,0,0,0,0,1,0,0,0,0,0,0,0
tb.dut.clusters[0].cluster.sockets[0].socket.cores[0].core.execute.fpu_unit.genblk1[0].fpu_fpnew.genblk3[2].fpnew_core.i_arbiter.gen_arbiter.gen_int_rr.gen_fair_arb.i_lzc_upper.gen_lzc	19	56	82	24	12	24	2	13	1385551	1384795	0,12,0,0,0,0,0,0,0,0,0,0,0,0,0,0,0,0,0,0,0,0,0,0,0,0,0,0,0,0,0,0,0,0,0,0,0,0,0,0	0,0,0,0,0,0,0,0,0,0,0,0,0,0,0,0,9,2,0,0,1,0,0,0,0,0,0,0,0,0,0,0,1,0,0,0,0,0,0,0	2	24	12	24	2	13	1385551	1384795	0,12,0,0,0,0,0,0,0,0,0,0,0,0,0,0,0,0,0,0,0,0,0,0,0,0,0,0,0,0,0,0,0,0,0,0,0,0,0,0	0,0,0,0,0,0,0,0,0,0,0,0,0,0,0,0,9,2,0,0,1,0,0,0,0,0,0,0,0,0,0,0,1,0,0,0,0,0,0,0
tb.dut.clusters[0].cluster.sockets[0].socket.cores[0].core.execute.fpu_unit.genblk1[0].fpu_fpnew.genblk3[2].fpnew_core.i_arbiter.gen_arbiter.gen_levels[0]	16	65	196672	196672	98334	196672	4	98335	1188903	8601	0,98332,0,2,0,0,0,0,0,0,0,0,0,0,0,0,0,0,0,0,0,0,0,0,0,0,0,0,0,0,0,0,0,0,0,0,0,0,0,0	12,6,1,4,0,0,0,49150,0,1,0,0,0,1,0,49149,9,0,0,0,1,0,0,0,0,1,0,0,0,0,0,0,0,0,0,0,0,0,0,0	2	0	0	0	0	1	1385575	1385575	0,0,0,0,0,0,0,0,0,0,0,0,0,0,0,0,0,0,0,0,0,0,0,0,0,0,0,0,0,0,0,0,0,0,0,0,0,0,0,0	0,0,0,0,0,0,0,0,0,0,0,0,0,0,0,0,0,0,0,0,0,0,0,0,0,0,0,0,0,0,0,0,1,0,0,0,0,0,0,0
tb.dut.clusters[0].cluster.sockets[0].socket.cores[0].core.execute.fpu_unit.genblk1[0].fpu_fpnew.genblk3[2].fpnew_core.i_arbiter.gen_arbiter.gen_levels[0].gen_level[0]	17	65	196672	196672	98334	196672	4	98335	1188903	8601	0,98332,0,2,0,0,0,0,0,0,0,0,0,0,0,0,0,0,0,0,0,0,0,0,0,0,0,0,0,0,0,0,0,0,0,0,0,0,0,0	12,6,1,4,0,0,0,49150,0,1,0,0,0,1,0,49149,9,0,0,0,1,0,0,0,0,1,0,0,0,0,0,0,0,0,0,0,0,0,0,0	2	0	0	0	0	1	1385575	1385575	0,0,0,0,0,0,0,0,0,0,0,0,0,0,0,0,0,0,0,0,0,0,0,0,0,0,0,0,0,0,0,0,0,0,0,0,0,0,0,0	0,0,0,0,0,0,0,0,0,0,0,0,0,0,0,0,0,0,0,0,0,0,0,0,0,0,0,0,0,0,0,0,1,0,0,0,0,0,0,0
tb.dut.clusters[0].cluster.sockets[0].socket.cores[0].core.execute.fpu_unit.genblk1[0].fpu_fpnew.genblk3[2].fpnew_core.i_arbiter.gen_arbiter.gen_levels[1]	16	130	80	80	32	80	8	33	1385495	1384801	0,28,0,2,0,0,0,2,0,0,0,0,0,0,0,0,0,0,0,0,0,0,0,0,0,0,0,0,0,0,0,0,0,0,0,0,0,0,0,0	12,6,1,1,0,1,0,0,0,0,0,0,0,0,0,0,8,2,0,0,1,0,0,0,0,0,0,0,0,0,0,0,1,0,0,0,0,0,0,0	2	0	0	0	0	1	1385575	1385575	0,0,0,0,0,0,0,0,0,0,0,0,0,0,0,0,0,0,0,0,0,0,0,0,0,0,0,0,0,0,0,0,0,0,0,0,0,0,0,0	0,0,0,0,0,0,0,0,0,0,0,0,0,0,0,0,0,0,0,0,0,0,0,0,0,0,0,0,0,0,0,0,1,0,0,0,0,0,0,0
tb.dut.clusters[0].cluster.sockets[0].socket.cores[0].core.execute.fpu_unit.genblk1[0].fpu_fpnew.genblk3[2].fpnew_core.i_arbiter.gen_arbiter.gen_levels[1].gen_level[0]	17	65	64	64	30	64	4	31	1385511	1384801	0,28,0,2,0,0,0,0,0,0,0,0,0,0,0,0,0,0,0,0,0,0,0,0,0,0,0,0,0,0,0,0,0,0,0,0,0,0,0,0	12,6,1,1,0,0,0,0,0,0,0,0,0,0,0,0,8,1,0,0,1,0,0,0,0,0,0,0,0,0,0,0,1,0,0,0,0,0,0,0	2	0	0	0	0	1	1385575	1385575	0,0,0,0,0,0,0,0,0,0,0,0,0,0,0,0,0,0,0,0,0,0,0,0,0,0,0,0,0,0,0,0,0,0,0,0,0,0,0,0	0,0,0,0,0,0,0,0,0,0,0,0,0,0,0,0,0,0,0,0,0,0,0,0,0,0,0,0,0,0,0,0,1,0,0,0,0,0,0,0
tb.dut.clusters[0].cluster.sockets[0].socket.cores[0].core.execute.fpu_unit.genblk1[0].fpu_fpnew.genblk3[2].fpnew_core.i_arbiter.gen_arbiter.gen_levels[1].gen_level[1]	17	65	16	16	2	16	8	3	1385559	1385119	0,0,0,0,0,0,0,2,0,0,0,0,0,0,0,0,0,0,0,0,0,0,0,0,0,0,0,0,0,0,0,0,0,0,0,0,0,0,0,0	0,0,0,0,0,1,0,0,0,0,0,0,0,0,0,0,0,0,0,0,1,0,0,0,0,0,0,0,0,0,0,0,1,0,0,0,0,0,0,0	2	0	0	0	0	1	1385575	1385575	0,0,0,0,0,0,0,0,0,0,0,0,0,0,0,0,0,0,0,0,0,0,0,0,0,0,0,0,0,0,0,0,0,0,0,0,0,0,0,0	0,0,0,0,0,0,0,0,0,0,0,0,0,0,0,0,0,0,0,0,0,0,0,0,0,0,0,0,0,0,0,0,1,0,0,0,0,0,0,0
tb.dut.clusters[0].cluster.sockets[0].socket.cores[0].core.execute.fpu_unit.genblk1[0].fpu_fpnew.genblk3[3]	12	43590	2610442211	1376529	5	1376529	1376503	6	9046	8600	1,0,0,0,1,0,0,0,0,2,0,0,0,0,0,0,0,0,0,0,0,0,0,0,0,0,0,0,0,0,0,0,1,0,0,0,0,0,0,0	0,0,1,1,0,0,0,0,0,0,0,0,0,0,1,1,0,0,0,0,1,0,0,0,0,1,0,0,0,0,0,0,0,0,0,0,0,0,0,0	218	1079853	49213	1079853	23	49214	305722	8601	2,30,13,4,0,6,0,1,0,4,2,2,0,0,0,0,49149,0,0,0,0,0,0,0,0,0,0,0,0,0,0,0,0,0,0,0,0,0,0,0	38,16,3,1,0,47481,1672,0,0,0,0,0,0,0,0,1,0,0,0,0,1,0,0,0,0,1,0,0,0,0,0,0,0,0,0,0,0,0,0,0
tb.dut.clusters[0].cluster.sockets[0].socket.cores[0].core.execute.fpu_unit.genblk1[0].fpu_fpnew.genblk3[3].fpnew_core	13	43581	2609581607	1376529	5	1376529	1376503	6	9046	8600	1,0,0,0,1,0,0,0,0,2,0,0,0,0,0,0,0,0,0,0,0,0,0,0,0,0,0,0,0,0,0,0,1,0,0,0,0,0,0,0	0,0,1,1,0,0,0,0,0,0,0,0,0,0,1,1,0,0,0,0,1,0,0,0,0,1,0,0,0,0,0,0,0,0,0,0,0,0,0,0	218	1079849	49213	1079849	23	49214	305726	8601	2,30,13,4,0,6,0,1,0,4,2,2,0,0,0,0,49149,0,0,0,0,0,0,0,0,0,0,0,0,0,0,0,0,0,0,0,0,0,0,0	38,16,3,1,0,47477,1676,0,0,0,0,0,0,0,0,1,0,0,0,0,1,0,0,0,0,1,0,0,0,0,0,0,0,0,0,0,0,0,0,0
tb.dut.clusters[0].cluster.sockets[0].socket.cores[0].core.execute.fpu_unit.genblk1[0].fpu_fpnew.genblk3[3].fpnew_core.gen_nanbox_check[0]	14	32	0	0	0	0	0	1	1385575	1385575	0,0,0,0,0,0,0,0,0,0,0,0,0,0,0,0,0,0,0,0,0,0,0,0,0,0,0,0,0,0,0,0,0,0,0,0,0,0,0,0	0,0,0,0,0,0,0,0,0,0,0,0,0,0,0,0,0,0,0,0,0,0,0,0,0,0,0,0,0,0,0,0,1,0,0,0,0,0,0,0	2	0	0	0	0	1	1385575	1385575	0,0,0,0,0,0,0,0,0,0,0,0,0,0,0,0,0,0,0,0,0,0,0,0,0,0,0,0,0,0,0,0,0,0,0,0,0,0,0,0	0,0,0,0,0,0,0,0,0,0,0,0,0,0,0,0,0,0,0,0,0,0,0,0,0,0,0,0,0,0,0,0,1,0,0,0,0,0,0,0
tb.dut.clusters[0].cluster.sockets[0].socket.cores[0].core.execute.fpu_unit.genblk1[0].fpu_fpnew.genblk3[3].fpnew_core.gen_nanbox_check[1]	14	32	0	0	0	0	0	1	1385575	1385575	0,0,0,0,0,0,0,0,0,0,0,0,0,0,0,0,0,0,0,0,0,0,0,0,0,0,0,0,0,0,0,0,0,0,0,0,0,0,0,0	0,0,0,0,0,0,0,0,0,0,0,0,0,0,0,0,0,0,0,0,0,0,0,0,0,0,0,0,0,0,0,0,1,0,0,0,0,0,0,0	2	0	0	0	0	1	1385575	1385575	0,0,0,0,0,0,0,0,0,0,0,0,0,0,0,0,0,0,0,0,0,0,0,0,0,0,0,0,0,0,0,0,0,0,0,0,0,0,0,0	0,0,0,0,0,0,0,0,0,0,0,0,0,0,0,0,0,0,0,0,0,0,0,0,0,0,0,0,0,0,0,0,1,0,0,0,0,0,0,0
tb.dut.clusters[0].cluster.sockets[0].socket.cores[0].core.execute.fpu_unit.genblk1[0].fpu_fpnew.genblk3[3].fpnew_core.gen_nanbox_check[2]	14	32	0	0	0	0	0	1	1385575	1385575	0,0,0,0,0,0,0,0,0,0,0,0,0,0,0,0,0,0,0,0,0,0,0,0,0,0,0,0,0,0,0,0,0,0,0,0,0,0,0,0	0,0,0,0,0,0,0,0,0,0,0,0,0,0,0,0,0,0,0,0,0,0,0,0,0,0,0,0,0,0,0,0,1,0,0,0,0,0,0,0	2	0	0	0	0	1	1385575	1385575	0,0,0,0,0,0,0,0,0,0,0,0,0,0,0,0,0,0,0,0,0,0,0,0,0,0,0,0,0,0,0,0,0,0,0,0,0,0,0,0	0,0,0,0,0,0,0,0,0,0,0,0,0,0,0,0,0,0,0,0,0,0,0,0,0,0,0,0,0,0,0,0,1,0,0,0,0,0,0,0
tb.dut.clusters[0].cluster.sockets[0].socket.cores[0].core.execute.fpu_unit.genblk1[0].fpu_fpnew.genblk3[3].fpnew_core.gen_nanbox_check[3]	14	32	0	0	0	0	0	1	1385575	1385575	0,0,0,0,0,0,0,0,0,0,0,0,0,0,0,0,0,0,0,0,0,0,0,0,0,0,0,0,0,0,0,0,0,0,0,0,0,0,0,0	0,0,0,0,0,0,0,0,0,0,0,0,0,0,0,0,0,0,0,0,0,0,0,0,0,0,0,0,0,0,0,0,1,0,0,0,0,0,0,0	2	0	0	0	0	1	1385575	1385575	0,0,0,0,0,0,0,0,0,0,0,0,0,0,0,0,0,0,0,0,0,0,0,0,0,0,0,0,0,0,0,0,0,0,0,0,0,0,0,0	0,0,0,0,0,0,0,0,0,0,0,0,0,0,0,0,0,0,0,0,0,0,0,0,0,0,0,0,0,0,0,0,1,0,0,0,0,0,0,0
tb.dut.clusters[0].cluster.sockets[0].socket.cores[0].core.execute.fpu_unit.genblk1[0].fpu_fpnew.genblk3[3].fpnew_core.gen_nanbox_check[4]	14	32	0	0	0	0	0	1	1385575	1385575	0,0,0,0,0,0,0,0,0,0,0,0,0,0,0,0,0,0,0,0,0,0,0,0,0,0,0,0,0,0,0,0,0,0,0,0,0,0,0,0	0,0,0,0,0,0,0,0,0,0,0,0,0,0,0,0,0,0,0,0,0,0,0,0,0,0,0,0,0,0,0,0,1,0,0,0,0,0,0,0	2	0	0	0	0	1	1385575	1385575	0,0,0,0,0,0,0,0,0,0,0,0,0,0,0,0,0,0,0,0,0,0,0,0,0,0,0,0,0,0,0,0,0,0,0,0,0,0,0,0	0,0,0,0,0,0,0,0,0,0,0,0,0,0,0,0,0,0,0,0,0,0,0,0,0,0,0,0,0,0,0,0,1,0,0,0,0,0,0,0
tb.dut.clusters[0].cluster.sockets[0].socket.cores[0].core.execute.fpu_unit.genblk1[0].fpu_fpnew.genblk3[3].fpnew_core.gen_operation_groups[0]	14	7400	6990990	147664	98345	147664	18	98346	1237911	8627	49164,49168,2,0,1,0,0,2,0,0,0,0,0,1,1,0,6,0,0,0,0,0,0,0,0,0,0,0,0,0,0,0,0,0,0,0,0,0,0,0	18,19,2,0,2,0,0,1,49148,0,1,0,0,1,0,49149,3,0,0,0,1,0,0,0,0,1,0,0,0,0,0,0,0,0,0,0,0,0,0,0	37	91370	91273	91370	15	91274	1294205	8627	91247,9,4,0,0,6,6,0,0,0,0,0,0,0,1,0,0,0,0,0,0,0,0,0,0,0,0,0,0,0,0,0,0,0,0,0,0,0,0,0	16,2,0,0,0,0,0,0,42246,0,0,5,4,0,1,0,48805,189,3,1,1,0,0,0,0,1,0,0,0,0,0,0,0,0,0,0,0,0,0,0
tb.dut.clusters[0].cluster.sockets[0].socket.cores[0].core.execute.fpu_unit.genblk1[0].fpu_fpnew.genblk3[3].fpnew_core.gen_operation_groups[0].i_opgroup_block	15	7352	6990924	147664	98345	147664	18	98346	1237911	8627	49164,49168,2,0,1,0,0,2,0,0,0,0,0,1,1,0,6,0,0,0,0,0,0,0,0,0,0,0,0,0,0,0,0,0,0,0,0,0,0,0	18,19,2,0,2,0,0,1,49148,0,1,0,0,1,0,49149,3,0,0,0,1,0,0,0,0,1,0,0,0,0,0,0,0,0,0,0,0,0,0,0	37	91370	91273	91370	15	91274	1294205	8627	91247,9,4,0,0,6,6,0,0,0,0,0,0,0,1,0,0,0,0,0,0,0,0,0,0,0,0,0,0,0,0,0,0,0,0,0,0,0,0,0	16,2,0,0,0,0,0,0,42246,0,0,5,4,0,1,0,48805,189,3,1,1,0,0,0,0,1,0,0,0,0,0,0,0,0,0,0,0,0,0,0
tb.dut.clusters[0].cluster.sockets[0].socket.cores[0].core.execute.fpu_unit.genblk1[0].fpu_fpnew.genblk3[3].fpnew_core.gen_operation_groups[0].i_opgroup_block.gen_parallel_slices[0]	16	5051	5563270	147664	98345	147664	18	98346	1237911	8627	49164,49168,2,0,1,0,0,2,0,0,0,0,0,1,1,0,6,0,0,0,0,0,0,0,0,0,0,0,0,0,0,0,0,0,0,0,0,0,0,0	18,19,2,0,2,0,0,1,49148,0,1,0,0,1,0,49149,3,0,0,0,1,0,0,0,0,1,0,0,0,0,0,0,0,0,0,0,0,0,0,0	26	91950	91853	91950	15	91854	1293625	8627	91827,9,4,0,0,6,6,0,0,0,0,0,0,0,1,0,0,0,0,0,0,0,0,0,0,0,0,0,0,0,0,0,0,0,0,0,0,0,0,0	16,2,0,0,0,0,0,0,42727,0,0,5,4,0,1,0,49038,58,0,1,1,0,0,0,0,1,0,0,0,0,0,0,0,0,0,0,0,0,0,0
tb.dut.clusters[0].cluster.sockets[0].socket.cores[0].core.execute.fpu_unit.genblk1[0].fpu_fpnew.genblk3[3].fpnew_core.gen_operation_groups[0].i_opgroup_block.gen_parallel_slices[0].active_format	17	5049	5563270	147664	98345	147664	18	98346	1237911	8627	49164,49168,2,0,1,0,0,2,0,0,0,0,0,1,1,0,6,0,0,0,0,0,0,0,0,0,0,0,0,0,0,0,0,0,0,0,0,0,0,0	18,19,2,0,2,0,0,1,49148,0,1,0,0,1,0,49149,3,0,0,0,1,0,0,0,0,1,0,0,0,0,0,0,0,0,0,0,0,0,0,0	26	91950	91853	91950	15	91854	1293625	8627	91827,9,4,0,0,6,6,0,0,0,0,0,0,0,1,0,0,0,0,0,0,0,0,0,0,0,0,0,0,0,0,0,0,0,0,0,0,0,0,0	16,2,0,0,0,0,0,0,42727,0,0,5,4,0,1,0,49038,58,0,1,1,0,0,0,0,1,0,0,0,0,0,0,0,0,0,0,0,0,0,0
tb.dut.clusters[0].cluster.sockets[0].socket.cores[0].core.execute.fpu_unit.genblk1[0].fpu_fpnew.genblk3[3].fpnew_core.gen_operation_groups[0].i_opgroup_block.gen_parallel_slices[0].active_format.i_fmt_slice	18	5015	5563201	147664	98345	147664	18	98346	1237911	8627	49164,49168,2,0,1,0,0,2,0,0,0,0,0,1,1,0,6,0,0,0,0,0,0,0,0,0,0,0,0,0,0,0,0,0,0,0,0,0,0,0	18,19,2,0,2,0,0,1,49148,0,1,0,0,1,0,49149,3,0,0,0,1,0,0,0,0,1,0,0,0,0,0,0,0,0,0,0,0,0,0,0	26	91950	91853	91950	15	91854	1293625	8627	91827,9,4,0,0,6,6,0,0,0,0,0,0,0,1,0,0,0,0,0,0,0,0,0,0,0,0,0,0,0,0,0,0,0,0,0,0,0,0,0	16,2,0,0,0,0,0,0,42727,0,0,5,4,0,1,0,49038,58,0,1,1,0,0,0,0,1,0,0,0,0,0,0,0,0,0,0,0,0,0,0
tb.dut.clusters[0].cluster.sockets[0].socket.cores[0].core.execute.fpu_unit.genblk1[0].fpu_fpnew.genblk3[3].fpnew_core.gen_operation_groups[0].i_opgroup_block.gen_parallel_slices[0].active_format.i_fmt_slice.gen_num_lanes[0]	19	4401	4142766	147664	98345	147664	18	98346	1237911	8627	49164,49168,2,0,1,0,0,2,0,0,0,0,0,1,1,0,6,0,0,0,0,0,0,0,0,0,0,0,0,0,0,0,0,0,0,0,0,0,0,0	18,19,2,0,2,0,0,1,49148,0,1,0,0,1,0,49149,3,0,0,0,1,0,0,0,0,1,0,0,0,0,0,0,0,0,0,0,0,0,0,0	23	91371	91273	91371	15	91274	1294204	8627	91247,8,5,0,0,6,6,0,0,0,0,0,0,0,1,0,0,0,0,0,0,0,0,0,0,0,0,0,0,0,0,0,0,0,0,0,0,0,0,0	17,1,0,0,0,0,0,0,42246,0,0,5,4,0,1,0,48805,189,3,1,1,0,0,0,0,1,0,0,0,0,0,0,0,0,0,0,0,0,0,0
tb.dut.clusters[0].cluster.sockets[0].socket.cores[0].core.execute.fpu_unit.genblk1[0].fpu_fpnew.genblk3[3].fpnew_core.gen_operation_groups[0].i_opgroup_block.gen_parallel_slices[0].active_format.i_fmt_slice.gen_num_lanes[0].active_lane	20	4368	4141296	147664	98345	147664	18	98346	1237911	8627	49164,49168,2,0,1,0,0,2,0,0,0,0,0,1,1,0,6,0,0,0,0,0,0,0,0,0,0,0,0,0,0,0,0,0,0,0,0,0,0,0	18,19,2,0,2,0,0,1,49148,0,1,0,0,1,0,49149,3,0,0,0,1,0,0,0,0,1,0,0,0,0,0,0,0,0,0,0,0,0,0,0	22	91349	91287	91349	15	91288	1294226	8627	91255,23,5,0,0,3,0,0,0,0,0,0,0,0,1,0,0,0,0,0,0,0,0,0,0,0,0,0,0,0,0,0,0,0,0,0,0,0,0,0	31,1,0,0,0,0,0,0,42246,0,0,5,3,0,1,0,48806,189,3,1,1,0,0,0,0,1,0,0,0,0,0,0,0,0,0,0,0,0,0,0
tb.dut.clusters[0].cluster.sockets[0].socket.cores[0].core.execute.fpu_unit.genblk1[0].fpu_fpnew.genblk3[3].fpnew_core.gen_operation_groups[0].i_opgroup_block.gen_parallel_slices[0].active_format.i_fmt_slice.gen_num_lanes[0].active_lane.lane_instance	21	4232	2836257	147664	98345	147664	18	98346	1237911	8627	49164,49168,2,0,1,0,0,2,0,0,0,0,0,1,1,0,6,0,0,0,0,0,0,0,0,0,0,0,0,0,0,0,0,0,0,0,0,0,0,0	18,19,2,0,2,0,0,1,49148,0,1,0,0,1,0,49149,3,0,0,0,1,0,0,0,0,1,0,0,0,0,0,0,0,0,0,0,0,0,0,0	22	81300	81246	81300	7	81247	1304275	8627	81210,26,8,0,0,0,2,0,0,0,0,0,0,0,0,0,0,0,0,0,0,0,0,0,0,0,0,0,0,0,0,0,0,0,0,0,0,0,0,0	35,1,0,0,0,0,0,0,33838,0,0,5,3,0,1,0,44801,2458,95,7,2,0,0,0,0,1,0,0,0,0,0,0,0,0,0,0,0,0,0,0
tb.dut.clusters[0].cluster.sockets[0].socket.cores[0].core.execute.fpu_unit.genblk1[0].fpu_fpnew.genblk3[3].fpnew_core.gen_operation_groups[0].i_opgroup_block.gen_parallel_slices[0].active_format.i_fmt_slice.gen_num_lanes[0].active_lane.lane_instance.i_fma	22	4232	2836257	147664	98345	147664	18	98346	1237911	8627	49164,49168,2,0,1,0,0,2,0,0,0,0,0,1,1,0,6,0,0,0,0,0,0,0,0,0,0,0,0,0,0,0,0,0,0,0,0,0,0,0	18,19,2,0,2,0,0,1,49148,0,1,0,0,1,0,49149,3,0,0,0,1,0,0,0,0,1,0,0,0,0,0,0,0,0,0,0,0,0,0,0	22	81300	81246	81300	7	81247	1304275	8627	81210,26,8,0,0,0,2,0,0,0,0,0,0,0,0,0,0,0,0,0,0,0,0,0,0,0,0,0,0,0,0,0,0,0,0,0,0,0,0,0	35,1,0,0,0,0,0,0,33838,0,0,5,3,0,1,0,44801,2458,95,7,2,0,0,0,0,1,0,0,0,0,0,0,0,0,0,0,0,0,0,0
tb.dut.clusters[0].cluster.sockets[0].socket.cores[0].core.execute.fpu_unit.genblk1[0].fpu_fpnew.genblk3[3].fpnew_core.gen_operation_groups[0].i_opgroup_block.gen_parallel_slices[0].active_format.i_fmt_slice.gen_num_lanes[0].active_lane.lane_instance.i_fma.gen_input_pipeline[0]	23	1	66	66	32	66	4	33	1385509	1384805	2,28,0,2,0,0,0,0,0,0,0,0,0,0,0,0,0,0,0,0,0,0,0,0,0,0,0,0,0,0,0,0,0,0,0,0,0,0,0,0	13,6,1,2,0,0,0,0,0,0,0,0,0,0,0,0,8,1,0,0,1,0,0,0,0,0,0,0,0,0,0,0,1,0,0,0,0,0,0,0	2	0	0	0	0	1	1385575	1385575	0,0,0,0,0,0,0,0,0,0,0,0,0,0,0,0,0,0,0,0,0,0,0,0,0,0,0,0,0,0,0,0,0,0,0,0,0,0,0,0	0,0,0,0,0,0,0,0,0,0,0,0,0,0,0,0,0,0,0,0,0,0,0,0,0,0,0,0,0,0,0,0,1,0,0,0,0,0,0,0
tb.dut.clusters[0].cluster.sockets[0].socket.cores[0].core.execute.fpu_unit.genblk1[0].fpu_fpnew.genblk3[3].fpnew_core.gen_operation_groups[0].i_opgroup_block.gen_parallel_slices[0].active_format.i_fmt_slice.gen_num_lanes[0].active_lane.lane_instance.i_fma.gen_inside_pipeline[0]	23	1	64	64	30	64	4	31	1385511	1384804	0,28,0,2,0,0,0,0,0,0,0,0,0,0,0,0,0,0,0,0,0,0,0,0,0,0,0,0,0,0,0,0,0,0,0,0,0,0,0,0	12,6,1,1,0,0,0,0,0,0,0,0,0,0,0,0,8,1,0,0,1,0,0,0,0,0,0,0,0,0,0,0,1,0,0,0,0,0,0,0	2	0	0	0	0	1	1385575	1385575	0,0,0,0,0,0,0,0,0,0,0,0,0,0,0,0,0,0,0,0,0,0,0,0,0,0,0,0,0,0,0,0,0,0,0,0,0,0,0,0	0,0,0,0,0,0,0,0,0,0,0,0,0,0,0,0,0,0,0,0,0,0,0,0,0,0,0,0,0,0,0,0,1,0,0,0,0,0,0,0
tb.dut.clusters[0].cluster.sockets[0].socket.cores[0].core.execute.fpu_unit.genblk1[0].fpu_fpnew.genblk3[3].fpnew_core.gen_operation_groups[0].i_opgroup_block.gen_parallel_slices[0].active_format.i_fmt_slice.gen_num_lanes[0].active_lane.lane_instance.i_fma.gen_inside_pipeline[1]	23	1	64	64	30	64	4	31	1385511	1384803	0,28,0,2,0,0,0,0,0,0,0,0,0,0,0,0,0,0,0,0,0,0,0,0,0,0,0,0,0,0,0,0,0,0,0,0,0,0,0,0	12,6,1,1,0,0,0,0,0,0,0,0,0,0,0,0,8,1,0,0,1,0,0,0,0,0,0,0,0,0,0,0,1,0,0,0,0,0,0,0	2	0	0	0	0	1	1385575	1385575	0,0,0,0,0,0,0,0,0,0,0,0,0,0,0,0,0,0,0,0,0,0,0,0,0,0,0,0,0,0,0,0,0,0,0,0,0,0,0,0	0,0,0,0,0,0,0,0,0,0,0,0,0,0,0,0,0,0,0,0,0,0,0,0,0,0,0,0,0,0,0,0,1,0,0,0,0,0,0,0
tb.dut.clusters[0].cluster.sockets[0].socket.cores[0].core.execute.fpu_unit.genblk1[0].fpu_fpnew.genblk3[3].fpnew_core.gen_operation_groups[0].i_opgroup_block.gen_parallel_slices[0].active_format.i_fmt_slice.gen_num_lanes[0].active_lane.lane_instance.i_fma.gen_output_pipeline[0]	23	1	64	64	30	64	4	31	1385511	1384802	0,28,0,2,0,0,0,0,0,0,0,0,0,0,0,0,0,0,0,0,0,0,0,0,0,0,0,0,0,0,0,0,0,0,0,0,0,0,0,0	12,6,1,1,0,0,0,0,0,0,0,0,0,0,0,0,8,1,0,0,1,0,0,0,0,0,0,0,0,0,0,0,1,0,0,0,0,0,0,0	2	0	0	0	0	1	1385575	1385575	0,0,0,0,0,0,0,0,0,0,0,0,0,0,0,0,0,0,0,0,0,0,0,0,0,0,0,0,0,0,0,0,0,0,0,0,0,0,0,0	0,0,0,0,0,0,0,0,0,0,0,0,0,0,0,0,0,0,0,0,0,0,0,0,0,0,0,0,0,0,0,0,1,0,0,0,0,0,0,0
tb.dut.clusters[0].cluster.sockets[0].socket.cores[0].core.execute.fpu_unit.genblk1[0].fpu_fpnew.genblk3[3].fpnew_core.gen_operation_groups[0].i_opgroup_block.gen_parallel_slices[0].active_format.i_fmt_slice.gen_num_lanes[0].active_lane.lane_instance.i_fma.i_class_inputs	23	374	265	32	32	32	1	33	1385543	1384805	32,0,0,0,0,0,0,0,0,0,0,0,0,0,0,0,0,0,0,0,0,0,0,0,0,0,0,0,0,0,0,0,0,0,0,0,0,0,0,0	2,12,6,1,1,0,0,0,0,0,0,0,0,0,0,0,7,2,0,0,1,0,0,0,0,0,0,0,0,0,0,0,1,0,0,0,0,0,0,0	2	32	32	32	1	33	1385543	1384805	32,0,0,0,0,0,0,0,0,0,0,0,0,0,0,0,0,0,0,0,0,0,0,0,0,0,0,0,0,0,0,0,0,0,0,0,0,0,0,0	2,12,6,1,1,0,0,0,0,0,0,0,0,0,0,0,7,2,0,0,1,0,0,0,0,0,0,0,0,0,0,0,1,0,0,0,0,0,0,0
tb.dut.clusters[0].cluster.sockets[0].socket.cores[0].core.execute.fpu_unit.genblk1[0].fpu_fpnew.genblk3[3].fpnew_core.gen_operation_groups[0].i_opgroup_block.gen_parallel_slices[0].active_format.i_fmt_slice.gen_num_lanes[0].active_lane.lane_instance.i_fma.i_class_inputs.gen_num_values[0]	24	40	117	32	32	32	1	33	1385543	1384805	32,0,0,0,0,0,0,0,0,0,0,0,0,0,0,0,0,0,0,0,0,0,0,0,0,0,0,0,0,0,0,0,0,0,0,0,0,0,0,0	2,12,6,1,1,0,0,0,0,0,0,0,0,0,0,0,7,2,0,0,1,0,0,0,0,0,0,0,0,0,0,0,1,0,0,0,0,0,0,0	2	23	23	23	1	24	1385552	1384805	23,0,0,0,0,0,0,0,0,0,0,0,0,0,0,0,0,0,0,0,0,0,0,0,0,0,0,0,0,0,0,0,0,0,0,0,0,0,0,0	1,6,6,1,0,0,0,0,0,0,0,0,0,0,0,0,7,0,1,0,1,0,0,0,0,0,0,0,0,0,0,0,1,0,0,0,0,0,0,0
tb.dut.clusters[0].cluster.sockets[0].socket.cores[0].core.execute.fpu_unit.genblk1[0].fpu_fpnew.genblk3[3].fpnew_core.gen_operation_groups[0].i_opgroup_block.gen_parallel_slices[0].active_format.i_fmt_slice.gen_num_lanes[0].active_lane.lane_instance.i_fma.i_class_inputs.gen_num_values[1]	24	40	10	1	1	1	1	2	1385574	1385085	1,0,0,0,0,0,0,0,0,0,0,0,0,0,0,0,0,0,0,0,0,0,0,0,0,0,0,0,0,0,0,0,0,0,0,0,0,0,0,0	0,0,0,0,0,0,0,0,0,0,0,0,0,0,0,0,0,0,0,0,1,0,0,0,0,0,0,0,0,0,0,0,1,0,0,0,0,0,0,0	2	1	1	1	1	2	1385574	1385085	1,0,0,0,0,0,0,0,0,0,0,0,0,0,0,0,0,0,0,0,0,0,0,0,0,0,0,0,0,0,0,0,0,0,0,0,0,0,0,0	0,0,0,0,0,0,0,0,0,0,0,0,0,0,0,0,0,0,0,0,1,0,0,0,0,0,0,0,0,0,0,0,1,0,0,0,0,0,0,0
tb.dut.clusters[0].cluster.sockets[0].socket.cores[0].core.execute.fpu_unit.genblk1[0].fpu_fpnew.genblk3[3].fpnew_core.gen_operation_groups[0].i_opgroup_block.gen_parallel_slices[0].active_format.i_fmt_slice.gen_num_lanes[0].active_lane.lane_instance.i_fma.i_class_inputs.gen_num_values[2]	24	40	4	1	1	1	1	2	1385574	1385085	1,0,0,0,0,0,0,0,0,0,0,0,0,0,0,0,0,0,0,0,0,0,0,0,0,0,0,0,0,0,0,0,0,0,0,0,0,0,0,0	0,0,0,0,0,0,0,0,0,0,0,0,0,0,0,0,0,0,0,0,1,0,0,0,0,0,0,0,0,0,0,0,1,0,0,0,0,0,0,0	2	1	1	1	1	2	1385574	1385085	1,0,0,0,0,0,0,0,0,0,0,0,0,0,0,0,0,0,0,0,0,0,0,0,0,0,0,0,0,0,0,0,0,0,0,0,0,0,0,0	0,0,0,0,0,0,0,0,0,0,0,0,0,0,0,0,0,0,0,0,1,0,0,0,0,0,0,0,0,0,0,0,1,0,0,0,0,0,0,0
tb.dut.clusters[0].cluster.sockets[0].socket.cores[0].core.execute.fpu_unit.genblk1[0].fpu_fpnew.genblk3[3].fpnew_core.gen_operation_groups[0].i_opgroup_block.gen_parallel_slices[0].active_format.i_fmt_slice.gen_num_lanes[0].active_lane.lane_instance.i_fma.i_fpnew_rounding	23	104	234	32	32	32	1	33	1385543	1384803	32,0,0,0,0,0,0,0,0,0,0,0,0,0,0,0,0,0,0,0,0,0,0,0,0,0,0,0,0,0,0,0,0,0,0,0,0,0,0,0	2,12,6,1,1,0,0,0,0,0,0,0,0,0,0,0,7,2,0,0,1,0,0,0,0,0,0,0,0,0,0,0,1,0,0,0,0,0,0,0	2	32	32	32	1	33	1385543	1384803	32,0,0,0,0,0,0,0,0,0,0,0,0,0,0,0,0,0,0,0,0,0,0,0,0,0,0,0,0,0,0,0,0,0,0,0,0,0,0,0	2,12,6,1,1,0,0,0,0,0,0,0,0,0,0,0,7,2,0,0,1,0,0,0,0,0,0,0,0,0,0,0,1,0,0,0,0,0,0,0
tb.dut.clusters[0].cluster.sockets[0].socket.cores[0].core.execute.fpu_unit.genblk1[0].fpu_fpnew.genblk3[3].fpnew_core.gen_operation_groups[0].i_opgroup_block.gen_parallel_slices[0].active_format.i_fmt_slice.gen_num_lanes[0].active_lane.lane_instance.i_fma.i_lzc	23	960	264	31	31	31	1	32	1385544	1384803	31,0,0,0,0,0,0,0,0,0,0,0,0,0,0,0,0,0,0,0,0,0,0,0,0,0,0,0,0,0,0,0,0,0,0,0,0,0,0,0	2,12,6,1,0,0,0,0,0,0,0,0,0,0,0,0,7,2,0,0,1,0,0,0,0,0,0,0,0,0,0,0,1,0,0,0,0,0,0,0	5	16	16	16	1	17	1385559	1384878	16,0,0,0,0,0,0,0,0,0,0,0,0,0,0,0,0,0,0,0,0,0,0,0,0,0,0,0,0,0,0,0,0,0,0,0,0,0,0,0	1,2,3,1,0,1,0,0,0,0,0,0,0,0,0,0,6,1,0,0,1,0,0,0,0,0,0,0,0,0,0,0,1,0,0,0,0,0,0,0
tb.dut.clusters[0].cluster.sockets[0].socket.cores[0].core.execute.fpu_unit.genblk1[0].fpu_fpnew.genblk3[3].fpnew_core.gen_operation_groups[0].i_opgroup_block.gen_parallel_slices[0].active_format.i_fmt_slice.gen_num_lanes[0].active_lane.lane_instance.i_fma.i_lzc.gen_lzc	24	837	195	31	31	31	1	32	1385544	1384803	31,0,0,0,0,0,0,0,0,0,0,0,0,0,0,0,0,0,0,0,0,0,0,0,0,0,0,0,0,0,0,0,0,0,0,0,0,0,0,0	2,12,6,1,0,0,0,0,0,0,0,0,0,0,0,0,7,2,0,0,1,0,0,0,0,0,0,0,0,0,0,0,1,0,0,0,0,0,0,0	5	14	14	14	1	15	1385561	1384878	14,0,0,0,0,0,0,0,0,0,0,0,0,0,0,0,0,0,0,0,0,0,0,0,0,0,0,0,0,0,0,0,0,0,0,0,0,0,0,0	1,2,2,1,0,0,0,0,0,0,0,0,0,0,0,0,5,2,0,0,1,0,0,0,0,0,0,0,0,0,0,0,1,0,0,0,0,0,0,0
tb.dut.clusters[0].cluster.sockets[0].socket.cores[0].core.execute.fpu_unit.genblk1[0].fpu_fpnew.genblk3[3].fpnew_core.gen_operation_groups[0].i_opgroup_block.gen_parallel_slices[1]	16	2	0	0	0	0	0	1	1385575	1385575	0,0,0,0,0,0,0,0,0,0,0,0,0,0,0,0,0,0,0,0,0,0,0,0,0,0,0,0,0,0,0,0,0,0,0,0,0,0,0,0	0,0,0,0,0,0,0,0,0,0,0,0,0,0,0,0,0,0,0,0,0,0,0,0,0,0,0,0,0,0,0,0,1,0,0,0,0,0,0,0	2	0	0	0	0	1	1385575	1385575	0,0,0,0,0,0,0,0,0,0,0,0,0,0,0,0,0,0,0,0,0,0,0,0,0,0,0,0,0,0,0,0,0,0,0,0,0,0,0,0	0,0,0,0,0,0,0,0,0,0,0,0,0,0,0,0,0,0,0,0,0,0,0,0,0,0,0,0,0,0,0,0,1,0,0,0,0,0,0,0
tb.dut.clusters[0].cluster.sockets[0].socket.cores[0].core.execute.fpu_unit.genblk1[0].fpu_fpnew.genblk3[3].fpnew_core.gen_operation_groups[0].i_opgroup_block.gen_parallel_slices[2]	16	2	0	0	0	0	0	1	1385575	1385575	0,0,0,0,0,0,0,0,0,0,0,0,0,0,0,0,0,0,0,0,0,0,0,0,0,0,0,0,0,0,0,0,0,0,0,0,0,0,0,0	0,0,0,0,0,0,0,0,0,0,0,0,0,0,0,0,0,0,0,0,0,0,0,0,0,0,0,0,0,0,0,0,1,0,0,0,0,0,0,0	2	0	0	0	0	1	1385575	1385575	0,0,0,0,0,0,0,0,0,0,0,0,0,0,0,0,0,0,0,0,0,0,0,0,0,0,0,0,0,0,0,0,0,0,0,0,0,0,0,0	0,0,0,0,0,0,0,0,0,0,0,0,0,0,0,0,0,0,0,0,0,0,0,0,0,0,0,0,0,0,0,0,1,0,0,0,0,0,0,0
tb.dut.clusters[0].cluster.sockets[0].socket.cores[0].core.execute.fpu_unit.genblk1[0].fpu_fpnew.genblk3[3].fpnew_core.gen_operation_groups[0].i_opgroup_block.gen_parallel_slices[3]	16	2	0	0	0	0	0	1	1385575	1385575	0,0,0,0,0,0,0,0,0,0,0,0,0,0,0,0,0,0,0,0,0,0,0,0,0,0,0,0,0,0,0,0,0,0,0,0,0,0,0,0	0,0,0,0,0,0,0,0,0,0,0,0,0,0,0,0,0,0,0,0,0,0,0,0,0,0,0,0,0,0,0,0,1,0,0,0,0,0,0,0	2	0	0	0	0	1	1385575	1385575	0,0,0,0,0,0,0,0,0,0,0,0,0,0,0,0,0,0,0,0,0,0,0,0,0,0,0,0,0,0,0,0,0,0,0,0,0,0,0,0	0,0,0,0,0,0,0,0,0,0,0,0,0,0,0,0,0,0,0,0,0,0,0,0,0,0,0,0,0,0,0,0,1,0,0,0,0,0,0,0
tb.dut.clusters[0].cluster.sockets[0].socket.cores[0].core.execute.fpu_unit.genblk1[0].fpu_fpnew.genblk3[3].fpnew_core.gen_operation_groups[0].i_opgroup_block.gen_parallel_slices[4]	16	2	0	0	0	0	0	1	1385575	1385575	0,0,0,0,0,0,0,0,0,0,0,0,0,0,0,0,0,0,0,0,0,0,0,0,0,0,0,0,0,0,0,0,0,0,0,0,0,0,0,0	0,0,0,0,0,0,0,0,0,0,0,0,0,0,0,0,0,0,0,0,0,0,0,0,0,0,0,0,0,0,0,0,1,0,0,0,0,0,0,0	2	0	0	0	0	1	1385575	1385575	0,0,0,0,0,0,0,0,0,0,0,0,0,0,0,0,0,0,0,0,0,0,0,0,0,0,0,0,0,0,0,0,0,0,0,0,0,0,0,0	0,0,0,0,0,0,0,0,0,0,0,0,0,0,0,0,0,0,0,0,0,0,0,0,0,0,0,0,0,0,0,0,1,0,0,0,0,0,0,0
tb.dut.clusters[0].cluster.sockets[0].socket.cores[0].core.execute.fpu_unit.genblk1[0].fpu_fpnew.genblk3[3].fpnew_core.gen_operation_groups[0].i_opgroup_block.i_arbiter	16	1510	8591	66	32	66	4	33	1385509	1384801	2,28,0,2,0,0,0,0,0,0,0,0,0,0,0,0,0,0,0,0,0,0,0,0,0,0,0,0,0,0,0,0,0,0,0,0,0,0,0,0	12,6,2,1,0,0,0,0,0,0,0,0,0,0,0,0,9,1,0,0,1,0,0,0,0,0,0,0,0,0,0,0,1,0,0,0,0,0,0,0	8	64	30	64	4	31	1385511	1384801	0,28,0,2,0,0,0,0,0,0,0,0,0,0,0,0,0,0,0,0,0,0,0,0,0,0,0,0,0,0,0,0,0,0,0,0,0,0,0,0	12,6,1,1,0,0,0,0,0,0,0,0,0,0,0,0,8,1,0,0,1,0,0,0,0,0,0,0,0,0,0,0,1,0,0,0,0,0,0,0
tb.dut.clusters[0].cluster.sockets[0].socket.cores[0].core.execute.fpu_unit.genblk1[0].fpu_fpnew.genblk3[3].fpnew_core.gen_operation_groups[0].i_opgroup_block.i_arbiter.gen_arbiter	17	1150	5970	64	30	64	4	31	1385511	1384801	0,28,0,2,0,0,0,0,0,0,0,0,0,0,0,0,0,0,0,0,0,0,0,0,0,0,0,0,0,0,0,0,0,0,0,0,0,0,0,0	12,6,1,1,0,0,0,0,0,0,0,0,0,0,0,0,8,1,0,0,1,0,0,0,0,0,0,0,0,0,0,0,1,0,0,0,0,0,0,0	6	64	30	64	4	31	1385511	1384801	0,28,0,2,0,0,0,0,0,0,0,0,0,0,0,0,0,0,0,0,0,0,0,0,0,0,0,0,0,0,0,0,0,0,0,0,0,0,0,0	12,6,1,1,0,0,0,0,0,0,0,0,0,0,0,0,8,1,0,0,1,0,0,0,0,0,0,0,0,0,0,0,1,0,0,0,0,0,0,0
tb.dut.clusters[0].cluster.sockets[0].socket.cores[0].core.execute.fpu_unit.genblk1[0].fpu_fpnew.genblk3[3].fpnew_core.gen_operation_groups[0].i_opgroup_block.i_arbiter.gen_arbiter.gen_int_rr	18	340	640	64	30	64	4	31	1385511	1384801	0,28,0,2,0,0,0,0,0,0,0,0,0,0,0,0,0,0,0,0,0,0,0,0,0,0,0,0,0,0,0,0,0,0,0,0,0,0,0,0	12,6,1,1,0,0,0,0,0,0,0,0,0,0,0,0,8,1,0,0,1,0,0,0,0,0,0,0,0,0,0,0,1,0,0,0,0,0,0,0	2	64	30	64	4	31	1385511	1384801	0,28,0,2,0,0,0,0,0,0,0,0,0,0,0,0,0,0,0,0,0,0,0,0,0,0,0,0,0,0,0,0,0,0,0,0,0,0,0,0	12,6,1,1,0,0,0,0,0,0,0,0,0,0,0,0,8,1,0,0,1,0,0,0,0,0,0,0,0,0,0,0,1,0,0,0,0,0,0,0
tb.dut.clusters[0].cluster.sockets[0].socket.cores[0].core.execute.fpu_unit.genblk1[0].fpu_fpnew.genblk3[3].fpnew_core.gen_operation_groups[0].i_opgroup_block.i_arbiter.gen_arbiter.gen_int_rr.gen_fair_arb	19	337	640	64	30	64	4	31	1385511	1384801	0,28,0,2,0,0,0,0,0,0,0,0,0,0,0,0,0,0,0,0,0,0,0,0,0,0,0,0,0,0,0,0,0,0,0,0,0,0,0,0	12,6,1,1,0,0,0,0,0,0,0,0,0,0,0,0,8,1,0,0,1,0,0,0,0,0,0,0,0,0,0,0,1,0,0,0,0,0,0,0	2	64	30	64	4	31	1385511	1384801	0,28,0,2,0,0,0,0,0,0,0,0,0,0,0,0,0,0,0,0,0,0,0,0,0,0,0,0,0,0,0,0,0,0,0,0,0,0,0,0	12,6,1,1,0,0,0,0,0,0,0,0,0,0,0,0,8,1,0,0,1,0,0,0,0,0,0,0,0,0,0,0,1,0,0,0,0,0,0,0
tb.dut.clusters[0].cluster.sockets[0].socket.cores[0].core.execute.fpu_unit.genblk1[0].fpu_fpnew.genblk3[3].fpnew_core.gen_operation_groups[0].i_opgroup_block.i_arbiter.gen_arbiter.gen_int_rr.gen_fair_arb.i_lzc_lower	20	158	576	64	30	64	4	31	1385511	1384801	0,28,0,2,0,0,0,0,0,0,0,0,0,0,0,0,0,0,0,0,0,0,0,0,0,0,0,0,0,0,0,0,0,0,0,0,0,0,0,0	12,6,1,1,0,0,0,0,0,0,0,0,0,0,0,0,8,1,0,0,1,0,0,0,0,0,0,0,0,0,0,0,1,0,0,0,0,0,0,0	2	64	30	64	4	31	1385511	1384801	0,28,0,2,0,0,0,0,0,0,0,0,0,0,0,0,0,0,0,0,0,0,0,0,0,0,0,0,0,0,0,0,0,0,0,0,0,0,0,0	12,6,1,1,0,0,0,0,0,0,0,0,0,0,0,0,8,1,0,0,1,0,0,0,0,0,0,0,0,0,0,0,1,0,0,0,0,0,0,0
tb.dut.clusters[0].cluster.sockets[0].socket.cores[0].core.execute.fpu_unit.genblk1[0].fpu_fpnew.genblk3[3].fpnew_core.gen_operation_groups[0].i_opgroup_block.i_arbiter.gen_arbiter.gen_int_rr.gen_fair_arb.i_lzc_lower.gen_lzc	21	84	448	64	30	64	4	31	1385511	1384801	0,28,0,2,0,0,0,0,0,0,0,0,0,0,0,0,0,0,0,0,0,0,0,0,0,0,0,0,0,0,0,0,0,0,0,0,0,0,0,0	12,6,1,1,0,0,0,0,0,0,0,0,0,0,0,0,8,1,0,0,1,0,0,0,0,0,0,0,0,0,0,0,1,0,0,0,0,0,0,0	2	64	30	64	4	31	1385511	1384801	0,28,0,2,0,0,0,0,0,0,0,0,0,0,0,0,0,0,0,0,0,0,0,0,0,0,0,0,0,0,0,0,0,0,0,0,0,0,0,0	12,6,1,1,0,0,0,0,0,0,0,0,0,0,0,0,8,1,0,0,1,0,0,0,0,0,0,0,0,0,0,0,1,0,0,0,0,0,0,0
tb.dut.clusters[0].cluster.sockets[0].socket.cores[0].core.execute.fpu_unit.genblk1[0].fpu_fpnew.genblk3[3].fpnew_core.gen_operation_groups[0].i_opgroup_block.i_arbiter.gen_arbiter.gen_int_rr.gen_fair_arb.i_lzc_upper	20	158	0	0	0	0	0	1	1385575	1385575	0,0,0,0,0,0,0,0,0,0,0,0,0,0,0,0,0,0,0,0,0,0,0,0,0,0,0,0,0,0,0,0,0,0,0,0,0,0,0,0	0,0,0,0,0,0,0,0,0,0,0,0,0,0,0,0,0,0,0,0,0,0,0,0,0,0,0,0,0,0,0,0,1,0,0,0,0,0,0,0	2	0	0	0	0	1	1385575	1385575	0,0,0,0,0,0,0,0,0,0,0,0,0,0,0,0,0,0,0,0,0,0,0,0,0,0,0,0,0,0,0,0,0,0,0,0,0,0,0,0	0,0,0,0,0,0,0,0,0,0,0,0,0,0,0,0,0,0,0,0,0,0,0,0,0,0,0,0,0,0,0,0,1,0,0,0,0,0,0,0
tb.dut.clusters[0].cluster.sockets[0].socket.cores[0].core.execute.fpu_unit.genblk1[0].fpu_fpnew.genblk3[3].fpnew_core.gen_operation_groups[0].i_opgroup_block.i_arbiter.gen_arbiter.gen_int_rr.gen_fair_arb.i_lzc_upper.gen_lzc	21	84	0	0	0	0	0	1	1385575	1385575	0,0,0,0,0,0,0,0,0,0,0,0,0,0,0,0,0,0,0,0,0,0,0,0,0,0,0,0,0,0,0,0,0,0,0,0,0,0,0,0	0,0,0,0,0,0,0,0,0,0,0,0,0,0,0,0,0,0,0,0,0,0,0,0,0,0,0,0,0,0,0,0,1,0,0,0,0,0,0,0	2	0	0	0	0	1	1385575	1385575	0,0,0,0,0,0,0,0,0,0,0,0,0,0,0,0,0,0,0,0,0,0,0,0,0,0,0,0,0,0,0,0,0,0,0,0,0,0,0,0	0,0,0,0,0,0,0,0,0,0,0,0,0,0,0,0,0,0,0,0,0,0,0,0,0,0,0,0,0,0,0,0,1,0,0,0,0,0,0,0
tb.dut.clusters[0].cluster.sockets[0].socket.cores[0].core.execute.fpu_unit.genblk1[0].fpu_fpnew.genblk3[3].fpnew_core.gen_operation_groups[0].i_opgroup_block.i_arbiter.gen_arbiter.gen_levels[0]	18	65	64	64	30	64	4	31	1385511	1384801	0,28,0,2,0,0,0,0,0,0,0,0,0,0,0,0,0,0,0,0,0,0,0,0,0,0,0,0,0,0,0,0,0,0,0,0,0,0,0,0	12,6,1,1,0,0,0,0,0,0,0,0,0,0,0,0,8,1,0,0,1,0,0,0,0,0,0,0,0,0,0,0,1,0,0,0,0,0,0,0	2	0	0	0	0	1	1385575	1385575	0,0,0,0,0,0,0,0,0,0,0,0,0,0,0,0,0,0,0,0,0,0,0,0,0,0,0,0,0,0,0,0,0,0,0,0,0,0,0,0	0,0,0,0,0,0,0,0,0,0,0,0,0,0,0,0,0,0,0,0,0,0,0,0,0,0,0,0,0,0,0,0,1,0,0,0,0,0,0,0
tb.dut.clusters[0].cluster.sockets[0].socket.cores[0].core.execute.fpu_unit.genblk1[0].fpu_fpnew.genblk3[3].fpnew_core.gen_operation_groups[0].i_opgroup_block.i_arbiter.gen_arbiter.gen_levels[0].gen_level[0]	19	65	64	64	30	64	4	31	1385511	1384801	0,28,0,2,0,0,0,0,0,0,0,0,0,0,0,0,0,0,0,0,0,0,0,0,0,0,0,0,0,0,0,0,0,0,0,0,0,0,0,0	12,6,1,1,0,0,0,0,0,0,0,0,0,0,0,0,8,1,0,0,1,0,0,0,0,0,0,0,0,0,0,0,1,0,0,0,0,0,0,0	2	0	0	0	0	1	1385575	1385575	0,0,0,0,0,0,0,0,0,0,0,0,0,0,0,0,0,0,0,0,0,0,0,0,0,0,0,0,0,0,0,0,0,0,0,0,0,0,0,0	0,0,0,0,0,0,0,0,0,0,0,0,0,0,0,0,0,0,0,0,0,0,0,0,0,0,0,0,0,0,0,0,1,0,0,0,0,0,0,0
tb.dut.clusters[0].cluster.sockets[0].socket.cores[0].core.execute.fpu_unit.genblk1[0].fpu_fpnew.genblk3[3].fpnew_core.gen_operation_groups[0].i_opgroup_block.i_arbiter.gen_arbiter.gen_levels[1]	18	130	64	64	30	64	4	31	1385511	1384801	0,28,0,2,0,0,0,0,0,0,0,0,0,0,0,0,0,0,0,0,0,0,0,0,0,0,0,0,0,0,0,0,0,0,0,0,0,0,0,0	12,6,1,1,0,0,0,0,0,0,0,0,0,0,0,0,8,1,0,0,1,0,0,0,0,0,0,0,0,0,0,0,1,0,0,0,0,0,0,0	2	0	0	0	0	1	1385575	1385575	0,0,0,0,0,0,0,0,0,0,0,0,0,0,0,0,0,0,0,0,0,0,0,0,0,0,0,0,0,0,0,0,0,0,0,0,0,0,0,0	0,0,0,0,0,0,0,0,0,0,0,0,0,0,0,0,0,0,0,0,0,0,0,0,0,0,0,0,0,0,0,0,1,0,0,0,0,0,0,0
tb.dut.clusters[0].cluster.sockets[0].socket.cores[0].core.execute.fpu_unit.genblk1[0].fpu_fpnew.genblk3[3].fpnew_core.gen_operation_groups[0].i_opgroup_block.i_arbiter.gen_arbiter.gen_levels[1].gen_level[0]	19	65	64	64	30	64	4	31	1385511	1384801	0,28,0,2,0,0,0,0,0,0,0,0,0,0,0,0,0,0,0,0,0,0,0,0,0,0,0,0,0,0,0,0,0,0,0,0,0,0,0,0	12,6,1,1,0,0,0,0,0,0,0,0,0,0,0,0,8,1,0,0,1,0,0,0,0,0,0,0,0,0,0,0,1,0,0,0,0,0,0,0	2	0	0	0	0	1	1385575	1385575	0,0,0,0,0,0,0,0,0,0,0,0,0,0,0,0,0,0,0,0,0,0,0,0,0,0,0,0,0,0,0,0,0,0,0,0,0,0,0,0	0,0,0,0,0,0,0,0,0,0,0,0,0,0,0,0,0,0,0,0,0,0,0,0,0,0,0,0,0,0,0,0,1,0,0,0,0,0,0,0
tb.dut.clusters[0].cluster.sockets[0].socket.cores[0].core.execute.fpu_unit.genblk1[0].fpu_fpnew.genblk3[3].fpnew_core.gen_operation_groups[0].i_opgroup_block.i_arbiter.gen_arbiter.gen_levels[1].gen_level[1]	19	65	0	0	0	0	0	1	1385575	1385575	0,0,0,0,0,0,0,0,0,0,0,0,0,0,0,0,0,0,0,0,0,0,0,0,0,0,0,0,0,0,0,0,0,0,0,0,0,0,0,0	0,0,0,0,0,0,0,0,0,0,0,0,0,0,0,0,0,0,0,0,0,0,0,0,0,0,0,0,0,0,0,0,1,0,0,0,0,0,0,0	2	0	0	0	0	1	1385575	1385575	0,0,0,0,0,0,0,0,0,0,0,0,0,0,0,0,0,0,0,0,0,0,0,0,0,0,0,0,0,0,0,0,0,0,0,0,0,0,0,0	0,0,0,0,0,0,0,0,0,0,0,0,0,0,0,0,0,0,0,0,0,0,0,0,0,0,0,0,0,0,0,0,1,0,0,0,0,0,0,0
tb.dut.clusters[0].cluster.sockets[0].socket.cores[0].core.execute.fpu_unit.genblk1[0].fpu_fpnew.genblk3[3].fpnew_core.gen_operation_groups[0].i_opgroup_block.i_arbiter.gen_arbiter.gen_levels[2]	18	260	64	64	30	64	4	31	1385511	1384801	0,28,0,2,0,0,0,0,0,0,0,0,0,0,0,0,0,0,0,0,0,0,0,0,0,0,0,0,0,0,0,0,0,0,0,0,0,0,0,0	12,6,1,1,0,0,0,0,0,0,0,0,0,0,0,0,8,1,0,0,1,0,0,0,0,0,0,0,0,0,0,0,1,0,0,0,0,0,0,0	2	0	0	0	0	1	1385575	1385575	0,0,0,0,0,0,0,0,0,0,0,0,0,0,0,0,0,0,0,0,0,0,0,0,0,0,0,0,0,0,0,0,0,0,0,0,0,0,0,0	0,0,0,0,0,0,0,0,0,0,0,0,0,0,0,0,0,0,0,0,0,0,0,0,0,0,0,0,0,0,0,0,1,0,0,0,0,0,0,0
tb.dut.clusters[0].cluster.sockets[0].socket.cores[0].core.execute.fpu_unit.genblk1[0].fpu_fpnew.genblk3[3].fpnew_core.gen_operation_groups[0].i_opgroup_block.i_arbiter.gen_arbiter.gen_levels[2].gen_level[0]	19	65	64	64	30	64	4	31	1385511	1384801	0,28,0,2,0,0,0,0,0,0,0,0,0,0,0,0,0,0,0,0,0,0,0,0,0,0,0,0,0,0,0,0,0,0,0,0,0,0,0,0	12,6,1,1,0,0,0,0,0,0,0,0,0,0,0,0,8,1,0,0,1,0,0,0,0,0,0,0,0,0,0,0,1,0,0,0,0,0,0,0	2	0	0	0	0	1	1385575	1385575	0,0,0,0,0,0,0,0,0,0,0,0,0,0,0,0,0,0,0,0,0,0,0,0,0,0,0,0,0,0,0,0,0,0,0,0,0,0,0,0	0,0,0,0,0,0,0,0,0,0,0,0,0,0,0,0,0,0,0,0,0,0,0,0,0,0,0,0,0,0,0,0,1,0,0,0,0,0,0,0
tb.dut.clusters[0].cluster.sockets[0].socket.cores[0].core.execute.fpu_unit.genblk1[0].fpu_fpnew.genblk3[3].fpnew_core.gen_operation_groups[0].i_opgroup_block.i_arbiter.gen_arbiter.gen_levels[2].gen_level[1]	19	65	0	0	0	0	0	1	1385575	1385575	0,0,0,0,0,0,0,0,0,0,0,0,0,0,0,0,0,0,0,0,0,0,0,0,0,0,0,0,0,0,0,0,0,0,0,0,0,0,0,0	0,0,0,0,0,0,0,0,0,0,0,0,0,0,0,0,0,0,0,0,0,0,0,0,0,0,0,0,0,0,0,0,1,0,0,0,0,0,0,0	2	0	0	0	0	1	1385575	1385575	0,0,0,0,0,0,0,0,0,0,0,0,0,0,0,0,0,0,0,0,0,0,0,0,0,0,0,0,0,0,0,0,0,0,0,0,0,0,0,0	0,0,0,0,0,0,0,0,0,0,0,0,0,0,0,0,0,0,0,0,0,0,0,0,0,0,0,0,0,0,0,0,1,0,0,0,0,0,0,0
tb.dut.clusters[0].cluster.sockets[0].socket.cores[0].core.execute.fpu_unit.genblk1[0].fpu_fpnew.genblk3[3].fpnew_core.gen_operation_groups[0].i_opgroup_block.i_arbiter.gen_arbiter.gen_levels[2].gen_level[2]	19	65	0	0	0	0	0	1	1385575	1385575	0,0,0,0,0,0,0,0,0,0,0,0,0,0,0,0,0,0,0,0,0,0,0,0,0,0,0,0,0,0,0,0,0,0,0,0,0,0,0,0	0,0,0,0,0,0,0,0,0,0,0,0,0,0,0,0,0,0,0,0,0,0,0,0,0,0,0,0,0,0,0,0,1,0,0,0,0,0,0,0	2	0	0	0	0	1	1385575	1385575	0,0,0,0,0,0,0,0,0,0,0,0,0,0,0,0,0,0,0,0,0,0,0,0,0,0,0,0,0,0,0,0,0,0,0,0,0,0,0,0	0,0,0,0,0,0,0,0,0,0,0,0,0,0,0,0,0,0,0,0,0,0,0,0,0,0,0,0,0,0,0,0,1,0,0,0,0,0,0,0
tb.dut.clusters[0].cluster.sockets[0].socket.cores[0].core.execute.fpu_unit.genblk1[0].fpu_fpnew.genblk3[3].fpnew_core.gen_operation_groups[0].i_opgroup_block.i_arbiter.gen_arbiter.gen_levels[2].gen_level[3]	19	65	0	0	0	0	0	1	1385575	1385575	0,0,0,0,0,0,0,0,0,0,0,0,0,0,0,0,0,0,0,0,0,0,0,0,0,0,0,0,0,0,0,0,0,0,0,0,0,0,0,0	0,0,0,0,0,0,0,0,0,0,0,0,0,0,0,0,0,0,0,0,0,0,0,0,0,0,0,0,0,0,0,0,1,0,0,0,0,0,0,0	2	0	0	0	0	1	1385575	1385575	0,0,0,0,0,0,0,0,0,0,0,0,0,0,0,0,0,0,0,0,0,0,0,0,0,0,0,0,0,0,0,0,0,0,0,0,0,0,0,0	0,0,0,0,0,0,0,0,0,0,0,0,0,0,0,0,0,0,0,0,0,0,0,0,0,0,0,0,0,0,0,0,1,0,0,0,0,0,0,0
tb.dut.clusters[0].cluster.sockets[0].socket.cores[0].core.execute.fpu_unit.genblk1[0].fpu_fpnew.genblk3[3].fpnew_core.gen_operation_groups[1]	14	18392	2553666282	1376429	75	1376429	1376278	76	9146	8601	13,50,8,1,2,0,0,0,0,0,0,0,0,0,0,0,0,0,0,0,0,0,0,0,0,0,0,0,0,0,0,0,1,0,0,0,0,0,0,0	48,21,2,0,1,0,0,0,0,0,0,0,0,0,0,0,2,0,0,0,1,0,0,0,0,1,0,0,0,0,0,0,0,0,0,0,0,0,0,0	92	1079700	49185	1079700	22	49186	305875	8601	16,15,0,0,0,0,0,0,0,2,1,1,0,0,0,0,49150,0,0,0,0,0,0,0,0,0,0,0,0,0,0,0,0,0,0,0,0,0,0,0	13,2,2,0,0,47464,1689,0,6,1,0,4,1,1,0,1,0,0,0,0,1,0,0,0,0,1,0,0,0,0,0,0,0,0,0,0,0,0,0,0
tb.dut.clusters[0].cluster.sockets[0].socket.cores[0].core.execute.fpu_unit.genblk1[0].fpu_fpnew.genblk3[3].fpnew_core.gen_operation_groups[1].i_opgroup_block	15	18349	2553469674	1376429	75	1376429	1376278	76	9146	8601	13,50,8,1,2,0,0,0,0,0,0,0,0,0,0,0,0,0,0,0,0,0,0,0,0,0,0,0,0,0,0,0,1,0,0,0,0,0,0,0	48,21,2,0,1,0,0,0,0,0,0,0,0,0,0,0,2,0,0,0,1,0,0,0,0,1,0,0,0,0,0,0,0,0,0,0,0,0,0,0	92	1079677	49185	1079677	22	49186	305898	8601	16,15,0,0,0,0,0,0,0,2,1,1,0,0,0,0,49150,0,0,0,0,0,0,0,0,0,0,0,0,0,0,0,0,0,0,0,0,0,0,0	13,2,2,0,0,47441,1712,0,6,1,0,4,1,1,0,1,0,0,0,0,1,0,0,0,0,1,0,0,0,0,0,0,0,0,0,0,0,0,0,0
tb.dut.clusters[0].cluster.sockets[0].socket.cores[0].core.execute.fpu_unit.genblk1[0].fpu_fpnew.genblk3[3].fpnew_core.gen_operation_groups[1].i_opgroup_block.gen_merged_slice	16	16083	2514600348	1376429	75	1376429	1376278	76	9146	8601	13,50,8,1,2,0,0,0,0,0,0,0,0,0,0,0,0,0,0,0,0,0,0,0,0,0,0,0,0,0,0,0,1,0,0,0,0,0,0,0	48,21,2,0,1,0,0,0,0,0,0,0,0,0,0,0,2,0,0,0,1,0,0,0,0,1,0,0,0,0,0,0,0,0,0,0,0,0,0,0	81	1079669	49175	1079669	22	49176	305906	8602	18,3,0,0,0,0,0,0,0,2,1,1,0,0,0,0,49150,0,0,0,0,0,0,0,0,0,0,0,0,0,0,0,0,0,0,0,0,0,0,0	9,1,0,1,0,47456,1698,0,2,1,0,1,3,0,0,0,2,0,0,0,0,1,0,0,0,1,0,0,0,0,0,0,0,0,0,0,0,0,0,0
tb.dut.clusters[0].cluster.sockets[0].socket.cores[0].core.execute.fpu_unit.genblk1[0].fpu_fpnew.genblk3[3].fpnew_core.gen_operation_groups[1].i_opgroup_block.gen_merged_slice.i_multifmt_slice	17	16047	2514403740	1376429	75	1376429	1376278	76	9146	8601	13,50,8,1,2,0,0,0,0,0,0,0,0,0,0,0,0,0,0,0,0,0,0,0,0,0,0,0,0,0,0,0,1,0,0,0,0,0,0,0	48,21,2,0,1,0,0,0,0,0,0,0,0,0,0,0,2,0,0,0,1,0,0,0,0,1,0,0,0,0,0,0,0,0,0,0,0,0,0,0	81	1079628	49175	1079628	22	49176	305947	8602	18,3,0,0,0,0,0,0,0,2,1,1,0,0,0,0,49150,0,0,0,0,0,0,0,0,0,0,0,0,0,0,0,0,0,0,0,0,0,0,0	9,1,0,1,0,47415,1739,0,2,1,0,1,3,0,0,0,2,0,0,0,0,1,0,0,0,1,0,0,0,0,0,0,0,0,0,0,0,0,0,0
tb.dut.clusters[0].cluster.sockets[0].socket.cores[0].core.execute.fpu_unit.genblk1[0].fpu_fpnew.genblk3[3].fpnew_core.gen_operation_groups[1].i_opgroup_block.gen_merged_slice.i_multifmt_slice.extend_fp_result[0]	18	32	0	0	0	0	0	1	1385575	1385575	0,0,0,0,0,0,0,0,0,0,0,0,0,0,0,0,0,0,0,0,0,0,0,0,0,0,0,0,0,0,0,0,0,0,0,0,0,0,0,0	0,0,0,0,0,0,0,0,0,0,0,0,0,0,0,0,0,0,0,0,0,0,0,0,0,0,0,0,0,0,0,0,1,0,0,0,0,0,0,0	2	0	0	0	0	1	1385575	1385575	0,0,0,0,0,0,0,0,0,0,0,0,0,0,0,0,0,0,0,0,0,0,0,0,0,0,0,0,0,0,0,0,0,0,0,0,0,0,0,0	0,0,0,0,0,0,0,0,0,0,0,0,0,0,0,0,0,0,0,0,0,0,0,0,0,0,0,0,0,0,0,0,1,0,0,0,0,0,0,0
tb.dut.clusters[0].cluster.sockets[0].socket.cores[0].core.execute.fpu_unit.genblk1[0].fpu_fpnew.genblk3[3].fpnew_core.gen_operation_groups[1].i_opgroup_block.gen_merged_slice.i_multifmt_slice.extend_fp_result[1]	18	32	0	0	0	0	0	1	1385575	1385575	0,0,0,0,0,0,0,0,0,0,0,0,0,0,0,0,0,0,0,0,0,0,0,0,0,0,0,0,0,0,0,0,0,0,0,0,0,0,0,0	0,0,0,0,0,0,0,0,0,0,0,0,0,0,0,0,0,0,0,0,0,0,0,0,0,0,0,0,0,0,0,0,1,0,0,0,0,0,0,0	2	0	0	0	0	1	1385575	1385575	0,0,0,0,0,0,0,0,0,0,0,0,0,0,0,0,0,0,0,0,0,0,0,0,0,0,0,0,0,0,0,0,0,0,0,0,0,0,0,0	0,0,0,0,0,0,0,0,0,0,0,0,0,0,0,0,0,0,0,0,0,0,0,0,0,0,0,0,0,0,0,0,1,0,0,0,0,0,0,0
tb.dut.clusters[0].cluster.sockets[0].socket.cores[0].core.execute.fpu_unit.genblk1[0].fpu_fpnew.genblk3[3].fpnew_core.gen_operation_groups[1].i_opgroup_block.gen_merged_slice.i_multifmt_slice.extend_fp_result[2]	18	32	0	0	0	0	0	1	1385575	1385575	0,0,0,0,0,0,0,0,0,0,0,0,0,0,0,0,0,0,0,0,0,0,0,0,0,0,0,0,0,0,0,0,0,0,0,0,0,0,0,0	0,0,0,0,0,0,0,0,0,0,0,0,0,0,0,0,0,0,0,0,0,0,0,0,0,0,0,0,0,0,0,0,1,0,0,0,0,0,0,0	2	0	0	0	0	1	1385575	1385575	0,0,0,0,0,0,0,0,0,0,0,0,0,0,0,0,0,0,0,0,0,0,0,0,0,0,0,0,0,0,0,0,0,0,0,0,0,0,0,0	0,0,0,0,0,0,0,0,0,0,0,0,0,0,0,0,0,0,0,0,0,0,0,0,0,0,0,0,0,0,0,0,1,0,0,0,0,0,0,0
tb.dut.clusters[0].cluster.sockets[0].socket.cores[0].core.execute.fpu_unit.genblk1[0].fpu_fpnew.genblk3[3].fpnew_core.gen_operation_groups[1].i_opgroup_block.gen_merged_slice.i_multifmt_slice.extend_fp_result[3]	18	32	0	0	0	0	0	1	1385575	1385575	0,0,0,0,0,0,0,0,0,0,0,0,0,0,0,0,0,0,0,0,0,0,0,0,0,0,0,0,0,0,0,0,0,0,0,0,0,0,0,0	0,0,0,0,0,0,0,0,0,0,0,0,0,0,0,0,0,0,0,0,0,0,0,0,0,0,0,0,0,0,0,0,1,0,0,0,0,0,0,0	2	0	0	0	0	1	1385575	1385575	0,0,0,0,0,0,0,0,0,0,0,0,0,0,0,0,0,0,0,0,0,0,0,0,0,0,0,0,0,0,0,0,0,0,0,0,0,0,0,0	0,0,0,0,0,0,0,0,0,0,0,0,0,0,0,0,0,0,0,0,0,0,0,0,0,0,0,0,0,0,0,0,1,0,0,0,0,0,0,0
tb.dut.clusters[0].cluster.sockets[0].socket.cores[0].core.execute.fpu_unit.genblk1[0].fpu_fpnew.genblk3[3].fpnew_core.gen_operation_groups[1].i_opgroup_block.gen_merged_slice.i_multifmt_slice.extend_fp_result[4]	18	32	0	0	0	0	0	1	1385575	1385575	0,0,0,0,0,0,0,0,0,0,0,0,0,0,0,0,0,0,0,0,0,0,0,0,0,0,0,0,0,0,0,0,0,0,0,0,0,0,0,0	0,0,0,0,0,0,0,0,0,0,0,0,0,0,0,0,0,0,0,0,0,0,0,0,0,0,0,0,0,0,0,0,1,0,0,0,0,0,0,0	2	0	0	0	0	1	1385575	1385575	0,0,0,0,0,0,0,0,0,0,0,0,0,0,0,0,0,0,0,0,0,0,0,0,0,0,0,0,0,0,0,0,0,0,0,0,0,0,0,0	0,0,0,0,0,0,0,0,0,0,0,0,0,0,0,0,0,0,0,0,0,0,0,0,0,0,0,0,0,0,0,0,1,0,0,0,0,0,0,0
tb.dut.clusters[0].cluster.sockets[0].socket.cores[0].core.execute.fpu_unit.genblk1[0].fpu_fpnew.genblk3[3].fpnew_core.gen_operation_groups[1].i_opgroup_block.gen_merged_slice.i_multifmt_slice.gen_num_lanes[0]	18	14916	2505365249	1376429	75	1376429	1376278	76	9146	8601	13,50,8,1,2,0,0,0,0,0,0,0,0,0,0,0,0,0,0,0,0,0,0,0,0,0,0,0,0,0,0,0,1,0,0,0,0,0,0,0	48,21,2,0,1,0,0,0,0,0,0,0,0,0,0,0,2,0,0,0,1,0,0,0,0,1,0,0,0,0,0,0,0,0,0,0,0,0,0,0	75	1079262	49155	1079262	22	49156	306313	8609	1,0,0,0,0,0,0,0,0,3,0,1,0,0,0,0,49150,0,0,0,0,0,0,0,0,0,0,0,0,0,0,0,0,0,0,0,0,0,0,0	0,1,0,1,0,47071,2080,1,0,0,0,0,0,0,0,0,0,0,0,0,0,1,0,0,0,1,0,0,0,0,0,0,0,0,0,0,0,0,0,0
tb.dut.clusters[0].cluster.sockets[0].socket.cores[0].core.execute.fpu_unit.genblk1[0].fpu_fpnew.genblk3[3].fpnew_core.gen_operation_groups[1].i_opgroup_block.gen_merged_slice.i_multifmt_slice.gen_num_lanes[0].active_lane	19	14573	2502413955	1376429	75	1376429	1376278	76	9146	8601	13,50,8,1,2,0,0,0,0,0,0,0,0,0,0,0,0,0,0,0,0,0,0,0,0,0,0,0,0,0,0,0,1,0,0,0,0,0,0,0	48,21,2,0,1,0,0,0,0,0,0,0,0,0,0,0,2,0,0,0,1,0,0,0,0,1,0,0,0,0,0,0,0,0,0,0,0,0,0,0	73	1079063	49154	1079063	22	49155	306512	8609	0,0,0,0,0,0,0,0,0,3,0,1,0,0,0,0,49150,0,0,0,0,0,0,0,0,0,0,0,0,0,0,0,0,0,0,0,0,0,0,0	0,1,0,0,0,46922,2179,50,0,0,0,1,0,0,0,0,0,0,0,0,0,1,0,0,0,1,0,0,0,0,0,0,0,0,0,0,0,0,0,0
tb.dut.clusters[0].cluster.sockets[0].socket.cores[0].core.execute.fpu_unit.genblk1[0].fpu_fpnew.genblk3[3].fpnew_core.gen_operation_groups[1].i_opgroup_block.gen_merged_slice.i_multifmt_slice.gen_num_lanes[0].active_lane.lane_instance	20	14469	2499309417	1376429	75	1376429	1376278	76	9146	8601	13,50,8,1,2,0,0,0,0,0,0,0,0,0,0,0,0,0,0,0,0,0,0,0,0,0,0,0,0,0,0,0,1,0,0,0,0,0,0,0	48,21,2,0,1,0,0,0,0,0,0,0,0,0,0,0,2,0,0,0,1,0,0,0,0,1,0,0,0,0,0,0,0,0,0,0,0,0,0,0	73	1074153	49154	1074153	22	49155	311422	8609	0,0,0,0,0,0,0,0,0,3,0,1,0,0,0,0,49150,0,0,0,0,0,0,0,0,0,0,0,0,0,0,0,0,0,0,0,0,0,0,0	0,1,0,0,0,42863,5387,901,0,0,0,1,0,0,0,0,0,0,0,0,0,1,0,0,0,1,0,0,0,0,0,0,0,0,0,0,0,0,0,0
tb.dut.clusters[0].cluster.sockets[0].socket.cores[0].core.execute.fpu_unit.genblk1[0].fpu_fpnew.genblk3[3].fpnew_core.gen_operation_groups[1].i_opgroup_block.gen_merged_slice.i_multifmt_slice.gen_num_lanes[0].active_lane.lane_instance.genblk1	21	14469	2499309417	1376429	75	1376429	1376278	76	9146	8601	13,50,8,1,2,0,0,0,0,0,0,0,0,0,0,0,0,0,0,0,0,0,0,0,0,0,0,0,0,0,0,0,1,0,0,0,0,0,0,0	48,21,2,0,1,0,0,0,0,0,0,0,0,0,0,0,2,0,0,0,1,0,0,0,0,1,0,0,0,0,0,0,0,0,0,0,0,0,0,0	73	1074153	49154	1074153	22	49155	311422	8609	0,0,0,0,0,0,0,0,0,3,0,1,0,0,0,0,49150,0,0,0,0,0,0,0,0,0,0,0,0,0,0,0,0,0,0,0,0,0,0,0	0,1,0,0,0,42863,5387,901,0,0,0,1,0,0,0,0,0,0,0,0,0,1,0,0,0,1,0,0,0,0,0,0,0,0,0,0,0,0,0,0
tb.dut.clusters[0].cluster.sockets[0].socket.cores[0].core.execute.fpu_unit.genblk1[0].fpu_fpnew.genblk3[3].fpnew_core.gen_operation_groups[1].i_opgroup_block.gen_merged_slice.i_multifmt_slice.gen_num_lanes[0].active_lane.lane_instance.genblk1.i_fpnew_divsqrt_multi	22	14469	2499309417	1376429	75	1376429	1376278	76	9146	8601	13,50,8,1,2,0,0,0,0,0,0,0,0,0,0,0,0,0,0,0,0,0,0,0,0,0,0,0,0,0,0,0,1,0,0,0,0,0,0,0	48,21,2,0,1,0,0,0,0,0,0,0,0,0,0,0,2,0,0,0,1,0,0,0,0,1,0,0,0,0,0,0,0,0,0,0,0,0,0,0	73	1074153	49154	1074153	22	49155	311422	8609	0,0,0,0,0,0,0,0,0,3,0,1,0,0,0,0,49150,0,0,0,0,0,0,0,0,0,0,0,0,0,0,0,0,0,0,0,0,0,0,0	0,1,0,0,0,42863,5387,901,0,0,0,1,0,0,0,0,0,0,0,0,0,1,0,0,0,1,0,0,0,0,0,0,0,0,0,0,0,0,0,0
tb.dut.clusters[0].cluster.sockets[0].socket.cores[0].core.execute.fpu_unit.genblk1[0].fpu_fpnew.genblk3[3].fpnew_core.gen_operation_groups[1].i_opgroup_block.gen_merged_slice.i_multifmt_slice.gen_num_lanes[0].active_lane.lane_instance.genblk1.i_fpnew_divsqrt_multi.gen_input_pipeline[0]	23	1	196608	196608	98304	196608	2	98305	1188967	8627	0,98304,0,0,0,0,0,0,0,0,0,0,0,0,0,0,0,0,0,0,0,0,0,0,0,0,0,0,0,0,0,0,0,0,0,0,0,0,0,0	0,0,0,1,0,0,1,49148,0,1,0,0,0,1,0,49148,3,0,0,0,0,1,0,0,0,1,0,0,0,0,0,0,0,0,0,0,0,0,0,0	2	0	0	0	0	1	1385575	1385575	0,0,0,0,0,0,0,0,0,0,0,0,0,0,0,0,0,0,0,0,0,0,0,0,0,0,0,0,0,0,0,0,0,0,0,0,0,0,0,0	0,0,0,0,0,0,0,0,0,0,0,0,0,0,0,0,0,0,0,0,0,0,0,0,0,0,0,0,0,0,0,0,1,0,0,0,0,0,0,0
tb.dut.clusters[0].cluster.sockets[0].socket.cores[0].core.execute.fpu_unit.genblk1[0].fpu_fpnew.genblk3[3].fpnew_core.gen_operation_groups[1].i_opgroup_block.gen_merged_slice.i_multifmt_slice.gen_num_lanes[0].active_lane.lane_instance.genblk1.i_fpnew_divsqrt_multi.gen_input_pipeline[1]	23	1	196608	196608	98304	196608	2	98305	1188967	8626	0,98304,0,0,0,0,0,0,0,0,0,0,0,0,0,0,0,0,0,0,0,0,0,0,0,0,0,0,0,0,0,0,0,0,0,0,0,0,0,0	0,0,0,1,0,0,1,49148,0,1,0,0,0,1,0,49148,3,0,0,0,0,1,0,0,0,1,0,0,0,0,0,0,0,0,0,0,0,0,0,0	2	0	0	0	0	1	1385575	1385575	0,0,0,0,0,0,0,0,0,0,0,0,0,0,0,0,0,0,0,0,0,0,0,0,0,0,0,0,0,0,0,0,0,0,0,0,0,0,0,0	0,0,0,0,0,0,0,0,0,0,0,0,0,0,0,0,0,0,0,0,0,0,0,0,0,0,0,0,0,0,0,0,1,0,0,0,0,0,0,0
tb.dut.clusters[0].cluster.sockets[0].socket.cores[0].core.execute.fpu_unit.genblk1[0].fpu_fpnew.genblk3[3].fpnew_core.gen_operation_groups[1].i_opgroup_block.gen_merged_slice.i_multifmt_slice.gen_num_lanes[0].active_lane.lane_instance.genblk1.i_fpnew_divsqrt_multi.gen_input_pipeline[2]	23	1	196608	196608	98304	196608	2	98305	1188967	8625	0,98304,0,0,0,0,0,0,0,0,0,0,0,0,0,0,0,0,0,0,0,0,0,0,0,0,0,0,0,0,0,0,0,0,0,0,0,0,0,0	0,0,0,1,0,0,1,49148,0,1,0,0,0,1,0,49148,3,0,0,0,0,1,0,0,0,1,0,0,0,0,0,0,0,0,0,0,0,0,0,0	2	0	0	0	0	1	1385575	1385575	0,0,0,0,0,0,0,0,0,0,0,0,0,0,0,0,0,0,0,0,0,0,0,0,0,0,0,0,0,0,0,0,0,0,0,0,0,0,0,0	0,0,0,0,0,0,0,0,0,0,0,0,0,0,0,0,0,0,0,0,0,0,0,0,0,0,0,0,0,0,0,0,1,0,0,0,0,0,0,0
tb.dut.clusters[0].cluster.sockets[0].socket.cores[0].core.execute.fpu_unit.genblk1[0].fpu_fpnew.genblk3[3].fpnew_core.gen_operation_groups[1].i_opgroup_block.gen_merged_slice.i_multifmt_slice.gen_num_lanes[0].active_lane.lane_instance.genblk1.i_fpnew_divsqrt_multi.gen_input_pipeline[3]	23	1	196608	196608	98304	196608	2	98305	1188967	8624	0,98304,0,0,0,0,0,0,0,0,0,0,0,0,0,0,0,0,0,0,0,0,0,0,0,0,0,0,0,0,0,0,0,0,0,0,0,0,0,0	0,0,0,1,0,0,1,49148,0,1,0,0,0,1,0,49148,3,0,0,0,0,1,0,0,0,1,0,0,0,0,0,0,0,0,0,0,0,0,0,0	2	0	0	0	0	1	1385575	1385575	0,0,0,0,0,0,0,0,0,0,0,0,0,0,0,0,0,0,0,0,0,0,0,0,0,0,0,0,0,0,0,0,0,0,0,0,0,0,0,0	0,0,0,0,0,0,0,0,0,0,0,0,0,0,0,0,0,0,0,0,0,0,0,0,0,0,0,0,0,0,0,0,1,0,0,0,0,0,0,0
tb.dut.clusters[0].cluster.sockets[0].socket.cores[0].core.execute.fpu_unit.genblk1[0].fpu_fpnew.genblk3[3].fpnew_core.gen_operation_groups[1].i_opgroup_block.gen_merged_slice.i_multifmt_slice.gen_num_lanes[0].active_lane.lane_instance.genblk1.i_fpnew_divsqrt_multi.gen_input_pipeline[4]	23	1	196608	196608	98304	196608	2	98305	1188967	8623	0,98304,0,0,0,0,0,0,0,0,0,0,0,0,0,0,0,0,0,0,0,0,0,0,0,0,0,0,0,0,0,0,0,0,0,0,0,0,0,0	0,0,0,1,0,0,1,49148,0,1,0,0,0,1,0,49148,3,0,0,0,0,1,0,0,0,1,0,0,0,0,0,0,0,0,0,0,0,0,0,0	2	0	0	0	0	1	1385575	1385575	0,0,0,0,0,0,0,0,0,0,0,0,0,0,0,0,0,0,0,0,0,0,0,0,0,0,0,0,0,0,0,0,0,0,0,0,0,0,0,0	0,0,0,0,0,0,0,0,0,0,0,0,0,0,0,0,0,0,0,0,0,0,0,0,0,0,0,0,0,0,0,0,1,0,0,0,0,0,0,0
tb.dut.clusters[0].cluster.sockets[0].socket.cores[0].core.execute.fpu_unit.genblk1[0].fpu_fpnew.genblk3[3].fpnew_core.gen_operation_groups[1].i_opgroup_block.gen_merged_slice.i_multifmt_slice.gen_num_lanes[0].active_lane.lane_instance.genblk1.i_fpnew_divsqrt_multi.gen_input_pipeline[5]	23	1	196608	196608	98304	196608	2	98305	1188967	8622	0,98304,0,0,0,0,0,0,0,0,0,0,0,0,0,0,0,0,0,0,0,0,0,0,0,0,0,0,0,0,0,0,0,0,0,0,0,0,0,0	0,0,0,1,0,0,1,49148,0,1,0,0,0,1,0,49148,3,0,0,0,0,1,0,0,0,1,0,0,0,0,0,0,0,0,0,0,0,0,0,0	2	0	0	0	0	1	1385575	1385575	0,0,0,0,0,0,0,0,0,0,0,0,0,0,0,0,0,0,0,0,0,0,0,0,0,0,0,0,0,0,0,0,0,0,0,0,0,0,0,0	0,0,0,0,0,0,0,0,0,0,0,0,0,0,0,0,0,0,0,0,0,0,0,0,0,0,0,0,0,0,0,0,1,0,0,0,0,0,0,0
tb.dut.clusters[0].cluster.sockets[0].socket.cores[0].core.execute.fpu_unit.genblk1[0].fpu_fpnew.genblk3[3].fpnew_core.gen_operation_groups[1].i_opgroup_block.gen_merged_slice.i_multifmt_slice.gen_num_lanes[0].active_lane.lane_instance.genblk1.i_fpnew_divsqrt_multi.gen_input_pipeline[6]	23	1	196608	196608	98304	196608	2	98305	1188967	8621	0,98304,0,0,0,0,0,0,0,0,0,0,0,0,0,0,0,0,0,0,0,0,0,0,0,0,0,0,0,0,0,0,0,0,0,0,0,0,0,0	0,0,0,1,0,0,1,49148,0,1,0,0,0,1,0,49148,3,0,0,0,0,1,0,0,0,1,0,0,0,0,0,0,0,0,0,0,0,0,0,0	2	0	0	0	0	1	1385575	1385575	0,0,0,0,0,0,0,0,0,0,0,0,0,0,0,0,0,0,0,0,0,0,0,0,0,0,0,0,0,0,0,0,0,0,0,0,0,0,0,0	0,0,0,0,0,0,0,0,0,0,0,0,0,0,0,0,0,0,0,0,0,0,0,0,0,0,0,0,0,0,0,0,1,0,0,0,0,0,0,0
tb.dut.clusters[0].cluster.sockets[0].socket.cores[0].core.execute.fpu_unit.genblk1[0].fpu_fpnew.genblk3[3].fpnew_core.gen_operation_groups[1].i_opgroup_block.gen_merged_slice.i_multifmt_slice.gen_num_lanes[0].active_lane.lane_instance.genblk1.i_fpnew_divsqrt_multi.gen_input_pipeline[7]	23	1	196608	196608	98304	196608	2	98305	1188967	8620	0,98304,0,0,0,0,0,0,0,0,0,0,0,0,0,0,0,0,0,0,0,0,0,0,0,0,0,0,0,0,0,0,0,0,0,0,0,0,0,0	0,0,0,1,0,0,1,49148,0,1,0,0,0,1,0,49148,3,0,0,0,0,1,0,0,0,1,0,0,0,0,0,0,0,0,0,0,0,0,0,0	2	0	0	0	0	1	1385575	1385575	0,0,0,0,0,0,0,0,0,0,0,0,0,0,0,0,0,0,0,0,0,0,0,0,0,0,0,0,0,0,0,0,0,0,0,0,0,0,0,0	0,0,0,0,0,0,0,0,0,0,0,0,0,0,0,0,0,0,0,0,0,0,0,0,0,0,0,0,0,0,0,0,1,0,0,0,0,0,0,0
tb.dut.clusters[0].cluster.sockets[0].socket.cores[0].core.execute.fpu_unit.genblk1[0].fpu_fpnew.genblk3[3].fpnew_core.gen_operation_groups[1].i_opgroup_block.gen_merged_slice.i_multifmt_slice.gen_num_lanes[0].active_lane.lane_instance.genblk1.i_fpnew_divsqrt_multi.gen_output_pipeline[0]	23	1	196608	196608	98304	196608	2	98305	1188967	8609	0,98304,0,0,0,0,0,0,0,0,0,0,0,0,0,0,0,0,0,0,0,0,0,0,0,0,0,0,0,0,0,0,0,0,0,0,0,0,0,0	0,0,0,0,0,0,0,49150,0,1,0,0,0,1,0,49150,1,0,0,0,0,1,0,0,0,1,0,0,0,0,0,0,0,0,0,0,0,0,0,0	2	0	0	0	0	1	1385575	1385575	0,0,0,0,0,0,0,0,0,0,0,0,0,0,0,0,0,0,0,0,0,0,0,0,0,0,0,0,0,0,0,0,0,0,0,0,0,0,0,0	0,0,0,0,0,0,0,0,0,0,0,0,0,0,0,0,0,0,0,0,0,0,0,0,0,0,0,0,0,0,0,0,1,0,0,0,0,0,0,0
tb.dut.clusters[0].cluster.sockets[0].socket.cores[0].core.execute.fpu_unit.genblk1[0].fpu_fpnew.genblk3[3].fpnew_core.gen_operation_groups[1].i_opgroup_block.gen_merged_slice.i_multifmt_slice.gen_num_lanes[0].active_lane.lane_instance.genblk1.i_fpnew_divsqrt_multi.gen_output_pipeline[1]	23	1	196608	196608	98304	196608	2	98305	1188967	8608	0,98304,0,0,0,0,0,0,0,0,0,0,0,0,0,0,0,0,0,0,0,0,0,0,0,0,0,0,0,0,0,0,0,0,0,0,0,0,0,0	0,0,0,0,0,0,0,49150,0,1,0,0,0,1,0,49150,1,0,0,0,0,1,0,0,0,1,0,0,0,0,0,0,0,0,0,0,0,0,0,0	2	0	0	0	0	1	1385575	1385575	0,0,0,0,0,0,0,0,0,0,0,0,0,0,0,0,0,0,0,0,0,0,0,0,0,0,0,0,0,0,0,0,0,0,0,0,0,0,0,0	0,0,0,0,0,0,0,0,0,0,0,0,0,0,0,0,0,0,0,0,0,0,0,0,0,0,0,0,0,0,0,0,1,0,0,0,0,0,0,0
tb.dut.clusters[0].cluster.sockets[0].socket.cores[0].core.execute.fpu_unit.genblk1[0].fpu_fpnew.genblk3[3].fpnew_core.gen_operation_groups[1].i_opgroup_block.gen_merged_slice.i_multifmt_slice.gen_num_lanes[0].active_lane.lane_instance.genblk1.i_fpnew_divsqrt_multi.gen_output_pipeline[2]	23	1	196608	196608	98304	196608	2	98305	1188967	8607	0,98304,0,0,0,0,0,0,0,0,0,0,0,0,0,0,0,0,0,0,0,0,0,0,0,0,0,0,0,0,0,0,0,0,0,0,0,0,0,0	0,0,0,0,0,0,0,49150,0,1,0,0,0,1,0,49150,1,0,0,0,0,1,0,0,0,1,0,0,0,0,0,0,0,0,0,0,0,0,0,0	2	0	0	0	0	1	1385575	1385575	0,0,0,0,0,0,0,0,0,0,0,0,0,0,0,0,0,0,0,0,0,0,0,0,0,0,0,0,0,0,0,0,0,0,0,0,0,0,0,0	0,0,0,0,0,0,0,0,0,0,0,0,0,0,0,0,0,0,0,0,0,0,0,0,0,0,0,0,0,0,0,0,1,0,0,0,0,0,0,0
tb.dut.clusters[0].cluster.sockets[0].socket.cores[0].core.execute.fpu_unit.genblk1[0].fpu_fpnew.genblk3[3].fpnew_core.gen_operation_groups[1].i_opgroup_block.gen_merged_slice.i_multifmt_slice.gen_num_lanes[0].active_lane.lane_instance.genblk1.i_fpnew_divsqrt_multi.gen_output_pipeline[3]	23	1	196608	196608	98304	196608	2	98305	1188967	8606	0,98304,0,0,0,0,0,0,0,0,0,0,0,0,0,0,0,0,0,0,0,0,0,0,0,0,0,0,0,0,0,0,0,0,0,0,0,0,0,0	0,0,0,0,0,0,0,49150,0,1,0,0,0,1,0,49150,1,0,0,0,0,1,0,0,0,1,0,0,0,0,0,0,0,0,0,0,0,0,0,0	2	0	0	0	0	1	1385575	1385575	0,0,0,0,0,0,0,0,0,0,0,0,0,0,0,0,0,0,0,0,0,0,0,0,0,0,0,0,0,0,0,0,0,0,0,0,0,0,0,0	0,0,0,0,0,0,0,0,0,0,0,0,0,0,0,0,0,0,0,0,0,0,0,0,0,0,0,0,0,0,0,0,1,0,0,0,0,0,0,0
tb.dut.clusters[0].cluster.sockets[0].socket.cores[0].core.execute.fpu_unit.genblk1[0].fpu_fpnew.genblk3[3].fpnew_core.gen_operation_groups[1].i_opgroup_block.gen_merged_slice.i_multifmt_slice.gen_num_lanes[0].active_lane.lane_instance.genblk1.i_fpnew_divsqrt_multi.gen_output_pipeline[4]	23	1	196608	196608	98304	196608	2	98305	1188967	8605	0,98304,0,0,0,0,0,0,0,0,0,0,0,0,0,0,0,0,0,0,0,0,0,0,0,0,0,0,0,0,0,0,0,0,0,0,0,0,0,0	0,0,0,0,0,0,0,49150,0,1,0,0,0,1,0,49150,1,0,0,0,0,1,0,0,0,1,0,0,0,0,0,0,0,0,0,0,0,0,0,0	2	0	0	0	0	1	1385575	1385575	0,0,0,0,0,0,0,0,0,0,0,0,0,0,0,0,0,0,0,0,0,0,0,0,0,0,0,0,0,0,0,0,0,0,0,0,0,0,0,0	0,0,0,0,0,0,0,0,0,0,0,0,0,0,0,0,0,0,0,0,0,0,0,0,0,0,0,0,0,0,0,0,1,0,0,0,0,0,0,0
tb.dut.clusters[0].cluster.sockets[0].socket.cores[0].core.execute.fpu_unit.genblk1[0].fpu_fpnew.genblk3[3].fpnew_core.gen_operation_groups[1].i_opgroup_block.gen_merged_slice.i_multifmt_slice.gen_num_lanes[0].active_lane.lane_instance.genblk1.i_fpnew_divsqrt_multi.gen_output_pipeline[5]	23	1	196608	196608	98304	196608	2	98305	1188967	8604	0,98304,0,0,0,0,0,0,0,0,0,0,0,0,0,0,0,0,0,0,0,0,0,0,0,0,0,0,0,0,0,0,0,0,0,0,0,0,0,0	0,0,0,0,0,0,0,49150,0,1,0,0,0,1,0,49150,1,0,0,0,0,1,0,0,0,1,0,0,0,0,0,0,0,0,0,0,0,0,0,0	2	0	0	0	0	1	1385575	1385575	0,0,0,0,0,0,0,0,0,0,0,0,0,0,0,0,0,0,0,0,0,0,0,0,0,0,0,0,0,0,0,0,0,0,0,0,0,0,0,0	0,0,0,0,0,0,0,0,0,0,0,0,0,0,0,0,0,0,0,0,0,0,0,0,0,0,0,0,0,0,0,0,1,0,0,0,0,0,0,0
tb.dut.clusters[0].cluster.sockets[0].socket.cores[0].core.execute.fpu_unit.genblk1[0].fpu_fpnew.genblk3[3].fpnew_core.gen_operation_groups[1].i_opgroup_block.gen_merged_slice.i_multifmt_slice.gen_num_lanes[0].active_lane.lane_instance.genblk1.i_fpnew_divsqrt_multi.gen_output_pipeline[6]	23	1	196608	196608	98304	196608	2	98305	1188967	8603	0,98304,0,0,0,0,0,0,0,0,0,0,0,0,0,0,0,0,0,0,0,0,0,0,0,0,0,0,0,0,0,0,0,0,0,0,0,0,0,0	0,0,0,0,0,0,0,49150,0,1,0,0,0,1,0,49150,1,0,0,0,0,1,0,0,0,1,0,0,0,0,0,0,0,0,0,0,0,0,0,0	2	0	0	0	0	1	1385575	1385575	0,0,0,0,0,0,0,0,0,0,0,0,0,0,0,0,0,0,0,0,0,0,0,0,0,0,0,0,0,0,0,0,0,0,0,0,0,0,0,0	0,0,0,0,0,0,0,0,0,0,0,0,0,0,0,0,0,0,0,0,0,0,0,0,0,0,0,0,0,0,0,0,1,0,0,0,0,0,0,0
tb.dut.clusters[0].cluster.sockets[0].socket.cores[0].core.execute.fpu_unit.genblk1[0].fpu_fpnew.genblk3[3].fpnew_core.gen_operation_groups[1].i_opgroup_block.gen_merged_slice.i_multifmt_slice.gen_num_lanes[0].active_lane.lane_instance.genblk1.i_fpnew_divsqrt_multi.gen_output_pipeline[7]	23	1	196608	196608	98304	196608	2	98305	1188967	8602	0,98304,0,0,0,0,0,0,0,0,0,0,0,0,0,0,0,0,0,0,0,0,0,0,0,0,0,0,0,0,0,0,0,0,0,0,0,0,0,0	0,0,0,0,0,0,0,49150,0,1,0,0,0,1,0,49150,1,0,0,0,0,1,0,0,0,1,0,0,0,0,0,0,0,0,0,0,0,0,0,0	2	0	0	0	0	1	1385575	1385575	0,0,0,0,0,0,0,0,0,0,0,0,0,0,0,0,0,0,0,0,0,0,0,0,0,0,0,0,0,0,0,0,0,0,0,0,0,0,0,0	0,0,0,0,0,0,0,0,0,0,0,0,0,0,0,0,0,0,0,0,0,0,0,0,0,0,0,0,0,0,0,0,1,0,0,0,0,0,0,0
tb.dut.clusters[0].cluster.sockets[0].socket.cores[0].core.execute.fpu_unit.genblk1[0].fpu_fpnew.genblk3[3].fpnew_core.gen_operation_groups[1].i_opgroup_block.gen_merged_slice.i_multifmt_slice.gen_num_lanes[0].active_lane.lane_instance.genblk1.i_fpnew_divsqrt_multi.i_divsqrt_lei	23	12493	2416421800	1081350	49155	1081350	24	49156	304225	8609	2,0,0,0,0,0,0,0,0,0,0,2,0,0,0,0,49151,0,0,0,0,0,0,0,0,0,0,0,0,0,0,0,0,0,0,0,0,0,0,0	0,0,1,1,0,49150,0,0,0,1,0,0,0,0,0,0,1,0,0,0,0,1,0,0,0,1,0,0,0,0,0,0,0,0,0,0,0,0,0,0	63	1052747	49154	1052747	22	49155	332828	8609	0,0,0,0,0,0,0,0,0,3,0,1,0,0,0,0,49150,0,0,0,0,0,0,0,0,0,0,0,0,0,0,0,0,0,0,0,0,0,0,0	0,1,0,0,0,22178,25351,1622,0,0,0,1,0,0,0,0,0,0,0,0,0,1,0,0,0,1,0,0,0,0,0,0,0,0,0,0,0,0,0,0
tb.dut.clusters[0].cluster.sockets[0].socket.cores[0].core.execute.fpu_unit.genblk1[0].fpu_fpnew.genblk3[3].fpnew_core.gen_operation_groups[1].i_opgroup_block.gen_merged_slice.i_multifmt_slice.gen_num_lanes[0].active_lane.lane_instance.genblk1.i_fpnew_divsqrt_multi.i_divsqrt_lei.fpu_norm_U0	24	752	81853926	986151	95197	986151	21	95198	399424	8609	0,0,0,0,0,0,0,0,0,92086,4,0,0,0,0,0,3107,0,0,0,0,0,0,0,0,0,0,0,0,0,0,0,0,0,0,0,0,0,0,0	46044,0,0,0,1,0,49150,0,0,0,1,0,0,0,0,0,0,0,0,0,0,1,0,0,0,1,0,0,0,0,0,0,0,0,0,0,0,0,0,0	4	884736	98304	884736	9	98305	500839	8610	0,0,0,0,0,0,0,0,98304,0,0,0,0,0,0,0,0,0,0,0,0,0,0,0,0,0,0,0,0,0,0,0,0,0,0,0,0,0,0,0	49150,0,1,0,0,0,1,0,49150,0,0,0,1,0,0,0,0,0,0,0,0,1,0,0,0,1,0,0,0,0,0,0,0,0,0,0,0,0,0,0
tb.dut.clusters[0].cluster.sockets[0].socket.cores[0].core.execute.fpu_unit.genblk1[0].fpu_fpnew.genblk3[3].fpnew_core.gen_operation_groups[1].i_opgroup_block.gen_merged_slice.i_multifmt_slice.gen_num_lanes[0].active_lane.lane_instance.genblk1.i_fpnew_divsqrt_multi.i_divsqrt_lei.nrbd_nrsc_U0	24	8528	2294789220	1081350	49155	1081350	24	49156	304225	8609	2,0,0,0,0,0,0,0,0,0,0,2,0,0,0,0,49151,0,0,0,0,0,0,0,0,0,0,0,0,0,0,0,0,0,0,0,0,0,0,0	0,0,1,1,0,49150,0,0,0,1,0,0,0,0,0,0,1,0,0,0,0,1,0,0,0,1,0,0,0,0,0,0,0,0,0,0,0,0,0,0	43	1006852	49154	1006852	21	49155	378723	8609	0,0,0,0,0,0,0,0,0,3,1,0,0,0,0,0,49150,0,0,0,0,0,0,0,0,0,0,0,0,0,0,0,0,0,0,0,0,0,0,0	0,1,0,0,0,1,23811,25339,0,0,0,1,0,0,0,0,0,0,0,0,0,1,0,0,0,1,0,0,0,0,0,0,0,0,0,0,0,0,0,0
tb.dut.clusters[0].cluster.sockets[0].socket.cores[0].core.execute.fpu_unit.genblk1[0].fpu_fpnew.genblk3[3].fpnew_core.gen_operation_groups[1].i_opgroup_block.gen_merged_slice.i_multifmt_slice.gen_num_lanes[0].active_lane.lane_instance.genblk1.i_fpnew_divsqrt_multi.i_divsqrt_lei.nrbd_nrsc_U0.control_U0	25	8301	2280130915	1081350	49155	1081350	24	49156	304225	8609	2,0,0,0,0,0,0,0,0,0,0,2,0,0,0,0,49151,0,0,0,0,0,0,0,0,0,0,0,0,0,0,0,0,0,0,0,0,0,0,0	0,0,1,1,0,49150,0,0,0,1,0,0,0,0,0,0,1,0,0,0,0,1,0,0,0,1,0,0,0,0,0,0,0,0,0,0,0,0,0,0	42	1006852	49154	1006852	21	49155	378723	8609	0,0,0,0,0,0,0,0,0,3,1,0,0,0,0,0,49150,0,0,0,0,0,0,0,0,0,0,0,0,0,0,0,0,0,0,0,0,0,0,0	0,1,0,0,0,1,23811,25339,0,0,0,1,0,0,0,0,0,0,0,0,0,1,0,0,0,1,0,0,0,0,0,0,0,0,0,0,0,0,0,0
tb.dut.clusters[0].cluster.sockets[0].socket.cores[0].core.execute.fpu_unit.genblk1[0].fpu_fpnew.genblk3[3].fpnew_core.gen_operation_groups[1].i_opgroup_block.gen_merged_slice.i_multifmt_slice.gen_num_lanes[0].active_lane.lane_instance.genblk1.i_fpnew_divsqrt_multi.i_divsqrt_lei.nrbd_nrsc_U0.control_U0.genblk4[0]	26	217	48179838	1032062	49191	1032062	21	49192	353513	8609	0,18,0,2,6,12,1,0,0,0,4,17,0,4,2,10,49115,0,0,0,0,0,0,0,0,0,0,0,0,0,0,0,0,0,0,0,0,0,0,0	1,0,22,9,7,0,49150,0,0,0,1,0,0,0,0,0,0,0,0,0,0,1,0,0,0,1,0,0,0,0,0,0,0,0,0,0,0,0,0,0	2	1006720	49191	1006720	21	49192	378855	8609	18,0,0,2,6,12,1,0,0,3,18,0,0,4,2,10,49115,0,0,0,0,0,0,0,0,0,0,0,0,0,0,0,0,0,0,0,0,0,0,0	0,1,22,9,6,1,23811,25339,0,0,0,1,0,0,0,0,0,0,0,0,0,1,0,0,0,1,0,0,0,0,0,0,0,0,0,0,0,0,0,0
tb.dut.clusters[0].cluster.sockets[0].socket.cores[0].core.execute.fpu_unit.genblk1[0].fpu_fpnew.genblk3[3].fpnew_core.gen_operation_groups[1].i_opgroup_block.gen_merged_slice.i_multifmt_slice.gen_num_lanes[0].active_lane.lane_instance.genblk1.i_fpnew_divsqrt_multi.i_divsqrt_lei.nrbd_nrsc_U0.control_U0.genblk4[0].iteration_div_sqrt	27	217	48179838	1032062	49191	1032062	21	49192	353513	8609	0,18,0,2,6,12,1,0,0,0,4,17,0,4,2,10,49115,0,0,0,0,0,0,0,0,0,0,0,0,0,0,0,0,0,0,0,0,0,0,0	1,0,22,9,7,0,49150,0,0,0,1,0,0,0,0,0,0,0,0,0,0,1,0,0,0,1,0,0,0,0,0,0,0,0,0,0,0,0,0,0	2	1006720	49191	1006720	21	49192	378855	8609	18,0,0,2,6,12,1,0,0,3,18,0,0,4,2,10,49115,0,0,0,0,0,0,0,0,0,0,0,0,0,0,0,0,0,0,0,0,0,0,0	0,1,22,9,6,1,23811,25339,0,0,0,1,0,0,0,0,0,0,0,0,0,1,0,0,0,1,0,0,0,0,0,0,0,0,0,0,0,0,0,0
tb.dut.clusters[0].cluster.sockets[0].socket.cores[0].core.execute.fpu_unit.genblk1[0].fpu_fpnew.genblk3[3].fpnew_core.gen_operation_groups[1].i_opgroup_block.gen_merged_slice.i_multifmt_slice.gen_num_lanes[0].active_lane.lane_instance.genblk1.i_fpnew_divsqrt_multi.i_divsqrt_lei.nrbd_nrsc_U0.control_U0.genblk4[1]	26	217	47322718	1032041	49191	1032041	21	49192	353534	8609	6,12,0,3,9,9,0,0,0,0,11,10,0,4,4,8,49115,0,0,0,0,0,0,0,0,0,0,0,0,0,0,0,0,0,0,0,0,0,0,0	1,0,7,18,13,0,49150,0,0,0,1,0,0,0,0,0,0,0,0,0,0,1,0,0,0,1,0,0,0,0,0,0,0,0,0,0,0,0,0,0	2	1006699	49185	1006699	21	49186	378876	8609	12,0,0,3,9,9,0,0,0,10,11,0,0,4,4,8,49115,0,0,0,0,0,0,0,0,0,0,0,0,0,0,0,0,0,0,0,0,0,0,0	0,1,7,14,10,1,23811,25333,0,0,0,5,2,0,0,0,0,0,0,0,0,1,0,0,0,1,0,0,0,0,0,0,0,0,0,0,0,0,0,0
tb.dut.clusters[0].cluster.sockets[0].socket.cores[0].core.execute.fpu_unit.genblk1[0].fpu_fpnew.genblk3[3].fpnew_core.gen_operation_groups[1].i_opgroup_block.gen_merged_slice.i_multifmt_slice.gen_num_lanes[0].active_lane.lane_instance.genblk1.i_fpnew_divsqrt_multi.i_divsqrt_lei.nrbd_nrsc_U0.control_U0.genblk4[1].iteration_div_sqrt	27	217	47322718	1032041	49191	1032041	21	49192	353534	8609	6,12,0,3,9,9,0,0,0,0,11,10,0,4,4,8,49115,0,0,0,0,0,0,0,0,0,0,0,0,0,0,0,0,0,0,0,0,0,0,0	1,0,7,18,13,0,49150,0,0,0,1,0,0,0,0,0,0,0,0,0,0,1,0,0,0,1,0,0,0,0,0,0,0,0,0,0,0,0,0,0	2	1006699	49185	1006699	21	49186	378876	8609	12,0,0,3,9,9,0,0,0,10,11,0,0,4,4,8,49115,0,0,0,0,0,0,0,0,0,0,0,0,0,0,0,0,0,0,0,0,0,0,0	0,1,7,14,10,1,23811,25333,0,0,0,5,2,0,0,0,0,0,0,0,0,1,0,0,0,1,0,0,0,0,0,0,0,0,0,0,0,0,0,0
tb.dut.clusters[0].cluster.sockets[0].socket.cores[0].core.execute.fpu_unit.genblk1[0].fpu_fpnew.genblk3[3].fpnew_core.gen_operation_groups[1].i_opgroup_block.gen_merged_slice.i_multifmt_slice.gen_num_lanes[0].active_lane.lane_instance.genblk1.i_fpnew_divsqrt_multi.i_divsqrt_lei.nrbd_nrsc_U0.control_U0.genblk4[2]	26	217	47243060	1032019	49191	1032019	21	49192	353556	8609	6,13,0,3,15,2,0,0,0,0,11,11,2,1,12,0,49115,0,0,0,0,0,0,0,0,0,0,0,0,0,0,0,0,0,0,0,0,0,0,0	1,0,0,18,15,2,49153,0,0,0,1,0,0,0,0,0,0,0,0,0,0,1,0,0,0,1,0,0,0,0,0,0,0,0,0,0,0,0,0,0	2	1006677	49185	1006677	21	49186	378898	8609	12,1,0,3,15,2,0,0,0,10,11,1,2,1,12,0,49115,0,0,0,0,0,0,0,0,0,0,0,0,0,0,0,0,0,0,0,0,0,0,0	0,1,0,18,9,3,23813,25333,0,0,0,1,5,0,1,0,0,0,0,0,0,1,0,0,0,1,0,0,0,0,0,0,0,0,0,0,0,0,0,0
tb.dut.clusters[0].cluster.sockets[0].socket.cores[0].core.execute.fpu_unit.genblk1[0].fpu_fpnew.genblk3[3].fpnew_core.gen_operation_groups[1].i_opgroup_block.gen_merged_slice.i_multifmt_slice.gen_num_lanes[0].active_lane.lane_instance.genblk1.i_fpnew_divsqrt_multi.i_divsqrt_lei.nrbd_nrsc_U0.control_U0.genblk4[2].iteration_div_sqrt	27	217	47243060	1032019	49191	1032019	21	49192	353556	8609	6,13,0,3,15,2,0,0,0,0,11,11,2,1,12,0,49115,0,0,0,0,0,0,0,0,0,0,0,0,0,0,0,0,0,0,0,0,0,0,0	1,0,0,18,15,2,49153,0,0,0,1,0,0,0,0,0,0,0,0,0,0,1,0,0,0,1,0,0,0,0,0,0,0,0,0,0,0,0,0,0	2	1006677	49185	1006677	21	49186	378898	8609	12,1,0,3,15,2,0,0,0,10,11,1,2,1,12,0,49115,0,0,0,0,0,0,0,0,0,0,0,0,0,0,0,0,0,0,0,0,0,0,0	0,1,0,18,9,3,23813,25333,0,0,0,1,5,0,1,0,0,0,0,0,0,1,0,0,0,1,0,0,0,0,0,0,0,0,0,0,0,0,0,0
tb.dut.clusters[0].cluster.sockets[0].socket.cores[0].core.execute.fpu_unit.genblk1[0].fpu_fpnew.genblk3[3].fpnew_core.gen_operation_groups[1].i_opgroup_block.gen_merged_slice.i_multifmt_slice.gen_num_lanes[0].active_lane.lane_instance.genblk1.i_fpnew_divsqrt_multi.i_divsqrt_lei.preprocess_U0	24	2777	12830531	245766	147461	245766	3	147462	1139809	8610	49157,98303,1,0,0,0,0,0,0,0,0,0,0,0,0,0,0,0,0,0,0,0,0,0,0,0,0,0,0,0,0,0,0,0,0,0,0,0,0,0	1,0,2,1,1,0,49151,98302,0,0,1,0,0,0,0,0,1,0,0,0,0,1,0,0,0,1,0,0,0,0,0,0,0,0,0,0,0,0,0,0	14	187118	95002	187118	2	95003	1198457	8619	2886,92116,0,0,0,0,0,0,0,0,0,0,0,0,0,0,0,0,0,0,0,0,0,0,0,0,0,0,0,0,0,0,0,0,0,0,0,0,0,0	0,0,0,0,0,0,1,45814,33,0,1,0,0,0,1,43000,6151,0,0,0,0,1,0,0,0,1,0,0,0,0,0,0,0,0,0,0,0,0,0,0
tb.dut.clusters[0].cluster.sockets[0].socket.cores[0].core.execute.fpu_unit.genblk1[0].fpu_fpnew.genblk3[3].fpnew_core.gen_operation_groups[1].i_opgroup_block.gen_merged_slice.i_multifmt_slice.gen_num_lanes[0].active_lane.lane_instance.genblk1.i_fpnew_divsqrt_multi.i_divsqrt_lei.preprocess_U0.LOD_Ua	25	976	3692719	92170	92170	92170	1	92171	1293405	8620	92170,0,0,0,0,0,0,0,0,0,0,0,0,0,0,0,0,0,0,0,0,0,0,0,0,0,0,0,0,0,0,0,0,0,0,0,0,0,0,0	0,0,0,0,0,0,0,1,43015,0,1,0,0,0,1,0,49151,0,0,0,0,1,0,0,0,1,0,0,0,0,0,0,0,0,0,0,0,0,0,0	5	92168	92168	92168	1	92169	1293407	8620	92168,0,0,0,0,0,0,0,0,0,0,0,0,0,0,0,0,0,0,0,0,0,0,0,0,0,0,0,0,0,0,0,0,0,0,0,0,0,0,0	0,0,0,0,0,0,0,1,43013,0,1,0,0,0,1,0,49150,1,0,0,0,1,0,0,0,1,0,0,0,0,0,0,0,0,0,0,0,0,0,0
tb.dut.clusters[0].cluster.sockets[0].socket.cores[0].core.execute.fpu_unit.genblk1[0].fpu_fpnew.genblk3[3].fpnew_core.gen_operation_groups[1].i_opgroup_block.gen_merged_slice.i_multifmt_slice.gen_num_lanes[0].active_lane.lane_instance.genblk1.i_fpnew_divsqrt_multi.i_divsqrt_lei.preprocess_U0.LOD_Ua.gen_lzc	26	851	2636370	92170	92170	92170	1	92171	1293405	8620	92170,0,0,0,0,0,0,0,0,0,0,0,0,0,0,0,0,0,0,0,0,0,0,0,0,0,0,0,0,0,0,0,0,0,0,0,0,0,0,0	0,0,0,0,0,0,0,1,43015,0,1,0,0,0,1,0,49151,0,0,0,0,1,0,0,0,1,0,0,0,0,0,0,0,0,0,0,0,0,0,0	5	92158	92158	92158	1	92159	1293417	8620	92158,0,0,0,0,0,0,0,0,0,0,0,0,0,0,0,0,0,0,0,0,0,0,0,0,0,0,0,0,0,0,0,0,0,0,0,0,0,0,0	0,0,0,0,0,0,0,1,43006,0,0,0,0,0,1,0,49146,2,1,0,0,1,0,0,0,1,0,0,0,0,0,0,0,0,0,0,0,0,0,0
tb.dut.clusters[0].cluster.sockets[0].socket.cores[0].core.execute.fpu_unit.genblk1[0].fpu_fpnew.genblk3[3].fpnew_core.gen_operation_groups[1].i_opgroup_block.gen_merged_slice.i_multifmt_slice.gen_num_lanes[0].active_lane.lane_instance.genblk1.i_fpnew_divsqrt_multi.i_divsqrt_lei.preprocess_U0.LOD_Ub	25	976	369720	12324	12324	12324	1	12325	1373251	8984	12324,0,0,0,0,0,0,0,0,0,0,0,0,0,0,0,0,0,0,0,0,0,0,0,0,0,0,0,0,0,0,0,0,0,0,0,0,0,0,0	0,0,0,0,0,0,0,0,9,0,0,0,0,0,0,0,6927,2316,0,4,3067,1,0,0,0,1,0,0,0,0,0,0,0,0,0,0,0,0,0,0	5	12324	12324	12324	1	12325	1373251	8984	12324,0,0,0,0,0,0,0,0,0,0,0,0,0,0,0,0,0,0,0,0,0,0,0,0,0,0,0,0,0,0,0,0,0,0,0,0,0,0,0	0,0,0,0,0,0,0,0,9,0,0,0,0,0,0,0,6927,2316,0,4,3067,1,0,0,0,1,0,0,0,0,0,0,0,0,0,0,0,0,0,0
tb.dut.clusters[0].cluster.sockets[0].socket.cores[0].core.execute.fpu_unit.genblk1[0].fpu_fpnew.genblk3[3].fpnew_core.gen_operation_groups[1].i_opgroup_block.gen_merged_slice.i_multifmt_slice.gen_num_lanes[0].active_lane.lane_instance.genblk1.i_fpnew_divsqrt_multi.i_divsqrt_lei.preprocess_U0.LOD_Ub.gen_lzc	26	851	332748	12324	12324	12324	1	12325	1373251	8984	12324,0,0,0,0,0,0,0,0,0,0,0,0,0,0,0,0,0,0,0,0,0,0,0,0,0,0,0,0,0,0,0,0,0,0,0,0,0,0,0	0,0,0,0,0,0,0,0,9,0,0,0,0,0,0,0,6927,2316,0,4,3067,1,0,0,0,1,0,0,0,0,0,0,0,0,0,0,0,0,0,0	5	12324	12324	12324	1	12325	1373251	8984	12324,0,0,0,0,0,0,0,0,0,0,0,0,0,0,0,0,0,0,0,0,0,0,0,0,0,0,0,0,0,0,0,0,0,0,0,0,0,0,0	0,0,0,0,0,0,0,0,9,0,0,0,0,0,0,0,6927,2316,0,4,3067,1,0,0,0,1,0,0,0,0,0,0,0,0,0,0,0,0,0,0
tb.dut.clusters[0].cluster.sockets[0].socket.cores[0].core.execute.fpu_unit.genblk1[0].fpu_fpnew.genblk3[3].fpnew_core.gen_operation_groups[1].i_opgroup_block.gen_merged_slice.i_multifmt_slice.gen_num_lanes[0].pack_fp_result[0]	19	32	0	0	0	0	0	1	1385575	1385575	0,0,0,0,0,0,0,0,0,0,0,0,0,0,0,0,0,0,0,0,0,0,0,0,0,0,0,0,0,0,0,0,0,0,0,0,0,0,0,0	0,0,0,0,0,0,0,0,0,0,0,0,0,0,0,0,0,0,0,0,0,0,0,0,0,0,0,0,0,0,0,0,1,0,0,0,0,0,0,0	2	0	0	0	0	1	1385575	1385575	0,0,0,0,0,0,0,0,0,0,0,0,0,0,0,0,0,0,0,0,0,0,0,0,0,0,0,0,0,0,0,0,0,0,0,0,0,0,0,0	0,0,0,0,0,0,0,0,0,0,0,0,0,0,0,0,0,0,0,0,0,0,0,0,0,0,0,0,0,0,0,0,1,0,0,0,0,0,0,0
tb.dut.clusters[0].cluster.sockets[0].socket.cores[0].core.execute.fpu_unit.genblk1[0].fpu_fpnew.genblk3[3].fpnew_core.gen_operation_groups[1].i_opgroup_block.gen_merged_slice.i_multifmt_slice.gen_num_lanes[0].pack_fp_result[1]	19	32	0	0	0	0	0	1	1385575	1385575	0,0,0,0,0,0,0,0,0,0,0,0,0,0,0,0,0,0,0,0,0,0,0,0,0,0,0,0,0,0,0,0,0,0,0,0,0,0,0,0	0,0,0,0,0,0,0,0,0,0,0,0,0,0,0,0,0,0,0,0,0,0,0,0,0,0,0,0,0,0,0,0,1,0,0,0,0,0,0,0	2	0	0	0	0	1	1385575	1385575	0,0,0,0,0,0,0,0,0,0,0,0,0,0,0,0,0,0,0,0,0,0,0,0,0,0,0,0,0,0,0,0,0,0,0,0,0,0,0,0	0,0,0,0,0,0,0,0,0,0,0,0,0,0,0,0,0,0,0,0,0,0,0,0,0,0,0,0,0,0,0,0,1,0,0,0,0,0,0,0
tb.dut.clusters[0].cluster.sockets[0].socket.cores[0].core.execute.fpu_unit.genblk1[0].fpu_fpnew.genblk3[3].fpnew_core.gen_operation_groups[1].i_opgroup_block.gen_merged_slice.i_multifmt_slice.gen_num_lanes[0].pack_fp_result[2]	19	32	0	0	0	0	0	1	1385575	1385575	0,0,0,0,0,0,0,0,0,0,0,0,0,0,0,0,0,0,0,0,0,0,0,0,0,0,0,0,0,0,0,0,0,0,0,0,0,0,0,0	0,0,0,0,0,0,0,0,0,0,0,0,0,0,0,0,0,0,0,0,0,0,0,0,0,0,0,0,0,0,0,0,1,0,0,0,0,0,0,0	2	0	0	0	0	1	1385575	1385575	0,0,0,0,0,0,0,0,0,0,0,0,0,0,0,0,0,0,0,0,0,0,0,0,0,0,0,0,0,0,0,0,0,0,0,0,0,0,0,0	0,0,0,0,0,0,0,0,0,0,0,0,0,0,0,0,0,0,0,0,0,0,0,0,0,0,0,0,0,0,0,0,1,0,0,0,0,0,0,0
tb.dut.clusters[0].cluster.sockets[0].socket.cores[0].core.execute.fpu_unit.genblk1[0].fpu_fpnew.genblk3[3].fpnew_core.gen_operation_groups[1].i_opgroup_block.gen_merged_slice.i_multifmt_slice.gen_num_lanes[0].pack_fp_result[3]	19	32	0	0	0	0	0	1	1385575	1385575	0,0,0,0,0,0,0,0,0,0,0,0,0,0,0,0,0,0,0,0,0,0,0,0,0,0,0,0,0,0,0,0,0,0,0,0,0,0,0,0	0,0,0,0,0,0,0,0,0,0,0,0,0,0,0,0,0,0,0,0,0,0,0,0,0,0,0,0,0,0,0,0,1,0,0,0,0,0,0,0	2	0	0	0	0	1	1385575	1385575	0,0,0,0,0,0,0,0,0,0,0,0,0,0,0,0,0,0,0,0,0,0,0,0,0,0,0,0,0,0,0,0,0,0,0,0,0,0,0,0	0,0,0,0,0,0,0,0,0,0,0,0,0,0,0,0,0,0,0,0,0,0,0,0,0,0,0,0,0,0,0,0,1,0,0,0,0,0,0,0
tb.dut.clusters[0].cluster.sockets[0].socket.cores[0].core.execute.fpu_unit.genblk1[0].fpu_fpnew.genblk3[3].fpnew_core.gen_operation_groups[1].i_opgroup_block.gen_merged_slice.i_multifmt_slice.gen_num_lanes[0].pack_fp_result[4]	19	32	0	0	0	0	0	1	1385575	1385575	0,0,0,0,0,0,0,0,0,0,0,0,0,0,0,0,0,0,0,0,0,0,0,0,0,0,0,0,0,0,0,0,0,0,0,0,0,0,0,0	0,0,0,0,0,0,0,0,0,0,0,0,0,0,0,0,0,0,0,0,0,0,0,0,0,0,0,0,0,0,0,0,1,0,0,0,0,0,0,0	2	0	0	0	0	1	1385575	1385575	0,0,0,0,0,0,0,0,0,0,0,0,0,0,0,0,0,0,0,0,0,0,0,0,0,0,0,0,0,0,0,0,0,0,0,0,0,0,0,0	0,0,0,0,0,0,0,0,0,0,0,0,0,0,0,0,0,0,0,0,0,0,0,0,0,0,0,0,0,0,0,0,1,0,0,0,0,0,0,0
tb.dut.clusters[0].cluster.sockets[0].socket.cores[0].core.execute.fpu_unit.genblk1[0].fpu_fpnew.genblk3[3].fpnew_core.gen_operation_groups[1].i_opgroup_block.gen_parallel_slices[0]	16	2	0	0	0	0	0	1	1385575	1385575	0,0,0,0,0,0,0,0,0,0,0,0,0,0,0,0,0,0,0,0,0,0,0,0,0,0,0,0,0,0,0,0,0,0,0,0,0,0,0,0	0,0,0,0,0,0,0,0,0,0,0,0,0,0,0,0,0,0,0,0,0,0,0,0,0,0,0,0,0,0,0,0,1,0,0,0,0,0,0,0	2	0	0	0	0	1	1385575	1385575	0,0,0,0,0,0,0,0,0,0,0,0,0,0,0,0,0,0,0,0,0,0,0,0,0,0,0,0,0,0,0,0,0,0,0,0,0,0,0,0	0,0,0,0,0,0,0,0,0,0,0,0,0,0,0,0,0,0,0,0,0,0,0,0,0,0,0,0,0,0,0,0,1,0,0,0,0,0,0,0
tb.dut.clusters[0].cluster.sockets[0].socket.cores[0].core.execute.fpu_unit.genblk1[0].fpu_fpnew.genblk3[3].fpnew_core.gen_operation_groups[1].i_opgroup_block.gen_parallel_slices[1]	16	2	0	0	0	0	0	1	1385575	1385575	0,0,0,0,0,0,0,0,0,0,0,0,0,0,0,0,0,0,0,0,0,0,0,0,0,0,0,0,0,0,0,0,0,0,0,0,0,0,0,0	0,0,0,0,0,0,0,0,0,0,0,0,0,0,0,0,0,0,0,0,0,0,0,0,0,0,0,0,0,0,0,0,1,0,0,0,0,0,0,0	2	0	0	0	0	1	1385575	1385575	0,0,0,0,0,0,0,0,0,0,0,0,0,0,0,0,0,0,0,0,0,0,0,0,0,0,0,0,0,0,0,0,0,0,0,0,0,0,0,0	0,0,0,0,0,0,0,0,0,0,0,0,0,0,0,0,0,0,0,0,0,0,0,0,0,0,0,0,0,0,0,0,1,0,0,0,0,0,0,0
tb.dut.clusters[0].cluster.sockets[0].socket.cores[0].core.execute.fpu_unit.genblk1[0].fpu_fpnew.genblk3[3].fpnew_core.gen_operation_groups[1].i_opgroup_block.gen_parallel_slices[2]	16	2	0	0	0	0	0	1	1385575	1385575	0,0,0,0,0,0,0,0,0,0,0,0,0,0,0,0,0,0,0,0,0,0,0,0,0,0,0,0,0,0,0,0,0,0,0,0,0,0,0,0	0,0,0,0,0,0,0,0,0,0,0,0,0,0,0,0,0,0,0,0,0,0,0,0,0,0,0,0,0,0,0,0,1,0,0,0,0,0,0,0	2	0	0	0	0	1	1385575	1385575	0,0,0,0,0,0,0,0,0,0,0,0,0,0,0,0,0,0,0,0,0,0,0,0,0,0,0,0,0,0,0,0,0,0,0,0,0,0,0,0	0,0,0,0,0,0,0,0,0,0,0,0,0,0,0,0,0,0,0,0,0,0,0,0,0,0,0,0,0,0,0,0,1,0,0,0,0,0,0,0
tb.dut.clusters[0].cluster.sockets[0].socket.cores[0].core.execute.fpu_unit.genblk1[0].fpu_fpnew.genblk3[3].fpnew_core.gen_operation_groups[1].i_opgroup_block.gen_parallel_slices[3]	16	2	0	0	0	0	0	1	1385575	1385575	0,0,0,0,0,0,0,0,0,0,0,0,0,0,0,0,0,0,0,0,0,0,0,0,0,0,0,0,0,0,0,0,0,0,0,0,0,0,0,0	0,0,0,0,0,0,0,0,0,0,0,0,0,0,0,0,0,0,0,0,0,0,0,0,0,0,0,0,0,0,0,0,1,0,0,0,0,0,0,0	2	0	0	0	0	1	1385575	1385575	0,0,0,0,0,0,0,0,0,0,0,0,0,0,0,0,0,0,0,0,0,0,0,0,0,0,0,0,0,0,0,0,0,0,0,0,0,0,0,0	0,0,0,0,0,0,0,0,0,0,0,0,0,0,0,0,0,0,0,0,0,0,0,0,0,0,0,0,0,0,0,0,1,0,0,0,0,0,0,0
tb.dut.clusters[0].cluster.sockets[0].socket.cores[0].core.execute.fpu_unit.genblk1[0].fpu_fpnew.genblk3[3].fpnew_core.gen_operation_groups[1].i_opgroup_block.gen_parallel_slices[4]	16	2	0	0	0	0	0	1	1385575	1385575	0,0,0,0,0,0,0,0,0,0,0,0,0,0,0,0,0,0,0,0,0,0,0,0,0,0,0,0,0,0,0,0,0,0,0,0,0,0,0,0	0,0,0,0,0,0,0,0,0,0,0,0,0,0,0,0,0,0,0,0,0,0,0,0,0,0,0,0,0,0,0,0,1,0,0,0,0,0,0,0	2	0	0	0	0	1	1385575	1385575	0,0,0,0,0,0,0,0,0,0,0,0,0,0,0,0,0,0,0,0,0,0,0,0,0,0,0,0,0,0,0,0,0,0,0,0,0,0,0,0	0,0,0,0,0,0,0,0,0,0,0,0,0,0,0,0,0,0,0,0,0,0,0,0,0,0,0,0,0,0,0,0,1,0,0,0,0,0,0,0
tb.dut.clusters[0].cluster.sockets[0].socket.cores[0].core.execute.fpu_unit.genblk1[0].fpu_fpnew.genblk3[3].fpnew_core.gen_operation_groups[1].i_opgroup_block.i_arbiter	16	1510	25045081	196610	98306	196610	2	98307	1188965	8601	2,98304,0,0,0,0,0,0,0,0,0,0,0,0,0,0,0,0,0,0,0,0,0,0,0,0,0,0,0,0,0,0,0,0,0,0,0,0,0,0	0,0,1,0,0,0,0,49150,0,1,0,0,0,1,0,49150,2,0,0,0,0,1,0,0,0,1,0,0,0,0,0,0,0,0,0,0,0,0,0,0	8	196608	98304	196608	2	98305	1188967	8601	0,98304,0,0,0,0,0,0,0,0,0,0,0,0,0,0,0,0,0,0,0,0,0,0,0,0,0,0,0,0,0,0,0,0,0,0,0,0,0,0	0,0,0,0,0,0,0,49150,0,1,0,0,0,1,0,49150,1,0,0,0,0,1,0,0,0,1,0,0,0,0,0,0,0,0,0,0,0,0,0,0
tb.dut.clusters[0].cluster.sockets[0].socket.cores[0].core.execute.fpu_unit.genblk1[0].fpu_fpnew.genblk3[3].fpnew_core.gen_operation_groups[1].i_opgroup_block.i_arbiter.gen_arbiter	17	1150	16640168	196608	98304	196608	2	98305	1188967	8601	0,98304,0,0,0,0,0,0,0,0,0,0,0,0,0,0,0,0,0,0,0,0,0,0,0,0,0,0,0,0,0,0,0,0,0,0,0,0,0,0	0,0,0,0,0,0,0,49150,0,1,0,0,0,1,0,49150,1,0,0,0,0,1,0,0,0,1,0,0,0,0,0,0,0,0,0,0,0,0,0,0	6	196608	98304	196608	2	98305	1188967	8601	0,98304,0,0,0,0,0,0,0,0,0,0,0,0,0,0,0,0,0,0,0,0,0,0,0,0,0,0,0,0,0,0,0,0,0,0,0,0,0,0	0,0,0,0,0,0,0,49150,0,1,0,0,0,1,0,49150,1,0,0,0,0,1,0,0,0,1,0,0,0,0,0,0,0,0,0,0,0,0,0,0
tb.dut.clusters[0].cluster.sockets[0].socket.cores[0].core.execute.fpu_unit.genblk1[0].fpu_fpnew.genblk3[3].fpnew_core.gen_operation_groups[1].i_opgroup_block.i_arbiter.gen_arbiter.gen_int_rr	18	340	1966080	196608	98304	196608	2	98305	1188967	8601	0,98304,0,0,0,0,0,0,0,0,0,0,0,0,0,0,0,0,0,0,0,0,0,0,0,0,0,0,0,0,0,0,0,0,0,0,0,0,0,0	0,0,0,0,0,0,0,49150,0,1,0,0,0,1,0,49150,1,0,0,0,0,1,0,0,0,1,0,0,0,0,0,0,0,0,0,0,0,0,0,0	2	196608	98304	196608	2	98305	1188967	8601	0,98304,0,0,0,0,0,0,0,0,0,0,0,0,0,0,0,0,0,0,0,0,0,0,0,0,0,0,0,0,0,0,0,0,0,0,0,0,0,0	0,0,0,0,0,0,0,49150,0,1,0,0,0,1,0,49150,1,0,0,0,0,1,0,0,0,1,0,0,0,0,0,0,0,0,0,0,0,0,0,0
tb.dut.clusters[0].cluster.sockets[0].socket.cores[0].core.execute.fpu_unit.genblk1[0].fpu_fpnew.genblk3[3].fpnew_core.gen_operation_groups[1].i_opgroup_block.i_arbiter.gen_arbiter.gen_int_rr.gen_fair_arb	19	337	1966080	196608	98304	196608	2	98305	1188967	8601	0,98304,0,0,0,0,0,0,0,0,0,0,0,0,0,0,0,0,0,0,0,0,0,0,0,0,0,0,0,0,0,0,0,0,0,0,0,0,0,0	0,0,0,0,0,0,0,49150,0,1,0,0,0,1,0,49150,1,0,0,0,0,1,0,0,0,1,0,0,0,0,0,0,0,0,0,0,0,0,0,0	2	196608	98304	196608	2	98305	1188967	8601	0,98304,0,0,0,0,0,0,0,0,0,0,0,0,0,0,0,0,0,0,0,0,0,0,0,0,0,0,0,0,0,0,0,0,0,0,0,0,0,0	0,0,0,0,0,0,0,49150,0,1,0,0,0,1,0,49150,1,0,0,0,0,1,0,0,0,1,0,0,0,0,0,0,0,0,0,0,0,0,0,0
tb.dut.clusters[0].cluster.sockets[0].socket.cores[0].core.execute.fpu_unit.genblk1[0].fpu_fpnew.genblk3[3].fpnew_core.gen_operation_groups[1].i_opgroup_block.i_arbiter.gen_arbiter.gen_int_rr.gen_fair_arb.i_lzc_lower	20	158	1769472	196608	98304	196608	2	98305	1188967	8601	0,98304,0,0,0,0,0,0,0,0,0,0,0,0,0,0,0,0,0,0,0,0,0,0,0,0,0,0,0,0,0,0,0,0,0,0,0,0,0,0	0,0,0,0,0,0,0,49150,0,1,0,0,0,1,0,49150,1,0,0,0,0,1,0,0,0,1,0,0,0,0,0,0,0,0,0,0,0,0,0,0	2	196608	98304	196608	2	98305	1188967	8601	0,98304,0,0,0,0,0,0,0,0,0,0,0,0,0,0,0,0,0,0,0,0,0,0,0,0,0,0,0,0,0,0,0,0,0,0,0,0,0,0	0,0,0,0,0,0,0,49150,0,1,0,0,0,1,0,49150,1,0,0,0,0,1,0,0,0,1,0,0,0,0,0,0,0,0,0,0,0,0,0,0
tb.dut.clusters[0].cluster.sockets[0].socket.cores[0].core.execute.fpu_unit.genblk1[0].fpu_fpnew.genblk3[3].fpnew_core.gen_operation_groups[1].i_opgroup_block.i_arbiter.gen_arbiter.gen_int_rr.gen_fair_arb.i_lzc_lower.gen_lzc	21	84	1376256	196608	98304	196608	2	98305	1188967	8601	0,98304,0,0,0,0,0,0,0,0,0,0,0,0,0,0,0,0,0,0,0,0,0,0,0,0,0,0,0,0,0,0,0,0,0,0,0,0,0,0	0,0,0,0,0,0,0,49150,0,1,0,0,0,1,0,49150,1,0,0,0,0,1,0,0,0,1,0,0,0,0,0,0,0,0,0,0,0,0,0,0	2	196608	98304	196608	2	98305	1188967	8601	0,98304,0,0,0,0,0,0,0,0,0,0,0,0,0,0,0,0,0,0,0,0,0,0,0,0,0,0,0,0,0,0,0,0,0,0,0,0,0,0	0,0,0,0,0,0,0,49150,0,1,0,0,0,1,0,49150,1,0,0,0,0,1,0,0,0,1,0,0,0,0,0,0,0,0,0,0,0,0,0,0
tb.dut.clusters[0].cluster.sockets[0].socket.cores[0].core.execute.fpu_unit.genblk1[0].fpu_fpnew.genblk3[3].fpnew_core.gen_operation_groups[1].i_opgroup_block.i_arbiter.gen_arbiter.gen_int_rr.gen_fair_arb.i_lzc_upper	20	158	0	0	0	0	0	1	1385575	1385575	0,0,0,0,0,0,0,0,0,0,0,0,0,0,0,0,0,0,0,0,0,0,0,0,0,0,0,0,0,0,0,0,0,0,0,0,0,0,0,0	0,0,0,0,0,0,0,0,0,0,0,0,0,0,0,0,0,0,0,0,0,0,0,0,0,0,0,0,0,0,0,0,1,0,0,0,0,0,0,0	2	0	0	0	0	1	1385575	1385575	0,0,0,0,0,0,0,0,0,0,0,0,0,0,0,0,0,0,0,0,0,0,0,0,0,0,0,0,0,0,0,0,0,0,0,0,0,0,0,0	0,0,0,0,0,0,0,0,0,0,0,0,0,0,0,0,0,0,0,0,0,0,0,0,0,0,0,0,0,0,0,0,1,0,0,0,0,0,0,0
tb.dut.clusters[0].cluster.sockets[0].socket.cores[0].core.execute.fpu_unit.genblk1[0].fpu_fpnew.genblk3[3].fpnew_core.gen_operation_groups[1].i_opgroup_block.i_arbiter.gen_arbiter.gen_int_rr.gen_fair_arb.i_lzc_upper.gen_lzc	21	84	0	0	0	0	0	1	1385575	1385575	0,0,0,0,0,0,0,0,0,0,0,0,0,0,0,0,0,0,0,0,0,0,0,0,0,0,0,0,0,0,0,0,0,0,0,0,0,0,0,0	0,0,0,0,0,0,0,0,0,0,0,0,0,0,0,0,0,0,0,0,0,0,0,0,0,0,0,0,0,0,0,0,1,0,0,0,0,0,0,0	2	0	0	0	0	1	1385575	1385575	0,0,0,0,0,0,0,0,0,0,0,0,0,0,0,0,0,0,0,0,0,0,0,0,0,0,0,0,0,0,0,0,0,0,0,0,0,0,0,0	0,0,0,0,0,0,0,0,0,0,0,0,0,0,0,0,0,0,0,0,0,0,0,0,0,0,0,0,0,0,0,0,1,0,0,0,0,0,0,0
tb.dut.clusters[0].cluster.sockets[0].socket.cores[0].core.execute.fpu_unit.genblk1[0].fpu_fpnew.genblk3[3].fpnew_core.gen_operation_groups[1].i_opgroup_block.i_arbiter.gen_arbiter.gen_levels[0]	18	65	196608	196608	98304	196608	2	98305	1188967	8601	0,98304,0,0,0,0,0,0,0,0,0,0,0,0,0,0,0,0,0,0,0,0,0,0,0,0,0,0,0,0,0,0,0,0,0,0,0,0,0,0	0,0,0,0,0,0,0,49150,0,1,0,0,0,1,0,49150,1,0,0,0,0,1,0,0,0,1,0,0,0,0,0,0,0,0,0,0,0,0,0,0	2	0	0	0	0	1	1385575	1385575	0,0,0,0,0,0,0,0,0,0,0,0,0,0,0,0,0,0,0,0,0,0,0,0,0,0,0,0,0,0,0,0,0,0,0,0,0,0,0,0	0,0,0,0,0,0,0,0,0,0,0,0,0,0,0,0,0,0,0,0,0,0,0,0,0,0,0,0,0,0,0,0,1,0,0,0,0,0,0,0
tb.dut.clusters[0].cluster.sockets[0].socket.cores[0].core.execute.fpu_unit.genblk1[0].fpu_fpnew.genblk3[3].fpnew_core.gen_operation_groups[1].i_opgroup_block.i_arbiter.gen_arbiter.gen_levels[0].gen_level[0]	19	65	196608	196608	98304	196608	2	98305	1188967	8601	0,98304,0,0,0,0,0,0,0,0,0,0,0,0,0,0,0,0,0,0,0,0,0,0,0,0,0,0,0,0,0,0,0,0,0,0,0,0,0,0	0,0,0,0,0,0,0,49150,0,1,0,0,0,1,0,49150,1,0,0,0,0,1,0,0,0,1,0,0,0,0,0,0,0,0,0,0,0,0,0,0	2	0	0	0	0	1	1385575	1385575	0,0,0,0,0,0,0,0,0,0,0,0,0,0,0,0,0,0,0,0,0,0,0,0,0,0,0,0,0,0,0,0,0,0,0,0,0,0,0,0	0,0,0,0,0,0,0,0,0,0,0,0,0,0,0,0,0,0,0,0,0,0,0,0,0,0,0,0,0,0,0,0,1,0,0,0,0,0,0,0
tb.dut.clusters[0].cluster.sockets[0].socket.cores[0].core.execute.fpu_unit.genblk1[0].fpu_fpnew.genblk3[3].fpnew_core.gen_operation_groups[1].i_opgroup_block.i_arbiter.gen_arbiter.gen_levels[1]	18	130	196608	196608	98304	196608	2	98305	1188967	8601	0,98304,0,0,0,0,0,0,0,0,0,0,0,0,0,0,0,0,0,0,0,0,0,0,0,0,0,0,0,0,0,0,0,0,0,0,0,0,0,0	0,0,0,0,0,0,0,49150,0,1,0,0,0,1,0,49150,1,0,0,0,0,1,0,0,0,1,0,0,0,0,0,0,0,0,0,0,0,0,0,0	2	0	0	0	0	1	1385575	1385575	0,0,0,0,0,0,0,0,0,0,0,0,0,0,0,0,0,0,0,0,0,0,0,0,0,0,0,0,0,0,0,0,0,0,0,0,0,0,0,0	0,0,0,0,0,0,0,0,0,0,0,0,0,0,0,0,0,0,0,0,0,0,0,0,0,0,0,0,0,0,0,0,1,0,0,0,0,0,0,0
tb.dut.clusters[0].cluster.sockets[0].socket.cores[0].core.execute.fpu_unit.genblk1[0].fpu_fpnew.genblk3[3].fpnew_core.gen_operation_groups[1].i_opgroup_block.i_arbiter.gen_arbiter.gen_levels[1].gen_level[0]	19	65	196608	196608	98304	196608	2	98305	1188967	8601	0,98304,0,0,0,0,0,0,0,0,0,0,0,0,0,0,0,0,0,0,0,0,0,0,0,0,0,0,0,0,0,0,0,0,0,0,0,0,0,0	0,0,0,0,0,0,0,49150,0,1,0,0,0,1,0,49150,1,0,0,0,0,1,0,0,0,1,0,0,0,0,0,0,0,0,0,0,0,0,0,0	2	0	0	0	0	1	1385575	1385575	0,0,0,0,0,0,0,0,0,0,0,0,0,0,0,0,0,0,0,0,0,0,0,0,0,0,0,0,0,0,0,0,0,0,0,0,0,0,0,0	0,0,0,0,0,0,0,0,0,0,0,0,0,0,0,0,0,0,0,0,0,0,0,0,0,0,0,0,0,0,0,0,1,0,0,0,0,0,0,0
tb.dut.clusters[0].cluster.sockets[0].socket.cores[0].core.execute.fpu_unit.genblk1[0].fpu_fpnew.genblk3[3].fpnew_core.gen_operation_groups[1].i_opgroup_block.i_arbiter.gen_arbiter.gen_levels[1].gen_level[1]	19	65	0	0	0	0	0	1	1385575	1385575	0,0,0,0,0,0,0,0,0,0,0,0,0,0,0,0,0,0,0,0,0,0,0,0,0,0,0,0,0,0,0,0,0,0,0,0,0,0,0,0	0,0,0,0,0,0,0,0,0,0,0,0,0,0,0,0,0,0,0,0,0,0,0,0,0,0,0,0,0,0,0,0,1,0,0,0,0,0,0,0	2	0	0	0	0	1	1385575	1385575	0,0,0,0,0,0,0,0,0,0,0,0,0,0,0,0,0,0,0,0,0,0,0,0,0,0,0,0,0,0,0,0,0,0,0,0,0,0,0,0	0,0,0,0,0,0,0,0,0,0,0,0,0,0,0,0,0,0,0,0,0,0,0,0,0,0,0,0,0,0,0,0,1,0,0,0,0,0,0,0
tb.dut.clusters[0].cluster.sockets[0].socket.cores[0].core.execute.fpu_unit.genblk1[0].fpu_fpnew.genblk3[3].fpnew_core.gen_operation_groups[1].i_opgroup_block.i_arbiter.gen_arbiter.gen_levels[2]	18	260	196608	196608	98304	196608	2	98305	1188967	8601	0,98304,0,0,0,0,0,0,0,0,0,0,0,0,0,0,0,0,0,0,0,0,0,0,0,0,0,0,0,0,0,0,0,0,0,0,0,0,0,0	0,0,0,0,0,0,0,49150,0,1,0,0,0,1,0,49150,1,0,0,0,0,1,0,0,0,1,0,0,0,0,0,0,0,0,0,0,0,0,0,0	2	0	0	0	0	1	1385575	1385575	0,0,0,0,0,0,0,0,0,0,0,0,0,0,0,0,0,0,0,0,0,0,0,0,0,0,0,0,0,0,0,0,0,0,0,0,0,0,0,0	0,0,0,0,0,0,0,0,0,0,0,0,0,0,0,0,0,0,0,0,0,0,0,0,0,0,0,0,0,0,0,0,1,0,0,0,0,0,0,0
tb.dut.clusters[0].cluster.sockets[0].socket.cores[0].core.execute.fpu_unit.genblk1[0].fpu_fpnew.genblk3[3].fpnew_core.gen_operation_groups[1].i_opgroup_block.i_arbiter.gen_arbiter.gen_levels[2].gen_level[0]	19	65	196608	196608	98304	196608	2	98305	1188967	8601	0,98304,0,0,0,0,0,0,0,0,0,0,0,0,0,0,0,0,0,0,0,0,0,0,0,0,0,0,0,0,0,0,0,0,0,0,0,0,0,0	0,0,0,0,0,0,0,49150,0,1,0,0,0,1,0,49150,1,0,0,0,0,1,0,0,0,1,0,0,0,0,0,0,0,0,0,0,0,0,0,0	2	0	0	0	0	1	1385575	1385575	0,0,0,0,0,0,0,0,0,0,0,0,0,0,0,0,0,0,0,0,0,0,0,0,0,0,0,0,0,0,0,0,0,0,0,0,0,0,0,0	0,0,0,0,0,0,0,0,0,0,0,0,0,0,0,0,0,0,0,0,0,0,0,0,0,0,0,0,0,0,0,0,1,0,0,0,0,0,0,0
tb.dut.clusters[0].cluster.sockets[0].socket.cores[0].core.execute.fpu_unit.genblk1[0].fpu_fpnew.genblk3[3].fpnew_core.gen_operation_groups[1].i_opgroup_block.i_arbiter.gen_arbiter.gen_levels[2].gen_level[1]	19	65	0	0	0	0	0	1	1385575	1385575	0,0,0,0,0,0,0,0,0,0,0,0,0,0,0,0,0,0,0,0,0,0,0,0,0,0,0,0,0,0,0,0,0,0,0,0,0,0,0,0	0,0,0,0,0,0,0,0,0,0,0,0,0,0,0,0,0,0,0,0,0,0,0,0,0,0,0,0,0,0,0,0,1,0,0,0,0,0,0,0	2	0	0	0	0	1	1385575	1385575	0,0,0,0,0,0,0,0,0,0,0,0,0,0,0,0,0,0,0,0,0,0,0,0,0,0,0,0,0,0,0,0,0,0,0,0,0,0,0,0	0,0,0,0,0,0,0,0,0,0,0,0,0,0,0,0,0,0,0,0,0,0,0,0,0,0,0,0,0,0,0,0,1,0,0,0,0,0,0,0
tb.dut.clusters[0].cluster.sockets[0].socket.cores[0].core.execute.fpu_unit.genblk1[0].fpu_fpnew.genblk3[3].fpnew_core.gen_operation_groups[1].i_opgroup_block.i_arbiter.gen_arbiter.gen_levels[2].gen_level[2]	19	65	0	0	0	0	0	1	1385575	1385575	0,0,0,0,0,0,0,0,0,0,0,0,0,0,0,0,0,0,0,0,0,0,0,0,0,0,0,0,0,0,0,0,0,0,0,0,0,0,0,0	0,0,0,0,0,0,0,0,0,0,0,0,0,0,0,0,0,0,0,0,0,0,0,0,0,0,0,0,0,0,0,0,1,0,0,0,0,0,0,0	2	0	0	0	0	1	1385575	1385575	0,0,0,0,0,0,0,0,0,0,0,0,0,0,0,0,0,0,0,0,0,0,0,0,0,0,0,0,0,0,0,0,0,0,0,0,0,0,0,0	0,0,0,0,0,0,0,0,0,0,0,0,0,0,0,0,0,0,0,0,0,0,0,0,0,0,0,0,0,0,0,0,1,0,0,0,0,0,0,0
tb.dut.clusters[0].cluster.sockets[0].socket.cores[0].core.execute.fpu_unit.genblk1[0].fpu_fpnew.genblk3[3].fpnew_core.gen_operation_groups[1].i_opgroup_block.i_arbiter.gen_arbiter.gen_levels[2].gen_level[3]	19	65	0	0	0	0	0	1	1385575	1385575	0,0,0,0,0,0,0,0,0,0,0,0,0,0,0,0,0,0,0,0,0,0,0,0,0,0,0,0,0,0,0,0,0,0,0,0,0,0,0,0	0,0,0,0,0,0,0,0,0,0,0,0,0,0,0,0,0,0,0,0,0,0,0,0,0,0,0,0,0,0,0,0,1,0,0,0,0,0,0,0	2	0	0	0	0	1	1385575	1385575	0,0,0,0,0,0,0,0,0,0,0,0,0,0,0,0,0,0,0,0,0,0,0,0,0,0,0,0,0,0,0,0,0,0,0,0,0,0,0,0	0,0,0,0,0,0,0,0,0,0,0,0,0,0,0,0,0,0,0,0,0,0,0,0,0,0,0,0,0,0,0,0,1,0,0,0,0,0,0,0
tb.dut.clusters[0].cluster.sockets[0].socket.cores[0].core.execute.fpu_unit.genblk1[0].fpu_fpnew.genblk3[3].fpnew_core.gen_operation_groups[2]	14	4265	6972393	147623	98376	147623	10	98377	1237952	8627	49162,49202,6,1,3,0,0,0,0,2,0,0,0,0,0,0,0,0,0,0,0,0,0,0,0,0,0,0,0,0,0,0,0,0,0,0,0,0,0,0	46,19,2,4,1,0,0,1,49148,0,1,0,0,1,0,49149,3,0,0,0,1,0,0,0,0,1,0,0,0,0,0,0,0,0,0,0,0,0,0,0	22	92216	92171	92216	10	92172	1293359	8627	92145,22,1,1,0,0,0,0,0,2,0,0,0,0,0,0,0,0,0,0,0,0,0,0,0,0,0,0,0,0,0,0,0,0,0,0,0,0,0,0	14,4,4,5,4,0,0,0,42982,0,1,5,3,0,1,1,49139,6,1,0,1,0,0,0,0,1,0,0,0,0,0,0,0,0,0,0,0,0,0,0
tb.dut.clusters[0].cluster.sockets[0].socket.cores[0].core.execute.fpu_unit.genblk1[0].fpu_fpnew.genblk3[3].fpnew_core.gen_operation_groups[2].i_opgroup_block	15	4222	6972377	147623	98376	147623	10	98377	1237952	8627	49162,49202,6,1,3,0,0,0,0,2,0,0,0,0,0,0,0,0,0,0,0,0,0,0,0,0,0,0,0,0,0,0,0,0,0,0,0,0,0,0	46,19,2,4,1,0,0,1,49148,0,1,0,0,1,0,49149,3,0,0,0,1,0,0,0,0,1,0,0,0,0,0,0,0,0,0,0,0,0,0,0	22	92216	92171	92216	10	92172	1293359	8627	92145,22,1,1,0,0,0,0,0,2,0,0,0,0,0,0,0,0,0,0,0,0,0,0,0,0,0,0,0,0,0,0,0,0,0,0,0,0,0,0	14,4,4,5,4,0,0,0,42982,0,1,5,3,0,1,1,49139,6,1,0,1,0,0,0,0,1,0,0,0,0,0,0,0,0,0,0,0,0,0,0
tb.dut.clusters[0].cluster.sockets[0].socket.cores[0].core.execute.fpu_unit.genblk1[0].fpu_fpnew.genblk3[3].fpnew_core.gen_operation_groups[2].i_opgroup_block.gen_parallel_slices[0]	16	1958	5553777	147623	98376	147623	10	98377	1237952	8627	49162,49202,6,1,3,0,0,0,0,2,0,0,0,0,0,0,0,0,0,0,0,0,0,0,0,0,0,0,0,0,0,0,0,0,0,0,0,0,0,0	46,19,2,4,1,0,0,1,49148,0,1,0,0,1,0,49149,3,0,0,0,1,0,0,0,0,1,0,0,0,0,0,0,0,0,0,0,0,0,0,0	10	95108	95056	95108	10	95057	1290467	8627	95024,27,2,1,0,0,0,0,0,2,0,0,0,0,0,0,0,0,0,0,0,0,0,0,0,0,0,0,0,0,0,0,0,0,0,0,0,0,0,0	17,10,2,10,4,0,6,1,45851,0,1,0,1,0,1,1,49150,0,0,0,1,0,0,0,0,1,0,0,0,0,0,0,0,0,0,0,0,0,0,0
tb.dut.clusters[0].cluster.sockets[0].socket.cores[0].core.execute.fpu_unit.genblk1[0].fpu_fpnew.genblk3[3].fpnew_core.gen_operation_groups[2].i_opgroup_block.gen_parallel_slices[0].active_format	17	1956	5553777	147623	98376	147623	10	98377	1237952	8627	49162,49202,6,1,3,0,0,0,0,2,0,0,0,0,0,0,0,0,0,0,0,0,0,0,0,0,0,0,0,0,0,0,0,0,0,0,0,0,0,0	46,19,2,4,1,0,0,1,49148,0,1,0,0,1,0,49149,3,0,0,0,1,0,0,0,0,1,0,0,0,0,0,0,0,0,0,0,0,0,0,0	10	95108	95056	95108	10	95057	1290467	8627	95024,27,2,1,0,0,0,0,0,2,0,0,0,0,0,0,0,0,0,0,0,0,0,0,0,0,0,0,0,0,0,0,0,0,0,0,0,0,0,0	17,10,2,10,4,0,6,1,45851,0,1,0,1,0,1,1,49150,0,0,0,1,0,0,0,0,1,0,0,0,0,0,0,0,0,0,0,0,0,0,0
tb.dut.clusters[0].cluster.sockets[0].socket.cores[0].core.execute.fpu_unit.genblk1[0].fpu_fpnew.genblk3[3].fpnew_core.gen_operation_groups[2].i_opgroup_block.gen_parallel_slices[0].active_format.i_fmt_slice	18	1922	5553758	147623	98376	147623	10	98377	1237952	8627	49162,49202,6,1,3,0,0,0,0,2,0,0,0,0,0,0,0,0,0,0,0,0,0,0,0,0,0,0,0,0,0,0,0,0,0,0,0,0,0,0	46,19,2,4,1,0,0,1,49148,0,1,0,0,1,0,49149,3,0,0,0,1,0,0,0,0,1,0,0,0,0,0,0,0,0,0,0,0,0,0,0	10	95108	95056	95108	10	95057	1290467	8627	95024,27,2,1,0,0,0,0,0,2,0,0,0,0,0,0,0,0,0,0,0,0,0,0,0,0,0,0,0,0,0,0,0,0,0,0,0,0,0,0	17,10,2,10,4,0,6,1,45851,0,1,0,1,0,1,1,49150,0,0,0,1,0,0,0,0,1,0,0,0,0,0,0,0,0,0,0,0,0,0,0
tb.dut.clusters[0].cluster.sockets[0].socket.cores[0].core.execute.fpu_unit.genblk1[0].fpu_fpnew.genblk3[3].fpnew_core.gen_operation_groups[2].i_opgroup_block.gen_parallel_slices[0].active_format.i_fmt_slice.gen_num_lanes[0]	19	1343	4136848	147623	98376	147623	10	98377	1237952	8627	49162,49202,6,1,3,0,0,0,0,2,0,0,0,0,0,0,0,0,0,0,0,0,0,0,0,0,0,0,0,0,0,0,0,0,0,0,0,0,0,0	46,19,2,4,1,0,0,1,49148,0,1,0,0,1,0,49149,3,0,0,0,1,0,0,0,0,1,0,0,0,0,0,0,0,0,0,0,0,0,0,0	7	95108	95056	95108	10	95057	1290467	8627	95024,27,2,1,0,0,0,0,0,2,0,0,0,0,0,0,0,0,0,0,0,0,0,0,0,0,0,0,0,0,0,0,0,0,0,0,0,0,0,0	17,10,2,10,4,0,6,1,45851,0,1,0,1,0,1,1,49150,0,0,0,1,0,0,0,0,1,0,0,0,0,0,0,0,0,0,0,0,0,0,0
tb.dut.clusters[0].cluster.sockets[0].socket.cores[0].core.execute.fpu_unit.genblk1[0].fpu_fpnew.genblk3[3].fpnew_core.gen_operation_groups[2].i_opgroup_block.gen_parallel_slices[0].active_format.i_fmt_slice.gen_num_lanes[0].active_lane	20	1310	4136464	147623	98376	147623	10	98377	1237952	8627	49162,49202,6,1,3,0,0,0,0,2,0,0,0,0,0,0,0,0,0,0,0,0,0,0,0,0,0,0,0,0,0,0,0,0,0,0,0,0,0,0	46,19,2,4,1,0,0,1,49148,0,1,0,0,1,0,49149,3,0,0,0,1,0,0,0,0,1,0,0,0,0,0,0,0,0,0,0,0,0,0,0	7	95108	95056	95108	10	95057	1290467	8627	95024,27,2,1,0,0,0,0,0,2,0,0,0,0,0,0,0,0,0,0,0,0,0,0,0,0,0,0,0,0,0,0,0,0,0,0,0,0,0,0	17,10,2,10,4,0,6,1,45851,0,1,0,1,0,1,1,49150,0,0,0,1,0,0,0,0,1,0,0,0,0,0,0,0,0,0,0,0,0,0,0
tb.dut.clusters[0].cluster.sockets[0].socket.cores[0].core.execute.fpu_unit.genblk1[0].fpu_fpnew.genblk3[3].fpnew_core.gen_operation_groups[2].i_opgroup_block.gen_parallel_slices[0].active_format.i_fmt_slice.gen_num_lanes[0].active_lane.lane_instance	21	1206	2831677	147623	98376	147623	10	98377	1237952	8627	49162,49202,6,1,3,0,0,0,0,2,0,0,0,0,0,0,0,0,0,0,0,0,0,0,0,0,0,0,0,0,0,0,0,0,0,0,0,0,0,0	46,19,2,4,1,0,0,1,49148,0,1,0,0,1,0,49149,3,0,0,0,1,0,0,0,0,1,0,0,0,0,0,0,0,0,0,0,0,0,0,0	7	95081	95031	95081	9	95032	1290494	8627	94999,27,2,1,0,0,0,0,2,0,0,0,0,0,0,0,0,0,0,0,0,0,0,0,0,0,0,0,0,0,0,0,0,0,0,0,0,0,0,0	17,10,2,3,4,0,0,0,45833,0,1,5,3,0,1,0,49150,1,0,0,1,0,0,0,0,1,0,0,0,0,0,0,0,0,0,0,0,0,0,0
tb.dut.clusters[0].cluster.sockets[0].socket.cores[0].core.execute.fpu_unit.genblk1[0].fpu_fpnew.genblk3[3].fpnew_core.gen_operation_groups[2].i_opgroup_block.gen_parallel_slices[0].active_format.i_fmt_slice.gen_num_lanes[0].active_lane.lane_instance.i_noncomp	22	1206	2831677	147623	98376	147623	10	98377	1237952	8627	49162,49202,6,1,3,0,0,0,0,2,0,0,0,0,0,0,0,0,0,0,0,0,0,0,0,0,0,0,0,0,0,0,0,0,0,0,0,0,0,0	46,19,2,4,1,0,0,1,49148,0,1,0,0,1,0,49149,3,0,0,0,1,0,0,0,0,1,0,0,0,0,0,0,0,0,0,0,0,0,0,0	7	95081	95031	95081	9	95032	1290494	8627	94999,27,2,1,0,0,0,0,2,0,0,0,0,0,0,0,0,0,0,0,0,0,0,0,0,0,0,0,0,0,0,0,0,0,0,0,0,0,0,0	17,10,2,3,4,0,0,0,45833,0,1,5,3,0,1,0,49150,1,0,0,1,0,0,0,0,1,0,0,0,0,0,0,0,0,0,0,0,0,0,0
tb.dut.clusters[0].cluster.sockets[0].socket.cores[0].core.execute.fpu_unit.genblk1[0].fpu_fpnew.genblk3[3].fpnew_core.gen_operation_groups[2].i_opgroup_block.gen_parallel_slices[0].active_format.i_fmt_slice.gen_num_lanes[0].active_lane.lane_instance.i_noncomp.gen_input_pipeline[0]	23	1	16	16	2	16	8	3	1385559	1385121	0,0,0,0,0,0,0,2,0,0,0,0,0,0,0,0,0,0,0,0,0,0,0,0,0,0,0,0,0,0,0,0,0,0,0,0,0,0,0,0	0,0,0,0,0,1,0,0,0,0,0,0,0,0,0,0,0,0,0,0,1,0,0,0,0,0,0,0,0,0,0,0,1,0,0,0,0,0,0,0	2	0	0	0	0	1	1385575	1385575	0,0,0,0,0,0,0,0,0,0,0,0,0,0,0,0,0,0,0,0,0,0,0,0,0,0,0,0,0,0,0,0,0,0,0,0,0,0,0,0	0,0,0,0,0,0,0,0,0,0,0,0,0,0,0,0,0,0,0,0,0,0,0,0,0,0,0,0,0,0,0,0,1,0,0,0,0,0,0,0
tb.dut.clusters[0].cluster.sockets[0].socket.cores[0].core.execute.fpu_unit.genblk1[0].fpu_fpnew.genblk3[3].fpnew_core.gen_operation_groups[2].i_opgroup_block.gen_parallel_slices[0].active_format.i_fmt_slice.gen_num_lanes[0].active_lane.lane_instance.i_noncomp.gen_output_pipeline[0]	23	1	16	16	2	16	8	3	1385559	1385120	0,0,0,0,0,0,0,2,0,0,0,0,0,0,0,0,0,0,0,0,0,0,0,0,0,0,0,0,0,0,0,0,0,0,0,0,0,0,0,0	0,0,0,0,0,1,0,0,0,0,0,0,0,0,0,0,0,0,0,0,1,0,0,0,0,0,0,0,0,0,0,0,1,0,0,0,0,0,0,0	2	0	0	0	0	1	1385575	1385575	0,0,0,0,0,0,0,0,0,0,0,0,0,0,0,0,0,0,0,0,0,0,0,0,0,0,0,0,0,0,0,0,0,0,0,0,0,0,0,0	0,0,0,0,0,0,0,0,0,0,0,0,0,0,0,0,0,0,0,0,0,0,0,0,0,0,0,0,0,0,0,0,1,0,0,0,0,0,0,0
tb.dut.clusters[0].cluster.sockets[0].socket.cores[0].core.execute.fpu_unit.genblk1[0].fpu_fpnew.genblk3[3].fpnew_core.gen_operation_groups[2].i_opgroup_block.gen_parallel_slices[0].active_format.i_fmt_slice.gen_num_lanes[0].active_lane.lane_instance.i_noncomp.i_class_a	23	293	38	2	2	2	1	3	1385573	1385127	2,0,0,0,0,0,0,0,0,0,0,0,0,0,0,0,0,0,0,0,0,0,0,0,0,0,0,0,0,0,0,0,0,0,0,0,0,0,0,0	0,0,0,0,0,0,0,0,0,0,0,0,1,0,0,0,0,0,0,0,1,0,0,0,0,0,0,0,0,0,0,0,1,0,0,0,0,0,0,0	2	2	2	2	1	3	1385573	1385127	2,0,0,0,0,0,0,0,0,0,0,0,0,0,0,0,0,0,0,0,0,0,0,0,0,0,0,0,0,0,0,0,0,0,0,0,0,0,0,0	0,0,0,0,0,0,0,0,0,0,0,0,1,0,0,0,0,0,0,0,1,0,0,0,0,0,0,0,0,0,0,0,1,0,0,0,0,0,0,0
tb.dut.clusters[0].cluster.sockets[0].socket.cores[0].core.execute.fpu_unit.genblk1[0].fpu_fpnew.genblk3[3].fpnew_core.gen_operation_groups[2].i_opgroup_block.gen_parallel_slices[0].active_format.i_fmt_slice.gen_num_lanes[0].active_lane.lane_instance.i_noncomp.i_class_a.gen_num_values[0]	24	40	14	2	2	2	1	3	1385573	1385127	2,0,0,0,0,0,0,0,0,0,0,0,0,0,0,0,0,0,0,0,0,0,0,0,0,0,0,0,0,0,0,0,0,0,0,0,0,0,0,0	0,0,0,0,0,0,0,0,0,0,0,0,1,0,0,0,0,0,0,0,1,0,0,0,0,0,0,0,0,0,0,0,1,0,0,0,0,0,0,0	2	2	2	2	1	3	1385573	1385127	2,0,0,0,0,0,0,0,0,0,0,0,0,0,0,0,0,0,0,0,0,0,0,0,0,0,0,0,0,0,0,0,0,0,0,0,0,0,0,0	0,0,0,0,0,0,0,0,0,0,0,0,1,0,0,0,0,0,0,0,1,0,0,0,0,0,0,0,0,0,0,0,1,0,0,0,0,0,0,0
tb.dut.clusters[0].cluster.sockets[0].socket.cores[0].core.execute.fpu_unit.genblk1[0].fpu_fpnew.genblk3[3].fpnew_core.gen_operation_groups[2].i_opgroup_block.gen_parallel_slices[0].active_format.i_fmt_slice.gen_num_lanes[0].active_lane.lane_instance.i_noncomp.i_class_a.gen_num_values[1]	24	40	4	1	1	1	1	2	1385574	1385141	1,0,0,0,0,0,0,0,0,0,0,0,0,0,0,0,0,0,0,0,0,0,0,0,0,0,0,0,0,0,0,0,0,0,0,0,0,0,0,0	0,0,0,0,0,0,0,0,0,0,0,0,0,0,0,0,0,0,0,0,1,0,0,0,0,0,0,0,0,0,0,0,1,0,0,0,0,0,0,0	2	1	1	1	1	2	1385574	1385141	1,0,0,0,0,0,0,0,0,0,0,0,0,0,0,0,0,0,0,0,0,0,0,0,0,0,0,0,0,0,0,0,0,0,0,0,0,0,0,0	0,0,0,0,0,0,0,0,0,0,0,0,0,0,0,0,0,0,0,0,1,0,0,0,0,0,0,0,0,0,0,0,1,0,0,0,0,0,0,0
tb.dut.clusters[0].cluster.sockets[0].socket.cores[0].core.execute.fpu_unit.genblk1[0].fpu_fpnew.genblk3[3].fpnew_core.gen_operation_groups[2].i_opgroup_block.gen_parallel_slices[0].active_format.i_fmt_slice.gen_num_lanes[0].active_lane.lane_instance.i_noncomp.sign_injections	23	2	0	0	0	0	0	1	1385575	1385575	0,0,0,0,0,0,0,0,0,0,0,0,0,0,0,0,0,0,0,0,0,0,0,0,0,0,0,0,0,0,0,0,0,0,0,0,0,0,0,0	0,0,0,0,0,0,0,0,0,0,0,0,0,0,0,0,0,0,0,0,0,0,0,0,0,0,0,0,0,0,0,0,1,0,0,0,0,0,0,0	2	0	0	0	0	1	1385575	1385575	0,0,0,0,0,0,0,0,0,0,0,0,0,0,0,0,0,0,0,0,0,0,0,0,0,0,0,0,0,0,0,0,0,0,0,0,0,0,0,0	0,0,0,0,0,0,0,0,0,0,0,0,0,0,0,0,0,0,0,0,0,0,0,0,0,0,0,0,0,0,0,0,1,0,0,0,0,0,0,0
tb.dut.clusters[0].cluster.sockets[0].socket.cores[0].core.execute.fpu_unit.genblk1[0].fpu_fpnew.genblk3[3].fpnew_core.gen_operation_groups[2].i_opgroup_block.gen_parallel_slices[1]	16	2	0	0	0	0	0	1	1385575	1385575	0,0,0,0,0,0,0,0,0,0,0,0,0,0,0,0,0,0,0,0,0,0,0,0,0,0,0,0,0,0,0,0,0,0,0,0,0,0,0,0	0,0,0,0,0,0,0,0,0,0,0,0,0,0,0,0,0,0,0,0,0,0,0,0,0,0,0,0,0,0,0,0,1,0,0,0,0,0,0,0	2	0	0	0	0	1	1385575	1385575	0,0,0,0,0,0,0,0,0,0,0,0,0,0,0,0,0,0,0,0,0,0,0,0,0,0,0,0,0,0,0,0,0,0,0,0,0,0,0,0	0,0,0,0,0,0,0,0,0,0,0,0,0,0,0,0,0,0,0,0,0,0,0,0,0,0,0,0,0,0,0,0,1,0,0,0,0,0,0,0
tb.dut.clusters[0].cluster.sockets[0].socket.cores[0].core.execute.fpu_unit.genblk1[0].fpu_fpnew.genblk3[3].fpnew_core.gen_operation_groups[2].i_opgroup_block.gen_parallel_slices[2]	16	2	0	0	0	0	0	1	1385575	1385575	0,0,0,0,0,0,0,0,0,0,0,0,0,0,0,0,0,0,0,0,0,0,0,0,0,0,0,0,0,0,0,0,0,0,0,0,0,0,0,0	0,0,0,0,0,0,0,0,0,0,0,0,0,0,0,0,0,0,0,0,0,0,0,0,0,0,0,0,0,0,0,0,1,0,0,0,0,0,0,0	2	0	0	0	0	1	1385575	1385575	0,0,0,0,0,0,0,0,0,0,0,0,0,0,0,0,0,0,0,0,0,0,0,0,0,0,0,0,0,0,0,0,0,0,0,0,0,0,0,0	0,0,0,0,0,0,0,0,0,0,0,0,0,0,0,0,0,0,0,0,0,0,0,0,0,0,0,0,0,0,0,0,1,0,0,0,0,0,0,0
tb.dut.clusters[0].cluster.sockets[0].socket.cores[0].core.execute.fpu_unit.genblk1[0].fpu_fpnew.genblk3[3].fpnew_core.gen_operation_groups[2].i_opgroup_block.gen_parallel_slices[3]	16	2	0	0	0	0	0	1	1385575	1385575	0,0,0,0,0,0,0,0,0,0,0,0,0,0,0,0,0,0,0,0,0,0,0,0,0,0,0,0,0,0,0,0,0,0,0,0,0,0,0,0	0,0,0,0,0,0,0,0,0,0,0,0,0,0,0,0,0,0,0,0,0,0,0,0,0,0,0,0,0,0,0,0,1,0,0,0,0,0,0,0	2	0	0	0	0	1	1385575	1385575	0,0,0,0,0,0,0,0,0,0,0,0,0,0,0,0,0,0,0,0,0,0,0,0,0,0,0,0,0,0,0,0,0,0,0,0,0,0,0,0	0,0,0,0,0,0,0,0,0,0,0,0,0,0,0,0,0,0,0,0,0,0,0,0,0,0,0,0,0,0,0,0,1,0,0,0,0,0,0,0
tb.dut.clusters[0].cluster.sockets[0].socket.cores[0].core.execute.fpu_unit.genblk1[0].fpu_fpnew.genblk3[3].fpnew_core.gen_operation_groups[2].i_opgroup_block.gen_parallel_slices[4]	16	2	0	0	0	0	0	1	1385575	1385575	0,0,0,0,0,0,0,0,0,0,0,0,0,0,0,0,0,0,0,0,0,0,0,0,0,0,0,0,0,0,0,0,0,0,0,0,0,0,0,0	0,0,0,0,0,0,0,0,0,0,0,0,0,0,0,0,0,0,0,0,0,0,0,0,0,0,0,0,0,0,0,0,1,0,0,0,0,0,0,0	2	0	0	0	0	1	1385575	1385575	0,0,0,0,0,0,0,0,0,0,0,0,0,0,0,0,0,0,0,0,0,0,0,0,0,0,0,0,0,0,0,0,0,0,0,0,0,0,0,0	0,0,0,0,0,0,0,0,0,0,0,0,0,0,0,0,0,0,0,0,0,0,0,0,0,0,0,0,0,0,0,0,1,0,0,0,0,0,0,0
tb.dut.clusters[0].cluster.sockets[0].socket.cores[0].core.execute.fpu_unit.genblk1[0].fpu_fpnew.genblk3[3].fpnew_core.gen_operation_groups[2].i_opgroup_block.i_arbiter	16	1510	2172	18	4	18	8	5	1385557	1385119	2,0,0,0,0,0,0,2,0,0,0,0,0,0,0,0,0,0,0,0,0,0,0,0,0,0,0,0,0,0,0,0,0,0,0,0,0,0,0,0	0,0,1,0,0,1,0,0,0,0,0,0,0,0,0,0,1,0,0,0,1,0,0,0,0,0,0,0,0,0,0,0,1,0,0,0,0,0,0,0	8	16	2	16	8	3	1385559	1385119	0,0,0,0,0,0,0,2,0,0,0,0,0,0,0,0,0,0,0,0,0,0,0,0,0,0,0,0,0,0,0,0,0,0,0,0,0,0,0,0	0,0,0,0,0,1,0,0,0,0,0,0,0,0,0,0,0,0,0,0,1,0,0,0,0,0,0,0,0,0,0,0,1,0,0,0,0,0,0,0
tb.dut.clusters[0].cluster.sockets[0].socket.cores[0].core.execute.fpu_unit.genblk1[0].fpu_fpnew.genblk3[3].fpnew_core.gen_operation_groups[2].i_opgroup_block.i_arbiter.gen_arbiter	17	1150	1544	16	2	16	8	3	1385559	1385119	0,0,0,0,0,0,0,2,0,0,0,0,0,0,0,0,0,0,0,0,0,0,0,0,0,0,0,0,0,0,0,0,0,0,0,0,0,0,0,0	0,0,0,0,0,1,0,0,0,0,0,0,0,0,0,0,0,0,0,0,1,0,0,0,0,0,0,0,0,0,0,0,1,0,0,0,0,0,0,0	6	16	2	16	8	3	1385559	1385119	0,0,0,0,0,0,0,2,0,0,0,0,0,0,0,0,0,0,0,0,0,0,0,0,0,0,0,0,0,0,0,0,0,0,0,0,0,0,0,0	0,0,0,0,0,1,0,0,0,0,0,0,0,0,0,0,0,0,0,0,1,0,0,0,0,0,0,0,0,0,0,0,1,0,0,0,0,0,0,0
tb.dut.clusters[0].cluster.sockets[0].socket.cores[0].core.execute.fpu_unit.genblk1[0].fpu_fpnew.genblk3[3].fpnew_core.gen_operation_groups[2].i_opgroup_block.i_arbiter.gen_arbiter.gen_int_rr	18	340	160	16	2	16	8	3	1385559	1385119	0,0,0,0,0,0,0,2,0,0,0,0,0,0,0,0,0,0,0,0,0,0,0,0,0,0,0,0,0,0,0,0,0,0,0,0,0,0,0,0	0,0,0,0,0,1,0,0,0,0,0,0,0,0,0,0,0,0,0,0,1,0,0,0,0,0,0,0,0,0,0,0,1,0,0,0,0,0,0,0	2	16	2	16	8	3	1385559	1385119	0,0,0,0,0,0,0,2,0,0,0,0,0,0,0,0,0,0,0,0,0,0,0,0,0,0,0,0,0,0,0,0,0,0,0,0,0,0,0,0	0,0,0,0,0,1,0,0,0,0,0,0,0,0,0,0,0,0,0,0,1,0,0,0,0,0,0,0,0,0,0,0,1,0,0,0,0,0,0,0
tb.dut.clusters[0].cluster.sockets[0].socket.cores[0].core.execute.fpu_unit.genblk1[0].fpu_fpnew.genblk3[3].fpnew_core.gen_operation_groups[2].i_opgroup_block.i_arbiter.gen_arbiter.gen_int_rr.gen_fair_arb	19	337	160	16	2	16	8	3	1385559	1385119	0,0,0,0,0,0,0,2,0,0,0,0,0,0,0,0,0,0,0,0,0,0,0,0,0,0,0,0,0,0,0,0,0,0,0,0,0,0,0,0	0,0,0,0,0,1,0,0,0,0,0,0,0,0,0,0,0,0,0,0,1,0,0,0,0,0,0,0,0,0,0,0,1,0,0,0,0,0,0,0	2	16	2	16	8	3	1385559	1385119	0,0,0,0,0,0,0,2,0,0,0,0,0,0,0,0,0,0,0,0,0,0,0,0,0,0,0,0,0,0,0,0,0,0,0,0,0,0,0,0	0,0,0,0,0,1,0,0,0,0,0,0,0,0,0,0,0,0,0,0,1,0,0,0,0,0,0,0,0,0,0,0,1,0,0,0,0,0,0,0
tb.dut.clusters[0].cluster.sockets[0].socket.cores[0].core.execute.fpu_unit.genblk1[0].fpu_fpnew.genblk3[3].fpnew_core.gen_operation_groups[2].i_opgroup_block.i_arbiter.gen_arbiter.gen_int_rr.gen_fair_arb.i_lzc_lower	20	158	144	16	2	16	8	3	1385559	1385119	0,0,0,0,0,0,0,2,0,0,0,0,0,0,0,0,0,0,0,0,0,0,0,0,0,0,0,0,0,0,0,0,0,0,0,0,0,0,0,0	0,0,0,0,0,1,0,0,0,0,0,0,0,0,0,0,0,0,0,0,1,0,0,0,0,0,0,0,0,0,0,0,1,0,0,0,0,0,0,0	2	16	2	16	8	3	1385559	1385119	0,0,0,0,0,0,0,2,0,0,0,0,0,0,0,0,0,0,0,0,0,0,0,0,0,0,0,0,0,0,0,0,0,0,0,0,0,0,0,0	0,0,0,0,0,1,0,0,0,0,0,0,0,0,0,0,0,0,0,0,1,0,0,0,0,0,0,0,0,0,0,0,1,0,0,0,0,0,0,0
tb.dut.clusters[0].cluster.sockets[0].socket.cores[0].core.execute.fpu_unit.genblk1[0].fpu_fpnew.genblk3[3].fpnew_core.gen_operation_groups[2].i_opgroup_block.i_arbiter.gen_arbiter.gen_int_rr.gen_fair_arb.i_lzc_lower.gen_lzc	21	84	112	16	2	16	8	3	1385559	1385119	0,0,0,0,0,0,0,2,0,0,0,0,0,0,0,0,0,0,0,0,0,0,0,0,0,0,0,0,0,0,0,0,0,0,0,0,0,0,0,0	0,0,0,0,0,1,0,0,0,0,0,0,0,0,0,0,0,0,0,0,1,0,0,0,0,0,0,0,0,0,0,0,1,0,0,0,0,0,0,0	2	16	2	16	8	3	1385559	1385119	0,0,0,0,0,0,0,2,0,0,0,0,0,0,0,0,0,0,0,0,0,0,0,0,0,0,0,0,0,0,0,0,0,0,0,0,0,0,0,0	0,0,0,0,0,1,0,0,0,0,0,0,0,0,0,0,0,0,0,0,1,0,0,0,0,0,0,0,0,0,0,0,1,0,0,0,0,0,0,0
tb.dut.clusters[0].cluster.sockets[0].socket.cores[0].core.execute.fpu_unit.genblk1[0].fpu_fpnew.genblk3[3].fpnew_core.gen_operation_groups[2].i_opgroup_block.i_arbiter.gen_arbiter.gen_int_rr.gen_fair_arb.i_lzc_upper	20	158	0	0	0	0	0	1	1385575	1385575	0,0,0,0,0,0,0,0,0,0,0,0,0,0,0,0,0,0,0,0,0,0,0,0,0,0,0,0,0,0,0,0,0,0,0,0,0,0,0,0	0,0,0,0,0,0,0,0,0,0,0,0,0,0,0,0,0,0,0,0,0,0,0,0,0,0,0,0,0,0,0,0,1,0,0,0,0,0,0,0	2	0	0	0	0	1	1385575	1385575	0,0,0,0,0,0,0,0,0,0,0,0,0,0,0,0,0,0,0,0,0,0,0,0,0,0,0,0,0,0,0,0,0,0,0,0,0,0,0,0	0,0,0,0,0,0,0,0,0,0,0,0,0,0,0,0,0,0,0,0,0,0,0,0,0,0,0,0,0,0,0,0,1,0,0,0,0,0,0,0
tb.dut.clusters[0].cluster.sockets[0].socket.cores[0].core.execute.fpu_unit.genblk1[0].fpu_fpnew.genblk3[3].fpnew_core.gen_operation_groups[2].i_opgroup_block.i_arbiter.gen_arbiter.gen_int_rr.gen_fair_arb.i_lzc_upper.gen_lzc	21	84	0	0	0	0	0	1	1385575	1385575	0,0,0,0,0,0,0,0,0,0,0,0,0,0,0,0,0,0,0,0,0,0,0,0,0,0,0,0,0,0,0,0,0,0,0,0,0,0,0,0	0,0,0,0,0,0,0,0,0,0,0,0,0,0,0,0,0,0,0,0,0,0,0,0,0,0,0,0,0,0,0,0,1,0,0,0,0,0,0,0	2	0	0	0	0	1	1385575	1385575	0,0,0,0,0,0,0,0,0,0,0,0,0,0,0,0,0,0,0,0,0,0,0,0,0,0,0,0,0,0,0,0,0,0,0,0,0,0,0,0	0,0,0,0,0,0,0,0,0,0,0,0,0,0,0,0,0,0,0,0,0,0,0,0,0,0,0,0,0,0,0,0,1,0,0,0,0,0,0,0
tb.dut.clusters[0].cluster.sockets[0].socket.cores[0].core.execute.fpu_unit.genblk1[0].fpu_fpnew.genblk3[3].fpnew_core.gen_operation_groups[2].i_opgroup_block.i_arbiter.gen_arbiter.gen_levels[0]	18	65	16	16	2	16	8	3	1385559	1385119	0,0,0,0,0,0,0,2,0,0,0,0,0,0,0,0,0,0,0,0,0,0,0,0,0,0,0,0,0,0,0,0,0,0,0,0,0,0,0,0	0,0,0,0,0,1,0,0,0,0,0,0,0,0,0,0,0,0,0,0,1,0,0,0,0,0,0,0,0,0,0,0,1,0,0,0,0,0,0,0	2	0	0	0	0	1	1385575	1385575	0,0,0,0,0,0,0,0,0,0,0,0,0,0,0,0,0,0,0,0,0,0,0,0,0,0,0,0,0,0,0,0,0,0,0,0,0,0,0,0	0,0,0,0,0,0,0,0,0,0,0,0,0,0,0,0,0,0,0,0,0,0,0,0,0,0,0,0,0,0,0,0,1,0,0,0,0,0,0,0
tb.dut.clusters[0].cluster.sockets[0].socket.cores[0].core.execute.fpu_unit.genblk1[0].fpu_fpnew.genblk3[3].fpnew_core.gen_operation_groups[2].i_opgroup_block.i_arbiter.gen_arbiter.gen_levels[0].gen_level[0]	19	65	16	16	2	16	8	3	1385559	1385119	0,0,0,0,0,0,0,2,0,0,0,0,0,0,0,0,0,0,0,0,0,0,0,0,0,0,0,0,0,0,0,0,0,0,0,0,0,0,0,0	0,0,0,0,0,1,0,0,0,0,0,0,0,0,0,0,0,0,0,0,1,0,0,0,0,0,0,0,0,0,0,0,1,0,0,0,0,0,0,0	2	0	0	0	0	1	1385575	1385575	0,0,0,0,0,0,0,0,0,0,0,0,0,0,0,0,0,0,0,0,0,0,0,0,0,0,0,0,0,0,0,0,0,0,0,0,0,0,0,0	0,0,0,0,0,0,0,0,0,0,0,0,0,0,0,0,0,0,0,0,0,0,0,0,0,0,0,0,0,0,0,0,1,0,0,0,0,0,0,0
tb.dut.clusters[0].cluster.sockets[0].socket.cores[0].core.execute.fpu_unit.genblk1[0].fpu_fpnew.genblk3[3].fpnew_core.gen_operation_groups[2].i_opgroup_block.i_arbiter.gen_arbiter.gen_levels[1]	18	130	16	16	2	16	8	3	1385559	1385119	0,0,0,0,0,0,0,2,0,0,0,0,0,0,0,0,0,0,0,0,0,0,0,0,0,0,0,0,0,0,0,0,0,0,0,0,0,0,0,0	0,0,0,0,0,1,0,0,0,0,0,0,0,0,0,0,0,0,0,0,1,0,0,0,0,0,0,0,0,0,0,0,1,0,0,0,0,0,0,0	2	0	0	0	0	1	1385575	1385575	0,0,0,0,0,0,0,0,0,0,0,0,0,0,0,0,0,0,0,0,0,0,0,0,0,0,0,0,0,0,0,0,0,0,0,0,0,0,0,0	0,0,0,0,0,0,0,0,0,0,0,0,0,0,0,0,0,0,0,0,0,0,0,0,0,0,0,0,0,0,0,0,1,0,0,0,0,0,0,0
tb.dut.clusters[0].cluster.sockets[0].socket.cores[0].core.execute.fpu_unit.genblk1[0].fpu_fpnew.genblk3[3].fpnew_core.gen_operation_groups[2].i_opgroup_block.i_arbiter.gen_arbiter.gen_levels[1].gen_level[0]	19	65	16	16	2	16	8	3	1385559	1385119	0,0,0,0,0,0,0,2,0,0,0,0,0,0,0,0,0,0,0,0,0,0,0,0,0,0,0,0,0,0,0,0,0,0,0,0,0,0,0,0	0,0,0,0,0,1,0,0,0,0,0,0,0,0,0,0,0,0,0,0,1,0,0,0,0,0,0,0,0,0,0,0,1,0,0,0,0,0,0,0	2	0	0	0	0	1	1385575	1385575	0,0,0,0,0,0,0,0,0,0,0,0,0,0,0,0,0,0,0,0,0,0,0,0,0,0,0,0,0,0,0,0,0,0,0,0,0,0,0,0	0,0,0,0,0,0,0,0,0,0,0,0,0,0,0,0,0,0,0,0,0,0,0,0,0,0,0,0,0,0,0,0,1,0,0,0,0,0,0,0
tb.dut.clusters[0].cluster.sockets[0].socket.cores[0].core.execute.fpu_unit.genblk1[0].fpu_fpnew.genblk3[3].fpnew_core.gen_operation_groups[2].i_opgroup_block.i_arbiter.gen_arbiter.gen_levels[1].gen_level[1]	19	65	0	0	0	0	0	1	1385575	1385575	0,0,0,0,0,0,0,0,0,0,0,0,0,0,0,0,0,0,0,0,0,0,0,0,0,0,0,0,0,0,0,0,0,0,0,0,0,0,0,0	0,0,0,0,0,0,0,0,0,0,0,0,0,0,0,0,0,0,0,0,0,0,0,0,0,0,0,0,0,0,0,0,1,0,0,0,0,0,0,0	2	0	0	0	0	1	1385575	1385575	0,0,0,0,0,0,0,0,0,0,0,0,0,0,0,0,0,0,0,0,0,0,0,0,0,0,0,0,0,0,0,0,0,0,0,0,0,0,0,0	0,0,0,0,0,0,0,0,0,0,0,0,0,0,0,0,0,0,0,0,0,0,0,0,0,0,0,0,0,0,0,0,1,0,0,0,0,0,0,0
tb.dut.clusters[0].cluster.sockets[0].socket.cores[0].core.execute.fpu_unit.genblk1[0].fpu_fpnew.genblk3[3].fpnew_core.gen_operation_groups[2].i_opgroup_block.i_arbiter.gen_arbiter.gen_levels[2]	18	260	16	16	2	16	8	3	1385559	1385119	0,0,0,0,0,0,0,2,0,0,0,0,0,0,0,0,0,0,0,0,0,0,0,0,0,0,0,0,0,0,0,0,0,0,0,0,0,0,0,0	0,0,0,0,0,1,0,0,0,0,0,0,0,0,0,0,0,0,0,0,1,0,0,0,0,0,0,0,0,0,0,0,1,0,0,0,0,0,0,0	2	0	0	0	0	1	1385575	1385575	0,0,0,0,0,0,0,0,0,0,0,0,0,0,0,0,0,0,0,0,0,0,0,0,0,0,0,0,0,0,0,0,0,0,0,0,0,0,0,0	0,0,0,0,0,0,0,0,0,0,0,0,0,0,0,0,0,0,0,0,0,0,0,0,0,0,0,0,0,0,0,0,1,0,0,0,0,0,0,0
tb.dut.clusters[0].cluster.sockets[0].socket.cores[0].core.execute.fpu_unit.genblk1[0].fpu_fpnew.genblk3[3].fpnew_core.gen_operation_groups[2].i_opgroup_block.i_arbiter.gen_arbiter.gen_levels[2].gen_level[0]	19	65	16	16	2	16	8	3	1385559	1385119	0,0,0,0,0,0,0,2,0,0,0,0,0,0,0,0,0,0,0,0,0,0,0,0,0,0,0,0,0,0,0,0,0,0,0,0,0,0,0,0	0,0,0,0,0,1,0,0,0,0,0,0,0,0,0,0,0,0,0,0,1,0,0,0,0,0,0,0,0,0,0,0,1,0,0,0,0,0,0,0	2	0	0	0	0	1	1385575	1385575	0,0,0,0,0,0,0,0,0,0,0,0,0,0,0,0,0,0,0,0,0,0,0,0,0,0,0,0,0,0,0,0,0,0,0,0,0,0,0,0	0,0,0,0,0,0,0,0,0,0,0,0,0,0,0,0,0,0,0,0,0,0,0,0,0,0,0,0,0,0,0,0,1,0,0,0,0,0,0,0
tb.dut.clusters[0].cluster.sockets[0].socket.cores[0].core.execute.fpu_unit.genblk1[0].fpu_fpnew.genblk3[3].fpnew_core.gen_operation_groups[2].i_opgroup_block.i_arbiter.gen_arbiter.gen_levels[2].gen_level[1]	19	65	0	0	0	0	0	1	1385575	1385575	0,0,0,0,0,0,0,0,0,0,0,0,0,0,0,0,0,0,0,0,0,0,0,0,0,0,0,0,0,0,0,0,0,0,0,0,0,0,0,0	0,0,0,0,0,0,0,0,0,0,0,0,0,0,0,0,0,0,0,0,0,0,0,0,0,0,0,0,0,0,0,0,1,0,0,0,0,0,0,0	2	0	0	0	0	1	1385575	1385575	0,0,0,0,0,0,0,0,0,0,0,0,0,0,0,0,0,0,0,0,0,0,0,0,0,0,0,0,0,0,0,0,0,0,0,0,0,0,0,0	0,0,0,0,0,0,0,0,0,0,0,0,0,0,0,0,0,0,0,0,0,0,0,0,0,0,0,0,0,0,0,0,1,0,0,0,0,0,0,0
tb.dut.clusters[0].cluster.sockets[0].socket.cores[0].core.execute.fpu_unit.genblk1[0].fpu_fpnew.genblk3[3].fpnew_core.gen_operation_groups[2].i_opgroup_block.i_arbiter.gen_arbiter.gen_levels[2].gen_level[2]	19	65	0	0	0	0	0	1	1385575	1385575	0,0,0,0,0,0,0,0,0,0,0,0,0,0,0,0,0,0,0,0,0,0,0,0,0,0,0,0,0,0,0,0,0,0,0,0,0,0,0,0	0,0,0,0,0,0,0,0,0,0,0,0,0,0,0,0,0,0,0,0,0,0,0,0,0,0,0,0,0,0,0,0,1,0,0,0,0,0,0,0	2	0	0	0	0	1	1385575	1385575	0,0,0,0,0,0,0,0,0,0,0,0,0,0,0,0,0,0,0,0,0,0,0,0,0,0,0,0,0,0,0,0,0,0,0,0,0,0,0,0	0,0,0,0,0,0,0,0,0,0,0,0,0,0,0,0,0,0,0,0,0,0,0,0,0,0,0,0,0,0,0,0,1,0,0,0,0,0,0,0
tb.dut.clusters[0].cluster.sockets[0].socket.cores[0].core.execute.fpu_unit.genblk1[0].fpu_fpnew.genblk3[3].fpnew_core.gen_operation_groups[2].i_opgroup_block.i_arbiter.gen_arbiter.gen_levels[2].gen_level[3]	19	65	0	0	0	0	0	1	1385575	1385575	0,0,0,0,0,0,0,0,0,0,0,0,0,0,0,0,0,0,0,0,0,0,0,0,0,0,0,0,0,0,0,0,0,0,0,0,0,0,0,0	0,0,0,0,0,0,0,0,0,0,0,0,0,0,0,0,0,0,0,0,0,0,0,0,0,0,0,0,0,0,0,0,1,0,0,0,0,0,0,0	2	0	0	0	0	1	1385575	1385575	0,0,0,0,0,0,0,0,0,0,0,0,0,0,0,0,0,0,0,0,0,0,0,0,0,0,0,0,0,0,0,0,0,0,0,0,0,0,0,0	0,0,0,0,0,0,0,0,0,0,0,0,0,0,0,0,0,0,0,0,0,0,0,0,0,0,0,0,0,0,0,0,1,0,0,0,0,0,0,0
tb.dut.clusters[0].cluster.sockets[0].socket.cores[0].core.execute.fpu_unit.genblk1[0].fpu_fpnew.genblk3[3].fpnew_core.gen_operation_groups[3]	14	11074	7975455	344311	147476	344311	47	147477	1041264	8601	49153,49153,0,49154,1,6,0,0,0,2,0,0,0,0,0,0,6,1,0,0,0,0,0,0,0,0,0,0,0,0,0,0,0,0,0,0,0,0,0,0	49164,4,1,1,0,49150,0,1,0,0,0,1,0,49148,1,2,2,0,0,0,1,0,0,0,0,1,0,0,0,0,0,0,0,0,0,0,0,0,0,0	56	73011	72902	73011	10	72903	1312564	8627	72876,2,13,1,0,1,2,1,0,6,0,0,0,0,0,0,0,0,0,0,0,0,0,0,0,0,0,0,0,0,0,0,0,0,0,0,0,0,0,0	22,2,0,0,0,0,0,0,27411,1,0,0,0,0,1,0,40623,4340,480,20,2,0,0,0,0,1,0,0,0,0,0,0,0,0,0,0,0,0,0,0
tb.dut.clusters[0].cluster.sockets[0].socket.cores[0].core.execute.fpu_unit.genblk1[0].fpu_fpnew.genblk3[3].fpnew_core.gen_operation_groups[3].i_opgroup_block	15	11026	7975391	344311	147476	344311	47	147477	1041264	8601	49153,49153,0,49154,1,6,0,0,0,2,0,0,0,0,0,0,6,1,0,0,0,0,0,0,0,0,0,0,0,0,0,0,0,0,0,0,0,0,0,0	49164,4,1,1,0,49150,0,1,0,0,0,1,0,49148,1,2,2,0,0,0,1,0,0,0,0,1,0,0,0,0,0,0,0,0,0,0,0,0,0,0	56	73011	72902	73011	10	72903	1312564	8627	72876,2,13,1,0,1,2,1,0,6,0,0,0,0,0,0,0,0,0,0,0,0,0,0,0,0,0,0,0,0,0,0,0,0,0,0,0,0,0,0	22,2,0,0,0,0,0,0,27411,1,0,0,0,0,1,0,40623,4340,480,20,2,0,0,0,0,1,0,0,0,0,0,0,0,0,0,0,0,0,0,0
tb.dut.clusters[0].cluster.sockets[0].socket.cores[0].core.execute.fpu_unit.genblk1[0].fpu_fpnew.genblk3[3].fpnew_core.gen_operation_groups[3].i_opgroup_block.gen_merged_slice	16	8723	5564393	147673	98341	147673	20	98342	1237902	8627	49155,49168,8,0,2,0,0,0,0,0,0,0,0,0,0,0,8,0,0,0,0,0,0,0,0,0,0,0,0,0,0,0,0,0,0,0,0,0,0,0	27,4,1,3,2,0,0,1,49148,0,1,0,0,1,0,49148,4,0,0,0,1,0,0,0,0,1,0,0,0,0,0,0,0,0,0,0,0,0,0,0	44	77754	77644	77754	10	77645	1307821	8627	77618,2,13,1,0,1,1,2,0,6,0,0,0,0,0,0,0,0,0,0,0,0,0,0,0,0,0,0,0,0,0,0,0,0,0,0,0,0,0,0	23,1,0,0,0,0,0,0,31069,1,0,0,0,0,1,0,42953,3337,248,9,2,0,0,0,0,1,0,0,0,0,0,0,0,0,0,0,0,0,0,0
tb.dut.clusters[0].cluster.sockets[0].socket.cores[0].core.execute.fpu_unit.genblk1[0].fpu_fpnew.genblk3[3].fpnew_core.gen_operation_groups[3].i_opgroup_block.gen_merged_slice.i_multifmt_slice	17	8687	5564329	147673	98341	147673	20	98342	1237902	8627	49155,49168,8,0,2,0,0,0,0,0,0,0,0,0,0,0,8,0,0,0,0,0,0,0,0,0,0,0,0,0,0,0,0,0,0,0,0,0,0,0	27,4,1,3,2,0,0,1,49148,0,1,0,0,1,0,49148,4,0,0,0,1,0,0,0,0,1,0,0,0,0,0,0,0,0,0,0,0,0,0,0	44	77754	77644	77754	10	77645	1307821	8627	77618,2,13,1,0,1,1,2,0,6,0,0,0,0,0,0,0,0,0,0,0,0,0,0,0,0,0,0,0,0,0,0,0,0,0,0,0,0,0,0	23,1,0,0,0,0,0,0,31069,1,0,0,0,0,1,0,42953,3337,248,9,2,0,0,0,0,1,0,0,0,0,0,0,0,0,0,0,0,0,0,0
tb.dut.clusters[0].cluster.sockets[0].socket.cores[0].core.execute.fpu_unit.genblk1[0].fpu_fpnew.genblk3[3].fpnew_core.gen_operation_groups[3].i_opgroup_block.gen_merged_slice.i_multifmt_slice.extend_fp_result[0]	18	32	0	0	0	0	0	1	1385575	1385575	0,0,0,0,0,0,0,0,0,0,0,0,0,0,0,0,0,0,0,0,0,0,0,0,0,0,0,0,0,0,0,0,0,0,0,0,0,0,0,0	0,0,0,0,0,0,0,0,0,0,0,0,0,0,0,0,0,0,0,0,0,0,0,0,0,0,0,0,0,0,0,0,1,0,0,0,0,0,0,0	2	0	0	0	0	1	1385575	1385575	0,0,0,0,0,0,0,0,0,0,0,0,0,0,0,0,0,0,0,0,0,0,0,0,0,0,0,0,0,0,0,0,0,0,0,0,0,0,0,0	0,0,0,0,0,0,0,0,0,0,0,0,0,0,0,0,0,0,0,0,0,0,0,0,0,0,0,0,0,0,0,0,1,0,0,0,0,0,0,0
tb.dut.clusters[0].cluster.sockets[0].socket.cores[0].core.execute.fpu_unit.genblk1[0].fpu_fpnew.genblk3[3].fpnew_core.gen_operation_groups[3].i_opgroup_block.gen_merged_slice.i_multifmt_slice.extend_fp_result[1]	18	32	0	0	0	0	0	1	1385575	1385575	0,0,0,0,0,0,0,0,0,0,0,0,0,0,0,0,0,0,0,0,0,0,0,0,0,0,0,0,0,0,0,0,0,0,0,0,0,0,0,0	0,0,0,0,0,0,0,0,0,0,0,0,0,0,0,0,0,0,0,0,0,0,0,0,0,0,0,0,0,0,0,0,1,0,0,0,0,0,0,0	2	0	0	0	0	1	1385575	1385575	0,0,0,0,0,0,0,0,0,0,0,0,0,0,0,0,0,0,0,0,0,0,0,0,0,0,0,0,0,0,0,0,0,0,0,0,0,0,0,0	0,0,0,0,0,0,0,0,0,0,0,0,0,0,0,0,0,0,0,0,0,0,0,0,0,0,0,0,0,0,0,0,1,0,0,0,0,0,0,0
tb.dut.clusters[0].cluster.sockets[0].socket.cores[0].core.execute.fpu_unit.genblk1[0].fpu_fpnew.genblk3[3].fpnew_core.gen_operation_groups[3].i_opgroup_block.gen_merged_slice.i_multifmt_slice.extend_fp_result[2]	18	32	0	0	0	0	0	1	1385575	1385575	0,0,0,0,0,0,0,0,0,0,0,0,0,0,0,0,0,0,0,0,0,0,0,0,0,0,0,0,0,0,0,0,0,0,0,0,0,0,0,0	0,0,0,0,0,0,0,0,0,0,0,0,0,0,0,0,0,0,0,0,0,0,0,0,0,0,0,0,0,0,0,0,1,0,0,0,0,0,0,0	2	0	0	0	0	1	1385575	1385575	0,0,0,0,0,0,0,0,0,0,0,0,0,0,0,0,0,0,0,0,0,0,0,0,0,0,0,0,0,0,0,0,0,0,0,0,0,0,0,0	0,0,0,0,0,0,0,0,0,0,0,0,0,0,0,0,0,0,0,0,0,0,0,0,0,0,0,0,0,0,0,0,1,0,0,0,0,0,0,0
tb.dut.clusters[0].cluster.sockets[0].socket.cores[0].core.execute.fpu_unit.genblk1[0].fpu_fpnew.genblk3[3].fpnew_core.gen_operation_groups[3].i_opgroup_block.gen_merged_slice.i_multifmt_slice.extend_fp_result[3]	18	32	0	0	0	0	0	1	1385575	1385575	0,0,0,0,0,0,0,0,0,0,0,0,0,0,0,0,0,0,0,0,0,0,0,0,0,0,0,0,0,0,0,0,0,0,0,0,0,0,0,0	0,0,0,0,0,0,0,0,0,0,0,0,0,0,0,0,0,0,0,0,0,0,0,0,0,0,0,0,0,0,0,0,1,0,0,0,0,0,0,0	2	0	0	0	0	1	1385575	1385575	0,0,0,0,0,0,0,0,0,0,0,0,0,0,0,0,0,0,0,0,0,0,0,0,0,0,0,0,0,0,0,0,0,0,0,0,0,0,0,0	0,0,0,0,0,0,0,0,0,0,0,0,0,0,0,0,0,0,0,0,0,0,0,0,0,0,0,0,0,0,0,0,1,0,0,0,0,0,0,0
tb.dut.clusters[0].cluster.sockets[0].socket.cores[0].core.execute.fpu_unit.genblk1[0].fpu_fpnew.genblk3[3].fpnew_core.gen_operation_groups[3].i_opgroup_block.gen_merged_slice.i_multifmt_slice.extend_fp_result[4]	18	32	0	0	0	0	0	1	1385575	1385575	0,0,0,0,0,0,0,0,0,0,0,0,0,0,0,0,0,0,0,0,0,0,0,0,0,0,0,0,0,0,0,0,0,0,0,0,0,0,0,0	0,0,0,0,0,0,0,0,0,0,0,0,0,0,0,0,0,0,0,0,0,0,0,0,0,0,0,0,0,0,0,0,1,0,0,0,0,0,0,0	2	0	0	0	0	1	1385575	1385575	0,0,0,0,0,0,0,0,0,0,0,0,0,0,0,0,0,0,0,0,0,0,0,0,0,0,0,0,0,0,0,0,0,0,0,0,0,0,0,0	0,0,0,0,0,0,0,0,0,0,0,0,0,0,0,0,0,0,0,0,0,0,0,0,0,0,0,0,0,0,0,0,1,0,0,0,0,0,0,0
tb.dut.clusters[0].cluster.sockets[0].socket.cores[0].core.execute.fpu_unit.genblk1[0].fpu_fpnew.genblk3[3].fpnew_core.gen_operation_groups[3].i_opgroup_block.gen_merged_slice.i_multifmt_slice.extend_or_mute_int_result[0]	18	32	0	0	0	0	0	1	1385575	1385575	0,0,0,0,0,0,0,0,0,0,0,0,0,0,0,0,0,0,0,0,0,0,0,0,0,0,0,0,0,0,0,0,0,0,0,0,0,0,0,0	0,0,0,0,0,0,0,0,0,0,0,0,0,0,0,0,0,0,0,0,0,0,0,0,0,0,0,0,0,0,0,0,1,0,0,0,0,0,0,0	2	0	0	0	0	1	1385575	1385575	0,0,0,0,0,0,0,0,0,0,0,0,0,0,0,0,0,0,0,0,0,0,0,0,0,0,0,0,0,0,0,0,0,0,0,0,0,0,0,0	0,0,0,0,0,0,0,0,0,0,0,0,0,0,0,0,0,0,0,0,0,0,0,0,0,0,0,0,0,0,0,0,1,0,0,0,0,0,0,0
tb.dut.clusters[0].cluster.sockets[0].socket.cores[0].core.execute.fpu_unit.genblk1[0].fpu_fpnew.genblk3[3].fpnew_core.gen_operation_groups[3].i_opgroup_block.gen_merged_slice.i_multifmt_slice.extend_or_mute_int_result[0].extend_int_result	19	32	0	0	0	0	0	1	1385575	1385575	0,0,0,0,0,0,0,0,0,0,0,0,0,0,0,0,0,0,0,0,0,0,0,0,0,0,0,0,0,0,0,0,0,0,0,0,0,0,0,0	0,0,0,0,0,0,0,0,0,0,0,0,0,0,0,0,0,0,0,0,0,0,0,0,0,0,0,0,0,0,0,0,1,0,0,0,0,0,0,0	2	0	0	0	0	1	1385575	1385575	0,0,0,0,0,0,0,0,0,0,0,0,0,0,0,0,0,0,0,0,0,0,0,0,0,0,0,0,0,0,0,0,0,0,0,0,0,0,0,0	0,0,0,0,0,0,0,0,0,0,0,0,0,0,0,0,0,0,0,0,0,0,0,0,0,0,0,0,0,0,0,0,1,0,0,0,0,0,0,0
tb.dut.clusters[0].cluster.sockets[0].socket.cores[0].core.execute.fpu_unit.genblk1[0].fpu_fpnew.genblk3[3].fpnew_core.gen_operation_groups[3].i_opgroup_block.gen_merged_slice.i_multifmt_slice.extend_or_mute_int_result[1]	18	32	0	0	0	0	0	1	1385575	1385575	0,0,0,0,0,0,0,0,0,0,0,0,0,0,0,0,0,0,0,0,0,0,0,0,0,0,0,0,0,0,0,0,0,0,0,0,0,0,0,0	0,0,0,0,0,0,0,0,0,0,0,0,0,0,0,0,0,0,0,0,0,0,0,0,0,0,0,0,0,0,0,0,1,0,0,0,0,0,0,0	2	0	0	0	0	1	1385575	1385575	0,0,0,0,0,0,0,0,0,0,0,0,0,0,0,0,0,0,0,0,0,0,0,0,0,0,0,0,0,0,0,0,0,0,0,0,0,0,0,0	0,0,0,0,0,0,0,0,0,0,0,0,0,0,0,0,0,0,0,0,0,0,0,0,0,0,0,0,0,0,0,0,1,0,0,0,0,0,0,0
tb.dut.clusters[0].cluster.sockets[0].socket.cores[0].core.execute.fpu_unit.genblk1[0].fpu_fpnew.genblk3[3].fpnew_core.gen_operation_groups[3].i_opgroup_block.gen_merged_slice.i_multifmt_slice.extend_or_mute_int_result[1].extend_int_result	19	32	0	0	0	0	0	1	1385575	1385575	0,0,0,0,0,0,0,0,0,0,0,0,0,0,0,0,0,0,0,0,0,0,0,0,0,0,0,0,0,0,0,0,0,0,0,0,0,0,0,0	0,0,0,0,0,0,0,0,0,0,0,0,0,0,0,0,0,0,0,0,0,0,0,0,0,0,0,0,0,0,0,0,1,0,0,0,0,0,0,0	2	0	0	0	0	1	1385575	1385575	0,0,0,0,0,0,0,0,0,0,0,0,0,0,0,0,0,0,0,0,0,0,0,0,0,0,0,0,0,0,0,0,0,0,0,0,0,0,0,0	0,0,0,0,0,0,0,0,0,0,0,0,0,0,0,0,0,0,0,0,0,0,0,0,0,0,0,0,0,0,0,0,1,0,0,0,0,0,0,0
tb.dut.clusters[0].cluster.sockets[0].socket.cores[0].core.execute.fpu_unit.genblk1[0].fpu_fpnew.genblk3[3].fpnew_core.gen_operation_groups[3].i_opgroup_block.gen_merged_slice.i_multifmt_slice.extend_or_mute_int_result[2]	18	32	0	0	0	0	0	1	1385575	1385575	0,0,0,0,0,0,0,0,0,0,0,0,0,0,0,0,0,0,0,0,0,0,0,0,0,0,0,0,0,0,0,0,0,0,0,0,0,0,0,0	0,0,0,0,0,0,0,0,0,0,0,0,0,0,0,0,0,0,0,0,0,0,0,0,0,0,0,0,0,0,0,0,1,0,0,0,0,0,0,0	2	0	0	0	0	1	1385575	1385575	0,0,0,0,0,0,0,0,0,0,0,0,0,0,0,0,0,0,0,0,0,0,0,0,0,0,0,0,0,0,0,0,0,0,0,0,0,0,0,0	0,0,0,0,0,0,0,0,0,0,0,0,0,0,0,0,0,0,0,0,0,0,0,0,0,0,0,0,0,0,0,0,1,0,0,0,0,0,0,0
tb.dut.clusters[0].cluster.sockets[0].socket.cores[0].core.execute.fpu_unit.genblk1[0].fpu_fpnew.genblk3[3].fpnew_core.gen_operation_groups[3].i_opgroup_block.gen_merged_slice.i_multifmt_slice.extend_or_mute_int_result[2].extend_int_result	19	32	0	0	0	0	0	1	1385575	1385575	0,0,0,0,0,0,0,0,0,0,0,0,0,0,0,0,0,0,0,0,0,0,0,0,0,0,0,0,0,0,0,0,0,0,0,0,0,0,0,0	0,0,0,0,0,0,0,0,0,0,0,0,0,0,0,0,0,0,0,0,0,0,0,0,0,0,0,0,0,0,0,0,1,0,0,0,0,0,0,0	2	0	0	0	0	1	1385575	1385575	0,0,0,0,0,0,0,0,0,0,0,0,0,0,0,0,0,0,0,0,0,0,0,0,0,0,0,0,0,0,0,0,0,0,0,0,0,0,0,0	0,0,0,0,0,0,0,0,0,0,0,0,0,0,0,0,0,0,0,0,0,0,0,0,0,0,0,0,0,0,0,0,1,0,0,0,0,0,0,0
tb.dut.clusters[0].cluster.sockets[0].socket.cores[0].core.execute.fpu_unit.genblk1[0].fpu_fpnew.genblk3[3].fpnew_core.gen_operation_groups[3].i_opgroup_block.gen_merged_slice.i_multifmt_slice.extend_or_mute_int_result[3]	18	32	0	0	0	0	0	1	1385575	1385575	0,0,0,0,0,0,0,0,0,0,0,0,0,0,0,0,0,0,0,0,0,0,0,0,0,0,0,0,0,0,0,0,0,0,0,0,0,0,0,0	0,0,0,0,0,0,0,0,0,0,0,0,0,0,0,0,0,0,0,0,0,0,0,0,0,0,0,0,0,0,0,0,1,0,0,0,0,0,0,0	2	0	0	0	0	1	1385575	1385575	0,0,0,0,0,0,0,0,0,0,0,0,0,0,0,0,0,0,0,0,0,0,0,0,0,0,0,0,0,0,0,0,0,0,0,0,0,0,0,0	0,0,0,0,0,0,0,0,0,0,0,0,0,0,0,0,0,0,0,0,0,0,0,0,0,0,0,0,0,0,0,0,1,0,0,0,0,0,0,0
tb.dut.clusters[0].cluster.sockets[0].socket.cores[0].core.execute.fpu_unit.genblk1[0].fpu_fpnew.genblk3[3].fpnew_core.gen_operation_groups[3].i_opgroup_block.gen_merged_slice.i_multifmt_slice.extend_or_mute_int_result[3].extend_int_result	19	32	0	0	0	0	0	1	1385575	1385575	0,0,0,0,0,0,0,0,0,0,0,0,0,0,0,0,0,0,0,0,0,0,0,0,0,0,0,0,0,0,0,0,0,0,0,0,0,0,0,0	0,0,0,0,0,0,0,0,0,0,0,0,0,0,0,0,0,0,0,0,0,0,0,0,0,0,0,0,0,0,0,0,1,0,0,0,0,0,0,0	2	0	0	0	0	1	1385575	1385575	0,0,0,0,0,0,0,0,0,0,0,0,0,0,0,0,0,0,0,0,0,0,0,0,0,0,0,0,0,0,0,0,0,0,0,0,0,0,0,0	0,0,0,0,0,0,0,0,0,0,0,0,0,0,0,0,0,0,0,0,0,0,0,0,0,0,0,0,0,0,0,0,1,0,0,0,0,0,0,0
tb.dut.clusters[0].cluster.sockets[0].socket.cores[0].core.execute.fpu_unit.genblk1[0].fpu_fpnew.genblk3[3].fpnew_core.gen_operation_groups[3].i_opgroup_block.gen_merged_slice.i_multifmt_slice.gen_num_lanes[0]	18	7175	3945530	147673	98341	147673	20	98342	1237902	8627	49155,49168,8,0,2,0,0,0,0,0,0,0,0,0,0,0,8,0,0,0,0,0,0,0,0,0,0,0,0,0,0,0,0,0,0,0,0,0,0,0	27,4,1,3,2,0,0,1,49148,0,1,0,0,1,0,49148,4,0,0,0,1,0,0,0,0,1,0,0,0,0,0,0,0,0,0,0,0,0,0,0	36	67789	67687	67789	10	67688	1317786	8627	67661,3,13,1,0,2,1,0,0,6,0,0,0,0,0,0,0,0,0,0,0,0,0,0,0,0,0,0,0,0,0,0,0,0,0,0,0,0,0,0	24,1,1,0,0,0,0,0,23752,1,0,0,0,0,0,0,37380,5596,892,38,2,0,0,0,0,1,0,0,0,0,0,0,0,0,0,0,0,0,0,0
tb.dut.clusters[0].cluster.sockets[0].socket.cores[0].core.execute.fpu_unit.genblk1[0].fpu_fpnew.genblk3[3].fpnew_core.gen_operation_groups[3].i_opgroup_block.gen_merged_slice.i_multifmt_slice.gen_num_lanes[0].active_lane	19	6704	3943890	147673	98341	147673	20	98342	1237902	8627	49155,49168,8,0,2,0,0,0,0,0,0,0,0,0,0,0,8,0,0,0,0,0,0,0,0,0,0,0,0,0,0,0,0,0,0,0,0,0,0,0	27,4,1,3,2,0,0,1,49148,0,1,0,0,1,0,49148,4,0,0,0,1,0,0,0,0,1,0,0,0,0,0,0,0,0,0,0,0,0,0,0	34	72862	72792	72862	6	72793	1312713	8627	72761,14,9,1,0,7,0,0,0,0,0,0,0,0,0,0,0,0,0,0,0,0,0,0,0,0,0,0,0,0,0,0,0,0,0,0,0,0,0,0	23,1,6,2,1,0,0,0,27297,1,0,0,0,0,1,0,40577,4381,480,20,2,0,0,0,0,1,0,0,0,0,0,0,0,0,0,0,0,0,0,0
tb.dut.clusters[0].cluster.sockets[0].socket.cores[0].core.execute.fpu_unit.genblk1[0].fpu_fpnew.genblk3[3].fpnew_core.gen_operation_groups[3].i_opgroup_block.gen_merged_slice.i_multifmt_slice.gen_num_lanes[0].active_lane.lane_instance	20	6568	2638856	147673	98341	147673	20	98342	1237902	8627	49155,49168,8,0,2,0,0,0,0,0,0,0,0,0,0,0,8,0,0,0,0,0,0,0,0,0,0,0,0,0,0,0,0,0,0,0,0,0,0,0	27,4,1,3,2,0,0,1,49148,0,1,0,0,1,0,49148,4,0,0,0,1,0,0,0,0,1,0,0,0,0,0,0,0,0,0,0,0,0,0,0	33	12587	12534	12587	6	12535	1372988	8757	12511,12,4,0,2,5,0,0,0,0,0,0,0,0,0,0,0,0,0,0,0,0,0,0,0,0,0,0,0,0,0,0,0,0,0,0,0,0,0,0	19,1,4,0,1,0,0,0,644,1,3,0,0,0,0,1,2577,2620,2796,2700,1104,51,11,1,0,1,0,0,0,0,0,0,0,0,0,0,0,0,0,0
tb.dut.clusters[0].cluster.sockets[0].socket.cores[0].core.execute.fpu_unit.genblk1[0].fpu_fpnew.genblk3[3].fpnew_core.gen_operation_groups[3].i_opgroup_block.gen_merged_slice.i_multifmt_slice.gen_num_lanes[0].active_lane.lane_instance.i_fpnew_cast_multi	21	6568	2638856	147673	98341	147673	20	98342	1237902	8627	49155,49168,8,0,2,0,0,0,0,0,0,0,0,0,0,0,8,0,0,0,0,0,0,0,0,0,0,0,0,0,0,0,0,0,0,0,0,0,0,0	27,4,1,3,2,0,0,1,49148,0,1,0,0,1,0,49148,4,0,0,0,1,0,0,0,0,1,0,0,0,0,0,0,0,0,0,0,0,0,0,0	33	12587	12534	12587	6	12535	1372988	8757	12511,12,4,0,2,5,0,0,0,0,0,0,0,0,0,0,0,0,0,0,0,0,0,0,0,0,0,0,0,0,0,0,0,0,0,0,0,0,0,0	19,1,4,0,1,0,0,0,644,1,3,0,0,0,0,1,2577,2620,2796,2700,1104,51,11,1,0,1,0,0,0,0,0,0,0,0,0,0,0,0,0,0
tb.dut.clusters[0].cluster.sockets[0].socket.cores[0].core.execute.fpu_unit.genblk1[0].fpu_fpnew.genblk3[3].fpnew_core.gen_operation_groups[3].i_opgroup_block.gen_merged_slice.i_multifmt_slice.gen_num_lanes[0].active_lane.lane_instance.i_fpnew_cast_multi.fmt_init_inputs[0]	22	308	139	32	32	32	1	33	1385543	1384886	32,0,0,0,0,0,0,0,0,0,0,0,0,0,0,0,0,0,0,0,0,0,0,0,0,0,0,0,0,0,0,0,0,0,0,0,0,0,0,0	2,14,7,1,0,0,0,0,0,0,0,0,0,0,0,0,7,0,0,0,1,0,0,0,0,0,0,0,0,0,0,0,1,0,0,0,0,0,0,0	2	32	32	32	1	33	1385543	1384886	32,0,0,0,0,0,0,0,0,0,0,0,0,0,0,0,0,0,0,0,0,0,0,0,0,0,0,0,0,0,0,0,0,0,0,0,0,0,0,0	2,14,7,1,0,0,0,0,0,0,0,0,0,0,0,0,7,0,0,0,1,0,0,0,0,0,0,0,0,0,0,0,1,0,0,0,0,0,0,0
tb.dut.clusters[0].cluster.sockets[0].socket.cores[0].core.execute.fpu_unit.genblk1[0].fpu_fpnew.genblk3[3].fpnew_core.gen_operation_groups[3].i_opgroup_block.gen_merged_slice.i_multifmt_slice.gen_num_lanes[0].active_lane.lane_instance.i_fpnew_cast_multi.fmt_init_inputs[0].active_format	23	212	139	32	32	32	1	33	1385543	1384886	32,0,0,0,0,0,0,0,0,0,0,0,0,0,0,0,0,0,0,0,0,0,0,0,0,0,0,0,0,0,0,0,0,0,0,0,0,0,0,0	2,14,7,1,0,0,0,0,0,0,0,0,0,0,0,0,7,0,0,0,1,0,0,0,0,0,0,0,0,0,0,0,1,0,0,0,0,0,0,0	2	32	32	32	1	33	1385543	1384886	32,0,0,0,0,0,0,0,0,0,0,0,0,0,0,0,0,0,0,0,0,0,0,0,0,0,0,0,0,0,0,0,0,0,0,0,0,0,0,0	2,14,7,1,0,0,0,0,0,0,0,0,0,0,0,0,7,0,0,0,1,0,0,0,0,0,0,0,0,0,0,0,1,0,0,0,0,0,0,0
tb.dut.clusters[0].cluster.sockets[0].socket.cores[0].core.execute.fpu_unit.genblk1[0].fpu_fpnew.genblk3[3].fpnew_core.gen_operation_groups[3].i_opgroup_block.gen_merged_slice.i_multifmt_slice.gen_num_lanes[0].active_lane.lane_instance.i_fpnew_cast_multi.fmt_init_inputs[0].active_format.i_fpnew_classifier	24	212	139	32	32	32	1	33	1385543	1384886	32,0,0,0,0,0,0,0,0,0,0,0,0,0,0,0,0,0,0,0,0,0,0,0,0,0,0,0,0,0,0,0,0,0,0,0,0,0,0,0	2,14,7,1,0,0,0,0,0,0,0,0,0,0,0,0,7,0,0,0,1,0,0,0,0,0,0,0,0,0,0,0,1,0,0,0,0,0,0,0	2	32	32	32	1	33	1385543	1384886	32,0,0,0,0,0,0,0,0,0,0,0,0,0,0,0,0,0,0,0,0,0,0,0,0,0,0,0,0,0,0,0,0,0,0,0,0,0,0,0	2,14,7,1,0,0,0,0,0,0,0,0,0,0,0,0,7,0,0,0,1,0,0,0,0,0,0,0,0,0,0,0,1,0,0,0,0,0,0,0
tb.dut.clusters[0].cluster.sockets[0].socket.cores[0].core.execute.fpu_unit.genblk1[0].fpu_fpnew.genblk3[3].fpnew_core.gen_operation_groups[3].i_opgroup_block.gen_merged_slice.i_multifmt_slice.gen_num_lanes[0].active_lane.lane_instance.i_fpnew_cast_multi.fmt_init_inputs[0].active_format.i_fpnew_classifier.gen_num_values[0]	25	40	69	32	32	32	1	33	1385543	1384886	32,0,0,0,0,0,0,0,0,0,0,0,0,0,0,0,0,0,0,0,0,0,0,0,0,0,0,0,0,0,0,0,0,0,0,0,0,0,0,0	2,14,7,1,0,0,0,0,0,0,0,0,0,0,0,0,7,0,0,0,1,0,0,0,0,0,0,0,0,0,0,0,1,0,0,0,0,0,0,0	2	17	17	17	1	18	1385558	1384886	17,0,0,0,0,0,0,0,0,0,0,0,0,0,0,0,0,0,0,0,0,0,0,0,0,0,0,0,0,0,0,0,0,0,0,0,0,0,0,0	0,1,0,0,0,8,0,0,0,0,0,0,0,0,0,0,7,0,0,0,1,0,0,0,0,0,0,0,0,0,0,0,1,0,0,0,0,0,0,0
tb.dut.clusters[0].cluster.sockets[0].socket.cores[0].core.execute.fpu_unit.genblk1[0].fpu_fpnew.genblk3[3].fpnew_core.gen_operation_groups[3].i_opgroup_block.gen_merged_slice.i_multifmt_slice.gen_num_lanes[0].active_lane.lane_instance.i_fpnew_cast_multi.fmt_init_inputs[1]	22	96	0	0	0	0	0	1	1385575	1385575	0,0,0,0,0,0,0,0,0,0,0,0,0,0,0,0,0,0,0,0,0,0,0,0,0,0,0,0,0,0,0,0,0,0,0,0,0,0,0,0	0,0,0,0,0,0,0,0,0,0,0,0,0,0,0,0,0,0,0,0,0,0,0,0,0,0,0,0,0,0,0,0,1,0,0,0,0,0,0,0	2	0	0	0	0	1	1385575	1385575	0,0,0,0,0,0,0,0,0,0,0,0,0,0,0,0,0,0,0,0,0,0,0,0,0,0,0,0,0,0,0,0,0,0,0,0,0,0,0,0	0,0,0,0,0,0,0,0,0,0,0,0,0,0,0,0,0,0,0,0,0,0,0,0,0,0,0,0,0,0,0,0,1,0,0,0,0,0,0,0
tb.dut.clusters[0].cluster.sockets[0].socket.cores[0].core.execute.fpu_unit.genblk1[0].fpu_fpnew.genblk3[3].fpnew_core.gen_operation_groups[3].i_opgroup_block.gen_merged_slice.i_multifmt_slice.gen_num_lanes[0].active_lane.lane_instance.i_fpnew_cast_multi.fmt_init_inputs[2]	22	96	0	0	0	0	0	1	1385575	1385575	0,0,0,0,0,0,0,0,0,0,0,0,0,0,0,0,0,0,0,0,0,0,0,0,0,0,0,0,0,0,0,0,0,0,0,0,0,0,0,0	0,0,0,0,0,0,0,0,0,0,0,0,0,0,0,0,0,0,0,0,0,0,0,0,0,0,0,0,0,0,0,0,1,0,0,0,0,0,0,0	2	0	0	0	0	1	1385575	1385575	0,0,0,0,0,0,0,0,0,0,0,0,0,0,0,0,0,0,0,0,0,0,0,0,0,0,0,0,0,0,0,0,0,0,0,0,0,0,0,0	0,0,0,0,0,0,0,0,0,0,0,0,0,0,0,0,0,0,0,0,0,0,0,0,0,0,0,0,0,0,0,0,1,0,0,0,0,0,0,0
tb.dut.clusters[0].cluster.sockets[0].socket.cores[0].core.execute.fpu_unit.genblk1[0].fpu_fpnew.genblk3[3].fpnew_core.gen_operation_groups[3].i_opgroup_block.gen_merged_slice.i_multifmt_slice.gen_num_lanes[0].active_lane.lane_instance.i_fpnew_cast_multi.fmt_init_inputs[3]	22	96	0	0	0	0	0	1	1385575	1385575	0,0,0,0,0,0,0,0,0,0,0,0,0,0,0,0,0,0,0,0,0,0,0,0,0,0,0,0,0,0,0,0,0,0,0,0,0,0,0,0	0,0,0,0,0,0,0,0,0,0,0,0,0,0,0,0,0,0,0,0,0,0,0,0,0,0,0,0,0,0,0,0,1,0,0,0,0,0,0,0	2	0	0	0	0	1	1385575	1385575	0,0,0,0,0,0,0,0,0,0,0,0,0,0,0,0,0,0,0,0,0,0,0,0,0,0,0,0,0,0,0,0,0,0,0,0,0,0,0,0	0,0,0,0,0,0,0,0,0,0,0,0,0,0,0,0,0,0,0,0,0,0,0,0,0,0,0,0,0,0,0,0,1,0,0,0,0,0,0,0
tb.dut.clusters[0].cluster.sockets[0].socket.cores[0].core.execute.fpu_unit.genblk1[0].fpu_fpnew.genblk3[3].fpnew_core.gen_operation_groups[3].i_opgroup_block.gen_merged_slice.i_multifmt_slice.gen_num_lanes[0].active_lane.lane_instance.i_fpnew_cast_multi.fmt_init_inputs[4]	22	96	0	0	0	0	0	1	1385575	1385575	0,0,0,0,0,0,0,0,0,0,0,0,0,0,0,0,0,0,0,0,0,0,0,0,0,0,0,0,0,0,0,0,0,0,0,0,0,0,0,0	0,0,0,0,0,0,0,0,0,0,0,0,0,0,0,0,0,0,0,0,0,0,0,0,0,0,0,0,0,0,0,0,1,0,0,0,0,0,0,0	2	0	0	0	0	1	1385575	1385575	0,0,0,0,0,0,0,0,0,0,0,0,0,0,0,0,0,0,0,0,0,0,0,0,0,0,0,0,0,0,0,0,0,0,0,0,0,0,0,0	0,0,0,0,0,0,0,0,0,0,0,0,0,0,0,0,0,0,0,0,0,0,0,0,0,0,0,0,0,0,0,0,1,0,0,0,0,0,0,0
tb.dut.clusters[0].cluster.sockets[0].socket.cores[0].core.execute.fpu_unit.genblk1[0].fpu_fpnew.genblk3[3].fpnew_core.gen_operation_groups[3].i_opgroup_block.gen_merged_slice.i_multifmt_slice.gen_num_lanes[0].active_lane.lane_instance.i_fpnew_cast_multi.gen_input_pipeline[0]	22	1	64	64	30	64	4	31	1385511	1384887	0,28,0,2,0,0,0,0,0,0,0,0,0,0,0,0,0,0,0,0,0,0,0,0,0,0,0,0,0,0,0,0,0,0,0,0,0,0,0,0	14,7,1,0,0,0,0,0,0,0,0,0,0,0,0,0,7,0,0,0,1,0,0,0,0,0,0,0,0,0,0,0,1,0,0,0,0,0,0,0	2	0	0	0	0	1	1385575	1385575	0,0,0,0,0,0,0,0,0,0,0,0,0,0,0,0,0,0,0,0,0,0,0,0,0,0,0,0,0,0,0,0,0,0,0,0,0,0,0,0	0,0,0,0,0,0,0,0,0,0,0,0,0,0,0,0,0,0,0,0,0,0,0,0,0,0,0,0,0,0,0,0,1,0,0,0,0,0,0,0
tb.dut.clusters[0].cluster.sockets[0].socket.cores[0].core.execute.fpu_unit.genblk1[0].fpu_fpnew.genblk3[3].fpnew_core.gen_operation_groups[3].i_opgroup_block.gen_merged_slice.i_multifmt_slice.gen_num_lanes[0].active_lane.lane_instance.i_fpnew_cast_multi.gen_input_pipeline[1]	22	1	64	64	30	64	4	31	1385511	1384886	0,28,0,2,0,0,0,0,0,0,0,0,0,0,0,0,0,0,0,0,0,0,0,0,0,0,0,0,0,0,0,0,0,0,0,0,0,0,0,0	14,7,1,0,0,0,0,0,0,0,0,0,0,0,0,0,7,0,0,0,1,0,0,0,0,0,0,0,0,0,0,0,1,0,0,0,0,0,0,0	2	0	0	0	0	1	1385575	1385575	0,0,0,0,0,0,0,0,0,0,0,0,0,0,0,0,0,0,0,0,0,0,0,0,0,0,0,0,0,0,0,0,0,0,0,0,0,0,0,0	0,0,0,0,0,0,0,0,0,0,0,0,0,0,0,0,0,0,0,0,0,0,0,0,0,0,0,0,0,0,0,0,1,0,0,0,0,0,0,0
tb.dut.clusters[0].cluster.sockets[0].socket.cores[0].core.execute.fpu_unit.genblk1[0].fpu_fpnew.genblk3[3].fpnew_core.gen_operation_groups[3].i_opgroup_block.gen_merged_slice.i_multifmt_slice.gen_num_lanes[0].active_lane.lane_instance.i_fpnew_cast_multi.gen_inside_pipeline[0]	22	1	64	64	30	64	4	31	1385511	1384885	0,28,0,2,0,0,0,0,0,0,0,0,0,0,0,0,0,0,0,0,0,0,0,0,0,0,0,0,0,0,0,0,0,0,0,0,0,0,0,0	14,7,1,0,0,0,0,0,0,0,0,0,0,0,0,0,7,0,0,0,1,0,0,0,0,0,0,0,0,0,0,0,1,0,0,0,0,0,0,0	2	0	0	0	0	1	1385575	1385575	0,0,0,0,0,0,0,0,0,0,0,0,0,0,0,0,0,0,0,0,0,0,0,0,0,0,0,0,0,0,0,0,0,0,0,0,0,0,0,0	0,0,0,0,0,0,0,0,0,0,0,0,0,0,0,0,0,0,0,0,0,0,0,0,0,0,0,0,0,0,0,0,1,0,0,0,0,0,0,0
tb.dut.clusters[0].cluster.sockets[0].socket.cores[0].core.execute.fpu_unit.genblk1[0].fpu_fpnew.genblk3[3].fpnew_core.gen_operation_groups[3].i_opgroup_block.gen_merged_slice.i_multifmt_slice.gen_num_lanes[0].active_lane.lane_instance.i_fpnew_cast_multi.gen_inside_pipeline[1]	22	1	64	64	30	64	4	31	1385511	1384884	0,28,0,2,0,0,0,0,0,0,0,0,0,0,0,0,0,0,0,0,0,0,0,0,0,0,0,0,0,0,0,0,0,0,0,0,0,0,0,0	14,7,1,0,0,0,0,0,0,0,0,0,0,0,0,0,7,0,0,0,1,0,0,0,0,0,0,0,0,0,0,0,1,0,0,0,0,0,0,0	2	0	0	0	0	1	1385575	1385575	0,0,0,0,0,0,0,0,0,0,0,0,0,0,0,0,0,0,0,0,0,0,0,0,0,0,0,0,0,0,0,0,0,0,0,0,0,0,0,0	0,0,0,0,0,0,0,0,0,0,0,0,0,0,0,0,0,0,0,0,0,0,0,0,0,0,0,0,0,0,0,0,1,0,0,0,0,0,0,0
tb.dut.clusters[0].cluster.sockets[0].socket.cores[0].core.execute.fpu_unit.genblk1[0].fpu_fpnew.genblk3[3].fpnew_core.gen_operation_groups[3].i_opgroup_block.gen_merged_slice.i_multifmt_slice.gen_num_lanes[0].active_lane.lane_instance.i_fpnew_cast_multi.gen_int_overflow[0]	22	32	0	0	0	0	0	1	1385575	1385575	0,0,0,0,0,0,0,0,0,0,0,0,0,0,0,0,0,0,0,0,0,0,0,0,0,0,0,0,0,0,0,0,0,0,0,0,0,0,0,0	0,0,0,0,0,0,0,0,0,0,0,0,0,0,0,0,0,0,0,0,0,0,0,0,0,0,0,0,0,0,0,0,1,0,0,0,0,0,0,0	2	0	0	0	0	1	1385575	1385575	0,0,0,0,0,0,0,0,0,0,0,0,0,0,0,0,0,0,0,0,0,0,0,0,0,0,0,0,0,0,0,0,0,0,0,0,0,0,0,0	0,0,0,0,0,0,0,0,0,0,0,0,0,0,0,0,0,0,0,0,0,0,0,0,0,0,0,0,0,0,0,0,1,0,0,0,0,0,0,0
tb.dut.clusters[0].cluster.sockets[0].socket.cores[0].core.execute.fpu_unit.genblk1[0].fpu_fpnew.genblk3[3].fpnew_core.gen_operation_groups[3].i_opgroup_block.gen_merged_slice.i_multifmt_slice.gen_num_lanes[0].active_lane.lane_instance.i_fpnew_cast_multi.gen_int_overflow[1]	22	32	0	0	0	0	0	1	1385575	1385575	0,0,0,0,0,0,0,0,0,0,0,0,0,0,0,0,0,0,0,0,0,0,0,0,0,0,0,0,0,0,0,0,0,0,0,0,0,0,0,0	0,0,0,0,0,0,0,0,0,0,0,0,0,0,0,0,0,0,0,0,0,0,0,0,0,0,0,0,0,0,0,0,1,0,0,0,0,0,0,0	2	0	0	0	0	1	1385575	1385575	0,0,0,0,0,0,0,0,0,0,0,0,0,0,0,0,0,0,0,0,0,0,0,0,0,0,0,0,0,0,0,0,0,0,0,0,0,0,0,0	0,0,0,0,0,0,0,0,0,0,0,0,0,0,0,0,0,0,0,0,0,0,0,0,0,0,0,0,0,0,0,0,1,0,0,0,0,0,0,0
tb.dut.clusters[0].cluster.sockets[0].socket.cores[0].core.execute.fpu_unit.genblk1[0].fpu_fpnew.genblk3[3].fpnew_core.gen_operation_groups[3].i_opgroup_block.gen_merged_slice.i_multifmt_slice.gen_num_lanes[0].active_lane.lane_instance.i_fpnew_cast_multi.gen_int_overflow[2]	22	32	0	0	0	0	0	1	1385575	1385575	0,0,0,0,0,0,0,0,0,0,0,0,0,0,0,0,0,0,0,0,0,0,0,0,0,0,0,0,0,0,0,0,0,0,0,0,0,0,0,0	0,0,0,0,0,0,0,0,0,0,0,0,0,0,0,0,0,0,0,0,0,0,0,0,0,0,0,0,0,0,0,0,1,0,0,0,0,0,0,0	2	0	0	0	0	1	1385575	1385575	0,0,0,0,0,0,0,0,0,0,0,0,0,0,0,0,0,0,0,0,0,0,0,0,0,0,0,0,0,0,0,0,0,0,0,0,0,0,0,0	0,0,0,0,0,0,0,0,0,0,0,0,0,0,0,0,0,0,0,0,0,0,0,0,0,0,0,0,0,0,0,0,1,0,0,0,0,0,0,0
tb.dut.clusters[0].cluster.sockets[0].socket.cores[0].core.execute.fpu_unit.genblk1[0].fpu_fpnew.genblk3[3].fpnew_core.gen_operation_groups[3].i_opgroup_block.gen_merged_slice.i_multifmt_slice.gen_num_lanes[0].active_lane.lane_instance.i_fpnew_cast_multi.gen_int_overflow[3]	22	32	0	0	0	0	0	1	1385575	1385575	0,0,0,0,0,0,0,0,0,0,0,0,0,0,0,0,0,0,0,0,0,0,0,0,0,0,0,0,0,0,0,0,0,0,0,0,0,0,0,0	0,0,0,0,0,0,0,0,0,0,0,0,0,0,0,0,0,0,0,0,0,0,0,0,0,0,0,0,0,0,0,0,1,0,0,0,0,0,0,0	2	0	0	0	0	1	1385575	1385575	0,0,0,0,0,0,0,0,0,0,0,0,0,0,0,0,0,0,0,0,0,0,0,0,0,0,0,0,0,0,0,0,0,0,0,0,0,0,0,0	0,0,0,0,0,0,0,0,0,0,0,0,0,0,0,0,0,0,0,0,0,0,0,0,0,0,0,0,0,0,0,0,1,0,0,0,0,0,0,0
tb.dut.clusters[0].cluster.sockets[0].socket.cores[0].core.execute.fpu_unit.genblk1[0].fpu_fpnew.genblk3[3].fpnew_core.gen_operation_groups[3].i_opgroup_block.gen_merged_slice.i_multifmt_slice.gen_num_lanes[0].active_lane.lane_instance.i_fpnew_cast_multi.gen_int_res_sign_ext[0]	22	32	0	0	0	0	0	1	1385575	1385575	0,0,0,0,0,0,0,0,0,0,0,0,0,0,0,0,0,0,0,0,0,0,0,0,0,0,0,0,0,0,0,0,0,0,0,0,0,0,0,0	0,0,0,0,0,0,0,0,0,0,0,0,0,0,0,0,0,0,0,0,0,0,0,0,0,0,0,0,0,0,0,0,1,0,0,0,0,0,0,0	2	0	0	0	0	1	1385575	1385575	0,0,0,0,0,0,0,0,0,0,0,0,0,0,0,0,0,0,0,0,0,0,0,0,0,0,0,0,0,0,0,0,0,0,0,0,0,0,0,0	0,0,0,0,0,0,0,0,0,0,0,0,0,0,0,0,0,0,0,0,0,0,0,0,0,0,0,0,0,0,0,0,1,0,0,0,0,0,0,0
tb.dut.clusters[0].cluster.sockets[0].socket.cores[0].core.execute.fpu_unit.genblk1[0].fpu_fpnew.genblk3[3].fpnew_core.gen_operation_groups[3].i_opgroup_block.gen_merged_slice.i_multifmt_slice.gen_num_lanes[0].active_lane.lane_instance.i_fpnew_cast_multi.gen_int_res_sign_ext[1]	22	32	0	0	0	0	0	1	1385575	1385575	0,0,0,0,0,0,0,0,0,0,0,0,0,0,0,0,0,0,0,0,0,0,0,0,0,0,0,0,0,0,0,0,0,0,0,0,0,0,0,0	0,0,0,0,0,0,0,0,0,0,0,0,0,0,0,0,0,0,0,0,0,0,0,0,0,0,0,0,0,0,0,0,1,0,0,0,0,0,0,0	2	0	0	0	0	1	1385575	1385575	0,0,0,0,0,0,0,0,0,0,0,0,0,0,0,0,0,0,0,0,0,0,0,0,0,0,0,0,0,0,0,0,0,0,0,0,0,0,0,0	0,0,0,0,0,0,0,0,0,0,0,0,0,0,0,0,0,0,0,0,0,0,0,0,0,0,0,0,0,0,0,0,1,0,0,0,0,0,0,0
tb.dut.clusters[0].cluster.sockets[0].socket.cores[0].core.execute.fpu_unit.genblk1[0].fpu_fpnew.genblk3[3].fpnew_core.gen_operation_groups[3].i_opgroup_block.gen_merged_slice.i_multifmt_slice.gen_num_lanes[0].active_lane.lane_instance.i_fpnew_cast_multi.gen_int_res_sign_ext[2]	22	32	0	0	0	0	0	1	1385575	1385575	0,0,0,0,0,0,0,0,0,0,0,0,0,0,0,0,0,0,0,0,0,0,0,0,0,0,0,0,0,0,0,0,0,0,0,0,0,0,0,0	0,0,0,0,0,0,0,0,0,0,0,0,0,0,0,0,0,0,0,0,0,0,0,0,0,0,0,0,0,0,0,0,1,0,0,0,0,0,0,0	2	0	0	0	0	1	1385575	1385575	0,0,0,0,0,0,0,0,0,0,0,0,0,0,0,0,0,0,0,0,0,0,0,0,0,0,0,0,0,0,0,0,0,0,0,0,0,0,0,0	0,0,0,0,0,0,0,0,0,0,0,0,0,0,0,0,0,0,0,0,0,0,0,0,0,0,0,0,0,0,0,0,1,0,0,0,0,0,0,0
tb.dut.clusters[0].cluster.sockets[0].socket.cores[0].core.execute.fpu_unit.genblk1[0].fpu_fpnew.genblk3[3].fpnew_core.gen_operation_groups[3].i_opgroup_block.gen_merged_slice.i_multifmt_slice.gen_num_lanes[0].active_lane.lane_instance.i_fpnew_cast_multi.gen_int_res_sign_ext[3]	22	32	0	0	0	0	0	1	1385575	1385575	0,0,0,0,0,0,0,0,0,0,0,0,0,0,0,0,0,0,0,0,0,0,0,0,0,0,0,0,0,0,0,0,0,0,0,0,0,0,0,0	0,0,0,0,0,0,0,0,0,0,0,0,0,0,0,0,0,0,0,0,0,0,0,0,0,0,0,0,0,0,0,0,1,0,0,0,0,0,0,0	2	0	0	0	0	1	1385575	1385575	0,0,0,0,0,0,0,0,0,0,0,0,0,0,0,0,0,0,0,0,0,0,0,0,0,0,0,0,0,0,0,0,0,0,0,0,0,0,0,0	0,0,0,0,0,0,0,0,0,0,0,0,0,0,0,0,0,0,0,0,0,0,0,0,0,0,0,0,0,0,0,0,1,0,0,0,0,0,0,0
tb.dut.clusters[0].cluster.sockets[0].socket.cores[0].core.execute.fpu_unit.genblk1[0].fpu_fpnew.genblk3[3].fpnew_core.gen_operation_groups[3].i_opgroup_block.gen_merged_slice.i_multifmt_slice.gen_num_lanes[0].active_lane.lane_instance.i_fpnew_cast_multi.gen_output_pipeline[0]	22	1	64	64	30	64	4	31	1385511	1384883	0,28,0,2,0,0,0,0,0,0,0,0,0,0,0,0,0,0,0,0,0,0,0,0,0,0,0,0,0,0,0,0,0,0,0,0,0,0,0,0	14,7,1,0,0,0,0,0,0,0,0,0,0,0,0,0,7,0,0,0,1,0,0,0,0,0,0,0,0,0,0,0,1,0,0,0,0,0,0,0	2	0	0	0	0	1	1385575	1385575	0,0,0,0,0,0,0,0,0,0,0,0,0,0,0,0,0,0,0,0,0,0,0,0,0,0,0,0,0,0,0,0,0,0,0,0,0,0,0,0	0,0,0,0,0,0,0,0,0,0,0,0,0,0,0,0,0,0,0,0,0,0,0,0,0,0,0,0,0,0,0,0,1,0,0,0,0,0,0,0
tb.dut.clusters[0].cluster.sockets[0].socket.cores[0].core.execute.fpu_unit.genblk1[0].fpu_fpnew.genblk3[3].fpnew_core.gen_operation_groups[3].i_opgroup_block.gen_merged_slice.i_multifmt_slice.gen_num_lanes[0].active_lane.lane_instance.i_fpnew_cast_multi.gen_res_assemble[0]	22	64	0	0	0	0	0	1	1385575	1385575	0,0,0,0,0,0,0,0,0,0,0,0,0,0,0,0,0,0,0,0,0,0,0,0,0,0,0,0,0,0,0,0,0,0,0,0,0,0,0,0	0,0,0,0,0,0,0,0,0,0,0,0,0,0,0,0,0,0,0,0,0,0,0,0,0,0,0,0,0,0,0,0,1,0,0,0,0,0,0,0	2	0	0	0	0	1	1385575	1385575	0,0,0,0,0,0,0,0,0,0,0,0,0,0,0,0,0,0,0,0,0,0,0,0,0,0,0,0,0,0,0,0,0,0,0,0,0,0,0,0	0,0,0,0,0,0,0,0,0,0,0,0,0,0,0,0,0,0,0,0,0,0,0,0,0,0,0,0,0,0,0,0,1,0,0,0,0,0,0,0
tb.dut.clusters[0].cluster.sockets[0].socket.cores[0].core.execute.fpu_unit.genblk1[0].fpu_fpnew.genblk3[3].fpnew_core.gen_operation_groups[3].i_opgroup_block.gen_merged_slice.i_multifmt_slice.gen_num_lanes[0].active_lane.lane_instance.i_fpnew_cast_multi.gen_res_assemble[1]	22	64	0	0	0	0	0	1	1385575	1385575	0,0,0,0,0,0,0,0,0,0,0,0,0,0,0,0,0,0,0,0,0,0,0,0,0,0,0,0,0,0,0,0,0,0,0,0,0,0,0,0	0,0,0,0,0,0,0,0,0,0,0,0,0,0,0,0,0,0,0,0,0,0,0,0,0,0,0,0,0,0,0,0,1,0,0,0,0,0,0,0	2	0	0	0	0	1	1385575	1385575	0,0,0,0,0,0,0,0,0,0,0,0,0,0,0,0,0,0,0,0,0,0,0,0,0,0,0,0,0,0,0,0,0,0,0,0,0,0,0,0	0,0,0,0,0,0,0,0,0,0,0,0,0,0,0,0,0,0,0,0,0,0,0,0,0,0,0,0,0,0,0,0,1,0,0,0,0,0,0,0
tb.dut.clusters[0].cluster.sockets[0].socket.cores[0].core.execute.fpu_unit.genblk1[0].fpu_fpnew.genblk3[3].fpnew_core.gen_operation_groups[3].i_opgroup_block.gen_merged_slice.i_multifmt_slice.gen_num_lanes[0].active_lane.lane_instance.i_fpnew_cast_multi.gen_res_assemble[2]	22	64	0	0	0	0	0	1	1385575	1385575	0,0,0,0,0,0,0,0,0,0,0,0,0,0,0,0,0,0,0,0,0,0,0,0,0,0,0,0,0,0,0,0,0,0,0,0,0,0,0,0	0,0,0,0,0,0,0,0,0,0,0,0,0,0,0,0,0,0,0,0,0,0,0,0,0,0,0,0,0,0,0,0,1,0,0,0,0,0,0,0	2	0	0	0	0	1	1385575	1385575	0,0,0,0,0,0,0,0,0,0,0,0,0,0,0,0,0,0,0,0,0,0,0,0,0,0,0,0,0,0,0,0,0,0,0,0,0,0,0,0	0,0,0,0,0,0,0,0,0,0,0,0,0,0,0,0,0,0,0,0,0,0,0,0,0,0,0,0,0,0,0,0,1,0,0,0,0,0,0,0
tb.dut.clusters[0].cluster.sockets[0].socket.cores[0].core.execute.fpu_unit.genblk1[0].fpu_fpnew.genblk3[3].fpnew_core.gen_operation_groups[3].i_opgroup_block.gen_merged_slice.i_multifmt_slice.gen_num_lanes[0].active_lane.lane_instance.i_fpnew_cast_multi.gen_res_assemble[3]	22	64	0	0	0	0	0	1	1385575	1385575	0,0,0,0,0,0,0,0,0,0,0,0,0,0,0,0,0,0,0,0,0,0,0,0,0,0,0,0,0,0,0,0,0,0,0,0,0,0,0,0	0,0,0,0,0,0,0,0,0,0,0,0,0,0,0,0,0,0,0,0,0,0,0,0,0,0,0,0,0,0,0,0,1,0,0,0,0,0,0,0	2	0	0	0	0	1	1385575	1385575	0,0,0,0,0,0,0,0,0,0,0,0,0,0,0,0,0,0,0,0,0,0,0,0,0,0,0,0,0,0,0,0,0,0,0,0,0,0,0,0	0,0,0,0,0,0,0,0,0,0,0,0,0,0,0,0,0,0,0,0,0,0,0,0,0,0,0,0,0,0,0,0,1,0,0,0,0,0,0,0
tb.dut.clusters[0].cluster.sockets[0].socket.cores[0].core.execute.fpu_unit.genblk1[0].fpu_fpnew.genblk3[3].fpnew_core.gen_operation_groups[3].i_opgroup_block.gen_merged_slice.i_multifmt_slice.gen_num_lanes[0].active_lane.lane_instance.i_fpnew_cast_multi.gen_res_assemble[4]	22	64	0	0	0	0	0	1	1385575	1385575	0,0,0,0,0,0,0,0,0,0,0,0,0,0,0,0,0,0,0,0,0,0,0,0,0,0,0,0,0,0,0,0,0,0,0,0,0,0,0,0	0,0,0,0,0,0,0,0,0,0,0,0,0,0,0,0,0,0,0,0,0,0,0,0,0,0,0,0,0,0,0,0,1,0,0,0,0,0,0,0	2	0	0	0	0	1	1385575	1385575	0,0,0,0,0,0,0,0,0,0,0,0,0,0,0,0,0,0,0,0,0,0,0,0,0,0,0,0,0,0,0,0,0,0,0,0,0,0,0,0	0,0,0,0,0,0,0,0,0,0,0,0,0,0,0,0,0,0,0,0,0,0,0,0,0,0,0,0,0,0,0,0,1,0,0,0,0,0,0,0
tb.dut.clusters[0].cluster.sockets[0].socket.cores[0].core.execute.fpu_unit.genblk1[0].fpu_fpnew.genblk3[3].fpnew_core.gen_operation_groups[3].i_opgroup_block.gen_merged_slice.i_multifmt_slice.gen_num_lanes[0].active_lane.lane_instance.i_fpnew_cast_multi.gen_sign_extend_int[0]	22	32	0	0	0	0	0	1	1385575	1385575	0,0,0,0,0,0,0,0,0,0,0,0,0,0,0,0,0,0,0,0,0,0,0,0,0,0,0,0,0,0,0,0,0,0,0,0,0,0,0,0	0,0,0,0,0,0,0,0,0,0,0,0,0,0,0,0,0,0,0,0,0,0,0,0,0,0,0,0,0,0,0,0,1,0,0,0,0,0,0,0	2	0	0	0	0	1	1385575	1385575	0,0,0,0,0,0,0,0,0,0,0,0,0,0,0,0,0,0,0,0,0,0,0,0,0,0,0,0,0,0,0,0,0,0,0,0,0,0,0,0	0,0,0,0,0,0,0,0,0,0,0,0,0,0,0,0,0,0,0,0,0,0,0,0,0,0,0,0,0,0,0,0,1,0,0,0,0,0,0,0
tb.dut.clusters[0].cluster.sockets[0].socket.cores[0].core.execute.fpu_unit.genblk1[0].fpu_fpnew.genblk3[3].fpnew_core.gen_operation_groups[3].i_opgroup_block.gen_merged_slice.i_multifmt_slice.gen_num_lanes[0].active_lane.lane_instance.i_fpnew_cast_multi.gen_sign_extend_int[1]	22	32	0	0	0	0	0	1	1385575	1385575	0,0,0,0,0,0,0,0,0,0,0,0,0,0,0,0,0,0,0,0,0,0,0,0,0,0,0,0,0,0,0,0,0,0,0,0,0,0,0,0	0,0,0,0,0,0,0,0,0,0,0,0,0,0,0,0,0,0,0,0,0,0,0,0,0,0,0,0,0,0,0,0,1,0,0,0,0,0,0,0	2	0	0	0	0	1	1385575	1385575	0,0,0,0,0,0,0,0,0,0,0,0,0,0,0,0,0,0,0,0,0,0,0,0,0,0,0,0,0,0,0,0,0,0,0,0,0,0,0,0	0,0,0,0,0,0,0,0,0,0,0,0,0,0,0,0,0,0,0,0,0,0,0,0,0,0,0,0,0,0,0,0,1,0,0,0,0,0,0,0
tb.dut.clusters[0].cluster.sockets[0].socket.cores[0].core.execute.fpu_unit.genblk1[0].fpu_fpnew.genblk3[3].fpnew_core.gen_operation_groups[3].i_opgroup_block.gen_merged_slice.i_multifmt_slice.gen_num_lanes[0].active_lane.lane_instance.i_fpnew_cast_multi.gen_sign_extend_int[2]	22	32	0	0	0	0	0	1	1385575	1385575	0,0,0,0,0,0,0,0,0,0,0,0,0,0,0,0,0,0,0,0,0,0,0,0,0,0,0,0,0,0,0,0,0,0,0,0,0,0,0,0	0,0,0,0,0,0,0,0,0,0,0,0,0,0,0,0,0,0,0,0,0,0,0,0,0,0,0,0,0,0,0,0,1,0,0,0,0,0,0,0	2	0	0	0	0	1	1385575	1385575	0,0,0,0,0,0,0,0,0,0,0,0,0,0,0,0,0,0,0,0,0,0,0,0,0,0,0,0,0,0,0,0,0,0,0,0,0,0,0,0	0,0,0,0,0,0,0,0,0,0,0,0,0,0,0,0,0,0,0,0,0,0,0,0,0,0,0,0,0,0,0,0,1,0,0,0,0,0,0,0
tb.dut.clusters[0].cluster.sockets[0].socket.cores[0].core.execute.fpu_unit.genblk1[0].fpu_fpnew.genblk3[3].fpnew_core.gen_operation_groups[3].i_opgroup_block.gen_merged_slice.i_multifmt_slice.gen_num_lanes[0].active_lane.lane_instance.i_fpnew_cast_multi.gen_sign_extend_int[3]	22	32	0	0	0	0	0	1	1385575	1385575	0,0,0,0,0,0,0,0,0,0,0,0,0,0,0,0,0,0,0,0,0,0,0,0,0,0,0,0,0,0,0,0,0,0,0,0,0,0,0,0	0,0,0,0,0,0,0,0,0,0,0,0,0,0,0,0,0,0,0,0,0,0,0,0,0,0,0,0,0,0,0,0,1,0,0,0,0,0,0,0	2	0	0	0	0	1	1385575	1385575	0,0,0,0,0,0,0,0,0,0,0,0,0,0,0,0,0,0,0,0,0,0,0,0,0,0,0,0,0,0,0,0,0,0,0,0,0,0,0,0	0,0,0,0,0,0,0,0,0,0,0,0,0,0,0,0,0,0,0,0,0,0,0,0,0,0,0,0,0,0,0,0,1,0,0,0,0,0,0,0
tb.dut.clusters[0].cluster.sockets[0].socket.cores[0].core.execute.fpu_unit.genblk1[0].fpu_fpnew.genblk3[3].fpnew_core.gen_operation_groups[3].i_opgroup_block.gen_merged_slice.i_multifmt_slice.gen_num_lanes[0].active_lane.lane_instance.i_fpnew_cast_multi.gen_sign_inject[0]	22	96	0	0	0	0	0	1	1385575	1385575	0,0,0,0,0,0,0,0,0,0,0,0,0,0,0,0,0,0,0,0,0,0,0,0,0,0,0,0,0,0,0,0,0,0,0,0,0,0,0,0	0,0,0,0,0,0,0,0,0,0,0,0,0,0,0,0,0,0,0,0,0,0,0,0,0,0,0,0,0,0,0,0,1,0,0,0,0,0,0,0	2	0	0	0	0	1	1385575	1385575	0,0,0,0,0,0,0,0,0,0,0,0,0,0,0,0,0,0,0,0,0,0,0,0,0,0,0,0,0,0,0,0,0,0,0,0,0,0,0,0	0,0,0,0,0,0,0,0,0,0,0,0,0,0,0,0,0,0,0,0,0,0,0,0,0,0,0,0,0,0,0,0,1,0,0,0,0,0,0,0
tb.dut.clusters[0].cluster.sockets[0].socket.cores[0].core.execute.fpu_unit.genblk1[0].fpu_fpnew.genblk3[3].fpnew_core.gen_operation_groups[3].i_opgroup_block.gen_merged_slice.i_multifmt_slice.gen_num_lanes[0].active_lane.lane_instance.i_fpnew_cast_multi.gen_sign_inject[1]	22	96	0	0	0	0	0	1	1385575	1385575	0,0,0,0,0,0,0,0,0,0,0,0,0,0,0,0,0,0,0,0,0,0,0,0,0,0,0,0,0,0,0,0,0,0,0,0,0,0,0,0	0,0,0,0,0,0,0,0,0,0,0,0,0,0,0,0,0,0,0,0,0,0,0,0,0,0,0,0,0,0,0,0,1,0,0,0,0,0,0,0	2	0	0	0	0	1	1385575	1385575	0,0,0,0,0,0,0,0,0,0,0,0,0,0,0,0,0,0,0,0,0,0,0,0,0,0,0,0,0,0,0,0,0,0,0,0,0,0,0,0	0,0,0,0,0,0,0,0,0,0,0,0,0,0,0,0,0,0,0,0,0,0,0,0,0,0,0,0,0,0,0,0,1,0,0,0,0,0,0,0
tb.dut.clusters[0].cluster.sockets[0].socket.cores[0].core.execute.fpu_unit.genblk1[0].fpu_fpnew.genblk3[3].fpnew_core.gen_operation_groups[3].i_opgroup_block.gen_merged_slice.i_multifmt_slice.gen_num_lanes[0].active_lane.lane_instance.i_fpnew_cast_multi.gen_sign_inject[2]	22	96	0	0	0	0	0	1	1385575	1385575	0,0,0,0,0,0,0,0,0,0,0,0,0,0,0,0,0,0,0,0,0,0,0,0,0,0,0,0,0,0,0,0,0,0,0,0,0,0,0,0	0,0,0,0,0,0,0,0,0,0,0,0,0,0,0,0,0,0,0,0,0,0,0,0,0,0,0,0,0,0,0,0,1,0,0,0,0,0,0,0	2	0	0	0	0	1	1385575	1385575	0,0,0,0,0,0,0,0,0,0,0,0,0,0,0,0,0,0,0,0,0,0,0,0,0,0,0,0,0,0,0,0,0,0,0,0,0,0,0,0	0,0,0,0,0,0,0,0,0,0,0,0,0,0,0,0,0,0,0,0,0,0,0,0,0,0,0,0,0,0,0,0,1,0,0,0,0,0,0,0
tb.dut.clusters[0].cluster.sockets[0].socket.cores[0].core.execute.fpu_unit.genblk1[0].fpu_fpnew.genblk3[3].fpnew_core.gen_operation_groups[3].i_opgroup_block.gen_merged_slice.i_multifmt_slice.gen_num_lanes[0].active_lane.lane_instance.i_fpnew_cast_multi.gen_sign_inject[3]	22	96	0	0	0	0	0	1	1385575	1385575	0,0,0,0,0,0,0,0,0,0,0,0,0,0,0,0,0,0,0,0,0,0,0,0,0,0,0,0,0,0,0,0,0,0,0,0,0,0,0,0	0,0,0,0,0,0,0,0,0,0,0,0,0,0,0,0,0,0,0,0,0,0,0,0,0,0,0,0,0,0,0,0,1,0,0,0,0,0,0,0	2	0	0	0	0	1	1385575	1385575	0,0,0,0,0,0,0,0,0,0,0,0,0,0,0,0,0,0,0,0,0,0,0,0,0,0,0,0,0,0,0,0,0,0,0,0,0,0,0,0	0,0,0,0,0,0,0,0,0,0,0,0,0,0,0,0,0,0,0,0,0,0,0,0,0,0,0,0,0,0,0,0,1,0,0,0,0,0,0,0
tb.dut.clusters[0].cluster.sockets[0].socket.cores[0].core.execute.fpu_unit.genblk1[0].fpu_fpnew.genblk3[3].fpnew_core.gen_operation_groups[3].i_opgroup_block.gen_merged_slice.i_multifmt_slice.gen_num_lanes[0].active_lane.lane_instance.i_fpnew_cast_multi.gen_sign_inject[4]	22	96	0	0	0	0	0	1	1385575	1385575	0,0,0,0,0,0,0,0,0,0,0,0,0,0,0,0,0,0,0,0,0,0,0,0,0,0,0,0,0,0,0,0,0,0,0,0,0,0,0,0	0,0,0,0,0,0,0,0,0,0,0,0,0,0,0,0,0,0,0,0,0,0,0,0,0,0,0,0,0,0,0,0,1,0,0,0,0,0,0,0	2	0	0	0	0	1	1385575	1385575	0,0,0,0,0,0,0,0,0,0,0,0,0,0,0,0,0,0,0,0,0,0,0,0,0,0,0,0,0,0,0,0,0,0,0,0,0,0,0,0	0,0,0,0,0,0,0,0,0,0,0,0,0,0,0,0,0,0,0,0,0,0,0,0,0,0,0,0,0,0,0,0,1,0,0,0,0,0,0,0
tb.dut.clusters[0].cluster.sockets[0].socket.cores[0].core.execute.fpu_unit.genblk1[0].fpu_fpnew.genblk3[3].fpnew_core.gen_operation_groups[3].i_opgroup_block.gen_merged_slice.i_multifmt_slice.gen_num_lanes[0].active_lane.lane_instance.i_fpnew_cast_multi.gen_special_results[0]	22	159	0	0	0	0	0	1	1385575	1385575	0,0,0,0,0,0,0,0,0,0,0,0,0,0,0,0,0,0,0,0,0,0,0,0,0,0,0,0,0,0,0,0,0,0,0,0,0,0,0,0	0,0,0,0,0,0,0,0,0,0,0,0,0,0,0,0,0,0,0,0,0,0,0,0,0,0,0,0,0,0,0,0,1,0,0,0,0,0,0,0	2	0	0	0	0	1	1385575	1385575	0,0,0,0,0,0,0,0,0,0,0,0,0,0,0,0,0,0,0,0,0,0,0,0,0,0,0,0,0,0,0,0,0,0,0,0,0,0,0,0	0,0,0,0,0,0,0,0,0,0,0,0,0,0,0,0,0,0,0,0,0,0,0,0,0,0,0,0,0,0,0,0,1,0,0,0,0,0,0,0
tb.dut.clusters[0].cluster.sockets[0].socket.cores[0].core.execute.fpu_unit.genblk1[0].fpu_fpnew.genblk3[3].fpnew_core.gen_operation_groups[3].i_opgroup_block.gen_merged_slice.i_multifmt_slice.gen_num_lanes[0].active_lane.lane_instance.i_fpnew_cast_multi.gen_special_results[0].active_format	23	32	0	0	0	0	0	1	1385575	1385575	0,0,0,0,0,0,0,0,0,0,0,0,0,0,0,0,0,0,0,0,0,0,0,0,0,0,0,0,0,0,0,0,0,0,0,0,0,0,0,0	0,0,0,0,0,0,0,0,0,0,0,0,0,0,0,0,0,0,0,0,0,0,0,0,0,0,0,0,0,0,0,0,1,0,0,0,0,0,0,0	2	0	0	0	0	1	1385575	1385575	0,0,0,0,0,0,0,0,0,0,0,0,0,0,0,0,0,0,0,0,0,0,0,0,0,0,0,0,0,0,0,0,0,0,0,0,0,0,0,0	0,0,0,0,0,0,0,0,0,0,0,0,0,0,0,0,0,0,0,0,0,0,0,0,0,0,0,0,0,0,0,0,1,0,0,0,0,0,0,0
tb.dut.clusters[0].cluster.sockets[0].socket.cores[0].core.execute.fpu_unit.genblk1[0].fpu_fpnew.genblk3[3].fpnew_core.gen_operation_groups[3].i_opgroup_block.gen_merged_slice.i_multifmt_slice.gen_num_lanes[0].active_lane.lane_instance.i_fpnew_cast_multi.gen_special_results[0].active_format.special_results	24	32	0	0	0	0	0	1	1385575	1385575	0,0,0,0,0,0,0,0,0,0,0,0,0,0,0,0,0,0,0,0,0,0,0,0,0,0,0,0,0,0,0,0,0,0,0,0,0,0,0,0	0,0,0,0,0,0,0,0,0,0,0,0,0,0,0,0,0,0,0,0,0,0,0,0,0,0,0,0,0,0,0,0,1,0,0,0,0,0,0,0	2	0	0	0	0	1	1385575	1385575	0,0,0,0,0,0,0,0,0,0,0,0,0,0,0,0,0,0,0,0,0,0,0,0,0,0,0,0,0,0,0,0,0,0,0,0,0,0,0,0	0,0,0,0,0,0,0,0,0,0,0,0,0,0,0,0,0,0,0,0,0,0,0,0,0,0,0,0,0,0,0,0,1,0,0,0,0,0,0,0
tb.dut.clusters[0].cluster.sockets[0].socket.cores[0].core.execute.fpu_unit.genblk1[0].fpu_fpnew.genblk3[3].fpnew_core.gen_operation_groups[3].i_opgroup_block.gen_merged_slice.i_multifmt_slice.gen_num_lanes[0].active_lane.lane_instance.i_fpnew_cast_multi.gen_special_results[1]	22	159	0	0	0	0	0	1	1385575	1385575	0,0,0,0,0,0,0,0,0,0,0,0,0,0,0,0,0,0,0,0,0,0,0,0,0,0,0,0,0,0,0,0,0,0,0,0,0,0,0,0	0,0,0,0,0,0,0,0,0,0,0,0,0,0,0,0,0,0,0,0,0,0,0,0,0,0,0,0,0,0,0,0,1,0,0,0,0,0,0,0	2	0	0	0	0	1	1385575	1385575	0,0,0,0,0,0,0,0,0,0,0,0,0,0,0,0,0,0,0,0,0,0,0,0,0,0,0,0,0,0,0,0,0,0,0,0,0,0,0,0	0,0,0,0,0,0,0,0,0,0,0,0,0,0,0,0,0,0,0,0,0,0,0,0,0,0,0,0,0,0,0,0,1,0,0,0,0,0,0,0
tb.dut.clusters[0].cluster.sockets[0].socket.cores[0].core.execute.fpu_unit.genblk1[0].fpu_fpnew.genblk3[3].fpnew_core.gen_operation_groups[3].i_opgroup_block.gen_merged_slice.i_multifmt_slice.gen_num_lanes[0].active_lane.lane_instance.i_fpnew_cast_multi.gen_special_results[2]	22	111	0	0	0	0	0	1	1385575	1385575	0,0,0,0,0,0,0,0,0,0,0,0,0,0,0,0,0,0,0,0,0,0,0,0,0,0,0,0,0,0,0,0,0,0,0,0,0,0,0,0	0,0,0,0,0,0,0,0,0,0,0,0,0,0,0,0,0,0,0,0,0,0,0,0,0,0,0,0,0,0,0,0,1,0,0,0,0,0,0,0	2	0	0	0	0	1	1385575	1385575	0,0,0,0,0,0,0,0,0,0,0,0,0,0,0,0,0,0,0,0,0,0,0,0,0,0,0,0,0,0,0,0,0,0,0,0,0,0,0,0	0,0,0,0,0,0,0,0,0,0,0,0,0,0,0,0,0,0,0,0,0,0,0,0,0,0,0,0,0,0,0,0,1,0,0,0,0,0,0,0
tb.dut.clusters[0].cluster.sockets[0].socket.cores[0].core.execute.fpu_unit.genblk1[0].fpu_fpnew.genblk3[3].fpnew_core.gen_operation_groups[3].i_opgroup_block.gen_merged_slice.i_multifmt_slice.gen_num_lanes[0].active_lane.lane_instance.i_fpnew_cast_multi.gen_special_results[3]	22	103	0	0	0	0	0	1	1385575	1385575	0,0,0,0,0,0,0,0,0,0,0,0,0,0,0,0,0,0,0,0,0,0,0,0,0,0,0,0,0,0,0,0,0,0,0,0,0,0,0,0	0,0,0,0,0,0,0,0,0,0,0,0,0,0,0,0,0,0,0,0,0,0,0,0,0,0,0,0,0,0,0,0,1,0,0,0,0,0,0,0	2	0	0	0	0	1	1385575	1385575	0,0,0,0,0,0,0,0,0,0,0,0,0,0,0,0,0,0,0,0,0,0,0,0,0,0,0,0,0,0,0,0,0,0,0,0,0,0,0,0	0,0,0,0,0,0,0,0,0,0,0,0,0,0,0,0,0,0,0,0,0,0,0,0,0,0,0,0,0,0,0,0,1,0,0,0,0,0,0,0
tb.dut.clusters[0].cluster.sockets[0].socket.cores[0].core.execute.fpu_unit.genblk1[0].fpu_fpnew.genblk3[3].fpnew_core.gen_operation_groups[3].i_opgroup_block.gen_merged_slice.i_multifmt_slice.gen_num_lanes[0].active_lane.lane_instance.i_fpnew_cast_multi.gen_special_results[4]	22	111	0	0	0	0	0	1	1385575	1385575	0,0,0,0,0,0,0,0,0,0,0,0,0,0,0,0,0,0,0,0,0,0,0,0,0,0,0,0,0,0,0,0,0,0,0,0,0,0,0,0	0,0,0,0,0,0,0,0,0,0,0,0,0,0,0,0,0,0,0,0,0,0,0,0,0,0,0,0,0,0,0,0,1,0,0,0,0,0,0,0	2	0	0	0	0	1	1385575	1385575	0,0,0,0,0,0,0,0,0,0,0,0,0,0,0,0,0,0,0,0,0,0,0,0,0,0,0,0,0,0,0,0,0,0,0,0,0,0,0,0	0,0,0,0,0,0,0,0,0,0,0,0,0,0,0,0,0,0,0,0,0,0,0,0,0,0,0,0,0,0,0,0,1,0,0,0,0,0,0,0
tb.dut.clusters[0].cluster.sockets[0].socket.cores[0].core.execute.fpu_unit.genblk1[0].fpu_fpnew.genblk3[3].fpnew_core.gen_operation_groups[3].i_opgroup_block.gen_merged_slice.i_multifmt_slice.gen_num_lanes[0].active_lane.lane_instance.i_fpnew_cast_multi.gen_special_results_int[0]	22	32	0	0	0	0	0	1	1385575	1385575	0,0,0,0,0,0,0,0,0,0,0,0,0,0,0,0,0,0,0,0,0,0,0,0,0,0,0,0,0,0,0,0,0,0,0,0,0,0,0,0	0,0,0,0,0,0,0,0,0,0,0,0,0,0,0,0,0,0,0,0,0,0,0,0,0,0,0,0,0,0,0,0,1,0,0,0,0,0,0,0	2	0	0	0	0	1	1385575	1385575	0,0,0,0,0,0,0,0,0,0,0,0,0,0,0,0,0,0,0,0,0,0,0,0,0,0,0,0,0,0,0,0,0,0,0,0,0,0,0,0	0,0,0,0,0,0,0,0,0,0,0,0,0,0,0,0,0,0,0,0,0,0,0,0,0,0,0,0,0,0,0,0,1,0,0,0,0,0,0,0
tb.dut.clusters[0].cluster.sockets[0].socket.cores[0].core.execute.fpu_unit.genblk1[0].fpu_fpnew.genblk3[3].fpnew_core.gen_operation_groups[3].i_opgroup_block.gen_merged_slice.i_multifmt_slice.gen_num_lanes[0].active_lane.lane_instance.i_fpnew_cast_multi.gen_special_results_int[1]	22	32	0	0	0	0	0	1	1385575	1385575	0,0,0,0,0,0,0,0,0,0,0,0,0,0,0,0,0,0,0,0,0,0,0,0,0,0,0,0,0,0,0,0,0,0,0,0,0,0,0,0	0,0,0,0,0,0,0,0,0,0,0,0,0,0,0,0,0,0,0,0,0,0,0,0,0,0,0,0,0,0,0,0,1,0,0,0,0,0,0,0	2	0	0	0	0	1	1385575	1385575	0,0,0,0,0,0,0,0,0,0,0,0,0,0,0,0,0,0,0,0,0,0,0,0,0,0,0,0,0,0,0,0,0,0,0,0,0,0,0,0	0,0,0,0,0,0,0,0,0,0,0,0,0,0,0,0,0,0,0,0,0,0,0,0,0,0,0,0,0,0,0,0,1,0,0,0,0,0,0,0
tb.dut.clusters[0].cluster.sockets[0].socket.cores[0].core.execute.fpu_unit.genblk1[0].fpu_fpnew.genblk3[3].fpnew_core.gen_operation_groups[3].i_opgroup_block.gen_merged_slice.i_multifmt_slice.gen_num_lanes[0].active_lane.lane_instance.i_fpnew_cast_multi.gen_special_results_int[2]	22	32	0	0	0	0	0	1	1385575	1385575	0,0,0,0,0,0,0,0,0,0,0,0,0,0,0,0,0,0,0,0,0,0,0,0,0,0,0,0,0,0,0,0,0,0,0,0,0,0,0,0	0,0,0,0,0,0,0,0,0,0,0,0,0,0,0,0,0,0,0,0,0,0,0,0,0,0,0,0,0,0,0,0,1,0,0,0,0,0,0,0	2	0	0	0	0	1	1385575	1385575	0,0,0,0,0,0,0,0,0,0,0,0,0,0,0,0,0,0,0,0,0,0,0,0,0,0,0,0,0,0,0,0,0,0,0,0,0,0,0,0	0,0,0,0,0,0,0,0,0,0,0,0,0,0,0,0,0,0,0,0,0,0,0,0,0,0,0,0,0,0,0,0,1,0,0,0,0,0,0,0
tb.dut.clusters[0].cluster.sockets[0].socket.cores[0].core.execute.fpu_unit.genblk1[0].fpu_fpnew.genblk3[3].fpnew_core.gen_operation_groups[3].i_opgroup_block.gen_merged_slice.i_multifmt_slice.gen_num_lanes[0].active_lane.lane_instance.i_fpnew_cast_multi.gen_special_results_int[3]	22	32	0	0	0	0	0	1	1385575	1385575	0,0,0,0,0,0,0,0,0,0,0,0,0,0,0,0,0,0,0,0,0,0,0,0,0,0,0,0,0,0,0,0,0,0,0,0,0,0,0,0	0,0,0,0,0,0,0,0,0,0,0,0,0,0,0,0,0,0,0,0,0,0,0,0,0,0,0,0,0,0,0,0,1,0,0,0,0,0,0,0	2	0	0	0	0	1	1385575	1385575	0,0,0,0,0,0,0,0,0,0,0,0,0,0,0,0,0,0,0,0,0,0,0,0,0,0,0,0,0,0,0,0,0,0,0,0,0,0,0,0	0,0,0,0,0,0,0,0,0,0,0,0,0,0,0,0,0,0,0,0,0,0,0,0,0,0,0,0,0,0,0,0,1,0,0,0,0,0,0,0
tb.dut.clusters[0].cluster.sockets[0].socket.cores[0].core.execute.fpu_unit.genblk1[0].fpu_fpnew.genblk3[3].fpnew_core.gen_operation_groups[3].i_opgroup_block.gen_merged_slice.i_multifmt_slice.gen_num_lanes[0].active_lane.lane_instance.i_fpnew_cast_multi.i_fpnew_rounding	22	106	227	32	32	32	1	33	1385543	1384884	32,0,0,0,0,0,0,0,0,0,0,0,0,0,0,0,0,0,0,0,0,0,0,0,0,0,0,0,0,0,0,0,0,0,0,0,0,0,0,0	2,14,7,1,0,0,0,0,0,0,0,0,0,0,0,0,7,0,0,0,1,0,0,0,0,0,0,0,0,0,0,0,1,0,0,0,0,0,0,0	2	32	32	32	1	33	1385543	1384884	32,0,0,0,0,0,0,0,0,0,0,0,0,0,0,0,0,0,0,0,0,0,0,0,0,0,0,0,0,0,0,0,0,0,0,0,0,0,0,0	2,14,7,1,0,0,0,0,0,0,0,0,0,0,0,0,7,0,0,0,1,0,0,0,0,0,0,0,0,0,0,0,1,0,0,0,0,0,0,0
tb.dut.clusters[0].cluster.sockets[0].socket.cores[0].core.execute.fpu_unit.genblk1[0].fpu_fpnew.genblk3[3].fpnew_core.gen_operation_groups[3].i_opgroup_block.gen_merged_slice.i_multifmt_slice.gen_num_lanes[0].active_lane.lane_instance.i_fpnew_cast_multi.i_lzc	22	519	367	32	32	32	1	33	1385543	1384886	32,0,0,0,0,0,0,0,0,0,0,0,0,0,0,0,0,0,0,0,0,0,0,0,0,0,0,0,0,0,0,0,0,0,0,0,0,0,0,0	2,14,7,1,0,0,0,0,0,0,0,0,0,0,0,0,7,0,0,0,1,0,0,0,0,0,0,0,0,0,0,0,1,0,0,0,0,0,0,0	3	32	32	32	1	33	1385543	1384886	32,0,0,0,0,0,0,0,0,0,0,0,0,0,0,0,0,0,0,0,0,0,0,0,0,0,0,0,0,0,0,0,0,0,0,0,0,0,0,0	2,14,7,1,0,0,0,0,0,0,0,0,0,0,0,0,7,0,0,0,1,0,0,0,0,0,0,0,0,0,0,0,1,0,0,0,0,0,0,0
tb.dut.clusters[0].cluster.sockets[0].socket.cores[0].core.execute.fpu_unit.genblk1[0].fpu_fpnew.genblk3[3].fpnew_core.gen_operation_groups[3].i_opgroup_block.gen_merged_slice.i_multifmt_slice.gen_num_lanes[0].active_lane.lane_instance.i_fpnew_cast_multi.i_lzc.gen_lzc	23	416	268	32	32	32	1	33	1385543	1384886	32,0,0,0,0,0,0,0,0,0,0,0,0,0,0,0,0,0,0,0,0,0,0,0,0,0,0,0,0,0,0,0,0,0,0,0,0,0,0,0	2,14,7,1,0,0,0,0,0,0,0,0,0,0,0,0,7,0,0,0,1,0,0,0,0,0,0,0,0,0,0,0,1,0,0,0,0,0,0,0	3	25	25	25	1	26	1385550	1384886	25,0,0,0,0,0,0,0,0,0,0,0,0,0,0,0,0,0,0,0,0,0,0,0,0,0,0,0,0,0,0,0,0,0,0,0,0,0,0,0	1,8,7,1,0,0,0,0,0,0,0,0,0,0,0,0,7,0,0,0,1,0,0,0,0,0,0,0,0,0,0,0,1,0,0,0,0,0,0,0
tb.dut.clusters[0].cluster.sockets[0].socket.cores[0].core.execute.fpu_unit.genblk1[0].fpu_fpnew.genblk3[3].fpnew_core.gen_operation_groups[3].i_opgroup_block.gen_merged_slice.i_multifmt_slice.gen_num_lanes[0].int_results_enabled	19	128	0	0	0	0	0	1	1385575	1385575	0,0,0,0,0,0,0,0,0,0,0,0,0,0,0,0,0,0,0,0,0,0,0,0,0,0,0,0,0,0,0,0,0,0,0,0,0,0,0,0	0,0,0,0,0,0,0,0,0,0,0,0,0,0,0,0,0,0,0,0,0,0,0,0,0,0,0,0,0,0,0,0,1,0,0,0,0,0,0,0	2	0	0	0	0	1	1385575	1385575	0,0,0,0,0,0,0,0,0,0,0,0,0,0,0,0,0,0,0,0,0,0,0,0,0,0,0,0,0,0,0,0,0,0,0,0,0,0,0,0	0,0,0,0,0,0,0,0,0,0,0,0,0,0,0,0,0,0,0,0,0,0,0,0,0,0,0,0,0,0,0,0,1,0,0,0,0,0,0,0
tb.dut.clusters[0].cluster.sockets[0].socket.cores[0].core.execute.fpu_unit.genblk1[0].fpu_fpnew.genblk3[3].fpnew_core.gen_operation_groups[3].i_opgroup_block.gen_merged_slice.i_multifmt_slice.gen_num_lanes[0].int_results_enabled.pack_int_result[0]	20	32	0	0	0	0	0	1	1385575	1385575	0,0,0,0,0,0,0,0,0,0,0,0,0,0,0,0,0,0,0,0,0,0,0,0,0,0,0,0,0,0,0,0,0,0,0,0,0,0,0,0	0,0,0,0,0,0,0,0,0,0,0,0,0,0,0,0,0,0,0,0,0,0,0,0,0,0,0,0,0,0,0,0,1,0,0,0,0,0,0,0	2	0	0	0	0	1	1385575	1385575	0,0,0,0,0,0,0,0,0,0,0,0,0,0,0,0,0,0,0,0,0,0,0,0,0,0,0,0,0,0,0,0,0,0,0,0,0,0,0,0	0,0,0,0,0,0,0,0,0,0,0,0,0,0,0,0,0,0,0,0,0,0,0,0,0,0,0,0,0,0,0,0,1,0,0,0,0,0,0,0
tb.dut.clusters[0].cluster.sockets[0].socket.cores[0].core.execute.fpu_unit.genblk1[0].fpu_fpnew.genblk3[3].fpnew_core.gen_operation_groups[3].i_opgroup_block.gen_merged_slice.i_multifmt_slice.gen_num_lanes[0].int_results_enabled.pack_int_result[1]	20	32	0	0	0	0	0	1	1385575	1385575	0,0,0,0,0,0,0,0,0,0,0,0,0,0,0,0,0,0,0,0,0,0,0,0,0,0,0,0,0,0,0,0,0,0,0,0,0,0,0,0	0,0,0,0,0,0,0,0,0,0,0,0,0,0,0,0,0,0,0,0,0,0,0,0,0,0,0,0,0,0,0,0,1,0,0,0,0,0,0,0	2	0	0	0	0	1	1385575	1385575	0,0,0,0,0,0,0,0,0,0,0,0,0,0,0,0,0,0,0,0,0,0,0,0,0,0,0,0,0,0,0,0,0,0,0,0,0,0,0,0	0,0,0,0,0,0,0,0,0,0,0,0,0,0,0,0,0,0,0,0,0,0,0,0,0,0,0,0,0,0,0,0,1,0,0,0,0,0,0,0
tb.dut.clusters[0].cluster.sockets[0].socket.cores[0].core.execute.fpu_unit.genblk1[0].fpu_fpnew.genblk3[3].fpnew_core.gen_operation_groups[3].i_opgroup_block.gen_merged_slice.i_multifmt_slice.gen_num_lanes[0].int_results_enabled.pack_int_result[2]	20	32	0	0	0	0	0	1	1385575	1385575	0,0,0,0,0,0,0,0,0,0,0,0,0,0,0,0,0,0,0,0,0,0,0,0,0,0,0,0,0,0,0,0,0,0,0,0,0,0,0,0	0,0,0,0,0,0,0,0,0,0,0,0,0,0,0,0,0,0,0,0,0,0,0,0,0,0,0,0,0,0,0,0,1,0,0,0,0,0,0,0	2	0	0	0	0	1	1385575	1385575	0,0,0,0,0,0,0,0,0,0,0,0,0,0,0,0,0,0,0,0,0,0,0,0,0,0,0,0,0,0,0,0,0,0,0,0,0,0,0,0	0,0,0,0,0,0,0,0,0,0,0,0,0,0,0,0,0,0,0,0,0,0,0,0,0,0,0,0,0,0,0,0,1,0,0,0,0,0,0,0
tb.dut.clusters[0].cluster.sockets[0].socket.cores[0].core.execute.fpu_unit.genblk1[0].fpu_fpnew.genblk3[3].fpnew_core.gen_operation_groups[3].i_opgroup_block.gen_merged_slice.i_multifmt_slice.gen_num_lanes[0].int_results_enabled.pack_int_result[3]	20	32	0	0	0	0	0	1	1385575	1385575	0,0,0,0,0,0,0,0,0,0,0,0,0,0,0,0,0,0,0,0,0,0,0,0,0,0,0,0,0,0,0,0,0,0,0,0,0,0,0,0	0,0,0,0,0,0,0,0,0,0,0,0,0,0,0,0,0,0,0,0,0,0,0,0,0,0,0,0,0,0,0,0,1,0,0,0,0,0,0,0	2	0	0	0	0	1	1385575	1385575	0,0,0,0,0,0,0,0,0,0,0,0,0,0,0,0,0,0,0,0,0,0,0,0,0,0,0,0,0,0,0,0,0,0,0,0,0,0,0,0	0,0,0,0,0,0,0,0,0,0,0,0,0,0,0,0,0,0,0,0,0,0,0,0,0,0,0,0,0,0,0,0,1,0,0,0,0,0,0,0
tb.dut.clusters[0].cluster.sockets[0].socket.cores[0].core.execute.fpu_unit.genblk1[0].fpu_fpnew.genblk3[3].fpnew_core.gen_operation_groups[3].i_opgroup_block.gen_merged_slice.i_multifmt_slice.gen_num_lanes[0].pack_fp_result[0]	19	32	0	0	0	0	0	1	1385575	1385575	0,0,0,0,0,0,0,0,0,0,0,0,0,0,0,0,0,0,0,0,0,0,0,0,0,0,0,0,0,0,0,0,0,0,0,0,0,0,0,0	0,0,0,0,0,0,0,0,0,0,0,0,0,0,0,0,0,0,0,0,0,0,0,0,0,0,0,0,0,0,0,0,1,0,0,0,0,0,0,0	2	0	0	0	0	1	1385575	1385575	0,0,0,0,0,0,0,0,0,0,0,0,0,0,0,0,0,0,0,0,0,0,0,0,0,0,0,0,0,0,0,0,0,0,0,0,0,0,0,0	0,0,0,0,0,0,0,0,0,0,0,0,0,0,0,0,0,0,0,0,0,0,0,0,0,0,0,0,0,0,0,0,1,0,0,0,0,0,0,0
tb.dut.clusters[0].cluster.sockets[0].socket.cores[0].core.execute.fpu_unit.genblk1[0].fpu_fpnew.genblk3[3].fpnew_core.gen_operation_groups[3].i_opgroup_block.gen_merged_slice.i_multifmt_slice.gen_num_lanes[0].pack_fp_result[1]	19	32	0	0	0	0	0	1	1385575	1385575	0,0,0,0,0,0,0,0,0,0,0,0,0,0,0,0,0,0,0,0,0,0,0,0,0,0,0,0,0,0,0,0,0,0,0,0,0,0,0,0	0,0,0,0,0,0,0,0,0,0,0,0,0,0,0,0,0,0,0,0,0,0,0,0,0,0,0,0,0,0,0,0,1,0,0,0,0,0,0,0	2	0	0	0	0	1	1385575	1385575	0,0,0,0,0,0,0,0,0,0,0,0,0,0,0,0,0,0,0,0,0,0,0,0,0,0,0,0,0,0,0,0,0,0,0,0,0,0,0,0	0,0,0,0,0,0,0,0,0,0,0,0,0,0,0,0,0,0,0,0,0,0,0,0,0,0,0,0,0,0,0,0,1,0,0,0,0,0,0,0
tb.dut.clusters[0].cluster.sockets[0].socket.cores[0].core.execute.fpu_unit.genblk1[0].fpu_fpnew.genblk3[3].fpnew_core.gen_operation_groups[3].i_opgroup_block.gen_merged_slice.i_multifmt_slice.gen_num_lanes[0].pack_fp_result[2]	19	32	0	0	0	0	0	1	1385575	1385575	0,0,0,0,0,0,0,0,0,0,0,0,0,0,0,0,0,0,0,0,0,0,0,0,0,0,0,0,0,0,0,0,0,0,0,0,0,0,0,0	0,0,0,0,0,0,0,0,0,0,0,0,0,0,0,0,0,0,0,0,0,0,0,0,0,0,0,0,0,0,0,0,1,0,0,0,0,0,0,0	2	0	0	0	0	1	1385575	1385575	0,0,0,0,0,0,0,0,0,0,0,0,0,0,0,0,0,0,0,0,0,0,0,0,0,0,0,0,0,0,0,0,0,0,0,0,0,0,0,0	0,0,0,0,0,0,0,0,0,0,0,0,0,0,0,0,0,0,0,0,0,0,0,0,0,0,0,0,0,0,0,0,1,0,0,0,0,0,0,0
tb.dut.clusters[0].cluster.sockets[0].socket.cores[0].core.execute.fpu_unit.genblk1[0].fpu_fpnew.genblk3[3].fpnew_core.gen_operation_groups[3].i_opgroup_block.gen_merged_slice.i_multifmt_slice.gen_num_lanes[0].pack_fp_result[3]	19	32	0	0	0	0	0	1	1385575	1385575	0,0,0,0,0,0,0,0,0,0,0,0,0,0,0,0,0,0,0,0,0,0,0,0,0,0,0,0,0,0,0,0,0,0,0,0,0,0,0,0	0,0,0,0,0,0,0,0,0,0,0,0,0,0,0,0,0,0,0,0,0,0,0,0,0,0,0,0,0,0,0,0,1,0,0,0,0,0,0,0	2	0	0	0	0	1	1385575	1385575	0,0,0,0,0,0,0,0,0,0,0,0,0,0,0,0,0,0,0,0,0,0,0,0,0,0,0,0,0,0,0,0,0,0,0,0,0,0,0,0	0,0,0,0,0,0,0,0,0,0,0,0,0,0,0,0,0,0,0,0,0,0,0,0,0,0,0,0,0,0,0,0,1,0,0,0,0,0,0,0
tb.dut.clusters[0].cluster.sockets[0].socket.cores[0].core.execute.fpu_unit.genblk1[0].fpu_fpnew.genblk3[3].fpnew_core.gen_operation_groups[3].i_opgroup_block.gen_merged_slice.i_multifmt_slice.gen_num_lanes[0].pack_fp_result[4]	19	32	0	0	0	0	0	1	1385575	1385575	0,0,0,0,0,0,0,0,0,0,0,0,0,0,0,0,0,0,0,0,0,0,0,0,0,0,0,0,0,0,0,0,0,0,0,0,0,0,0,0	0,0,0,0,0,0,0,0,0,0,0,0,0,0,0,0,0,0,0,0,0,0,0,0,0,0,0,0,0,0,0,0,1,0,0,0,0,0,0,0	2	0	0	0	0	1	1385575	1385575	0,0,0,0,0,0,0,0,0,0,0,0,0,0,0,0,0,0,0,0,0,0,0,0,0,0,0,0,0,0,0,0,0,0,0,0,0,0,0,0	0,0,0,0,0,0,0,0,0,0,0,0,0,0,0,0,0,0,0,0,0,0,0,0,0,0,0,0,0,0,0,0,1,0,0,0,0,0,0,0
tb.dut.clusters[0].cluster.sockets[0].socket.cores[0].core.execute.fpu_unit.genblk1[0].fpu_fpnew.genblk3[3].fpnew_core.gen_operation_groups[3].i_opgroup_block.gen_merged_slice.i_multifmt_slice.target_regs	18	227	98868	12374	12357	12374	3	12358	1373201	9009	12341,15,1,0,0,0,0,0,0,0,0,0,0,0,0,0,0,0,0,0,0,0,0,0,0,0,0,0,0,0,0,0,0,0,0,0,0,0,0,0	14,1,0,0,0,0,0,0,2314,1,0,5,2,0,1,0,4631,2316,0,5,3067,0,0,0,0,1,0,0,0,0,0,0,0,0,0,0,0,0,0,0	2	12374	12357	12374	3	12358	1373201	9009	12341,15,1,0,0,0,0,0,0,0,0,0,0,0,0,0,0,0,0,0,0,0,0,0,0,0,0,0,0,0,0,0,0,0,0,0,0,0,0,0	14,1,0,0,0,0,0,0,2314,1,0,5,2,0,1,0,4631,2316,0,5,3067,0,0,0,0,1,0,0,0,0,0,0,0,0,0,0,0,0,0,0
tb.dut.clusters[0].cluster.sockets[0].socket.cores[0].core.execute.fpu_unit.genblk1[0].fpu_fpnew.genblk3[3].fpnew_core.gen_operation_groups[3].i_opgroup_block.gen_merged_slice.i_multifmt_slice.target_regs.gen_bypass_pipeline[0]	19	1	0	0	0	0	0	1	1385575	1385575	0,0,0,0,0,0,0,0,0,0,0,0,0,0,0,0,0,0,0,0,0,0,0,0,0,0,0,0,0,0,0,0,0,0,0,0,0,0,0,0	0,0,0,0,0,0,0,0,0,0,0,0,0,0,0,0,0,0,0,0,0,0,0,0,0,0,0,0,0,0,0,0,1,0,0,0,0,0,0,0	2	0	0	0	0	1	1385575	1385575	0,0,0,0,0,0,0,0,0,0,0,0,0,0,0,0,0,0,0,0,0,0,0,0,0,0,0,0,0,0,0,0,0,0,0,0,0,0,0,0	0,0,0,0,0,0,0,0,0,0,0,0,0,0,0,0,0,0,0,0,0,0,0,0,0,0,0,0,0,0,0,0,1,0,0,0,0,0,0,0
tb.dut.clusters[0].cluster.sockets[0].socket.cores[0].core.execute.fpu_unit.genblk1[0].fpu_fpnew.genblk3[3].fpnew_core.gen_operation_groups[3].i_opgroup_block.gen_merged_slice.i_multifmt_slice.target_regs.gen_bypass_pipeline[1]	19	1	0	0	0	0	0	1	1385575	1385575	0,0,0,0,0,0,0,0,0,0,0,0,0,0,0,0,0,0,0,0,0,0,0,0,0,0,0,0,0,0,0,0,0,0,0,0,0,0,0,0	0,0,0,0,0,0,0,0,0,0,0,0,0,0,0,0,0,0,0,0,0,0,0,0,0,0,0,0,0,0,0,0,1,0,0,0,0,0,0,0	2	0	0	0	0	1	1385575	1385575	0,0,0,0,0,0,0,0,0,0,0,0,0,0,0,0,0,0,0,0,0,0,0,0,0,0,0,0,0,0,0,0,0,0,0,0,0,0,0,0	0,0,0,0,0,0,0,0,0,0,0,0,0,0,0,0,0,0,0,0,0,0,0,0,0,0,0,0,0,0,0,0,1,0,0,0,0,0,0,0
tb.dut.clusters[0].cluster.sockets[0].socket.cores[0].core.execute.fpu_unit.genblk1[0].fpu_fpnew.genblk3[3].fpnew_core.gen_operation_groups[3].i_opgroup_block.gen_merged_slice.i_multifmt_slice.target_regs.gen_bypass_pipeline[2]	19	1	0	0	0	0	0	1	1385575	1385575	0,0,0,0,0,0,0,0,0,0,0,0,0,0,0,0,0,0,0,0,0,0,0,0,0,0,0,0,0,0,0,0,0,0,0,0,0,0,0,0	0,0,0,0,0,0,0,0,0,0,0,0,0,0,0,0,0,0,0,0,0,0,0,0,0,0,0,0,0,0,0,0,1,0,0,0,0,0,0,0	2	0	0	0	0	1	1385575	1385575	0,0,0,0,0,0,0,0,0,0,0,0,0,0,0,0,0,0,0,0,0,0,0,0,0,0,0,0,0,0,0,0,0,0,0,0,0,0,0,0	0,0,0,0,0,0,0,0,0,0,0,0,0,0,0,0,0,0,0,0,0,0,0,0,0,0,0,0,0,0,0,0,1,0,0,0,0,0,0,0
tb.dut.clusters[0].cluster.sockets[0].socket.cores[0].core.execute.fpu_unit.genblk1[0].fpu_fpnew.genblk3[3].fpnew_core.gen_operation_groups[3].i_opgroup_block.gen_merged_slice.i_multifmt_slice.target_regs.gen_bypass_pipeline[3]	19	1	0	0	0	0	0	1	1385575	1385575	0,0,0,0,0,0,0,0,0,0,0,0,0,0,0,0,0,0,0,0,0,0,0,0,0,0,0,0,0,0,0,0,0,0,0,0,0,0,0,0	0,0,0,0,0,0,0,0,0,0,0,0,0,0,0,0,0,0,0,0,0,0,0,0,0,0,0,0,0,0,0,0,1,0,0,0,0,0,0,0	2	0	0	0	0	1	1385575	1385575	0,0,0,0,0,0,0,0,0,0,0,0,0,0,0,0,0,0,0,0,0,0,0,0,0,0,0,0,0,0,0,0,0,0,0,0,0,0,0,0	0,0,0,0,0,0,0,0,0,0,0,0,0,0,0,0,0,0,0,0,0,0,0,0,0,0,0,0,0,0,0,0,1,0,0,0,0,0,0,0
tb.dut.clusters[0].cluster.sockets[0].socket.cores[0].core.execute.fpu_unit.genblk1[0].fpu_fpnew.genblk3[3].fpnew_core.gen_operation_groups[3].i_opgroup_block.gen_merged_slice.i_multifmt_slice.target_regs.gen_bypass_pipeline[4]	19	1	0	0	0	0	0	1	1385575	1385575	0,0,0,0,0,0,0,0,0,0,0,0,0,0,0,0,0,0,0,0,0,0,0,0,0,0,0,0,0,0,0,0,0,0,0,0,0,0,0,0	0,0,0,0,0,0,0,0,0,0,0,0,0,0,0,0,0,0,0,0,0,0,0,0,0,0,0,0,0,0,0,0,1,0,0,0,0,0,0,0	2	0	0	0	0	1	1385575	1385575	0,0,0,0,0,0,0,0,0,0,0,0,0,0,0,0,0,0,0,0,0,0,0,0,0,0,0,0,0,0,0,0,0,0,0,0,0,0,0,0	0,0,0,0,0,0,0,0,0,0,0,0,0,0,0,0,0,0,0,0,0,0,0,0,0,0,0,0,0,0,0,0,1,0,0,0,0,0,0,0
tb.dut.clusters[0].cluster.sockets[0].socket.cores[0].core.execute.fpu_unit.genblk1[0].fpu_fpnew.genblk3[3].fpnew_core.gen_operation_groups[3].i_opgroup_block.gen_parallel_slices[0]	16	2	0	0	0	0	0	1	1385575	1385575	0,0,0,0,0,0,0,0,0,0,0,0,0,0,0,0,0,0,0,0,0,0,0,0,0,0,0,0,0,0,0,0,0,0,0,0,0,0,0,0	0,0,0,0,0,0,0,0,0,0,0,0,0,0,0,0,0,0,0,0,0,0,0,0,0,0,0,0,0,0,0,0,1,0,0,0,0,0,0,0	2	0	0	0	0	1	1385575	1385575	0,0,0,0,0,0,0,0,0,0,0,0,0,0,0,0,0,0,0,0,0,0,0,0,0,0,0,0,0,0,0,0,0,0,0,0,0,0,0,0	0,0,0,0,0,0,0,0,0,0,0,0,0,0,0,0,0,0,0,0,0,0,0,0,0,0,0,0,0,0,0,0,1,0,0,0,0,0,0,0
tb.dut.clusters[0].cluster.sockets[0].socket.cores[0].core.execute.fpu_unit.genblk1[0].fpu_fpnew.genblk3[3].fpnew_core.gen_operation_groups[3].i_opgroup_block.gen_parallel_slices[1]	16	2	0	0	0	0	0	1	1385575	1385575	0,0,0,0,0,0,0,0,0,0,0,0,0,0,0,0,0,0,0,0,0,0,0,0,0,0,0,0,0,0,0,0,0,0,0,0,0,0,0,0	0,0,0,0,0,0,0,0,0,0,0,0,0,0,0,0,0,0,0,0,0,0,0,0,0,0,0,0,0,0,0,0,1,0,0,0,0,0,0,0	2	0	0	0	0	1	1385575	1385575	0,0,0,0,0,0,0,0,0,0,0,0,0,0,0,0,0,0,0,0,0,0,0,0,0,0,0,0,0,0,0,0,0,0,0,0,0,0,0,0	0,0,0,0,0,0,0,0,0,0,0,0,0,0,0,0,0,0,0,0,0,0,0,0,0,0,0,0,0,0,0,0,1,0,0,0,0,0,0,0
tb.dut.clusters[0].cluster.sockets[0].socket.cores[0].core.execute.fpu_unit.genblk1[0].fpu_fpnew.genblk3[3].fpnew_core.gen_operation_groups[3].i_opgroup_block.gen_parallel_slices[2]	16	2	0	0	0	0	0	1	1385575	1385575	0,0,0,0,0,0,0,0,0,0,0,0,0,0,0,0,0,0,0,0,0,0,0,0,0,0,0,0,0,0,0,0,0,0,0,0,0,0,0,0	0,0,0,0,0,0,0,0,0,0,0,0,0,0,0,0,0,0,0,0,0,0,0,0,0,0,0,0,0,0,0,0,1,0,0,0,0,0,0,0	2	0	0	0	0	1	1385575	1385575	0,0,0,0,0,0,0,0,0,0,0,0,0,0,0,0,0,0,0,0,0,0,0,0,0,0,0,0,0,0,0,0,0,0,0,0,0,0,0,0	0,0,0,0,0,0,0,0,0,0,0,0,0,0,0,0,0,0,0,0,0,0,0,0,0,0,0,0,0,0,0,0,1,0,0,0,0,0,0,0
tb.dut.clusters[0].cluster.sockets[0].socket.cores[0].core.execute.fpu_unit.genblk1[0].fpu_fpnew.genblk3[3].fpnew_core.gen_operation_groups[3].i_opgroup_block.gen_parallel_slices[3]	16	2	0	0	0	0	0	1	1385575	1385575	0,0,0,0,0,0,0,0,0,0,0,0,0,0,0,0,0,0,0,0,0,0,0,0,0,0,0,0,0,0,0,0,0,0,0,0,0,0,0,0	0,0,0,0,0,0,0,0,0,0,0,0,0,0,0,0,0,0,0,0,0,0,0,0,0,0,0,0,0,0,0,0,1,0,0,0,0,0,0,0	2	0	0	0	0	1	1385575	1385575	0,0,0,0,0,0,0,0,0,0,0,0,0,0,0,0,0,0,0,0,0,0,0,0,0,0,0,0,0,0,0,0,0,0,0,0,0,0,0,0	0,0,0,0,0,0,0,0,0,0,0,0,0,0,0,0,0,0,0,0,0,0,0,0,0,0,0,0,0,0,0,0,1,0,0,0,0,0,0,0
tb.dut.clusters[0].cluster.sockets[0].socket.cores[0].core.execute.fpu_unit.genblk1[0].fpu_fpnew.genblk3[3].fpnew_core.gen_operation_groups[3].i_opgroup_block.gen_parallel_slices[4]	16	2	0	0	0	0	0	1	1385575	1385575	0,0,0,0,0,0,0,0,0,0,0,0,0,0,0,0,0,0,0,0,0,0,0,0,0,0,0,0,0,0,0,0,0,0,0,0,0,0,0,0	0,0,0,0,0,0,0,0,0,0,0,0,0,0,0,0,0,0,0,0,0,0,0,0,0,0,0,0,0,0,0,0,1,0,0,0,0,0,0,0	2	0	0	0	0	1	1385575	1385575	0,0,0,0,0,0,0,0,0,0,0,0,0,0,0,0,0,0,0,0,0,0,0,0,0,0,0,0,0,0,0,0,0,0,0,0,0,0,0,0	0,0,0,0,0,0,0,0,0,0,0,0,0,0,0,0,0,0,0,0,0,0,0,0,0,0,0,0,0,0,0,0,1,0,0,0,0,0,0,0
tb.dut.clusters[0].cluster.sockets[0].socket.cores[0].core.execute.fpu_unit.genblk1[0].fpu_fpnew.genblk3[3].fpnew_core.gen_operation_groups[3].i_opgroup_block.i_arbiter	16	1510	795533	196754	98368	196754	8	98369	1188821	8601	2,98360,0,4,0,0,0,2,0,0,0,0,0,0,0,0,0,0,0,0,0,0,0,0,0,0,0,0,0,0,0,0,0,0,0,0,0,0,0,0	26,19,9,7,0,1,0,49150,0,1,0,0,0,1,0,49149,4,0,0,0,1,0,0,0,0,1,0,0,0,0,0,0,0,0,0,0,0,0,0,0	8	64	30	64	4	31	1385511	1384882	0,28,0,2,0,0,0,0,0,0,0,0,0,0,0,0,0,0,0,0,0,0,0,0,0,0,0,0,0,0,0,0,0,0,0,0,0,0,0,0	14,7,1,0,0,0,0,0,0,0,0,0,0,0,0,0,7,0,0,0,1,0,0,0,0,0,0,0,0,0,0,0,1,0,0,0,0,0,0,0
tb.dut.clusters[0].cluster.sockets[0].socket.cores[0].core.execute.fpu_unit.genblk1[0].fpu_fpnew.genblk3[3].fpnew_core.gen_operation_groups[3].i_opgroup_block.i_arbiter.gen_arbiter	17	1150	596302	196752	98366	196752	8	98367	1188823	8601	0,98360,0,4,0,0,0,2,0,0,0,0,0,0,0,0,0,0,0,0,0,0,0,0,0,0,0,0,0,0,0,0,0,0,0,0,0,0,0,0	26,19,8,7,0,1,0,49150,0,1,0,0,0,1,0,49149,3,0,0,0,1,0,0,0,0,1,0,0,0,0,0,0,0,0,0,0,0,0,0,0	6	64	30	64	4	31	1385511	1384882	0,28,0,2,0,0,0,0,0,0,0,0,0,0,0,0,0,0,0,0,0,0,0,0,0,0,0,0,0,0,0,0,0,0,0,0,0,0,0,0	14,7,1,0,0,0,0,0,0,0,0,0,0,0,0,0,7,0,0,0,1,0,0,0,0,0,0,0,0,0,0,0,1,0,0,0,0,0,0,0
tb.dut.clusters[0].cluster.sockets[0].socket.cores[0].core.execute.fpu_unit.genblk1[0].fpu_fpnew.genblk3[3].fpnew_core.gen_operation_groups[3].i_opgroup_block.i_arbiter.gen_arbiter.gen_int_rr	18	340	640	64	30	64	4	31	1385511	1384882	0,28,0,2,0,0,0,0,0,0,0,0,0,0,0,0,0,0,0,0,0,0,0,0,0,0,0,0,0,0,0,0,0,0,0,0,0,0,0,0	14,7,1,0,0,0,0,0,0,0,0,0,0,0,0,0,7,0,0,0,1,0,0,0,0,0,0,0,0,0,0,0,1,0,0,0,0,0,0,0	2	64	30	64	4	31	1385511	1384882	0,28,0,2,0,0,0,0,0,0,0,0,0,0,0,0,0,0,0,0,0,0,0,0,0,0,0,0,0,0,0,0,0,0,0,0,0,0,0,0	14,7,1,0,0,0,0,0,0,0,0,0,0,0,0,0,7,0,0,0,1,0,0,0,0,0,0,0,0,0,0,0,1,0,0,0,0,0,0,0
tb.dut.clusters[0].cluster.sockets[0].socket.cores[0].core.execute.fpu_unit.genblk1[0].fpu_fpnew.genblk3[3].fpnew_core.gen_operation_groups[3].i_opgroup_block.i_arbiter.gen_arbiter.gen_int_rr.gen_fair_arb	19	337	640	64	30	64	4	31	1385511	1384882	0,28,0,2,0,0,0,0,0,0,0,0,0,0,0,0,0,0,0,0,0,0,0,0,0,0,0,0,0,0,0,0,0,0,0,0,0,0,0,0	14,7,1,0,0,0,0,0,0,0,0,0,0,0,0,0,7,0,0,0,1,0,0,0,0,0,0,0,0,0,0,0,1,0,0,0,0,0,0,0	2	64	30	64	4	31	1385511	1384882	0,28,0,2,0,0,0,0,0,0,0,0,0,0,0,0,0,0,0,0,0,0,0,0,0,0,0,0,0,0,0,0,0,0,0,0,0,0,0,0	14,7,1,0,0,0,0,0,0,0,0,0,0,0,0,0,7,0,0,0,1,0,0,0,0,0,0,0,0,0,0,0,1,0,0,0,0,0,0,0
tb.dut.clusters[0].cluster.sockets[0].socket.cores[0].core.execute.fpu_unit.genblk1[0].fpu_fpnew.genblk3[3].fpnew_core.gen_operation_groups[3].i_opgroup_block.i_arbiter.gen_arbiter.gen_int_rr.gen_fair_arb.i_lzc_lower	20	158	576	64	30	64	4	31	1385511	1384882	0,28,0,2,0,0,0,0,0,0,0,0,0,0,0,0,0,0,0,0,0,0,0,0,0,0,0,0,0,0,0,0,0,0,0,0,0,0,0,0	14,7,1,0,0,0,0,0,0,0,0,0,0,0,0,0,7,0,0,0,1,0,0,0,0,0,0,0,0,0,0,0,1,0,0,0,0,0,0,0	2	64	30	64	4	31	1385511	1384882	0,28,0,2,0,0,0,0,0,0,0,0,0,0,0,0,0,0,0,0,0,0,0,0,0,0,0,0,0,0,0,0,0,0,0,0,0,0,0,0	14,7,1,0,0,0,0,0,0,0,0,0,0,0,0,0,7,0,0,0,1,0,0,0,0,0,0,0,0,0,0,0,1,0,0,0,0,0,0,0
tb.dut.clusters[0].cluster.sockets[0].socket.cores[0].core.execute.fpu_unit.genblk1[0].fpu_fpnew.genblk3[3].fpnew_core.gen_operation_groups[3].i_opgroup_block.i_arbiter.gen_arbiter.gen_int_rr.gen_fair_arb.i_lzc_lower.gen_lzc	21	84	448	64	30	64	4	31	1385511	1384882	0,28,0,2,0,0,0,0,0,0,0,0,0,0,0,0,0,0,0,0,0,0,0,0,0,0,0,0,0,0,0,0,0,0,0,0,0,0,0,0	14,7,1,0,0,0,0,0,0,0,0,0,0,0,0,0,7,0,0,0,1,0,0,0,0,0,0,0,0,0,0,0,1,0,0,0,0,0,0,0	2	64	30	64	4	31	1385511	1384882	0,28,0,2,0,0,0,0,0,0,0,0,0,0,0,0,0,0,0,0,0,0,0,0,0,0,0,0,0,0,0,0,0,0,0,0,0,0,0,0	14,7,1,0,0,0,0,0,0,0,0,0,0,0,0,0,7,0,0,0,1,0,0,0,0,0,0,0,0,0,0,0,1,0,0,0,0,0,0,0
tb.dut.clusters[0].cluster.sockets[0].socket.cores[0].core.execute.fpu_unit.genblk1[0].fpu_fpnew.genblk3[3].fpnew_core.gen_operation_groups[3].i_opgroup_block.i_arbiter.gen_arbiter.gen_int_rr.gen_fair_arb.i_lzc_upper	20	158	0	0	0	0	0	1	1385575	1385575	0,0,0,0,0,0,0,0,0,0,0,0,0,0,0,0,0,0,0,0,0,0,0,0,0,0,0,0,0,0,0,0,0,0,0,0,0,0,0,0	0,0,0,0,0,0,0,0,0,0,0,0,0,0,0,0,0,0,0,0,0,0,0,0,0,0,0,0,0,0,0,0,1,0,0,0,0,0,0,0	2	0	0	0	0	1	1385575	1385575	0,0,0,0,0,0,0,0,0,0,0,0,0,0,0,0,0,0,0,0,0,0,0,0,0,0,0,0,0,0,0,0,0,0,0,0,0,0,0,0	0,0,0,0,0,0,0,0,0,0,0,0,0,0,0,0,0,0,0,0,0,0,0,0,0,0,0,0,0,0,0,0,1,0,0,0,0,0,0,0
tb.dut.clusters[0].cluster.sockets[0].socket.cores[0].core.execute.fpu_unit.genblk1[0].fpu_fpnew.genblk3[3].fpnew_core.gen_operation_groups[3].i_opgroup_block.i_arbiter.gen_arbiter.gen_int_rr.gen_fair_arb.i_lzc_upper.gen_lzc	21	84	0	0	0	0	0	1	1385575	1385575	0,0,0,0,0,0,0,0,0,0,0,0,0,0,0,0,0,0,0,0,0,0,0,0,0,0,0,0,0,0,0,0,0,0,0,0,0,0,0,0	0,0,0,0,0,0,0,0,0,0,0,0,0,0,0,0,0,0,0,0,0,0,0,0,0,0,0,0,0,0,0,0,1,0,0,0,0,0,0,0	2	0	0	0	0	1	1385575	1385575	0,0,0,0,0,0,0,0,0,0,0,0,0,0,0,0,0,0,0,0,0,0,0,0,0,0,0,0,0,0,0,0,0,0,0,0,0,0,0,0	0,0,0,0,0,0,0,0,0,0,0,0,0,0,0,0,0,0,0,0,0,0,0,0,0,0,0,0,0,0,0,0,1,0,0,0,0,0,0,0
tb.dut.clusters[0].cluster.sockets[0].socket.cores[0].core.execute.fpu_unit.genblk1[0].fpu_fpnew.genblk3[3].fpnew_core.gen_operation_groups[3].i_opgroup_block.i_arbiter.gen_arbiter.gen_levels[0]	18	65	64	64	30	64	4	31	1385511	1384882	0,28,0,2,0,0,0,0,0,0,0,0,0,0,0,0,0,0,0,0,0,0,0,0,0,0,0,0,0,0,0,0,0,0,0,0,0,0,0,0	14,7,1,0,0,0,0,0,0,0,0,0,0,0,0,0,7,0,0,0,1,0,0,0,0,0,0,0,0,0,0,0,1,0,0,0,0,0,0,0	2	0	0	0	0	1	1385575	1385575	0,0,0,0,0,0,0,0,0,0,0,0,0,0,0,0,0,0,0,0,0,0,0,0,0,0,0,0,0,0,0,0,0,0,0,0,0,0,0,0	0,0,0,0,0,0,0,0,0,0,0,0,0,0,0,0,0,0,0,0,0,0,0,0,0,0,0,0,0,0,0,0,1,0,0,0,0,0,0,0
tb.dut.clusters[0].cluster.sockets[0].socket.cores[0].core.execute.fpu_unit.genblk1[0].fpu_fpnew.genblk3[3].fpnew_core.gen_operation_groups[3].i_opgroup_block.i_arbiter.gen_arbiter.gen_levels[0].gen_level[0]	19	65	64	64	30	64	4	31	1385511	1384882	0,28,0,2,0,0,0,0,0,0,0,0,0,0,0,0,0,0,0,0,0,0,0,0,0,0,0,0,0,0,0,0,0,0,0,0,0,0,0,0	14,7,1,0,0,0,0,0,0,0,0,0,0,0,0,0,7,0,0,0,1,0,0,0,0,0,0,0,0,0,0,0,1,0,0,0,0,0,0,0	2	0	0	0	0	1	1385575	1385575	0,0,0,0,0,0,0,0,0,0,0,0,0,0,0,0,0,0,0,0,0,0,0,0,0,0,0,0,0,0,0,0,0,0,0,0,0,0,0,0	0,0,0,0,0,0,0,0,0,0,0,0,0,0,0,0,0,0,0,0,0,0,0,0,0,0,0,0,0,0,0,0,1,0,0,0,0,0,0,0
tb.dut.clusters[0].cluster.sockets[0].socket.cores[0].core.execute.fpu_unit.genblk1[0].fpu_fpnew.genblk3[3].fpnew_core.gen_operation_groups[3].i_opgroup_block.i_arbiter.gen_arbiter.gen_levels[1]	18	130	64	64	30	64	4	31	1385511	1384882	0,28,0,2,0,0,0,0,0,0,0,0,0,0,0,0,0,0,0,0,0,0,0,0,0,0,0,0,0,0,0,0,0,0,0,0,0,0,0,0	14,7,1,0,0,0,0,0,0,0,0,0,0,0,0,0,7,0,0,0,1,0,0,0,0,0,0,0,0,0,0,0,1,0,0,0,0,0,0,0	2	0	0	0	0	1	1385575	1385575	0,0,0,0,0,0,0,0,0,0,0,0,0,0,0,0,0,0,0,0,0,0,0,0,0,0,0,0,0,0,0,0,0,0,0,0,0,0,0,0	0,0,0,0,0,0,0,0,0,0,0,0,0,0,0,0,0,0,0,0,0,0,0,0,0,0,0,0,0,0,0,0,1,0,0,0,0,0,0,0
tb.dut.clusters[0].cluster.sockets[0].socket.cores[0].core.execute.fpu_unit.genblk1[0].fpu_fpnew.genblk3[3].fpnew_core.gen_operation_groups[3].i_opgroup_block.i_arbiter.gen_arbiter.gen_levels[1].gen_level[0]	19	65	64	64	30	64	4	31	1385511	1384882	0,28,0,2,0,0,0,0,0,0,0,0,0,0,0,0,0,0,0,0,0,0,0,0,0,0,0,0,0,0,0,0,0,0,0,0,0,0,0,0	14,7,1,0,0,0,0,0,0,0,0,0,0,0,0,0,7,0,0,0,1,0,0,0,0,0,0,0,0,0,0,0,1,0,0,0,0,0,0,0	2	0	0	0	0	1	1385575	1385575	0,0,0,0,0,0,0,0,0,0,0,0,0,0,0,0,0,0,0,0,0,0,0,0,0,0,0,0,0,0,0,0,0,0,0,0,0,0,0,0	0,0,0,0,0,0,0,0,0,0,0,0,0,0,0,0,0,0,0,0,0,0,0,0,0,0,0,0,0,0,0,0,1,0,0,0,0,0,0,0
tb.dut.clusters[0].cluster.sockets[0].socket.cores[0].core.execute.fpu_unit.genblk1[0].fpu_fpnew.genblk3[3].fpnew_core.gen_operation_groups[3].i_opgroup_block.i_arbiter.gen_arbiter.gen_levels[1].gen_level[1]	19	65	0	0	0	0	0	1	1385575	1385575	0,0,0,0,0,0,0,0,0,0,0,0,0,0,0,0,0,0,0,0,0,0,0,0,0,0,0,0,0,0,0,0,0,0,0,0,0,0,0,0	0,0,0,0,0,0,0,0,0,0,0,0,0,0,0,0,0,0,0,0,0,0,0,0,0,0,0,0,0,0,0,0,1,0,0,0,0,0,0,0	2	0	0	0	0	1	1385575	1385575	0,0,0,0,0,0,0,0,0,0,0,0,0,0,0,0,0,0,0,0,0,0,0,0,0,0,0,0,0,0,0,0,0,0,0,0,0,0,0,0	0,0,0,0,0,0,0,0,0,0,0,0,0,0,0,0,0,0,0,0,0,0,0,0,0,0,0,0,0,0,0,0,1,0,0,0,0,0,0,0
tb.dut.clusters[0].cluster.sockets[0].socket.cores[0].core.execute.fpu_unit.genblk1[0].fpu_fpnew.genblk3[3].fpnew_core.gen_operation_groups[3].i_opgroup_block.i_arbiter.gen_arbiter.gen_levels[2]	18	260	64	64	30	64	4	31	1385511	1384882	0,28,0,2,0,0,0,0,0,0,0,0,0,0,0,0,0,0,0,0,0,0,0,0,0,0,0,0,0,0,0,0,0,0,0,0,0,0,0,0	14,7,1,0,0,0,0,0,0,0,0,0,0,0,0,0,7,0,0,0,1,0,0,0,0,0,0,0,0,0,0,0,1,0,0,0,0,0,0,0	2	0	0	0	0	1	1385575	1385575	0,0,0,0,0,0,0,0,0,0,0,0,0,0,0,0,0,0,0,0,0,0,0,0,0,0,0,0,0,0,0,0,0,0,0,0,0,0,0,0	0,0,0,0,0,0,0,0,0,0,0,0,0,0,0,0,0,0,0,0,0,0,0,0,0,0,0,0,0,0,0,0,1,0,0,0,0,0,0,0
tb.dut.clusters[0].cluster.sockets[0].socket.cores[0].core.execute.fpu_unit.genblk1[0].fpu_fpnew.genblk3[3].fpnew_core.gen_operation_groups[3].i_opgroup_block.i_arbiter.gen_arbiter.gen_levels[2].gen_level[0]	19	65	64	64	30	64	4	31	1385511	1384882	0,28,0,2,0,0,0,0,0,0,0,0,0,0,0,0,0,0,0,0,0,0,0,0,0,0,0,0,0,0,0,0,0,0,0,0,0,0,0,0	14,7,1,0,0,0,0,0,0,0,0,0,0,0,0,0,7,0,0,0,1,0,0,0,0,0,0,0,0,0,0,0,1,0,0,0,0,0,0,0	2	0	0	0	0	1	1385575	1385575	0,0,0,0,0,0,0,0,0,0,0,0,0,0,0,0,0,0,0,0,0,0,0,0,0,0,0,0,0,0,0,0,0,0,0,0,0,0,0,0	0,0,0,0,0,0,0,0,0,0,0,0,0,0,0,0,0,0,0,0,0,0,0,0,0,0,0,0,0,0,0,0,1,0,0,0,0,0,0,0
tb.dut.clusters[0].cluster.sockets[0].socket.cores[0].core.execute.fpu_unit.genblk1[0].fpu_fpnew.genblk3[3].fpnew_core.gen_operation_groups[3].i_opgroup_block.i_arbiter.gen_arbiter.gen_levels[2].gen_level[1]	19	65	0	0	0	0	0	1	1385575	1385575	0,0,0,0,0,0,0,0,0,0,0,0,0,0,0,0,0,0,0,0,0,0,0,0,0,0,0,0,0,0,0,0,0,0,0,0,0,0,0,0	0,0,0,0,0,0,0,0,0,0,0,0,0,0,0,0,0,0,0,0,0,0,0,0,0,0,0,0,0,0,0,0,1,0,0,0,0,0,0,0	2	0	0	0	0	1	1385575	1385575	0,0,0,0,0,0,0,0,0,0,0,0,0,0,0,0,0,0,0,0,0,0,0,0,0,0,0,0,0,0,0,0,0,0,0,0,0,0,0,0	0,0,0,0,0,0,0,0,0,0,0,0,0,0,0,0,0,0,0,0,0,0,0,0,0,0,0,0,0,0,0,0,1,0,0,0,0,0,0,0
tb.dut.clusters[0].cluster.sockets[0].socket.cores[0].core.execute.fpu_unit.genblk1[0].fpu_fpnew.genblk3[3].fpnew_core.gen_operation_groups[3].i_opgroup_block.i_arbiter.gen_arbiter.gen_levels[2].gen_level[2]	19	65	0	0	0	0	0	1	1385575	1385575	0,0,0,0,0,0,0,0,0,0,0,0,0,0,0,0,0,0,0,0,0,0,0,0,0,0,0,0,0,0,0,0,0,0,0,0,0,0,0,0	0,0,0,0,0,0,0,0,0,0,0,0,0,0,0,0,0,0,0,0,0,0,0,0,0,0,0,0,0,0,0,0,1,0,0,0,0,0,0,0	2	0	0	0	0	1	1385575	1385575	0,0,0,0,0,0,0,0,0,0,0,0,0,0,0,0,0,0,0,0,0,0,0,0,0,0,0,0,0,0,0,0,0,0,0,0,0,0,0,0	0,0,0,0,0,0,0,0,0,0,0,0,0,0,0,0,0,0,0,0,0,0,0,0,0,0,0,0,0,0,0,0,1,0,0,0,0,0,0,0
tb.dut.clusters[0].cluster.sockets[0].socket.cores[0].core.execute.fpu_unit.genblk1[0].fpu_fpnew.genblk3[3].fpnew_core.gen_operation_groups[3].i_opgroup_block.i_arbiter.gen_arbiter.gen_levels[2].gen_level[3]	19	65	0	0	0	0	0	1	1385575	1385575	0,0,0,0,0,0,0,0,0,0,0,0,0,0,0,0,0,0,0,0,0,0,0,0,0,0,0,0,0,0,0,0,0,0,0,0,0,0,0,0	0,0,0,0,0,0,0,0,0,0,0,0,0,0,0,0,0,0,0,0,0,0,0,0,0,0,0,0,0,0,0,0,1,0,0,0,0,0,0,0	2	0	0	0	0	1	1385575	1385575	0,0,0,0,0,0,0,0,0,0,0,0,0,0,0,0,0,0,0,0,0,0,0,0,0,0,0,0,0,0,0,0,0,0,0,0,0,0,0,0	0,0,0,0,0,0,0,0,0,0,0,0,0,0,0,0,0,0,0,0,0,0,0,0,0,0,0,0,0,0,0,0,1,0,0,0,0,0,0,0
tb.dut.clusters[0].cluster.sockets[0].socket.cores[0].core.execute.fpu_unit.genblk1[0].fpu_fpnew.genblk3[3].fpnew_core.i_arbiter	14	947	19561862	295088	98356	295088	8	98357	1090487	8600	2,28,98308,2,2,12,0,2,0,0,0,0,0,0,0,0,0,0,0,0,0,0,0,0,0,0,0,0,0,0,0,0,0,0,0,0,0,0,0,0	26,9,11,3,0,1,49150,0,1,0,0,0,1,0,49149,1,3,0,0,0,1,0,0,0,0,1,0,0,0,0,0,0,0,0,0,0,0,0,0,0	5	196752	98366	196752	8	98367	1188823	8601	0,98360,0,4,0,0,0,2,0,0,0,0,0,0,0,0,0,0,0,0,0,0,0,0,0,0,0,0,0,0,0,0,0,0,0,0,0,0,0,0	26,19,8,7,0,1,0,49150,0,1,0,0,0,1,0,49149,3,0,0,0,1,0,0,0,0,1,0,0,0,0,0,0,0,0,0,0,0,0,0,0
tb.dut.clusters[0].cluster.sockets[0].socket.cores[0].core.execute.fpu_unit.genblk1[0].fpu_fpnew.genblk3[3].fpnew_core.i_arbiter.gen_arbiter	15	636	10961554	295086	98354	295086	8	98355	1090489	8600	0,28,98308,2,2,12,0,2,0,0,0,0,0,0,0,0,0,0,0,0,0,0,0,0,0,0,0,0,0,0,0,0,0,0,0,0,0,0,0,0	26,9,10,3,0,1,49150,0,1,0,0,0,1,0,49149,1,2,0,0,0,1,0,0,0,0,1,0,0,0,0,0,0,0,0,0,0,0,0,0,0	4	196752	98366	196752	8	98367	1188823	8601	0,98360,0,4,0,0,0,2,0,0,0,0,0,0,0,0,0,0,0,0,0,0,0,0,0,0,0,0,0,0,0,0,0,0,0,0,0,0,0,0	26,19,8,7,0,1,0,49150,0,1,0,0,0,1,0,49149,3,0,0,0,1,0,0,0,0,1,0,0,0,0,0,0,0,0,0,0,0,0,0,0
tb.dut.clusters[0].cluster.sockets[0].socket.cores[0].core.execute.fpu_unit.genblk1[0].fpu_fpnew.genblk3[3].fpnew_core.i_arbiter.gen_arbiter.gen_int_rr	16	274	1967661	196752	98366	196752	8	98367	1188823	8601	0,98360,0,4,0,0,0,2,0,0,0,0,0,0,0,0,0,0,0,0,0,0,0,0,0,0,0,0,0,0,0,0,0,0,0,0,0,0,0,0	26,19,8,7,0,1,0,49150,0,1,0,0,0,1,0,49149,3,0,0,0,1,0,0,0,0,1,0,0,0,0,0,0,0,0,0,0,0,0,0,0	2	196752	98366	196752	8	98367	1188823	8601	0,98360,0,4,0,0,0,2,0,0,0,0,0,0,0,0,0,0,0,0,0,0,0,0,0,0,0,0,0,0,0,0,0,0,0,0,0,0,0,0	26,19,8,7,0,1,0,49150,0,1,0,0,0,1,0,49149,3,0,0,0,1,0,0,0,0,1,0,0,0,0,0,0,0,0,0,0,0,0,0,0
tb.dut.clusters[0].cluster.sockets[0].socket.cores[0].core.execute.fpu_unit.genblk1[0].fpu_fpnew.genblk3[3].fpnew_core.i_arbiter.gen_arbiter.gen_int_rr.gen_fair_arb	17	272	1967624	196752	98366	196752	8	98367	1188823	8601	0,98360,0,4,0,0,0,2,0,0,0,0,0,0,0,0,0,0,0,0,0,0,0,0,0,0,0,0,0,0,0,0,0,0,0,0,0,0,0,0	26,19,8,7,0,1,0,49150,0,1,0,0,0,1,0,49149,3,0,0,0,1,0,0,0,0,1,0,0,0,0,0,0,0,0,0,0,0,0,0,0	2	196752	98366	196752	8	98367	1188823	8601	0,98360,0,4,0,0,0,2,0,0,0,0,0,0,0,0,0,0,0,0,0,0,0,0,0,0,0,0,0,0,0,0,0,0,0,0,0,0,0,0	26,19,8,7,0,1,0,49150,0,1,0,0,0,1,0,49149,3,0,0,0,1,0,0,0,0,1,0,0,0,0,0,0,0,0,0,0,0,0,0,0
tb.dut.clusters[0].cluster.sockets[0].socket.cores[0].core.execute.fpu_unit.genblk1[0].fpu_fpnew.genblk3[3].fpnew_core.i_arbiter.gen_arbiter.gen_int_rr.gen_fair_arb.i_lzc_lower	18	128	1377206	196728	98356	196728	8	98357	1188847	8601	0,98351,0,3,0,1,0,1,0,0,0,0,0,0,0,0,0,0,0,0,0,0,0,0,0,0,0,0,0,0,0,0,0,0,0,0,0,0,0,0	19,13,7,6,6,2,0,49149,0,0,0,0,0,0,0,49149,4,0,0,0,1,0,0,0,0,1,0,0,0,0,0,0,0,0,0,0,0,0,0,0	2	196728	98356	196728	8	98357	1188847	8601	0,98351,0,3,0,1,0,1,0,0,0,0,0,0,0,0,0,0,0,0,0,0,0,0,0,0,0,0,0,0,0,0,0,0,0,0,0,0,0,0	19,13,7,6,6,2,0,49149,0,0,0,0,0,0,0,49149,4,0,0,0,1,0,0,0,0,1,0,0,0,0,0,0,0,0,0,0,0,0,0,0
tb.dut.clusters[0].cluster.sockets[0].socket.cores[0].core.execute.fpu_unit.genblk1[0].fpu_fpnew.genblk3[3].fpnew_core.i_arbiter.gen_arbiter.gen_int_rr.gen_fair_arb.i_lzc_lower.gen_lzc	19	56	787006	196728	98356	196728	8	98357	1188847	8601	0,98351,0,3,0,1,0,1,0,0,0,0,0,0,0,0,0,0,0,0,0,0,0,0,0,0,0,0,0,0,0,0,0,0,0,0,0,0,0,0	19,13,7,6,6,2,0,49149,0,0,0,0,0,0,0,49149,4,0,0,0,1,0,0,0,0,1,0,0,0,0,0,0,0,0,0,0,0,0,0,0	2	196728	98356	196728	8	98357	1188847	8601	0,98351,0,3,0,1,0,1,0,0,0,0,0,0,0,0,0,0,0,0,0,0,0,0,0,0,0,0,0,0,0,0,0,0,0,0,0,0,0,0	19,13,7,6,6,2,0,49149,0,0,0,0,0,0,0,49149,4,0,0,0,1,0,0,0,0,1,0,0,0,0,0,0,0,0,0,0,0,0,0,0
tb.dut.clusters[0].cluster.sockets[0].socket.cores[0].core.execute.fpu_unit.genblk1[0].fpu_fpnew.genblk3[3].fpnew_core.i_arbiter.gen_arbiter.gen_int_rr.gen_fair_arb.i_lzc_upper	18	128	138	24	12	24	2	13	1385551	1384795	0,12,0,0,0,0,0,0,0,0,0,0,0,0,0,0,0,0,0,0,0,0,0,0,0,0,0,0,0,0,0,0,0,0,0,0,0,0,0,0	0,0,0,0,0,0,0,0,0,0,0,0,0,0,0,0,9,2,0,0,1,0,0,0,0,0,0,0,0,0,0,0,1,0,0,0,0,0,0,0	2	24	12	24	2	13	1385551	1384795	0,12,0,0,0,0,0,0,0,0,0,0,0,0,0,0,0,0,0,0,0,0,0,0,0,0,0,0,0,0,0,0,0,0,0,0,0,0,0,0	0,0,0,0,0,0,0,0,0,0,0,0,0,0,0,0,9,2,0,0,1,0,0,0,0,0,0,0,0,0,0,0,1,0,0,0,0,0,0,0
tb.dut.clusters[0].cluster.sockets[0].socket.cores[0].core.execute.fpu_unit.genblk1[0].fpu_fpnew.genblk3[3].fpnew_core.i_arbiter.gen_arbiter.gen_int_rr.gen_fair_arb.i_lzc_upper.gen_lzc	19	56	82	24	12	24	2	13	1385551	1384795	0,12,0,0,0,0,0,0,0,0,0,0,0,0,0,0,0,0,0,0,0,0,0,0,0,0,0,0,0,0,0,0,0,0,0,0,0,0,0,0	0,0,0,0,0,0,0,0,0,0,0,0,0,0,0,0,9,2,0,0,1,0,0,0,0,0,0,0,0,0,0,0,1,0,0,0,0,0,0,0	2	24	12	24	2	13	1385551	1384795	0,12,0,0,0,0,0,0,0,0,0,0,0,0,0,0,0,0,0,0,0,0,0,0,0,0,0,0,0,0,0,0,0,0,0,0,0,0,0,0	0,0,0,0,0,0,0,0,0,0,0,0,0,0,0,0,9,2,0,0,1,0,0,0,0,0,0,0,0,0,0,0,1,0,0,0,0,0,0,0
tb.dut.clusters[0].cluster.sockets[0].socket.cores[0].core.execute.fpu_unit.genblk1[0].fpu_fpnew.genblk3[3].fpnew_core.i_arbiter.gen_arbiter.gen_levels[0]	16	65	196672	196672	98334	196672	4	98335	1188903	8601	0,98332,0,2,0,0,0,0,0,0,0,0,0,0,0,0,0,0,0,0,0,0,0,0,0,0,0,0,0,0,0,0,0,0,0,0,0,0,0,0	12,6,1,4,0,0,0,49150,0,1,0,0,0,1,0,49149,9,0,0,0,1,0,0,0,0,1,0,0,0,0,0,0,0,0,0,0,0,0,0,0	2	0	0	0	0	1	1385575	1385575	0,0,0,0,0,0,0,0,0,0,0,0,0,0,0,0,0,0,0,0,0,0,0,0,0,0,0,0,0,0,0,0,0,0,0,0,0,0,0,0	0,0,0,0,0,0,0,0,0,0,0,0,0,0,0,0,0,0,0,0,0,0,0,0,0,0,0,0,0,0,0,0,1,0,0,0,0,0,0,0
tb.dut.clusters[0].cluster.sockets[0].socket.cores[0].core.execute.fpu_unit.genblk1[0].fpu_fpnew.genblk3[3].fpnew_core.i_arbiter.gen_arbiter.gen_levels[0].gen_level[0]	17	65	196672	196672	98334	196672	4	98335	1188903	8601	0,98332,0,2,0,0,0,0,0,0,0,0,0,0,0,0,0,0,0,0,0,0,0,0,0,0,0,0,0,0,0,0,0,0,0,0,0,0,0,0	12,6,1,4,0,0,0,49150,0,1,0,0,0,1,0,49149,9,0,0,0,1,0,0,0,0,1,0,0,0,0,0,0,0,0,0,0,0,0,0,0	2	0	0	0	0	1	1385575	1385575	0,0,0,0,0,0,0,0,0,0,0,0,0,0,0,0,0,0,0,0,0,0,0,0,0,0,0,0,0,0,0,0,0,0,0,0,0,0,0,0	0,0,0,0,0,0,0,0,0,0,0,0,0,0,0,0,0,0,0,0,0,0,0,0,0,0,0,0,0,0,0,0,1,0,0,0,0,0,0,0
tb.dut.clusters[0].cluster.sockets[0].socket.cores[0].core.execute.fpu_unit.genblk1[0].fpu_fpnew.genblk3[3].fpnew_core.i_arbiter.gen_arbiter.gen_levels[1]	16	130	80	80	32	80	8	33	1385495	1384801	0,28,0,2,0,0,0,2,0,0,0,0,0,0,0,0,0,0,0,0,0,0,0,0,0,0,0,0,0,0,0,0,0,0,0,0,0,0,0,0	12,6,1,1,0,1,0,0,0,0,0,0,0,0,0,0,8,2,0,0,1,0,0,0,0,0,0,0,0,0,0,0,1,0,0,0,0,0,0,0	2	0	0	0	0	1	1385575	1385575	0,0,0,0,0,0,0,0,0,0,0,0,0,0,0,0,0,0,0,0,0,0,0,0,0,0,0,0,0,0,0,0,0,0,0,0,0,0,0,0	0,0,0,0,0,0,0,0,0,0,0,0,0,0,0,0,0,0,0,0,0,0,0,0,0,0,0,0,0,0,0,0,1,0,0,0,0,0,0,0
tb.dut.clusters[0].cluster.sockets[0].socket.cores[0].core.execute.fpu_unit.genblk1[0].fpu_fpnew.genblk3[3].fpnew_core.i_arbiter.gen_arbiter.gen_levels[1].gen_level[0]	17	65	64	64	30	64	4	31	1385511	1384801	0,28,0,2,0,0,0,0,0,0,0,0,0,0,0,0,0,0,0,0,0,0,0,0,0,0,0,0,0,0,0,0,0,0,0,0,0,0,0,0	12,6,1,1,0,0,0,0,0,0,0,0,0,0,0,0,8,1,0,0,1,0,0,0,0,0,0,0,0,0,0,0,1,0,0,0,0,0,0,0	2	0	0	0	0	1	1385575	1385575	0,0,0,0,0,0,0,0,0,0,0,0,0,0,0,0,0,0,0,0,0,0,0,0,0,0,0,0,0,0,0,0,0,0,0,0,0,0,0,0	0,0,0,0,0,0,0,0,0,0,0,0,0,0,0,0,0,0,0,0,0,0,0,0,0,0,0,0,0,0,0,0,1,0,0,0,0,0,0,0
tb.dut.clusters[0].cluster.sockets[0].socket.cores[0].core.execute.fpu_unit.genblk1[0].fpu_fpnew.genblk3[3].fpnew_core.i_arbiter.gen_arbiter.gen_levels[1].gen_level[1]	17	65	16	16	2	16	8	3	1385559	1385119	0,0,0,0,0,0,0,2,0,0,0,0,0,0,0,0,0,0,0,0,0,0,0,0,0,0,0,0,0,0,0,0,0,0,0,0,0,0,0,0	0,0,0,0,0,1,0,0,0,0,0,0,0,0,0,0,0,0,0,0,1,0,0,0,0,0,0,0,0,0,0,0,1,0,0,0,0,0,0,0	2	0	0	0	0	1	1385575	1385575	0,0,0,0,0,0,0,0,0,0,0,0,0,0,0,0,0,0,0,0,0,0,0,0,0,0,0,0,0,0,0,0,0,0,0,0,0,0,0,0	0,0,0,0,0,0,0,0,0,0,0,0,0,0,0,0,0,0,0,0,0,0,0,0,0,0,0,0,0,0,0,0,1,0,0,0,0,0,0,0
tb.dut.clusters[0].cluster.sockets[0].socket.cores[0].core.execute.fpu_unit.per_block_commit_if[0]	10	242	14539199	245927	98357	245927	8	98358	1139648	8600	4,49177,49157,3,14,0,0,2,0,0,0,0,0,0,0,0,0,0,0,0,0,0,0,0,0,0,0,0,0,0,0,0,0,0,0,0,0,0,0,0	15,19,15,2,1,0,49149,1,1,0,0,0,0,1,0,49151,1,0,0,0,1,0,0,0,0,1,0,0,0,0,0,0,0,0,0,0,0,0,0,0	2	245152	98364	245152	8	98365	1140423	8600	4,49959,48389,3,7,0,0,2,0,0,0,0,0,0,0,0,0,0,0,0,0,0,0,0,0,0,0,0,0,0,0,0,0,0,0,0,0,0,0,0	22,19,14,3,1,0,48382,768,1,0,0,0,0,1,0,49151,1,0,0,0,1,0,0,0,0,1,0,0,0,0,0,0,0,0,0,0,0,0,0,0
tb.dut.clusters[0].cluster.sockets[0].socket.cores[0].core.execute.fpu_unit.per_block_execute_if[0]	10	541	6180537	196757	98368	196757	8	98368	1188818	8627	3,98358,0,3,2,0,0,2,0,0,0,0,0,0,0,0,0,0,0,0,0,0,0,0,0,0,0,0,0,0,0,0,0,0,0,0,0,0,0,0	34,15,2,9,3,1,0,49149,0,1,0,0,0,1,0,49148,3,0,0,0,1,0,0,0,0,1,0,0,0,0,0,0,0,0,0,0,0,0,0,0	3	98444	98368	98444	8	98369	1287131	8627	98309,53,1,2,2,0,0,1,0,0,0,0,0,0,0,0,0,0,0,0,0,0,0,0,0,0,0,0,0,0,0,0,0,0,0,0,0,0,0,0	35,15,2,5,7,1,0,0,49149,0,1,0,0,0,1,0,49151,0,0,0,1,0,0,0,0,1,0,0,0,0,0,0,0,0,0,0,0,0,0,0
tb.dut.clusters[0].cluster.sockets[0].socket.cores[0].core.execute.lsu_mem_if[0]	9	613	4554	163	80	163	5	80	1385412	1376953	7,69,1,0,3,0,0,0,0,0,0,0,0,0,0,0,0,0,0,0,0,0,0,0,0,0,0,0,0,0,0,0,0,0,0,0,0,0,0,0	0,9,0,1,0,64,0,0,0,0,0,0,0,0,0,0,0,0,4,0,0,0,0,0,1,0,0,0,0,0,0,0,1,0,0,0,0,0,0,0	4	82	76	82	3	76	1385493	1376958	71,4,1,0,0,0,0,0,0,0,0,0,0,0,0,0,0,0,0,0,0,0,0,0,0,0,0,0,0,0,0,0,0,0,0,0,0,0,0,0	1,1,4,0,1,0,64,0,0,0,0,0,0,0,0,0,0,0,3,0,0,0,0,0,1,0,0,0,0,0,0,0,1,0,0,0,0,0,0,0
tb.dut.clusters[0].cluster.sockets[0].socket.cores[0].core.execute.lsu_unit	9	10274	56991	439	79	439	11	79	1385136	1376931	6,2,1,1,1,66,0,0,0,1,1,0,0,0,0,0,0,0,0,0,0,0,0,0,0,0,0,0,0,0,0,0,0,0,0,0,0,0,0,0	5,67,0,0,0,0,0,0,0,0,0,0,0,0,0,1,0,0,4,0,0,0,0,0,1,0,0,0,0,0,0,0,1,0,0,0,0,0,0,0	52	154	76	154	8	77	1385421	1376957	9,63,2,0,1,0,0,1,0,0,0,0,0,0,0,0,0,0,0,0,0,0,0,0,0,0,0,0,0,0,0,0,0,0,0,0,0,0,0,0	3,3,3,3,0,58,2,0,0,0,0,0,0,0,0,0,0,0,3,0,0,0,0,0,1,0,0,0,0,0,0,0,1,0,0,0,0,0,0,0
tb.dut.clusters[0].cluster.sockets[0].socket.cores[0].core.execute.lsu_unit.commit_if[0]	10	242	641	147	70	147	6	71	1385428	1376961	0,66,3,0,0,1,0,0,0,0,0,0,0,0,0,0,0,0,0,0,0,0,0,0,0,0,0,0,0,0,0,0,0,0,0,0,0,0,0,0	0,1,0,0,1,63,0,0,0,0,0,0,0,0,0,0,0,0,4,0,0,0,0,0,1,0,0,0,0,0,0,0,1,0,0,0,0,0,0,0	2	147	70	147	6	71	1385428	1376961	0,66,3,0,0,1,0,0,0,0,0,0,0,0,0,0,0,0,0,0,0,0,0,0,0,0,0,0,0,0,0,0,0,0,0,0,0,0,0,0	0,1,0,0,1,63,0,0,0,0,0,0,0,0,0,0,0,0,4,0,0,0,0,0,1,0,0,0,0,0,0,0,1,0,0,0,0,0,0,0
tb.dut.clusters[0].cluster.sockets[0].socket.cores[0].core.execute.lsu_unit.dispatch_if[0]	10	474	4439	152	73	152	8	73	1385423	1376951	2,68,2,0,0,0,0,1,0,0,0,0,0,0,0,0,0,0,0,0,0,0,0,0,0,0,0,0,0,0,0,0,0,0,0,0,0,0,0,0	0,3,2,1,0,62,0,0,0,0,0,0,0,0,0,0,0,0,3,0,0,0,0,0,1,0,0,0,0,0,0,0,1,0,0,0,0,0,0,0	3	80	71	80	8	72	1385495	1376957	68,2,0,0,0,0,0,1,0,0,0,0,0,0,0,0,0,0,0,0,0,0,0,0,0,0,0,0,0,0,0,0,0,0,0,0,0,0,0,0	0,1,2,1,1,0,62,0,0,0,0,0,0,0,0,0,0,0,3,0,0,0,0,0,1,0,0,0,0,0,0,0,1,0,0,0,0,0,0,0
tb.dut.clusters[0].cluster.sockets[0].socket.cores[0].core.execute.lsu_unit.dispatch_unit	10	2375	18002	157	75	157	8	75	1385418	1376933	4,66,3,1,0,0,0,1,0,0,0,0,0,0,0,0,0,0,0,0,0,0,0,0,0,0,0,0,0,0,0,0,0,0,0,0,0,0,0,0	0,4,1,1,0,62,0,0,0,0,0,0,0,0,0,1,0,0,4,0,0,0,0,0,1,0,0,0,0,0,0,0,1,0,0,0,0,0,0,0	12	82	72	82	8	72	1385493	1376956	68,3,0,0,0,0,0,1,0,0,0,0,0,0,0,0,0,0,0,0,0,0,0,0,0,0,0,0,0,0,0,0,0,0,0,0,0,0,0,0	0,1,2,1,1,0,62,0,0,0,0,0,0,0,0,0,0,0,3,0,0,0,0,0,1,0,0,0,0,0,0,0,1,0,0,0,0,0,0,0
tb.dut.clusters[0].cluster.sockets[0].socket.cores[0].core.execute.lsu_unit.dispatch_unit.dispatch_if[0]	11	474	4439	152	73	152	8	73	1385423	1376951	2,68,2,0,0,0,0,1,0,0,0,0,0,0,0,0,0,0,0,0,0,0,0,0,0,0,0,0,0,0,0,0,0,0,0,0,0,0,0,0	0,3,2,1,0,62,0,0,0,0,0,0,0,0,0,0,0,0,3,0,0,0,0,0,1,0,0,0,0,0,0,0,1,0,0,0,0,0,0,0	3	80	71	80	8	72	1385495	1376957	68,2,0,0,0,0,0,1,0,0,0,0,0,0,0,0,0,0,0,0,0,0,0,0,0,0,0,0,0,0,0,0,0,0,0,0,0,0,0,0	0,1,2,1,1,0,62,0,0,0,0,0,0,0,0,0,0,0,3,0,0,0,0,0,1,0,0,0,0,0,0,0,1,0,0,0,0,0,0,0
tb.dut.clusters[0].cluster.sockets[0].socket.cores[0].core.execute.lsu_unit.dispatch_unit.execute_if[0]	11	541	4311	151	74	151	6	74	1385424	1376951	4,66,3,0,0,1,0,0,0,0,0,0,0,0,0,0,0,0,0,0,0,0,0,0,0,0,0,0,0,0,0,0,0,0,0,0,0,0,0,0	1,2,1,0,1,63,0,0,0,0,0,0,0,0,0,0,0,0,4,0,0,0,0,0,1,0,0,0,0,0,0,0,1,0,0,0,0,0,0,0	3	79	71	79	6	71	1385496	1376957	67,3,0,0,0,1,0,0,0,0,0,0,0,0,0,0,0,0,0,0,0,0,0,0,0,0,0,0,0,0,0,0,0,0,0,0,0,0,0,0	0,0,2,0,0,1,63,0,0,0,0,0,0,0,0,0,0,0,3,0,0,0,0,0,1,0,0,0,0,0,0,0,1,0,0,0,0,0,0,0
tb.dut.clusters[0].cluster.sockets[0].socket.cores[0].core.execute.lsu_unit.dispatch_unit.genblk5[0]	11	7	248	153	75	153	6	75	1385422	1376933	4,67,3,0,0,1,0,0,0,0,0,0,0,0,0,0,0,0,0,0,0,0,0,0,0,0,0,0,0,0,0,0,0,0,0,0,0,0,0,0	1,4,1,1,0,62,0,0,0,0,0,0,0,0,0,0,1,0,3,0,0,0,0,0,1,0,0,0,0,0,0,0,1,0,0,0,0,0,0,0	2	65	64	65	2	64	1385510	1376959	63,1,0,0,0,0,0,0,0,0,0,0,0,0,0,0,0,0,0,0,0,0,0,0,0,0,0,0,0,0,0,0,0,0,0,0,0,0,0,0	0,2,0,1,1,0,53,0,0,0,1,0,0,0,1,0,2,0,1,0,0,0,0,0,1,0,0,0,0,0,0,0,1,0,0,0,0,0,0,0
tb.dut.clusters[0].cluster.sockets[0].socket.cores[0].core.execute.lsu_unit.gather_unit	10	1472	2785	219	72	219	7	73	1385356	1376936	2,0,66,3,0,0,1,0,0,0,0,0,0,0,0,0,0,0,0,0,0,0,0,0,0,0,0,0,0,0,0,0,0,0,0,0,0,0,0,0	1,0,1,1,63,0,0,0,0,0,0,0,0,0,0,0,1,0,4,0,0,0,0,0,1,0,0,0,0,0,0,0,1,0,0,0,0,0,0,0	8	176	70	176	7	71	1385399	1376960	5,29,34,1,0,0,1,0,0,0,0,0,0,0,0,0,0,0,0,0,0,0,0,0,0,0,0,0,0,0,0,0,0,0,0,0,0,0,0,0	0,1,0,1,39,10,14,0,0,0,0,0,0,0,0,0,0,0,4,0,0,0,0,0,1,0,0,0,0,0,0,0,1,0,0,0,0,0,0,0
tb.dut.clusters[0].cluster.sockets[0].socket.cores[0].core.execute.lsu_unit.gather_unit.commit_in_if[0]	11	242	499	147	70	147	6	71	1385428	1376960	0,66,3,0,0,1,0,0,0,0,0,0,0,0,0,0,0,0,0,0,0,0,0,0,0,0,0,0,0,0,0,0,0,0,0,0,0,0,0,0	0,1,0,0,1,63,0,0,0,0,0,0,0,0,0,0,0,0,4,0,0,0,0,0,1,0,0,0,0,0,0,0,1,0,0,0,0,0,0,0	2	147	70	147	6	71	1385428	1376960	0,66,3,0,0,1,0,0,0,0,0,0,0,0,0,0,0,0,0,0,0,0,0,0,0,0,0,0,0,0,0,0,0,0,0,0,0,0,0,0	0,1,0,0,1,63,0,0,0,0,0,0,0,0,0,0,0,0,4,0,0,0,0,0,1,0,0,0,0,0,0,0,1,0,0,0,0,0,0,0
tb.dut.clusters[0].cluster.sockets[0].socket.cores[0].core.execute.lsu_unit.gather_unit.commit_out_if[0]	11	242	641	147	70	147	6	71	1385428	1376961	0,66,3,0,0,1,0,0,0,0,0,0,0,0,0,0,0,0,0,0,0,0,0,0,0,0,0,0,0,0,0,0,0,0,0,0,0,0,0,0	0,1,0,0,1,63,0,0,0,0,0,0,0,0,0,0,0,0,4,0,0,0,0,0,1,0,0,0,0,0,0,0,1,0,0,0,0,0,0,0	2	147	70	147	6	71	1385428	1376961	0,66,3,0,0,1,0,0,0,0,0,0,0,0,0,0,0,0,0,0,0,0,0,0,0,0,0,0,0,0,0,0,0,0,0,0,0,0,0,0	0,1,0,0,1,63,0,0,0,0,0,0,0,0,0,0,0,0,4,0,0,0,0,0,1,0,0,0,0,0,0,0,1,0,0,0,0,0,0,0
tb.dut.clusters[0].cluster.sockets[0].socket.cores[0].core.execute.lsu_unit.gather_unit.genblk5[0]	11	374	645	147	70	147	6	71	1385428	1376961	0,66,3,0,0,1,0,0,0,0,0,0,0,0,0,0,0,0,0,0,0,0,0,0,0,0,0,0,0,0,0,0,0,0,0,0,0,0,0,0	0,1,0,0,1,63,0,0,0,0,0,0,0,0,0,0,0,0,4,0,0,0,0,0,1,0,0,0,0,0,0,0,1,0,0,0,0,0,0,0	2	147	70	147	6	71	1385428	1376961	0,66,3,0,0,1,0,0,0,0,0,0,0,0,0,0,0,0,0,0,0,0,0,0,0,0,0,0,0,0,0,0,0,0,0,0,0,0,0,0	0,1,0,0,1,63,0,0,0,0,0,0,0,0,0,0,0,0,4,0,0,0,0,0,1,0,0,0,0,0,0,0,1,0,0,0,0,0,0,0
tb.dut.clusters[0].cluster.sockets[0].socket.cores[0].core.execute.lsu_unit.gather_unit.genblk5[0].commit_tmp_if	12	242	641	147	70	147	6	71	1385428	1376961	0,66,3,0,0,1,0,0,0,0,0,0,0,0,0,0,0,0,0,0,0,0,0,0,0,0,0,0,0,0,0,0,0,0,0,0,0,0,0,0	0,1,0,0,1,63,0,0,0,0,0,0,0,0,0,0,0,0,4,0,0,0,0,0,1,0,0,0,0,0,0,0,1,0,0,0,0,0,0,0	2	147	70	147	6	71	1385428	1376961	0,66,3,0,0,1,0,0,0,0,0,0,0,0,0,0,0,0,0,0,0,0,0,0,0,0,0,0,0,0,0,0,0,0,0,0,0,0,0,0	0,1,0,0,1,63,0,0,0,0,0,0,0,0,0,0,0,0,4,0,0,0,0,0,1,0,0,0,0,0,0,0,1,0,0,0,0,0,0,0
tb.dut.clusters[0].cluster.sockets[0].socket.cores[0].core.execute.lsu_unit.lsu_mem_if[0]	10	613	4554	163	80	163	5	80	1385412	1376953	7,69,1,0,3,0,0,0,0,0,0,0,0,0,0,0,0,0,0,0,0,0,0,0,0,0,0,0,0,0,0,0,0,0,0,0,0,0,0,0	0,9,0,1,0,64,0,0,0,0,0,0,0,0,0,0,0,0,4,0,0,0,0,0,1,0,0,0,0,0,0,0,1,0,0,0,0,0,0,0	4	82	76	82	3	76	1385493	1376958	71,4,1,0,0,0,0,0,0,0,0,0,0,0,0,0,0,0,0,0,0,0,0,0,0,0,0,0,0,0,0,0,0,0,0,0,0,0,0,0	1,1,4,0,1,0,64,0,0,0,0,0,0,0,0,0,0,0,3,0,0,0,0,0,1,0,0,0,0,0,0,0,1,0,0,0,0,0,0,0
tb.dut.clusters[0].cluster.sockets[0].socket.cores[0].core.execute.lsu_unit.lsu_slices[0]	10	4250	21758	368	79	368	11	79	1385207	1376932	6,3,1,1,66,0,0,1,0,0,1,0,0,0,0,0,0,0,0,0,0,0,0,0,0,0,0,0,0,0,0,0,0,0,0,0,0,0,0,0	1,7,64,0,0,0,0,0,0,0,0,0,0,0,0,0,1,0,4,0,0,0,0,0,1,0,0,0,0,0,0,0,1,0,0,0,0,0,0,0	22	152	72	152	6	73	1385423	1376958	4,64,0,1,2,1,0,0,0,0,0,0,0,0,0,0,0,0,0,0,0,0,0,0,0,0,0,0,0,0,0,0,0,0,0,0,0,0,0,0	0,2,2,0,1,62,1,0,0,0,0,0,0,0,0,0,0,0,3,0,0,0,0,0,1,0,0,0,0,0,0,0,1,0,0,0,0,0,0,0
tb.dut.clusters[0].cluster.sockets[0].socket.cores[0].core.execute.lsu_unit.lsu_slices[0].lsu_slice	11	4249	21756	368	79	368	11	79	1385207	1376932	6,3,1,1,66,0,0,1,0,0,1,0,0,0,0,0,0,0,0,0,0,0,0,0,0,0,0,0,0,0,0,0,0,0,0,0,0,0,0,0	1,7,64,0,0,0,0,0,0,0,0,0,0,0,0,0,1,0,4,0,0,0,0,0,1,0,0,0,0,0,0,0,1,0,0,0,0,0,0,0	22	152	72	152	6	73	1385423	1376958	4,64,0,1,2,1,0,0,0,0,0,0,0,0,0,0,0,0,0,0,0,0,0,0,0,0,0,0,0,0,0,0,0,0,0,0,0,0,0,0	0,2,2,0,1,62,1,0,0,0,0,0,0,0,0,0,0,0,3,0,0,0,0,0,1,0,0,0,0,0,0,0,1,0,0,0,0,0,0,0
tb.dut.clusters[0].cluster.sockets[0].socket.cores[0].core.execute.lsu_unit.lsu_slices[0].lsu_slice.commit_if	12	242	499	147	70	147	6	71	1385428	1376960	0,66,3,0,0,1,0,0,0,0,0,0,0,0,0,0,0,0,0,0,0,0,0,0,0,0,0,0,0,0,0,0,0,0,0,0,0,0,0,0	0,1,0,0,1,63,0,0,0,0,0,0,0,0,0,0,0,0,4,0,0,0,0,0,1,0,0,0,0,0,0,0,1,0,0,0,0,0,0,0	2	147	70	147	6	71	1385428	1376960	0,66,3,0,0,1,0,0,0,0,0,0,0,0,0,0,0,0,0,0,0,0,0,0,0,0,0,0,0,0,0,0,0,0,0,0,0,0,0,0	0,1,0,0,1,63,0,0,0,0,0,0,0,0,0,0,0,0,4,0,0,0,0,0,1,0,0,0,0,0,0,0,1,0,0,0,0,0,0,0
tb.dut.clusters[0].cluster.sockets[0].socket.cores[0].core.execute.lsu_unit.lsu_slices[0].lsu_slice.commit_no_rsp_if	12	242	489	147	70	147	6	71	1385428	1376959	0,66,3,0,0,1,0,0,0,0,0,0,0,0,0,0,0,0,0,0,0,0,0,0,0,0,0,0,0,0,0,0,0,0,0,0,0,0,0,0	0,1,0,0,1,63,0,0,0,0,0,0,0,0,0,0,0,0,4,0,0,0,0,0,1,0,0,0,0,0,0,0,1,0,0,0,0,0,0,0	2	142	69	142	6	70	1385433	1376959	0,68,0,0,0,1,0,0,0,0,0,0,0,0,0,0,0,0,0,0,0,0,0,0,0,0,0,0,0,0,0,0,0,0,0,0,0,0,0,0	0,1,0,0,1,63,0,0,0,0,0,0,0,0,0,0,0,0,3,0,0,0,0,0,1,0,0,0,0,0,0,0,1,0,0,0,0,0,0,0
tb.dut.clusters[0].cluster.sockets[0].socket.cores[0].core.execute.lsu_unit.lsu_slices[0].lsu_slice.commit_rsp_if	12	242	56	8	4	8	2	5	1385567	1377601	0,4,0,0,0,0,0,0,0,0,0,0,0,0,0,0,0,0,0,0,0,0,0,0,0,0,0,0,0,0,0,0,0,0,0,0,0,0,0,0	0,0,0,0,0,0,0,0,0,0,0,0,0,0,0,0,0,0,3,0,0,0,0,0,1,0,0,0,0,0,0,0,1,0,0,0,0,0,0,0	2	8	4	8	2	5	1385567	1377601	0,4,0,0,0,0,0,0,0,0,0,0,0,0,0,0,0,0,0,0,0,0,0,0,0,0,0,0,0,0,0,0,0,0,0,0,0,0,0,0	0,0,0,0,0,0,0,0,0,0,0,0,0,0,0,0,0,0,3,0,0,0,0,0,1,0,0,0,0,0,0,0,1,0,0,0,0,0,0,0
tb.dut.clusters[0].cluster.sockets[0].socket.cores[0].core.execute.lsu_unit.lsu_slices[0].lsu_slice.execute_if	12	541	4311	151	74	151	6	74	1385424	1376951	4,66,3,0,0,1,0,0,0,0,0,0,0,0,0,0,0,0,0,0,0,0,0,0,0,0,0,0,0,0,0,0,0,0,0,0,0,0,0,0	1,2,1,0,1,63,0,0,0,0,0,0,0,0,0,0,0,0,4,0,0,0,0,0,1,0,0,0,0,0,0,0,1,0,0,0,0,0,0,0	3	79	71	79	6	71	1385496	1376957	67,3,0,0,0,1,0,0,0,0,0,0,0,0,0,0,0,0,0,0,0,0,0,0,0,0,0,0,0,0,0,0,0,0,0,0,0,0,0,0	0,0,2,0,0,1,63,0,0,0,0,0,0,0,0,0,0,0,3,0,0,0,0,0,1,0,0,0,0,0,0,0,1,0,0,0,0,0,0,0
tb.dut.clusters[0].cluster.sockets[0].socket.cores[0].core.execute.lsu_unit.lsu_slices[0].lsu_slice.genblk13[0]	12	56	81	3	2	3	2	3	1385572	1377600	1,1,0,0,0,0,0,0,0,0,0,0,0,0,0,0,0,0,0,0,0,0,0,0,0,0,0,0,0,0,0,0,0,0,0,0,0,0,0,0	0,0,0,0,0,0,0,0,0,0,0,0,0,0,0,0,0,0,1,0,0,0,0,0,1,0,0,0,0,0,0,0,1,0,0,0,0,0,0,0	2	3	2	3	2	3	1385572	1377600	1,1,0,0,0,0,0,0,0,0,0,0,0,0,0,0,0,0,0,0,0,0,0,0,0,0,0,0,0,0,0,0,0,0,0,0,0,0,0,0	0,0,0,0,0,0,0,0,0,0,0,0,0,0,0,0,0,0,1,0,0,0,0,0,1,0,0,0,0,0,0,0,1,0,0,0,0,0,0,0
tb.dut.clusters[0].cluster.sockets[0].socket.cores[0].core.execute.lsu_unit.lsu_slices[0].lsu_slice.genblk13[1]	12	56	81	3	2	3	2	3	1385572	1377600	1,1,0,0,0,0,0,0,0,0,0,0,0,0,0,0,0,0,0,0,0,0,0,0,0,0,0,0,0,0,0,0,0,0,0,0,0,0,0,0	0,0,0,0,0,0,0,0,0,0,0,0,0,0,0,0,0,0,1,0,0,0,0,0,1,0,0,0,0,0,0,0,1,0,0,0,0,0,0,0	2	3	2	3	2	3	1385572	1377600	1,1,0,0,0,0,0,0,0,0,0,0,0,0,0,0,0,0,0,0,0,0,0,0,0,0,0,0,0,0,0,0,0,0,0,0,0,0,0,0	0,0,0,0,0,0,0,0,0,0,0,0,0,0,0,0,0,0,1,0,0,0,0,0,1,0,0,0,0,0,0,0,1,0,0,0,0,0,0,0
tb.dut.clusters[0].cluster.sockets[0].socket.cores[0].core.execute.lsu_unit.lsu_slices[0].lsu_slice.genblk13[2]	12	56	81	3	2	3	2	3	1385572	1377600	1,1,0,0,0,0,0,0,0,0,0,0,0,0,0,0,0,0,0,0,0,0,0,0,0,0,0,0,0,0,0,0,0,0,0,0,0,0,0,0	0,0,0,0,0,0,0,0,0,0,0,0,0,0,0,0,0,0,1,0,0,0,0,0,1,0,0,0,0,0,0,0,1,0,0,0,0,0,0,0	2	3	2	3	2	3	1385572	1377600	1,1,0,0,0,0,0,0,0,0,0,0,0,0,0,0,0,0,0,0,0,0,0,0,0,0,0,0,0,0,0,0,0,0,0,0,0,0,0,0	0,0,0,0,0,0,0,0,0,0,0,0,0,0,0,0,0,0,1,0,0,0,0,0,1,0,0,0,0,0,0,0,1,0,0,0,0,0,0,0
tb.dut.clusters[0].cluster.sockets[0].socket.cores[0].core.execute.lsu_unit.lsu_slices[0].lsu_slice.genblk13[3]	12	56	81	3	2	3	2	3	1385572	1377600	1,1,0,0,0,0,0,0,0,0,0,0,0,0,0,0,0,0,0,0,0,0,0,0,0,0,0,0,0,0,0,0,0,0,0,0,0,0,0,0	0,0,0,0,0,0,0,0,0,0,0,0,0,0,0,0,0,0,1,0,0,0,0,0,1,0,0,0,0,0,0,0,1,0,0,0,0,0,0,0	2	3	2	3	2	3	1385572	1377600	1,1,0,0,0,0,0,0,0,0,0,0,0,0,0,0,0,0,0,0,0,0,0,0,0,0,0,0,0,0,0,0,0,0,0,0,0,0,0,0	0,0,0,0,0,0,0,0,0,0,0,0,0,0,0,0,0,0,1,0,0,0,0,0,1,0,0,0,0,0,0,0,1,0,0,0,0,0,0,0
tb.dut.clusters[0].cluster.sockets[0].socket.cores[0].core.execute.lsu_unit.lsu_slices[0].lsu_slice.genblk4[0]	12	130	109	68	64	68	2	65	1385507	1376958	60,4,0,0,0,0,0,0,0,0,0,0,0,0,0,0,0,0,0,0,0,0,0,0,0,0,0,0,0,0,0,0,0,0,0,0,0,0,0,0	2,0,2,0,0,0,50,0,0,0,0,0,0,1,3,0,2,0,3,0,0,0,0,0,1,0,0,0,0,0,0,0,1,0,0,0,0,0,0,0	2	35	32	35	2	33	1385540	1376978	29,3,0,0,0,0,0,0,0,0,0,0,0,0,0,0,0,0,0,0,0,0,0,0,0,0,0,0,0,0,0,0,0,0,0,0,0,0,0,0	0,0,1,0,0,0,0,0,0,0,0,0,0,0,23,0,2,2,3,0,0,0,0,0,1,0,0,0,0,0,0,0,1,0,0,0,0,0,0,0
tb.dut.clusters[0].cluster.sockets[0].socket.cores[0].core.execute.lsu_unit.lsu_slices[0].lsu_slice.genblk4[1]	12	130	111	68	64	68	2	65	1385507	1376958	60,4,0,0,0,0,0,0,0,0,0,0,0,0,0,0,0,0,0,0,0,0,0,0,0,0,0,0,0,0,0,0,0,0,0,0,0,0,0,0	2,0,2,0,0,0,50,0,0,0,0,0,0,1,3,0,2,0,3,0,0,0,0,0,1,0,0,0,0,0,0,0,1,0,0,0,0,0,0,0	2	36	33	36	2	34	1385539	1376958	30,3,0,0,0,0,0,0,0,0,0,0,0,0,0,0,0,0,0,0,0,0,0,0,0,0,0,0,0,0,0,0,0,0,0,0,0,0,0,0	0,0,1,0,0,0,0,0,0,0,0,0,0,0,23,0,3,2,3,0,0,0,0,0,1,0,0,0,0,0,0,0,1,0,0,0,0,0,0,0
tb.dut.clusters[0].cluster.sockets[0].socket.cores[0].core.execute.lsu_unit.lsu_slices[0].lsu_slice.genblk4[2]	12	130	111	68	64	68	2	65	1385507	1376958	60,4,0,0,0,0,0,0,0,0,0,0,0,0,0,0,0,0,0,0,0,0,0,0,0,0,0,0,0,0,0,0,0,0,0,0,0,0,0,0	2,0,2,0,0,0,50,0,0,0,0,0,0,1,3,0,2,0,3,0,0,0,0,0,1,0,0,0,0,0,0,0,1,0,0,0,0,0,0,0	2	36	33	36	2	34	1385539	1376958	30,3,0,0,0,0,0,0,0,0,0,0,0,0,0,0,0,0,0,0,0,0,0,0,0,0,0,0,0,0,0,0,0,0,0,0,0,0,0,0	0,0,1,0,0,0,0,0,0,0,0,0,0,0,23,0,3,2,3,0,0,0,0,0,1,0,0,0,0,0,0,0,1,0,0,0,0,0,0,0
tb.dut.clusters[0].cluster.sockets[0].socket.cores[0].core.execute.lsu_unit.lsu_slices[0].lsu_slice.genblk4[3]	12	130	113	68	64	68	2	65	1385507	1376958	60,4,0,0,0,0,0,0,0,0,0,0,0,0,0,0,0,0,0,0,0,0,0,0,0,0,0,0,0,0,0,0,0,0,0,0,0,0,0,0	2,0,2,0,0,0,50,0,0,0,0,0,0,1,3,0,2,0,3,0,0,0,0,0,1,0,0,0,0,0,0,0,1,0,0,0,0,0,0,0	2	36	33	36	2	34	1385539	1376958	30,3,0,0,0,0,0,0,0,0,0,0,0,0,0,0,0,0,0,0,0,0,0,0,0,0,0,0,0,0,0,0,0,0,0,0,0,0,0,0	0,0,1,0,0,0,0,0,0,0,0,0,0,0,23,0,3,2,3,0,0,0,0,0,1,0,0,0,0,0,0,0,1,0,0,0,0,0,0,0
tb.dut.clusters[0].cluster.sockets[0].socket.cores[0].core.execute.lsu_unit.lsu_slices[0].lsu_slice.genblk8[0]	12	4	3	1	1	1	1	2	1385574	1376958	1,0,0,0,0,0,0,0,0,0,0,0,0,0,0,0,0,0,0,0,0,0,0,0,0,0,0,0,0,0,0,0,0,0,0,0,0,0,0,0	0,0,0,0,0,0,0,0,0,0,0,0,0,0,0,0,0,0,0,0,0,0,0,0,0,1,0,0,0,0,0,0,1,0,0,0,0,0,0,0	2	1	1	1	1	2	1385574	1376958	1,0,0,0,0,0,0,0,0,0,0,0,0,0,0,0,0,0,0,0,0,0,0,0,0,0,0,0,0,0,0,0,0,0,0,0,0,0,0,0	0,0,0,0,0,0,0,0,0,0,0,0,0,0,0,0,0,0,0,0,0,0,0,0,0,1,0,0,0,0,0,0,1,0,0,0,0,0,0,0
tb.dut.clusters[0].cluster.sockets[0].socket.cores[0].core.execute.lsu_unit.lsu_slices[0].lsu_slice.genblk8[1]	12	4	3	1	1	1	1	2	1385574	1376958	1,0,0,0,0,0,0,0,0,0,0,0,0,0,0,0,0,0,0,0,0,0,0,0,0,0,0,0,0,0,0,0,0,0,0,0,0,0,0,0	0,0,0,0,0,0,0,0,0,0,0,0,0,0,0,0,0,0,0,0,0,0,0,0,0,1,0,0,0,0,0,0,1,0,0,0,0,0,0,0	2	1	1	1	1	2	1385574	1376958	1,0,0,0,0,0,0,0,0,0,0,0,0,0,0,0,0,0,0,0,0,0,0,0,0,0,0,0,0,0,0,0,0,0,0,0,0,0,0,0	0,0,0,0,0,0,0,0,0,0,0,0,0,0,0,0,0,0,0,0,0,0,0,0,0,1,0,0,0,0,0,0,1,0,0,0,0,0,0,0
tb.dut.clusters[0].cluster.sockets[0].socket.cores[0].core.execute.lsu_unit.lsu_slices[0].lsu_slice.genblk8[2]	12	4	3	1	1	1	1	2	1385574	1376958	1,0,0,0,0,0,0,0,0,0,0,0,0,0,0,0,0,0,0,0,0,0,0,0,0,0,0,0,0,0,0,0,0,0,0,0,0,0,0,0	0,0,0,0,0,0,0,0,0,0,0,0,0,0,0,0,0,0,0,0,0,0,0,0,0,1,0,0,0,0,0,0,1,0,0,0,0,0,0,0	2	1	1	1	1	2	1385574	1376958	1,0,0,0,0,0,0,0,0,0,0,0,0,0,0,0,0,0,0,0,0,0,0,0,0,0,0,0,0,0,0,0,0,0,0,0,0,0,0,0	0,0,0,0,0,0,0,0,0,0,0,0,0,0,0,0,0,0,0,0,0,0,0,0,0,1,0,0,0,0,0,0,1,0,0,0,0,0,0,0
tb.dut.clusters[0].cluster.sockets[0].socket.cores[0].core.execute.lsu_unit.lsu_slices[0].lsu_slice.genblk8[3]	12	4	3	1	1	1	1	2	1385574	1376958	1,0,0,0,0,0,0,0,0,0,0,0,0,0,0,0,0,0,0,0,0,0,0,0,0,0,0,0,0,0,0,0,0,0,0,0,0,0,0,0	0,0,0,0,0,0,0,0,0,0,0,0,0,0,0,0,0,0,0,0,0,0,0,0,0,1,0,0,0,0,0,0,1,0,0,0,0,0,0,0	2	1	1	1	1	2	1385574	1376958	1,0,0,0,0,0,0,0,0,0,0,0,0,0,0,0,0,0,0,0,0,0,0,0,0,0,0,0,0,0,0,0,0,0,0,0,0,0,0,0	0,0,0,0,0,0,0,0,0,0,0,0,0,0,0,0,0,0,0,0,0,0,0,0,0,1,0,0,0,0,0,0,1,0,0,0,0,0,0,0
tb.dut.clusters[0].cluster.sockets[0].socket.cores[0].core.execute.lsu_unit.lsu_slices[0].lsu_slice.genblk9[0]	12	1	142	142	74	142	3	75	1385433	1376958	7,66,1,0,0,0,0,0,0,0,0,0,0,0,0,0,0,0,0,0,0,0,0,0,0,0,0,0,0,0,0,0,0,0,0,0,0,0,0,0	3,3,0,0,1,63,0,0,0,0,0,0,0,0,0,0,0,0,3,0,0,0,0,0,1,0,0,0,0,0,0,0,1,0,0,0,0,0,0,0	2	0	0	0	0	1	1385575	1385575	0,0,0,0,0,0,0,0,0,0,0,0,0,0,0,0,0,0,0,0,0,0,0,0,0,0,0,0,0,0,0,0,0,0,0,0,0,0,0,0	0,0,0,0,0,0,0,0,0,0,0,0,0,0,0,0,0,0,0,0,0,0,0,0,0,0,0,0,0,0,0,0,1,0,0,0,0,0,0,0
tb.dut.clusters[0].cluster.sockets[0].socket.cores[0].core.execute.lsu_unit.lsu_slices[0].lsu_slice.genblk9[1]	12	1	142	142	74	142	3	75	1385433	1376958	7,66,1,0,0,0,0,0,0,0,0,0,0,0,0,0,0,0,0,0,0,0,0,0,0,0,0,0,0,0,0,0,0,0,0,0,0,0,0,0	3,3,0,0,1,63,0,0,0,0,0,0,0,0,0,0,0,0,3,0,0,0,0,0,1,0,0,0,0,0,0,0,1,0,0,0,0,0,0,0	2	0	0	0	0	1	1385575	1385575	0,0,0,0,0,0,0,0,0,0,0,0,0,0,0,0,0,0,0,0,0,0,0,0,0,0,0,0,0,0,0,0,0,0,0,0,0,0,0,0	0,0,0,0,0,0,0,0,0,0,0,0,0,0,0,0,0,0,0,0,0,0,0,0,0,0,0,0,0,0,0,0,1,0,0,0,0,0,0,0
tb.dut.clusters[0].cluster.sockets[0].socket.cores[0].core.execute.lsu_unit.lsu_slices[0].lsu_slice.genblk9[2]	12	1	142	142	74	142	3	75	1385433	1376958	7,66,1,0,0,0,0,0,0,0,0,0,0,0,0,0,0,0,0,0,0,0,0,0,0,0,0,0,0,0,0,0,0,0,0,0,0,0,0,0	3,3,0,0,1,63,0,0,0,0,0,0,0,0,0,0,0,0,3,0,0,0,0,0,1,0,0,0,0,0,0,0,1,0,0,0,0,0,0,0	2	0	0	0	0	1	1385575	1385575	0,0,0,0,0,0,0,0,0,0,0,0,0,0,0,0,0,0,0,0,0,0,0,0,0,0,0,0,0,0,0,0,0,0,0,0,0,0,0,0	0,0,0,0,0,0,0,0,0,0,0,0,0,0,0,0,0,0,0,0,0,0,0,0,0,0,0,0,0,0,0,0,1,0,0,0,0,0,0,0
tb.dut.clusters[0].cluster.sockets[0].socket.cores[0].core.execute.lsu_unit.lsu_slices[0].lsu_slice.genblk9[3]	12	1	142	142	74	142	3	75	1385433	1376958	7,66,1,0,0,0,0,0,0,0,0,0,0,0,0,0,0,0,0,0,0,0,0,0,0,0,0,0,0,0,0,0,0,0,0,0,0,0,0,0	3,3,0,0,1,63,0,0,0,0,0,0,0,0,0,0,0,0,3,0,0,0,0,0,1,0,0,0,0,0,0,0,1,0,0,0,0,0,0,0	2	0	0	0	0	1	1385575	1385575	0,0,0,0,0,0,0,0,0,0,0,0,0,0,0,0,0,0,0,0,0,0,0,0,0,0,0,0,0,0,0,0,0,0,0,0,0,0,0,0	0,0,0,0,0,0,0,0,0,0,0,0,0,0,0,0,0,0,0,0,0,0,0,0,0,0,0,0,0,0,0,0,1,0,0,0,0,0,0,0
tb.dut.clusters[0].cluster.sockets[0].socket.cores[0].core.execute.lsu_unit.lsu_slices[0].lsu_slice.lsu_mem_if	12	613	4554	163	80	163	5	80	1385412	1376953	7,69,1,0,3,0,0,0,0,0,0,0,0,0,0,0,0,0,0,0,0,0,0,0,0,0,0,0,0,0,0,0,0,0,0,0,0,0,0,0	0,9,0,1,0,64,0,0,0,0,0,0,0,0,0,0,0,0,4,0,0,0,0,0,1,0,0,0,0,0,0,0,1,0,0,0,0,0,0,0	4	82	76	82	3	76	1385493	1376958	71,4,1,0,0,0,0,0,0,0,0,0,0,0,0,0,0,0,0,0,0,0,0,0,0,0,0,0,0,0,0,0,0,0,0,0,0,0,0,0	1,1,4,0,1,0,64,0,0,0,0,0,0,0,0,0,0,0,3,0,0,0,0,0,1,0,0,0,0,0,0,0,1,0,0,0,0,0,0,0
tb.dut.clusters[0].cluster.sockets[0].socket.cores[0].core.execute.lsu_unit.per_block_commit_if[0]	10	242	499	147	70	147	6	71	1385428	1376960	0,66,3,0,0,1,0,0,0,0,0,0,0,0,0,0,0,0,0,0,0,0,0,0,0,0,0,0,0,0,0,0,0,0,0,0,0,0,0,0	0,1,0,0,1,63,0,0,0,0,0,0,0,0,0,0,0,0,4,0,0,0,0,0,1,0,0,0,0,0,0,0,1,0,0,0,0,0,0,0	2	147	70	147	6	71	1385428	1376960	0,66,3,0,0,1,0,0,0,0,0,0,0,0,0,0,0,0,0,0,0,0,0,0,0,0,0,0,0,0,0,0,0,0,0,0,0,0,0,0	0,1,0,0,1,63,0,0,0,0,0,0,0,0,0,0,0,0,4,0,0,0,0,0,1,0,0,0,0,0,0,0,1,0,0,0,0,0,0,0
tb.dut.clusters[0].cluster.sockets[0].socket.cores[0].core.execute.lsu_unit.per_block_execute_if[0]	10	541	4311	151	74	151	6	74	1385424	1376951	4,66,3,0,0,1,0,0,0,0,0,0,0,0,0,0,0,0,0,0,0,0,0,0,0,0,0,0,0,0,0,0,0,0,0,0,0,0,0,0	1,2,1,0,1,63,0,0,0,0,0,0,0,0,0,0,0,0,4,0,0,0,0,0,1,0,0,0,0,0,0,0,1,0,0,0,0,0,0,0	3	79	71	79	6	71	1385496	1376957	67,3,0,0,0,1,0,0,0,0,0,0,0,0,0,0,0,0,0,0,0,0,0,0,0,0,0,0,0,0,0,0,0,0,0,0,0,0,0,0	0,0,2,0,0,1,63,0,0,0,0,0,0,0,0,0,0,0,3,0,0,0,0,0,1,0,0,0,0,0,0,0,1,0,0,0,0,0,0,0
tb.dut.clusters[0].cluster.sockets[0].socket.cores[0].core.execute.sched_csr_if	9	70	2771669	1385545	2	1385545	1385541	2	30	20	0,0,0,1,0,0,0,0,0,0,0,0,0,0,0,0,0,0,0,0,0,0,0,0,0,0,0,0,0,0,0,0,1,0,0,0,0,0,0,0	0,0,0,0,0,0,0,0,0,1,0,0,0,0,0,0,1,0,0,0,0,0,0,0,0,0,0,0,0,0,0,0,0,0,0,0,0,0,0,0	2	693036	692508	693036	9	692509	692539	21	692252,0,252,0,1,0,2,0,1,0,0,0,0,0,0,0,0,0,0,0,0,0,0,0,0,0,0,0,0,0,0,0,0,0,0,0,0,0,0,0	692507,0,0,0,0,0,0,0,0,0,1,0,0,0,0,0,1,0,0,0,0,0,0,0,0,0,0,0,0,0,0,0,0,0,0,0,0,0,0,0
tb.dut.clusters[0].cluster.sockets[0].socket.cores[0].core.execute.sfu_unit	9	11563	11812953	1385551	4	1385551	1385542	4	24	10	1,1,0,0,0,1,0,0,0,0,0,0,0,0,0,0,0,0,0,0,0,0,0,0,0,0,0,0,0,0,0,0,1,0,0,0,0,0,0,0	0,0,1,0,1,1,0,0,0,1,0,0,0,0,0,0,0,0,0,0,0,0,0,0,0,0,0,0,0,0,0,0,0,0,0,0,0,0,0,0	58	56	36	56	9	37	1385519	114687	32,0,0,1,1,1,0,0,1,0,0,0,0,0,0,0,0,0,0,0,0,0,0,0,0,0,0,0,0,0,0,0,0,0,0,0,0,0,0,0	0,0,0,0,0,1,0,0,0,0,0,0,1,0,0,0,2,0,0,0,1,1,0,0,1,4,6,19,1,0,0,0,0,0,0,0,0,0,0,0
tb.dut.clusters[0].cluster.sockets[0].socket.cores[0].core.execute.sfu_unit.arb_commit_if[0]	10	242	121	20	6	20	5	7	1385555	1385136	0,3,0,1,2,0,0,0,0,0,0,0,0,0,0,0,0,0,0,0,0,0,0,0,0,0,0,0,0,0,0,0,0,0,0,0,0,0,0,0	1,0,0,0,0,1,0,0,0,0,0,0,0,2,0,0,1,0,0,0,1,0,0,0,0,0,0,0,0,0,0,0,1,0,0,0,0,0,0,0	2	18	8	18	5	9	1385557	1385136	3,3,0,1,1,0,0,0,0,0,0,0,0,0,0,0,0,0,0,0,0,0,0,0,0,0,0,0,0,0,0,0,0,0,0,0,0,0,0,0	3,0,0,0,0,1,0,0,0,0,0,0,0,2,0,0,1,0,0,0,1,0,0,0,0,0,0,0,0,0,0,0,1,0,0,0,0,0,0,0
tb.dut.clusters[0].cluster.sockets[0].socket.cores[0].core.execute.sfu_unit.commit_csr_if	10	44	219636	109824	102330	109824	8	102331	1275751	327	98966,1559,263,770,767,2,0,3,0,0,0,0,0,0,0,0,0,0,0,0,0,0,0,0,0,0,0,0,0,0,0,0,0,0,0,0,0,0,0,0	2097,289,22,9,260,3850,568,1,46845,7,1,0,1,0,2,0,48377,0,1,0,1,0,0,0,0,0,0,0,0,0,0,0,0,0,0,0,0,0,0,0	2	54912	54912	54912	1	54913	1330663	333	54912,0,0,0,0,0,0,0,0,0,0,0,0,0,0,0,0,0,0,0,0,0,0,0,0,0,0,0,0,0,0,0,0,0,0,0,0,0,0,0	2330,1030,15,2,21,13,1550,1256,261,13,2,2,1,2,27,2,48384,0,1,0,1,0,0,0,0,0,0,0,0,0,0,0,0,0,0,0,0,0,0,0
tb.dut.clusters[0].cluster.sockets[0].socket.cores[0].core.execute.sfu_unit.commit_if[0]	10	242	135	20	6	20	5	7	1385555	1385136	0,3,0,1,2,0,0,0,0,0,0,0,0,0,0,0,0,0,0,0,0,0,0,0,0,0,0,0,0,0,0,0,0,0,0,0,0,0,0,0	1,0,0,0,0,1,0,0,0,0,0,0,1,1,0,0,1,0,0,0,1,0,0,0,0,0,0,0,0,0,0,0,1,0,0,0,0,0,0,0	2	18	8	18	5	9	1385557	1385136	3,3,0,1,1,0,0,0,0,0,0,0,0,0,0,0,0,0,0,0,0,0,0,0,0,0,0,0,0,0,0,0,0,0,0,0,0,0,0,0	3,0,0,0,0,1,0,0,0,0,0,0,1,1,0,0,1,0,0,0,1,0,0,0,0,0,0,0,0,0,0,0,1,0,0,0,0,0,0,0
tb.dut.clusters[0].cluster.sockets[0].socket.cores[0].core.execute.sfu_unit.csr_commit_if	10	242	46	5	1	5	5	2	1385570	1385166	0,0,0,0,1,0,0,0,0,0,0,0,0,0,0,0,0,0,0,0,0,0,0,0,0,0,0,0,0,0,0,0,0,0,0,0,0,0,0,0	0,0,0,0,0,0,0,0,0,0,0,0,0,0,0,0,0,0,0,0,1,0,0,0,0,0,0,0,0,0,0,0,1,0,0,0,0,0,0,0	2	5	1	5	5	2	1385570	1385166	0,0,0,0,1,0,0,0,0,0,0,0,0,0,0,0,0,0,0,0,0,0,0,0,0,0,0,0,0,0,0,0,0,0,0,0,0,0,0,0	0,0,0,0,0,0,0,0,0,0,0,0,0,0,0,0,0,0,0,0,1,0,0,0,0,0,0,0,0,0,0,0,1,0,0,0,0,0,0,0
tb.dut.clusters[0].cluster.sockets[0].socket.cores[0].core.execute.sfu_unit.csr_execute_if	10	541	132	31	16	31	5	16	1385544	1385136	9,4,0,1,2,0,0,0,0,0,0,0,0,0,0,0,0,0,0,0,0,0,0,0,0,0,0,0,0,0,0,0,0,0,0,0,0,0,0,0	3,0,2,2,0,2,2,0,0,0,0,1,0,0,0,1,1,0,0,0,1,0,0,0,0,0,0,0,0,0,0,0,1,0,0,0,0,0,0,0	3	7	4	7	3	5	1385568	1385140	2,1,1,0,0,0,0,0,0,0,0,0,0,0,0,0,0,0,0,0,0,0,0,0,0,0,0,0,0,0,0,0,0,0,0,0,0,0,0,0	0,0,0,0,0,0,0,0,0,0,0,0,0,0,0,0,3,0,0,0,1,0,0,0,0,0,0,0,0,0,0,0,1,0,0,0,0,0,0,0
tb.dut.clusters[0].cluster.sockets[0].socket.cores[0].core.execute.sfu_unit.csr_unit	10	2330	8073499	1385550	4	1385550	1385541	4	25	10	1,1,0,0,0,1,0,0,0,0,0,0,0,0,0,0,0,0,0,0,0,0,0,0,0,0,0,0,0,0,0,0,1,0,0,0,0,0,0,0	0,0,1,0,0,2,0,0,0,1,0,0,0,0,0,0,0,0,0,0,0,0,0,0,0,0,0,0,0,0,0,0,0,0,0,0,0,0,0,0	12	187711	149182	187711	6	149183	1197864	55	110679,38489,8,1,4,1,0,0,0,0,0,0,0,0,0,0,0,0,0,0,0,0,0,0,0,0,0,0,0,0,0,0,0,0,0,0,0,0,0,0	31,37716,23618,198,33,200,37850,194,20,195,12337,1,17,767,18936,1,17068,1,0,0,0,0,0,0,0,0,0,0,0,0,0,0,0,0,0,0,0,0,0,0
tb.dut.clusters[0].cluster.sockets[0].socket.cores[0].core.execute.sfu_unit.csr_unit.commit_csr_if	11	44	219636	109824	102330	109824	8	102331	1275751	327	98966,1559,263,770,767,2,0,3,0,0,0,0,0,0,0,0,0,0,0,0,0,0,0,0,0,0,0,0,0,0,0,0,0,0,0,0,0,0,0,0	2097,289,22,9,260,3850,568,1,46845,7,1,0,1,0,2,0,48377,0,1,0,1,0,0,0,0,0,0,0,0,0,0,0,0,0,0,0,0,0,0,0	2	54912	54912	54912	1	54913	1330663	333	54912,0,0,0,0,0,0,0,0,0,0,0,0,0,0,0,0,0,0,0,0,0,0,0,0,0,0,0,0,0,0,0,0,0,0,0,0,0,0,0	2330,1030,15,2,21,13,1550,1256,261,13,2,2,1,2,27,2,48384,0,1,0,1,0,0,0,0,0,0,0,0,0,0,0,0,0,0,0,0,0,0,0
tb.dut.clusters[0].cluster.sockets[0].socket.cores[0].core.execute.sfu_unit.csr_unit.commit_if	11	242	46	5	1	5	5	2	1385570	1385166	0,0,0,0,1,0,0,0,0,0,0,0,0,0,0,0,0,0,0,0,0,0,0,0,0,0,0,0,0,0,0,0,0,0,0,0,0,0,0,0	0,0,0,0,0,0,0,0,0,0,0,0,0,0,0,0,0,0,0,0,1,0,0,0,0,0,0,0,0,0,0,0,1,0,0,0,0,0,0,0	2	5	1	5	5	2	1385570	1385166	0,0,0,0,1,0,0,0,0,0,0,0,0,0,0,0,0,0,0,0,0,0,0,0,0,0,0,0,0,0,0,0,0,0,0,0,0,0,0,0	0,0,0,0,0,0,0,0,0,0,0,0,0,0,0,0,0,0,0,0,1,0,0,0,0,0,0,0,0,0,0,0,1,0,0,0,0,0,0,0
tb.dut.clusters[0].cluster.sockets[0].socket.cores[0].core.execute.sfu_unit.csr_unit.csr_data	11	523	4336641	1385549	4	1385549	1385541	4	26	10	1,1,0,0,1,0,0,0,0,0,0,0,0,0,0,0,0,0,0,0,0,0,0,0,0,0,0,0,0,0,0,0,1,0,0,0,0,0,0,0	0,0,0,1,0,2,0,0,0,1,0,0,0,0,0,0,0,0,0,0,0,0,0,0,0,0,0,0,0,0,0,0,0,0,0,0,0,0,0,0	3	597248	393604	597248	15	393605	788327	23	293170,1194,97675,4,777,771,4,2,0,0,0,1,4,0,2,0,0,0,0,0,0,0,0,0,0,0,0,0,0,0,0,0,0,0,0,0,0,0,0,0	195274,1968,196361,0,0,0,0,0,0,0,1,0,0,0,0,0,1,0,0,0,0,0,0,0,0,0,0,0,0,0,0,0,0,0,0,0,0,0,0,0
tb.dut.clusters[0].cluster.sockets[0].socket.cores[0].core.execute.sfu_unit.csr_unit.csr_data.commit_csr_if	12	44	219636	109824	102330	109824	8	102331	1275751	327	98966,1559,263,770,767,2,0,3,0,0,0,0,0,0,0,0,0,0,0,0,0,0,0,0,0,0,0,0,0,0,0,0,0,0,0,0,0,0,0,0	2097,289,22,9,260,3850,568,1,46845,7,1,0,1,0,2,0,48377,0,1,0,1,0,0,0,0,0,0,0,0,0,0,0,0,0,0,0,0,0,0,0	2	54912	54912	54912	1	54913	1330663	333	54912,0,0,0,0,0,0,0,0,0,0,0,0,0,0,0,0,0,0,0,0,0,0,0,0,0,0,0,0,0,0,0,0,0,0,0,0,0,0,0	2330,1030,15,2,21,13,1550,1256,261,13,2,2,1,2,27,2,48384,0,1,0,1,0,0,0,0,0,0,0,0,0,0,0,0,0,0,0,0,0,0,0
tb.dut.clusters[0].cluster.sockets[0].socket.cores[0].core.execute.sfu_unit.csr_unit.csr_data.fpu_csr_if[0]	12	13	745160	294364	98345	294364	15	98346	1091211	8600	1,784,97540,0,2,10,1,1,0,0,0,0,0,0,6,0,0,0,0,0,0,0,0,0,0,0,0,0,0,0,0,0,0,0,0,0,0,0,0,0	34,1,5,0,0,0,49150,0,1,0,0,0,1,0,48381,770,1,0,0,0,1,0,0,0,0,1,0,0,0,0,0,0,0,0,0,0,0,0,0,0	2	276167	98145	276167	4	98146	1109408	8600	6100,6081,85951,13,0,0,0,0,0,0,0,0,0,0,0,0,0,0,0,0,0,0,0,0,0,0,0,0,0,0,0,0,0,0,0,0,0,0,0,0	3,0,13,2,11,7,48286,668,1,0,0,0,0,1,38126,4745,6281,0,0,0,1,0,0,0,0,1,0,0,0,0,0,0,0,0,0,0,0,0,0,0
tb.dut.clusters[0].cluster.sockets[0].socket.cores[0].core.execute.sfu_unit.csr_unit.execute_if	11	541	132	31	16	31	5	16	1385544	1385136	9,4,0,1,2,0,0,0,0,0,0,0,0,0,0,0,0,0,0,0,0,0,0,0,0,0,0,0,0,0,0,0,0,0,0,0,0,0,0,0	3,0,2,2,0,2,2,0,0,0,0,1,0,0,0,1,1,0,0,0,1,0,0,0,0,0,0,0,0,0,0,0,1,0,0,0,0,0,0,0	3	7	4	7	3	5	1385568	1385140	2,1,1,0,0,0,0,0,0,0,0,0,0,0,0,0,0,0,0,0,0,0,0,0,0,0,0,0,0,0,0,0,0,0,0,0,0,0,0,0	0,0,0,0,0,0,0,0,0,0,0,0,0,0,0,0,3,0,0,0,1,0,0,0,0,0,0,0,0,0,0,0,1,0,0,0,0,0,0,0
tb.dut.clusters[0].cluster.sockets[0].socket.cores[0].core.execute.sfu_unit.csr_unit.fpu_csr_if[0]	11	13	745160	294364	98345	294364	15	98346	1091211	8600	1,784,97540,0,2,10,1,1,0,0,0,0,0,0,6,0,0,0,0,0,0,0,0,0,0,0,0,0,0,0,0,0,0,0,0,0,0,0,0,0	34,1,5,0,0,0,49150,0,1,0,0,0,1,0,48381,770,1,0,0,0,1,0,0,0,0,1,0,0,0,0,0,0,0,0,0,0,0,0,0,0	2	276167	98145	276167	4	98146	1109408	8600	6100,6081,85951,13,0,0,0,0,0,0,0,0,0,0,0,0,0,0,0,0,0,0,0,0,0,0,0,0,0,0,0,0,0,0,0,0,0,0,0,0	3,0,13,2,11,7,48286,668,1,0,0,0,0,1,38126,4745,6281,0,0,0,1,0,0,0,0,1,0,0,0,0,0,0,0,0,0,0,0,0,0,0
tb.dut.clusters[0].cluster.sockets[0].socket.cores[0].core.execute.sfu_unit.csr_unit.sched_csr_if	11	70	2771669	1385545	2	1385545	1385541	2	30	20	0,0,0,1,0,0,0,0,0,0,0,0,0,0,0,0,0,0,0,0,0,0,0,0,0,0,0,0,0,0,0,0,1,0,0,0,0,0,0,0	0,0,0,0,0,0,0,0,0,1,0,0,0,0,0,0,1,0,0,0,0,0,0,0,0,0,0,0,0,0,0,0,0,0,0,0,0,0,0,0	2	693036	692508	693036	9	692509	692539	21	692252,0,252,0,1,0,2,0,1,0,0,0,0,0,0,0,0,0,0,0,0,0,0,0,0,0,0,0,0,0,0,0,0,0,0,0,0,0,0,0	692507,0,0,0,0,0,0,0,0,0,1,0,0,0,0,0,1,0,0,0,0,0,0,0,0,0,0,0,0,0,0,0,0,0,0,0,0,0,0,0
tb.dut.clusters[0].cluster.sockets[0].socket.cores[0].core.execute.sfu_unit.dispatch_if[0]	10	474	135	23	8	23	5	8	1385552	1385136	1,4,0,1,2,0,0,0,0,0,0,0,0,0,0,0,0,0,0,0,0,0,0,0,0,0,0,0,0,0,0,0,0,0,0,0,0,0,0,0	1,0,1,0,0,1,0,0,0,0,0,0,0,1,0,0,2,0,0,0,1,0,0,0,0,0,0,0,0,0,0,0,1,0,0,0,0,0,0,0	3	8	5	8	3	6	1385567	1385140	3,1,1,0,0,0,0,0,0,0,0,0,0,0,0,0,0,0,0,0,0,0,0,0,0,0,0,0,0,0,0,0,0,0,0,0,0,0,0,0	0,0,0,0,0,0,0,1,0,0,0,0,0,0,0,0,3,0,0,0,1,0,0,0,0,0,0,0,0,0,0,0,1,0,0,0,0,0,0,0
tb.dut.clusters[0].cluster.sockets[0].socket.cores[0].core.execute.sfu_unit.dispatch_unit	10	2375	477	31	8	31	6	8	1385544	1385135	2,0,2,0,1,3,0,0,0,0,0,0,0,0,0,0,0,0,0,0,0,0,0,0,0,0,0,0,0,0,0,0,0,0,0,0,0,0,0,0	0,1,0,0,1,0,0,0,0,0,0,0,1,0,0,1,2,0,0,0,1,0,0,0,0,0,0,0,0,0,0,0,1,0,0,0,0,0,0,0	12	11	5	11	4	5	1385564	1385139	1,3,0,1,0,0,0,0,0,0,0,0,0,0,0,0,0,0,0,0,0,0,0,0,0,0,0,0,0,0,0,0,0,0,0,0,0,0,0,0	0,0,0,0,0,0,0,0,0,0,0,0,0,0,0,0,3,0,0,0,1,0,0,0,0,0,0,0,0,0,0,0,1,0,0,0,0,0,0,0
tb.dut.clusters[0].cluster.sockets[0].socket.cores[0].core.execute.sfu_unit.dispatch_unit.dispatch_if[0]	11	474	135	23	8	23	5	8	1385552	1385136	1,4,0,1,2,0,0,0,0,0,0,0,0,0,0,0,0,0,0,0,0,0,0,0,0,0,0,0,0,0,0,0,0,0,0,0,0,0,0,0	1,0,1,0,0,1,0,0,0,0,0,0,0,1,0,0,2,0,0,0,1,0,0,0,0,0,0,0,0,0,0,0,1,0,0,0,0,0,0,0	3	8	5	8	3	6	1385567	1385140	3,1,1,0,0,0,0,0,0,0,0,0,0,0,0,0,0,0,0,0,0,0,0,0,0,0,0,0,0,0,0,0,0,0,0,0,0,0,0,0	0,0,0,0,0,0,0,1,0,0,0,0,0,0,0,0,3,0,0,0,1,0,0,0,0,0,0,0,0,0,0,0,1,0,0,0,0,0,0,0
tb.dut.clusters[0].cluster.sockets[0].socket.cores[0].core.execute.sfu_unit.dispatch_unit.execute_if[0]	11	541	136	23	8	23	5	8	1385552	1385136	1,4,0,1,2,0,0,0,0,0,0,0,0,0,0,0,0,0,0,0,0,0,0,0,0,0,0,0,0,0,0,0,0,0,0,0,0,0,0,0	1,0,1,0,0,1,0,0,0,0,0,0,0,1,0,1,1,0,0,0,1,0,0,0,0,0,0,0,0,0,0,0,1,0,0,0,0,0,0,0	3	9	6	9	3	6	1385566	1385140	4,1,1,0,0,0,0,0,0,0,0,0,0,0,0,0,0,0,0,0,0,0,0,0,0,0,0,0,0,0,0,0,0,0,0,0,0,0,0,0	0,0,0,0,0,0,0,1,0,0,0,0,0,0,0,0,3,0,0,0,1,0,0,0,0,0,0,0,0,0,0,0,1,0,0,0,0,0,0,0
tb.dut.clusters[0].cluster.sockets[0].socket.cores[0].core.execute.sfu_unit.dispatch_unit.genblk5[0]	11	7	41	25	9	25	5	9	1385550	1385136	2,3,1,1,2,0,0,0,0,0,0,0,0,0,0,0,0,0,0,0,0,0,0,0,0,0,0,0,0,0,0,0,0,0,0,0,0,0,0,0	1,1,0,0,0,1,0,0,0,0,0,0,0,1,0,0,3,0,0,0,1,0,0,0,0,0,0,0,0,0,0,0,1,0,0,0,0,0,0,0	2	14	9	14	4	9	1385561	1385136	6,2,0,1,0,0,0,0,0,0,0,0,0,0,0,0,0,0,0,0,0,0,0,0,0,0,0,0,0,0,0,0,0,0,0,0,0,0,0,0	4,0,0,0,0,1,0,0,0,0,0,0,0,1,0,0,1,0,0,0,1,0,0,0,0,0,0,0,0,0,0,0,1,0,0,0,0,0,0,0
tb.dut.clusters[0].cluster.sockets[0].socket.cores[0].core.execute.sfu_unit.fpu_csr_if[0]	10	13	745160	294364	98345	294364	15	98346	1091211	8600	1,784,97540,0,2,10,1,1,0,0,0,0,0,0,6,0,0,0,0,0,0,0,0,0,0,0,0,0,0,0,0,0,0,0,0,0,0,0,0,0	34,1,5,0,0,0,49150,0,1,0,0,0,1,0,48381,770,1,0,0,0,1,0,0,0,0,1,0,0,0,0,0,0,0,0,0,0,0,0,0,0	2	276167	98145	276167	4	98146	1109408	8600	6100,6081,85951,13,0,0,0,0,0,0,0,0,0,0,0,0,0,0,0,0,0,0,0,0,0,0,0,0,0,0,0,0,0,0,0,0,0,0,0,0	3,0,13,2,11,7,48286,668,1,0,0,0,0,1,38126,4745,6281,0,0,0,1,0,0,0,0,1,0,0,0,0,0,0,0,0,0,0,0,0,0,0
tb.dut.clusters[0].cluster.sockets[0].socket.cores[0].core.execute.sfu_unit.gather_unit	10	1472	685	28	7	28	6	8	1385547	1385135	2,0,1,0,1,3,0,0,0,0,0,0,0,0,0,0,0,0,0,0,0,0,0,0,0,0,0,0,0,0,0,0,0,0,0,0,0,0,0,0	0,0,1,0,1,0,0,0,0,0,0,0,2,0,0,0,2,0,0,0,1,0,0,0,0,0,0,0,0,0,0,0,1,0,0,0,0,0,0,0	8	20	7	20	6	8	1385555	1385135	2,1,2,1,0,1,0,0,0,0,0,0,0,0,0,0,0,0,0,0,0,0,0,0,0,0,0,0,0,0,0,0,0,0,0,0,0,0,0,0	2,0,0,0,0,0,1,0,0,0,0,0,0,2,0,0,1,0,0,0,1,0,0,0,0,0,0,0,0,0,0,0,1,0,0,0,0,0,0,0
tb.dut.clusters[0].cluster.sockets[0].socket.cores[0].core.execute.sfu_unit.gather_unit.commit_in_if[0]	11	242	121	20	6	20	5	7	1385555	1385136	0,3,0,1,2,0,0,0,0,0,0,0,0,0,0,0,0,0,0,0,0,0,0,0,0,0,0,0,0,0,0,0,0,0,0,0,0,0,0,0	1,0,0,0,0,1,0,0,0,0,0,0,0,2,0,0,1,0,0,0,1,0,0,0,0,0,0,0,0,0,0,0,1,0,0,0,0,0,0,0	2	18	8	18	5	9	1385557	1385136	3,3,0,1,1,0,0,0,0,0,0,0,0,0,0,0,0,0,0,0,0,0,0,0,0,0,0,0,0,0,0,0,0,0,0,0,0,0,0,0	3,0,0,0,0,1,0,0,0,0,0,0,0,2,0,0,1,0,0,0,1,0,0,0,0,0,0,0,0,0,0,0,1,0,0,0,0,0,0,0
tb.dut.clusters[0].cluster.sockets[0].socket.cores[0].core.execute.sfu_unit.gather_unit.commit_out_if[0]	11	242	135	20	6	20	5	7	1385555	1385136	0,3,0,1,2,0,0,0,0,0,0,0,0,0,0,0,0,0,0,0,0,0,0,0,0,0,0,0,0,0,0,0,0,0,0,0,0,0,0,0	1,0,0,0,0,1,0,0,0,0,0,0,1,1,0,0,1,0,0,0,1,0,0,0,0,0,0,0,0,0,0,0,1,0,0,0,0,0,0,0	2	18	8	18	5	9	1385557	1385136	3,3,0,1,1,0,0,0,0,0,0,0,0,0,0,0,0,0,0,0,0,0,0,0,0,0,0,0,0,0,0,0,0,0,0,0,0,0,0,0	3,0,0,0,0,1,0,0,0,0,0,0,1,1,0,0,1,0,0,0,1,0,0,0,0,0,0,0,0,0,0,0,1,0,0,0,0,0,0,0
tb.dut.clusters[0].cluster.sockets[0].socket.cores[0].core.execute.sfu_unit.gather_unit.genblk5[0]	11	374	185	20	6	20	5	7	1385555	1385136	0,3,0,1,2,0,0,0,0,0,0,0,0,0,0,0,0,0,0,0,0,0,0,0,0,0,0,0,0,0,0,0,0,0,0,0,0,0,0,0	1,0,0,0,0,1,0,0,0,0,0,0,1,1,0,0,1,0,0,0,1,0,0,0,0,0,0,0,0,0,0,0,1,0,0,0,0,0,0,0	2	18	8	18	5	9	1385557	1385136	3,3,0,1,1,0,0,0,0,0,0,0,0,0,0,0,0,0,0,0,0,0,0,0,0,0,0,0,0,0,0,0,0,0,0,0,0,0,0,0	3,0,0,0,0,1,0,0,0,0,0,0,1,1,0,0,1,0,0,0,1,0,0,0,0,0,0,0,0,0,0,0,1,0,0,0,0,0,0,0
tb.dut.clusters[0].cluster.sockets[0].socket.cores[0].core.execute.sfu_unit.gather_unit.genblk5[0].commit_tmp_if	12	242	135	20	6	20	5	7	1385555	1385136	0,3,0,1,2,0,0,0,0,0,0,0,0,0,0,0,0,0,0,0,0,0,0,0,0,0,0,0,0,0,0,0,0,0,0,0,0,0,0,0	1,0,0,0,0,1,0,0,0,0,0,0,1,1,0,0,1,0,0,0,1,0,0,0,0,0,0,0,0,0,0,0,1,0,0,0,0,0,0,0	2	18	8	18	5	9	1385557	1385136	3,3,0,1,1,0,0,0,0,0,0,0,0,0,0,0,0,0,0,0,0,0,0,0,0,0,0,0,0,0,0,0,0,0,0,0,0,0,0,0	3,0,0,0,0,1,0,0,0,0,0,0,1,1,0,0,1,0,0,0,1,0,0,0,0,0,0,0,0,0,0,0,1,0,0,0,0,0,0,0
tb.dut.clusters[0].cluster.sockets[0].socket.cores[0].core.execute.sfu_unit.per_block_execute_if[0]	10	541	136	23	8	23	5	8	1385552	1385136	1,4,0,1,2,0,0,0,0,0,0,0,0,0,0,0,0,0,0,0,0,0,0,0,0,0,0,0,0,0,0,0,0,0,0,0,0,0,0,0	1,0,1,0,0,1,0,0,0,0,0,0,0,1,0,1,1,0,0,0,1,0,0,0,0,0,0,0,0,0,0,0,1,0,0,0,0,0,0,0	3	9	6	9	3	6	1385566	1385140	4,1,1,0,0,0,0,0,0,0,0,0,0,0,0,0,0,0,0,0,0,0,0,0,0,0,0,0,0,0,0,0,0,0,0,0,0,0,0,0	0,0,0,0,0,0,0,1,0,0,0,0,0,0,0,0,3,0,0,0,1,0,0,0,0,0,0,0,0,0,0,0,1,0,0,0,0,0,0,0
tb.dut.clusters[0].cluster.sockets[0].socket.cores[0].core.execute.sfu_unit.sched_csr_if	10	70	2771669	1385545	2	1385545	1385541	2	30	20	0,0,0,1,0,0,0,0,0,0,0,0,0,0,0,0,0,0,0,0,0,0,0,0,0,0,0,0,0,0,0,0,1,0,0,0,0,0,0,0	0,0,0,0,0,0,0,0,0,1,0,0,0,0,0,0,1,0,0,0,0,0,0,0,0,0,0,0,0,0,0,0,0,0,0,0,0,0,0,0	2	693036	692508	693036	9	692509	692539	21	692252,0,252,0,1,0,2,0,1,0,0,0,0,0,0,0,0,0,0,0,0,0,0,0,0,0,0,0,0,0,0,0,0,0,0,0,0,0,0,0	692507,0,0,0,0,0,0,0,0,0,1,0,0,0,0,0,1,0,0,0,0,0,0,0,0,0,0,0,0,0,0,0,0,0,0,0,0,0,0,0
tb.dut.clusters[0].cluster.sockets[0].socket.cores[0].core.execute.sfu_unit.warp_ctl_if	10	98	151	23	5	23	6	6	1385552	1385136	0,1,0,0,3,1,0,0,0,0,0,0,0,0,0,0,0,0,0,0,0,0,0,0,0,0,0,0,0,0,0,0,0,0,0,0,0,0,0,0	0,0,0,0,1,0,0,0,0,0,0,0,1,0,1,0,1,0,0,0,1,0,0,0,0,0,0,0,0,0,0,0,1,0,0,0,0,0,0,0	2	16	6	16	5	7	1385559	1385139	1,3,0,1,1,0,0,0,0,0,0,0,0,0,0,0,0,0,0,0,0,0,0,0,0,0,0,0,0,0,0,0,0,0,0,0,0,0,0,0	1,0,0,0,0,1,0,0,0,0,0,0,0,0,2,0,1,0,0,0,1,0,0,0,0,0,0,0,0,0,0,0,1,0,0,0,0,0,0,0
tb.dut.clusters[0].cluster.sockets[0].socket.cores[0].core.execute.sfu_unit.wctl_commit_if	10	242	75	15	5	15	5	6	1385560	1385155	0,3,0,1,1,0,0,0,0,0,0,0,0,0,0,0,0,0,0,0,0,0,0,0,0,0,0,0,0,0,0,0,0,0,0,0,0,0,0,0	1,0,0,0,0,1,0,0,0,0,0,0,0,0,1,0,1,0,0,0,1,0,0,0,0,0,0,0,0,0,0,0,1,0,0,0,0,0,0,0	2	13	7	13	4	8	1385562	1385155	3,3,0,1,0,0,0,0,0,0,0,0,0,0,0,0,0,0,0,0,0,0,0,0,0,0,0,0,0,0,0,0,0,0,0,0,0,0,0,0	3,0,0,0,0,1,0,0,0,0,0,0,0,0,1,0,1,0,0,0,1,0,0,0,0,0,0,0,0,0,0,0,1,0,0,0,0,0,0,0
tb.dut.clusters[0].cluster.sockets[0].socket.cores[0].core.execute.sfu_unit.wctl_execute_if	10	541	134	23	8	23	5	8	1385552	1385136	1,4,0,1,2,0,0,0,0,0,0,0,0,0,0,0,0,0,0,0,0,0,0,0,0,0,0,0,0,0,0,0,0,0,0,0,0,0,0,0	1,0,1,0,0,1,0,0,0,0,0,0,0,1,0,1,1,0,0,0,1,0,0,0,0,0,0,0,0,0,0,0,1,0,0,0,0,0,0,0	3	9	6	9	3	6	1385566	1385140	4,1,1,0,0,0,0,0,0,0,0,0,0,0,0,0,0,0,0,0,0,0,0,0,0,0,0,0,0,0,0,0,0,0,0,0,0,0,0,0	0,0,0,0,0,0,0,1,0,0,0,0,0,0,0,0,3,0,0,0,1,0,0,0,0,0,0,0,0,0,0,0,1,0,0,0,0,0,0,0
tb.dut.clusters[0].cluster.sockets[0].socket.cores[0].core.execute.sfu_unit.wctl_unit	10	1376	631	29	8	29	6	8	1385546	1385136	2,1,1,0,2,2,0,0,0,0,0,0,0,0,0,0,0,0,0,0,0,0,0,0,0,0,0,0,0,0,0,0,0,0,0,0,0,0,0,0	0,0,1,0,1,0,0,0,0,0,0,0,1,0,1,0,2,0,0,0,1,0,0,0,0,0,0,0,0,0,0,0,1,0,0,0,0,0,0,0	7	17	6	17	6	7	1385558	1385140	2,1,1,1,0,1,0,0,0,0,0,0,0,0,0,0,0,0,0,0,0,0,0,0,0,0,0,0,0,0,0,0,0,0,0,0,0,0,0,0	1,0,0,0,0,0,1,0,0,0,0,0,1,0,0,1,1,0,0,0,1,0,0,0,0,0,0,0,0,0,0,0,1,0,0,0,0,0,0,0
tb.dut.clusters[0].cluster.sockets[0].socket.cores[0].core.execute.sfu_unit.wctl_unit.commit_if	11	242	75	15	5	15	5	6	1385560	1385155	0,3,0,1,1,0,0,0,0,0,0,0,0,0,0,0,0,0,0,0,0,0,0,0,0,0,0,0,0,0,0,0,0,0,0,0,0,0,0,0	1,0,0,0,0,1,0,0,0,0,0,0,0,0,1,0,1,0,0,0,1,0,0,0,0,0,0,0,0,0,0,0,1,0,0,0,0,0,0,0	2	13	7	13	4	8	1385562	1385155	3,3,0,1,0,0,0,0,0,0,0,0,0,0,0,0,0,0,0,0,0,0,0,0,0,0,0,0,0,0,0,0,0,0,0,0,0,0,0,0	3,0,0,0,0,1,0,0,0,0,0,0,0,0,1,0,1,0,0,0,1,0,0,0,0,0,0,0,0,0,0,0,1,0,0,0,0,0,0,0
tb.dut.clusters[0].cluster.sockets[0].socket.cores[0].core.execute.sfu_unit.wctl_unit.execute_if	11	541	134	23	8	23	5	8	1385552	1385136	1,4,0,1,2,0,0,0,0,0,0,0,0,0,0,0,0,0,0,0,0,0,0,0,0,0,0,0,0,0,0,0,0,0,0,0,0,0,0,0	1,0,1,0,0,1,0,0,0,0,0,0,0,1,0,1,1,0,0,0,1,0,0,0,0,0,0,0,0,0,0,0,1,0,0,0,0,0,0,0	3	9	6	9	3	6	1385566	1385140	4,1,1,0,0,0,0,0,0,0,0,0,0,0,0,0,0,0,0,0,0,0,0,0,0,0,0,0,0,0,0,0,0,0,0,0,0,0,0,0	0,0,0,0,0,0,0,1,0,0,0,0,0,0,0,0,3,0,0,0,1,0,0,0,0,0,0,0,0,0,0,0,1,0,0,0,0,0,0,0
tb.dut.clusters[0].cluster.sockets[0].socket.cores[0].core.execute.sfu_unit.wctl_unit.warp_ctl_if	11	98	151	23	5	23	6	6	1385552	1385136	0,1,0,0,3,1,0,0,0,0,0,0,0,0,0,0,0,0,0,0,0,0,0,0,0,0,0,0,0,0,0,0,0,0,0,0,0,0,0,0	0,0,0,0,1,0,0,0,0,0,0,0,1,0,1,0,1,0,0,0,1,0,0,0,0,0,0,0,0,0,0,0,1,0,0,0,0,0,0,0	2	16	6	16	5	7	1385559	1385139	1,3,0,1,1,0,0,0,0,0,0,0,0,0,0,0,0,0,0,0,0,0,0,0,0,0,0,0,0,0,0,0,0,0,0,0,0,0,0,0	1,0,0,0,0,1,0,0,0,0,0,0,0,0,2,0,1,0,0,0,1,0,0,0,0,0,0,0,0,0,0,0,1,0,0,0,0,0,0,0
tb.dut.clusters[0].cluster.sockets[0].socket.cores[0].core.execute.warp_ctl_if	9	98	151	23	5	23	6	6	1385552	1385136	0,1,0,0,3,1,0,0,0,0,0,0,0,0,0,0,0,0,0,0,0,0,0,0,0,0,0,0,0,0,0,0,0,0,0,0,0,0,0,0	0,0,0,0,1,0,0,0,0,0,0,0,1,0,1,0,1,0,0,0,1,0,0,0,0,0,0,0,0,0,0,0,1,0,0,0,0,0,0,0	2	16	6	16	5	7	1385559	1385139	1,3,0,1,1,0,0,0,0,0,0,0,0,0,0,0,0,0,0,0,0,0,0,0,0,0,0,0,0,0,0,0,0,0,0,0,0,0,0,0	1,0,0,0,0,1,0,0,0,0,0,0,0,0,2,0,1,0,0,0,1,0,0,0,0,0,0,0,0,0,0,0,1,0,0,0,0,0,0,0
tb.dut.clusters[0].cluster.sockets[0].socket.cores[0].core.fetch	8	462	4182705	219869	22644	219869	89	22644	1165706	255	11,774,4,57,22,15,773,19188,768,1,1,0,0,1,1,0,256,768,4,0,0,0,0,0,0,0,0,0,0,0,0,0,0,0,0,0,0,0,0,0	12,5,1,8,3,289,1,766,1,1,5,5,15,16,1,7,31,20704,3,770,0,0,0,0,0,0,0,0,0,0,0,0,0,0,0,0,0,0,0,0	3	196437	23662	196437	88	23662	1189138	256	1543,259,73,781,15,5,19953,1,0,1,0,0,1,1,1,0,256,769,3,0,0,0,0,0,0,0,0,0,0,0,0,0,0,0,0,0,0,0,0,0	1034,2,6,0,4,255,38,0,767,0,1,0,8,12,20,2,33,20707,3,770,0,0,0,0,0,0,0,0,0,0,0,0,0,0,0,0,0,0,0,0
tb.dut.clusters[0].cluster.sockets[0].socket.cores[0].core.fetch.fetch_if	9	72	1204954	189615	25204	189615	70	25205	1195960	285	776,1635,10,1794,1,255,19954,3,0,0,1,0,1,0,2,0,1,770,1,0,0,0,0,0,0,0,0,0,0,0,0,0,0,0,0,0,0,0,0,0	777,1799,3,5,3,1,1,41,765,255,1,0,0,1,7,31,34,20708,3,769,1,0,0,0,0,0,0,0,0,0,0,0,0,0,0,0,0,0,0,0	2	140264	52173	140264	6	52174	1245311	285	23219,2339,26,20937,5371,281,0,0,0,0,0,0,0,0,0,0,0,0,0,0,0,0,0,0,0,0,0,0,0,0,0,0,0,0,0,0,0,0,0,0	27742,1032,771,5,4,3,1,2,36,1024,0,1,0,0,1,7,65,20707,3,769,1,0,0,0,0,0,0,0,0,0,0,0,0,0,0,0,0,0,0,0
tb.dut.clusters[0].cluster.sockets[0].socket.cores[0].core.fetch.icache_bus_if	9	272	1434566	218544	22914	218544	88	22914	1167031	255	12,797,10,73,256,6,774,19188,766,2,0,0,0,2,0,0,256,769,3,0,0,0,0,0,0,0,0,0,0,0,0,0,0,0,0,0,0,0,0,0	280,5,2,10,2,35,256,766,0,1,6,5,1,28,1,6,33,20704,3,770,0,0,0,0,0,0,0,0,0,0,0,0,0,0,0,0,0,0,0,0	2	192723	26330	192723	70	26330	1192852	275	1619,3681,69,3,5,1,19153,768,0,1,1,0,1,0,0,0,256,771,1,0,0,0,0,0,0,0,0,0,0,0,0,0,0,0,0,0,0,0,0,0	2933,768,9,2,3,5,289,0,767,0,1,4,3,3,28,1,34,20707,3,769,1,0,0,0,0,0,0,0,0,0,0,0,0,0,0,0,0,0,0,0
tb.dut.clusters[0].cluster.sockets[0].socket.cores[0].core.fetch.schedule_if	9	40	412046	169368	24192	169368	70	24192	1216207	287	4,844,2590,262,309,19408,1,0,1,0,0,3,0,0,0,0,0,768,2,0,0,0,0,0,0,0,0,0,0,0,0,0,0,0,0,0,0,0,0,0	1304,258,774,7,0,2,3,38,255,765,1,1,0,4,17,18,32,19940,3,4,766,0,0,0,0,0,0,0,0,0,0,0,0,0,0,0,0,0,0,0	2	112890	55705	112890	6	55705	1272685	287	27958,908,25539,256,789,255,0,0,0,0,0,0,0,0,0,0,0,0,0,0,0,0,0,0,0,0,0,0,0,0,0,0,0,0,0,0,0,0,0,0	32780,287,792,6,1,1,4,18,0,10,765,0,256,4,11,19,31,19947,3,4,766,0,0,0,0,0,0,0,0,0,0,0,0,0,0,0,0,0,0,0
tb.dut.clusters[0].cluster.sockets[0].socket.cores[0].core.fetch_if	8	72	1204954	189615	25204	189615	70	25205	1195960	285	776,1635,10,1794,1,255,19954,3,0,0,1,0,1,0,2,0,1,770,1,0,0,0,0,0,0,0,0,0,0,0,0,0,0,0,0,0,0,0,0,0	777,1799,3,5,3,1,1,41,765,255,1,0,0,1,7,31,34,20708,3,769,1,0,0,0,0,0,0,0,0,0,0,0,0,0,0,0,0,0,0,0	2	140264	52173	140264	6	52174	1245311	285	23219,2339,26,20937,5371,281,0,0,0,0,0,0,0,0,0,0,0,0,0,0,0,0,0,0,0,0,0,0,0,0,0,0,0,0,0,0,0,0,0,0	27742,1032,771,5,4,3,1,2,36,1024,0,1,0,0,1,7,65,20707,3,769,1,0,0,0,0,0,0,0,0,0,0,0,0,0,0,0,0,0,0,0
tb.dut.clusters[0].cluster.sockets[0].socket.cores[0].core.genblk1[0]	8	2745	33207	576	24	576	533	25	1384999	1376873	12,8,0,0,3,0,0,0,0,0,0,0,0,0,0,0,0,0,0,0,0,1,0,0,0,0,0,0,0,0,0,0,0,0,0,0,0,0,0,0	0,6,4,3,0,0,0,0,0,0,0,0,0,0,0,1,4,0,5,0,0,0,0,0,1,0,0,0,0,0,0,0,1,0,0,0,0,0,0,0	14	278	276	278	2	277	1385297	1376962	274,2,0,0,0,0,0,0,0,0,0,0,0,0,0,0,0,0,0,0,0,0,0,0,0,0,0,0,0,0,0,0,0,0,0,0,0,0,0,0	264,0,4,3,0,0,0,0,0,0,0,0,0,0,0,0,0,0,4,0,0,0,0,0,1,0,0,0,0,0,0,0,1,0,0,0,0,0,0,0
tb.dut.clusters[0].cluster.sockets[0].socket.cores[0].core.genblk1[0].dcache_bus_tmp_if[0]	9	474	5666	574	22	574	533	23	1385001	1376873	10,8,0,0,3,0,0,0,0,0,0,0,0,0,0,0,0,0,0,0,0,1,0,0,0,0,0,0,0,0,0,0,0,0,0,0,0,0,0,0	0,4,4,3,1,0,0,0,0,0,0,0,0,0,0,0,4,0,5,0,0,0,0,0,1,0,0,0,0,0,0,0,1,0,0,0,0,0,0,0	3	278	276	278	2	277	1385297	1376962	274,2,0,0,0,0,0,0,0,0,0,0,0,0,0,0,0,0,0,0,0,0,0,0,0,0,0,0,0,0,0,0,0,0,0,0,0,0,0,0	264,0,4,3,0,0,0,0,0,0,0,0,0,0,0,0,0,0,4,0,0,0,0,0,1,0,0,0,0,0,0,0,1,0,0,0,0,0,0,0
tb.dut.clusters[0].cluster.sockets[0].socket.cores[0].core.genblk1[0].dcache_coalesced_if	9	508	5667	574	22	574	533	23	1385001	1376873	10,8,0,0,3,0,0,0,0,0,0,0,0,0,0,0,0,0,0,0,0,1,0,0,0,0,0,0,0,0,0,0,0,0,0,0,0,0,0,0	0,4,4,3,1,0,0,0,0,0,0,0,0,0,0,0,4,0,5,0,0,0,0,0,1,0,0,0,0,0,0,0,1,0,0,0,0,0,0,0	3	278	276	278	2	277	1385297	1376962	274,2,0,0,0,0,0,0,0,0,0,0,0,0,0,0,0,0,0,0,0,0,0,0,0,0,0,0,0,0,0,0,0,0,0,0,0,0,0,0	264,0,4,3,0,0,0,0,0,0,0,0,0,0,0,0,0,0,4,0,0,0,0,0,1,0,0,0,0,0,0,0,1,0,0,0,0,0,0,0
tb.dut.clusters[0].cluster.sockets[0].socket.cores[0].core.genblk1[0].genblk1	9	1	2	2	2	2	1	3	1385573	1385552	2,0,0,0,0,0,0,0,0,0,0,0,0,0,0,0,0,0,0,0,0,0,0,0,0,0,0,0,0,0,0,0,0,0,0,0,0,0,0,0	0,1,0,0,0,0,0,0,0,0,0,0,0,0,0,0,1,0,0,0,0,0,0,0,0,0,0,0,0,0,0,0,1,0,0,0,0,0,0,0	2	0	0	0	0	1	1385575	1385575	0,0,0,0,0,0,0,0,0,0,0,0,0,0,0,0,0,0,0,0,0,0,0,0,0,0,0,0,0,0,0,0,0,0,0,0,0,0,0,0	0,0,0,0,0,0,0,0,0,0,0,0,0,0,0,0,0,0,0,0,0,0,0,0,0,0,0,0,0,0,0,0,1,0,0,0,0,0,0,0
tb.dut.clusters[0].cluster.sockets[0].socket.cores[0].core.genblk1[0].lsu_adapter	9	1761	21870	576	24	576	533	25	1384999	1376873	12,8,0,0,3,0,0,0,0,0,0,0,0,0,0,0,0,0,0,0,0,1,0,0,0,0,0,0,0,0,0,0,0,0,0,0,0,0,0,0	0,6,4,3,0,0,0,0,0,0,0,0,0,0,0,1,4,0,5,0,0,0,0,0,1,0,0,0,0,0,0,0,1,0,0,0,0,0,0,0	9	278	276	278	2	277	1385297	1376962	274,2,0,0,0,0,0,0,0,0,0,0,0,0,0,0,0,0,0,0,0,0,0,0,0,0,0,0,0,0,0,0,0,0,0,0,0,0,0,0	264,0,4,3,0,0,0,0,0,0,0,0,0,0,0,0,0,0,4,0,0,0,0,0,1,0,0,0,0,0,0,0,1,0,0,0,0,0,0,0
tb.dut.clusters[0].cluster.sockets[0].socket.cores[0].core.genblk1[0].lsu_adapter.lsu_mem_if	10	508	5667	574	22	574	533	23	1385001	1376873	10,8,0,0,3,0,0,0,0,0,0,0,0,0,0,0,0,0,0,0,0,1,0,0,0,0,0,0,0,0,0,0,0,0,0,0,0,0,0,0	0,4,4,3,1,0,0,0,0,0,0,0,0,0,0,0,4,0,5,0,0,0,0,0,1,0,0,0,0,0,0,0,1,0,0,0,0,0,0,0	3	278	276	278	2	277	1385297	1376962	274,2,0,0,0,0,0,0,0,0,0,0,0,0,0,0,0,0,0,0,0,0,0,0,0,0,0,0,0,0,0,0,0,0,0,0,0,0,0,0	264,0,4,3,0,0,0,0,0,0,0,0,0,0,0,0,0,0,4,0,0,0,0,0,1,0,0,0,0,0,0,0,1,0,0,0,0,0,0,0
tb.dut.clusters[0].cluster.sockets[0].socket.cores[0].core.genblk1[0].lsu_adapter.mem_bus_if[0]	10	474	5666	574	22	574	533	23	1385001	1376873	10,8,0,0,3,0,0,0,0,0,0,0,0,0,0,0,0,0,0,0,0,1,0,0,0,0,0,0,0,0,0,0,0,0,0,0,0,0,0,0	0,4,4,3,1,0,0,0,0,0,0,0,0,0,0,0,4,0,5,0,0,0,0,0,1,0,0,0,0,0,0,0,1,0,0,0,0,0,0,0	3	278	276	278	2	277	1385297	1376962	274,2,0,0,0,0,0,0,0,0,0,0,0,0,0,0,0,0,0,0,0,0,0,0,0,0,0,0,0,0,0,0,0,0,0,0,0,0,0,0	264,0,4,3,0,0,0,0,0,0,0,0,0,0,0,0,0,0,4,0,0,0,0,0,1,0,0,0,0,0,0,0,1,0,0,0,0,0,0,0
tb.dut.clusters[0].cluster.sockets[0].socket.cores[0].core.icache_bus_if	8	272	1434566	218544	22914	218544	88	22914	1167031	255	12,797,10,73,256,6,774,19188,766,2,0,0,0,2,0,0,256,769,3,0,0,0,0,0,0,0,0,0,0,0,0,0,0,0,0,0,0,0,0,0	280,5,2,10,2,35,256,766,0,1,6,5,1,28,1,6,33,20704,3,770,0,0,0,0,0,0,0,0,0,0,0,0,0,0,0,0,0,0,0,0	2	192723	26330	192723	70	26330	1192852	275	1619,3681,69,3,5,1,19153,768,0,1,1,0,1,0,0,0,256,771,1,0,0,0,0,0,0,0,0,0,0,0,0,0,0,0,0,0,0,0,0,0	2933,768,9,2,3,5,289,0,767,0,1,4,3,3,28,1,34,20707,3,769,1,0,0,0,0,0,0,0,0,0,0,0,0,0,0,0,0,0,0,0
tb.dut.clusters[0].cluster.sockets[0].socket.cores[0].core.issue	8	16589	232857296	1385259	7	1385259	1376616	7	316	284	0,2,0,1,0,0,0,0,1,0,0,0,0,0,0,0,0,1,0,0,0,0,0,0,0,1,0,0,0,0,0,0,1,0,0,0,0,0,0,0	2,1,1,0,0,0,0,0,0,0,0,1,1,0,0,0,0,0,0,0,1,0,0,0,0,0,0,0,0,0,0,0,0,0,0,0,0,0,0,0	83	457709	103801	457709	52	103802	927866	310	3865,794,1027,72964,19238,2318,256,1531,1,2,11,1,0,754,1,1,1034,3,0,0,0,0,0,0,0,0,0,0,0,0,0,0,0,0,0,0,0,0,0,0	5173,2575,1586,2305,9974,35334,770,1,6,1,3,17,9209,36843,2,1,0,0,1,0,1,0,0,0,0,0,0,0,0,0,0,0,0,0,0,0,0,0,0,0
tb.dut.clusters[0].cluster.sockets[0].socket.cores[0].core.issue.decode_if	9	172	1365260	189615	25204	189615	70	25205	1195960	285	776,1635,10,1794,1,255,19954,3,0,0,1,0,1,0,2,0,1,770,1,0,0,0,0,0,0,0,0,0,0,0,0,0,0,0,0,0,0,0,0,0	777,1799,3,5,3,1,1,41,765,255,1,0,0,1,7,31,34,20708,3,769,1,0,0,0,0,0,0,0,0,0,0,0,0,0,0,0,0,0,0,0	2	140264	52173	140264	6	52174	1245311	285	23219,2339,26,20937,5371,281,0,0,0,0,0,0,0,0,0,0,0,0,0,0,0,0,0,0,0,0,0,0,0,0,0,0,0,0,0,0,0,0,0,0	27742,1032,771,5,4,3,1,2,36,1024,0,1,0,0,1,7,65,20707,3,769,1,0,0,0,0,0,0,0,0,0,0,0,0,0,0,0,0,0,0,0
tb.dut.clusters[0].cluster.sockets[0].socket.cores[0].core.issue.dispatch_if[0]	9	474	517596	16813	4159	16813	8	4159	1368762	1738	2,558,774,1790,4,1026,3,2,0,0,0,0,0,0,0,0,0,0,0,0,0,0,0,0,0,0,0,0,0,0,0,0,0,0,0,0,0,0,0,0	273,8,3,257,2,2046,4,2,0,1,0,0,1,3,0,0,782,6,1,0,2,0,768,0,0,0,0,0,0,0,0,0,0,0,0,0,0,0,0,0	3	9624	4667	9624	8	4668	1375951	1740	2313,1061,260,768,257,6,0,2,0,0,0,0,0,0,0,0,0,0,0,0,0,0,0,0,0,0,0,0,0,0,0,0,0,0,0,0,0,0,0,0	781,8,2,3,2,1024,258,257,766,1,2,1,1,3,0,0,781,7,1,0,2,0,768,0,0,0,0,0,0,0,0,0,0,0,0,0,0,0,0,0
tb.dut.clusters[0].cluster.sockets[0].socket.cores[0].core.issue.dispatch_if[1]	9	474	4439	152	73	152	8	73	1385423	1376951	2,68,2,0,0,0,0,1,0,0,0,0,0,0,0,0,0,0,0,0,0,0,0,0,0,0,0,0,0,0,0,0,0,0,0,0,0,0,0,0	0,3,2,1,0,62,0,0,0,0,0,0,0,0,0,0,0,0,3,0,0,0,0,0,1,0,0,0,0,0,0,0,1,0,0,0,0,0,0,0	3	80	71	80	8	72	1385495	1376957	68,2,0,0,0,0,0,1,0,0,0,0,0,0,0,0,0,0,0,0,0,0,0,0,0,0,0,0,0,0,0,0,0,0,0,0,0,0,0,0	0,1,2,1,1,0,62,0,0,0,0,0,0,0,0,0,0,0,3,0,0,0,0,0,1,0,0,0,0,0,0,0,1,0,0,0,0,0,0,0
tb.dut.clusters[0].cluster.sockets[0].socket.cores[0].core.issue.dispatch_if[2]	9	474	135	23	8	23	5	8	1385552	1385136	1,4,0,1,2,0,0,0,0,0,0,0,0,0,0,0,0,0,0,0,0,0,0,0,0,0,0,0,0,0,0,0,0,0,0,0,0,0,0,0	1,0,1,0,0,1,0,0,0,0,0,0,0,1,0,0,2,0,0,0,1,0,0,0,0,0,0,0,0,0,0,0,1,0,0,0,0,0,0,0	3	8	5	8	3	6	1385567	1385140	3,1,1,0,0,0,0,0,0,0,0,0,0,0,0,0,0,0,0,0,0,0,0,0,0,0,0,0,0,0,0,0,0,0,0,0,0,0,0,0	0,0,0,0,0,0,0,1,0,0,0,0,0,0,0,0,3,0,0,0,1,0,0,0,0,0,0,0,0,0,0,0,1,0,0,0,0,0,0,0
tb.dut.clusters[0].cluster.sockets[0].socket.cores[0].core.issue.dispatch_if[3]	9	474	6180537	196757	98368	196757	8	98368	1188818	8627	3,98358,0,3,2,0,0,2,0,0,0,0,0,0,0,0,0,0,0,0,0,0,0,0,0,0,0,0,0,0,0,0,0,0,0,0,0,0,0,0	34,15,2,9,3,1,0,49149,0,1,0,0,0,1,0,49148,3,0,0,0,1,0,0,0,0,1,0,0,0,0,0,0,0,0,0,0,0,0,0,0	3	98444	98368	98444	8	98369	1287131	8627	98309,53,1,2,2,0,0,1,0,0,0,0,0,0,0,0,0,0,0,0,0,0,0,0,0,0,0,0,0,0,0,0,0,0,0,0,0,0,0,0	35,15,2,5,7,1,0,0,49149,0,1,0,0,0,1,0,49151,0,0,0,1,0,0,0,0,1,0,0,0,0,0,0,0,0,0,0,0,0,0,0
tb.dut.clusters[0].cluster.sockets[0].socket.cores[0].core.issue.issue_slices[0]	9	14341	207800434	1385258	7	1385258	1376616	7	317	284	0,2,1,0,0,0,0,0,1,0,0,0,0,0,0,0,0,1,0,0,0,0,0,0,0,1,0,0,0,0,0,0,1,0,0,0,0,0,0,0	2,1,1,0,0,0,0,0,0,0,0,1,0,1,0,0,0,0,0,0,1,0,0,0,0,0,0,0,0,0,0,0,0,0,0,0,0,0,0,0	72	454922	102259	454922	52	102260	930653	310	3088,795,8,73206,19245,2322,256,1532,1,2,11,1,0,738,16,0,1035,3,0,0,0,0,0,0,0,0,0,0,0,0,0,0,0,0,0,0,0,0,0,0	4674,2295,822,2306,9214,35328,770,1,5,1,2,11,9982,36845,1,1,0,0,1,0,1,0,0,0,0,0,0,0,0,0,0,0,0,0,0,0,0,0,0,0
tb.dut.clusters[0].cluster.sockets[0].socket.cores[0].core.issue.issue_slices[0].issue_slice	10	12272	199732465	1385258	7	1385258	1376616	7	317	284	0,2,1,0,0,0,0,0,1,0,0,0,0,0,0,0,0,1,0,0,0,0,0,0,0,1,0,0,0,0,0,0,1,0,0,0,0,0,0,0	2,1,1,0,0,0,0,0,0,0,0,1,0,1,0,0,0,0,0,0,1,0,0,0,0,0,0,0,0,0,0,0,0,0,0,0,0,0,0,0	62	472256	101447	472256	60	101447	913319	310	3067,19,5,59383,29223,6153,257,1531,3,2,0,1,1,349,401,0,1047,5,0,0,0,0,0,0,0,0,0,0,0,0,0,0,0,0,0,0,0,0,0,0	5795,1129,823,3840,13056,29183,3,1,5,0,2,1549,16881,29176,1,1,0,0,1,0,1,0,0,0,0,0,0,0,0,0,0,0,0,0,0,0,0,0,0,0
tb.dut.clusters[0].cluster.sockets[0].socket.cores[0].core.issue.issue_slices[0].issue_slice.decode_if	11	172	1365260	189615	25204	189615	70	25205	1195960	285	776,1635,10,1794,1,255,19954,3,0,0,1,0,1,0,2,0,1,770,1,0,0,0,0,0,0,0,0,0,0,0,0,0,0,0,0,0,0,0,0,0	777,1799,3,5,3,1,1,41,765,255,1,0,0,1,7,31,34,20708,3,769,1,0,0,0,0,0,0,0,0,0,0,0,0,0,0,0,0,0,0,0	2	140264	52173	140264	6	52174	1245311	285	23219,2339,26,20937,5371,281,0,0,0,0,0,0,0,0,0,0,0,0,0,0,0,0,0,0,0,0,0,0,0,0,0,0,0,0,0,0,0,0,0,0	27742,1032,771,5,4,3,1,2,36,1024,0,1,0,0,1,7,65,20707,3,769,1,0,0,0,0,0,0,0,0,0,0,0,0,0,0,0,0,0,0,0
tb.dut.clusters[0].cluster.sockets[0].socket.cores[0].core.issue.issue_slices[0].issue_slice.dispatch	11	2421	13729477	317025	99926	317025	27	99926	1068550	293	2,767,95276,6,1,1034,1031,1021,3,768,4,0,1,1,0,0,11,0,0,0,0,0,0,0,0,0,0,0,0,0,0,0,0,0,0,0,0,0,0,0	7,1796,779,2049,60,2,46843,2,0,0,0,6,1,0,48374,3,2,0,1,0,1,0,0,0,0,0,0,0,0,0,0,0,0,0,0,0,0,0,0,0	13	208789	101747	208789	17	101748	1176786	349	2083,97582,6,768,262,266,767,1,2,1,1,0,0,2,0,0,6,0,0,0,0,0,0,0,0,0,0,0,0,0,0,0,0,0,0,0,0,0,0,0	1818,7,1536,1036,12,1081,258,46844,2,1,766,0,5,1,0,48374,5,0,1,0,1,0,0,0,0,0,0,0,0,0,0,0,0,0,0,0,0,0,0,0
tb.dut.clusters[0].cluster.sockets[0].socket.cores[0].core.issue.issue_slices[0].issue_slice.dispatch.dispatch_if[0]	12	474	517596	16813	4159	16813	8	4159	1368762	1738	2,558,774,1790,4,1026,3,2,0,0,0,0,0,0,0,0,0,0,0,0,0,0,0,0,0,0,0,0,0,0,0,0,0,0,0,0,0,0,0,0	273,8,3,257,2,2046,4,2,0,1,0,0,1,3,0,0,782,6,1,0,2,0,768,0,0,0,0,0,0,0,0,0,0,0,0,0,0,0,0,0	3	9624	4667	9624	8	4668	1375951	1740	2313,1061,260,768,257,6,0,2,0,0,0,0,0,0,0,0,0,0,0,0,0,0,0,0,0,0,0,0,0,0,0,0,0,0,0,0,0,0,0,0	781,8,2,3,2,1024,258,257,766,1,2,1,1,3,0,0,781,7,1,0,2,0,768,0,0,0,0,0,0,0,0,0,0,0,0,0,0,0,0,0
tb.dut.clusters[0].cluster.sockets[0].socket.cores[0].core.issue.issue_slices[0].issue_slice.dispatch.dispatch_if[1]	12	474	4439	152	73	152	8	73	1385423	1376951	2,68,2,0,0,0,0,1,0,0,0,0,0,0,0,0,0,0,0,0,0,0,0,0,0,0,0,0,0,0,0,0,0,0,0,0,0,0,0,0	0,3,2,1,0,62,0,0,0,0,0,0,0,0,0,0,0,0,3,0,0,0,0,0,1,0,0,0,0,0,0,0,1,0,0,0,0,0,0,0	3	80	71	80	8	72	1385495	1376957	68,2,0,0,0,0,0,1,0,0,0,0,0,0,0,0,0,0,0,0,0,0,0,0,0,0,0,0,0,0,0,0,0,0,0,0,0,0,0,0	0,1,2,1,1,0,62,0,0,0,0,0,0,0,0,0,0,0,3,0,0,0,0,0,1,0,0,0,0,0,0,0,1,0,0,0,0,0,0,0
tb.dut.clusters[0].cluster.sockets[0].socket.cores[0].core.issue.issue_slices[0].issue_slice.dispatch.dispatch_if[2]	12	474	135	23	8	23	5	8	1385552	1385136	1,4,0,1,2,0,0,0,0,0,0,0,0,0,0,0,0,0,0,0,0,0,0,0,0,0,0,0,0,0,0,0,0,0,0,0,0,0,0,0	1,0,1,0,0,1,0,0,0,0,0,0,0,1,0,0,2,0,0,0,1,0,0,0,0,0,0,0,0,0,0,0,1,0,0,0,0,0,0,0	3	8	5	8	3	6	1385567	1385140	3,1,1,0,0,0,0,0,0,0,0,0,0,0,0,0,0,0,0,0,0,0,0,0,0,0,0,0,0,0,0,0,0,0,0,0,0,0,0,0	0,0,0,0,0,0,0,1,0,0,0,0,0,0,0,0,3,0,0,0,1,0,0,0,0,0,0,0,0,0,0,0,1,0,0,0,0,0,0,0
tb.dut.clusters[0].cluster.sockets[0].socket.cores[0].core.issue.issue_slices[0].issue_slice.dispatch.dispatch_if[3]	12	474	6180537	196757	98368	196757	8	98368	1188818	8627	3,98358,0,3,2,0,0,2,0,0,0,0,0,0,0,0,0,0,0,0,0,0,0,0,0,0,0,0,0,0,0,0,0,0,0,0,0,0,0,0	34,15,2,9,3,1,0,49149,0,1,0,0,0,1,0,49148,3,0,0,0,1,0,0,0,0,1,0,0,0,0,0,0,0,0,0,0,0,0,0,0	3	98444	98368	98444	8	98369	1287131	8627	98309,53,1,2,2,0,0,1,0,0,0,0,0,0,0,0,0,0,0,0,0,0,0,0,0,0,0,0,0,0,0,0,0,0,0,0,0,0,0,0	35,15,2,5,7,1,0,0,49149,0,1,0,0,0,1,0,49151,0,0,0,1,0,0,0,0,1,0,0,0,0,0,0,0,0,0,0,0,0,0,0
tb.dut.clusters[0].cluster.sockets[0].socket.cores[0].core.issue.issue_slices[0].issue_slice.dispatch.genblk2[0]	12	1	2	2	2	2	1	3	1385573	1385549	2,0,0,0,0,0,0,0,0,0,0,0,0,0,0,0,0,0,0,0,0,0,0,0,0,0,0,0,0,0,0,0,0,0,0,0,0,0,0,0	0,0,0,0,1,0,0,0,0,0,0,0,0,0,0,0,1,0,0,0,0,0,0,0,0,0,0,0,0,0,0,0,1,0,0,0,0,0,0,0	2	0	0	0	0	1	1385575	1385575	0,0,0,0,0,0,0,0,0,0,0,0,0,0,0,0,0,0,0,0,0,0,0,0,0,0,0,0,0,0,0,0,0,0,0,0,0,0,0,0	0,0,0,0,0,0,0,0,0,0,0,0,0,0,0,0,0,0,0,0,0,0,0,0,0,0,0,0,0,0,0,0,1,0,0,0,0,0,0,0
tb.dut.clusters[0].cluster.sockets[0].socket.cores[0].core.issue.issue_slices[0].issue_slice.dispatch.genblk2[1]	12	1	2	2	2	2	1	3	1385573	1385549	2,0,0,0,0,0,0,0,0,0,0,0,0,0,0,0,0,0,0,0,0,0,0,0,0,0,0,0,0,0,0,0,0,0,0,0,0,0,0,0	0,0,0,0,1,0,0,0,0,0,0,0,0,0,0,0,1,0,0,0,0,0,0,0,0,0,0,0,0,0,0,0,1,0,0,0,0,0,0,0	2	0	0	0	0	1	1385575	1385575	0,0,0,0,0,0,0,0,0,0,0,0,0,0,0,0,0,0,0,0,0,0,0,0,0,0,0,0,0,0,0,0,0,0,0,0,0,0,0,0	0,0,0,0,0,0,0,0,0,0,0,0,0,0,0,0,0,0,0,0,0,0,0,0,0,0,0,0,0,0,0,0,1,0,0,0,0,0,0,0
tb.dut.clusters[0].cluster.sockets[0].socket.cores[0].core.issue.issue_slices[0].issue_slice.dispatch.genblk2[2]	12	1	2	2	2	2	1	3	1385573	1385549	2,0,0,0,0,0,0,0,0,0,0,0,0,0,0,0,0,0,0,0,0,0,0,0,0,0,0,0,0,0,0,0,0,0,0,0,0,0,0,0	0,0,0,0,1,0,0,0,0,0,0,0,0,0,0,0,1,0,0,0,0,0,0,0,0,0,0,0,0,0,0,0,1,0,0,0,0,0,0,0	2	0	0	0	0	1	1385575	1385575	0,0,0,0,0,0,0,0,0,0,0,0,0,0,0,0,0,0,0,0,0,0,0,0,0,0,0,0,0,0,0,0,0,0,0,0,0,0,0,0	0,0,0,0,0,0,0,0,0,0,0,0,0,0,0,0,0,0,0,0,0,0,0,0,0,0,0,0,0,0,0,0,1,0,0,0,0,0,0,0
tb.dut.clusters[0].cluster.sockets[0].socket.cores[0].core.issue.issue_slices[0].issue_slice.dispatch.genblk2[3]	12	1	2	2	2	2	1	3	1385573	1385549	2,0,0,0,0,0,0,0,0,0,0,0,0,0,0,0,0,0,0,0,0,0,0,0,0,0,0,0,0,0,0,0,0,0,0,0,0,0,0,0	0,0,0,0,1,0,0,0,0,0,0,0,0,0,0,0,1,0,0,0,0,0,0,0,0,0,0,0,0,0,0,0,1,0,0,0,0,0,0,0	2	0	0	0	0	1	1385575	1385575	0,0,0,0,0,0,0,0,0,0,0,0,0,0,0,0,0,0,0,0,0,0,0,0,0,0,0,0,0,0,0,0,0,0,0,0,0,0,0,0	0,0,0,0,0,0,0,0,0,0,0,0,0,0,0,0,0,0,0,0,0,0,0,0,0,0,0,0,0,0,0,0,1,0,0,0,0,0,0,0
tb.dut.clusters[0].cluster.sockets[0].socket.cores[0].core.issue.issue_slices[0].issue_slice.dispatch.operands_if	12	474	6830020	211361	100222	211361	14	100222	1174214	311	6,96588,15,1792,773,265,769,9,2,1,0,0,0,2,0,0,0,0,0,0,0,0,0,0,0,0,0,0,0,0,0,0,0,0,0,0,0,0,0,0	287,12,770,266,770,2873,9,46846,0,2,0,0,0,2,5,48374,4,0,1,0,1,0,0,0,0,0,0,0,0,0,0,0,0,0,0,0,0,0,0,0	3	107337	101497	107337	14	101498	1278238	319	98358,1830,260,766,259,12,1,8,1,0,0,0,0,2,0,0,0,0,0,0,0,0,0,0,0,0,0,0,0,0,0,0,0,0,0,0,0,0,0,0	1557,12,7,775,7,1026,1082,1030,47610,2,3,0,0,0,1,5,48379,0,1,0,1,0,0,0,0,0,0,0,0,0,0,0,0,0,0,0,0,0,0,0
tb.dut.clusters[0].cluster.sockets[0].socket.cores[0].core.issue.issue_slices[0].issue_slice.dispatch_if[0]	11	474	517596	16813	4159	16813	8	4159	1368762	1738	2,558,774,1790,4,1026,3,2,0,0,0,0,0,0,0,0,0,0,0,0,0,0,0,0,0,0,0,0,0,0,0,0,0,0,0,0,0,0,0,0	273,8,3,257,2,2046,4,2,0,1,0,0,1,3,0,0,782,6,1,0,2,0,768,0,0,0,0,0,0,0,0,0,0,0,0,0,0,0,0,0	3	9624	4667	9624	8	4668	1375951	1740	2313,1061,260,768,257,6,0,2,0,0,0,0,0,0,0,0,0,0,0,0,0,0,0,0,0,0,0,0,0,0,0,0,0,0,0,0,0,0,0,0	781,8,2,3,2,1024,258,257,766,1,2,1,1,3,0,0,781,7,1,0,2,0,768,0,0,0,0,0,0,0,0,0,0,0,0,0,0,0,0,0
tb.dut.clusters[0].cluster.sockets[0].socket.cores[0].core.issue.issue_slices[0].issue_slice.dispatch_if[1]	11	474	4439	152	73	152	8	73	1385423	1376951	2,68,2,0,0,0,0,1,0,0,0,0,0,0,0,0,0,0,0,0,0,0,0,0,0,0,0,0,0,0,0,0,0,0,0,0,0,0,0,0	0,3,2,1,0,62,0,0,0,0,0,0,0,0,0,0,0,0,3,0,0,0,0,0,1,0,0,0,0,0,0,0,1,0,0,0,0,0,0,0	3	80	71	80	8	72	1385495	1376957	68,2,0,0,0,0,0,1,0,0,0,0,0,0,0,0,0,0,0,0,0,0,0,0,0,0,0,0,0,0,0,0,0,0,0,0,0,0,0,0	0,1,2,1,1,0,62,0,0,0,0,0,0,0,0,0,0,0,3,0,0,0,0,0,1,0,0,0,0,0,0,0,1,0,0,0,0,0,0,0
tb.dut.clusters[0].cluster.sockets[0].socket.cores[0].core.issue.issue_slices[0].issue_slice.dispatch_if[2]	11	474	135	23	8	23	5	8	1385552	1385136	1,4,0,1,2,0,0,0,0,0,0,0,0,0,0,0,0,0,0,0,0,0,0,0,0,0,0,0,0,0,0,0,0,0,0,0,0,0,0,0	1,0,1,0,0,1,0,0,0,0,0,0,0,1,0,0,2,0,0,0,1,0,0,0,0,0,0,0,0,0,0,0,1,0,0,0,0,0,0,0	3	8	5	8	3	6	1385567	1385140	3,1,1,0,0,0,0,0,0,0,0,0,0,0,0,0,0,0,0,0,0,0,0,0,0,0,0,0,0,0,0,0,0,0,0,0,0,0,0,0	0,0,0,0,0,0,0,1,0,0,0,0,0,0,0,0,3,0,0,0,1,0,0,0,0,0,0,0,0,0,0,0,1,0,0,0,0,0,0,0
tb.dut.clusters[0].cluster.sockets[0].socket.cores[0].core.issue.issue_slices[0].issue_slice.dispatch_if[3]	11	474	6180537	196757	98368	196757	8	98368	1188818	8627	3,98358,0,3,2,0,0,2,0,0,0,0,0,0,0,0,0,0,0,0,0,0,0,0,0,0,0,0,0,0,0,0,0,0,0,0,0,0,0,0	34,15,2,9,3,1,0,49149,0,1,0,0,0,1,0,49148,3,0,0,0,1,0,0,0,0,1,0,0,0,0,0,0,0,0,0,0,0,0,0,0	3	98444	98368	98444	8	98369	1287131	8627	98309,53,1,2,2,0,0,1,0,0,0,0,0,0,0,0,0,0,0,0,0,0,0,0,0,0,0,0,0,0,0,0,0,0,0,0,0,0,0,0	35,15,2,5,7,1,0,0,49149,0,1,0,0,0,1,0,49151,0,0,0,1,0,0,0,0,1,0,0,0,0,0,0,0,0,0,0,0,0,0,0
tb.dut.clusters[0].cluster.sockets[0].socket.cores[0].core.issue.issue_slices[0].issue_slice.ibuffer	11	633	3427522	354833	90687	354833	86	90687	1030742	285	2821,58316,6232,783,1539,5,1,16878,3070,10,1,1,1,0,0,0,257,771,1,0,0,0,0,0,0,0,0,0,0,0,0,0,0,0,0,0,0,0,0,0	4608,16864,4,775,5,793,3113,17662,4,2316,1,1,2,13,3108,32195,9221,0,1,0,1,0,0,0,0,0,0,0,0,0,0,0,0,0,0,0,0,0,0,0	4	234314	113038	234314	24	113038	1151261	304	60469,22879,6154,22456,23,3,278,5,2,0,1,0,0,1,0,0,767,0,0,0,0,0,0,0,0,0,0,0,0,0,0,0,0,0,0,0,0,0,0,0	21827,6409,16864,6,12,7,790,2581,17682,2,2315,0,2,1,13,3107,40650,768,1,0,1,0,0,0,0,0,0,0,0,0,0,0,0,0,0,0,0,0,0,0
tb.dut.clusters[0].cluster.sockets[0].socket.cores[0].core.issue.issue_slices[0].issue_slice.ibuffer.decode_if	12	172	1365260	189615	25204	189615	70	25205	1195960	285	776,1635,10,1794,1,255,19954,3,0,0,1,0,1,0,2,0,1,770,1,0,0,0,0,0,0,0,0,0,0,0,0,0,0,0,0,0,0,0,0,0	777,1799,3,5,3,1,1,41,765,255,1,0,0,1,7,31,34,20708,3,769,1,0,0,0,0,0,0,0,0,0,0,0,0,0,0,0,0,0,0,0	2	140264	52173	140264	6	52174	1245311	285	23219,2339,26,20937,5371,281,0,0,0,0,0,0,0,0,0,0,0,0,0,0,0,0,0,0,0,0,0,0,0,0,0,0,0,0,0,0,0,0,0,0	27742,1032,771,5,4,3,1,2,36,1024,0,1,0,0,1,7,65,20707,3,769,1,0,0,0,0,0,0,0,0,0,0,0,0,0,0,0,0,0,0,0
tb.dut.clusters[0].cluster.sockets[0].socket.cores[0].core.issue.issue_slices[0].issue_slice.ibuffer.ibuffer_if[0]	12	106	494530	56743	29274	56743	8	29274	1328832	306	1829,27429,12,3,0,0,0,1,0,0,0,0,0,0,0,0,0,0,0,0,0,0,0,0,0,0,0,0,0,0,0,0,0,0,0,0,0,0,0,0	2,7,3,3345,276,1,767,1,0,12,1,0,0,8,0,0,1043,20741,3065,1,1,0,0,0,0,0,0,0,0,0,0,0,0,0,0,0,0,0,0,0	2	31358	28247	31358	3	28248	1354217	312	25139,3105,3,0,0,0,0,0,0,0,0,0,0,0,0,0,0,0,0,0,0,0,0,0,0,0,0,0,0,0,0,0,0,0,0,0,0,0,0,0	6,2,3,3089,258,19,1,766,1,1,11,1,0,1,7,0,277,20737,3063,4,1,0,0,0,0,0,0,0,0,0,0,0,0,0,0,0,0,0,0,0
tb.dut.clusters[0].cluster.sockets[0].socket.cores[0].core.issue.issue_slices[0].issue_slice.ibuffer.ibuffer_if[1]	12	106	493898	56704	29242	56704	4	29242	1328871	357	1799,27427,13,3,0,0,0,0,0,0,0,0,0,0,0,0,0,0,0,0,0,0,0,0,0,0,0,0,0,0,0,0,0,0,0,0,0,0,0,0	3,4,3,3336,256,0,1,1,1,6,4,1,1,5,0,767,1040,23800,11,1,1,0,0,0,0,0,0,0,0,0,0,0,0,0,0,0,0,0,0,0	2	31316	28222	31316	3	28222	1354259	357	25129,3092,1,0,0,0,0,0,0,0,0,0,0,0,0,0,0,0,0,0,0,0,0,0,0,0,0,0,0,0,0,0,0,0,0,0,0,0,0,0	7,1,6,3081,256,0,0,1,1,1,6,4,2,0,5,0,1039,23031,779,1,1,0,0,0,0,0,0,0,0,0,0,0,0,0,0,0,0,0,0,0
tb.dut.clusters[0].cluster.sockets[0].socket.cores[0].core.issue.issue_slices[0].issue_slice.ibuffer.ibuffer_if[2]	12	106	490706	56702	29243	56702	4	29243	1328873	358	1799,27430,13,1,0,0,0,0,0,0,0,0,0,0,0,0,0,0,0,0,0,0,0,0,0,0,0,0,0,0,0,0,0,0,0,0,0,0,0,0	3,0,3,2567,257,0,1,2,1,8,3,3,0,6,765,2,1813,20743,3064,1,1,0,0,0,0,0,0,0,0,0,0,0,0,0,0,0,0,0,0,0	2	30545	28220	30545	2	28220	1355030	358	25895,2325,0,0,0,0,0,0,0,0,0,0,0,0,0,0,0,0,0,0,0,0,0,0,0,0,0,0,0,0,0,0,0,0,0,0,0,0,0,0	3,1,2,2314,255,1,0,1,2,1,7,4,2,0,6,765,1046,20739,3069,1,1,0,0,0,0,0,0,0,0,0,0,0,0,0,0,0,0,0,0,0
tb.dut.clusters[0].cluster.sockets[0].socket.cores[0].core.issue.issue_slices[0].issue_slice.ibuffer.ibuffer_if[3]	12	106	417158	56701	28476	56701	4	28476	1328874	359	1799,25896,14,767,0,0,0,0,0,0,0,0,0,0,0,0,0,0,0,0,0,0,0,0,0,0,0,0,0,0,0,0,0,0,0,0,0,0,0,0	1,3,2,1798,257,765,2,2,0,7,4,1,1,8,0,1,1049,24567,6,1,1,0,0,0,0,0,0,0,0,0,0,0,0,0,0,0,0,0,0,0	2	29778	28218	29778	2	28218	1355797	359	26658,1560,0,0,0,0,0,0,0,0,0,0,0,0,0,0,0,0,0,0,0,0,0,0,0,0,0,0,0,0,0,0,0,0,0,0,0,0,0,0	767,2,3,1545,254,1,765,2,2,0,7,3,1,1,8,0,282,23799,774,1,1,0,0,0,0,0,0,0,0,0,0,0,0,0,0,0,0,0,0,0
tb.dut.clusters[0].cluster.sockets[0].socket.cores[0].core.issue.issue_slices[0].issue_slice.ibuffer_if[0]	11	106	494530	56743	29274	56743	8	29274	1328832	306	1829,27429,12,3,0,0,0,1,0,0,0,0,0,0,0,0,0,0,0,0,0,0,0,0,0,0,0,0,0,0,0,0,0,0,0,0,0,0,0,0	2,7,3,3345,276,1,767,1,0,12,1,0,0,8,0,0,1043,20741,3065,1,1,0,0,0,0,0,0,0,0,0,0,0,0,0,0,0,0,0,0,0	2	31358	28247	31358	3	28248	1354217	312	25139,3105,3,0,0,0,0,0,0,0,0,0,0,0,0,0,0,0,0,0,0,0,0,0,0,0,0,0,0,0,0,0,0,0,0,0,0,0,0,0	6,2,3,3089,258,19,1,766,1,1,11,1,0,1,7,0,277,20737,3063,4,1,0,0,0,0,0,0,0,0,0,0,0,0,0,0,0,0,0,0,0
tb.dut.clusters[0].cluster.sockets[0].socket.cores[0].core.issue.issue_slices[0].issue_slice.ibuffer_if[1]	11	106	493898	56704	29242	56704	4	29242	1328871	357	1799,27427,13,3,0,0,0,0,0,0,0,0,0,0,0,0,0,0,0,0,0,0,0,0,0,0,0,0,0,0,0,0,0,0,0,0,0,0,0,0	3,4,3,3336,256,0,1,1,1,6,4,1,1,5,0,767,1040,23800,11,1,1,0,0,0,0,0,0,0,0,0,0,0,0,0,0,0,0,0,0,0	2	31316	28222	31316	3	28222	1354259	357	25129,3092,1,0,0,0,0,0,0,0,0,0,0,0,0,0,0,0,0,0,0,0,0,0,0,0,0,0,0,0,0,0,0,0,0,0,0,0,0,0	7,1,6,3081,256,0,0,1,1,1,6,4,2,0,5,0,1039,23031,779,1,1,0,0,0,0,0,0,0,0,0,0,0,0,0,0,0,0,0,0,0
tb.dut.clusters[0].cluster.sockets[0].socket.cores[0].core.issue.issue_slices[0].issue_slice.ibuffer_if[2]	11	106	490706	56702	29243	56702	4	29243	1328873	358	1799,27430,13,1,0,0,0,0,0,0,0,0,0,0,0,0,0,0,0,0,0,0,0,0,0,0,0,0,0,0,0,0,0,0,0,0,0,0,0,0	3,0,3,2567,257,0,1,2,1,8,3,3,0,6,765,2,1813,20743,3064,1,1,0,0,0,0,0,0,0,0,0,0,0,0,0,0,0,0,0,0,0	2	30545	28220	30545	2	28220	1355030	358	25895,2325,0,0,0,0,0,0,0,0,0,0,0,0,0,0,0,0,0,0,0,0,0,0,0,0,0,0,0,0,0,0,0,0,0,0,0,0,0,0	3,1,2,2314,255,1,0,1,2,1,7,4,2,0,6,765,1046,20739,3069,1,1,0,0,0,0,0,0,0,0,0,0,0,0,0,0,0,0,0,0,0
tb.dut.clusters[0].cluster.sockets[0].socket.cores[0].core.issue.issue_slices[0].issue_slice.ibuffer_if[3]	11	106	417158	56701	28476	56701	4	28476	1328874	359	1799,25896,14,767,0,0,0,0,0,0,0,0,0,0,0,0,0,0,0,0,0,0,0,0,0,0,0,0,0,0,0,0,0,0,0,0,0,0,0,0	1,3,2,1798,257,765,2,2,0,7,4,1,1,8,0,1,1049,24567,6,1,1,0,0,0,0,0,0,0,0,0,0,0,0,0,0,0,0,0,0,0	2	29778	28218	29778	2	28218	1355797	359	26658,1560,0,0,0,0,0,0,0,0,0,0,0,0,0,0,0,0,0,0,0,0,0,0,0,0,0,0,0,0,0,0,0,0,0,0,0,0,0,0	767,2,3,1545,254,1,765,2,2,0,7,3,1,1,8,0,282,23799,774,1,1,0,0,0,0,0,0,0,0,0,0,0,0,0,0,0,0,0,0,0
tb.dut.clusters[0].cluster.sockets[0].socket.cores[0].core.issue.issue_slices[0].issue_slice.operands	11	3911	113003373	439322	96341	439322	230	96341	946253	289	0,17,0,81404,12348,770,768,0,2,2,1,1,0,0,1,0,256,768,2,1,0,0,0,0,0,0,0,0,0,0,0,0,0,0,0,0,0,0,0,0	1035,18,57,0,6142,40702,1,0,5,0,1,767,6143,41465,2,0,1,0,1,0,1,0,0,0,0,0,0,0,0,0,0,0,0,0,0,0,0,0,0,0	20	434192	99820	434192	36	99821	951383	309	778,17,4,81459,13068,1027,768,776,892,121,1,0,0,0,2,765,141,1,0,0,0,0,0,0,0,0,0,0,0,0,0,0,0,0,0,0,0,0,0,0	3227,1023,280,58,6141,40705,1,1,5,0,1,767,6143,41465,1,0,1,0,1,0,1,0,0,0,0,0,0,0,0,0,0,0,0,0,0,0,0,0,0,0
tb.dut.clusters[0].cluster.sockets[0].socket.cores[0].core.issue.issue_slices[0].issue_slice.operands.genblk6[0]	12	17	3330272	209019	103330	209019	14	103331	1176556	324	3864,96620,785,1023,772,262,2,1,0,0,0,0,0,1,0,0,0,0,0,0,0,0,0,0,0,0,0,0,0,0,0,0,0,0,0,0,0,0,0,0	3372,27,13,261,3851,568,4,46845,6,1,0,2,0,2,0,48376,1,0,1,0,1,0,0,0,0,0,0,0,0,0,0,0,0,0,0,0,0,0,0,0	2	204660	103597	204660	8	103598	1180915	324	4900,96619,1810,258,2,7,0,1,0,0,0,0,0,0,0,0,0,0,0,0,0,0,0,0,0,0,0,0,0,0,0,0,0,0,0,0,0,0,0,0	1848,285,779,1027,3852,568,4,46845,6,1,0,2,0,2,0,48376,1,0,1,0,1,0,0,0,0,0,0,0,0,0,0,0,0,0,0,0,0,0,0,0
tb.dut.clusters[0].cluster.sockets[0].socket.cores[0].core.issue.issue_slices[0].issue_slice.operands.genblk6[1]	12	17	3326770	206994	104344	206994	14	104345	1178581	324	4882,96620,2565,260,5,5,0,1,2,0,0,0,0,4,0,0,0,0,0,0,0,0,0,0,0,0,0,0,0,0,0,0,0,0,0,0,0,0,0,0	3366,1050,12,261,3850,568,3,46845,6,1,0,2,0,2,0,48376,1,0,1,0,1,0,0,0,0,0,0,0,0,0,0,0,0,0,0,0,0,0,0,0	2	204660	103597	204660	8	103598	1180915	324	4900,96619,1810,258,2,7,0,1,0,0,0,0,0,0,0,0,0,0,0,0,0,0,0,0,0,0,0,0,0,0,0,0,0,0,0,0,0,0,0,0	1848,285,779,1027,3852,568,4,46845,6,1,0,2,0,2,0,48376,1,0,1,0,1,0,0,0,0,0,0,0,0,0,0,0,0,0,0,0,0,0,0,0
tb.dut.clusters[0].cluster.sockets[0].socket.cores[0].core.issue.issue_slices[0].issue_slice.operands.genblk6[2]	12	17	3323630	204672	103595	204672	14	103596	1180903	324	4899,96621,1806,258,3,5,0,1,0,0,0,0,0,2,0,0,0,0,0,0,0,0,0,0,0,0,0,0,0,0,0,0,0,0,0,0,0,0,0,0	1847,286,780,1026,3851,568,3,46845,6,1,0,2,0,2,0,48376,1,0,1,0,1,0,0,0,0,0,0,0,0,0,0,0,0,0,0,0,0,0,0,0	2	204660	103597	204660	8	103598	1180915	324	4900,96619,1810,258,2,7,0,1,0,0,0,0,0,0,0,0,0,0,0,0,0,0,0,0,0,0,0,0,0,0,0,0,0,0,0,0,0,0,0,0	1848,285,779,1027,3852,568,4,46845,6,1,0,2,0,2,0,48376,1,0,1,0,1,0,0,0,0,0,0,0,0,0,0,0,0,0,0,0,0,0,0,0
tb.dut.clusters[0].cluster.sockets[0].socket.cores[0].core.issue.issue_slices[0].issue_slice.operands.genblk6[3]	12	17	3323614	204673	103594	204673	14	103595	1180902	324	4896,96621,1807,258,3,6,0,1,1,0,0,0,0,1,0,0,0,0,0,0,0,0,0,0,0,0,0,0,0,0,0,0,0,0,0,0,0,0,0,0	1847,283,781,1027,3852,568,2,46845,6,1,0,2,0,2,0,48376,1,0,1,0,1,0,0,0,0,0,0,0,0,0,0,0,0,0,0,0,0,0,0,0	2	204660	103597	204660	8	103598	1180915	324	4900,96619,1810,258,2,7,0,1,0,0,0,0,0,0,0,0,0,0,0,0,0,0,0,0,0,0,0,0,0,0,0,0,0,0,0,0,0,0,0,0	1848,285,779,1027,3852,568,4,46845,6,1,0,2,0,2,0,48376,1,0,1,0,1,0,0,0,0,0,0,0,0,0,0,0,0,0,0,0,0,0,0,0
tb.dut.clusters[0].cluster.sockets[0].socket.cores[0].core.issue.issue_slices[0].issue_slice.operands.operands_if	12	474	6830020	211361	100222	211361	14	100222	1174214	311	6,96588,15,1792,773,265,769,9,2,1,0,0,0,2,0,0,0,0,0,0,0,0,0,0,0,0,0,0,0,0,0,0,0,0,0,0,0,0,0,0	287,12,770,266,770,2873,9,46846,0,2,0,0,0,2,5,48374,4,0,1,0,1,0,0,0,0,0,0,0,0,0,0,0,0,0,0,0,0,0,0,0	3	107337	101497	107337	14	101498	1278238	319	98358,1830,260,766,259,12,1,8,1,0,0,0,0,2,0,0,0,0,0,0,0,0,0,0,0,0,0,0,0,0,0,0,0,0,0,0,0,0,0,0	1557,12,7,775,7,1026,1082,1030,47610,2,3,0,0,0,1,5,48379,0,1,0,1,0,0,0,0,0,0,0,0,0,0,0,0,0,0,0,0,0,0,0
tb.dut.clusters[0].cluster.sockets[0].socket.cores[0].core.issue.issue_slices[0].issue_slice.operands.scoreboard_if	12	108	1239456	205212	91760	205212	23	91760	1180363	308	2,77375,10006,3321,10,264,769,7,3,0,0,0,0,0,0,1,2,0,0,0,0,0,0,0,0,0,0,0,0,0,0,0,0,0,0,0,0,0,0,0	284,12,769,1036,9,2853,5376,33025,0,2,0,0,1,8,4614,35314,8455,0,1,0,1,0,0,0,0,0,0,0,0,0,0,0,0,0,0,0,0,0,0,0	2	114503	94091	114503	9	94092	1271072	308	79928,11318,774,1029,771,262,0,7,2,0,0,0,0,0,0,0,0,0,0,0,0,0,0,0,0,0,0,0,0,0,0,0,0,0,0,0,0,0,0,0	2613,13,770,1035,4,2055,806,5376,33021,4,1,0,0,3,6,4614,43769,0,1,0,1,0,0,0,0,0,0,0,0,0,0,0,0,0,0,0,0,0,0,0
tb.dut.clusters[0].cluster.sockets[0].socket.cores[0].core.issue.issue_slices[0].issue_slice.operands.writeback_if	12	175	16689946	212156	100235	212156	14	100236	1173419	317	2,96618,6,260,2306,1026,4,1,6,0,0,0,0,6,0,0,0,0,0,0,0,0,0,0,0,0,0,0,0,0,0,0,0,0,0,0,0,0,0,0	289,23,10,260,3850,568,1,46845,6,1,0,2,0,2,0,48376,1,0,1,0,1,0,0,0,0,0,0,0,0,0,0,0,0,0,0,0,0,0,0,0	2	209846	102545	209846	14	102546	1175729	317	2315,96622,1536,1024,773,260,3,1,5,0,0,0,0,6,0,0,0,0,0,0,0,0,0,0,0,0,0,0,0,0,0,0,0,0,0,0,0,0,0,0	2599,23,10,260,3850,568,1,46845,6,1,0,2,0,2,0,48376,1,0,1,0,1,0,0,0,0,0,0,0,0,0,0,0,0,0,0,0,0,0,0,0
tb.dut.clusters[0].cluster.sockets[0].socket.cores[0].core.issue.issue_slices[0].issue_slice.operands_if	11	474	6830020	211361	100222	211361	14	100222	1174214	311	6,96588,15,1792,773,265,769,9,2,1,0,0,0,2,0,0,0,0,0,0,0,0,0,0,0,0,0,0,0,0,0,0,0,0,0,0,0,0,0,0	287,12,770,266,770,2873,9,46846,0,2,0,0,0,2,5,48374,4,0,1,0,1,0,0,0,0,0,0,0,0,0,0,0,0,0,0,0,0,0,0,0	3	107337	101497	107337	14	101498	1278238	319	98358,1830,260,766,259,12,1,8,1,0,0,0,0,2,0,0,0,0,0,0,0,0,0,0,0,0,0,0,0,0,0,0,0,0,0,0,0,0,0,0	1557,12,7,775,7,1026,1082,1030,47610,2,3,0,0,0,1,5,48379,0,1,0,1,0,0,0,0,0,0,0,0,0,0,0,0,0,0,0,0,0,0,0
tb.dut.clusters[0].cluster.sockets[0].socket.cores[0].core.issue.issue_slices[0].issue_slice.scoreboard	11	2021	34848402	1382668	1035	1382668	3582	1035	2907	286	0,4,1,0,2,0,1,2,0,0,0,0,0,0,0,0,255,2,0,0,0,1,765,2,0,0,0,0,0,0,0,0,0,0,0,0,0,0,0,0	259,1,766,3,0,2,0,0,1,0,0,1,0,0,0,0,1,0,0,0,1,0,0,0,0,0,0,0,0,0,0,0,0,0,0,0,0,0,0,0	11	746886	367724	746886	28	367724	638689	307	252413,26144,14643,9,68336,1811,2553,1021,3,7,1,1,2,0,1,1,778,0,0,0,0,0,0,0,0,0,0,0,0,0,0,0,0,0,0,0,0,0,0,0	287494,6984,48357,1026,4637,3073,788,8,14579,1,1,768,6,0,0,1,0,0,0,0,1,0,0,0,0,0,0,0,0,0,0,0,0,0,0,0,0,0,0,0
tb.dut.clusters[0].cluster.sockets[0].socket.cores[0].core.issue.issue_slices[0].issue_slice.scoreboard.genblk2[0]	12	107	2870678	1360156	3603	1360156	1757	3603	25419	306	0,0,2570,0,0,1,0,0,256,0,0,0,0,0,0,0,2,0,2,2,0,3,767,0,0,0,0,0,0,0,0,0,0,0,0,0,0,0,0,0	3,0,2570,1,0,0,0,0,0,0,0,0,0,0,0,257,767,2,2,0,1,0,0,0,0,0,0,0,0,0,0,0,0,0,0,0,0,0,0,0	2	730061	627025	730061	6	627025	655514	307	577297,2596,44038,15,3076,3,0,0,0,0,0,0,0,0,0,0,0,0,0,0,0,0,0,0,0,0,0,0,0,0,0,0,0,0,0,0,0,0,0,0	623421,4,6,1540,2,1022,1,0,0,0,0,0,0,0,0,0,1024,2,2,0,1,0,0,0,0,0,0,0,0,0,0,0,0,0,0,0,0,0,0,0
tb.dut.clusters[0].cluster.sockets[0].socket.cores[0].core.issue.issue_slices[0].issue_slice.scoreboard.genblk2[1]	12	107	2870902	1361023	3593	1361023	1926	3593	24552	357	0,1,2564,0,0,1,0,0,256,0,0,0,0,0,0,0,1,0,1,0,0,1,768,0,0,0,0,0,0,0,0,0,0,0,0,0,0,0,0,0	0,1,2563,0,0,0,0,1,0,0,0,0,0,0,0,1023,2,2,0,0,1,0,0,0,0,0,0,0,0,0,0,0,0,0,0,0,0,0,0,0	2	727811	630909	727811	9	630909	657764	359	578896,7952,43263,778,15,2,2,0,1,0,0,0,0,0,0,0,0,0,0,0,0,0,0,0,0,0,0,0,0,0,0,0,0,0,0,0,0,0,0,0	627315,2,4,1536,1,1021,1,0,0,1,0,0,0,0,0,0,1025,2,0,0,1,0,0,0,0,0,0,0,0,0,0,0,0,0,0,0,0,0,0,0
tb.dut.clusters[0].cluster.sockets[0].socket.cores[0].core.issue.issue_slices[0].issue_slice.scoreboard.genblk2[2]	12	107	2880228	1364913	3590	1364913	2039	3590	20662	358	0,767,1795,1,0,1,0,0,256,0,0,0,0,0,0,0,1,0,0,0,0,1,768,0,0,0,0,0,0,0,0,0,0,0,0,0,0,0,0,0	0,0,1795,0,0,766,0,767,0,0,0,1,0,0,1,257,2,0,0,0,1,0,0,0,0,0,0,0,0,0,0,0,0,0,0,0,0,0,0,0	2	728611	633231	728611	7	633231	656964	361	581215,8712,43271,13,14,5,1,0,0,0,0,0,0,0,0,0,0,0,0,0,0,0,0,0,0,0,0,0,0,0,0,0,0,0,0,0,0,0,0,0	629641,0,4,768,1,1021,767,0,0,767,0,0,1,0,0,0,260,0,0,0,1,0,0,0,0,0,0,0,0,0,0,0,0,0,0,0,0,0,0,0
tb.dut.clusters[0].cluster.sockets[0].socket.cores[0].core.issue.issue_slices[0].issue_slice.scoreboard.genblk2[3]	12	107	2886366	1365690	2059	1365690	2040	2059	19885	360	0,3,1029,0,1,0,0,0,256,0,0,0,0,0,0,0,1,0,0,0,0,1,768,0,0,0,0,0,0,0,0,0,0,0,0,0,0,0,0,0	0,0,1029,1,0,0,1,1,0,1,0,0,0,0,0,1024,1,0,0,0,1,0,0,0,0,0,0,0,0,0,0,0,0,0,0,0,0,0,0,0	2	729379	634010	729379	7	634010	656196	361	585058,7183,39441,13,2311,3,1,0,0,0,0,0,0,0,0,0,0,0,0,0,0,0,0,0,0,0,0,0,0,0,0,0,0,0,0,0,0,0,0,0	631951,0,4,3,0,1022,1,1,0,1,1,0,0,0,0,0,1025,0,0,0,1,0,0,0,0,0,0,0,0,0,0,0,0,0,0,0,0,0,0,0
tb.dut.clusters[0].cluster.sockets[0].socket.cores[0].core.issue.issue_slices[0].issue_slice.scoreboard.ibuffer_if[0]	12	106	494530	56743	29274	56743	8	29274	1328832	306	1829,27429,12,3,0,0,0,1,0,0,0,0,0,0,0,0,0,0,0,0,0,0,0,0,0,0,0,0,0,0,0,0,0,0,0,0,0,0,0,0	2,7,3,3345,276,1,767,1,0,12,1,0,0,8,0,0,1043,20741,3065,1,1,0,0,0,0,0,0,0,0,0,0,0,0,0,0,0,0,0,0,0	2	31358	28247	31358	3	28248	1354217	312	25139,3105,3,0,0,0,0,0,0,0,0,0,0,0,0,0,0,0,0,0,0,0,0,0,0,0,0,0,0,0,0,0,0,0,0,0,0,0,0,0	6,2,3,3089,258,19,1,766,1,1,11,1,0,1,7,0,277,20737,3063,4,1,0,0,0,0,0,0,0,0,0,0,0,0,0,0,0,0,0,0,0
tb.dut.clusters[0].cluster.sockets[0].socket.cores[0].core.issue.issue_slices[0].issue_slice.scoreboard.ibuffer_if[1]	12	106	493898	56704	29242	56704	4	29242	1328871	357	1799,27427,13,3,0,0,0,0,0,0,0,0,0,0,0,0,0,0,0,0,0,0,0,0,0,0,0,0,0,0,0,0,0,0,0,0,0,0,0,0	3,4,3,3336,256,0,1,1,1,6,4,1,1,5,0,767,1040,23800,11,1,1,0,0,0,0,0,0,0,0,0,0,0,0,0,0,0,0,0,0,0	2	31316	28222	31316	3	28222	1354259	357	25129,3092,1,0,0,0,0,0,0,0,0,0,0,0,0,0,0,0,0,0,0,0,0,0,0,0,0,0,0,0,0,0,0,0,0,0,0,0,0,0	7,1,6,3081,256,0,0,1,1,1,6,4,2,0,5,0,1039,23031,779,1,1,0,0,0,0,0,0,0,0,0,0,0,0,0,0,0,0,0,0,0
tb.dut.clusters[0].cluster.sockets[0].socket.cores[0].core.issue.issue_slices[0].issue_slice.scoreboard.ibuffer_if[2]	12	106	490706	56702	29243	56702	4	29243	1328873	358	1799,27430,13,1,0,0,0,0,0,0,0,0,0,0,0,0,0,0,0,0,0,0,0,0,0,0,0,0,0,0,0,0,0,0,0,0,0,0,0,0	3,0,3,2567,257,0,1,2,1,8,3,3,0,6,765,2,1813,20743,3064,1,1,0,0,0,0,0,0,0,0,0,0,0,0,0,0,0,0,0,0,0	2	30545	28220	30545	2	28220	1355030	358	25895,2325,0,0,0,0,0,0,0,0,0,0,0,0,0,0,0,0,0,0,0,0,0,0,0,0,0,0,0,0,0,0,0,0,0,0,0,0,0,0	3,1,2,2314,255,1,0,1,2,1,7,4,2,0,6,765,1046,20739,3069,1,1,0,0,0,0,0,0,0,0,0,0,0,0,0,0,0,0,0,0,0
tb.dut.clusters[0].cluster.sockets[0].socket.cores[0].core.issue.issue_slices[0].issue_slice.scoreboard.ibuffer_if[3]	12	106	417158	56701	28476	56701	4	28476	1328874	359	1799,25896,14,767,0,0,0,0,0,0,0,0,0,0,0,0,0,0,0,0,0,0,0,0,0,0,0,0,0,0,0,0,0,0,0,0,0,0,0,0	1,3,2,1798,257,765,2,2,0,7,4,1,1,8,0,1,1049,24567,6,1,1,0,0,0,0,0,0,0,0,0,0,0,0,0,0,0,0,0,0,0	2	29778	28218	29778	2	28218	1355797	359	26658,1560,0,0,0,0,0,0,0,0,0,0,0,0,0,0,0,0,0,0,0,0,0,0,0,0,0,0,0,0,0,0,0,0,0,0,0,0,0,0	767,2,3,1545,254,1,765,2,2,0,7,3,1,1,8,0,282,23799,774,1,1,0,0,0,0,0,0,0,0,0,0,0,0,0,0,0,0,0,0,0
tb.dut.clusters[0].cluster.sockets[0].socket.cores[0].core.issue.issue_slices[0].issue_slice.scoreboard.scoreboard_if	12	108	1239456	205212	91760	205212	23	91760	1180363	308	2,77375,10006,3321,10,264,769,7,3,0,0,0,0,0,0,1,2,0,0,0,0,0,0,0,0,0,0,0,0,0,0,0,0,0,0,0,0,0,0,0	284,12,769,1036,9,2853,5376,33025,0,2,0,0,1,8,4614,35314,8455,0,1,0,1,0,0,0,0,0,0,0,0,0,0,0,0,0,0,0,0,0,0,0	2	114503	94091	114503	9	94092	1271072	308	79928,11318,774,1029,771,262,0,7,2,0,0,0,0,0,0,0,0,0,0,0,0,0,0,0,0,0,0,0,0,0,0,0,0,0,0,0,0,0,0,0	2613,13,770,1035,4,2055,806,5376,33021,4,1,0,0,3,6,4614,43769,0,1,0,1,0,0,0,0,0,0,0,0,0,0,0,0,0,0,0,0,0,0,0
tb.dut.clusters[0].cluster.sockets[0].socket.cores[0].core.issue.issue_slices[0].issue_slice.scoreboard.staging_if[0]	12	106	494372	55940	28476	55940	8	28476	1329635	307	1033,27430,10,1,1,0,0,1,0,0,0,0,0,0,0,0,0,0,0,0,0,0,0,0,0,0,0,0,0,0,0,0,0,0,0,0,0,0,0,0	2,6,0,2570,260,0,1,0,0,11,4,765,0,8,0,0,1038,20741,3068,1,1,0,0,0,0,0,0,0,0,0,0,0,0,0,0,0,0,0,0,0	2	30810	28225	30810	3	28225	1354765	307	25642,2581,2,0,0,0,0,0,0,0,0,0,0,0,0,0,0,0,0,0,0,0,0,0,0,0,0,0,0,0,0,0,0,0,0,0,0,0,0,0	4,4,2,2317,0,6,1,0,0,0,265,4,765,0,8,0,1038,20738,3071,1,1,0,0,0,0,0,0,0,0,0,0,0,0,0,0,0,0,0,0,0
tb.dut.clusters[0].cluster.sockets[0].socket.cores[0].core.issue.issue_slices[0].issue_slice.scoreboard.staging_if[1]	12	106	494224	55928	28469	55928	5	28469	1329647	358	1028,27427,11,2,1,0,0,0,0,0,0,0,0,0,0,0,0,0,0,0,0,0,0,0,0,0,0,0,0,0,0,0,0,0,0,0,0,0,0,0	1,3,1,2564,258,0,1,0,1,6,6,1,0,7,0,1,1806,23800,11,1,1,0,0,0,0,0,0,0,0,0,0,0,0,0,0,0,0,0,0,0	2	30792	28215	30792	3	28216	1354783	364	25639,2575,1,0,0,0,0,0,0,0,0,0,0,0,0,0,0,0,0,0,0,0,0,0,0,0,0,0,0,0,0,0,0,0,0,0,0,0,0,0	2,1,3,2309,1,4,0,1,0,1,260,6,1,0,7,0,1806,23798,14,1,1,0,0,0,0,0,0,0,0,0,0,0,0,0,0,0,0,0,0,0
tb.dut.clusters[0].cluster.sockets[0].socket.cores[0].core.issue.issue_slices[0].issue_slice.scoreboard.staging_if[2]	12	106	418952	55928	28471	55928	4	28471	1329647	359	1028,27431,10,2,0,0,0,0,0,0,0,0,0,0,0,0,0,0,0,0,0,0,0,0,0,0,0,0,0,0,0,0,0,0,0,0,0,0,0,0	3,0,1,1795,258,0,0,1,1,9,3,3,0,6,0,3,2577,20745,3064,1,1,0,0,0,0,0,0,0,0,0,0,0,0,0,0,0,0,0,0,0	2	30023	28215	30023	3	28216	1355552	365	26408,1806,1,0,0,0,0,0,0,0,0,0,0,0,0,0,0,0,0,0,0,0,0,0,0,0,0,0,0,0,0,0,0,0,0,0,0,0,0,0	1,1,0,1542,0,4,0,0,1,1,263,3,3,0,6,0,2580,20741,3068,1,1,0,0,0,0,0,0,0,0,0,0,0,0,0,0,0,0,0,0,0
tb.dut.clusters[0].cluster.sockets[0].socket.cores[0].core.issue.issue_slices[0].issue_slice.scoreboard.staging_if[3]	12	106	342338	55927	27703	55927	5	27703	1329648	360	1027,25896,13,766,1,0,0,0,0,0,0,0,0,0,0,0,0,0,0,0,0,0,0,0,0,0,0,0,0,0,0,0,0,0,0,0,0,0,0,0	0,2,0,1028,257,766,1,0,0,7,5,2,1,8,0,1,1050,24567,6,1,1,0,0,0,0,0,0,0,0,0,0,0,0,0,0,0,0,0,0,0	2	29256	28214	29256	2	28215	1356319	366	27172,1042,0,0,0,0,0,0,0,0,0,0,0,0,0,0,0,0,0,0,0,0,0,0,0,0,0,0,0,0,0,0,0,0,0,0,0,0,0,0	767,0,1,774,0,3,766,1,0,0,261,5,2,1,8,0,1051,23800,773,1,1,0,0,0,0,0,0,0,0,0,0,0,0,0,0,0,0,0,0,0
tb.dut.clusters[0].cluster.sockets[0].socket.cores[0].core.issue.issue_slices[0].issue_slice.scoreboard.writeback_if	12	175	16689946	212156	100235	212156	14	100236	1173419	317	2,96618,6,260,2306,1026,4,1,6,0,0,0,0,6,0,0,0,0,0,0,0,0,0,0,0,0,0,0,0,0,0,0,0,0,0,0,0,0,0,0	289,23,10,260,3850,568,1,46845,6,1,0,2,0,2,0,48376,1,0,1,0,1,0,0,0,0,0,0,0,0,0,0,0,0,0,0,0,0,0,0,0	2	209846	102545	209846	14	102546	1175729	317	2315,96622,1536,1024,773,260,3,1,5,0,0,0,0,6,0,0,0,0,0,0,0,0,0,0,0,0,0,0,0,0,0,0,0,0,0,0,0,0,0,0	2599,23,10,260,3850,568,1,46845,6,1,0,2,0,2,0,48376,1,0,1,0,1,0,0,0,0,0,0,0,0,0,0,0,0,0,0,0,0,0,0,0
tb.dut.clusters[0].cluster.sockets[0].socket.cores[0].core.issue.issue_slices[0].issue_slice.scoreboard_if	11	108	1239456	205212	91760	205212	23	91760	1180363	308	2,77375,10006,3321,10,264,769,7,3,0,0,0,0,0,0,1,2,0,0,0,0,0,0,0,0,0,0,0,0,0,0,0,0,0,0,0,0,0,0,0	284,12,769,1036,9,2853,5376,33025,0,2,0,0,1,8,4614,35314,8455,0,1,0,1,0,0,0,0,0,0,0,0,0,0,0,0,0,0,0,0,0,0,0	2	114503	94091	114503	9	94092	1271072	308	79928,11318,774,1029,771,262,0,7,2,0,0,0,0,0,0,0,0,0,0,0,0,0,0,0,0,0,0,0,0,0,0,0,0,0,0,0,0,0,0,0	2613,13,770,1035,4,2055,806,5376,33021,4,1,0,0,3,6,4614,43769,0,1,0,1,0,0,0,0,0,0,0,0,0,0,0,0,0,0,0,0,0,0,0
tb.dut.clusters[0].cluster.sockets[0].socket.cores[0].core.issue.issue_slices[0].issue_slice.writeback_if	11	175	16689946	212156	100235	212156	14	100236	1173419	317	2,96618,6,260,2306,1026,4,1,6,0,0,0,0,6,0,0,0,0,0,0,0,0,0,0,0,0,0,0,0,0,0,0,0,0,0,0,0,0,0,0	289,23,10,260,3850,568,1,46845,6,1,0,2,0,2,0,48376,1,0,1,0,1,0,0,0,0,0,0,0,0,0,0,0,0,0,0,0,0,0,0,0	2	209846	102545	209846	14	102546	1175729	317	2315,96622,1536,1024,773,260,3,1,5,0,0,0,0,6,0,0,0,0,0,0,0,0,0,0,0,0,0,0,0,0,0,0,0,0,0,0,0,0,0,0	2599,23,10,260,3850,568,1,46845,6,1,0,2,0,2,0,48376,1,0,1,0,1,0,0,0,0,0,0,0,0,0,0,0,0,0,0,0,0,0,0,0
tb.dut.clusters[0].cluster.sockets[0].socket.cores[0].core.issue.issue_slices[0].per_issue_decode_if	10	172	1365260	189615	25204	189615	70	25205	1195960	285	776,1635,10,1794,1,255,19954,3,0,0,1,0,1,0,2,0,1,770,1,0,0,0,0,0,0,0,0,0,0,0,0,0,0,0,0,0,0,0,0,0	777,1799,3,5,3,1,1,41,765,255,1,0,0,1,7,31,34,20708,3,769,1,0,0,0,0,0,0,0,0,0,0,0,0,0,0,0,0,0,0,0	2	140264	52173	140264	6	52174	1245311	285	23219,2339,26,20937,5371,281,0,0,0,0,0,0,0,0,0,0,0,0,0,0,0,0,0,0,0,0,0,0,0,0,0,0,0,0,0,0,0,0,0,0	27742,1032,771,5,4,3,1,2,36,1024,0,1,0,0,1,7,65,20707,3,769,1,0,0,0,0,0,0,0,0,0,0,0,0,0,0,0,0,0,0,0
tb.dut.clusters[0].cluster.sockets[0].socket.cores[0].core.issue.issue_slices[0].per_issue_dispatch_if[0]	10	474	517596	16813	4159	16813	8	4159	1368762	1738	2,558,774,1790,4,1026,3,2,0,0,0,0,0,0,0,0,0,0,0,0,0,0,0,0,0,0,0,0,0,0,0,0,0,0,0,0,0,0,0,0	273,8,3,257,2,2046,4,2,0,1,0,0,1,3,0,0,782,6,1,0,2,0,768,0,0,0,0,0,0,0,0,0,0,0,0,0,0,0,0,0	3	9624	4667	9624	8	4668	1375951	1740	2313,1061,260,768,257,6,0,2,0,0,0,0,0,0,0,0,0,0,0,0,0,0,0,0,0,0,0,0,0,0,0,0,0,0,0,0,0,0,0,0	781,8,2,3,2,1024,258,257,766,1,2,1,1,3,0,0,781,7,1,0,2,0,768,0,0,0,0,0,0,0,0,0,0,0,0,0,0,0,0,0
tb.dut.clusters[0].cluster.sockets[0].socket.cores[0].core.issue.issue_slices[0].per_issue_dispatch_if[1]	10	474	4439	152	73	152	8	73	1385423	1376951	2,68,2,0,0,0,0,1,0,0,0,0,0,0,0,0,0,0,0,0,0,0,0,0,0,0,0,0,0,0,0,0,0,0,0,0,0,0,0,0	0,3,2,1,0,62,0,0,0,0,0,0,0,0,0,0,0,0,3,0,0,0,0,0,1,0,0,0,0,0,0,0,1,0,0,0,0,0,0,0	3	80	71	80	8	72	1385495	1376957	68,2,0,0,0,0,0,1,0,0,0,0,0,0,0,0,0,0,0,0,0,0,0,0,0,0,0,0,0,0,0,0,0,0,0,0,0,0,0,0	0,1,2,1,1,0,62,0,0,0,0,0,0,0,0,0,0,0,3,0,0,0,0,0,1,0,0,0,0,0,0,0,1,0,0,0,0,0,0,0
tb.dut.clusters[0].cluster.sockets[0].socket.cores[0].core.issue.issue_slices[0].per_issue_dispatch_if[2]	10	474	135	23	8	23	5	8	1385552	1385136	1,4,0,1,2,0,0,0,0,0,0,0,0,0,0,0,0,0,0,0,0,0,0,0,0,0,0,0,0,0,0,0,0,0,0,0,0,0,0,0	1,0,1,0,0,1,0,0,0,0,0,0,0,1,0,0,2,0,0,0,1,0,0,0,0,0,0,0,0,0,0,0,1,0,0,0,0,0,0,0	3	8	5	8	3	6	1385567	1385140	3,1,1,0,0,0,0,0,0,0,0,0,0,0,0,0,0,0,0,0,0,0,0,0,0,0,0,0,0,0,0,0,0,0,0,0,0,0,0,0	0,0,0,0,0,0,0,1,0,0,0,0,0,0,0,0,3,0,0,0,1,0,0,0,0,0,0,0,0,0,0,0,1,0,0,0,0,0,0,0
tb.dut.clusters[0].cluster.sockets[0].socket.cores[0].core.issue.issue_slices[0].per_issue_dispatch_if[3]	10	474	6180537	196757	98368	196757	8	98368	1188818	8627	3,98358,0,3,2,0,0,2,0,0,0,0,0,0,0,0,0,0,0,0,0,0,0,0,0,0,0,0,0,0,0,0,0,0,0,0,0,0,0,0	34,15,2,9,3,1,0,49149,0,1,0,0,0,1,0,49148,3,0,0,0,1,0,0,0,0,1,0,0,0,0,0,0,0,0,0,0,0,0,0,0	3	98444	98368	98444	8	98369	1287131	8627	98309,53,1,2,2,0,0,1,0,0,0,0,0,0,0,0,0,0,0,0,0,0,0,0,0,0,0,0,0,0,0,0,0,0,0,0,0,0,0,0	35,15,2,5,7,1,0,0,49149,0,1,0,0,0,1,0,49151,0,0,0,1,0,0,0,0,1,0,0,0,0,0,0,0,0,0,0,0,0,0,0
tb.dut.clusters[0].cluster.sockets[0].socket.cores[0].core.issue.writeback_if[0]	9	175	16689946	212156	100235	212156	14	100236	1173419	317	2,96618,6,260,2306,1026,4,1,6,0,0,0,0,6,0,0,0,0,0,0,0,0,0,0,0,0,0,0,0,0,0,0,0,0,0,0,0,0,0,0	289,23,10,260,3850,568,1,46845,6,1,0,2,0,2,0,48376,1,0,1,0,1,0,0,0,0,0,0,0,0,0,0,0,0,0,0,0,0,0,0,0	2	209846	102545	209846	14	102546	1175729	317	2315,96622,1536,1024,773,260,3,1,5,0,0,0,0,6,0,0,0,0,0,0,0,0,0,0,0,0,0,0,0,0,0,0,0,0,0,0,0,0,0,0	2599,23,10,260,3850,568,1,46845,6,1,0,2,0,2,0,48376,1,0,1,0,1,0,0,0,0,0,0,0,0,0,0,0,0,0,0,0,0,0,0,0
tb.dut.clusters[0].cluster.sockets[0].socket.cores[0].core.lmem_unit	8	9745	55840	448	71	448	25	71	1385127	1376934	0,0,2,0,6,59,0,0,0,0,3,0,0,0,0,0,1,0,0,0,0,0,0,0,0,0,0,0,0,0,0,0,0,0,0,0,0,0,0,0	0,58,6,0,0,0,0,0,0,0,0,0,0,0,0,1,0,0,4,0,0,0,0,0,1,0,0,0,0,0,0,0,1,0,0,0,0,0,0,0	49	277	75	277	5	75	1385298	1376958	4,3,9,55,4,0,0,0,0,0,0,0,0,0,0,0,0,0,0,0,0,0,0,0,0,0,0,0,0,0,0,0,0,0,0,0,0,0,0,0	3,2,0,56,7,1,1,0,0,0,0,0,0,0,0,0,0,0,3,0,0,0,0,0,1,0,0,0,0,0,0,0,1,0,0,0,0,0,0,0
tb.dut.clusters[0].cluster.sockets[0].socket.cores[0].core.lmem_unit.genblk3[0]	9	8	145	145	77	145	2	78	1385430	1376959	9,68,0,0,0,0,0,0,0,0,0,0,0,0,0,0,0,0,0,0,0,0,0,0,0,0,0,0,0,0,0,0,0,0,0,0,0,0,0,0	1,8,0,0,0,64,0,0,0,0,0,0,0,0,0,0,0,0,3,0,0,0,0,0,1,0,0,0,0,0,0,0,1,0,0,0,0,0,0,0	2	0	0	0	0	1	1385575	1385575	0,0,0,0,0,0,0,0,0,0,0,0,0,0,0,0,0,0,0,0,0,0,0,0,0,0,0,0,0,0,0,0,0,0,0,0,0,0,0,0	0,0,0,0,0,0,0,0,0,0,0,0,0,0,0,0,0,0,0,0,0,0,0,0,0,0,0,0,0,0,0,0,1,0,0,0,0,0,0,0
tb.dut.clusters[0].cluster.sockets[0].socket.cores[0].core.lmem_unit.genblk4[0]	9	3782	21074	156	79	156	4	79	1385419	1376936	7,68,3,1,0,0,0,0,0,0,0,0,0,0,0,0,0,0,0,0,0,0,0,0,0,0,0,0,0,0,0,0,0,0,0,0,0,0,0,0	1,8,0,0,0,64,0,0,0,0,0,0,0,0,0,0,1,0,3,0,0,0,0,0,1,0,0,0,0,0,0,0,1,0,0,0,0,0,0,0	19	145	71	145	4	71	1385430	1376958	2,65,3,1,0,0,0,0,0,0,0,0,0,0,0,0,0,0,0,0,0,0,0,0,0,0,0,0,0,0,0,0,0,0,0,0,0,0,0,0	0,2,0,0,0,63,0,0,0,0,0,0,0,0,1,0,0,0,3,0,0,0,0,0,1,0,0,0,0,0,0,0,1,0,0,0,0,0,0,0
tb.dut.clusters[0].cluster.sockets[0].socket.cores[0].core.lmem_unit.genblk4[0].lmem_bus_tmp_if[0]	10	270	1047	82	77	82	3	77	1385493	1376959	73,3,1,0,0,0,0,0,0,0,0,0,0,0,0,0,0,0,0,0,0,0,0,0,0,0,0,0,0,0,0,0,0,0,0,0,0,0,0,0	0,4,4,0,0,0,64,0,0,0,0,0,0,0,0,0,0,0,3,0,0,0,0,0,1,0,0,0,0,0,0,0,1,0,0,0,0,0,0,0	2	75	70	75	3	71	1385500	1376960	66,3,1,0,0,0,0,0,0,0,0,0,0,0,0,0,0,0,0,0,0,0,0,0,0,0,0,0,0,0,0,0,0,0,0,0,0,0,0,0	0,0,2,0,0,0,63,0,0,0,0,0,0,0,1,0,0,0,3,0,0,0,0,0,1,0,0,0,0,0,0,0,1,0,0,0,0,0,0,0
tb.dut.clusters[0].cluster.sockets[0].socket.cores[0].core.lmem_unit.genblk4[0].lmem_bus_tmp_if[1]	10	270	1078	82	77	82	3	77	1385493	1376959	73,3,1,0,0,0,0,0,0,0,0,0,0,0,0,0,0,0,0,0,0,0,0,0,0,0,0,0,0,0,0,0,0,0,0,0,0,0,0,0	0,4,4,0,0,0,64,0,0,0,0,0,0,0,0,0,0,0,3,0,0,0,0,0,1,0,0,0,0,0,0,0,1,0,0,0,0,0,0,0	2	75	70	75	3	71	1385500	1376960	66,3,1,0,0,0,0,0,0,0,0,0,0,0,0,0,0,0,0,0,0,0,0,0,0,0,0,0,0,0,0,0,0,0,0,0,0,0,0,0	0,0,2,0,0,0,63,0,0,0,0,0,0,0,1,0,0,0,3,0,0,0,0,0,1,0,0,0,0,0,0,0,1,0,0,0,0,0,0,0
tb.dut.clusters[0].cluster.sockets[0].socket.cores[0].core.lmem_unit.genblk4[0].lmem_bus_tmp_if[2]	10	270	1049	82	77	82	3	77	1385493	1376959	73,3,1,0,0,0,0,0,0,0,0,0,0,0,0,0,0,0,0,0,0,0,0,0,0,0,0,0,0,0,0,0,0,0,0,0,0,0,0,0	0,4,4,0,0,0,64,0,0,0,0,0,0,0,0,0,0,0,3,0,0,0,0,0,1,0,0,0,0,0,0,0,1,0,0,0,0,0,0,0	2	75	70	75	3	71	1385500	1376960	66,3,1,0,0,0,0,0,0,0,0,0,0,0,0,0,0,0,0,0,0,0,0,0,0,0,0,0,0,0,0,0,0,0,0,0,0,0,0,0	0,0,2,0,0,0,63,0,0,0,0,0,0,0,1,0,0,0,3,0,0,0,0,0,1,0,0,0,0,0,0,0,1,0,0,0,0,0,0,0
tb.dut.clusters[0].cluster.sockets[0].socket.cores[0].core.lmem_unit.genblk4[0].lmem_bus_tmp_if[3]	10	270	1057	82	77	82	3	77	1385493	1376959	73,3,1,0,0,0,0,0,0,0,0,0,0,0,0,0,0,0,0,0,0,0,0,0,0,0,0,0,0,0,0,0,0,0,0,0,0,0,0,0	0,4,4,0,0,0,64,0,0,0,0,0,0,0,0,0,0,0,3,0,0,0,0,0,1,0,0,0,0,0,0,0,1,0,0,0,0,0,0,0	2	75	70	75	3	71	1385500	1376960	66,3,1,0,0,0,0,0,0,0,0,0,0,0,0,0,0,0,0,0,0,0,0,0,0,0,0,0,0,0,0,0,0,0,0,0,0,0,0,0	0,0,2,0,0,0,63,0,0,0,0,0,0,0,1,0,0,0,3,0,0,0,0,0,1,0,0,0,0,0,0,0,1,0,0,0,0,0,0,0
tb.dut.clusters[0].cluster.sockets[0].socket.cores[0].core.lmem_unit.genblk4[0].lsu_adapter	10	2702	16843	156	79	156	4	79	1385419	1376936	7,68,3,1,0,0,0,0,0,0,0,0,0,0,0,0,0,0,0,0,0,0,0,0,0,0,0,0,0,0,0,0,0,0,0,0,0,0,0,0	1,8,0,0,0,64,0,0,0,0,0,0,0,0,0,0,1,0,3,0,0,0,0,0,1,0,0,0,0,0,0,0,1,0,0,0,0,0,0,0	14	146	71	146	4	71	1385429	1376958	1,66,3,1,0,0,0,0,0,0,0,0,0,0,0,0,0,0,0,0,0,0,0,0,0,0,0,0,0,0,0,0,0,0,0,0,0,0,0,0	0,2,0,0,0,63,0,0,0,0,0,0,0,1,0,0,0,0,3,0,0,0,0,0,1,0,0,0,0,0,0,0,1,0,0,0,0,0,0,0
tb.dut.clusters[0].cluster.sockets[0].socket.cores[0].core.lmem_unit.genblk4[0].lsu_adapter.lsu_mem_if	11	613	4180	82	77	82	3	77	1385493	1376958	73,3,1,0,0,0,0,0,0,0,0,0,0,0,0,0,0,0,0,0,0,0,0,0,0,0,0,0,0,0,0,0,0,0,0,0,0,0,0,0	0,0,8,0,0,0,64,0,0,0,0,0,0,0,0,0,0,0,3,0,0,0,0,0,1,0,0,0,0,0,0,0,1,0,0,0,0,0,0,0	4	78	73	78	3	73	1385497	1376958	69,3,1,0,0,0,0,0,0,0,0,0,0,0,0,0,0,0,0,0,0,0,0,0,0,0,0,0,0,0,0,0,0,0,0,0,0,0,0,0	0,0,4,0,0,0,64,0,0,0,0,0,0,0,0,0,0,0,3,0,0,0,0,0,1,0,0,0,0,0,0,0,1,0,0,0,0,0,0,0
tb.dut.clusters[0].cluster.sockets[0].socket.cores[0].core.lmem_unit.genblk4[0].lsu_adapter.mem_bus_if[0]	11	270	1047	82	77	82	3	77	1385493	1376959	73,3,1,0,0,0,0,0,0,0,0,0,0,0,0,0,0,0,0,0,0,0,0,0,0,0,0,0,0,0,0,0,0,0,0,0,0,0,0,0	0,4,4,0,0,0,64,0,0,0,0,0,0,0,0,0,0,0,3,0,0,0,0,0,1,0,0,0,0,0,0,0,1,0,0,0,0,0,0,0	2	75	70	75	3	71	1385500	1376960	66,3,1,0,0,0,0,0,0,0,0,0,0,0,0,0,0,0,0,0,0,0,0,0,0,0,0,0,0,0,0,0,0,0,0,0,0,0,0,0	0,0,2,0,0,0,63,0,0,0,0,0,0,0,1,0,0,0,3,0,0,0,0,0,1,0,0,0,0,0,0,0,1,0,0,0,0,0,0,0
tb.dut.clusters[0].cluster.sockets[0].socket.cores[0].core.lmem_unit.genblk4[0].lsu_adapter.mem_bus_if[1]	11	270	1078	82	77	82	3	77	1385493	1376959	73,3,1,0,0,0,0,0,0,0,0,0,0,0,0,0,0,0,0,0,0,0,0,0,0,0,0,0,0,0,0,0,0,0,0,0,0,0,0,0	0,4,4,0,0,0,64,0,0,0,0,0,0,0,0,0,0,0,3,0,0,0,0,0,1,0,0,0,0,0,0,0,1,0,0,0,0,0,0,0	2	75	70	75	3	71	1385500	1376960	66,3,1,0,0,0,0,0,0,0,0,0,0,0,0,0,0,0,0,0,0,0,0,0,0,0,0,0,0,0,0,0,0,0,0,0,0,0,0,0	0,0,2,0,0,0,63,0,0,0,0,0,0,0,1,0,0,0,3,0,0,0,0,0,1,0,0,0,0,0,0,0,1,0,0,0,0,0,0,0
tb.dut.clusters[0].cluster.sockets[0].socket.cores[0].core.lmem_unit.genblk4[0].lsu_adapter.mem_bus_if[2]	11	270	1049	82	77	82	3	77	1385493	1376959	73,3,1,0,0,0,0,0,0,0,0,0,0,0,0,0,0,0,0,0,0,0,0,0,0,0,0,0,0,0,0,0,0,0,0,0,0,0,0,0	0,4,4,0,0,0,64,0,0,0,0,0,0,0,0,0,0,0,3,0,0,0,0,0,1,0,0,0,0,0,0,0,1,0,0,0,0,0,0,0	2	75	70	75	3	71	1385500	1376960	66,3,1,0,0,0,0,0,0,0,0,0,0,0,0,0,0,0,0,0,0,0,0,0,0,0,0,0,0,0,0,0,0,0,0,0,0,0,0,0	0,0,2,0,0,0,63,0,0,0,0,0,0,0,1,0,0,0,3,0,0,0,0,0,1,0,0,0,0,0,0,0,1,0,0,0,0,0,0,0
tb.dut.clusters[0].cluster.sockets[0].socket.cores[0].core.lmem_unit.genblk4[0].lsu_adapter.mem_bus_if[3]	11	270	1057	82	77	82	3	77	1385493	1376959	73,3,1,0,0,0,0,0,0,0,0,0,0,0,0,0,0,0,0,0,0,0,0,0,0,0,0,0,0,0,0,0,0,0,0,0,0,0,0,0	0,4,4,0,0,0,64,0,0,0,0,0,0,0,0,0,0,0,3,0,0,0,0,0,1,0,0,0,0,0,0,0,1,0,0,0,0,0,0,0	2	75	70	75	3	71	1385500	1376960	66,3,1,0,0,0,0,0,0,0,0,0,0,0,0,0,0,0,0,0,0,0,0,0,0,0,0,0,0,0,0,0,0,0,0,0,0,0,0,0	0,0,2,0,0,0,63,0,0,0,0,0,0,0,1,0,0,0,3,0,0,0,0,0,1,0,0,0,0,0,0,0,1,0,0,0,0,0,0,0
tb.dut.clusters[0].cluster.sockets[0].socket.cores[0].core.lmem_unit.lmem_bus_if[0]	9	270	1047	82	77	82	3	77	1385493	1376959	73,3,1,0,0,0,0,0,0,0,0,0,0,0,0,0,0,0,0,0,0,0,0,0,0,0,0,0,0,0,0,0,0,0,0,0,0,0,0,0	0,4,4,0,0,0,64,0,0,0,0,0,0,0,0,0,0,0,3,0,0,0,0,0,1,0,0,0,0,0,0,0,1,0,0,0,0,0,0,0	2	75	70	75	3	71	1385500	1376960	66,3,1,0,0,0,0,0,0,0,0,0,0,0,0,0,0,0,0,0,0,0,0,0,0,0,0,0,0,0,0,0,0,0,0,0,0,0,0,0	0,0,2,0,0,0,63,0,0,0,0,0,0,0,1,0,0,0,3,0,0,0,0,0,1,0,0,0,0,0,0,0,1,0,0,0,0,0,0,0
tb.dut.clusters[0].cluster.sockets[0].socket.cores[0].core.lmem_unit.lmem_bus_if[1]	9	270	1078	82	77	82	3	77	1385493	1376959	73,3,1,0,0,0,0,0,0,0,0,0,0,0,0,0,0,0,0,0,0,0,0,0,0,0,0,0,0,0,0,0,0,0,0,0,0,0,0,0	0,4,4,0,0,0,64,0,0,0,0,0,0,0,0,0,0,0,3,0,0,0,0,0,1,0,0,0,0,0,0,0,1,0,0,0,0,0,0,0	2	75	70	75	3	71	1385500	1376960	66,3,1,0,0,0,0,0,0,0,0,0,0,0,0,0,0,0,0,0,0,0,0,0,0,0,0,0,0,0,0,0,0,0,0,0,0,0,0,0	0,0,2,0,0,0,63,0,0,0,0,0,0,0,1,0,0,0,3,0,0,0,0,0,1,0,0,0,0,0,0,0,1,0,0,0,0,0,0,0
tb.dut.clusters[0].cluster.sockets[0].socket.cores[0].core.lmem_unit.lmem_bus_if[2]	9	270	1049	82	77	82	3	77	1385493	1376959	73,3,1,0,0,0,0,0,0,0,0,0,0,0,0,0,0,0,0,0,0,0,0,0,0,0,0,0,0,0,0,0,0,0,0,0,0,0,0,0	0,4,4,0,0,0,64,0,0,0,0,0,0,0,0,0,0,0,3,0,0,0,0,0,1,0,0,0,0,0,0,0,1,0,0,0,0,0,0,0	2	75	70	75	3	71	1385500	1376960	66,3,1,0,0,0,0,0,0,0,0,0,0,0,0,0,0,0,0,0,0,0,0,0,0,0,0,0,0,0,0,0,0,0,0,0,0,0,0,0	0,0,2,0,0,0,63,0,0,0,0,0,0,0,1,0,0,0,3,0,0,0,0,0,1,0,0,0,0,0,0,0,1,0,0,0,0,0,0,0
tb.dut.clusters[0].cluster.sockets[0].socket.cores[0].core.lmem_unit.lmem_bus_if[3]	9	270	1057	82	77	82	3	77	1385493	1376959	73,3,1,0,0,0,0,0,0,0,0,0,0,0,0,0,0,0,0,0,0,0,0,0,0,0,0,0,0,0,0,0,0,0,0,0,0,0,0,0	0,4,4,0,0,0,64,0,0,0,0,0,0,0,0,0,0,0,3,0,0,0,0,0,1,0,0,0,0,0,0,0,1,0,0,0,0,0,0,0	2	75	70	75	3	71	1385500	1376960	66,3,1,0,0,0,0,0,0,0,0,0,0,0,0,0,0,0,0,0,0,0,0,0,0,0,0,0,0,0,0,0,0,0,0,0,0,0,0,0	0,0,2,0,0,0,63,0,0,0,0,0,0,0,1,0,0,0,3,0,0,0,0,0,1,0,0,0,0,0,0,0,1,0,0,0,0,0,0,0
tb.dut.clusters[0].cluster.sockets[0].socket.cores[0].core.lmem_unit.local_mem	9	2937	17082	225	75	225	5	75	1385350	1376935	0,9,61,1,4,0,0,0,0,0,0,0,0,0,0,0,0,0,0,0,0,0,0,0,0,0,0,0,0,0,0,0,0,0,0,0,0,0,0,0	5,0,0,0,58,6,0,0,0,0,0,0,0,0,0,0,1,0,3,0,0,0,0,0,1,0,0,0,0,0,0,0,1,0,0,0,0,0,0,0	15	153	71	153	4	71	1385422	1376959	1,62,4,4,0,0,0,0,0,0,0,0,0,0,0,0,0,0,0,0,0,0,0,0,0,0,0,0,0,0,0,0,0,0,0,0,0,0,0,0	0,2,0,0,2,61,0,0,0,0,0,0,1,0,0,0,0,0,3,0,0,0,0,0,1,0,0,0,0,0,0,0,1,0,0,0,0,0,0,0
tb.dut.clusters[0].cluster.sockets[0].socket.cores[0].core.lmem_unit.local_mem.genblk6[0]	10	47	125	72	69	72	2	70	1385503	1376937	66,3,0,0,0,0,0,0,0,0,0,0,0,0,0,0,0,0,0,0,0,0,0,0,0,0,0,0,0,0,0,0,0,0,0,0,0,0,0,0	1,0,4,1,0,0,54,0,0,0,0,0,0,0,2,0,3,0,3,0,0,0,0,0,1,0,0,0,0,0,0,0,1,0,0,0,0,0,0,0	2	39	36	39	2	37	1385536	1376962	33,3,0,0,0,0,0,0,0,0,0,0,0,0,0,0,0,0,0,0,0,0,0,0,0,0,0,0,0,0,0,0,0,0,0,0,0,0,0,0	0,0,0,0,0,0,6,0,0,0,0,0,0,0,22,0,2,2,3,0,0,0,0,0,1,0,0,0,0,0,0,0,1,0,0,0,0,0,0,0
tb.dut.clusters[0].cluster.sockets[0].socket.cores[0].core.lmem_unit.local_mem.genblk6[1]	10	47	125	72	69	72	2	70	1385503	1376937	66,3,0,0,0,0,0,0,0,0,0,0,0,0,0,0,0,0,0,0,0,0,0,0,0,0,0,0,0,0,0,0,0,0,0,0,0,0,0,0	1,0,4,1,0,0,54,0,0,0,0,0,0,0,2,0,3,0,3,0,0,0,0,0,1,0,0,0,0,0,0,0,1,0,0,0,0,0,0,0	2	39	36	39	2	37	1385536	1376962	33,3,0,0,0,0,0,0,0,0,0,0,0,0,0,0,0,0,0,0,0,0,0,0,0,0,0,0,0,0,0,0,0,0,0,0,0,0,0,0	0,0,0,0,0,0,6,0,0,0,0,0,0,0,22,0,2,2,3,0,0,0,0,0,1,0,0,0,0,0,0,0,1,0,0,0,0,0,0,0
tb.dut.clusters[0].cluster.sockets[0].socket.cores[0].core.lmem_unit.local_mem.genblk6[2]	10	47	125	72	69	72	2	70	1385503	1376937	66,3,0,0,0,0,0,0,0,0,0,0,0,0,0,0,0,0,0,0,0,0,0,0,0,0,0,0,0,0,0,0,0,0,0,0,0,0,0,0	1,0,4,1,0,0,54,0,0,0,0,0,0,0,2,0,3,0,3,0,0,0,0,0,1,0,0,0,0,0,0,0,1,0,0,0,0,0,0,0	2	39	36	39	2	37	1385536	1376962	33,3,0,0,0,0,0,0,0,0,0,0,0,0,0,0,0,0,0,0,0,0,0,0,0,0,0,0,0,0,0,0,0,0,0,0,0,0,0,0	0,0,0,0,0,0,6,0,0,0,0,0,0,0,22,0,2,2,3,0,0,0,0,0,1,0,0,0,0,0,0,0,1,0,0,0,0,0,0,0
tb.dut.clusters[0].cluster.sockets[0].socket.cores[0].core.lmem_unit.local_mem.genblk6[3]	10	47	125	72	69	72	2	70	1385503	1376937	66,3,0,0,0,0,0,0,0,0,0,0,0,0,0,0,0,0,0,0,0,0,0,0,0,0,0,0,0,0,0,0,0,0,0,0,0,0,0,0	1,0,4,1,0,0,54,0,0,0,0,0,0,0,2,0,3,0,3,0,0,0,0,0,1,0,0,0,0,0,0,0,1,0,0,0,0,0,0,0	2	39	36	39	2	37	1385536	1376962	33,3,0,0,0,0,0,0,0,0,0,0,0,0,0,0,0,0,0,0,0,0,0,0,0,0,0,0,0,0,0,0,0,0,0,0,0,0,0,0	0,0,0,0,0,0,6,0,0,0,0,0,0,0,22,0,2,2,3,0,0,0,0,0,1,0,0,0,0,0,0,0,1,0,0,0,0,0,0,0
tb.dut.clusters[0].cluster.sockets[0].socket.cores[0].core.lmem_unit.local_mem.mem_bus_if[0]	10	270	1047	82	77	82	3	77	1385493	1376959	73,3,1,0,0,0,0,0,0,0,0,0,0,0,0,0,0,0,0,0,0,0,0,0,0,0,0,0,0,0,0,0,0,0,0,0,0,0,0,0	0,4,4,0,0,0,64,0,0,0,0,0,0,0,0,0,0,0,3,0,0,0,0,0,1,0,0,0,0,0,0,0,1,0,0,0,0,0,0,0	2	75	70	75	3	71	1385500	1376960	66,3,1,0,0,0,0,0,0,0,0,0,0,0,0,0,0,0,0,0,0,0,0,0,0,0,0,0,0,0,0,0,0,0,0,0,0,0,0,0	0,0,2,0,0,0,63,0,0,0,0,0,0,0,1,0,0,0,3,0,0,0,0,0,1,0,0,0,0,0,0,0,1,0,0,0,0,0,0,0
tb.dut.clusters[0].cluster.sockets[0].socket.cores[0].core.lmem_unit.local_mem.mem_bus_if[1]	10	270	1078	82	77	82	3	77	1385493	1376959	73,3,1,0,0,0,0,0,0,0,0,0,0,0,0,0,0,0,0,0,0,0,0,0,0,0,0,0,0,0,0,0,0,0,0,0,0,0,0,0	0,4,4,0,0,0,64,0,0,0,0,0,0,0,0,0,0,0,3,0,0,0,0,0,1,0,0,0,0,0,0,0,1,0,0,0,0,0,0,0	2	75	70	75	3	71	1385500	1376960	66,3,1,0,0,0,0,0,0,0,0,0,0,0,0,0,0,0,0,0,0,0,0,0,0,0,0,0,0,0,0,0,0,0,0,0,0,0,0,0	0,0,2,0,0,0,63,0,0,0,0,0,0,0,1,0,0,0,3,0,0,0,0,0,1,0,0,0,0,0,0,0,1,0,0,0,0,0,0,0
tb.dut.clusters[0].cluster.sockets[0].socket.cores[0].core.lmem_unit.local_mem.mem_bus_if[2]	10	270	1049	82	77	82	3	77	1385493	1376959	73,3,1,0,0,0,0,0,0,0,0,0,0,0,0,0,0,0,0,0,0,0,0,0,0,0,0,0,0,0,0,0,0,0,0,0,0,0,0,0	0,4,4,0,0,0,64,0,0,0,0,0,0,0,0,0,0,0,3,0,0,0,0,0,1,0,0,0,0,0,0,0,1,0,0,0,0,0,0,0	2	75	70	75	3	71	1385500	1376960	66,3,1,0,0,0,0,0,0,0,0,0,0,0,0,0,0,0,0,0,0,0,0,0,0,0,0,0,0,0,0,0,0,0,0,0,0,0,0,0	0,0,2,0,0,0,63,0,0,0,0,0,0,0,1,0,0,0,3,0,0,0,0,0,1,0,0,0,0,0,0,0,1,0,0,0,0,0,0,0
tb.dut.clusters[0].cluster.sockets[0].socket.cores[0].core.lmem_unit.local_mem.mem_bus_if[3]	10	270	1057	82	77	82	3	77	1385493	1376959	73,3,1,0,0,0,0,0,0,0,0,0,0,0,0,0,0,0,0,0,0,0,0,0,0,0,0,0,0,0,0,0,0,0,0,0,0,0,0,0	0,4,4,0,0,0,64,0,0,0,0,0,0,0,0,0,0,0,3,0,0,0,0,0,1,0,0,0,0,0,0,0,1,0,0,0,0,0,0,0	2	75	70	75	3	71	1385500	1376960	66,3,1,0,0,0,0,0,0,0,0,0,0,0,0,0,0,0,0,0,0,0,0,0,0,0,0,0,0,0,0,0,0,0,0,0,0,0,0,0	0,0,2,0,0,0,63,0,0,0,0,0,0,0,1,0,0,0,3,0,0,0,0,0,1,0,0,0,0,0,0,0,1,0,0,0,0,0,0,0
tb.dut.clusters[0].cluster.sockets[0].socket.cores[0].core.lmem_unit.lsu_mem_in_if[0]	9	613	4554	163	80	163	5	80	1385412	1376953	7,69,1,0,3,0,0,0,0,0,0,0,0,0,0,0,0,0,0,0,0,0,0,0,0,0,0,0,0,0,0,0,0,0,0,0,0,0,0,0	0,9,0,1,0,64,0,0,0,0,0,0,0,0,0,0,0,0,4,0,0,0,0,0,1,0,0,0,0,0,0,0,1,0,0,0,0,0,0,0	4	82	76	82	3	76	1385493	1376958	71,4,1,0,0,0,0,0,0,0,0,0,0,0,0,0,0,0,0,0,0,0,0,0,0,0,0,0,0,0,0,0,0,0,0,0,0,0,0,0	1,1,4,0,1,0,64,0,0,0,0,0,0,0,0,0,0,0,3,0,0,0,0,0,1,0,0,0,0,0,0,0,1,0,0,0,0,0,0,0
tb.dut.clusters[0].cluster.sockets[0].socket.cores[0].core.lmem_unit.lsu_mem_out_if[0]	9	613	4568	165	81	165	4	81	1385410	1376959	5,72,0,4,0,0,0,0,0,0,0,0,0,0,0,0,0,0,0,0,0,0,0,0,0,0,0,0,0,0,0,0,0,0,0,0,0,0,0,0	0,11,0,0,0,64,0,0,0,0,0,0,0,0,0,0,0,0,4,0,0,0,0,0,1,0,0,0,0,0,0,0,1,0,0,0,0,0,0,0	4	81	80	81	2	80	1385494	1376959	79,1,0,0,0,0,0,0,0,0,0,0,0,0,0,0,0,0,0,0,0,0,0,0,0,0,0,0,0,0,0,0,0,0,0,0,0,0,0,0	4,0,5,0,0,1,65,0,0,0,0,0,0,0,0,0,0,0,3,0,0,0,0,0,1,0,0,0,0,0,0,0,1,0,0,0,0,0,0,0
tb.dut.clusters[0].cluster.sockets[0].socket.cores[0].core.lmem_unit.lsu_switch_if[0]	9	613	4180	82	77	82	3	77	1385493	1376958	73,3,1,0,0,0,0,0,0,0,0,0,0,0,0,0,0,0,0,0,0,0,0,0,0,0,0,0,0,0,0,0,0,0,0,0,0,0,0,0	0,0,8,0,0,0,64,0,0,0,0,0,0,0,0,0,0,0,3,0,0,0,0,0,1,0,0,0,0,0,0,0,1,0,0,0,0,0,0,0	4	78	73	78	3	73	1385497	1376958	69,3,1,0,0,0,0,0,0,0,0,0,0,0,0,0,0,0,0,0,0,0,0,0,0,0,0,0,0,0,0,0,0,0,0,0,0,0,0,0	0,0,4,0,0,0,64,0,0,0,0,0,0,0,0,0,0,0,3,0,0,0,0,0,1,0,0,0,0,0,0,0,1,0,0,0,0,0,0,0
tb.dut.clusters[0].cluster.sockets[0].socket.cores[0].core.lsu_dcache_if[0]	8	613	4568	165	81	165	4	81	1385410	1376959	5,72,0,4,0,0,0,0,0,0,0,0,0,0,0,0,0,0,0,0,0,0,0,0,0,0,0,0,0,0,0,0,0,0,0,0,0,0,0,0	0,11,0,0,0,64,0,0,0,0,0,0,0,0,0,0,0,0,4,0,0,0,0,0,1,0,0,0,0,0,0,0,1,0,0,0,0,0,0,0	4	81	80	81	2	80	1385494	1376959	79,1,0,0,0,0,0,0,0,0,0,0,0,0,0,0,0,0,0,0,0,0,0,0,0,0,0,0,0,0,0,0,0,0,0,0,0,0,0,0	4,0,5,0,0,1,65,0,0,0,0,0,0,0,0,0,0,0,3,0,0,0,0,0,1,0,0,0,0,0,0,0,1,0,0,0,0,0,0,0
tb.dut.clusters[0].cluster.sockets[0].socket.cores[0].core.lsu_mem_if[0]	8	613	4554	163	80	163	5	80	1385412	1376953	7,69,1,0,3,0,0,0,0,0,0,0,0,0,0,0,0,0,0,0,0,0,0,0,0,0,0,0,0,0,0,0,0,0,0,0,0,0,0,0	0,9,0,1,0,64,0,0,0,0,0,0,0,0,0,0,0,0,4,0,0,0,0,0,1,0,0,0,0,0,0,0,1,0,0,0,0,0,0,0	4	82	76	82	3	76	1385493	1376958	71,4,1,0,0,0,0,0,0,0,0,0,0,0,0,0,0,0,0,0,0,0,0,0,0,0,0,0,0,0,0,0,0,0,0,0,0,0,0,0	1,1,4,0,1,0,64,0,0,0,0,0,0,0,0,0,0,0,3,0,0,0,0,0,1,0,0,0,0,0,0,0,1,0,0,0,0,0,0,0
tb.dut.clusters[0].cluster.sockets[0].socket.cores[0].core.sched_csr_if	8	70	2771669	1385545	2	1385545	1385541	2	30	20	0,0,0,1,0,0,0,0,0,0,0,0,0,0,0,0,0,0,0,0,0,0,0,0,0,0,0,0,0,0,0,0,1,0,0,0,0,0,0,0	0,0,0,0,0,0,0,0,0,1,0,0,0,0,0,0,1,0,0,0,0,0,0,0,0,0,0,0,0,0,0,0,0,0,0,0,0,0,0,0	2	693036	692508	693036	9	692509	692539	21	692252,0,252,0,1,0,2,0,1,0,0,0,0,0,0,0,0,0,0,0,0,0,0,0,0,0,0,0,0,0,0,0,0,0,0,0,0,0,0,0	692507,0,0,0,0,0,0,0,0,0,1,0,0,0,0,0,1,0,0,0,0,0,0,0,0,0,0,0,0,0,0,0,0,0,0,0,0,0,0,0
tb.dut.clusters[0].cluster.sockets[0].socket.cores[0].core.schedule	8	3788	13160454	1385553	4	1385553	1385543	4	22	10	1,0,1,0,0,1,0,0,0,0,0,0,0,0,0,0,0,0,0,0,0,0,0,0,0,0,0,0,0,0,0,0,1,0,0,0,0,0,0,0	0,0,1,1,1,0,0,0,0,1,0,0,0,0,0,0,0,0,0,0,0,0,0,0,0,0,0,0,0,0,0,0,0,0,0,0,0,0,0,0	19	165460	45630	165460	50	45631	1220115	286	20842,872,851,11684,1088,7034,948,0,766,1,771,0,1,0,1,1,768,2,0,0,0,0,0,0,0,0,0,0,0,0,0,0,0,0,0,0,0,0,0,0	14145,1036,903,1543,776,23,789,226,17,767,772,3,1531,773,35,2,1576,19176,772,765,1,0,0,0,0,0,0,0,0,0,0,0,0,0,0,0,0,0,0,0
tb.dut.clusters[0].cluster.sockets[0].socket.cores[0].core.schedule.branch_ctl_if[0]	9	35	86436	16808	4157	16808	8	4158	1368767	1738	1,557,774,1790,5,1026,2,2,0,0,0,0,0,0,0,0,0,0,0,0,0,0,0,0,0,0,0,0,0,0,0,0,0,0,0,0,0,0,0,0	273,7,3,257,2,2046,4,2,0,1,0,0,1,3,0,0,782,6,1,0,2,0,768,0,0,0,0,0,0,0,0,0,0,0,0,0,0,0,0,0	2	13202	5694	13202	8	5695	1372373	1738	2318,1318,260,1533,258,5,0,2,0,0,0,0,0,0,0,0,0,0,0,0,0,0,0,0,0,0,0,0,0,0,0,0,0,0,0,0,0,0,0,0	1810,7,2,257,3,1790,3,256,1,2,1,0,1,3,0,0,781,7,1,0,2,0,768,0,0,0,0,0,0,0,0,0,0,0,0,0,0,0,0,0
tb.dut.clusters[0].cluster.sockets[0].socket.cores[0].core.schedule.commit_sched_if	9	4	216552	210606	101780	210606	14	101781	1174969	325	782,97387,1539,263,1538,257,3,1,4,0,0,0,0,6,0,0,0,0,0,0,0,0,0,0,0,0,0,0,0,0,0,0,0,0,0,0,0,0,0,0	1835,23,9,260,3850,568,1,46845,6,1,1,1,0,2,0,48376,1,0,1,0,1,0,0,0,0,0,0,0,0,0,0,0,0,0,0,0,0,0,0,0	2	5946	3368	5946	7	3369	1379629	1773	1570,1025,770,1,1,0,1,0,0,0,0,0,0,0,0,0,0,0,0,0,0,0,0,0,0,0,0,0,0,0,0,0,0,0,0,0,0,0,0,0	772,1,0,1,2,9,767,0,5,3,2,0,1,0,1,1,1029,3,2,0,2,0,768,0,0,0,0,0,0,0,0,0,0,0,0,0,0,0,0,0
tb.dut.clusters[0].cluster.sockets[0].socket.cores[0].core.schedule.decode_sched_if	9	4	338424	187981	25285	187981	48	25286	1197594	310	805,1637,1547,261,90,255,19919,2,1,0,0,0,1,0,1,0,1,765,0,0,0,0,0,0,0,0,0,0,0,0,0,0,0,0,0,0,0,0,0,0	862,259,1537,9,3,1,1,41,765,255,1,0,0,1,7,31,33,20707,3,769,1,0,0,0,0,0,0,0,0,0,0,0,0,0,0,0,0,0,0,0	2	117892	50647	117892	6	50648	1267683	328	22503,1583,19896,1045,5365,255,0,0,0,0,0,0,0,0,0,0,0,0,0,0,0,0,0,0,0,0,0,0,0,0,0,0,0,0,0,0,0,0,0,0	26978,263,11,3,773,2,2,3,36,259,765,0,1,0,0,8,61,20710,3,769,1,0,0,0,0,0,0,0,0,0,0,0,0,0,0,0,0,0,0,0
tb.dut.clusters[0].cluster.sockets[0].socket.cores[0].core.schedule.genblk4[0]	9	272	421860	107764	53860	107764	6	53861	1277811	287	0,53835,11,10,3,1,0,0,0,0,0,0,0,0,0,0,0,0,0,0,0,0,0,0,0,0,0,0,0,0,0,0,0,0,0,0,0,0,0,0	17,773,34,7202,768,0,3,2,3,2557,1025,3,2,767,3,3,31451,9244,3,0,1,0,0,0,0,0,0,0,0,0,0,0,0,0,0,0,0,0,0,0	2	107762	53860	107762	6	53861	1277813	287	1,53835,10,10,3,1,0,0,0,0,0,0,0,0,0,0,0,0,0,0,0,0,0,0,0,0,0,0,0,0,0,0,0,0,0,0,0,0,0,0	17,772,35,7202,768,0,3,2,3,2557,1025,3,2,767,3,3,31451,9244,3,0,1,0,0,0,0,0,0,0,0,0,0,0,0,0,0,0,0,0,0,0
tb.dut.clusters[0].cluster.sockets[0].socket.cores[0].core.schedule.genblk4[0].counter	10	272	421860	107764	53860	107764	6	53861	1277811	287	0,53835,11,10,3,1,0,0,0,0,0,0,0,0,0,0,0,0,0,0,0,0,0,0,0,0,0,0,0,0,0,0,0,0,0,0,0,0,0,0	17,773,34,7202,768,0,3,2,3,2557,1025,3,2,767,3,3,31451,9244,3,0,1,0,0,0,0,0,0,0,0,0,0,0,0,0,0,0,0,0,0,0	2	107762	53860	107762	6	53861	1277813	287	1,53835,10,10,3,1,0,0,0,0,0,0,0,0,0,0,0,0,0,0,0,0,0,0,0,0,0,0,0,0,0,0,0,0,0,0,0,0,0,0	17,772,35,7202,768,0,3,2,3,2557,1025,3,2,767,3,3,31451,9244,3,0,1,0,0,0,0,0,0,0,0,0,0,0,0,0,0,0,0,0,0,0
tb.dut.clusters[0].cluster.sockets[0].socket.cores[0].core.schedule.genblk4[0].counter.genblk3	11	24	205272	105705	52833	105705	6	52834	1279870	287	0,52811,10,8,3,1,0,0,0,0,0,0,0,0,0,0,0,0,0,0,0,0,0,0,0,0,0,0,0,0,0,0,0,0,0,0,0,0,0,0	17,772,34,6175,768,1,3,2,2,2302,261,3,2,766,3,258,32217,9244,3,0,1,0,0,0,0,0,0,0,0,0,0,0,0,0,0,0,0,0,0,0	2	90192	45089	90192	4	45090	1295383	665	3,45074,7,5,0,0,0,0,0,0,0,0,0,0,0,0,0,0,0,0,0,0,0,0,0,0,0,0,0,0,0,0,0,0,0,0,0,0,0,0	11,4,16,6,4,2,3,4,2,5376,260,0,0,0,0,260,31439,5391,2307,3,1,1,0,0,0,0,0,0,0,0,0,0,0,0,0,0,0,0,0,0
tb.dut.clusters[0].cluster.sockets[0].socket.cores[0].core.schedule.genblk4[1]	9	272	422044	107753	53088	107753	8	53089	1277822	334	1,52299,10,770,6,1,0,1,0,0,0,0,0,0,0,0,0,0,0,0,0,0,0,0,0,0,0,0,0,0,0,0,0,0,0,0,0,0,0,0	12,5,16,7187,772,767,4,0,770,265,281,1,3,784,3,2,35269,6946,1,0,1,0,0,0,0,0,0,0,0,0,0,0,0,0,0,0,0,0,0,0	2	107751	53087	107751	8	53088	1277824	353	1,52298,10,770,6,1,0,1,0,0,0,0,0,0,0,0,0,0,0,0,0,0,0,0,0,0,0,0,0,0,0,0,0,0,0,0,0,0,0,0	12,4,17,7187,772,767,4,0,770,265,281,1,3,784,3,2,35268,6946,1,0,1,0,0,0,0,0,0,0,0,0,0,0,0,0,0,0,0,0,0,0
tb.dut.clusters[0].cluster.sockets[0].socket.cores[0].core.schedule.genblk4[1].counter	10	272	422044	107753	53088	107753	8	53089	1277822	334	1,52299,10,770,6,1,0,1,0,0,0,0,0,0,0,0,0,0,0,0,0,0,0,0,0,0,0,0,0,0,0,0,0,0,0,0,0,0,0,0	12,5,16,7187,772,767,4,0,770,265,281,1,3,784,3,2,35269,6946,1,0,1,0,0,0,0,0,0,0,0,0,0,0,0,0,0,0,0,0,0,0	2	107751	53087	107751	8	53088	1277824	353	1,52298,10,770,6,1,0,1,0,0,0,0,0,0,0,0,0,0,0,0,0,0,0,0,0,0,0,0,0,0,0,0,0,0,0,0,0,0,0,0	12,4,17,7187,772,767,4,0,770,265,281,1,3,784,3,2,35268,6946,1,0,1,0,0,0,0,0,0,0,0,0,0,0,0,0,0,0,0,0,0,0
tb.dut.clusters[0].cluster.sockets[0].socket.cores[0].core.schedule.genblk4[1].counter.genblk3	11	24	205420	105697	52063	105697	8	52064	1279878	357	0,51278,10,768,5,1,0,1,0,0,0,0,0,0,0,0,0,0,0,0,0,0,0,0,0,0,0,0,0,0,0,0,0,0,0,0,0,0,0,0	13,4,16,6162,772,768,4,0,4,10,281,2,3,784,769,256,35268,6946,1,0,1,0,0,0,0,0,0,0,0,0,0,0,0,0,0,0,0,0,0,0	2	90180	45087	90180	4	45088	1295395	665	6,45072,6,3,0,0,0,0,0,0,0,0,0,0,0,0,0,0,0,0,0,0,0,0,0,0,0,0,0,0,0,0,0,0,0,0,0,0,0,0	11,3,13,0,770,766,1,4,3,3081,262,0,1,19,770,253,32966,3857,2302,4,1,1,0,0,0,0,0,0,0,0,0,0,0,0,0,0,0,0,0,0
tb.dut.clusters[0].cluster.sockets[0].socket.cores[0].core.schedule.genblk4[2]	9	272	407906	104691	51557	104691	5	51558	1280884	335	1,50000,1538,14,4,0,0,0,0,0,0,0,0,0,0,0,0,0,0,0,0,0,0,0,0,0,0,0,0,0,0,0,0,0,0,0,0,0,0,0	1544,12,34,5651,7,787,13031,2300,768,269,259,2,1,766,0,3,2318,23804,0,1,1,0,0,0,0,0,0,0,0,0,0,0,0,0,0,0,0,0,0,0	2	104689	51556	104689	5	51557	1280886	354	1,49999,1538,14,4,0,0,0,0,0,0,0,0,0,0,0,0,0,0,0,0,0,0,0,0,0,0,0,0,0,0,0,0,0,0,0,0,0,0,0	1544,11,35,5651,7,787,13031,2300,768,269,259,2,1,766,0,3,2317,23804,0,1,1,0,0,0,0,0,0,0,0,0,0,0,0,0,0,0,0,0,0,0
tb.dut.clusters[0].cluster.sockets[0].socket.cores[0].core.schedule.genblk4[2].counter	10	272	407906	104691	51557	104691	5	51558	1280884	335	1,50000,1538,14,4,0,0,0,0,0,0,0,0,0,0,0,0,0,0,0,0,0,0,0,0,0,0,0,0,0,0,0,0,0,0,0,0,0,0,0	1544,12,34,5651,7,787,13031,2300,768,269,259,2,1,766,0,3,2318,23804,0,1,1,0,0,0,0,0,0,0,0,0,0,0,0,0,0,0,0,0,0,0	2	104689	51556	104689	5	51557	1280886	354	1,49999,1538,14,4,0,0,0,0,0,0,0,0,0,0,0,0,0,0,0,0,0,0,0,0,0,0,0,0,0,0,0,0,0,0,0,0,0,0,0	1544,11,35,5651,7,787,13031,2300,768,269,259,2,1,766,0,3,2317,23804,0,1,1,0,0,0,0,0,0,0,0,0,0,0,0,0,0,0,0,0,0,0
tb.dut.clusters[0].cluster.sockets[0].socket.cores[0].core.schedule.genblk4[2].counter.genblk3	11	24	199072	101868	50530	101868	5	50531	1283707	358	0,49742,772,12,4,0,0,0,0,0,0,0,0,0,0,0,0,0,0,0,0,0,0,0,0,0,0,0,0,0,0,0,0,0,0,0,0,0,0,0	1544,11,33,4623,772,789,13031,2300,769,14,260,2,1,766,0,257,2318,22274,765,1,1,0,0,0,0,0,0,0,0,0,0,0,0,0,0,0,0,0,0,0	2	87868	44312	87868	4	44313	1297707	665	770,43532,6,4,0,0,0,0,0,0,0,0,0,0,0,0,0,0,0,0,0,0,0,0,0,0,0,0,0,0,0,0,0,0,0,0,0,0,0,0	1541,7,6,2,7,19,13028,2299,1,1549,258,1,0,1,1,257,3849,19176,2305,3,2,1,0,0,0,0,0,0,0,0,0,0,0,0,0,0,0,0,0,0
tb.dut.clusters[0].cluster.sockets[0].socket.cores[0].core.schedule.genblk4[3]	9	272	325046	105445	51546	105445	8	51547	1280130	336	1,49216,2314,8,6,0,0,1,0,0,0,0,0,0,0,0,0,0,0,0,0,0,0,0,0,0,0,0,0,0,0,0,0,0,0,0,0,0,0,0	12,2307,18400,4121,4,4,4,2,765,1032,298,1,3,0,1,2,1548,23040,1,1,1,0,0,0,0,0,0,0,0,0,0,0,0,0,0,0,0,0,0,0	2	105443	51545	105443	8	51546	1280132	355	1,49215,2314,8,6,0,0,1,0,0,0,0,0,0,0,0,0,0,0,0,0,0,0,0,0,0,0,0,0,0,0,0,0,0,0,0,0,0,0,0	12,2306,18401,4121,4,4,4,2,765,1032,298,1,3,0,1,2,1547,23040,1,1,1,0,0,0,0,0,0,0,0,0,0,0,0,0,0,0,0,0,0,0
tb.dut.clusters[0].cluster.sockets[0].socket.cores[0].core.schedule.genblk4[3].counter	10	272	325046	105445	51546	105445	8	51547	1280130	336	1,49216,2314,8,6,0,0,1,0,0,0,0,0,0,0,0,0,0,0,0,0,0,0,0,0,0,0,0,0,0,0,0,0,0,0,0,0,0,0,0	12,2307,18400,4121,4,4,4,2,765,1032,298,1,3,0,1,2,1548,23040,1,1,1,0,0,0,0,0,0,0,0,0,0,0,0,0,0,0,0,0,0,0	2	105443	51545	105443	8	51546	1280132	355	1,49215,2314,8,6,0,0,1,0,0,0,0,0,0,0,0,0,0,0,0,0,0,0,0,0,0,0,0,0,0,0,0,0,0,0,0,0,0,0,0	12,2306,18401,4121,4,4,4,2,765,1032,298,1,3,0,1,2,1547,23040,1,1,1,0,0,0,0,0,0,0,0,0,0,0,0,0,0,0,0,0,0,0
tb.dut.clusters[0].cluster.sockets[0].socket.cores[0].core.schedule.genblk4[3].counter.genblk3	11	24	143844	103385	50517	103385	8	50518	1282190	359	0,48190,2313,7,6,0,0,1,0,0,0,0,0,0,0,0,0,0,0,0,0,0,0,0,0,0,0,0,0,0,0,0,0,0,0,0,0,0,0,0	12,2305,18399,3093,5,4,4,2,766,13,298,1,3,1,0,1021,1547,23041,1,1,1,0,0,0,0,0,0,0,0,0,0,0,0,0,0,0,0,0,0,0	2	25723	12847	25723	5	12848	1359852	665	768,11291,780,7,1,0,0,0,0,0,0,0,0,0,0,0,0,0,0,0,0,0,0,0,0,0,0,0,0,0,0,0,0,0,0,0,0,0,0,0	8,3,3075,0,3,1,4,3,2,1543,258,1,0,0,0,254,2314,770,2303,769,767,770,0,0,0,0,0,0,0,0,0,0,0,0,0,0,0,0,0,0
tb.dut.clusters[0].cluster.sockets[0].socket.cores[0].core.schedule.sched_csr_if	9	70	2771669	1385545	2	1385545	1385541	2	30	20	0,0,0,1,0,0,0,0,0,0,0,0,0,0,0,0,0,0,0,0,0,0,0,0,0,0,0,0,0,0,0,0,1,0,0,0,0,0,0,0	0,0,0,0,0,0,0,0,0,1,0,0,0,0,0,0,1,0,0,0,0,0,0,0,0,0,0,0,0,0,0,0,0,0,0,0,0,0,0,0	2	693036	692508	693036	9	692509	692539	21	692252,0,252,0,1,0,2,0,1,0,0,0,0,0,0,0,0,0,0,0,0,0,0,0,0,0,0,0,0,0,0,0,0,0,0,0,0,0,0,0	692507,0,0,0,0,0,0,0,0,0,1,0,0,0,0,0,1,0,0,0,0,0,0,0,0,0,0,0,0,0,0,0,0,0,0,0,0,0,0,0
tb.dut.clusters[0].cluster.sockets[0].socket.cores[0].core.schedule.schedule_if	9	40	412046	169368	24192	169368	70	24192	1216207	287	4,844,2590,262,309,19408,1,0,1,0,0,3,0,0,0,0,0,768,2,0,0,0,0,0,0,0,0,0,0,0,0,0,0,0,0,0,0,0,0,0	1304,258,774,7,0,2,3,38,255,765,1,1,0,4,17,18,32,19940,3,4,766,0,0,0,0,0,0,0,0,0,0,0,0,0,0,0,0,0,0,0	2	112890	55705	112890	6	55705	1272685	287	27958,908,25539,256,789,255,0,0,0,0,0,0,0,0,0,0,0,0,0,0,0,0,0,0,0,0,0,0,0,0,0,0,0,0,0,0,0,0,0,0	32780,287,792,6,1,1,4,18,0,10,765,0,256,4,11,19,31,19947,3,4,766,0,0,0,0,0,0,0,0,0,0,0,0,0,0,0,0,0,0,0
tb.dut.clusters[0].cluster.sockets[0].socket.cores[0].core.schedule.split_join	9	1609	310	32	8	32	7	8	1385543	1385136	1,2,1,0,1,2,1,0,0,0,0,0,0,0,0,0,0,0,0,0,0,0,0,0,0,0,0,0,0,0,0,0,0,0,0,0,0,0,0,0	0,1,0,1,0,0,0,0,0,0,0,1,0,1,0,0,2,0,0,0,1,0,0,0,0,0,0,0,0,0,0,0,1,0,0,0,0,0,0,0	9	6	3	6	3	4	1385569	1385159	1,1,1,0,0,0,0,0,0,0,0,0,0,0,0,0,0,0,0,0,0,0,0,0,0,0,0,0,0,0,0,0,0,0,0,0,0,0,0,0	0,0,0,0,0,0,0,0,0,0,0,0,0,0,0,0,2,0,0,0,1,0,0,0,0,0,0,0,0,0,0,0,1,0,0,0,0,0,0,0
tb.dut.clusters[0].cluster.sockets[0].socket.cores[0].core.schedule.split_join.genblk1[0]	10	323	40	9	5	9	3	6	1385566	1385159	2,2,1,0,0,0,0,0,0,0,0,0,0,0,0,0,0,0,0,0,0,0,0,0,0,0,0,0,0,0,0,0,0,0,0,0,0,0,0,0	0,0,0,1,0,0,0,0,0,0,0,0,0,0,0,0,3,0,0,0,1,0,0,0,0,0,0,0,0,0,0,0,1,0,0,0,0,0,0,0	2	9	5	9	3	6	1385566	1385159	2,2,1,0,0,0,0,0,0,0,0,0,0,0,0,0,0,0,0,0,0,0,0,0,0,0,0,0,0,0,0,0,0,0,0,0,0,0,0,0	0,0,0,1,0,0,0,0,0,0,0,0,0,0,0,0,3,0,0,0,1,0,0,0,0,0,0,0,0,0,0,0,1,0,0,0,0,0,0,0
tb.dut.clusters[0].cluster.sockets[0].socket.cores[0].core.schedule.split_join.genblk1[0].ipdom_stack	11	322	38	9	5	9	3	6	1385566	1385159	2,2,1,0,0,0,0,0,0,0,0,0,0,0,0,0,0,0,0,0,0,0,0,0,0,0,0,0,0,0,0,0,0,0,0,0,0,0,0,0	0,0,0,1,0,0,0,0,0,0,0,0,0,0,0,0,3,0,0,0,1,0,0,0,0,0,0,0,0,0,0,0,1,0,0,0,0,0,0,0	2	7	4	7	3	5	1385568	1385159	2,1,1,0,0,0,0,0,0,0,0,0,0,0,0,0,0,0,0,0,0,0,0,0,0,0,0,0,0,0,0,0,0,0,0,0,0,0,0,0	0,0,0,0,1,0,0,0,0,0,0,0,0,0,0,0,2,0,0,0,1,0,0,0,0,0,0,0,0,0,0,0,1,0,0,0,0,0,0,0
tb.dut.clusters[0].cluster.sockets[0].socket.cores[0].core.schedule.split_join.genblk1[1]	10	323	40	9	5	9	3	6	1385566	1385159	2,2,1,0,0,0,0,0,0,0,0,0,0,0,0,0,0,0,0,0,0,0,0,0,0,0,0,0,0,0,0,0,0,0,0,0,0,0,0,0	0,0,0,1,0,0,0,0,0,0,0,0,0,0,0,0,3,0,0,0,1,0,0,0,0,0,0,0,0,0,0,0,1,0,0,0,0,0,0,0	2	9	5	9	3	6	1385566	1385159	2,2,1,0,0,0,0,0,0,0,0,0,0,0,0,0,0,0,0,0,0,0,0,0,0,0,0,0,0,0,0,0,0,0,0,0,0,0,0,0	0,0,0,1,0,0,0,0,0,0,0,0,0,0,0,0,3,0,0,0,1,0,0,0,0,0,0,0,0,0,0,0,1,0,0,0,0,0,0,0
tb.dut.clusters[0].cluster.sockets[0].socket.cores[0].core.schedule.split_join.genblk1[1].ipdom_stack	11	322	38	9	5	9	3	6	1385566	1385159	2,2,1,0,0,0,0,0,0,0,0,0,0,0,0,0,0,0,0,0,0,0,0,0,0,0,0,0,0,0,0,0,0,0,0,0,0,0,0,0	0,0,0,1,0,0,0,0,0,0,0,0,0,0,0,0,3,0,0,0,1,0,0,0,0,0,0,0,0,0,0,0,1,0,0,0,0,0,0,0	2	7	4	7	3	5	1385568	1385159	2,1,1,0,0,0,0,0,0,0,0,0,0,0,0,0,0,0,0,0,0,0,0,0,0,0,0,0,0,0,0,0,0,0,0,0,0,0,0,0	0,0,0,0,1,0,0,0,0,0,0,0,0,0,0,0,2,0,0,0,1,0,0,0,0,0,0,0,0,0,0,0,1,0,0,0,0,0,0,0
tb.dut.clusters[0].cluster.sockets[0].socket.cores[0].core.schedule.split_join.genblk1[2]	10	323	40	9	5	9	3	6	1385566	1385159	2,2,1,0,0,0,0,0,0,0,0,0,0,0,0,0,0,0,0,0,0,0,0,0,0,0,0,0,0,0,0,0,0,0,0,0,0,0,0,0	0,0,0,1,0,0,0,0,0,0,0,0,0,0,0,0,3,0,0,0,1,0,0,0,0,0,0,0,0,0,0,0,1,0,0,0,0,0,0,0	2	9	5	9	3	6	1385566	1385159	2,2,1,0,0,0,0,0,0,0,0,0,0,0,0,0,0,0,0,0,0,0,0,0,0,0,0,0,0,0,0,0,0,0,0,0,0,0,0,0	0,0,0,1,0,0,0,0,0,0,0,0,0,0,0,0,3,0,0,0,1,0,0,0,0,0,0,0,0,0,0,0,1,0,0,0,0,0,0,0
tb.dut.clusters[0].cluster.sockets[0].socket.cores[0].core.schedule.split_join.genblk1[2].ipdom_stack	11	322	38	9	5	9	3	6	1385566	1385159	2,2,1,0,0,0,0,0,0,0,0,0,0,0,0,0,0,0,0,0,0,0,0,0,0,0,0,0,0,0,0,0,0,0,0,0,0,0,0,0	0,0,0,1,0,0,0,0,0,0,0,0,0,0,0,0,3,0,0,0,1,0,0,0,0,0,0,0,0,0,0,0,1,0,0,0,0,0,0,0	2	7	4	7	3	5	1385568	1385159	2,1,1,0,0,0,0,0,0,0,0,0,0,0,0,0,0,0,0,0,0,0,0,0,0,0,0,0,0,0,0,0,0,0,0,0,0,0,0,0	0,0,0,0,1,0,0,0,0,0,0,0,0,0,0,0,2,0,0,0,1,0,0,0,0,0,0,0,0,0,0,0,1,0,0,0,0,0,0,0
tb.dut.clusters[0].cluster.sockets[0].socket.cores[0].core.schedule.split_join.genblk1[3]	10	323	40	9	5	9	3	6	1385566	1385159	2,2,1,0,0,0,0,0,0,0,0,0,0,0,0,0,0,0,0,0,0,0,0,0,0,0,0,0,0,0,0,0,0,0,0,0,0,0,0,0	0,0,0,1,0,0,0,0,0,0,0,0,0,0,0,0,3,0,0,0,1,0,0,0,0,0,0,0,0,0,0,0,1,0,0,0,0,0,0,0	2	9	5	9	3	6	1385566	1385159	2,2,1,0,0,0,0,0,0,0,0,0,0,0,0,0,0,0,0,0,0,0,0,0,0,0,0,0,0,0,0,0,0,0,0,0,0,0,0,0	0,0,0,1,0,0,0,0,0,0,0,0,0,0,0,0,3,0,0,0,1,0,0,0,0,0,0,0,0,0,0,0,1,0,0,0,0,0,0,0
tb.dut.clusters[0].cluster.sockets[0].socket.cores[0].core.schedule.split_join.genblk1[3].ipdom_stack	11	322	38	9	5	9	3	6	1385566	1385159	2,2,1,0,0,0,0,0,0,0,0,0,0,0,0,0,0,0,0,0,0,0,0,0,0,0,0,0,0,0,0,0,0,0,0,0,0,0,0,0	0,0,0,1,0,0,0,0,0,0,0,0,0,0,0,0,3,0,0,0,1,0,0,0,0,0,0,0,0,0,0,0,1,0,0,0,0,0,0,0	2	7	4	7	3	5	1385568	1385159	2,1,1,0,0,0,0,0,0,0,0,0,0,0,0,0,0,0,0,0,0,0,0,0,0,0,0,0,0,0,0,0,0,0,0,0,0,0,0,0	0,0,0,0,1,0,0,0,0,0,0,0,0,0,0,0,2,0,0,0,1,0,0,0,0,0,0,0,0,0,0,0,1,0,0,0,0,0,0,0
tb.dut.clusters[0].cluster.sockets[0].socket.cores[0].core.schedule.warp_ctl_if	9	98	151	23	5	23	6	6	1385552	1385136	0,1,0,0,3,1,0,0,0,0,0,0,0,0,0,0,0,0,0,0,0,0,0,0,0,0,0,0,0,0,0,0,0,0,0,0,0,0,0,0	0,0,0,0,1,0,0,0,0,0,0,0,1,0,1,0,1,0,0,0,1,0,0,0,0,0,0,0,0,0,0,0,1,0,0,0,0,0,0,0	2	16	6	16	5	7	1385559	1385139	1,3,0,1,1,0,0,0,0,0,0,0,0,0,0,0,0,0,0,0,0,0,0,0,0,0,0,0,0,0,0,0,0,0,0,0,0,0,0,0	1,0,0,0,0,1,0,0,0,0,0,0,0,0,2,0,1,0,0,0,1,0,0,0,0,0,0,0,0,0,0,0,1,0,0,0,0,0,0,0
tb.dut.clusters[0].cluster.sockets[0].socket.cores[0].core.schedule_if	8	40	412046	169368	24192	169368	70	24192	1216207	287	4,844,2590,262,309,19408,1,0,1,0,0,3,0,0,0,0,0,768,2,0,0,0,0,0,0,0,0,0,0,0,0,0,0,0,0,0,0,0,0,0	1304,258,774,7,0,2,3,38,255,765,1,1,0,4,17,18,32,19940,3,4,766,0,0,0,0,0,0,0,0,0,0,0,0,0,0,0,0,0,0,0	2	112890	55705	112890	6	55705	1272685	287	27958,908,25539,256,789,255,0,0,0,0,0,0,0,0,0,0,0,0,0,0,0,0,0,0,0,0,0,0,0,0,0,0,0,0,0,0,0,0,0,0	32780,287,792,6,1,1,4,18,0,10,765,0,256,4,11,19,31,19947,3,4,766,0,0,0,0,0,0,0,0,0,0,0,0,0,0,0,0,0,0,0
tb.dut.clusters[0].cluster.sockets[0].socket.cores[0].core.warp_ctl_if	8	98	151	23	5	23	6	6	1385552	1385136	0,1,0,0,3,1,0,0,0,0,0,0,0,0,0,0,0,0,0,0,0,0,0,0,0,0,0,0,0,0,0,0,0,0,0,0,0,0,0,0	0,0,0,0,1,0,0,0,0,0,0,0,1,0,1,0,1,0,0,0,1,0,0,0,0,0,0,0,0,0,0,0,1,0,0,0,0,0,0,0	2	16	6	16	5	7	1385559	1385139	1,3,0,1,1,0,0,0,0,0,0,0,0,0,0,0,0,0,0,0,0,0,0,0,0,0,0,0,0,0,0,0,0,0,0,0,0,0,0,0	1,0,0,0,0,1,0,0,0,0,0,0,0,0,2,0,1,0,0,0,1,0,0,0,0,0,0,0,0,0,0,0,1,0,0,0,0,0,0,0
tb.dut.clusters[0].cluster.sockets[0].socket.cores[0].core.writeback_if[0]	8	175	16689946	212156	100235	212156	14	100236	1173419	317	2,96618,6,260,2306,1026,4,1,6,0,0,0,0,6,0,0,0,0,0,0,0,0,0,0,0,0,0,0,0,0,0,0,0,0,0,0,0,0,0,0	289,23,10,260,3850,568,1,46845,6,1,0,2,0,2,0,48376,1,0,1,0,1,0,0,0,0,0,0,0,0,0,0,0,0,0,0,0,0,0,0,0	2	209846	102545	209846	14	102546	1175729	317	2315,96622,1536,1024,773,260,3,1,5,0,0,0,0,6,0,0,0,0,0,0,0,0,0,0,0,0,0,0,0,0,0,0,0,0,0,0,0,0,0,0	2599,23,10,260,3850,568,1,46845,6,1,0,2,0,2,0,48376,1,0,1,0,1,0,0,0,0,0,0,0,0,0,0,0,0,0,0,0,0,0,0,0
tb.dut.clusters[0].cluster.sockets[0].socket.dcache	6	87133	1606723	970	10	970	610	10	1384605	1376871	0,0,0,0,0,0,0,1,4,0,0,0,0,0,0,0,0,0,4,0,0,1,0,0,0,0,0,0,0,0,0,0,0,0,0,0,0,0,0,0	0,0,0,3,0,0,0,0,0,0,0,0,1,0,0,0,4,0,0,0,0,0,0,0,1,0,0,0,0,0,0,0,1,0,0,0,0,0,0,0	436	591	27	591	534	28	1384984	1376962	11,9,1,2,1,2,0,0,0,0,0,0,0,0,0,0,0,0,0,0,0,1,0,0,0,0,0,0,0,0,0,0,0,0,0,0,0,0,0,0	6,6,0,1,5,0,0,0,0,0,0,0,0,0,0,0,4,3,1,0,0,0,0,0,1,0,0,0,0,0,0,0,1,0,0,0,0,0,0,0
tb.dut.clusters[0].cluster.sockets[0].socket.dcache.arb_core_bus_if[0]	7	474	5666	574	22	574	533	23	1385001	1376873	10,8,0,0,3,0,0,0,0,0,0,0,0,0,0,0,0,0,0,0,0,1,0,0,0,0,0,0,0,0,0,0,0,0,0,0,0,0,0,0	0,4,4,3,1,0,0,0,0,0,0,0,0,0,0,0,4,0,5,0,0,0,0,0,1,0,0,0,0,0,0,0,1,0,0,0,0,0,0,0	3	278	276	278	2	277	1385297	1376962	274,2,0,0,0,0,0,0,0,0,0,0,0,0,0,0,0,0,0,0,0,0,0,0,0,0,0,0,0,0,0,0,0,0,0,0,0,0,0,0	264,0,4,3,0,0,0,0,0,0,0,0,0,0,0,0,0,0,4,0,0,0,0,0,1,0,0,0,0,0,0,0,1,0,0,0,0,0,0,0
tb.dut.clusters[0].cluster.sockets[0].socket.dcache.cache_mem_bus_if[0]	7	1296	40085	566	18	566	532	19	1385009	1376878	6,8,0,3,0,0,0,0,0,0,0,0,0,0,0,0,0,0,0,0,0,1,0,0,0,0,0,0,0,0,0,0,0,0,0,0,0,0,0,0	4,0,0,0,1,0,0,0,0,0,0,0,0,3,0,0,4,0,5,0,0,0,0,0,1,0,0,0,0,0,0,0,1,0,0,0,0,0,0,0	7	555	10	555	532	11	1385020	1376967	1,5,0,3,0,0,0,0,0,0,0,0,0,0,0,0,0,0,0,0,0,1,0,0,0,0,0,0,0,0,0,0,0,0,0,0,0,0,0,0	0,0,0,0,0,0,0,0,0,0,0,0,0,0,0,1,3,1,4,0,0,0,0,0,1,0,0,0,0,0,0,0,1,0,0,0,0,0,0,0
tb.dut.clusters[0].cluster.sockets[0].socket.dcache.caches[0]	7	73292	1280132	968	11	968	610	11	1384607	1376871	1,0,0,0,0,1,0,0,4,0,0,0,0,0,0,0,0,0,4,0,0,1,0,0,0,0,0,0,0,0,0,0,0,0,0,0,0,0,0,0	1,0,0,3,0,0,0,0,0,0,0,0,0,1,0,0,4,0,0,0,0,0,0,0,1,0,0,0,0,0,0,0,1,0,0,0,0,0,0,0	367	590	26	590	534	27	1384985	1376962	11,9,0,1,1,3,0,0,0,0,0,0,0,0,0,0,0,0,0,0,0,1,0,0,0,0,0,0,0,0,0,0,0,0,0,0,0,0,0,0	5,6,0,0,6,0,0,0,0,0,0,0,0,0,0,0,4,3,1,0,0,0,0,0,1,0,0,0,0,0,0,0,1,0,0,0,0,0,0,0
tb.dut.clusters[0].cluster.sockets[0].socket.dcache.caches[0].cache_wrap	8	73291	1280130	968	11	968	610	11	1384607	1376871	1,0,0,0,0,1,0,0,4,0,0,0,0,0,0,0,0,0,4,0,0,1,0,0,0,0,0,0,0,0,0,0,0,0,0,0,0,0,0,0	1,0,0,3,0,0,0,0,0,0,0,0,0,1,0,0,4,0,0,0,0,0,0,0,1,0,0,0,0,0,0,0,1,0,0,0,0,0,0,0	367	590	26	590	534	27	1384985	1376962	11,9,0,1,1,3,0,0,0,0,0,0,0,0,0,0,0,0,0,0,0,1,0,0,0,0,0,0,0,0,0,0,0,0,0,0,0,0,0,0	5,6,0,0,6,0,0,0,0,0,0,0,0,0,0,0,4,3,1,0,0,0,0,0,1,0,0,0,0,0,0,0,1,0,0,0,0,0,0,0
tb.dut.clusters[0].cluster.sockets[0].socket.dcache.caches[0].cache_wrap.core_bus_cache_if[0]	9	474	5999	575	22	575	533	23	1385000	1376873	9,9,0,0,3,0,0,0,0,0,0,0,0,0,0,0,0,0,0,0,0,1,0,0,0,0,0,0,0,0,0,0,0,0,0,0,0,0,0,0	0,8,0,1,3,0,0,0,0,0,0,0,0,0,0,0,4,0,5,0,0,0,0,0,1,0,0,0,0,0,0,0,1,0,0,0,0,0,0,0	3	280	276	280	2	277	1385295	1376962	272,4,0,0,0,0,0,0,0,0,0,0,0,0,0,0,0,0,0,0,0,0,0,0,0,0,0,0,0,0,0,0,0,0,0,0,0,0,0,0	264,0,4,0,3,0,0,0,0,0,0,0,0,0,0,0,0,0,4,0,0,0,0,0,1,0,0,0,0,0,0,0,1,0,0,0,0,0,0,0
tb.dut.clusters[0].cluster.sockets[0].socket.dcache.caches[0].cache_wrap.core_bus_if[0]	9	474	5666	574	22	574	533	23	1385001	1376873	10,8,0,0,3,0,0,0,0,0,0,0,0,0,0,0,0,0,0,0,0,1,0,0,0,0,0,0,0,0,0,0,0,0,0,0,0,0,0,0	0,4,4,3,1,0,0,0,0,0,0,0,0,0,0,0,4,0,5,0,0,0,0,0,1,0,0,0,0,0,0,0,1,0,0,0,0,0,0,0	3	278	276	278	2	277	1385297	1376962	274,2,0,0,0,0,0,0,0,0,0,0,0,0,0,0,0,0,0,0,0,0,0,0,0,0,0,0,0,0,0,0,0,0,0,0,0,0,0,0	264,0,4,3,0,0,0,0,0,0,0,0,0,0,0,0,0,0,4,0,0,0,0,0,1,0,0,0,0,0,0,0,1,0,0,0,0,0,0,0
tb.dut.clusters[0].cluster.sockets[0].socket.dcache.caches[0].cache_wrap.genblk2	9	5930	183542	615	28	615	537	28	1384960	1376873	7,8,8,1,0,0,0,0,3,0,0,0,0,0,0,0,0,0,0,0,0,1,0,0,0,0,0,0,0,0,0,0,0,0,0,0,0,0,0,0	4,9,0,3,0,0,0,0,0,0,0,0,0,0,0,1,4,1,4,0,0,0,0,0,1,0,0,0,0,0,0,0,1,0,0,0,0,0,0,0	30	580	22	580	533	23	1384995	1376962	9,4,5,0,3,0,0,0,0,0,0,0,0,0,0,0,0,0,0,0,0,1,0,0,0,0,0,0,0,0,0,0,0,0,0,0,0,0,0,0	8,0,0,2,3,0,0,0,0,0,0,0,0,0,0,0,4,0,4,0,0,0,0,0,1,0,0,0,0,0,0,0,1,0,0,0,0,0,0,0
tb.dut.clusters[0].cluster.sockets[0].socket.dcache.caches[0].cache_wrap.genblk2.cache_bypass	10	5929	183540	615	28	615	537	28	1384960	1376873	7,8,8,1,0,0,0,0,3,0,0,0,0,0,0,0,0,0,0,0,0,1,0,0,0,0,0,0,0,0,0,0,0,0,0,0,0,0,0,0	4,9,0,3,0,0,0,0,0,0,0,0,0,0,0,1,4,1,4,0,0,0,0,0,1,0,0,0,0,0,0,0,1,0,0,0,0,0,0,0	30	580	22	580	533	23	1384995	1376962	9,4,5,0,3,0,0,0,0,0,0,0,0,0,0,0,0,0,0,0,0,1,0,0,0,0,0,0,0,0,0,0,0,0,0,0,0,0,0,0	8,0,0,2,3,0,0,0,0,0,0,0,0,0,0,0,4,0,4,0,0,0,0,0,1,0,0,0,0,0,0,0,1,0,0,0,0,0,0,0
tb.dut.clusters[0].cluster.sockets[0].socket.dcache.caches[0].cache_wrap.genblk2.cache_bypass.core_bus_in_if[0]	11	474	5666	574	22	574	533	23	1385001	1376873	10,8,0,0,3,0,0,0,0,0,0,0,0,0,0,0,0,0,0,0,0,1,0,0,0,0,0,0,0,0,0,0,0,0,0,0,0,0,0,0	0,4,4,3,1,0,0,0,0,0,0,0,0,0,0,0,4,0,5,0,0,0,0,0,1,0,0,0,0,0,0,0,1,0,0,0,0,0,0,0	3	278	276	278	2	277	1385297	1376962	274,2,0,0,0,0,0,0,0,0,0,0,0,0,0,0,0,0,0,0,0,0,0,0,0,0,0,0,0,0,0,0,0,0,0,0,0,0,0,0	264,0,4,3,0,0,0,0,0,0,0,0,0,0,0,0,0,0,4,0,0,0,0,0,1,0,0,0,0,0,0,0,1,0,0,0,0,0,0,0
tb.dut.clusters[0].cluster.sockets[0].socket.dcache.caches[0].cache_wrap.genblk2.cache_bypass.core_bus_out_if[0]	11	474	5999	575	22	575	533	23	1385000	1376873	9,9,0,0,3,0,0,0,0,0,0,0,0,0,0,0,0,0,0,0,0,1,0,0,0,0,0,0,0,0,0,0,0,0,0,0,0,0,0,0	0,8,0,1,3,0,0,0,0,0,0,0,0,0,0,0,4,0,5,0,0,0,0,0,1,0,0,0,0,0,0,0,1,0,0,0,0,0,0,0	3	280	276	280	2	277	1385295	1376962	272,4,0,0,0,0,0,0,0,0,0,0,0,0,0,0,0,0,0,0,0,0,0,0,0,0,0,0,0,0,0,0,0,0,0,0,0,0,0,0	264,0,4,0,3,0,0,0,0,0,0,0,0,0,0,0,0,0,4,0,0,0,0,0,1,0,0,0,0,0,0,0,1,0,0,0,0,0,0,0
tb.dut.clusters[0].cluster.sockets[0].socket.dcache.caches[0].cache_wrap.genblk2.cache_bypass.genblk11	11	2	0	0	0	0	0	1	1385575	1385575	0,0,0,0,0,0,0,0,0,0,0,0,0,0,0,0,0,0,0,0,0,0,0,0,0,0,0,0,0,0,0,0,0,0,0,0,0,0,0,0	0,0,0,0,0,0,0,0,0,0,0,0,0,0,0,0,0,0,0,0,0,0,0,0,0,0,0,0,0,0,0,0,1,0,0,0,0,0,0,0	2	0	0	0	0	1	1385575	1385575	0,0,0,0,0,0,0,0,0,0,0,0,0,0,0,0,0,0,0,0,0,0,0,0,0,0,0,0,0,0,0,0,0,0,0,0,0,0,0,0	0,0,0,0,0,0,0,0,0,0,0,0,0,0,0,0,0,0,0,0,0,0,0,0,0,0,0,0,0,0,0,0,1,0,0,0,0,0,0,0
tb.dut.clusters[0].cluster.sockets[0].socket.dcache.caches[0].cache_wrap.genblk2.cache_bypass.genblk5	11	578	4670	276	276	276	1	277	1385299	1376962	276,0,0,0,0,0,0,0,0,0,0,0,0,0,0,0,0,0,0,0,0,0,0,0,0,0,0,0,0,0,0,0,0,0,0,0,0,0,0,0	272,0,0,0,0,0,0,0,0,0,0,0,0,0,0,0,0,0,3,0,0,0,0,0,1,0,0,0,0,0,0,0,1,0,0,0,0,0,0,0	3	275	275	275	1	276	1385300	1376962	275,0,0,0,0,0,0,0,0,0,0,0,0,0,0,0,0,0,0,0,0,0,0,0,0,0,0,0,0,0,0,0,0,0,0,0,0,0,0,0	270,0,1,0,0,0,0,0,0,0,0,0,0,0,0,0,0,0,3,0,0,0,0,0,1,0,0,0,0,0,0,0,1,0,0,0,0,0,0,0
tb.dut.clusters[0].cluster.sockets[0].socket.dcache.caches[0].cache_wrap.genblk2.cache_bypass.mem_bus_in_if	11	1294	76396	569	19	569	532	19	1385006	1376877	6,8,1,3,0,0,0,0,0,0,0,0,0,0,0,0,0,0,0,0,0,1,0,0,0,0,0,0,0,0,0,0,0,0,0,0,0,0,0,0	4,0,1,0,0,0,0,0,0,0,0,0,3,0,0,0,4,0,5,0,0,0,0,0,1,0,0,0,0,0,0,0,1,0,0,0,0,0,0,0	7	555	10	555	532	11	1385020	1376966	1,5,0,3,0,0,0,0,0,0,0,0,0,0,0,0,0,0,0,0,0,1,0,0,0,0,0,0,0,0,0,0,0,0,0,0,0,0,0,0	0,0,0,0,0,0,0,0,0,0,0,0,0,0,1,1,2,1,4,0,0,0,0,0,1,0,0,0,0,0,0,0,1,0,0,0,0,0,0,0
tb.dut.clusters[0].cluster.sockets[0].socket.dcache.caches[0].cache_wrap.genblk2.cache_bypass.mem_bus_out_if	11	1296	40085	566	18	566	532	19	1385009	1376878	6,8,0,3,0,0,0,0,0,0,0,0,0,0,0,0,0,0,0,0,0,1,0,0,0,0,0,0,0,0,0,0,0,0,0,0,0,0,0,0	4,0,0,0,1,0,0,0,0,0,0,0,0,3,0,0,4,0,5,0,0,0,0,0,1,0,0,0,0,0,0,0,1,0,0,0,0,0,0,0	7	555	10	555	532	11	1385020	1376967	1,5,0,3,0,0,0,0,0,0,0,0,0,0,0,0,0,0,0,0,0,1,0,0,0,0,0,0,0,0,0,0,0,0,0,0,0,0,0,0	0,0,0,0,0,0,0,0,0,0,0,0,0,0,0,1,3,1,4,0,0,0,0,0,1,0,0,0,0,0,0,0,1,0,0,0,0,0,0,0
tb.dut.clusters[0].cluster.sockets[0].socket.dcache.caches[0].cache_wrap.genblk3	9	63116	968440	958	11	958	609	11	1384617	1376871	1,0,0,0,1,0,0,4,0,0,0,0,0,0,0,0,0,0,4,0,0,1,0,0,0,0,0,0,0,0,0,0,0,0,0,0,0,0,0,0	0,1,0,0,3,0,0,0,0,0,0,0,0,0,1,0,4,0,0,0,0,0,0,0,1,0,0,0,0,0,0,0,1,0,0,0,0,0,0,0	316	582	23	582	535	24	1384993	1376962	13,4,0,1,3,0,1,0,0,0,0,0,0,0,0,0,0,0,0,0,0,1,0,0,0,0,0,0,0,0,0,0,0,0,0,0,0,0,0,0	4,2,3,0,2,3,0,0,0,0,0,0,0,0,0,0,4,3,1,0,0,0,0,0,1,0,0,0,0,0,0,0,1,0,0,0,0,0,0,0
tb.dut.clusters[0].cluster.sockets[0].socket.dcache.caches[0].cache_wrap.genblk3.cache	10	63115	968438	958	11	958	609	11	1384617	1376871	1,0,0,0,1,0,0,4,0,0,0,0,0,0,0,0,0,0,4,0,0,1,0,0,0,0,0,0,0,0,0,0,0,0,0,0,0,0,0,0	0,1,0,0,3,0,0,0,0,0,0,0,0,0,1,0,4,0,0,0,0,0,0,0,1,0,0,0,0,0,0,0,1,0,0,0,0,0,0,0	316	582	23	582	535	24	1384993	1376962	13,4,0,1,3,0,1,0,0,0,0,0,0,0,0,0,0,0,0,0,0,1,0,0,0,0,0,0,0,0,0,0,0,0,0,0,0,0,0,0	4,2,3,0,2,3,0,0,0,0,0,0,0,0,0,0,4,3,1,0,0,0,0,0,1,0,0,0,0,0,0,0,1,0,0,0,0,0,0,0
tb.dut.clusters[0].cluster.sockets[0].socket.dcache.caches[0].cache_wrap.genblk3.cache.banks[0]	11	12836	163307	944	15	944	602	15	1384631	1376871	1,0,0,1,4,0,4,0,0,0,0,0,0,0,0,0,0,0,4,0,0,1,0,0,0,0,0,0,0,0,0,0,0,0,0,0,0,0,0,0	4,0,1,0,0,3,0,0,0,0,0,0,0,0,0,1,4,0,0,0,0,0,0,0,1,0,0,0,0,0,0,0,1,0,0,0,0,0,0,0	65	445	152	445	11	153	1385130	1376963	78,2,2,4,62,1,2,0,0,0,1,0,0,0,0,0,0,0,0,0,0,0,0,0,0,0,0,0,0,0,0,0,0,0,0,0,0,0,0,0	136,0,4,0,0,0,1,0,1,1,0,0,0,0,0,0,4,3,1,0,0,0,0,0,1,0,0,0,0,0,0,0,1,0,0,0,0,0,0,0
tb.dut.clusters[0].cluster.sockets[0].socket.dcache.caches[0].cache_wrap.genblk3.cache.banks[0].bank	12	12810	163155	944	15	944	602	15	1384631	1376871	1,0,0,1,4,0,4,0,0,0,0,0,0,0,0,0,0,0,4,0,0,1,0,0,0,0,0,0,0,0,0,0,0,0,0,0,0,0,0,0	4,0,1,0,0,3,0,0,0,0,0,0,0,0,0,1,4,0,0,0,0,0,0,0,1,0,0,0,0,0,0,0,1,0,0,0,0,0,0,0	65	444	152	444	11	153	1385131	1376963	79,1,2,4,62,1,2,0,0,0,1,0,0,0,0,0,0,0,0,0,0,0,0,0,0,0,0,0,0,0,0,0,0,0,0,0,0,0,0,0	136,0,4,0,0,0,1,0,1,1,0,0,0,0,0,0,4,3,1,0,0,0,0,0,1,0,0,0,0,0,0,0,1,0,0,0,0,0,0,0
tb.dut.clusters[0].cluster.sockets[0].socket.dcache.caches[0].cache_wrap.genblk3.cache.banks[0].bank.cache_data	13	3468	47917	615	287	615	65	288	1384960	1376873	278,0,0,4,0,0,0,0,0,0,0,0,0,0,0,0,0,4,1,0,0,0,0,0,0,0,0,0,0,0,0,0,0,0,0,0,0,0,0,0	273,0,4,1,0,0,0,0,3,0,0,0,0,0,0,0,5,0,0,0,0,0,0,0,1,0,0,0,0,0,0,0,1,0,0,0,0,0,0,0	18	290	285	290	3	286	1385285	1376964	281,3,1,0,0,0,0,0,0,0,0,0,0,0,0,0,0,0,0,0,0,0,0,0,0,0,0,0,0,0,0,0,0,0,0,0,0,0,0,0	270,0,4,0,0,0,0,0,0,1,2,0,0,0,0,0,3,3,1,0,0,0,0,0,1,0,0,0,0,0,0,0,1,0,0,0,0,0,0,0
tb.dut.clusters[0].cluster.sockets[0].socket.dcache.caches[0].cache_wrap.genblk3.cache.banks[0].bank.cache_data.genblk7	14	64	1060	65	61	65	2	62	1385510	1376964	57,4,0,0,0,0,0,0,0,0,0,0,0,0,0,0,0,0,0,0,0,0,0,0,0,0,0,0,0,0,0,0,0,0,0,0,0,0,0,0	16,0,0,0,0,0,24,0,0,0,3,0,0,0,0,0,13,0,4,0,0,0,0,0,1,0,0,0,0,0,0,0,1,0,0,0,0,0,0,0	2	65	61	65	2	62	1385510	1376964	57,4,0,0,0,0,0,0,0,0,0,0,0,0,0,0,0,0,0,0,0,0,0,0,0,0,0,0,0,0,0,0,0,0,0,0,0,0,0,0	16,0,0,0,0,0,24,0,0,0,3,0,0,0,0,0,13,0,4,0,0,0,0,0,1,0,0,0,0,0,0,0,1,0,0,0,0,0,0,0
tb.dut.clusters[0].cluster.sockets[0].socket.dcache.caches[0].cache_wrap.genblk3.cache.banks[0].bank.cache_mshr	13	1277	10413	706	219	706	66	219	1384869	1376873	138,1,68,0,5,1,0,0,1,0,0,0,0,0,0,0,0,4,1,0,0,0,0,0,0,0,0,0,0,0,0,0,0,0,0,0,0,0,0,0	200,1,8,0,0,0,0,0,3,0,0,0,0,0,0,0,5,0,0,0,0,0,0,0,1,0,0,0,0,0,0,0,1,0,0,0,0,0,0,0	7	396	244	396	9	245	1385179	1376873	173,0,68,0,2,0,0,0,1,0,0,0,0,0,0,0,0,0,0,0,0,0,0,0,0,0,0,0,0,0,0,0,0,0,0,0,0,0,0,0	186,0,5,4,0,0,36,0,0,7,0,0,0,0,0,0,4,1,0,0,0,0,0,0,1,0,0,0,0,0,0,0,1,0,0,0,0,0,0,0
tb.dut.clusters[0].cluster.sockets[0].socket.dcache.caches[0].cache_wrap.genblk3.cache.banks[0].bank.cache_tags	13	432	1898	502	86	502	66	86	1385073	1376873	6,68,0,4,2,0,0,1,0,0,0,0,0,0,0,0,0,0,5,0,0,0,0,0,0,0,0,0,0,0,0,0,0,0,0,0,0,0,0,0	0,4,7,0,0,64,0,1,3,0,0,0,0,0,0,0,5,0,0,0,0,0,0,0,1,0,0,0,0,0,0,0,1,0,0,0,0,0,0,0	3	245	231	245	3	232	1385330	1376873	224,0,7,0,0,0,0,0,0,0,0,0,0,0,0,0,0,0,0,0,0,0,0,0,0,0,0,0,0,0,0,0,0,0,0,0,0,0,0,0	157,4,3,0,0,0,52,0,0,3,0,0,0,0,3,0,8,0,0,0,0,0,0,0,1,0,0,0,0,0,0,0,1,0,0,0,0,0,0,0
tb.dut.clusters[0].cluster.sockets[0].socket.dcache.caches[0].cache_wrap.genblk3.cache.banks[0].bank.cache_tags.genblk3[0]	14	44	77	34	23	34	3	24	1385541	1376873	16,3,4,0,0,0,0,0,0,0,0,0,0,0,0,0,0,0,0,0,0,0,0,0,0,0,0,0,0,0,0,0,0,0,0,0,0,0,0,0	0,4,3,0,0,0,0,0,0,3,0,0,0,0,0,0,6,5,0,0,1,0,0,0,1,0,0,0,0,0,0,0,1,0,0,0,0,0,0,0	2	25	21	25	2	22	1385550	1377405	17,4,0,0,0,0,0,0,0,0,0,0,0,0,0,0,0,0,0,0,0,0,0,0,0,0,0,0,0,0,0,0,0,0,0,0,0,0,0,0	0,4,3,0,0,0,0,0,0,0,3,0,0,0,0,0,5,5,0,0,0,0,0,0,1,0,0,0,0,0,0,0,1,0,0,0,0,0,0,0
tb.dut.clusters[0].cluster.sockets[0].socket.dcache.caches[0].cache_wrap.genblk3.cache.banks[0].bank.flush_unit	13	443	1654	565	159	565	69	160	1385010	1376872	84,70,0,0,0,0,0,0,0,0,0,0,0,0,0,0,0,0,5,0,0,0,0,0,0,0,0,0,0,0,0,0,0,0,0,0,0,0,0,0	73,8,2,65,0,1,1,1,0,0,0,2,0,0,0,0,5,0,0,0,0,0,0,0,1,0,0,0,0,0,0,0,1,0,0,0,0,0,0,0	3	181	160	181	4	161	1385394	1377406	148,7,1,4,0,0,0,0,0,0,0,0,0,0,0,0,0,0,0,0,0,0,0,0,0,0,0,0,0,0,0,0,0,0,0,0,0,0,0,0	154,0,0,0,1,0,0,0,0,0,0,0,0,0,0,0,1,3,0,0,0,0,0,0,1,0,0,0,0,0,0,0,1,0,0,0,0,0,0,0
tb.dut.clusters[0].cluster.sockets[0].socket.dcache.caches[0].cache_wrap.genblk3.cache.banks[0].bank.genblk7	13	64	580	57	57	57	1	58	1385518	1376964	57,0,0,0,0,0,0,0,0,0,0,0,0,0,0,0,0,0,0,0,0,0,0,0,0,0,0,0,0,0,0,0,0,0,0,0,0,0,0,0	16,0,0,0,0,0,24,0,0,0,0,0,0,0,0,0,13,0,3,0,0,0,0,0,1,0,0,0,0,0,0,0,1,0,0,0,0,0,0,0	2	57	57	57	1	58	1385518	1376964	57,0,0,0,0,0,0,0,0,0,0,0,0,0,0,0,0,0,0,0,0,0,0,0,0,0,0,0,0,0,0,0,0,0,0,0,0,0,0,0	16,0,0,0,0,0,24,0,0,0,0,0,0,0,0,0,13,0,3,0,0,0,0,0,1,0,0,0,0,0,0,0,1,0,0,0,0,0,0,0
tb.dut.clusters[0].cluster.sockets[0].socket.dcache.caches[0].cache_wrap.genblk3.cache.banks[0].bank.mshr_pending_size	13	248	1020	297	77	297	10	78	1385278	1376937	1,9,0,64,0,2,0,0,0,1,0,0,0,0,0,0,0,0,0,0,0,0,0,0,0,0,0,0,0,0,0,0,0,0,0,0,0,0,0,0	0,0,0,65,0,1,0,0,1,0,0,0,0,0,0,0,5,0,4,0,0,0,0,0,1,0,0,0,0,0,0,0,1,0,0,0,0,0,0,0	2	295	76	295	10	77	1385280	1376956	1,8,0,64,0,2,0,0,0,1,0,0,0,0,0,0,0,0,0,0,0,0,0,0,0,0,0,0,0,0,0,0,0,0,0,0,0,0,0,0	0,0,0,64,1,1,0,0,1,0,0,0,0,0,0,0,4,0,4,0,0,0,0,0,1,0,0,0,0,0,0,0,1,0,0,0,0,0,0,0
tb.dut.clusters[0].cluster.sockets[0].socket.dcache.caches[0].cache_wrap.genblk3.cache.banks[0].bank.mshr_pending_size.genblk3	14	8	284	284	78	284	4	79	1385291	1376962	0,14,0,64,0,0,0,0,0,0,0,0,0,0,0,0,0,0,0,0,0,0,0,0,0,0,0,0,0,0,0,0,0,0,0,0,0,0,0,0	0,2,0,64,0,2,0,0,1,0,0,0,0,0,0,0,4,0,4,0,0,0,0,0,1,0,0,0,0,0,0,0,1,0,0,0,0,0,0,0	2	0	0	0	0	1	1385575	1385575	0,0,0,0,0,0,0,0,0,0,0,0,0,0,0,0,0,0,0,0,0,0,0,0,0,0,0,0,0,0,0,0,0,0,0,0,0,0,0,0	0,0,0,0,0,0,0,0,0,0,0,0,0,0,0,0,0,0,0,0,0,0,0,0,0,0,0,0,0,0,0,0,1,0,0,0,0,0,0,0
tb.dut.clusters[0].cluster.sockets[0].socket.dcache.caches[0].cache_wrap.genblk3.cache.banks[1]	11	12836	145060	911	9	911	604	9	1384664	1376871	1,0,1,2,0,0,0,0,0,0,0,0,0,0,0,0,0,0,4,0,0,1,0,0,0,0,0,0,0,0,0,0,0,0,0,0,0,0,0,0	0,0,1,0,0,0,0,0,1,1,0,0,0,0,0,1,2,1,0,0,0,0,0,0,1,0,0,0,0,0,0,0,1,0,0,0,0,0,0,0	65	426	138	426	9	139	1385149	1376963	48,0,57,1,10,3,18,0,1,0,0,0,0,0,0,0,0,0,0,0,0,0,0,0,0,0,0,0,0,0,0,0,0,0,0,0,0,0,0,0	132,0,0,0,0,0,0,0,0,0,2,0,0,0,0,0,0,0,3,0,0,0,0,0,1,0,0,0,0,0,0,0,1,0,0,0,0,0,0,0
tb.dut.clusters[0].cluster.sockets[0].socket.dcache.caches[0].cache_wrap.genblk3.cache.banks[1].bank	12	12810	144928	911	9	911	604	9	1384664	1376871	1,0,1,2,0,0,0,0,0,0,0,0,0,0,0,0,0,0,4,0,0,1,0,0,0,0,0,0,0,0,0,0,0,0,0,0,0,0,0,0	0,0,1,0,0,0,0,0,1,1,0,0,0,0,0,1,2,1,0,0,0,0,0,0,1,0,0,0,0,0,0,0,1,0,0,0,0,0,0,0	65	426	138	426	9	139	1385149	1376963	48,0,57,1,10,3,18,0,1,0,0,0,0,0,0,0,0,0,0,0,0,0,0,0,0,0,0,0,0,0,0,0,0,0,0,0,0,0,0,0	132,0,0,0,0,0,0,0,0,0,2,0,0,0,0,0,0,0,3,0,0,0,0,0,1,0,0,0,0,0,0,0,1,0,0,0,0,0,0,0
tb.dut.clusters[0].cluster.sockets[0].socket.dcache.caches[0].cache_wrap.genblk3.cache.banks[1].bank.cache_data	13	3468	39152	602	285	602	65	286	1384973	1376873	279,1,0,0,0,0,0,0,0,0,0,0,0,0,0,0,0,4,1,0,0,0,0,0,0,0,0,0,0,0,0,0,0,0,0,0,0,0,0,0	273,0,4,1,0,0,0,0,0,0,1,1,0,0,0,0,3,1,0,0,0,0,0,0,1,0,0,0,0,0,0,0,1,0,0,0,0,0,0,0	18	278	277	278	2	278	1385297	1376964	276,1,0,0,0,0,0,0,0,0,0,0,0,0,0,0,0,0,0,0,0,0,0,0,0,0,0,0,0,0,0,0,0,0,0,0,0,0,0,0	270,0,1,0,0,0,0,0,0,0,1,1,0,0,0,0,0,0,3,0,0,0,0,0,1,0,0,0,0,0,0,0,1,0,0,0,0,0,0,0
tb.dut.clusters[0].cluster.sockets[0].socket.dcache.caches[0].cache_wrap.genblk3.cache.banks[1].bank.cache_data.genblk7	14	64	580	57	57	57	1	58	1385518	1376964	57,0,0,0,0,0,0,0,0,0,0,0,0,0,0,0,0,0,0,0,0,0,0,0,0,0,0,0,0,0,0,0,0,0,0,0,0,0,0,0	16,0,0,0,0,0,24,0,0,0,0,0,0,0,0,0,13,0,3,0,0,0,0,0,1,0,0,0,0,0,0,0,1,0,0,0,0,0,0,0	2	57	57	57	1	58	1385518	1376964	57,0,0,0,0,0,0,0,0,0,0,0,0,0,0,0,0,0,0,0,0,0,0,0,0,0,0,0,0,0,0,0,0,0,0,0,0,0,0,0	16,0,0,0,0,0,24,0,0,0,0,0,0,0,0,0,13,0,3,0,0,0,0,0,1,0,0,0,0,0,0,0,1,0,0,0,0,0,0,0
tb.dut.clusters[0].cluster.sockets[0].socket.dcache.caches[0].cache_wrap.genblk3.cache.banks[1].bank.cache_mshr	13	1277	9660	679	209	679	66	209	1384896	1376873	133,3,64,0,1,2,0,0,1,0,0,0,0,0,0,0,0,4,1,0,0,0,0,0,0,0,0,0,0,0,0,0,0,0,0,0,0,0,0,0	198,4,1,0,0,0,0,0,0,0,0,0,0,0,0,0,1,3,0,0,0,0,0,0,1,0,0,0,0,0,0,0,1,0,0,0,0,0,0,0	7	380	237	380	9	238	1385195	1376873	170,1,63,0,2,0,0,0,1,0,0,0,0,0,0,0,0,0,0,0,0,0,0,0,0,0,0,0,0,0,0,0,0,0,0,0,0,0,0,0	187,1,4,0,0,0,36,0,0,4,0,0,0,0,0,0,0,4,0,0,0,0,0,0,1,0,0,0,0,0,0,0,1,0,0,0,0,0,0,0
tb.dut.clusters[0].cluster.sockets[0].socket.dcache.caches[0].cache_wrap.genblk3.cache.banks[1].bank.cache_tags	13	432	1823	535	135	535	66	135	1385040	1376873	63,64,0,0,2,0,0,1,0,0,0,0,0,0,0,0,0,0,5,0,0,0,0,0,0,0,0,0,0,0,0,0,0,0,0,0,0,0,0,0	57,4,2,58,0,7,1,0,0,0,0,0,0,0,0,0,1,3,0,0,0,0,0,0,1,0,0,0,0,0,0,0,1,0,0,0,0,0,0,0	3	200	200	200	1	201	1385375	1376873	200,0,0,0,0,0,0,0,0,0,0,0,0,0,0,0,0,0,0,0,0,0,0,0,0,0,0,0,0,0,0,0,0,0,0,0,0,0,0,0	160,4,3,0,0,0,0,0,0,0,0,0,0,0,23,0,4,5,0,0,0,0,0,0,1,0,0,0,0,0,0,0,1,0,0,0,0,0,0,0
tb.dut.clusters[0].cluster.sockets[0].socket.dcache.caches[0].cache_wrap.genblk3.cache.banks[1].bank.cache_tags.genblk3[0]	14	44	54	19	19	19	1	20	1385556	1376873	19,0,0,0,0,0,0,0,0,0,0,0,0,0,0,0,0,0,0,0,0,0,0,0,0,0,0,0,0,0,0,0,0,0,0,0,0,0,0,0	0,4,3,0,0,0,0,0,0,0,0,0,0,0,0,0,2,8,0,0,1,0,0,0,1,0,0,0,0,0,0,0,1,0,0,0,0,0,0,0	2	17	17	17	1	18	1385558	1377405	17,0,0,0,0,0,0,0,0,0,0,0,0,0,0,0,0,0,0,0,0,0,0,0,0,0,0,0,0,0,0,0,0,0,0,0,0,0,0,0	0,4,3,0,0,0,0,0,0,0,0,0,0,0,0,0,1,8,0,0,0,0,0,0,1,0,0,0,0,0,0,0,1,0,0,0,0,0,0,0
tb.dut.clusters[0].cluster.sockets[0].socket.dcache.caches[0].cache_wrap.genblk3.cache.banks[1].bank.flush_unit	13	443	1638	545	143	545	67	144	1385030	1376874	68,66,4,0,0,0,0,0,0,0,0,0,0,0,0,0,0,0,5,0,0,0,0,0,0,0,0,0,0,0,0,0,0,0,0,0,0,0,0,0	69,1,2,64,0,0,1,0,0,1,0,0,0,0,0,0,1,3,0,0,0,0,0,0,1,0,0,0,0,0,0,0,1,0,0,0,0,0,0,0	3	185	164	185	3	165	1385390	1377407	148,11,5,0,0,0,0,0,0,0,0,0,0,0,0,0,0,0,0,0,0,0,0,0,0,0,0,0,0,0,0,0,0,0,0,0,0,0,0,0	154,4,0,0,1,0,0,0,0,0,0,0,0,0,0,0,1,3,0,0,0,0,0,0,1,0,0,0,0,0,0,0,1,0,0,0,0,0,0,0
tb.dut.clusters[0].cluster.sockets[0].socket.dcache.caches[0].cache_wrap.genblk3.cache.banks[1].bank.genblk7	13	64	580	57	57	57	1	58	1385518	1376964	57,0,0,0,0,0,0,0,0,0,0,0,0,0,0,0,0,0,0,0,0,0,0,0,0,0,0,0,0,0,0,0,0,0,0,0,0,0,0,0	16,0,0,0,0,0,24,0,0,0,0,0,0,0,0,0,13,0,3,0,0,0,0,0,1,0,0,0,0,0,0,0,1,0,0,0,0,0,0,0	2	57	57	57	1	58	1385518	1376964	57,0,0,0,0,0,0,0,0,0,0,0,0,0,0,0,0,0,0,0,0,0,0,0,0,0,0,0,0,0,0,0,0,0,0,0,0,0,0,0	16,0,0,0,0,0,24,0,0,0,0,0,0,0,0,0,13,0,3,0,0,0,0,0,1,0,0,0,0,0,0,0,1,0,0,0,0,0,0,0
tb.dut.clusters[0].cluster.sockets[0].socket.dcache.caches[0].cache_wrap.genblk3.cache.banks[1].bank.mshr_pending_size	13	248	964	281	69	281	10	70	1385294	1376939	1,1,0,64,0,2,0,0,0,1,0,0,0,0,0,0,0,0,0,0,0,0,0,0,0,0,0,0,0,0,0,0,0,0,0,0,0,0,0,0	0,0,0,64,0,0,0,0,0,1,0,0,0,0,0,0,1,0,1,1,0,0,0,0,1,0,0,0,0,0,0,0,1,0,0,0,0,0,0,0	2	279	68	279	10	69	1385296	1376958	1,0,0,64,0,2,0,0,0,1,0,0,0,0,0,0,0,0,0,0,0,0,0,0,0,0,0,0,0,0,0,0,0,0,0,0,0,0,0,0	0,0,0,63,1,0,0,0,0,1,0,0,0,0,0,0,0,0,1,1,0,0,0,0,1,0,0,0,0,0,0,0,1,0,0,0,0,0,0,0
tb.dut.clusters[0].cluster.sockets[0].socket.dcache.caches[0].cache_wrap.genblk3.cache.banks[1].bank.mshr_pending_size.genblk3	14	8	268	268	70	268	4	71	1385307	1376964	0,6,0,64,0,0,0,0,0,0,0,0,0,0,0,0,0,0,0,0,0,0,0,0,0,0,0,0,0,0,0,0,0,0,0,0,0,0,0,0	0,2,0,63,0,1,0,0,0,1,0,0,0,0,0,0,0,0,1,1,0,0,0,0,1,0,0,0,0,0,0,0,1,0,0,0,0,0,0,0	2	0	0	0	0	1	1385575	1385575	0,0,0,0,0,0,0,0,0,0,0,0,0,0,0,0,0,0,0,0,0,0,0,0,0,0,0,0,0,0,0,0,0,0,0,0,0,0,0,0	0,0,0,0,0,0,0,0,0,0,0,0,0,0,0,0,0,0,0,0,0,0,0,0,0,0,0,0,0,0,0,0,1,0,0,0,0,0,0,0
tb.dut.clusters[0].cluster.sockets[0].socket.dcache.caches[0].cache_wrap.genblk3.cache.banks[2]	11	12836	143345	911	9	911	604	9	1384664	1376871	1,0,1,2,0,0,0,0,0,0,0,0,0,0,0,0,0,0,4,0,0,1,0,0,0,0,0,0,0,0,0,0,0,0,0,0,0,0,0,0	0,0,1,0,0,0,0,0,1,1,0,0,0,0,0,1,2,1,0,0,0,0,0,0,1,0,0,0,0,0,0,0,1,0,0,0,0,0,0,0	65	405	156	405	7	157	1385170	1376963	88,1,16,2,42,0,7,0,0,0,0,0,0,0,0,0,0,0,0,0,0,0,0,0,0,0,0,0,0,0,0,0,0,0,0,0,0,0,0,0	149,1,0,0,0,0,0,0,0,0,1,1,0,0,0,0,0,0,3,0,0,0,0,0,1,0,0,0,0,0,0,0,1,0,0,0,0,0,0,0
tb.dut.clusters[0].cluster.sockets[0].socket.dcache.caches[0].cache_wrap.genblk3.cache.banks[2].bank	12	12810	143231	911	9	911	604	9	1384664	1376871	1,0,1,2,0,0,0,0,0,0,0,0,0,0,0,0,0,0,4,0,0,1,0,0,0,0,0,0,0,0,0,0,0,0,0,0,0,0,0,0	0,0,1,0,0,0,0,0,1,1,0,0,0,0,0,1,2,1,0,0,0,0,0,0,1,0,0,0,0,0,0,0,1,0,0,0,0,0,0,0	65	405	156	405	7	157	1385170	1376963	88,1,16,2,42,0,7,0,0,0,0,0,0,0,0,0,0,0,0,0,0,0,0,0,0,0,0,0,0,0,0,0,0,0,0,0,0,0,0,0	149,1,0,0,0,0,0,0,0,0,1,1,0,0,0,0,0,0,3,0,0,0,0,0,1,0,0,0,0,0,0,0,1,0,0,0,0,0,0,0
tb.dut.clusters[0].cluster.sockets[0].socket.dcache.caches[0].cache_wrap.genblk3.cache.banks[2].bank.cache_data	13	3468	39152	602	285	602	65	286	1384973	1376873	279,1,0,0,0,0,0,0,0,0,0,0,0,0,0,0,0,4,1,0,0,0,0,0,0,0,0,0,0,0,0,0,0,0,0,0,0,0,0,0	273,0,4,1,0,0,0,0,0,0,1,1,0,0,0,0,3,1,0,0,0,0,0,0,1,0,0,0,0,0,0,0,1,0,0,0,0,0,0,0	18	278	277	278	2	278	1385297	1376964	276,1,0,0,0,0,0,0,0,0,0,0,0,0,0,0,0,0,0,0,0,0,0,0,0,0,0,0,0,0,0,0,0,0,0,0,0,0,0,0	270,0,1,0,0,0,0,0,0,0,1,1,0,0,0,0,0,0,3,0,0,0,0,0,1,0,0,0,0,0,0,0,1,0,0,0,0,0,0,0
tb.dut.clusters[0].cluster.sockets[0].socket.dcache.caches[0].cache_wrap.genblk3.cache.banks[2].bank.cache_data.genblk7	14	64	580	57	57	57	1	58	1385518	1376964	57,0,0,0,0,0,0,0,0,0,0,0,0,0,0,0,0,0,0,0,0,0,0,0,0,0,0,0,0,0,0,0,0,0,0,0,0,0,0,0	16,0,0,0,0,0,24,0,0,0,0,0,0,0,0,0,13,0,3,0,0,0,0,0,1,0,0,0,0,0,0,0,1,0,0,0,0,0,0,0	2	57	57	57	1	58	1385518	1376964	57,0,0,0,0,0,0,0,0,0,0,0,0,0,0,0,0,0,0,0,0,0,0,0,0,0,0,0,0,0,0,0,0,0,0,0,0,0,0,0	16,0,0,0,0,0,24,0,0,0,0,0,0,0,0,0,13,0,3,0,0,0,0,0,1,0,0,0,0,0,0,0,1,0,0,0,0,0,0,0
tb.dut.clusters[0].cluster.sockets[0].socket.dcache.caches[0].cache_wrap.genblk3.cache.banks[2].bank.cache_mshr	13	1277	9428	673	215	673	66	215	1384902	1376873	137,5,68,0,0,0,0,0,0,0,0,0,0,0,0,0,0,4,1,0,0,0,0,0,0,0,0,0,0,0,0,0,0,0,0,0,0,0,0,0	204,4,1,0,0,0,0,0,0,0,0,0,0,0,0,0,1,3,0,0,0,0,0,0,1,0,0,0,0,0,0,0,1,0,0,0,0,0,0,0	7	367	239	367	3	240	1385208	1376873	175,0,64,0,0,0,0,0,0,0,0,0,0,0,0,0,0,0,0,0,0,0,0,0,0,0,0,0,0,0,0,0,0,0,0,0,0,0,0,0	188,0,6,0,0,0,35,0,0,4,0,0,0,0,1,0,0,4,0,0,0,0,0,0,1,0,0,0,0,0,0,0,1,0,0,0,0,0,0,0
tb.dut.clusters[0].cluster.sockets[0].socket.dcache.caches[0].cache_wrap.genblk3.cache.banks[2].bank.cache_tags	13	432	1791	521	136	521	66	136	1385054	1376873	67,64,0,0,0,0,0,0,0,0,0,0,0,0,0,0,0,0,5,0,0,0,0,0,0,0,0,0,0,0,0,0,0,0,0,0,0,0,0,0	0,61,61,0,0,7,0,0,0,0,0,0,0,0,0,0,2,3,0,0,0,0,0,0,1,0,0,0,0,0,0,0,1,0,0,0,0,0,0,0	3	200	200	200	1	201	1385375	1376873	200,0,0,0,0,0,0,0,0,0,0,0,0,0,0,0,0,0,0,0,0,0,0,0,0,0,0,0,0,0,0,0,0,0,0,0,0,0,0,0	160,4,3,0,0,0,0,0,0,0,0,0,0,0,23,0,4,5,0,0,0,0,0,0,1,0,0,0,0,0,0,0,1,0,0,0,0,0,0,0
tb.dut.clusters[0].cluster.sockets[0].socket.dcache.caches[0].cache_wrap.genblk3.cache.banks[2].bank.cache_tags.genblk3[0]	14	44	54	19	19	19	1	20	1385556	1376873	19,0,0,0,0,0,0,0,0,0,0,0,0,0,0,0,0,0,0,0,0,0,0,0,0,0,0,0,0,0,0,0,0,0,0,0,0,0,0,0	0,4,3,0,0,0,0,0,0,0,0,0,0,0,0,0,2,8,0,0,1,0,0,0,1,0,0,0,0,0,0,0,1,0,0,0,0,0,0,0	2	17	17	17	1	18	1385558	1377405	17,0,0,0,0,0,0,0,0,0,0,0,0,0,0,0,0,0,0,0,0,0,0,0,0,0,0,0,0,0,0,0,0,0,0,0,0,0,0,0	0,4,3,0,0,0,0,0,0,0,0,0,0,0,0,0,1,8,0,0,0,0,0,0,1,0,0,0,0,0,0,0,1,0,0,0,0,0,0,0
tb.dut.clusters[0].cluster.sockets[0].socket.dcache.caches[0].cache_wrap.genblk3.cache.banks[2].bank.flush_unit	13	443	1626	540	139	540	67	140	1385035	1376876	65,65,4,0,0,0,0,0,0,0,0,0,0,0,0,0,0,0,5,0,0,0,0,0,0,0,0,0,0,0,0,0,0,0,0,0,0,0,0,0	69,0,0,64,0,0,0,0,0,0,0,0,0,0,0,0,2,3,0,0,0,0,0,0,1,0,0,0,0,0,0,0,1,0,0,0,0,0,0,0	3	183	164	183	3	165	1385392	1377407	150,9,5,0,0,0,0,0,0,0,0,0,0,0,0,0,0,0,0,0,0,0,0,0,0,0,0,0,0,0,0,0,0,0,0,0,0,0,0,0	154,4,0,0,1,0,0,0,0,0,0,0,0,0,0,0,1,3,0,0,0,0,0,0,1,0,0,0,0,0,0,0,1,0,0,0,0,0,0,0
tb.dut.clusters[0].cluster.sockets[0].socket.dcache.caches[0].cache_wrap.genblk3.cache.banks[2].bank.genblk7	13	64	580	57	57	57	1	58	1385518	1376964	57,0,0,0,0,0,0,0,0,0,0,0,0,0,0,0,0,0,0,0,0,0,0,0,0,0,0,0,0,0,0,0,0,0,0,0,0,0,0,0	16,0,0,0,0,0,24,0,0,0,0,0,0,0,0,0,13,0,3,0,0,0,0,0,1,0,0,0,0,0,0,0,1,0,0,0,0,0,0,0	2	57	57	57	1	58	1385518	1376964	57,0,0,0,0,0,0,0,0,0,0,0,0,0,0,0,0,0,0,0,0,0,0,0,0,0,0,0,0,0,0,0,0,0,0,0,0,0,0,0	16,0,0,0,0,0,24,0,0,0,0,0,0,0,0,0,13,0,3,0,0,0,0,0,1,0,0,0,0,0,0,0,1,0,0,0,0,0,0,0
tb.dut.clusters[0].cluster.sockets[0].socket.dcache.caches[0].cache_wrap.genblk3.cache.banks[2].bank.mshr_pending_size	13	248	902	259	66	259	4	67	1385316	1376941	1,1,0,64,0,0,0,0,0,0,0,0,0,0,0,0,0,0,0,0,0,0,0,0,0,0,0,0,0,0,0,0,0,0,0,0,0,0,0,0	0,0,0,64,0,0,0,0,0,0,0,0,0,0,0,0,1,0,0,0,0,0,0,0,1,0,0,0,0,0,0,0,1,0,0,0,0,0,0,0	2	257	65	257	4	66	1385318	1376960	1,0,0,64,0,0,0,0,0,0,0,0,0,0,0,0,0,0,0,0,0,0,0,0,0,0,0,0,0,0,0,0,0,0,0,0,0,0,0,0	0,0,0,63,1,0,0,0,0,0,0,0,0,0,0,0,0,0,0,0,0,0,0,0,1,0,0,0,0,0,0,0,1,0,0,0,0,0,0,0
tb.dut.clusters[0].cluster.sockets[0].socket.dcache.caches[0].cache_wrap.genblk3.cache.banks[2].bank.mshr_pending_size.genblk3	14	8	256	256	64	256	4	65	1385319	1376966	0,0,0,64,0,0,0,0,0,0,0,0,0,0,0,0,0,0,0,0,0,0,0,0,0,0,0,0,0,0,0,0,0,0,0,0,0,0,0,0	0,0,0,63,0,0,0,0,0,0,0,0,0,0,0,0,0,0,0,0,0,0,0,0,1,0,0,0,0,0,0,0,1,0,0,0,0,0,0,0	2	0	0	0	0	1	1385575	1385575	0,0,0,0,0,0,0,0,0,0,0,0,0,0,0,0,0,0,0,0,0,0,0,0,0,0,0,0,0,0,0,0,0,0,0,0,0,0,0,0	0,0,0,0,0,0,0,0,0,0,0,0,0,0,0,0,0,0,0,0,0,0,0,0,0,0,0,0,0,0,0,0,1,0,0,0,0,0,0,0
tb.dut.clusters[0].cluster.sockets[0].socket.dcache.caches[0].cache_wrap.genblk3.cache.banks[3]	11	12836	143539	911	9	911	604	9	1384664	1376871	1,0,1,2,0,0,0,0,0,0,0,0,0,0,0,0,0,0,4,0,0,1,0,0,0,0,0,0,0,0,0,0,0,0,0,0,0,0,0,0	0,0,1,0,0,0,0,0,1,1,0,0,0,0,0,1,2,1,0,0,0,0,0,0,1,0,0,0,0,0,0,0,1,0,0,0,0,0,0,0	65	368	192	368	5	193	1385207	1376963	124,1,46,1,20,0,0,0,0,0,0,0,0,0,0,0,0,0,0,0,0,0,0,0,0,0,0,0,0,0,0,0,0,0,0,0,0,0,0,0	185,0,1,0,0,0,0,0,0,0,1,1,0,0,0,0,0,0,3,0,0,0,0,0,1,0,0,0,0,0,0,0,1,0,0,0,0,0,0,0
tb.dut.clusters[0].cluster.sockets[0].socket.dcache.caches[0].cache_wrap.genblk3.cache.banks[3].bank	12	12810	143425	911	9	911	604	9	1384664	1376871	1,0,1,2,0,0,0,0,0,0,0,0,0,0,0,0,0,0,4,0,0,1,0,0,0,0,0,0,0,0,0,0,0,0,0,0,0,0,0,0	0,0,1,0,0,0,0,0,1,1,0,0,0,0,0,1,2,1,0,0,0,0,0,0,1,0,0,0,0,0,0,0,1,0,0,0,0,0,0,0	65	368	192	368	5	193	1385207	1376963	124,1,46,1,20,0,0,0,0,0,0,0,0,0,0,0,0,0,0,0,0,0,0,0,0,0,0,0,0,0,0,0,0,0,0,0,0,0,0,0	185,0,1,0,0,0,0,0,0,0,1,1,0,0,0,0,0,0,3,0,0,0,0,0,1,0,0,0,0,0,0,0,1,0,0,0,0,0,0,0
tb.dut.clusters[0].cluster.sockets[0].socket.dcache.caches[0].cache_wrap.genblk3.cache.banks[3].bank.cache_data	13	3468	39152	602	285	602	65	286	1384973	1376873	279,1,0,0,0,0,0,0,0,0,0,0,0,0,0,0,0,4,1,0,0,0,0,0,0,0,0,0,0,0,0,0,0,0,0,0,0,0,0,0	273,0,4,1,0,0,0,0,0,0,1,1,0,0,0,0,3,1,0,0,0,0,0,0,1,0,0,0,0,0,0,0,1,0,0,0,0,0,0,0	18	278	277	278	2	278	1385297	1376964	276,1,0,0,0,0,0,0,0,0,0,0,0,0,0,0,0,0,0,0,0,0,0,0,0,0,0,0,0,0,0,0,0,0,0,0,0,0,0,0	270,0,1,0,0,0,0,0,0,0,1,1,0,0,0,0,0,0,3,0,0,0,0,0,1,0,0,0,0,0,0,0,1,0,0,0,0,0,0,0
tb.dut.clusters[0].cluster.sockets[0].socket.dcache.caches[0].cache_wrap.genblk3.cache.banks[3].bank.cache_data.genblk7	14	64	580	57	57	57	1	58	1385518	1376964	57,0,0,0,0,0,0,0,0,0,0,0,0,0,0,0,0,0,0,0,0,0,0,0,0,0,0,0,0,0,0,0,0,0,0,0,0,0,0,0	16,0,0,0,0,0,24,0,0,0,0,0,0,0,0,0,13,0,3,0,0,0,0,0,1,0,0,0,0,0,0,0,1,0,0,0,0,0,0,0	2	57	57	57	1	58	1385518	1376964	57,0,0,0,0,0,0,0,0,0,0,0,0,0,0,0,0,0,0,0,0,0,0,0,0,0,0,0,0,0,0,0,0,0,0,0,0,0,0,0	16,0,0,0,0,0,24,0,0,0,0,0,0,0,0,0,13,0,3,0,0,0,0,0,1,0,0,0,0,0,0,0,1,0,0,0,0,0,0,0
tb.dut.clusters[0].cluster.sockets[0].socket.dcache.caches[0].cache_wrap.genblk3.cache.banks[3].bank.cache_mshr	13	1277	9435	673	215	673	66	215	1384902	1376873	137,5,68,0,0,0,0,0,0,0,0,0,0,0,0,0,0,4,1,0,0,0,0,0,0,0,0,0,0,0,0,0,0,0,0,0,0,0,0,0	204,4,1,0,0,0,0,0,0,0,0,0,0,0,0,0,1,3,0,0,0,0,0,0,1,0,0,0,0,0,0,0,1,0,0,0,0,0,0,0	7	366	238	366	3	239	1385209	1376873	174,0,64,0,0,0,0,0,0,0,0,0,0,0,0,0,0,0,0,0,0,0,0,0,0,0,0,0,0,0,0,0,0,0,0,0,0,0,0,0	186,0,7,0,0,0,35,0,0,4,0,0,0,0,1,0,0,4,0,0,0,0,0,0,1,0,0,0,0,0,0,0,1,0,0,0,0,0,0,0
tb.dut.clusters[0].cluster.sockets[0].socket.dcache.caches[0].cache_wrap.genblk3.cache.banks[3].bank.cache_tags	13	432	1791	521	79	521	66	79	1385054	1376873	10,7,57,0,0,0,0,0,0,0,0,0,0,0,0,0,0,0,5,0,0,0,0,0,0,0,0,0,0,0,0,0,0,0,0,0,0,0,0,0	0,4,4,0,57,7,0,0,0,0,0,0,0,0,0,0,2,3,0,0,0,0,0,0,1,0,0,0,0,0,0,0,1,0,0,0,0,0,0,0	3	200	200	200	1	201	1385375	1376873	200,0,0,0,0,0,0,0,0,0,0,0,0,0,0,0,0,0,0,0,0,0,0,0,0,0,0,0,0,0,0,0,0,0,0,0,0,0,0,0	160,4,3,0,0,0,0,0,0,0,0,0,0,0,23,0,4,5,0,0,0,0,0,0,1,0,0,0,0,0,0,0,1,0,0,0,0,0,0,0
tb.dut.clusters[0].cluster.sockets[0].socket.dcache.caches[0].cache_wrap.genblk3.cache.banks[3].bank.cache_tags.genblk3[0]	14	44	54	19	19	19	1	20	1385556	1376873	19,0,0,0,0,0,0,0,0,0,0,0,0,0,0,0,0,0,0,0,0,0,0,0,0,0,0,0,0,0,0,0,0,0,0,0,0,0,0,0	0,4,3,0,0,0,0,0,0,0,0,0,0,0,0,0,2,8,0,0,1,0,0,0,1,0,0,0,0,0,0,0,1,0,0,0,0,0,0,0	2	17	17	17	1	18	1385558	1377405	17,0,0,0,0,0,0,0,0,0,0,0,0,0,0,0,0,0,0,0,0,0,0,0,0,0,0,0,0,0,0,0,0,0,0,0,0,0,0,0	0,4,3,0,0,0,0,0,0,0,0,0,0,0,0,0,1,8,0,0,0,0,0,0,1,0,0,0,0,0,0,0,1,0,0,0,0,0,0,0
tb.dut.clusters[0].cluster.sockets[0].socket.dcache.caches[0].cache_wrap.genblk3.cache.banks[3].bank.flush_unit	13	443	1626	540	139	540	67	140	1385035	1376878	65,65,4,0,0,0,0,0,0,0,0,0,0,0,0,0,0,0,5,0,0,0,0,0,0,0,0,0,0,0,0,0,0,0,0,0,0,0,0,0	69,0,0,64,0,0,0,0,0,0,0,0,0,0,0,0,2,3,0,0,0,0,0,0,1,0,0,0,0,0,0,0,1,0,0,0,0,0,0,0	3	183	164	183	3	165	1385392	1377407	150,9,5,0,0,0,0,0,0,0,0,0,0,0,0,0,0,0,0,0,0,0,0,0,0,0,0,0,0,0,0,0,0,0,0,0,0,0,0,0	154,4,0,0,1,0,0,0,0,0,0,0,0,0,0,0,1,3,0,0,0,0,0,0,1,0,0,0,0,0,0,0,1,0,0,0,0,0,0,0
tb.dut.clusters[0].cluster.sockets[0].socket.dcache.caches[0].cache_wrap.genblk3.cache.banks[3].bank.genblk7	13	64	580	57	57	57	1	58	1385518	1376964	57,0,0,0,0,0,0,0,0,0,0,0,0,0,0,0,0,0,0,0,0,0,0,0,0,0,0,0,0,0,0,0,0,0,0,0,0,0,0,0	16,0,0,0,0,0,24,0,0,0,0,0,0,0,0,0,13,0,3,0,0,0,0,0,1,0,0,0,0,0,0,0,1,0,0,0,0,0,0,0	2	57	57	57	1	58	1385518	1376964	57,0,0,0,0,0,0,0,0,0,0,0,0,0,0,0,0,0,0,0,0,0,0,0,0,0,0,0,0,0,0,0,0,0,0,0,0,0,0,0	16,0,0,0,0,0,24,0,0,0,0,0,0,0,0,0,13,0,3,0,0,0,0,0,1,0,0,0,0,0,0,0,1,0,0,0,0,0,0,0
tb.dut.clusters[0].cluster.sockets[0].socket.dcache.caches[0].cache_wrap.genblk3.cache.banks[3].bank.mshr_pending_size	13	248	902	259	66	259	4	67	1385316	1376943	1,1,0,64,0,0,0,0,0,0,0,0,0,0,0,0,0,0,0,0,0,0,0,0,0,0,0,0,0,0,0,0,0,0,0,0,0,0,0,0	0,0,0,64,0,0,0,0,0,0,0,0,0,0,0,0,1,0,0,0,0,0,0,0,1,0,0,0,0,0,0,0,1,0,0,0,0,0,0,0	2	257	65	257	4	66	1385318	1376962	1,0,0,64,0,0,0,0,0,0,0,0,0,0,0,0,0,0,0,0,0,0,0,0,0,0,0,0,0,0,0,0,0,0,0,0,0,0,0,0	0,0,0,63,1,0,0,0,0,0,0,0,0,0,0,0,0,0,0,0,0,0,0,0,1,0,0,0,0,0,0,0,1,0,0,0,0,0,0,0
tb.dut.clusters[0].cluster.sockets[0].socket.dcache.caches[0].cache_wrap.genblk3.cache.banks[3].bank.mshr_pending_size.genblk3	14	8	256	256	64	256	4	65	1385319	1376968	0,0,0,64,0,0,0,0,0,0,0,0,0,0,0,0,0,0,0,0,0,0,0,0,0,0,0,0,0,0,0,0,0,0,0,0,0,0,0,0	0,0,0,63,0,0,0,0,0,0,0,0,0,0,0,0,0,0,0,0,0,0,0,0,1,0,0,0,0,0,0,0,1,0,0,0,0,0,0,0	2	0	0	0	0	1	1385575	1385575	0,0,0,0,0,0,0,0,0,0,0,0,0,0,0,0,0,0,0,0,0,0,0,0,0,0,0,0,0,0,0,0,0,0,0,0,0,0,0,0	0,0,0,0,0,0,0,0,0,0,0,0,0,0,0,0,0,0,0,0,0,0,0,0,0,0,0,0,0,0,0,0,1,0,0,0,0,0,0,0
tb.dut.clusters[0].cluster.sockets[0].socket.dcache.caches[0].cache_wrap.genblk3.cache.core_bus2_if[0]	11	474	5999	583	30	583	533	31	1384992	1376873	17,9,0,0,3,0,0,0,0,0,0,0,0,0,0,0,0,0,0,0,0,1,0,0,0,0,0,0,0,0,0,0,0,0,0,0,0,0,0,0	0,12,4,1,3,0,0,0,0,0,0,0,0,0,0,0,4,4,1,0,0,0,0,0,1,0,0,0,0,0,0,0,1,0,0,0,0,0,0,0	3	280	276	280	2	277	1385295	1376962	272,4,0,0,0,0,0,0,0,0,0,0,0,0,0,0,0,0,0,0,0,0,0,0,0,0,0,0,0,0,0,0,0,0,0,0,0,0,0,0	264,0,4,0,3,0,0,0,0,0,0,0,0,0,0,0,0,0,4,0,0,0,0,0,1,0,0,0,0,0,0,0,1,0,0,0,0,0,0,0
tb.dut.clusters[0].cluster.sockets[0].socket.dcache.caches[0].cache_wrap.genblk3.cache.core_bus_if[0]	11	474	5999	575	22	575	533	23	1385000	1376873	9,9,0,0,3,0,0,0,0,0,0,0,0,0,0,0,0,0,0,0,0,1,0,0,0,0,0,0,0,0,0,0,0,0,0,0,0,0,0,0	0,8,0,1,3,0,0,0,0,0,0,0,0,0,0,0,4,0,5,0,0,0,0,0,1,0,0,0,0,0,0,0,1,0,0,0,0,0,0,0	3	280	276	280	2	277	1385295	1376962	272,4,0,0,0,0,0,0,0,0,0,0,0,0,0,0,0,0,0,0,0,0,0,0,0,0,0,0,0,0,0,0,0,0,0,0,0,0,0,0	264,0,4,0,3,0,0,0,0,0,0,0,0,0,0,0,0,0,4,0,0,0,0,0,1,0,0,0,0,0,0,0,1,0,0,0,0,0,0,0
tb.dut.clusters[0].cluster.sockets[0].socket.dcache.caches[0].cache_wrap.genblk3.cache.flush_unit	11	1238	12186	601	27	601	536	28	1384974	1376873	10,8,5,0,0,0,0,3,0,0,0,0,0,0,0,0,0,0,0,0,0,1,0,0,0,0,0,0,0,0,0,0,0,0,0,0,0,0,0,0	4,8,1,0,3,0,0,0,0,0,0,0,0,0,0,0,5,5,0,0,0,0,0,0,1,0,0,0,0,0,0,0,1,0,0,0,0,0,0,0	7	285	277	285	2	278	1385290	1376962	269,8,0,0,0,0,0,0,0,0,0,0,0,0,0,0,0,0,0,0,0,0,0,0,0,0,0,0,0,0,0,0,0,0,0,0,0,0,0,0	262,0,1,0,3,0,2,0,0,0,0,0,0,0,0,0,4,0,4,0,0,0,0,0,1,0,0,0,0,0,0,0,1,0,0,0,0,0,0,0
tb.dut.clusters[0].cluster.sockets[0].socket.dcache.caches[0].cache_wrap.genblk3.cache.flush_unit.core_bus_in_if[0]	12	474	5999	575	22	575	533	23	1385000	1376873	9,9,0,0,3,0,0,0,0,0,0,0,0,0,0,0,0,0,0,0,0,1,0,0,0,0,0,0,0,0,0,0,0,0,0,0,0,0,0,0	0,8,0,1,3,0,0,0,0,0,0,0,0,0,0,0,4,0,5,0,0,0,0,0,1,0,0,0,0,0,0,0,1,0,0,0,0,0,0,0	3	280	276	280	2	277	1385295	1376962	272,4,0,0,0,0,0,0,0,0,0,0,0,0,0,0,0,0,0,0,0,0,0,0,0,0,0,0,0,0,0,0,0,0,0,0,0,0,0,0	264,0,4,0,3,0,0,0,0,0,0,0,0,0,0,0,0,0,4,0,0,0,0,0,1,0,0,0,0,0,0,0,1,0,0,0,0,0,0,0
tb.dut.clusters[0].cluster.sockets[0].socket.dcache.caches[0].cache_wrap.genblk3.cache.flush_unit.core_bus_out_if[0]	12	474	5999	583	30	583	533	31	1384992	1376873	17,9,0,0,3,0,0,0,0,0,0,0,0,0,0,0,0,0,0,0,0,1,0,0,0,0,0,0,0,0,0,0,0,0,0,0,0,0,0,0	0,12,4,1,3,0,0,0,0,0,0,0,0,0,0,0,4,4,1,0,0,0,0,0,1,0,0,0,0,0,0,0,1,0,0,0,0,0,0,0	3	280	276	280	2	277	1385295	1376962	272,4,0,0,0,0,0,0,0,0,0,0,0,0,0,0,0,0,0,0,0,0,0,0,0,0,0,0,0,0,0,0,0,0,0,0,0,0,0,0	264,0,4,0,3,0,0,0,0,0,0,0,0,0,0,0,0,0,4,0,0,0,0,0,1,0,0,0,0,0,0,0,1,0,0,0,0,0,0,0
tb.dut.clusters[0].cluster.sockets[0].socket.dcache.caches[0].cache_wrap.genblk3.cache.flush_unit.genblk3[0]	12	1	8	8	8	8	1	9	1385567	1377494	8,0,0,0,0,0,0,0,0,0,0,0,0,0,0,0,0,0,0,0,0,0,0,0,0,0,0,0,0,0,0,0,0,0,0,0,0,0,0,0	0,0,0,0,0,0,0,0,0,0,0,0,0,0,0,0,0,3,4,0,0,0,0,0,1,0,0,0,0,0,0,0,1,0,0,0,0,0,0,0	2	0	0	0	0	1	1385575	1385575	0,0,0,0,0,0,0,0,0,0,0,0,0,0,0,0,0,0,0,0,0,0,0,0,0,0,0,0,0,0,0,0,0,0,0,0,0,0,0,0	0,0,0,0,0,0,0,0,0,0,0,0,0,0,0,0,0,0,0,0,0,0,0,0,0,0,0,0,0,0,0,0,1,0,0,0,0,0,0,0
tb.dut.clusters[0].cluster.sockets[0].socket.dcache.caches[0].cache_wrap.genblk3.cache.genblk16	11	2	580	427	74	427	20	74	1385148	1376959	1,5,0,3,0,64,0,0,0,0,0,0,0,0,0,0,1,0,0,0,0,0,0,0,0,0,0,0,0,0,0,0,0,0,0,0,0,0,0,0	0,64,1,0,0,0,0,0,0,0,0,0,0,0,0,0,0,3,4,0,0,0,0,0,1,0,0,0,0,0,0,0,1,0,0,0,0,0,0,0	2	153	72	153	8	73	1385422	1376959	1,68,0,2,0,0,0,1,0,0,0,0,0,0,0,0,0,0,0,0,0,0,0,0,0,0,0,0,0,0,0,0,0,0,0,0,0,0,0,0	0,0,0,0,1,64,0,1,0,0,0,0,0,0,0,0,0,1,4,0,0,0,0,0,1,0,0,0,0,0,0,0,1,0,0,0,0,0,0,0
tb.dut.clusters[0].cluster.sockets[0].socket.dcache.caches[0].cache_wrap.genblk3.cache.mem_bus_if	11	1294	76396	569	19	569	532	19	1385006	1376877	6,8,1,3,0,0,0,0,0,0,0,0,0,0,0,0,0,0,0,0,0,1,0,0,0,0,0,0,0,0,0,0,0,0,0,0,0,0,0,0	4,0,1,0,0,0,0,0,0,0,0,0,3,0,0,0,4,0,5,0,0,0,0,0,1,0,0,0,0,0,0,0,1,0,0,0,0,0,0,0	7	555	10	555	532	11	1385020	1376966	1,5,0,3,0,0,0,0,0,0,0,0,0,0,0,0,0,0,0,0,0,1,0,0,0,0,0,0,0,0,0,0,0,0,0,0,0,0,0,0	0,0,0,0,0,0,0,0,0,0,0,0,0,0,1,1,2,1,4,0,0,0,0,0,1,0,0,0,0,0,0,0,1,0,0,0,0,0,0,0
tb.dut.clusters[0].cluster.sockets[0].socket.dcache.caches[0].cache_wrap.mem_bus_cache_if	9	1294	76396	569	19	569	532	19	1385006	1376877	6,8,1,3,0,0,0,0,0,0,0,0,0,0,0,0,0,0,0,0,0,1,0,0,0,0,0,0,0,0,0,0,0,0,0,0,0,0,0,0	4,0,1,0,0,0,0,0,0,0,0,0,3,0,0,0,4,0,5,0,0,0,0,0,1,0,0,0,0,0,0,0,1,0,0,0,0,0,0,0	7	555	10	555	532	11	1385020	1376966	1,5,0,3,0,0,0,0,0,0,0,0,0,0,0,0,0,0,0,0,0,1,0,0,0,0,0,0,0,0,0,0,0,0,0,0,0,0,0,0	0,0,0,0,0,0,0,0,0,0,0,0,0,0,1,1,2,1,4,0,0,0,0,0,1,0,0,0,0,0,0,0,1,0,0,0,0,0,0,0
tb.dut.clusters[0].cluster.sockets[0].socket.dcache.caches[0].cache_wrap.mem_bus_if	9	1296	40085	566	18	566	532	19	1385009	1376878	6,8,0,3,0,0,0,0,0,0,0,0,0,0,0,0,0,0,0,0,0,1,0,0,0,0,0,0,0,0,0,0,0,0,0,0,0,0,0,0	4,0,0,0,1,0,0,0,0,0,0,0,0,3,0,0,4,0,5,0,0,0,0,0,1,0,0,0,0,0,0,0,1,0,0,0,0,0,0,0	7	555	10	555	532	11	1385020	1376967	1,5,0,3,0,0,0,0,0,0,0,0,0,0,0,0,0,0,0,0,0,1,0,0,0,0,0,0,0,0,0,0,0,0,0,0,0,0,0,0	0,0,0,0,0,0,0,0,0,0,0,0,0,0,0,1,3,1,4,0,0,0,0,0,1,0,0,0,0,0,0,0,1,0,0,0,0,0,0,0
tb.dut.clusters[0].cluster.sockets[0].socket.dcache.core_bus_if[0]	7	474	5666	574	22	574	533	23	1385001	1376873	10,8,0,0,3,0,0,0,0,0,0,0,0,0,0,0,0,0,0,0,0,1,0,0,0,0,0,0,0,0,0,0,0,0,0,0,0,0,0,0	0,4,4,3,1,0,0,0,0,0,0,0,0,0,0,0,4,0,5,0,0,0,0,0,1,0,0,0,0,0,0,0,1,0,0,0,0,0,0,0	3	278	276	278	2	277	1385297	1376962	274,2,0,0,0,0,0,0,0,0,0,0,0,0,0,0,0,0,0,0,0,0,0,0,0,0,0,0,0,0,0,0,0,0,0,0,0,0,0,0	264,0,4,3,0,0,0,0,0,0,0,0,0,0,0,0,0,0,4,0,0,0,0,0,1,0,0,0,0,0,0,0,1,0,0,0,0,0,0,0
tb.dut.clusters[0].cluster.sockets[0].socket.dcache.genblk2[0]	7	2945	34001	576	24	576	533	25	1384999	1376873	12,8,0,0,3,0,0,0,0,0,0,0,0,0,0,0,0,0,0,0,0,1,0,0,0,0,0,0,0,0,0,0,0,0,0,0,0,0,0,0	1,4,5,3,0,0,0,0,0,0,0,0,0,0,1,0,4,0,5,0,0,0,0,0,1,0,0,0,0,0,0,0,1,0,0,0,0,0,0,0	15	278	276	278	2	277	1385297	1376962	274,2,0,0,0,0,0,0,0,0,0,0,0,0,0,0,0,0,0,0,0,0,0,0,0,0,0,0,0,0,0,0,0,0,0,0,0,0,0,0	264,0,4,3,0,0,0,0,0,0,0,0,0,0,0,0,0,0,4,0,0,0,0,0,1,0,0,0,0,0,0,0,1,0,0,0,0,0,0,0
tb.dut.clusters[0].cluster.sockets[0].socket.dcache.genblk2[0].arb_core_bus_tmp_if[0]	8	474	5666	574	22	574	533	23	1385001	1376873	10,8,0,0,3,0,0,0,0,0,0,0,0,0,0,0,0,0,0,0,0,1,0,0,0,0,0,0,0,0,0,0,0,0,0,0,0,0,0,0	0,4,4,3,1,0,0,0,0,0,0,0,0,0,0,0,4,0,5,0,0,0,0,0,1,0,0,0,0,0,0,0,1,0,0,0,0,0,0,0	3	278	276	278	2	277	1385297	1376962	274,2,0,0,0,0,0,0,0,0,0,0,0,0,0,0,0,0,0,0,0,0,0,0,0,0,0,0,0,0,0,0,0,0,0,0,0,0,0,0	264,0,4,3,0,0,0,0,0,0,0,0,0,0,0,0,0,0,4,0,0,0,0,0,1,0,0,0,0,0,0,0,1,0,0,0,0,0,0,0
tb.dut.clusters[0].cluster.sockets[0].socket.dcache.genblk2[0].cache_arb	8	1997	22669	576	24	576	533	25	1384999	1376873	12,8,0,0,3,0,0,0,0,0,0,0,0,0,0,0,0,0,0,0,0,1,0,0,0,0,0,0,0,0,0,0,0,0,0,0,0,0,0,0	1,4,5,3,0,0,0,0,0,0,0,0,0,0,1,0,4,0,5,0,0,0,0,0,1,0,0,0,0,0,0,0,1,0,0,0,0,0,0,0	10	278	276	278	2	277	1385297	1376962	274,2,0,0,0,0,0,0,0,0,0,0,0,0,0,0,0,0,0,0,0,0,0,0,0,0,0,0,0,0,0,0,0,0,0,0,0,0,0,0	264,0,4,3,0,0,0,0,0,0,0,0,0,0,0,0,0,0,4,0,0,0,0,0,1,0,0,0,0,0,0,0,1,0,0,0,0,0,0,0
tb.dut.clusters[0].cluster.sockets[0].socket.dcache.genblk2[0].cache_arb.bus_in_if[0]	9	474	5666	574	22	574	533	23	1385001	1376873	10,8,0,0,3,0,0,0,0,0,0,0,0,0,0,0,0,0,0,0,0,1,0,0,0,0,0,0,0,0,0,0,0,0,0,0,0,0,0,0	0,4,4,3,1,0,0,0,0,0,0,0,0,0,0,0,4,0,5,0,0,0,0,0,1,0,0,0,0,0,0,0,1,0,0,0,0,0,0,0	3	278	276	278	2	277	1385297	1376962	274,2,0,0,0,0,0,0,0,0,0,0,0,0,0,0,0,0,0,0,0,0,0,0,0,0,0,0,0,0,0,0,0,0,0,0,0,0,0,0	264,0,4,3,0,0,0,0,0,0,0,0,0,0,0,0,0,0,4,0,0,0,0,0,1,0,0,0,0,0,0,0,1,0,0,0,0,0,0,0
tb.dut.clusters[0].cluster.sockets[0].socket.dcache.genblk2[0].cache_arb.bus_out_if[0]	9	474	5666	574	22	574	533	23	1385001	1376873	10,8,0,0,3,0,0,0,0,0,0,0,0,0,0,0,0,0,0,0,0,1,0,0,0,0,0,0,0,0,0,0,0,0,0,0,0,0,0,0	0,4,4,3,1,0,0,0,0,0,0,0,0,0,0,0,4,0,5,0,0,0,0,0,1,0,0,0,0,0,0,0,1,0,0,0,0,0,0,0	3	278	276	278	2	277	1385297	1376962	274,2,0,0,0,0,0,0,0,0,0,0,0,0,0,0,0,0,0,0,0,0,0,0,0,0,0,0,0,0,0,0,0,0,0,0,0,0,0,0	264,0,4,3,0,0,0,0,0,0,0,0,0,0,0,0,0,0,4,0,0,0,0,0,1,0,0,0,0,0,0,0,1,0,0,0,0,0,0,0
tb.dut.clusters[0].cluster.sockets[0].socket.dcache.genblk2[0].cache_arb.genblk3[0]	9	3	3	3	3	3	1	4	1385572	1377605	3,0,0,0,0,0,0,0,0,0,0,0,0,0,0,0,0,0,0,0,0,0,0,0,0,0,0,0,0,0,0,0,0,0,0,0,0,0,0,0	0,0,0,0,0,0,0,0,0,0,0,0,0,0,0,0,0,0,2,0,0,0,0,0,1,0,0,0,0,0,0,0,1,0,0,0,0,0,0,0	2	0	0	0	0	1	1385575	1385575	0,0,0,0,0,0,0,0,0,0,0,0,0,0,0,0,0,0,0,0,0,0,0,0,0,0,0,0,0,0,0,0,0,0,0,0,0,0,0,0	0,0,0,0,0,0,0,0,0,0,0,0,0,0,0,0,0,0,0,0,0,0,0,0,0,0,0,0,0,0,0,0,1,0,0,0,0,0,0,0
tb.dut.clusters[0].cluster.sockets[0].socket.dcache.genblk2[0].core_bus_tmp_if[0]	8	474	5666	574	22	574	533	23	1385001	1376873	10,8,0,0,3,0,0,0,0,0,0,0,0,0,0,0,0,0,0,0,0,1,0,0,0,0,0,0,0,0,0,0,0,0,0,0,0,0,0,0	0,4,4,3,1,0,0,0,0,0,0,0,0,0,0,0,4,0,5,0,0,0,0,0,1,0,0,0,0,0,0,0,1,0,0,0,0,0,0,0	3	278	276	278	2	277	1385297	1376962	274,2,0,0,0,0,0,0,0,0,0,0,0,0,0,0,0,0,0,0,0,0,0,0,0,0,0,0,0,0,0,0,0,0,0,0,0,0,0,0	264,0,4,3,0,0,0,0,0,0,0,0,0,0,0,0,0,0,4,0,0,0,0,0,1,0,0,0,0,0,0,0,1,0,0,0,0,0,0,0
tb.dut.clusters[0].cluster.sockets[0].socket.dcache.mem_arb	7	5289	160999	568	20	568	532	21	1385007	1376878	8,8,0,3,0,0,0,0,0,0,0,0,0,0,0,0,0,0,0,0,0,1,0,0,0,0,0,0,0,0,0,0,0,0,0,0,0,0,0,0	5,0,1,0,0,0,0,0,0,0,0,0,0,3,1,0,4,0,5,0,0,0,0,0,1,0,0,0,0,0,0,0,1,0,0,0,0,0,0,0	27	555	10	555	532	11	1385020	1376967	1,5,0,3,0,0,0,0,0,0,0,0,0,0,0,0,0,0,0,0,0,1,0,0,0,0,0,0,0,0,0,0,0,0,0,0,0,0,0,0	0,0,0,0,0,0,0,0,0,0,0,0,0,0,0,1,3,1,4,0,0,0,0,0,1,0,0,0,0,0,0,0,1,0,0,0,0,0,0,0
tb.dut.clusters[0].cluster.sockets[0].socket.dcache.mem_arb.bus_in_if[0]	8	1296	40085	566	18	566	532	19	1385009	1376878	6,8,0,3,0,0,0,0,0,0,0,0,0,0,0,0,0,0,0,0,0,1,0,0,0,0,0,0,0,0,0,0,0,0,0,0,0,0,0,0	4,0,0,0,1,0,0,0,0,0,0,0,0,3,0,0,4,0,5,0,0,0,0,0,1,0,0,0,0,0,0,0,1,0,0,0,0,0,0,0	7	555	10	555	532	11	1385020	1376967	1,5,0,3,0,0,0,0,0,0,0,0,0,0,0,0,0,0,0,0,0,1,0,0,0,0,0,0,0,0,0,0,0,0,0,0,0,0,0,0	0,0,0,0,0,0,0,0,0,0,0,0,0,0,0,1,3,1,4,0,0,0,0,0,1,0,0,0,0,0,0,0,1,0,0,0,0,0,0,0
tb.dut.clusters[0].cluster.sockets[0].socket.dcache.mem_arb.bus_out_if[0]	8	1296	40085	566	18	566	532	19	1385009	1376878	6,8,0,3,0,0,0,0,0,0,0,0,0,0,0,0,0,0,0,0,0,1,0,0,0,0,0,0,0,0,0,0,0,0,0,0,0,0,0,0	4,0,0,0,1,0,0,0,0,0,0,0,0,3,0,0,4,0,5,0,0,0,0,0,1,0,0,0,0,0,0,0,1,0,0,0,0,0,0,0	7	555	10	555	532	11	1385020	1376967	1,5,0,3,0,0,0,0,0,0,0,0,0,0,0,0,0,0,0,0,0,1,0,0,0,0,0,0,0,0,0,0,0,0,0,0,0,0,0,0	0,0,0,0,0,0,0,0,0,0,0,0,0,0,0,1,3,1,4,0,0,0,0,0,1,0,0,0,0,0,0,0,1,0,0,0,0,0,0,0
tb.dut.clusters[0].cluster.sockets[0].socket.dcache.mem_arb.genblk3[0]	8	7	657	528	7	528	513	8	1385047	1376969	0,3,3,0,0,0,0,0,0,0,0,0,0,0,0,0,0,0,0,0,0,1,0,0,0,0,0,0,0,0,0,0,0,0,0,0,0,0,0,0	0,0,0,0,2,0,0,0,0,0,0,0,0,0,0,0,0,1,2,1,0,0,0,0,1,0,0,0,0,0,0,0,1,0,0,0,0,0,0,0	2	129	128	129	2	129	1385446	1376972	127,1,0,0,0,0,0,0,0,0,0,0,0,0,0,0,0,0,0,0,0,0,0,0,0,0,0,0,0,0,0,0,0,0,0,0,0,0,0,0	0,0,127,0,0,0,0,0,0,0,0,0,0,0,0,0,0,0,0,0,0,0,0,0,1,0,0,0,0,0,0,0,1,0,0,0,0,0,0,0
tb.dut.clusters[0].cluster.sockets[0].socket.dcache.mem_bus_if	7	1296	40085	566	18	566	532	19	1385009	1376878	6,8,0,3,0,0,0,0,0,0,0,0,0,0,0,0,0,0,0,0,0,1,0,0,0,0,0,0,0,0,0,0,0,0,0,0,0,0,0,0	4,0,0,0,1,0,0,0,0,0,0,0,0,3,0,0,4,0,5,0,0,0,0,0,1,0,0,0,0,0,0,0,1,0,0,0,0,0,0,0	7	555	10	555	532	11	1385020	1376967	1,5,0,3,0,0,0,0,0,0,0,0,0,0,0,0,0,0,0,0,0,1,0,0,0,0,0,0,0,0,0,0,0,0,0,0,0,0,0,0	0,0,0,0,0,0,0,0,0,0,0,0,0,0,0,1,3,1,4,0,0,0,0,0,1,0,0,0,0,0,0,0,1,0,0,0,0,0,0,0
tb.dut.clusters[0].cluster.sockets[0].socket.dcache.mem_bus_tmp_if[0]	7	1296	40085	566	18	566	532	19	1385009	1376878	6,8,0,3,0,0,0,0,0,0,0,0,0,0,0,0,0,0,0,0,0,1,0,0,0,0,0,0,0,0,0,0,0,0,0,0,0,0,0,0	4,0,0,0,1,0,0,0,0,0,0,0,0,3,0,0,4,0,5,0,0,0,0,0,1,0,0,0,0,0,0,0,1,0,0,0,0,0,0,0	7	555	10	555	532	11	1385020	1376967	1,5,0,3,0,0,0,0,0,0,0,0,0,0,0,0,0,0,0,0,0,1,0,0,0,0,0,0,0,0,0,0,0,0,0,0,0,0,0,0	0,0,0,0,0,0,0,0,0,0,0,0,0,0,0,1,3,1,4,0,0,0,0,0,1,0,0,0,0,0,0,0,1,0,0,0,0,0,0,0
tb.dut.clusters[0].cluster.sockets[0].socket.dcache_mem_bus_if	6	1296	40085	566	18	566	532	19	1385009	1376878	6,8,0,3,0,0,0,0,0,0,0,0,0,0,0,0,0,0,0,0,0,1,0,0,0,0,0,0,0,0,0,0,0,0,0,0,0,0,0,0	4,0,0,0,1,0,0,0,0,0,0,0,0,3,0,0,4,0,5,0,0,0,0,0,1,0,0,0,0,0,0,0,1,0,0,0,0,0,0,0	7	555	10	555	532	11	1385020	1376967	1,5,0,3,0,0,0,0,0,0,0,0,0,0,0,0,0,0,0,0,0,1,0,0,0,0,0,0,0,0,0,0,0,0,0,0,0,0,0,0	0,0,0,0,0,0,0,0,0,0,0,0,0,0,0,1,3,1,4,0,0,0,0,0,1,0,0,0,0,0,0,0,1,0,0,0,0,0,0,0
tb.dut.clusters[0].cluster.sockets[0].socket.dcr_bus_if	6	45	25	10	1	10	10	2	1385565	1385556	0,0,0,0,0,0,0,0,0,1,0,0,0,0,0,0,0,0,0,0,0,0,0,0,0,0,0,0,0,0,0,0,0,0,0,0,0,0,0,0	0,0,0,0,0,0,0,0,1,0,0,0,0,0,0,0,0,0,0,0,0,0,0,0,0,0,0,0,0,0,0,0,1,0,0,0,0,0,0,0	2	7	3	7	4	4	1385568	1385557	1,1,0,1,0,0,0,0,0,0,0,0,0,0,0,0,0,0,0,0,0,0,0,0,0,0,0,0,0,0,0,0,0,0,0,0,0,0,0,0	2,0,0,0,0,0,0,0,1,0,0,0,0,0,0,0,0,0,0,0,0,0,0,0,0,0,0,0,0,0,0,0,1,0,0,0,0,0,0,0
tb.dut.clusters[0].cluster.sockets[0].socket.icache	6	34821	41199805	222197	22638	222197	264	22638	1163378	212	2,774,1,74,9,14,6,19955,0,5,1,765,0,3,0,0,256,769,3,0,1,0,0,0,0,0,0,0,0,0,0,0,0,0,0,0,0,0,0,0	11,6,2,6,0,34,256,767,1,1,5,5,1,30,3,3,31,20704,3,769,0,0,0,0,0,0,0,0,0,0,0,0,0,0,0,0,0,0,0,0	175	98696	45676	98696	9	45677	1286879	281	18812,6405,18373,1038,16,11,766,0,255,0,0,0,0,0,0,0,0,0,0,0,0,0,0,0,0,0,0,0,0,0,0,0,0,0,0,0,0,0,0,0	11019,8191,4604,8,26,4,6,12,1,1019,4,0,0,1,3,11,55,19936,5,6,766,0,0,0,0,0,0,0,0,0,0,0,0,0,0,0,0,0,0,0
tb.dut.clusters[0].cluster.sockets[0].socket.icache.arb_core_bus_if[0]	7	272	1434566	218544	22914	218544	88	22914	1167031	255	12,797,10,73,256,6,774,19188,766,2,0,0,0,2,0,0,256,769,3,0,0,0,0,0,0,0,0,0,0,0,0,0,0,0,0,0,0,0,0,0	280,5,2,10,2,35,256,766,0,1,6,5,1,28,1,6,33,20704,3,770,0,0,0,0,0,0,0,0,0,0,0,0,0,0,0,0,0,0,0,0	2	192723	26330	192723	70	26330	1192852	275	1619,3681,69,3,5,1,19153,768,0,1,1,0,1,0,0,0,256,771,1,0,0,0,0,0,0,0,0,0,0,0,0,0,0,0,0,0,0,0,0,0	2933,768,9,2,3,5,289,0,767,0,1,4,3,3,28,1,34,20707,3,769,1,0,0,0,0,0,0,0,0,0,0,0,0,0,0,0,0,0,0,0
tb.dut.clusters[0].cluster.sockets[0].socket.icache.cache_mem_bus_if[0]	7	1290	42769	40154	40123	40154	2	40124	1345421	8143	40092,31,0,0,0,0,0,0,0,0,0,0,0,0,0,0,0,0,0,0,0,0,0,0,0,0,0,0,0,0,0,0,0,0,0,0,0,0,0,0	76,2,21,5,19195,1,26,10,765,0,3,0,9,1,27,2,34,19172,4,1,769,0,0,0,1,0,0,0,0,0,0,0,0,0,0,0,0,0,0,0	7	14	7	14	2	8	1385561	1375258	0,7,0,0,0,0,0,0,0,0,0,0,0,0,0,0,0,0,0,0,0,0,0,0,0,0,0,0,0,0,0,0,0,0,0,0,0,0,0,0	0,0,0,0,0,0,0,0,0,0,0,0,0,0,0,0,0,0,0,3,2,1,0,0,0,1,0,0,0,0,0,0,1,0,0,0,0,0,0,0
tb.dut.clusters[0].cluster.sockets[0].socket.icache.caches[0]	7	22641	29258059	222196	22638	222196	263	22638	1163379	212	2,774,1,74,9,14,6,19955,0,5,1,765,0,3,0,0,256,769,3,0,1,0,0,0,0,0,0,0,0,0,0,0,0,0,0,0,0,0,0,0	11,6,2,6,0,34,256,766,2,1,5,5,1,30,3,3,31,20704,3,769,0,0,0,0,0,0,0,0,0,0,0,0,0,0,0,0,0,0,0,0	114	126117	51852	126117	15	51853	1259458	281	17051,7444,22970,1041,2306,13,4,0,767,255,0,0,0,0,1,0,0,0,0,0,0,0,0,0,0,0,0,0,0,0,0,0,0,0,0,0,0,0,0,0	28133,288,1563,13,3,5,14,13,259,770,2,0,1,6,1,20,50,19939,3,4,766,0,0,0,0,0,0,0,0,0,0,0,0,0,0,0,0,0,0,0
tb.dut.clusters[0].cluster.sockets[0].socket.icache.caches[0].cache_wrap	8	22640	29258057	222196	22638	222196	263	22638	1163379	212	2,774,1,74,9,14,6,19955,0,5,1,765,0,3,0,0,256,769,3,0,1,0,0,0,0,0,0,0,0,0,0,0,0,0,0,0,0,0,0,0	11,6,2,6,0,34,256,766,2,1,5,5,1,30,3,3,31,20704,3,769,0,0,0,0,0,0,0,0,0,0,0,0,0,0,0,0,0,0,0,0	114	126117	51852	126117	15	51853	1259458	281	17051,7444,22970,1041,2306,13,4,0,767,255,0,0,0,0,1,0,0,0,0,0,0,0,0,0,0,0,0,0,0,0,0,0,0,0,0,0,0,0,0,0	28133,288,1563,13,3,5,14,13,259,770,2,0,1,6,1,20,50,19939,3,4,766,0,0,0,0,0,0,0,0,0,0,0,0,0,0,0,0,0,0,0
tb.dut.clusters[0].cluster.sockets[0].socket.icache.caches[0].cache_wrap.core_bus_cache_if[0]	9	272	1434566	218544	22914	218544	88	22914	1167031	255	12,797,10,73,256,6,774,19188,766,2,0,0,0,2,0,0,256,769,3,0,0,0,0,0,0,0,0,0,0,0,0,0,0,0,0,0,0,0,0,0	280,5,2,10,2,35,256,766,0,1,6,5,1,28,1,6,33,20704,3,770,0,0,0,0,0,0,0,0,0,0,0,0,0,0,0,0,0,0,0,0	2	192723	26330	192723	70	26330	1192852	275	1619,3681,69,3,5,1,19153,768,0,1,1,0,1,0,0,0,256,771,1,0,0,0,0,0,0,0,0,0,0,0,0,0,0,0,0,0,0,0,0,0	2933,768,9,2,3,5,289,0,767,0,1,4,3,3,28,1,34,20707,3,769,1,0,0,0,0,0,0,0,0,0,0,0,0,0,0,0,0,0,0,0
tb.dut.clusters[0].cluster.sockets[0].socket.icache.caches[0].cache_wrap.core_bus_if[0]	9	272	1434566	218544	22914	218544	88	22914	1167031	255	12,797,10,73,256,6,774,19188,766,2,0,0,0,2,0,0,256,769,3,0,0,0,0,0,0,0,0,0,0,0,0,0,0,0,0,0,0,0,0,0	280,5,2,10,2,35,256,766,0,1,6,5,1,28,1,6,33,20704,3,770,0,0,0,0,0,0,0,0,0,0,0,0,0,0,0,0,0,0,0,0	2	192723	26330	192723	70	26330	1192852	275	1619,3681,69,3,5,1,19153,768,0,1,1,0,1,0,0,0,256,771,1,0,0,0,0,0,0,0,0,0,0,0,0,0,0,0,0,0,0,0,0,0	2933,768,9,2,3,5,289,0,767,0,1,4,3,3,28,1,34,20707,3,769,1,0,0,0,0,0,0,0,0,0,0,0,0,0,0,0,0,0,0,0
tb.dut.clusters[0].cluster.sockets[0].socket.icache.caches[0].cache_wrap.genblk3	9	18809	26303385	222195	22638	222195	262	22638	1163380	212	2,774,1,74,9,14,6,19955,0,5,1,765,0,3,0,0,256,769,3,0,1,0,0,0,0,0,0,0,0,0,0,0,0,0,0,0,0,0,0,0	11,6,2,6,0,34,256,766,1,2,5,5,1,30,3,3,31,20704,3,769,0,0,0,0,0,0,0,0,0,0,0,0,0,0,0,0,0,0,0,0	95	134598	49573	134598	15	49574	1250977	281	11699,10510,17618,4093,4602,21,7,0,767,255,0,0,0,0,1,0,0,0,0,0,0,0,0,0,0,0,0,0,0,0,0,0,0,0,0,0,0,0,0,0	25849,292,1565,9,5,3,16,18,1023,4,1,1,0,8,2,19,48,19938,3,4,766,0,0,0,0,0,0,0,0,0,0,0,0,0,0,0,0,0,0,0
tb.dut.clusters[0].cluster.sockets[0].socket.icache.caches[0].cache_wrap.genblk3.cache	10	18808	26303383	222195	22638	222195	262	22638	1163380	212	2,774,1,74,9,14,6,19955,0,5,1,765,0,3,0,0,256,769,3,0,1,0,0,0,0,0,0,0,0,0,0,0,0,0,0,0,0,0,0,0	11,6,2,6,0,34,256,766,1,2,5,5,1,30,3,3,31,20704,3,769,0,0,0,0,0,0,0,0,0,0,0,0,0,0,0,0,0,0,0,0	95	134598	49573	134598	15	49574	1250977	281	11699,10510,17618,4093,4602,21,7,0,767,255,0,0,0,0,1,0,0,0,0,0,0,0,0,0,0,0,0,0,0,0,0,0,0,0,0,0,0,0,0,0	25849,292,1565,9,5,3,16,18,1023,4,1,1,0,8,2,19,48,19938,3,4,766,0,0,0,0,0,0,0,0,0,0,0,0,0,0,0,0,0,0,0
tb.dut.clusters[0].cluster.sockets[0].socket.icache.caches[0].cache_wrap.genblk3.cache.banks[0]	11	11759	15231804	222193	22639	222193	261	22639	1163382	212	2,774,2,75,9,14,6,19954,0,5,1,765,0,3,0,0,256,769,3,0,1,0,0,0,0,0,0,0,0,0,0,0,0,0,0,0,0,0,0,0	12,6,2,6,0,34,256,766,1,1,6,5,1,30,3,3,31,20704,3,769,0,0,0,0,0,0,0,0,0,0,0,0,0,0,0,0,0,0,0,0	59	105057	55626	105057	9	55627	1280518	265	27956,16143,5644,4850,10,258,0,0,765,0,0,0,0,0,0,0,0,0,0,0,0,0,0,0,0,0,0,0,0,0,0,0,0,0,0,0,0,0,0,0	18648,263,14567,8,289,6,2,22,265,767,1,2,0,5,5,15,45,19942,5,5,765,0,0,0,0,0,0,0,0,0,0,0,0,0,0,0,0,0,0,0
tb.dut.clusters[0].cluster.sockets[0].socket.icache.caches[0].cache_wrap.genblk3.cache.banks[0].bank	12	11731	15231763	222193	22639	222193	261	22639	1163382	212	2,774,2,75,9,14,6,19954,0,5,1,765,0,3,0,0,256,769,3,0,1,0,0,0,0,0,0,0,0,0,0,0,0,0,0,0,0,0,0,0	12,6,2,6,0,34,256,766,1,1,6,5,1,30,3,3,31,20704,3,769,0,0,0,0,0,0,0,0,0,0,0,0,0,0,0,0,0,0,0,0	59	105056	55626	105056	9	55627	1280519	265	27956,16143,5645,4849,10,258,0,0,765,0,0,0,0,0,0,0,0,0,0,0,0,0,0,0,0,0,0,0,0,0,0,0,0,0,0,0,0,0,0,0	18648,263,14567,8,289,6,2,22,265,767,1,2,0,5,5,15,45,19942,5,5,765,0,0,0,0,0,0,0,0,0,0,0,0,0,0,0,0,0,0,0
tb.dut.clusters[0].cluster.sockets[0].socket.icache.caches[0].cache_wrap.genblk3.cache.banks[0].bank.cache_data	13	3155	3195377	182597	31232	182597	258	31232	1202978	264	2416,800,1181,262,5626,1026,19917,0,3,0,0,0,0,0,0,0,0,0,0,0,1,0,0,0,0,0,0,0,0,0,0,0,0,0,0,0,0,0,0,0	8292,264,816,5,8,2,25,12,1020,0,2,1,9,1,27,2,37,19937,3,4,765,0,0,0,0,0,0,0,0,0,0,0,0,0,0,0,0,0,0,0	16	51849	47427	51849	6	47428	1333726	270	46083,51,18,1020,0,255,0,0,0,0,0,0,0,0,0,0,0,0,0,0,0,0,0,0,0,0,0,0,0,0,0,0,0,0,0,0,0,0,0,0	4350,1021,16868,779,2580,4,0,15,260,4,769,1,0,5,0,9,52,19927,14,5,765,0,0,0,0,0,0,0,0,0,0,0,0,0,0,0,0,0,0,0
tb.dut.clusters[0].cluster.sockets[0].socket.icache.caches[0].cache_wrap.genblk3.cache.banks[0].bank.cache_mshr	13	1105	2871894	194912	22643	194912	260	22643	1190663	263	0,15,73,1540,18,5,19185,4,5,1,765,0,2,0,1,0,256,770,2,0,1,0,0,0,0,0,0,0,0,0,0,0,0,0,0,0,0,0,0,0	11,771,9,1,6,2,25,265,765,1,1,1,9,1,27,3,36,19937,3,4,765,0,0,0,0,0,0,0,0,0,0,0,0,0,0,0,0,0,0,0	6	190999	23735	190999	84	23735	1194576	264	74,859,768,785,259,773,19180,3,2,2,0,2,0,0,1,255,0,770,2,0,0,0,0,0,0,0,0,0,0,0,0,0,0,0,0,0,0,0,0,0	1030,779,65,9,4,3,0,27,1030,0,1,1,7,3,1,27,39,19937,3,4,765,0,0,0,0,0,0,0,0,0,0,0,0,0,0,0,0,0,0,0
tb.dut.clusters[0].cluster.sockets[0].socket.icache.caches[0].cache_wrap.genblk3.cache.banks[0].bank.cache_tags	13	436	196204	138327	51451	138327	259	51451	1247248	265	22427,2370,74,22478,3842,257,1,1,0,0,0,0,0,0,0,0,0,0,0,0,1,0,0,0,0,0,0,0,0,0,0,0,0,0,0,0,0,0,0,0	5482,23283,829,5,6,1,25,12,765,255,1,2,9,1,27,2,37,19937,3,4,765,0,0,0,0,0,0,0,0,0,0,0,0,0,0,0,0,0,0,0	3	8621	6300	8621	4	6301	1376954	8289	5517,11,6,766,0,0,0,0,0,0,0,0,0,0,0,0,0,0,0,0,0,0,0,0,0,0,0,0,0,0,0,0,0,0,0,0,0,0,0,0	2432,0,769,6,1,1,0,0,0,0,1,0,0,0,1,1,11,1537,2,1,1,1536,0,0,0,1,0,0,0,0,0,0,0,0,0,0,0,0,0,0
tb.dut.clusters[0].cluster.sockets[0].socket.icache.caches[0].cache_wrap.genblk3.cache.banks[0].bank.cache_tags.genblk3[0]	14	44	75	40	21	40	4	22	1385535	1375232	10,4,6,1,0,0,0,0,0,0,0,0,0,0,0,0,0,0,0,0,0,0,0,0,0,0,0,0,0,0,0,0,0,0,0,0,0,0,0,0	1,0,0,4,0,0,0,0,0,0,0,0,0,0,0,0,9,0,2,2,1,1,0,0,0,1,0,0,0,0,0,0,1,0,0,0,0,0,0,0	2	31	17	31	3	18	1385544	1375232	10,0,7,0,0,0,0,0,0,0,0,0,0,0,0,0,0,0,0,0,0,0,0,0,0,0,0,0,0,0,0,0,0,0,0,0,0,0,0,0	1,0,0,1,0,0,0,0,0,0,0,0,0,0,0,0,8,0,1,3,1,1,0,0,0,1,0,0,0,0,0,0,1,0,0,0,0,0,0,0
tb.dut.clusters[0].cluster.sockets[0].socket.icache.caches[0].cache_wrap.genblk3.cache.banks[0].bank.flush_unit	13	447	59026	49331	48172	49331	258	48173	1336244	264	47270,900,1,0,0,0,0,0,0,0,0,0,0,0,0,0,0,0,0,0,1,0,0,0,0,0,0,0,0,0,0,0,0,0,0,0,0,0,0,0	3456,1580,282,824,19416,0,27,11,1020,2,3,1,9,1,27,3,36,20703,3,4,765,0,0,0,0,0,0,0,0,0,0,0,0,0,0,0,0,0,0,0	3	131	128	131	3	129	1385444	1385294	126,1,1,0,0,0,0,0,0,0,0,0,0,0,0,0,0,0,0,0,0,0,0,0,0,0,0,0,0,0,0,0,0,0,0,0,0,0,0,0	126,0,0,0,1,0,0,0,0,0,0,0,0,0,0,0,1,0,0,0,0,0,0,0,0,0,0,0,0,0,0,0,1,0,0,0,0,0,0,0
tb.dut.clusters[0].cluster.sockets[0].socket.icache.caches[0].cache_wrap.genblk3.cache.banks[0].bank.genblk7	13	64	488572	61072	55860	61072	6	55860	1324503	314	54495,68,22,255,765,255,0,0,0,0,0,0,0,0,0,0,0,0,0,0,0,0,0,0,0,0,0,0,0,0,0,0,0,0,0,0,0,0,0,0	7406,256,25292,776,292,6,0,15,261,3,767,1,1,5,1,14,46,19943,5,4,766,0,0,0,0,0,0,0,0,0,0,0,0,0,0,0,0,0,0,0	2	61072	55860	61072	6	55860	1324503	314	54495,68,22,255,765,255,0,0,0,0,0,0,0,0,0,0,0,0,0,0,0,0,0,0,0,0,0,0,0,0,0,0,0,0,0,0,0,0,0,0	7406,256,25292,776,292,6,0,15,261,3,767,1,1,5,1,14,46,19943,5,4,766,0,0,0,0,0,0,0,0,0,0,0,0,0,0,0,0,0,0,0
tb.dut.clusters[0].cluster.sockets[0].socket.icache.caches[0].cache_wrap.genblk3.cache.banks[0].bank.mshr_pending_size	13	248	745216	195231	22734	195231	52	22735	1190344	263	36,87,8,786,862,3,19158,3,1,767,0,0,1,0,1,0,255,766,0,0,0,0,0,0,0,0,0,0,0,0,0,0,0,0,0,0,0,0,0,0	868,7,1,7,4,4,0,290,765,0,1,0,7,5,0,28,38,19937,3,5,765,0,0,0,0,0,0,0,0,0,0,0,0,0,0,0,0,0,0,0	2	195229	22733	195229	52	22734	1190346	274	36,86,8,786,862,3,19158,3,1,767,0,0,1,0,1,0,255,766,0,0,0,0,0,0,0,0,0,0,0,0,0,0,0,0,0,0,0,0,0,0	868,7,1,6,5,4,0,290,765,0,1,0,7,5,0,28,37,19937,3,4,766,0,0,0,0,0,0,0,0,0,0,0,0,0,0,0,0,0,0,0
tb.dut.clusters[0].cluster.sockets[0].socket.icache.caches[0].cache_wrap.genblk3.cache.banks[0].bank.mshr_pending_size.genblk3	14	8	233340	120695	29272	120695	11	29273	1264880	393	0,292,9,27087,854,767,7,0,0,1,255,0,0,0,0,0,0,0,0,0,0,0,0,0,0,0,0,0,0,0,0,0,0,0,0,0,0,0,0,0	831,6390,1,257,1,4,2,257,0,0,3,765,7,5,0,0,28,19941,10,4,767,0,0,0,0,0,0,0,0,0,0,0,0,0,0,0,0,0,0,0	2	107042	27715	107042	10	27716	1278533	466	766,41,1536,25285,82,2,2,0,0,1,0,0,0,0,0,0,0,0,0,0,0,0,0,0,0,0,0,0,0,0,0,0,0,0,0,0,0,0,0,0	54,6638,775,0,1,0,1,1,1,0,3,765,7,2,0,1,278,18408,10,2,769,0,0,0,0,0,0,0,0,0,0,0,0,0,0,0,0,0,0,0
tb.dut.clusters[0].cluster.sockets[0].socket.icache.caches[0].cache_wrap.genblk3.cache.core_bus2_if[0]	11	272	1434566	218544	22914	218544	88	22914	1167031	255	12,797,10,73,256,6,774,19188,766,2,0,0,0,2,0,0,256,769,3,0,0,0,0,0,0,0,0,0,0,0,0,0,0,0,0,0,0,0,0,0	280,5,2,10,2,35,256,766,0,1,6,5,1,28,1,6,33,20704,3,770,0,0,0,0,0,0,0,0,0,0,0,0,0,0,0,0,0,0,0,0	2	192723	26330	192723	70	26330	1192852	275	1619,3681,69,3,5,1,19153,768,0,1,1,0,1,0,0,0,256,771,1,0,0,0,0,0,0,0,0,0,0,0,0,0,0,0,0,0,0,0,0,0	2933,768,9,2,3,5,289,0,767,0,1,4,3,3,28,1,34,20707,3,769,1,0,0,0,0,0,0,0,0,0,0,0,0,0,0,0,0,0,0,0
tb.dut.clusters[0].cluster.sockets[0].socket.icache.caches[0].cache_wrap.genblk3.cache.core_bus_if[0]	11	272	1434566	218544	22914	218544	88	22914	1167031	255	12,797,10,73,256,6,774,19188,766,2,0,0,0,2,0,0,256,769,3,0,0,0,0,0,0,0,0,0,0,0,0,0,0,0,0,0,0,0,0,0	280,5,2,10,2,35,256,766,0,1,6,5,1,28,1,6,33,20704,3,770,0,0,0,0,0,0,0,0,0,0,0,0,0,0,0,0,0,0,0,0	2	192723	26330	192723	70	26330	1192852	275	1619,3681,69,3,5,1,19153,768,0,1,1,0,1,0,0,0,256,771,1,0,0,0,0,0,0,0,0,0,0,0,0,0,0,0,0,0,0,0,0,0	2933,768,9,2,3,5,289,0,767,0,1,4,3,3,28,1,34,20707,3,769,1,0,0,0,0,0,0,0,0,0,0,0,0,0,0,0,0,0,0,0
tb.dut.clusters[0].cluster.sockets[0].socket.icache.caches[0].cache_wrap.genblk3.cache.flush_unit	11	819	2909274	218546	22915	218546	88	22915	1167029	255	12,798,10,73,256,6,774,19188,766,2,0,0,0,2,0,0,256,769,3,0,0,0,0,0,0,0,0,0,0,0,0,0,0,0,0,0,0,0,0,0	281,6,2,9,2,35,256,766,0,2,5,5,1,28,1,6,33,20704,3,770,0,0,0,0,0,0,0,0,0,0,0,0,0,0,0,0,0,0,0,0	5	187966	26169	187966	50	26170	1197609	275	2726,2405,80,4,4,767,19153,2,2,1,0,255,1,0,1,0,1,767,0,0,0,0,0,0,0,0,0,0,0,0,0,0,0,0,0,0,0,0,0,0	2771,776,772,1,4,1,31,255,772,0,1,0,7,3,28,0,35,19940,3,4,766,0,0,0,0,0,0,0,0,0,0,0,0,0,0,0,0,0,0,0
tb.dut.clusters[0].cluster.sockets[0].socket.icache.caches[0].cache_wrap.genblk3.cache.flush_unit.core_bus_in_if[0]	12	272	1434566	218544	22914	218544	88	22914	1167031	255	12,797,10,73,256,6,774,19188,766,2,0,0,0,2,0,0,256,769,3,0,0,0,0,0,0,0,0,0,0,0,0,0,0,0,0,0,0,0,0,0	280,5,2,10,2,35,256,766,0,1,6,5,1,28,1,6,33,20704,3,770,0,0,0,0,0,0,0,0,0,0,0,0,0,0,0,0,0,0,0,0	2	192723	26330	192723	70	26330	1192852	275	1619,3681,69,3,5,1,19153,768,0,1,1,0,1,0,0,0,256,771,1,0,0,0,0,0,0,0,0,0,0,0,0,0,0,0,0,0,0,0,0,0	2933,768,9,2,3,5,289,0,767,0,1,4,3,3,28,1,34,20707,3,769,1,0,0,0,0,0,0,0,0,0,0,0,0,0,0,0,0,0,0,0
tb.dut.clusters[0].cluster.sockets[0].socket.icache.caches[0].cache_wrap.genblk3.cache.flush_unit.core_bus_out_if[0]	12	272	1434566	218544	22914	218544	88	22914	1167031	255	12,797,10,73,256,6,774,19188,766,2,0,0,0,2,0,0,256,769,3,0,0,0,0,0,0,0,0,0,0,0,0,0,0,0,0,0,0,0,0,0	280,5,2,10,2,35,256,766,0,1,6,5,1,28,1,6,33,20704,3,770,0,0,0,0,0,0,0,0,0,0,0,0,0,0,0,0,0,0,0,0	2	192723	26330	192723	70	26330	1192852	275	1619,3681,69,3,5,1,19153,768,0,1,1,0,1,0,0,0,256,771,1,0,0,0,0,0,0,0,0,0,0,0,0,0,0,0,0,0,0,0,0,0	2933,768,9,2,3,5,289,0,767,0,1,4,3,3,28,1,34,20707,3,769,1,0,0,0,0,0,0,0,0,0,0,0,0,0,0,0,0,0,0,0
tb.dut.clusters[0].cluster.sockets[0].socket.icache.caches[0].cache_wrap.genblk3.cache.flush_unit.genblk3[0]	12	1	0	0	0	0	0	1	1385575	1385575	0,0,0,0,0,0,0,0,0,0,0,0,0,0,0,0,0,0,0,0,0,0,0,0,0,0,0,0,0,0,0,0,0,0,0,0,0,0,0,0	0,0,0,0,0,0,0,0,0,0,0,0,0,0,0,0,0,0,0,0,0,0,0,0,0,0,0,0,0,0,0,0,1,0,0,0,0,0,0,0	2	0	0	0	0	1	1385575	1385575	0,0,0,0,0,0,0,0,0,0,0,0,0,0,0,0,0,0,0,0,0,0,0,0,0,0,0,0,0,0,0,0,0,0,0,0,0,0,0,0	0,0,0,0,0,0,0,0,0,0,0,0,0,0,0,0,0,0,0,0,0,0,0,0,0,0,0,0,0,0,0,0,1,0,0,0,0,0,0,0
tb.dut.clusters[0].cluster.sockets[0].socket.icache.caches[0].cache_wrap.genblk3.cache.mem_bus_if	11	1290	42769	40154	40123	40154	2	40124	1345421	8143	40092,31,0,0,0,0,0,0,0,0,0,0,0,0,0,0,0,0,0,0,0,0,0,0,0,0,0,0,0,0,0,0,0,0,0,0,0,0,0,0	76,2,21,5,19195,1,26,10,765,0,3,0,9,1,27,2,34,19172,4,1,769,0,0,0,1,0,0,0,0,0,0,0,0,0,0,0,0,0,0,0	7	14	7	14	2	8	1385561	1375258	0,7,0,0,0,0,0,0,0,0,0,0,0,0,0,0,0,0,0,0,0,0,0,0,0,0,0,0,0,0,0,0,0,0,0,0,0,0,0,0	0,0,0,0,0,0,0,0,0,0,0,0,0,0,0,0,0,0,0,3,2,1,0,0,0,1,0,0,0,0,0,0,1,0,0,0,0,0,0,0
tb.dut.clusters[0].cluster.sockets[0].socket.icache.caches[0].cache_wrap.mem_bus_cache_if	9	1290	42769	40154	40123	40154	2	40124	1345421	8143	40092,31,0,0,0,0,0,0,0,0,0,0,0,0,0,0,0,0,0,0,0,0,0,0,0,0,0,0,0,0,0,0,0,0,0,0,0,0,0,0	76,2,21,5,19195,1,26,10,765,0,3,0,9,1,27,2,34,19172,4,1,769,0,0,0,1,0,0,0,0,0,0,0,0,0,0,0,0,0,0,0	7	14	7	14	2	8	1385561	1375258	0,7,0,0,0,0,0,0,0,0,0,0,0,0,0,0,0,0,0,0,0,0,0,0,0,0,0,0,0,0,0,0,0,0,0,0,0,0,0,0	0,0,0,0,0,0,0,0,0,0,0,0,0,0,0,0,0,0,0,3,2,1,0,0,0,1,0,0,0,0,0,0,1,0,0,0,0,0,0,0
tb.dut.clusters[0].cluster.sockets[0].socket.icache.caches[0].cache_wrap.mem_bus_if	9	1290	42769	40154	40123	40154	2	40124	1345421	8143	40092,31,0,0,0,0,0,0,0,0,0,0,0,0,0,0,0,0,0,0,0,0,0,0,0,0,0,0,0,0,0,0,0,0,0,0,0,0,0,0	76,2,21,5,19195,1,26,10,765,0,3,0,9,1,27,2,34,19172,4,1,769,0,0,0,1,0,0,0,0,0,0,0,0,0,0,0,0,0,0,0	7	14	7	14	2	8	1385561	1375258	0,7,0,0,0,0,0,0,0,0,0,0,0,0,0,0,0,0,0,0,0,0,0,0,0,0,0,0,0,0,0,0,0,0,0,0,0,0,0,0	0,0,0,0,0,0,0,0,0,0,0,0,0,0,0,0,0,0,0,3,2,1,0,0,0,1,0,0,0,0,0,0,1,0,0,0,0,0,0,0
tb.dut.clusters[0].cluster.sockets[0].socket.icache.core_bus_if[0]	7	272	1434566	218544	22914	218544	88	22914	1167031	255	12,797,10,73,256,6,774,19188,766,2,0,0,0,2,0,0,256,769,3,0,0,0,0,0,0,0,0,0,0,0,0,0,0,0,0,0,0,0,0,0	280,5,2,10,2,35,256,766,0,1,6,5,1,28,1,6,33,20704,3,770,0,0,0,0,0,0,0,0,0,0,0,0,0,0,0,0,0,0,0,0	2	192723	26330	192723	70	26330	1192852	275	1619,3681,69,3,5,1,19153,768,0,1,1,0,1,0,0,0,256,771,1,0,0,0,0,0,0,0,0,0,0,0,0,0,0,0,0,0,0,0,0,0	2933,768,9,2,3,5,289,0,767,0,1,4,3,3,28,1,34,20707,3,769,1,0,0,0,0,0,0,0,0,0,0,0,0,0,0,0,0,0,0,0
tb.dut.clusters[0].cluster.sockets[0].socket.icache.genblk2[0]	7	1733	8773218	218546	22915	218546	88	22915	1167029	255	12,798,10,73,256,6,774,19188,766,2,0,0,0,2,0,0,256,769,3,0,0,0,0,0,0,0,0,0,0,0,0,0,0,0,0,0,0,0,0,0	280,6,3,9,2,35,256,767,0,1,5,5,1,28,1,6,33,20704,3,770,0,0,0,0,0,0,0,0,0,0,0,0,0,0,0,0,0,0,0,0	9	192723	26330	192723	70	26330	1192852	275	1619,3681,69,3,5,1,19153,768,0,1,1,0,1,0,0,0,256,771,1,0,0,0,0,0,0,0,0,0,0,0,0,0,0,0,0,0,0,0,0,0	2933,768,9,2,3,5,289,0,767,0,1,4,3,3,28,1,34,20707,3,769,1,0,0,0,0,0,0,0,0,0,0,0,0,0,0,0,0,0,0,0
tb.dut.clusters[0].cluster.sockets[0].socket.icache.genblk2[0].arb_core_bus_tmp_if[0]	8	272	1434566	218544	22914	218544	88	22914	1167031	255	12,797,10,73,256,6,774,19188,766,2,0,0,0,2,0,0,256,769,3,0,0,0,0,0,0,0,0,0,0,0,0,0,0,0,0,0,0,0,0,0	280,5,2,10,2,35,256,766,0,1,6,5,1,28,1,6,33,20704,3,770,0,0,0,0,0,0,0,0,0,0,0,0,0,0,0,0,0,0,0,0	2	192723	26330	192723	70	26330	1192852	275	1619,3681,69,3,5,1,19153,768,0,1,1,0,1,0,0,0,256,771,1,0,0,0,0,0,0,0,0,0,0,0,0,0,0,0,0,0,0,0,0,0	2933,768,9,2,3,5,289,0,767,0,1,4,3,3,28,1,34,20707,3,769,1,0,0,0,0,0,0,0,0,0,0,0,0,0,0,0,0,0,0,0
tb.dut.clusters[0].cluster.sockets[0].socket.icache.genblk2[0].cache_arb	8	1189	5904086	218546	22915	218546	88	22915	1167029	255	12,798,10,73,256,6,774,19188,766,2,0,0,0,2,0,0,256,769,3,0,0,0,0,0,0,0,0,0,0,0,0,0,0,0,0,0,0,0,0,0	280,6,3,9,2,35,256,767,0,1,5,5,1,28,1,6,33,20704,3,770,0,0,0,0,0,0,0,0,0,0,0,0,0,0,0,0,0,0,0,0	6	192723	26330	192723	70	26330	1192852	275	1619,3681,69,3,5,1,19153,768,0,1,1,0,1,0,0,0,256,771,1,0,0,0,0,0,0,0,0,0,0,0,0,0,0,0,0,0,0,0,0,0	2933,768,9,2,3,5,289,0,767,0,1,4,3,3,28,1,34,20707,3,769,1,0,0,0,0,0,0,0,0,0,0,0,0,0,0,0,0,0,0,0
tb.dut.clusters[0].cluster.sockets[0].socket.icache.genblk2[0].cache_arb.bus_in_if[0]	9	272	1434566	218544	22914	218544	88	22914	1167031	255	12,797,10,73,256,6,774,19188,766,2,0,0,0,2,0,0,256,769,3,0,0,0,0,0,0,0,0,0,0,0,0,0,0,0,0,0,0,0,0,0	280,5,2,10,2,35,256,766,0,1,6,5,1,28,1,6,33,20704,3,770,0,0,0,0,0,0,0,0,0,0,0,0,0,0,0,0,0,0,0,0	2	192723	26330	192723	70	26330	1192852	275	1619,3681,69,3,5,1,19153,768,0,1,1,0,1,0,0,0,256,771,1,0,0,0,0,0,0,0,0,0,0,0,0,0,0,0,0,0,0,0,0,0	2933,768,9,2,3,5,289,0,767,0,1,4,3,3,28,1,34,20707,3,769,1,0,0,0,0,0,0,0,0,0,0,0,0,0,0,0,0,0,0,0
tb.dut.clusters[0].cluster.sockets[0].socket.icache.genblk2[0].cache_arb.bus_out_if[0]	9	272	1434566	218544	22914	218544	88	22914	1167031	255	12,797,10,73,256,6,774,19188,766,2,0,0,0,2,0,0,256,769,3,0,0,0,0,0,0,0,0,0,0,0,0,0,0,0,0,0,0,0,0,0	280,5,2,10,2,35,256,766,0,1,6,5,1,28,1,6,33,20704,3,770,0,0,0,0,0,0,0,0,0,0,0,0,0,0,0,0,0,0,0,0	2	192723	26330	192723	70	26330	1192852	275	1619,3681,69,3,5,1,19153,768,0,1,1,0,1,0,0,0,256,771,1,0,0,0,0,0,0,0,0,0,0,0,0,0,0,0,0,0,0,0,0,0	2933,768,9,2,3,5,289,0,767,0,1,4,3,3,28,1,34,20707,3,769,1,0,0,0,0,0,0,0,0,0,0,0,0,0,0,0,0,0,0,0
tb.dut.clusters[0].cluster.sockets[0].socket.icache.genblk2[0].cache_arb.genblk3[0]	9	3	165820	137740	48483	137740	6	48483	1247835	317	19972,1077,778,20255,6146,255,0,0,0,0,0,0,0,0,0,0,0,0,0,0,0,0,0,0,0,0,0,0,0,0,0,0,0,0,0,0,0,0,0,0	25310,295,771,1029,0,3,2,35,0,765,0,1,255,0,4,20,45,19175,3,2,768,0,0,0,0,0,0,0,0,0,0,0,0,0,0,0,0,0,0,0	2	28080	27560	28080	2	27560	1357495	488	27040,520,0,0,0,0,0,0,0,0,0,0,0,0,0,0,0,0,0,0,0,0,0,0,0,0,0,0,0,0,0,0,0,0,0,0,0,0,0,0	82,0,39,260,6914,0,0,16,1,0,2,0,1,0,765,0,276,17666,768,2,768,0,0,0,0,0,0,0,0,0,0,0,0,0,0,0,0,0,0,0
tb.dut.clusters[0].cluster.sockets[0].socket.icache.genblk2[0].core_bus_tmp_if[0]	8	272	1434566	218544	22914	218544	88	22914	1167031	255	12,797,10,73,256,6,774,19188,766,2,0,0,0,2,0,0,256,769,3,0,0,0,0,0,0,0,0,0,0,0,0,0,0,0,0,0,0,0,0,0	280,5,2,10,2,35,256,766,0,1,6,5,1,28,1,6,33,20704,3,770,0,0,0,0,0,0,0,0,0,0,0,0,0,0,0,0,0,0,0,0	2	192723	26330	192723	70	26330	1192852	275	1619,3681,69,3,5,1,19153,768,0,1,1,0,1,0,0,0,256,771,1,0,0,0,0,0,0,0,0,0,0,0,0,0,0,0,0,0,0,0,0,0	2933,768,9,2,3,5,289,0,767,0,1,4,3,3,28,1,34,20707,3,769,1,0,0,0,0,0,0,0,0,0,0,0,0,0,0,0,0,0,0,0
tb.dut.clusters[0].cluster.sockets[0].socket.icache.mem_arb	7	5262	171085	40155	40124	40155	2	40125	1345420	8143	40093,31,0,0,0,0,0,0,0,0,0,0,0,0,0,0,0,0,0,0,0,0,0,0,0,0,0,0,0,0,0,0,0,0,0,0,0,0,0,0	76,2,21,5,19195,1,26,10,765,0,3,0,9,1,28,2,34,19172,4,1,769,0,0,0,1,0,0,0,0,0,0,0,0,0,0,0,0,0,0,0	27	14	7	14	2	8	1385561	1375258	0,7,0,0,0,0,0,0,0,0,0,0,0,0,0,0,0,0,0,0,0,0,0,0,0,0,0,0,0,0,0,0,0,0,0,0,0,0,0,0	0,0,0,0,0,0,0,0,0,0,0,0,0,0,0,0,0,0,0,3,2,1,0,0,0,1,0,0,0,0,0,0,1,0,0,0,0,0,0,0
tb.dut.clusters[0].cluster.sockets[0].socket.icache.mem_arb.bus_in_if[0]	8	1290	42769	40154	40123	40154	2	40124	1345421	8143	40092,31,0,0,0,0,0,0,0,0,0,0,0,0,0,0,0,0,0,0,0,0,0,0,0,0,0,0,0,0,0,0,0,0,0,0,0,0,0,0	76,2,21,5,19195,1,26,10,765,0,3,0,9,1,27,2,34,19172,4,1,769,0,0,0,1,0,0,0,0,0,0,0,0,0,0,0,0,0,0,0	7	14	7	14	2	8	1385561	1375258	0,7,0,0,0,0,0,0,0,0,0,0,0,0,0,0,0,0,0,0,0,0,0,0,0,0,0,0,0,0,0,0,0,0,0,0,0,0,0,0	0,0,0,0,0,0,0,0,0,0,0,0,0,0,0,0,0,0,0,3,2,1,0,0,0,1,0,0,0,0,0,0,1,0,0,0,0,0,0,0
tb.dut.clusters[0].cluster.sockets[0].socket.icache.mem_arb.bus_out_if[0]	8	1290	42769	40154	40123	40154	2	40124	1345421	8143	40092,31,0,0,0,0,0,0,0,0,0,0,0,0,0,0,0,0,0,0,0,0,0,0,0,0,0,0,0,0,0,0,0,0,0,0,0,0,0,0	76,2,21,5,19195,1,26,10,765,0,3,0,9,1,27,2,34,19172,4,1,769,0,0,0,1,0,0,0,0,0,0,0,0,0,0,0,0,0,0,0	7	14	7	14	2	8	1385561	1375258	0,7,0,0,0,0,0,0,0,0,0,0,0,0,0,0,0,0,0,0,0,0,0,0,0,0,0,0,0,0,0,0,0,0,0,0,0,0,0,0	0,0,0,0,0,0,0,0,0,0,0,0,0,0,0,0,0,0,0,3,2,1,0,0,0,1,0,0,0,0,0,0,1,0,0,0,0,0,0,0
tb.dut.clusters[0].cluster.sockets[0].socket.icache.mem_arb.genblk3[0]	8	4	7	7	4	7	2	5	1385568	1375258	1,3,0,0,0,0,0,0,0,0,0,0,0,0,0,0,0,0,0,0,0,0,0,0,0,0,0,0,0,0,0,0,0,0,0,0,0,0,0,0	0,0,0,0,0,0,0,0,0,0,0,0,0,0,0,0,0,0,0,1,0,2,0,0,0,1,0,0,0,0,0,0,1,0,0,0,0,0,0,0	2	0	0	0	0	1	1385575	1385575	0,0,0,0,0,0,0,0,0,0,0,0,0,0,0,0,0,0,0,0,0,0,0,0,0,0,0,0,0,0,0,0,0,0,0,0,0,0,0,0	0,0,0,0,0,0,0,0,0,0,0,0,0,0,0,0,0,0,0,0,0,0,0,0,0,0,0,0,0,0,0,0,1,0,0,0,0,0,0,0
tb.dut.clusters[0].cluster.sockets[0].socket.icache.mem_bus_if	7	1290	42769	40154	40123	40154	2	40124	1345421	8143	40092,31,0,0,0,0,0,0,0,0,0,0,0,0,0,0,0,0,0,0,0,0,0,0,0,0,0,0,0,0,0,0,0,0,0,0,0,0,0,0	76,2,21,5,19195,1,26,10,765,0,3,0,9,1,27,2,34,19172,4,1,769,0,0,0,1,0,0,0,0,0,0,0,0,0,0,0,0,0,0,0	7	14	7	14	2	8	1385561	1375258	0,7,0,0,0,0,0,0,0,0,0,0,0,0,0,0,0,0,0,0,0,0,0,0,0,0,0,0,0,0,0,0,0,0,0,0,0,0,0,0	0,0,0,0,0,0,0,0,0,0,0,0,0,0,0,0,0,0,0,3,2,1,0,0,0,1,0,0,0,0,0,0,1,0,0,0,0,0,0,0
tb.dut.clusters[0].cluster.sockets[0].socket.icache.mem_bus_tmp_if[0]	7	1290	42769	40154	40123	40154	2	40124	1345421	8143	40092,31,0,0,0,0,0,0,0,0,0,0,0,0,0,0,0,0,0,0,0,0,0,0,0,0,0,0,0,0,0,0,0,0,0,0,0,0,0,0	76,2,21,5,19195,1,26,10,765,0,3,0,9,1,27,2,34,19172,4,1,769,0,0,0,1,0,0,0,0,0,0,0,0,0,0,0,0,0,0,0	7	14	7	14	2	8	1385561	1375258	0,7,0,0,0,0,0,0,0,0,0,0,0,0,0,0,0,0,0,0,0,0,0,0,0,0,0,0,0,0,0,0,0,0,0,0,0,0,0,0	0,0,0,0,0,0,0,0,0,0,0,0,0,0,0,0,0,0,0,3,2,1,0,0,0,1,0,0,0,0,0,0,1,0,0,0,0,0,0,0
tb.dut.clusters[0].cluster.sockets[0].socket.icache_mem_bus_if	6	1290	42769	40154	40123	40154	2	40124	1345421	8143	40092,31,0,0,0,0,0,0,0,0,0,0,0,0,0,0,0,0,0,0,0,0,0,0,0,0,0,0,0,0,0,0,0,0,0,0,0,0,0,0	76,2,21,5,19195,1,26,10,765,0,3,0,9,1,27,2,34,19172,4,1,769,0,0,0,1,0,0,0,0,0,0,0,0,0,0,0,0,0,0,0	7	14	7	14	2	8	1385561	1375258	0,7,0,0,0,0,0,0,0,0,0,0,0,0,0,0,0,0,0,0,0,0,0,0,0,0,0,0,0,0,0,0,0,0,0,0,0,0,0,0	0,0,0,0,0,0,0,0,0,0,0,0,0,0,0,0,0,0,0,3,2,1,0,0,0,1,0,0,0,0,0,0,1,0,0,0,0,0,0,0
tb.dut.clusters[0].cluster.sockets[0].socket.l1_mem_arb_bus_if[0]	6	1298	44131	613	30	613	535	31	1384962	1375238	3,9,14,0,3,0,0,0,0,0,0,0,0,0,0,0,0,0,0,0,0,1,0,0,0,0,0,0,0,0,0,0,0,0,0,0,0,0,0,0	2,0,0,0,2,0,0,0,0,0,0,0,1,0,3,0,12,4,1,2,1,1,0,0,1,0,0,0,0,0,0,0,1,0,0,0,0,0,0,0	7	565	21	565	532	22	1385010	1375255	13,4,0,3,0,0,0,0,0,0,0,0,0,0,0,0,0,0,0,0,0,1,0,0,0,0,0,0,0,0,0,0,0,0,0,0,0,0,0,0	0,0,1,0,0,0,0,0,0,0,0,0,0,0,0,3,7,3,1,3,1,1,0,0,1,0,0,0,0,0,0,0,1,0,0,0,0,0,0,0
tb.dut.clusters[0].cluster.sockets[0].socket.l1_mem_bus_if[0]	6	1296	42769	40154	40123	40154	2	40124	1345421	8143	40092,31,0,0,0,0,0,0,0,0,0,0,0,0,0,0,0,0,0,0,0,0,0,0,0,0,0,0,0,0,0,0,0,0,0,0,0,0,0,0	76,2,21,5,19195,1,26,10,765,0,3,0,9,1,27,2,34,19172,4,1,769,0,0,0,1,0,0,0,0,0,0,0,0,0,0,0,0,0,0,0	7	14	7	14	2	8	1385561	1375258	0,7,0,0,0,0,0,0,0,0,0,0,0,0,0,0,0,0,0,0,0,0,0,0,0,0,0,0,0,0,0,0,0,0,0,0,0,0,0,0	0,0,0,0,0,0,0,0,0,0,0,0,0,0,0,0,0,0,0,3,2,1,0,0,0,1,0,0,0,0,0,0,1,0,0,0,0,0,0,0
tb.dut.clusters[0].cluster.sockets[0].socket.l1_mem_bus_if[1]	6	1296	40085	566	18	566	532	19	1385009	1376878	6,8,0,3,0,0,0,0,0,0,0,0,0,0,0,0,0,0,0,0,0,1,0,0,0,0,0,0,0,0,0,0,0,0,0,0,0,0,0,0	4,0,0,0,1,0,0,0,0,0,0,0,0,3,0,0,4,0,5,0,0,0,0,0,1,0,0,0,0,0,0,0,1,0,0,0,0,0,0,0	7	555	10	555	532	11	1385020	1376967	1,5,0,3,0,0,0,0,0,0,0,0,0,0,0,0,0,0,0,0,0,1,0,0,0,0,0,0,0,0,0,0,0,0,0,0,0,0,0,0	0,0,0,0,0,0,0,0,0,0,0,0,0,0,0,1,3,1,4,0,0,0,0,0,1,0,0,0,0,0,0,0,1,0,0,0,0,0,0,0
tb.dut.clusters[0].cluster.sockets[0].socket.mem_arb	6	7731	255306	40740	40116	40740	536	40116	1344835	7634	40071,18,13,10,0,3,0,0,0,0,0,0,0,0,0,0,0,0,0,0,0,1,0,0,0,0,0,0,0,0,0,0,0,0,0,0,0,0,0,0	81,2,20,2,19184,0,26,10,765,0,3,1,9,5,30,2,27,19173,5,2,768,0,0,0,1,0,0,0,0,0,0,0,0,0,0,0,0,0,0,0	39	586	21	586	533	22	1384989	1375252	6,1,10,0,3,0,0,0,0,0,0,0,0,0,0,0,0,0,0,0,0,1,0,0,0,0,0,0,0,0,0,0,0,0,0,0,0,0,0,0	0,0,1,0,0,0,0,0,0,0,0,0,0,0,0,4,6,3,1,3,1,1,0,0,1,0,0,0,0,0,0,0,1,0,0,0,0,0,0,0
tb.dut.clusters[0].cluster.sockets[0].socket.mem_arb.bus_in_if[0]	7	1296	42769	40154	40123	40154	2	40124	1345421	8143	40092,31,0,0,0,0,0,0,0,0,0,0,0,0,0,0,0,0,0,0,0,0,0,0,0,0,0,0,0,0,0,0,0,0,0,0,0,0,0,0	76,2,21,5,19195,1,26,10,765,0,3,0,9,1,27,2,34,19172,4,1,769,0,0,0,1,0,0,0,0,0,0,0,0,0,0,0,0,0,0,0	7	14	7	14	2	8	1385561	1375258	0,7,0,0,0,0,0,0,0,0,0,0,0,0,0,0,0,0,0,0,0,0,0,0,0,0,0,0,0,0,0,0,0,0,0,0,0,0,0,0	0,0,0,0,0,0,0,0,0,0,0,0,0,0,0,0,0,0,0,3,2,1,0,0,0,1,0,0,0,0,0,0,1,0,0,0,0,0,0,0
tb.dut.clusters[0].cluster.sockets[0].socket.mem_arb.bus_in_if[1]	7	1296	40085	566	18	566	532	19	1385009	1376878	6,8,0,3,0,0,0,0,0,0,0,0,0,0,0,0,0,0,0,0,0,1,0,0,0,0,0,0,0,0,0,0,0,0,0,0,0,0,0,0	4,0,0,0,1,0,0,0,0,0,0,0,0,3,0,0,4,0,5,0,0,0,0,0,1,0,0,0,0,0,0,0,1,0,0,0,0,0,0,0	7	555	10	555	532	11	1385020	1376967	1,5,0,3,0,0,0,0,0,0,0,0,0,0,0,0,0,0,0,0,0,1,0,0,0,0,0,0,0,0,0,0,0,0,0,0,0,0,0,0	0,0,0,0,0,0,0,0,0,0,0,0,0,0,0,1,3,1,4,0,0,0,0,0,1,0,0,0,0,0,0,0,1,0,0,0,0,0,0,0
tb.dut.clusters[0].cluster.sockets[0].socket.mem_arb.bus_out_if[0]	7	1298	44131	613	30	613	535	31	1384962	1375238	3,9,14,0,3,0,0,0,0,0,0,0,0,0,0,0,0,0,0,0,0,1,0,0,0,0,0,0,0,0,0,0,0,0,0,0,0,0,0,0	2,0,0,0,2,0,0,0,0,0,0,0,1,0,3,0,12,4,1,2,1,1,0,0,1,0,0,0,0,0,0,0,1,0,0,0,0,0,0,0	7	565	21	565	532	22	1385010	1375255	13,4,0,3,0,0,0,0,0,0,0,0,0,0,0,0,0,0,0,0,0,1,0,0,0,0,0,0,0,0,0,0,0,0,0,0,0,0,0,0	0,0,1,0,0,0,0,0,0,0,0,0,0,0,0,3,7,3,1,3,1,1,0,0,1,0,0,0,0,0,0,0,1,0,0,0,0,0,0,0
tb.dut.clusters[0].cluster.sockets[0].socket.mem_arb.genblk3[0]	7	7	667	533	9	533	515	10	1385042	1376175	1,4,3,0,0,0,0,0,0,0,0,0,0,0,0,0,0,0,0,0,0,1,0,0,0,0,0,0,0,0,0,0,0,0,0,0,0,0,0,0	0,0,0,0,2,0,0,0,0,0,0,0,0,0,0,0,0,1,2,2,0,1,0,0,1,0,0,0,0,0,0,0,1,0,0,0,0,0,0,0	2	132	129	132	3	130	1385443	1376970	127,1,1,0,0,0,0,0,0,0,0,0,0,0,0,0,0,0,0,0,0,0,0,0,0,0,0,0,0,0,0,0,0,0,0,0,0,0,0,0	1,1,126,0,0,0,0,0,0,0,0,0,0,0,0,0,0,0,0,0,0,0,0,0,1,0,0,0,0,0,0,0,1,0,0,0,0,0,0,0
tb.dut.clusters[0].cluster.sockets[0].socket.mem_arb.genblk4	7	8	674	533	9	533	515	10	1385042	1376175	1,4,3,0,0,0,0,0,0,0,0,0,0,0,0,0,0,0,0,0,0,1,0,0,0,0,0,0,0,0,0,0,0,0,0,0,0,0,0,0	0,0,0,0,2,0,0,0,0,0,0,0,0,0,0,0,0,1,2,2,0,1,0,0,1,0,0,0,0,0,0,0,1,0,0,0,0,0,0,0	2	135	128	135	5	129	1385440	1376988	125,1,1,0,1,0,0,0,0,0,0,0,0,0,0,0,0,0,0,0,0,0,0,0,0,0,0,0,0,0,0,0,0,0,0,0,0,0,0,0	0,1,126,0,0,0,0,0,0,0,0,0,0,0,0,0,0,0,0,0,0,0,0,0,1,0,0,0,0,0,0,0,1,0,0,0,0,0,0,0
tb.dut.clusters[0].cluster.sockets[0].socket.mem_arb.genblk4.genblk1[0]	8	7	667	533	9	533	515	10	1385042	1376175	1,4,3,0,0,0,0,0,0,0,0,0,0,0,0,0,0,0,0,0,0,1,0,0,0,0,0,0,0,0,0,0,0,0,0,0,0,0,0,0	0,0,0,0,2,0,0,0,0,0,0,0,0,0,0,0,0,1,2,2,0,1,0,0,1,0,0,0,0,0,0,0,1,0,0,0,0,0,0,0	2	132	129	132	3	130	1385443	1376990	127,1,1,0,0,0,0,0,0,0,0,0,0,0,0,0,0,0,0,0,0,0,0,0,0,0,0,0,0,0,0,0,0,0,0,0,0,0,0,0	1,1,126,0,0,0,0,0,0,0,0,0,0,0,0,0,0,0,0,0,0,0,0,0,1,0,0,0,0,0,0,0,1,0,0,0,0,0,0,0
tb.dut.clusters[0].cluster.sockets[0].socket.mem_bus_if	6	1298	44131	613	30	613	535	31	1384962	1375238	3,9,14,0,3,0,0,0,0,0,0,0,0,0,0,0,0,0,0,0,0,1,0,0,0,0,0,0,0,0,0,0,0,0,0,0,0,0,0,0	2,0,0,0,2,0,0,0,0,0,0,0,1,0,3,0,12,4,1,2,1,1,0,0,1,0,0,0,0,0,0,0,1,0,0,0,0,0,0,0	7	565	21	565	532	22	1385010	1375255	13,4,0,3,0,0,0,0,0,0,0,0,0,0,0,0,0,0,0,0,0,1,0,0,0,0,0,0,0,0,0,0,0,0,0,0,0,0,0,0	0,0,1,0,0,0,0,0,0,0,0,0,0,0,0,3,7,3,1,3,1,1,0,0,1,0,0,0,0,0,0,0,1,0,0,0,0,0,0,0
tb.dut.clusters[0].cluster.sockets[0].socket.per_core_dcache_bus_if[0]	6	474	5666	574	22	574	533	23	1385001	1376873	10,8,0,0,3,0,0,0,0,0,0,0,0,0,0,0,0,0,0,0,0,1,0,0,0,0,0,0,0,0,0,0,0,0,0,0,0,0,0,0	0,4,4,3,1,0,0,0,0,0,0,0,0,0,0,0,4,0,5,0,0,0,0,0,1,0,0,0,0,0,0,0,1,0,0,0,0,0,0,0	3	278	276	278	2	277	1385297	1376962	274,2,0,0,0,0,0,0,0,0,0,0,0,0,0,0,0,0,0,0,0,0,0,0,0,0,0,0,0,0,0,0,0,0,0,0,0,0,0,0	264,0,4,3,0,0,0,0,0,0,0,0,0,0,0,0,0,0,4,0,0,0,0,0,1,0,0,0,0,0,0,0,1,0,0,0,0,0,0,0
tb.dut.clusters[0].cluster.sockets[0].socket.per_core_icache_bus_if[0]	6	272	1434566	218544	22914	218544	88	22914	1167031	255	12,797,10,73,256,6,774,19188,766,2,0,0,0,2,0,0,256,769,3,0,0,0,0,0,0,0,0,0,0,0,0,0,0,0,0,0,0,0,0,0	280,5,2,10,2,35,256,766,0,1,6,5,1,28,1,6,33,20704,3,770,0,0,0,0,0,0,0,0,0,0,0,0,0,0,0,0,0,0,0,0	2	192723	26330	192723	70	26330	1192852	275	1619,3681,69,3,5,1,19153,768,0,1,1,0,1,0,0,0,256,771,1,0,0,0,0,0,0,0,0,0,0,0,0,0,0,0,0,0,0,0,0,0	2933,768,9,2,3,5,289,0,767,0,1,4,3,3,28,1,34,20707,3,769,1,0,0,0,0,0,0,0,0,0,0,0,0,0,0,0,0,0,0,0
tb.dut.clusters[0].cluster_dcr_bus_if	3	45	25	10	1	10	10	2	1385565	1385556	0,0,0,0,0,0,0,0,0,1,0,0,0,0,0,0,0,0,0,0,0,0,0,0,0,0,0,0,0,0,0,0,0,0,0,0,0,0,0,0	0,0,0,0,0,0,0,0,1,0,0,0,0,0,0,0,0,0,0,0,0,0,0,0,0,0,0,0,0,0,0,0,1,0,0,0,0,0,0,0	2	7	3	7	4	4	1385568	1385557	1,1,0,1,0,0,0,0,0,0,0,0,0,0,0,0,0,0,0,0,0,0,0,0,0,0,0,0,0,0,0,0,0,0,0,0,0,0,0,0	2,0,0,0,0,0,0,0,1,0,0,0,0,0,0,0,0,0,0,0,0,0,0,0,0,0,0,0,0,0,0,0,1,0,0,0,0,0,0,0
tb.dut.dcr_bus_if	2	45	25	10	1	10	10	2	1385565	1385556	0,0,0,0,0,0,0,0,0,1,0,0,0,0,0,0,0,0,0,0,0,0,0,0,0,0,0,0,0,0,0,0,0,0,0,0,0,0,0,0	0,0,0,0,0,0,0,0,1,0,0,0,0,0,0,0,0,0,0,0,0,0,0,0,0,0,0,0,0,0,0,0,1,0,0,0,0,0,0,0	2	7	3	7	4	4	1385568	1385557	1,1,0,1,0,0,0,0,0,0,0,0,0,0,0,0,0,0,0,0,0,0,0,0,0,0,0,0,0,0,0,0,0,0,0,0,0,0,0,0	2,0,0,0,0,0,0,0,1,0,0,0,0,0,0,0,0,0,0,0,0,0,0,0,0,0,0,0,0,0,0,0,1,0,0,0,0,0,0,0
tb.dut.l3cache	2	14165	381956	615	31	615	535	31	1384960	1375238	3,10,14,0,3,0,0,0,0,0,0,0,0,0,0,0,0,0,0,0,0,1,0,0,0,0,0,0,0,0,0,0,0,0,0,0,0,0,0,0	0,1,0,0,2,0,0,0,0,0,0,0,1,0,4,0,12,4,1,2,1,1,0,0,1,0,0,0,0,0,0,0,1,0,0,0,0,0,0,0	71	565	21	565	532	22	1385010	1375255	13,4,0,3,0,0,0,0,0,0,0,0,0,0,0,0,0,0,0,0,0,1,0,0,0,0,0,0,0,0,0,0,0,0,0,0,0,0,0,0	0,0,1,0,0,0,0,0,0,0,0,0,0,0,0,3,7,3,1,3,1,1,0,0,1,0,0,0,0,0,0,0,1,0,0,0,0,0,0,0
tb.dut.l3cache.core_bus_cache_if[0]	3	1298	38804	583	24	583	532	25	1384992	1375238	1,19,0,3,0,0,0,0,0,0,0,0,0,0,0,0,0,0,0,0,0,1,0,0,0,0,0,0,0,0,0,0,0,0,0,0,0,0,0,0	0,0,1,0,0,0,0,0,0,0,0,0,0,1,0,0,12,0,5,2,1,1,0,0,1,0,0,0,0,0,0,0,1,0,0,0,0,0,0,0	7	552	10	552	312	11	1385023	1376964	1,4,0,3,0,0,0,0,0,0,0,0,0,0,0,0,0,0,0,1,1,0,0,0,0,0,0,0,0,0,0,0,0,0,0,0,0,0,0,0	1,0,1,0,0,0,0,0,0,0,0,0,0,0,0,0,0,3,4,0,0,0,0,0,1,0,0,0,0,0,0,0,1,0,0,0,0,0,0,0
tb.dut.l3cache.core_bus_if[0]	3	1298	44152	612	29	612	535	30	1384963	1375238	2,9,14,0,3,0,0,0,0,0,0,0,0,0,0,0,0,0,0,0,0,1,0,0,0,0,0,0,0,0,0,0,0,0,0,0,0,0,0,0	0,0,1,0,2,0,0,0,0,0,0,0,1,0,3,0,12,4,1,2,1,1,0,0,1,0,0,0,0,0,0,0,1,0,0,0,0,0,0,0	7	565	21	565	532	22	1385010	1375255	13,4,0,3,0,0,0,0,0,0,0,0,0,0,0,0,0,0,0,0,0,1,0,0,0,0,0,0,0,0,0,0,0,0,0,0,0,0,0,0	0,0,1,0,0,0,0,0,0,0,0,0,0,0,0,3,7,3,1,3,1,1,0,0,1,0,0,0,0,0,0,0,1,0,0,0,0,0,0,0
tb.dut.l3cache.genblk2	3	8274	254284	614	31	614	535	31	1384961	1375238	4,9,14,0,3,0,0,0,0,0,0,0,0,0,0,0,0,0,0,0,0,1,0,0,0,0,0,0,0,0,0,0,0,0,0,0,0,0,0,0	0,1,0,0,2,0,0,0,0,0,0,0,1,0,3,1,12,4,1,2,1,1,0,0,1,0,0,0,0,0,0,0,1,0,0,0,0,0,0,0	42	565	21	565	532	22	1385010	1375255	13,4,0,3,0,0,0,0,0,0,0,0,0,0,0,0,0,0,0,0,0,1,0,0,0,0,0,0,0,0,0,0,0,0,0,0,0,0,0,0	0,0,1,0,0,0,0,0,0,0,0,0,0,0,0,3,7,3,1,3,1,1,0,0,1,0,0,0,0,0,0,0,1,0,0,0,0,0,0,0
tb.dut.l3cache.genblk2.cache_bypass	4	8273	254282	614	31	614	535	31	1384961	1375238	4,9,14,0,3,0,0,0,0,0,0,0,0,0,0,0,0,0,0,0,0,1,0,0,0,0,0,0,0,0,0,0,0,0,0,0,0,0,0,0	0,1,0,0,2,0,0,0,0,0,0,0,1,0,3,1,12,4,1,2,1,1,0,0,1,0,0,0,0,0,0,0,1,0,0,0,0,0,0,0	42	565	21	565	532	22	1385010	1375255	13,4,0,3,0,0,0,0,0,0,0,0,0,0,0,0,0,0,0,0,0,1,0,0,0,0,0,0,0,0,0,0,0,0,0,0,0,0,0,0	0,0,1,0,0,0,0,0,0,0,0,0,0,0,0,3,7,3,1,3,1,1,0,0,1,0,0,0,0,0,0,0,1,0,0,0,0,0,0,0
tb.dut.l3cache.genblk2.cache_bypass.core_bus_in_if[0]	5	1298	44152	612	29	612	535	30	1384963	1375238	2,9,14,0,3,0,0,0,0,0,0,0,0,0,0,0,0,0,0,0,0,1,0,0,0,0,0,0,0,0,0,0,0,0,0,0,0,0,0,0	0,0,1,0,2,0,0,0,0,0,0,0,1,0,3,0,12,4,1,2,1,1,0,0,1,0,0,0,0,0,0,0,1,0,0,0,0,0,0,0	7	565	21	565	532	22	1385010	1375255	13,4,0,3,0,0,0,0,0,0,0,0,0,0,0,0,0,0,0,0,0,1,0,0,0,0,0,0,0,0,0,0,0,0,0,0,0,0,0,0	0,0,1,0,0,0,0,0,0,0,0,0,0,0,0,3,7,3,1,3,1,1,0,0,1,0,0,0,0,0,0,0,1,0,0,0,0,0,0,0
tb.dut.l3cache.genblk2.cache_bypass.core_bus_out_if[0]	5	1298	38804	583	24	583	532	25	1384992	1375238	1,19,0,3,0,0,0,0,0,0,0,0,0,0,0,0,0,0,0,0,0,1,0,0,0,0,0,0,0,0,0,0,0,0,0,0,0,0,0,0	0,0,1,0,0,0,0,0,0,0,0,0,0,1,0,0,12,0,5,2,1,1,0,0,1,0,0,0,0,0,0,0,1,0,0,0,0,0,0,0	7	552	10	552	312	11	1385023	1376964	1,4,0,3,0,0,0,0,0,0,0,0,0,0,0,0,0,0,0,1,1,0,0,0,0,0,0,0,0,0,0,0,0,0,0,0,0,0,0,0	1,0,1,0,0,0,0,0,0,0,0,0,0,0,0,0,0,3,4,0,0,0,0,0,1,0,0,0,0,0,0,0,1,0,0,0,0,0,0,0
tb.dut.l3cache.genblk2.cache_bypass.mem_bus_in_if	5	1290	562	562	15	562	293	16	1385013	1375258	0,10,0,3,0,0,0,0,0,0,0,0,0,0,0,0,0,0,0,1,1,0,0,0,0,0,0,0,0,0,0,0,0,0,0,0,0,0,0,0	0,1,0,0,0,0,0,0,0,0,0,0,0,1,0,0,0,3,4,3,1,1,0,0,1,0,0,0,0,0,0,0,1,0,0,0,0,0,0,0	7	0	0	0	0	1	1385575	1385575	0,0,0,0,0,0,0,0,0,0,0,0,0,0,0,0,0,0,0,0,0,0,0,0,0,0,0,0,0,0,0,0,0,0,0,0,0,0,0,0	0,0,0,0,0,0,0,0,0,0,0,0,0,0,0,0,0,0,0,0,0,0,0,0,0,0,0,0,0,0,0,0,1,0,0,0,0,0,0,0
tb.dut.l3cache.genblk2.cache_bypass.mem_bus_out_if	5	1298	44152	612	29	612	535	30	1384963	1375238	2,9,14,0,3,0,0,0,0,0,0,0,0,0,0,0,0,0,0,0,0,1,0,0,0,0,0,0,0,0,0,0,0,0,0,0,0,0,0,0	0,0,1,0,2,0,0,0,0,0,0,0,1,0,3,0,12,4,1,2,1,1,0,0,1,0,0,0,0,0,0,0,1,0,0,0,0,0,0,0	7	565	21	565	532	22	1385010	1375255	13,4,0,3,0,0,0,0,0,0,0,0,0,0,0,0,0,0,0,0,0,1,0,0,0,0,0,0,0,0,0,0,0,0,0,0,0,0,0,0	0,0,1,0,0,0,0,0,0,0,0,0,0,0,0,3,7,3,1,3,1,1,0,0,1,0,0,0,0,0,0,0,1,0,0,0,0,0,0,0
tb.dut.l3cache.mem_bus_cache_if	3	1290	562	562	15	562	293	16	1385013	1375258	0,10,0,3,0,0,0,0,0,0,0,0,0,0,0,0,0,0,0,1,1,0,0,0,0,0,0,0,0,0,0,0,0,0,0,0,0,0,0,0	0,1,0,0,0,0,0,0,0,0,0,0,0,1,0,0,0,3,4,3,1,1,0,0,1,0,0,0,0,0,0,0,1,0,0,0,0,0,0,0	7	0	0	0	0	1	1385575	1385575	0,0,0,0,0,0,0,0,0,0,0,0,0,0,0,0,0,0,0,0,0,0,0,0,0,0,0,0,0,0,0,0,0,0,0,0,0,0,0,0	0,0,0,0,0,0,0,0,0,0,0,0,0,0,0,0,0,0,0,0,0,0,0,0,0,0,0,0,0,0,0,0,1,0,0,0,0,0,0,0
tb.dut.l3cache.mem_bus_if	3	1298	44152	612	29	612	535	30	1384963	1375238	2,9,14,0,3,0,0,0,0,0,0,0,0,0,0,0,0,0,0,0,0,1,0,0,0,0,0,0,0,0,0,0,0,0,0,0,0,0,0,0	0,0,1,0,2,0,0,0,0,0,0,0,1,0,3,0,12,4,1,2,1,1,0,0,1,0,0,0,0,0,0,0,1,0,0,0,0,0,0,0	7	565	21	565	532	22	1385010	1375255	13,4,0,3,0,0,0,0,0,0,0,0,0,0,0,0,0,0,0,0,0,1,0,0,0,0,0,0,0,0,0,0,0,0,0,0,0,0,0,0	0,0,1,0,0,0,0,0,0,0,0,0,0,0,0,3,7,3,1,3,1,1,0,0,1,0,0,0,0,0,0,0,1,0,0,0,0,0,0,0
tb.dut.mem_bus_if	2	1298	44152	612	29	612	535	30	1384963	1375238	2,9,14,0,3,0,0,0,0,0,0,0,0,0,0,0,0,0,0,0,0,1,0,0,0,0,0,0,0,0,0,0,0,0,0,0,0,0,0,0	0,0,1,0,2,0,0,0,0,0,0,0,1,0,3,0,12,4,1,2,1,1,0,0,1,0,0,0,0,0,0,0,1,0,0,0,0,0,0,0	7	565	21	565	532	22	1385010	1375255	13,4,0,3,0,0,0,0,0,0,0,0,0,0,0,0,0,0,0,0,0,1,0,0,0,0,0,0,0,0,0,0,0,0,0,0,0,0,0,0	0,0,1,0,0,0,0,0,0,0,0,0,0,0,0,3,7,3,1,3,1,1,0,0,1,0,0,0,0,0,0,0,1,0,0,0,0,0,0,0
tb.dut.per_cluster_mem_bus_if[0]	2	1298	44152	612	29	612	535	30	1384963	1375238	2,9,14,0,3,0,0,0,0,0,0,0,0,0,0,0,0,0,0,0,0,1,0,0,0,0,0,0,0,0,0,0,0,0,0,0,0,0,0,0	0,0,1,0,2,0,0,0,0,0,0,0,1,0,3,0,12,4,1,2,1,1,0,0,1,0,0,0,0,0,0,0,1,0,0,0,0,0,0,0	7	565	21	565	532	22	1385010	1375255	13,4,0,3,0,0,0,0,0,0,0,0,0,0,0,0,0,0,0,0,0,1,0,0,0,0,0,0,0,0,0,0,0,0,0,0,0,0,0,0	0,0,1,0,0,0,0,0,0,0,0,0,0,0,0,3,7,3,1,3,1,1,0,0,1,0,0,0,0,0,0,0,1,0,0,0,0,0,0,0
tb.mem_rsp[0]	1	1044	8448	556	16	556	516	17	1385019	1375258	1,6,5,3,0,0,0,0,0,0,0,0,0,0,0,0,0,0,0,0,0,1,0,0,0,0,0,0,0,0,0,0,0,0,0,0,0,0,0,0	0,0,0,2,0,0,0,0,0,0,0,0,1,0,0,0,0,3,4,3,1,1,0,0,1,0,0,0,0,0,0,0,1,0,0,0,0,0,0,0	6	17	15	17	3	16	1385558	1375259	14,0,1,0,0,0,0,0,0,0,0,0,0,0,0,0,0,0,0,0,0,0,0,0,0,0,0,0,0,0,0,0,0,0,0,0,0,0,0,0	0,0,0,0,0,0,0,0,0,0,0,0,0,0,1,0,0,3,3,3,3,1,0,0,1,0,0,0,0,0,0,0,1,0,0,0,0,0,0,0
tb.mem_rsp[10]	1	1044	8448	564	16	564	516	17	1385011	1375257	0,1,10,4,0,0,0,0,0,0,0,0,0,0,0,0,0,0,0,0,0,1,0,0,0,0,0,0,0,0,0,0,0,0,0,0,0,0,0,0	0,0,0,2,0,0,0,0,0,0,0,0,1,0,0,0,0,3,4,3,1,1,0,0,1,0,0,0,0,0,0,0,1,0,0,0,0,0,0,0	6	32	15	32	4	16	1385543	1375258	0,14,0,1,0,0,0,0,0,0,0,0,0,0,0,0,0,0,0,0,0,0,0,0,0,0,0,0,0,0,0,0,0,0,0,0,0,0,0,0	0,0,0,0,0,0,0,0,0,0,0,0,0,1,0,0,0,3,3,3,3,1,0,0,1,0,0,0,0,0,0,0,1,0,0,0,0,0,0,0
tb.mem_rsp[11]	1	1044	8448	564	16	564	516	17	1385011	1375257	0,1,10,4,0,0,0,0,0,0,0,0,0,0,0,0,0,0,0,0,0,1,0,0,0,0,0,0,0,0,0,0,0,0,0,0,0,0,0,0	0,0,0,2,0,0,0,0,0,0,0,0,1,0,0,0,0,3,4,3,1,1,0,0,1,0,0,0,0,0,0,0,1,0,0,0,0,0,0,0	6	32	15	32	4	16	1385543	1375258	0,14,0,1,0,0,0,0,0,0,0,0,0,0,0,0,0,0,0,0,0,0,0,0,0,0,0,0,0,0,0,0,0,0,0,0,0,0,0,0	0,0,0,0,0,0,0,0,0,0,0,0,0,1,0,0,0,3,3,3,3,1,0,0,1,0,0,0,0,0,0,0,1,0,0,0,0,0,0,0
tb.mem_rsp[12]	1	1044	8448	564	16	564	516	17	1385011	1375257	0,1,10,4,0,0,0,0,0,0,0,0,0,0,0,0,0,0,0,0,0,1,0,0,0,0,0,0,0,0,0,0,0,0,0,0,0,0,0,0	0,0,0,2,0,0,0,0,0,0,0,0,1,0,0,0,0,3,4,3,1,1,0,0,1,0,0,0,0,0,0,0,1,0,0,0,0,0,0,0	6	32	15	32	4	16	1385543	1375258	0,14,0,1,0,0,0,0,0,0,0,0,0,0,0,0,0,0,0,0,0,0,0,0,0,0,0,0,0,0,0,0,0,0,0,0,0,0,0,0	0,0,0,0,0,0,0,0,0,0,0,0,0,1,0,0,0,3,3,3,3,1,0,0,1,0,0,0,0,0,0,0,1,0,0,0,0,0,0,0
tb.mem_rsp[13]	1	1044	8448	564	16	564	516	17	1385011	1375257	0,1,10,4,0,0,0,0,0,0,0,0,0,0,0,0,0,0,0,0,0,1,0,0,0,0,0,0,0,0,0,0,0,0,0,0,0,0,0,0	0,0,0,2,0,0,0,0,0,0,0,0,1,0,0,0,0,3,4,3,1,1,0,0,1,0,0,0,0,0,0,0,1,0,0,0,0,0,0,0	6	32	15	32	4	16	1385543	1375258	0,14,0,1,0,0,0,0,0,0,0,0,0,0,0,0,0,0,0,0,0,0,0,0,0,0,0,0,0,0,0,0,0,0,0,0,0,0,0,0	0,0,0,0,0,0,0,0,0,0,0,0,0,1,0,0,0,3,3,3,3,1,0,0,1,0,0,0,0,0,0,0,1,0,0,0,0,0,0,0
tb.mem_rsp[14]	1	1044	8448	564	16	564	516	17	1385011	1375257	0,1,10,4,0,0,0,0,0,0,0,0,0,0,0,0,0,0,0,0,0,1,0,0,0,0,0,0,0,0,0,0,0,0,0,0,0,0,0,0	0,0,0,2,0,0,0,0,0,0,0,0,1,0,0,0,0,3,4,3,1,1,0,0,1,0,0,0,0,0,0,0,1,0,0,0,0,0,0,0	6	32	15	32	4	16	1385543	1375258	0,14,0,1,0,0,0,0,0,0,0,0,0,0,0,0,0,0,0,0,0,0,0,0,0,0,0,0,0,0,0,0,0,0,0,0,0,0,0,0	0,0,0,0,0,0,0,0,0,0,0,0,0,1,0,0,0,3,3,3,3,1,0,0,1,0,0,0,0,0,0,0,1,0,0,0,0,0,0,0
tb.mem_rsp[15]	1	1044	8448	564	16	564	516	17	1385011	1375257	0,1,10,4,0,0,0,0,0,0,0,0,0,0,0,0,0,0,0,0,0,1,0,0,0,0,0,0,0,0,0,0,0,0,0,0,0,0,0,0	0,0,0,2,0,0,0,0,0,0,0,0,1,0,0,0,0,3,4,3,1,1,0,0,1,0,0,0,0,0,0,0,1,0,0,0,0,0,0,0	6	32	15	32	4	16	1385543	1375258	0,14,0,1,0,0,0,0,0,0,0,0,0,0,0,0,0,0,0,0,0,0,0,0,0,0,0,0,0,0,0,0,0,0,0,0,0,0,0,0	0,0,0,0,0,0,0,0,0,0,0,0,0,1,0,0,0,3,3,3,3,1,0,0,1,0,0,0,0,0,0,0,1,0,0,0,0,0,0,0
tb.mem_rsp[16]	1	1044	8448	564	16	564	516	17	1385011	1375257	0,1,10,4,0,0,0,0,0,0,0,0,0,0,0,0,0,0,0,0,0,1,0,0,0,0,0,0,0,0,0,0,0,0,0,0,0,0,0,0	0,0,0,2,0,0,0,0,0,0,0,0,1,0,0,0,0,3,4,3,1,1,0,0,1,0,0,0,0,0,0,0,1,0,0,0,0,0,0,0	6	32	15	32	4	16	1385543	1375258	0,14,0,1,0,0,0,0,0,0,0,0,0,0,0,0,0,0,0,0,0,0,0,0,0,0,0,0,0,0,0,0,0,0,0,0,0,0,0,0	0,0,0,0,0,0,0,0,0,0,0,0,0,1,0,0,0,3,3,3,3,1,0,0,1,0,0,0,0,0,0,0,1,0,0,0,0,0,0,0
tb.mem_rsp[17]	1	1044	8448	564	16	564	516	17	1385011	1375257	0,1,10,4,0,0,0,0,0,0,0,0,0,0,0,0,0,0,0,0,0,1,0,0,0,0,0,0,0,0,0,0,0,0,0,0,0,0,0,0	0,0,0,2,0,0,0,0,0,0,0,0,1,0,0,0,0,3,4,3,1,1,0,0,1,0,0,0,0,0,0,0,1,0,0,0,0,0,0,0	6	32	15	32	4	16	1385543	1375258	0,14,0,1,0,0,0,0,0,0,0,0,0,0,0,0,0,0,0,0,0,0,0,0,0,0,0,0,0,0,0,0,0,0,0,0,0,0,0,0	0,0,0,0,0,0,0,0,0,0,0,0,0,1,0,0,0,3,3,3,3,1,0,0,1,0,0,0,0,0,0,0,1,0,0,0,0,0,0,0
tb.mem_rsp[18]	1	1044	8448	564	16	564	516	17	1385011	1375257	0,1,10,4,0,0,0,0,0,0,0,0,0,0,0,0,0,0,0,0,0,1,0,0,0,0,0,0,0,0,0,0,0,0,0,0,0,0,0,0	0,0,0,2,0,0,0,0,0,0,0,0,1,0,0,0,0,3,4,3,1,1,0,0,1,0,0,0,0,0,0,0,1,0,0,0,0,0,0,0	6	32	15	32	4	16	1385543	1375258	0,14,0,1,0,0,0,0,0,0,0,0,0,0,0,0,0,0,0,0,0,0,0,0,0,0,0,0,0,0,0,0,0,0,0,0,0,0,0,0	0,0,0,0,0,0,0,0,0,0,0,0,0,1,0,0,0,3,3,3,3,1,0,0,1,0,0,0,0,0,0,0,1,0,0,0,0,0,0,0
tb.mem_rsp[19]	1	1044	8448	564	16	564	516	17	1385011	1375257	0,1,10,4,0,0,0,0,0,0,0,0,0,0,0,0,0,0,0,0,0,1,0,0,0,0,0,0,0,0,0,0,0,0,0,0,0,0,0,0	0,0,0,2,0,0,0,0,0,0,0,0,1,0,0,0,0,3,4,3,1,1,0,0,1,0,0,0,0,0,0,0,1,0,0,0,0,0,0,0	6	32	15	32	4	16	1385543	1375258	0,14,0,1,0,0,0,0,0,0,0,0,0,0,0,0,0,0,0,0,0,0,0,0,0,0,0,0,0,0,0,0,0,0,0,0,0,0,0,0	0,0,0,0,0,0,0,0,0,0,0,0,0,1,0,0,0,3,3,3,3,1,0,0,1,0,0,0,0,0,0,0,1,0,0,0,0,0,0,0
tb.mem_rsp[1]	1	1044	8448	564	16	564	516	17	1385011	1375257	0,1,10,4,0,0,0,0,0,0,0,0,0,0,0,0,0,0,0,0,0,1,0,0,0,0,0,0,0,0,0,0,0,0,0,0,0,0,0,0	0,0,0,2,0,0,0,0,0,0,0,0,1,0,0,0,0,3,4,3,1,1,0,0,1,0,0,0,0,0,0,0,1,0,0,0,0,0,0,0	6	32	15	32	4	16	1385543	1375258	0,14,0,1,0,0,0,0,0,0,0,0,0,0,0,0,0,0,0,0,0,0,0,0,0,0,0,0,0,0,0,0,0,0,0,0,0,0,0,0	0,0,0,0,0,0,0,0,0,0,0,0,0,1,0,0,0,3,3,3,3,1,0,0,1,0,0,0,0,0,0,0,1,0,0,0,0,0,0,0
tb.mem_rsp[2]	1	1044	8448	564	16	564	516	17	1385011	1375257	0,1,10,4,0,0,0,0,0,0,0,0,0,0,0,0,0,0,0,0,0,1,0,0,0,0,0,0,0,0,0,0,0,0,0,0,0,0,0,0	0,0,0,2,0,0,0,0,0,0,0,0,1,0,0,0,0,3,4,3,1,1,0,0,1,0,0,0,0,0,0,0,1,0,0,0,0,0,0,0	6	32	15	32	4	16	1385543	1375258	0,14,0,1,0,0,0,0,0,0,0,0,0,0,0,0,0,0,0,0,0,0,0,0,0,0,0,0,0,0,0,0,0,0,0,0,0,0,0,0	0,0,0,0,0,0,0,0,0,0,0,0,0,1,0,0,0,3,3,3,3,1,0,0,1,0,0,0,0,0,0,0,1,0,0,0,0,0,0,0
tb.mem_rsp[3]	1	1044	8448	564	16	564	516	17	1385011	1375257	0,1,10,4,0,0,0,0,0,0,0,0,0,0,0,0,0,0,0,0,0,1,0,0,0,0,0,0,0,0,0,0,0,0,0,0,0,0,0,0	0,0,0,2,0,0,0,0,0,0,0,0,1,0,0,0,0,3,4,3,1,1,0,0,1,0,0,0,0,0,0,0,1,0,0,0,0,0,0,0	6	32	15	32	4	16	1385543	1375258	0,14,0,1,0,0,0,0,0,0,0,0,0,0,0,0,0,0,0,0,0,0,0,0,0,0,0,0,0,0,0,0,0,0,0,0,0,0,0,0	0,0,0,0,0,0,0,0,0,0,0,0,0,1,0,0,0,3,3,3,3,1,0,0,1,0,0,0,0,0,0,0,1,0,0,0,0,0,0,0
tb.mem_rsp[4]	1	1044	8448	564	16	564	516	17	1385011	1375257	0,1,10,4,0,0,0,0,0,0,0,0,0,0,0,0,0,0,0,0,0,1,0,0,0,0,0,0,0,0,0,0,0,0,0,0,0,0,0,0	0,0,0,2,0,0,0,0,0,0,0,0,1,0,0,0,0,3,4,3,1,1,0,0,1,0,0,0,0,0,0,0,1,0,0,0,0,0,0,0	6	32	15	32	4	16	1385543	1375258	0,14,0,1,0,0,0,0,0,0,0,0,0,0,0,0,0,0,0,0,0,0,0,0,0,0,0,0,0,0,0,0,0,0,0,0,0,0,0,0	0,0,0,0,0,0,0,0,0,0,0,0,0,1,0,0,0,3,3,3,3,1,0,0,1,0,0,0,0,0,0,0,1,0,0,0,0,0,0,0
tb.mem_rsp[5]	1	1044	8448	564	16	564	516	17	1385011	1375257	0,1,10,4,0,0,0,0,0,0,0,0,0,0,0,0,0,0,0,0,0,1,0,0,0,0,0,0,0,0,0,0,0,0,0,0,0,0,0,0	0,0,0,2,0,0,0,0,0,0,0,0,1,0,0,0,0,3,4,3,1,1,0,0,1,0,0,0,0,0,0,0,1,0,0,0,0,0,0,0	6	32	15	32	4	16	1385543	1375258	0,14,0,1,0,0,0,0,0,0,0,0,0,0,0,0,0,0,0,0,0,0,0,0,0,0,0,0,0,0,0,0,0,0,0,0,0,0,0,0	0,0,0,0,0,0,0,0,0,0,0,0,0,1,0,0,0,3,3,3,3,1,0,0,1,0,0,0,0,0,0,0,1,0,0,0,0,0,0,0
tb.mem_rsp[6]	1	1044	8448	564	16	564	516	17	1385011	1375257	0,1,10,4,0,0,0,0,0,0,0,0,0,0,0,0,0,0,0,0,0,1,0,0,0,0,0,0,0,0,0,0,0,0,0,0,0,0,0,0	0,0,0,2,0,0,0,0,0,0,0,0,1,0,0,0,0,3,4,3,1,1,0,0,1,0,0,0,0,0,0,0,1,0,0,0,0,0,0,0	6	32	15	32	4	16	1385543	1375258	0,14,0,1,0,0,0,0,0,0,0,0,0,0,0,0,0,0,0,0,0,0,0,0,0,0,0,0,0,0,0,0,0,0,0,0,0,0,0,0	0,0,0,0,0,0,0,0,0,0,0,0,0,1,0,0,0,3,3,3,3,1,0,0,1,0,0,0,0,0,0,0,1,0,0,0,0,0,0,0
tb.mem_rsp[7]	1	1044	8448	564	16	564	516	17	1385011	1375257	0,1,10,4,0,0,0,0,0,0,0,0,0,0,0,0,0,0,0,0,0,1,0,0,0,0,0,0,0,0,0,0,0,0,0,0,0,0,0,0	0,0,0,2,0,0,0,0,0,0,0,0,1,0,0,0,0,3,4,3,1,1,0,0,1,0,0,0,0,0,0,0,1,0,0,0,0,0,0,0	6	32	15	32	4	16	1385543	1375258	0,14,0,1,0,0,0,0,0,0,0,0,0,0,0,0,0,0,0,0,0,0,0,0,0,0,0,0,0,0,0,0,0,0,0,0,0,0,0,0	0,0,0,0,0,0,0,0,0,0,0,0,0,1,0,0,0,3,3,3,3,1,0,0,1,0,0,0,0,0,0,0,1,0,0,0,0,0,0,0
tb.mem_rsp[8]	1	1044	8448	564	16	564	516	17	1385011	1375257	0,1,10,4,0,0,0,0,0,0,0,0,0,0,0,0,0,0,0,0,0,1,0,0,0,0,0,0,0,0,0,0,0,0,0,0,0,0,0,0	0,0,0,2,0,0,0,0,0,0,0,0,1,0,0,0,0,3,4,3,1,1,0,0,1,0,0,0,0,0,0,0,1,0,0,0,0,0,0,0	6	32	15	32	4	16	1385543	1375258	0,14,0,1,0,0,0,0,0,0,0,0,0,0,0,0,0,0,0,0,0,0,0,0,0,0,0,0,0,0,0,0,0,0,0,0,0,0,0,0	0,0,0,0,0,0,0,0,0,0,0,0,0,1,0,0,0,3,3,3,3,1,0,0,1,0,0,0,0,0,0,0,1,0,0,0,0,0,0,0
tb.mem_rsp[9]	1	1044	8448	564	16	564	516	17	1385011	1375257	0,1,10,4,0,0,0,0,0,0,0,0,0,0,0,0,0,0,0,0,0,1,0,0,0,0,0,0,0,0,0,0,0,0,0,0,0,0,0,0	0,0,0,2,0,0,0,0,0,0,0,0,1,0,0,0,0,3,4,3,1,1,0,0,1,0,0,0,0,0,0,0,1,0,0,0,0,0,0,0	6	32	15	32	4	16	1385543	1375258	0,14,0,1,0,0,0,0,0,0,0,0,0,0,0,0,0,0,0,0,0,0,0,0,0,0,0,0,0,0,0,0,0,0,0,0,0,0,0,0	0,0,0,0,0,0,0,0,0,0,0,0,0,1,0,0,0,3,3,3,3,1,0,0,1,0,0,0,0,0,0,0,1,0,0,0,0,0,0,0
tb.unnamedblk1	1	192	29	10	1	10	10	2	1385565	1385556	0,0,0,0,0,0,0,0,0,1,0,0,0,0,0,0,0,0,0,0,0,0,0,0,0,0,0,0,0,0,0,0,0,0,0,0,0,0,0,0	0,0,0,0,0,0,0,0,1,0,0,0,0,0,0,0,0,0,0,0,0,0,0,0,0,0,0,0,0,0,0,0,1,0,0,0,0,0,0,0	2	7	3	7	4	4	1385568	1385557	1,1,0,1,0,0,0,0,0,0,0,0,0,0,0,0,0,0,0,0,0,0,0,0,0,0,0,0,0,0,0,0,0,0,0,0,0,0,0,0	2,0,0,0,0,0,0,0,1,0,0,0,0,0,0,0,0,0,0,0,0,0,0,0,0,0,0,0,0,0,0,0,1,0,0,0,0,0,0,0
tb.unnamedblk1.unnamedblk2	2	128	29	10	1	10	10	2	1385565	1385556	0,0,0,0,0,0,0,0,0,1,0,0,0,0,0,0,0,0,0,0,0,0,0,0,0,0,0,0,0,0,0,0,0,0,0,0,0,0,0,0	0,0,0,0,0,0,0,0,1,0,0,0,0,0,0,0,0,0,0,0,0,0,0,0,0,0,0,0,0,0,0,0,1,0,0,0,0,0,0,0	2	7	3	7	4	4	1385568	1385557	1,1,0,1,0,0,0,0,0,0,0,0,0,0,0,0,0,0,0,0,0,0,0,0,0,0,0,0,0,0,0,0,0,0,0,0,0,0,0,0	2,0,0,0,0,0,0,0,1,0,0,0,0,0,0,0,0,0,0,0,0,0,0,0,0,0,0,0,0,0,0,0,1,0,0,0,0,0,0,0
tb.unnamedblk1.unnamedblk2.unnamedblk3	3	128	29	10	1	10	10	2	1385565	1385556	0,0,0,0,0,0,0,0,0,1,0,0,0,0,0,0,0,0,0,0,0,0,0,0,0,0,0,0,0,0,0,0,0,0,0,0,0,0,0,0	0,0,0,0,0,0,0,0,1,0,0,0,0,0,0,0,0,0,0,0,0,0,0,0,0,0,0,0,0,0,0,0,1,0,0,0,0,0,0,0	2	7	3	7	4	4	1385568	1385557	1,1,0,1,0,0,0,0,0,0,0,0,0,0,0,0,0,0,0,0,0,0,0,0,0,0,0,0,0,0,0,0,0,0,0,0,0,0,0,0	2,0,0,0,0,0,0,0,1,0,0,0,0,0,0,0,0,0,0,0,0,0,0,0,0,0,0,0,0,0,0,0,1,0,0,0,0,0,0,0
tb.unnamedblk1.unnamedblk2.unnamedblk3.unnamedblk4	4	96	25	10	1	10	10	2	1385565	1385556	0,0,0,0,0,0,0,0,0,1,0,0,0,0,0,0,0,0,0,0,0,0,0,0,0,0,0,0,0,0,0,0,0,0,0,0,0,0,0,0	0,0,0,0,0,0,0,0,1,0,0,0,0,0,0,0,0,0,0,0,0,0,0,0,0,0,0,0,0,0,0,0,1,0,0,0,0,0,0,0	2	7	3	7	4	4	1385568	1385557	1,1,0,1,0,0,0,0,0,0,0,0,0,0,0,0,0,0,0,0,0,0,0,0,0,0,0,0,0,0,0,0,0,0,0,0,0,0,0,0	2,0,0,0,0,0,0,0,1,0,0,0,0,0,0,0,0,0,0,0,0,0,0,0,0,0,0,0,0,0,0,0,1,0,0,0,0,0,0,0
