# ncycles	1612524
path	depth	nbits	toggles	busy	nbursts	bsum	maxburst	nidle	isum	maxidle	bhist	ihist	thresh	busy2	nbursts2	bsum2	maxburst2	nidle2	isum2	maxidle2	bhist2	ihist2
VX_gpu_pkg	0	1376	0	0	0	0	0	1	1612524	1612524	0,0,0,0,0,0,0,0,0,0,0,0,0,0,0,0,0,0,0,0,0,0,0,0,0,0,0,0,0,0,0,0,0,0,0,0,0,0,0,0	0,0,0,0,0,0,0,0,0,0,0,0,0,0,0,0,0,0,0,0,0,0,0,0,0,0,0,0,0,0,0,0,1,0,0,0,0,0,0,0	7	0	0	0	0	1	1612524	1612524	0,0,0,0,0,0,0,0,0,0,0,0,0,0,0,0,0,0,0,0,0,0,0,0,0,0,0,0,0,0,0,0,0,0,0,0,0,0,0,0	0,0,0,0,0,0,0,0,0,0,0,0,0,0,0,0,0,0,0,0,0,0,0,0,0,0,0,0,0,0,0,0,1,0,0,0,0,0,0,0
defs_div_sqrt_mvp	0	1387	0	0	0	0	0	1	1612524	1612524	0,0,0,0,0,0,0,0,0,0,0,0,0,0,0,0,0,0,0,0,0,0,0,0,0,0,0,0,0,0,0,0,0,0,0,0,0,0,0,0	0,0,0,0,0,0,0,0,0,0,0,0,0,0,0,0,0,0,0,0,0,0,0,0,0,0,0,0,0,0,0,0,1,0,0,0,0,0,0,0	7	0	0	0	0	1	1612524	1612524	0,0,0,0,0,0,0,0,0,0,0,0,0,0,0,0,0,0,0,0,0,0,0,0,0,0,0,0,0,0,0,0,0,0,0,0,0,0,0,0	0,0,0,0,0,0,0,0,0,0,0,0,0,0,0,0,0,0,0,0,0,0,0,0,0,0,0,0,0,0,0,0,1,0,0,0,0,0,0,0
fpnew_pkg	0	2140	0	0	0	0	0	1	1612524	1612524	0,0,0,0,0,0,0,0,0,0,0,0,0,0,0,0,0,0,0,0,0,0,0,0,0,0,0,0,0,0,0,0,0,0,0,0,0,0,0,0	0,0,0,0,0,0,0,0,0,0,0,0,0,0,0,0,0,0,0,0,0,0,0,0,0,0,0,0,0,0,0,0,1,0,0,0,0,0,0,0	11	0	0	0	0	1	1612524	1612524	0,0,0,0,0,0,0,0,0,0,0,0,0,0,0,0,0,0,0,0,0,0,0,0,0,0,0,0,0,0,0,0,0,0,0,0,0,0,0,0	0,0,0,0,0,0,0,0,0,0,0,0,0,0,0,0,0,0,0,0,0,0,0,0,0,0,0,0,0,0,0,0,1,0,0,0,0,0,0,0
tb	0	458993	8770013229	1612514	1	1612514	1612514	1	10	10	0,0,0,0,0,0,0,0,0,0,0,0,0,0,0,0,0,0,0,0,0,0,0,0,0,0,0,0,0,0,0,0,1,0,0,0,0,0,0,0	0,0,0,0,0,0,0,0,0,1,0,0,0,0,0,0,0,0,0,0,0,0,0,0,0,0,0,0,0,0,0,0,0,0,0,0,0,0,0,0	2295	1577588	4159	1577588	769	4160	34936	3983	18,2061,8,4,1,6,7,0,1,3,0,0,1,0,0,0,0,0,0,1,0,2048,0,0,0,0,0,0,0,0,0,0,0,0,0,0,0,0,0,0	2078,8,4,9,0,0,0,0,0,1,158,1888,1,0,0,1,2,2,4,0,1,0,2,1,0,0,0,0,0,0,0,0,0,0,0,0,0,0,0,0
tb.dut	1	436707	8769895115	1612514	1	1612514	1612514	1	10	10	0,0,0,0,0,0,0,0,0,0,0,0,0,0,0,0,0,0,0,0,0,0,0,0,0,0,0,0,0,0,0,0,1,0,0,0,0,0,0,0	0,0,0,0,0,0,0,0,0,1,0,0,0,0,0,0,0,0,0,0,0,0,0,0,0,0,0,0,0,0,0,0,0,0,0,0,0,0,0,0	2184	1578200	4159	1578200	769	4160	34324	1999	19,2062,7,4,1,5,5,0,1,3,0,0,1,2,0,0,0,0,0,1,0,2048,0,0,0,0,0,0,0,0,0,0,0,0,0,0,0,0,0,0	2075,10,5,7,0,0,0,0,0,1,762,1284,0,1,0,1,2,2,4,0,1,2,3,0,0,0,0,0,0,0,0,0,0,0,0,0,0,0,0,0
tb.dut.clusters[0]	2	418715	8769617127	1612514	1	1612514	1612514	1	10	10	0,0,0,0,0,0,0,0,0,0,0,0,0,0,0,0,0,0,0,0,0,0,0,0,0,0,0,0,0,0,0,0,1,0,0,0,0,0,0,0	0,0,0,0,0,0,0,0,0,1,0,0,0,0,0,0,0,0,0,0,0,0,0,0,0,0,0,0,0,0,0,0,0,0,0,0,0,0,0,0	2094	1578909	4162	1578909	769	4163	33615	1999	21,2066,6,3,1,4,3,0,1,3,0,0,1,4,0,0,0,0,0,1,0,2048,0,0,0,0,0,0,0,0,0,0,0,0,0,0,0,0,0,0	2074,12,3,6,0,1,0,0,0,1,1462,584,0,1,0,1,3,3,4,0,2,5,1,0,0,0,0,0,0,0,0,0,0,0,0,0,0,0,0,0
tb.dut.clusters[0].cluster	3	418669	8769617100	1612514	1	1612514	1612514	1	10	10	0,0,0,0,0,0,0,0,0,0,0,0,0,0,0,0,0,0,0,0,0,0,0,0,0,0,0,0,0,0,0,0,1,0,0,0,0,0,0,0	0,0,0,0,0,0,0,0,0,1,0,0,0,0,0,0,0,0,0,0,0,0,0,0,0,0,0,0,0,0,0,0,0,0,0,0,0,0,0,0	2094	1578909	4162	1578909	769	4163	33615	1999	21,2066,6,3,1,4,3,0,1,3,0,0,1,4,0,0,0,0,0,1,0,2048,0,0,0,0,0,0,0,0,0,0,0,0,0,0,0,0,0,0	2074,12,3,6,0,1,0,0,0,1,1462,584,0,1,0,1,3,3,4,0,2,5,1,0,0,0,0,0,0,0,0,0,0,0,0,0,0,0,0,0
tb.dut.clusters[0].cluster.dcr_bus_if	4	45	25	10	1	10	10	2	1612514	1612505	0,0,0,0,0,0,0,0,0,1,0,0,0,0,0,0,0,0,0,0,0,0,0,0,0,0,0,0,0,0,0,0,0,0,0,0,0,0,0,0	0,0,0,0,0,0,0,0,1,0,0,0,0,0,0,0,0,0,0,0,0,0,0,0,0,0,0,0,0,0,0,0,1,0,0,0,0,0,0,0	2	7	3	7	4	4	1612517	1612506	1,1,0,1,0,0,0,0,0,0,0,0,0,0,0,0,0,0,0,0,0,0,0,0,0,0,0,0,0,0,0,0,0,0,0,0,0,0,0,0	2,0,0,0,0,0,0,0,1,0,0,0,0,0,0,0,0,0,0,0,0,0,0,0,0,0,0,0,0,0,0,0,1,0,0,0,0,0,0,0
tb.dut.clusters[0].cluster.l2cache	4	14165	205927	341	34	341	251	34	1612183	1602993	1,13,18,0,0,0,0,0,1,0,0,0,0,0,0,0,0,0,0,1,0,0,0,0,0,0,0,0,0,0,0,0,0,0,0,0,0,0,0,0	6,0,0,0,0,1,0,0,0,0,1,0,0,0,0,1,12,2,3,5,1,0,0,0,1,0,0,0,0,0,0,0,1,0,0,0,0,0,0,0	71	270	14	270	248	15	1612254	1603003	10,2,0,0,0,0,0,1,0,0,0,0,0,0,0,0,0,0,0,1,0,0,0,0,0,0,0,0,0,0,0,0,0,0,0,0,0,0,0,0	0,0,1,0,0,0,0,0,0,0,0,1,0,0,0,0,2,1,2,4,1,1,0,0,1,0,0,0,0,0,0,0,1,0,0,0,0,0,0,0
tb.dut.clusters[0].cluster.l2cache.core_bus_cache_if[0]	5	1298	20925	279	15	279	248	16	1612245	1603013	3,10,0,0,0,0,0,1,0,0,0,0,0,0,0,0,0,0,0,1,0,0,0,0,0,0,0,0,0,0,0,0,0,0,0,0,0,0,0,0	2,0,0,0,0,0,1,0,0,0,0,0,0,0,0,0,0,0,3,7,1,0,0,0,1,0,0,0,0,0,0,0,1,0,0,0,0,0,0,0	7	262	6	262	248	7	1612262	1604330	2,2,0,0,0,0,0,1,0,0,0,0,0,0,0,0,0,0,0,1,0,0,0,0,0,0,0,0,0,0,0,0,0,0,0,0,0,0,0,0	0,0,1,0,0,0,0,0,0,0,0,0,0,0,0,0,0,0,3,1,0,0,0,0,1,0,0,0,0,0,0,0,1,0,0,0,0,0,0,0
tb.dut.clusters[0].cluster.l2cache.core_bus_if[0]	5	1298	23840	338	33	338	251	34	1612186	1602993	2,11,18,0,0,0,0,0,1,0,0,0,0,0,0,0,0,0,0,1,0,0,0,0,0,0,0,0,0,0,0,0,0,0,0,0,0,0,0,0	7,0,0,0,0,1,0,0,0,0,1,0,0,0,0,0,12,2,3,5,1,0,0,0,1,0,0,0,0,0,0,0,1,0,0,0,0,0,0,0	7	270	14	270	248	15	1612254	1603003	10,2,0,0,0,0,0,1,0,0,0,0,0,0,0,0,0,0,0,1,0,0,0,0,0,0,0,0,0,0,0,0,0,0,0,0,0,0,0,0	0,0,1,0,0,0,0,0,0,0,0,1,0,0,0,0,2,1,2,4,1,1,0,0,1,0,0,0,0,0,0,0,1,0,0,0,0,0,0,0
tb.dut.clusters[0].cluster.l2cache.genblk2	5	8274	137017	339	34	339	251	35	1612185	1602993	3,11,18,0,0,0,0,0,1,0,0,0,0,0,0,0,0,0,0,1,0,0,0,0,0,0,0,0,0,0,0,0,0,0,0,0,0,0,0,0	7,0,0,0,0,1,0,0,0,0,1,0,0,0,0,0,13,2,3,5,1,0,0,0,1,0,0,0,0,0,0,0,1,0,0,0,0,0,0,0	42	270	14	270	248	15	1612254	1603003	10,2,0,0,0,0,0,1,0,0,0,0,0,0,0,0,0,0,0,1,0,0,0,0,0,0,0,0,0,0,0,0,0,0,0,0,0,0,0,0	0,0,1,0,0,0,0,0,0,0,0,1,0,0,0,0,2,1,2,4,1,1,0,0,1,0,0,0,0,0,0,0,1,0,0,0,0,0,0,0
tb.dut.clusters[0].cluster.l2cache.genblk2.cache_bypass	6	8273	137015	339	34	339	251	35	1612185	1602993	3,11,18,0,0,0,0,0,1,0,0,0,0,0,0,0,0,0,0,1,0,0,0,0,0,0,0,0,0,0,0,0,0,0,0,0,0,0,0,0	7,0,0,0,0,1,0,0,0,0,1,0,0,0,0,0,13,2,3,5,1,0,0,0,1,0,0,0,0,0,0,0,1,0,0,0,0,0,0,0	42	270	14	270	248	15	1612254	1603003	10,2,0,0,0,0,0,1,0,0,0,0,0,0,0,0,0,0,0,1,0,0,0,0,0,0,0,0,0,0,0,0,0,0,0,0,0,0,0,0	0,0,1,0,0,0,0,0,0,0,0,1,0,0,0,0,2,1,2,4,1,1,0,0,1,0,0,0,0,0,0,0,1,0,0,0,0,0,0,0
tb.dut.clusters[0].cluster.l2cache.genblk2.cache_bypass.core_bus_in_if[0]	7	1298	23840	338	33	338	251	34	1612186	1602993	2,11,18,0,0,0,0,0,1,0,0,0,0,0,0,0,0,0,0,1,0,0,0,0,0,0,0,0,0,0,0,0,0,0,0,0,0,0,0,0	7,0,0,0,0,1,0,0,0,0,1,0,0,0,0,0,12,2,3,5,1,0,0,0,1,0,0,0,0,0,0,0,1,0,0,0,0,0,0,0	7	270	14	270	248	15	1612254	1603003	10,2,0,0,0,0,0,1,0,0,0,0,0,0,0,0,0,0,0,1,0,0,0,0,0,0,0,0,0,0,0,0,0,0,0,0,0,0,0,0	0,0,1,0,0,0,0,0,0,0,0,1,0,0,0,0,2,1,2,4,1,1,0,0,1,0,0,0,0,0,0,0,1,0,0,0,0,0,0,0
tb.dut.clusters[0].cluster.l2cache.genblk2.cache_bypass.core_bus_out_if[0]	7	1298	20925	279	15	279	248	16	1612245	1603013	3,10,0,0,0,0,0,1,0,0,0,0,0,0,0,0,0,0,0,1,0,0,0,0,0,0,0,0,0,0,0,0,0,0,0,0,0,0,0,0	2,0,0,0,0,0,1,0,0,0,0,0,0,0,0,0,0,0,3,7,1,0,0,0,1,0,0,0,0,0,0,0,1,0,0,0,0,0,0,0	7	262	6	262	248	7	1612262	1604330	2,2,0,0,0,0,0,1,0,0,0,0,0,0,0,0,0,0,0,1,0,0,0,0,0,0,0,0,0,0,0,0,0,0,0,0,0,0,0,0	0,0,1,0,0,0,0,0,0,0,0,0,0,0,0,0,0,0,3,1,0,0,0,0,1,0,0,0,0,0,0,0,1,0,0,0,0,0,0,0
tb.dut.clusters[0].cluster.l2cache.genblk2.cache_bypass.mem_bus_in_if	7	1290	280	280	14	280	248	15	1612244	1603013	0,12,0,0,0,0,0,1,0,0,0,0,0,0,0,0,0,0,0,1,0,0,0,0,0,0,0,0,0,0,0,0,0,0,0,0,0,0,0,0	0,0,0,0,0,0,1,0,0,0,0,0,0,0,0,0,0,1,4,6,1,0,0,0,1,0,0,0,0,0,0,0,1,0,0,0,0,0,0,0	7	0	0	0	0	1	1612524	1612524	0,0,0,0,0,0,0,0,0,0,0,0,0,0,0,0,0,0,0,0,0,0,0,0,0,0,0,0,0,0,0,0,0,0,0,0,0,0,0,0	0,0,0,0,0,0,0,0,0,0,0,0,0,0,0,0,0,0,0,0,0,0,0,0,0,0,0,0,0,0,0,0,1,0,0,0,0,0,0,0
tb.dut.clusters[0].cluster.l2cache.genblk2.cache_bypass.mem_bus_out_if	7	1298	23863	337	32	337	251	33	1612187	1602993	1,11,18,0,0,0,0,0,1,0,0,0,0,0,0,0,0,0,0,1,0,0,0,0,0,0,0,0,0,0,0,0,0,0,0,0,0,0,0,0	5,0,1,0,0,1,0,0,0,0,1,0,0,0,0,0,12,2,3,5,1,0,0,0,1,0,0,0,0,0,0,0,1,0,0,0,0,0,0,0	7	270	14	270	248	15	1612254	1603003	10,2,0,0,0,0,0,1,0,0,0,0,0,0,0,0,0,0,0,1,0,0,0,0,0,0,0,0,0,0,0,0,0,0,0,0,0,0,0,0	0,0,1,0,0,0,0,0,0,0,0,1,0,0,0,0,2,1,2,4,1,1,0,0,1,0,0,0,0,0,0,0,1,0,0,0,0,0,0,0
tb.dut.clusters[0].cluster.l2cache.mem_bus_cache_if	5	1290	280	280	14	280	248	15	1612244	1603013	0,12,0,0,0,0,0,1,0,0,0,0,0,0,0,0,0,0,0,1,0,0,0,0,0,0,0,0,0,0,0,0,0,0,0,0,0,0,0,0	0,0,0,0,0,0,1,0,0,0,0,0,0,0,0,0,0,1,4,6,1,0,0,0,1,0,0,0,0,0,0,0,1,0,0,0,0,0,0,0	7	0	0	0	0	1	1612524	1612524	0,0,0,0,0,0,0,0,0,0,0,0,0,0,0,0,0,0,0,0,0,0,0,0,0,0,0,0,0,0,0,0,0,0,0,0,0,0,0,0	0,0,0,0,0,0,0,0,0,0,0,0,0,0,0,0,0,0,0,0,0,0,0,0,0,0,0,0,0,0,0,0,1,0,0,0,0,0,0,0
tb.dut.clusters[0].cluster.l2cache.mem_bus_if	5	1298	23863	337	32	337	251	33	1612187	1602993	1,11,18,0,0,0,0,0,1,0,0,0,0,0,0,0,0,0,0,1,0,0,0,0,0,0,0,0,0,0,0,0,0,0,0,0,0,0,0,0	5,0,1,0,0,1,0,0,0,0,1,0,0,0,0,0,12,2,3,5,1,0,0,0,1,0,0,0,0,0,0,0,1,0,0,0,0,0,0,0	7	270	14	270	248	15	1612254	1603003	10,2,0,0,0,0,0,1,0,0,0,0,0,0,0,0,0,0,0,1,0,0,0,0,0,0,0,0,0,0,0,0,0,0,0,0,0,0,0,0	0,0,1,0,0,0,0,0,0,0,0,1,0,0,0,0,2,1,2,4,1,1,0,0,1,0,0,0,0,0,0,0,1,0,0,0,0,0,0,0
tb.dut.clusters[0].cluster.mem_bus_if	4	1298	23863	337	32	337	251	33	1612187	1602993	1,11,18,0,0,0,0,0,1,0,0,0,0,0,0,0,0,0,0,1,0,0,0,0,0,0,0,0,0,0,0,0,0,0,0,0,0,0,0,0	5,0,1,0,0,1,0,0,0,0,1,0,0,0,0,0,12,2,3,5,1,0,0,0,1,0,0,0,0,0,0,0,1,0,0,0,0,0,0,0	7	270	14	270	248	15	1612254	1603003	10,2,0,0,0,0,0,1,0,0,0,0,0,0,0,0,0,0,0,1,0,0,0,0,0,0,0,0,0,0,0,0,0,0,0,0,0,0,0,0	0,0,1,0,0,0,0,0,0,0,0,1,0,0,0,0,2,1,2,4,1,1,0,0,1,0,0,0,0,0,0,0,1,0,0,0,0,0,0,0
tb.dut.clusters[0].cluster.per_socket_mem_bus_if[0]	4	1298	23840	338	33	338	251	34	1612186	1602993	2,11,18,0,0,0,0,0,1,0,0,0,0,0,0,0,0,0,0,1,0,0,0,0,0,0,0,0,0,0,0,0,0,0,0,0,0,0,0,0	7,0,0,0,0,1,0,0,0,0,1,0,0,0,0,0,12,2,3,5,1,0,0,0,1,0,0,0,0,0,0,0,1,0,0,0,0,0,0,0	7	270	14	270	248	15	1612254	1603003	10,2,0,0,0,0,0,1,0,0,0,0,0,0,0,0,0,0,0,1,0,0,0,0,0,0,0,0,0,0,0,0,0,0,0,0,0,0,0,0	0,0,1,0,0,0,0,0,0,0,0,1,0,0,0,0,2,1,2,4,1,1,0,0,1,0,0,0,0,0,0,0,1,0,0,0,0,0,0,0
tb.dut.clusters[0].cluster.socket_dcr_bus_if	4	45	25	10	1	10	10	2	1612514	1612505	0,0,0,0,0,0,0,0,0,1,0,0,0,0,0,0,0,0,0,0,0,0,0,0,0,0,0,0,0,0,0,0,0,0,0,0,0,0,0,0	0,0,0,0,0,0,0,0,1,0,0,0,0,0,0,0,0,0,0,0,0,0,0,0,0,0,0,0,0,0,0,0,1,0,0,0,0,0,0,0	2	7	3	7	4	4	1612517	1612506	1,1,0,1,0,0,0,0,0,0,0,0,0,0,0,0,0,0,0,0,0,0,0,0,0,0,0,0,0,0,0,0,0,0,0,0,0,0,0,0	2,0,0,0,0,0,0,0,1,0,0,0,0,0,0,0,0,0,0,0,0,0,0,0,0,0,0,0,0,0,0,0,1,0,0,0,0,0,0,0
tb.dut.clusters[0].cluster.socket_dcr_bus_tmp_if	4	45	25	10	1	10	10	2	1612514	1612505	0,0,0,0,0,0,0,0,0,1,0,0,0,0,0,0,0,0,0,0,0,0,0,0,0,0,0,0,0,0,0,0,0,0,0,0,0,0,0,0	0,0,0,0,0,0,0,0,1,0,0,0,0,0,0,0,0,0,0,0,0,0,0,0,0,0,0,0,0,0,0,0,1,0,0,0,0,0,0,0	2	7	3	7	4	4	1612517	1612506	1,1,0,1,0,0,0,0,0,0,0,0,0,0,0,0,0,0,0,0,0,0,0,0,0,0,0,0,0,0,0,0,0,0,0,0,0,0,0,0	2,0,0,0,0,0,0,0,1,0,0,0,0,0,0,0,0,0,0,0,0,0,0,0,0,0,0,0,0,0,0,0,1,0,0,0,0,0,0,0
tb.dut.clusters[0].cluster.sockets[0]	4	401737	8769363383	1612513	2	1612513	1612494	2	11	10	0,0,0,0,0,0,0,0,0,0,0,0,0,0,0,0,1,0,0,0,0,0,0,0,0,0,0,0,0,0,0,0,1,0,0,0,0,0,0,0	1,0,0,0,0,0,0,0,0,1,0,0,0,0,0,0,0,0,0,0,0,0,0,0,0,0,0,0,0,0,0,0,0,0,0,0,0,0,0,0	2009	1579339	4162	1579339	769	4163	33185	1007	20,2067,6,4,1,1,3,1,1,3,0,0,0,6,0,0,0,0,0,1,0,2048,0,0,0,0,0,0,0,0,0,0,0,0,0,0,0,0,0,0	2076,9,3,5,0,1,0,0,0,1,1882,164,0,0,0,1,2,2,5,0,8,4,0,0,0,0,0,0,0,0,0,0,0,0,0,0,0,0,0,0
tb.dut.clusters[0].cluster.sockets[0].socket	5	401736	8769363381	1612513	2	1612513	1612494	2	11	10	0,0,0,0,0,0,0,0,0,0,0,0,0,0,0,0,1,0,0,0,0,0,0,0,0,0,0,0,0,0,0,0,1,0,0,0,0,0,0,0	1,0,0,0,0,0,0,0,0,1,0,0,0,0,0,0,0,0,0,0,0,0,0,0,0,0,0,0,0,0,0,0,0,0,0,0,0,0,0,0	2009	1579339	4162	1579339	769	4163	33185	1007	20,2067,6,4,1,1,3,1,1,3,0,0,0,6,0,0,0,0,0,1,0,2048,0,0,0,0,0,0,0,0,0,0,0,0,0,0,0,0,0,0	2076,9,3,5,0,1,0,0,0,1,1882,164,0,0,0,1,2,2,5,0,8,4,0,0,0,0,0,0,0,0,0,0,0,0,0,0,0,0,0,0
tb.dut.clusters[0].cluster.sockets[0].socket.core_dcr_bus_if	6	45	25	10	1	10	10	2	1612514	1612505	0,0,0,0,0,0,0,0,0,1,0,0,0,0,0,0,0,0,0,0,0,0,0,0,0,0,0,0,0,0,0,0,0,0,0,0,0,0,0,0	0,0,0,0,0,0,0,0,1,0,0,0,0,0,0,0,0,0,0,0,0,0,0,0,0,0,0,0,0,0,0,0,1,0,0,0,0,0,0,0	2	7	3	7	4	4	1612517	1612506	1,1,0,1,0,0,0,0,0,0,0,0,0,0,0,0,0,0,0,0,0,0,0,0,0,0,0,0,0,0,0,0,0,0,0,0,0,0,0,0	2,0,0,0,0,0,0,0,1,0,0,0,0,0,0,0,0,0,0,0,0,0,0,0,0,0,0,0,0,0,0,0,1,0,0,0,0,0,0,0
tb.dut.clusters[0].cluster.sockets[0].socket.cores[0]	6	263404	8593467440	1612512	2	1612512	1612493	2	12	10	0,0,0,0,0,0,0,0,0,0,0,0,0,0,0,0,1,0,0,0,0,0,0,0,0,0,0,0,0,0,0,0,1,0,0,0,0,0,0,0	0,1,0,0,0,0,0,0,0,1,0,0,0,0,0,0,0,0,0,0,0,0,0,0,0,0,0,0,0,0,0,0,0,0,0,0,0,0,0,0	1318	1583647	2356	1583647	774	2357	28877	408	283,6,2,1,5,0,0,1,0,1,0,1,0,0,0,0,8,0,0,0,0,2048,0,0,0,0,0,0,0,0,0,0,0,0,0,0,0,0,0,0	11,9,1,1,4,0,23,1,16,2031,3,1,0,0,1,1,247,6,0,0,1,0,0,0,0,0,0,0,0,0,0,0,0,0,0,0,0,0,0,0
tb.dut.clusters[0].cluster.sockets[0].socket.cores[0].core	7	263403	8593467438	1612512	2	1612512	1612493	2	12	10	0,0,0,0,0,0,0,0,0,0,0,0,0,0,0,0,1,0,0,0,0,0,0,0,0,0,0,0,0,0,0,0,1,0,0,0,0,0,0,0	0,1,0,0,0,0,0,0,0,1,0,0,0,0,0,0,0,0,0,0,0,0,0,0,0,0,0,0,0,0,0,0,0,0,0,0,0,0,0,0	1318	1583647	2356	1583647	774	2357	28877	408	283,6,2,1,5,0,0,1,0,1,0,1,0,0,0,0,8,0,0,0,0,2048,0,0,0,0,0,0,0,0,0,0,0,0,0,0,0,0,0,0	11,9,1,1,4,0,23,1,16,2031,3,1,0,0,1,1,247,6,0,0,1,0,0,0,0,0,0,0,0,0,0,0,0,0,0,0,0,0,0,0
tb.dut.clusters[0].cluster.sockets[0].socket.cores[0].core.branch_ctl_if[0]	8	35	68091	25743	7222	25743	8	7223	1586781	756	1,551,4100,516,2052,0,0,2,0,0,0,0,0,0,0,0,0,0,0,0,0,0,0,0,0,0,0,0,0,0,0,0,0,0,0,0,0,0,0,0	273,10,3,8,510,2,2050,256,2049,1,0,0,0,0,0,0,10,1,0,1,1,2048,0,0,0,0,0,0,0,0,0,0,0,0,0,0,0,0,0,0	2	12404	11572	12404	8	11573	1600120	756	10764,799,3,3,1,0,0,2,0,0,0,0,0,0,0,0,0,0,0,0,0,0,0,0,0,0,0,0,0,0,0,0,0,0,0,0,0,0,0,0	4626,7,2,4,257,2,2050,511,3,2,1,0,2047,0,0,0,9,2,0,1,1,2048,0,0,0,0,0,0,0,0,0,0,0,0,0,0,0,0,0,0
tb.dut.clusters[0].cluster.sockets[0].socket.cores[0].core.commit	8	2317	361066720	1595420	4906	1595420	1013	4907	17104	299	2048,1,0,0,286,1,253,5,0,253,3,3,2,0,0,0,3,0,0,0,0,2048,0,0,0,0,0,0,0,0,0,0,0,0,0,0,0,0,0,0	10,508,2075,2051,252,3,2,0,1,1,1,0,1,0,1,0,0,0,0,0,1,0,0,0,0,0,0,0,0,0,0,0,0,0,0,0,0,0,0,0	12	1587605	6985	1587605	768	6986	24919	323	2053,26,266,2048,256,17,2,251,5,3,1,0,0,1,1,1,6,0,0,0,0,2048,0,0,0,0,0,0,0,0,0,0,0,0,0,0,0,0,0,0	2077,6,2060,503,9,2070,251,3,2,0,1,1,1,0,1,0,0,0,0,0,1,0,0,0,0,0,0,0,0,0,0,0,0,0,0,0,0,0,0,0
tb.dut.clusters[0].cluster.sockets[0].socket.cores[0].core.commit.commit_arb_if[0]	9	242	90471816	1064273	521302	1064273	15	521303	548251	317	3,514613,2052,513,2058,3,1,2048,3,0,1,0,0,6,1,0,0,0,0,0,0,0,0,0,0,0,0,0,0,0,0,0,0,0,0,0,0,0,0,0	516369,2072,5,7,509,27,3,254,3,2,2047,2,0,1,0,1,0,0,0,0,1,0,0,0,0,0,0,0,0,0,0,0,0,0,0,0,0,0,0,0	2	1055559	530014	1055559	15	530015	556965	317	4624,525363,3,3,8,2,0,1,2,0,1,0,0,6,1,0,0,0,0,0,0,0,0,0,0,0,0,0,0,0,0,0,0,0,0,0,0,0,0,0	525080,2072,6,7,509,27,3,254,3,2,2047,2,0,1,0,1,0,0,0,0,1,0,0,0,0,0,0,0,0,0,0,0,0,0,0,0,0,0,0,0
tb.dut.clusters[0].cluster.sockets[0].socket.cores[0].core.commit.commit_csr_if	9	44	1085830	542920	521350	542920	8	521351	1069604	327	514657,2074,515,2053,1,0,2047,3,0,0,0,0,0,0,0,0,0,0,0,0,0,0,0,0,0,0,0,0,0,0,0,0,0,0,0,0,0,0,0,0	51,516367,2071,5,7,509,27,3,254,4,2,2047,1,0,1,0,1,0,0,0,1,0,0,0,0,0,0,0,0,0,0,0,0,0,0,0,0,0,0,0	2	271460	271460	271460	1	271461	1341064	333	271460,0,0,0,0,0,0,0,0,0,0,0,0,0,0,0,0,0,0,0,0,0,0,0,0,0,0,0,0,0,0,0,0,0,0,0,0,0,0,0	8694,23,2072,4,256012,2062,21,2,248,11,3,0,2046,0,15,243,4,0,0,0,1,0,0,0,0,0,0,0,0,0,0,0,0,0,0,0,0,0,0,0
tb.dut.clusters[0].cluster.sockets[0].socket.cores[0].core.commit.commit_if[0]	9	242	467636	27800	7222	27800	9	7223	1584724	756	1,552,4098,512,9,2047,0,1,2,0,0,0,0,0,0,0,0,0,0,0,0,0,0,0,0,0,0,0,0,0,0,0,0,0,0,0,0,0,0,0	272,12,2,9,510,2048,4,255,2049,1,0,0,0,0,0,0,10,1,0,1,1,2048,0,0,0,0,0,0,0,0,0,0,0,0,0,0,0,0,0,0	2	17033	15941	17033	8	15942	1595491	756	14867,1065,6,0,2,0,0,1,0,0,0,0,0,0,0,0,0,0,0,0,0,0,0,0,0,0,0,0,0,0,0,0,0,0,0,0,0,0,0,0	6943,2060,2,9,510,2048,4,255,2049,1,0,0,0,0,0,0,10,1,0,1,1,2048,0,0,0,0,0,0,0,0,0,0,0,0,0,0,0,0,0,0
tb.dut.clusters[0].cluster.sockets[0].socket.cores[0].core.commit.commit_if[1]	9	242	297	69	32	69	6	33	1612455	1604327	0,30,1,0,0,1,0,0,0,0,0,0,0,0,0,0,0,0,0,0,0,0,0,0,0,0,0,0,0,0,0,0,0,0,0,0,0,0,0,0	0,0,0,0,1,26,0,0,0,0,0,0,0,0,0,0,0,0,3,1,0,0,0,0,1,0,0,0,0,0,0,0,1,0,0,0,0,0,0,0	2	68	33	68	4	34	1612456	1604327	1,30,1,1,0,0,0,0,0,0,0,0,0,0,0,0,0,0,0,0,0,0,0,0,0,0,0,0,0,0,0,0,0,0,0,0,0,0,0,0	1,0,0,0,1,26,0,0,0,0,0,0,0,0,0,0,0,0,3,1,0,0,0,0,1,0,0,0,0,0,0,0,1,0,0,0,0,0,0,0
tb.dut.clusters[0].cluster.sockets[0].socket.cores[0].core.commit.commit_if[2]	9	242	116	18	5	18	5	6	1612506	1612089	0,2,0,1,2,0,0,0,0,0,0,0,0,0,0,0,0,0,0,0,0,0,0,0,0,0,0,0,0,0,0,0,0,0,0,0,0,0,0,0	0,0,0,0,1,0,0,0,0,0,0,0,1,1,0,0,1,0,0,0,1,0,0,0,0,0,0,0,0,0,0,0,1,0,0,0,0,0,0,0	2	15	8	15	5	9	1612509	1612089	4,3,0,0,1,0,0,0,0,0,0,0,0,0,0,0,0,0,0,0,0,0,0,0,0,0,0,0,0,0,0,0,0,0,0,0,0,0,0,0	3,0,0,0,1,0,0,0,0,0,0,0,1,1,0,0,1,0,0,0,1,0,0,0,0,0,0,0,0,0,0,0,1,0,0,0,0,0,0,0
tb.dut.clusters[0].cluster.sockets[0].socket.cores[0].core.commit.commit_if[3]	9	242	80130096	1310883	266295	1310883	8	266296	301641	8240	2051,4127,5,3,260107,0,0,2,0,0,0,0,0,0,0,0,0,0,0,0,0,0,0,0,0,0,0,0,0,0,0,0,0,0,0,0,0,0,0,0	262163,21,2059,2,1,0,0,0,0,0,1,2046,0,0,0,1,0,0,0,0,1,0,0,0,0,1,0,0,0,0,0,0,0,0,0,0,0,0,0,0	2	1310876	266302	1310876	8	266303	301648	8240	2051,4141,5,3,260100,0,0,2,0,0,0,0,0,0,0,0,0,0,0,0,0,0,0,0,0,0,0,0,0,0,0,0,0,0,0,0,0,0,0,0	262170,21,2059,2,1,0,0,0,0,0,1,2046,0,0,0,1,0,0,0,0,1,0,0,0,0,1,0,0,0,0,0,0,0,0,0,0,0,0,0,0
tb.dut.clusters[0].cluster.sockets[0].socket.cores[0].core.commit.commit_sched_if	9	4	1069434	1056067	529502	1056067	15	529503	556457	325	10251,514614,2054,2563,9,1,1,1,1,0,0,0,0,6,1,0,0,0,0,0,0,0,0,0,0,0,0,0,0,0,0,0,0,0,0,0,0,0,0,0	524570,2071,5,7,509,27,3,254,3,2,2048,1,0,1,0,1,0,0,0,0,1,0,0,0,0,0,0,0,0,0,0,0,0,0,0,0,0,0,0,0	2	13367	8742	13367	7	8743	1599157	761	6175,513,2053,0,0,0,1,0,0,0,0,0,0,0,0,0,0,0,0,0,0,0,0,0,0,0,0,0,0,0,0,0,0,0,0,0,0,0,0,0	2051,2,1,1,3,9,2048,2,5,256,2049,0,0,0,0,2,263,1,0,1,1,2048,0,0,0,0,0,0,0,0,0,0,0,0,0,0,0,0,0,0
tb.dut.clusters[0].cluster.sockets[0].socket.cores[0].core.commit.genblk1[0]	9	713	80598147	1322334	267348	1322334	20	267349	290190	299	2052,2606,2056,512,258057,4,1,2049,3,0,0,0,0,6,1,0,1,0,0,0,0,0,0,0,0,0,0,0,0,0,0,0,0,0,0,0,0,0,0,0	260372,2066,2054,8,508,28,2050,252,3,2,0,1,1,1,0,1,1,0,0,0,1,0,0,0,0,0,0,0,0,0,0,0,0,0,0,0,0,0,0,0	4	1282348	306778	1282348	15	306779	330176	317	7195,74278,8,2,225279,3,0,3,2,0,1,0,0,6,1,0,0,0,0,0,0,0,0,0,0,0,0,0,0,0,0,0,0,0,0,0,0,0,0,0	299286,2581,2058,8,507,17,2053,257,3,2,0,1,0,2,0,1,2,0,0,0,1,0,0,0,0,0,0,0,0,0,0,0,0,0,0,0,0,0,0,0
tb.dut.clusters[0].cluster.sockets[0].socket.cores[0].core.commit.genblk2[0]	9	3	1042700	1042700	527992	1042700	8	527993	569824	324	13344,514616,22,2,0,7,0,1,0,0,0,0,0,0,0,0,0,0,0,0,0,0,0,0,0,0,0,0,0,0,0,0,0,0,0,0,0,0,0,0	518441,2586,2058,8,509,2074,6,254,3,2,2047,2,0,1,0,1,0,0,0,0,1,0,0,0,0,0,0,0,0,0,0,0,0,0,0,0,0,0,0,0	2	0	0	0	0	1	1612524	1612524	0,0,0,0,0,0,0,0,0,0,0,0,0,0,0,0,0,0,0,0,0,0,0,0,0,0,0,0,0,0,0,0,0,0,0,0,0,0,0,0	0,0,0,0,0,0,0,0,0,0,0,0,0,0,0,0,0,0,0,0,0,0,0,0,0,0,0,0,0,0,0,0,1,0,0,0,0,0,0,0
tb.dut.clusters[0].cluster.sockets[0].socket.cores[0].core.commit.writeback_if[0]	9	175	89429114	1064272	521301	1064272	15	521302	548252	317	2,514613,2052,513,2058,3,1,2048,3,0,1,0,0,6,1,0,0,0,0,0,0,0,0,0,0,0,0,0,0,0,0,0,0,0,0,0,0,0,0,0	516367,2072,6,7,509,27,3,254,3,2,2047,2,0,1,0,1,0,0,0,0,1,0,0,0,0,0,0,0,0,0,0,0,0,0,0,0,0,0,0,0	2	1055559	530014	1055559	15	530015	556965	317	4624,525363,3,3,8,2,0,1,2,0,1,0,0,6,1,0,0,0,0,0,0,0,0,0,0,0,0,0,0,0,0,0,0,0,0,0,0,0,0,0	525080,2072,6,7,509,27,3,254,3,2,2047,2,0,1,0,1,0,0,0,0,1,0,0,0,0,0,0,0,0,0,0,0,0,0,0,0,0,0,0,0
tb.dut.clusters[0].cluster.sockets[0].socket.cores[0].core.commit_csr_if	8	44	1085830	542920	521350	542920	8	521351	1069604	327	514657,2074,515,2053,1,0,2047,3,0,0,0,0,0,0,0,0,0,0,0,0,0,0,0,0,0,0,0,0,0,0,0,0,0,0,0,0,0,0,0,0	51,516367,2071,5,7,509,27,3,254,4,2,2047,1,0,1,0,1,0,0,0,1,0,0,0,0,0,0,0,0,0,0,0,0,0,0,0,0,0,0,0	2	271460	271460	271460	1	271461	1341064	333	271460,0,0,0,0,0,0,0,0,0,0,0,0,0,0,0,0,0,0,0,0,0,0,0,0,0,0,0,0,0,0,0,0,0,0,0,0,0,0,0	8694,23,2072,4,256012,2062,21,2,248,11,3,0,2046,0,15,243,4,0,0,0,1,0,0,0,0,0,0,0,0,0,0,0,0,0,0,0,0,0,0,0
tb.dut.clusters[0].cluster.sockets[0].socket.cores[0].core.commit_if[0]	8	242	467636	27800	7222	27800	9	7223	1584724	756	1,552,4098,512,9,2047,0,1,2,0,0,0,0,0,0,0,0,0,0,0,0,0,0,0,0,0,0,0,0,0,0,0,0,0,0,0,0,0,0,0	272,12,2,9,510,2048,4,255,2049,1,0,0,0,0,0,0,10,1,0,1,1,2048,0,0,0,0,0,0,0,0,0,0,0,0,0,0,0,0,0,0	2	17033	15941	17033	8	15942	1595491	756	14867,1065,6,0,2,0,0,1,0,0,0,0,0,0,0,0,0,0,0,0,0,0,0,0,0,0,0,0,0,0,0,0,0,0,0,0,0,0,0,0	6943,2060,2,9,510,2048,4,255,2049,1,0,0,0,0,0,0,10,1,0,1,1,2048,0,0,0,0,0,0,0,0,0,0,0,0,0,0,0,0,0,0
tb.dut.clusters[0].cluster.sockets[0].socket.cores[0].core.commit_if[1]	8	242	297	69	32	69	6	33	1612455	1604327	0,30,1,0,0,1,0,0,0,0,0,0,0,0,0,0,0,0,0,0,0,0,0,0,0,0,0,0,0,0,0,0,0,0,0,0,0,0,0,0	0,0,0,0,1,26,0,0,0,0,0,0,0,0,0,0,0,0,3,1,0,0,0,0,1,0,0,0,0,0,0,0,1,0,0,0,0,0,0,0	2	68	33	68	4	34	1612456	1604327	1,30,1,1,0,0,0,0,0,0,0,0,0,0,0,0,0,0,0,0,0,0,0,0,0,0,0,0,0,0,0,0,0,0,0,0,0,0,0,0	1,0,0,0,1,26,0,0,0,0,0,0,0,0,0,0,0,0,3,1,0,0,0,0,1,0,0,0,0,0,0,0,1,0,0,0,0,0,0,0
tb.dut.clusters[0].cluster.sockets[0].socket.cores[0].core.commit_if[2]	8	242	116	18	5	18	5	6	1612506	1612089	0,2,0,1,2,0,0,0,0,0,0,0,0,0,0,0,0,0,0,0,0,0,0,0,0,0,0,0,0,0,0,0,0,0,0,0,0,0,0,0	0,0,0,0,1,0,0,0,0,0,0,0,1,1,0,0,1,0,0,0,1,0,0,0,0,0,0,0,0,0,0,0,1,0,0,0,0,0,0,0	2	15	8	15	5	9	1612509	1612089	4,3,0,0,1,0,0,0,0,0,0,0,0,0,0,0,0,0,0,0,0,0,0,0,0,0,0,0,0,0,0,0,0,0,0,0,0,0,0,0	3,0,0,0,1,0,0,0,0,0,0,0,1,1,0,0,1,0,0,0,1,0,0,0,0,0,0,0,0,0,0,0,1,0,0,0,0,0,0,0
tb.dut.clusters[0].cluster.sockets[0].socket.cores[0].core.commit_if[3]	8	242	80130096	1310883	266295	1310883	8	266296	301641	8240	2051,4127,5,3,260107,0,0,2,0,0,0,0,0,0,0,0,0,0,0,0,0,0,0,0,0,0,0,0,0,0,0,0,0,0,0,0,0,0,0,0	262163,21,2059,2,1,0,0,0,0,0,1,2046,0,0,0,1,0,0,0,0,1,0,0,0,0,1,0,0,0,0,0,0,0,0,0,0,0,0,0,0	2	1310876	266302	1310876	8	266303	301648	8240	2051,4141,5,3,260100,0,0,2,0,0,0,0,0,0,0,0,0,0,0,0,0,0,0,0,0,0,0,0,0,0,0,0,0,0,0,0,0,0,0,0	262170,21,2059,2,1,0,0,0,0,0,1,2046,0,0,0,1,0,0,0,0,1,0,0,0,0,1,0,0,0,0,0,0,0,0,0,0,0,0,0,0
tb.dut.clusters[0].cluster.sockets[0].socket.cores[0].core.commit_sched_if	8	4	1069434	1056067	529502	1056067	15	529503	556457	325	10251,514614,2054,2563,9,1,1,1,1,0,0,0,0,6,1,0,0,0,0,0,0,0,0,0,0,0,0,0,0,0,0,0,0,0,0,0,0,0,0,0	524570,2071,5,7,509,27,3,254,3,2,2048,1,0,1,0,1,0,0,0,0,1,0,0,0,0,0,0,0,0,0,0,0,0,0,0,0,0,0,0,0	2	13367	8742	13367	7	8743	1599157	761	6175,513,2053,0,0,0,1,0,0,0,0,0,0,0,0,0,0,0,0,0,0,0,0,0,0,0,0,0,0,0,0,0,0,0,0,0,0,0,0,0	2051,2,1,1,3,9,2048,2,5,256,2049,0,0,0,0,2,263,1,0,1,1,2048,0,0,0,0,0,0,0,0,0,0,0,0,0,0,0,0,0,0
tb.dut.clusters[0].cluster.sockets[0].socket.cores[0].core.dcache_bus_if[0]	8	474	3046	286	22	286	249	23	1612238	1604239	12,8,0,0,0,0,0,0,1,0,0,0,0,0,0,0,0,0,0,1,0,0,0,0,0,0,0,0,0,0,0,0,0,0,0,0,0,0,0,0	0,4,4,3,1,0,0,0,0,0,0,0,0,0,0,0,4,0,5,0,0,0,0,0,1,0,0,0,0,0,0,0,1,0,0,0,0,0,0,0	3	138	136	138	2	137	1612386	1604328	134,2,0,0,0,0,0,0,0,0,0,0,0,0,0,0,0,0,0,0,0,0,0,0,0,0,0,0,0,0,0,0,0,0,0,0,0,0,0,0	128,0,0,3,0,0,0,0,0,0,0,0,0,0,0,0,0,0,4,0,0,0,0,0,1,0,0,0,0,0,0,0,1,0,0,0,0,0,0,0
tb.dut.clusters[0].cluster.sockets[0].socket.cores[0].core.dcr_bus_if	8	45	25	10	1	10	10	2	1612514	1612505	0,0,0,0,0,0,0,0,0,1,0,0,0,0,0,0,0,0,0,0,0,0,0,0,0,0,0,0,0,0,0,0,0,0,0,0,0,0,0,0	0,0,0,0,0,0,0,0,1,0,0,0,0,0,0,0,0,0,0,0,0,0,0,0,0,0,0,0,0,0,0,0,1,0,0,0,0,0,0,0	2	7	3	7	4	4	1612517	1612506	1,1,0,1,0,0,0,0,0,0,0,0,0,0,0,0,0,0,0,0,0,0,0,0,0,0,0,0,0,0,0,0,0,0,0,0,0,0,0,0	2,0,0,0,0,0,0,0,1,0,0,0,0,0,0,0,0,0,0,0,0,0,0,0,0,0,0,0,0,0,0,0,1,0,0,0,0,0,0,0
tb.dut.clusters[0].cluster.sockets[0].socket.cores[0].core.dcr_data	8	190	33	12	3	12	10	4	1612512	1612501	2,0,0,0,0,0,0,0,0,1,0,0,0,0,0,0,0,0,0,0,0,0,0,0,0,0,0,0,0,0,0,0,0,0,0,0,0,0,0,0	0,1,1,0,0,1,0,0,0,0,0,0,0,0,0,0,0,0,0,0,0,0,0,0,0,0,0,0,0,0,0,0,1,0,0,0,0,0,0,0	2	7	3	7	4	4	1612517	1612506	1,1,0,1,0,0,0,0,0,0,0,0,0,0,0,0,0,0,0,0,0,0,0,0,0,0,0,0,0,0,0,0,0,0,0,0,0,0,0,0	2,0,0,0,0,0,0,0,1,0,0,0,0,0,0,0,0,0,0,0,0,0,0,0,0,0,0,0,0,0,0,0,1,0,0,0,0,0,0,0
tb.dut.clusters[0].cluster.sockets[0].socket.cores[0].core.dcr_data.dcr_bus_if	9	45	25	10	1	10	10	2	1612514	1612505	0,0,0,0,0,0,0,0,0,1,0,0,0,0,0,0,0,0,0,0,0,0,0,0,0,0,0,0,0,0,0,0,0,0,0,0,0,0,0,0	0,0,0,0,0,0,0,0,1,0,0,0,0,0,0,0,0,0,0,0,0,0,0,0,0,0,0,0,0,0,0,0,1,0,0,0,0,0,0,0	2	7	3	7	4	4	1612517	1612506	1,1,0,1,0,0,0,0,0,0,0,0,0,0,0,0,0,0,0,0,0,0,0,0,0,0,0,0,0,0,0,0,0,0,0,0,0,0,0,0	2,0,0,0,0,0,0,0,1,0,0,0,0,0,0,0,0,0,0,0,0,0,0,0,0,0,0,0,0,0,0,0,1,0,0,0,0,0,0,0
tb.dut.clusters[0].cluster.sockets[0].socket.cores[0].core.decode	8	538	21421003	931123	180990	931123	71	180991	681401	285	4103,65781,0,2050,59873,1,45074,1,1,0,1,0,2047,0,2,0,3,5,2048,0,0,0,0,0,0,0,0,0,0,0,0,0,0,0,0,0,0,0,0,0	61678,14347,2050,61667,30737,3,8188,1,3,0,0,0,0,254,1,0,12,2048,0,1,1,0,0,0,0,0,0,0,0,0,0,0,0,0,0,0,0,0,0,0	3	896017	211735	896017	70	211736	716507	285	22540,65781,2047,2310,78070,2,28679,1,3,1,12299,0,0,0,1,0,0,0,1,0,0,0,0,0,0,0,0,0,0,0,0,0,0,0,0,0,0,0,0,0	94217,14598,2050,61669,30737,3,6141,1,3,0,0,0,0,254,1,0,12,1,2047,1,1,0,0,0,0,0,0,0,0,0,0,0,0,0,0,0,0,0,0,0
tb.dut.clusters[0].cluster.sockets[0].socket.cores[0].core.decode.decode_if	9	172	4211075	931121	180988	931121	71	180989	681403	285	4101,65781,0,2050,59873,1,45074,1,1,0,1,0,2047,0,2,0,3,5,2048,0,0,0,0,0,0,0,0,0,0,0,0,0,0,0,0,0,0,0,0,0	61677,14346,2050,61667,30737,3,8188,1,3,0,0,0,0,254,1,0,12,2048,0,1,1,0,0,0,0,0,0,0,0,0,0,0,0,0,0,0,0,0,0,0	2	514552	392532	514552	70	392533	1097972	285	291381,80380,20743,24,2,1,0,0,0,0,0,0,0,0,0,0,0,0,1,0,0,0,0,0,0,0,0,0,0,0,0,0,0,0,0,0,0,0,0,0	215643,59629,14341,259,57319,24595,12285,0,6142,3,0,0,0,254,1,0,12,1,2047,1,1,0,0,0,0,0,0,0,0,0,0,0,0,0,0,0,0,0,0,0
tb.dut.clusters[0].cluster.sockets[0].socket.cores[0].core.decode.decode_sched_if	9	4	1264154	873457	232239	873457	70	232240	739067	310	30743,65781,4096,263,110878,0,20473,1,2,0,0,0,0,0,1,0,0,0,1,0,0,0,0,0,0,0,0,0,0,0,0,0,0,0,0,0,0,0,0,0	114723,12549,4097,61670,30737,3,6141,1,3,0,0,0,0,254,1,0,11,1,2047,1,1,0,0,0,0,0,0,0,0,0,0,0,0,0,0,0,0,0,0,0	2	383448	382289	383448	67	382290	1229076	328	381466,559,259,1,2,1,0,0,0,0,0,0,0,0,0,0,0,0,1,0,0,0,0,0,0,0,0,0,0,0,0,0,0,0,0,0,0,0,0,0	193121,59628,8196,4350,24573,65505,2,12310,6145,6141,0,3,0,254,1,0,11,1,2047,1,1,0,0,0,0,0,0,0,0,0,0,0,0,0,0,0,0,0,0,0
tb.dut.clusters[0].cluster.sockets[0].socket.cores[0].core.decode.fetch_if	9	72	3826889	931121	180988	931121	71	180989	681403	285	4101,65781,0,2050,59873,1,45074,1,1,0,1,0,2047,0,2,0,3,5,2048,0,0,0,0,0,0,0,0,0,0,0,0,0,0,0,0,0,0,0,0,0	61677,14346,2050,61667,30737,3,8188,1,3,0,0,0,0,254,1,0,12,2048,0,1,1,0,0,0,0,0,0,0,0,0,0,0,0,0,0,0,0,0,0,0	2	514552	392532	514552	70	392533	1097972	285	291381,80380,20743,24,2,1,0,0,0,0,0,0,0,0,0,0,0,0,1,0,0,0,0,0,0,0,0,0,0,0,0,0,0,0,0,0,0,0,0,0	215643,59629,14341,259,57319,24595,12285,0,6142,3,0,0,0,254,1,0,12,1,2047,1,1,0,0,0,0,0,0,0,0,0,0,0,0,0,0,0,0,0,0,0
tb.dut.clusters[0].cluster.sockets[0].socket.cores[0].core.decode_if	8	172	4211075	931121	180988	931121	71	180989	681403	285	4101,65781,0,2050,59873,1,45074,1,1,0,1,0,2047,0,2,0,3,5,2048,0,0,0,0,0,0,0,0,0,0,0,0,0,0,0,0,0,0,0,0,0	61677,14346,2050,61667,30737,3,8188,1,3,0,0,0,0,254,1,0,12,2048,0,1,1,0,0,0,0,0,0,0,0,0,0,0,0,0,0,0,0,0,0,0	2	514552	392532	514552	70	392533	1097972	285	291381,80380,20743,24,2,1,0,0,0,0,0,0,0,0,0,0,0,0,1,0,0,0,0,0,0,0,0,0,0,0,0,0,0,0,0,0,0,0,0,0	215643,59629,14341,259,57319,24595,12285,0,6142,3,0,0,0,254,1,0,12,1,2047,1,1,0,0,0,0,0,0,0,0,0,0,0,0,0,0,0,0,0,0,0
tb.dut.clusters[0].cluster.sockets[0].socket.cores[0].core.decode_sched_if	8	4	1264154	873457	232239	873457	70	232240	739067	310	30743,65781,4096,263,110878,0,20473,1,2,0,0,0,0,0,1,0,0,0,1,0,0,0,0,0,0,0,0,0,0,0,0,0,0,0,0,0,0,0,0,0	114723,12549,4097,61670,30737,3,6141,1,3,0,0,0,0,254,1,0,11,1,2047,1,1,0,0,0,0,0,0,0,0,0,0,0,0,0,0,0,0,0,0,0	2	383448	382289	383448	67	382290	1229076	328	381466,559,259,1,2,1,0,0,0,0,0,0,0,0,0,0,0,0,1,0,0,0,0,0,0,0,0,0,0,0,0,0,0,0,0,0,0,0,0,0	193121,59628,8196,4350,24573,65505,2,12310,6145,6141,0,3,0,254,1,0,11,1,2047,1,1,0,0,0,0,0,0,0,0,0,0,0,0,0,0,0,0,0,0,0
tb.dut.clusters[0].cluster.sockets[0].socket.cores[0].core.dispatch_if[0]	8	474	125668	25748	7224	25748	8	7224	1586776	756	2,552,4099,516,2053,0,0,2,0,0,0,0,0,0,0,0,0,0,0,0,0,0,0,0,0,0,0,0,0,0,0,0,0,0,0,0,0,0,0,0	273,11,3,8,510,2,2050,256,2049,1,0,0,0,0,0,0,10,1,0,1,1,2048,0,0,0,0,0,0,0,0,0,0,0,0,0,0,0,0,0,0	3	5233	5171	5233	8	5172	1607291	768	5132,30,4,2,1,0,0,2,0,0,0,0,0,0,0,0,0,0,0,0,0,0,0,0,0,0,0,0,0,0,0,0,0,0,0,0,0,0,0,0	14,520,2,2,3,2,3,257,1,1,2,1,2047,0,255,0,10,2,0,1,1,2048,0,0,0,0,0,0,0,0,0,0,0,0,0,0,0,0,0,0
tb.dut.clusters[0].cluster.sockets[0].socket.cores[0].core.dispatch_if[1]	8	474	2414	73	34	73	8	34	1612451	1604317	1,32,0,0,0,0,0,1,0,0,0,0,0,0,0,0,0,0,0,0,0,0,0,0,0,0,0,0,0,0,0,0,0,0,0,0,0,0,0,0	0,0,1,1,0,27,0,0,0,0,0,0,0,0,0,0,0,0,2,1,0,0,0,0,1,0,0,0,0,0,0,0,1,0,0,0,0,0,0,0	3	38	31	38	8	32	1612486	1604323	30,0,0,0,0,0,0,1,0,0,0,0,0,0,0,0,0,0,0,0,0,0,0,0,0,0,0,0,0,0,0,0,0,0,0,0,0,0,0,0	0,0,0,0,1,0,25,0,0,0,0,0,0,0,1,0,0,0,2,1,0,0,0,0,1,0,0,0,0,0,0,0,1,0,0,0,0,0,0,0
tb.dut.clusters[0].cluster.sockets[0].socket.cores[0].core.dispatch_if[2]	8	474	100	21	7	21	5	7	1612503	1612089	1,3,0,1,2,0,0,0,0,0,0,0,0,0,0,0,0,0,0,0,0,0,0,0,0,0,0,0,0,0,0,0,0,0,0,0,0,0,0,0	0,0,1,0,1,0,0,0,0,0,0,0,0,1,0,0,2,0,0,0,1,0,0,0,0,0,0,0,0,0,0,0,1,0,0,0,0,0,0,0	3	6	5	6	2	6	1612518	1612093	4,1,0,0,0,0,0,0,0,0,0,0,0,0,0,0,0,0,0,0,0,0,0,0,0,0,0,0,0,0,0,0,0,0,0,0,0,0,0,0	0,1,0,0,0,0,0,0,0,0,0,0,0,0,0,0,3,0,0,0,1,0,0,0,0,0,0,0,0,0,0,0,1,0,0,0,0,0,0,0
tb.dut.clusters[0].cluster.sockets[0].socket.cores[0].core.dispatch_if[3]	8	474	72213025	1050781	522296	1050781	32	522296	561743	8245	3,520239,0,3,2048,0,0,2,0,0,0,0,0,0,0,0,1,0,0,0,0,0,0,0,0,0,0,0,0,0,0,0,0,0,0,0,0,0,0,0	520215,19,2,6,3,1,0,0,0,0,0,0,0,0,1,2046,1,0,0,0,1,0,0,0,0,1,0,0,0,0,0,0,0,0,0,0,0,0,0,0	3	583822	524352	583822	8	524353	1028702	8245	466946,55353,2048,2,2,0,0,1,0,0,0,0,0,0,0,0,0,0,0,0,0,0,0,0,0,0,0,0,0,0,0,0,0,0,0,0,0,0,0,0	57377,464914,2,6,3,1,0,0,0,0,0,0,0,0,1,2046,1,0,0,0,1,0,0,0,0,1,0,0,0,0,0,0,0,0,0,0,0,0,0,0
tb.dut.clusters[0].cluster.sockets[0].socket.cores[0].core.execute	8	221320	6298354114	1612503	4	1612503	1612492	4	21	10	1,1,0,0,0,0,0,1,0,0,0,0,0,0,0,0,0,0,0,0,0,0,0,0,0,0,0,0,0,0,0,0,1,0,0,0,0,0,0,0	1,0,0,1,0,1,0,0,0,1,0,0,0,0,0,0,0,0,0,0,0,0,0,0,0,0,0,0,0,0,0,0,0,0,0,0,0,0,0,0	1107	1577246	4243	1577246	768	4244	35278	420	93,2072,10,4,0,5,6,0,2,2,0,0,1,0,0,0,0,0,0,0,0,2048,0,0,0,0,0,0,0,0,0,0,0,0,0,0,0,0,0,0	2089,11,1,1,0,0,0,0,0,0,3,2046,0,0,0,1,7,39,43,2,1,0,0,0,0,0,0,0,0,0,0,0,0,0,0,0,0,0,0,0
tb.dut.clusters[0].cluster.sockets[0].socket.cores[0].core.execute.alu_unit	9	13588	8209675	53796	6931	53796	38	6931	1558728	752	1,0,0,0,0,259,4096,255,2050,0,254,4,0,0,1,6,4,1,0,0,0,0,0,0,0,0,0,0,0,0,0,0,0,0,0,0,0,0,0,0	511,2,2050,256,2049,1,0,0,0,0,0,0,4,3,0,1,4,0,0,1,1,2048,0,0,0,0,0,0,0,0,0,0,0,0,0,0,0,0,0,0	68	23480	13633	23480	14	13634	1589044	754	8753,271,4340,251,6,1,2,1,1,1,0,0,0,6,0,0,0,0,0,0,0,0,0,0,0,0,0,0,0,0,0,0,0,0,0,0,0,0,0,0	4132,2563,5,8,513,2301,2,2,2047,0,0,0,0,0,5,2,3,1,0,1,1,2048,0,0,0,0,0,0,0,0,0,0,0,0,0,0,0,0,0,0
tb.dut.clusters[0].cluster.sockets[0].socket.cores[0].core.execute.alu_unit.branch_ctl_if[0]	10	35	68091	25743	7222	25743	8	7223	1586781	756	1,551,4100,516,2052,0,0,2,0,0,0,0,0,0,0,0,0,0,0,0,0,0,0,0,0,0,0,0,0,0,0,0,0,0,0,0,0,0,0,0	273,10,3,8,510,2,2050,256,2049,1,0,0,0,0,0,0,10,1,0,1,1,2048,0,0,0,0,0,0,0,0,0,0,0,0,0,0,0,0,0,0	2	12404	11572	12404	8	11573	1600120	756	10764,799,3,3,1,0,0,2,0,0,0,0,0,0,0,0,0,0,0,0,0,0,0,0,0,0,0,0,0,0,0,0,0,0,0,0,0,0,0,0	4626,7,2,4,257,2,2050,511,3,2,1,0,2047,0,0,0,9,2,0,1,1,2048,0,0,0,0,0,0,0,0,0,0,0,0,0,0,0,0,0,0
tb.dut.clusters[0].cluster.sockets[0].socket.cores[0].core.execute.alu_unit.commit_if[0]	10	242	467636	27800	7222	27800	9	7223	1584724	756	1,552,4098,512,9,2047,0,1,2,0,0,0,0,0,0,0,0,0,0,0,0,0,0,0,0,0,0,0,0,0,0,0,0,0,0,0,0,0,0,0	272,12,2,9,510,2048,4,255,2049,1,0,0,0,0,0,0,10,1,0,1,1,2048,0,0,0,0,0,0,0,0,0,0,0,0,0,0,0,0,0,0	2	17033	15941	17033	8	15942	1595491	756	14867,1065,6,0,2,0,0,1,0,0,0,0,0,0,0,0,0,0,0,0,0,0,0,0,0,0,0,0,0,0,0,0,0,0,0,0,0,0,0,0	6943,2060,2,9,510,2048,4,255,2049,1,0,0,0,0,0,0,10,1,0,1,1,2048,0,0,0,0,0,0,0,0,0,0,0,0,0,0,0,0,0,0
tb.dut.clusters[0].cluster.sockets[0].socket.cores[0].core.execute.alu_unit.dispatch_if[0]	10	474	125668	25748	7224	25748	8	7224	1586776	756	2,552,4099,516,2053,0,0,2,0,0,0,0,0,0,0,0,0,0,0,0,0,0,0,0,0,0,0,0,0,0,0,0,0,0,0,0,0,0,0,0	273,11,3,8,510,2,2050,256,2049,1,0,0,0,0,0,0,10,1,0,1,1,2048,0,0,0,0,0,0,0,0,0,0,0,0,0,0,0,0,0,0	3	5233	5171	5233	8	5172	1607291	768	5132,30,4,2,1,0,0,2,0,0,0,0,0,0,0,0,0,0,0,0,0,0,0,0,0,0,0,0,0,0,0,0,0,0,0,0,0,0,0,0	14,520,2,2,3,2,3,257,1,1,2,1,2047,0,255,0,10,2,0,1,1,2048,0,0,0,0,0,0,0,0,0,0,0,0,0,0,0,0,0,0
tb.dut.clusters[0].cluster.sockets[0].socket.cores[0].core.execute.alu_unit.dispatch_unit	10	2375	439677	25749	7225	25749	8	7225	1586775	756	3,552,4099,516,2053,0,0,2,0,0,0,0,0,0,0,0,0,0,0,0,0,0,0,0,0,0,0,0,0,0,0,0,0,0,0,0,0,0,0,0	273,11,3,8,510,2,2050,256,2049,1,0,0,0,0,0,1,10,1,0,1,1,2048,0,0,0,0,0,0,0,0,0,0,0,0,0,0,0,0,0,0	12	5233	5171	5233	8	5172	1607291	768	5132,30,4,2,1,0,0,2,0,0,0,0,0,0,0,0,0,0,0,0,0,0,0,0,0,0,0,0,0,0,0,0,0,0,0,0,0,0,0,0	14,520,2,2,3,2,3,257,1,1,2,1,2047,0,255,0,10,2,0,1,1,2048,0,0,0,0,0,0,0,0,0,0,0,0,0,0,0,0,0,0
tb.dut.clusters[0].cluster.sockets[0].socket.cores[0].core.execute.alu_unit.dispatch_unit.dispatch_if[0]	11	474	125668	25748	7224	25748	8	7224	1586776	756	2,552,4099,516,2053,0,0,2,0,0,0,0,0,0,0,0,0,0,0,0,0,0,0,0,0,0,0,0,0,0,0,0,0,0,0,0,0,0,0,0	273,11,3,8,510,2,2050,256,2049,1,0,0,0,0,0,0,10,1,0,1,1,2048,0,0,0,0,0,0,0,0,0,0,0,0,0,0,0,0,0,0	3	5233	5171	5233	8	5172	1607291	768	5132,30,4,2,1,0,0,2,0,0,0,0,0,0,0,0,0,0,0,0,0,0,0,0,0,0,0,0,0,0,0,0,0,0,0,0,0,0,0,0	14,520,2,2,3,2,3,257,1,1,2,1,2047,0,255,0,10,2,0,1,1,2048,0,0,0,0,0,0,0,0,0,0,0,0,0,0,0,0,0,0
tb.dut.clusters[0].cluster.sockets[0].socket.cores[0].core.execute.alu_unit.dispatch_unit.execute_if[0]	11	541	125668	25748	7224	25748	8	7224	1586776	756	2,552,4099,516,2053,0,0,2,0,0,0,0,0,0,0,0,0,0,0,0,0,0,0,0,0,0,0,0,0,0,0,0,0,0,0,0,0,0,0,0	273,11,3,8,510,2,2050,256,2049,1,0,0,0,0,0,0,10,1,0,1,1,2048,0,0,0,0,0,0,0,0,0,0,0,0,0,0,0,0,0,0	3	5233	5171	5233	8	5172	1607291	768	5132,30,4,2,1,0,0,2,0,0,0,0,0,0,0,0,0,0,0,0,0,0,0,0,0,0,0,0,0,0,0,0,0,0,0,0,0,0,0,0	14,520,2,2,3,2,3,257,1,1,2,1,2047,0,255,0,10,2,0,1,1,2048,0,0,0,0,0,0,0,0,0,0,0,0,0,0,0,0,0,0
tb.dut.clusters[0].cluster.sockets[0].socket.cores[0].core.execute.alu_unit.dispatch_unit.genblk5[0]	11	7	43311	25749	7225	25749	8	7225	1586775	756	3,552,4099,516,2053,0,0,2,0,0,0,0,0,0,0,0,0,0,0,0,0,0,0,0,0,0,0,0,0,0,0,0,0,0,0,0,0,0,0,0	273,11,3,8,510,2,2050,256,2049,1,0,0,0,0,0,1,10,1,0,1,1,2048,0,0,0,0,0,0,0,0,0,0,0,0,0,0,0,0,0,0	2	17021	15930	17021	8	15931	1595503	756	14862,1061,0,4,1,0,0,2,0,0,0,0,0,0,0,0,0,0,0,0,0,0,0,0,0,0,0,0,0,0,0,0,0,0,0,0,0,0,0,0	8983,10,2,6,513,2,2050,256,2049,0,0,0,0,0,0,0,9,1,0,1,1,2048,0,0,0,0,0,0,0,0,0,0,0,0,0,0,0,0,0,0
tb.dut.clusters[0].cluster.sockets[0].socket.cores[0].core.execute.alu_unit.gather_unit	10	1472	2594242	27802	7223	27802	9	7224	1584722	756	2,551,4099,512,9,2047,0,1,2,0,0,0,0,0,0,0,0,0,0,0,0,0,0,0,0,0,0,0,0,0,0,0,0,0,0,0,0,0,0,0	273,11,2,9,510,2048,4,255,2049,1,0,0,0,0,0,0,11,1,0,1,1,2048,0,0,0,0,0,0,0,0,0,0,0,0,0,0,0,0,0,0	8	17033	15941	17033	8	15942	1595491	756	14867,1065,6,0,2,0,0,1,0,0,0,0,0,0,0,0,0,0,0,0,0,0,0,0,0,0,0,0,0,0,0,0,0,0,0,0,0,0,0,0	6943,2060,2,9,510,2048,4,255,2049,1,0,0,0,0,0,0,10,1,0,1,1,2048,0,0,0,0,0,0,0,0,0,0,0,0,0,0,0,0,0,0
tb.dut.clusters[0].cluster.sockets[0].socket.cores[0].core.execute.alu_unit.gather_unit.commit_in_if[0]	11	242	467636	27800	7222	27800	9	7223	1584724	756	1,552,4098,512,9,2047,0,1,2,0,0,0,0,0,0,0,0,0,0,0,0,0,0,0,0,0,0,0,0,0,0,0,0,0,0,0,0,0,0,0	272,12,2,9,510,2048,4,255,2049,1,0,0,0,0,0,0,10,1,0,1,1,2048,0,0,0,0,0,0,0,0,0,0,0,0,0,0,0,0,0,0	2	17033	15941	17033	8	15942	1595491	756	14867,1065,6,0,2,0,0,1,0,0,0,0,0,0,0,0,0,0,0,0,0,0,0,0,0,0,0,0,0,0,0,0,0,0,0,0,0,0,0,0	6943,2060,2,9,510,2048,4,255,2049,1,0,0,0,0,0,0,10,1,0,1,1,2048,0,0,0,0,0,0,0,0,0,0,0,0,0,0,0,0,0,0
tb.dut.clusters[0].cluster.sockets[0].socket.cores[0].core.execute.alu_unit.gather_unit.commit_out_if[0]	11	242	467636	27800	7222	27800	9	7223	1584724	756	1,552,4098,512,9,2047,0,1,2,0,0,0,0,0,0,0,0,0,0,0,0,0,0,0,0,0,0,0,0,0,0,0,0,0,0,0,0,0,0,0	272,12,2,9,510,2048,4,255,2049,1,0,0,0,0,0,0,10,1,0,1,1,2048,0,0,0,0,0,0,0,0,0,0,0,0,0,0,0,0,0,0	2	17033	15941	17033	8	15942	1595491	756	14867,1065,6,0,2,0,0,1,0,0,0,0,0,0,0,0,0,0,0,0,0,0,0,0,0,0,0,0,0,0,0,0,0,0,0,0,0,0,0,0	6943,2060,2,9,510,2048,4,255,2049,1,0,0,0,0,0,0,10,1,0,1,1,2048,0,0,0,0,0,0,0,0,0,0,0,0,0,0,0,0,0,0
tb.dut.clusters[0].cluster.sockets[0].socket.cores[0].core.execute.alu_unit.gather_unit.genblk5[0]	11	374	723696	27800	7222	27800	9	7223	1584724	756	1,552,4098,512,9,2047,0,1,2,0,0,0,0,0,0,0,0,0,0,0,0,0,0,0,0,0,0,0,0,0,0,0,0,0,0,0,0,0,0,0	272,12,2,9,510,2048,4,255,2049,1,0,0,0,0,0,0,10,1,0,1,1,2048,0,0,0,0,0,0,0,0,0,0,0,0,0,0,0,0,0,0	2	17033	15941	17033	8	15942	1595491	756	14867,1065,6,0,2,0,0,1,0,0,0,0,0,0,0,0,0,0,0,0,0,0,0,0,0,0,0,0,0,0,0,0,0,0,0,0,0,0,0,0	6943,2060,2,9,510,2048,4,255,2049,1,0,0,0,0,0,0,10,1,0,1,1,2048,0,0,0,0,0,0,0,0,0,0,0,0,0,0,0,0,0,0
tb.dut.clusters[0].cluster.sockets[0].socket.cores[0].core.execute.alu_unit.gather_unit.genblk5[0].commit_tmp_if	12	242	467636	27800	7222	27800	9	7223	1584724	756	1,552,4098,512,9,2047,0,1,2,0,0,0,0,0,0,0,0,0,0,0,0,0,0,0,0,0,0,0,0,0,0,0,0,0,0,0,0,0,0,0	272,12,2,9,510,2048,4,255,2049,1,0,0,0,0,0,0,10,1,0,1,1,2048,0,0,0,0,0,0,0,0,0,0,0,0,0,0,0,0,0,0	2	17033	15941	17033	8	15942	1595491	756	14867,1065,6,0,2,0,0,1,0,0,0,0,0,0,0,0,0,0,0,0,0,0,0,0,0,0,0,0,0,0,0,0,0,0,0,0,0,0,0,0	6943,2060,2,9,510,2048,4,255,2049,1,0,0,0,0,0,0,10,1,0,1,1,2048,0,0,0,0,0,0,0,0,0,0,0,0,0,0,0,0,0,0
tb.dut.clusters[0].cluster.sockets[0].socket.cores[0].core.execute.alu_unit.genblk1[0]	10	8013	3921055	53795	6932	53795	38	6932	1558729	752	2,0,0,0,1,259,4095,255,2050,0,254,4,0,0,1,6,4,1,0,0,0,0,0,0,0,0,0,0,0,0,0,0,0,0,0,0,0,0,0,0	512,2,2050,256,2049,1,0,0,0,0,0,0,4,3,0,1,4,0,0,1,1,2048,0,0,0,0,0,0,0,0,0,0,0,0,0,0,0,0,0,0	41	9349	4642	9349	8	4643	1603175	767	1,4616,6,4,12,1,0,2,0,0,0,0,0,0,0,0,0,0,0,0,0,0,0,0,0,0,0,0,0,0,0,0,0,0,0,0,0,0,0,0	3,5,1,3,1,1,3,1,1,257,3,2047,0,0,0,0,265,2,0,1,1,2048,0,0,0,0,0,0,0,0,0,0,0,0,0,0,0,0,0,0
tb.dut.clusters[0].cluster.sockets[0].socket.cores[0].core.execute.alu_unit.genblk1[0].alu_int	11	4067	3229427	39920	6942	39920	16	6942	1572604	754	2,0,0,265,4096,257,2053,0,255,7,0,0,0,6,0,1,0,0,0,0,0,0,0,0,0,0,0,0,0,0,0,0,0,0,0,0,0,0,0,0	3,9,510,2,2050,256,2049,1,0,0,0,0,0,0,4,4,3,1,0,1,1,2048,0,0,0,0,0,0,0,0,0,0,0,0,0,0,0,0,0,0	21	9353	4641	9353	8	4642	1603171	767	0,4615,6,3,13,2,0,2,0,0,0,0,0,0,0,0,0,0,0,0,0,0,0,0,0,0,0,0,0,0,0,0,0,0,0,0,0,0,0,0	2,5,1,3,1,1,3,1,2,257,2,2047,0,0,0,0,265,2,0,1,1,2048,0,0,0,0,0,0,0,0,0,0,0,0,0,0,0,0,0,0
tb.dut.clusters[0].cluster.sockets[0].socket.cores[0].core.execute.alu_unit.genblk1[0].alu_int.branch_ctl_if	12	35	68091	25743	7222	25743	8	7223	1586781	756	1,551,4100,516,2052,0,0,2,0,0,0,0,0,0,0,0,0,0,0,0,0,0,0,0,0,0,0,0,0,0,0,0,0,0,0,0,0,0,0,0	273,10,3,8,510,2,2050,256,2049,1,0,0,0,0,0,0,10,1,0,1,1,2048,0,0,0,0,0,0,0,0,0,0,0,0,0,0,0,0,0,0	2	12404	11572	12404	8	11573	1600120	756	10764,799,3,3,1,0,0,2,0,0,0,0,0,0,0,0,0,0,0,0,0,0,0,0,0,0,0,0,0,0,0,0,0,0,0,0,0,0,0,0	4626,7,2,4,257,2,2050,511,3,2,1,0,2047,0,0,0,9,2,0,1,1,2048,0,0,0,0,0,0,0,0,0,0,0,0,0,0,0,0,0,0
tb.dut.clusters[0].cluster.sockets[0].socket.cores[0].core.execute.alu_unit.genblk1[0].alu_int.commit_if	12	242	192932	25746	7223	25746	8	7223	1586778	756	2,551,4099,516,2053,0,0,2,0,0,0,0,0,0,0,0,0,0,0,0,0,0,0,0,0,0,0,0,0,0,0,0,0,0,0,0,0,0,0,0	272,10,4,8,510,2,2050,256,2049,1,0,0,0,0,0,0,10,1,0,1,1,2048,0,0,0,0,0,0,0,0,0,0,0,0,0,0,0,0,0,0	2	17035	15934	17035	8	15934	1595489	756	14861,1063,2,4,2,0,0,2,0,0,0,0,0,0,0,0,0,0,0,0,0,0,0,0,0,0,0,0,0,0,0,0,0,0,0,0,0,0,0,0	8983,10,4,8,510,2,2050,256,2049,1,0,0,0,0,0,0,10,1,0,1,1,2048,0,0,0,0,0,0,0,0,0,0,0,0,0,0,0,0,0,0
tb.dut.clusters[0].cluster.sockets[0].socket.cores[0].core.execute.alu_unit.genblk1[0].alu_int.execute_if	12	541	125668	25748	7224	25748	8	7224	1586776	756	2,552,4099,516,2053,0,0,2,0,0,0,0,0,0,0,0,0,0,0,0,0,0,0,0,0,0,0,0,0,0,0,0,0,0,0,0,0,0,0,0	273,11,3,8,510,2,2050,256,2049,1,0,0,0,0,0,0,10,1,0,1,1,2048,0,0,0,0,0,0,0,0,0,0,0,0,0,0,0,0,0,0	3	5233	5171	5233	8	5172	1607291	768	5132,30,4,2,1,0,0,2,0,0,0,0,0,0,0,0,0,0,0,0,0,0,0,0,0,0,0,0,0,0,0,0,0,0,0,0,0,0,0,0	14,520,2,2,3,2,3,257,1,1,2,1,2047,0,255,0,10,2,0,1,1,2048,0,0,0,0,0,0,0,0,0,0,0,0,0,0,0,0,0,0
tb.dut.clusters[0].cluster.sockets[0].socket.cores[0].core.execute.alu_unit.genblk1[0].alu_int.genblk3[0]	12	66	152546	4716	4654	4716	8	4655	1607808	768	4615,30,4,2,1,0,0,2,0,0,0,0,0,0,0,0,0,0,0,0,0,0,0,0,0,0,0,0,0,0,0,0,0,0,0,0,0,0,0,0	14,6,1,1,3,0,2,2,1,1,258,2,2047,0,0,0,265,2,0,1,1,2048,0,0,0,0,0,0,0,0,0,0,0,0,0,0,0,0,0,0	2	4667	4647	4667	3	4648	1607857	768	4632,10,5,0,0,0,0,0,0,0,0,0,0,0,0,0,0,0,0,0,0,0,0,0,0,0,0,0,0,0,0,0,0,0,0,0,0,0,0,0	8,2,1,6,2,0,2,2,1,1,257,2,2047,0,0,0,265,2,0,1,1,2048,0,0,0,0,0,0,0,0,0,0,0,0,0,0,0,0,0,0
tb.dut.clusters[0].cluster.sockets[0].socket.cores[0].core.execute.alu_unit.genblk1[0].alu_int.genblk3[1]	12	66	152556	4716	4654	4716	8	4655	1607808	768	4615,30,4,2,1,0,0,2,0,0,0,0,0,0,0,0,0,0,0,0,0,0,0,0,0,0,0,0,0,0,0,0,0,0,0,0,0,0,0,0	14,6,1,1,3,0,2,2,1,1,258,2,2047,0,0,0,265,2,0,1,1,2048,0,0,0,0,0,0,0,0,0,0,0,0,0,0,0,0,0,0	2	4668	4648	4668	3	4649	1607856	768	4633,10,5,0,0,0,0,0,0,0,0,0,0,0,0,0,0,0,0,0,0,0,0,0,0,0,0,0,0,0,0,0,0,0,0,0,0,0,0,0	8,2,1,6,2,0,2,2,1,1,258,2,2047,0,0,0,265,2,0,1,1,2048,0,0,0,0,0,0,0,0,0,0,0,0,0,0,0,0,0,0
tb.dut.clusters[0].cluster.sockets[0].socket.cores[0].core.execute.alu_unit.genblk1[0].alu_int.genblk3[2]	12	66	152562	4716	4654	4716	8	4655	1607808	768	4615,30,4,2,1,0,0,2,0,0,0,0,0,0,0,0,0,0,0,0,0,0,0,0,0,0,0,0,0,0,0,0,0,0,0,0,0,0,0,0	14,6,1,1,3,0,2,2,1,1,258,2,2047,0,0,0,265,2,0,1,1,2048,0,0,0,0,0,0,0,0,0,0,0,0,0,0,0,0,0,0	2	4668	4648	4668	3	4649	1607856	768	4633,10,5,0,0,0,0,0,0,0,0,0,0,0,0,0,0,0,0,0,0,0,0,0,0,0,0,0,0,0,0,0,0,0,0,0,0,0,0,0	8,2,1,6,2,0,2,2,1,1,258,2,2047,0,0,0,265,2,0,1,1,2048,0,0,0,0,0,0,0,0,0,0,0,0,0,0,0,0,0,0
tb.dut.clusters[0].cluster.sockets[0].socket.cores[0].core.execute.alu_unit.genblk1[0].alu_int.genblk3[3]	12	66	152574	4716	4654	4716	8	4655	1607808	768	4615,30,4,2,1,0,0,2,0,0,0,0,0,0,0,0,0,0,0,0,0,0,0,0,0,0,0,0,0,0,0,0,0,0,0,0,0,0,0,0	14,6,1,1,3,0,2,2,1,1,258,2,2047,0,0,0,265,2,0,1,1,2048,0,0,0,0,0,0,0,0,0,0,0,0,0,0,0,0,0,0	2	4668	4648	4668	3	4649	1607856	768	4633,10,5,0,0,0,0,0,0,0,0,0,0,0,0,0,0,0,0,0,0,0,0,0,0,0,0,0,0,0,0,0,0,0,0,0,0,0,0,0	8,2,1,6,2,0,2,2,1,1,258,2,2047,0,0,0,265,2,0,1,1,2048,0,0,0,0,0,0,0,0,0,0,0,0,0,0,0,0,0,0
tb.dut.clusters[0].cluster.sockets[0].socket.cores[0].core.execute.alu_unit.genblk1[0].alu_int.genblk4[0]	12	98	9750	2398	2345	2398	8	2346	1610126	782	2309,29,3,2,0,1,0,1,0,0,0,0,0,0,0,0,0,0,0,0,0,0,0,0,0,0,0,0,0,0,0,0,0,0,0,0,0,0,0,0	13,6,1,0,1,0,2,2,1,0,2,1,1,0,0,0,264,1,1,1,1,2048,0,0,0,0,0,0,0,0,0,0,0,0,0,0,0,0,0,0	2	2398	2345	2398	8	2346	1610126	782	2309,29,3,2,0,1,0,1,0,0,0,0,0,0,0,0,0,0,0,0,0,0,0,0,0,0,0,0,0,0,0,0,0,0,0,0,0,0,0,0	13,6,1,0,1,0,2,2,1,0,2,1,1,0,0,0,264,1,1,1,1,2048,0,0,0,0,0,0,0,0,0,0,0,0,0,0,0,0,0,0
tb.dut.clusters[0].cluster.sockets[0].socket.cores[0].core.execute.alu_unit.genblk1[0].alu_int.genblk4[1]	12	98	9770	2400	2345	2400	8	2346	1610124	782	2310,27,4,2,0,0,0,2,0,0,0,0,0,0,0,0,0,0,0,0,0,0,0,0,0,0,0,0,0,0,0,0,0,0,0,0,0,0,0,0	14,6,1,0,2,0,1,2,1,0,3,1,0,0,0,0,264,1,0,1,1,2048,0,0,0,0,0,0,0,0,0,0,0,0,0,0,0,0,0,0	2	2400	2345	2400	8	2346	1610124	782	2310,27,4,2,0,0,0,2,0,0,0,0,0,0,0,0,0,0,0,0,0,0,0,0,0,0,0,0,0,0,0,0,0,0,0,0,0,0,0,0	14,6,1,0,2,0,1,2,1,0,3,1,0,0,0,0,264,1,0,1,1,2048,0,0,0,0,0,0,0,0,0,0,0,0,0,0,0,0,0,0
tb.dut.clusters[0].cluster.sockets[0].socket.cores[0].core.execute.alu_unit.genblk1[0].alu_int.genblk4[2]	12	98	9782	2400	2345	2400	8	2346	1610124	782	2310,27,4,2,0,0,0,2,0,0,0,0,0,0,0,0,0,0,0,0,0,0,0,0,0,0,0,0,0,0,0,0,0,0,0,0,0,0,0,0	14,6,1,0,2,0,1,2,1,0,3,1,0,0,0,0,264,1,0,1,1,2048,0,0,0,0,0,0,0,0,0,0,0,0,0,0,0,0,0,0	2	2400	2345	2400	8	2346	1610124	782	2310,27,4,2,0,0,0,2,0,0,0,0,0,0,0,0,0,0,0,0,0,0,0,0,0,0,0,0,0,0,0,0,0,0,0,0,0,0,0,0	14,6,1,0,2,0,1,2,1,0,3,1,0,0,0,0,264,1,0,1,1,2048,0,0,0,0,0,0,0,0,0,0,0,0,0,0,0,0,0,0
tb.dut.clusters[0].cluster.sockets[0].socket.cores[0].core.execute.alu_unit.genblk1[0].alu_int.genblk4[3]	12	98	9808	2400	2345	2400	8	2346	1610124	782	2310,27,4,2,0,0,0,2,0,0,0,0,0,0,0,0,0,0,0,0,0,0,0,0,0,0,0,0,0,0,0,0,0,0,0,0,0,0,0,0	14,6,1,0,2,0,1,2,1,0,3,1,0,0,0,0,264,1,0,1,1,2048,0,0,0,0,0,0,0,0,0,0,0,0,0,0,0,0,0,0	2	2400	2345	2400	8	2346	1610124	782	2310,27,4,2,0,0,0,2,0,0,0,0,0,0,0,0,0,0,0,0,0,0,0,0,0,0,0,0,0,0,0,0,0,0,0,0,0,0,0,0	14,6,1,0,2,0,1,2,1,0,3,1,0,0,0,0,264,1,0,1,1,2048,0,0,0,0,0,0,0,0,0,0,0,0,0,0,0,0,0,0
tb.dut.clusters[0].cluster.sockets[0].socket.cores[0].core.execute.alu_unit.genblk1[0].alu_int.genblk6[0]	12	64	9678	4651	4626	4651	8	4627	1607873	768	4614,6,4,0,1,0,0,1,0,0,0,0,0,0,0,0,0,0,0,0,0,0,0,0,0,0,0,0,0,0,0,0,0,0,0,0,0,0,0,0	2,0,0,1,3,0,1,2,1,1,256,2,2047,0,0,0,258,2,0,2,1,2048,0,0,0,0,0,0,0,0,0,0,0,0,0,0,0,0,0,0	2	4646	4628	4646	5	4629	1607878	768	4618,6,2,0,2,0,0,0,0,0,0,0,0,0,0,0,0,0,0,0,0,0,0,0,0,0,0,0,0,0,0,0,0,0,0,0,0,0,0,0	2,1,1,1,3,0,1,2,1,1,256,2,2047,0,0,0,258,2,0,2,1,2048,0,0,0,0,0,0,0,0,0,0,0,0,0,0,0,0,0,0
tb.dut.clusters[0].cluster.sockets[0].socket.cores[0].core.execute.alu_unit.genblk1[0].alu_int.genblk6[1]	12	64	9728	4648	4626	4648	8	4627	1607876	768	4615,5,5,0,0,0,0,1,0,0,0,0,0,0,0,0,0,0,0,0,0,0,0,0,0,0,0,0,0,0,0,0,0,0,0,0,0,0,0,0	2,0,0,1,3,0,1,2,1,0,257,2,2047,0,0,0,258,2,0,2,1,2048,0,0,0,0,0,0,0,0,0,0,0,0,0,0,0,0,0,0	2	4645	4627	4645	5	4628	1607879	768	4616,6,4,0,1,0,0,0,0,0,0,0,0,0,0,0,0,0,0,0,0,0,0,0,0,0,0,0,0,0,0,0,0,0,0,0,0,0,0,0	2,1,0,1,3,0,1,2,1,0,257,2,2047,0,0,0,258,2,0,2,1,2048,0,0,0,0,0,0,0,0,0,0,0,0,0,0,0,0,0,0
tb.dut.clusters[0].cluster.sockets[0].socket.cores[0].core.execute.alu_unit.genblk1[0].alu_int.genblk6[2]	12	64	9738	4648	4626	4648	8	4627	1607876	768	4615,5,5,0,0,0,0,1,0,0,0,0,0,0,0,0,0,0,0,0,0,0,0,0,0,0,0,0,0,0,0,0,0,0,0,0,0,0,0,0	2,0,0,1,3,0,1,2,1,0,257,2,2047,0,0,0,258,2,0,2,1,2048,0,0,0,0,0,0,0,0,0,0,0,0,0,0,0,0,0,0	2	4646	4627	4646	5	4628	1607878	768	4616,5,5,0,1,0,0,0,0,0,0,0,0,0,0,0,0,0,0,0,0,0,0,0,0,0,0,0,0,0,0,0,0,0,0,0,0,0,0,0	2,1,0,1,3,0,1,2,1,0,257,2,2047,0,0,0,258,2,0,2,1,2048,0,0,0,0,0,0,0,0,0,0,0,0,0,0,0,0,0,0
tb.dut.clusters[0].cluster.sockets[0].socket.cores[0].core.execute.alu_unit.genblk1[0].alu_int.genblk6[3]	12	64	9628	4648	4626	4648	8	4627	1607876	768	4615,5,5,0,0,0,0,1,0,0,0,0,0,0,0,0,0,0,0,0,0,0,0,0,0,0,0,0,0,0,0,0,0,0,0,0,0,0,0,0	2,0,0,1,3,0,1,2,1,0,257,2,2047,0,0,0,258,2,0,2,1,2048,0,0,0,0,0,0,0,0,0,0,0,0,0,0,0,0,0,0	2	4643	4627	4643	3	4628	1607881	768	4616,6,5,0,0,0,0,0,0,0,0,0,0,0,0,0,0,0,0,0,0,0,0,0,0,0,0,0,0,0,0,0,0,0,0,0,0,0,0,0	2,1,0,1,2,0,1,3,1,0,257,2,2047,0,0,0,258,2,0,2,1,2048,0,0,0,0,0,0,0,0,0,0,0,0,0,0,0,0,0,0
tb.dut.clusters[0].cluster.sockets[0].socket.cores[0].core.execute.alu_unit.genblk1[0].int_commit_if	11	242	192932	25746	7223	25746	8	7223	1586778	756	2,551,4099,516,2053,0,0,2,0,0,0,0,0,0,0,0,0,0,0,0,0,0,0,0,0,0,0,0,0,0,0,0,0,0,0,0,0,0,0,0	272,10,4,8,510,2,2050,256,2049,1,0,0,0,0,0,0,10,1,0,1,1,2048,0,0,0,0,0,0,0,0,0,0,0,0,0,0,0,0,0,0	2	17035	15934	17035	8	15934	1595489	756	14861,1063,2,4,2,0,0,2,0,0,0,0,0,0,0,0,0,0,0,0,0,0,0,0,0,0,0,0,0,0,0,0,0,0,0,0,0,0,0,0	8983,10,4,8,510,2,2050,256,2049,1,0,0,0,0,0,0,10,1,0,1,1,2048,0,0,0,0,0,0,0,0,0,0,0,0,0,0,0,0,0,0
tb.dut.clusters[0].cluster.sockets[0].socket.cores[0].core.execute.alu_unit.genblk1[0].int_execute_if	11	541	125668	25748	7224	25748	8	7224	1586776	756	2,552,4099,516,2053,0,0,2,0,0,0,0,0,0,0,0,0,0,0,0,0,0,0,0,0,0,0,0,0,0,0,0,0,0,0,0,0,0,0,0	273,11,3,8,510,2,2050,256,2049,1,0,0,0,0,0,0,10,1,0,1,1,2048,0,0,0,0,0,0,0,0,0,0,0,0,0,0,0,0,0,0	3	5233	5171	5233	8	5172	1607291	768	5132,30,4,2,1,0,0,2,0,0,0,0,0,0,0,0,0,0,0,0,0,0,0,0,0,0,0,0,0,0,0,0,0,0,0,0,0,0,0,0	14,520,2,2,3,2,3,257,1,1,2,1,2047,0,255,0,10,2,0,1,1,2048,0,0,0,0,0,0,0,0,0,0,0,0,0,0,0,0,0,0
tb.dut.clusters[0].cluster.sockets[0].socket.cores[0].core.execute.alu_unit.genblk1[0].muldiv_commit_if	11	242	14466	14466	13887	14466	8	13887	1598058	756	13329,551,1,4,0,0,0,2,0,0,0,0,0,0,0,0,0,0,0,0,0,0,0,0,0,0,0,0,0,0,0,0,0,0,0,0,0,0,0,0	4372,522,9,2055,510,2049,3,256,2049,1,0,0,0,0,0,0,10,1,0,1,1,2048,0,0,0,0,0,0,0,0,0,0,0,0,0,0,0,0,0,0	2	0	0	0	0	1	1612524	1612524	0,0,0,0,0,0,0,0,0,0,0,0,0,0,0,0,0,0,0,0,0,0,0,0,0,0,0,0,0,0,0,0,0,0,0,0,0,0,0,0	0,0,0,0,0,0,0,0,0,0,0,0,0,0,0,0,0,0,0,0,0,0,0,0,0,0,0,0,0,0,0,0,1,0,0,0,0,0,0,0
tb.dut.clusters[0].cluster.sockets[0].socket.cores[0].core.execute.alu_unit.genblk1[0].muldiv_execute_if	11	541	111198	25743	7221	25743	8	7222	1586781	756	0,551,4099,517,2052,0,0,2,0,0,0,0,0,0,0,0,0,0,0,0,0,0,0,0,0,0,0,0,0,0,0,0,0,0,0,0,0,0,0,0	272,10,3,7,511,2,2050,256,2049,1,0,0,0,0,0,0,10,1,0,1,1,2048,0,0,0,0,0,0,0,0,0,0,0,0,0,0,0,0,0,0	3	4716	4654	4716	8	4655	1607808	768	4615,30,4,2,1,0,0,2,0,0,0,0,0,0,0,0,0,0,0,0,0,0,0,0,0,0,0,0,0,0,0,0,0,0,0,0,0,0,0,0	14,6,1,1,3,0,2,2,1,1,258,2,2047,0,0,0,265,2,0,1,1,2048,0,0,0,0,0,0,0,0,0,0,0,0,0,0,0,0,0,0
tb.dut.clusters[0].cluster.sockets[0].socket.cores[0].core.execute.alu_unit.genblk1[0].muldiv_unit	11	2378	247362	53512	7213	53512	25	7213	1559012	752	2,269,263,0,1,13,4095,255,2050,0,259,3,0,0,1,0,2,0,0,0,0,0,0,0,0,0,0,0,0,0,0,0,0,0,0,0,0,0,0,0	793,2,2050,256,2049,1,0,0,0,0,0,0,4,3,0,0,5,0,0,1,1,2048,0,0,0,0,0,0,0,0,0,0,0,0,0,0,0,0,0,0	12	6762	6703	6762	8	6704	1605762	764	6667,27,4,2,1,0,0,2,0,0,0,0,0,0,0,0,0,0,0,0,0,0,0,0,0,0,0,0,0,0,0,0,0,0,0,0,0,0,0,0	16,6,2049,0,4,0,2,2,1,0,257,3,2047,1,0,0,264,2,0,1,1,2048,0,0,0,0,0,0,0,0,0,0,0,0,0,0,0,0,0,0
tb.dut.clusters[0].cluster.sockets[0].socket.cores[0].core.execute.alu_unit.genblk1[0].muldiv_unit.commit_if	12	242	14466	14466	13887	14466	8	13887	1598058	756	13329,551,1,4,0,0,0,2,0,0,0,0,0,0,0,0,0,0,0,0,0,0,0,0,0,0,0,0,0,0,0,0,0,0,0,0,0,0,0,0	4372,522,9,2055,510,2049,3,256,2049,1,0,0,0,0,0,0,10,1,0,1,1,2048,0,0,0,0,0,0,0,0,0,0,0,0,0,0,0,0,0,0	2	0	0	0	0	1	1612524	1612524	0,0,0,0,0,0,0,0,0,0,0,0,0,0,0,0,0,0,0,0,0,0,0,0,0,0,0,0,0,0,0,0,0,0,0,0,0,0,0,0	0,0,0,0,0,0,0,0,0,0,0,0,0,0,0,0,0,0,0,0,0,0,0,0,0,0,0,0,0,0,0,0,1,0,0,0,0,0,0,0
tb.dut.clusters[0].cluster.sockets[0].socket.cores[0].core.execute.alu_unit.genblk1[0].muldiv_unit.execute_if	12	541	111198	25743	7221	25743	8	7222	1586781	756	0,551,4099,517,2052,0,0,2,0,0,0,0,0,0,0,0,0,0,0,0,0,0,0,0,0,0,0,0,0,0,0,0,0,0,0,0,0,0,0,0	272,10,3,7,511,2,2050,256,2049,1,0,0,0,0,0,0,10,1,0,1,1,2048,0,0,0,0,0,0,0,0,0,0,0,0,0,0,0,0,0,0	3	4716	4654	4716	8	4655	1607808	768	4615,30,4,2,1,0,0,2,0,0,0,0,0,0,0,0,0,0,0,0,0,0,0,0,0,0,0,0,0,0,0,0,0,0,0,0,0,0,0,0	14,6,1,1,3,0,2,2,1,1,258,2,2047,0,0,0,265,2,0,1,1,2048,0,0,0,0,0,0,0,0,0,0,0,0,0,0,0,0,0,0
tb.dut.clusters[0].cluster.sockets[0].socket.cores[0].core.execute.alu_unit.genblk1[0].muldiv_unit.genblk2[0]	12	66	4826	2403	2346	2403	8	2347	1610121	782	2309,29,3,2,1,1,0,1,0,0,0,0,0,0,0,0,0,0,0,0,0,0,0,0,0,0,0,0,0,0,0,0,0,0,0,0,0,0,0,0	13,6,1,0,1,0,3,2,1,0,2,1,1,0,0,0,264,1,1,1,1,2048,0,0,0,0,0,0,0,0,0,0,0,0,0,0,0,0,0,0	2	1200	1184	1200	3	1185	1611324	1565	1171,10,3,0,0,0,0,0,0,0,0,0,0,0,0,0,0,0,0,0,0,0,0,0,0,0,0,0,0,0,0,0,0,0,0,0,0,0,0,0	7,1,0,6,1,0,1,1,1,0,0,1,0,0,0,1,9,127,2,1,1,2,1023,0,0,0,0,0,0,0,0,0,0,0,0,0,0,0,0,0
tb.dut.clusters[0].cluster.sockets[0].socket.cores[0].core.execute.alu_unit.genblk1[0].muldiv_unit.genblk2[1]	12	66	4834	2405	2346	2405	8	2347	1610119	782	2310,27,4,2,1,0,0,2,0,0,0,0,0,0,0,0,0,0,0,0,0,0,0,0,0,0,0,0,0,0,0,0,0,0,0,0,0,0,0,0	14,6,1,0,2,0,2,2,1,0,3,1,0,0,0,0,264,1,0,1,1,2048,0,0,0,0,0,0,0,0,0,0,0,0,0,0,0,0,0,0	2	1200	1185	1200	3	1186	1611324	1565	1173,9,3,0,0,0,0,0,0,0,0,0,0,0,0,0,0,0,0,0,0,0,0,0,0,0,0,0,0,0,0,0,0,0,0,0,0,0,0,0	8,2,0,6,1,0,1,1,1,0,0,1,1,0,0,0,9,127,1,1,1,2,1023,0,0,0,0,0,0,0,0,0,0,0,0,0,0,0,0,0
tb.dut.clusters[0].cluster.sockets[0].socket.cores[0].core.execute.alu_unit.genblk1[0].muldiv_unit.genblk2[2]	12	66	4840	2405	2346	2405	8	2347	1610119	782	2310,27,4,2,1,0,0,2,0,0,0,0,0,0,0,0,0,0,0,0,0,0,0,0,0,0,0,0,0,0,0,0,0,0,0,0,0,0,0,0	14,6,1,0,2,0,2,2,1,0,3,1,0,0,0,0,264,1,0,1,1,2048,0,0,0,0,0,0,0,0,0,0,0,0,0,0,0,0,0,0	2	1201	1185	1201	3	1186	1611323	1565	1173,8,4,0,0,0,0,0,0,0,0,0,0,0,0,0,0,0,0,0,0,0,0,0,0,0,0,0,0,0,0,0,0,0,0,0,0,0,0,0	8,2,0,6,1,0,2,0,1,0,0,1,1,0,0,0,9,127,1,1,1,2,1023,0,0,0,0,0,0,0,0,0,0,0,0,0,0,0,0,0
tb.dut.clusters[0].cluster.sockets[0].socket.cores[0].core.execute.alu_unit.genblk1[0].muldiv_unit.genblk2[3]	12	66	4852	2405	2346	2405	8	2347	1610119	782	2310,27,4,2,1,0,0,2,0,0,0,0,0,0,0,0,0,0,0,0,0,0,0,0,0,0,0,0,0,0,0,0,0,0,0,0,0,0,0,0	14,6,1,0,2,0,2,2,1,0,3,1,0,0,0,0,264,1,0,1,1,2048,0,0,0,0,0,0,0,0,0,0,0,0,0,0,0,0,0,0	2	1205	1187	1205	3	1188	1611319	1565	1174,8,5,0,0,0,0,0,0,0,0,0,0,0,0,0,0,0,0,0,0,0,0,0,0,0,0,0,0,0,0,0,0,0,0,0,0,0,0,0	8,2,1,6,2,0,2,0,1,0,1,1,0,0,0,0,9,127,1,1,1,2,1023,0,0,0,0,0,0,0,0,0,0,0,0,0,0,0,0,0
tb.dut.clusters[0].cluster.sockets[0].socket.cores[0].core.execute.alu_unit.per_block_commit_if[0]	10	242	467636	27800	7222	27800	9	7223	1584724	756	1,552,4098,512,9,2047,0,1,2,0,0,0,0,0,0,0,0,0,0,0,0,0,0,0,0,0,0,0,0,0,0,0,0,0,0,0,0,0,0,0	272,12,2,9,510,2048,4,255,2049,1,0,0,0,0,0,0,10,1,0,1,1,2048,0,0,0,0,0,0,0,0,0,0,0,0,0,0,0,0,0,0	2	17033	15941	17033	8	15942	1595491	756	14867,1065,6,0,2,0,0,1,0,0,0,0,0,0,0,0,0,0,0,0,0,0,0,0,0,0,0,0,0,0,0,0,0,0,0,0,0,0,0,0	6943,2060,2,9,510,2048,4,255,2049,1,0,0,0,0,0,0,10,1,0,1,1,2048,0,0,0,0,0,0,0,0,0,0,0,0,0,0,0,0,0,0
tb.dut.clusters[0].cluster.sockets[0].socket.cores[0].core.execute.alu_unit.per_block_execute_if[0]	10	541	125668	25748	7224	25748	8	7224	1586776	756	2,552,4099,516,2053,0,0,2,0,0,0,0,0,0,0,0,0,0,0,0,0,0,0,0,0,0,0,0,0,0,0,0,0,0,0,0,0,0,0,0	273,11,3,8,510,2,2050,256,2049,1,0,0,0,0,0,0,10,1,0,1,1,2048,0,0,0,0,0,0,0,0,0,0,0,0,0,0,0,0,0,0	3	5233	5171	5233	8	5172	1607291	768	5132,30,4,2,1,0,0,2,0,0,0,0,0,0,0,0,0,0,0,0,0,0,0,0,0,0,0,0,0,0,0,0,0,0,0,0,0,0,0,0	14,520,2,2,3,2,3,257,1,1,2,1,2047,0,255,0,10,2,0,1,1,2048,0,0,0,0,0,0,0,0,0,0,0,0,0,0,0,0,0,0
tb.dut.clusters[0].cluster.sockets[0].socket.cores[0].core.execute.branch_ctl_if[0]	9	35	68091	25743	7222	25743	8	7223	1586781	756	1,551,4100,516,2052,0,0,2,0,0,0,0,0,0,0,0,0,0,0,0,0,0,0,0,0,0,0,0,0,0,0,0,0,0,0,0,0,0,0,0	273,10,3,8,510,2,2050,256,2049,1,0,0,0,0,0,0,10,1,0,1,1,2048,0,0,0,0,0,0,0,0,0,0,0,0,0,0,0,0,0,0	2	12404	11572	12404	8	11573	1600120	756	10764,799,3,3,1,0,0,2,0,0,0,0,0,0,0,0,0,0,0,0,0,0,0,0,0,0,0,0,0,0,0,0,0,0,0,0,0,0,0,0	4626,7,2,4,257,2,2050,511,3,2,1,0,2047,0,0,0,9,2,0,1,1,2048,0,0,0,0,0,0,0,0,0,0,0,0,0,0,0,0,0,0
tb.dut.clusters[0].cluster.sockets[0].socket.cores[0].core.execute.commit_csr_if	9	44	1085830	542920	521350	542920	8	521351	1069604	327	514657,2074,515,2053,1,0,2047,3,0,0,0,0,0,0,0,0,0,0,0,0,0,0,0,0,0,0,0,0,0,0,0,0,0,0,0,0,0,0,0,0	51,516367,2071,5,7,509,27,3,254,4,2,2047,1,0,1,0,1,0,0,0,1,0,0,0,0,0,0,0,0,0,0,0,0,0,0,0,0,0,0,0	2	271460	271460	271460	1	271461	1341064	333	271460,0,0,0,0,0,0,0,0,0,0,0,0,0,0,0,0,0,0,0,0,0,0,0,0,0,0,0,0,0,0,0,0,0,0,0,0,0,0,0	8694,23,2072,4,256012,2062,21,2,248,11,3,0,2046,0,15,243,4,0,0,0,1,0,0,0,0,0,0,0,0,0,0,0,0,0,0,0,0,0,0,0
tb.dut.clusters[0].cluster.sockets[0].socket.cores[0].core.execute.commit_if[0]	9	242	467636	27800	7222	27800	9	7223	1584724	756	1,552,4098,512,9,2047,0,1,2,0,0,0,0,0,0,0,0,0,0,0,0,0,0,0,0,0,0,0,0,0,0,0,0,0,0,0,0,0,0,0	272,12,2,9,510,2048,4,255,2049,1,0,0,0,0,0,0,10,1,0,1,1,2048,0,0,0,0,0,0,0,0,0,0,0,0,0,0,0,0,0,0	2	17033	15941	17033	8	15942	1595491	756	14867,1065,6,0,2,0,0,1,0,0,0,0,0,0,0,0,0,0,0,0,0,0,0,0,0,0,0,0,0,0,0,0,0,0,0,0,0,0,0,0	6943,2060,2,9,510,2048,4,255,2049,1,0,0,0,0,0,0,10,1,0,1,1,2048,0,0,0,0,0,0,0,0,0,0,0,0,0,0,0,0,0,0
tb.dut.clusters[0].cluster.sockets[0].socket.cores[0].core.execute.commit_if[1]	9	242	297	69	32	69	6	33	1612455	1604327	0,30,1,0,0,1,0,0,0,0,0,0,0,0,0,0,0,0,0,0,0,0,0,0,0,0,0,0,0,0,0,0,0,0,0,0,0,0,0,0	0,0,0,0,1,26,0,0,0,0,0,0,0,0,0,0,0,0,3,1,0,0,0,0,1,0,0,0,0,0,0,0,1,0,0,0,0,0,0,0	2	68	33	68	4	34	1612456	1604327	1,30,1,1,0,0,0,0,0,0,0,0,0,0,0,0,0,0,0,0,0,0,0,0,0,0,0,0,0,0,0,0,0,0,0,0,0,0,0,0	1,0,0,0,1,26,0,0,0,0,0,0,0,0,0,0,0,0,3,1,0,0,0,0,1,0,0,0,0,0,0,0,1,0,0,0,0,0,0,0
tb.dut.clusters[0].cluster.sockets[0].socket.cores[0].core.execute.commit_if[2]	9	242	116	18	5	18	5	6	1612506	1612089	0,2,0,1,2,0,0,0,0,0,0,0,0,0,0,0,0,0,0,0,0,0,0,0,0,0,0,0,0,0,0,0,0,0,0,0,0,0,0,0	0,0,0,0,1,0,0,0,0,0,0,0,1,1,0,0,1,0,0,0,1,0,0,0,0,0,0,0,0,0,0,0,1,0,0,0,0,0,0,0	2	15	8	15	5	9	1612509	1612089	4,3,0,0,1,0,0,0,0,0,0,0,0,0,0,0,0,0,0,0,0,0,0,0,0,0,0,0,0,0,0,0,0,0,0,0,0,0,0,0	3,0,0,0,1,0,0,0,0,0,0,0,1,1,0,0,1,0,0,0,1,0,0,0,0,0,0,0,0,0,0,0,1,0,0,0,0,0,0,0
tb.dut.clusters[0].cluster.sockets[0].socket.cores[0].core.execute.commit_if[3]	9	242	80130096	1310883	266295	1310883	8	266296	301641	8240	2051,4127,5,3,260107,0,0,2,0,0,0,0,0,0,0,0,0,0,0,0,0,0,0,0,0,0,0,0,0,0,0,0,0,0,0,0,0,0,0,0	262163,21,2059,2,1,0,0,0,0,0,1,2046,0,0,0,1,0,0,0,0,1,0,0,0,0,1,0,0,0,0,0,0,0,0,0,0,0,0,0,0	2	1310876	266302	1310876	8	266303	301648	8240	2051,4141,5,3,260100,0,0,2,0,0,0,0,0,0,0,0,0,0,0,0,0,0,0,0,0,0,0,0,0,0,0,0,0,0,0,0,0,0,0,0	262170,21,2059,2,1,0,0,0,0,0,1,2046,0,0,0,1,0,0,0,0,1,0,0,0,0,1,0,0,0,0,0,0,0,0,0,0,0,0,0,0
tb.dut.clusters[0].cluster.sockets[0].socket.cores[0].core.execute.dispatch_if[0]	9	474	125668	25748	7224	25748	8	7224	1586776	756	2,552,4099,516,2053,0,0,2,0,0,0,0,0,0,0,0,0,0,0,0,0,0,0,0,0,0,0,0,0,0,0,0,0,0,0,0,0,0,0,0	273,11,3,8,510,2,2050,256,2049,1,0,0,0,0,0,0,10,1,0,1,1,2048,0,0,0,0,0,0,0,0,0,0,0,0,0,0,0,0,0,0	3	5233	5171	5233	8	5172	1607291	768	5132,30,4,2,1,0,0,2,0,0,0,0,0,0,0,0,0,0,0,0,0,0,0,0,0,0,0,0,0,0,0,0,0,0,0,0,0,0,0,0	14,520,2,2,3,2,3,257,1,1,2,1,2047,0,255,0,10,2,0,1,1,2048,0,0,0,0,0,0,0,0,0,0,0,0,0,0,0,0,0,0
tb.dut.clusters[0].cluster.sockets[0].socket.cores[0].core.execute.dispatch_if[1]	9	474	2414	73	34	73	8	34	1612451	1604317	1,32,0,0,0,0,0,1,0,0,0,0,0,0,0,0,0,0,0,0,0,0,0,0,0,0,0,0,0,0,0,0,0,0,0,0,0,0,0,0	0,0,1,1,0,27,0,0,0,0,0,0,0,0,0,0,0,0,2,1,0,0,0,0,1,0,0,0,0,0,0,0,1,0,0,0,0,0,0,0	3	38	31	38	8	32	1612486	1604323	30,0,0,0,0,0,0,1,0,0,0,0,0,0,0,0,0,0,0,0,0,0,0,0,0,0,0,0,0,0,0,0,0,0,0,0,0,0,0,0	0,0,0,0,1,0,25,0,0,0,0,0,0,0,1,0,0,0,2,1,0,0,0,0,1,0,0,0,0,0,0,0,1,0,0,0,0,0,0,0
tb.dut.clusters[0].cluster.sockets[0].socket.cores[0].core.execute.dispatch_if[2]	9	474	100	21	7	21	5	7	1612503	1612089	1,3,0,1,2,0,0,0,0,0,0,0,0,0,0,0,0,0,0,0,0,0,0,0,0,0,0,0,0,0,0,0,0,0,0,0,0,0,0,0	0,0,1,0,1,0,0,0,0,0,0,0,0,1,0,0,2,0,0,0,1,0,0,0,0,0,0,0,0,0,0,0,1,0,0,0,0,0,0,0	3	6	5	6	2	6	1612518	1612093	4,1,0,0,0,0,0,0,0,0,0,0,0,0,0,0,0,0,0,0,0,0,0,0,0,0,0,0,0,0,0,0,0,0,0,0,0,0,0,0	0,1,0,0,0,0,0,0,0,0,0,0,0,0,0,0,3,0,0,0,1,0,0,0,0,0,0,0,0,0,0,0,1,0,0,0,0,0,0,0
tb.dut.clusters[0].cluster.sockets[0].socket.cores[0].core.execute.dispatch_if[3]	9	474	72213025	1050781	522296	1050781	32	522296	561743	8245	3,520239,0,3,2048,0,0,2,0,0,0,0,0,0,0,0,1,0,0,0,0,0,0,0,0,0,0,0,0,0,0,0,0,0,0,0,0,0,0,0	520215,19,2,6,3,1,0,0,0,0,0,0,0,0,1,2046,1,0,0,0,1,0,0,0,0,1,0,0,0,0,0,0,0,0,0,0,0,0,0,0	3	583822	524352	583822	8	524353	1028702	8245	466946,55353,2048,2,2,0,0,1,0,0,0,0,0,0,0,0,0,0,0,0,0,0,0,0,0,0,0,0,0,0,0,0,0,0,0,0,0,0,0,0	57377,464914,2,6,3,1,0,0,0,0,0,0,0,0,1,2046,1,0,0,0,1,0,0,0,0,1,0,0,0,0,0,0,0,0,0,0,0,0,0,0
tb.dut.clusters[0].cluster.sockets[0].socket.cores[0].core.execute.fpu_csr_if[0]	9	13	4206360	1577177	6188	1577177	766	6189	35347	8240	1,4114,3,0,2,11,1,1,0,0,1,0,0,0,6,0,0,0,0,0,0,2048,0,0,0,0,0,0,0,0,0,0,0,0,0,0,0,0,0,0	4137,1,1,0,0,0,0,0,0,1,2046,0,0,0,1,0,0,0,0,0,1,0,0,0,0,1,0,0,0,0,0,0,0,0,0,0,0,0,0,0	2	1529640	47271	1529640	671	47272	82884	8240	2055,20485,11,39,22501,0,0,0,0,1,0,2,0,0,0,0,3,2,29,60,102,1981,0,0,0,0,0,0,0,0,0,0,0,0,0,0,0,0,0,0	42975,159,2060,6,10,10,0,1,0,2,0,2046,0,0,0,0,1,0,0,0,1,0,0,0,0,1,0,0,0,0,0,0,0,0,0,0,0,0,0,0
tb.dut.clusters[0].cluster.sockets[0].socket.cores[0].core.execute.fpu_unit	9	182049	6099638923	1581325	2053	1581325	1012	2053	31199	8240	2,0,0,0,1,0,0,0,0,0,2,0,0,0,0,0,0,0,0,0,0,2048,0,0,0,0,0,0,0,0,0,0,0,0,0,0,0,0,0,0	0,1,1,0,0,0,0,0,0,1,2046,0,0,0,2,0,0,0,0,0,1,0,0,0,0,1,0,0,0,0,0,0,0,0,0,0,0,0,0,0	911	1577148	4155	1577148	768	4156	35376	8241	1,2076,13,5,0,4,3,0,2,2,0,0,1,0,0,0,0,0,0,0,0,2048,0,0,0,0,0,0,0,0,0,0,0,0,0,0,0,0,0,0	2091,13,1,1,0,0,0,0,0,0,1,2046,0,0,0,1,0,0,0,0,1,0,0,0,0,1,0,0,0,0,0,0,0,0,0,0,0,0,0,0
tb.dut.clusters[0].cluster.sockets[0].socket.cores[0].core.execute.fpu_unit.commit_if[0]	10	242	80130096	1310883	266295	1310883	8	266296	301641	8240	2051,4127,5,3,260107,0,0,2,0,0,0,0,0,0,0,0,0,0,0,0,0,0,0,0,0,0,0,0,0,0,0,0,0,0,0,0,0,0,0,0	262163,21,2059,2,1,0,0,0,0,0,1,2046,0,0,0,1,0,0,0,0,1,0,0,0,0,1,0,0,0,0,0,0,0,0,0,0,0,0,0,0	2	1310876	266302	1310876	8	266303	301648	8240	2051,4141,5,3,260100,0,0,2,0,0,0,0,0,0,0,0,0,0,0,0,0,0,0,0,0,0,0,0,0,0,0,0,0,0,0,0,0,0,0,0	262170,21,2059,2,1,0,0,0,0,0,1,2046,0,0,0,1,0,0,0,0,1,0,0,0,0,1,0,0,0,0,0,0,0,0,0,0,0,0,0,0
tb.dut.clusters[0].cluster.sockets[0].socket.cores[0].core.execute.fpu_unit.dispatch_if[0]	10	474	72213025	1050781	522296	1050781	32	522296	561743	8245	3,520239,0,3,2048,0,0,2,0,0,0,0,0,0,0,0,1,0,0,0,0,0,0,0,0,0,0,0,0,0,0,0,0,0,0,0,0,0,0,0	520215,19,2,6,3,1,0,0,0,0,0,0,0,0,1,2046,1,0,0,0,1,0,0,0,0,1,0,0,0,0,0,0,0,0,0,0,0,0,0,0	3	583822	524352	583822	8	524353	1028702	8245	466946,55353,2048,2,2,0,0,1,0,0,0,0,0,0,0,0,0,0,0,0,0,0,0,0,0,0,0,0,0,0,0,0,0,0,0,0,0,0,0,0	57377,464914,2,6,3,1,0,0,0,0,0,0,0,0,1,2046,1,0,0,0,1,0,0,0,0,1,0,0,0,0,0,0,0,0,0,0,0,0,0,0
tb.dut.clusters[0].cluster.sockets[0].socket.cores[0].core.execute.fpu_unit.dispatch_unit	10	2375	291051249	1050783	522297	1050783	32	522297	561741	8245	3,520240,0,3,2048,0,0,2,0,0,0,0,0,0,0,0,1,0,0,0,0,0,0,0,0,0,0,0,0,0,0,0,0,0,0,0,0,0,0,0	520215,20,1,6,3,1,0,0,0,0,0,0,0,0,1,2047,1,0,0,0,1,0,0,0,0,1,0,0,0,0,0,0,0,0,0,0,0,0,0,0	12	583823	524352	583823	8	524353	1028701	8245	466946,55353,2048,2,1,1,0,1,0,0,0,0,0,0,0,0,0,0,0,0,0,0,0,0,0,0,0,0,0,0,0,0,0,0,0,0,0,0,0,0	57378,464913,2,6,3,1,0,0,0,0,0,0,0,0,1,2046,1,0,0,0,1,0,0,0,0,1,0,0,0,0,0,0,0,0,0,0,0,0,0,0
tb.dut.clusters[0].cluster.sockets[0].socket.cores[0].core.execute.fpu_unit.dispatch_unit.dispatch_if[0]	11	474	72213025	1050781	522296	1050781	32	522296	561743	8245	3,520239,0,3,2048,0,0,2,0,0,0,0,0,0,0,0,1,0,0,0,0,0,0,0,0,0,0,0,0,0,0,0,0,0,0,0,0,0,0,0	520215,19,2,6,3,1,0,0,0,0,0,0,0,0,1,2046,1,0,0,0,1,0,0,0,0,1,0,0,0,0,0,0,0,0,0,0,0,0,0,0	3	583822	524352	583822	8	524353	1028702	8245	466946,55353,2048,2,2,0,0,1,0,0,0,0,0,0,0,0,0,0,0,0,0,0,0,0,0,0,0,0,0,0,0,0,0,0,0,0,0,0,0,0	57377,464914,2,6,3,1,0,0,0,0,0,0,0,0,1,2046,1,0,0,0,1,0,0,0,0,1,0,0,0,0,0,0,0,0,0,0,0,0,0,0
tb.dut.clusters[0].cluster.sockets[0].socket.cores[0].core.execute.fpu_unit.dispatch_unit.execute_if[0]	11	541	72213025	1050781	522296	1050781	32	522296	561743	8245	3,520239,0,3,2048,0,0,2,0,0,0,0,0,0,0,0,1,0,0,0,0,0,0,0,0,0,0,0,0,0,0,0,0,0,0,0,0,0,0,0	520215,19,2,6,3,1,0,0,0,0,0,0,0,0,1,2046,1,0,0,0,1,0,0,0,0,1,0,0,0,0,0,0,0,0,0,0,0,0,0,0	3	583822	524352	583822	8	524353	1028702	8245	466946,55353,2048,2,2,0,0,1,0,0,0,0,0,0,0,0,0,0,0,0,0,0,0,0,0,0,0,0,0,0,0,0,0,0,0,0,0,0,0,0	57377,464914,2,6,3,1,0,0,0,0,0,0,0,0,1,2046,1,0,0,0,1,0,0,0,0,1,0,0,0,0,0,0,0,0,0,0,0,0,0,0
tb.dut.clusters[0].cluster.sockets[0].socket.cores[0].core.execute.fpu_unit.dispatch_unit.genblk5[0]	11	7	1995217	1050783	522297	1050783	32	522297	561741	8245	3,520240,0,3,2048,0,0,2,0,0,0,0,0,0,0,0,1,0,0,0,0,0,0,0,0,0,0,0,0,0,0,0,0,0,0,0,0,0,0,0	520215,20,1,6,3,1,0,0,0,0,0,0,0,0,1,2047,1,0,0,0,1,0,0,0,0,1,0,0,0,0,0,0,0,0,0,0,0,0,0,0	2	583823	524352	583823	8	524353	1028701	8245	466946,55353,2048,2,1,1,0,1,0,0,0,0,0,0,0,0,0,0,0,0,0,0,0,0,0,0,0,0,0,0,0,0,0,0,0,0,0,0,0,0	57378,464911,2,6,4,2,0,0,0,0,0,0,0,0,1,2046,1,0,0,0,1,0,0,0,0,1,0,0,0,0,0,0,0,0,0,0,0,0,0,0
tb.dut.clusters[0].cluster.sockets[0].socket.cores[0].core.execute.fpu_unit.fpu_csr_if[0]	10	13	4206360	1577177	6188	1577177	766	6189	35347	8240	1,4114,3,0,2,11,1,1,0,0,1,0,0,0,6,0,0,0,0,0,0,2048,0,0,0,0,0,0,0,0,0,0,0,0,0,0,0,0,0,0	4137,1,1,0,0,0,0,0,0,1,2046,0,0,0,1,0,0,0,0,0,1,0,0,0,0,1,0,0,0,0,0,0,0,0,0,0,0,0,0,0	2	1529640	47271	1529640	671	47272	82884	8240	2055,20485,11,39,22501,0,0,0,0,1,0,2,0,0,0,0,3,2,29,60,102,1981,0,0,0,0,0,0,0,0,0,0,0,0,0,0,0,0,0,0	42975,159,2060,6,10,10,0,1,0,2,0,2046,0,0,0,0,1,0,0,0,1,0,0,0,0,1,0,0,0,0,0,0,0,0,0,0,0,0,0,0
tb.dut.clusters[0].cluster.sockets[0].socket.cores[0].core.execute.fpu_unit.gather_unit	10	1472	473722846	1310885	266297	1310885	8	266298	301639	8240	2053,4127,5,3,260107,0,0,2,0,0,0,0,0,0,0,0,0,0,0,0,0,0,0,0,0,0,0,0,0,0,0,0,0,0,0,0,0,0,0,0	262164,21,2060,2,0,0,0,0,0,0,1,2046,0,0,0,1,1,0,0,0,1,0,0,0,0,1,0,0,0,0,0,0,0,0,0,0,0,0,0,0	8	1310876	266302	1310876	8	266303	301648	8240	2051,4141,5,3,260100,0,0,2,0,0,0,0,0,0,0,0,0,0,0,0,0,0,0,0,0,0,0,0,0,0,0,0,0,0,0,0,0,0,0,0	262170,21,2059,2,1,0,0,0,0,0,1,2046,0,0,0,1,0,0,0,0,1,0,0,0,0,1,0,0,0,0,0,0,0,0,0,0,0,0,0,0
tb.dut.clusters[0].cluster.sockets[0].socket.cores[0].core.execute.fpu_unit.gather_unit.commit_in_if[0]	11	242	80130096	1310883	266295	1310883	8	266296	301641	8240	2051,4127,5,3,260107,0,0,2,0,0,0,0,0,0,0,0,0,0,0,0,0,0,0,0,0,0,0,0,0,0,0,0,0,0,0,0,0,0,0,0	262163,21,2059,2,1,0,0,0,0,0,1,2046,0,0,0,1,0,0,0,0,1,0,0,0,0,1,0,0,0,0,0,0,0,0,0,0,0,0,0,0	2	1310876	266302	1310876	8	266303	301648	8240	2051,4141,5,3,260100,0,0,2,0,0,0,0,0,0,0,0,0,0,0,0,0,0,0,0,0,0,0,0,0,0,0,0,0,0,0,0,0,0,0,0	262170,21,2059,2,1,0,0,0,0,0,1,2046,0,0,0,1,0,0,0,0,1,0,0,0,0,1,0,0,0,0,0,0,0,0,0,0,0,0,0,0
tb.dut.clusters[0].cluster.sockets[0].socket.cores[0].core.execute.fpu_unit.gather_unit.commit_out_if[0]	11	242	80130096	1310883	266295	1310883	8	266296	301641	8240	2051,4127,5,3,260107,0,0,2,0,0,0,0,0,0,0,0,0,0,0,0,0,0,0,0,0,0,0,0,0,0,0,0,0,0,0,0,0,0,0,0	262163,21,2059,2,1,0,0,0,0,0,1,2046,0,0,0,1,0,0,0,0,1,0,0,0,0,1,0,0,0,0,0,0,0,0,0,0,0,0,0,0	2	1310876	266302	1310876	8	266303	301648	8240	2051,4141,5,3,260100,0,0,2,0,0,0,0,0,0,0,0,0,0,0,0,0,0,0,0,0,0,0,0,0,0,0,0,0,0,0,0,0,0,0,0	262170,21,2059,2,1,0,0,0,0,0,1,2046,0,0,0,1,0,0,0,0,1,0,0,0,0,1,0,0,0,0,0,0,0,0,0,0,0,0,0,0
tb.dut.clusters[0].cluster.sockets[0].socket.cores[0].core.execute.fpu_unit.gather_unit.genblk5[0]	11	374	153202460	1310883	266295	1310883	8	266296	301641	8240	2051,4127,5,3,260107,0,0,2,0,0,0,0,0,0,0,0,0,0,0,0,0,0,0,0,0,0,0,0,0,0,0,0,0,0,0,0,0,0,0,0	262163,21,2059,2,1,0,0,0,0,0,1,2046,0,0,0,1,0,0,0,0,1,0,0,0,0,1,0,0,0,0,0,0,0,0,0,0,0,0,0,0	2	1310876	266302	1310876	8	266303	301648	8240	2051,4141,5,3,260100,0,0,2,0,0,0,0,0,0,0,0,0,0,0,0,0,0,0,0,0,0,0,0,0,0,0,0,0,0,0,0,0,0,0,0	262170,21,2059,2,1,0,0,0,0,0,1,2046,0,0,0,1,0,0,0,0,1,0,0,0,0,1,0,0,0,0,0,0,0,0,0,0,0,0,0,0
tb.dut.clusters[0].cluster.sockets[0].socket.cores[0].core.execute.fpu_unit.gather_unit.genblk5[0].commit_tmp_if	12	242	80130096	1310883	266295	1310883	8	266296	301641	8240	2051,4127,5,3,260107,0,0,2,0,0,0,0,0,0,0,0,0,0,0,0,0,0,0,0,0,0,0,0,0,0,0,0,0,0,0,0,0,0,0,0	262163,21,2059,2,1,0,0,0,0,0,1,2046,0,0,0,1,0,0,0,0,1,0,0,0,0,1,0,0,0,0,0,0,0,0,0,0,0,0,0,0	2	1310876	266302	1310876	8	266303	301648	8240	2051,4141,5,3,260100,0,0,2,0,0,0,0,0,0,0,0,0,0,0,0,0,0,0,0,0,0,0,0,0,0,0,0,0,0,0,0,0,0,0,0	262170,21,2059,2,1,0,0,0,0,0,1,2046,0,0,0,1,0,0,0,0,1,0,0,0,0,1,0,0,0,0,0,0,0,0,0,0,0,0,0,0
tb.dut.clusters[0].cluster.sockets[0].socket.cores[0].core.execute.fpu_unit.genblk1[0]	10	176528	5025972224	1581325	2053	1581325	1012	2053	31199	8240	2,0,0,0,1,0,0,0,0,0,2,0,0,0,0,0,0,0,0,0,0,2048,0,0,0,0,0,0,0,0,0,0,0,0,0,0,0,0,0,0	0,1,1,0,0,0,0,0,0,1,2046,0,0,0,2,0,0,0,0,0,1,0,0,0,0,1,0,0,0,0,0,0,0,0,0,0,0,0,0,0	883	1577134	4166	1577134	768	4167	35390	8241	1,2083,13,5,1,8,1,1,0,2,1,1,0,0,0,0,0,1,0,0,0,2048,0,0,0,0,0,0,0,0,0,0,0,0,0,0,0,0,0,0	2100,14,2,1,0,0,0,0,0,0,1,2046,0,0,0,1,0,0,0,0,1,0,0,0,0,1,0,0,0,0,0,0,0,0,0,0,0,0,0,0
tb.dut.clusters[0].cluster.sockets[0].socket.cores[0].core.execute.fpu_unit.genblk1[0].fpu_fpnew	11	176324	4936294604	1581324	2052	1581324	1012	2053	31200	8240	1,0,0,0,1,0,0,0,0,0,2,0,0,0,0,0,0,0,0,0,0,2048,0,0,0,0,0,0,0,0,0,0,0,0,0,0,0,0,0,0	0,0,2,0,0,0,0,0,0,1,2046,0,0,0,2,0,0,0,0,0,1,0,0,0,0,1,0,0,0,0,0,0,0,0,0,0,0,0,0,0	882	1577133	4167	1577133	768	4168	35391	8241	1,2085,13,5,0,8,1,1,0,2,1,1,0,0,0,0,0,1,0,0,0,2048,0,0,0,0,0,0,0,0,0,0,0,0,0,0,0,0,0,0	2101,14,2,1,0,0,0,0,0,0,1,2046,0,0,0,1,0,0,0,0,1,0,0,0,0,1,0,0,0,0,0,0,0,0,0,0,0,0,0,0
tb.dut.clusters[0].cluster.sockets[0].socket.cores[0].core.execute.fpu_unit.genblk1[0].fpu_fpnew.genblk3[0]	12	43590	1159415364	1581322	2052	1581322	1012	2053	31202	8240	1,0,0,0,1,0,0,0,0,2,0,0,0,0,0,0,0,0,0,0,0,2048,0,0,0,0,0,0,0,0,0,0,0,0,0,0,0,0,0,0	0,0,1,1,0,0,0,0,0,1,2046,0,0,0,1,1,0,0,0,0,1,0,0,0,0,1,0,0,0,0,0,0,0,0,0,0,0,0,0,0	218	1575280	6021	1575280	768	6022	37244	8241	2,2107,14,3,27,7,1,8,0,2,44,1,0,17,0,0,114,200,380,689,958,1447,0,0,0,0,0,0,0,0,0,0,0,0,0,0,0,0,0,0	3956,13,2,1,0,0,0,0,0,0,1,2046,0,0,0,1,0,0,0,0,1,0,0,0,0,1,0,0,0,0,0,0,0,0,0,0,0,0,0,0
tb.dut.clusters[0].cluster.sockets[0].socket.cores[0].core.execute.fpu_unit.genblk1[0].fpu_fpnew.genblk3[0].fpnew_core	13	43581	1154696938	1581322	2052	1581322	1012	2053	31202	8240	1,0,0,0,1,0,0,0,0,2,0,0,0,0,0,0,0,0,0,0,0,2048,0,0,0,0,0,0,0,0,0,0,0,0,0,0,0,0,0,0	0,0,1,1,0,0,0,0,0,1,2046,0,0,0,1,1,0,0,0,0,1,0,0,0,0,1,0,0,0,0,0,0,0,0,0,0,0,0,0,0	218	1575279	6021	1575279	768	6022	37245	8241	2,2107,14,4,26,7,1,8,0,2,44,1,0,17,0,0,114,200,380,689,958,1447,0,0,0,0,0,0,0,0,0,0,0,0,0,0,0,0,0,0	3955,14,2,1,0,0,0,0,0,0,1,2046,0,0,0,1,0,0,0,0,1,0,0,0,0,1,0,0,0,0,0,0,0,0,0,0,0,0,0,0
tb.dut.clusters[0].cluster.sockets[0].socket.cores[0].core.execute.fpu_unit.genblk1[0].fpu_fpnew.genblk3[0].fpnew_core.gen_nanbox_check[0]	14	32	0	0	0	0	0	1	1612524	1612524	0,0,0,0,0,0,0,0,0,0,0,0,0,0,0,0,0,0,0,0,0,0,0,0,0,0,0,0,0,0,0,0,0,0,0,0,0,0,0,0	0,0,0,0,0,0,0,0,0,0,0,0,0,0,0,0,0,0,0,0,0,0,0,0,0,0,0,0,0,0,0,0,1,0,0,0,0,0,0,0	2	0	0	0	0	1	1612524	1612524	0,0,0,0,0,0,0,0,0,0,0,0,0,0,0,0,0,0,0,0,0,0,0,0,0,0,0,0,0,0,0,0,0,0,0,0,0,0,0,0	0,0,0,0,0,0,0,0,0,0,0,0,0,0,0,0,0,0,0,0,0,0,0,0,0,0,0,0,0,0,0,0,1,0,0,0,0,0,0,0
tb.dut.clusters[0].cluster.sockets[0].socket.cores[0].core.execute.fpu_unit.genblk1[0].fpu_fpnew.genblk3[0].fpnew_core.gen_nanbox_check[1]	14	32	0	0	0	0	0	1	1612524	1612524	0,0,0,0,0,0,0,0,0,0,0,0,0,0,0,0,0,0,0,0,0,0,0,0,0,0,0,0,0,0,0,0,0,0,0,0,0,0,0,0	0,0,0,0,0,0,0,0,0,0,0,0,0,0,0,0,0,0,0,0,0,0,0,0,0,0,0,0,0,0,0,0,1,0,0,0,0,0,0,0	2	0	0	0	0	1	1612524	1612524	0,0,0,0,0,0,0,0,0,0,0,0,0,0,0,0,0,0,0,0,0,0,0,0,0,0,0,0,0,0,0,0,0,0,0,0,0,0,0,0	0,0,0,0,0,0,0,0,0,0,0,0,0,0,0,0,0,0,0,0,0,0,0,0,0,0,0,0,0,0,0,0,1,0,0,0,0,0,0,0
tb.dut.clusters[0].cluster.sockets[0].socket.cores[0].core.execute.fpu_unit.genblk1[0].fpu_fpnew.genblk3[0].fpnew_core.gen_nanbox_check[2]	14	32	0	0	0	0	0	1	1612524	1612524	0,0,0,0,0,0,0,0,0,0,0,0,0,0,0,0,0,0,0,0,0,0,0,0,0,0,0,0,0,0,0,0,0,0,0,0,0,0,0,0	0,0,0,0,0,0,0,0,0,0,0,0,0,0,0,0,0,0,0,0,0,0,0,0,0,0,0,0,0,0,0,0,1,0,0,0,0,0,0,0	2	0	0	0	0	1	1612524	1612524	0,0,0,0,0,0,0,0,0,0,0,0,0,0,0,0,0,0,0,0,0,0,0,0,0,0,0,0,0,0,0,0,0,0,0,0,0,0,0,0	0,0,0,0,0,0,0,0,0,0,0,0,0,0,0,0,0,0,0,0,0,0,0,0,0,0,0,0,0,0,0,0,1,0,0,0,0,0,0,0
tb.dut.clusters[0].cluster.sockets[0].socket.cores[0].core.execute.fpu_unit.genblk1[0].fpu_fpnew.genblk3[0].fpnew_core.gen_nanbox_check[3]	14	32	0	0	0	0	0	1	1612524	1612524	0,0,0,0,0,0,0,0,0,0,0,0,0,0,0,0,0,0,0,0,0,0,0,0,0,0,0,0,0,0,0,0,0,0,0,0,0,0,0,0	0,0,0,0,0,0,0,0,0,0,0,0,0,0,0,0,0,0,0,0,0,0,0,0,0,0,0,0,0,0,0,0,1,0,0,0,0,0,0,0	2	0	0	0	0	1	1612524	1612524	0,0,0,0,0,0,0,0,0,0,0,0,0,0,0,0,0,0,0,0,0,0,0,0,0,0,0,0,0,0,0,0,0,0,0,0,0,0,0,0	0,0,0,0,0,0,0,0,0,0,0,0,0,0,0,0,0,0,0,0,0,0,0,0,0,0,0,0,0,0,0,0,1,0,0,0,0,0,0,0
tb.dut.clusters[0].cluster.sockets[0].socket.cores[0].core.execute.fpu_unit.genblk1[0].fpu_fpnew.genblk3[0].fpnew_core.gen_nanbox_check[4]	14	32	0	0	0	0	0	1	1612524	1612524	0,0,0,0,0,0,0,0,0,0,0,0,0,0,0,0,0,0,0,0,0,0,0,0,0,0,0,0,0,0,0,0,0,0,0,0,0,0,0,0	0,0,0,0,0,0,0,0,0,0,0,0,0,0,0,0,0,0,0,0,0,0,0,0,0,0,0,0,0,0,0,0,1,0,0,0,0,0,0,0	2	0	0	0	0	1	1612524	1612524	0,0,0,0,0,0,0,0,0,0,0,0,0,0,0,0,0,0,0,0,0,0,0,0,0,0,0,0,0,0,0,0,0,0,0,0,0,0,0,0	0,0,0,0,0,0,0,0,0,0,0,0,0,0,0,0,0,0,0,0,0,0,0,0,0,0,0,0,0,0,0,0,1,0,0,0,0,0,0,0
tb.dut.clusters[0].cluster.sockets[0].socket.cores[0].core.execute.fpu_unit.genblk1[0].fpu_fpnew.genblk3[0].fpnew_core.gen_operation_groups[0]	14	7400	738999431	1579212	2090	1579212	790	2091	33312	8241	13,19,2,0,1,0,0,0,0,0,0,0,0,0,1,0,6,0,0,0,0,2048,0,0,0,0,0,0,0,0,0,0,0,0,0,0,0,0,0,0	18,19,2,0,1,0,0,0,0,0,1,2046,0,0,0,1,1,0,0,0,1,0,0,0,0,1,0,0,0,0,0,0,0,0,0,0,0,0,0,0	37	1578970	2243	1578970	771	2244	33554	8241	1,172,4,1,0,8,6,0,2,0,0,0,0,0,1,0,0,0,0,0,0,2048,0,0,0,0,0,0,0,0,0,0,0,0,0,0,0,0,0,0	185,0,0,0,0,0,0,0,0,0,2,2051,3,0,0,0,1,0,0,0,1,0,0,0,0,1,0,0,0,0,0,0,0,0,0,0,0,0,0,0
tb.dut.clusters[0].cluster.sockets[0].socket.cores[0].core.execute.fpu_unit.genblk1[0].fpu_fpnew.genblk3[0].fpnew_core.gen_operation_groups[0].i_opgroup_block	15	7352	737950789	1579212	2090	1579212	790	2091	33312	8241	13,19,2,0,1,0,0,0,0,0,0,0,0,0,1,0,6,0,0,0,0,2048,0,0,0,0,0,0,0,0,0,0,0,0,0,0,0,0,0,0	18,19,2,0,1,0,0,0,0,0,1,2046,0,0,0,1,1,0,0,0,1,0,0,0,0,1,0,0,0,0,0,0,0,0,0,0,0,0,0,0	37	1578970	2243	1578970	771	2244	33554	8241	1,172,4,1,0,8,6,0,2,0,0,0,0,0,1,0,0,0,0,0,0,2048,0,0,0,0,0,0,0,0,0,0,0,0,0,0,0,0,0,0	185,0,0,0,0,0,0,0,0,0,2,2051,3,0,0,0,1,0,0,0,1,0,0,0,0,1,0,0,0,0,0,0,0,0,0,0,0,0,0,0
tb.dut.clusters[0].cluster.sockets[0].socket.cores[0].core.execute.fpu_unit.genblk1[0].fpu_fpnew.genblk3[0].fpnew_core.gen_operation_groups[0].i_opgroup_block.gen_parallel_slices[0]	16	5051	519954377	1579212	2090	1579212	790	2091	33312	8241	13,19,2,0,1,0,0,0,0,0,0,0,0,0,1,0,6,0,0,0,0,2048,0,0,0,0,0,0,0,0,0,0,0,0,0,0,0,0,0,0	18,19,2,0,1,0,0,0,0,0,1,2046,0,0,0,1,1,0,0,0,1,0,0,0,0,1,0,0,0,0,0,0,0,0,0,0,0,0,0,0	26	1579137	2076	1579137	771	2077	33387	8241	1,7,4,0,0,7,6,0,0,0,0,0,0,1,1,1,0,0,0,0,0,2048,0,0,0,0,0,0,0,0,0,0,0,0,0,0,0,0,0,0	18,0,0,0,0,0,0,0,0,0,2,2051,3,0,0,0,1,0,0,0,1,0,0,0,0,1,0,0,0,0,0,0,0,0,0,0,0,0,0,0
tb.dut.clusters[0].cluster.sockets[0].socket.cores[0].core.execute.fpu_unit.genblk1[0].fpu_fpnew.genblk3[0].fpnew_core.gen_operation_groups[0].i_opgroup_block.gen_parallel_slices[0].active_format	17	5049	519954377	1579212	2090	1579212	790	2091	33312	8241	13,19,2,0,1,0,0,0,0,0,0,0,0,0,1,0,6,0,0,0,0,2048,0,0,0,0,0,0,0,0,0,0,0,0,0,0,0,0,0,0	18,19,2,0,1,0,0,0,0,0,1,2046,0,0,0,1,1,0,0,0,1,0,0,0,0,1,0,0,0,0,0,0,0,0,0,0,0,0,0,0	26	1579137	2076	1579137	771	2077	33387	8241	1,7,4,0,0,7,6,0,0,0,0,0,0,1,1,1,0,0,0,0,0,2048,0,0,0,0,0,0,0,0,0,0,0,0,0,0,0,0,0,0	18,0,0,0,0,0,0,0,0,0,2,2051,3,0,0,0,1,0,0,0,1,0,0,0,0,1,0,0,0,0,0,0,0,0,0,0,0,0,0,0
tb.dut.clusters[0].cluster.sockets[0].socket.cores[0].core.execute.fpu_unit.genblk1[0].fpu_fpnew.genblk3[0].fpnew_core.gen_operation_groups[0].i_opgroup_block.gen_parallel_slices[0].active_format.i_fmt_slice	18	5015	518905732	1579212	2090	1579212	790	2091	33312	8241	13,19,2,0,1,0,0,0,0,0,0,0,0,0,1,0,6,0,0,0,0,2048,0,0,0,0,0,0,0,0,0,0,0,0,0,0,0,0,0,0	18,19,2,0,1,0,0,0,0,0,1,2046,0,0,0,1,1,0,0,0,1,0,0,0,0,1,0,0,0,0,0,0,0,0,0,0,0,0,0,0	26	1579137	2076	1579137	771	2077	33387	8241	1,7,4,0,0,7,6,0,0,0,0,0,0,1,1,1,0,0,0,0,0,2048,0,0,0,0,0,0,0,0,0,0,0,0,0,0,0,0,0,0	18,0,0,0,0,0,0,0,0,0,2,2051,3,0,0,0,1,0,0,0,1,0,0,0,0,1,0,0,0,0,0,0,0,0,0,0,0,0,0,0
tb.dut.clusters[0].cluster.sockets[0].socket.cores[0].core.execute.fpu_unit.genblk1[0].fpu_fpnew.genblk3[0].fpnew_core.gen_operation_groups[0].i_opgroup_block.gen_parallel_slices[0].active_format.i_fmt_slice.gen_num_lanes[0]	19	4401	447996975	1579212	2090	1579212	790	2091	33312	8241	13,19,2,0,1,0,0,0,0,0,0,0,0,0,1,0,6,0,0,0,0,2048,0,0,0,0,0,0,0,0,0,0,0,0,0,0,0,0,0,0	18,19,2,0,1,0,0,0,0,0,1,2046,0,0,0,1,1,0,0,0,1,0,0,0,0,1,0,0,0,0,0,0,0,0,0,0,0,0,0,0	23	1577682	2074	1577682	771	2075	34842	8241	1,7,3,0,0,7,6,0,0,0,0,0,0,0,1,0,1,0,0,0,0,2048,0,0,0,0,0,0,0,0,0,0,0,0,0,0,0,0,0,0	16,0,0,0,0,0,0,0,0,0,1,596,1459,0,0,0,1,0,0,0,1,0,0,0,0,1,0,0,0,0,0,0,0,0,0,0,0,0,0,0
tb.dut.clusters[0].cluster.sockets[0].socket.cores[0].core.execute.fpu_unit.genblk1[0].fpu_fpnew.genblk3[0].fpnew_core.gen_operation_groups[0].i_opgroup_block.gen_parallel_slices[0].active_format.i_fmt_slice.gen_num_lanes[0].active_lane	20	4368	432710085	1579212	2090	1579212	790	2091	33312	8241	13,19,2,0,1,0,0,0,0,0,0,0,0,0,1,0,6,0,0,0,0,2048,0,0,0,0,0,0,0,0,0,0,0,0,0,0,0,0,0,0	18,19,2,0,1,0,0,0,0,0,1,2046,0,0,0,1,1,0,0,0,1,0,0,0,0,1,0,0,0,0,0,0,0,0,0,0,0,0,0,0	22	1577051	2113	1577051	770	2114	35473	8242	8,25,8,0,0,3,0,1,0,0,2,0,0,0,1,0,1,3,2,4,14,2041,0,0,0,0,0,0,0,0,0,0,0,0,0,0,0,0,0,0	54,1,0,0,0,0,0,0,0,0,1,6,2049,0,0,0,1,0,0,0,1,0,0,0,0,1,0,0,0,0,0,0,0,0,0,0,0,0,0,0
tb.dut.clusters[0].cluster.sockets[0].socket.cores[0].core.execute.fpu_unit.genblk1[0].fpu_fpnew.genblk3[0].fpnew_core.gen_operation_groups[0].i_opgroup_block.gen_parallel_slices[0].active_format.i_fmt_slice.gen_num_lanes[0].active_lane.lane_instance	21	4232	405831077	1579212	2090	1579212	790	2091	33312	8241	13,19,2,0,1,0,0,0,0,0,0,0,0,0,1,0,6,0,0,0,0,2048,0,0,0,0,0,0,0,0,0,0,0,0,0,0,0,0,0,0	18,19,2,0,1,0,0,0,0,0,1,2046,0,0,0,1,1,0,0,0,1,0,0,0,0,1,0,0,0,0,0,0,0,0,0,0,0,0,0,0	22	1576917	2226	1576917	770	2227	35607	8242	8,27,10,0,2,2,1,2,0,0,3,0,0,0,0,0,9,16,19,38,83,2006,0,0,0,0,0,0,0,0,0,0,0,0,0,0,0,0,0,0	166,2,0,0,0,0,0,0,0,0,1,6,2029,20,0,0,1,0,0,0,1,0,0,0,0,1,0,0,0,0,0,0,0,0,0,0,0,0,0,0
tb.dut.clusters[0].cluster.sockets[0].socket.cores[0].core.execute.fpu_unit.genblk1[0].fpu_fpnew.genblk3[0].fpnew_core.gen_operation_groups[0].i_opgroup_block.gen_parallel_slices[0].active_format.i_fmt_slice.gen_num_lanes[0].active_lane.lane_instance.i_fma	22	4232	405831077	1579212	2090	1579212	790	2091	33312	8241	13,19,2,0,1,0,0,0,0,0,0,0,0,0,1,0,6,0,0,0,0,2048,0,0,0,0,0,0,0,0,0,0,0,0,0,0,0,0,0,0	18,19,2,0,1,0,0,0,0,0,1,2046,0,0,0,1,1,0,0,0,1,0,0,0,0,1,0,0,0,0,0,0,0,0,0,0,0,0,0,0	22	1576917	2226	1576917	770	2227	35607	8242	8,27,10,0,2,2,1,2,0,0,3,0,0,0,0,0,9,16,19,38,83,2006,0,0,0,0,0,0,0,0,0,0,0,0,0,0,0,0,0,0	166,2,0,0,0,0,0,0,0,0,1,6,2029,20,0,0,1,0,0,0,1,0,0,0,0,1,0,0,0,0,0,0,0,0,0,0,0,0,0,0
tb.dut.clusters[0].cluster.sockets[0].socket.cores[0].core.execute.fpu_unit.genblk1[0].fpu_fpnew.genblk3[0].fpnew_core.gen_operation_groups[0].i_opgroup_block.gen_parallel_slices[0].active_format.i_fmt_slice.gen_num_lanes[0].active_lane.lane_instance.i_fma.gen_input_pipeline[0]	23	1	1048642	1048642	524320	1048642	4	524321	563882	8245	2,524316,0,2,0,0,0,0,0,0,0,0,0,0,0,0,0,0,0,0,0,0,0,0,0,0,0,0,0,0,0,0,0,0,0,0,0,0,0,0	522252,10,1,2,0,0,0,0,0,0,0,0,0,0,1,2046,7,0,0,0,1,0,0,0,0,1,0,0,0,0,0,0,0,0,0,0,0,0,0,0	2	0	0	0	0	1	1612524	1612524	0,0,0,0,0,0,0,0,0,0,0,0,0,0,0,0,0,0,0,0,0,0,0,0,0,0,0,0,0,0,0,0,0,0,0,0,0,0,0,0	0,0,0,0,0,0,0,0,0,0,0,0,0,0,0,0,0,0,0,0,0,0,0,0,0,0,0,0,0,0,0,0,1,0,0,0,0,0,0,0
tb.dut.clusters[0].cluster.sockets[0].socket.cores[0].core.execute.fpu_unit.genblk1[0].fpu_fpnew.genblk3[0].fpnew_core.gen_operation_groups[0].i_opgroup_block.gen_parallel_slices[0].active_format.i_fmt_slice.gen_num_lanes[0].active_lane.lane_instance.i_fma.gen_inside_pipeline[0]	23	1	1048640	1048640	524318	1048640	4	524319	563884	8244	0,524316,0,2,0,0,0,0,0,0,0,0,0,0,0,0,0,0,0,0,0,0,0,0,0,0,0,0,0,0,0,0,0,0,0,0,0,0,0,0	522251,10,1,1,0,0,0,0,0,0,0,0,0,0,1,2046,7,0,0,0,1,0,0,0,0,1,0,0,0,0,0,0,0,0,0,0,0,0,0,0	2	0	0	0	0	1	1612524	1612524	0,0,0,0,0,0,0,0,0,0,0,0,0,0,0,0,0,0,0,0,0,0,0,0,0,0,0,0,0,0,0,0,0,0,0,0,0,0,0,0	0,0,0,0,0,0,0,0,0,0,0,0,0,0,0,0,0,0,0,0,0,0,0,0,0,0,0,0,0,0,0,0,1,0,0,0,0,0,0,0
tb.dut.clusters[0].cluster.sockets[0].socket.cores[0].core.execute.fpu_unit.genblk1[0].fpu_fpnew.genblk3[0].fpnew_core.gen_operation_groups[0].i_opgroup_block.gen_parallel_slices[0].active_format.i_fmt_slice.gen_num_lanes[0].active_lane.lane_instance.i_fma.gen_inside_pipeline[1]	23	1	1048640	1048640	524318	1048640	4	524319	563884	8243	0,524316,0,2,0,0,0,0,0,0,0,0,0,0,0,0,0,0,0,0,0,0,0,0,0,0,0,0,0,0,0,0,0,0,0,0,0,0,0,0	522251,10,1,1,0,0,0,0,0,0,0,0,0,0,1,2046,7,0,0,0,1,0,0,0,0,1,0,0,0,0,0,0,0,0,0,0,0,0,0,0	2	0	0	0	0	1	1612524	1612524	0,0,0,0,0,0,0,0,0,0,0,0,0,0,0,0,0,0,0,0,0,0,0,0,0,0,0,0,0,0,0,0,0,0,0,0,0,0,0,0	0,0,0,0,0,0,0,0,0,0,0,0,0,0,0,0,0,0,0,0,0,0,0,0,0,0,0,0,0,0,0,0,1,0,0,0,0,0,0,0
tb.dut.clusters[0].cluster.sockets[0].socket.cores[0].core.execute.fpu_unit.genblk1[0].fpu_fpnew.genblk3[0].fpnew_core.gen_operation_groups[0].i_opgroup_block.gen_parallel_slices[0].active_format.i_fmt_slice.gen_num_lanes[0].active_lane.lane_instance.i_fma.gen_output_pipeline[0]	23	1	1048640	1048640	524318	1048640	4	524319	563884	8242	0,524316,0,2,0,0,0,0,0,0,0,0,0,0,0,0,0,0,0,0,0,0,0,0,0,0,0,0,0,0,0,0,0,0,0,0,0,0,0,0	522251,10,1,1,0,0,0,0,0,0,0,0,0,0,1,2046,7,0,0,0,1,0,0,0,0,1,0,0,0,0,0,0,0,0,0,0,0,0,0,0	2	0	0	0	0	1	1612524	1612524	0,0,0,0,0,0,0,0,0,0,0,0,0,0,0,0,0,0,0,0,0,0,0,0,0,0,0,0,0,0,0,0,0,0,0,0,0,0,0,0	0,0,0,0,0,0,0,0,0,0,0,0,0,0,0,0,0,0,0,0,0,0,0,0,0,0,0,0,0,0,0,0,1,0,0,0,0,0,0,0
tb.dut.clusters[0].cluster.sockets[0].socket.cores[0].core.execute.fpu_unit.genblk1[0].fpu_fpnew.genblk3[0].fpnew_core.gen_operation_groups[0].i_opgroup_block.gen_parallel_slices[0].active_format.i_fmt_slice.gen_num_lanes[0].active_lane.lane_instance.i_fma.i_class_inputs	23	374	30064095	524320	524320	524320	1	524321	1088204	8245	524320,0,0,0,0,0,0,0,0,0,0,0,0,0,0,0,0,0,0,0,0,0,0,0,0,0,0,0,0,0,0,0,0,0,0,0,0,0,0,0	2,522251,10,1,1,0,0,0,0,0,0,0,0,0,0,1,2053,0,0,0,1,0,0,0,0,1,0,0,0,0,0,0,0,0,0,0,0,0,0,0	2	524320	524320	524320	1	524321	1088204	8245	524320,0,0,0,0,0,0,0,0,0,0,0,0,0,0,0,0,0,0,0,0,0,0,0,0,0,0,0,0,0,0,0,0,0,0,0,0,0,0,0	2,522251,10,1,1,0,0,0,0,0,0,0,0,0,0,1,2053,0,0,0,1,0,0,0,0,1,0,0,0,0,0,0,0,0,0,0,0,0,0,0
tb.dut.clusters[0].cluster.sockets[0].socket.cores[0].core.execute.fpu_unit.genblk1[0].fpu_fpnew.genblk3[0].fpnew_core.gen_operation_groups[0].i_opgroup_block.gen_parallel_slices[0].active_format.i_fmt_slice.gen_num_lanes[0].active_lane.lane_instance.i_fma.i_class_inputs.gen_num_values[0]	24	40	4141394	299047	299047	299047	1	299048	1313477	8326	299047,0,0,0,0,0,0,0,0,0,0,0,0,0,0,0,0,0,0,0,0,0,0,0,0,0,0,0,0,0,0,0,0,0,0,0,0,0,0,0	2,262162,10,1,28666,0,0,7,0,0,0,0,0,0,0,0,7,3,8188,0,1,0,0,0,0,1,0,0,0,0,0,0,0,0,0,0,0,0,0,0	2	299038	299038	299038	1	299039	1313486	8326	299038,0,0,0,0,0,0,0,0,0,0,0,0,0,0,0,0,0,0,0,0,0,0,0,0,0,0,0,0,0,0,0,0,0,0,0,0,0,0,0	1,262154,9,1,28665,1,0,8,0,0,0,0,0,0,0,0,7,3,8188,0,1,0,0,0,0,1,0,0,0,0,0,0,0,0,0,0,0,0,0,0
tb.dut.clusters[0].cluster.sockets[0].socket.cores[0].core.execute.fpu_unit.genblk1[0].fpu_fpnew.genblk3[0].fpnew_core.gen_operation_groups[0].i_opgroup_block.gen_parallel_slices[0].active_format.i_fmt_slice.gen_num_lanes[0].active_lane.lane_instance.i_fma.i_class_inputs.gen_num_values[1]	24	40	6634128	524288	524288	524288	1	524289	1088236	8245	524288,0,0,0,0,0,0,0,0,0,0,0,0,0,0,0,0,0,0,0,0,0,0,0,0,0,0,0,0,0,0,0,0,0,0,0,0,0,0,0	0,522236,3,0,0,0,0,0,0,0,0,0,0,0,0,1,2046,0,0,1,1,0,0,0,0,1,0,0,0,0,0,0,0,0,0,0,0,0,0,0	2	524287	524287	524287	1	524288	1088237	8245	524287,0,0,0,0,0,0,0,0,0,0,0,0,0,0,0,0,0,0,0,0,0,0,0,0,0,0,0,0,0,0,0,0,0,0,0,0,0,0,0	0,522235,2,0,0,1,0,0,0,0,0,0,0,0,0,1,2046,0,0,1,1,0,0,0,0,1,0,0,0,0,0,0,0,0,0,0,0,0,0,0
tb.dut.clusters[0].cluster.sockets[0].socket.cores[0].core.execute.fpu_unit.genblk1[0].fpu_fpnew.genblk3[0].fpnew_core.gen_operation_groups[0].i_opgroup_block.gen_parallel_slices[0].active_format.i_fmt_slice.gen_num_lanes[0].active_lane.lane_instance.i_fma.i_class_inputs.gen_num_values[2]	24	40	4256524	299016	299016	299016	1	299017	1313508	8326	299016,0,0,0,0,0,0,0,0,0,0,0,0,0,0,0,0,0,0,0,0,0,0,0,0,0,0,0,0,0,0,0,0,0,0,0,0,0,0,0	0,262148,3,0,28665,0,0,7,0,0,0,0,0,0,0,0,0,3,8188,1,1,0,0,0,0,1,0,0,0,0,0,0,0,0,0,0,0,0,0,0	2	299015	299015	299015	1	299016	1313509	8326	299015,0,0,0,0,0,0,0,0,0,0,0,0,0,0,0,0,0,0,0,0,0,0,0,0,0,0,0,0,0,0,0,0,0,0,0,0,0,0,0	0,262147,2,0,28665,1,0,7,0,0,0,0,0,0,0,0,0,3,8188,1,1,0,0,0,0,1,0,0,0,0,0,0,0,0,0,0,0,0,0,0
tb.dut.clusters[0].cluster.sockets[0].socket.cores[0].core.execute.fpu_unit.genblk1[0].fpu_fpnew.genblk3[0].fpnew_core.gen_operation_groups[0].i_opgroup_block.gen_parallel_slices[0].active_format.i_fmt_slice.gen_num_lanes[0].active_lane.lane_instance.i_fma.i_fpnew_rounding	23	104	13792544	524320	524320	524320	1	524321	1088204	8243	524320,0,0,0,0,0,0,0,0,0,0,0,0,0,0,0,0,0,0,0,0,0,0,0,0,0,0,0,0,0,0,0,0,0,0,0,0,0,0,0	2,522251,10,1,1,0,0,0,0,0,0,0,0,0,0,1,2053,0,0,0,1,0,0,0,0,1,0,0,0,0,0,0,0,0,0,0,0,0,0,0	2	524320	524320	524320	1	524321	1088204	8243	524320,0,0,0,0,0,0,0,0,0,0,0,0,0,0,0,0,0,0,0,0,0,0,0,0,0,0,0,0,0,0,0,0,0,0,0,0,0,0,0	2,522251,10,1,1,0,0,0,0,0,0,0,0,0,0,1,2053,0,0,0,1,0,0,0,0,1,0,0,0,0,0,0,0,0,0,0,0,0,0,0
tb.dut.clusters[0].cluster.sockets[0].socket.cores[0].core.execute.fpu_unit.genblk1[0].fpu_fpnew.genblk3[0].fpnew_core.gen_operation_groups[0].i_opgroup_block.gen_parallel_slices[0].active_format.i_fmt_slice.gen_num_lanes[0].active_lane.lane_instance.i_fma.i_lzc	23	960	48327989	524319	524319	524319	1	524320	1088205	8243	524319,0,0,0,0,0,0,0,0,0,0,0,0,0,0,0,0,0,0,0,0,0,0,0,0,0,0,0,0,0,0,0,0,0,0,0,0,0,0,0	2,522249,10,1,2,0,0,0,0,0,0,0,0,0,0,1,2053,0,0,0,1,0,0,0,0,1,0,0,0,0,0,0,0,0,0,0,0,0,0,0	5	524309	524309	524309	1	524310	1088215	8243	524309,0,0,0,0,0,0,0,0,0,0,0,0,0,0,0,0,0,0,0,0,0,0,0,0,0,0,0,0,0,0,0,0,0,0,0,0,0,0,0	0,522241,10,0,1,1,0,1,0,0,0,0,0,0,0,1,2053,0,0,0,1,0,0,0,0,1,0,0,0,0,0,0,0,0,0,0,0,0,0,0
tb.dut.clusters[0].cluster.sockets[0].socket.cores[0].core.execute.fpu_unit.genblk1[0].fpu_fpnew.genblk3[0].fpnew_core.gen_operation_groups[0].i_opgroup_block.gen_parallel_slices[0].active_format.i_fmt_slice.gen_num_lanes[0].active_lane.lane_instance.i_fma.i_lzc.gen_lzc	24	837	35592519	524319	524319	524319	1	524320	1088205	8243	524319,0,0,0,0,0,0,0,0,0,0,0,0,0,0,0,0,0,0,0,0,0,0,0,0,0,0,0,0,0,0,0,0,0,0,0,0,0,0,0	2,522249,10,1,2,0,0,0,0,0,0,0,0,0,0,1,2053,0,0,0,1,0,0,0,0,1,0,0,0,0,0,0,0,0,0,0,0,0,0,0	5	524306	524306	524306	1	524307	1088218	8243	524306,0,0,0,0,0,0,0,0,0,0,0,0,0,0,0,0,0,0,0,0,0,0,0,0,0,0,0,0,0,0,0,0,0,0,0,0,0,0,0	0,522240,7,0,1,2,0,0,0,0,0,1,0,0,0,1,2053,0,0,0,1,0,0,0,0,1,0,0,0,0,0,0,0,0,0,0,0,0,0,0
tb.dut.clusters[0].cluster.sockets[0].socket.cores[0].core.execute.fpu_unit.genblk1[0].fpu_fpnew.genblk3[0].fpnew_core.gen_operation_groups[0].i_opgroup_block.gen_parallel_slices[1]	16	2	0	0	0	0	0	1	1612524	1612524	0,0,0,0,0,0,0,0,0,0,0,0,0,0,0,0,0,0,0,0,0,0,0,0,0,0,0,0,0,0,0,0,0,0,0,0,0,0,0,0	0,0,0,0,0,0,0,0,0,0,0,0,0,0,0,0,0,0,0,0,0,0,0,0,0,0,0,0,0,0,0,0,1,0,0,0,0,0,0,0	2	0	0	0	0	1	1612524	1612524	0,0,0,0,0,0,0,0,0,0,0,0,0,0,0,0,0,0,0,0,0,0,0,0,0,0,0,0,0,0,0,0,0,0,0,0,0,0,0,0	0,0,0,0,0,0,0,0,0,0,0,0,0,0,0,0,0,0,0,0,0,0,0,0,0,0,0,0,0,0,0,0,1,0,0,0,0,0,0,0
tb.dut.clusters[0].cluster.sockets[0].socket.cores[0].core.execute.fpu_unit.genblk1[0].fpu_fpnew.genblk3[0].fpnew_core.gen_operation_groups[0].i_opgroup_block.gen_parallel_slices[2]	16	2	0	0	0	0	0	1	1612524	1612524	0,0,0,0,0,0,0,0,0,0,0,0,0,0,0,0,0,0,0,0,0,0,0,0,0,0,0,0,0,0,0,0,0,0,0,0,0,0,0,0	0,0,0,0,0,0,0,0,0,0,0,0,0,0,0,0,0,0,0,0,0,0,0,0,0,0,0,0,0,0,0,0,1,0,0,0,0,0,0,0	2	0	0	0	0	1	1612524	1612524	0,0,0,0,0,0,0,0,0,0,0,0,0,0,0,0,0,0,0,0,0,0,0,0,0,0,0,0,0,0,0,0,0,0,0,0,0,0,0,0	0,0,0,0,0,0,0,0,0,0,0,0,0,0,0,0,0,0,0,0,0,0,0,0,0,0,0,0,0,0,0,0,1,0,0,0,0,0,0,0
tb.dut.clusters[0].cluster.sockets[0].socket.cores[0].core.execute.fpu_unit.genblk1[0].fpu_fpnew.genblk3[0].fpnew_core.gen_operation_groups[0].i_opgroup_block.gen_parallel_slices[3]	16	2	0	0	0	0	0	1	1612524	1612524	0,0,0,0,0,0,0,0,0,0,0,0,0,0,0,0,0,0,0,0,0,0,0,0,0,0,0,0,0,0,0,0,0,0,0,0,0,0,0,0	0,0,0,0,0,0,0,0,0,0,0,0,0,0,0,0,0,0,0,0,0,0,0,0,0,0,0,0,0,0,0,0,1,0,0,0,0,0,0,0	2	0	0	0	0	1	1612524	1612524	0,0,0,0,0,0,0,0,0,0,0,0,0,0,0,0,0,0,0,0,0,0,0,0,0,0,0,0,0,0,0,0,0,0,0,0,0,0,0,0	0,0,0,0,0,0,0,0,0,0,0,0,0,0,0,0,0,0,0,0,0,0,0,0,0,0,0,0,0,0,0,0,1,0,0,0,0,0,0,0
tb.dut.clusters[0].cluster.sockets[0].socket.cores[0].core.execute.fpu_unit.genblk1[0].fpu_fpnew.genblk3[0].fpnew_core.gen_operation_groups[0].i_opgroup_block.gen_parallel_slices[4]	16	2	0	0	0	0	0	1	1612524	1612524	0,0,0,0,0,0,0,0,0,0,0,0,0,0,0,0,0,0,0,0,0,0,0,0,0,0,0,0,0,0,0,0,0,0,0,0,0,0,0,0	0,0,0,0,0,0,0,0,0,0,0,0,0,0,0,0,0,0,0,0,0,0,0,0,0,0,0,0,0,0,0,0,1,0,0,0,0,0,0,0	2	0	0	0	0	1	1612524	1612524	0,0,0,0,0,0,0,0,0,0,0,0,0,0,0,0,0,0,0,0,0,0,0,0,0,0,0,0,0,0,0,0,0,0,0,0,0,0,0,0	0,0,0,0,0,0,0,0,0,0,0,0,0,0,0,0,0,0,0,0,0,0,0,0,0,0,0,0,0,0,0,0,1,0,0,0,0,0,0,0
tb.dut.clusters[0].cluster.sockets[0].socket.cores[0].core.execute.fpu_unit.genblk1[0].fpu_fpnew.genblk3[0].fpnew_core.gen_operation_groups[0].i_opgroup_block.i_arbiter	16	1510	133258174	1048642	524320	1048642	4	524321	563882	8241	2,524316,0,2,0,0,0,0,0,0,0,0,0,0,0,0,0,0,0,0,0,0,0,0,0,0,0,0,0,0,0,0,0,0,0,0,0,0,0,0	522251,10,2,1,0,0,0,0,0,0,0,0,0,0,1,2046,8,0,0,0,1,0,0,0,0,1,0,0,0,0,0,0,0,0,0,0,0,0,0,0	8	1048640	524318	1048640	4	524319	563884	8241	0,524316,0,2,0,0,0,0,0,0,0,0,0,0,0,0,0,0,0,0,0,0,0,0,0,0,0,0,0,0,0,0,0,0,0,0,0,0,0,0	522251,10,1,1,0,0,0,0,0,0,0,0,0,0,1,2046,7,0,0,0,1,0,0,0,0,1,0,0,0,0,0,0,0,0,0,0,0,0,0,0
tb.dut.clusters[0].cluster.sockets[0].socket.cores[0].core.execute.fpu_unit.genblk1[0].fpu_fpnew.genblk3[0].fpnew_core.gen_operation_groups[0].i_opgroup_block.i_arbiter.gen_arbiter	17	1150	88168090	1048640	524318	1048640	4	524319	563884	8241	0,524316,0,2,0,0,0,0,0,0,0,0,0,0,0,0,0,0,0,0,0,0,0,0,0,0,0,0,0,0,0,0,0,0,0,0,0,0,0,0	522251,10,1,1,0,0,0,0,0,0,0,0,0,0,1,2046,7,0,0,0,1,0,0,0,0,1,0,0,0,0,0,0,0,0,0,0,0,0,0,0	6	1048640	524318	1048640	4	524319	563884	8241	0,524316,0,2,0,0,0,0,0,0,0,0,0,0,0,0,0,0,0,0,0,0,0,0,0,0,0,0,0,0,0,0,0,0,0,0,0,0,0,0	522251,10,1,1,0,0,0,0,0,0,0,0,0,0,1,2046,7,0,0,0,1,0,0,0,0,1,0,0,0,0,0,0,0,0,0,0,0,0,0,0
tb.dut.clusters[0].cluster.sockets[0].socket.cores[0].core.execute.fpu_unit.genblk1[0].fpu_fpnew.genblk3[0].fpnew_core.gen_operation_groups[0].i_opgroup_block.i_arbiter.gen_arbiter.gen_int_rr	18	340	10486400	1048640	524318	1048640	4	524319	563884	8241	0,524316,0,2,0,0,0,0,0,0,0,0,0,0,0,0,0,0,0,0,0,0,0,0,0,0,0,0,0,0,0,0,0,0,0,0,0,0,0,0	522251,10,1,1,0,0,0,0,0,0,0,0,0,0,1,2046,7,0,0,0,1,0,0,0,0,1,0,0,0,0,0,0,0,0,0,0,0,0,0,0	2	1048640	524318	1048640	4	524319	563884	8241	0,524316,0,2,0,0,0,0,0,0,0,0,0,0,0,0,0,0,0,0,0,0,0,0,0,0,0,0,0,0,0,0,0,0,0,0,0,0,0,0	522251,10,1,1,0,0,0,0,0,0,0,0,0,0,1,2046,7,0,0,0,1,0,0,0,0,1,0,0,0,0,0,0,0,0,0,0,0,0,0,0
tb.dut.clusters[0].cluster.sockets[0].socket.cores[0].core.execute.fpu_unit.genblk1[0].fpu_fpnew.genblk3[0].fpnew_core.gen_operation_groups[0].i_opgroup_block.i_arbiter.gen_arbiter.gen_int_rr.gen_fair_arb	19	337	10486400	1048640	524318	1048640	4	524319	563884	8241	0,524316,0,2,0,0,0,0,0,0,0,0,0,0,0,0,0,0,0,0,0,0,0,0,0,0,0,0,0,0,0,0,0,0,0,0,0,0,0,0	522251,10,1,1,0,0,0,0,0,0,0,0,0,0,1,2046,7,0,0,0,1,0,0,0,0,1,0,0,0,0,0,0,0,0,0,0,0,0,0,0	2	1048640	524318	1048640	4	524319	563884	8241	0,524316,0,2,0,0,0,0,0,0,0,0,0,0,0,0,0,0,0,0,0,0,0,0,0,0,0,0,0,0,0,0,0,0,0,0,0,0,0,0	522251,10,1,1,0,0,0,0,0,0,0,0,0,0,1,2046,7,0,0,0,1,0,0,0,0,1,0,0,0,0,0,0,0,0,0,0,0,0,0,0
tb.dut.clusters[0].cluster.sockets[0].socket.cores[0].core.execute.fpu_unit.genblk1[0].fpu_fpnew.genblk3[0].fpnew_core.gen_operation_groups[0].i_opgroup_block.i_arbiter.gen_arbiter.gen_int_rr.gen_fair_arb.i_lzc_lower	20	158	9437760	1048640	524318	1048640	4	524319	563884	8241	0,524316,0,2,0,0,0,0,0,0,0,0,0,0,0,0,0,0,0,0,0,0,0,0,0,0,0,0,0,0,0,0,0,0,0,0,0,0,0,0	522251,10,1,1,0,0,0,0,0,0,0,0,0,0,1,2046,7,0,0,0,1,0,0,0,0,1,0,0,0,0,0,0,0,0,0,0,0,0,0,0	2	1048640	524318	1048640	4	524319	563884	8241	0,524316,0,2,0,0,0,0,0,0,0,0,0,0,0,0,0,0,0,0,0,0,0,0,0,0,0,0,0,0,0,0,0,0,0,0,0,0,0,0	522251,10,1,1,0,0,0,0,0,0,0,0,0,0,1,2046,7,0,0,0,1,0,0,0,0,1,0,0,0,0,0,0,0,0,0,0,0,0,0,0
tb.dut.clusters[0].cluster.sockets[0].socket.cores[0].core.execute.fpu_unit.genblk1[0].fpu_fpnew.genblk3[0].fpnew_core.gen_operation_groups[0].i_opgroup_block.i_arbiter.gen_arbiter.gen_int_rr.gen_fair_arb.i_lzc_lower.gen_lzc	21	84	7340480	1048640	524318	1048640	4	524319	563884	8241	0,524316,0,2,0,0,0,0,0,0,0,0,0,0,0,0,0,0,0,0,0,0,0,0,0,0,0,0,0,0,0,0,0,0,0,0,0,0,0,0	522251,10,1,1,0,0,0,0,0,0,0,0,0,0,1,2046,7,0,0,0,1,0,0,0,0,1,0,0,0,0,0,0,0,0,0,0,0,0,0,0	2	1048640	524318	1048640	4	524319	563884	8241	0,524316,0,2,0,0,0,0,0,0,0,0,0,0,0,0,0,0,0,0,0,0,0,0,0,0,0,0,0,0,0,0,0,0,0,0,0,0,0,0	522251,10,1,1,0,0,0,0,0,0,0,0,0,0,1,2046,7,0,0,0,1,0,0,0,0,1,0,0,0,0,0,0,0,0,0,0,0,0,0,0
tb.dut.clusters[0].cluster.sockets[0].socket.cores[0].core.execute.fpu_unit.genblk1[0].fpu_fpnew.genblk3[0].fpnew_core.gen_operation_groups[0].i_opgroup_block.i_arbiter.gen_arbiter.gen_int_rr.gen_fair_arb.i_lzc_upper	20	158	0	0	0	0	0	1	1612524	1612524	0,0,0,0,0,0,0,0,0,0,0,0,0,0,0,0,0,0,0,0,0,0,0,0,0,0,0,0,0,0,0,0,0,0,0,0,0,0,0,0	0,0,0,0,0,0,0,0,0,0,0,0,0,0,0,0,0,0,0,0,0,0,0,0,0,0,0,0,0,0,0,0,1,0,0,0,0,0,0,0	2	0	0	0	0	1	1612524	1612524	0,0,0,0,0,0,0,0,0,0,0,0,0,0,0,0,0,0,0,0,0,0,0,0,0,0,0,0,0,0,0,0,0,0,0,0,0,0,0,0	0,0,0,0,0,0,0,0,0,0,0,0,0,0,0,0,0,0,0,0,0,0,0,0,0,0,0,0,0,0,0,0,1,0,0,0,0,0,0,0
tb.dut.clusters[0].cluster.sockets[0].socket.cores[0].core.execute.fpu_unit.genblk1[0].fpu_fpnew.genblk3[0].fpnew_core.gen_operation_groups[0].i_opgroup_block.i_arbiter.gen_arbiter.gen_int_rr.gen_fair_arb.i_lzc_upper.gen_lzc	21	84	0	0	0	0	0	1	1612524	1612524	0,0,0,0,0,0,0,0,0,0,0,0,0,0,0,0,0,0,0,0,0,0,0,0,0,0,0,0,0,0,0,0,0,0,0,0,0,0,0,0	0,0,0,0,0,0,0,0,0,0,0,0,0,0,0,0,0,0,0,0,0,0,0,0,0,0,0,0,0,0,0,0,1,0,0,0,0,0,0,0	2	0	0	0	0	1	1612524	1612524	0,0,0,0,0,0,0,0,0,0,0,0,0,0,0,0,0,0,0,0,0,0,0,0,0,0,0,0,0,0,0,0,0,0,0,0,0,0,0,0	0,0,0,0,0,0,0,0,0,0,0,0,0,0,0,0,0,0,0,0,0,0,0,0,0,0,0,0,0,0,0,0,1,0,0,0,0,0,0,0
tb.dut.clusters[0].cluster.sockets[0].socket.cores[0].core.execute.fpu_unit.genblk1[0].fpu_fpnew.genblk3[0].fpnew_core.gen_operation_groups[0].i_opgroup_block.i_arbiter.gen_arbiter.gen_levels[0]	18	65	1048640	1048640	524318	1048640	4	524319	563884	8241	0,524316,0,2,0,0,0,0,0,0,0,0,0,0,0,0,0,0,0,0,0,0,0,0,0,0,0,0,0,0,0,0,0,0,0,0,0,0,0,0	522251,10,1,1,0,0,0,0,0,0,0,0,0,0,1,2046,7,0,0,0,1,0,0,0,0,1,0,0,0,0,0,0,0,0,0,0,0,0,0,0	2	0	0	0	0	1	1612524	1612524	0,0,0,0,0,0,0,0,0,0,0,0,0,0,0,0,0,0,0,0,0,0,0,0,0,0,0,0,0,0,0,0,0,0,0,0,0,0,0,0	0,0,0,0,0,0,0,0,0,0,0,0,0,0,0,0,0,0,0,0,0,0,0,0,0,0,0,0,0,0,0,0,1,0,0,0,0,0,0,0
tb.dut.clusters[0].cluster.sockets[0].socket.cores[0].core.execute.fpu_unit.genblk1[0].fpu_fpnew.genblk3[0].fpnew_core.gen_operation_groups[0].i_opgroup_block.i_arbiter.gen_arbiter.gen_levels[0].gen_level[0]	19	65	1048640	1048640	524318	1048640	4	524319	563884	8241	0,524316,0,2,0,0,0,0,0,0,0,0,0,0,0,0,0,0,0,0,0,0,0,0,0,0,0,0,0,0,0,0,0,0,0,0,0,0,0,0	522251,10,1,1,0,0,0,0,0,0,0,0,0,0,1,2046,7,0,0,0,1,0,0,0,0,1,0,0,0,0,0,0,0,0,0,0,0,0,0,0	2	0	0	0	0	1	1612524	1612524	0,0,0,0,0,0,0,0,0,0,0,0,0,0,0,0,0,0,0,0,0,0,0,0,0,0,0,0,0,0,0,0,0,0,0,0,0,0,0,0	0,0,0,0,0,0,0,0,0,0,0,0,0,0,0,0,0,0,0,0,0,0,0,0,0,0,0,0,0,0,0,0,1,0,0,0,0,0,0,0
tb.dut.clusters[0].cluster.sockets[0].socket.cores[0].core.execute.fpu_unit.genblk1[0].fpu_fpnew.genblk3[0].fpnew_core.gen_operation_groups[0].i_opgroup_block.i_arbiter.gen_arbiter.gen_levels[1]	18	130	1048640	1048640	524318	1048640	4	524319	563884	8241	0,524316,0,2,0,0,0,0,0,0,0,0,0,0,0,0,0,0,0,0,0,0,0,0,0,0,0,0,0,0,0,0,0,0,0,0,0,0,0,0	522251,10,1,1,0,0,0,0,0,0,0,0,0,0,1,2046,7,0,0,0,1,0,0,0,0,1,0,0,0,0,0,0,0,0,0,0,0,0,0,0	2	0	0	0	0	1	1612524	1612524	0,0,0,0,0,0,0,0,0,0,0,0,0,0,0,0,0,0,0,0,0,0,0,0,0,0,0,0,0,0,0,0,0,0,0,0,0,0,0,0	0,0,0,0,0,0,0,0,0,0,0,0,0,0,0,0,0,0,0,0,0,0,0,0,0,0,0,0,0,0,0,0,1,0,0,0,0,0,0,0
tb.dut.clusters[0].cluster.sockets[0].socket.cores[0].core.execute.fpu_unit.genblk1[0].fpu_fpnew.genblk3[0].fpnew_core.gen_operation_groups[0].i_opgroup_block.i_arbiter.gen_arbiter.gen_levels[1].gen_level[0]	19	65	1048640	1048640	524318	1048640	4	524319	563884	8241	0,524316,0,2,0,0,0,0,0,0,0,0,0,0,0,0,0,0,0,0,0,0,0,0,0,0,0,0,0,0,0,0,0,0,0,0,0,0,0,0	522251,10,1,1,0,0,0,0,0,0,0,0,0,0,1,2046,7,0,0,0,1,0,0,0,0,1,0,0,0,0,0,0,0,0,0,0,0,0,0,0	2	0	0	0	0	1	1612524	1612524	0,0,0,0,0,0,0,0,0,0,0,0,0,0,0,0,0,0,0,0,0,0,0,0,0,0,0,0,0,0,0,0,0,0,0,0,0,0,0,0	0,0,0,0,0,0,0,0,0,0,0,0,0,0,0,0,0,0,0,0,0,0,0,0,0,0,0,0,0,0,0,0,1,0,0,0,0,0,0,0
tb.dut.clusters[0].cluster.sockets[0].socket.cores[0].core.execute.fpu_unit.genblk1[0].fpu_fpnew.genblk3[0].fpnew_core.gen_operation_groups[0].i_opgroup_block.i_arbiter.gen_arbiter.gen_levels[1].gen_level[1]	19	65	0	0	0	0	0	1	1612524	1612524	0,0,0,0,0,0,0,0,0,0,0,0,0,0,0,0,0,0,0,0,0,0,0,0,0,0,0,0,0,0,0,0,0,0,0,0,0,0,0,0	0,0,0,0,0,0,0,0,0,0,0,0,0,0,0,0,0,0,0,0,0,0,0,0,0,0,0,0,0,0,0,0,1,0,0,0,0,0,0,0	2	0	0	0	0	1	1612524	1612524	0,0,0,0,0,0,0,0,0,0,0,0,0,0,0,0,0,0,0,0,0,0,0,0,0,0,0,0,0,0,0,0,0,0,0,0,0,0,0,0	0,0,0,0,0,0,0,0,0,0,0,0,0,0,0,0,0,0,0,0,0,0,0,0,0,0,0,0,0,0,0,0,1,0,0,0,0,0,0,0
tb.dut.clusters[0].cluster.sockets[0].socket.cores[0].core.execute.fpu_unit.genblk1[0].fpu_fpnew.genblk3[0].fpnew_core.gen_operation_groups[0].i_opgroup_block.i_arbiter.gen_arbiter.gen_levels[2]	18	260	1048640	1048640	524318	1048640	4	524319	563884	8241	0,524316,0,2,0,0,0,0,0,0,0,0,0,0,0,0,0,0,0,0,0,0,0,0,0,0,0,0,0,0,0,0,0,0,0,0,0,0,0,0	522251,10,1,1,0,0,0,0,0,0,0,0,0,0,1,2046,7,0,0,0,1,0,0,0,0,1,0,0,0,0,0,0,0,0,0,0,0,0,0,0	2	0	0	0	0	1	1612524	1612524	0,0,0,0,0,0,0,0,0,0,0,0,0,0,0,0,0,0,0,0,0,0,0,0,0,0,0,0,0,0,0,0,0,0,0,0,0,0,0,0	0,0,0,0,0,0,0,0,0,0,0,0,0,0,0,0,0,0,0,0,0,0,0,0,0,0,0,0,0,0,0,0,1,0,0,0,0,0,0,0
tb.dut.clusters[0].cluster.sockets[0].socket.cores[0].core.execute.fpu_unit.genblk1[0].fpu_fpnew.genblk3[0].fpnew_core.gen_operation_groups[0].i_opgroup_block.i_arbiter.gen_arbiter.gen_levels[2].gen_level[0]	19	65	1048640	1048640	524318	1048640	4	524319	563884	8241	0,524316,0,2,0,0,0,0,0,0,0,0,0,0,0,0,0,0,0,0,0,0,0,0,0,0,0,0,0,0,0,0,0,0,0,0,0,0,0,0	522251,10,1,1,0,0,0,0,0,0,0,0,0,0,1,2046,7,0,0,0,1,0,0,0,0,1,0,0,0,0,0,0,0,0,0,0,0,0,0,0	2	0	0	0	0	1	1612524	1612524	0,0,0,0,0,0,0,0,0,0,0,0,0,0,0,0,0,0,0,0,0,0,0,0,0,0,0,0,0,0,0,0,0,0,0,0,0,0,0,0	0,0,0,0,0,0,0,0,0,0,0,0,0,0,0,0,0,0,0,0,0,0,0,0,0,0,0,0,0,0,0,0,1,0,0,0,0,0,0,0
tb.dut.clusters[0].cluster.sockets[0].socket.cores[0].core.execute.fpu_unit.genblk1[0].fpu_fpnew.genblk3[0].fpnew_core.gen_operation_groups[0].i_opgroup_block.i_arbiter.gen_arbiter.gen_levels[2].gen_level[1]	19	65	0	0	0	0	0	1	1612524	1612524	0,0,0,0,0,0,0,0,0,0,0,0,0,0,0,0,0,0,0,0,0,0,0,0,0,0,0,0,0,0,0,0,0,0,0,0,0,0,0,0	0,0,0,0,0,0,0,0,0,0,0,0,0,0,0,0,0,0,0,0,0,0,0,0,0,0,0,0,0,0,0,0,1,0,0,0,0,0,0,0	2	0	0	0	0	1	1612524	1612524	0,0,0,0,0,0,0,0,0,0,0,0,0,0,0,0,0,0,0,0,0,0,0,0,0,0,0,0,0,0,0,0,0,0,0,0,0,0,0,0	0,0,0,0,0,0,0,0,0,0,0,0,0,0,0,0,0,0,0,0,0,0,0,0,0,0,0,0,0,0,0,0,1,0,0,0,0,0,0,0
tb.dut.clusters[0].cluster.sockets[0].socket.cores[0].core.execute.fpu_unit.genblk1[0].fpu_fpnew.genblk3[0].fpnew_core.gen_operation_groups[0].i_opgroup_block.i_arbiter.gen_arbiter.gen_levels[2].gen_level[2]	19	65	0	0	0	0	0	1	1612524	1612524	0,0,0,0,0,0,0,0,0,0,0,0,0,0,0,0,0,0,0,0,0,0,0,0,0,0,0,0,0,0,0,0,0,0,0,0,0,0,0,0	0,0,0,0,0,0,0,0,0,0,0,0,0,0,0,0,0,0,0,0,0,0,0,0,0,0,0,0,0,0,0,0,1,0,0,0,0,0,0,0	2	0	0	0	0	1	1612524	1612524	0,0,0,0,0,0,0,0,0,0,0,0,0,0,0,0,0,0,0,0,0,0,0,0,0,0,0,0,0,0,0,0,0,0,0,0,0,0,0,0	0,0,0,0,0,0,0,0,0,0,0,0,0,0,0,0,0,0,0,0,0,0,0,0,0,0,0,0,0,0,0,0,1,0,0,0,0,0,0,0
tb.dut.clusters[0].cluster.sockets[0].socket.cores[0].core.execute.fpu_unit.genblk1[0].fpu_fpnew.genblk3[0].fpnew_core.gen_operation_groups[0].i_opgroup_block.i_arbiter.gen_arbiter.gen_levels[2].gen_level[3]	19	65	0	0	0	0	0	1	1612524	1612524	0,0,0,0,0,0,0,0,0,0,0,0,0,0,0,0,0,0,0,0,0,0,0,0,0,0,0,0,0,0,0,0,0,0,0,0,0,0,0,0	0,0,0,0,0,0,0,0,0,0,0,0,0,0,0,0,0,0,0,0,0,0,0,0,0,0,0,0,0,0,0,0,1,0,0,0,0,0,0,0	2	0	0	0	0	1	1612524	1612524	0,0,0,0,0,0,0,0,0,0,0,0,0,0,0,0,0,0,0,0,0,0,0,0,0,0,0,0,0,0,0,0,0,0,0,0,0,0,0,0	0,0,0,0,0,0,0,0,0,0,0,0,0,0,0,0,0,0,0,0,0,0,0,0,0,0,0,0,0,0,0,0,1,0,0,0,0,0,0,0
tb.dut.clusters[0].cluster.sockets[0].socket.cores[0].core.execute.fpu_unit.genblk1[0].fpu_fpnew.genblk3[0].fpnew_core.gen_operation_groups[1]	14	18392	63682615	819367	524360	819367	6	524361	793157	8243	235534,286759,10,1,2055,1,0,0,0,0,0,0,0,0,0,0,0,0,0,0,0,0,0,0,0,0,0,0,0,0,0,0,0,0,0,0,0,0,0,0	288812,233495,2,0,1,0,0,0,0,0,0,0,1,2046,0,0,2,0,0,0,1,0,0,0,0,1,0,0,0,0,0,0,0,0,0,0,0,0,0,0	92	338568	289356	338568	3	289357	1273956	8329	241639,46222,1495,0,0,0,0,0,0,0,0,0,0,0,0,0,0,0,0,0,0,0,0,0,0,0,0,0,0,0,0,0,0,0,0,0,0,0,0,0	45809,188061,315,2378,38586,6,10,1652,0,0,510,1,1,623,0,47,2995,3602,4758,1,1,0,0,0,0,1,0,0,0,0,0,0,0,0,0,0,0,0,0,0
tb.dut.clusters[0].cluster.sockets[0].socket.cores[0].core.execute.fpu_unit.genblk1[0].fpu_fpnew.genblk3[0].fpnew_core.gen_operation_groups[1].i_opgroup_block	15	18349	63682615	819367	524360	819367	6	524361	793157	8243	235534,286759,10,1,2055,1,0,0,0,0,0,0,0,0,0,0,0,0,0,0,0,0,0,0,0,0,0,0,0,0,0,0,0,0,0,0,0,0,0,0	288812,233495,2,0,1,0,0,0,0,0,0,0,1,2046,0,0,2,0,0,0,1,0,0,0,0,1,0,0,0,0,0,0,0,0,0,0,0,0,0,0	92	338568	289356	338568	3	289357	1273956	8329	241639,46222,1495,0,0,0,0,0,0,0,0,0,0,0,0,0,0,0,0,0,0,0,0,0,0,0,0,0,0,0,0,0,0,0,0,0,0,0,0,0	45809,188061,315,2378,38586,6,10,1652,0,0,510,1,1,623,0,47,2995,3602,4758,1,1,0,0,0,0,1,0,0,0,0,0,0,0,0,0,0,0,0,0,0
tb.dut.clusters[0].cluster.sockets[0].socket.cores[0].core.execute.fpu_unit.genblk1[0].fpu_fpnew.genblk3[0].fpnew_core.gen_operation_groups[1].i_opgroup_block.gen_merged_slice	16	16083	50825609	819367	524360	819367	6	524361	793157	8243	235534,286759,10,1,2055,1,0,0,0,0,0,0,0,0,0,0,0,0,0,0,0,0,0,0,0,0,0,0,0,0,0,0,0,0,0,0,0,0,0,0	288812,233495,2,0,1,0,0,0,0,0,0,0,1,2046,0,0,2,0,0,0,1,0,0,0,0,1,0,0,0,0,0,0,0,0,0,0,0,0,0,0	81	310039	268487	310039	3	268488	1302485	8329	228143,39136,1208,0,0,0,0,0,0,0,0,0,0,0,0,0,0,0,0,0,0,0,0,0,0,0,0,0,0,0,0,0,0,0,0,0,0,0,0,0	38378,166092,983,3101,47511,43,54,2901,2,2,525,0,0,151,0,4,462,658,7618,0,2,0,0,0,0,1,0,0,0,0,0,0,0,0,0,0,0,0,0,0
tb.dut.clusters[0].cluster.sockets[0].socket.cores[0].core.execute.fpu_unit.genblk1[0].fpu_fpnew.genblk3[0].fpnew_core.gen_operation_groups[1].i_opgroup_block.gen_merged_slice.i_multifmt_slice	17	16047	50825609	819367	524360	819367	6	524361	793157	8243	235534,286759,10,1,2055,1,0,0,0,0,0,0,0,0,0,0,0,0,0,0,0,0,0,0,0,0,0,0,0,0,0,0,0,0,0,0,0,0,0,0	288812,233495,2,0,1,0,0,0,0,0,0,0,1,2046,0,0,2,0,0,0,1,0,0,0,0,1,0,0,0,0,0,0,0,0,0,0,0,0,0,0	81	310039	268487	310039	3	268488	1302485	8329	228143,39136,1208,0,0,0,0,0,0,0,0,0,0,0,0,0,0,0,0,0,0,0,0,0,0,0,0,0,0,0,0,0,0,0,0,0,0,0,0,0	38378,166092,983,3101,47511,43,54,2901,2,2,525,0,0,151,0,4,462,658,7618,0,2,0,0,0,0,1,0,0,0,0,0,0,0,0,0,0,0,0,0,0
tb.dut.clusters[0].cluster.sockets[0].socket.cores[0].core.execute.fpu_unit.genblk1[0].fpu_fpnew.genblk3[0].fpnew_core.gen_operation_groups[1].i_opgroup_block.gen_merged_slice.i_multifmt_slice.extend_fp_result[0]	18	32	0	0	0	0	0	1	1612524	1612524	0,0,0,0,0,0,0,0,0,0,0,0,0,0,0,0,0,0,0,0,0,0,0,0,0,0,0,0,0,0,0,0,0,0,0,0,0,0,0,0	0,0,0,0,0,0,0,0,0,0,0,0,0,0,0,0,0,0,0,0,0,0,0,0,0,0,0,0,0,0,0,0,1,0,0,0,0,0,0,0	2	0	0	0	0	1	1612524	1612524	0,0,0,0,0,0,0,0,0,0,0,0,0,0,0,0,0,0,0,0,0,0,0,0,0,0,0,0,0,0,0,0,0,0,0,0,0,0,0,0	0,0,0,0,0,0,0,0,0,0,0,0,0,0,0,0,0,0,0,0,0,0,0,0,0,0,0,0,0,0,0,0,1,0,0,0,0,0,0,0
tb.dut.clusters[0].cluster.sockets[0].socket.cores[0].core.execute.fpu_unit.genblk1[0].fpu_fpnew.genblk3[0].fpnew_core.gen_operation_groups[1].i_opgroup_block.gen_merged_slice.i_multifmt_slice.extend_fp_result[1]	18	32	0	0	0	0	0	1	1612524	1612524	0,0,0,0,0,0,0,0,0,0,0,0,0,0,0,0,0,0,0,0,0,0,0,0,0,0,0,0,0,0,0,0,0,0,0,0,0,0,0,0	0,0,0,0,0,0,0,0,0,0,0,0,0,0,0,0,0,0,0,0,0,0,0,0,0,0,0,0,0,0,0,0,1,0,0,0,0,0,0,0	2	0	0	0	0	1	1612524	1612524	0,0,0,0,0,0,0,0,0,0,0,0,0,0,0,0,0,0,0,0,0,0,0,0,0,0,0,0,0,0,0,0,0,0,0,0,0,0,0,0	0,0,0,0,0,0,0,0,0,0,0,0,0,0,0,0,0,0,0,0,0,0,0,0,0,0,0,0,0,0,0,0,1,0,0,0,0,0,0,0
tb.dut.clusters[0].cluster.sockets[0].socket.cores[0].core.execute.fpu_unit.genblk1[0].fpu_fpnew.genblk3[0].fpnew_core.gen_operation_groups[1].i_opgroup_block.gen_merged_slice.i_multifmt_slice.extend_fp_result[2]	18	32	0	0	0	0	0	1	1612524	1612524	0,0,0,0,0,0,0,0,0,0,0,0,0,0,0,0,0,0,0,0,0,0,0,0,0,0,0,0,0,0,0,0,0,0,0,0,0,0,0,0	0,0,0,0,0,0,0,0,0,0,0,0,0,0,0,0,0,0,0,0,0,0,0,0,0,0,0,0,0,0,0,0,1,0,0,0,0,0,0,0	2	0	0	0	0	1	1612524	1612524	0,0,0,0,0,0,0,0,0,0,0,0,0,0,0,0,0,0,0,0,0,0,0,0,0,0,0,0,0,0,0,0,0,0,0,0,0,0,0,0	0,0,0,0,0,0,0,0,0,0,0,0,0,0,0,0,0,0,0,0,0,0,0,0,0,0,0,0,0,0,0,0,1,0,0,0,0,0,0,0
tb.dut.clusters[0].cluster.sockets[0].socket.cores[0].core.execute.fpu_unit.genblk1[0].fpu_fpnew.genblk3[0].fpnew_core.gen_operation_groups[1].i_opgroup_block.gen_merged_slice.i_multifmt_slice.extend_fp_result[3]	18	32	0	0	0	0	0	1	1612524	1612524	0,0,0,0,0,0,0,0,0,0,0,0,0,0,0,0,0,0,0,0,0,0,0,0,0,0,0,0,0,0,0,0,0,0,0,0,0,0,0,0	0,0,0,0,0,0,0,0,0,0,0,0,0,0,0,0,0,0,0,0,0,0,0,0,0,0,0,0,0,0,0,0,1,0,0,0,0,0,0,0	2	0	0	0	0	1	1612524	1612524	0,0,0,0,0,0,0,0,0,0,0,0,0,0,0,0,0,0,0,0,0,0,0,0,0,0,0,0,0,0,0,0,0,0,0,0,0,0,0,0	0,0,0,0,0,0,0,0,0,0,0,0,0,0,0,0,0,0,0,0,0,0,0,0,0,0,0,0,0,0,0,0,1,0,0,0,0,0,0,0
tb.dut.clusters[0].cluster.sockets[0].socket.cores[0].core.execute.fpu_unit.genblk1[0].fpu_fpnew.genblk3[0].fpnew_core.gen_operation_groups[1].i_opgroup_block.gen_merged_slice.i_multifmt_slice.extend_fp_result[4]	18	32	0	0	0	0	0	1	1612524	1612524	0,0,0,0,0,0,0,0,0,0,0,0,0,0,0,0,0,0,0,0,0,0,0,0,0,0,0,0,0,0,0,0,0,0,0,0,0,0,0,0	0,0,0,0,0,0,0,0,0,0,0,0,0,0,0,0,0,0,0,0,0,0,0,0,0,0,0,0,0,0,0,0,1,0,0,0,0,0,0,0	2	0	0	0	0	1	1612524	1612524	0,0,0,0,0,0,0,0,0,0,0,0,0,0,0,0,0,0,0,0,0,0,0,0,0,0,0,0,0,0,0,0,0,0,0,0,0,0,0,0	0,0,0,0,0,0,0,0,0,0,0,0,0,0,0,0,0,0,0,0,0,0,0,0,0,0,0,0,0,0,0,0,1,0,0,0,0,0,0,0
tb.dut.clusters[0].cluster.sockets[0].socket.cores[0].core.execute.fpu_unit.genblk1[0].fpu_fpnew.genblk3[0].fpnew_core.gen_operation_groups[1].i_opgroup_block.gen_merged_slice.i_multifmt_slice.gen_num_lanes[0]	18	14916	37968607	819367	524360	819367	6	524361	793157	8243	235534,286759,10,1,2055,1,0,0,0,0,0,0,0,0,0,0,0,0,0,0,0,0,0,0,0,0,0,0,0,0,0,0,0,0,0,0,0,0,0,0	288812,233495,2,0,1,0,0,0,0,0,0,0,1,2046,0,0,2,0,0,0,1,0,0,0,0,1,0,0,0,0,0,0,0,0,0,0,0,0,0,0	75	213176	196055	213176	3	196056	1399348	8329	179423,16143,489,0,0,0,0,0,0,0,0,0,0,0,0,0,0,0,0,0,0,0,0,0,0,0,0,0,0,0,0,0,0,0,0,0,0,0,0,0	15632,81555,3303,4809,59389,898,829,10565,262,278,5519,109,85,2346,28,22,2209,28,8188,0,0,1,0,0,0,1,0,0,0,0,0,0,0,0,0,0,0,0,0,0
tb.dut.clusters[0].cluster.sockets[0].socket.cores[0].core.execute.fpu_unit.genblk1[0].fpu_fpnew.genblk3[0].fpnew_core.gen_operation_groups[1].i_opgroup_block.gen_merged_slice.i_multifmt_slice.gen_num_lanes[0].active_lane	19	14573	37968607	819367	524360	819367	6	524361	793157	8243	235534,286759,10,1,2055,1,0,0,0,0,0,0,0,0,0,0,0,0,0,0,0,0,0,0,0,0,0,0,0,0,0,0,0,0,0,0,0,0,0,0	288812,233495,2,0,1,0,0,0,0,0,0,0,1,2046,0,0,2,0,0,0,1,0,0,0,0,1,0,0,0,0,0,0,0,0,0,0,0,0,0,0	73	237649	215987	237649	3	215988	1374875	8329	194822,20668,497,0,0,0,0,0,0,0,0,0,0,0,0,0,0,0,0,0,0,0,0,0,0,0,0,0,0,0,0,0,0,0,0,0,0,0,0,0	19575,103436,3168,5157,58889,625,550,9395,141,170,4029,39,26,1538,8,4,1035,14,8187,0,0,1,0,0,0,1,0,0,0,0,0,0,0,0,0,0,0,0,0,0
tb.dut.clusters[0].cluster.sockets[0].socket.cores[0].core.execute.fpu_unit.genblk1[0].fpu_fpnew.genblk3[0].fpnew_core.gen_operation_groups[1].i_opgroup_block.gen_merged_slice.i_multifmt_slice.gen_num_lanes[0].active_lane.lane_instance	20	14469	25714019	819367	524360	819367	6	524361	793157	8243	235534,286759,10,1,2055,1,0,0,0,0,0,0,0,0,0,0,0,0,0,0,0,0,0,0,0,0,0,0,0,0,0,0,0,0,0,0,0,0,0,0	288812,233495,2,0,1,0,0,0,0,0,0,0,1,2046,0,0,2,0,0,0,1,0,0,0,0,1,0,0,0,0,0,0,0,0,0,0,0,0,0,0	73	12651	12539	12651	3	12540	1599873	8437	12428,110,1,0,0,0,0,0,0,0,0,0,0,0,0,0,0,0,0,0,0,0,0,0,0,0,0,0,0,0,0,0,0,0,0,0,0,0,0,0	59,254,24,60,683,23,23,177,22,47,477,16,10,188,22,32,1258,1328,3219,2900,1535,180,2,0,0,1,0,0,0,0,0,0,0,0,0,0,0,0,0,0
tb.dut.clusters[0].cluster.sockets[0].socket.cores[0].core.execute.fpu_unit.genblk1[0].fpu_fpnew.genblk3[0].fpnew_core.gen_operation_groups[1].i_opgroup_block.gen_merged_slice.i_multifmt_slice.gen_num_lanes[0].active_lane.lane_instance.genblk1	21	14469	25714019	819367	524360	819367	6	524361	793157	8243	235534,286759,10,1,2055,1,0,0,0,0,0,0,0,0,0,0,0,0,0,0,0,0,0,0,0,0,0,0,0,0,0,0,0,0,0,0,0,0,0,0	288812,233495,2,0,1,0,0,0,0,0,0,0,1,2046,0,0,2,0,0,0,1,0,0,0,0,1,0,0,0,0,0,0,0,0,0,0,0,0,0,0	73	12651	12539	12651	3	12540	1599873	8437	12428,110,1,0,0,0,0,0,0,0,0,0,0,0,0,0,0,0,0,0,0,0,0,0,0,0,0,0,0,0,0,0,0,0,0,0,0,0,0,0	59,254,24,60,683,23,23,177,22,47,477,16,10,188,22,32,1258,1328,3219,2900,1535,180,2,0,0,1,0,0,0,0,0,0,0,0,0,0,0,0,0,0
tb.dut.clusters[0].cluster.sockets[0].socket.cores[0].core.execute.fpu_unit.genblk1[0].fpu_fpnew.genblk3[0].fpnew_core.gen_operation_groups[1].i_opgroup_block.gen_merged_slice.i_multifmt_slice.gen_num_lanes[0].active_lane.lane_instance.genblk1.i_fpnew_divsqrt_multi	22	14469	25714019	819367	524360	819367	6	524361	793157	8243	235534,286759,10,1,2055,1,0,0,0,0,0,0,0,0,0,0,0,0,0,0,0,0,0,0,0,0,0,0,0,0,0,0,0,0,0,0,0,0,0,0	288812,233495,2,0,1,0,0,0,0,0,0,0,1,2046,0,0,2,0,0,0,1,0,0,0,0,1,0,0,0,0,0,0,0,0,0,0,0,0,0,0	73	12651	12539	12651	3	12540	1599873	8437	12428,110,1,0,0,0,0,0,0,0,0,0,0,0,0,0,0,0,0,0,0,0,0,0,0,0,0,0,0,0,0,0,0,0,0,0,0,0,0,0	59,254,24,60,683,23,23,177,22,47,477,16,10,188,22,32,1258,1328,3219,2900,1535,180,2,0,0,1,0,0,0,0,0,0,0,0,0,0,0,0,0,0
tb.dut.clusters[0].cluster.sockets[0].socket.cores[0].core.execute.fpu_unit.genblk1[0].fpu_fpnew.genblk3[0].fpnew_core.gen_operation_groups[1].i_opgroup_block.gen_merged_slice.i_multifmt_slice.gen_num_lanes[0].active_lane.lane_instance.genblk1.i_fpnew_divsqrt_multi.gen_input_pipeline[0]	23	1	0	0	0	0	0	1	1612524	1612524	0,0,0,0,0,0,0,0,0,0,0,0,0,0,0,0,0,0,0,0,0,0,0,0,0,0,0,0,0,0,0,0,0,0,0,0,0,0,0,0	0,0,0,0,0,0,0,0,0,0,0,0,0,0,0,0,0,0,0,0,0,0,0,0,0,0,0,0,0,0,0,0,1,0,0,0,0,0,0,0	2	0	0	0	0	1	1612524	1612524	0,0,0,0,0,0,0,0,0,0,0,0,0,0,0,0,0,0,0,0,0,0,0,0,0,0,0,0,0,0,0,0,0,0,0,0,0,0,0,0	0,0,0,0,0,0,0,0,0,0,0,0,0,0,0,0,0,0,0,0,0,0,0,0,0,0,0,0,0,0,0,0,1,0,0,0,0,0,0,0
tb.dut.clusters[0].cluster.sockets[0].socket.cores[0].core.execute.fpu_unit.genblk1[0].fpu_fpnew.genblk3[0].fpnew_core.gen_operation_groups[1].i_opgroup_block.gen_merged_slice.i_multifmt_slice.gen_num_lanes[0].active_lane.lane_instance.genblk1.i_fpnew_divsqrt_multi.gen_input_pipeline[1]	23	1	0	0	0	0	0	1	1612524	1612524	0,0,0,0,0,0,0,0,0,0,0,0,0,0,0,0,0,0,0,0,0,0,0,0,0,0,0,0,0,0,0,0,0,0,0,0,0,0,0,0	0,0,0,0,0,0,0,0,0,0,0,0,0,0,0,0,0,0,0,0,0,0,0,0,0,0,0,0,0,0,0,0,1,0,0,0,0,0,0,0	2	0	0	0	0	1	1612524	1612524	0,0,0,0,0,0,0,0,0,0,0,0,0,0,0,0,0,0,0,0,0,0,0,0,0,0,0,0,0,0,0,0,0,0,0,0,0,0,0,0	0,0,0,0,0,0,0,0,0,0,0,0,0,0,0,0,0,0,0,0,0,0,0,0,0,0,0,0,0,0,0,0,1,0,0,0,0,0,0,0
tb.dut.clusters[0].cluster.sockets[0].socket.cores[0].core.execute.fpu_unit.genblk1[0].fpu_fpnew.genblk3[0].fpnew_core.gen_operation_groups[1].i_opgroup_block.gen_merged_slice.i_multifmt_slice.gen_num_lanes[0].active_lane.lane_instance.genblk1.i_fpnew_divsqrt_multi.gen_input_pipeline[2]	23	1	0	0	0	0	0	1	1612524	1612524	0,0,0,0,0,0,0,0,0,0,0,0,0,0,0,0,0,0,0,0,0,0,0,0,0,0,0,0,0,0,0,0,0,0,0,0,0,0,0,0	0,0,0,0,0,0,0,0,0,0,0,0,0,0,0,0,0,0,0,0,0,0,0,0,0,0,0,0,0,0,0,0,1,0,0,0,0,0,0,0	2	0	0	0	0	1	1612524	1612524	0,0,0,0,0,0,0,0,0,0,0,0,0,0,0,0,0,0,0,0,0,0,0,0,0,0,0,0,0,0,0,0,0,0,0,0,0,0,0,0	0,0,0,0,0,0,0,0,0,0,0,0,0,0,0,0,0,0,0,0,0,0,0,0,0,0,0,0,0,0,0,0,1,0,0,0,0,0,0,0
tb.dut.clusters[0].cluster.sockets[0].socket.cores[0].core.execute.fpu_unit.genblk1[0].fpu_fpnew.genblk3[0].fpnew_core.gen_operation_groups[1].i_opgroup_block.gen_merged_slice.i_multifmt_slice.gen_num_lanes[0].active_lane.lane_instance.genblk1.i_fpnew_divsqrt_multi.gen_input_pipeline[3]	23	1	0	0	0	0	0	1	1612524	1612524	0,0,0,0,0,0,0,0,0,0,0,0,0,0,0,0,0,0,0,0,0,0,0,0,0,0,0,0,0,0,0,0,0,0,0,0,0,0,0,0	0,0,0,0,0,0,0,0,0,0,0,0,0,0,0,0,0,0,0,0,0,0,0,0,0,0,0,0,0,0,0,0,1,0,0,0,0,0,0,0	2	0	0	0	0	1	1612524	1612524	0,0,0,0,0,0,0,0,0,0,0,0,0,0,0,0,0,0,0,0,0,0,0,0,0,0,0,0,0,0,0,0,0,0,0,0,0,0,0,0	0,0,0,0,0,0,0,0,0,0,0,0,0,0,0,0,0,0,0,0,0,0,0,0,0,0,0,0,0,0,0,0,1,0,0,0,0,0,0,0
tb.dut.clusters[0].cluster.sockets[0].socket.cores[0].core.execute.fpu_unit.genblk1[0].fpu_fpnew.genblk3[0].fpnew_core.gen_operation_groups[1].i_opgroup_block.gen_merged_slice.i_multifmt_slice.gen_num_lanes[0].active_lane.lane_instance.genblk1.i_fpnew_divsqrt_multi.gen_input_pipeline[4]	23	1	0	0	0	0	0	1	1612524	1612524	0,0,0,0,0,0,0,0,0,0,0,0,0,0,0,0,0,0,0,0,0,0,0,0,0,0,0,0,0,0,0,0,0,0,0,0,0,0,0,0	0,0,0,0,0,0,0,0,0,0,0,0,0,0,0,0,0,0,0,0,0,0,0,0,0,0,0,0,0,0,0,0,1,0,0,0,0,0,0,0	2	0	0	0	0	1	1612524	1612524	0,0,0,0,0,0,0,0,0,0,0,0,0,0,0,0,0,0,0,0,0,0,0,0,0,0,0,0,0,0,0,0,0,0,0,0,0,0,0,0	0,0,0,0,0,0,0,0,0,0,0,0,0,0,0,0,0,0,0,0,0,0,0,0,0,0,0,0,0,0,0,0,1,0,0,0,0,0,0,0
tb.dut.clusters[0].cluster.sockets[0].socket.cores[0].core.execute.fpu_unit.genblk1[0].fpu_fpnew.genblk3[0].fpnew_core.gen_operation_groups[1].i_opgroup_block.gen_merged_slice.i_multifmt_slice.gen_num_lanes[0].active_lane.lane_instance.genblk1.i_fpnew_divsqrt_multi.gen_input_pipeline[5]	23	1	0	0	0	0	0	1	1612524	1612524	0,0,0,0,0,0,0,0,0,0,0,0,0,0,0,0,0,0,0,0,0,0,0,0,0,0,0,0,0,0,0,0,0,0,0,0,0,0,0,0	0,0,0,0,0,0,0,0,0,0,0,0,0,0,0,0,0,0,0,0,0,0,0,0,0,0,0,0,0,0,0,0,1,0,0,0,0,0,0,0	2	0	0	0	0	1	1612524	1612524	0,0,0,0,0,0,0,0,0,0,0,0,0,0,0,0,0,0,0,0,0,0,0,0,0,0,0,0,0,0,0,0,0,0,0,0,0,0,0,0	0,0,0,0,0,0,0,0,0,0,0,0,0,0,0,0,0,0,0,0,0,0,0,0,0,0,0,0,0,0,0,0,1,0,0,0,0,0,0,0
tb.dut.clusters[0].cluster.sockets[0].socket.cores[0].core.execute.fpu_unit.genblk1[0].fpu_fpnew.genblk3[0].fpnew_core.gen_operation_groups[1].i_opgroup_block.gen_merged_slice.i_multifmt_slice.gen_num_lanes[0].active_lane.lane_instance.genblk1.i_fpnew_divsqrt_multi.gen_input_pipeline[6]	23	1	0	0	0	0	0	1	1612524	1612524	0,0,0,0,0,0,0,0,0,0,0,0,0,0,0,0,0,0,0,0,0,0,0,0,0,0,0,0,0,0,0,0,0,0,0,0,0,0,0,0	0,0,0,0,0,0,0,0,0,0,0,0,0,0,0,0,0,0,0,0,0,0,0,0,0,0,0,0,0,0,0,0,1,0,0,0,0,0,0,0	2	0	0	0	0	1	1612524	1612524	0,0,0,0,0,0,0,0,0,0,0,0,0,0,0,0,0,0,0,0,0,0,0,0,0,0,0,0,0,0,0,0,0,0,0,0,0,0,0,0	0,0,0,0,0,0,0,0,0,0,0,0,0,0,0,0,0,0,0,0,0,0,0,0,0,0,0,0,0,0,0,0,1,0,0,0,0,0,0,0
tb.dut.clusters[0].cluster.sockets[0].socket.cores[0].core.execute.fpu_unit.genblk1[0].fpu_fpnew.genblk3[0].fpnew_core.gen_operation_groups[1].i_opgroup_block.gen_merged_slice.i_multifmt_slice.gen_num_lanes[0].active_lane.lane_instance.genblk1.i_fpnew_divsqrt_multi.gen_input_pipeline[7]	23	1	0	0	0	0	0	1	1612524	1612524	0,0,0,0,0,0,0,0,0,0,0,0,0,0,0,0,0,0,0,0,0,0,0,0,0,0,0,0,0,0,0,0,0,0,0,0,0,0,0,0	0,0,0,0,0,0,0,0,0,0,0,0,0,0,0,0,0,0,0,0,0,0,0,0,0,0,0,0,0,0,0,0,1,0,0,0,0,0,0,0	2	0	0	0	0	1	1612524	1612524	0,0,0,0,0,0,0,0,0,0,0,0,0,0,0,0,0,0,0,0,0,0,0,0,0,0,0,0,0,0,0,0,0,0,0,0,0,0,0,0	0,0,0,0,0,0,0,0,0,0,0,0,0,0,0,0,0,0,0,0,0,0,0,0,0,0,0,0,0,0,0,0,1,0,0,0,0,0,0,0
tb.dut.clusters[0].cluster.sockets[0].socket.cores[0].core.execute.fpu_unit.genblk1[0].fpu_fpnew.genblk3[0].fpnew_core.gen_operation_groups[1].i_opgroup_block.gen_merged_slice.i_multifmt_slice.gen_num_lanes[0].active_lane.lane_instance.genblk1.i_fpnew_divsqrt_multi.gen_output_pipeline[0]	23	1	0	0	0	0	0	1	1612524	1612524	0,0,0,0,0,0,0,0,0,0,0,0,0,0,0,0,0,0,0,0,0,0,0,0,0,0,0,0,0,0,0,0,0,0,0,0,0,0,0,0	0,0,0,0,0,0,0,0,0,0,0,0,0,0,0,0,0,0,0,0,0,0,0,0,0,0,0,0,0,0,0,0,1,0,0,0,0,0,0,0	2	0	0	0	0	1	1612524	1612524	0,0,0,0,0,0,0,0,0,0,0,0,0,0,0,0,0,0,0,0,0,0,0,0,0,0,0,0,0,0,0,0,0,0,0,0,0,0,0,0	0,0,0,0,0,0,0,0,0,0,0,0,0,0,0,0,0,0,0,0,0,0,0,0,0,0,0,0,0,0,0,0,1,0,0,0,0,0,0,0
tb.dut.clusters[0].cluster.sockets[0].socket.cores[0].core.execute.fpu_unit.genblk1[0].fpu_fpnew.genblk3[0].fpnew_core.gen_operation_groups[1].i_opgroup_block.gen_merged_slice.i_multifmt_slice.gen_num_lanes[0].active_lane.lane_instance.genblk1.i_fpnew_divsqrt_multi.gen_output_pipeline[1]	23	1	0	0	0	0	0	1	1612524	1612524	0,0,0,0,0,0,0,0,0,0,0,0,0,0,0,0,0,0,0,0,0,0,0,0,0,0,0,0,0,0,0,0,0,0,0,0,0,0,0,0	0,0,0,0,0,0,0,0,0,0,0,0,0,0,0,0,0,0,0,0,0,0,0,0,0,0,0,0,0,0,0,0,1,0,0,0,0,0,0,0	2	0	0	0	0	1	1612524	1612524	0,0,0,0,0,0,0,0,0,0,0,0,0,0,0,0,0,0,0,0,0,0,0,0,0,0,0,0,0,0,0,0,0,0,0,0,0,0,0,0	0,0,0,0,0,0,0,0,0,0,0,0,0,0,0,0,0,0,0,0,0,0,0,0,0,0,0,0,0,0,0,0,1,0,0,0,0,0,0,0
tb.dut.clusters[0].cluster.sockets[0].socket.cores[0].core.execute.fpu_unit.genblk1[0].fpu_fpnew.genblk3[0].fpnew_core.gen_operation_groups[1].i_opgroup_block.gen_merged_slice.i_multifmt_slice.gen_num_lanes[0].active_lane.lane_instance.genblk1.i_fpnew_divsqrt_multi.gen_output_pipeline[2]	23	1	0	0	0	0	0	1	1612524	1612524	0,0,0,0,0,0,0,0,0,0,0,0,0,0,0,0,0,0,0,0,0,0,0,0,0,0,0,0,0,0,0,0,0,0,0,0,0,0,0,0	0,0,0,0,0,0,0,0,0,0,0,0,0,0,0,0,0,0,0,0,0,0,0,0,0,0,0,0,0,0,0,0,1,0,0,0,0,0,0,0	2	0	0	0	0	1	1612524	1612524	0,0,0,0,0,0,0,0,0,0,0,0,0,0,0,0,0,0,0,0,0,0,0,0,0,0,0,0,0,0,0,0,0,0,0,0,0,0,0,0	0,0,0,0,0,0,0,0,0,0,0,0,0,0,0,0,0,0,0,0,0,0,0,0,0,0,0,0,0,0,0,0,1,0,0,0,0,0,0,0
tb.dut.clusters[0].cluster.sockets[0].socket.cores[0].core.execute.fpu_unit.genblk1[0].fpu_fpnew.genblk3[0].fpnew_core.gen_operation_groups[1].i_opgroup_block.gen_merged_slice.i_multifmt_slice.gen_num_lanes[0].active_lane.lane_instance.genblk1.i_fpnew_divsqrt_multi.gen_output_pipeline[3]	23	1	0	0	0	0	0	1	1612524	1612524	0,0,0,0,0,0,0,0,0,0,0,0,0,0,0,0,0,0,0,0,0,0,0,0,0,0,0,0,0,0,0,0,0,0,0,0,0,0,0,0	0,0,0,0,0,0,0,0,0,0,0,0,0,0,0,0,0,0,0,0,0,0,0,0,0,0,0,0,0,0,0,0,1,0,0,0,0,0,0,0	2	0	0	0	0	1	1612524	1612524	0,0,0,0,0,0,0,0,0,0,0,0,0,0,0,0,0,0,0,0,0,0,0,0,0,0,0,0,0,0,0,0,0,0,0,0,0,0,0,0	0,0,0,0,0,0,0,0,0,0,0,0,0,0,0,0,0,0,0,0,0,0,0,0,0,0,0,0,0,0,0,0,1,0,0,0,0,0,0,0
tb.dut.clusters[0].cluster.sockets[0].socket.cores[0].core.execute.fpu_unit.genblk1[0].fpu_fpnew.genblk3[0].fpnew_core.gen_operation_groups[1].i_opgroup_block.gen_merged_slice.i_multifmt_slice.gen_num_lanes[0].active_lane.lane_instance.genblk1.i_fpnew_divsqrt_multi.gen_output_pipeline[4]	23	1	0	0	0	0	0	1	1612524	1612524	0,0,0,0,0,0,0,0,0,0,0,0,0,0,0,0,0,0,0,0,0,0,0,0,0,0,0,0,0,0,0,0,0,0,0,0,0,0,0,0	0,0,0,0,0,0,0,0,0,0,0,0,0,0,0,0,0,0,0,0,0,0,0,0,0,0,0,0,0,0,0,0,1,0,0,0,0,0,0,0	2	0	0	0	0	1	1612524	1612524	0,0,0,0,0,0,0,0,0,0,0,0,0,0,0,0,0,0,0,0,0,0,0,0,0,0,0,0,0,0,0,0,0,0,0,0,0,0,0,0	0,0,0,0,0,0,0,0,0,0,0,0,0,0,0,0,0,0,0,0,0,0,0,0,0,0,0,0,0,0,0,0,1,0,0,0,0,0,0,0
tb.dut.clusters[0].cluster.sockets[0].socket.cores[0].core.execute.fpu_unit.genblk1[0].fpu_fpnew.genblk3[0].fpnew_core.gen_operation_groups[1].i_opgroup_block.gen_merged_slice.i_multifmt_slice.gen_num_lanes[0].active_lane.lane_instance.genblk1.i_fpnew_divsqrt_multi.gen_output_pipeline[5]	23	1	0	0	0	0	0	1	1612524	1612524	0,0,0,0,0,0,0,0,0,0,0,0,0,0,0,0,0,0,0,0,0,0,0,0,0,0,0,0,0,0,0,0,0,0,0,0,0,0,0,0	0,0,0,0,0,0,0,0,0,0,0,0,0,0,0,0,0,0,0,0,0,0,0,0,0,0,0,0,0,0,0,0,1,0,0,0,0,0,0,0	2	0	0	0	0	1	1612524	1612524	0,0,0,0,0,0,0,0,0,0,0,0,0,0,0,0,0,0,0,0,0,0,0,0,0,0,0,0,0,0,0,0,0,0,0,0,0,0,0,0	0,0,0,0,0,0,0,0,0,0,0,0,0,0,0,0,0,0,0,0,0,0,0,0,0,0,0,0,0,0,0,0,1,0,0,0,0,0,0,0
tb.dut.clusters[0].cluster.sockets[0].socket.cores[0].core.execute.fpu_unit.genblk1[0].fpu_fpnew.genblk3[0].fpnew_core.gen_operation_groups[1].i_opgroup_block.gen_merged_slice.i_multifmt_slice.gen_num_lanes[0].active_lane.lane_instance.genblk1.i_fpnew_divsqrt_multi.gen_output_pipeline[6]	23	1	0	0	0	0	0	1	1612524	1612524	0,0,0,0,0,0,0,0,0,0,0,0,0,0,0,0,0,0,0,0,0,0,0,0,0,0,0,0,0,0,0,0,0,0,0,0,0,0,0,0	0,0,0,0,0,0,0,0,0,0,0,0,0,0,0,0,0,0,0,0,0,0,0,0,0,0,0,0,0,0,0,0,1,0,0,0,0,0,0,0	2	0	0	0	0	1	1612524	1612524	0,0,0,0,0,0,0,0,0,0,0,0,0,0,0,0,0,0,0,0,0,0,0,0,0,0,0,0,0,0,0,0,0,0,0,0,0,0,0,0	0,0,0,0,0,0,0,0,0,0,0,0,0,0,0,0,0,0,0,0,0,0,0,0,0,0,0,0,0,0,0,0,1,0,0,0,0,0,0,0
tb.dut.clusters[0].cluster.sockets[0].socket.cores[0].core.execute.fpu_unit.genblk1[0].fpu_fpnew.genblk3[0].fpnew_core.gen_operation_groups[1].i_opgroup_block.gen_merged_slice.i_multifmt_slice.gen_num_lanes[0].active_lane.lane_instance.genblk1.i_fpnew_divsqrt_multi.gen_output_pipeline[7]	23	1	0	0	0	0	0	1	1612524	1612524	0,0,0,0,0,0,0,0,0,0,0,0,0,0,0,0,0,0,0,0,0,0,0,0,0,0,0,0,0,0,0,0,0,0,0,0,0,0,0,0	0,0,0,0,0,0,0,0,0,0,0,0,0,0,0,0,0,0,0,0,0,0,0,0,0,0,0,0,0,0,0,0,1,0,0,0,0,0,0,0	2	0	0	0	0	1	1612524	1612524	0,0,0,0,0,0,0,0,0,0,0,0,0,0,0,0,0,0,0,0,0,0,0,0,0,0,0,0,0,0,0,0,0,0,0,0,0,0,0,0	0,0,0,0,0,0,0,0,0,0,0,0,0,0,0,0,0,0,0,0,0,0,0,0,0,0,0,0,0,0,0,0,1,0,0,0,0,0,0,0
tb.dut.clusters[0].cluster.sockets[0].socket.cores[0].core.execute.fpu_unit.genblk1[0].fpu_fpnew.genblk3[0].fpnew_core.gen_operation_groups[1].i_opgroup_block.gen_merged_slice.i_multifmt_slice.gen_num_lanes[0].active_lane.lane_instance.genblk1.i_fpnew_divsqrt_multi.i_divsqrt_lei	23	12493	18	2	2	2	1	3	1612522	1612500	2,0,0,0,0,0,0,0,0,0,0,0,0,0,0,0,0,0,0,0,0,0,0,0,0,0,0,0,0,0,0,0,0,0,0,0,0,0,0,0	0,0,1,0,0,0,0,0,0,0,0,0,0,0,0,0,1,0,0,0,0,0,0,0,0,0,0,0,0,0,0,0,1,0,0,0,0,0,0,0	63	0	0	0	0	1	1612524	1612524	0,0,0,0,0,0,0,0,0,0,0,0,0,0,0,0,0,0,0,0,0,0,0,0,0,0,0,0,0,0,0,0,0,0,0,0,0,0,0,0	0,0,0,0,0,0,0,0,0,0,0,0,0,0,0,0,0,0,0,0,0,0,0,0,0,0,0,0,0,0,0,0,1,0,0,0,0,0,0,0
tb.dut.clusters[0].cluster.sockets[0].socket.cores[0].core.execute.fpu_unit.genblk1[0].fpu_fpnew.genblk3[0].fpnew_core.gen_operation_groups[1].i_opgroup_block.gen_merged_slice.i_multifmt_slice.gen_num_lanes[0].active_lane.lane_instance.genblk1.i_fpnew_divsqrt_multi.i_divsqrt_lei.fpu_norm_U0	24	752	0	0	0	0	0	1	1612524	1612524	0,0,0,0,0,0,0,0,0,0,0,0,0,0,0,0,0,0,0,0,0,0,0,0,0,0,0,0,0,0,0,0,0,0,0,0,0,0,0,0	0,0,0,0,0,0,0,0,0,0,0,0,0,0,0,0,0,0,0,0,0,0,0,0,0,0,0,0,0,0,0,0,1,0,0,0,0,0,0,0	4	0	0	0	0	1	1612524	1612524	0,0,0,0,0,0,0,0,0,0,0,0,0,0,0,0,0,0,0,0,0,0,0,0,0,0,0,0,0,0,0,0,0,0,0,0,0,0,0,0	0,0,0,0,0,0,0,0,0,0,0,0,0,0,0,0,0,0,0,0,0,0,0,0,0,0,0,0,0,0,0,0,1,0,0,0,0,0,0,0
tb.dut.clusters[0].cluster.sockets[0].socket.cores[0].core.execute.fpu_unit.genblk1[0].fpu_fpnew.genblk3[0].fpnew_core.gen_operation_groups[1].i_opgroup_block.gen_merged_slice.i_multifmt_slice.gen_num_lanes[0].active_lane.lane_instance.genblk1.i_fpnew_divsqrt_multi.i_divsqrt_lei.nrbd_nrsc_U0	24	8528	10	2	2	2	1	3	1612522	1612500	2,0,0,0,0,0,0,0,0,0,0,0,0,0,0,0,0,0,0,0,0,0,0,0,0,0,0,0,0,0,0,0,0,0,0,0,0,0,0,0	0,0,1,0,0,0,0,0,0,0,0,0,0,0,0,0,1,0,0,0,0,0,0,0,0,0,0,0,0,0,0,0,1,0,0,0,0,0,0,0	43	0	0	0	0	1	1612524	1612524	0,0,0,0,0,0,0,0,0,0,0,0,0,0,0,0,0,0,0,0,0,0,0,0,0,0,0,0,0,0,0,0,0,0,0,0,0,0,0,0	0,0,0,0,0,0,0,0,0,0,0,0,0,0,0,0,0,0,0,0,0,0,0,0,0,0,0,0,0,0,0,0,1,0,0,0,0,0,0,0
tb.dut.clusters[0].cluster.sockets[0].socket.cores[0].core.execute.fpu_unit.genblk1[0].fpu_fpnew.genblk3[0].fpnew_core.gen_operation_groups[1].i_opgroup_block.gen_merged_slice.i_multifmt_slice.gen_num_lanes[0].active_lane.lane_instance.genblk1.i_fpnew_divsqrt_multi.i_divsqrt_lei.nrbd_nrsc_U0.control_U0	25	8301	5	2	2	2	1	3	1612522	1612500	2,0,0,0,0,0,0,0,0,0,0,0,0,0,0,0,0,0,0,0,0,0,0,0,0,0,0,0,0,0,0,0,0,0,0,0,0,0,0,0	0,0,1,0,0,0,0,0,0,0,0,0,0,0,0,0,1,0,0,0,0,0,0,0,0,0,0,0,0,0,0,0,1,0,0,0,0,0,0,0	42	0	0	0	0	1	1612524	1612524	0,0,0,0,0,0,0,0,0,0,0,0,0,0,0,0,0,0,0,0,0,0,0,0,0,0,0,0,0,0,0,0,0,0,0,0,0,0,0,0	0,0,0,0,0,0,0,0,0,0,0,0,0,0,0,0,0,0,0,0,0,0,0,0,0,0,0,0,0,0,0,0,1,0,0,0,0,0,0,0
tb.dut.clusters[0].cluster.sockets[0].socket.cores[0].core.execute.fpu_unit.genblk1[0].fpu_fpnew.genblk3[0].fpnew_core.gen_operation_groups[1].i_opgroup_block.gen_merged_slice.i_multifmt_slice.gen_num_lanes[0].active_lane.lane_instance.genblk1.i_fpnew_divsqrt_multi.i_divsqrt_lei.nrbd_nrsc_U0.control_U0.genblk4[0]	26	217	0	0	0	0	0	1	1612524	1612524	0,0,0,0,0,0,0,0,0,0,0,0,0,0,0,0,0,0,0,0,0,0,0,0,0,0,0,0,0,0,0,0,0,0,0,0,0,0,0,0	0,0,0,0,0,0,0,0,0,0,0,0,0,0,0,0,0,0,0,0,0,0,0,0,0,0,0,0,0,0,0,0,1,0,0,0,0,0,0,0	2	0	0	0	0	1	1612524	1612524	0,0,0,0,0,0,0,0,0,0,0,0,0,0,0,0,0,0,0,0,0,0,0,0,0,0,0,0,0,0,0,0,0,0,0,0,0,0,0,0	0,0,0,0,0,0,0,0,0,0,0,0,0,0,0,0,0,0,0,0,0,0,0,0,0,0,0,0,0,0,0,0,1,0,0,0,0,0,0,0
tb.dut.clusters[0].cluster.sockets[0].socket.cores[0].core.execute.fpu_unit.genblk1[0].fpu_fpnew.genblk3[0].fpnew_core.gen_operation_groups[1].i_opgroup_block.gen_merged_slice.i_multifmt_slice.gen_num_lanes[0].active_lane.lane_instance.genblk1.i_fpnew_divsqrt_multi.i_divsqrt_lei.nrbd_nrsc_U0.control_U0.genblk4[0].iteration_div_sqrt	27	217	0	0	0	0	0	1	1612524	1612524	0,0,0,0,0,0,0,0,0,0,0,0,0,0,0,0,0,0,0,0,0,0,0,0,0,0,0,0,0,0,0,0,0,0,0,0,0,0,0,0	0,0,0,0,0,0,0,0,0,0,0,0,0,0,0,0,0,0,0,0,0,0,0,0,0,0,0,0,0,0,0,0,1,0,0,0,0,0,0,0	2	0	0	0	0	1	1612524	1612524	0,0,0,0,0,0,0,0,0,0,0,0,0,0,0,0,0,0,0,0,0,0,0,0,0,0,0,0,0,0,0,0,0,0,0,0,0,0,0,0	0,0,0,0,0,0,0,0,0,0,0,0,0,0,0,0,0,0,0,0,0,0,0,0,0,0,0,0,0,0,0,0,1,0,0,0,0,0,0,0
tb.dut.clusters[0].cluster.sockets[0].socket.cores[0].core.execute.fpu_unit.genblk1[0].fpu_fpnew.genblk3[0].fpnew_core.gen_operation_groups[1].i_opgroup_block.gen_merged_slice.i_multifmt_slice.gen_num_lanes[0].active_lane.lane_instance.genblk1.i_fpnew_divsqrt_multi.i_divsqrt_lei.nrbd_nrsc_U0.control_U0.genblk4[1]	26	217	0	0	0	0	0	1	1612524	1612524	0,0,0,0,0,0,0,0,0,0,0,0,0,0,0,0,0,0,0,0,0,0,0,0,0,0,0,0,0,0,0,0,0,0,0,0,0,0,0,0	0,0,0,0,0,0,0,0,0,0,0,0,0,0,0,0,0,0,0,0,0,0,0,0,0,0,0,0,0,0,0,0,1,0,0,0,0,0,0,0	2	0	0	0	0	1	1612524	1612524	0,0,0,0,0,0,0,0,0,0,0,0,0,0,0,0,0,0,0,0,0,0,0,0,0,0,0,0,0,0,0,0,0,0,0,0,0,0,0,0	0,0,0,0,0,0,0,0,0,0,0,0,0,0,0,0,0,0,0,0,0,0,0,0,0,0,0,0,0,0,0,0,1,0,0,0,0,0,0,0
tb.dut.clusters[0].cluster.sockets[0].socket.cores[0].core.execute.fpu_unit.genblk1[0].fpu_fpnew.genblk3[0].fpnew_core.gen_operation_groups[1].i_opgroup_block.gen_merged_slice.i_multifmt_slice.gen_num_lanes[0].active_lane.lane_instance.genblk1.i_fpnew_divsqrt_multi.i_divsqrt_lei.nrbd_nrsc_U0.control_U0.genblk4[1].iteration_div_sqrt	27	217	0	0	0	0	0	1	1612524	1612524	0,0,0,0,0,0,0,0,0,0,0,0,0,0,0,0,0,0,0,0,0,0,0,0,0,0,0,0,0,0,0,0,0,0,0,0,0,0,0,0	0,0,0,0,0,0,0,0,0,0,0,0,0,0,0,0,0,0,0,0,0,0,0,0,0,0,0,0,0,0,0,0,1,0,0,0,0,0,0,0	2	0	0	0	0	1	1612524	1612524	0,0,0,0,0,0,0,0,0,0,0,0,0,0,0,0,0,0,0,0,0,0,0,0,0,0,0,0,0,0,0,0,0,0,0,0,0,0,0,0	0,0,0,0,0,0,0,0,0,0,0,0,0,0,0,0,0,0,0,0,0,0,0,0,0,0,0,0,0,0,0,0,1,0,0,0,0,0,0,0
tb.dut.clusters[0].cluster.sockets[0].socket.cores[0].core.execute.fpu_unit.genblk1[0].fpu_fpnew.genblk3[0].fpnew_core.gen_operation_groups[1].i_opgroup_block.gen_merged_slice.i_multifmt_slice.gen_num_lanes[0].active_lane.lane_instance.genblk1.i_fpnew_divsqrt_multi.i_divsqrt_lei.nrbd_nrsc_U0.control_U0.genblk4[2]	26	217	0	0	0	0	0	1	1612524	1612524	0,0,0,0,0,0,0,0,0,0,0,0,0,0,0,0,0,0,0,0,0,0,0,0,0,0,0,0,0,0,0,0,0,0,0,0,0,0,0,0	0,0,0,0,0,0,0,0,0,0,0,0,0,0,0,0,0,0,0,0,0,0,0,0,0,0,0,0,0,0,0,0,1,0,0,0,0,0,0,0	2	0	0	0	0	1	1612524	1612524	0,0,0,0,0,0,0,0,0,0,0,0,0,0,0,0,0,0,0,0,0,0,0,0,0,0,0,0,0,0,0,0,0,0,0,0,0,0,0,0	0,0,0,0,0,0,0,0,0,0,0,0,0,0,0,0,0,0,0,0,0,0,0,0,0,0,0,0,0,0,0,0,1,0,0,0,0,0,0,0
tb.dut.clusters[0].cluster.sockets[0].socket.cores[0].core.execute.fpu_unit.genblk1[0].fpu_fpnew.genblk3[0].fpnew_core.gen_operation_groups[1].i_opgroup_block.gen_merged_slice.i_multifmt_slice.gen_num_lanes[0].active_lane.lane_instance.genblk1.i_fpnew_divsqrt_multi.i_divsqrt_lei.nrbd_nrsc_U0.control_U0.genblk4[2].iteration_div_sqrt	27	217	0	0	0	0	0	1	1612524	1612524	0,0,0,0,0,0,0,0,0,0,0,0,0,0,0,0,0,0,0,0,0,0,0,0,0,0,0,0,0,0,0,0,0,0,0,0,0,0,0,0	0,0,0,0,0,0,0,0,0,0,0,0,0,0,0,0,0,0,0,0,0,0,0,0,0,0,0,0,0,0,0,0,1,0,0,0,0,0,0,0	2	0	0	0	0	1	1612524	1612524	0,0,0,0,0,0,0,0,0,0,0,0,0,0,0,0,0,0,0,0,0,0,0,0,0,0,0,0,0,0,0,0,0,0,0,0,0,0,0,0	0,0,0,0,0,0,0,0,0,0,0,0,0,0,0,0,0,0,0,0,0,0,0,0,0,0,0,0,0,0,0,0,1,0,0,0,0,0,0,0
tb.dut.clusters[0].cluster.sockets[0].socket.cores[0].core.execute.fpu_unit.genblk1[0].fpu_fpnew.genblk3[0].fpnew_core.gen_operation_groups[1].i_opgroup_block.gen_merged_slice.i_multifmt_slice.gen_num_lanes[0].active_lane.lane_instance.genblk1.i_fpnew_divsqrt_multi.i_divsqrt_lei.preprocess_U0	24	2777	3	2	2	2	1	3	1612522	1612500	2,0,0,0,0,0,0,0,0,0,0,0,0,0,0,0,0,0,0,0,0,0,0,0,0,0,0,0,0,0,0,0,0,0,0,0,0,0,0,0	0,0,1,0,0,0,0,0,0,0,0,0,0,0,0,0,1,0,0,0,0,0,0,0,0,0,0,0,0,0,0,0,1,0,0,0,0,0,0,0	14	0	0	0	0	1	1612524	1612524	0,0,0,0,0,0,0,0,0,0,0,0,0,0,0,0,0,0,0,0,0,0,0,0,0,0,0,0,0,0,0,0,0,0,0,0,0,0,0,0	0,0,0,0,0,0,0,0,0,0,0,0,0,0,0,0,0,0,0,0,0,0,0,0,0,0,0,0,0,0,0,0,1,0,0,0,0,0,0,0
tb.dut.clusters[0].cluster.sockets[0].socket.cores[0].core.execute.fpu_unit.genblk1[0].fpu_fpnew.genblk3[0].fpnew_core.gen_operation_groups[1].i_opgroup_block.gen_merged_slice.i_multifmt_slice.gen_num_lanes[0].active_lane.lane_instance.genblk1.i_fpnew_divsqrt_multi.i_divsqrt_lei.preprocess_U0.LOD_Ua	25	976	0	0	0	0	0	1	1612524	1612524	0,0,0,0,0,0,0,0,0,0,0,0,0,0,0,0,0,0,0,0,0,0,0,0,0,0,0,0,0,0,0,0,0,0,0,0,0,0,0,0	0,0,0,0,0,0,0,0,0,0,0,0,0,0,0,0,0,0,0,0,0,0,0,0,0,0,0,0,0,0,0,0,1,0,0,0,0,0,0,0	5	0	0	0	0	1	1612524	1612524	0,0,0,0,0,0,0,0,0,0,0,0,0,0,0,0,0,0,0,0,0,0,0,0,0,0,0,0,0,0,0,0,0,0,0,0,0,0,0,0	0,0,0,0,0,0,0,0,0,0,0,0,0,0,0,0,0,0,0,0,0,0,0,0,0,0,0,0,0,0,0,0,1,0,0,0,0,0,0,0
tb.dut.clusters[0].cluster.sockets[0].socket.cores[0].core.execute.fpu_unit.genblk1[0].fpu_fpnew.genblk3[0].fpnew_core.gen_operation_groups[1].i_opgroup_block.gen_merged_slice.i_multifmt_slice.gen_num_lanes[0].active_lane.lane_instance.genblk1.i_fpnew_divsqrt_multi.i_divsqrt_lei.preprocess_U0.LOD_Ua.gen_lzc	26	851	0	0	0	0	0	1	1612524	1612524	0,0,0,0,0,0,0,0,0,0,0,0,0,0,0,0,0,0,0,0,0,0,0,0,0,0,0,0,0,0,0,0,0,0,0,0,0,0,0,0	0,0,0,0,0,0,0,0,0,0,0,0,0,0,0,0,0,0,0,0,0,0,0,0,0,0,0,0,0,0,0,0,1,0,0,0,0,0,0,0	5	0	0	0	0	1	1612524	1612524	0,0,0,0,0,0,0,0,0,0,0,0,0,0,0,0,0,0,0,0,0,0,0,0,0,0,0,0,0,0,0,0,0,0,0,0,0,0,0,0	0,0,0,0,0,0,0,0,0,0,0,0,0,0,0,0,0,0,0,0,0,0,0,0,0,0,0,0,0,0,0,0,1,0,0,0,0,0,0,0
tb.dut.clusters[0].cluster.sockets[0].socket.cores[0].core.execute.fpu_unit.genblk1[0].fpu_fpnew.genblk3[0].fpnew_core.gen_operation_groups[1].i_opgroup_block.gen_merged_slice.i_multifmt_slice.gen_num_lanes[0].active_lane.lane_instance.genblk1.i_fpnew_divsqrt_multi.i_divsqrt_lei.preprocess_U0.LOD_Ub	25	976	0	0	0	0	0	1	1612524	1612524	0,0,0,0,0,0,0,0,0,0,0,0,0,0,0,0,0,0,0,0,0,0,0,0,0,0,0,0,0,0,0,0,0,0,0,0,0,0,0,0	0,0,0,0,0,0,0,0,0,0,0,0,0,0,0,0,0,0,0,0,0,0,0,0,0,0,0,0,0,0,0,0,1,0,0,0,0,0,0,0	5	0	0	0	0	1	1612524	1612524	0,0,0,0,0,0,0,0,0,0,0,0,0,0,0,0,0,0,0,0,0,0,0,0,0,0,0,0,0,0,0,0,0,0,0,0,0,0,0,0	0,0,0,0,0,0,0,0,0,0,0,0,0,0,0,0,0,0,0,0,0,0,0,0,0,0,0,0,0,0,0,0,1,0,0,0,0,0,0,0
tb.dut.clusters[0].cluster.sockets[0].socket.cores[0].core.execute.fpu_unit.genblk1[0].fpu_fpnew.genblk3[0].fpnew_core.gen_operation_groups[1].i_opgroup_block.gen_merged_slice.i_multifmt_slice.gen_num_lanes[0].active_lane.lane_instance.genblk1.i_fpnew_divsqrt_multi.i_divsqrt_lei.preprocess_U0.LOD_Ub.gen_lzc	26	851	0	0	0	0	0	1	1612524	1612524	0,0,0,0,0,0,0,0,0,0,0,0,0,0,0,0,0,0,0,0,0,0,0,0,0,0,0,0,0,0,0,0,0,0,0,0,0,0,0,0	0,0,0,0,0,0,0,0,0,0,0,0,0,0,0,0,0,0,0,0,0,0,0,0,0,0,0,0,0,0,0,0,1,0,0,0,0,0,0,0	5	0	0	0	0	1	1612524	1612524	0,0,0,0,0,0,0,0,0,0,0,0,0,0,0,0,0,0,0,0,0,0,0,0,0,0,0,0,0,0,0,0,0,0,0,0,0,0,0,0	0,0,0,0,0,0,0,0,0,0,0,0,0,0,0,0,0,0,0,0,0,0,0,0,0,0,0,0,0,0,0,0,1,0,0,0,0,0,0,0
tb.dut.clusters[0].cluster.sockets[0].socket.cores[0].core.execute.fpu_unit.genblk1[0].fpu_fpnew.genblk3[0].fpnew_core.gen_operation_groups[1].i_opgroup_block.gen_merged_slice.i_multifmt_slice.gen_num_lanes[0].pack_fp_result[0]	19	32	0	0	0	0	0	1	1612524	1612524	0,0,0,0,0,0,0,0,0,0,0,0,0,0,0,0,0,0,0,0,0,0,0,0,0,0,0,0,0,0,0,0,0,0,0,0,0,0,0,0	0,0,0,0,0,0,0,0,0,0,0,0,0,0,0,0,0,0,0,0,0,0,0,0,0,0,0,0,0,0,0,0,1,0,0,0,0,0,0,0	2	0	0	0	0	1	1612524	1612524	0,0,0,0,0,0,0,0,0,0,0,0,0,0,0,0,0,0,0,0,0,0,0,0,0,0,0,0,0,0,0,0,0,0,0,0,0,0,0,0	0,0,0,0,0,0,0,0,0,0,0,0,0,0,0,0,0,0,0,0,0,0,0,0,0,0,0,0,0,0,0,0,1,0,0,0,0,0,0,0
tb.dut.clusters[0].cluster.sockets[0].socket.cores[0].core.execute.fpu_unit.genblk1[0].fpu_fpnew.genblk3[0].fpnew_core.gen_operation_groups[1].i_opgroup_block.gen_merged_slice.i_multifmt_slice.gen_num_lanes[0].pack_fp_result[1]	19	32	0	0	0	0	0	1	1612524	1612524	0,0,0,0,0,0,0,0,0,0,0,0,0,0,0,0,0,0,0,0,0,0,0,0,0,0,0,0,0,0,0,0,0,0,0,0,0,0,0,0	0,0,0,0,0,0,0,0,0,0,0,0,0,0,0,0,0,0,0,0,0,0,0,0,0,0,0,0,0,0,0,0,1,0,0,0,0,0,0,0	2	0	0	0	0	1	1612524	1612524	0,0,0,0,0,0,0,0,0,0,0,0,0,0,0,0,0,0,0,0,0,0,0,0,0,0,0,0,0,0,0,0,0,0,0,0,0,0,0,0	0,0,0,0,0,0,0,0,0,0,0,0,0,0,0,0,0,0,0,0,0,0,0,0,0,0,0,0,0,0,0,0,1,0,0,0,0,0,0,0
tb.dut.clusters[0].cluster.sockets[0].socket.cores[0].core.execute.fpu_unit.genblk1[0].fpu_fpnew.genblk3[0].fpnew_core.gen_operation_groups[1].i_opgroup_block.gen_merged_slice.i_multifmt_slice.gen_num_lanes[0].pack_fp_result[2]	19	32	0	0	0	0	0	1	1612524	1612524	0,0,0,0,0,0,0,0,0,0,0,0,0,0,0,0,0,0,0,0,0,0,0,0,0,0,0,0,0,0,0,0,0,0,0,0,0,0,0,0	0,0,0,0,0,0,0,0,0,0,0,0,0,0,0,0,0,0,0,0,0,0,0,0,0,0,0,0,0,0,0,0,1,0,0,0,0,0,0,0	2	0	0	0	0	1	1612524	1612524	0,0,0,0,0,0,0,0,0,0,0,0,0,0,0,0,0,0,0,0,0,0,0,0,0,0,0,0,0,0,0,0,0,0,0,0,0,0,0,0	0,0,0,0,0,0,0,0,0,0,0,0,0,0,0,0,0,0,0,0,0,0,0,0,0,0,0,0,0,0,0,0,1,0,0,0,0,0,0,0
tb.dut.clusters[0].cluster.sockets[0].socket.cores[0].core.execute.fpu_unit.genblk1[0].fpu_fpnew.genblk3[0].fpnew_core.gen_operation_groups[1].i_opgroup_block.gen_merged_slice.i_multifmt_slice.gen_num_lanes[0].pack_fp_result[3]	19	32	0	0	0	0	0	1	1612524	1612524	0,0,0,0,0,0,0,0,0,0,0,0,0,0,0,0,0,0,0,0,0,0,0,0,0,0,0,0,0,0,0,0,0,0,0,0,0,0,0,0	0,0,0,0,0,0,0,0,0,0,0,0,0,0,0,0,0,0,0,0,0,0,0,0,0,0,0,0,0,0,0,0,1,0,0,0,0,0,0,0	2	0	0	0	0	1	1612524	1612524	0,0,0,0,0,0,0,0,0,0,0,0,0,0,0,0,0,0,0,0,0,0,0,0,0,0,0,0,0,0,0,0,0,0,0,0,0,0,0,0	0,0,0,0,0,0,0,0,0,0,0,0,0,0,0,0,0,0,0,0,0,0,0,0,0,0,0,0,0,0,0,0,1,0,0,0,0,0,0,0
tb.dut.clusters[0].cluster.sockets[0].socket.cores[0].core.execute.fpu_unit.genblk1[0].fpu_fpnew.genblk3[0].fpnew_core.gen_operation_groups[1].i_opgroup_block.gen_merged_slice.i_multifmt_slice.gen_num_lanes[0].pack_fp_result[4]	19	32	0	0	0	0	0	1	1612524	1612524	0,0,0,0,0,0,0,0,0,0,0,0,0,0,0,0,0,0,0,0,0,0,0,0,0,0,0,0,0,0,0,0,0,0,0,0,0,0,0,0	0,0,0,0,0,0,0,0,0,0,0,0,0,0,0,0,0,0,0,0,0,0,0,0,0,0,0,0,0,0,0,0,1,0,0,0,0,0,0,0	2	0	0	0	0	1	1612524	1612524	0,0,0,0,0,0,0,0,0,0,0,0,0,0,0,0,0,0,0,0,0,0,0,0,0,0,0,0,0,0,0,0,0,0,0,0,0,0,0,0	0,0,0,0,0,0,0,0,0,0,0,0,0,0,0,0,0,0,0,0,0,0,0,0,0,0,0,0,0,0,0,0,1,0,0,0,0,0,0,0
tb.dut.clusters[0].cluster.sockets[0].socket.cores[0].core.execute.fpu_unit.genblk1[0].fpu_fpnew.genblk3[0].fpnew_core.gen_operation_groups[1].i_opgroup_block.gen_parallel_slices[0]	16	2	0	0	0	0	0	1	1612524	1612524	0,0,0,0,0,0,0,0,0,0,0,0,0,0,0,0,0,0,0,0,0,0,0,0,0,0,0,0,0,0,0,0,0,0,0,0,0,0,0,0	0,0,0,0,0,0,0,0,0,0,0,0,0,0,0,0,0,0,0,0,0,0,0,0,0,0,0,0,0,0,0,0,1,0,0,0,0,0,0,0	2	0	0	0	0	1	1612524	1612524	0,0,0,0,0,0,0,0,0,0,0,0,0,0,0,0,0,0,0,0,0,0,0,0,0,0,0,0,0,0,0,0,0,0,0,0,0,0,0,0	0,0,0,0,0,0,0,0,0,0,0,0,0,0,0,0,0,0,0,0,0,0,0,0,0,0,0,0,0,0,0,0,1,0,0,0,0,0,0,0
tb.dut.clusters[0].cluster.sockets[0].socket.cores[0].core.execute.fpu_unit.genblk1[0].fpu_fpnew.genblk3[0].fpnew_core.gen_operation_groups[1].i_opgroup_block.gen_parallel_slices[1]	16	2	0	0	0	0	0	1	1612524	1612524	0,0,0,0,0,0,0,0,0,0,0,0,0,0,0,0,0,0,0,0,0,0,0,0,0,0,0,0,0,0,0,0,0,0,0,0,0,0,0,0	0,0,0,0,0,0,0,0,0,0,0,0,0,0,0,0,0,0,0,0,0,0,0,0,0,0,0,0,0,0,0,0,1,0,0,0,0,0,0,0	2	0	0	0	0	1	1612524	1612524	0,0,0,0,0,0,0,0,0,0,0,0,0,0,0,0,0,0,0,0,0,0,0,0,0,0,0,0,0,0,0,0,0,0,0,0,0,0,0,0	0,0,0,0,0,0,0,0,0,0,0,0,0,0,0,0,0,0,0,0,0,0,0,0,0,0,0,0,0,0,0,0,1,0,0,0,0,0,0,0
tb.dut.clusters[0].cluster.sockets[0].socket.cores[0].core.execute.fpu_unit.genblk1[0].fpu_fpnew.genblk3[0].fpnew_core.gen_operation_groups[1].i_opgroup_block.gen_parallel_slices[2]	16	2	0	0	0	0	0	1	1612524	1612524	0,0,0,0,0,0,0,0,0,0,0,0,0,0,0,0,0,0,0,0,0,0,0,0,0,0,0,0,0,0,0,0,0,0,0,0,0,0,0,0	0,0,0,0,0,0,0,0,0,0,0,0,0,0,0,0,0,0,0,0,0,0,0,0,0,0,0,0,0,0,0,0,1,0,0,0,0,0,0,0	2	0	0	0	0	1	1612524	1612524	0,0,0,0,0,0,0,0,0,0,0,0,0,0,0,0,0,0,0,0,0,0,0,0,0,0,0,0,0,0,0,0,0,0,0,0,0,0,0,0	0,0,0,0,0,0,0,0,0,0,0,0,0,0,0,0,0,0,0,0,0,0,0,0,0,0,0,0,0,0,0,0,1,0,0,0,0,0,0,0
tb.dut.clusters[0].cluster.sockets[0].socket.cores[0].core.execute.fpu_unit.genblk1[0].fpu_fpnew.genblk3[0].fpnew_core.gen_operation_groups[1].i_opgroup_block.gen_parallel_slices[3]	16	2	0	0	0	0	0	1	1612524	1612524	0,0,0,0,0,0,0,0,0,0,0,0,0,0,0,0,0,0,0,0,0,0,0,0,0,0,0,0,0,0,0,0,0,0,0,0,0,0,0,0	0,0,0,0,0,0,0,0,0,0,0,0,0,0,0,0,0,0,0,0,0,0,0,0,0,0,0,0,0,0,0,0,1,0,0,0,0,0,0,0	2	0	0	0	0	1	1612524	1612524	0,0,0,0,0,0,0,0,0,0,0,0,0,0,0,0,0,0,0,0,0,0,0,0,0,0,0,0,0,0,0,0,0,0,0,0,0,0,0,0	0,0,0,0,0,0,0,0,0,0,0,0,0,0,0,0,0,0,0,0,0,0,0,0,0,0,0,0,0,0,0,0,1,0,0,0,0,0,0,0
tb.dut.clusters[0].cluster.sockets[0].socket.cores[0].core.execute.fpu_unit.genblk1[0].fpu_fpnew.genblk3[0].fpnew_core.gen_operation_groups[1].i_opgroup_block.gen_parallel_slices[4]	16	2	0	0	0	0	0	1	1612524	1612524	0,0,0,0,0,0,0,0,0,0,0,0,0,0,0,0,0,0,0,0,0,0,0,0,0,0,0,0,0,0,0,0,0,0,0,0,0,0,0,0	0,0,0,0,0,0,0,0,0,0,0,0,0,0,0,0,0,0,0,0,0,0,0,0,0,0,0,0,0,0,0,0,1,0,0,0,0,0,0,0	2	0	0	0	0	1	1612524	1612524	0,0,0,0,0,0,0,0,0,0,0,0,0,0,0,0,0,0,0,0,0,0,0,0,0,0,0,0,0,0,0,0,0,0,0,0,0,0,0,0	0,0,0,0,0,0,0,0,0,0,0,0,0,0,0,0,0,0,0,0,0,0,0,0,0,0,0,0,0,0,0,0,1,0,0,0,0,0,0,0
tb.dut.clusters[0].cluster.sockets[0].socket.cores[0].core.execute.fpu_unit.genblk1[0].fpu_fpnew.genblk3[0].fpnew_core.gen_operation_groups[1].i_opgroup_block.i_arbiter	16	1510	4	2	2	2	1	3	1612522	1612500	2,0,0,0,0,0,0,0,0,0,0,0,0,0,0,0,0,0,0,0,0,0,0,0,0,0,0,0,0,0,0,0,0,0,0,0,0,0,0,0	0,0,1,0,0,0,0,0,0,0,0,0,0,0,0,0,1,0,0,0,0,0,0,0,0,0,0,0,0,0,0,0,1,0,0,0,0,0,0,0	8	0	0	0	0	1	1612524	1612524	0,0,0,0,0,0,0,0,0,0,0,0,0,0,0,0,0,0,0,0,0,0,0,0,0,0,0,0,0,0,0,0,0,0,0,0,0,0,0,0	0,0,0,0,0,0,0,0,0,0,0,0,0,0,0,0,0,0,0,0,0,0,0,0,0,0,0,0,0,0,0,0,1,0,0,0,0,0,0,0
tb.dut.clusters[0].cluster.sockets[0].socket.cores[0].core.execute.fpu_unit.genblk1[0].fpu_fpnew.genblk3[0].fpnew_core.gen_operation_groups[1].i_opgroup_block.i_arbiter.gen_arbiter	17	1150	0	0	0	0	0	1	1612524	1612524	0,0,0,0,0,0,0,0,0,0,0,0,0,0,0,0,0,0,0,0,0,0,0,0,0,0,0,0,0,0,0,0,0,0,0,0,0,0,0,0	0,0,0,0,0,0,0,0,0,0,0,0,0,0,0,0,0,0,0,0,0,0,0,0,0,0,0,0,0,0,0,0,1,0,0,0,0,0,0,0	6	0	0	0	0	1	1612524	1612524	0,0,0,0,0,0,0,0,0,0,0,0,0,0,0,0,0,0,0,0,0,0,0,0,0,0,0,0,0,0,0,0,0,0,0,0,0,0,0,0	0,0,0,0,0,0,0,0,0,0,0,0,0,0,0,0,0,0,0,0,0,0,0,0,0,0,0,0,0,0,0,0,1,0,0,0,0,0,0,0
tb.dut.clusters[0].cluster.sockets[0].socket.cores[0].core.execute.fpu_unit.genblk1[0].fpu_fpnew.genblk3[0].fpnew_core.gen_operation_groups[1].i_opgroup_block.i_arbiter.gen_arbiter.gen_int_rr	18	340	0	0	0	0	0	1	1612524	1612524	0,0,0,0,0,0,0,0,0,0,0,0,0,0,0,0,0,0,0,0,0,0,0,0,0,0,0,0,0,0,0,0,0,0,0,0,0,0,0,0	0,0,0,0,0,0,0,0,0,0,0,0,0,0,0,0,0,0,0,0,0,0,0,0,0,0,0,0,0,0,0,0,1,0,0,0,0,0,0,0	2	0	0	0	0	1	1612524	1612524	0,0,0,0,0,0,0,0,0,0,0,0,0,0,0,0,0,0,0,0,0,0,0,0,0,0,0,0,0,0,0,0,0,0,0,0,0,0,0,0	0,0,0,0,0,0,0,0,0,0,0,0,0,0,0,0,0,0,0,0,0,0,0,0,0,0,0,0,0,0,0,0,1,0,0,0,0,0,0,0
tb.dut.clusters[0].cluster.sockets[0].socket.cores[0].core.execute.fpu_unit.genblk1[0].fpu_fpnew.genblk3[0].fpnew_core.gen_operation_groups[1].i_opgroup_block.i_arbiter.gen_arbiter.gen_int_rr.gen_fair_arb	19	337	0	0	0	0	0	1	1612524	1612524	0,0,0,0,0,0,0,0,0,0,0,0,0,0,0,0,0,0,0,0,0,0,0,0,0,0,0,0,0,0,0,0,0,0,0,0,0,0,0,0	0,0,0,0,0,0,0,0,0,0,0,0,0,0,0,0,0,0,0,0,0,0,0,0,0,0,0,0,0,0,0,0,1,0,0,0,0,0,0,0	2	0	0	0	0	1	1612524	1612524	0,0,0,0,0,0,0,0,0,0,0,0,0,0,0,0,0,0,0,0,0,0,0,0,0,0,0,0,0,0,0,0,0,0,0,0,0,0,0,0	0,0,0,0,0,0,0,0,0,0,0,0,0,0,0,0,0,0,0,0,0,0,0,0,0,0,0,0,0,0,0,0,1,0,0,0,0,0,0,0
tb.dut.clusters[0].cluster.sockets[0].socket.cores[0].core.execute.fpu_unit.genblk1[0].fpu_fpnew.genblk3[0].fpnew_core.gen_operation_groups[1].i_opgroup_block.i_arbiter.gen_arbiter.gen_int_rr.gen_fair_arb.i_lzc_lower	20	158	0	0	0	0	0	1	1612524	1612524	0,0,0,0,0,0,0,0,0,0,0,0,0,0,0,0,0,0,0,0,0,0,0,0,0,0,0,0,0,0,0,0,0,0,0,0,0,0,0,0	0,0,0,0,0,0,0,0,0,0,0,0,0,0,0,0,0,0,0,0,0,0,0,0,0,0,0,0,0,0,0,0,1,0,0,0,0,0,0,0	2	0	0	0	0	1	1612524	1612524	0,0,0,0,0,0,0,0,0,0,0,0,0,0,0,0,0,0,0,0,0,0,0,0,0,0,0,0,0,0,0,0,0,0,0,0,0,0,0,0	0,0,0,0,0,0,0,0,0,0,0,0,0,0,0,0,0,0,0,0,0,0,0,0,0,0,0,0,0,0,0,0,1,0,0,0,0,0,0,0
tb.dut.clusters[0].cluster.sockets[0].socket.cores[0].core.execute.fpu_unit.genblk1[0].fpu_fpnew.genblk3[0].fpnew_core.gen_operation_groups[1].i_opgroup_block.i_arbiter.gen_arbiter.gen_int_rr.gen_fair_arb.i_lzc_lower.gen_lzc	21	84	0	0	0	0	0	1	1612524	1612524	0,0,0,0,0,0,0,0,0,0,0,0,0,0,0,0,0,0,0,0,0,0,0,0,0,0,0,0,0,0,0,0,0,0,0,0,0,0,0,0	0,0,0,0,0,0,0,0,0,0,0,0,0,0,0,0,0,0,0,0,0,0,0,0,0,0,0,0,0,0,0,0,1,0,0,0,0,0,0,0	2	0	0	0	0	1	1612524	1612524	0,0,0,0,0,0,0,0,0,0,0,0,0,0,0,0,0,0,0,0,0,0,0,0,0,0,0,0,0,0,0,0,0,0,0,0,0,0,0,0	0,0,0,0,0,0,0,0,0,0,0,0,0,0,0,0,0,0,0,0,0,0,0,0,0,0,0,0,0,0,0,0,1,0,0,0,0,0,0,0
tb.dut.clusters[0].cluster.sockets[0].socket.cores[0].core.execute.fpu_unit.genblk1[0].fpu_fpnew.genblk3[0].fpnew_core.gen_operation_groups[1].i_opgroup_block.i_arbiter.gen_arbiter.gen_int_rr.gen_fair_arb.i_lzc_upper	20	158	0	0	0	0	0	1	1612524	1612524	0,0,0,0,0,0,0,0,0,0,0,0,0,0,0,0,0,0,0,0,0,0,0,0,0,0,0,0,0,0,0,0,0,0,0,0,0,0,0,0	0,0,0,0,0,0,0,0,0,0,0,0,0,0,0,0,0,0,0,0,0,0,0,0,0,0,0,0,0,0,0,0,1,0,0,0,0,0,0,0	2	0	0	0	0	1	1612524	1612524	0,0,0,0,0,0,0,0,0,0,0,0,0,0,0,0,0,0,0,0,0,0,0,0,0,0,0,0,0,0,0,0,0,0,0,0,0,0,0,0	0,0,0,0,0,0,0,0,0,0,0,0,0,0,0,0,0,0,0,0,0,0,0,0,0,0,0,0,0,0,0,0,1,0,0,0,0,0,0,0
tb.dut.clusters[0].cluster.sockets[0].socket.cores[0].core.execute.fpu_unit.genblk1[0].fpu_fpnew.genblk3[0].fpnew_core.gen_operation_groups[1].i_opgroup_block.i_arbiter.gen_arbiter.gen_int_rr.gen_fair_arb.i_lzc_upper.gen_lzc	21	84	0	0	0	0	0	1	1612524	1612524	0,0,0,0,0,0,0,0,0,0,0,0,0,0,0,0,0,0,0,0,0,0,0,0,0,0,0,0,0,0,0,0,0,0,0,0,0,0,0,0	0,0,0,0,0,0,0,0,0,0,0,0,0,0,0,0,0,0,0,0,0,0,0,0,0,0,0,0,0,0,0,0,1,0,0,0,0,0,0,0	2	0	0	0	0	1	1612524	1612524	0,0,0,0,0,0,0,0,0,0,0,0,0,0,0,0,0,0,0,0,0,0,0,0,0,0,0,0,0,0,0,0,0,0,0,0,0,0,0,0	0,0,0,0,0,0,0,0,0,0,0,0,0,0,0,0,0,0,0,0,0,0,0,0,0,0,0,0,0,0,0,0,1,0,0,0,0,0,0,0
tb.dut.clusters[0].cluster.sockets[0].socket.cores[0].core.execute.fpu_unit.genblk1[0].fpu_fpnew.genblk3[0].fpnew_core.gen_operation_groups[1].i_opgroup_block.i_arbiter.gen_arbiter.gen_levels[0]	18	65	0	0	0	0	0	1	1612524	1612524	0,0,0,0,0,0,0,0,0,0,0,0,0,0,0,0,0,0,0,0,0,0,0,0,0,0,0,0,0,0,0,0,0,0,0,0,0,0,0,0	0,0,0,0,0,0,0,0,0,0,0,0,0,0,0,0,0,0,0,0,0,0,0,0,0,0,0,0,0,0,0,0,1,0,0,0,0,0,0,0	2	0	0	0	0	1	1612524	1612524	0,0,0,0,0,0,0,0,0,0,0,0,0,0,0,0,0,0,0,0,0,0,0,0,0,0,0,0,0,0,0,0,0,0,0,0,0,0,0,0	0,0,0,0,0,0,0,0,0,0,0,0,0,0,0,0,0,0,0,0,0,0,0,0,0,0,0,0,0,0,0,0,1,0,0,0,0,0,0,0
tb.dut.clusters[0].cluster.sockets[0].socket.cores[0].core.execute.fpu_unit.genblk1[0].fpu_fpnew.genblk3[0].fpnew_core.gen_operation_groups[1].i_opgroup_block.i_arbiter.gen_arbiter.gen_levels[0].gen_level[0]	19	65	0	0	0	0	0	1	1612524	1612524	0,0,0,0,0,0,0,0,0,0,0,0,0,0,0,0,0,0,0,0,0,0,0,0,0,0,0,0,0,0,0,0,0,0,0,0,0,0,0,0	0,0,0,0,0,0,0,0,0,0,0,0,0,0,0,0,0,0,0,0,0,0,0,0,0,0,0,0,0,0,0,0,1,0,0,0,0,0,0,0	2	0	0	0	0	1	1612524	1612524	0,0,0,0,0,0,0,0,0,0,0,0,0,0,0,0,0,0,0,0,0,0,0,0,0,0,0,0,0,0,0,0,0,0,0,0,0,0,0,0	0,0,0,0,0,0,0,0,0,0,0,0,0,0,0,0,0,0,0,0,0,0,0,0,0,0,0,0,0,0,0,0,1,0,0,0,0,0,0,0
tb.dut.clusters[0].cluster.sockets[0].socket.cores[0].core.execute.fpu_unit.genblk1[0].fpu_fpnew.genblk3[0].fpnew_core.gen_operation_groups[1].i_opgroup_block.i_arbiter.gen_arbiter.gen_levels[1]	18	130	0	0	0	0	0	1	1612524	1612524	0,0,0,0,0,0,0,0,0,0,0,0,0,0,0,0,0,0,0,0,0,0,0,0,0,0,0,0,0,0,0,0,0,0,0,0,0,0,0,0	0,0,0,0,0,0,0,0,0,0,0,0,0,0,0,0,0,0,0,0,0,0,0,0,0,0,0,0,0,0,0,0,1,0,0,0,0,0,0,0	2	0	0	0	0	1	1612524	1612524	0,0,0,0,0,0,0,0,0,0,0,0,0,0,0,0,0,0,0,0,0,0,0,0,0,0,0,0,0,0,0,0,0,0,0,0,0,0,0,0	0,0,0,0,0,0,0,0,0,0,0,0,0,0,0,0,0,0,0,0,0,0,0,0,0,0,0,0,0,0,0,0,1,0,0,0,0,0,0,0
tb.dut.clusters[0].cluster.sockets[0].socket.cores[0].core.execute.fpu_unit.genblk1[0].fpu_fpnew.genblk3[0].fpnew_core.gen_operation_groups[1].i_opgroup_block.i_arbiter.gen_arbiter.gen_levels[1].gen_level[0]	19	65	0	0	0	0	0	1	1612524	1612524	0,0,0,0,0,0,0,0,0,0,0,0,0,0,0,0,0,0,0,0,0,0,0,0,0,0,0,0,0,0,0,0,0,0,0,0,0,0,0,0	0,0,0,0,0,0,0,0,0,0,0,0,0,0,0,0,0,0,0,0,0,0,0,0,0,0,0,0,0,0,0,0,1,0,0,0,0,0,0,0	2	0	0	0	0	1	1612524	1612524	0,0,0,0,0,0,0,0,0,0,0,0,0,0,0,0,0,0,0,0,0,0,0,0,0,0,0,0,0,0,0,0,0,0,0,0,0,0,0,0	0,0,0,0,0,0,0,0,0,0,0,0,0,0,0,0,0,0,0,0,0,0,0,0,0,0,0,0,0,0,0,0,1,0,0,0,0,0,0,0
tb.dut.clusters[0].cluster.sockets[0].socket.cores[0].core.execute.fpu_unit.genblk1[0].fpu_fpnew.genblk3[0].fpnew_core.gen_operation_groups[1].i_opgroup_block.i_arbiter.gen_arbiter.gen_levels[1].gen_level[1]	19	65	0	0	0	0	0	1	1612524	1612524	0,0,0,0,0,0,0,0,0,0,0,0,0,0,0,0,0,0,0,0,0,0,0,0,0,0,0,0,0,0,0,0,0,0,0,0,0,0,0,0	0,0,0,0,0,0,0,0,0,0,0,0,0,0,0,0,0,0,0,0,0,0,0,0,0,0,0,0,0,0,0,0,1,0,0,0,0,0,0,0	2	0	0	0	0	1	1612524	1612524	0,0,0,0,0,0,0,0,0,0,0,0,0,0,0,0,0,0,0,0,0,0,0,0,0,0,0,0,0,0,0,0,0,0,0,0,0,0,0,0	0,0,0,0,0,0,0,0,0,0,0,0,0,0,0,0,0,0,0,0,0,0,0,0,0,0,0,0,0,0,0,0,1,0,0,0,0,0,0,0
tb.dut.clusters[0].cluster.sockets[0].socket.cores[0].core.execute.fpu_unit.genblk1[0].fpu_fpnew.genblk3[0].fpnew_core.gen_operation_groups[1].i_opgroup_block.i_arbiter.gen_arbiter.gen_levels[2]	18	260	0	0	0	0	0	1	1612524	1612524	0,0,0,0,0,0,0,0,0,0,0,0,0,0,0,0,0,0,0,0,0,0,0,0,0,0,0,0,0,0,0,0,0,0,0,0,0,0,0,0	0,0,0,0,0,0,0,0,0,0,0,0,0,0,0,0,0,0,0,0,0,0,0,0,0,0,0,0,0,0,0,0,1,0,0,0,0,0,0,0	2	0	0	0	0	1	1612524	1612524	0,0,0,0,0,0,0,0,0,0,0,0,0,0,0,0,0,0,0,0,0,0,0,0,0,0,0,0,0,0,0,0,0,0,0,0,0,0,0,0	0,0,0,0,0,0,0,0,0,0,0,0,0,0,0,0,0,0,0,0,0,0,0,0,0,0,0,0,0,0,0,0,1,0,0,0,0,0,0,0
tb.dut.clusters[0].cluster.sockets[0].socket.cores[0].core.execute.fpu_unit.genblk1[0].fpu_fpnew.genblk3[0].fpnew_core.gen_operation_groups[1].i_opgroup_block.i_arbiter.gen_arbiter.gen_levels[2].gen_level[0]	19	65	0	0	0	0	0	1	1612524	1612524	0,0,0,0,0,0,0,0,0,0,0,0,0,0,0,0,0,0,0,0,0,0,0,0,0,0,0,0,0,0,0,0,0,0,0,0,0,0,0,0	0,0,0,0,0,0,0,0,0,0,0,0,0,0,0,0,0,0,0,0,0,0,0,0,0,0,0,0,0,0,0,0,1,0,0,0,0,0,0,0	2	0	0	0	0	1	1612524	1612524	0,0,0,0,0,0,0,0,0,0,0,0,0,0,0,0,0,0,0,0,0,0,0,0,0,0,0,0,0,0,0,0,0,0,0,0,0,0,0,0	0,0,0,0,0,0,0,0,0,0,0,0,0,0,0,0,0,0,0,0,0,0,0,0,0,0,0,0,0,0,0,0,1,0,0,0,0,0,0,0
tb.dut.clusters[0].cluster.sockets[0].socket.cores[0].core.execute.fpu_unit.genblk1[0].fpu_fpnew.genblk3[0].fpnew_core.gen_operation_groups[1].i_opgroup_block.i_arbiter.gen_arbiter.gen_levels[2].gen_level[1]	19	65	0	0	0	0	0	1	1612524	1612524	0,0,0,0,0,0,0,0,0,0,0,0,0,0,0,0,0,0,0,0,0,0,0,0,0,0,0,0,0,0,0,0,0,0,0,0,0,0,0,0	0,0,0,0,0,0,0,0,0,0,0,0,0,0,0,0,0,0,0,0,0,0,0,0,0,0,0,0,0,0,0,0,1,0,0,0,0,0,0,0	2	0	0	0	0	1	1612524	1612524	0,0,0,0,0,0,0,0,0,0,0,0,0,0,0,0,0,0,0,0,0,0,0,0,0,0,0,0,0,0,0,0,0,0,0,0,0,0,0,0	0,0,0,0,0,0,0,0,0,0,0,0,0,0,0,0,0,0,0,0,0,0,0,0,0,0,0,0,0,0,0,0,1,0,0,0,0,0,0,0
tb.dut.clusters[0].cluster.sockets[0].socket.cores[0].core.execute.fpu_unit.genblk1[0].fpu_fpnew.genblk3[0].fpnew_core.gen_operation_groups[1].i_opgroup_block.i_arbiter.gen_arbiter.gen_levels[2].gen_level[2]	19	65	0	0	0	0	0	1	1612524	1612524	0,0,0,0,0,0,0,0,0,0,0,0,0,0,0,0,0,0,0,0,0,0,0,0,0,0,0,0,0,0,0,0,0,0,0,0,0,0,0,0	0,0,0,0,0,0,0,0,0,0,0,0,0,0,0,0,0,0,0,0,0,0,0,0,0,0,0,0,0,0,0,0,1,0,0,0,0,0,0,0	2	0	0	0	0	1	1612524	1612524	0,0,0,0,0,0,0,0,0,0,0,0,0,0,0,0,0,0,0,0,0,0,0,0,0,0,0,0,0,0,0,0,0,0,0,0,0,0,0,0	0,0,0,0,0,0,0,0,0,0,0,0,0,0,0,0,0,0,0,0,0,0,0,0,0,0,0,0,0,0,0,0,1,0,0,0,0,0,0,0
tb.dut.clusters[0].cluster.sockets[0].socket.cores[0].core.execute.fpu_unit.genblk1[0].fpu_fpnew.genblk3[0].fpnew_core.gen_operation_groups[1].i_opgroup_block.i_arbiter.gen_arbiter.gen_levels[2].gen_level[3]	19	65	0	0	0	0	0	1	1612524	1612524	0,0,0,0,0,0,0,0,0,0,0,0,0,0,0,0,0,0,0,0,0,0,0,0,0,0,0,0,0,0,0,0,0,0,0,0,0,0,0,0	0,0,0,0,0,0,0,0,0,0,0,0,0,0,0,0,0,0,0,0,0,0,0,0,0,0,0,0,0,0,0,0,1,0,0,0,0,0,0,0	2	0	0	0	0	1	1612524	1612524	0,0,0,0,0,0,0,0,0,0,0,0,0,0,0,0,0,0,0,0,0,0,0,0,0,0,0,0,0,0,0,0,0,0,0,0,0,0,0,0	0,0,0,0,0,0,0,0,0,0,0,0,0,0,0,0,0,0,0,0,0,0,0,0,0,0,0,0,0,0,0,0,1,0,0,0,0,0,0,0
tb.dut.clusters[0].cluster.sockets[0].socket.cores[0].core.execute.fpu_unit.genblk1[0].fpu_fpnew.genblk3[0].fpnew_core.gen_operation_groups[2]	14	4265	63687754	819375	524356	819375	10	524357	793149	8243	235532,286757,8,1,2055,1,0,0,0,2,0,0,0,0,0,0,0,0,0,0,0,0,0,0,0,0,0,0,0,0,0,0,0,0,0,0,0,0,0,0	288810,233493,2,1,0,0,0,0,0,0,0,0,1,2046,0,1,1,0,0,0,1,0,0,0,0,1,0,0,0,0,0,0,0,0,0,0,0,0,0,0	22	583624	524206	583624	10	524207	1028900	8245	466855,55299,2049,1,0,0,0,0,0,2,0,0,0,0,0,0,0,0,0,0,0,0,0,0,0,0,0,0,0,0,0,0,0,0,0,0,0,0,0,0	57344,464677,5,2,116,1,0,1,2,0,0,6,3,0,1,2044,3,0,0,0,1,0,0,0,0,1,0,0,0,0,0,0,0,0,0,0,0,0,0,0
tb.dut.clusters[0].cluster.sockets[0].socket.cores[0].core.execute.fpu_unit.genblk1[0].fpu_fpnew.genblk3[0].fpnew_core.gen_operation_groups[2].i_opgroup_block	15	4222	63687738	819375	524356	819375	10	524357	793149	8243	235532,286757,8,1,2055,1,0,0,0,2,0,0,0,0,0,0,0,0,0,0,0,0,0,0,0,0,0,0,0,0,0,0,0,0,0,0,0,0,0,0	288810,233493,2,1,0,0,0,0,0,0,0,0,1,2046,0,1,1,0,0,0,1,0,0,0,0,1,0,0,0,0,0,0,0,0,0,0,0,0,0,0	22	583624	524206	583624	10	524207	1028900	8245	466855,55299,2049,1,0,0,0,0,0,2,0,0,0,0,0,0,0,0,0,0,0,0,0,0,0,0,0,0,0,0,0,0,0,0,0,0,0,0,0,0	57344,464677,5,2,116,1,0,1,2,0,0,6,3,0,1,2044,3,0,0,0,1,0,0,0,0,1,0,0,0,0,0,0,0,0,0,0,0,0,0,0
tb.dut.clusters[0].cluster.sockets[0].socket.cores[0].core.execute.fpu_unit.genblk1[0].fpu_fpnew.genblk3[0].fpnew_core.gen_operation_groups[2].i_opgroup_block.gen_parallel_slices[0]	16	1958	50827772	819375	524356	819375	10	524357	793149	8243	235532,286757,8,1,2055,1,0,0,0,2,0,0,0,0,0,0,0,0,0,0,0,0,0,0,0,0,0,0,0,0,0,0,0,0,0,0,0,0,0,0	288810,233493,2,1,0,0,0,0,0,0,0,0,1,2046,0,1,1,0,0,0,1,0,0,0,0,1,0,0,0,0,0,0,0,0,0,0,0,0,0,0	10	583782	524340	583782	10	524341	1028742	8245	466966,55321,2050,1,0,0,0,0,0,2,0,0,0,0,0,0,0,0,0,0,0,0,0,0,0,0,0,0,0,0,0,0,0,0,0,0,0,0,0,0	57363,464903,6,8,3,0,5,2,0,0,0,0,1,0,1,2047,0,0,0,0,1,0,0,0,0,1,0,0,0,0,0,0,0,0,0,0,0,0,0,0
tb.dut.clusters[0].cluster.sockets[0].socket.cores[0].core.execute.fpu_unit.genblk1[0].fpu_fpnew.genblk3[0].fpnew_core.gen_operation_groups[2].i_opgroup_block.gen_parallel_slices[0].active_format	17	1956	50827772	819375	524356	819375	10	524357	793149	8243	235532,286757,8,1,2055,1,0,0,0,2,0,0,0,0,0,0,0,0,0,0,0,0,0,0,0,0,0,0,0,0,0,0,0,0,0,0,0,0,0,0	288810,233493,2,1,0,0,0,0,0,0,0,0,1,2046,0,1,1,0,0,0,1,0,0,0,0,1,0,0,0,0,0,0,0,0,0,0,0,0,0,0	10	583782	524340	583782	10	524341	1028742	8245	466966,55321,2050,1,0,0,0,0,0,2,0,0,0,0,0,0,0,0,0,0,0,0,0,0,0,0,0,0,0,0,0,0,0,0,0,0,0,0,0,0	57363,464903,6,8,3,0,5,2,0,0,0,0,1,0,1,2047,0,0,0,0,1,0,0,0,0,1,0,0,0,0,0,0,0,0,0,0,0,0,0,0
tb.dut.clusters[0].cluster.sockets[0].socket.cores[0].core.execute.fpu_unit.genblk1[0].fpu_fpnew.genblk3[0].fpnew_core.gen_operation_groups[2].i_opgroup_block.gen_parallel_slices[0].active_format.i_fmt_slice	18	1922	50827753	819375	524356	819375	10	524357	793149	8243	235532,286757,8,1,2055,1,0,0,0,2,0,0,0,0,0,0,0,0,0,0,0,0,0,0,0,0,0,0,0,0,0,0,0,0,0,0,0,0,0,0	288810,233493,2,1,0,0,0,0,0,0,0,0,1,2046,0,1,1,0,0,0,1,0,0,0,0,1,0,0,0,0,0,0,0,0,0,0,0,0,0,0	10	583782	524340	583782	10	524341	1028742	8245	466966,55321,2050,1,0,0,0,0,0,2,0,0,0,0,0,0,0,0,0,0,0,0,0,0,0,0,0,0,0,0,0,0,0,0,0,0,0,0,0,0	57363,464903,6,8,3,0,5,2,0,0,0,0,1,0,1,2047,0,0,0,0,1,0,0,0,0,1,0,0,0,0,0,0,0,0,0,0,0,0,0,0
tb.dut.clusters[0].cluster.sockets[0].socket.cores[0].core.execute.fpu_unit.genblk1[0].fpu_fpnew.genblk3[0].fpnew_core.gen_operation_groups[2].i_opgroup_block.gen_parallel_slices[0].active_format.i_fmt_slice.gen_num_lanes[0]	19	1343	37969609	819375	524356	819375	10	524357	793149	8243	235532,286757,8,1,2055,1,0,0,0,2,0,0,0,0,0,0,0,0,0,0,0,0,0,0,0,0,0,0,0,0,0,0,0,0,0,0,0,0,0,0	288810,233493,2,1,0,0,0,0,0,0,0,0,1,2046,0,1,1,0,0,0,1,0,0,0,0,1,0,0,0,0,0,0,0,0,0,0,0,0,0,0	7	583782	524340	583782	10	524341	1028742	8245	466966,55321,2050,1,0,0,0,0,0,2,0,0,0,0,0,0,0,0,0,0,0,0,0,0,0,0,0,0,0,0,0,0,0,0,0,0,0,0,0,0	57363,464903,6,8,3,0,5,2,0,0,0,0,1,0,1,2047,0,0,0,0,1,0,0,0,0,1,0,0,0,0,0,0,0,0,0,0,0,0,0,0
tb.dut.clusters[0].cluster.sockets[0].socket.cores[0].core.execute.fpu_unit.genblk1[0].fpu_fpnew.genblk3[0].fpnew_core.gen_operation_groups[2].i_opgroup_block.gen_parallel_slices[0].active_format.i_fmt_slice.gen_num_lanes[0].active_lane	20	1310	37969261	819375	524356	819375	10	524357	793149	8243	235532,286757,8,1,2055,1,0,0,0,2,0,0,0,0,0,0,0,0,0,0,0,0,0,0,0,0,0,0,0,0,0,0,0,0,0,0,0,0,0,0	288810,233493,2,1,0,0,0,0,0,0,0,0,1,2046,0,1,1,0,0,0,1,0,0,0,0,1,0,0,0,0,0,0,0,0,0,0,0,0,0,0	7	583782	524340	583782	10	524341	1028742	8245	466966,55321,2050,1,0,0,0,0,0,2,0,0,0,0,0,0,0,0,0,0,0,0,0,0,0,0,0,0,0,0,0,0,0,0,0,0,0,0,0,0	57363,464903,6,8,3,0,5,2,0,0,0,0,1,0,1,2047,0,0,0,0,1,0,0,0,0,1,0,0,0,0,0,0,0,0,0,0,0,0,0,0
tb.dut.clusters[0].cluster.sockets[0].socket.cores[0].core.execute.fpu_unit.genblk1[0].fpu_fpnew.genblk3[0].fpnew_core.gen_operation_groups[2].i_opgroup_block.gen_parallel_slices[0].active_format.i_fmt_slice.gen_num_lanes[0].active_lane.lane_instance	21	1206	25714591	819375	524356	819375	10	524357	793149	8243	235532,286757,8,1,2055,1,0,0,0,2,0,0,0,0,0,0,0,0,0,0,0,0,0,0,0,0,0,0,0,0,0,0,0,0,0,0,0,0,0,0	288810,233493,2,1,0,0,0,0,0,0,0,0,1,2046,0,1,1,0,0,0,1,0,0,0,0,1,0,0,0,0,0,0,0,0,0,0,0,0,0,0	7	583751	524315	583751	9	524316	1028773	8245	466945,55317,2050,1,0,0,0,0,2,0,0,0,0,0,0,0,0,0,0,0,0,0,0,0,0,0,0,0,0,0,0,0,0,0,0,0,0,0,0,0	57363,464867,4,3,21,0,0,0,0,0,0,5,3,0,1,2045,2,0,0,0,1,0,0,0,0,1,0,0,0,0,0,0,0,0,0,0,0,0,0,0
tb.dut.clusters[0].cluster.sockets[0].socket.cores[0].core.execute.fpu_unit.genblk1[0].fpu_fpnew.genblk3[0].fpnew_core.gen_operation_groups[2].i_opgroup_block.gen_parallel_slices[0].active_format.i_fmt_slice.gen_num_lanes[0].active_lane.lane_instance.i_noncomp	22	1206	25714591	819375	524356	819375	10	524357	793149	8243	235532,286757,8,1,2055,1,0,0,0,2,0,0,0,0,0,0,0,0,0,0,0,0,0,0,0,0,0,0,0,0,0,0,0,0,0,0,0,0,0,0	288810,233493,2,1,0,0,0,0,0,0,0,0,1,2046,0,1,1,0,0,0,1,0,0,0,0,1,0,0,0,0,0,0,0,0,0,0,0,0,0,0	7	583751	524315	583751	9	524316	1028773	8245	466945,55317,2050,1,0,0,0,0,2,0,0,0,0,0,0,0,0,0,0,0,0,0,0,0,0,0,0,0,0,0,0,0,0,0,0,0,0,0,0,0	57363,464867,4,3,21,0,0,0,0,0,0,5,3,0,1,2045,2,0,0,0,1,0,0,0,0,1,0,0,0,0,0,0,0,0,0,0,0,0,0,0
tb.dut.clusters[0].cluster.sockets[0].socket.cores[0].core.execute.fpu_unit.genblk1[0].fpu_fpnew.genblk3[0].fpnew_core.gen_operation_groups[2].i_opgroup_block.gen_parallel_slices[0].active_format.i_fmt_slice.gen_num_lanes[0].active_lane.lane_instance.i_noncomp.gen_input_pipeline[0]	23	1	16	16	2	16	8	3	1612508	1612070	0,0,0,0,0,0,0,2,0,0,0,0,0,0,0,0,0,0,0,0,0,0,0,0,0,0,0,0,0,0,0,0,0,0,0,0,0,0,0,0	0,0,0,0,0,1,0,0,0,0,0,0,0,0,0,0,0,0,0,0,1,0,0,0,0,0,0,0,0,0,0,0,1,0,0,0,0,0,0,0	2	0	0	0	0	1	1612524	1612524	0,0,0,0,0,0,0,0,0,0,0,0,0,0,0,0,0,0,0,0,0,0,0,0,0,0,0,0,0,0,0,0,0,0,0,0,0,0,0,0	0,0,0,0,0,0,0,0,0,0,0,0,0,0,0,0,0,0,0,0,0,0,0,0,0,0,0,0,0,0,0,0,1,0,0,0,0,0,0,0
tb.dut.clusters[0].cluster.sockets[0].socket.cores[0].core.execute.fpu_unit.genblk1[0].fpu_fpnew.genblk3[0].fpnew_core.gen_operation_groups[2].i_opgroup_block.gen_parallel_slices[0].active_format.i_fmt_slice.gen_num_lanes[0].active_lane.lane_instance.i_noncomp.gen_output_pipeline[0]	23	1	16	16	2	16	8	3	1612508	1612069	0,0,0,0,0,0,0,2,0,0,0,0,0,0,0,0,0,0,0,0,0,0,0,0,0,0,0,0,0,0,0,0,0,0,0,0,0,0,0,0	0,0,0,0,0,1,0,0,0,0,0,0,0,0,0,0,0,0,0,0,1,0,0,0,0,0,0,0,0,0,0,0,1,0,0,0,0,0,0,0	2	0	0	0	0	1	1612524	1612524	0,0,0,0,0,0,0,0,0,0,0,0,0,0,0,0,0,0,0,0,0,0,0,0,0,0,0,0,0,0,0,0,0,0,0,0,0,0,0,0	0,0,0,0,0,0,0,0,0,0,0,0,0,0,0,0,0,0,0,0,0,0,0,0,0,0,0,0,0,0,0,0,1,0,0,0,0,0,0,0
tb.dut.clusters[0].cluster.sockets[0].socket.cores[0].core.execute.fpu_unit.genblk1[0].fpu_fpnew.genblk3[0].fpnew_core.gen_operation_groups[2].i_opgroup_block.gen_parallel_slices[0].active_format.i_fmt_slice.gen_num_lanes[0].active_lane.lane_instance.i_noncomp.i_class_a	23	293	86	2	2	2	1	3	1612522	1612076	2,0,0,0,0,0,0,0,0,0,0,0,0,0,0,0,0,0,0,0,0,0,0,0,0,0,0,0,0,0,0,0,0,0,0,0,0,0,0,0	0,0,0,0,0,0,0,0,0,0,0,0,1,0,0,0,0,0,0,0,1,0,0,0,0,0,0,0,0,0,0,0,1,0,0,0,0,0,0,0	2	2	2	2	1	3	1612522	1612076	2,0,0,0,0,0,0,0,0,0,0,0,0,0,0,0,0,0,0,0,0,0,0,0,0,0,0,0,0,0,0,0,0,0,0,0,0,0,0,0	0,0,0,0,0,0,0,0,0,0,0,0,1,0,0,0,0,0,0,0,1,0,0,0,0,0,0,0,0,0,0,0,1,0,0,0,0,0,0,0
tb.dut.clusters[0].cluster.sockets[0].socket.cores[0].core.execute.fpu_unit.genblk1[0].fpu_fpnew.genblk3[0].fpnew_core.gen_operation_groups[2].i_opgroup_block.gen_parallel_slices[0].active_format.i_fmt_slice.gen_num_lanes[0].active_lane.lane_instance.i_noncomp.i_class_a.gen_num_values[0]	24	40	38	2	2	2	1	3	1612522	1612076	2,0,0,0,0,0,0,0,0,0,0,0,0,0,0,0,0,0,0,0,0,0,0,0,0,0,0,0,0,0,0,0,0,0,0,0,0,0,0,0	0,0,0,0,0,0,0,0,0,0,0,0,1,0,0,0,0,0,0,0,1,0,0,0,0,0,0,0,0,0,0,0,1,0,0,0,0,0,0,0	2	2	2	2	1	3	1612522	1612076	2,0,0,0,0,0,0,0,0,0,0,0,0,0,0,0,0,0,0,0,0,0,0,0,0,0,0,0,0,0,0,0,0,0,0,0,0,0,0,0	0,0,0,0,0,0,0,0,0,0,0,0,1,0,0,0,0,0,0,0,1,0,0,0,0,0,0,0,0,0,0,0,1,0,0,0,0,0,0,0
tb.dut.clusters[0].cluster.sockets[0].socket.cores[0].core.execute.fpu_unit.genblk1[0].fpu_fpnew.genblk3[0].fpnew_core.gen_operation_groups[2].i_opgroup_block.gen_parallel_slices[0].active_format.i_fmt_slice.gen_num_lanes[0].active_lane.lane_instance.i_noncomp.i_class_a.gen_num_values[1]	24	40	4	1	1	1	1	2	1612523	1612090	1,0,0,0,0,0,0,0,0,0,0,0,0,0,0,0,0,0,0,0,0,0,0,0,0,0,0,0,0,0,0,0,0,0,0,0,0,0,0,0	0,0,0,0,0,0,0,0,0,0,0,0,0,0,0,0,0,0,0,0,1,0,0,0,0,0,0,0,0,0,0,0,1,0,0,0,0,0,0,0	2	1	1	1	1	2	1612523	1612090	1,0,0,0,0,0,0,0,0,0,0,0,0,0,0,0,0,0,0,0,0,0,0,0,0,0,0,0,0,0,0,0,0,0,0,0,0,0,0,0	0,0,0,0,0,0,0,0,0,0,0,0,0,0,0,0,0,0,0,0,1,0,0,0,0,0,0,0,0,0,0,0,1,0,0,0,0,0,0,0
tb.dut.clusters[0].cluster.sockets[0].socket.cores[0].core.execute.fpu_unit.genblk1[0].fpu_fpnew.genblk3[0].fpnew_core.gen_operation_groups[2].i_opgroup_block.gen_parallel_slices[0].active_format.i_fmt_slice.gen_num_lanes[0].active_lane.lane_instance.i_noncomp.sign_injections	23	2	0	0	0	0	0	1	1612524	1612524	0,0,0,0,0,0,0,0,0,0,0,0,0,0,0,0,0,0,0,0,0,0,0,0,0,0,0,0,0,0,0,0,0,0,0,0,0,0,0,0	0,0,0,0,0,0,0,0,0,0,0,0,0,0,0,0,0,0,0,0,0,0,0,0,0,0,0,0,0,0,0,0,1,0,0,0,0,0,0,0	2	0	0	0	0	1	1612524	1612524	0,0,0,0,0,0,0,0,0,0,0,0,0,0,0,0,0,0,0,0,0,0,0,0,0,0,0,0,0,0,0,0,0,0,0,0,0,0,0,0	0,0,0,0,0,0,0,0,0,0,0,0,0,0,0,0,0,0,0,0,0,0,0,0,0,0,0,0,0,0,0,0,1,0,0,0,0,0,0,0
tb.dut.clusters[0].cluster.sockets[0].socket.cores[0].core.execute.fpu_unit.genblk1[0].fpu_fpnew.genblk3[0].fpnew_core.gen_operation_groups[2].i_opgroup_block.gen_parallel_slices[1]	16	2	0	0	0	0	0	1	1612524	1612524	0,0,0,0,0,0,0,0,0,0,0,0,0,0,0,0,0,0,0,0,0,0,0,0,0,0,0,0,0,0,0,0,0,0,0,0,0,0,0,0	0,0,0,0,0,0,0,0,0,0,0,0,0,0,0,0,0,0,0,0,0,0,0,0,0,0,0,0,0,0,0,0,1,0,0,0,0,0,0,0	2	0	0	0	0	1	1612524	1612524	0,0,0,0,0,0,0,0,0,0,0,0,0,0,0,0,0,0,0,0,0,0,0,0,0,0,0,0,0,0,0,0,0,0,0,0,0,0,0,0	0,0,0,0,0,0,0,0,0,0,0,0,0,0,0,0,0,0,0,0,0,0,0,0,0,0,0,0,0,0,0,0,1,0,0,0,0,0,0,0
tb.dut.clusters[0].cluster.sockets[0].socket.cores[0].core.execute.fpu_unit.genblk1[0].fpu_fpnew.genblk3[0].fpnew_core.gen_operation_groups[2].i_opgroup_block.gen_parallel_slices[2]	16	2	0	0	0	0	0	1	1612524	1612524	0,0,0,0,0,0,0,0,0,0,0,0,0,0,0,0,0,0,0,0,0,0,0,0,0,0,0,0,0,0,0,0,0,0,0,0,0,0,0,0	0,0,0,0,0,0,0,0,0,0,0,0,0,0,0,0,0,0,0,0,0,0,0,0,0,0,0,0,0,0,0,0,1,0,0,0,0,0,0,0	2	0	0	0	0	1	1612524	1612524	0,0,0,0,0,0,0,0,0,0,0,0,0,0,0,0,0,0,0,0,0,0,0,0,0,0,0,0,0,0,0,0,0,0,0,0,0,0,0,0	0,0,0,0,0,0,0,0,0,0,0,0,0,0,0,0,0,0,0,0,0,0,0,0,0,0,0,0,0,0,0,0,1,0,0,0,0,0,0,0
tb.dut.clusters[0].cluster.sockets[0].socket.cores[0].core.execute.fpu_unit.genblk1[0].fpu_fpnew.genblk3[0].fpnew_core.gen_operation_groups[2].i_opgroup_block.gen_parallel_slices[3]	16	2	0	0	0	0	0	1	1612524	1612524	0,0,0,0,0,0,0,0,0,0,0,0,0,0,0,0,0,0,0,0,0,0,0,0,0,0,0,0,0,0,0,0,0,0,0,0,0,0,0,0	0,0,0,0,0,0,0,0,0,0,0,0,0,0,0,0,0,0,0,0,0,0,0,0,0,0,0,0,0,0,0,0,1,0,0,0,0,0,0,0	2	0	0	0	0	1	1612524	1612524	0,0,0,0,0,0,0,0,0,0,0,0,0,0,0,0,0,0,0,0,0,0,0,0,0,0,0,0,0,0,0,0,0,0,0,0,0,0,0,0	0,0,0,0,0,0,0,0,0,0,0,0,0,0,0,0,0,0,0,0,0,0,0,0,0,0,0,0,0,0,0,0,1,0,0,0,0,0,0,0
tb.dut.clusters[0].cluster.sockets[0].socket.cores[0].core.execute.fpu_unit.genblk1[0].fpu_fpnew.genblk3[0].fpnew_core.gen_operation_groups[2].i_opgroup_block.gen_parallel_slices[4]	16	2	0	0	0	0	0	1	1612524	1612524	0,0,0,0,0,0,0,0,0,0,0,0,0,0,0,0,0,0,0,0,0,0,0,0,0,0,0,0,0,0,0,0,0,0,0,0,0,0,0,0	0,0,0,0,0,0,0,0,0,0,0,0,0,0,0,0,0,0,0,0,0,0,0,0,0,0,0,0,0,0,0,0,1,0,0,0,0,0,0,0	2	0	0	0	0	1	1612524	1612524	0,0,0,0,0,0,0,0,0,0,0,0,0,0,0,0,0,0,0,0,0,0,0,0,0,0,0,0,0,0,0,0,0,0,0,0,0,0,0,0	0,0,0,0,0,0,0,0,0,0,0,0,0,0,0,0,0,0,0,0,0,0,0,0,0,0,0,0,0,0,0,0,1,0,0,0,0,0,0,0
tb.dut.clusters[0].cluster.sockets[0].socket.cores[0].core.execute.fpu_unit.genblk1[0].fpu_fpnew.genblk3[0].fpnew_core.gen_operation_groups[2].i_opgroup_block.i_arbiter	16	1510	2136	18	4	18	8	5	1612506	1612068	2,0,0,0,0,0,0,2,0,0,0,0,0,0,0,0,0,0,0,0,0,0,0,0,0,0,0,0,0,0,0,0,0,0,0,0,0,0,0,0	0,0,1,0,0,1,0,0,0,0,0,0,0,0,0,0,1,0,0,0,1,0,0,0,0,0,0,0,0,0,0,0,1,0,0,0,0,0,0,0	8	16	2	16	8	3	1612508	1612068	0,0,0,0,0,0,0,2,0,0,0,0,0,0,0,0,0,0,0,0,0,0,0,0,0,0,0,0,0,0,0,0,0,0,0,0,0,0,0,0	0,0,0,0,0,1,0,0,0,0,0,0,0,0,0,0,0,0,0,0,1,0,0,0,0,0,0,0,0,0,0,0,1,0,0,0,0,0,0,0
tb.dut.clusters[0].cluster.sockets[0].socket.cores[0].core.execute.fpu_unit.genblk1[0].fpu_fpnew.genblk3[0].fpnew_core.gen_operation_groups[2].i_opgroup_block.i_arbiter.gen_arbiter	17	1150	1496	16	2	16	8	3	1612508	1612068	0,0,0,0,0,0,0,2,0,0,0,0,0,0,0,0,0,0,0,0,0,0,0,0,0,0,0,0,0,0,0,0,0,0,0,0,0,0,0,0	0,0,0,0,0,1,0,0,0,0,0,0,0,0,0,0,0,0,0,0,1,0,0,0,0,0,0,0,0,0,0,0,1,0,0,0,0,0,0,0	6	16	2	16	8	3	1612508	1612068	0,0,0,0,0,0,0,2,0,0,0,0,0,0,0,0,0,0,0,0,0,0,0,0,0,0,0,0,0,0,0,0,0,0,0,0,0,0,0,0	0,0,0,0,0,1,0,0,0,0,0,0,0,0,0,0,0,0,0,0,1,0,0,0,0,0,0,0,0,0,0,0,1,0,0,0,0,0,0,0
tb.dut.clusters[0].cluster.sockets[0].socket.cores[0].core.execute.fpu_unit.genblk1[0].fpu_fpnew.genblk3[0].fpnew_core.gen_operation_groups[2].i_opgroup_block.i_arbiter.gen_arbiter.gen_int_rr	18	340	160	16	2	16	8	3	1612508	1612068	0,0,0,0,0,0,0,2,0,0,0,0,0,0,0,0,0,0,0,0,0,0,0,0,0,0,0,0,0,0,0,0,0,0,0,0,0,0,0,0	0,0,0,0,0,1,0,0,0,0,0,0,0,0,0,0,0,0,0,0,1,0,0,0,0,0,0,0,0,0,0,0,1,0,0,0,0,0,0,0	2	16	2	16	8	3	1612508	1612068	0,0,0,0,0,0,0,2,0,0,0,0,0,0,0,0,0,0,0,0,0,0,0,0,0,0,0,0,0,0,0,0,0,0,0,0,0,0,0,0	0,0,0,0,0,1,0,0,0,0,0,0,0,0,0,0,0,0,0,0,1,0,0,0,0,0,0,0,0,0,0,0,1,0,0,0,0,0,0,0
tb.dut.clusters[0].cluster.sockets[0].socket.cores[0].core.execute.fpu_unit.genblk1[0].fpu_fpnew.genblk3[0].fpnew_core.gen_operation_groups[2].i_opgroup_block.i_arbiter.gen_arbiter.gen_int_rr.gen_fair_arb	19	337	160	16	2	16	8	3	1612508	1612068	0,0,0,0,0,0,0,2,0,0,0,0,0,0,0,0,0,0,0,0,0,0,0,0,0,0,0,0,0,0,0,0,0,0,0,0,0,0,0,0	0,0,0,0,0,1,0,0,0,0,0,0,0,0,0,0,0,0,0,0,1,0,0,0,0,0,0,0,0,0,0,0,1,0,0,0,0,0,0,0	2	16	2	16	8	3	1612508	1612068	0,0,0,0,0,0,0,2,0,0,0,0,0,0,0,0,0,0,0,0,0,0,0,0,0,0,0,0,0,0,0,0,0,0,0,0,0,0,0,0	0,0,0,0,0,1,0,0,0,0,0,0,0,0,0,0,0,0,0,0,1,0,0,0,0,0,0,0,0,0,0,0,1,0,0,0,0,0,0,0
tb.dut.clusters[0].cluster.sockets[0].socket.cores[0].core.execute.fpu_unit.genblk1[0].fpu_fpnew.genblk3[0].fpnew_core.gen_operation_groups[2].i_opgroup_block.i_arbiter.gen_arbiter.gen_int_rr.gen_fair_arb.i_lzc_lower	20	158	144	16	2	16	8	3	1612508	1612068	0,0,0,0,0,0,0,2,0,0,0,0,0,0,0,0,0,0,0,0,0,0,0,0,0,0,0,0,0,0,0,0,0,0,0,0,0,0,0,0	0,0,0,0,0,1,0,0,0,0,0,0,0,0,0,0,0,0,0,0,1,0,0,0,0,0,0,0,0,0,0,0,1,0,0,0,0,0,0,0	2	16	2	16	8	3	1612508	1612068	0,0,0,0,0,0,0,2,0,0,0,0,0,0,0,0,0,0,0,0,0,0,0,0,0,0,0,0,0,0,0,0,0,0,0,0,0,0,0,0	0,0,0,0,0,1,0,0,0,0,0,0,0,0,0,0,0,0,0,0,1,0,0,0,0,0,0,0,0,0,0,0,1,0,0,0,0,0,0,0
tb.dut.clusters[0].cluster.sockets[0].socket.cores[0].core.execute.fpu_unit.genblk1[0].fpu_fpnew.genblk3[0].fpnew_core.gen_operation_groups[2].i_opgroup_block.i_arbiter.gen_arbiter.gen_int_rr.gen_fair_arb.i_lzc_lower.gen_lzc	21	84	112	16	2	16	8	3	1612508	1612068	0,0,0,0,0,0,0,2,0,0,0,0,0,0,0,0,0,0,0,0,0,0,0,0,0,0,0,0,0,0,0,0,0,0,0,0,0,0,0,0	0,0,0,0,0,1,0,0,0,0,0,0,0,0,0,0,0,0,0,0,1,0,0,0,0,0,0,0,0,0,0,0,1,0,0,0,0,0,0,0	2	16	2	16	8	3	1612508	1612068	0,0,0,0,0,0,0,2,0,0,0,0,0,0,0,0,0,0,0,0,0,0,0,0,0,0,0,0,0,0,0,0,0,0,0,0,0,0,0,0	0,0,0,0,0,1,0,0,0,0,0,0,0,0,0,0,0,0,0,0,1,0,0,0,0,0,0,0,0,0,0,0,1,0,0,0,0,0,0,0
tb.dut.clusters[0].cluster.sockets[0].socket.cores[0].core.execute.fpu_unit.genblk1[0].fpu_fpnew.genblk3[0].fpnew_core.gen_operation_groups[2].i_opgroup_block.i_arbiter.gen_arbiter.gen_int_rr.gen_fair_arb.i_lzc_upper	20	158	0	0	0	0	0	1	1612524	1612524	0,0,0,0,0,0,0,0,0,0,0,0,0,0,0,0,0,0,0,0,0,0,0,0,0,0,0,0,0,0,0,0,0,0,0,0,0,0,0,0	0,0,0,0,0,0,0,0,0,0,0,0,0,0,0,0,0,0,0,0,0,0,0,0,0,0,0,0,0,0,0,0,1,0,0,0,0,0,0,0	2	0	0	0	0	1	1612524	1612524	0,0,0,0,0,0,0,0,0,0,0,0,0,0,0,0,0,0,0,0,0,0,0,0,0,0,0,0,0,0,0,0,0,0,0,0,0,0,0,0	0,0,0,0,0,0,0,0,0,0,0,0,0,0,0,0,0,0,0,0,0,0,0,0,0,0,0,0,0,0,0,0,1,0,0,0,0,0,0,0
tb.dut.clusters[0].cluster.sockets[0].socket.cores[0].core.execute.fpu_unit.genblk1[0].fpu_fpnew.genblk3[0].fpnew_core.gen_operation_groups[2].i_opgroup_block.i_arbiter.gen_arbiter.gen_int_rr.gen_fair_arb.i_lzc_upper.gen_lzc	21	84	0	0	0	0	0	1	1612524	1612524	0,0,0,0,0,0,0,0,0,0,0,0,0,0,0,0,0,0,0,0,0,0,0,0,0,0,0,0,0,0,0,0,0,0,0,0,0,0,0,0	0,0,0,0,0,0,0,0,0,0,0,0,0,0,0,0,0,0,0,0,0,0,0,0,0,0,0,0,0,0,0,0,1,0,0,0,0,0,0,0	2	0	0	0	0	1	1612524	1612524	0,0,0,0,0,0,0,0,0,0,0,0,0,0,0,0,0,0,0,0,0,0,0,0,0,0,0,0,0,0,0,0,0,0,0,0,0,0,0,0	0,0,0,0,0,0,0,0,0,0,0,0,0,0,0,0,0,0,0,0,0,0,0,0,0,0,0,0,0,0,0,0,1,0,0,0,0,0,0,0
tb.dut.clusters[0].cluster.sockets[0].socket.cores[0].core.execute.fpu_unit.genblk1[0].fpu_fpnew.genblk3[0].fpnew_core.gen_operation_groups[2].i_opgroup_block.i_arbiter.gen_arbiter.gen_levels[0]	18	65	16	16	2	16	8	3	1612508	1612068	0,0,0,0,0,0,0,2,0,0,0,0,0,0,0,0,0,0,0,0,0,0,0,0,0,0,0,0,0,0,0,0,0,0,0,0,0,0,0,0	0,0,0,0,0,1,0,0,0,0,0,0,0,0,0,0,0,0,0,0,1,0,0,0,0,0,0,0,0,0,0,0,1,0,0,0,0,0,0,0	2	0	0	0	0	1	1612524	1612524	0,0,0,0,0,0,0,0,0,0,0,0,0,0,0,0,0,0,0,0,0,0,0,0,0,0,0,0,0,0,0,0,0,0,0,0,0,0,0,0	0,0,0,0,0,0,0,0,0,0,0,0,0,0,0,0,0,0,0,0,0,0,0,0,0,0,0,0,0,0,0,0,1,0,0,0,0,0,0,0
tb.dut.clusters[0].cluster.sockets[0].socket.cores[0].core.execute.fpu_unit.genblk1[0].fpu_fpnew.genblk3[0].fpnew_core.gen_operation_groups[2].i_opgroup_block.i_arbiter.gen_arbiter.gen_levels[0].gen_level[0]	19	65	16	16	2	16	8	3	1612508	1612068	0,0,0,0,0,0,0,2,0,0,0,0,0,0,0,0,0,0,0,0,0,0,0,0,0,0,0,0,0,0,0,0,0,0,0,0,0,0,0,0	0,0,0,0,0,1,0,0,0,0,0,0,0,0,0,0,0,0,0,0,1,0,0,0,0,0,0,0,0,0,0,0,1,0,0,0,0,0,0,0	2	0	0	0	0	1	1612524	1612524	0,0,0,0,0,0,0,0,0,0,0,0,0,0,0,0,0,0,0,0,0,0,0,0,0,0,0,0,0,0,0,0,0,0,0,0,0,0,0,0	0,0,0,0,0,0,0,0,0,0,0,0,0,0,0,0,0,0,0,0,0,0,0,0,0,0,0,0,0,0,0,0,1,0,0,0,0,0,0,0
tb.dut.clusters[0].cluster.sockets[0].socket.cores[0].core.execute.fpu_unit.genblk1[0].fpu_fpnew.genblk3[0].fpnew_core.gen_operation_groups[2].i_opgroup_block.i_arbiter.gen_arbiter.gen_levels[1]	18	130	16	16	2	16	8	3	1612508	1612068	0,0,0,0,0,0,0,2,0,0,0,0,0,0,0,0,0,0,0,0,0,0,0,0,0,0,0,0,0,0,0,0,0,0,0,0,0,0,0,0	0,0,0,0,0,1,0,0,0,0,0,0,0,0,0,0,0,0,0,0,1,0,0,0,0,0,0,0,0,0,0,0,1,0,0,0,0,0,0,0	2	0	0	0	0	1	1612524	1612524	0,0,0,0,0,0,0,0,0,0,0,0,0,0,0,0,0,0,0,0,0,0,0,0,0,0,0,0,0,0,0,0,0,0,0,0,0,0,0,0	0,0,0,0,0,0,0,0,0,0,0,0,0,0,0,0,0,0,0,0,0,0,0,0,0,0,0,0,0,0,0,0,1,0,0,0,0,0,0,0
tb.dut.clusters[0].cluster.sockets[0].socket.cores[0].core.execute.fpu_unit.genblk1[0].fpu_fpnew.genblk3[0].fpnew_core.gen_operation_groups[2].i_opgroup_block.i_arbiter.gen_arbiter.gen_levels[1].gen_level[0]	19	65	16	16	2	16	8	3	1612508	1612068	0,0,0,0,0,0,0,2,0,0,0,0,0,0,0,0,0,0,0,0,0,0,0,0,0,0,0,0,0,0,0,0,0,0,0,0,0,0,0,0	0,0,0,0,0,1,0,0,0,0,0,0,0,0,0,0,0,0,0,0,1,0,0,0,0,0,0,0,0,0,0,0,1,0,0,0,0,0,0,0	2	0	0	0	0	1	1612524	1612524	0,0,0,0,0,0,0,0,0,0,0,0,0,0,0,0,0,0,0,0,0,0,0,0,0,0,0,0,0,0,0,0,0,0,0,0,0,0,0,0	0,0,0,0,0,0,0,0,0,0,0,0,0,0,0,0,0,0,0,0,0,0,0,0,0,0,0,0,0,0,0,0,1,0,0,0,0,0,0,0
tb.dut.clusters[0].cluster.sockets[0].socket.cores[0].core.execute.fpu_unit.genblk1[0].fpu_fpnew.genblk3[0].fpnew_core.gen_operation_groups[2].i_opgroup_block.i_arbiter.gen_arbiter.gen_levels[1].gen_level[1]	19	65	0	0	0	0	0	1	1612524	1612524	0,0,0,0,0,0,0,0,0,0,0,0,0,0,0,0,0,0,0,0,0,0,0,0,0,0,0,0,0,0,0,0,0,0,0,0,0,0,0,0	0,0,0,0,0,0,0,0,0,0,0,0,0,0,0,0,0,0,0,0,0,0,0,0,0,0,0,0,0,0,0,0,1,0,0,0,0,0,0,0	2	0	0	0	0	1	1612524	1612524	0,0,0,0,0,0,0,0,0,0,0,0,0,0,0,0,0,0,0,0,0,0,0,0,0,0,0,0,0,0,0,0,0,0,0,0,0,0,0,0	0,0,0,0,0,0,0,0,0,0,0,0,0,0,0,0,0,0,0,0,0,0,0,0,0,0,0,0,0,0,0,0,1,0,0,0,0,0,0,0
tb.dut.clusters[0].cluster.sockets[0].socket.cores[0].core.execute.fpu_unit.genblk1[0].fpu_fpnew.genblk3[0].fpnew_core.gen_operation_groups[2].i_opgroup_block.i_arbiter.gen_arbiter.gen_levels[2]	18	260	16	16	2	16	8	3	1612508	1612068	0,0,0,0,0,0,0,2,0,0,0,0,0,0,0,0,0,0,0,0,0,0,0,0,0,0,0,0,0,0,0,0,0,0,0,0,0,0,0,0	0,0,0,0,0,1,0,0,0,0,0,0,0,0,0,0,0,0,0,0,1,0,0,0,0,0,0,0,0,0,0,0,1,0,0,0,0,0,0,0	2	0	0	0	0	1	1612524	1612524	0,0,0,0,0,0,0,0,0,0,0,0,0,0,0,0,0,0,0,0,0,0,0,0,0,0,0,0,0,0,0,0,0,0,0,0,0,0,0,0	0,0,0,0,0,0,0,0,0,0,0,0,0,0,0,0,0,0,0,0,0,0,0,0,0,0,0,0,0,0,0,0,1,0,0,0,0,0,0,0
tb.dut.clusters[0].cluster.sockets[0].socket.cores[0].core.execute.fpu_unit.genblk1[0].fpu_fpnew.genblk3[0].fpnew_core.gen_operation_groups[2].i_opgroup_block.i_arbiter.gen_arbiter.gen_levels[2].gen_level[0]	19	65	16	16	2	16	8	3	1612508	1612068	0,0,0,0,0,0,0,2,0,0,0,0,0,0,0,0,0,0,0,0,0,0,0,0,0,0,0,0,0,0,0,0,0,0,0,0,0,0,0,0	0,0,0,0,0,1,0,0,0,0,0,0,0,0,0,0,0,0,0,0,1,0,0,0,0,0,0,0,0,0,0,0,1,0,0,0,0,0,0,0	2	0	0	0	0	1	1612524	1612524	0,0,0,0,0,0,0,0,0,0,0,0,0,0,0,0,0,0,0,0,0,0,0,0,0,0,0,0,0,0,0,0,0,0,0,0,0,0,0,0	0,0,0,0,0,0,0,0,0,0,0,0,0,0,0,0,0,0,0,0,0,0,0,0,0,0,0,0,0,0,0,0,1,0,0,0,0,0,0,0
tb.dut.clusters[0].cluster.sockets[0].socket.cores[0].core.execute.fpu_unit.genblk1[0].fpu_fpnew.genblk3[0].fpnew_core.gen_operation_groups[2].i_opgroup_block.i_arbiter.gen_arbiter.gen_levels[2].gen_level[1]	19	65	0	0	0	0	0	1	1612524	1612524	0,0,0,0,0,0,0,0,0,0,0,0,0,0,0,0,0,0,0,0,0,0,0,0,0,0,0,0,0,0,0,0,0,0,0,0,0,0,0,0	0,0,0,0,0,0,0,0,0,0,0,0,0,0,0,0,0,0,0,0,0,0,0,0,0,0,0,0,0,0,0,0,1,0,0,0,0,0,0,0	2	0	0	0	0	1	1612524	1612524	0,0,0,0,0,0,0,0,0,0,0,0,0,0,0,0,0,0,0,0,0,0,0,0,0,0,0,0,0,0,0,0,0,0,0,0,0,0,0,0	0,0,0,0,0,0,0,0,0,0,0,0,0,0,0,0,0,0,0,0,0,0,0,0,0,0,0,0,0,0,0,0,1,0,0,0,0,0,0,0
tb.dut.clusters[0].cluster.sockets[0].socket.cores[0].core.execute.fpu_unit.genblk1[0].fpu_fpnew.genblk3[0].fpnew_core.gen_operation_groups[2].i_opgroup_block.i_arbiter.gen_arbiter.gen_levels[2].gen_level[2]	19	65	0	0	0	0	0	1	1612524	1612524	0,0,0,0,0,0,0,0,0,0,0,0,0,0,0,0,0,0,0,0,0,0,0,0,0,0,0,0,0,0,0,0,0,0,0,0,0,0,0,0	0,0,0,0,0,0,0,0,0,0,0,0,0,0,0,0,0,0,0,0,0,0,0,0,0,0,0,0,0,0,0,0,1,0,0,0,0,0,0,0	2	0	0	0	0	1	1612524	1612524	0,0,0,0,0,0,0,0,0,0,0,0,0,0,0,0,0,0,0,0,0,0,0,0,0,0,0,0,0,0,0,0,0,0,0,0,0,0,0,0	0,0,0,0,0,0,0,0,0,0,0,0,0,0,0,0,0,0,0,0,0,0,0,0,0,0,0,0,0,0,0,0,1,0,0,0,0,0,0,0
tb.dut.clusters[0].cluster.sockets[0].socket.cores[0].core.execute.fpu_unit.genblk1[0].fpu_fpnew.genblk3[0].fpnew_core.gen_operation_groups[2].i_opgroup_block.i_arbiter.gen_arbiter.gen_levels[2].gen_level[3]	19	65	0	0	0	0	0	1	1612524	1612524	0,0,0,0,0,0,0,0,0,0,0,0,0,0,0,0,0,0,0,0,0,0,0,0,0,0,0,0,0,0,0,0,0,0,0,0,0,0,0,0	0,0,0,0,0,0,0,0,0,0,0,0,0,0,0,0,0,0,0,0,0,0,0,0,0,0,0,0,0,0,0,0,1,0,0,0,0,0,0,0	2	0	0	0	0	1	1612524	1612524	0,0,0,0,0,0,0,0,0,0,0,0,0,0,0,0,0,0,0,0,0,0,0,0,0,0,0,0,0,0,0,0,0,0,0,0,0,0,0,0	0,0,0,0,0,0,0,0,0,0,0,0,0,0,0,0,0,0,0,0,0,0,0,0,0,0,0,0,0,0,0,0,1,0,0,0,0,0,0,0
tb.dut.clusters[0].cluster.sockets[0].socket.cores[0].core.execute.fpu_unit.genblk1[0].fpu_fpnew.genblk3[0].fpnew_core.gen_operation_groups[3]	14	11074	83482427	1343729	237593	1343729	84	237594	268795	8241	2,2047,0,0,233476,9,0,1,0,2,0,1,0,0,0,0,6,2,2047,0,0,0,0,0,0,0,0,0,0,0,0,0,0,0,0,0,0,0,0,0	235541,0,1,1,0,0,0,0,0,0,1,2046,0,0,0,1,1,0,0,0,1,0,0,0,0,1,0,0,0,0,0,0,0,0,0,0,0,0,0,0	56	548172	488726	548172	10	488727	1064352	8245	431411,55243,2061,2,0,1,0,1,0,7,0,0,0,0,0,0,0,0,0,0,0,0,0,0,0,0,0,0,0,0,0,0,0,0,0,0,0,0,0,0	57071,399629,3,243,25665,0,0,3325,6,1,618,0,1,96,1,1631,435,0,0,0,1,0,0,0,0,1,0,0,0,0,0,0,0,0,0,0,0,0,0,0
tb.dut.clusters[0].cluster.sockets[0].socket.cores[0].core.execute.fpu_unit.genblk1[0].fpu_fpnew.genblk3[0].fpnew_core.gen_operation_groups[3].i_opgroup_block	15	11026	83482363	1343729	237593	1343729	84	237594	268795	8241	2,2047,0,0,233476,9,0,1,0,2,0,1,0,0,0,0,6,2,2047,0,0,0,0,0,0,0,0,0,0,0,0,0,0,0,0,0,0,0,0,0	235541,0,1,1,0,0,0,0,0,0,1,2046,0,0,0,1,1,0,0,0,1,0,0,0,0,1,0,0,0,0,0,0,0,0,0,0,0,0,0,0	56	548172	488726	548172	10	488727	1064352	8245	431411,55243,2061,2,0,1,0,1,0,7,0,0,0,0,0,0,0,0,0,0,0,0,0,0,0,0,0,0,0,0,0,0,0,0,0,0,0,0,0,0	57071,399629,3,243,25665,0,0,3325,6,1,618,0,1,96,1,1631,435,0,0,0,1,0,0,0,0,1,0,0,0,0,0,0,0,0,0,0,0,0,0,0
tb.dut.clusters[0].cluster.sockets[0].socket.cores[0].core.execute.fpu_unit.genblk1[0].fpu_fpnew.genblk3[0].fpnew_core.gen_operation_groups[3].i_opgroup_block.gen_merged_slice	16	8723	60526361	819425	524321	819425	20	524322	793099	8243	235525,286723,10,0,2054,1,0,0,0,0,0,0,0,0,0,0,8,0,0,0,0,0,0,0,0,0,0,0,0,0,0,0,0,0,0,0,0,0,0,0	288791,233478,1,0,1,0,0,0,0,0,0,0,1,2046,0,0,2,0,0,0,1,0,0,0,0,1,0,0,0,0,0,0,0,0,0,0,0,0,0,0	44	536562	477180	536562	10	477181	1075962	8245	419927,55183,2059,2,0,1,0,1,0,7,0,0,0,0,0,0,0,0,0,0,0,0,0,0,0,0,0,0,0,0,0,0,0,0,0,0,0,0,0,0	56833,380550,0,423,30684,1,0,5201,7,1,1109,0,1,260,1,1631,476,1,0,0,1,0,0,0,0,1,0,0,0,0,0,0,0,0,0,0,0,0,0,0
tb.dut.clusters[0].cluster.sockets[0].socket.cores[0].core.execute.fpu_unit.genblk1[0].fpu_fpnew.genblk3[0].fpnew_core.gen_operation_groups[3].i_opgroup_block.gen_merged_slice.i_multifmt_slice	17	8687	60526297	819425	524321	819425	20	524322	793099	8243	235525,286723,10,0,2054,1,0,0,0,0,0,0,0,0,0,0,8,0,0,0,0,0,0,0,0,0,0,0,0,0,0,0,0,0,0,0,0,0,0,0	288791,233478,1,0,1,0,0,0,0,0,0,0,1,2046,0,0,2,0,0,0,1,0,0,0,0,1,0,0,0,0,0,0,0,0,0,0,0,0,0,0	44	536562	477180	536562	10	477181	1075962	8245	419927,55183,2059,2,0,1,0,1,0,7,0,0,0,0,0,0,0,0,0,0,0,0,0,0,0,0,0,0,0,0,0,0,0,0,0,0,0,0,0,0	56833,380550,0,423,30684,1,0,5201,7,1,1109,0,1,260,1,1631,476,1,0,0,1,0,0,0,0,1,0,0,0,0,0,0,0,0,0,0,0,0,0,0
tb.dut.clusters[0].cluster.sockets[0].socket.cores[0].core.execute.fpu_unit.genblk1[0].fpu_fpnew.genblk3[0].fpnew_core.gen_operation_groups[3].i_opgroup_block.gen_merged_slice.i_multifmt_slice.extend_fp_result[0]	18	32	0	0	0	0	0	1	1612524	1612524	0,0,0,0,0,0,0,0,0,0,0,0,0,0,0,0,0,0,0,0,0,0,0,0,0,0,0,0,0,0,0,0,0,0,0,0,0,0,0,0	0,0,0,0,0,0,0,0,0,0,0,0,0,0,0,0,0,0,0,0,0,0,0,0,0,0,0,0,0,0,0,0,1,0,0,0,0,0,0,0	2	0	0	0	0	1	1612524	1612524	0,0,0,0,0,0,0,0,0,0,0,0,0,0,0,0,0,0,0,0,0,0,0,0,0,0,0,0,0,0,0,0,0,0,0,0,0,0,0,0	0,0,0,0,0,0,0,0,0,0,0,0,0,0,0,0,0,0,0,0,0,0,0,0,0,0,0,0,0,0,0,0,1,0,0,0,0,0,0,0
tb.dut.clusters[0].cluster.sockets[0].socket.cores[0].core.execute.fpu_unit.genblk1[0].fpu_fpnew.genblk3[0].fpnew_core.gen_operation_groups[3].i_opgroup_block.gen_merged_slice.i_multifmt_slice.extend_fp_result[1]	18	32	0	0	0	0	0	1	1612524	1612524	0,0,0,0,0,0,0,0,0,0,0,0,0,0,0,0,0,0,0,0,0,0,0,0,0,0,0,0,0,0,0,0,0,0,0,0,0,0,0,0	0,0,0,0,0,0,0,0,0,0,0,0,0,0,0,0,0,0,0,0,0,0,0,0,0,0,0,0,0,0,0,0,1,0,0,0,0,0,0,0	2	0	0	0	0	1	1612524	1612524	0,0,0,0,0,0,0,0,0,0,0,0,0,0,0,0,0,0,0,0,0,0,0,0,0,0,0,0,0,0,0,0,0,0,0,0,0,0,0,0	0,0,0,0,0,0,0,0,0,0,0,0,0,0,0,0,0,0,0,0,0,0,0,0,0,0,0,0,0,0,0,0,1,0,0,0,0,0,0,0
tb.dut.clusters[0].cluster.sockets[0].socket.cores[0].core.execute.fpu_unit.genblk1[0].fpu_fpnew.genblk3[0].fpnew_core.gen_operation_groups[3].i_opgroup_block.gen_merged_slice.i_multifmt_slice.extend_fp_result[2]	18	32	0	0	0	0	0	1	1612524	1612524	0,0,0,0,0,0,0,0,0,0,0,0,0,0,0,0,0,0,0,0,0,0,0,0,0,0,0,0,0,0,0,0,0,0,0,0,0,0,0,0	0,0,0,0,0,0,0,0,0,0,0,0,0,0,0,0,0,0,0,0,0,0,0,0,0,0,0,0,0,0,0,0,1,0,0,0,0,0,0,0	2	0	0	0	0	1	1612524	1612524	0,0,0,0,0,0,0,0,0,0,0,0,0,0,0,0,0,0,0,0,0,0,0,0,0,0,0,0,0,0,0,0,0,0,0,0,0,0,0,0	0,0,0,0,0,0,0,0,0,0,0,0,0,0,0,0,0,0,0,0,0,0,0,0,0,0,0,0,0,0,0,0,1,0,0,0,0,0,0,0
tb.dut.clusters[0].cluster.sockets[0].socket.cores[0].core.execute.fpu_unit.genblk1[0].fpu_fpnew.genblk3[0].fpnew_core.gen_operation_groups[3].i_opgroup_block.gen_merged_slice.i_multifmt_slice.extend_fp_result[3]	18	32	0	0	0	0	0	1	1612524	1612524	0,0,0,0,0,0,0,0,0,0,0,0,0,0,0,0,0,0,0,0,0,0,0,0,0,0,0,0,0,0,0,0,0,0,0,0,0,0,0,0	0,0,0,0,0,0,0,0,0,0,0,0,0,0,0,0,0,0,0,0,0,0,0,0,0,0,0,0,0,0,0,0,1,0,0,0,0,0,0,0	2	0	0	0	0	1	1612524	1612524	0,0,0,0,0,0,0,0,0,0,0,0,0,0,0,0,0,0,0,0,0,0,0,0,0,0,0,0,0,0,0,0,0,0,0,0,0,0,0,0	0,0,0,0,0,0,0,0,0,0,0,0,0,0,0,0,0,0,0,0,0,0,0,0,0,0,0,0,0,0,0,0,1,0,0,0,0,0,0,0
tb.dut.clusters[0].cluster.sockets[0].socket.cores[0].core.execute.fpu_unit.genblk1[0].fpu_fpnew.genblk3[0].fpnew_core.gen_operation_groups[3].i_opgroup_block.gen_merged_slice.i_multifmt_slice.extend_fp_result[4]	18	32	0	0	0	0	0	1	1612524	1612524	0,0,0,0,0,0,0,0,0,0,0,0,0,0,0,0,0,0,0,0,0,0,0,0,0,0,0,0,0,0,0,0,0,0,0,0,0,0,0,0	0,0,0,0,0,0,0,0,0,0,0,0,0,0,0,0,0,0,0,0,0,0,0,0,0,0,0,0,0,0,0,0,1,0,0,0,0,0,0,0	2	0	0	0	0	1	1612524	1612524	0,0,0,0,0,0,0,0,0,0,0,0,0,0,0,0,0,0,0,0,0,0,0,0,0,0,0,0,0,0,0,0,0,0,0,0,0,0,0,0	0,0,0,0,0,0,0,0,0,0,0,0,0,0,0,0,0,0,0,0,0,0,0,0,0,0,0,0,0,0,0,0,1,0,0,0,0,0,0,0
tb.dut.clusters[0].cluster.sockets[0].socket.cores[0].core.execute.fpu_unit.genblk1[0].fpu_fpnew.genblk3[0].fpnew_core.gen_operation_groups[3].i_opgroup_block.gen_merged_slice.i_multifmt_slice.extend_or_mute_int_result[0]	18	32	0	0	0	0	0	1	1612524	1612524	0,0,0,0,0,0,0,0,0,0,0,0,0,0,0,0,0,0,0,0,0,0,0,0,0,0,0,0,0,0,0,0,0,0,0,0,0,0,0,0	0,0,0,0,0,0,0,0,0,0,0,0,0,0,0,0,0,0,0,0,0,0,0,0,0,0,0,0,0,0,0,0,1,0,0,0,0,0,0,0	2	0	0	0	0	1	1612524	1612524	0,0,0,0,0,0,0,0,0,0,0,0,0,0,0,0,0,0,0,0,0,0,0,0,0,0,0,0,0,0,0,0,0,0,0,0,0,0,0,0	0,0,0,0,0,0,0,0,0,0,0,0,0,0,0,0,0,0,0,0,0,0,0,0,0,0,0,0,0,0,0,0,1,0,0,0,0,0,0,0
tb.dut.clusters[0].cluster.sockets[0].socket.cores[0].core.execute.fpu_unit.genblk1[0].fpu_fpnew.genblk3[0].fpnew_core.gen_operation_groups[3].i_opgroup_block.gen_merged_slice.i_multifmt_slice.extend_or_mute_int_result[0].extend_int_result	19	32	0	0	0	0	0	1	1612524	1612524	0,0,0,0,0,0,0,0,0,0,0,0,0,0,0,0,0,0,0,0,0,0,0,0,0,0,0,0,0,0,0,0,0,0,0,0,0,0,0,0	0,0,0,0,0,0,0,0,0,0,0,0,0,0,0,0,0,0,0,0,0,0,0,0,0,0,0,0,0,0,0,0,1,0,0,0,0,0,0,0	2	0	0	0	0	1	1612524	1612524	0,0,0,0,0,0,0,0,0,0,0,0,0,0,0,0,0,0,0,0,0,0,0,0,0,0,0,0,0,0,0,0,0,0,0,0,0,0,0,0	0,0,0,0,0,0,0,0,0,0,0,0,0,0,0,0,0,0,0,0,0,0,0,0,0,0,0,0,0,0,0,0,1,0,0,0,0,0,0,0
tb.dut.clusters[0].cluster.sockets[0].socket.cores[0].core.execute.fpu_unit.genblk1[0].fpu_fpnew.genblk3[0].fpnew_core.gen_operation_groups[3].i_opgroup_block.gen_merged_slice.i_multifmt_slice.extend_or_mute_int_result[1]	18	32	0	0	0	0	0	1	1612524	1612524	0,0,0,0,0,0,0,0,0,0,0,0,0,0,0,0,0,0,0,0,0,0,0,0,0,0,0,0,0,0,0,0,0,0,0,0,0,0,0,0	0,0,0,0,0,0,0,0,0,0,0,0,0,0,0,0,0,0,0,0,0,0,0,0,0,0,0,0,0,0,0,0,1,0,0,0,0,0,0,0	2	0	0	0	0	1	1612524	1612524	0,0,0,0,0,0,0,0,0,0,0,0,0,0,0,0,0,0,0,0,0,0,0,0,0,0,0,0,0,0,0,0,0,0,0,0,0,0,0,0	0,0,0,0,0,0,0,0,0,0,0,0,0,0,0,0,0,0,0,0,0,0,0,0,0,0,0,0,0,0,0,0,1,0,0,0,0,0,0,0
tb.dut.clusters[0].cluster.sockets[0].socket.cores[0].core.execute.fpu_unit.genblk1[0].fpu_fpnew.genblk3[0].fpnew_core.gen_operation_groups[3].i_opgroup_block.gen_merged_slice.i_multifmt_slice.extend_or_mute_int_result[1].extend_int_result	19	32	0	0	0	0	0	1	1612524	1612524	0,0,0,0,0,0,0,0,0,0,0,0,0,0,0,0,0,0,0,0,0,0,0,0,0,0,0,0,0,0,0,0,0,0,0,0,0,0,0,0	0,0,0,0,0,0,0,0,0,0,0,0,0,0,0,0,0,0,0,0,0,0,0,0,0,0,0,0,0,0,0,0,1,0,0,0,0,0,0,0	2	0	0	0	0	1	1612524	1612524	0,0,0,0,0,0,0,0,0,0,0,0,0,0,0,0,0,0,0,0,0,0,0,0,0,0,0,0,0,0,0,0,0,0,0,0,0,0,0,0	0,0,0,0,0,0,0,0,0,0,0,0,0,0,0,0,0,0,0,0,0,0,0,0,0,0,0,0,0,0,0,0,1,0,0,0,0,0,0,0
tb.dut.clusters[0].cluster.sockets[0].socket.cores[0].core.execute.fpu_unit.genblk1[0].fpu_fpnew.genblk3[0].fpnew_core.gen_operation_groups[3].i_opgroup_block.gen_merged_slice.i_multifmt_slice.extend_or_mute_int_result[2]	18	32	0	0	0	0	0	1	1612524	1612524	0,0,0,0,0,0,0,0,0,0,0,0,0,0,0,0,0,0,0,0,0,0,0,0,0,0,0,0,0,0,0,0,0,0,0,0,0,0,0,0	0,0,0,0,0,0,0,0,0,0,0,0,0,0,0,0,0,0,0,0,0,0,0,0,0,0,0,0,0,0,0,0,1,0,0,0,0,0,0,0	2	0	0	0	0	1	1612524	1612524	0,0,0,0,0,0,0,0,0,0,0,0,0,0,0,0,0,0,0,0,0,0,0,0,0,0,0,0,0,0,0,0,0,0,0,0,0,0,0,0	0,0,0,0,0,0,0,0,0,0,0,0,0,0,0,0,0,0,0,0,0,0,0,0,0,0,0,0,0,0,0,0,1,0,0,0,0,0,0,0
tb.dut.clusters[0].cluster.sockets[0].socket.cores[0].core.execute.fpu_unit.genblk1[0].fpu_fpnew.genblk3[0].fpnew_core.gen_operation_groups[3].i_opgroup_block.gen_merged_slice.i_multifmt_slice.extend_or_mute_int_result[2].extend_int_result	19	32	0	0	0	0	0	1	1612524	1612524	0,0,0,0,0,0,0,0,0,0,0,0,0,0,0,0,0,0,0,0,0,0,0,0,0,0,0,0,0,0,0,0,0,0,0,0,0,0,0,0	0,0,0,0,0,0,0,0,0,0,0,0,0,0,0,0,0,0,0,0,0,0,0,0,0,0,0,0,0,0,0,0,1,0,0,0,0,0,0,0	2	0	0	0	0	1	1612524	1612524	0,0,0,0,0,0,0,0,0,0,0,0,0,0,0,0,0,0,0,0,0,0,0,0,0,0,0,0,0,0,0,0,0,0,0,0,0,0,0,0	0,0,0,0,0,0,0,0,0,0,0,0,0,0,0,0,0,0,0,0,0,0,0,0,0,0,0,0,0,0,0,0,1,0,0,0,0,0,0,0
tb.dut.clusters[0].cluster.sockets[0].socket.cores[0].core.execute.fpu_unit.genblk1[0].fpu_fpnew.genblk3[0].fpnew_core.gen_operation_groups[3].i_opgroup_block.gen_merged_slice.i_multifmt_slice.extend_or_mute_int_result[3]	18	32	0	0	0	0	0	1	1612524	1612524	0,0,0,0,0,0,0,0,0,0,0,0,0,0,0,0,0,0,0,0,0,0,0,0,0,0,0,0,0,0,0,0,0,0,0,0,0,0,0,0	0,0,0,0,0,0,0,0,0,0,0,0,0,0,0,0,0,0,0,0,0,0,0,0,0,0,0,0,0,0,0,0,1,0,0,0,0,0,0,0	2	0	0	0	0	1	1612524	1612524	0,0,0,0,0,0,0,0,0,0,0,0,0,0,0,0,0,0,0,0,0,0,0,0,0,0,0,0,0,0,0,0,0,0,0,0,0,0,0,0	0,0,0,0,0,0,0,0,0,0,0,0,0,0,0,0,0,0,0,0,0,0,0,0,0,0,0,0,0,0,0,0,1,0,0,0,0,0,0,0
tb.dut.clusters[0].cluster.sockets[0].socket.cores[0].core.execute.fpu_unit.genblk1[0].fpu_fpnew.genblk3[0].fpnew_core.gen_operation_groups[3].i_opgroup_block.gen_merged_slice.i_multifmt_slice.extend_or_mute_int_result[3].extend_int_result	19	32	0	0	0	0	0	1	1612524	1612524	0,0,0,0,0,0,0,0,0,0,0,0,0,0,0,0,0,0,0,0,0,0,0,0,0,0,0,0,0,0,0,0,0,0,0,0,0,0,0,0	0,0,0,0,0,0,0,0,0,0,0,0,0,0,0,0,0,0,0,0,0,0,0,0,0,0,0,0,0,0,0,0,1,0,0,0,0,0,0,0	2	0	0	0	0	1	1612524	1612524	0,0,0,0,0,0,0,0,0,0,0,0,0,0,0,0,0,0,0,0,0,0,0,0,0,0,0,0,0,0,0,0,0,0,0,0,0,0,0,0	0,0,0,0,0,0,0,0,0,0,0,0,0,0,0,0,0,0,0,0,0,0,0,0,0,0,0,0,0,0,0,0,1,0,0,0,0,0,0,0
tb.dut.clusters[0].cluster.sockets[0].socket.cores[0].core.execute.fpu_unit.genblk1[0].fpu_fpnew.genblk3[0].fpnew_core.gen_operation_groups[3].i_opgroup_block.gen_merged_slice.i_multifmt_slice.gen_num_lanes[0]	18	7175	28067374	819425	524321	819425	20	524322	793099	8243	235525,286723,10,0,2054,1,0,0,0,0,0,0,0,0,0,0,8,0,0,0,0,0,0,0,0,0,0,0,0,0,0,0,0,0,0,0,0,0,0,0	288791,233478,1,0,1,0,0,0,0,0,0,0,1,2046,0,0,2,0,0,0,1,0,0,0,0,1,0,0,0,0,0,0,0,0,0,0,0,0,0,0	36	351444	294123	351444	10	294124	1261080	8329	238783,53412,1919,1,0,1,0,0,0,7,0,0,0,0,0,0,0,0,0,0,0,0,0,0,0,0,0,0,0,0,0,0,0,0,0,0,0,0,0,0	53324,201041,13,2063,29430,0,0,48,4,0,2,1,0,1,0,0,3,4,8188,0,1,0,0,0,0,1,0,0,0,0,0,0,0,0,0,0,0,0,0,0
tb.dut.clusters[0].cluster.sockets[0].socket.cores[0].core.execute.fpu_unit.genblk1[0].fpu_fpnew.genblk3[0].fpnew_core.gen_operation_groups[3].i_opgroup_block.gen_merged_slice.i_multifmt_slice.gen_num_lanes[0].active_lane	19	6704	28065614	819425	524321	819425	20	524322	793099	8243	235525,286723,10,0,2054,1,0,0,0,0,0,0,0,0,0,0,8,0,0,0,0,0,0,0,0,0,0,0,0,0,0,0,0,0,0,0,0,0,0,0	288791,233478,1,0,1,0,0,0,0,0,0,0,1,2046,0,0,2,0,0,0,1,0,0,0,0,1,0,0,0,0,0,0,0,0,0,0,0,0,0,0	34	353565	295209	353565	6	295210	1258959	8329	238890,54304,2007,1,0,7,0,0,0,0,0,0,0,0,0,0,0,0,0,0,0,0,0,0,0,0,0,0,0,0,0,0,0,0,0,0,0,0,0,0	54295,202249,9,2049,28380,0,0,23,4,0,2,0,0,0,0,1,4,4,8188,0,1,0,0,0,0,1,0,0,0,0,0,0,0,0,0,0,0,0,0,0
tb.dut.clusters[0].cluster.sockets[0].socket.cores[0].core.execute.fpu_unit.genblk1[0].fpu_fpnew.genblk3[0].fpnew_core.gen_operation_groups[3].i_opgroup_block.gen_merged_slice.i_multifmt_slice.gen_num_lanes[0].active_lane.lane_instance	20	6568	10966913	723169	428065	723169	20	428066	889355	8243	139269,286723,10,0,2054,1,0,0,0,0,0,0,0,0,0,0,8,0,0,0,0,0,0,0,0,0,0,0,0,0,0,0,0,0,0,0,0,0,0,0	192535,137222,1,96256,1,0,0,0,0,0,0,0,1,2046,0,0,2,0,0,0,1,0,0,0,0,1,0,0,0,0,0,0,0,0,0,0,0,0,0,0	33	93393	90914	93393	5	90915	1519131	8329	88467,2428,12,1,6,0,0,0,0,0,0,0,0,0,0,0,0,0,0,0,0,0,0,0,0,0,0,0,0,0,0,0,0,0,0,0,0,0,0,0	2184,9517,674,2133,41278,465,318,2963,437,521,5260,258,188,1974,291,253,8352,4491,9352,4,1,0,0,0,0,1,0,0,0,0,0,0,0,0,0,0,0,0,0,0
tb.dut.clusters[0].cluster.sockets[0].socket.cores[0].core.execute.fpu_unit.genblk1[0].fpu_fpnew.genblk3[0].fpnew_core.gen_operation_groups[3].i_opgroup_block.gen_merged_slice.i_multifmt_slice.gen_num_lanes[0].active_lane.lane_instance.i_fpnew_cast_multi	21	6568	10966913	723169	428065	723169	20	428066	889355	8243	139269,286723,10,0,2054,1,0,0,0,0,0,0,0,0,0,0,8,0,0,0,0,0,0,0,0,0,0,0,0,0,0,0,0,0,0,0,0,0,0,0	192535,137222,1,96256,1,0,0,0,0,0,0,0,1,2046,0,0,2,0,0,0,1,0,0,0,0,1,0,0,0,0,0,0,0,0,0,0,0,0,0,0	33	93393	90914	93393	5	90915	1519131	8329	88467,2428,12,1,6,0,0,0,0,0,0,0,0,0,0,0,0,0,0,0,0,0,0,0,0,0,0,0,0,0,0,0,0,0,0,0,0,0,0,0	2184,9517,674,2133,41278,465,318,2963,437,521,5260,258,188,1974,291,253,8352,4491,9352,4,1,0,0,0,0,1,0,0,0,0,0,0,0,0,0,0,0,0,0,0
tb.dut.clusters[0].cluster.sockets[0].socket.cores[0].core.execute.fpu_unit.genblk1[0].fpu_fpnew.genblk3[0].fpnew_core.gen_operation_groups[3].i_opgroup_block.gen_merged_slice.i_multifmt_slice.gen_num_lanes[0].active_lane.lane_instance.i_fpnew_cast_multi.fmt_init_inputs[0]	22	308	131	32	32	32	1	33	1612492	1611835	32,0,0,0,0,0,0,0,0,0,0,0,0,0,0,0,0,0,0,0,0,0,0,0,0,0,0,0,0,0,0,0,0,0,0,0,0,0,0,0	2,14,7,1,0,0,0,0,0,0,0,0,0,0,0,0,7,0,0,0,1,0,0,0,0,0,0,0,0,0,0,0,1,0,0,0,0,0,0,0	2	32	32	32	1	33	1612492	1611835	32,0,0,0,0,0,0,0,0,0,0,0,0,0,0,0,0,0,0,0,0,0,0,0,0,0,0,0,0,0,0,0,0,0,0,0,0,0,0,0	2,14,7,1,0,0,0,0,0,0,0,0,0,0,0,0,7,0,0,0,1,0,0,0,0,0,0,0,0,0,0,0,1,0,0,0,0,0,0,0
tb.dut.clusters[0].cluster.sockets[0].socket.cores[0].core.execute.fpu_unit.genblk1[0].fpu_fpnew.genblk3[0].fpnew_core.gen_operation_groups[3].i_opgroup_block.gen_merged_slice.i_multifmt_slice.gen_num_lanes[0].active_lane.lane_instance.i_fpnew_cast_multi.fmt_init_inputs[0].active_format	23	212	131	32	32	32	1	33	1612492	1611835	32,0,0,0,0,0,0,0,0,0,0,0,0,0,0,0,0,0,0,0,0,0,0,0,0,0,0,0,0,0,0,0,0,0,0,0,0,0,0,0	2,14,7,1,0,0,0,0,0,0,0,0,0,0,0,0,7,0,0,0,1,0,0,0,0,0,0,0,0,0,0,0,1,0,0,0,0,0,0,0	2	32	32	32	1	33	1612492	1611835	32,0,0,0,0,0,0,0,0,0,0,0,0,0,0,0,0,0,0,0,0,0,0,0,0,0,0,0,0,0,0,0,0,0,0,0,0,0,0,0	2,14,7,1,0,0,0,0,0,0,0,0,0,0,0,0,7,0,0,0,1,0,0,0,0,0,0,0,0,0,0,0,1,0,0,0,0,0,0,0
tb.dut.clusters[0].cluster.sockets[0].socket.cores[0].core.execute.fpu_unit.genblk1[0].fpu_fpnew.genblk3[0].fpnew_core.gen_operation_groups[3].i_opgroup_block.gen_merged_slice.i_multifmt_slice.gen_num_lanes[0].active_lane.lane_instance.i_fpnew_cast_multi.fmt_init_inputs[0].active_format.i_fpnew_classifier	24	212	131	32	32	32	1	33	1612492	1611835	32,0,0,0,0,0,0,0,0,0,0,0,0,0,0,0,0,0,0,0,0,0,0,0,0,0,0,0,0,0,0,0,0,0,0,0,0,0,0,0	2,14,7,1,0,0,0,0,0,0,0,0,0,0,0,0,7,0,0,0,1,0,0,0,0,0,0,0,0,0,0,0,1,0,0,0,0,0,0,0	2	32	32	32	1	33	1612492	1611835	32,0,0,0,0,0,0,0,0,0,0,0,0,0,0,0,0,0,0,0,0,0,0,0,0,0,0,0,0,0,0,0,0,0,0,0,0,0,0,0	2,14,7,1,0,0,0,0,0,0,0,0,0,0,0,0,7,0,0,0,1,0,0,0,0,0,0,0,0,0,0,0,1,0,0,0,0,0,0,0
tb.dut.clusters[0].cluster.sockets[0].socket.cores[0].core.execute.fpu_unit.genblk1[0].fpu_fpnew.genblk3[0].fpnew_core.gen_operation_groups[3].i_opgroup_block.gen_merged_slice.i_multifmt_slice.gen_num_lanes[0].active_lane.lane_instance.i_fpnew_cast_multi.fmt_init_inputs[0].active_format.i_fpnew_classifier.gen_num_values[0]	25	40	65	32	32	32	1	33	1612492	1611835	32,0,0,0,0,0,0,0,0,0,0,0,0,0,0,0,0,0,0,0,0,0,0,0,0,0,0,0,0,0,0,0,0,0,0,0,0,0,0,0	2,14,7,1,0,0,0,0,0,0,0,0,0,0,0,0,7,0,0,0,1,0,0,0,0,0,0,0,0,0,0,0,1,0,0,0,0,0,0,0	2	16	16	16	1	17	1612508	1611838	16,0,0,0,0,0,0,0,0,0,0,0,0,0,0,0,0,0,0,0,0,0,0,0,0,0,0,0,0,0,0,0,0,0,0,0,0,0,0,0	0,0,0,0,0,8,0,0,0,0,0,0,0,0,0,0,7,0,0,0,1,0,0,0,0,0,0,0,0,0,0,0,1,0,0,0,0,0,0,0
tb.dut.clusters[0].cluster.sockets[0].socket.cores[0].core.execute.fpu_unit.genblk1[0].fpu_fpnew.genblk3[0].fpnew_core.gen_operation_groups[3].i_opgroup_block.gen_merged_slice.i_multifmt_slice.gen_num_lanes[0].active_lane.lane_instance.i_fpnew_cast_multi.fmt_init_inputs[1]	22	96	0	0	0	0	0	1	1612524	1612524	0,0,0,0,0,0,0,0,0,0,0,0,0,0,0,0,0,0,0,0,0,0,0,0,0,0,0,0,0,0,0,0,0,0,0,0,0,0,0,0	0,0,0,0,0,0,0,0,0,0,0,0,0,0,0,0,0,0,0,0,0,0,0,0,0,0,0,0,0,0,0,0,1,0,0,0,0,0,0,0	2	0	0	0	0	1	1612524	1612524	0,0,0,0,0,0,0,0,0,0,0,0,0,0,0,0,0,0,0,0,0,0,0,0,0,0,0,0,0,0,0,0,0,0,0,0,0,0,0,0	0,0,0,0,0,0,0,0,0,0,0,0,0,0,0,0,0,0,0,0,0,0,0,0,0,0,0,0,0,0,0,0,1,0,0,0,0,0,0,0
tb.dut.clusters[0].cluster.sockets[0].socket.cores[0].core.execute.fpu_unit.genblk1[0].fpu_fpnew.genblk3[0].fpnew_core.gen_operation_groups[3].i_opgroup_block.gen_merged_slice.i_multifmt_slice.gen_num_lanes[0].active_lane.lane_instance.i_fpnew_cast_multi.fmt_init_inputs[2]	22	96	0	0	0	0	0	1	1612524	1612524	0,0,0,0,0,0,0,0,0,0,0,0,0,0,0,0,0,0,0,0,0,0,0,0,0,0,0,0,0,0,0,0,0,0,0,0,0,0,0,0	0,0,0,0,0,0,0,0,0,0,0,0,0,0,0,0,0,0,0,0,0,0,0,0,0,0,0,0,0,0,0,0,1,0,0,0,0,0,0,0	2	0	0	0	0	1	1612524	1612524	0,0,0,0,0,0,0,0,0,0,0,0,0,0,0,0,0,0,0,0,0,0,0,0,0,0,0,0,0,0,0,0,0,0,0,0,0,0,0,0	0,0,0,0,0,0,0,0,0,0,0,0,0,0,0,0,0,0,0,0,0,0,0,0,0,0,0,0,0,0,0,0,1,0,0,0,0,0,0,0
tb.dut.clusters[0].cluster.sockets[0].socket.cores[0].core.execute.fpu_unit.genblk1[0].fpu_fpnew.genblk3[0].fpnew_core.gen_operation_groups[3].i_opgroup_block.gen_merged_slice.i_multifmt_slice.gen_num_lanes[0].active_lane.lane_instance.i_fpnew_cast_multi.fmt_init_inputs[3]	22	96	0	0	0	0	0	1	1612524	1612524	0,0,0,0,0,0,0,0,0,0,0,0,0,0,0,0,0,0,0,0,0,0,0,0,0,0,0,0,0,0,0,0,0,0,0,0,0,0,0,0	0,0,0,0,0,0,0,0,0,0,0,0,0,0,0,0,0,0,0,0,0,0,0,0,0,0,0,0,0,0,0,0,1,0,0,0,0,0,0,0	2	0	0	0	0	1	1612524	1612524	0,0,0,0,0,0,0,0,0,0,0,0,0,0,0,0,0,0,0,0,0,0,0,0,0,0,0,0,0,0,0,0,0,0,0,0,0,0,0,0	0,0,0,0,0,0,0,0,0,0,0,0,0,0,0,0,0,0,0,0,0,0,0,0,0,0,0,0,0,0,0,0,1,0,0,0,0,0,0,0
tb.dut.clusters[0].cluster.sockets[0].socket.cores[0].core.execute.fpu_unit.genblk1[0].fpu_fpnew.genblk3[0].fpnew_core.gen_operation_groups[3].i_opgroup_block.gen_merged_slice.i_multifmt_slice.gen_num_lanes[0].active_lane.lane_instance.i_fpnew_cast_multi.fmt_init_inputs[4]	22	96	0	0	0	0	0	1	1612524	1612524	0,0,0,0,0,0,0,0,0,0,0,0,0,0,0,0,0,0,0,0,0,0,0,0,0,0,0,0,0,0,0,0,0,0,0,0,0,0,0,0	0,0,0,0,0,0,0,0,0,0,0,0,0,0,0,0,0,0,0,0,0,0,0,0,0,0,0,0,0,0,0,0,1,0,0,0,0,0,0,0	2	0	0	0	0	1	1612524	1612524	0,0,0,0,0,0,0,0,0,0,0,0,0,0,0,0,0,0,0,0,0,0,0,0,0,0,0,0,0,0,0,0,0,0,0,0,0,0,0,0	0,0,0,0,0,0,0,0,0,0,0,0,0,0,0,0,0,0,0,0,0,0,0,0,0,0,0,0,0,0,0,0,1,0,0,0,0,0,0,0
tb.dut.clusters[0].cluster.sockets[0].socket.cores[0].core.execute.fpu_unit.genblk1[0].fpu_fpnew.genblk3[0].fpnew_core.gen_operation_groups[3].i_opgroup_block.gen_merged_slice.i_multifmt_slice.gen_num_lanes[0].active_lane.lane_instance.i_fpnew_cast_multi.gen_input_pipeline[0]	22	1	64	64	30	64	4	31	1612460	1611836	0,28,0,2,0,0,0,0,0,0,0,0,0,0,0,0,0,0,0,0,0,0,0,0,0,0,0,0,0,0,0,0,0,0,0,0,0,0,0,0	14,7,1,0,0,0,0,0,0,0,0,0,0,0,0,0,7,0,0,0,1,0,0,0,0,0,0,0,0,0,0,0,1,0,0,0,0,0,0,0	2	0	0	0	0	1	1612524	1612524	0,0,0,0,0,0,0,0,0,0,0,0,0,0,0,0,0,0,0,0,0,0,0,0,0,0,0,0,0,0,0,0,0,0,0,0,0,0,0,0	0,0,0,0,0,0,0,0,0,0,0,0,0,0,0,0,0,0,0,0,0,0,0,0,0,0,0,0,0,0,0,0,1,0,0,0,0,0,0,0
tb.dut.clusters[0].cluster.sockets[0].socket.cores[0].core.execute.fpu_unit.genblk1[0].fpu_fpnew.genblk3[0].fpnew_core.gen_operation_groups[3].i_opgroup_block.gen_merged_slice.i_multifmt_slice.gen_num_lanes[0].active_lane.lane_instance.i_fpnew_cast_multi.gen_input_pipeline[1]	22	1	64	64	30	64	4	31	1612460	1611835	0,28,0,2,0,0,0,0,0,0,0,0,0,0,0,0,0,0,0,0,0,0,0,0,0,0,0,0,0,0,0,0,0,0,0,0,0,0,0,0	14,7,1,0,0,0,0,0,0,0,0,0,0,0,0,0,7,0,0,0,1,0,0,0,0,0,0,0,0,0,0,0,1,0,0,0,0,0,0,0	2	0	0	0	0	1	1612524	1612524	0,0,0,0,0,0,0,0,0,0,0,0,0,0,0,0,0,0,0,0,0,0,0,0,0,0,0,0,0,0,0,0,0,0,0,0,0,0,0,0	0,0,0,0,0,0,0,0,0,0,0,0,0,0,0,0,0,0,0,0,0,0,0,0,0,0,0,0,0,0,0,0,1,0,0,0,0,0,0,0
tb.dut.clusters[0].cluster.sockets[0].socket.cores[0].core.execute.fpu_unit.genblk1[0].fpu_fpnew.genblk3[0].fpnew_core.gen_operation_groups[3].i_opgroup_block.gen_merged_slice.i_multifmt_slice.gen_num_lanes[0].active_lane.lane_instance.i_fpnew_cast_multi.gen_inside_pipeline[0]	22	1	64	64	30	64	4	31	1612460	1611834	0,28,0,2,0,0,0,0,0,0,0,0,0,0,0,0,0,0,0,0,0,0,0,0,0,0,0,0,0,0,0,0,0,0,0,0,0,0,0,0	14,7,1,0,0,0,0,0,0,0,0,0,0,0,0,0,7,0,0,0,1,0,0,0,0,0,0,0,0,0,0,0,1,0,0,0,0,0,0,0	2	0	0	0	0	1	1612524	1612524	0,0,0,0,0,0,0,0,0,0,0,0,0,0,0,0,0,0,0,0,0,0,0,0,0,0,0,0,0,0,0,0,0,0,0,0,0,0,0,0	0,0,0,0,0,0,0,0,0,0,0,0,0,0,0,0,0,0,0,0,0,0,0,0,0,0,0,0,0,0,0,0,1,0,0,0,0,0,0,0
tb.dut.clusters[0].cluster.sockets[0].socket.cores[0].core.execute.fpu_unit.genblk1[0].fpu_fpnew.genblk3[0].fpnew_core.gen_operation_groups[3].i_opgroup_block.gen_merged_slice.i_multifmt_slice.gen_num_lanes[0].active_lane.lane_instance.i_fpnew_cast_multi.gen_inside_pipeline[1]	22	1	64	64	30	64	4	31	1612460	1611833	0,28,0,2,0,0,0,0,0,0,0,0,0,0,0,0,0,0,0,0,0,0,0,0,0,0,0,0,0,0,0,0,0,0,0,0,0,0,0,0	14,7,1,0,0,0,0,0,0,0,0,0,0,0,0,0,7,0,0,0,1,0,0,0,0,0,0,0,0,0,0,0,1,0,0,0,0,0,0,0	2	0	0	0	0	1	1612524	1612524	0,0,0,0,0,0,0,0,0,0,0,0,0,0,0,0,0,0,0,0,0,0,0,0,0,0,0,0,0,0,0,0,0,0,0,0,0,0,0,0	0,0,0,0,0,0,0,0,0,0,0,0,0,0,0,0,0,0,0,0,0,0,0,0,0,0,0,0,0,0,0,0,1,0,0,0,0,0,0,0
tb.dut.clusters[0].cluster.sockets[0].socket.cores[0].core.execute.fpu_unit.genblk1[0].fpu_fpnew.genblk3[0].fpnew_core.gen_operation_groups[3].i_opgroup_block.gen_merged_slice.i_multifmt_slice.gen_num_lanes[0].active_lane.lane_instance.i_fpnew_cast_multi.gen_int_overflow[0]	22	32	0	0	0	0	0	1	1612524	1612524	0,0,0,0,0,0,0,0,0,0,0,0,0,0,0,0,0,0,0,0,0,0,0,0,0,0,0,0,0,0,0,0,0,0,0,0,0,0,0,0	0,0,0,0,0,0,0,0,0,0,0,0,0,0,0,0,0,0,0,0,0,0,0,0,0,0,0,0,0,0,0,0,1,0,0,0,0,0,0,0	2	0	0	0	0	1	1612524	1612524	0,0,0,0,0,0,0,0,0,0,0,0,0,0,0,0,0,0,0,0,0,0,0,0,0,0,0,0,0,0,0,0,0,0,0,0,0,0,0,0	0,0,0,0,0,0,0,0,0,0,0,0,0,0,0,0,0,0,0,0,0,0,0,0,0,0,0,0,0,0,0,0,1,0,0,0,0,0,0,0
tb.dut.clusters[0].cluster.sockets[0].socket.cores[0].core.execute.fpu_unit.genblk1[0].fpu_fpnew.genblk3[0].fpnew_core.gen_operation_groups[3].i_opgroup_block.gen_merged_slice.i_multifmt_slice.gen_num_lanes[0].active_lane.lane_instance.i_fpnew_cast_multi.gen_int_overflow[1]	22	32	0	0	0	0	0	1	1612524	1612524	0,0,0,0,0,0,0,0,0,0,0,0,0,0,0,0,0,0,0,0,0,0,0,0,0,0,0,0,0,0,0,0,0,0,0,0,0,0,0,0	0,0,0,0,0,0,0,0,0,0,0,0,0,0,0,0,0,0,0,0,0,0,0,0,0,0,0,0,0,0,0,0,1,0,0,0,0,0,0,0	2	0	0	0	0	1	1612524	1612524	0,0,0,0,0,0,0,0,0,0,0,0,0,0,0,0,0,0,0,0,0,0,0,0,0,0,0,0,0,0,0,0,0,0,0,0,0,0,0,0	0,0,0,0,0,0,0,0,0,0,0,0,0,0,0,0,0,0,0,0,0,0,0,0,0,0,0,0,0,0,0,0,1,0,0,0,0,0,0,0
tb.dut.clusters[0].cluster.sockets[0].socket.cores[0].core.execute.fpu_unit.genblk1[0].fpu_fpnew.genblk3[0].fpnew_core.gen_operation_groups[3].i_opgroup_block.gen_merged_slice.i_multifmt_slice.gen_num_lanes[0].active_lane.lane_instance.i_fpnew_cast_multi.gen_int_overflow[2]	22	32	0	0	0	0	0	1	1612524	1612524	0,0,0,0,0,0,0,0,0,0,0,0,0,0,0,0,0,0,0,0,0,0,0,0,0,0,0,0,0,0,0,0,0,0,0,0,0,0,0,0	0,0,0,0,0,0,0,0,0,0,0,0,0,0,0,0,0,0,0,0,0,0,0,0,0,0,0,0,0,0,0,0,1,0,0,0,0,0,0,0	2	0	0	0	0	1	1612524	1612524	0,0,0,0,0,0,0,0,0,0,0,0,0,0,0,0,0,0,0,0,0,0,0,0,0,0,0,0,0,0,0,0,0,0,0,0,0,0,0,0	0,0,0,0,0,0,0,0,0,0,0,0,0,0,0,0,0,0,0,0,0,0,0,0,0,0,0,0,0,0,0,0,1,0,0,0,0,0,0,0
tb.dut.clusters[0].cluster.sockets[0].socket.cores[0].core.execute.fpu_unit.genblk1[0].fpu_fpnew.genblk3[0].fpnew_core.gen_operation_groups[3].i_opgroup_block.gen_merged_slice.i_multifmt_slice.gen_num_lanes[0].active_lane.lane_instance.i_fpnew_cast_multi.gen_int_overflow[3]	22	32	0	0	0	0	0	1	1612524	1612524	0,0,0,0,0,0,0,0,0,0,0,0,0,0,0,0,0,0,0,0,0,0,0,0,0,0,0,0,0,0,0,0,0,0,0,0,0,0,0,0	0,0,0,0,0,0,0,0,0,0,0,0,0,0,0,0,0,0,0,0,0,0,0,0,0,0,0,0,0,0,0,0,1,0,0,0,0,0,0,0	2	0	0	0	0	1	1612524	1612524	0,0,0,0,0,0,0,0,0,0,0,0,0,0,0,0,0,0,0,0,0,0,0,0,0,0,0,0,0,0,0,0,0,0,0,0,0,0,0,0	0,0,0,0,0,0,0,0,0,0,0,0,0,0,0,0,0,0,0,0,0,0,0,0,0,0,0,0,0,0,0,0,1,0,0,0,0,0,0,0
tb.dut.clusters[0].cluster.sockets[0].socket.cores[0].core.execute.fpu_unit.genblk1[0].fpu_fpnew.genblk3[0].fpnew_core.gen_operation_groups[3].i_opgroup_block.gen_merged_slice.i_multifmt_slice.gen_num_lanes[0].active_lane.lane_instance.i_fpnew_cast_multi.gen_int_res_sign_ext[0]	22	32	0	0	0	0	0	1	1612524	1612524	0,0,0,0,0,0,0,0,0,0,0,0,0,0,0,0,0,0,0,0,0,0,0,0,0,0,0,0,0,0,0,0,0,0,0,0,0,0,0,0	0,0,0,0,0,0,0,0,0,0,0,0,0,0,0,0,0,0,0,0,0,0,0,0,0,0,0,0,0,0,0,0,1,0,0,0,0,0,0,0	2	0	0	0	0	1	1612524	1612524	0,0,0,0,0,0,0,0,0,0,0,0,0,0,0,0,0,0,0,0,0,0,0,0,0,0,0,0,0,0,0,0,0,0,0,0,0,0,0,0	0,0,0,0,0,0,0,0,0,0,0,0,0,0,0,0,0,0,0,0,0,0,0,0,0,0,0,0,0,0,0,0,1,0,0,0,0,0,0,0
tb.dut.clusters[0].cluster.sockets[0].socket.cores[0].core.execute.fpu_unit.genblk1[0].fpu_fpnew.genblk3[0].fpnew_core.gen_operation_groups[3].i_opgroup_block.gen_merged_slice.i_multifmt_slice.gen_num_lanes[0].active_lane.lane_instance.i_fpnew_cast_multi.gen_int_res_sign_ext[1]	22	32	0	0	0	0	0	1	1612524	1612524	0,0,0,0,0,0,0,0,0,0,0,0,0,0,0,0,0,0,0,0,0,0,0,0,0,0,0,0,0,0,0,0,0,0,0,0,0,0,0,0	0,0,0,0,0,0,0,0,0,0,0,0,0,0,0,0,0,0,0,0,0,0,0,0,0,0,0,0,0,0,0,0,1,0,0,0,0,0,0,0	2	0	0	0	0	1	1612524	1612524	0,0,0,0,0,0,0,0,0,0,0,0,0,0,0,0,0,0,0,0,0,0,0,0,0,0,0,0,0,0,0,0,0,0,0,0,0,0,0,0	0,0,0,0,0,0,0,0,0,0,0,0,0,0,0,0,0,0,0,0,0,0,0,0,0,0,0,0,0,0,0,0,1,0,0,0,0,0,0,0
tb.dut.clusters[0].cluster.sockets[0].socket.cores[0].core.execute.fpu_unit.genblk1[0].fpu_fpnew.genblk3[0].fpnew_core.gen_operation_groups[3].i_opgroup_block.gen_merged_slice.i_multifmt_slice.gen_num_lanes[0].active_lane.lane_instance.i_fpnew_cast_multi.gen_int_res_sign_ext[2]	22	32	0	0	0	0	0	1	1612524	1612524	0,0,0,0,0,0,0,0,0,0,0,0,0,0,0,0,0,0,0,0,0,0,0,0,0,0,0,0,0,0,0,0,0,0,0,0,0,0,0,0	0,0,0,0,0,0,0,0,0,0,0,0,0,0,0,0,0,0,0,0,0,0,0,0,0,0,0,0,0,0,0,0,1,0,0,0,0,0,0,0	2	0	0	0	0	1	1612524	1612524	0,0,0,0,0,0,0,0,0,0,0,0,0,0,0,0,0,0,0,0,0,0,0,0,0,0,0,0,0,0,0,0,0,0,0,0,0,0,0,0	0,0,0,0,0,0,0,0,0,0,0,0,0,0,0,0,0,0,0,0,0,0,0,0,0,0,0,0,0,0,0,0,1,0,0,0,0,0,0,0
tb.dut.clusters[0].cluster.sockets[0].socket.cores[0].core.execute.fpu_unit.genblk1[0].fpu_fpnew.genblk3[0].fpnew_core.gen_operation_groups[3].i_opgroup_block.gen_merged_slice.i_multifmt_slice.gen_num_lanes[0].active_lane.lane_instance.i_fpnew_cast_multi.gen_int_res_sign_ext[3]	22	32	0	0	0	0	0	1	1612524	1612524	0,0,0,0,0,0,0,0,0,0,0,0,0,0,0,0,0,0,0,0,0,0,0,0,0,0,0,0,0,0,0,0,0,0,0,0,0,0,0,0	0,0,0,0,0,0,0,0,0,0,0,0,0,0,0,0,0,0,0,0,0,0,0,0,0,0,0,0,0,0,0,0,1,0,0,0,0,0,0,0	2	0	0	0	0	1	1612524	1612524	0,0,0,0,0,0,0,0,0,0,0,0,0,0,0,0,0,0,0,0,0,0,0,0,0,0,0,0,0,0,0,0,0,0,0,0,0,0,0,0	0,0,0,0,0,0,0,0,0,0,0,0,0,0,0,0,0,0,0,0,0,0,0,0,0,0,0,0,0,0,0,0,1,0,0,0,0,0,0,0
tb.dut.clusters[0].cluster.sockets[0].socket.cores[0].core.execute.fpu_unit.genblk1[0].fpu_fpnew.genblk3[0].fpnew_core.gen_operation_groups[3].i_opgroup_block.gen_merged_slice.i_multifmt_slice.gen_num_lanes[0].active_lane.lane_instance.i_fpnew_cast_multi.gen_output_pipeline[0]	22	1	64	64	30	64	4	31	1612460	1611832	0,28,0,2,0,0,0,0,0,0,0,0,0,0,0,0,0,0,0,0,0,0,0,0,0,0,0,0,0,0,0,0,0,0,0,0,0,0,0,0	14,7,1,0,0,0,0,0,0,0,0,0,0,0,0,0,7,0,0,0,1,0,0,0,0,0,0,0,0,0,0,0,1,0,0,0,0,0,0,0	2	0	0	0	0	1	1612524	1612524	0,0,0,0,0,0,0,0,0,0,0,0,0,0,0,0,0,0,0,0,0,0,0,0,0,0,0,0,0,0,0,0,0,0,0,0,0,0,0,0	0,0,0,0,0,0,0,0,0,0,0,0,0,0,0,0,0,0,0,0,0,0,0,0,0,0,0,0,0,0,0,0,1,0,0,0,0,0,0,0
tb.dut.clusters[0].cluster.sockets[0].socket.cores[0].core.execute.fpu_unit.genblk1[0].fpu_fpnew.genblk3[0].fpnew_core.gen_operation_groups[3].i_opgroup_block.gen_merged_slice.i_multifmt_slice.gen_num_lanes[0].active_lane.lane_instance.i_fpnew_cast_multi.gen_res_assemble[0]	22	64	0	0	0	0	0	1	1612524	1612524	0,0,0,0,0,0,0,0,0,0,0,0,0,0,0,0,0,0,0,0,0,0,0,0,0,0,0,0,0,0,0,0,0,0,0,0,0,0,0,0	0,0,0,0,0,0,0,0,0,0,0,0,0,0,0,0,0,0,0,0,0,0,0,0,0,0,0,0,0,0,0,0,1,0,0,0,0,0,0,0	2	0	0	0	0	1	1612524	1612524	0,0,0,0,0,0,0,0,0,0,0,0,0,0,0,0,0,0,0,0,0,0,0,0,0,0,0,0,0,0,0,0,0,0,0,0,0,0,0,0	0,0,0,0,0,0,0,0,0,0,0,0,0,0,0,0,0,0,0,0,0,0,0,0,0,0,0,0,0,0,0,0,1,0,0,0,0,0,0,0
tb.dut.clusters[0].cluster.sockets[0].socket.cores[0].core.execute.fpu_unit.genblk1[0].fpu_fpnew.genblk3[0].fpnew_core.gen_operation_groups[3].i_opgroup_block.gen_merged_slice.i_multifmt_slice.gen_num_lanes[0].active_lane.lane_instance.i_fpnew_cast_multi.gen_res_assemble[1]	22	64	0	0	0	0	0	1	1612524	1612524	0,0,0,0,0,0,0,0,0,0,0,0,0,0,0,0,0,0,0,0,0,0,0,0,0,0,0,0,0,0,0,0,0,0,0,0,0,0,0,0	0,0,0,0,0,0,0,0,0,0,0,0,0,0,0,0,0,0,0,0,0,0,0,0,0,0,0,0,0,0,0,0,1,0,0,0,0,0,0,0	2	0	0	0	0	1	1612524	1612524	0,0,0,0,0,0,0,0,0,0,0,0,0,0,0,0,0,0,0,0,0,0,0,0,0,0,0,0,0,0,0,0,0,0,0,0,0,0,0,0	0,0,0,0,0,0,0,0,0,0,0,0,0,0,0,0,0,0,0,0,0,0,0,0,0,0,0,0,0,0,0,0,1,0,0,0,0,0,0,0
tb.dut.clusters[0].cluster.sockets[0].socket.cores[0].core.execute.fpu_unit.genblk1[0].fpu_fpnew.genblk3[0].fpnew_core.gen_operation_groups[3].i_opgroup_block.gen_merged_slice.i_multifmt_slice.gen_num_lanes[0].active_lane.lane_instance.i_fpnew_cast_multi.gen_res_assemble[2]	22	64	0	0	0	0	0	1	1612524	1612524	0,0,0,0,0,0,0,0,0,0,0,0,0,0,0,0,0,0,0,0,0,0,0,0,0,0,0,0,0,0,0,0,0,0,0,0,0,0,0,0	0,0,0,0,0,0,0,0,0,0,0,0,0,0,0,0,0,0,0,0,0,0,0,0,0,0,0,0,0,0,0,0,1,0,0,0,0,0,0,0	2	0	0	0	0	1	1612524	1612524	0,0,0,0,0,0,0,0,0,0,0,0,0,0,0,0,0,0,0,0,0,0,0,0,0,0,0,0,0,0,0,0,0,0,0,0,0,0,0,0	0,0,0,0,0,0,0,0,0,0,0,0,0,0,0,0,0,0,0,0,0,0,0,0,0,0,0,0,0,0,0,0,1,0,0,0,0,0,0,0
tb.dut.clusters[0].cluster.sockets[0].socket.cores[0].core.execute.fpu_unit.genblk1[0].fpu_fpnew.genblk3[0].fpnew_core.gen_operation_groups[3].i_opgroup_block.gen_merged_slice.i_multifmt_slice.gen_num_lanes[0].active_lane.lane_instance.i_fpnew_cast_multi.gen_res_assemble[3]	22	64	0	0	0	0	0	1	1612524	1612524	0,0,0,0,0,0,0,0,0,0,0,0,0,0,0,0,0,0,0,0,0,0,0,0,0,0,0,0,0,0,0,0,0,0,0,0,0,0,0,0	0,0,0,0,0,0,0,0,0,0,0,0,0,0,0,0,0,0,0,0,0,0,0,0,0,0,0,0,0,0,0,0,1,0,0,0,0,0,0,0	2	0	0	0	0	1	1612524	1612524	0,0,0,0,0,0,0,0,0,0,0,0,0,0,0,0,0,0,0,0,0,0,0,0,0,0,0,0,0,0,0,0,0,0,0,0,0,0,0,0	0,0,0,0,0,0,0,0,0,0,0,0,0,0,0,0,0,0,0,0,0,0,0,0,0,0,0,0,0,0,0,0,1,0,0,0,0,0,0,0
tb.dut.clusters[0].cluster.sockets[0].socket.cores[0].core.execute.fpu_unit.genblk1[0].fpu_fpnew.genblk3[0].fpnew_core.gen_operation_groups[3].i_opgroup_block.gen_merged_slice.i_multifmt_slice.gen_num_lanes[0].active_lane.lane_instance.i_fpnew_cast_multi.gen_res_assemble[4]	22	64	0	0	0	0	0	1	1612524	1612524	0,0,0,0,0,0,0,0,0,0,0,0,0,0,0,0,0,0,0,0,0,0,0,0,0,0,0,0,0,0,0,0,0,0,0,0,0,0,0,0	0,0,0,0,0,0,0,0,0,0,0,0,0,0,0,0,0,0,0,0,0,0,0,0,0,0,0,0,0,0,0,0,1,0,0,0,0,0,0,0	2	0	0	0	0	1	1612524	1612524	0,0,0,0,0,0,0,0,0,0,0,0,0,0,0,0,0,0,0,0,0,0,0,0,0,0,0,0,0,0,0,0,0,0,0,0,0,0,0,0	0,0,0,0,0,0,0,0,0,0,0,0,0,0,0,0,0,0,0,0,0,0,0,0,0,0,0,0,0,0,0,0,1,0,0,0,0,0,0,0
tb.dut.clusters[0].cluster.sockets[0].socket.cores[0].core.execute.fpu_unit.genblk1[0].fpu_fpnew.genblk3[0].fpnew_core.gen_operation_groups[3].i_opgroup_block.gen_merged_slice.i_multifmt_slice.gen_num_lanes[0].active_lane.lane_instance.i_fpnew_cast_multi.gen_sign_extend_int[0]	22	32	0	0	0	0	0	1	1612524	1612524	0,0,0,0,0,0,0,0,0,0,0,0,0,0,0,0,0,0,0,0,0,0,0,0,0,0,0,0,0,0,0,0,0,0,0,0,0,0,0,0	0,0,0,0,0,0,0,0,0,0,0,0,0,0,0,0,0,0,0,0,0,0,0,0,0,0,0,0,0,0,0,0,1,0,0,0,0,0,0,0	2	0	0	0	0	1	1612524	1612524	0,0,0,0,0,0,0,0,0,0,0,0,0,0,0,0,0,0,0,0,0,0,0,0,0,0,0,0,0,0,0,0,0,0,0,0,0,0,0,0	0,0,0,0,0,0,0,0,0,0,0,0,0,0,0,0,0,0,0,0,0,0,0,0,0,0,0,0,0,0,0,0,1,0,0,0,0,0,0,0
tb.dut.clusters[0].cluster.sockets[0].socket.cores[0].core.execute.fpu_unit.genblk1[0].fpu_fpnew.genblk3[0].fpnew_core.gen_operation_groups[3].i_opgroup_block.gen_merged_slice.i_multifmt_slice.gen_num_lanes[0].active_lane.lane_instance.i_fpnew_cast_multi.gen_sign_extend_int[1]	22	32	0	0	0	0	0	1	1612524	1612524	0,0,0,0,0,0,0,0,0,0,0,0,0,0,0,0,0,0,0,0,0,0,0,0,0,0,0,0,0,0,0,0,0,0,0,0,0,0,0,0	0,0,0,0,0,0,0,0,0,0,0,0,0,0,0,0,0,0,0,0,0,0,0,0,0,0,0,0,0,0,0,0,1,0,0,0,0,0,0,0	2	0	0	0	0	1	1612524	1612524	0,0,0,0,0,0,0,0,0,0,0,0,0,0,0,0,0,0,0,0,0,0,0,0,0,0,0,0,0,0,0,0,0,0,0,0,0,0,0,0	0,0,0,0,0,0,0,0,0,0,0,0,0,0,0,0,0,0,0,0,0,0,0,0,0,0,0,0,0,0,0,0,1,0,0,0,0,0,0,0
tb.dut.clusters[0].cluster.sockets[0].socket.cores[0].core.execute.fpu_unit.genblk1[0].fpu_fpnew.genblk3[0].fpnew_core.gen_operation_groups[3].i_opgroup_block.gen_merged_slice.i_multifmt_slice.gen_num_lanes[0].active_lane.lane_instance.i_fpnew_cast_multi.gen_sign_extend_int[2]	22	32	0	0	0	0	0	1	1612524	1612524	0,0,0,0,0,0,0,0,0,0,0,0,0,0,0,0,0,0,0,0,0,0,0,0,0,0,0,0,0,0,0,0,0,0,0,0,0,0,0,0	0,0,0,0,0,0,0,0,0,0,0,0,0,0,0,0,0,0,0,0,0,0,0,0,0,0,0,0,0,0,0,0,1,0,0,0,0,0,0,0	2	0	0	0	0	1	1612524	1612524	0,0,0,0,0,0,0,0,0,0,0,0,0,0,0,0,0,0,0,0,0,0,0,0,0,0,0,0,0,0,0,0,0,0,0,0,0,0,0,0	0,0,0,0,0,0,0,0,0,0,0,0,0,0,0,0,0,0,0,0,0,0,0,0,0,0,0,0,0,0,0,0,1,0,0,0,0,0,0,0
tb.dut.clusters[0].cluster.sockets[0].socket.cores[0].core.execute.fpu_unit.genblk1[0].fpu_fpnew.genblk3[0].fpnew_core.gen_operation_groups[3].i_opgroup_block.gen_merged_slice.i_multifmt_slice.gen_num_lanes[0].active_lane.lane_instance.i_fpnew_cast_multi.gen_sign_extend_int[3]	22	32	0	0	0	0	0	1	1612524	1612524	0,0,0,0,0,0,0,0,0,0,0,0,0,0,0,0,0,0,0,0,0,0,0,0,0,0,0,0,0,0,0,0,0,0,0,0,0,0,0,0	0,0,0,0,0,0,0,0,0,0,0,0,0,0,0,0,0,0,0,0,0,0,0,0,0,0,0,0,0,0,0,0,1,0,0,0,0,0,0,0	2	0	0	0	0	1	1612524	1612524	0,0,0,0,0,0,0,0,0,0,0,0,0,0,0,0,0,0,0,0,0,0,0,0,0,0,0,0,0,0,0,0,0,0,0,0,0,0,0,0	0,0,0,0,0,0,0,0,0,0,0,0,0,0,0,0,0,0,0,0,0,0,0,0,0,0,0,0,0,0,0,0,1,0,0,0,0,0,0,0
tb.dut.clusters[0].cluster.sockets[0].socket.cores[0].core.execute.fpu_unit.genblk1[0].fpu_fpnew.genblk3[0].fpnew_core.gen_operation_groups[3].i_opgroup_block.gen_merged_slice.i_multifmt_slice.gen_num_lanes[0].active_lane.lane_instance.i_fpnew_cast_multi.gen_sign_inject[0]	22	96	0	0	0	0	0	1	1612524	1612524	0,0,0,0,0,0,0,0,0,0,0,0,0,0,0,0,0,0,0,0,0,0,0,0,0,0,0,0,0,0,0,0,0,0,0,0,0,0,0,0	0,0,0,0,0,0,0,0,0,0,0,0,0,0,0,0,0,0,0,0,0,0,0,0,0,0,0,0,0,0,0,0,1,0,0,0,0,0,0,0	2	0	0	0	0	1	1612524	1612524	0,0,0,0,0,0,0,0,0,0,0,0,0,0,0,0,0,0,0,0,0,0,0,0,0,0,0,0,0,0,0,0,0,0,0,0,0,0,0,0	0,0,0,0,0,0,0,0,0,0,0,0,0,0,0,0,0,0,0,0,0,0,0,0,0,0,0,0,0,0,0,0,1,0,0,0,0,0,0,0
tb.dut.clusters[0].cluster.sockets[0].socket.cores[0].core.execute.fpu_unit.genblk1[0].fpu_fpnew.genblk3[0].fpnew_core.gen_operation_groups[3].i_opgroup_block.gen_merged_slice.i_multifmt_slice.gen_num_lanes[0].active_lane.lane_instance.i_fpnew_cast_multi.gen_sign_inject[1]	22	96	0	0	0	0	0	1	1612524	1612524	0,0,0,0,0,0,0,0,0,0,0,0,0,0,0,0,0,0,0,0,0,0,0,0,0,0,0,0,0,0,0,0,0,0,0,0,0,0,0,0	0,0,0,0,0,0,0,0,0,0,0,0,0,0,0,0,0,0,0,0,0,0,0,0,0,0,0,0,0,0,0,0,1,0,0,0,0,0,0,0	2	0	0	0	0	1	1612524	1612524	0,0,0,0,0,0,0,0,0,0,0,0,0,0,0,0,0,0,0,0,0,0,0,0,0,0,0,0,0,0,0,0,0,0,0,0,0,0,0,0	0,0,0,0,0,0,0,0,0,0,0,0,0,0,0,0,0,0,0,0,0,0,0,0,0,0,0,0,0,0,0,0,1,0,0,0,0,0,0,0
tb.dut.clusters[0].cluster.sockets[0].socket.cores[0].core.execute.fpu_unit.genblk1[0].fpu_fpnew.genblk3[0].fpnew_core.gen_operation_groups[3].i_opgroup_block.gen_merged_slice.i_multifmt_slice.gen_num_lanes[0].active_lane.lane_instance.i_fpnew_cast_multi.gen_sign_inject[2]	22	96	0	0	0	0	0	1	1612524	1612524	0,0,0,0,0,0,0,0,0,0,0,0,0,0,0,0,0,0,0,0,0,0,0,0,0,0,0,0,0,0,0,0,0,0,0,0,0,0,0,0	0,0,0,0,0,0,0,0,0,0,0,0,0,0,0,0,0,0,0,0,0,0,0,0,0,0,0,0,0,0,0,0,1,0,0,0,0,0,0,0	2	0	0	0	0	1	1612524	1612524	0,0,0,0,0,0,0,0,0,0,0,0,0,0,0,0,0,0,0,0,0,0,0,0,0,0,0,0,0,0,0,0,0,0,0,0,0,0,0,0	0,0,0,0,0,0,0,0,0,0,0,0,0,0,0,0,0,0,0,0,0,0,0,0,0,0,0,0,0,0,0,0,1,0,0,0,0,0,0,0
tb.dut.clusters[0].cluster.sockets[0].socket.cores[0].core.execute.fpu_unit.genblk1[0].fpu_fpnew.genblk3[0].fpnew_core.gen_operation_groups[3].i_opgroup_block.gen_merged_slice.i_multifmt_slice.gen_num_lanes[0].active_lane.lane_instance.i_fpnew_cast_multi.gen_sign_inject[3]	22	96	0	0	0	0	0	1	1612524	1612524	0,0,0,0,0,0,0,0,0,0,0,0,0,0,0,0,0,0,0,0,0,0,0,0,0,0,0,0,0,0,0,0,0,0,0,0,0,0,0,0	0,0,0,0,0,0,0,0,0,0,0,0,0,0,0,0,0,0,0,0,0,0,0,0,0,0,0,0,0,0,0,0,1,0,0,0,0,0,0,0	2	0	0	0	0	1	1612524	1612524	0,0,0,0,0,0,0,0,0,0,0,0,0,0,0,0,0,0,0,0,0,0,0,0,0,0,0,0,0,0,0,0,0,0,0,0,0,0,0,0	0,0,0,0,0,0,0,0,0,0,0,0,0,0,0,0,0,0,0,0,0,0,0,0,0,0,0,0,0,0,0,0,1,0,0,0,0,0,0,0
tb.dut.clusters[0].cluster.sockets[0].socket.cores[0].core.execute.fpu_unit.genblk1[0].fpu_fpnew.genblk3[0].fpnew_core.gen_operation_groups[3].i_opgroup_block.gen_merged_slice.i_multifmt_slice.gen_num_lanes[0].active_lane.lane_instance.i_fpnew_cast_multi.gen_sign_inject[4]	22	96	0	0	0	0	0	1	1612524	1612524	0,0,0,0,0,0,0,0,0,0,0,0,0,0,0,0,0,0,0,0,0,0,0,0,0,0,0,0,0,0,0,0,0,0,0,0,0,0,0,0	0,0,0,0,0,0,0,0,0,0,0,0,0,0,0,0,0,0,0,0,0,0,0,0,0,0,0,0,0,0,0,0,1,0,0,0,0,0,0,0	2	0	0	0	0	1	1612524	1612524	0,0,0,0,0,0,0,0,0,0,0,0,0,0,0,0,0,0,0,0,0,0,0,0,0,0,0,0,0,0,0,0,0,0,0,0,0,0,0,0	0,0,0,0,0,0,0,0,0,0,0,0,0,0,0,0,0,0,0,0,0,0,0,0,0,0,0,0,0,0,0,0,1,0,0,0,0,0,0,0
tb.dut.clusters[0].cluster.sockets[0].socket.cores[0].core.execute.fpu_unit.genblk1[0].fpu_fpnew.genblk3[0].fpnew_core.gen_operation_groups[3].i_opgroup_block.gen_merged_slice.i_multifmt_slice.gen_num_lanes[0].active_lane.lane_instance.i_fpnew_cast_multi.gen_special_results[0]	22	159	0	0	0	0	0	1	1612524	1612524	0,0,0,0,0,0,0,0,0,0,0,0,0,0,0,0,0,0,0,0,0,0,0,0,0,0,0,0,0,0,0,0,0,0,0,0,0,0,0,0	0,0,0,0,0,0,0,0,0,0,0,0,0,0,0,0,0,0,0,0,0,0,0,0,0,0,0,0,0,0,0,0,1,0,0,0,0,0,0,0	2	0	0	0	0	1	1612524	1612524	0,0,0,0,0,0,0,0,0,0,0,0,0,0,0,0,0,0,0,0,0,0,0,0,0,0,0,0,0,0,0,0,0,0,0,0,0,0,0,0	0,0,0,0,0,0,0,0,0,0,0,0,0,0,0,0,0,0,0,0,0,0,0,0,0,0,0,0,0,0,0,0,1,0,0,0,0,0,0,0
tb.dut.clusters[0].cluster.sockets[0].socket.cores[0].core.execute.fpu_unit.genblk1[0].fpu_fpnew.genblk3[0].fpnew_core.gen_operation_groups[3].i_opgroup_block.gen_merged_slice.i_multifmt_slice.gen_num_lanes[0].active_lane.lane_instance.i_fpnew_cast_multi.gen_special_results[0].active_format	23	32	0	0	0	0	0	1	1612524	1612524	0,0,0,0,0,0,0,0,0,0,0,0,0,0,0,0,0,0,0,0,0,0,0,0,0,0,0,0,0,0,0,0,0,0,0,0,0,0,0,0	0,0,0,0,0,0,0,0,0,0,0,0,0,0,0,0,0,0,0,0,0,0,0,0,0,0,0,0,0,0,0,0,1,0,0,0,0,0,0,0	2	0	0	0	0	1	1612524	1612524	0,0,0,0,0,0,0,0,0,0,0,0,0,0,0,0,0,0,0,0,0,0,0,0,0,0,0,0,0,0,0,0,0,0,0,0,0,0,0,0	0,0,0,0,0,0,0,0,0,0,0,0,0,0,0,0,0,0,0,0,0,0,0,0,0,0,0,0,0,0,0,0,1,0,0,0,0,0,0,0
tb.dut.clusters[0].cluster.sockets[0].socket.cores[0].core.execute.fpu_unit.genblk1[0].fpu_fpnew.genblk3[0].fpnew_core.gen_operation_groups[3].i_opgroup_block.gen_merged_slice.i_multifmt_slice.gen_num_lanes[0].active_lane.lane_instance.i_fpnew_cast_multi.gen_special_results[0].active_format.special_results	24	32	0	0	0	0	0	1	1612524	1612524	0,0,0,0,0,0,0,0,0,0,0,0,0,0,0,0,0,0,0,0,0,0,0,0,0,0,0,0,0,0,0,0,0,0,0,0,0,0,0,0	0,0,0,0,0,0,0,0,0,0,0,0,0,0,0,0,0,0,0,0,0,0,0,0,0,0,0,0,0,0,0,0,1,0,0,0,0,0,0,0	2	0	0	0	0	1	1612524	1612524	0,0,0,0,0,0,0,0,0,0,0,0,0,0,0,0,0,0,0,0,0,0,0,0,0,0,0,0,0,0,0,0,0,0,0,0,0,0,0,0	0,0,0,0,0,0,0,0,0,0,0,0,0,0,0,0,0,0,0,0,0,0,0,0,0,0,0,0,0,0,0,0,1,0,0,0,0,0,0,0
tb.dut.clusters[0].cluster.sockets[0].socket.cores[0].core.execute.fpu_unit.genblk1[0].fpu_fpnew.genblk3[0].fpnew_core.gen_operation_groups[3].i_opgroup_block.gen_merged_slice.i_multifmt_slice.gen_num_lanes[0].active_lane.lane_instance.i_fpnew_cast_multi.gen_special_results[1]	22	159	0	0	0	0	0	1	1612524	1612524	0,0,0,0,0,0,0,0,0,0,0,0,0,0,0,0,0,0,0,0,0,0,0,0,0,0,0,0,0,0,0,0,0,0,0,0,0,0,0,0	0,0,0,0,0,0,0,0,0,0,0,0,0,0,0,0,0,0,0,0,0,0,0,0,0,0,0,0,0,0,0,0,1,0,0,0,0,0,0,0	2	0	0	0	0	1	1612524	1612524	0,0,0,0,0,0,0,0,0,0,0,0,0,0,0,0,0,0,0,0,0,0,0,0,0,0,0,0,0,0,0,0,0,0,0,0,0,0,0,0	0,0,0,0,0,0,0,0,0,0,0,0,0,0,0,0,0,0,0,0,0,0,0,0,0,0,0,0,0,0,0,0,1,0,0,0,0,0,0,0
tb.dut.clusters[0].cluster.sockets[0].socket.cores[0].core.execute.fpu_unit.genblk1[0].fpu_fpnew.genblk3[0].fpnew_core.gen_operation_groups[3].i_opgroup_block.gen_merged_slice.i_multifmt_slice.gen_num_lanes[0].active_lane.lane_instance.i_fpnew_cast_multi.gen_special_results[2]	22	111	0	0	0	0	0	1	1612524	1612524	0,0,0,0,0,0,0,0,0,0,0,0,0,0,0,0,0,0,0,0,0,0,0,0,0,0,0,0,0,0,0,0,0,0,0,0,0,0,0,0	0,0,0,0,0,0,0,0,0,0,0,0,0,0,0,0,0,0,0,0,0,0,0,0,0,0,0,0,0,0,0,0,1,0,0,0,0,0,0,0	2	0	0	0	0	1	1612524	1612524	0,0,0,0,0,0,0,0,0,0,0,0,0,0,0,0,0,0,0,0,0,0,0,0,0,0,0,0,0,0,0,0,0,0,0,0,0,0,0,0	0,0,0,0,0,0,0,0,0,0,0,0,0,0,0,0,0,0,0,0,0,0,0,0,0,0,0,0,0,0,0,0,1,0,0,0,0,0,0,0
tb.dut.clusters[0].cluster.sockets[0].socket.cores[0].core.execute.fpu_unit.genblk1[0].fpu_fpnew.genblk3[0].fpnew_core.gen_operation_groups[3].i_opgroup_block.gen_merged_slice.i_multifmt_slice.gen_num_lanes[0].active_lane.lane_instance.i_fpnew_cast_multi.gen_special_results[3]	22	103	0	0	0	0	0	1	1612524	1612524	0,0,0,0,0,0,0,0,0,0,0,0,0,0,0,0,0,0,0,0,0,0,0,0,0,0,0,0,0,0,0,0,0,0,0,0,0,0,0,0	0,0,0,0,0,0,0,0,0,0,0,0,0,0,0,0,0,0,0,0,0,0,0,0,0,0,0,0,0,0,0,0,1,0,0,0,0,0,0,0	2	0	0	0	0	1	1612524	1612524	0,0,0,0,0,0,0,0,0,0,0,0,0,0,0,0,0,0,0,0,0,0,0,0,0,0,0,0,0,0,0,0,0,0,0,0,0,0,0,0	0,0,0,0,0,0,0,0,0,0,0,0,0,0,0,0,0,0,0,0,0,0,0,0,0,0,0,0,0,0,0,0,1,0,0,0,0,0,0,0
tb.dut.clusters[0].cluster.sockets[0].socket.cores[0].core.execute.fpu_unit.genblk1[0].fpu_fpnew.genblk3[0].fpnew_core.gen_operation_groups[3].i_opgroup_block.gen_merged_slice.i_multifmt_slice.gen_num_lanes[0].active_lane.lane_instance.i_fpnew_cast_multi.gen_special_results[4]	22	111	0	0	0	0	0	1	1612524	1612524	0,0,0,0,0,0,0,0,0,0,0,0,0,0,0,0,0,0,0,0,0,0,0,0,0,0,0,0,0,0,0,0,0,0,0,0,0,0,0,0	0,0,0,0,0,0,0,0,0,0,0,0,0,0,0,0,0,0,0,0,0,0,0,0,0,0,0,0,0,0,0,0,1,0,0,0,0,0,0,0	2	0	0	0	0	1	1612524	1612524	0,0,0,0,0,0,0,0,0,0,0,0,0,0,0,0,0,0,0,0,0,0,0,0,0,0,0,0,0,0,0,0,0,0,0,0,0,0,0,0	0,0,0,0,0,0,0,0,0,0,0,0,0,0,0,0,0,0,0,0,0,0,0,0,0,0,0,0,0,0,0,0,1,0,0,0,0,0,0,0
tb.dut.clusters[0].cluster.sockets[0].socket.cores[0].core.execute.fpu_unit.genblk1[0].fpu_fpnew.genblk3[0].fpnew_core.gen_operation_groups[3].i_opgroup_block.gen_merged_slice.i_multifmt_slice.gen_num_lanes[0].active_lane.lane_instance.i_fpnew_cast_multi.gen_special_results_int[0]	22	32	0	0	0	0	0	1	1612524	1612524	0,0,0,0,0,0,0,0,0,0,0,0,0,0,0,0,0,0,0,0,0,0,0,0,0,0,0,0,0,0,0,0,0,0,0,0,0,0,0,0	0,0,0,0,0,0,0,0,0,0,0,0,0,0,0,0,0,0,0,0,0,0,0,0,0,0,0,0,0,0,0,0,1,0,0,0,0,0,0,0	2	0	0	0	0	1	1612524	1612524	0,0,0,0,0,0,0,0,0,0,0,0,0,0,0,0,0,0,0,0,0,0,0,0,0,0,0,0,0,0,0,0,0,0,0,0,0,0,0,0	0,0,0,0,0,0,0,0,0,0,0,0,0,0,0,0,0,0,0,0,0,0,0,0,0,0,0,0,0,0,0,0,1,0,0,0,0,0,0,0
tb.dut.clusters[0].cluster.sockets[0].socket.cores[0].core.execute.fpu_unit.genblk1[0].fpu_fpnew.genblk3[0].fpnew_core.gen_operation_groups[3].i_opgroup_block.gen_merged_slice.i_multifmt_slice.gen_num_lanes[0].active_lane.lane_instance.i_fpnew_cast_multi.gen_special_results_int[1]	22	32	0	0	0	0	0	1	1612524	1612524	0,0,0,0,0,0,0,0,0,0,0,0,0,0,0,0,0,0,0,0,0,0,0,0,0,0,0,0,0,0,0,0,0,0,0,0,0,0,0,0	0,0,0,0,0,0,0,0,0,0,0,0,0,0,0,0,0,0,0,0,0,0,0,0,0,0,0,0,0,0,0,0,1,0,0,0,0,0,0,0	2	0	0	0	0	1	1612524	1612524	0,0,0,0,0,0,0,0,0,0,0,0,0,0,0,0,0,0,0,0,0,0,0,0,0,0,0,0,0,0,0,0,0,0,0,0,0,0,0,0	0,0,0,0,0,0,0,0,0,0,0,0,0,0,0,0,0,0,0,0,0,0,0,0,0,0,0,0,0,0,0,0,1,0,0,0,0,0,0,0
tb.dut.clusters[0].cluster.sockets[0].socket.cores[0].core.execute.fpu_unit.genblk1[0].fpu_fpnew.genblk3[0].fpnew_core.gen_operation_groups[3].i_opgroup_block.gen_merged_slice.i_multifmt_slice.gen_num_lanes[0].active_lane.lane_instance.i_fpnew_cast_multi.gen_special_results_int[2]	22	32	0	0	0	0	0	1	1612524	1612524	0,0,0,0,0,0,0,0,0,0,0,0,0,0,0,0,0,0,0,0,0,0,0,0,0,0,0,0,0,0,0,0,0,0,0,0,0,0,0,0	0,0,0,0,0,0,0,0,0,0,0,0,0,0,0,0,0,0,0,0,0,0,0,0,0,0,0,0,0,0,0,0,1,0,0,0,0,0,0,0	2	0	0	0	0	1	1612524	1612524	0,0,0,0,0,0,0,0,0,0,0,0,0,0,0,0,0,0,0,0,0,0,0,0,0,0,0,0,0,0,0,0,0,0,0,0,0,0,0,0	0,0,0,0,0,0,0,0,0,0,0,0,0,0,0,0,0,0,0,0,0,0,0,0,0,0,0,0,0,0,0,0,1,0,0,0,0,0,0,0
tb.dut.clusters[0].cluster.sockets[0].socket.cores[0].core.execute.fpu_unit.genblk1[0].fpu_fpnew.genblk3[0].fpnew_core.gen_operation_groups[3].i_opgroup_block.gen_merged_slice.i_multifmt_slice.gen_num_lanes[0].active_lane.lane_instance.i_fpnew_cast_multi.gen_special_results_int[3]	22	32	0	0	0	0	0	1	1612524	1612524	0,0,0,0,0,0,0,0,0,0,0,0,0,0,0,0,0,0,0,0,0,0,0,0,0,0,0,0,0,0,0,0,0,0,0,0,0,0,0,0	0,0,0,0,0,0,0,0,0,0,0,0,0,0,0,0,0,0,0,0,0,0,0,0,0,0,0,0,0,0,0,0,1,0,0,0,0,0,0,0	2	0	0	0	0	1	1612524	1612524	0,0,0,0,0,0,0,0,0,0,0,0,0,0,0,0,0,0,0,0,0,0,0,0,0,0,0,0,0,0,0,0,0,0,0,0,0,0,0,0	0,0,0,0,0,0,0,0,0,0,0,0,0,0,0,0,0,0,0,0,0,0,0,0,0,0,0,0,0,0,0,0,1,0,0,0,0,0,0,0
tb.dut.clusters[0].cluster.sockets[0].socket.cores[0].core.execute.fpu_unit.genblk1[0].fpu_fpnew.genblk3[0].fpnew_core.gen_operation_groups[3].i_opgroup_block.gen_merged_slice.i_multifmt_slice.gen_num_lanes[0].active_lane.lane_instance.i_fpnew_cast_multi.i_fpnew_rounding	22	106	215	32	32	32	1	33	1612492	1611833	32,0,0,0,0,0,0,0,0,0,0,0,0,0,0,0,0,0,0,0,0,0,0,0,0,0,0,0,0,0,0,0,0,0,0,0,0,0,0,0	2,14,7,1,0,0,0,0,0,0,0,0,0,0,0,0,7,0,0,0,1,0,0,0,0,0,0,0,0,0,0,0,1,0,0,0,0,0,0,0	2	32	32	32	1	33	1612492	1611833	32,0,0,0,0,0,0,0,0,0,0,0,0,0,0,0,0,0,0,0,0,0,0,0,0,0,0,0,0,0,0,0,0,0,0,0,0,0,0,0	2,14,7,1,0,0,0,0,0,0,0,0,0,0,0,0,7,0,0,0,1,0,0,0,0,0,0,0,0,0,0,0,1,0,0,0,0,0,0,0
tb.dut.clusters[0].cluster.sockets[0].socket.cores[0].core.execute.fpu_unit.genblk1[0].fpu_fpnew.genblk3[0].fpnew_core.gen_operation_groups[3].i_opgroup_block.gen_merged_slice.i_multifmt_slice.gen_num_lanes[0].active_lane.lane_instance.i_fpnew_cast_multi.i_lzc	22	519	448	32	32	32	1	33	1612492	1611835	32,0,0,0,0,0,0,0,0,0,0,0,0,0,0,0,0,0,0,0,0,0,0,0,0,0,0,0,0,0,0,0,0,0,0,0,0,0,0,0	2,14,7,1,0,0,0,0,0,0,0,0,0,0,0,0,7,0,0,0,1,0,0,0,0,0,0,0,0,0,0,0,1,0,0,0,0,0,0,0	3	32	32	32	1	33	1612492	1611835	32,0,0,0,0,0,0,0,0,0,0,0,0,0,0,0,0,0,0,0,0,0,0,0,0,0,0,0,0,0,0,0,0,0,0,0,0,0,0,0	2,14,7,1,0,0,0,0,0,0,0,0,0,0,0,0,7,0,0,0,1,0,0,0,0,0,0,0,0,0,0,0,1,0,0,0,0,0,0,0
tb.dut.clusters[0].cluster.sockets[0].socket.cores[0].core.execute.fpu_unit.genblk1[0].fpu_fpnew.genblk3[0].fpnew_core.gen_operation_groups[3].i_opgroup_block.gen_merged_slice.i_multifmt_slice.gen_num_lanes[0].active_lane.lane_instance.i_fpnew_cast_multi.i_lzc.gen_lzc	23	416	340	32	32	32	1	33	1612492	1611835	32,0,0,0,0,0,0,0,0,0,0,0,0,0,0,0,0,0,0,0,0,0,0,0,0,0,0,0,0,0,0,0,0,0,0,0,0,0,0,0	2,14,7,1,0,0,0,0,0,0,0,0,0,0,0,0,7,0,0,0,1,0,0,0,0,0,0,0,0,0,0,0,1,0,0,0,0,0,0,0	3	32	32	32	1	33	1612492	1611835	32,0,0,0,0,0,0,0,0,0,0,0,0,0,0,0,0,0,0,0,0,0,0,0,0,0,0,0,0,0,0,0,0,0,0,0,0,0,0,0	2,14,7,1,0,0,0,0,0,0,0,0,0,0,0,0,7,0,0,0,1,0,0,0,0,0,0,0,0,0,0,0,1,0,0,0,0,0,0,0
tb.dut.clusters[0].cluster.sockets[0].socket.cores[0].core.execute.fpu_unit.genblk1[0].fpu_fpnew.genblk3[0].fpnew_core.gen_operation_groups[3].i_opgroup_block.gen_merged_slice.i_multifmt_slice.gen_num_lanes[0].int_results_enabled	19	128	0	0	0	0	0	1	1612524	1612524	0,0,0,0,0,0,0,0,0,0,0,0,0,0,0,0,0,0,0,0,0,0,0,0,0,0,0,0,0,0,0,0,0,0,0,0,0,0,0,0	0,0,0,0,0,0,0,0,0,0,0,0,0,0,0,0,0,0,0,0,0,0,0,0,0,0,0,0,0,0,0,0,1,0,0,0,0,0,0,0	2	0	0	0	0	1	1612524	1612524	0,0,0,0,0,0,0,0,0,0,0,0,0,0,0,0,0,0,0,0,0,0,0,0,0,0,0,0,0,0,0,0,0,0,0,0,0,0,0,0	0,0,0,0,0,0,0,0,0,0,0,0,0,0,0,0,0,0,0,0,0,0,0,0,0,0,0,0,0,0,0,0,1,0,0,0,0,0,0,0
tb.dut.clusters[0].cluster.sockets[0].socket.cores[0].core.execute.fpu_unit.genblk1[0].fpu_fpnew.genblk3[0].fpnew_core.gen_operation_groups[3].i_opgroup_block.gen_merged_slice.i_multifmt_slice.gen_num_lanes[0].int_results_enabled.pack_int_result[0]	20	32	0	0	0	0	0	1	1612524	1612524	0,0,0,0,0,0,0,0,0,0,0,0,0,0,0,0,0,0,0,0,0,0,0,0,0,0,0,0,0,0,0,0,0,0,0,0,0,0,0,0	0,0,0,0,0,0,0,0,0,0,0,0,0,0,0,0,0,0,0,0,0,0,0,0,0,0,0,0,0,0,0,0,1,0,0,0,0,0,0,0	2	0	0	0	0	1	1612524	1612524	0,0,0,0,0,0,0,0,0,0,0,0,0,0,0,0,0,0,0,0,0,0,0,0,0,0,0,0,0,0,0,0,0,0,0,0,0,0,0,0	0,0,0,0,0,0,0,0,0,0,0,0,0,0,0,0,0,0,0,0,0,0,0,0,0,0,0,0,0,0,0,0,1,0,0,0,0,0,0,0
tb.dut.clusters[0].cluster.sockets[0].socket.cores[0].core.execute.fpu_unit.genblk1[0].fpu_fpnew.genblk3[0].fpnew_core.gen_operation_groups[3].i_opgroup_block.gen_merged_slice.i_multifmt_slice.gen_num_lanes[0].int_results_enabled.pack_int_result[1]	20	32	0	0	0	0	0	1	1612524	1612524	0,0,0,0,0,0,0,0,0,0,0,0,0,0,0,0,0,0,0,0,0,0,0,0,0,0,0,0,0,0,0,0,0,0,0,0,0,0,0,0	0,0,0,0,0,0,0,0,0,0,0,0,0,0,0,0,0,0,0,0,0,0,0,0,0,0,0,0,0,0,0,0,1,0,0,0,0,0,0,0	2	0	0	0	0	1	1612524	1612524	0,0,0,0,0,0,0,0,0,0,0,0,0,0,0,0,0,0,0,0,0,0,0,0,0,0,0,0,0,0,0,0,0,0,0,0,0,0,0,0	0,0,0,0,0,0,0,0,0,0,0,0,0,0,0,0,0,0,0,0,0,0,0,0,0,0,0,0,0,0,0,0,1,0,0,0,0,0,0,0
tb.dut.clusters[0].cluster.sockets[0].socket.cores[0].core.execute.fpu_unit.genblk1[0].fpu_fpnew.genblk3[0].fpnew_core.gen_operation_groups[3].i_opgroup_block.gen_merged_slice.i_multifmt_slice.gen_num_lanes[0].int_results_enabled.pack_int_result[2]	20	32	0	0	0	0	0	1	1612524	1612524	0,0,0,0,0,0,0,0,0,0,0,0,0,0,0,0,0,0,0,0,0,0,0,0,0,0,0,0,0,0,0,0,0,0,0,0,0,0,0,0	0,0,0,0,0,0,0,0,0,0,0,0,0,0,0,0,0,0,0,0,0,0,0,0,0,0,0,0,0,0,0,0,1,0,0,0,0,0,0,0	2	0	0	0	0	1	1612524	1612524	0,0,0,0,0,0,0,0,0,0,0,0,0,0,0,0,0,0,0,0,0,0,0,0,0,0,0,0,0,0,0,0,0,0,0,0,0,0,0,0	0,0,0,0,0,0,0,0,0,0,0,0,0,0,0,0,0,0,0,0,0,0,0,0,0,0,0,0,0,0,0,0,1,0,0,0,0,0,0,0
tb.dut.clusters[0].cluster.sockets[0].socket.cores[0].core.execute.fpu_unit.genblk1[0].fpu_fpnew.genblk3[0].fpnew_core.gen_operation_groups[3].i_opgroup_block.gen_merged_slice.i_multifmt_slice.gen_num_lanes[0].int_results_enabled.pack_int_result[3]	20	32	0	0	0	0	0	1	1612524	1612524	0,0,0,0,0,0,0,0,0,0,0,0,0,0,0,0,0,0,0,0,0,0,0,0,0,0,0,0,0,0,0,0,0,0,0,0,0,0,0,0	0,0,0,0,0,0,0,0,0,0,0,0,0,0,0,0,0,0,0,0,0,0,0,0,0,0,0,0,0,0,0,0,1,0,0,0,0,0,0,0	2	0	0	0	0	1	1612524	1612524	0,0,0,0,0,0,0,0,0,0,0,0,0,0,0,0,0,0,0,0,0,0,0,0,0,0,0,0,0,0,0,0,0,0,0,0,0,0,0,0	0,0,0,0,0,0,0,0,0,0,0,0,0,0,0,0,0,0,0,0,0,0,0,0,0,0,0,0,0,0,0,0,1,0,0,0,0,0,0,0
tb.dut.clusters[0].cluster.sockets[0].socket.cores[0].core.execute.fpu_unit.genblk1[0].fpu_fpnew.genblk3[0].fpnew_core.gen_operation_groups[3].i_opgroup_block.gen_merged_slice.i_multifmt_slice.gen_num_lanes[0].pack_fp_result[0]	19	32	0	0	0	0	0	1	1612524	1612524	0,0,0,0,0,0,0,0,0,0,0,0,0,0,0,0,0,0,0,0,0,0,0,0,0,0,0,0,0,0,0,0,0,0,0,0,0,0,0,0	0,0,0,0,0,0,0,0,0,0,0,0,0,0,0,0,0,0,0,0,0,0,0,0,0,0,0,0,0,0,0,0,1,0,0,0,0,0,0,0	2	0	0	0	0	1	1612524	1612524	0,0,0,0,0,0,0,0,0,0,0,0,0,0,0,0,0,0,0,0,0,0,0,0,0,0,0,0,0,0,0,0,0,0,0,0,0,0,0,0	0,0,0,0,0,0,0,0,0,0,0,0,0,0,0,0,0,0,0,0,0,0,0,0,0,0,0,0,0,0,0,0,1,0,0,0,0,0,0,0
tb.dut.clusters[0].cluster.sockets[0].socket.cores[0].core.execute.fpu_unit.genblk1[0].fpu_fpnew.genblk3[0].fpnew_core.gen_operation_groups[3].i_opgroup_block.gen_merged_slice.i_multifmt_slice.gen_num_lanes[0].pack_fp_result[1]	19	32	0	0	0	0	0	1	1612524	1612524	0,0,0,0,0,0,0,0,0,0,0,0,0,0,0,0,0,0,0,0,0,0,0,0,0,0,0,0,0,0,0,0,0,0,0,0,0,0,0,0	0,0,0,0,0,0,0,0,0,0,0,0,0,0,0,0,0,0,0,0,0,0,0,0,0,0,0,0,0,0,0,0,1,0,0,0,0,0,0,0	2	0	0	0	0	1	1612524	1612524	0,0,0,0,0,0,0,0,0,0,0,0,0,0,0,0,0,0,0,0,0,0,0,0,0,0,0,0,0,0,0,0,0,0,0,0,0,0,0,0	0,0,0,0,0,0,0,0,0,0,0,0,0,0,0,0,0,0,0,0,0,0,0,0,0,0,0,0,0,0,0,0,1,0,0,0,0,0,0,0
tb.dut.clusters[0].cluster.sockets[0].socket.cores[0].core.execute.fpu_unit.genblk1[0].fpu_fpnew.genblk3[0].fpnew_core.gen_operation_groups[3].i_opgroup_block.gen_merged_slice.i_multifmt_slice.gen_num_lanes[0].pack_fp_result[2]	19	32	0	0	0	0	0	1	1612524	1612524	0,0,0,0,0,0,0,0,0,0,0,0,0,0,0,0,0,0,0,0,0,0,0,0,0,0,0,0,0,0,0,0,0,0,0,0,0,0,0,0	0,0,0,0,0,0,0,0,0,0,0,0,0,0,0,0,0,0,0,0,0,0,0,0,0,0,0,0,0,0,0,0,1,0,0,0,0,0,0,0	2	0	0	0	0	1	1612524	1612524	0,0,0,0,0,0,0,0,0,0,0,0,0,0,0,0,0,0,0,0,0,0,0,0,0,0,0,0,0,0,0,0,0,0,0,0,0,0,0,0	0,0,0,0,0,0,0,0,0,0,0,0,0,0,0,0,0,0,0,0,0,0,0,0,0,0,0,0,0,0,0,0,1,0,0,0,0,0,0,0
tb.dut.clusters[0].cluster.sockets[0].socket.cores[0].core.execute.fpu_unit.genblk1[0].fpu_fpnew.genblk3[0].fpnew_core.gen_operation_groups[3].i_opgroup_block.gen_merged_slice.i_multifmt_slice.gen_num_lanes[0].pack_fp_result[3]	19	32	0	0	0	0	0	1	1612524	1612524	0,0,0,0,0,0,0,0,0,0,0,0,0,0,0,0,0,0,0,0,0,0,0,0,0,0,0,0,0,0,0,0,0,0,0,0,0,0,0,0	0,0,0,0,0,0,0,0,0,0,0,0,0,0,0,0,0,0,0,0,0,0,0,0,0,0,0,0,0,0,0,0,1,0,0,0,0,0,0,0	2	0	0	0	0	1	1612524	1612524	0,0,0,0,0,0,0,0,0,0,0,0,0,0,0,0,0,0,0,0,0,0,0,0,0,0,0,0,0,0,0,0,0,0,0,0,0,0,0,0	0,0,0,0,0,0,0,0,0,0,0,0,0,0,0,0,0,0,0,0,0,0,0,0,0,0,0,0,0,0,0,0,1,0,0,0,0,0,0,0
tb.dut.clusters[0].cluster.sockets[0].socket.cores[0].core.execute.fpu_unit.genblk1[0].fpu_fpnew.genblk3[0].fpnew_core.gen_operation_groups[3].i_opgroup_block.gen_merged_slice.i_multifmt_slice.gen_num_lanes[0].pack_fp_result[4]	19	32	0	0	0	0	0	1	1612524	1612524	0,0,0,0,0,0,0,0,0,0,0,0,0,0,0,0,0,0,0,0,0,0,0,0,0,0,0,0,0,0,0,0,0,0,0,0,0,0,0,0	0,0,0,0,0,0,0,0,0,0,0,0,0,0,0,0,0,0,0,0,0,0,0,0,0,0,0,0,0,0,0,0,1,0,0,0,0,0,0,0	2	0	0	0	0	1	1612524	1612524	0,0,0,0,0,0,0,0,0,0,0,0,0,0,0,0,0,0,0,0,0,0,0,0,0,0,0,0,0,0,0,0,0,0,0,0,0,0,0,0	0,0,0,0,0,0,0,0,0,0,0,0,0,0,0,0,0,0,0,0,0,0,0,0,0,0,0,0,0,0,0,0,1,0,0,0,0,0,0,0
tb.dut.clusters[0].cluster.sockets[0].socket.cores[0].core.execute.fpu_unit.genblk1[0].fpu_fpnew.genblk3[0].fpnew_core.gen_operation_groups[3].i_opgroup_block.gen_merged_slice.i_multifmt_slice.target_regs	18	227	7376172	583724	524316	583724	3	524317	1028800	8245	466957,55310,2049,0,0,0,0,0,0,0,0,0,0,0,0,0,0,0,0,0,0,0,0,0,0,0,0,0,0,0,0,0,0,0,0,0,0,0,0,0	57355,464898,0,0,0,0,0,0,6,1,0,5,2,0,2,2046,0,0,0,0,1,0,0,0,0,1,0,0,0,0,0,0,0,0,0,0,0,0,0,0	2	583721	524316	583721	3	524317	1028803	8245	466960,55307,2049,0,0,0,0,0,0,0,0,0,0,0,0,0,0,0,0,0,0,0,0,0,0,0,0,0,0,0,0,0,0,0,0,0,0,0,0,0	57355,464896,1,1,0,0,0,0,6,1,0,5,2,0,2,2046,0,0,0,0,1,0,0,0,0,1,0,0,0,0,0,0,0,0,0,0,0,0,0,0
tb.dut.clusters[0].cluster.sockets[0].socket.cores[0].core.execute.fpu_unit.genblk1[0].fpu_fpnew.genblk3[0].fpnew_core.gen_operation_groups[3].i_opgroup_block.gen_merged_slice.i_multifmt_slice.target_regs.gen_bypass_pipeline[0]	19	1	0	0	0	0	0	1	1612524	1612524	0,0,0,0,0,0,0,0,0,0,0,0,0,0,0,0,0,0,0,0,0,0,0,0,0,0,0,0,0,0,0,0,0,0,0,0,0,0,0,0	0,0,0,0,0,0,0,0,0,0,0,0,0,0,0,0,0,0,0,0,0,0,0,0,0,0,0,0,0,0,0,0,1,0,0,0,0,0,0,0	2	0	0	0	0	1	1612524	1612524	0,0,0,0,0,0,0,0,0,0,0,0,0,0,0,0,0,0,0,0,0,0,0,0,0,0,0,0,0,0,0,0,0,0,0,0,0,0,0,0	0,0,0,0,0,0,0,0,0,0,0,0,0,0,0,0,0,0,0,0,0,0,0,0,0,0,0,0,0,0,0,0,1,0,0,0,0,0,0,0
tb.dut.clusters[0].cluster.sockets[0].socket.cores[0].core.execute.fpu_unit.genblk1[0].fpu_fpnew.genblk3[0].fpnew_core.gen_operation_groups[3].i_opgroup_block.gen_merged_slice.i_multifmt_slice.target_regs.gen_bypass_pipeline[1]	19	1	0	0	0	0	0	1	1612524	1612524	0,0,0,0,0,0,0,0,0,0,0,0,0,0,0,0,0,0,0,0,0,0,0,0,0,0,0,0,0,0,0,0,0,0,0,0,0,0,0,0	0,0,0,0,0,0,0,0,0,0,0,0,0,0,0,0,0,0,0,0,0,0,0,0,0,0,0,0,0,0,0,0,1,0,0,0,0,0,0,0	2	0	0	0	0	1	1612524	1612524	0,0,0,0,0,0,0,0,0,0,0,0,0,0,0,0,0,0,0,0,0,0,0,0,0,0,0,0,0,0,0,0,0,0,0,0,0,0,0,0	0,0,0,0,0,0,0,0,0,0,0,0,0,0,0,0,0,0,0,0,0,0,0,0,0,0,0,0,0,0,0,0,1,0,0,0,0,0,0,0
tb.dut.clusters[0].cluster.sockets[0].socket.cores[0].core.execute.fpu_unit.genblk1[0].fpu_fpnew.genblk3[0].fpnew_core.gen_operation_groups[3].i_opgroup_block.gen_merged_slice.i_multifmt_slice.target_regs.gen_bypass_pipeline[2]	19	1	0	0	0	0	0	1	1612524	1612524	0,0,0,0,0,0,0,0,0,0,0,0,0,0,0,0,0,0,0,0,0,0,0,0,0,0,0,0,0,0,0,0,0,0,0,0,0,0,0,0	0,0,0,0,0,0,0,0,0,0,0,0,0,0,0,0,0,0,0,0,0,0,0,0,0,0,0,0,0,0,0,0,1,0,0,0,0,0,0,0	2	0	0	0	0	1	1612524	1612524	0,0,0,0,0,0,0,0,0,0,0,0,0,0,0,0,0,0,0,0,0,0,0,0,0,0,0,0,0,0,0,0,0,0,0,0,0,0,0,0	0,0,0,0,0,0,0,0,0,0,0,0,0,0,0,0,0,0,0,0,0,0,0,0,0,0,0,0,0,0,0,0,1,0,0,0,0,0,0,0
tb.dut.clusters[0].cluster.sockets[0].socket.cores[0].core.execute.fpu_unit.genblk1[0].fpu_fpnew.genblk3[0].fpnew_core.gen_operation_groups[3].i_opgroup_block.gen_merged_slice.i_multifmt_slice.target_regs.gen_bypass_pipeline[3]	19	1	0	0	0	0	0	1	1612524	1612524	0,0,0,0,0,0,0,0,0,0,0,0,0,0,0,0,0,0,0,0,0,0,0,0,0,0,0,0,0,0,0,0,0,0,0,0,0,0,0,0	0,0,0,0,0,0,0,0,0,0,0,0,0,0,0,0,0,0,0,0,0,0,0,0,0,0,0,0,0,0,0,0,1,0,0,0,0,0,0,0	2	0	0	0	0	1	1612524	1612524	0,0,0,0,0,0,0,0,0,0,0,0,0,0,0,0,0,0,0,0,0,0,0,0,0,0,0,0,0,0,0,0,0,0,0,0,0,0,0,0	0,0,0,0,0,0,0,0,0,0,0,0,0,0,0,0,0,0,0,0,0,0,0,0,0,0,0,0,0,0,0,0,1,0,0,0,0,0,0,0
tb.dut.clusters[0].cluster.sockets[0].socket.cores[0].core.execute.fpu_unit.genblk1[0].fpu_fpnew.genblk3[0].fpnew_core.gen_operation_groups[3].i_opgroup_block.gen_merged_slice.i_multifmt_slice.target_regs.gen_bypass_pipeline[4]	19	1	0	0	0	0	0	1	1612524	1612524	0,0,0,0,0,0,0,0,0,0,0,0,0,0,0,0,0,0,0,0,0,0,0,0,0,0,0,0,0,0,0,0,0,0,0,0,0,0,0,0	0,0,0,0,0,0,0,0,0,0,0,0,0,0,0,0,0,0,0,0,0,0,0,0,0,0,0,0,0,0,0,0,1,0,0,0,0,0,0,0	2	0	0	0	0	1	1612524	1612524	0,0,0,0,0,0,0,0,0,0,0,0,0,0,0,0,0,0,0,0,0,0,0,0,0,0,0,0,0,0,0,0,0,0,0,0,0,0,0,0	0,0,0,0,0,0,0,0,0,0,0,0,0,0,0,0,0,0,0,0,0,0,0,0,0,0,0,0,0,0,0,0,1,0,0,0,0,0,0,0
tb.dut.clusters[0].cluster.sockets[0].socket.cores[0].core.execute.fpu_unit.genblk1[0].fpu_fpnew.genblk3[0].fpnew_core.gen_operation_groups[3].i_opgroup_block.gen_parallel_slices[0]	16	2	0	0	0	0	0	1	1612524	1612524	0,0,0,0,0,0,0,0,0,0,0,0,0,0,0,0,0,0,0,0,0,0,0,0,0,0,0,0,0,0,0,0,0,0,0,0,0,0,0,0	0,0,0,0,0,0,0,0,0,0,0,0,0,0,0,0,0,0,0,0,0,0,0,0,0,0,0,0,0,0,0,0,1,0,0,0,0,0,0,0	2	0	0	0	0	1	1612524	1612524	0,0,0,0,0,0,0,0,0,0,0,0,0,0,0,0,0,0,0,0,0,0,0,0,0,0,0,0,0,0,0,0,0,0,0,0,0,0,0,0	0,0,0,0,0,0,0,0,0,0,0,0,0,0,0,0,0,0,0,0,0,0,0,0,0,0,0,0,0,0,0,0,1,0,0,0,0,0,0,0
tb.dut.clusters[0].cluster.sockets[0].socket.cores[0].core.execute.fpu_unit.genblk1[0].fpu_fpnew.genblk3[0].fpnew_core.gen_operation_groups[3].i_opgroup_block.gen_parallel_slices[1]	16	2	0	0	0	0	0	1	1612524	1612524	0,0,0,0,0,0,0,0,0,0,0,0,0,0,0,0,0,0,0,0,0,0,0,0,0,0,0,0,0,0,0,0,0,0,0,0,0,0,0,0	0,0,0,0,0,0,0,0,0,0,0,0,0,0,0,0,0,0,0,0,0,0,0,0,0,0,0,0,0,0,0,0,1,0,0,0,0,0,0,0	2	0	0	0	0	1	1612524	1612524	0,0,0,0,0,0,0,0,0,0,0,0,0,0,0,0,0,0,0,0,0,0,0,0,0,0,0,0,0,0,0,0,0,0,0,0,0,0,0,0	0,0,0,0,0,0,0,0,0,0,0,0,0,0,0,0,0,0,0,0,0,0,0,0,0,0,0,0,0,0,0,0,1,0,0,0,0,0,0,0
tb.dut.clusters[0].cluster.sockets[0].socket.cores[0].core.execute.fpu_unit.genblk1[0].fpu_fpnew.genblk3[0].fpnew_core.gen_operation_groups[3].i_opgroup_block.gen_parallel_slices[2]	16	2	0	0	0	0	0	1	1612524	1612524	0,0,0,0,0,0,0,0,0,0,0,0,0,0,0,0,0,0,0,0,0,0,0,0,0,0,0,0,0,0,0,0,0,0,0,0,0,0,0,0	0,0,0,0,0,0,0,0,0,0,0,0,0,0,0,0,0,0,0,0,0,0,0,0,0,0,0,0,0,0,0,0,1,0,0,0,0,0,0,0	2	0	0	0	0	1	1612524	1612524	0,0,0,0,0,0,0,0,0,0,0,0,0,0,0,0,0,0,0,0,0,0,0,0,0,0,0,0,0,0,0,0,0,0,0,0,0,0,0,0	0,0,0,0,0,0,0,0,0,0,0,0,0,0,0,0,0,0,0,0,0,0,0,0,0,0,0,0,0,0,0,0,1,0,0,0,0,0,0,0
tb.dut.clusters[0].cluster.sockets[0].socket.cores[0].core.execute.fpu_unit.genblk1[0].fpu_fpnew.genblk3[0].fpnew_core.gen_operation_groups[3].i_opgroup_block.gen_parallel_slices[3]	16	2	0	0	0	0	0	1	1612524	1612524	0,0,0,0,0,0,0,0,0,0,0,0,0,0,0,0,0,0,0,0,0,0,0,0,0,0,0,0,0,0,0,0,0,0,0,0,0,0,0,0	0,0,0,0,0,0,0,0,0,0,0,0,0,0,0,0,0,0,0,0,0,0,0,0,0,0,0,0,0,0,0,0,1,0,0,0,0,0,0,0	2	0	0	0	0	1	1612524	1612524	0,0,0,0,0,0,0,0,0,0,0,0,0,0,0,0,0,0,0,0,0,0,0,0,0,0,0,0,0,0,0,0,0,0,0,0,0,0,0,0	0,0,0,0,0,0,0,0,0,0,0,0,0,0,0,0,0,0,0,0,0,0,0,0,0,0,0,0,0,0,0,0,1,0,0,0,0,0,0,0
tb.dut.clusters[0].cluster.sockets[0].socket.cores[0].core.execute.fpu_unit.genblk1[0].fpu_fpnew.genblk3[0].fpnew_core.gen_operation_groups[3].i_opgroup_block.gen_parallel_slices[4]	16	2	0	0	0	0	0	1	1612524	1612524	0,0,0,0,0,0,0,0,0,0,0,0,0,0,0,0,0,0,0,0,0,0,0,0,0,0,0,0,0,0,0,0,0,0,0,0,0,0,0,0	0,0,0,0,0,0,0,0,0,0,0,0,0,0,0,0,0,0,0,0,0,0,0,0,0,0,0,0,0,0,0,0,1,0,0,0,0,0,0,0	2	0	0	0	0	1	1612524	1612524	0,0,0,0,0,0,0,0,0,0,0,0,0,0,0,0,0,0,0,0,0,0,0,0,0,0,0,0,0,0,0,0,0,0,0,0,0,0,0,0	0,0,0,0,0,0,0,0,0,0,0,0,0,0,0,0,0,0,0,0,0,0,0,0,0,0,0,0,0,0,0,0,1,0,0,0,0,0,0,0
tb.dut.clusters[0].cluster.sockets[0].socket.cores[0].core.execute.fpu_unit.genblk1[0].fpu_fpnew.genblk3[0].fpnew_core.gen_operation_groups[3].i_opgroup_block.i_arbiter	16	1510	4203525	1048722	524352	1048722	8	524353	563802	8241	2,524344,0,4,0,0,0,2,0,0,0,0,0,0,0,0,0,0,0,0,0,0,0,0,0,0,0,0,0,0,0,0,0,0,0,0,0,0,0,0	522265,23,9,4,0,1,0,0,0,0,0,0,0,0,1,2046,2,0,0,0,1,0,0,0,0,1,0,0,0,0,0,0,0,0,0,0,0,0,0,0	8	64	30	64	4	31	1612460	1611831	0,28,0,2,0,0,0,0,0,0,0,0,0,0,0,0,0,0,0,0,0,0,0,0,0,0,0,0,0,0,0,0,0,0,0,0,0,0,0,0	14,7,1,0,0,0,0,0,0,0,0,0,0,0,0,0,7,0,0,0,1,0,0,0,0,0,0,0,0,0,0,0,1,0,0,0,0,0,0,0
tb.dut.clusters[0].cluster.sockets[0].socket.cores[0].core.execute.fpu_unit.genblk1[0].fpu_fpnew.genblk3[0].fpnew_core.gen_operation_groups[3].i_opgroup_block.i_arbiter.gen_arbiter	17	1150	3152322	1048720	524350	1048720	8	524351	563804	8241	0,524344,0,4,0,0,0,2,0,0,0,0,0,0,0,0,0,0,0,0,0,0,0,0,0,0,0,0,0,0,0,0,0,0,0,0,0,0,0,0	522265,23,8,4,0,1,0,0,0,0,0,0,0,0,1,2046,1,0,0,0,1,0,0,0,0,1,0,0,0,0,0,0,0,0,0,0,0,0,0,0	6	64	30	64	4	31	1612460	1611831	0,28,0,2,0,0,0,0,0,0,0,0,0,0,0,0,0,0,0,0,0,0,0,0,0,0,0,0,0,0,0,0,0,0,0,0,0,0,0,0	14,7,1,0,0,0,0,0,0,0,0,0,0,0,0,0,7,0,0,0,1,0,0,0,0,0,0,0,0,0,0,0,1,0,0,0,0,0,0,0
tb.dut.clusters[0].cluster.sockets[0].socket.cores[0].core.execute.fpu_unit.genblk1[0].fpu_fpnew.genblk3[0].fpnew_core.gen_operation_groups[3].i_opgroup_block.i_arbiter.gen_arbiter.gen_int_rr	18	340	640	64	30	64	4	31	1612460	1611831	0,28,0,2,0,0,0,0,0,0,0,0,0,0,0,0,0,0,0,0,0,0,0,0,0,0,0,0,0,0,0,0,0,0,0,0,0,0,0,0	14,7,1,0,0,0,0,0,0,0,0,0,0,0,0,0,7,0,0,0,1,0,0,0,0,0,0,0,0,0,0,0,1,0,0,0,0,0,0,0	2	64	30	64	4	31	1612460	1611831	0,28,0,2,0,0,0,0,0,0,0,0,0,0,0,0,0,0,0,0,0,0,0,0,0,0,0,0,0,0,0,0,0,0,0,0,0,0,0,0	14,7,1,0,0,0,0,0,0,0,0,0,0,0,0,0,7,0,0,0,1,0,0,0,0,0,0,0,0,0,0,0,1,0,0,0,0,0,0,0
tb.dut.clusters[0].cluster.sockets[0].socket.cores[0].core.execute.fpu_unit.genblk1[0].fpu_fpnew.genblk3[0].fpnew_core.gen_operation_groups[3].i_opgroup_block.i_arbiter.gen_arbiter.gen_int_rr.gen_fair_arb	19	337	640	64	30	64	4	31	1612460	1611831	0,28,0,2,0,0,0,0,0,0,0,0,0,0,0,0,0,0,0,0,0,0,0,0,0,0,0,0,0,0,0,0,0,0,0,0,0,0,0,0	14,7,1,0,0,0,0,0,0,0,0,0,0,0,0,0,7,0,0,0,1,0,0,0,0,0,0,0,0,0,0,0,1,0,0,0,0,0,0,0	2	64	30	64	4	31	1612460	1611831	0,28,0,2,0,0,0,0,0,0,0,0,0,0,0,0,0,0,0,0,0,0,0,0,0,0,0,0,0,0,0,0,0,0,0,0,0,0,0,0	14,7,1,0,0,0,0,0,0,0,0,0,0,0,0,0,7,0,0,0,1,0,0,0,0,0,0,0,0,0,0,0,1,0,0,0,0,0,0,0
tb.dut.clusters[0].cluster.sockets[0].socket.cores[0].core.execute.fpu_unit.genblk1[0].fpu_fpnew.genblk3[0].fpnew_core.gen_operation_groups[3].i_opgroup_block.i_arbiter.gen_arbiter.gen_int_rr.gen_fair_arb.i_lzc_lower	20	158	576	64	30	64	4	31	1612460	1611831	0,28,0,2,0,0,0,0,0,0,0,0,0,0,0,0,0,0,0,0,0,0,0,0,0,0,0,0,0,0,0,0,0,0,0,0,0,0,0,0	14,7,1,0,0,0,0,0,0,0,0,0,0,0,0,0,7,0,0,0,1,0,0,0,0,0,0,0,0,0,0,0,1,0,0,0,0,0,0,0	2	64	30	64	4	31	1612460	1611831	0,28,0,2,0,0,0,0,0,0,0,0,0,0,0,0,0,0,0,0,0,0,0,0,0,0,0,0,0,0,0,0,0,0,0,0,0,0,0,0	14,7,1,0,0,0,0,0,0,0,0,0,0,0,0,0,7,0,0,0,1,0,0,0,0,0,0,0,0,0,0,0,1,0,0,0,0,0,0,0
tb.dut.clusters[0].cluster.sockets[0].socket.cores[0].core.execute.fpu_unit.genblk1[0].fpu_fpnew.genblk3[0].fpnew_core.gen_operation_groups[3].i_opgroup_block.i_arbiter.gen_arbiter.gen_int_rr.gen_fair_arb.i_lzc_lower.gen_lzc	21	84	448	64	30	64	4	31	1612460	1611831	0,28,0,2,0,0,0,0,0,0,0,0,0,0,0,0,0,0,0,0,0,0,0,0,0,0,0,0,0,0,0,0,0,0,0,0,0,0,0,0	14,7,1,0,0,0,0,0,0,0,0,0,0,0,0,0,7,0,0,0,1,0,0,0,0,0,0,0,0,0,0,0,1,0,0,0,0,0,0,0	2	64	30	64	4	31	1612460	1611831	0,28,0,2,0,0,0,0,0,0,0,0,0,0,0,0,0,0,0,0,0,0,0,0,0,0,0,0,0,0,0,0,0,0,0,0,0,0,0,0	14,7,1,0,0,0,0,0,0,0,0,0,0,0,0,0,7,0,0,0,1,0,0,0,0,0,0,0,0,0,0,0,1,0,0,0,0,0,0,0
tb.dut.clusters[0].cluster.sockets[0].socket.cores[0].core.execute.fpu_unit.genblk1[0].fpu_fpnew.genblk3[0].fpnew_core.gen_operation_groups[3].i_opgroup_block.i_arbiter.gen_arbiter.gen_int_rr.gen_fair_arb.i_lzc_upper	20	158	0	0	0	0	0	1	1612524	1612524	0,0,0,0,0,0,0,0,0,0,0,0,0,0,0,0,0,0,0,0,0,0,0,0,0,0,0,0,0,0,0,0,0,0,0,0,0,0,0,0	0,0,0,0,0,0,0,0,0,0,0,0,0,0,0,0,0,0,0,0,0,0,0,0,0,0,0,0,0,0,0,0,1,0,0,0,0,0,0,0	2	0	0	0	0	1	1612524	1612524	0,0,0,0,0,0,0,0,0,0,0,0,0,0,0,0,0,0,0,0,0,0,0,0,0,0,0,0,0,0,0,0,0,0,0,0,0,0,0,0	0,0,0,0,0,0,0,0,0,0,0,0,0,0,0,0,0,0,0,0,0,0,0,0,0,0,0,0,0,0,0,0,1,0,0,0,0,0,0,0
tb.dut.clusters[0].cluster.sockets[0].socket.cores[0].core.execute.fpu_unit.genblk1[0].fpu_fpnew.genblk3[0].fpnew_core.gen_operation_groups[3].i_opgroup_block.i_arbiter.gen_arbiter.gen_int_rr.gen_fair_arb.i_lzc_upper.gen_lzc	21	84	0	0	0	0	0	1	1612524	1612524	0,0,0,0,0,0,0,0,0,0,0,0,0,0,0,0,0,0,0,0,0,0,0,0,0,0,0,0,0,0,0,0,0,0,0,0,0,0,0,0	0,0,0,0,0,0,0,0,0,0,0,0,0,0,0,0,0,0,0,0,0,0,0,0,0,0,0,0,0,0,0,0,1,0,0,0,0,0,0,0	2	0	0	0	0	1	1612524	1612524	0,0,0,0,0,0,0,0,0,0,0,0,0,0,0,0,0,0,0,0,0,0,0,0,0,0,0,0,0,0,0,0,0,0,0,0,0,0,0,0	0,0,0,0,0,0,0,0,0,0,0,0,0,0,0,0,0,0,0,0,0,0,0,0,0,0,0,0,0,0,0,0,1,0,0,0,0,0,0,0
tb.dut.clusters[0].cluster.sockets[0].socket.cores[0].core.execute.fpu_unit.genblk1[0].fpu_fpnew.genblk3[0].fpnew_core.gen_operation_groups[3].i_opgroup_block.i_arbiter.gen_arbiter.gen_levels[0]	18	65	64	64	30	64	4	31	1612460	1611831	0,28,0,2,0,0,0,0,0,0,0,0,0,0,0,0,0,0,0,0,0,0,0,0,0,0,0,0,0,0,0,0,0,0,0,0,0,0,0,0	14,7,1,0,0,0,0,0,0,0,0,0,0,0,0,0,7,0,0,0,1,0,0,0,0,0,0,0,0,0,0,0,1,0,0,0,0,0,0,0	2	0	0	0	0	1	1612524	1612524	0,0,0,0,0,0,0,0,0,0,0,0,0,0,0,0,0,0,0,0,0,0,0,0,0,0,0,0,0,0,0,0,0,0,0,0,0,0,0,0	0,0,0,0,0,0,0,0,0,0,0,0,0,0,0,0,0,0,0,0,0,0,0,0,0,0,0,0,0,0,0,0,1,0,0,0,0,0,0,0
tb.dut.clusters[0].cluster.sockets[0].socket.cores[0].core.execute.fpu_unit.genblk1[0].fpu_fpnew.genblk3[0].fpnew_core.gen_operation_groups[3].i_opgroup_block.i_arbiter.gen_arbiter.gen_levels[0].gen_level[0]	19	65	64	64	30	64	4	31	1612460	1611831	0,28,0,2,0,0,0,0,0,0,0,0,0,0,0,0,0,0,0,0,0,0,0,0,0,0,0,0,0,0,0,0,0,0,0,0,0,0,0,0	14,7,1,0,0,0,0,0,0,0,0,0,0,0,0,0,7,0,0,0,1,0,0,0,0,0,0,0,0,0,0,0,1,0,0,0,0,0,0,0	2	0	0	0	0	1	1612524	1612524	0,0,0,0,0,0,0,0,0,0,0,0,0,0,0,0,0,0,0,0,0,0,0,0,0,0,0,0,0,0,0,0,0,0,0,0,0,0,0,0	0,0,0,0,0,0,0,0,0,0,0,0,0,0,0,0,0,0,0,0,0,0,0,0,0,0,0,0,0,0,0,0,1,0,0,0,0,0,0,0
tb.dut.clusters[0].cluster.sockets[0].socket.cores[0].core.execute.fpu_unit.genblk1[0].fpu_fpnew.genblk3[0].fpnew_core.gen_operation_groups[3].i_opgroup_block.i_arbiter.gen_arbiter.gen_levels[1]	18	130	64	64	30	64	4	31	1612460	1611831	0,28,0,2,0,0,0,0,0,0,0,0,0,0,0,0,0,0,0,0,0,0,0,0,0,0,0,0,0,0,0,0,0,0,0,0,0,0,0,0	14,7,1,0,0,0,0,0,0,0,0,0,0,0,0,0,7,0,0,0,1,0,0,0,0,0,0,0,0,0,0,0,1,0,0,0,0,0,0,0	2	0	0	0	0	1	1612524	1612524	0,0,0,0,0,0,0,0,0,0,0,0,0,0,0,0,0,0,0,0,0,0,0,0,0,0,0,0,0,0,0,0,0,0,0,0,0,0,0,0	0,0,0,0,0,0,0,0,0,0,0,0,0,0,0,0,0,0,0,0,0,0,0,0,0,0,0,0,0,0,0,0,1,0,0,0,0,0,0,0
tb.dut.clusters[0].cluster.sockets[0].socket.cores[0].core.execute.fpu_unit.genblk1[0].fpu_fpnew.genblk3[0].fpnew_core.gen_operation_groups[3].i_opgroup_block.i_arbiter.gen_arbiter.gen_levels[1].gen_level[0]	19	65	64	64	30	64	4	31	1612460	1611831	0,28,0,2,0,0,0,0,0,0,0,0,0,0,0,0,0,0,0,0,0,0,0,0,0,0,0,0,0,0,0,0,0,0,0,0,0,0,0,0	14,7,1,0,0,0,0,0,0,0,0,0,0,0,0,0,7,0,0,0,1,0,0,0,0,0,0,0,0,0,0,0,1,0,0,0,0,0,0,0	2	0	0	0	0	1	1612524	1612524	0,0,0,0,0,0,0,0,0,0,0,0,0,0,0,0,0,0,0,0,0,0,0,0,0,0,0,0,0,0,0,0,0,0,0,0,0,0,0,0	0,0,0,0,0,0,0,0,0,0,0,0,0,0,0,0,0,0,0,0,0,0,0,0,0,0,0,0,0,0,0,0,1,0,0,0,0,0,0,0
tb.dut.clusters[0].cluster.sockets[0].socket.cores[0].core.execute.fpu_unit.genblk1[0].fpu_fpnew.genblk3[0].fpnew_core.gen_operation_groups[3].i_opgroup_block.i_arbiter.gen_arbiter.gen_levels[1].gen_level[1]	19	65	0	0	0	0	0	1	1612524	1612524	0,0,0,0,0,0,0,0,0,0,0,0,0,0,0,0,0,0,0,0,0,0,0,0,0,0,0,0,0,0,0,0,0,0,0,0,0,0,0,0	0,0,0,0,0,0,0,0,0,0,0,0,0,0,0,0,0,0,0,0,0,0,0,0,0,0,0,0,0,0,0,0,1,0,0,0,0,0,0,0	2	0	0	0	0	1	1612524	1612524	0,0,0,0,0,0,0,0,0,0,0,0,0,0,0,0,0,0,0,0,0,0,0,0,0,0,0,0,0,0,0,0,0,0,0,0,0,0,0,0	0,0,0,0,0,0,0,0,0,0,0,0,0,0,0,0,0,0,0,0,0,0,0,0,0,0,0,0,0,0,0,0,1,0,0,0,0,0,0,0
tb.dut.clusters[0].cluster.sockets[0].socket.cores[0].core.execute.fpu_unit.genblk1[0].fpu_fpnew.genblk3[0].fpnew_core.gen_operation_groups[3].i_opgroup_block.i_arbiter.gen_arbiter.gen_levels[2]	18	260	64	64	30	64	4	31	1612460	1611831	0,28,0,2,0,0,0,0,0,0,0,0,0,0,0,0,0,0,0,0,0,0,0,0,0,0,0,0,0,0,0,0,0,0,0,0,0,0,0,0	14,7,1,0,0,0,0,0,0,0,0,0,0,0,0,0,7,0,0,0,1,0,0,0,0,0,0,0,0,0,0,0,1,0,0,0,0,0,0,0	2	0	0	0	0	1	1612524	1612524	0,0,0,0,0,0,0,0,0,0,0,0,0,0,0,0,0,0,0,0,0,0,0,0,0,0,0,0,0,0,0,0,0,0,0,0,0,0,0,0	0,0,0,0,0,0,0,0,0,0,0,0,0,0,0,0,0,0,0,0,0,0,0,0,0,0,0,0,0,0,0,0,1,0,0,0,0,0,0,0
tb.dut.clusters[0].cluster.sockets[0].socket.cores[0].core.execute.fpu_unit.genblk1[0].fpu_fpnew.genblk3[0].fpnew_core.gen_operation_groups[3].i_opgroup_block.i_arbiter.gen_arbiter.gen_levels[2].gen_level[0]	19	65	64	64	30	64	4	31	1612460	1611831	0,28,0,2,0,0,0,0,0,0,0,0,0,0,0,0,0,0,0,0,0,0,0,0,0,0,0,0,0,0,0,0,0,0,0,0,0,0,0,0	14,7,1,0,0,0,0,0,0,0,0,0,0,0,0,0,7,0,0,0,1,0,0,0,0,0,0,0,0,0,0,0,1,0,0,0,0,0,0,0	2	0	0	0	0	1	1612524	1612524	0,0,0,0,0,0,0,0,0,0,0,0,0,0,0,0,0,0,0,0,0,0,0,0,0,0,0,0,0,0,0,0,0,0,0,0,0,0,0,0	0,0,0,0,0,0,0,0,0,0,0,0,0,0,0,0,0,0,0,0,0,0,0,0,0,0,0,0,0,0,0,0,1,0,0,0,0,0,0,0
tb.dut.clusters[0].cluster.sockets[0].socket.cores[0].core.execute.fpu_unit.genblk1[0].fpu_fpnew.genblk3[0].fpnew_core.gen_operation_groups[3].i_opgroup_block.i_arbiter.gen_arbiter.gen_levels[2].gen_level[1]	19	65	0	0	0	0	0	1	1612524	1612524	0,0,0,0,0,0,0,0,0,0,0,0,0,0,0,0,0,0,0,0,0,0,0,0,0,0,0,0,0,0,0,0,0,0,0,0,0,0,0,0	0,0,0,0,0,0,0,0,0,0,0,0,0,0,0,0,0,0,0,0,0,0,0,0,0,0,0,0,0,0,0,0,1,0,0,0,0,0,0,0	2	0	0	0	0	1	1612524	1612524	0,0,0,0,0,0,0,0,0,0,0,0,0,0,0,0,0,0,0,0,0,0,0,0,0,0,0,0,0,0,0,0,0,0,0,0,0,0,0,0	0,0,0,0,0,0,0,0,0,0,0,0,0,0,0,0,0,0,0,0,0,0,0,0,0,0,0,0,0,0,0,0,1,0,0,0,0,0,0,0
tb.dut.clusters[0].cluster.sockets[0].socket.cores[0].core.execute.fpu_unit.genblk1[0].fpu_fpnew.genblk3[0].fpnew_core.gen_operation_groups[3].i_opgroup_block.i_arbiter.gen_arbiter.gen_levels[2].gen_level[2]	19	65	0	0	0	0	0	1	1612524	1612524	0,0,0,0,0,0,0,0,0,0,0,0,0,0,0,0,0,0,0,0,0,0,0,0,0,0,0,0,0,0,0,0,0,0,0,0,0,0,0,0	0,0,0,0,0,0,0,0,0,0,0,0,0,0,0,0,0,0,0,0,0,0,0,0,0,0,0,0,0,0,0,0,1,0,0,0,0,0,0,0	2	0	0	0	0	1	1612524	1612524	0,0,0,0,0,0,0,0,0,0,0,0,0,0,0,0,0,0,0,0,0,0,0,0,0,0,0,0,0,0,0,0,0,0,0,0,0,0,0,0	0,0,0,0,0,0,0,0,0,0,0,0,0,0,0,0,0,0,0,0,0,0,0,0,0,0,0,0,0,0,0,0,1,0,0,0,0,0,0,0
tb.dut.clusters[0].cluster.sockets[0].socket.cores[0].core.execute.fpu_unit.genblk1[0].fpu_fpnew.genblk3[0].fpnew_core.gen_operation_groups[3].i_opgroup_block.i_arbiter.gen_arbiter.gen_levels[2].gen_level[3]	19	65	0	0	0	0	0	1	1612524	1612524	0,0,0,0,0,0,0,0,0,0,0,0,0,0,0,0,0,0,0,0,0,0,0,0,0,0,0,0,0,0,0,0,0,0,0,0,0,0,0,0	0,0,0,0,0,0,0,0,0,0,0,0,0,0,0,0,0,0,0,0,0,0,0,0,0,0,0,0,0,0,0,0,1,0,0,0,0,0,0,0	2	0	0	0	0	1	1612524	1612524	0,0,0,0,0,0,0,0,0,0,0,0,0,0,0,0,0,0,0,0,0,0,0,0,0,0,0,0,0,0,0,0,0,0,0,0,0,0,0,0	0,0,0,0,0,0,0,0,0,0,0,0,0,0,0,0,0,0,0,0,0,0,0,0,0,0,0,0,0,0,0,0,1,0,0,0,0,0,0,0
tb.dut.clusters[0].cluster.sockets[0].socket.cores[0].core.execute.fpu_unit.genblk1[0].fpu_fpnew.genblk3[0].fpnew_core.i_arbiter	14	947	116072998	1573040	2101	1573040	768	2102	39484	8240	2,28,0,2,2,15,0,2,2,0,0,0,0,0,0,0,0,0,0,0,0,2048,0,0,0,0,0,0,0,0,0,0,0,0,0,0,0,0,0,0	30,9,8,3,0,1,0,0,0,0,0,0,0,1,2046,0,2,0,0,0,1,0,0,0,0,1,0,0,0,0,0,0,0,0,0,0,0,0,0,0	5	1048720	524350	1048720	8	524351	563804	8241	0,524344,0,4,0,0,0,2,0,0,0,0,0,0,0,0,0,0,0,0,0,0,0,0,0,0,0,0,0,0,0,0,0,0,0,0,0,0,0,0	522265,23,8,4,0,1,0,0,0,0,0,0,0,0,1,2046,1,0,0,0,1,0,0,0,0,1,0,0,0,0,0,0,0,0,0,0,0,0,0,0
tb.dut.clusters[0].cluster.sockets[0].socket.cores[0].core.execute.fpu_unit.genblk1[0].fpu_fpnew.genblk3[0].fpnew_core.i_arbiter.gen_arbiter	15	636	67998938	1573038	2099	1573038	768	2100	39486	8240	0,28,0,2,2,15,0,2,2,0,0,0,0,0,0,0,0,0,0,0,0,2048,0,0,0,0,0,0,0,0,0,0,0,0,0,0,0,0,0,0	30,9,7,3,0,1,0,0,0,0,0,0,0,1,2046,0,1,0,0,0,1,0,0,0,0,1,0,0,0,0,0,0,0,0,0,0,0,0,0,0	4	1048720	524350	1048720	8	524351	563804	8241	0,524344,0,4,0,0,0,2,0,0,0,0,0,0,0,0,0,0,0,0,0,0,0,0,0,0,0,0,0,0,0,0,0,0,0,0,0,0,0,0	522265,23,8,4,0,1,0,0,0,0,0,0,0,0,1,2046,1,0,0,0,1,0,0,0,0,1,0,0,0,0,0,0,0,0,0,0,0,0,0,0
tb.dut.clusters[0].cluster.sockets[0].socket.cores[0].core.execute.fpu_unit.genblk1[0].fpu_fpnew.genblk3[0].fpnew_core.i_arbiter.gen_arbiter.gen_int_rr	16	274	15730210	1048720	524350	1048720	8	524351	563804	8241	0,524344,0,4,0,0,0,2,0,0,0,0,0,0,0,0,0,0,0,0,0,0,0,0,0,0,0,0,0,0,0,0,0,0,0,0,0,0,0,0	522265,23,8,4,0,1,0,0,0,0,0,0,0,0,1,2046,1,0,0,0,1,0,0,0,0,1,0,0,0,0,0,0,0,0,0,0,0,0,0,0	2	1048720	524350	1048720	8	524351	563804	8241	0,524344,0,4,0,0,0,2,0,0,0,0,0,0,0,0,0,0,0,0,0,0,0,0,0,0,0,0,0,0,0,0,0,0,0,0,0,0,0,0	522265,23,8,4,0,1,0,0,0,0,0,0,0,0,1,2046,1,0,0,0,1,0,0,0,0,1,0,0,0,0,0,0,0,0,0,0,0,0,0,0
tb.dut.clusters[0].cluster.sockets[0].socket.cores[0].core.execute.fpu_unit.genblk1[0].fpu_fpnew.genblk3[0].fpnew_core.i_arbiter.gen_arbiter.gen_int_rr.gen_fair_arb	17	272	15730178	1048720	524350	1048720	8	524351	563804	8241	0,524344,0,4,0,0,0,2,0,0,0,0,0,0,0,0,0,0,0,0,0,0,0,0,0,0,0,0,0,0,0,0,0,0,0,0,0,0,0,0	522265,23,8,4,0,1,0,0,0,0,0,0,0,0,1,2046,1,0,0,0,1,0,0,0,0,1,0,0,0,0,0,0,0,0,0,0,0,0,0,0	2	1048720	524350	1048720	8	524351	563804	8241	0,524344,0,4,0,0,0,2,0,0,0,0,0,0,0,0,0,0,0,0,0,0,0,0,0,0,0,0,0,0,0,0,0,0,0,0,0,0,0,0	522265,23,8,4,0,1,0,0,0,0,0,0,0,0,1,2046,1,0,0,0,1,0,0,0,0,1,0,0,0,0,0,0,0,0,0,0,0,0,0,0
tb.dut.clusters[0].cluster.sockets[0].socket.cores[0].core.execute.fpu_unit.genblk1[0].fpu_fpnew.genblk3[0].fpnew_core.i_arbiter.gen_arbiter.gen_int_rr.gen_fair_arb.i_lzc_lower	18	128	10486752	1048702	524343	1048702	8	524344	563822	8241	0,524338,0,3,0,1,0,1,0,0,0,0,0,0,0,0,0,0,0,0,0,0,0,0,0,0,0,0,0,0,0,0,0,0,0,0,0,0,0,0	522258,17,7,4,6,2,0,0,0,0,0,0,0,0,1,2046,1,0,0,0,1,0,0,0,0,1,0,0,0,0,0,0,0,0,0,0,0,0,0,0	2	1048702	524343	1048702	8	524344	563822	8241	0,524338,0,3,0,1,0,1,0,0,0,0,0,0,0,0,0,0,0,0,0,0,0,0,0,0,0,0,0,0,0,0,0,0,0,0,0,0,0,0	522258,17,7,4,6,2,0,0,0,0,0,0,0,0,1,2046,1,0,0,0,1,0,0,0,0,1,0,0,0,0,0,0,0,0,0,0,0,0,0,0
tb.dut.clusters[0].cluster.sockets[0].socket.cores[0].core.execute.fpu_unit.genblk1[0].fpu_fpnew.genblk3[0].fpnew_core.i_arbiter.gen_arbiter.gen_int_rr.gen_fair_arb.i_lzc_lower.gen_lzc	19	56	6292054	1048702	524343	1048702	8	524344	563822	8241	0,524338,0,3,0,1,0,1,0,0,0,0,0,0,0,0,0,0,0,0,0,0,0,0,0,0,0,0,0,0,0,0,0,0,0,0,0,0,0,0	522258,17,7,4,6,2,0,0,0,0,0,0,0,0,1,2046,1,0,0,0,1,0,0,0,0,1,0,0,0,0,0,0,0,0,0,0,0,0,0,0	2	1048702	524343	1048702	8	524344	563822	8241	0,524338,0,3,0,1,0,1,0,0,0,0,0,0,0,0,0,0,0,0,0,0,0,0,0,0,0,0,0,0,0,0,0,0,0,0,0,0,0,0	522258,17,7,4,6,2,0,0,0,0,0,0,0,0,1,2046,1,0,0,0,1,0,0,0,0,1,0,0,0,0,0,0,0,0,0,0,0,0,0,0
tb.dut.clusters[0].cluster.sockets[0].socket.cores[0].core.execute.fpu_unit.genblk1[0].fpu_fpnew.genblk3[0].fpnew_core.i_arbiter.gen_arbiter.gen_int_rr.gen_fair_arb.i_lzc_upper	18	128	96	18	9	18	2	10	1612506	1611841	0,9,0,0,0,0,0,0,0,0,0,0,0,0,0,0,0,0,0,0,0,0,0,0,0,0,0,0,0,0,0,0,0,0,0,0,0,0,0,0	0,0,0,0,0,0,0,0,0,0,0,0,0,0,0,0,7,1,0,0,1,0,0,0,0,0,0,0,0,0,0,0,1,0,0,0,0,0,0,0	2	18	9	18	2	10	1612506	1611841	0,9,0,0,0,0,0,0,0,0,0,0,0,0,0,0,0,0,0,0,0,0,0,0,0,0,0,0,0,0,0,0,0,0,0,0,0,0,0,0	0,0,0,0,0,0,0,0,0,0,0,0,0,0,0,0,7,1,0,0,1,0,0,0,0,0,0,0,0,0,0,0,1,0,0,0,0,0,0,0
tb.dut.clusters[0].cluster.sockets[0].socket.cores[0].core.execute.fpu_unit.genblk1[0].fpu_fpnew.genblk3[0].fpnew_core.i_arbiter.gen_arbiter.gen_int_rr.gen_fair_arb.i_lzc_upper.gen_lzc	19	56	58	18	9	18	2	10	1612506	1611841	0,9,0,0,0,0,0,0,0,0,0,0,0,0,0,0,0,0,0,0,0,0,0,0,0,0,0,0,0,0,0,0,0,0,0,0,0,0,0,0	0,0,0,0,0,0,0,0,0,0,0,0,0,0,0,0,7,1,0,0,1,0,0,0,0,0,0,0,0,0,0,0,1,0,0,0,0,0,0,0	2	18	9	18	2	10	1612506	1611841	0,9,0,0,0,0,0,0,0,0,0,0,0,0,0,0,0,0,0,0,0,0,0,0,0,0,0,0,0,0,0,0,0,0,0,0,0,0,0,0	0,0,0,0,0,0,0,0,0,0,0,0,0,0,0,0,7,1,0,0,1,0,0,0,0,0,0,0,0,0,0,0,1,0,0,0,0,0,0,0
tb.dut.clusters[0].cluster.sockets[0].socket.cores[0].core.execute.fpu_unit.genblk1[0].fpu_fpnew.genblk3[0].fpnew_core.i_arbiter.gen_arbiter.gen_levels[0]	16	65	1048640	1048640	524318	1048640	4	524319	563884	8241	0,524316,0,2,0,0,0,0,0,0,0,0,0,0,0,0,0,0,0,0,0,0,0,0,0,0,0,0,0,0,0,0,0,0,0,0,0,0,0,0	522251,10,1,1,0,0,0,0,0,0,0,0,0,0,1,2046,7,0,0,0,1,0,0,0,0,1,0,0,0,0,0,0,0,0,0,0,0,0,0,0	2	0	0	0	0	1	1612524	1612524	0,0,0,0,0,0,0,0,0,0,0,0,0,0,0,0,0,0,0,0,0,0,0,0,0,0,0,0,0,0,0,0,0,0,0,0,0,0,0,0	0,0,0,0,0,0,0,0,0,0,0,0,0,0,0,0,0,0,0,0,0,0,0,0,0,0,0,0,0,0,0,0,1,0,0,0,0,0,0,0
tb.dut.clusters[0].cluster.sockets[0].socket.cores[0].core.execute.fpu_unit.genblk1[0].fpu_fpnew.genblk3[0].fpnew_core.i_arbiter.gen_arbiter.gen_levels[0].gen_level[0]	17	65	1048640	1048640	524318	1048640	4	524319	563884	8241	0,524316,0,2,0,0,0,0,0,0,0,0,0,0,0,0,0,0,0,0,0,0,0,0,0,0,0,0,0,0,0,0,0,0,0,0,0,0,0,0	522251,10,1,1,0,0,0,0,0,0,0,0,0,0,1,2046,7,0,0,0,1,0,0,0,0,1,0,0,0,0,0,0,0,0,0,0,0,0,0,0	2	0	0	0	0	1	1612524	1612524	0,0,0,0,0,0,0,0,0,0,0,0,0,0,0,0,0,0,0,0,0,0,0,0,0,0,0,0,0,0,0,0,0,0,0,0,0,0,0,0	0,0,0,0,0,0,0,0,0,0,0,0,0,0,0,0,0,0,0,0,0,0,0,0,0,0,0,0,0,0,0,0,1,0,0,0,0,0,0,0
tb.dut.clusters[0].cluster.sockets[0].socket.cores[0].core.execute.fpu_unit.genblk1[0].fpu_fpnew.genblk3[0].fpnew_core.i_arbiter.gen_arbiter.gen_levels[1]	16	130	1048656	1048656	524320	1048656	8	524321	563868	8241	0,524316,0,2,0,0,0,2,0,0,0,0,0,0,0,0,0,0,0,0,0,0,0,0,0,0,0,0,0,0,0,0,0,0,0,0,0,0,0,0	522251,10,1,1,0,1,0,0,0,0,0,0,0,0,1,2046,7,1,0,0,1,0,0,0,0,1,0,0,0,0,0,0,0,0,0,0,0,0,0,0	2	0	0	0	0	1	1612524	1612524	0,0,0,0,0,0,0,0,0,0,0,0,0,0,0,0,0,0,0,0,0,0,0,0,0,0,0,0,0,0,0,0,0,0,0,0,0,0,0,0	0,0,0,0,0,0,0,0,0,0,0,0,0,0,0,0,0,0,0,0,0,0,0,0,0,0,0,0,0,0,0,0,1,0,0,0,0,0,0,0
tb.dut.clusters[0].cluster.sockets[0].socket.cores[0].core.execute.fpu_unit.genblk1[0].fpu_fpnew.genblk3[0].fpnew_core.i_arbiter.gen_arbiter.gen_levels[1].gen_level[0]	17	65	1048640	1048640	524318	1048640	4	524319	563884	8241	0,524316,0,2,0,0,0,0,0,0,0,0,0,0,0,0,0,0,0,0,0,0,0,0,0,0,0,0,0,0,0,0,0,0,0,0,0,0,0,0	522251,10,1,1,0,0,0,0,0,0,0,0,0,0,1,2046,7,0,0,0,1,0,0,0,0,1,0,0,0,0,0,0,0,0,0,0,0,0,0,0	2	0	0	0	0	1	1612524	1612524	0,0,0,0,0,0,0,0,0,0,0,0,0,0,0,0,0,0,0,0,0,0,0,0,0,0,0,0,0,0,0,0,0,0,0,0,0,0,0,0	0,0,0,0,0,0,0,0,0,0,0,0,0,0,0,0,0,0,0,0,0,0,0,0,0,0,0,0,0,0,0,0,1,0,0,0,0,0,0,0
tb.dut.clusters[0].cluster.sockets[0].socket.cores[0].core.execute.fpu_unit.genblk1[0].fpu_fpnew.genblk3[0].fpnew_core.i_arbiter.gen_arbiter.gen_levels[1].gen_level[1]	17	65	16	16	2	16	8	3	1612508	1612068	0,0,0,0,0,0,0,2,0,0,0,0,0,0,0,0,0,0,0,0,0,0,0,0,0,0,0,0,0,0,0,0,0,0,0,0,0,0,0,0	0,0,0,0,0,1,0,0,0,0,0,0,0,0,0,0,0,0,0,0,1,0,0,0,0,0,0,0,0,0,0,0,1,0,0,0,0,0,0,0	2	0	0	0	0	1	1612524	1612524	0,0,0,0,0,0,0,0,0,0,0,0,0,0,0,0,0,0,0,0,0,0,0,0,0,0,0,0,0,0,0,0,0,0,0,0,0,0,0,0	0,0,0,0,0,0,0,0,0,0,0,0,0,0,0,0,0,0,0,0,0,0,0,0,0,0,0,0,0,0,0,0,1,0,0,0,0,0,0,0
tb.dut.clusters[0].cluster.sockets[0].socket.cores[0].core.execute.fpu_unit.genblk1[0].fpu_fpnew.genblk3[1]	12	43590	1159550208	1581322	2052	1581322	1012	2053	31202	8240	1,0,0,0,1,0,0,0,0,2,0,0,0,0,0,0,0,0,0,0,0,2048,0,0,0,0,0,0,0,0,0,0,0,0,0,0,0,0,0,0	0,0,1,1,0,0,0,0,0,1,2046,0,0,0,1,1,0,0,0,0,1,0,0,0,0,1,0,0,0,0,0,0,0,0,0,0,0,0,0,0	218	1575269	6033	1575269	768	6034	37255	8241	1,2110,14,5,31,5,3,13,0,2,24,1,0,9,0,0,111,183,365,716,1019,1421,0,0,0,0,0,0,0,0,0,0,0,0,0,0,0,0,0,0	3969,12,2,1,0,0,0,0,0,0,1,2046,0,0,0,1,0,0,0,0,1,0,0,0,0,1,0,0,0,0,0,0,0,0,0,0,0,0,0,0
tb.dut.clusters[0].cluster.sockets[0].socket.cores[0].core.execute.fpu_unit.genblk1[0].fpu_fpnew.genblk3[1].fpnew_core	13	43581	1154831824	1581322	2052	1581322	1012	2053	31202	8240	1,0,0,0,1,0,0,0,0,2,0,0,0,0,0,0,0,0,0,0,0,2048,0,0,0,0,0,0,0,0,0,0,0,0,0,0,0,0,0,0	0,0,1,1,0,0,0,0,0,1,2046,0,0,0,1,1,0,0,0,0,1,0,0,0,0,1,0,0,0,0,0,0,0,0,0,0,0,0,0,0	218	1575269	6033	1575269	768	6034	37255	8241	1,2110,14,5,31,5,3,13,0,2,24,1,0,9,0,0,111,183,365,716,1019,1421,0,0,0,0,0,0,0,0,0,0,0,0,0,0,0,0,0,0	3969,12,2,1,0,0,0,0,0,0,1,2046,0,0,0,1,0,0,0,0,1,0,0,0,0,1,0,0,0,0,0,0,0,0,0,0,0,0,0,0
tb.dut.clusters[0].cluster.sockets[0].socket.cores[0].core.execute.fpu_unit.genblk1[0].fpu_fpnew.genblk3[1].fpnew_core.gen_nanbox_check[0]	14	32	0	0	0	0	0	1	1612524	1612524	0,0,0,0,0,0,0,0,0,0,0,0,0,0,0,0,0,0,0,0,0,0,0,0,0,0,0,0,0,0,0,0,0,0,0,0,0,0,0,0	0,0,0,0,0,0,0,0,0,0,0,0,0,0,0,0,0,0,0,0,0,0,0,0,0,0,0,0,0,0,0,0,1,0,0,0,0,0,0,0	2	0	0	0	0	1	1612524	1612524	0,0,0,0,0,0,0,0,0,0,0,0,0,0,0,0,0,0,0,0,0,0,0,0,0,0,0,0,0,0,0,0,0,0,0,0,0,0,0,0	0,0,0,0,0,0,0,0,0,0,0,0,0,0,0,0,0,0,0,0,0,0,0,0,0,0,0,0,0,0,0,0,1,0,0,0,0,0,0,0
tb.dut.clusters[0].cluster.sockets[0].socket.cores[0].core.execute.fpu_unit.genblk1[0].fpu_fpnew.genblk3[1].fpnew_core.gen_nanbox_check[1]	14	32	0	0	0	0	0	1	1612524	1612524	0,0,0,0,0,0,0,0,0,0,0,0,0,0,0,0,0,0,0,0,0,0,0,0,0,0,0,0,0,0,0,0,0,0,0,0,0,0,0,0	0,0,0,0,0,0,0,0,0,0,0,0,0,0,0,0,0,0,0,0,0,0,0,0,0,0,0,0,0,0,0,0,1,0,0,0,0,0,0,0	2	0	0	0	0	1	1612524	1612524	0,0,0,0,0,0,0,0,0,0,0,0,0,0,0,0,0,0,0,0,0,0,0,0,0,0,0,0,0,0,0,0,0,0,0,0,0,0,0,0	0,0,0,0,0,0,0,0,0,0,0,0,0,0,0,0,0,0,0,0,0,0,0,0,0,0,0,0,0,0,0,0,1,0,0,0,0,0,0,0
tb.dut.clusters[0].cluster.sockets[0].socket.cores[0].core.execute.fpu_unit.genblk1[0].fpu_fpnew.genblk3[1].fpnew_core.gen_nanbox_check[2]	14	32	0	0	0	0	0	1	1612524	1612524	0,0,0,0,0,0,0,0,0,0,0,0,0,0,0,0,0,0,0,0,0,0,0,0,0,0,0,0,0,0,0,0,0,0,0,0,0,0,0,0	0,0,0,0,0,0,0,0,0,0,0,0,0,0,0,0,0,0,0,0,0,0,0,0,0,0,0,0,0,0,0,0,1,0,0,0,0,0,0,0	2	0	0	0	0	1	1612524	1612524	0,0,0,0,0,0,0,0,0,0,0,0,0,0,0,0,0,0,0,0,0,0,0,0,0,0,0,0,0,0,0,0,0,0,0,0,0,0,0,0	0,0,0,0,0,0,0,0,0,0,0,0,0,0,0,0,0,0,0,0,0,0,0,0,0,0,0,0,0,0,0,0,1,0,0,0,0,0,0,0
tb.dut.clusters[0].cluster.sockets[0].socket.cores[0].core.execute.fpu_unit.genblk1[0].fpu_fpnew.genblk3[1].fpnew_core.gen_nanbox_check[3]	14	32	0	0	0	0	0	1	1612524	1612524	0,0,0,0,0,0,0,0,0,0,0,0,0,0,0,0,0,0,0,0,0,0,0,0,0,0,0,0,0,0,0,0,0,0,0,0,0,0,0,0	0,0,0,0,0,0,0,0,0,0,0,0,0,0,0,0,0,0,0,0,0,0,0,0,0,0,0,0,0,0,0,0,1,0,0,0,0,0,0,0	2	0	0	0	0	1	1612524	1612524	0,0,0,0,0,0,0,0,0,0,0,0,0,0,0,0,0,0,0,0,0,0,0,0,0,0,0,0,0,0,0,0,0,0,0,0,0,0,0,0	0,0,0,0,0,0,0,0,0,0,0,0,0,0,0,0,0,0,0,0,0,0,0,0,0,0,0,0,0,0,0,0,1,0,0,0,0,0,0,0
tb.dut.clusters[0].cluster.sockets[0].socket.cores[0].core.execute.fpu_unit.genblk1[0].fpu_fpnew.genblk3[1].fpnew_core.gen_nanbox_check[4]	14	32	0	0	0	0	0	1	1612524	1612524	0,0,0,0,0,0,0,0,0,0,0,0,0,0,0,0,0,0,0,0,0,0,0,0,0,0,0,0,0,0,0,0,0,0,0,0,0,0,0,0	0,0,0,0,0,0,0,0,0,0,0,0,0,0,0,0,0,0,0,0,0,0,0,0,0,0,0,0,0,0,0,0,1,0,0,0,0,0,0,0	2	0	0	0	0	1	1612524	1612524	0,0,0,0,0,0,0,0,0,0,0,0,0,0,0,0,0,0,0,0,0,0,0,0,0,0,0,0,0,0,0,0,0,0,0,0,0,0,0,0	0,0,0,0,0,0,0,0,0,0,0,0,0,0,0,0,0,0,0,0,0,0,0,0,0,0,0,0,0,0,0,0,1,0,0,0,0,0,0,0
tb.dut.clusters[0].cluster.sockets[0].socket.cores[0].core.execute.fpu_unit.genblk1[0].fpu_fpnew.genblk3[1].fpnew_core.gen_operation_groups[0]	14	7400	739075928	1579212	2090	1579212	790	2091	33312	8241	13,19,2,0,1,0,0,0,0,0,0,0,0,0,1,0,6,0,0,0,0,2048,0,0,0,0,0,0,0,0,0,0,0,0,0,0,0,0,0,0	18,19,2,0,1,0,0,0,0,0,1,2046,0,0,0,1,1,0,0,0,1,0,0,0,0,1,0,0,0,0,0,0,0,0,0,0,0,0,0,0	37	1578956	2257	1578956	771	2258	33568	8241	1,186,4,1,0,8,6,0,2,0,0,0,0,0,1,0,0,0,0,0,0,2048,0,0,0,0,0,0,0,0,0,0,0,0,0,0,0,0,0,0	199,0,0,0,0,0,0,0,0,0,2,2051,3,0,0,0,1,0,0,0,1,0,0,0,0,1,0,0,0,0,0,0,0,0,0,0,0,0,0,0
tb.dut.clusters[0].cluster.sockets[0].socket.cores[0].core.execute.fpu_unit.genblk1[0].fpu_fpnew.genblk3[1].fpnew_core.gen_operation_groups[0].i_opgroup_block	15	7352	738027286	1579212	2090	1579212	790	2091	33312	8241	13,19,2,0,1,0,0,0,0,0,0,0,0,0,1,0,6,0,0,0,0,2048,0,0,0,0,0,0,0,0,0,0,0,0,0,0,0,0,0,0	18,19,2,0,1,0,0,0,0,0,1,2046,0,0,0,1,1,0,0,0,1,0,0,0,0,1,0,0,0,0,0,0,0,0,0,0,0,0,0,0	37	1578956	2257	1578956	771	2258	33568	8241	1,186,4,1,0,8,6,0,2,0,0,0,0,0,1,0,0,0,0,0,0,2048,0,0,0,0,0,0,0,0,0,0,0,0,0,0,0,0,0,0	199,0,0,0,0,0,0,0,0,0,2,2051,3,0,0,0,1,0,0,0,1,0,0,0,0,1,0,0,0,0,0,0,0,0,0,0,0,0,0,0
tb.dut.clusters[0].cluster.sockets[0].socket.cores[0].core.execute.fpu_unit.genblk1[0].fpu_fpnew.genblk3[1].fpnew_core.gen_operation_groups[0].i_opgroup_block.gen_parallel_slices[0]	16	5051	520022227	1579212	2090	1579212	790	2091	33312	8241	13,19,2,0,1,0,0,0,0,0,0,0,0,0,1,0,6,0,0,0,0,2048,0,0,0,0,0,0,0,0,0,0,0,0,0,0,0,0,0,0	18,19,2,0,1,0,0,0,0,0,1,2046,0,0,0,1,1,0,0,0,1,0,0,0,0,1,0,0,0,0,0,0,0,0,0,0,0,0,0,0	26	1579138	2075	1579138	771	2076	33386	8241	1,7,4,0,0,7,6,0,0,0,0,0,0,1,1,0,0,0,0,0,0,2048,0,0,0,0,0,0,0,0,0,0,0,0,0,0,0,0,0,0	17,0,0,0,0,0,0,0,0,0,2,2051,3,0,0,0,1,0,0,0,1,0,0,0,0,1,0,0,0,0,0,0,0,0,0,0,0,0,0,0
tb.dut.clusters[0].cluster.sockets[0].socket.cores[0].core.execute.fpu_unit.genblk1[0].fpu_fpnew.genblk3[1].fpnew_core.gen_operation_groups[0].i_opgroup_block.gen_parallel_slices[0].active_format	17	5049	520022227	1579212	2090	1579212	790	2091	33312	8241	13,19,2,0,1,0,0,0,0,0,0,0,0,0,1,0,6,0,0,0,0,2048,0,0,0,0,0,0,0,0,0,0,0,0,0,0,0,0,0,0	18,19,2,0,1,0,0,0,0,0,1,2046,0,0,0,1,1,0,0,0,1,0,0,0,0,1,0,0,0,0,0,0,0,0,0,0,0,0,0,0	26	1579138	2075	1579138	771	2076	33386	8241	1,7,4,0,0,7,6,0,0,0,0,0,0,1,1,0,0,0,0,0,0,2048,0,0,0,0,0,0,0,0,0,0,0,0,0,0,0,0,0,0	17,0,0,0,0,0,0,0,0,0,2,2051,3,0,0,0,1,0,0,0,1,0,0,0,0,1,0,0,0,0,0,0,0,0,0,0,0,0,0,0
tb.dut.clusters[0].cluster.sockets[0].socket.cores[0].core.execute.fpu_unit.genblk1[0].fpu_fpnew.genblk3[1].fpnew_core.gen_operation_groups[0].i_opgroup_block.gen_parallel_slices[0].active_format.i_fmt_slice	18	5015	518973582	1579212	2090	1579212	790	2091	33312	8241	13,19,2,0,1,0,0,0,0,0,0,0,0,0,1,0,6,0,0,0,0,2048,0,0,0,0,0,0,0,0,0,0,0,0,0,0,0,0,0,0	18,19,2,0,1,0,0,0,0,0,1,2046,0,0,0,1,1,0,0,0,1,0,0,0,0,1,0,0,0,0,0,0,0,0,0,0,0,0,0,0	26	1579138	2075	1579138	771	2076	33386	8241	1,7,4,0,0,7,6,0,0,0,0,0,0,1,1,0,0,0,0,0,0,2048,0,0,0,0,0,0,0,0,0,0,0,0,0,0,0,0,0,0	17,0,0,0,0,0,0,0,0,0,2,2051,3,0,0,0,1,0,0,0,1,0,0,0,0,1,0,0,0,0,0,0,0,0,0,0,0,0,0,0
tb.dut.clusters[0].cluster.sockets[0].socket.cores[0].core.execute.fpu_unit.genblk1[0].fpu_fpnew.genblk3[1].fpnew_core.gen_operation_groups[0].i_opgroup_block.gen_parallel_slices[0].active_format.i_fmt_slice.gen_num_lanes[0]	19	4401	448032520	1579212	2090	1579212	790	2091	33312	8241	13,19,2,0,1,0,0,0,0,0,0,0,0,0,1,0,6,0,0,0,0,2048,0,0,0,0,0,0,0,0,0,0,0,0,0,0,0,0,0,0	18,19,2,0,1,0,0,0,0,0,1,2046,0,0,0,1,1,0,0,0,1,0,0,0,0,1,0,0,0,0,0,0,0,0,0,0,0,0,0,0	23	1577671	2074	1577671	771	2075	34853	8242	1,7,3,0,0,7,6,0,0,0,0,0,0,0,1,0,1,0,0,0,0,2048,0,0,0,0,0,0,0,0,0,0,0,0,0,0,0,0,0,0	16,0,0,0,0,0,0,0,0,0,1,586,1469,0,0,0,1,0,0,0,1,0,0,0,0,1,0,0,0,0,0,0,0,0,0,0,0,0,0,0
tb.dut.clusters[0].cluster.sockets[0].socket.cores[0].core.execute.fpu_unit.genblk1[0].fpu_fpnew.genblk3[1].fpnew_core.gen_operation_groups[0].i_opgroup_block.gen_parallel_slices[0].active_format.i_fmt_slice.gen_num_lanes[0].active_lane	20	4368	432737772	1579212	2090	1579212	790	2091	33312	8241	13,19,2,0,1,0,0,0,0,0,0,0,0,0,1,0,6,0,0,0,0,2048,0,0,0,0,0,0,0,0,0,0,0,0,0,0,0,0,0,0	18,19,2,0,1,0,0,0,0,0,1,2046,0,0,0,1,1,0,0,0,1,0,0,0,0,1,0,0,0,0,0,0,0,0,0,0,0,0,0,0	22	1577055	2109	1577055	770	2110	35469	8242	8,28,11,0,1,0,0,0,0,0,2,0,0,0,1,0,2,1,2,0,10,2043,0,0,0,0,0,0,0,0,0,0,0,0,0,0,0,0,0,0	50,1,0,0,0,0,0,0,0,0,1,6,2049,0,0,0,1,0,0,0,1,0,0,0,0,1,0,0,0,0,0,0,0,0,0,0,0,0,0,0
tb.dut.clusters[0].cluster.sockets[0].socket.cores[0].core.execute.fpu_unit.genblk1[0].fpu_fpnew.genblk3[1].fpnew_core.gen_operation_groups[0].i_opgroup_block.gen_parallel_slices[0].active_format.i_fmt_slice.gen_num_lanes[0].active_lane.lane_instance	21	4232	405849831	1579212	2090	1579212	790	2091	33312	8241	13,19,2,0,1,0,0,0,0,0,0,0,0,0,1,0,6,0,0,0,0,2048,0,0,0,0,0,0,0,0,0,0,0,0,0,0,0,0,0,0	18,19,2,0,1,0,0,0,0,0,1,2046,0,0,0,1,1,0,0,0,1,0,0,0,0,1,0,0,0,0,0,0,0,0,0,0,0,0,0,0	22	1576954	2196	1576954	770	2197	35570	8242	8,29,11,0,1,1,1,2,0,0,2,0,0,1,0,0,8,5,16,23,80,2008,0,0,0,0,0,0,0,0,0,0,0,0,0,0,0,0,0,0	136,2,0,0,0,0,0,0,0,0,1,6,2036,13,0,0,1,0,0,0,1,0,0,0,0,1,0,0,0,0,0,0,0,0,0,0,0,0,0,0
tb.dut.clusters[0].cluster.sockets[0].socket.cores[0].core.execute.fpu_unit.genblk1[0].fpu_fpnew.genblk3[1].fpnew_core.gen_operation_groups[0].i_opgroup_block.gen_parallel_slices[0].active_format.i_fmt_slice.gen_num_lanes[0].active_lane.lane_instance.i_fma	22	4232	405849831	1579212	2090	1579212	790	2091	33312	8241	13,19,2,0,1,0,0,0,0,0,0,0,0,0,1,0,6,0,0,0,0,2048,0,0,0,0,0,0,0,0,0,0,0,0,0,0,0,0,0,0	18,19,2,0,1,0,0,0,0,0,1,2046,0,0,0,1,1,0,0,0,1,0,0,0,0,1,0,0,0,0,0,0,0,0,0,0,0,0,0,0	22	1576954	2196	1576954	770	2197	35570	8242	8,29,11,0,1,1,1,2,0,0,2,0,0,1,0,0,8,5,16,23,80,2008,0,0,0,0,0,0,0,0,0,0,0,0,0,0,0,0,0,0	136,2,0,0,0,0,0,0,0,0,1,6,2036,13,0,0,1,0,0,0,1,0,0,0,0,1,0,0,0,0,0,0,0,0,0,0,0,0,0,0
tb.dut.clusters[0].cluster.sockets[0].socket.cores[0].core.execute.fpu_unit.genblk1[0].fpu_fpnew.genblk3[1].fpnew_core.gen_operation_groups[0].i_opgroup_block.gen_parallel_slices[0].active_format.i_fmt_slice.gen_num_lanes[0].active_lane.lane_instance.i_fma.gen_input_pipeline[0]	23	1	1048642	1048642	524320	1048642	4	524321	563882	8245	2,524316,0,2,0,0,0,0,0,0,0,0,0,0,0,0,0,0,0,0,0,0,0,0,0,0,0,0,0,0,0,0,0,0,0,0,0,0,0,0	522252,10,1,2,0,0,0,0,0,0,0,0,0,0,1,2046,7,0,0,0,1,0,0,0,0,1,0,0,0,0,0,0,0,0,0,0,0,0,0,0	2	0	0	0	0	1	1612524	1612524	0,0,0,0,0,0,0,0,0,0,0,0,0,0,0,0,0,0,0,0,0,0,0,0,0,0,0,0,0,0,0,0,0,0,0,0,0,0,0,0	0,0,0,0,0,0,0,0,0,0,0,0,0,0,0,0,0,0,0,0,0,0,0,0,0,0,0,0,0,0,0,0,1,0,0,0,0,0,0,0
tb.dut.clusters[0].cluster.sockets[0].socket.cores[0].core.execute.fpu_unit.genblk1[0].fpu_fpnew.genblk3[1].fpnew_core.gen_operation_groups[0].i_opgroup_block.gen_parallel_slices[0].active_format.i_fmt_slice.gen_num_lanes[0].active_lane.lane_instance.i_fma.gen_inside_pipeline[0]	23	1	1048640	1048640	524318	1048640	4	524319	563884	8244	0,524316,0,2,0,0,0,0,0,0,0,0,0,0,0,0,0,0,0,0,0,0,0,0,0,0,0,0,0,0,0,0,0,0,0,0,0,0,0,0	522251,10,1,1,0,0,0,0,0,0,0,0,0,0,1,2046,7,0,0,0,1,0,0,0,0,1,0,0,0,0,0,0,0,0,0,0,0,0,0,0	2	0	0	0	0	1	1612524	1612524	0,0,0,0,0,0,0,0,0,0,0,0,0,0,0,0,0,0,0,0,0,0,0,0,0,0,0,0,0,0,0,0,0,0,0,0,0,0,0,0	0,0,0,0,0,0,0,0,0,0,0,0,0,0,0,0,0,0,0,0,0,0,0,0,0,0,0,0,0,0,0,0,1,0,0,0,0,0,0,0
tb.dut.clusters[0].cluster.sockets[0].socket.cores[0].core.execute.fpu_unit.genblk1[0].fpu_fpnew.genblk3[1].fpnew_core.gen_operation_groups[0].i_opgroup_block.gen_parallel_slices[0].active_format.i_fmt_slice.gen_num_lanes[0].active_lane.lane_instance.i_fma.gen_inside_pipeline[1]	23	1	1048640	1048640	524318	1048640	4	524319	563884	8243	0,524316,0,2,0,0,0,0,0,0,0,0,0,0,0,0,0,0,0,0,0,0,0,0,0,0,0,0,0,0,0,0,0,0,0,0,0,0,0,0	522251,10,1,1,0,0,0,0,0,0,0,0,0,0,1,2046,7,0,0,0,1,0,0,0,0,1,0,0,0,0,0,0,0,0,0,0,0,0,0,0	2	0	0	0	0	1	1612524	1612524	0,0,0,0,0,0,0,0,0,0,0,0,0,0,0,0,0,0,0,0,0,0,0,0,0,0,0,0,0,0,0,0,0,0,0,0,0,0,0,0	0,0,0,0,0,0,0,0,0,0,0,0,0,0,0,0,0,0,0,0,0,0,0,0,0,0,0,0,0,0,0,0,1,0,0,0,0,0,0,0
tb.dut.clusters[0].cluster.sockets[0].socket.cores[0].core.execute.fpu_unit.genblk1[0].fpu_fpnew.genblk3[1].fpnew_core.gen_operation_groups[0].i_opgroup_block.gen_parallel_slices[0].active_format.i_fmt_slice.gen_num_lanes[0].active_lane.lane_instance.i_fma.gen_output_pipeline[0]	23	1	1048640	1048640	524318	1048640	4	524319	563884	8242	0,524316,0,2,0,0,0,0,0,0,0,0,0,0,0,0,0,0,0,0,0,0,0,0,0,0,0,0,0,0,0,0,0,0,0,0,0,0,0,0	522251,10,1,1,0,0,0,0,0,0,0,0,0,0,1,2046,7,0,0,0,1,0,0,0,0,1,0,0,0,0,0,0,0,0,0,0,0,0,0,0	2	0	0	0	0	1	1612524	1612524	0,0,0,0,0,0,0,0,0,0,0,0,0,0,0,0,0,0,0,0,0,0,0,0,0,0,0,0,0,0,0,0,0,0,0,0,0,0,0,0	0,0,0,0,0,0,0,0,0,0,0,0,0,0,0,0,0,0,0,0,0,0,0,0,0,0,0,0,0,0,0,0,1,0,0,0,0,0,0,0
tb.dut.clusters[0].cluster.sockets[0].socket.cores[0].core.execute.fpu_unit.genblk1[0].fpu_fpnew.genblk3[1].fpnew_core.gen_operation_groups[0].i_opgroup_block.gen_parallel_slices[0].active_format.i_fmt_slice.gen_num_lanes[0].active_lane.lane_instance.i_fma.i_class_inputs	23	374	30075799	524320	524320	524320	1	524321	1088204	8245	524320,0,0,0,0,0,0,0,0,0,0,0,0,0,0,0,0,0,0,0,0,0,0,0,0,0,0,0,0,0,0,0,0,0,0,0,0,0,0,0	2,522251,10,1,1,0,0,0,0,0,0,0,0,0,0,1,2053,0,0,0,1,0,0,0,0,1,0,0,0,0,0,0,0,0,0,0,0,0,0,0	2	524320	524320	524320	1	524321	1088204	8245	524320,0,0,0,0,0,0,0,0,0,0,0,0,0,0,0,0,0,0,0,0,0,0,0,0,0,0,0,0,0,0,0,0,0,0,0,0,0,0,0	2,522251,10,1,1,0,0,0,0,0,0,0,0,0,0,1,2053,0,0,0,1,0,0,0,0,1,0,0,0,0,0,0,0,0,0,0,0,0,0,0
tb.dut.clusters[0].cluster.sockets[0].socket.cores[0].core.execute.fpu_unit.genblk1[0].fpu_fpnew.genblk3[1].fpnew_core.gen_operation_groups[0].i_opgroup_block.gen_parallel_slices[0].active_format.i_fmt_slice.gen_num_lanes[0].active_lane.lane_instance.i_fma.i_class_inputs.gen_num_values[0]	24	40	4145004	299047	299047	299047	1	299048	1313477	8326	299047,0,0,0,0,0,0,0,0,0,0,0,0,0,0,0,0,0,0,0,0,0,0,0,0,0,0,0,0,0,0,0,0,0,0,0,0,0,0,0	2,262162,10,1,28666,0,0,7,0,0,0,0,0,0,0,0,7,3,8188,0,1,0,0,0,0,1,0,0,0,0,0,0,0,0,0,0,0,0,0,0	2	299037	299037	299037	1	299038	1313487	8326	299037,0,0,0,0,0,0,0,0,0,0,0,0,0,0,0,0,0,0,0,0,0,0,0,0,0,0,0,0,0,0,0,0,0,0,0,0,0,0,0	1,262152,9,1,28666,1,0,8,0,0,0,0,0,0,0,0,7,3,8188,0,1,0,0,0,0,1,0,0,0,0,0,0,0,0,0,0,0,0,0,0
tb.dut.clusters[0].cluster.sockets[0].socket.cores[0].core.execute.fpu_unit.genblk1[0].fpu_fpnew.genblk3[1].fpnew_core.gen_operation_groups[0].i_opgroup_block.gen_parallel_slices[0].active_format.i_fmt_slice.gen_num_lanes[0].active_lane.lane_instance.i_fma.i_class_inputs.gen_num_values[1]	24	40	6635308	524289	524289	524289	1	524290	1088235	8245	524289,0,0,0,0,0,0,0,0,0,0,0,0,0,0,0,0,0,0,0,0,0,0,0,0,0,0,0,0,0,0,0,0,0,0,0,0,0,0,0	0,522237,3,0,0,0,0,0,0,0,0,0,0,0,0,1,2046,0,0,1,1,0,0,0,0,1,0,0,0,0,0,0,0,0,0,0,0,0,0,0	2	524287	524287	524287	1	524288	1088237	8245	524287,0,0,0,0,0,0,0,0,0,0,0,0,0,0,0,0,0,0,0,0,0,0,0,0,0,0,0,0,0,0,0,0,0,0,0,0,0,0,0	0,522234,2,0,1,1,0,0,0,0,0,0,0,0,0,1,2046,0,0,1,1,0,0,0,0,1,0,0,0,0,0,0,0,0,0,0,0,0,0,0
tb.dut.clusters[0].cluster.sockets[0].socket.cores[0].core.execute.fpu_unit.genblk1[0].fpu_fpnew.genblk3[1].fpnew_core.gen_operation_groups[0].i_opgroup_block.gen_parallel_slices[0].active_format.i_fmt_slice.gen_num_lanes[0].active_lane.lane_instance.i_fma.i_class_inputs.gen_num_values[2]	24	40	4257586	299016	299016	299016	1	299017	1313508	8326	299016,0,0,0,0,0,0,0,0,0,0,0,0,0,0,0,0,0,0,0,0,0,0,0,0,0,0,0,0,0,0,0,0,0,0,0,0,0,0,0	0,262148,3,0,28665,0,0,7,0,0,0,0,0,0,0,0,0,3,8188,1,1,0,0,0,0,1,0,0,0,0,0,0,0,0,0,0,0,0,0,0	2	299014	299014	299014	1	299015	1313510	8326	299014,0,0,0,0,0,0,0,0,0,0,0,0,0,0,0,0,0,0,0,0,0,0,0,0,0,0,0,0,0,0,0,0,0,0,0,0,0,0,0	0,262145,2,0,28666,1,0,7,0,0,0,0,0,0,0,0,0,3,8188,1,1,0,0,0,0,1,0,0,0,0,0,0,0,0,0,0,0,0,0,0
tb.dut.clusters[0].cluster.sockets[0].socket.cores[0].core.execute.fpu_unit.genblk1[0].fpu_fpnew.genblk3[1].fpnew_core.gen_operation_groups[0].i_opgroup_block.gen_parallel_slices[0].active_format.i_fmt_slice.gen_num_lanes[0].active_lane.lane_instance.i_fma.i_fpnew_rounding	23	104	13794205	524320	524320	524320	1	524321	1088204	8243	524320,0,0,0,0,0,0,0,0,0,0,0,0,0,0,0,0,0,0,0,0,0,0,0,0,0,0,0,0,0,0,0,0,0,0,0,0,0,0,0	2,522251,10,1,1,0,0,0,0,0,0,0,0,0,0,1,2053,0,0,0,1,0,0,0,0,1,0,0,0,0,0,0,0,0,0,0,0,0,0,0	2	524320	524320	524320	1	524321	1088204	8243	524320,0,0,0,0,0,0,0,0,0,0,0,0,0,0,0,0,0,0,0,0,0,0,0,0,0,0,0,0,0,0,0,0,0,0,0,0,0,0,0	2,522251,10,1,1,0,0,0,0,0,0,0,0,0,0,1,2053,0,0,0,1,0,0,0,0,1,0,0,0,0,0,0,0,0,0,0,0,0,0,0
tb.dut.clusters[0].cluster.sockets[0].socket.cores[0].core.execute.fpu_unit.genblk1[0].fpu_fpnew.genblk3[1].fpnew_core.gen_operation_groups[0].i_opgroup_block.gen_parallel_slices[0].active_format.i_fmt_slice.gen_num_lanes[0].active_lane.lane_instance.i_fma.i_lzc	23	960	48316639	524320	524320	524320	1	524321	1088204	8243	524320,0,0,0,0,0,0,0,0,0,0,0,0,0,0,0,0,0,0,0,0,0,0,0,0,0,0,0,0,0,0,0,0,0,0,0,0,0,0,0	2,522251,10,1,1,0,0,0,0,0,0,0,0,0,0,1,2053,0,0,0,1,0,0,0,0,1,0,0,0,0,0,0,0,0,0,0,0,0,0,0	5	524309	524309	524309	1	524310	1088215	8243	524309,0,0,0,0,0,0,0,0,0,0,0,0,0,0,0,0,0,0,0,0,0,0,0,0,0,0,0,0,0,0,0,0,0,0,0,0,0,0,0	1,522241,8,1,0,2,0,1,0,0,0,0,0,0,0,1,2053,0,0,0,1,0,0,0,0,1,0,0,0,0,0,0,0,0,0,0,0,0,0,0
tb.dut.clusters[0].cluster.sockets[0].socket.cores[0].core.execute.fpu_unit.genblk1[0].fpu_fpnew.genblk3[1].fpnew_core.gen_operation_groups[0].i_opgroup_block.gen_parallel_slices[0].active_format.i_fmt_slice.gen_num_lanes[0].active_lane.lane_instance.i_fma.i_lzc.gen_lzc	24	837	35587477	524320	524320	524320	1	524321	1088204	8243	524320,0,0,0,0,0,0,0,0,0,0,0,0,0,0,0,0,0,0,0,0,0,0,0,0,0,0,0,0,0,0,0,0,0,0,0,0,0,0,0	2,522251,10,1,1,0,0,0,0,0,0,0,0,0,0,1,2053,0,0,0,1,0,0,0,0,1,0,0,0,0,0,0,0,0,0,0,0,0,0,0	5	524308	524308	524308	1	524309	1088216	8243	524308,0,0,0,0,0,0,0,0,0,0,0,0,0,0,0,0,0,0,0,0,0,0,0,0,0,0,0,0,0,0,0,0,0,0,0,0,0,0,0	1,522241,7,1,0,2,0,1,0,0,0,0,0,0,0,1,2053,0,0,0,1,0,0,0,0,1,0,0,0,0,0,0,0,0,0,0,0,0,0,0
tb.dut.clusters[0].cluster.sockets[0].socket.cores[0].core.execute.fpu_unit.genblk1[0].fpu_fpnew.genblk3[1].fpnew_core.gen_operation_groups[0].i_opgroup_block.gen_parallel_slices[1]	16	2	0	0	0	0	0	1	1612524	1612524	0,0,0,0,0,0,0,0,0,0,0,0,0,0,0,0,0,0,0,0,0,0,0,0,0,0,0,0,0,0,0,0,0,0,0,0,0,0,0,0	0,0,0,0,0,0,0,0,0,0,0,0,0,0,0,0,0,0,0,0,0,0,0,0,0,0,0,0,0,0,0,0,1,0,0,0,0,0,0,0	2	0	0	0	0	1	1612524	1612524	0,0,0,0,0,0,0,0,0,0,0,0,0,0,0,0,0,0,0,0,0,0,0,0,0,0,0,0,0,0,0,0,0,0,0,0,0,0,0,0	0,0,0,0,0,0,0,0,0,0,0,0,0,0,0,0,0,0,0,0,0,0,0,0,0,0,0,0,0,0,0,0,1,0,0,0,0,0,0,0
tb.dut.clusters[0].cluster.sockets[0].socket.cores[0].core.execute.fpu_unit.genblk1[0].fpu_fpnew.genblk3[1].fpnew_core.gen_operation_groups[0].i_opgroup_block.gen_parallel_slices[2]	16	2	0	0	0	0	0	1	1612524	1612524	0,0,0,0,0,0,0,0,0,0,0,0,0,0,0,0,0,0,0,0,0,0,0,0,0,0,0,0,0,0,0,0,0,0,0,0,0,0,0,0	0,0,0,0,0,0,0,0,0,0,0,0,0,0,0,0,0,0,0,0,0,0,0,0,0,0,0,0,0,0,0,0,1,0,0,0,0,0,0,0	2	0	0	0	0	1	1612524	1612524	0,0,0,0,0,0,0,0,0,0,0,0,0,0,0,0,0,0,0,0,0,0,0,0,0,0,0,0,0,0,0,0,0,0,0,0,0,0,0,0	0,0,0,0,0,0,0,0,0,0,0,0,0,0,0,0,0,0,0,0,0,0,0,0,0,0,0,0,0,0,0,0,1,0,0,0,0,0,0,0
tb.dut.clusters[0].cluster.sockets[0].socket.cores[0].core.execute.fpu_unit.genblk1[0].fpu_fpnew.genblk3[1].fpnew_core.gen_operation_groups[0].i_opgroup_block.gen_parallel_slices[3]	16	2	0	0	0	0	0	1	1612524	1612524	0,0,0,0,0,0,0,0,0,0,0,0,0,0,0,0,0,0,0,0,0,0,0,0,0,0,0,0,0,0,0,0,0,0,0,0,0,0,0,0	0,0,0,0,0,0,0,0,0,0,0,0,0,0,0,0,0,0,0,0,0,0,0,0,0,0,0,0,0,0,0,0,1,0,0,0,0,0,0,0	2	0	0	0	0	1	1612524	1612524	0,0,0,0,0,0,0,0,0,0,0,0,0,0,0,0,0,0,0,0,0,0,0,0,0,0,0,0,0,0,0,0,0,0,0,0,0,0,0,0	0,0,0,0,0,0,0,0,0,0,0,0,0,0,0,0,0,0,0,0,0,0,0,0,0,0,0,0,0,0,0,0,1,0,0,0,0,0,0,0
tb.dut.clusters[0].cluster.sockets[0].socket.cores[0].core.execute.fpu_unit.genblk1[0].fpu_fpnew.genblk3[1].fpnew_core.gen_operation_groups[0].i_opgroup_block.gen_parallel_slices[4]	16	2	0	0	0	0	0	1	1612524	1612524	0,0,0,0,0,0,0,0,0,0,0,0,0,0,0,0,0,0,0,0,0,0,0,0,0,0,0,0,0,0,0,0,0,0,0,0,0,0,0,0	0,0,0,0,0,0,0,0,0,0,0,0,0,0,0,0,0,0,0,0,0,0,0,0,0,0,0,0,0,0,0,0,1,0,0,0,0,0,0,0	2	0	0	0	0	1	1612524	1612524	0,0,0,0,0,0,0,0,0,0,0,0,0,0,0,0,0,0,0,0,0,0,0,0,0,0,0,0,0,0,0,0,0,0,0,0,0,0,0,0	0,0,0,0,0,0,0,0,0,0,0,0,0,0,0,0,0,0,0,0,0,0,0,0,0,0,0,0,0,0,0,0,1,0,0,0,0,0,0,0
tb.dut.clusters[0].cluster.sockets[0].socket.cores[0].core.execute.fpu_unit.genblk1[0].fpu_fpnew.genblk3[1].fpnew_core.gen_operation_groups[0].i_opgroup_block.i_arbiter	16	1510	133265990	1048642	524320	1048642	4	524321	563882	8241	2,524316,0,2,0,0,0,0,0,0,0,0,0,0,0,0,0,0,0,0,0,0,0,0,0,0,0,0,0,0,0,0,0,0,0,0,0,0,0,0	522251,10,2,1,0,0,0,0,0,0,0,0,0,0,1,2046,8,0,0,0,1,0,0,0,0,1,0,0,0,0,0,0,0,0,0,0,0,0,0,0	8	1048640	524318	1048640	4	524319	563884	8241	0,524316,0,2,0,0,0,0,0,0,0,0,0,0,0,0,0,0,0,0,0,0,0,0,0,0,0,0,0,0,0,0,0,0,0,0,0,0,0,0	522251,10,1,1,0,0,0,0,0,0,0,0,0,0,1,2046,7,0,0,0,1,0,0,0,0,1,0,0,0,0,0,0,0,0,0,0,0,0,0,0
tb.dut.clusters[0].cluster.sockets[0].socket.cores[0].core.execute.fpu_unit.genblk1[0].fpu_fpnew.genblk3[1].fpnew_core.gen_operation_groups[0].i_opgroup_block.i_arbiter.gen_arbiter	17	1150	88175990	1048640	524318	1048640	4	524319	563884	8241	0,524316,0,2,0,0,0,0,0,0,0,0,0,0,0,0,0,0,0,0,0,0,0,0,0,0,0,0,0,0,0,0,0,0,0,0,0,0,0,0	522251,10,1,1,0,0,0,0,0,0,0,0,0,0,1,2046,7,0,0,0,1,0,0,0,0,1,0,0,0,0,0,0,0,0,0,0,0,0,0,0	6	1048640	524318	1048640	4	524319	563884	8241	0,524316,0,2,0,0,0,0,0,0,0,0,0,0,0,0,0,0,0,0,0,0,0,0,0,0,0,0,0,0,0,0,0,0,0,0,0,0,0,0	522251,10,1,1,0,0,0,0,0,0,0,0,0,0,1,2046,7,0,0,0,1,0,0,0,0,1,0,0,0,0,0,0,0,0,0,0,0,0,0,0
tb.dut.clusters[0].cluster.sockets[0].socket.cores[0].core.execute.fpu_unit.genblk1[0].fpu_fpnew.genblk3[1].fpnew_core.gen_operation_groups[0].i_opgroup_block.i_arbiter.gen_arbiter.gen_int_rr	18	340	10486400	1048640	524318	1048640	4	524319	563884	8241	0,524316,0,2,0,0,0,0,0,0,0,0,0,0,0,0,0,0,0,0,0,0,0,0,0,0,0,0,0,0,0,0,0,0,0,0,0,0,0,0	522251,10,1,1,0,0,0,0,0,0,0,0,0,0,1,2046,7,0,0,0,1,0,0,0,0,1,0,0,0,0,0,0,0,0,0,0,0,0,0,0	2	1048640	524318	1048640	4	524319	563884	8241	0,524316,0,2,0,0,0,0,0,0,0,0,0,0,0,0,0,0,0,0,0,0,0,0,0,0,0,0,0,0,0,0,0,0,0,0,0,0,0,0	522251,10,1,1,0,0,0,0,0,0,0,0,0,0,1,2046,7,0,0,0,1,0,0,0,0,1,0,0,0,0,0,0,0,0,0,0,0,0,0,0
tb.dut.clusters[0].cluster.sockets[0].socket.cores[0].core.execute.fpu_unit.genblk1[0].fpu_fpnew.genblk3[1].fpnew_core.gen_operation_groups[0].i_opgroup_block.i_arbiter.gen_arbiter.gen_int_rr.gen_fair_arb	19	337	10486400	1048640	524318	1048640	4	524319	563884	8241	0,524316,0,2,0,0,0,0,0,0,0,0,0,0,0,0,0,0,0,0,0,0,0,0,0,0,0,0,0,0,0,0,0,0,0,0,0,0,0,0	522251,10,1,1,0,0,0,0,0,0,0,0,0,0,1,2046,7,0,0,0,1,0,0,0,0,1,0,0,0,0,0,0,0,0,0,0,0,0,0,0	2	1048640	524318	1048640	4	524319	563884	8241	0,524316,0,2,0,0,0,0,0,0,0,0,0,0,0,0,0,0,0,0,0,0,0,0,0,0,0,0,0,0,0,0,0,0,0,0,0,0,0,0	522251,10,1,1,0,0,0,0,0,0,0,0,0,0,1,2046,7,0,0,0,1,0,0,0,0,1,0,0,0,0,0,0,0,0,0,0,0,0,0,0
tb.dut.clusters[0].cluster.sockets[0].socket.cores[0].core.execute.fpu_unit.genblk1[0].fpu_fpnew.genblk3[1].fpnew_core.gen_operation_groups[0].i_opgroup_block.i_arbiter.gen_arbiter.gen_int_rr.gen_fair_arb.i_lzc_lower	20	158	9437760	1048640	524318	1048640	4	524319	563884	8241	0,524316,0,2,0,0,0,0,0,0,0,0,0,0,0,0,0,0,0,0,0,0,0,0,0,0,0,0,0,0,0,0,0,0,0,0,0,0,0,0	522251,10,1,1,0,0,0,0,0,0,0,0,0,0,1,2046,7,0,0,0,1,0,0,0,0,1,0,0,0,0,0,0,0,0,0,0,0,0,0,0	2	1048640	524318	1048640	4	524319	563884	8241	0,524316,0,2,0,0,0,0,0,0,0,0,0,0,0,0,0,0,0,0,0,0,0,0,0,0,0,0,0,0,0,0,0,0,0,0,0,0,0,0	522251,10,1,1,0,0,0,0,0,0,0,0,0,0,1,2046,7,0,0,0,1,0,0,0,0,1,0,0,0,0,0,0,0,0,0,0,0,0,0,0
tb.dut.clusters[0].cluster.sockets[0].socket.cores[0].core.execute.fpu_unit.genblk1[0].fpu_fpnew.genblk3[1].fpnew_core.gen_operation_groups[0].i_opgroup_block.i_arbiter.gen_arbiter.gen_int_rr.gen_fair_arb.i_lzc_lower.gen_lzc	21	84	7340480	1048640	524318	1048640	4	524319	563884	8241	0,524316,0,2,0,0,0,0,0,0,0,0,0,0,0,0,0,0,0,0,0,0,0,0,0,0,0,0,0,0,0,0,0,0,0,0,0,0,0,0	522251,10,1,1,0,0,0,0,0,0,0,0,0,0,1,2046,7,0,0,0,1,0,0,0,0,1,0,0,0,0,0,0,0,0,0,0,0,0,0,0	2	1048640	524318	1048640	4	524319	563884	8241	0,524316,0,2,0,0,0,0,0,0,0,0,0,0,0,0,0,0,0,0,0,0,0,0,0,0,0,0,0,0,0,0,0,0,0,0,0,0,0,0	522251,10,1,1,0,0,0,0,0,0,0,0,0,0,1,2046,7,0,0,0,1,0,0,0,0,1,0,0,0,0,0,0,0,0,0,0,0,0,0,0
tb.dut.clusters[0].cluster.sockets[0].socket.cores[0].core.execute.fpu_unit.genblk1[0].fpu_fpnew.genblk3[1].fpnew_core.gen_operation_groups[0].i_opgroup_block.i_arbiter.gen_arbiter.gen_int_rr.gen_fair_arb.i_lzc_upper	20	158	0	0	0	0	0	1	1612524	1612524	0,0,0,0,0,0,0,0,0,0,0,0,0,0,0,0,0,0,0,0,0,0,0,0,0,0,0,0,0,0,0,0,0,0,0,0,0,0,0,0	0,0,0,0,0,0,0,0,0,0,0,0,0,0,0,0,0,0,0,0,0,0,0,0,0,0,0,0,0,0,0,0,1,0,0,0,0,0,0,0	2	0	0	0	0	1	1612524	1612524	0,0,0,0,0,0,0,0,0,0,0,0,0,0,0,0,0,0,0,0,0,0,0,0,0,0,0,0,0,0,0,0,0,0,0,0,0,0,0,0	0,0,0,0,0,0,0,0,0,0,0,0,0,0,0,0,0,0,0,0,0,0,0,0,0,0,0,0,0,0,0,0,1,0,0,0,0,0,0,0
tb.dut.clusters[0].cluster.sockets[0].socket.cores[0].core.execute.fpu_unit.genblk1[0].fpu_fpnew.genblk3[1].fpnew_core.gen_operation_groups[0].i_opgroup_block.i_arbiter.gen_arbiter.gen_int_rr.gen_fair_arb.i_lzc_upper.gen_lzc	21	84	0	0	0	0	0	1	1612524	1612524	0,0,0,0,0,0,0,0,0,0,0,0,0,0,0,0,0,0,0,0,0,0,0,0,0,0,0,0,0,0,0,0,0,0,0,0,0,0,0,0	0,0,0,0,0,0,0,0,0,0,0,0,0,0,0,0,0,0,0,0,0,0,0,0,0,0,0,0,0,0,0,0,1,0,0,0,0,0,0,0	2	0	0	0	0	1	1612524	1612524	0,0,0,0,0,0,0,0,0,0,0,0,0,0,0,0,0,0,0,0,0,0,0,0,0,0,0,0,0,0,0,0,0,0,0,0,0,0,0,0	0,0,0,0,0,0,0,0,0,0,0,0,0,0,0,0,0,0,0,0,0,0,0,0,0,0,0,0,0,0,0,0,1,0,0,0,0,0,0,0
tb.dut.clusters[0].cluster.sockets[0].socket.cores[0].core.execute.fpu_unit.genblk1[0].fpu_fpnew.genblk3[1].fpnew_core.gen_operation_groups[0].i_opgroup_block.i_arbiter.gen_arbiter.gen_levels[0]	18	65	1048640	1048640	524318	1048640	4	524319	563884	8241	0,524316,0,2,0,0,0,0,0,0,0,0,0,0,0,0,0,0,0,0,0,0,0,0,0,0,0,0,0,0,0,0,0,0,0,0,0,0,0,0	522251,10,1,1,0,0,0,0,0,0,0,0,0,0,1,2046,7,0,0,0,1,0,0,0,0,1,0,0,0,0,0,0,0,0,0,0,0,0,0,0	2	0	0	0	0	1	1612524	1612524	0,0,0,0,0,0,0,0,0,0,0,0,0,0,0,0,0,0,0,0,0,0,0,0,0,0,0,0,0,0,0,0,0,0,0,0,0,0,0,0	0,0,0,0,0,0,0,0,0,0,0,0,0,0,0,0,0,0,0,0,0,0,0,0,0,0,0,0,0,0,0,0,1,0,0,0,0,0,0,0
tb.dut.clusters[0].cluster.sockets[0].socket.cores[0].core.execute.fpu_unit.genblk1[0].fpu_fpnew.genblk3[1].fpnew_core.gen_operation_groups[0].i_opgroup_block.i_arbiter.gen_arbiter.gen_levels[0].gen_level[0]	19	65	1048640	1048640	524318	1048640	4	524319	563884	8241	0,524316,0,2,0,0,0,0,0,0,0,0,0,0,0,0,0,0,0,0,0,0,0,0,0,0,0,0,0,0,0,0,0,0,0,0,0,0,0,0	522251,10,1,1,0,0,0,0,0,0,0,0,0,0,1,2046,7,0,0,0,1,0,0,0,0,1,0,0,0,0,0,0,0,0,0,0,0,0,0,0	2	0	0	0	0	1	1612524	1612524	0,0,0,0,0,0,0,0,0,0,0,0,0,0,0,0,0,0,0,0,0,0,0,0,0,0,0,0,0,0,0,0,0,0,0,0,0,0,0,0	0,0,0,0,0,0,0,0,0,0,0,0,0,0,0,0,0,0,0,0,0,0,0,0,0,0,0,0,0,0,0,0,1,0,0,0,0,0,0,0
tb.dut.clusters[0].cluster.sockets[0].socket.cores[0].core.execute.fpu_unit.genblk1[0].fpu_fpnew.genblk3[1].fpnew_core.gen_operation_groups[0].i_opgroup_block.i_arbiter.gen_arbiter.gen_levels[1]	18	130	1048640	1048640	524318	1048640	4	524319	563884	8241	0,524316,0,2,0,0,0,0,0,0,0,0,0,0,0,0,0,0,0,0,0,0,0,0,0,0,0,0,0,0,0,0,0,0,0,0,0,0,0,0	522251,10,1,1,0,0,0,0,0,0,0,0,0,0,1,2046,7,0,0,0,1,0,0,0,0,1,0,0,0,0,0,0,0,0,0,0,0,0,0,0	2	0	0	0	0	1	1612524	1612524	0,0,0,0,0,0,0,0,0,0,0,0,0,0,0,0,0,0,0,0,0,0,0,0,0,0,0,0,0,0,0,0,0,0,0,0,0,0,0,0	0,0,0,0,0,0,0,0,0,0,0,0,0,0,0,0,0,0,0,0,0,0,0,0,0,0,0,0,0,0,0,0,1,0,0,0,0,0,0,0
tb.dut.clusters[0].cluster.sockets[0].socket.cores[0].core.execute.fpu_unit.genblk1[0].fpu_fpnew.genblk3[1].fpnew_core.gen_operation_groups[0].i_opgroup_block.i_arbiter.gen_arbiter.gen_levels[1].gen_level[0]	19	65	1048640	1048640	524318	1048640	4	524319	563884	8241	0,524316,0,2,0,0,0,0,0,0,0,0,0,0,0,0,0,0,0,0,0,0,0,0,0,0,0,0,0,0,0,0,0,0,0,0,0,0,0,0	522251,10,1,1,0,0,0,0,0,0,0,0,0,0,1,2046,7,0,0,0,1,0,0,0,0,1,0,0,0,0,0,0,0,0,0,0,0,0,0,0	2	0	0	0	0	1	1612524	1612524	0,0,0,0,0,0,0,0,0,0,0,0,0,0,0,0,0,0,0,0,0,0,0,0,0,0,0,0,0,0,0,0,0,0,0,0,0,0,0,0	0,0,0,0,0,0,0,0,0,0,0,0,0,0,0,0,0,0,0,0,0,0,0,0,0,0,0,0,0,0,0,0,1,0,0,0,0,0,0,0
tb.dut.clusters[0].cluster.sockets[0].socket.cores[0].core.execute.fpu_unit.genblk1[0].fpu_fpnew.genblk3[1].fpnew_core.gen_operation_groups[0].i_opgroup_block.i_arbiter.gen_arbiter.gen_levels[1].gen_level[1]	19	65	0	0	0	0	0	1	1612524	1612524	0,0,0,0,0,0,0,0,0,0,0,0,0,0,0,0,0,0,0,0,0,0,0,0,0,0,0,0,0,0,0,0,0,0,0,0,0,0,0,0	0,0,0,0,0,0,0,0,0,0,0,0,0,0,0,0,0,0,0,0,0,0,0,0,0,0,0,0,0,0,0,0,1,0,0,0,0,0,0,0	2	0	0	0	0	1	1612524	1612524	0,0,0,0,0,0,0,0,0,0,0,0,0,0,0,0,0,0,0,0,0,0,0,0,0,0,0,0,0,0,0,0,0,0,0,0,0,0,0,0	0,0,0,0,0,0,0,0,0,0,0,0,0,0,0,0,0,0,0,0,0,0,0,0,0,0,0,0,0,0,0,0,1,0,0,0,0,0,0,0
tb.dut.clusters[0].cluster.sockets[0].socket.cores[0].core.execute.fpu_unit.genblk1[0].fpu_fpnew.genblk3[1].fpnew_core.gen_operation_groups[0].i_opgroup_block.i_arbiter.gen_arbiter.gen_levels[2]	18	260	1048640	1048640	524318	1048640	4	524319	563884	8241	0,524316,0,2,0,0,0,0,0,0,0,0,0,0,0,0,0,0,0,0,0,0,0,0,0,0,0,0,0,0,0,0,0,0,0,0,0,0,0,0	522251,10,1,1,0,0,0,0,0,0,0,0,0,0,1,2046,7,0,0,0,1,0,0,0,0,1,0,0,0,0,0,0,0,0,0,0,0,0,0,0	2	0	0	0	0	1	1612524	1612524	0,0,0,0,0,0,0,0,0,0,0,0,0,0,0,0,0,0,0,0,0,0,0,0,0,0,0,0,0,0,0,0,0,0,0,0,0,0,0,0	0,0,0,0,0,0,0,0,0,0,0,0,0,0,0,0,0,0,0,0,0,0,0,0,0,0,0,0,0,0,0,0,1,0,0,0,0,0,0,0
tb.dut.clusters[0].cluster.sockets[0].socket.cores[0].core.execute.fpu_unit.genblk1[0].fpu_fpnew.genblk3[1].fpnew_core.gen_operation_groups[0].i_opgroup_block.i_arbiter.gen_arbiter.gen_levels[2].gen_level[0]	19	65	1048640	1048640	524318	1048640	4	524319	563884	8241	0,524316,0,2,0,0,0,0,0,0,0,0,0,0,0,0,0,0,0,0,0,0,0,0,0,0,0,0,0,0,0,0,0,0,0,0,0,0,0,0	522251,10,1,1,0,0,0,0,0,0,0,0,0,0,1,2046,7,0,0,0,1,0,0,0,0,1,0,0,0,0,0,0,0,0,0,0,0,0,0,0	2	0	0	0	0	1	1612524	1612524	0,0,0,0,0,0,0,0,0,0,0,0,0,0,0,0,0,0,0,0,0,0,0,0,0,0,0,0,0,0,0,0,0,0,0,0,0,0,0,0	0,0,0,0,0,0,0,0,0,0,0,0,0,0,0,0,0,0,0,0,0,0,0,0,0,0,0,0,0,0,0,0,1,0,0,0,0,0,0,0
tb.dut.clusters[0].cluster.sockets[0].socket.cores[0].core.execute.fpu_unit.genblk1[0].fpu_fpnew.genblk3[1].fpnew_core.gen_operation_groups[0].i_opgroup_block.i_arbiter.gen_arbiter.gen_levels[2].gen_level[1]	19	65	0	0	0	0	0	1	1612524	1612524	0,0,0,0,0,0,0,0,0,0,0,0,0,0,0,0,0,0,0,0,0,0,0,0,0,0,0,0,0,0,0,0,0,0,0,0,0,0,0,0	0,0,0,0,0,0,0,0,0,0,0,0,0,0,0,0,0,0,0,0,0,0,0,0,0,0,0,0,0,0,0,0,1,0,0,0,0,0,0,0	2	0	0	0	0	1	1612524	1612524	0,0,0,0,0,0,0,0,0,0,0,0,0,0,0,0,0,0,0,0,0,0,0,0,0,0,0,0,0,0,0,0,0,0,0,0,0,0,0,0	0,0,0,0,0,0,0,0,0,0,0,0,0,0,0,0,0,0,0,0,0,0,0,0,0,0,0,0,0,0,0,0,1,0,0,0,0,0,0,0
tb.dut.clusters[0].cluster.sockets[0].socket.cores[0].core.execute.fpu_unit.genblk1[0].fpu_fpnew.genblk3[1].fpnew_core.gen_operation_groups[0].i_opgroup_block.i_arbiter.gen_arbiter.gen_levels[2].gen_level[2]	19	65	0	0	0	0	0	1	1612524	1612524	0,0,0,0,0,0,0,0,0,0,0,0,0,0,0,0,0,0,0,0,0,0,0,0,0,0,0,0,0,0,0,0,0,0,0,0,0,0,0,0	0,0,0,0,0,0,0,0,0,0,0,0,0,0,0,0,0,0,0,0,0,0,0,0,0,0,0,0,0,0,0,0,1,0,0,0,0,0,0,0	2	0	0	0	0	1	1612524	1612524	0,0,0,0,0,0,0,0,0,0,0,0,0,0,0,0,0,0,0,0,0,0,0,0,0,0,0,0,0,0,0,0,0,0,0,0,0,0,0,0	0,0,0,0,0,0,0,0,0,0,0,0,0,0,0,0,0,0,0,0,0,0,0,0,0,0,0,0,0,0,0,0,1,0,0,0,0,0,0,0
tb.dut.clusters[0].cluster.sockets[0].socket.cores[0].core.execute.fpu_unit.genblk1[0].fpu_fpnew.genblk3[1].fpnew_core.gen_operation_groups[0].i_opgroup_block.i_arbiter.gen_arbiter.gen_levels[2].gen_level[3]	19	65	0	0	0	0	0	1	1612524	1612524	0,0,0,0,0,0,0,0,0,0,0,0,0,0,0,0,0,0,0,0,0,0,0,0,0,0,0,0,0,0,0,0,0,0,0,0,0,0,0,0	0,0,0,0,0,0,0,0,0,0,0,0,0,0,0,0,0,0,0,0,0,0,0,0,0,0,0,0,0,0,0,0,1,0,0,0,0,0,0,0	2	0	0	0	0	1	1612524	1612524	0,0,0,0,0,0,0,0,0,0,0,0,0,0,0,0,0,0,0,0,0,0,0,0,0,0,0,0,0,0,0,0,0,0,0,0,0,0,0,0	0,0,0,0,0,0,0,0,0,0,0,0,0,0,0,0,0,0,0,0,0,0,0,0,0,0,0,0,0,0,0,0,1,0,0,0,0,0,0,0
tb.dut.clusters[0].cluster.sockets[0].socket.cores[0].core.execute.fpu_unit.genblk1[0].fpu_fpnew.genblk3[1].fpnew_core.gen_operation_groups[1]	14	18392	63715060	819367	524360	819367	6	524361	793157	8243	235534,286759,10,1,2055,1,0,0,0,0,0,0,0,0,0,0,0,0,0,0,0,0,0,0,0,0,0,0,0,0,0,0,0,0,0,0,0,0,0,0	288812,233495,2,0,1,0,0,0,0,0,0,0,1,2046,0,0,2,0,0,0,1,0,0,0,0,1,0,0,0,0,0,0,0,0,0,0,0,0,0,0	92	338054	288679	338054	3	288680	1274470	8329	240900,46183,1596,0,0,0,0,0,0,0,0,0,0,0,0,0,0,0,0,0,0,0,0,0,0,0,0,0,0,0,0,0,0,0,0,0,0,0,0,0	45890,187437,334,2380,38662,10,6,1660,3,4,504,2,3,659,0,31,2769,3353,4971,0,1,0,0,0,0,1,0,0,0,0,0,0,0,0,0,0,0,0,0,0
tb.dut.clusters[0].cluster.sockets[0].socket.cores[0].core.execute.fpu_unit.genblk1[0].fpu_fpnew.genblk3[1].fpnew_core.gen_operation_groups[1].i_opgroup_block	15	18349	63715060	819367	524360	819367	6	524361	793157	8243	235534,286759,10,1,2055,1,0,0,0,0,0,0,0,0,0,0,0,0,0,0,0,0,0,0,0,0,0,0,0,0,0,0,0,0,0,0,0,0,0,0	288812,233495,2,0,1,0,0,0,0,0,0,0,1,2046,0,0,2,0,0,0,1,0,0,0,0,1,0,0,0,0,0,0,0,0,0,0,0,0,0,0	92	338054	288679	338054	3	288680	1274470	8329	240900,46183,1596,0,0,0,0,0,0,0,0,0,0,0,0,0,0,0,0,0,0,0,0,0,0,0,0,0,0,0,0,0,0,0,0,0,0,0,0,0	45890,187437,334,2380,38662,10,6,1660,3,4,504,2,3,659,0,31,2769,3353,4971,0,1,0,0,0,0,1,0,0,0,0,0,0,0,0,0,0,0,0,0,0
tb.dut.clusters[0].cluster.sockets[0].socket.cores[0].core.execute.fpu_unit.genblk1[0].fpu_fpnew.genblk3[1].fpnew_core.gen_operation_groups[1].i_opgroup_block.gen_merged_slice	16	16083	50851565	819367	524360	819367	6	524361	793157	8243	235534,286759,10,1,2055,1,0,0,0,0,0,0,0,0,0,0,0,0,0,0,0,0,0,0,0,0,0,0,0,0,0,0,0,0,0,0,0,0,0,0	288812,233495,2,0,1,0,0,0,0,0,0,0,1,2046,0,0,2,0,0,0,1,0,0,0,0,1,0,0,0,0,0,0,0,0,0,0,0,0,0,0	81	309483	268074	309483	3	268075	1303041	8329	227944,38851,1279,0,0,0,0,0,0,0,0,0,0,0,0,0,0,0,0,0,0,0,0,0,0,0,0,0,0,0,0,0,0,0,0,0,0,0,0,0	38180,165662,989,3229,47595,55,44,2948,4,7,570,1,1,162,0,3,363,580,7679,1,1,0,0,0,0,1,0,0,0,0,0,0,0,0,0,0,0,0,0,0
tb.dut.clusters[0].cluster.sockets[0].socket.cores[0].core.execute.fpu_unit.genblk1[0].fpu_fpnew.genblk3[1].fpnew_core.gen_operation_groups[1].i_opgroup_block.gen_merged_slice.i_multifmt_slice	17	16047	50851565	819367	524360	819367	6	524361	793157	8243	235534,286759,10,1,2055,1,0,0,0,0,0,0,0,0,0,0,0,0,0,0,0,0,0,0,0,0,0,0,0,0,0,0,0,0,0,0,0,0,0,0	288812,233495,2,0,1,0,0,0,0,0,0,0,1,2046,0,0,2,0,0,0,1,0,0,0,0,1,0,0,0,0,0,0,0,0,0,0,0,0,0,0	81	309483	268074	309483	3	268075	1303041	8329	227944,38851,1279,0,0,0,0,0,0,0,0,0,0,0,0,0,0,0,0,0,0,0,0,0,0,0,0,0,0,0,0,0,0,0,0,0,0,0,0,0	38180,165662,989,3229,47595,55,44,2948,4,7,570,1,1,162,0,3,363,580,7679,1,1,0,0,0,0,1,0,0,0,0,0,0,0,0,0,0,0,0,0,0
tb.dut.clusters[0].cluster.sockets[0].socket.cores[0].core.execute.fpu_unit.genblk1[0].fpu_fpnew.genblk3[1].fpnew_core.gen_operation_groups[1].i_opgroup_block.gen_merged_slice.i_multifmt_slice.extend_fp_result[0]	18	32	0	0	0	0	0	1	1612524	1612524	0,0,0,0,0,0,0,0,0,0,0,0,0,0,0,0,0,0,0,0,0,0,0,0,0,0,0,0,0,0,0,0,0,0,0,0,0,0,0,0	0,0,0,0,0,0,0,0,0,0,0,0,0,0,0,0,0,0,0,0,0,0,0,0,0,0,0,0,0,0,0,0,1,0,0,0,0,0,0,0	2	0	0	0	0	1	1612524	1612524	0,0,0,0,0,0,0,0,0,0,0,0,0,0,0,0,0,0,0,0,0,0,0,0,0,0,0,0,0,0,0,0,0,0,0,0,0,0,0,0	0,0,0,0,0,0,0,0,0,0,0,0,0,0,0,0,0,0,0,0,0,0,0,0,0,0,0,0,0,0,0,0,1,0,0,0,0,0,0,0
tb.dut.clusters[0].cluster.sockets[0].socket.cores[0].core.execute.fpu_unit.genblk1[0].fpu_fpnew.genblk3[1].fpnew_core.gen_operation_groups[1].i_opgroup_block.gen_merged_slice.i_multifmt_slice.extend_fp_result[1]	18	32	0	0	0	0	0	1	1612524	1612524	0,0,0,0,0,0,0,0,0,0,0,0,0,0,0,0,0,0,0,0,0,0,0,0,0,0,0,0,0,0,0,0,0,0,0,0,0,0,0,0	0,0,0,0,0,0,0,0,0,0,0,0,0,0,0,0,0,0,0,0,0,0,0,0,0,0,0,0,0,0,0,0,1,0,0,0,0,0,0,0	2	0	0	0	0	1	1612524	1612524	0,0,0,0,0,0,0,0,0,0,0,0,0,0,0,0,0,0,0,0,0,0,0,0,0,0,0,0,0,0,0,0,0,0,0,0,0,0,0,0	0,0,0,0,0,0,0,0,0,0,0,0,0,0,0,0,0,0,0,0,0,0,0,0,0,0,0,0,0,0,0,0,1,0,0,0,0,0,0,0
tb.dut.clusters[0].cluster.sockets[0].socket.cores[0].core.execute.fpu_unit.genblk1[0].fpu_fpnew.genblk3[1].fpnew_core.gen_operation_groups[1].i_opgroup_block.gen_merged_slice.i_multifmt_slice.extend_fp_result[2]	18	32	0	0	0	0	0	1	1612524	1612524	0,0,0,0,0,0,0,0,0,0,0,0,0,0,0,0,0,0,0,0,0,0,0,0,0,0,0,0,0,0,0,0,0,0,0,0,0,0,0,0	0,0,0,0,0,0,0,0,0,0,0,0,0,0,0,0,0,0,0,0,0,0,0,0,0,0,0,0,0,0,0,0,1,0,0,0,0,0,0,0	2	0	0	0	0	1	1612524	1612524	0,0,0,0,0,0,0,0,0,0,0,0,0,0,0,0,0,0,0,0,0,0,0,0,0,0,0,0,0,0,0,0,0,0,0,0,0,0,0,0	0,0,0,0,0,0,0,0,0,0,0,0,0,0,0,0,0,0,0,0,0,0,0,0,0,0,0,0,0,0,0,0,1,0,0,0,0,0,0,0
tb.dut.clusters[0].cluster.sockets[0].socket.cores[0].core.execute.fpu_unit.genblk1[0].fpu_fpnew.genblk3[1].fpnew_core.gen_operation_groups[1].i_opgroup_block.gen_merged_slice.i_multifmt_slice.extend_fp_result[3]	18	32	0	0	0	0	0	1	1612524	1612524	0,0,0,0,0,0,0,0,0,0,0,0,0,0,0,0,0,0,0,0,0,0,0,0,0,0,0,0,0,0,0,0,0,0,0,0,0,0,0,0	0,0,0,0,0,0,0,0,0,0,0,0,0,0,0,0,0,0,0,0,0,0,0,0,0,0,0,0,0,0,0,0,1,0,0,0,0,0,0,0	2	0	0	0	0	1	1612524	1612524	0,0,0,0,0,0,0,0,0,0,0,0,0,0,0,0,0,0,0,0,0,0,0,0,0,0,0,0,0,0,0,0,0,0,0,0,0,0,0,0	0,0,0,0,0,0,0,0,0,0,0,0,0,0,0,0,0,0,0,0,0,0,0,0,0,0,0,0,0,0,0,0,1,0,0,0,0,0,0,0
tb.dut.clusters[0].cluster.sockets[0].socket.cores[0].core.execute.fpu_unit.genblk1[0].fpu_fpnew.genblk3[1].fpnew_core.gen_operation_groups[1].i_opgroup_block.gen_merged_slice.i_multifmt_slice.extend_fp_result[4]	18	32	0	0	0	0	0	1	1612524	1612524	0,0,0,0,0,0,0,0,0,0,0,0,0,0,0,0,0,0,0,0,0,0,0,0,0,0,0,0,0,0,0,0,0,0,0,0,0,0,0,0	0,0,0,0,0,0,0,0,0,0,0,0,0,0,0,0,0,0,0,0,0,0,0,0,0,0,0,0,0,0,0,0,1,0,0,0,0,0,0,0	2	0	0	0	0	1	1612524	1612524	0,0,0,0,0,0,0,0,0,0,0,0,0,0,0,0,0,0,0,0,0,0,0,0,0,0,0,0,0,0,0,0,0,0,0,0,0,0,0,0	0,0,0,0,0,0,0,0,0,0,0,0,0,0,0,0,0,0,0,0,0,0,0,0,0,0,0,0,0,0,0,0,1,0,0,0,0,0,0,0
tb.dut.clusters[0].cluster.sockets[0].socket.cores[0].core.execute.fpu_unit.genblk1[0].fpu_fpnew.genblk3[1].fpnew_core.gen_operation_groups[1].i_opgroup_block.gen_merged_slice.i_multifmt_slice.gen_num_lanes[0]	18	14916	37988074	819367	524360	819367	6	524361	793157	8243	235534,286759,10,1,2055,1,0,0,0,0,0,0,0,0,0,0,0,0,0,0,0,0,0,0,0,0,0,0,0,0,0,0,0,0,0,0,0,0,0,0	288812,233495,2,0,1,0,0,0,0,0,0,0,1,2046,0,0,2,0,0,0,1,0,0,0,0,1,0,0,0,0,0,0,0,0,0,0,0,0,0,0	75	212560	195370	212560	3	195371	1399964	8329	178684,16182,504,0,0,0,0,0,0,0,0,0,0,0,0,0,0,0,0,0,0,0,0,0,0,0,0,0,0,0,0,0,0,0,0,0,0,0,0,0	15662,80775,3250,4792,59385,878,837,10631,288,267,5501,76,71,2363,19,16,2334,36,8188,0,0,1,0,0,0,1,0,0,0,0,0,0,0,0,0,0,0,0,0,0
tb.dut.clusters[0].cluster.sockets[0].socket.cores[0].core.execute.fpu_unit.genblk1[0].fpu_fpnew.genblk3[1].fpnew_core.gen_operation_groups[1].i_opgroup_block.gen_merged_slice.i_multifmt_slice.gen_num_lanes[0].active_lane	19	14573	37988074	819367	524360	819367	6	524361	793157	8243	235534,286759,10,1,2055,1,0,0,0,0,0,0,0,0,0,0,0,0,0,0,0,0,0,0,0,0,0,0,0,0,0,0,0,0,0,0,0,0,0,0	288812,233495,2,0,1,0,0,0,0,0,0,0,1,2046,0,0,2,0,0,0,1,0,0,0,0,1,0,0,0,0,0,0,0,0,0,0,0,0,0,0	73	236888	215253	236888	3	215254	1375636	8329	194127,20617,509,0,0,0,0,0,0,0,0,0,0,0,0,0,0,0,0,0,0,0,0,0,0,0,0,0,0,0,0,0,0,0,0,0,0,0,0,0	19500,103281,3087,5098,58147,594,558,9531,153,168,4093,31,20,1536,6,2,1248,11,8188,0,0,1,0,0,0,1,0,0,0,0,0,0,0,0,0,0,0,0,0,0
tb.dut.clusters[0].cluster.sockets[0].socket.cores[0].core.execute.fpu_unit.genblk1[0].fpu_fpnew.genblk3[1].fpnew_core.gen_operation_groups[1].i_opgroup_block.gen_merged_slice.i_multifmt_slice.gen_num_lanes[0].active_lane.lane_instance	20	14469	25726997	819367	524360	819367	6	524361	793157	8243	235534,286759,10,1,2055,1,0,0,0,0,0,0,0,0,0,0,0,0,0,0,0,0,0,0,0,0,0,0,0,0,0,0,0,0,0,0,0,0,0,0	288812,233495,2,0,1,0,0,0,0,0,0,0,1,2046,0,0,2,0,0,0,1,0,0,0,0,1,0,0,0,0,0,0,0,0,0,0,0,0,0,0	73	13264	13156	13264	2	13157	1599260	8344	13048,108,0,0,0,0,0,0,0,0,0,0,0,0,0,0,0,0,0,0,0,0,0,0,0,0,0,0,0,0,0,0,0,0,0,0,0,0,0,0	64,356,30,69,628,20,16,190,17,42,506,14,5,217,29,57,1420,1394,3509,2977,1419,175,2,0,0,1,0,0,0,0,0,0,0,0,0,0,0,0,0,0
tb.dut.clusters[0].cluster.sockets[0].socket.cores[0].core.execute.fpu_unit.genblk1[0].fpu_fpnew.genblk3[1].fpnew_core.gen_operation_groups[1].i_opgroup_block.gen_merged_slice.i_multifmt_slice.gen_num_lanes[0].active_lane.lane_instance.genblk1	21	14469	25726997	819367	524360	819367	6	524361	793157	8243	235534,286759,10,1,2055,1,0,0,0,0,0,0,0,0,0,0,0,0,0,0,0,0,0,0,0,0,0,0,0,0,0,0,0,0,0,0,0,0,0,0	288812,233495,2,0,1,0,0,0,0,0,0,0,1,2046,0,0,2,0,0,0,1,0,0,0,0,1,0,0,0,0,0,0,0,0,0,0,0,0,0,0	73	13264	13156	13264	2	13157	1599260	8344	13048,108,0,0,0,0,0,0,0,0,0,0,0,0,0,0,0,0,0,0,0,0,0,0,0,0,0,0,0,0,0,0,0,0,0,0,0,0,0,0	64,356,30,69,628,20,16,190,17,42,506,14,5,217,29,57,1420,1394,3509,2977,1419,175,2,0,0,1,0,0,0,0,0,0,0,0,0,0,0,0,0,0
tb.dut.clusters[0].cluster.sockets[0].socket.cores[0].core.execute.fpu_unit.genblk1[0].fpu_fpnew.genblk3[1].fpnew_core.gen_operation_groups[1].i_opgroup_block.gen_merged_slice.i_multifmt_slice.gen_num_lanes[0].active_lane.lane_instance.genblk1.i_fpnew_divsqrt_multi	22	14469	25726997	819367	524360	819367	6	524361	793157	8243	235534,286759,10,1,2055,1,0,0,0,0,0,0,0,0,0,0,0,0,0,0,0,0,0,0,0,0,0,0,0,0,0,0,0,0,0,0,0,0,0,0	288812,233495,2,0,1,0,0,0,0,0,0,0,1,2046,0,0,2,0,0,0,1,0,0,0,0,1,0,0,0,0,0,0,0,0,0,0,0,0,0,0	73	13264	13156	13264	2	13157	1599260	8344	13048,108,0,0,0,0,0,0,0,0,0,0,0,0,0,0,0,0,0,0,0,0,0,0,0,0,0,0,0,0,0,0,0,0,0,0,0,0,0,0	64,356,30,69,628,20,16,190,17,42,506,14,5,217,29,57,1420,1394,3509,2977,1419,175,2,0,0,1,0,0,0,0,0,0,0,0,0,0,0,0,0,0
tb.dut.clusters[0].cluster.sockets[0].socket.cores[0].core.execute.fpu_unit.genblk1[0].fpu_fpnew.genblk3[1].fpnew_core.gen_operation_groups[1].i_opgroup_block.gen_merged_slice.i_multifmt_slice.gen_num_lanes[0].active_lane.lane_instance.genblk1.i_fpnew_divsqrt_multi.gen_input_pipeline[0]	23	1	0	0	0	0	0	1	1612524	1612524	0,0,0,0,0,0,0,0,0,0,0,0,0,0,0,0,0,0,0,0,0,0,0,0,0,0,0,0,0,0,0,0,0,0,0,0,0,0,0,0	0,0,0,0,0,0,0,0,0,0,0,0,0,0,0,0,0,0,0,0,0,0,0,0,0,0,0,0,0,0,0,0,1,0,0,0,0,0,0,0	2	0	0	0	0	1	1612524	1612524	0,0,0,0,0,0,0,0,0,0,0,0,0,0,0,0,0,0,0,0,0,0,0,0,0,0,0,0,0,0,0,0,0,0,0,0,0,0,0,0	0,0,0,0,0,0,0,0,0,0,0,0,0,0,0,0,0,0,0,0,0,0,0,0,0,0,0,0,0,0,0,0,1,0,0,0,0,0,0,0
tb.dut.clusters[0].cluster.sockets[0].socket.cores[0].core.execute.fpu_unit.genblk1[0].fpu_fpnew.genblk3[1].fpnew_core.gen_operation_groups[1].i_opgroup_block.gen_merged_slice.i_multifmt_slice.gen_num_lanes[0].active_lane.lane_instance.genblk1.i_fpnew_divsqrt_multi.gen_input_pipeline[1]	23	1	0	0	0	0	0	1	1612524	1612524	0,0,0,0,0,0,0,0,0,0,0,0,0,0,0,0,0,0,0,0,0,0,0,0,0,0,0,0,0,0,0,0,0,0,0,0,0,0,0,0	0,0,0,0,0,0,0,0,0,0,0,0,0,0,0,0,0,0,0,0,0,0,0,0,0,0,0,0,0,0,0,0,1,0,0,0,0,0,0,0	2	0	0	0	0	1	1612524	1612524	0,0,0,0,0,0,0,0,0,0,0,0,0,0,0,0,0,0,0,0,0,0,0,0,0,0,0,0,0,0,0,0,0,0,0,0,0,0,0,0	0,0,0,0,0,0,0,0,0,0,0,0,0,0,0,0,0,0,0,0,0,0,0,0,0,0,0,0,0,0,0,0,1,0,0,0,0,0,0,0
tb.dut.clusters[0].cluster.sockets[0].socket.cores[0].core.execute.fpu_unit.genblk1[0].fpu_fpnew.genblk3[1].fpnew_core.gen_operation_groups[1].i_opgroup_block.gen_merged_slice.i_multifmt_slice.gen_num_lanes[0].active_lane.lane_instance.genblk1.i_fpnew_divsqrt_multi.gen_input_pipeline[2]	23	1	0	0	0	0	0	1	1612524	1612524	0,0,0,0,0,0,0,0,0,0,0,0,0,0,0,0,0,0,0,0,0,0,0,0,0,0,0,0,0,0,0,0,0,0,0,0,0,0,0,0	0,0,0,0,0,0,0,0,0,0,0,0,0,0,0,0,0,0,0,0,0,0,0,0,0,0,0,0,0,0,0,0,1,0,0,0,0,0,0,0	2	0	0	0	0	1	1612524	1612524	0,0,0,0,0,0,0,0,0,0,0,0,0,0,0,0,0,0,0,0,0,0,0,0,0,0,0,0,0,0,0,0,0,0,0,0,0,0,0,0	0,0,0,0,0,0,0,0,0,0,0,0,0,0,0,0,0,0,0,0,0,0,0,0,0,0,0,0,0,0,0,0,1,0,0,0,0,0,0,0
tb.dut.clusters[0].cluster.sockets[0].socket.cores[0].core.execute.fpu_unit.genblk1[0].fpu_fpnew.genblk3[1].fpnew_core.gen_operation_groups[1].i_opgroup_block.gen_merged_slice.i_multifmt_slice.gen_num_lanes[0].active_lane.lane_instance.genblk1.i_fpnew_divsqrt_multi.gen_input_pipeline[3]	23	1	0	0	0	0	0	1	1612524	1612524	0,0,0,0,0,0,0,0,0,0,0,0,0,0,0,0,0,0,0,0,0,0,0,0,0,0,0,0,0,0,0,0,0,0,0,0,0,0,0,0	0,0,0,0,0,0,0,0,0,0,0,0,0,0,0,0,0,0,0,0,0,0,0,0,0,0,0,0,0,0,0,0,1,0,0,0,0,0,0,0	2	0	0	0	0	1	1612524	1612524	0,0,0,0,0,0,0,0,0,0,0,0,0,0,0,0,0,0,0,0,0,0,0,0,0,0,0,0,0,0,0,0,0,0,0,0,0,0,0,0	0,0,0,0,0,0,0,0,0,0,0,0,0,0,0,0,0,0,0,0,0,0,0,0,0,0,0,0,0,0,0,0,1,0,0,0,0,0,0,0
tb.dut.clusters[0].cluster.sockets[0].socket.cores[0].core.execute.fpu_unit.genblk1[0].fpu_fpnew.genblk3[1].fpnew_core.gen_operation_groups[1].i_opgroup_block.gen_merged_slice.i_multifmt_slice.gen_num_lanes[0].active_lane.lane_instance.genblk1.i_fpnew_divsqrt_multi.gen_input_pipeline[4]	23	1	0	0	0	0	0	1	1612524	1612524	0,0,0,0,0,0,0,0,0,0,0,0,0,0,0,0,0,0,0,0,0,0,0,0,0,0,0,0,0,0,0,0,0,0,0,0,0,0,0,0	0,0,0,0,0,0,0,0,0,0,0,0,0,0,0,0,0,0,0,0,0,0,0,0,0,0,0,0,0,0,0,0,1,0,0,0,0,0,0,0	2	0	0	0	0	1	1612524	1612524	0,0,0,0,0,0,0,0,0,0,0,0,0,0,0,0,0,0,0,0,0,0,0,0,0,0,0,0,0,0,0,0,0,0,0,0,0,0,0,0	0,0,0,0,0,0,0,0,0,0,0,0,0,0,0,0,0,0,0,0,0,0,0,0,0,0,0,0,0,0,0,0,1,0,0,0,0,0,0,0
tb.dut.clusters[0].cluster.sockets[0].socket.cores[0].core.execute.fpu_unit.genblk1[0].fpu_fpnew.genblk3[1].fpnew_core.gen_operation_groups[1].i_opgroup_block.gen_merged_slice.i_multifmt_slice.gen_num_lanes[0].active_lane.lane_instance.genblk1.i_fpnew_divsqrt_multi.gen_input_pipeline[5]	23	1	0	0	0	0	0	1	1612524	1612524	0,0,0,0,0,0,0,0,0,0,0,0,0,0,0,0,0,0,0,0,0,0,0,0,0,0,0,0,0,0,0,0,0,0,0,0,0,0,0,0	0,0,0,0,0,0,0,0,0,0,0,0,0,0,0,0,0,0,0,0,0,0,0,0,0,0,0,0,0,0,0,0,1,0,0,0,0,0,0,0	2	0	0	0	0	1	1612524	1612524	0,0,0,0,0,0,0,0,0,0,0,0,0,0,0,0,0,0,0,0,0,0,0,0,0,0,0,0,0,0,0,0,0,0,0,0,0,0,0,0	0,0,0,0,0,0,0,0,0,0,0,0,0,0,0,0,0,0,0,0,0,0,0,0,0,0,0,0,0,0,0,0,1,0,0,0,0,0,0,0
tb.dut.clusters[0].cluster.sockets[0].socket.cores[0].core.execute.fpu_unit.genblk1[0].fpu_fpnew.genblk3[1].fpnew_core.gen_operation_groups[1].i_opgroup_block.gen_merged_slice.i_multifmt_slice.gen_num_lanes[0].active_lane.lane_instance.genblk1.i_fpnew_divsqrt_multi.gen_input_pipeline[6]	23	1	0	0	0	0	0	1	1612524	1612524	0,0,0,0,0,0,0,0,0,0,0,0,0,0,0,0,0,0,0,0,0,0,0,0,0,0,0,0,0,0,0,0,0,0,0,0,0,0,0,0	0,0,0,0,0,0,0,0,0,0,0,0,0,0,0,0,0,0,0,0,0,0,0,0,0,0,0,0,0,0,0,0,1,0,0,0,0,0,0,0	2	0	0	0	0	1	1612524	1612524	0,0,0,0,0,0,0,0,0,0,0,0,0,0,0,0,0,0,0,0,0,0,0,0,0,0,0,0,0,0,0,0,0,0,0,0,0,0,0,0	0,0,0,0,0,0,0,0,0,0,0,0,0,0,0,0,0,0,0,0,0,0,0,0,0,0,0,0,0,0,0,0,1,0,0,0,0,0,0,0
tb.dut.clusters[0].cluster.sockets[0].socket.cores[0].core.execute.fpu_unit.genblk1[0].fpu_fpnew.genblk3[1].fpnew_core.gen_operation_groups[1].i_opgroup_block.gen_merged_slice.i_multifmt_slice.gen_num_lanes[0].active_lane.lane_instance.genblk1.i_fpnew_divsqrt_multi.gen_input_pipeline[7]	23	1	0	0	0	0	0	1	1612524	1612524	0,0,0,0,0,0,0,0,0,0,0,0,0,0,0,0,0,0,0,0,0,0,0,0,0,0,0,0,0,0,0,0,0,0,0,0,0,0,0,0	0,0,0,0,0,0,0,0,0,0,0,0,0,0,0,0,0,0,0,0,0,0,0,0,0,0,0,0,0,0,0,0,1,0,0,0,0,0,0,0	2	0	0	0	0	1	1612524	1612524	0,0,0,0,0,0,0,0,0,0,0,0,0,0,0,0,0,0,0,0,0,0,0,0,0,0,0,0,0,0,0,0,0,0,0,0,0,0,0,0	0,0,0,0,0,0,0,0,0,0,0,0,0,0,0,0,0,0,0,0,0,0,0,0,0,0,0,0,0,0,0,0,1,0,0,0,0,0,0,0
tb.dut.clusters[0].cluster.sockets[0].socket.cores[0].core.execute.fpu_unit.genblk1[0].fpu_fpnew.genblk3[1].fpnew_core.gen_operation_groups[1].i_opgroup_block.gen_merged_slice.i_multifmt_slice.gen_num_lanes[0].active_lane.lane_instance.genblk1.i_fpnew_divsqrt_multi.gen_output_pipeline[0]	23	1	0	0	0	0	0	1	1612524	1612524	0,0,0,0,0,0,0,0,0,0,0,0,0,0,0,0,0,0,0,0,0,0,0,0,0,0,0,0,0,0,0,0,0,0,0,0,0,0,0,0	0,0,0,0,0,0,0,0,0,0,0,0,0,0,0,0,0,0,0,0,0,0,0,0,0,0,0,0,0,0,0,0,1,0,0,0,0,0,0,0	2	0	0	0	0	1	1612524	1612524	0,0,0,0,0,0,0,0,0,0,0,0,0,0,0,0,0,0,0,0,0,0,0,0,0,0,0,0,0,0,0,0,0,0,0,0,0,0,0,0	0,0,0,0,0,0,0,0,0,0,0,0,0,0,0,0,0,0,0,0,0,0,0,0,0,0,0,0,0,0,0,0,1,0,0,0,0,0,0,0
tb.dut.clusters[0].cluster.sockets[0].socket.cores[0].core.execute.fpu_unit.genblk1[0].fpu_fpnew.genblk3[1].fpnew_core.gen_operation_groups[1].i_opgroup_block.gen_merged_slice.i_multifmt_slice.gen_num_lanes[0].active_lane.lane_instance.genblk1.i_fpnew_divsqrt_multi.gen_output_pipeline[1]	23	1	0	0	0	0	0	1	1612524	1612524	0,0,0,0,0,0,0,0,0,0,0,0,0,0,0,0,0,0,0,0,0,0,0,0,0,0,0,0,0,0,0,0,0,0,0,0,0,0,0,0	0,0,0,0,0,0,0,0,0,0,0,0,0,0,0,0,0,0,0,0,0,0,0,0,0,0,0,0,0,0,0,0,1,0,0,0,0,0,0,0	2	0	0	0	0	1	1612524	1612524	0,0,0,0,0,0,0,0,0,0,0,0,0,0,0,0,0,0,0,0,0,0,0,0,0,0,0,0,0,0,0,0,0,0,0,0,0,0,0,0	0,0,0,0,0,0,0,0,0,0,0,0,0,0,0,0,0,0,0,0,0,0,0,0,0,0,0,0,0,0,0,0,1,0,0,0,0,0,0,0
tb.dut.clusters[0].cluster.sockets[0].socket.cores[0].core.execute.fpu_unit.genblk1[0].fpu_fpnew.genblk3[1].fpnew_core.gen_operation_groups[1].i_opgroup_block.gen_merged_slice.i_multifmt_slice.gen_num_lanes[0].active_lane.lane_instance.genblk1.i_fpnew_divsqrt_multi.gen_output_pipeline[2]	23	1	0	0	0	0	0	1	1612524	1612524	0,0,0,0,0,0,0,0,0,0,0,0,0,0,0,0,0,0,0,0,0,0,0,0,0,0,0,0,0,0,0,0,0,0,0,0,0,0,0,0	0,0,0,0,0,0,0,0,0,0,0,0,0,0,0,0,0,0,0,0,0,0,0,0,0,0,0,0,0,0,0,0,1,0,0,0,0,0,0,0	2	0	0	0	0	1	1612524	1612524	0,0,0,0,0,0,0,0,0,0,0,0,0,0,0,0,0,0,0,0,0,0,0,0,0,0,0,0,0,0,0,0,0,0,0,0,0,0,0,0	0,0,0,0,0,0,0,0,0,0,0,0,0,0,0,0,0,0,0,0,0,0,0,0,0,0,0,0,0,0,0,0,1,0,0,0,0,0,0,0
tb.dut.clusters[0].cluster.sockets[0].socket.cores[0].core.execute.fpu_unit.genblk1[0].fpu_fpnew.genblk3[1].fpnew_core.gen_operation_groups[1].i_opgroup_block.gen_merged_slice.i_multifmt_slice.gen_num_lanes[0].active_lane.lane_instance.genblk1.i_fpnew_divsqrt_multi.gen_output_pipeline[3]	23	1	0	0	0	0	0	1	1612524	1612524	0,0,0,0,0,0,0,0,0,0,0,0,0,0,0,0,0,0,0,0,0,0,0,0,0,0,0,0,0,0,0,0,0,0,0,0,0,0,0,0	0,0,0,0,0,0,0,0,0,0,0,0,0,0,0,0,0,0,0,0,0,0,0,0,0,0,0,0,0,0,0,0,1,0,0,0,0,0,0,0	2	0	0	0	0	1	1612524	1612524	0,0,0,0,0,0,0,0,0,0,0,0,0,0,0,0,0,0,0,0,0,0,0,0,0,0,0,0,0,0,0,0,0,0,0,0,0,0,0,0	0,0,0,0,0,0,0,0,0,0,0,0,0,0,0,0,0,0,0,0,0,0,0,0,0,0,0,0,0,0,0,0,1,0,0,0,0,0,0,0
tb.dut.clusters[0].cluster.sockets[0].socket.cores[0].core.execute.fpu_unit.genblk1[0].fpu_fpnew.genblk3[1].fpnew_core.gen_operation_groups[1].i_opgroup_block.gen_merged_slice.i_multifmt_slice.gen_num_lanes[0].active_lane.lane_instance.genblk1.i_fpnew_divsqrt_multi.gen_output_pipeline[4]	23	1	0	0	0	0	0	1	1612524	1612524	0,0,0,0,0,0,0,0,0,0,0,0,0,0,0,0,0,0,0,0,0,0,0,0,0,0,0,0,0,0,0,0,0,0,0,0,0,0,0,0	0,0,0,0,0,0,0,0,0,0,0,0,0,0,0,0,0,0,0,0,0,0,0,0,0,0,0,0,0,0,0,0,1,0,0,0,0,0,0,0	2	0	0	0	0	1	1612524	1612524	0,0,0,0,0,0,0,0,0,0,0,0,0,0,0,0,0,0,0,0,0,0,0,0,0,0,0,0,0,0,0,0,0,0,0,0,0,0,0,0	0,0,0,0,0,0,0,0,0,0,0,0,0,0,0,0,0,0,0,0,0,0,0,0,0,0,0,0,0,0,0,0,1,0,0,0,0,0,0,0
tb.dut.clusters[0].cluster.sockets[0].socket.cores[0].core.execute.fpu_unit.genblk1[0].fpu_fpnew.genblk3[1].fpnew_core.gen_operation_groups[1].i_opgroup_block.gen_merged_slice.i_multifmt_slice.gen_num_lanes[0].active_lane.lane_instance.genblk1.i_fpnew_divsqrt_multi.gen_output_pipeline[5]	23	1	0	0	0	0	0	1	1612524	1612524	0,0,0,0,0,0,0,0,0,0,0,0,0,0,0,0,0,0,0,0,0,0,0,0,0,0,0,0,0,0,0,0,0,0,0,0,0,0,0,0	0,0,0,0,0,0,0,0,0,0,0,0,0,0,0,0,0,0,0,0,0,0,0,0,0,0,0,0,0,0,0,0,1,0,0,0,0,0,0,0	2	0	0	0	0	1	1612524	1612524	0,0,0,0,0,0,0,0,0,0,0,0,0,0,0,0,0,0,0,0,0,0,0,0,0,0,0,0,0,0,0,0,0,0,0,0,0,0,0,0	0,0,0,0,0,0,0,0,0,0,0,0,0,0,0,0,0,0,0,0,0,0,0,0,0,0,0,0,0,0,0,0,1,0,0,0,0,0,0,0
tb.dut.clusters[0].cluster.sockets[0].socket.cores[0].core.execute.fpu_unit.genblk1[0].fpu_fpnew.genblk3[1].fpnew_core.gen_operation_groups[1].i_opgroup_block.gen_merged_slice.i_multifmt_slice.gen_num_lanes[0].active_lane.lane_instance.genblk1.i_fpnew_divsqrt_multi.gen_output_pipeline[6]	23	1	0	0	0	0	0	1	1612524	1612524	0,0,0,0,0,0,0,0,0,0,0,0,0,0,0,0,0,0,0,0,0,0,0,0,0,0,0,0,0,0,0,0,0,0,0,0,0,0,0,0	0,0,0,0,0,0,0,0,0,0,0,0,0,0,0,0,0,0,0,0,0,0,0,0,0,0,0,0,0,0,0,0,1,0,0,0,0,0,0,0	2	0	0	0	0	1	1612524	1612524	0,0,0,0,0,0,0,0,0,0,0,0,0,0,0,0,0,0,0,0,0,0,0,0,0,0,0,0,0,0,0,0,0,0,0,0,0,0,0,0	0,0,0,0,0,0,0,0,0,0,0,0,0,0,0,0,0,0,0,0,0,0,0,0,0,0,0,0,0,0,0,0,1,0,0,0,0,0,0,0
tb.dut.clusters[0].cluster.sockets[0].socket.cores[0].core.execute.fpu_unit.genblk1[0].fpu_fpnew.genblk3[1].fpnew_core.gen_operation_groups[1].i_opgroup_block.gen_merged_slice.i_multifmt_slice.gen_num_lanes[0].active_lane.lane_instance.genblk1.i_fpnew_divsqrt_multi.gen_output_pipeline[7]	23	1	0	0	0	0	0	1	1612524	1612524	0,0,0,0,0,0,0,0,0,0,0,0,0,0,0,0,0,0,0,0,0,0,0,0,0,0,0,0,0,0,0,0,0,0,0,0,0,0,0,0	0,0,0,0,0,0,0,0,0,0,0,0,0,0,0,0,0,0,0,0,0,0,0,0,0,0,0,0,0,0,0,0,1,0,0,0,0,0,0,0	2	0	0	0	0	1	1612524	1612524	0,0,0,0,0,0,0,0,0,0,0,0,0,0,0,0,0,0,0,0,0,0,0,0,0,0,0,0,0,0,0,0,0,0,0,0,0,0,0,0	0,0,0,0,0,0,0,0,0,0,0,0,0,0,0,0,0,0,0,0,0,0,0,0,0,0,0,0,0,0,0,0,1,0,0,0,0,0,0,0
tb.dut.clusters[0].cluster.sockets[0].socket.cores[0].core.execute.fpu_unit.genblk1[0].fpu_fpnew.genblk3[1].fpnew_core.gen_operation_groups[1].i_opgroup_block.gen_merged_slice.i_multifmt_slice.gen_num_lanes[0].active_lane.lane_instance.genblk1.i_fpnew_divsqrt_multi.i_divsqrt_lei	23	12493	18	2	2	2	1	3	1612522	1612500	2,0,0,0,0,0,0,0,0,0,0,0,0,0,0,0,0,0,0,0,0,0,0,0,0,0,0,0,0,0,0,0,0,0,0,0,0,0,0,0	0,0,1,0,0,0,0,0,0,0,0,0,0,0,0,0,1,0,0,0,0,0,0,0,0,0,0,0,0,0,0,0,1,0,0,0,0,0,0,0	63	0	0	0	0	1	1612524	1612524	0,0,0,0,0,0,0,0,0,0,0,0,0,0,0,0,0,0,0,0,0,0,0,0,0,0,0,0,0,0,0,0,0,0,0,0,0,0,0,0	0,0,0,0,0,0,0,0,0,0,0,0,0,0,0,0,0,0,0,0,0,0,0,0,0,0,0,0,0,0,0,0,1,0,0,0,0,0,0,0
tb.dut.clusters[0].cluster.sockets[0].socket.cores[0].core.execute.fpu_unit.genblk1[0].fpu_fpnew.genblk3[1].fpnew_core.gen_operation_groups[1].i_opgroup_block.gen_merged_slice.i_multifmt_slice.gen_num_lanes[0].active_lane.lane_instance.genblk1.i_fpnew_divsqrt_multi.i_divsqrt_lei.fpu_norm_U0	24	752	0	0	0	0	0	1	1612524	1612524	0,0,0,0,0,0,0,0,0,0,0,0,0,0,0,0,0,0,0,0,0,0,0,0,0,0,0,0,0,0,0,0,0,0,0,0,0,0,0,0	0,0,0,0,0,0,0,0,0,0,0,0,0,0,0,0,0,0,0,0,0,0,0,0,0,0,0,0,0,0,0,0,1,0,0,0,0,0,0,0	4	0	0	0	0	1	1612524	1612524	0,0,0,0,0,0,0,0,0,0,0,0,0,0,0,0,0,0,0,0,0,0,0,0,0,0,0,0,0,0,0,0,0,0,0,0,0,0,0,0	0,0,0,0,0,0,0,0,0,0,0,0,0,0,0,0,0,0,0,0,0,0,0,0,0,0,0,0,0,0,0,0,1,0,0,0,0,0,0,0
tb.dut.clusters[0].cluster.sockets[0].socket.cores[0].core.execute.fpu_unit.genblk1[0].fpu_fpnew.genblk3[1].fpnew_core.gen_operation_groups[1].i_opgroup_block.gen_merged_slice.i_multifmt_slice.gen_num_lanes[0].active_lane.lane_instance.genblk1.i_fpnew_divsqrt_multi.i_divsqrt_lei.nrbd_nrsc_U0	24	8528	10	2	2	2	1	3	1612522	1612500	2,0,0,0,0,0,0,0,0,0,0,0,0,0,0,0,0,0,0,0,0,0,0,0,0,0,0,0,0,0,0,0,0,0,0,0,0,0,0,0	0,0,1,0,0,0,0,0,0,0,0,0,0,0,0,0,1,0,0,0,0,0,0,0,0,0,0,0,0,0,0,0,1,0,0,0,0,0,0,0	43	0	0	0	0	1	1612524	1612524	0,0,0,0,0,0,0,0,0,0,0,0,0,0,0,0,0,0,0,0,0,0,0,0,0,0,0,0,0,0,0,0,0,0,0,0,0,0,0,0	0,0,0,0,0,0,0,0,0,0,0,0,0,0,0,0,0,0,0,0,0,0,0,0,0,0,0,0,0,0,0,0,1,0,0,0,0,0,0,0
tb.dut.clusters[0].cluster.sockets[0].socket.cores[0].core.execute.fpu_unit.genblk1[0].fpu_fpnew.genblk3[1].fpnew_core.gen_operation_groups[1].i_opgroup_block.gen_merged_slice.i_multifmt_slice.gen_num_lanes[0].active_lane.lane_instance.genblk1.i_fpnew_divsqrt_multi.i_divsqrt_lei.nrbd_nrsc_U0.control_U0	25	8301	5	2	2	2	1	3	1612522	1612500	2,0,0,0,0,0,0,0,0,0,0,0,0,0,0,0,0,0,0,0,0,0,0,0,0,0,0,0,0,0,0,0,0,0,0,0,0,0,0,0	0,0,1,0,0,0,0,0,0,0,0,0,0,0,0,0,1,0,0,0,0,0,0,0,0,0,0,0,0,0,0,0,1,0,0,0,0,0,0,0	42	0	0	0	0	1	1612524	1612524	0,0,0,0,0,0,0,0,0,0,0,0,0,0,0,0,0,0,0,0,0,0,0,0,0,0,0,0,0,0,0,0,0,0,0,0,0,0,0,0	0,0,0,0,0,0,0,0,0,0,0,0,0,0,0,0,0,0,0,0,0,0,0,0,0,0,0,0,0,0,0,0,1,0,0,0,0,0,0,0
tb.dut.clusters[0].cluster.sockets[0].socket.cores[0].core.execute.fpu_unit.genblk1[0].fpu_fpnew.genblk3[1].fpnew_core.gen_operation_groups[1].i_opgroup_block.gen_merged_slice.i_multifmt_slice.gen_num_lanes[0].active_lane.lane_instance.genblk1.i_fpnew_divsqrt_multi.i_divsqrt_lei.nrbd_nrsc_U0.control_U0.genblk4[0]	26	217	0	0	0	0	0	1	1612524	1612524	0,0,0,0,0,0,0,0,0,0,0,0,0,0,0,0,0,0,0,0,0,0,0,0,0,0,0,0,0,0,0,0,0,0,0,0,0,0,0,0	0,0,0,0,0,0,0,0,0,0,0,0,0,0,0,0,0,0,0,0,0,0,0,0,0,0,0,0,0,0,0,0,1,0,0,0,0,0,0,0	2	0	0	0	0	1	1612524	1612524	0,0,0,0,0,0,0,0,0,0,0,0,0,0,0,0,0,0,0,0,0,0,0,0,0,0,0,0,0,0,0,0,0,0,0,0,0,0,0,0	0,0,0,0,0,0,0,0,0,0,0,0,0,0,0,0,0,0,0,0,0,0,0,0,0,0,0,0,0,0,0,0,1,0,0,0,0,0,0,0
tb.dut.clusters[0].cluster.sockets[0].socket.cores[0].core.execute.fpu_unit.genblk1[0].fpu_fpnew.genblk3[1].fpnew_core.gen_operation_groups[1].i_opgroup_block.gen_merged_slice.i_multifmt_slice.gen_num_lanes[0].active_lane.lane_instance.genblk1.i_fpnew_divsqrt_multi.i_divsqrt_lei.nrbd_nrsc_U0.control_U0.genblk4[0].iteration_div_sqrt	27	217	0	0	0	0	0	1	1612524	1612524	0,0,0,0,0,0,0,0,0,0,0,0,0,0,0,0,0,0,0,0,0,0,0,0,0,0,0,0,0,0,0,0,0,0,0,0,0,0,0,0	0,0,0,0,0,0,0,0,0,0,0,0,0,0,0,0,0,0,0,0,0,0,0,0,0,0,0,0,0,0,0,0,1,0,0,0,0,0,0,0	2	0	0	0	0	1	1612524	1612524	0,0,0,0,0,0,0,0,0,0,0,0,0,0,0,0,0,0,0,0,0,0,0,0,0,0,0,0,0,0,0,0,0,0,0,0,0,0,0,0	0,0,0,0,0,0,0,0,0,0,0,0,0,0,0,0,0,0,0,0,0,0,0,0,0,0,0,0,0,0,0,0,1,0,0,0,0,0,0,0
tb.dut.clusters[0].cluster.sockets[0].socket.cores[0].core.execute.fpu_unit.genblk1[0].fpu_fpnew.genblk3[1].fpnew_core.gen_operation_groups[1].i_opgroup_block.gen_merged_slice.i_multifmt_slice.gen_num_lanes[0].active_lane.lane_instance.genblk1.i_fpnew_divsqrt_multi.i_divsqrt_lei.nrbd_nrsc_U0.control_U0.genblk4[1]	26	217	0	0	0	0	0	1	1612524	1612524	0,0,0,0,0,0,0,0,0,0,0,0,0,0,0,0,0,0,0,0,0,0,0,0,0,0,0,0,0,0,0,0,0,0,0,0,0,0,0,0	0,0,0,0,0,0,0,0,0,0,0,0,0,0,0,0,0,0,0,0,0,0,0,0,0,0,0,0,0,0,0,0,1,0,0,0,0,0,0,0	2	0	0	0	0	1	1612524	1612524	0,0,0,0,0,0,0,0,0,0,0,0,0,0,0,0,0,0,0,0,0,0,0,0,0,0,0,0,0,0,0,0,0,0,0,0,0,0,0,0	0,0,0,0,0,0,0,0,0,0,0,0,0,0,0,0,0,0,0,0,0,0,0,0,0,0,0,0,0,0,0,0,1,0,0,0,0,0,0,0
tb.dut.clusters[0].cluster.sockets[0].socket.cores[0].core.execute.fpu_unit.genblk1[0].fpu_fpnew.genblk3[1].fpnew_core.gen_operation_groups[1].i_opgroup_block.gen_merged_slice.i_multifmt_slice.gen_num_lanes[0].active_lane.lane_instance.genblk1.i_fpnew_divsqrt_multi.i_divsqrt_lei.nrbd_nrsc_U0.control_U0.genblk4[1].iteration_div_sqrt	27	217	0	0	0	0	0	1	1612524	1612524	0,0,0,0,0,0,0,0,0,0,0,0,0,0,0,0,0,0,0,0,0,0,0,0,0,0,0,0,0,0,0,0,0,0,0,0,0,0,0,0	0,0,0,0,0,0,0,0,0,0,0,0,0,0,0,0,0,0,0,0,0,0,0,0,0,0,0,0,0,0,0,0,1,0,0,0,0,0,0,0	2	0	0	0	0	1	1612524	1612524	0,0,0,0,0,0,0,0,0,0,0,0,0,0,0,0,0,0,0,0,0,0,0,0,0,0,0,0,0,0,0,0,0,0,0,0,0,0,0,0	0,0,0,0,0,0,0,0,0,0,0,0,0,0,0,0,0,0,0,0,0,0,0,0,0,0,0,0,0,0,0,0,1,0,0,0,0,0,0,0
tb.dut.clusters[0].cluster.sockets[0].socket.cores[0].core.execute.fpu_unit.genblk1[0].fpu_fpnew.genblk3[1].fpnew_core.gen_operation_groups[1].i_opgroup_block.gen_merged_slice.i_multifmt_slice.gen_num_lanes[0].active_lane.lane_instance.genblk1.i_fpnew_divsqrt_multi.i_divsqrt_lei.nrbd_nrsc_U0.control_U0.genblk4[2]	26	217	0	0	0	0	0	1	1612524	1612524	0,0,0,0,0,0,0,0,0,0,0,0,0,0,0,0,0,0,0,0,0,0,0,0,0,0,0,0,0,0,0,0,0,0,0,0,0,0,0,0	0,0,0,0,0,0,0,0,0,0,0,0,0,0,0,0,0,0,0,0,0,0,0,0,0,0,0,0,0,0,0,0,1,0,0,0,0,0,0,0	2	0	0	0	0	1	1612524	1612524	0,0,0,0,0,0,0,0,0,0,0,0,0,0,0,0,0,0,0,0,0,0,0,0,0,0,0,0,0,0,0,0,0,0,0,0,0,0,0,0	0,0,0,0,0,0,0,0,0,0,0,0,0,0,0,0,0,0,0,0,0,0,0,0,0,0,0,0,0,0,0,0,1,0,0,0,0,0,0,0
tb.dut.clusters[0].cluster.sockets[0].socket.cores[0].core.execute.fpu_unit.genblk1[0].fpu_fpnew.genblk3[1].fpnew_core.gen_operation_groups[1].i_opgroup_block.gen_merged_slice.i_multifmt_slice.gen_num_lanes[0].active_lane.lane_instance.genblk1.i_fpnew_divsqrt_multi.i_divsqrt_lei.nrbd_nrsc_U0.control_U0.genblk4[2].iteration_div_sqrt	27	217	0	0	0	0	0	1	1612524	1612524	0,0,0,0,0,0,0,0,0,0,0,0,0,0,0,0,0,0,0,0,0,0,0,0,0,0,0,0,0,0,0,0,0,0,0,0,0,0,0,0	0,0,0,0,0,0,0,0,0,0,0,0,0,0,0,0,0,0,0,0,0,0,0,0,0,0,0,0,0,0,0,0,1,0,0,0,0,0,0,0	2	0	0	0	0	1	1612524	1612524	0,0,0,0,0,0,0,0,0,0,0,0,0,0,0,0,0,0,0,0,0,0,0,0,0,0,0,0,0,0,0,0,0,0,0,0,0,0,0,0	0,0,0,0,0,0,0,0,0,0,0,0,0,0,0,0,0,0,0,0,0,0,0,0,0,0,0,0,0,0,0,0,1,0,0,0,0,0,0,0
tb.dut.clusters[0].cluster.sockets[0].socket.cores[0].core.execute.fpu_unit.genblk1[0].fpu_fpnew.genblk3[1].fpnew_core.gen_operation_groups[1].i_opgroup_block.gen_merged_slice.i_multifmt_slice.gen_num_lanes[0].active_lane.lane_instance.genblk1.i_fpnew_divsqrt_multi.i_divsqrt_lei.preprocess_U0	24	2777	3	2	2	2	1	3	1612522	1612500	2,0,0,0,0,0,0,0,0,0,0,0,0,0,0,0,0,0,0,0,0,0,0,0,0,0,0,0,0,0,0,0,0,0,0,0,0,0,0,0	0,0,1,0,0,0,0,0,0,0,0,0,0,0,0,0,1,0,0,0,0,0,0,0,0,0,0,0,0,0,0,0,1,0,0,0,0,0,0,0	14	0	0	0	0	1	1612524	1612524	0,0,0,0,0,0,0,0,0,0,0,0,0,0,0,0,0,0,0,0,0,0,0,0,0,0,0,0,0,0,0,0,0,0,0,0,0,0,0,0	0,0,0,0,0,0,0,0,0,0,0,0,0,0,0,0,0,0,0,0,0,0,0,0,0,0,0,0,0,0,0,0,1,0,0,0,0,0,0,0
tb.dut.clusters[0].cluster.sockets[0].socket.cores[0].core.execute.fpu_unit.genblk1[0].fpu_fpnew.genblk3[1].fpnew_core.gen_operation_groups[1].i_opgroup_block.gen_merged_slice.i_multifmt_slice.gen_num_lanes[0].active_lane.lane_instance.genblk1.i_fpnew_divsqrt_multi.i_divsqrt_lei.preprocess_U0.LOD_Ua	25	976	0	0	0	0	0	1	1612524	1612524	0,0,0,0,0,0,0,0,0,0,0,0,0,0,0,0,0,0,0,0,0,0,0,0,0,0,0,0,0,0,0,0,0,0,0,0,0,0,0,0	0,0,0,0,0,0,0,0,0,0,0,0,0,0,0,0,0,0,0,0,0,0,0,0,0,0,0,0,0,0,0,0,1,0,0,0,0,0,0,0	5	0	0	0	0	1	1612524	1612524	0,0,0,0,0,0,0,0,0,0,0,0,0,0,0,0,0,0,0,0,0,0,0,0,0,0,0,0,0,0,0,0,0,0,0,0,0,0,0,0	0,0,0,0,0,0,0,0,0,0,0,0,0,0,0,0,0,0,0,0,0,0,0,0,0,0,0,0,0,0,0,0,1,0,0,0,0,0,0,0
tb.dut.clusters[0].cluster.sockets[0].socket.cores[0].core.execute.fpu_unit.genblk1[0].fpu_fpnew.genblk3[1].fpnew_core.gen_operation_groups[1].i_opgroup_block.gen_merged_slice.i_multifmt_slice.gen_num_lanes[0].active_lane.lane_instance.genblk1.i_fpnew_divsqrt_multi.i_divsqrt_lei.preprocess_U0.LOD_Ua.gen_lzc	26	851	0	0	0	0	0	1	1612524	1612524	0,0,0,0,0,0,0,0,0,0,0,0,0,0,0,0,0,0,0,0,0,0,0,0,0,0,0,0,0,0,0,0,0,0,0,0,0,0,0,0	0,0,0,0,0,0,0,0,0,0,0,0,0,0,0,0,0,0,0,0,0,0,0,0,0,0,0,0,0,0,0,0,1,0,0,0,0,0,0,0	5	0	0	0	0	1	1612524	1612524	0,0,0,0,0,0,0,0,0,0,0,0,0,0,0,0,0,0,0,0,0,0,0,0,0,0,0,0,0,0,0,0,0,0,0,0,0,0,0,0	0,0,0,0,0,0,0,0,0,0,0,0,0,0,0,0,0,0,0,0,0,0,0,0,0,0,0,0,0,0,0,0,1,0,0,0,0,0,0,0
tb.dut.clusters[0].cluster.sockets[0].socket.cores[0].core.execute.fpu_unit.genblk1[0].fpu_fpnew.genblk3[1].fpnew_core.gen_operation_groups[1].i_opgroup_block.gen_merged_slice.i_multifmt_slice.gen_num_lanes[0].active_lane.lane_instance.genblk1.i_fpnew_divsqrt_multi.i_divsqrt_lei.preprocess_U0.LOD_Ub	25	976	0	0	0	0	0	1	1612524	1612524	0,0,0,0,0,0,0,0,0,0,0,0,0,0,0,0,0,0,0,0,0,0,0,0,0,0,0,0,0,0,0,0,0,0,0,0,0,0,0,0	0,0,0,0,0,0,0,0,0,0,0,0,0,0,0,0,0,0,0,0,0,0,0,0,0,0,0,0,0,0,0,0,1,0,0,0,0,0,0,0	5	0	0	0	0	1	1612524	1612524	0,0,0,0,0,0,0,0,0,0,0,0,0,0,0,0,0,0,0,0,0,0,0,0,0,0,0,0,0,0,0,0,0,0,0,0,0,0,0,0	0,0,0,0,0,0,0,0,0,0,0,0,0,0,0,0,0,0,0,0,0,0,0,0,0,0,0,0,0,0,0,0,1,0,0,0,0,0,0,0
tb.dut.clusters[0].cluster.sockets[0].socket.cores[0].core.execute.fpu_unit.genblk1[0].fpu_fpnew.genblk3[1].fpnew_core.gen_operation_groups[1].i_opgroup_block.gen_merged_slice.i_multifmt_slice.gen_num_lanes[0].active_lane.lane_instance.genblk1.i_fpnew_divsqrt_multi.i_divsqrt_lei.preprocess_U0.LOD_Ub.gen_lzc	26	851	0	0	0	0	0	1	1612524	1612524	0,0,0,0,0,0,0,0,0,0,0,0,0,0,0,0,0,0,0,0,0,0,0,0,0,0,0,0,0,0,0,0,0,0,0,0,0,0,0,0	0,0,0,0,0,0,0,0,0,0,0,0,0,0,0,0,0,0,0,0,0,0,0,0,0,0,0,0,0,0,0,0,1,0,0,0,0,0,0,0	5	0	0	0	0	1	1612524	1612524	0,0,0,0,0,0,0,0,0,0,0,0,0,0,0,0,0,0,0,0,0,0,0,0,0,0,0,0,0,0,0,0,0,0,0,0,0,0,0,0	0,0,0,0,0,0,0,0,0,0,0,0,0,0,0,0,0,0,0,0,0,0,0,0,0,0,0,0,0,0,0,0,1,0,0,0,0,0,0,0
tb.dut.clusters[0].cluster.sockets[0].socket.cores[0].core.execute.fpu_unit.genblk1[0].fpu_fpnew.genblk3[1].fpnew_core.gen_operation_groups[1].i_opgroup_block.gen_merged_slice.i_multifmt_slice.gen_num_lanes[0].pack_fp_result[0]	19	32	0	0	0	0	0	1	1612524	1612524	0,0,0,0,0,0,0,0,0,0,0,0,0,0,0,0,0,0,0,0,0,0,0,0,0,0,0,0,0,0,0,0,0,0,0,0,0,0,0,0	0,0,0,0,0,0,0,0,0,0,0,0,0,0,0,0,0,0,0,0,0,0,0,0,0,0,0,0,0,0,0,0,1,0,0,0,0,0,0,0	2	0	0	0	0	1	1612524	1612524	0,0,0,0,0,0,0,0,0,0,0,0,0,0,0,0,0,0,0,0,0,0,0,0,0,0,0,0,0,0,0,0,0,0,0,0,0,0,0,0	0,0,0,0,0,0,0,0,0,0,0,0,0,0,0,0,0,0,0,0,0,0,0,0,0,0,0,0,0,0,0,0,1,0,0,0,0,0,0,0
tb.dut.clusters[0].cluster.sockets[0].socket.cores[0].core.execute.fpu_unit.genblk1[0].fpu_fpnew.genblk3[1].fpnew_core.gen_operation_groups[1].i_opgroup_block.gen_merged_slice.i_multifmt_slice.gen_num_lanes[0].pack_fp_result[1]	19	32	0	0	0	0	0	1	1612524	1612524	0,0,0,0,0,0,0,0,0,0,0,0,0,0,0,0,0,0,0,0,0,0,0,0,0,0,0,0,0,0,0,0,0,0,0,0,0,0,0,0	0,0,0,0,0,0,0,0,0,0,0,0,0,0,0,0,0,0,0,0,0,0,0,0,0,0,0,0,0,0,0,0,1,0,0,0,0,0,0,0	2	0	0	0	0	1	1612524	1612524	0,0,0,0,0,0,0,0,0,0,0,0,0,0,0,0,0,0,0,0,0,0,0,0,0,0,0,0,0,0,0,0,0,0,0,0,0,0,0,0	0,0,0,0,0,0,0,0,0,0,0,0,0,0,0,0,0,0,0,0,0,0,0,0,0,0,0,0,0,0,0,0,1,0,0,0,0,0,0,0
tb.dut.clusters[0].cluster.sockets[0].socket.cores[0].core.execute.fpu_unit.genblk1[0].fpu_fpnew.genblk3[1].fpnew_core.gen_operation_groups[1].i_opgroup_block.gen_merged_slice.i_multifmt_slice.gen_num_lanes[0].pack_fp_result[2]	19	32	0	0	0	0	0	1	1612524	1612524	0,0,0,0,0,0,0,0,0,0,0,0,0,0,0,0,0,0,0,0,0,0,0,0,0,0,0,0,0,0,0,0,0,0,0,0,0,0,0,0	0,0,0,0,0,0,0,0,0,0,0,0,0,0,0,0,0,0,0,0,0,0,0,0,0,0,0,0,0,0,0,0,1,0,0,0,0,0,0,0	2	0	0	0	0	1	1612524	1612524	0,0,0,0,0,0,0,0,0,0,0,0,0,0,0,0,0,0,0,0,0,0,0,0,0,0,0,0,0,0,0,0,0,0,0,0,0,0,0,0	0,0,0,0,0,0,0,0,0,0,0,0,0,0,0,0,0,0,0,0,0,0,0,0,0,0,0,0,0,0,0,0,1,0,0,0,0,0,0,0
tb.dut.clusters[0].cluster.sockets[0].socket.cores[0].core.execute.fpu_unit.genblk1[0].fpu_fpnew.genblk3[1].fpnew_core.gen_operation_groups[1].i_opgroup_block.gen_merged_slice.i_multifmt_slice.gen_num_lanes[0].pack_fp_result[3]	19	32	0	0	0	0	0	1	1612524	1612524	0,0,0,0,0,0,0,0,0,0,0,0,0,0,0,0,0,0,0,0,0,0,0,0,0,0,0,0,0,0,0,0,0,0,0,0,0,0,0,0	0,0,0,0,0,0,0,0,0,0,0,0,0,0,0,0,0,0,0,0,0,0,0,0,0,0,0,0,0,0,0,0,1,0,0,0,0,0,0,0	2	0	0	0	0	1	1612524	1612524	0,0,0,0,0,0,0,0,0,0,0,0,0,0,0,0,0,0,0,0,0,0,0,0,0,0,0,0,0,0,0,0,0,0,0,0,0,0,0,0	0,0,0,0,0,0,0,0,0,0,0,0,0,0,0,0,0,0,0,0,0,0,0,0,0,0,0,0,0,0,0,0,1,0,0,0,0,0,0,0
tb.dut.clusters[0].cluster.sockets[0].socket.cores[0].core.execute.fpu_unit.genblk1[0].fpu_fpnew.genblk3[1].fpnew_core.gen_operation_groups[1].i_opgroup_block.gen_merged_slice.i_multifmt_slice.gen_num_lanes[0].pack_fp_result[4]	19	32	0	0	0	0	0	1	1612524	1612524	0,0,0,0,0,0,0,0,0,0,0,0,0,0,0,0,0,0,0,0,0,0,0,0,0,0,0,0,0,0,0,0,0,0,0,0,0,0,0,0	0,0,0,0,0,0,0,0,0,0,0,0,0,0,0,0,0,0,0,0,0,0,0,0,0,0,0,0,0,0,0,0,1,0,0,0,0,0,0,0	2	0	0	0	0	1	1612524	1612524	0,0,0,0,0,0,0,0,0,0,0,0,0,0,0,0,0,0,0,0,0,0,0,0,0,0,0,0,0,0,0,0,0,0,0,0,0,0,0,0	0,0,0,0,0,0,0,0,0,0,0,0,0,0,0,0,0,0,0,0,0,0,0,0,0,0,0,0,0,0,0,0,1,0,0,0,0,0,0,0
tb.dut.clusters[0].cluster.sockets[0].socket.cores[0].core.execute.fpu_unit.genblk1[0].fpu_fpnew.genblk3[1].fpnew_core.gen_operation_groups[1].i_opgroup_block.gen_parallel_slices[0]	16	2	0	0	0	0	0	1	1612524	1612524	0,0,0,0,0,0,0,0,0,0,0,0,0,0,0,0,0,0,0,0,0,0,0,0,0,0,0,0,0,0,0,0,0,0,0,0,0,0,0,0	0,0,0,0,0,0,0,0,0,0,0,0,0,0,0,0,0,0,0,0,0,0,0,0,0,0,0,0,0,0,0,0,1,0,0,0,0,0,0,0	2	0	0	0	0	1	1612524	1612524	0,0,0,0,0,0,0,0,0,0,0,0,0,0,0,0,0,0,0,0,0,0,0,0,0,0,0,0,0,0,0,0,0,0,0,0,0,0,0,0	0,0,0,0,0,0,0,0,0,0,0,0,0,0,0,0,0,0,0,0,0,0,0,0,0,0,0,0,0,0,0,0,1,0,0,0,0,0,0,0
tb.dut.clusters[0].cluster.sockets[0].socket.cores[0].core.execute.fpu_unit.genblk1[0].fpu_fpnew.genblk3[1].fpnew_core.gen_operation_groups[1].i_opgroup_block.gen_parallel_slices[1]	16	2	0	0	0	0	0	1	1612524	1612524	0,0,0,0,0,0,0,0,0,0,0,0,0,0,0,0,0,0,0,0,0,0,0,0,0,0,0,0,0,0,0,0,0,0,0,0,0,0,0,0	0,0,0,0,0,0,0,0,0,0,0,0,0,0,0,0,0,0,0,0,0,0,0,0,0,0,0,0,0,0,0,0,1,0,0,0,0,0,0,0	2	0	0	0	0	1	1612524	1612524	0,0,0,0,0,0,0,0,0,0,0,0,0,0,0,0,0,0,0,0,0,0,0,0,0,0,0,0,0,0,0,0,0,0,0,0,0,0,0,0	0,0,0,0,0,0,0,0,0,0,0,0,0,0,0,0,0,0,0,0,0,0,0,0,0,0,0,0,0,0,0,0,1,0,0,0,0,0,0,0
tb.dut.clusters[0].cluster.sockets[0].socket.cores[0].core.execute.fpu_unit.genblk1[0].fpu_fpnew.genblk3[1].fpnew_core.gen_operation_groups[1].i_opgroup_block.gen_parallel_slices[2]	16	2	0	0	0	0	0	1	1612524	1612524	0,0,0,0,0,0,0,0,0,0,0,0,0,0,0,0,0,0,0,0,0,0,0,0,0,0,0,0,0,0,0,0,0,0,0,0,0,0,0,0	0,0,0,0,0,0,0,0,0,0,0,0,0,0,0,0,0,0,0,0,0,0,0,0,0,0,0,0,0,0,0,0,1,0,0,0,0,0,0,0	2	0	0	0	0	1	1612524	1612524	0,0,0,0,0,0,0,0,0,0,0,0,0,0,0,0,0,0,0,0,0,0,0,0,0,0,0,0,0,0,0,0,0,0,0,0,0,0,0,0	0,0,0,0,0,0,0,0,0,0,0,0,0,0,0,0,0,0,0,0,0,0,0,0,0,0,0,0,0,0,0,0,1,0,0,0,0,0,0,0
tb.dut.clusters[0].cluster.sockets[0].socket.cores[0].core.execute.fpu_unit.genblk1[0].fpu_fpnew.genblk3[1].fpnew_core.gen_operation_groups[1].i_opgroup_block.gen_parallel_slices[3]	16	2	0	0	0	0	0	1	1612524	1612524	0,0,0,0,0,0,0,0,0,0,0,0,0,0,0,0,0,0,0,0,0,0,0,0,0,0,0,0,0,0,0,0,0,0,0,0,0,0,0,0	0,0,0,0,0,0,0,0,0,0,0,0,0,0,0,0,0,0,0,0,0,0,0,0,0,0,0,0,0,0,0,0,1,0,0,0,0,0,0,0	2	0	0	0	0	1	1612524	1612524	0,0,0,0,0,0,0,0,0,0,0,0,0,0,0,0,0,0,0,0,0,0,0,0,0,0,0,0,0,0,0,0,0,0,0,0,0,0,0,0	0,0,0,0,0,0,0,0,0,0,0,0,0,0,0,0,0,0,0,0,0,0,0,0,0,0,0,0,0,0,0,0,1,0,0,0,0,0,0,0
tb.dut.clusters[0].cluster.sockets[0].socket.cores[0].core.execute.fpu_unit.genblk1[0].fpu_fpnew.genblk3[1].fpnew_core.gen_operation_groups[1].i_opgroup_block.gen_parallel_slices[4]	16	2	0	0	0	0	0	1	1612524	1612524	0,0,0,0,0,0,0,0,0,0,0,0,0,0,0,0,0,0,0,0,0,0,0,0,0,0,0,0,0,0,0,0,0,0,0,0,0,0,0,0	0,0,0,0,0,0,0,0,0,0,0,0,0,0,0,0,0,0,0,0,0,0,0,0,0,0,0,0,0,0,0,0,1,0,0,0,0,0,0,0	2	0	0	0	0	1	1612524	1612524	0,0,0,0,0,0,0,0,0,0,0,0,0,0,0,0,0,0,0,0,0,0,0,0,0,0,0,0,0,0,0,0,0,0,0,0,0,0,0,0	0,0,0,0,0,0,0,0,0,0,0,0,0,0,0,0,0,0,0,0,0,0,0,0,0,0,0,0,0,0,0,0,1,0,0,0,0,0,0,0
tb.dut.clusters[0].cluster.sockets[0].socket.cores[0].core.execute.fpu_unit.genblk1[0].fpu_fpnew.genblk3[1].fpnew_core.gen_operation_groups[1].i_opgroup_block.i_arbiter	16	1510	4	2	2	2	1	3	1612522	1612500	2,0,0,0,0,0,0,0,0,0,0,0,0,0,0,0,0,0,0,0,0,0,0,0,0,0,0,0,0,0,0,0,0,0,0,0,0,0,0,0	0,0,1,0,0,0,0,0,0,0,0,0,0,0,0,0,1,0,0,0,0,0,0,0,0,0,0,0,0,0,0,0,1,0,0,0,0,0,0,0	8	0	0	0	0	1	1612524	1612524	0,0,0,0,0,0,0,0,0,0,0,0,0,0,0,0,0,0,0,0,0,0,0,0,0,0,0,0,0,0,0,0,0,0,0,0,0,0,0,0	0,0,0,0,0,0,0,0,0,0,0,0,0,0,0,0,0,0,0,0,0,0,0,0,0,0,0,0,0,0,0,0,1,0,0,0,0,0,0,0
tb.dut.clusters[0].cluster.sockets[0].socket.cores[0].core.execute.fpu_unit.genblk1[0].fpu_fpnew.genblk3[1].fpnew_core.gen_operation_groups[1].i_opgroup_block.i_arbiter.gen_arbiter	17	1150	0	0	0	0	0	1	1612524	1612524	0,0,0,0,0,0,0,0,0,0,0,0,0,0,0,0,0,0,0,0,0,0,0,0,0,0,0,0,0,0,0,0,0,0,0,0,0,0,0,0	0,0,0,0,0,0,0,0,0,0,0,0,0,0,0,0,0,0,0,0,0,0,0,0,0,0,0,0,0,0,0,0,1,0,0,0,0,0,0,0	6	0	0	0	0	1	1612524	1612524	0,0,0,0,0,0,0,0,0,0,0,0,0,0,0,0,0,0,0,0,0,0,0,0,0,0,0,0,0,0,0,0,0,0,0,0,0,0,0,0	0,0,0,0,0,0,0,0,0,0,0,0,0,0,0,0,0,0,0,0,0,0,0,0,0,0,0,0,0,0,0,0,1,0,0,0,0,0,0,0
tb.dut.clusters[0].cluster.sockets[0].socket.cores[0].core.execute.fpu_unit.genblk1[0].fpu_fpnew.genblk3[1].fpnew_core.gen_operation_groups[1].i_opgroup_block.i_arbiter.gen_arbiter.gen_int_rr	18	340	0	0	0	0	0	1	1612524	1612524	0,0,0,0,0,0,0,0,0,0,0,0,0,0,0,0,0,0,0,0,0,0,0,0,0,0,0,0,0,0,0,0,0,0,0,0,0,0,0,0	0,0,0,0,0,0,0,0,0,0,0,0,0,0,0,0,0,0,0,0,0,0,0,0,0,0,0,0,0,0,0,0,1,0,0,0,0,0,0,0	2	0	0	0	0	1	1612524	1612524	0,0,0,0,0,0,0,0,0,0,0,0,0,0,0,0,0,0,0,0,0,0,0,0,0,0,0,0,0,0,0,0,0,0,0,0,0,0,0,0	0,0,0,0,0,0,0,0,0,0,0,0,0,0,0,0,0,0,0,0,0,0,0,0,0,0,0,0,0,0,0,0,1,0,0,0,0,0,0,0
tb.dut.clusters[0].cluster.sockets[0].socket.cores[0].core.execute.fpu_unit.genblk1[0].fpu_fpnew.genblk3[1].fpnew_core.gen_operation_groups[1].i_opgroup_block.i_arbiter.gen_arbiter.gen_int_rr.gen_fair_arb	19	337	0	0	0	0	0	1	1612524	1612524	0,0,0,0,0,0,0,0,0,0,0,0,0,0,0,0,0,0,0,0,0,0,0,0,0,0,0,0,0,0,0,0,0,0,0,0,0,0,0,0	0,0,0,0,0,0,0,0,0,0,0,0,0,0,0,0,0,0,0,0,0,0,0,0,0,0,0,0,0,0,0,0,1,0,0,0,0,0,0,0	2	0	0	0	0	1	1612524	1612524	0,0,0,0,0,0,0,0,0,0,0,0,0,0,0,0,0,0,0,0,0,0,0,0,0,0,0,0,0,0,0,0,0,0,0,0,0,0,0,0	0,0,0,0,0,0,0,0,0,0,0,0,0,0,0,0,0,0,0,0,0,0,0,0,0,0,0,0,0,0,0,0,1,0,0,0,0,0,0,0
tb.dut.clusters[0].cluster.sockets[0].socket.cores[0].core.execute.fpu_unit.genblk1[0].fpu_fpnew.genblk3[1].fpnew_core.gen_operation_groups[1].i_opgroup_block.i_arbiter.gen_arbiter.gen_int_rr.gen_fair_arb.i_lzc_lower	20	158	0	0	0	0	0	1	1612524	1612524	0,0,0,0,0,0,0,0,0,0,0,0,0,0,0,0,0,0,0,0,0,0,0,0,0,0,0,0,0,0,0,0,0,0,0,0,0,0,0,0	0,0,0,0,0,0,0,0,0,0,0,0,0,0,0,0,0,0,0,0,0,0,0,0,0,0,0,0,0,0,0,0,1,0,0,0,0,0,0,0	2	0	0	0	0	1	1612524	1612524	0,0,0,0,0,0,0,0,0,0,0,0,0,0,0,0,0,0,0,0,0,0,0,0,0,0,0,0,0,0,0,0,0,0,0,0,0,0,0,0	0,0,0,0,0,0,0,0,0,0,0,0,0,0,0,0,0,0,0,0,0,0,0,0,0,0,0,0,0,0,0,0,1,0,0,0,0,0,0,0
tb.dut.clusters[0].cluster.sockets[0].socket.cores[0].core.execute.fpu_unit.genblk1[0].fpu_fpnew.genblk3[1].fpnew_core.gen_operation_groups[1].i_opgroup_block.i_arbiter.gen_arbiter.gen_int_rr.gen_fair_arb.i_lzc_lower.gen_lzc	21	84	0	0	0	0	0	1	1612524	1612524	0,0,0,0,0,0,0,0,0,0,0,0,0,0,0,0,0,0,0,0,0,0,0,0,0,0,0,0,0,0,0,0,0,0,0,0,0,0,0,0	0,0,0,0,0,0,0,0,0,0,0,0,0,0,0,0,0,0,0,0,0,0,0,0,0,0,0,0,0,0,0,0,1,0,0,0,0,0,0,0	2	0	0	0	0	1	1612524	1612524	0,0,0,0,0,0,0,0,0,0,0,0,0,0,0,0,0,0,0,0,0,0,0,0,0,0,0,0,0,0,0,0,0,0,0,0,0,0,0,0	0,0,0,0,0,0,0,0,0,0,0,0,0,0,0,0,0,0,0,0,0,0,0,0,0,0,0,0,0,0,0,0,1,0,0,0,0,0,0,0
tb.dut.clusters[0].cluster.sockets[0].socket.cores[0].core.execute.fpu_unit.genblk1[0].fpu_fpnew.genblk3[1].fpnew_core.gen_operation_groups[1].i_opgroup_block.i_arbiter.gen_arbiter.gen_int_rr.gen_fair_arb.i_lzc_upper	20	158	0	0	0	0	0	1	1612524	1612524	0,0,0,0,0,0,0,0,0,0,0,0,0,0,0,0,0,0,0,0,0,0,0,0,0,0,0,0,0,0,0,0,0,0,0,0,0,0,0,0	0,0,0,0,0,0,0,0,0,0,0,0,0,0,0,0,0,0,0,0,0,0,0,0,0,0,0,0,0,0,0,0,1,0,0,0,0,0,0,0	2	0	0	0	0	1	1612524	1612524	0,0,0,0,0,0,0,0,0,0,0,0,0,0,0,0,0,0,0,0,0,0,0,0,0,0,0,0,0,0,0,0,0,0,0,0,0,0,0,0	0,0,0,0,0,0,0,0,0,0,0,0,0,0,0,0,0,0,0,0,0,0,0,0,0,0,0,0,0,0,0,0,1,0,0,0,0,0,0,0
tb.dut.clusters[0].cluster.sockets[0].socket.cores[0].core.execute.fpu_unit.genblk1[0].fpu_fpnew.genblk3[1].fpnew_core.gen_operation_groups[1].i_opgroup_block.i_arbiter.gen_arbiter.gen_int_rr.gen_fair_arb.i_lzc_upper.gen_lzc	21	84	0	0	0	0	0	1	1612524	1612524	0,0,0,0,0,0,0,0,0,0,0,0,0,0,0,0,0,0,0,0,0,0,0,0,0,0,0,0,0,0,0,0,0,0,0,0,0,0,0,0	0,0,0,0,0,0,0,0,0,0,0,0,0,0,0,0,0,0,0,0,0,0,0,0,0,0,0,0,0,0,0,0,1,0,0,0,0,0,0,0	2	0	0	0	0	1	1612524	1612524	0,0,0,0,0,0,0,0,0,0,0,0,0,0,0,0,0,0,0,0,0,0,0,0,0,0,0,0,0,0,0,0,0,0,0,0,0,0,0,0	0,0,0,0,0,0,0,0,0,0,0,0,0,0,0,0,0,0,0,0,0,0,0,0,0,0,0,0,0,0,0,0,1,0,0,0,0,0,0,0
tb.dut.clusters[0].cluster.sockets[0].socket.cores[0].core.execute.fpu_unit.genblk1[0].fpu_fpnew.genblk3[1].fpnew_core.gen_operation_groups[1].i_opgroup_block.i_arbiter.gen_arbiter.gen_levels[0]	18	65	0	0	0	0	0	1	1612524	1612524	0,0,0,0,0,0,0,0,0,0,0,0,0,0,0,0,0,0,0,0,0,0,0,0,0,0,0,0,0,0,0,0,0,0,0,0,0,0,0,0	0,0,0,0,0,0,0,0,0,0,0,0,0,0,0,0,0,0,0,0,0,0,0,0,0,0,0,0,0,0,0,0,1,0,0,0,0,0,0,0	2	0	0	0	0	1	1612524	1612524	0,0,0,0,0,0,0,0,0,0,0,0,0,0,0,0,0,0,0,0,0,0,0,0,0,0,0,0,0,0,0,0,0,0,0,0,0,0,0,0	0,0,0,0,0,0,0,0,0,0,0,0,0,0,0,0,0,0,0,0,0,0,0,0,0,0,0,0,0,0,0,0,1,0,0,0,0,0,0,0
tb.dut.clusters[0].cluster.sockets[0].socket.cores[0].core.execute.fpu_unit.genblk1[0].fpu_fpnew.genblk3[1].fpnew_core.gen_operation_groups[1].i_opgroup_block.i_arbiter.gen_arbiter.gen_levels[0].gen_level[0]	19	65	0	0	0	0	0	1	1612524	1612524	0,0,0,0,0,0,0,0,0,0,0,0,0,0,0,0,0,0,0,0,0,0,0,0,0,0,0,0,0,0,0,0,0,0,0,0,0,0,0,0	0,0,0,0,0,0,0,0,0,0,0,0,0,0,0,0,0,0,0,0,0,0,0,0,0,0,0,0,0,0,0,0,1,0,0,0,0,0,0,0	2	0	0	0	0	1	1612524	1612524	0,0,0,0,0,0,0,0,0,0,0,0,0,0,0,0,0,0,0,0,0,0,0,0,0,0,0,0,0,0,0,0,0,0,0,0,0,0,0,0	0,0,0,0,0,0,0,0,0,0,0,0,0,0,0,0,0,0,0,0,0,0,0,0,0,0,0,0,0,0,0,0,1,0,0,0,0,0,0,0
tb.dut.clusters[0].cluster.sockets[0].socket.cores[0].core.execute.fpu_unit.genblk1[0].fpu_fpnew.genblk3[1].fpnew_core.gen_operation_groups[1].i_opgroup_block.i_arbiter.gen_arbiter.gen_levels[1]	18	130	0	0	0	0	0	1	1612524	1612524	0,0,0,0,0,0,0,0,0,0,0,0,0,0,0,0,0,0,0,0,0,0,0,0,0,0,0,0,0,0,0,0,0,0,0,0,0,0,0,0	0,0,0,0,0,0,0,0,0,0,0,0,0,0,0,0,0,0,0,0,0,0,0,0,0,0,0,0,0,0,0,0,1,0,0,0,0,0,0,0	2	0	0	0	0	1	1612524	1612524	0,0,0,0,0,0,0,0,0,0,0,0,0,0,0,0,0,0,0,0,0,0,0,0,0,0,0,0,0,0,0,0,0,0,0,0,0,0,0,0	0,0,0,0,0,0,0,0,0,0,0,0,0,0,0,0,0,0,0,0,0,0,0,0,0,0,0,0,0,0,0,0,1,0,0,0,0,0,0,0
tb.dut.clusters[0].cluster.sockets[0].socket.cores[0].core.execute.fpu_unit.genblk1[0].fpu_fpnew.genblk3[1].fpnew_core.gen_operation_groups[1].i_opgroup_block.i_arbiter.gen_arbiter.gen_levels[1].gen_level[0]	19	65	0	0	0	0	0	1	1612524	1612524	0,0,0,0,0,0,0,0,0,0,0,0,0,0,0,0,0,0,0,0,0,0,0,0,0,0,0,0,0,0,0,0,0,0,0,0,0,0,0,0	0,0,0,0,0,0,0,0,0,0,0,0,0,0,0,0,0,0,0,0,0,0,0,0,0,0,0,0,0,0,0,0,1,0,0,0,0,0,0,0	2	0	0	0	0	1	1612524	1612524	0,0,0,0,0,0,0,0,0,0,0,0,0,0,0,0,0,0,0,0,0,0,0,0,0,0,0,0,0,0,0,0,0,0,0,0,0,0,0,0	0,0,0,0,0,0,0,0,0,0,0,0,0,0,0,0,0,0,0,0,0,0,0,0,0,0,0,0,0,0,0,0,1,0,0,0,0,0,0,0
tb.dut.clusters[0].cluster.sockets[0].socket.cores[0].core.execute.fpu_unit.genblk1[0].fpu_fpnew.genblk3[1].fpnew_core.gen_operation_groups[1].i_opgroup_block.i_arbiter.gen_arbiter.gen_levels[1].gen_level[1]	19	65	0	0	0	0	0	1	1612524	1612524	0,0,0,0,0,0,0,0,0,0,0,0,0,0,0,0,0,0,0,0,0,0,0,0,0,0,0,0,0,0,0,0,0,0,0,0,0,0,0,0	0,0,0,0,0,0,0,0,0,0,0,0,0,0,0,0,0,0,0,0,0,0,0,0,0,0,0,0,0,0,0,0,1,0,0,0,0,0,0,0	2	0	0	0	0	1	1612524	1612524	0,0,0,0,0,0,0,0,0,0,0,0,0,0,0,0,0,0,0,0,0,0,0,0,0,0,0,0,0,0,0,0,0,0,0,0,0,0,0,0	0,0,0,0,0,0,0,0,0,0,0,0,0,0,0,0,0,0,0,0,0,0,0,0,0,0,0,0,0,0,0,0,1,0,0,0,0,0,0,0
tb.dut.clusters[0].cluster.sockets[0].socket.cores[0].core.execute.fpu_unit.genblk1[0].fpu_fpnew.genblk3[1].fpnew_core.gen_operation_groups[1].i_opgroup_block.i_arbiter.gen_arbiter.gen_levels[2]	18	260	0	0	0	0	0	1	1612524	1612524	0,0,0,0,0,0,0,0,0,0,0,0,0,0,0,0,0,0,0,0,0,0,0,0,0,0,0,0,0,0,0,0,0,0,0,0,0,0,0,0	0,0,0,0,0,0,0,0,0,0,0,0,0,0,0,0,0,0,0,0,0,0,0,0,0,0,0,0,0,0,0,0,1,0,0,0,0,0,0,0	2	0	0	0	0	1	1612524	1612524	0,0,0,0,0,0,0,0,0,0,0,0,0,0,0,0,0,0,0,0,0,0,0,0,0,0,0,0,0,0,0,0,0,0,0,0,0,0,0,0	0,0,0,0,0,0,0,0,0,0,0,0,0,0,0,0,0,0,0,0,0,0,0,0,0,0,0,0,0,0,0,0,1,0,0,0,0,0,0,0
tb.dut.clusters[0].cluster.sockets[0].socket.cores[0].core.execute.fpu_unit.genblk1[0].fpu_fpnew.genblk3[1].fpnew_core.gen_operation_groups[1].i_opgroup_block.i_arbiter.gen_arbiter.gen_levels[2].gen_level[0]	19	65	0	0	0	0	0	1	1612524	1612524	0,0,0,0,0,0,0,0,0,0,0,0,0,0,0,0,0,0,0,0,0,0,0,0,0,0,0,0,0,0,0,0,0,0,0,0,0,0,0,0	0,0,0,0,0,0,0,0,0,0,0,0,0,0,0,0,0,0,0,0,0,0,0,0,0,0,0,0,0,0,0,0,1,0,0,0,0,0,0,0	2	0	0	0	0	1	1612524	1612524	0,0,0,0,0,0,0,0,0,0,0,0,0,0,0,0,0,0,0,0,0,0,0,0,0,0,0,0,0,0,0,0,0,0,0,0,0,0,0,0	0,0,0,0,0,0,0,0,0,0,0,0,0,0,0,0,0,0,0,0,0,0,0,0,0,0,0,0,0,0,0,0,1,0,0,0,0,0,0,0
tb.dut.clusters[0].cluster.sockets[0].socket.cores[0].core.execute.fpu_unit.genblk1[0].fpu_fpnew.genblk3[1].fpnew_core.gen_operation_groups[1].i_opgroup_block.i_arbiter.gen_arbiter.gen_levels[2].gen_level[1]	19	65	0	0	0	0	0	1	1612524	1612524	0,0,0,0,0,0,0,0,0,0,0,0,0,0,0,0,0,0,0,0,0,0,0,0,0,0,0,0,0,0,0,0,0,0,0,0,0,0,0,0	0,0,0,0,0,0,0,0,0,0,0,0,0,0,0,0,0,0,0,0,0,0,0,0,0,0,0,0,0,0,0,0,1,0,0,0,0,0,0,0	2	0	0	0	0	1	1612524	1612524	0,0,0,0,0,0,0,0,0,0,0,0,0,0,0,0,0,0,0,0,0,0,0,0,0,0,0,0,0,0,0,0,0,0,0,0,0,0,0,0	0,0,0,0,0,0,0,0,0,0,0,0,0,0,0,0,0,0,0,0,0,0,0,0,0,0,0,0,0,0,0,0,1,0,0,0,0,0,0,0
tb.dut.clusters[0].cluster.sockets[0].socket.cores[0].core.execute.fpu_unit.genblk1[0].fpu_fpnew.genblk3[1].fpnew_core.gen_operation_groups[1].i_opgroup_block.i_arbiter.gen_arbiter.gen_levels[2].gen_level[2]	19	65	0	0	0	0	0	1	1612524	1612524	0,0,0,0,0,0,0,0,0,0,0,0,0,0,0,0,0,0,0,0,0,0,0,0,0,0,0,0,0,0,0,0,0,0,0,0,0,0,0,0	0,0,0,0,0,0,0,0,0,0,0,0,0,0,0,0,0,0,0,0,0,0,0,0,0,0,0,0,0,0,0,0,1,0,0,0,0,0,0,0	2	0	0	0	0	1	1612524	1612524	0,0,0,0,0,0,0,0,0,0,0,0,0,0,0,0,0,0,0,0,0,0,0,0,0,0,0,0,0,0,0,0,0,0,0,0,0,0,0,0	0,0,0,0,0,0,0,0,0,0,0,0,0,0,0,0,0,0,0,0,0,0,0,0,0,0,0,0,0,0,0,0,1,0,0,0,0,0,0,0
tb.dut.clusters[0].cluster.sockets[0].socket.cores[0].core.execute.fpu_unit.genblk1[0].fpu_fpnew.genblk3[1].fpnew_core.gen_operation_groups[1].i_opgroup_block.i_arbiter.gen_arbiter.gen_levels[2].gen_level[3]	19	65	0	0	0	0	0	1	1612524	1612524	0,0,0,0,0,0,0,0,0,0,0,0,0,0,0,0,0,0,0,0,0,0,0,0,0,0,0,0,0,0,0,0,0,0,0,0,0,0,0,0	0,0,0,0,0,0,0,0,0,0,0,0,0,0,0,0,0,0,0,0,0,0,0,0,0,0,0,0,0,0,0,0,1,0,0,0,0,0,0,0	2	0	0	0	0	1	1612524	1612524	0,0,0,0,0,0,0,0,0,0,0,0,0,0,0,0,0,0,0,0,0,0,0,0,0,0,0,0,0,0,0,0,0,0,0,0,0,0,0,0	0,0,0,0,0,0,0,0,0,0,0,0,0,0,0,0,0,0,0,0,0,0,0,0,0,0,0,0,0,0,0,0,1,0,0,0,0,0,0,0
tb.dut.clusters[0].cluster.sockets[0].socket.cores[0].core.execute.fpu_unit.genblk1[0].fpu_fpnew.genblk3[1].fpnew_core.gen_operation_groups[2]	14	4265	63720199	819375	524356	819375	10	524357	793149	8243	235532,286757,8,1,2055,1,0,0,0,2,0,0,0,0,0,0,0,0,0,0,0,0,0,0,0,0,0,0,0,0,0,0,0,0,0,0,0,0,0,0	288810,233493,2,1,0,0,0,0,0,0,0,0,1,2046,0,1,1,0,0,0,1,0,0,0,0,1,0,0,0,0,0,0,0,0,0,0,0,0,0,0	22	583651	524222	583651	10	524223	1028873	8245	466860,55310,2049,1,0,0,0,0,0,2,0,0,0,0,0,0,0,0,0,0,0,0,0,0,0,0,0,0,0,0,0,0,0,0,0,0,0,0,0,0	57353,464695,4,2,109,0,1,0,0,0,0,6,3,0,1,2046,1,0,0,0,1,0,0,0,0,1,0,0,0,0,0,0,0,0,0,0,0,0,0,0
tb.dut.clusters[0].cluster.sockets[0].socket.cores[0].core.execute.fpu_unit.genblk1[0].fpu_fpnew.genblk3[1].fpnew_core.gen_operation_groups[2].i_opgroup_block	15	4222	63720183	819375	524356	819375	10	524357	793149	8243	235532,286757,8,1,2055,1,0,0,0,2,0,0,0,0,0,0,0,0,0,0,0,0,0,0,0,0,0,0,0,0,0,0,0,0,0,0,0,0,0,0	288810,233493,2,1,0,0,0,0,0,0,0,0,1,2046,0,1,1,0,0,0,1,0,0,0,0,1,0,0,0,0,0,0,0,0,0,0,0,0,0,0	22	583651	524222	583651	10	524223	1028873	8245	466860,55310,2049,1,0,0,0,0,0,2,0,0,0,0,0,0,0,0,0,0,0,0,0,0,0,0,0,0,0,0,0,0,0,0,0,0,0,0,0,0	57353,464695,4,2,109,0,1,0,0,0,0,6,3,0,1,2046,1,0,0,0,1,0,0,0,0,1,0,0,0,0,0,0,0,0,0,0,0,0,0,0
tb.dut.clusters[0].cluster.sockets[0].socket.cores[0].core.execute.fpu_unit.genblk1[0].fpu_fpnew.genblk3[1].fpnew_core.gen_operation_groups[2].i_opgroup_block.gen_parallel_slices[0]	16	1958	50853728	819375	524356	819375	10	524357	793149	8243	235532,286757,8,1,2055,1,0,0,0,2,0,0,0,0,0,0,0,0,0,0,0,0,0,0,0,0,0,0,0,0,0,0,0,0,0,0,0,0,0,0	288810,233493,2,1,0,0,0,0,0,0,0,0,1,2046,0,1,1,0,0,0,1,0,0,0,0,1,0,0,0,0,0,0,0,0,0,0,0,0,0,0	10	583786	524341	583786	10	524342	1028738	8245	466964,55324,2050,1,0,0,0,0,0,2,0,0,0,0,0,0,0,0,0,0,0,0,0,0,0,0,0,0,0,0,0,0,0,0,0,0,0,0,0,0	57362,464910,3,8,0,0,6,2,0,0,0,0,1,0,1,2047,0,0,0,0,1,0,0,0,0,1,0,0,0,0,0,0,0,0,0,0,0,0,0,0
tb.dut.clusters[0].cluster.sockets[0].socket.cores[0].core.execute.fpu_unit.genblk1[0].fpu_fpnew.genblk3[1].fpnew_core.gen_operation_groups[2].i_opgroup_block.gen_parallel_slices[0].active_format	17	1956	50853728	819375	524356	819375	10	524357	793149	8243	235532,286757,8,1,2055,1,0,0,0,2,0,0,0,0,0,0,0,0,0,0,0,0,0,0,0,0,0,0,0,0,0,0,0,0,0,0,0,0,0,0	288810,233493,2,1,0,0,0,0,0,0,0,0,1,2046,0,1,1,0,0,0,1,0,0,0,0,1,0,0,0,0,0,0,0,0,0,0,0,0,0,0	10	583786	524341	583786	10	524342	1028738	8245	466964,55324,2050,1,0,0,0,0,0,2,0,0,0,0,0,0,0,0,0,0,0,0,0,0,0,0,0,0,0,0,0,0,0,0,0,0,0,0,0,0	57362,464910,3,8,0,0,6,2,0,0,0,0,1,0,1,2047,0,0,0,0,1,0,0,0,0,1,0,0,0,0,0,0,0,0,0,0,0,0,0,0
tb.dut.clusters[0].cluster.sockets[0].socket.cores[0].core.execute.fpu_unit.genblk1[0].fpu_fpnew.genblk3[1].fpnew_core.gen_operation_groups[2].i_opgroup_block.gen_parallel_slices[0].active_format.i_fmt_slice	18	1922	50853709	819375	524356	819375	10	524357	793149	8243	235532,286757,8,1,2055,1,0,0,0,2,0,0,0,0,0,0,0,0,0,0,0,0,0,0,0,0,0,0,0,0,0,0,0,0,0,0,0,0,0,0	288810,233493,2,1,0,0,0,0,0,0,0,0,1,2046,0,1,1,0,0,0,1,0,0,0,0,1,0,0,0,0,0,0,0,0,0,0,0,0,0,0	10	583786	524341	583786	10	524342	1028738	8245	466964,55324,2050,1,0,0,0,0,0,2,0,0,0,0,0,0,0,0,0,0,0,0,0,0,0,0,0,0,0,0,0,0,0,0,0,0,0,0,0,0	57362,464910,3,8,0,0,6,2,0,0,0,0,1,0,1,2047,0,0,0,0,1,0,0,0,0,1,0,0,0,0,0,0,0,0,0,0,0,0,0,0
tb.dut.clusters[0].cluster.sockets[0].socket.cores[0].core.execute.fpu_unit.genblk1[0].fpu_fpnew.genblk3[1].fpnew_core.gen_operation_groups[2].i_opgroup_block.gen_parallel_slices[0].active_format.i_fmt_slice.gen_num_lanes[0]	19	1343	37989076	819375	524356	819375	10	524357	793149	8243	235532,286757,8,1,2055,1,0,0,0,2,0,0,0,0,0,0,0,0,0,0,0,0,0,0,0,0,0,0,0,0,0,0,0,0,0,0,0,0,0,0	288810,233493,2,1,0,0,0,0,0,0,0,0,1,2046,0,1,1,0,0,0,1,0,0,0,0,1,0,0,0,0,0,0,0,0,0,0,0,0,0,0	7	583786	524341	583786	10	524342	1028738	8245	466964,55324,2050,1,0,0,0,0,0,2,0,0,0,0,0,0,0,0,0,0,0,0,0,0,0,0,0,0,0,0,0,0,0,0,0,0,0,0,0,0	57362,464910,3,8,0,0,6,2,0,0,0,0,1,0,1,2047,0,0,0,0,1,0,0,0,0,1,0,0,0,0,0,0,0,0,0,0,0,0,0,0
tb.dut.clusters[0].cluster.sockets[0].socket.cores[0].core.execute.fpu_unit.genblk1[0].fpu_fpnew.genblk3[1].fpnew_core.gen_operation_groups[2].i_opgroup_block.gen_parallel_slices[0].active_format.i_fmt_slice.gen_num_lanes[0].active_lane	20	1310	37988728	819375	524356	819375	10	524357	793149	8243	235532,286757,8,1,2055,1,0,0,0,2,0,0,0,0,0,0,0,0,0,0,0,0,0,0,0,0,0,0,0,0,0,0,0,0,0,0,0,0,0,0	288810,233493,2,1,0,0,0,0,0,0,0,0,1,2046,0,1,1,0,0,0,1,0,0,0,0,1,0,0,0,0,0,0,0,0,0,0,0,0,0,0	7	583786	524341	583786	10	524342	1028738	8245	466964,55324,2050,1,0,0,0,0,0,2,0,0,0,0,0,0,0,0,0,0,0,0,0,0,0,0,0,0,0,0,0,0,0,0,0,0,0,0,0,0	57362,464910,3,8,0,0,6,2,0,0,0,0,1,0,1,2047,0,0,0,0,1,0,0,0,0,1,0,0,0,0,0,0,0,0,0,0,0,0,0,0
tb.dut.clusters[0].cluster.sockets[0].socket.cores[0].core.execute.fpu_unit.genblk1[0].fpu_fpnew.genblk3[1].fpnew_core.gen_operation_groups[2].i_opgroup_block.gen_parallel_slices[0].active_format.i_fmt_slice.gen_num_lanes[0].active_lane.lane_instance	21	1206	25727569	819375	524356	819375	10	524357	793149	8243	235532,286757,8,1,2055,1,0,0,0,2,0,0,0,0,0,0,0,0,0,0,0,0,0,0,0,0,0,0,0,0,0,0,0,0,0,0,0,0,0,0	288810,233493,2,1,0,0,0,0,0,0,0,0,1,2046,0,1,1,0,0,0,1,0,0,0,0,1,0,0,0,0,0,0,0,0,0,0,0,0,0,0	7	583751	524311	583751	9	524312	1028773	8245	466937,55321,2050,1,0,0,0,0,2,0,0,0,0,0,0,0,0,0,0,0,0,0,0,0,0,0,0,0,0,0,0,0,0,0,0,0,0,0,0,0	57361,464863,5,0,24,0,1,0,0,0,0,5,3,0,1,2046,1,0,0,0,1,0,0,0,0,1,0,0,0,0,0,0,0,0,0,0,0,0,0,0
tb.dut.clusters[0].cluster.sockets[0].socket.cores[0].core.execute.fpu_unit.genblk1[0].fpu_fpnew.genblk3[1].fpnew_core.gen_operation_groups[2].i_opgroup_block.gen_parallel_slices[0].active_format.i_fmt_slice.gen_num_lanes[0].active_lane.lane_instance.i_noncomp	22	1206	25727569	819375	524356	819375	10	524357	793149	8243	235532,286757,8,1,2055,1,0,0,0,2,0,0,0,0,0,0,0,0,0,0,0,0,0,0,0,0,0,0,0,0,0,0,0,0,0,0,0,0,0,0	288810,233493,2,1,0,0,0,0,0,0,0,0,1,2046,0,1,1,0,0,0,1,0,0,0,0,1,0,0,0,0,0,0,0,0,0,0,0,0,0,0	7	583751	524311	583751	9	524312	1028773	8245	466937,55321,2050,1,0,0,0,0,2,0,0,0,0,0,0,0,0,0,0,0,0,0,0,0,0,0,0,0,0,0,0,0,0,0,0,0,0,0,0,0	57361,464863,5,0,24,0,1,0,0,0,0,5,3,0,1,2046,1,0,0,0,1,0,0,0,0,1,0,0,0,0,0,0,0,0,0,0,0,0,0,0
tb.dut.clusters[0].cluster.sockets[0].socket.cores[0].core.execute.fpu_unit.genblk1[0].fpu_fpnew.genblk3[1].fpnew_core.gen_operation_groups[2].i_opgroup_block.gen_parallel_slices[0].active_format.i_fmt_slice.gen_num_lanes[0].active_lane.lane_instance.i_noncomp.gen_input_pipeline[0]	23	1	16	16	2	16	8	3	1612508	1612070	0,0,0,0,0,0,0,2,0,0,0,0,0,0,0,0,0,0,0,0,0,0,0,0,0,0,0,0,0,0,0,0,0,0,0,0,0,0,0,0	0,0,0,0,0,1,0,0,0,0,0,0,0,0,0,0,0,0,0,0,1,0,0,0,0,0,0,0,0,0,0,0,1,0,0,0,0,0,0,0	2	0	0	0	0	1	1612524	1612524	0,0,0,0,0,0,0,0,0,0,0,0,0,0,0,0,0,0,0,0,0,0,0,0,0,0,0,0,0,0,0,0,0,0,0,0,0,0,0,0	0,0,0,0,0,0,0,0,0,0,0,0,0,0,0,0,0,0,0,0,0,0,0,0,0,0,0,0,0,0,0,0,1,0,0,0,0,0,0,0
tb.dut.clusters[0].cluster.sockets[0].socket.cores[0].core.execute.fpu_unit.genblk1[0].fpu_fpnew.genblk3[1].fpnew_core.gen_operation_groups[2].i_opgroup_block.gen_parallel_slices[0].active_format.i_fmt_slice.gen_num_lanes[0].active_lane.lane_instance.i_noncomp.gen_output_pipeline[0]	23	1	16	16	2	16	8	3	1612508	1612069	0,0,0,0,0,0,0,2,0,0,0,0,0,0,0,0,0,0,0,0,0,0,0,0,0,0,0,0,0,0,0,0,0,0,0,0,0,0,0,0	0,0,0,0,0,1,0,0,0,0,0,0,0,0,0,0,0,0,0,0,1,0,0,0,0,0,0,0,0,0,0,0,1,0,0,0,0,0,0,0	2	0	0	0	0	1	1612524	1612524	0,0,0,0,0,0,0,0,0,0,0,0,0,0,0,0,0,0,0,0,0,0,0,0,0,0,0,0,0,0,0,0,0,0,0,0,0,0,0,0	0,0,0,0,0,0,0,0,0,0,0,0,0,0,0,0,0,0,0,0,0,0,0,0,0,0,0,0,0,0,0,0,1,0,0,0,0,0,0,0
tb.dut.clusters[0].cluster.sockets[0].socket.cores[0].core.execute.fpu_unit.genblk1[0].fpu_fpnew.genblk3[1].fpnew_core.gen_operation_groups[2].i_opgroup_block.gen_parallel_slices[0].active_format.i_fmt_slice.gen_num_lanes[0].active_lane.lane_instance.i_noncomp.i_class_a	23	293	86	2	2	2	1	3	1612522	1612076	2,0,0,0,0,0,0,0,0,0,0,0,0,0,0,0,0,0,0,0,0,0,0,0,0,0,0,0,0,0,0,0,0,0,0,0,0,0,0,0	0,0,0,0,0,0,0,0,0,0,0,0,1,0,0,0,0,0,0,0,1,0,0,0,0,0,0,0,0,0,0,0,1,0,0,0,0,0,0,0	2	2	2	2	1	3	1612522	1612076	2,0,0,0,0,0,0,0,0,0,0,0,0,0,0,0,0,0,0,0,0,0,0,0,0,0,0,0,0,0,0,0,0,0,0,0,0,0,0,0	0,0,0,0,0,0,0,0,0,0,0,0,1,0,0,0,0,0,0,0,1,0,0,0,0,0,0,0,0,0,0,0,1,0,0,0,0,0,0,0
tb.dut.clusters[0].cluster.sockets[0].socket.cores[0].core.execute.fpu_unit.genblk1[0].fpu_fpnew.genblk3[1].fpnew_core.gen_operation_groups[2].i_opgroup_block.gen_parallel_slices[0].active_format.i_fmt_slice.gen_num_lanes[0].active_lane.lane_instance.i_noncomp.i_class_a.gen_num_values[0]	24	40	38	2	2	2	1	3	1612522	1612076	2,0,0,0,0,0,0,0,0,0,0,0,0,0,0,0,0,0,0,0,0,0,0,0,0,0,0,0,0,0,0,0,0,0,0,0,0,0,0,0	0,0,0,0,0,0,0,0,0,0,0,0,1,0,0,0,0,0,0,0,1,0,0,0,0,0,0,0,0,0,0,0,1,0,0,0,0,0,0,0	2	2	2	2	1	3	1612522	1612076	2,0,0,0,0,0,0,0,0,0,0,0,0,0,0,0,0,0,0,0,0,0,0,0,0,0,0,0,0,0,0,0,0,0,0,0,0,0,0,0	0,0,0,0,0,0,0,0,0,0,0,0,1,0,0,0,0,0,0,0,1,0,0,0,0,0,0,0,0,0,0,0,1,0,0,0,0,0,0,0
tb.dut.clusters[0].cluster.sockets[0].socket.cores[0].core.execute.fpu_unit.genblk1[0].fpu_fpnew.genblk3[1].fpnew_core.gen_operation_groups[2].i_opgroup_block.gen_parallel_slices[0].active_format.i_fmt_slice.gen_num_lanes[0].active_lane.lane_instance.i_noncomp.i_class_a.gen_num_values[1]	24	40	4	1	1	1	1	2	1612523	1612090	1,0,0,0,0,0,0,0,0,0,0,0,0,0,0,0,0,0,0,0,0,0,0,0,0,0,0,0,0,0,0,0,0,0,0,0,0,0,0,0	0,0,0,0,0,0,0,0,0,0,0,0,0,0,0,0,0,0,0,0,1,0,0,0,0,0,0,0,0,0,0,0,1,0,0,0,0,0,0,0	2	1	1	1	1	2	1612523	1612090	1,0,0,0,0,0,0,0,0,0,0,0,0,0,0,0,0,0,0,0,0,0,0,0,0,0,0,0,0,0,0,0,0,0,0,0,0,0,0,0	0,0,0,0,0,0,0,0,0,0,0,0,0,0,0,0,0,0,0,0,1,0,0,0,0,0,0,0,0,0,0,0,1,0,0,0,0,0,0,0
tb.dut.clusters[0].cluster.sockets[0].socket.cores[0].core.execute.fpu_unit.genblk1[0].fpu_fpnew.genblk3[1].fpnew_core.gen_operation_groups[2].i_opgroup_block.gen_parallel_slices[0].active_format.i_fmt_slice.gen_num_lanes[0].active_lane.lane_instance.i_noncomp.sign_injections	23	2	0	0	0	0	0	1	1612524	1612524	0,0,0,0,0,0,0,0,0,0,0,0,0,0,0,0,0,0,0,0,0,0,0,0,0,0,0,0,0,0,0,0,0,0,0,0,0,0,0,0	0,0,0,0,0,0,0,0,0,0,0,0,0,0,0,0,0,0,0,0,0,0,0,0,0,0,0,0,0,0,0,0,1,0,0,0,0,0,0,0	2	0	0	0	0	1	1612524	1612524	0,0,0,0,0,0,0,0,0,0,0,0,0,0,0,0,0,0,0,0,0,0,0,0,0,0,0,0,0,0,0,0,0,0,0,0,0,0,0,0	0,0,0,0,0,0,0,0,0,0,0,0,0,0,0,0,0,0,0,0,0,0,0,0,0,0,0,0,0,0,0,0,1,0,0,0,0,0,0,0
tb.dut.clusters[0].cluster.sockets[0].socket.cores[0].core.execute.fpu_unit.genblk1[0].fpu_fpnew.genblk3[1].fpnew_core.gen_operation_groups[2].i_opgroup_block.gen_parallel_slices[1]	16	2	0	0	0	0	0	1	1612524	1612524	0,0,0,0,0,0,0,0,0,0,0,0,0,0,0,0,0,0,0,0,0,0,0,0,0,0,0,0,0,0,0,0,0,0,0,0,0,0,0,0	0,0,0,0,0,0,0,0,0,0,0,0,0,0,0,0,0,0,0,0,0,0,0,0,0,0,0,0,0,0,0,0,1,0,0,0,0,0,0,0	2	0	0	0	0	1	1612524	1612524	0,0,0,0,0,0,0,0,0,0,0,0,0,0,0,0,0,0,0,0,0,0,0,0,0,0,0,0,0,0,0,0,0,0,0,0,0,0,0,0	0,0,0,0,0,0,0,0,0,0,0,0,0,0,0,0,0,0,0,0,0,0,0,0,0,0,0,0,0,0,0,0,1,0,0,0,0,0,0,0
tb.dut.clusters[0].cluster.sockets[0].socket.cores[0].core.execute.fpu_unit.genblk1[0].fpu_fpnew.genblk3[1].fpnew_core.gen_operation_groups[2].i_opgroup_block.gen_parallel_slices[2]	16	2	0	0	0	0	0	1	1612524	1612524	0,0,0,0,0,0,0,0,0,0,0,0,0,0,0,0,0,0,0,0,0,0,0,0,0,0,0,0,0,0,0,0,0,0,0,0,0,0,0,0	0,0,0,0,0,0,0,0,0,0,0,0,0,0,0,0,0,0,0,0,0,0,0,0,0,0,0,0,0,0,0,0,1,0,0,0,0,0,0,0	2	0	0	0	0	1	1612524	1612524	0,0,0,0,0,0,0,0,0,0,0,0,0,0,0,0,0,0,0,0,0,0,0,0,0,0,0,0,0,0,0,0,0,0,0,0,0,0,0,0	0,0,0,0,0,0,0,0,0,0,0,0,0,0,0,0,0,0,0,0,0,0,0,0,0,0,0,0,0,0,0,0,1,0,0,0,0,0,0,0
tb.dut.clusters[0].cluster.sockets[0].socket.cores[0].core.execute.fpu_unit.genblk1[0].fpu_fpnew.genblk3[1].fpnew_core.gen_operation_groups[2].i_opgroup_block.gen_parallel_slices[3]	16	2	0	0	0	0	0	1	1612524	1612524	0,0,0,0,0,0,0,0,0,0,0,0,0,0,0,0,0,0,0,0,0,0,0,0,0,0,0,0,0,0,0,0,0,0,0,0,0,0,0,0	0,0,0,0,0,0,0,0,0,0,0,0,0,0,0,0,0,0,0,0,0,0,0,0,0,0,0,0,0,0,0,0,1,0,0,0,0,0,0,0	2	0	0	0	0	1	1612524	1612524	0,0,0,0,0,0,0,0,0,0,0,0,0,0,0,0,0,0,0,0,0,0,0,0,0,0,0,0,0,0,0,0,0,0,0,0,0,0,0,0	0,0,0,0,0,0,0,0,0,0,0,0,0,0,0,0,0,0,0,0,0,0,0,0,0,0,0,0,0,0,0,0,1,0,0,0,0,0,0,0
tb.dut.clusters[0].cluster.sockets[0].socket.cores[0].core.execute.fpu_unit.genblk1[0].fpu_fpnew.genblk3[1].fpnew_core.gen_operation_groups[2].i_opgroup_block.gen_parallel_slices[4]	16	2	0	0	0	0	0	1	1612524	1612524	0,0,0,0,0,0,0,0,0,0,0,0,0,0,0,0,0,0,0,0,0,0,0,0,0,0,0,0,0,0,0,0,0,0,0,0,0,0,0,0	0,0,0,0,0,0,0,0,0,0,0,0,0,0,0,0,0,0,0,0,0,0,0,0,0,0,0,0,0,0,0,0,1,0,0,0,0,0,0,0	2	0	0	0	0	1	1612524	1612524	0,0,0,0,0,0,0,0,0,0,0,0,0,0,0,0,0,0,0,0,0,0,0,0,0,0,0,0,0,0,0,0,0,0,0,0,0,0,0,0	0,0,0,0,0,0,0,0,0,0,0,0,0,0,0,0,0,0,0,0,0,0,0,0,0,0,0,0,0,0,0,0,1,0,0,0,0,0,0,0
tb.dut.clusters[0].cluster.sockets[0].socket.cores[0].core.execute.fpu_unit.genblk1[0].fpu_fpnew.genblk3[1].fpnew_core.gen_operation_groups[2].i_opgroup_block.i_arbiter	16	1510	2136	18	4	18	8	5	1612506	1612068	2,0,0,0,0,0,0,2,0,0,0,0,0,0,0,0,0,0,0,0,0,0,0,0,0,0,0,0,0,0,0,0,0,0,0,0,0,0,0,0	0,0,1,0,0,1,0,0,0,0,0,0,0,0,0,0,1,0,0,0,1,0,0,0,0,0,0,0,0,0,0,0,1,0,0,0,0,0,0,0	8	16	2	16	8	3	1612508	1612068	0,0,0,0,0,0,0,2,0,0,0,0,0,0,0,0,0,0,0,0,0,0,0,0,0,0,0,0,0,0,0,0,0,0,0,0,0,0,0,0	0,0,0,0,0,1,0,0,0,0,0,0,0,0,0,0,0,0,0,0,1,0,0,0,0,0,0,0,0,0,0,0,1,0,0,0,0,0,0,0
tb.dut.clusters[0].cluster.sockets[0].socket.cores[0].core.execute.fpu_unit.genblk1[0].fpu_fpnew.genblk3[1].fpnew_core.gen_operation_groups[2].i_opgroup_block.i_arbiter.gen_arbiter	17	1150	1496	16	2	16	8	3	1612508	1612068	0,0,0,0,0,0,0,2,0,0,0,0,0,0,0,0,0,0,0,0,0,0,0,0,0,0,0,0,0,0,0,0,0,0,0,0,0,0,0,0	0,0,0,0,0,1,0,0,0,0,0,0,0,0,0,0,0,0,0,0,1,0,0,0,0,0,0,0,0,0,0,0,1,0,0,0,0,0,0,0	6	16	2	16	8	3	1612508	1612068	0,0,0,0,0,0,0,2,0,0,0,0,0,0,0,0,0,0,0,0,0,0,0,0,0,0,0,0,0,0,0,0,0,0,0,0,0,0,0,0	0,0,0,0,0,1,0,0,0,0,0,0,0,0,0,0,0,0,0,0,1,0,0,0,0,0,0,0,0,0,0,0,1,0,0,0,0,0,0,0
tb.dut.clusters[0].cluster.sockets[0].socket.cores[0].core.execute.fpu_unit.genblk1[0].fpu_fpnew.genblk3[1].fpnew_core.gen_operation_groups[2].i_opgroup_block.i_arbiter.gen_arbiter.gen_int_rr	18	340	160	16	2	16	8	3	1612508	1612068	0,0,0,0,0,0,0,2,0,0,0,0,0,0,0,0,0,0,0,0,0,0,0,0,0,0,0,0,0,0,0,0,0,0,0,0,0,0,0,0	0,0,0,0,0,1,0,0,0,0,0,0,0,0,0,0,0,0,0,0,1,0,0,0,0,0,0,0,0,0,0,0,1,0,0,0,0,0,0,0	2	16	2	16	8	3	1612508	1612068	0,0,0,0,0,0,0,2,0,0,0,0,0,0,0,0,0,0,0,0,0,0,0,0,0,0,0,0,0,0,0,0,0,0,0,0,0,0,0,0	0,0,0,0,0,1,0,0,0,0,0,0,0,0,0,0,0,0,0,0,1,0,0,0,0,0,0,0,0,0,0,0,1,0,0,0,0,0,0,0
tb.dut.clusters[0].cluster.sockets[0].socket.cores[0].core.execute.fpu_unit.genblk1[0].fpu_fpnew.genblk3[1].fpnew_core.gen_operation_groups[2].i_opgroup_block.i_arbiter.gen_arbiter.gen_int_rr.gen_fair_arb	19	337	160	16	2	16	8	3	1612508	1612068	0,0,0,0,0,0,0,2,0,0,0,0,0,0,0,0,0,0,0,0,0,0,0,0,0,0,0,0,0,0,0,0,0,0,0,0,0,0,0,0	0,0,0,0,0,1,0,0,0,0,0,0,0,0,0,0,0,0,0,0,1,0,0,0,0,0,0,0,0,0,0,0,1,0,0,0,0,0,0,0	2	16	2	16	8	3	1612508	1612068	0,0,0,0,0,0,0,2,0,0,0,0,0,0,0,0,0,0,0,0,0,0,0,0,0,0,0,0,0,0,0,0,0,0,0,0,0,0,0,0	0,0,0,0,0,1,0,0,0,0,0,0,0,0,0,0,0,0,0,0,1,0,0,0,0,0,0,0,0,0,0,0,1,0,0,0,0,0,0,0
tb.dut.clusters[0].cluster.sockets[0].socket.cores[0].core.execute.fpu_unit.genblk1[0].fpu_fpnew.genblk3[1].fpnew_core.gen_operation_groups[2].i_opgroup_block.i_arbiter.gen_arbiter.gen_int_rr.gen_fair_arb.i_lzc_lower	20	158	144	16	2	16	8	3	1612508	1612068	0,0,0,0,0,0,0,2,0,0,0,0,0,0,0,0,0,0,0,0,0,0,0,0,0,0,0,0,0,0,0,0,0,0,0,0,0,0,0,0	0,0,0,0,0,1,0,0,0,0,0,0,0,0,0,0,0,0,0,0,1,0,0,0,0,0,0,0,0,0,0,0,1,0,0,0,0,0,0,0	2	16	2	16	8	3	1612508	1612068	0,0,0,0,0,0,0,2,0,0,0,0,0,0,0,0,0,0,0,0,0,0,0,0,0,0,0,0,0,0,0,0,0,0,0,0,0,0,0,0	0,0,0,0,0,1,0,0,0,0,0,0,0,0,0,0,0,0,0,0,1,0,0,0,0,0,0,0,0,0,0,0,1,0,0,0,0,0,0,0
tb.dut.clusters[0].cluster.sockets[0].socket.cores[0].core.execute.fpu_unit.genblk1[0].fpu_fpnew.genblk3[1].fpnew_core.gen_operation_groups[2].i_opgroup_block.i_arbiter.gen_arbiter.gen_int_rr.gen_fair_arb.i_lzc_lower.gen_lzc	21	84	112	16	2	16	8	3	1612508	1612068	0,0,0,0,0,0,0,2,0,0,0,0,0,0,0,0,0,0,0,0,0,0,0,0,0,0,0,0,0,0,0,0,0,0,0,0,0,0,0,0	0,0,0,0,0,1,0,0,0,0,0,0,0,0,0,0,0,0,0,0,1,0,0,0,0,0,0,0,0,0,0,0,1,0,0,0,0,0,0,0	2	16	2	16	8	3	1612508	1612068	0,0,0,0,0,0,0,2,0,0,0,0,0,0,0,0,0,0,0,0,0,0,0,0,0,0,0,0,0,0,0,0,0,0,0,0,0,0,0,0	0,0,0,0,0,1,0,0,0,0,0,0,0,0,0,0,0,0,0,0,1,0,0,0,0,0,0,0,0,0,0,0,1,0,0,0,0,0,0,0
tb.dut.clusters[0].cluster.sockets[0].socket.cores[0].core.execute.fpu_unit.genblk1[0].fpu_fpnew.genblk3[1].fpnew_core.gen_operation_groups[2].i_opgroup_block.i_arbiter.gen_arbiter.gen_int_rr.gen_fair_arb.i_lzc_upper	20	158	0	0	0	0	0	1	1612524	1612524	0,0,0,0,0,0,0,0,0,0,0,0,0,0,0,0,0,0,0,0,0,0,0,0,0,0,0,0,0,0,0,0,0,0,0,0,0,0,0,0	0,0,0,0,0,0,0,0,0,0,0,0,0,0,0,0,0,0,0,0,0,0,0,0,0,0,0,0,0,0,0,0,1,0,0,0,0,0,0,0	2	0	0	0	0	1	1612524	1612524	0,0,0,0,0,0,0,0,0,0,0,0,0,0,0,0,0,0,0,0,0,0,0,0,0,0,0,0,0,0,0,0,0,0,0,0,0,0,0,0	0,0,0,0,0,0,0,0,0,0,0,0,0,0,0,0,0,0,0,0,0,0,0,0,0,0,0,0,0,0,0,0,1,0,0,0,0,0,0,0
tb.dut.clusters[0].cluster.sockets[0].socket.cores[0].core.execute.fpu_unit.genblk1[0].fpu_fpnew.genblk3[1].fpnew_core.gen_operation_groups[2].i_opgroup_block.i_arbiter.gen_arbiter.gen_int_rr.gen_fair_arb.i_lzc_upper.gen_lzc	21	84	0	0	0	0	0	1	1612524	1612524	0,0,0,0,0,0,0,0,0,0,0,0,0,0,0,0,0,0,0,0,0,0,0,0,0,0,0,0,0,0,0,0,0,0,0,0,0,0,0,0	0,0,0,0,0,0,0,0,0,0,0,0,0,0,0,0,0,0,0,0,0,0,0,0,0,0,0,0,0,0,0,0,1,0,0,0,0,0,0,0	2	0	0	0	0	1	1612524	1612524	0,0,0,0,0,0,0,0,0,0,0,0,0,0,0,0,0,0,0,0,0,0,0,0,0,0,0,0,0,0,0,0,0,0,0,0,0,0,0,0	0,0,0,0,0,0,0,0,0,0,0,0,0,0,0,0,0,0,0,0,0,0,0,0,0,0,0,0,0,0,0,0,1,0,0,0,0,0,0,0
tb.dut.clusters[0].cluster.sockets[0].socket.cores[0].core.execute.fpu_unit.genblk1[0].fpu_fpnew.genblk3[1].fpnew_core.gen_operation_groups[2].i_opgroup_block.i_arbiter.gen_arbiter.gen_levels[0]	18	65	16	16	2	16	8	3	1612508	1612068	0,0,0,0,0,0,0,2,0,0,0,0,0,0,0,0,0,0,0,0,0,0,0,0,0,0,0,0,0,0,0,0,0,0,0,0,0,0,0,0	0,0,0,0,0,1,0,0,0,0,0,0,0,0,0,0,0,0,0,0,1,0,0,0,0,0,0,0,0,0,0,0,1,0,0,0,0,0,0,0	2	0	0	0	0	1	1612524	1612524	0,0,0,0,0,0,0,0,0,0,0,0,0,0,0,0,0,0,0,0,0,0,0,0,0,0,0,0,0,0,0,0,0,0,0,0,0,0,0,0	0,0,0,0,0,0,0,0,0,0,0,0,0,0,0,0,0,0,0,0,0,0,0,0,0,0,0,0,0,0,0,0,1,0,0,0,0,0,0,0
tb.dut.clusters[0].cluster.sockets[0].socket.cores[0].core.execute.fpu_unit.genblk1[0].fpu_fpnew.genblk3[1].fpnew_core.gen_operation_groups[2].i_opgroup_block.i_arbiter.gen_arbiter.gen_levels[0].gen_level[0]	19	65	16	16	2	16	8	3	1612508	1612068	0,0,0,0,0,0,0,2,0,0,0,0,0,0,0,0,0,0,0,0,0,0,0,0,0,0,0,0,0,0,0,0,0,0,0,0,0,0,0,0	0,0,0,0,0,1,0,0,0,0,0,0,0,0,0,0,0,0,0,0,1,0,0,0,0,0,0,0,0,0,0,0,1,0,0,0,0,0,0,0	2	0	0	0	0	1	1612524	1612524	0,0,0,0,0,0,0,0,0,0,0,0,0,0,0,0,0,0,0,0,0,0,0,0,0,0,0,0,0,0,0,0,0,0,0,0,0,0,0,0	0,0,0,0,0,0,0,0,0,0,0,0,0,0,0,0,0,0,0,0,0,0,0,0,0,0,0,0,0,0,0,0,1,0,0,0,0,0,0,0
tb.dut.clusters[0].cluster.sockets[0].socket.cores[0].core.execute.fpu_unit.genblk1[0].fpu_fpnew.genblk3[1].fpnew_core.gen_operation_groups[2].i_opgroup_block.i_arbiter.gen_arbiter.gen_levels[1]	18	130	16	16	2	16	8	3	1612508	1612068	0,0,0,0,0,0,0,2,0,0,0,0,0,0,0,0,0,0,0,0,0,0,0,0,0,0,0,0,0,0,0,0,0,0,0,0,0,0,0,0	0,0,0,0,0,1,0,0,0,0,0,0,0,0,0,0,0,0,0,0,1,0,0,0,0,0,0,0,0,0,0,0,1,0,0,0,0,0,0,0	2	0	0	0	0	1	1612524	1612524	0,0,0,0,0,0,0,0,0,0,0,0,0,0,0,0,0,0,0,0,0,0,0,0,0,0,0,0,0,0,0,0,0,0,0,0,0,0,0,0	0,0,0,0,0,0,0,0,0,0,0,0,0,0,0,0,0,0,0,0,0,0,0,0,0,0,0,0,0,0,0,0,1,0,0,0,0,0,0,0
tb.dut.clusters[0].cluster.sockets[0].socket.cores[0].core.execute.fpu_unit.genblk1[0].fpu_fpnew.genblk3[1].fpnew_core.gen_operation_groups[2].i_opgroup_block.i_arbiter.gen_arbiter.gen_levels[1].gen_level[0]	19	65	16	16	2	16	8	3	1612508	1612068	0,0,0,0,0,0,0,2,0,0,0,0,0,0,0,0,0,0,0,0,0,0,0,0,0,0,0,0,0,0,0,0,0,0,0,0,0,0,0,0	0,0,0,0,0,1,0,0,0,0,0,0,0,0,0,0,0,0,0,0,1,0,0,0,0,0,0,0,0,0,0,0,1,0,0,0,0,0,0,0	2	0	0	0	0	1	1612524	1612524	0,0,0,0,0,0,0,0,0,0,0,0,0,0,0,0,0,0,0,0,0,0,0,0,0,0,0,0,0,0,0,0,0,0,0,0,0,0,0,0	0,0,0,0,0,0,0,0,0,0,0,0,0,0,0,0,0,0,0,0,0,0,0,0,0,0,0,0,0,0,0,0,1,0,0,0,0,0,0,0
tb.dut.clusters[0].cluster.sockets[0].socket.cores[0].core.execute.fpu_unit.genblk1[0].fpu_fpnew.genblk3[1].fpnew_core.gen_operation_groups[2].i_opgroup_block.i_arbiter.gen_arbiter.gen_levels[1].gen_level[1]	19	65	0	0	0	0	0	1	1612524	1612524	0,0,0,0,0,0,0,0,0,0,0,0,0,0,0,0,0,0,0,0,0,0,0,0,0,0,0,0,0,0,0,0,0,0,0,0,0,0,0,0	0,0,0,0,0,0,0,0,0,0,0,0,0,0,0,0,0,0,0,0,0,0,0,0,0,0,0,0,0,0,0,0,1,0,0,0,0,0,0,0	2	0	0	0	0	1	1612524	1612524	0,0,0,0,0,0,0,0,0,0,0,0,0,0,0,0,0,0,0,0,0,0,0,0,0,0,0,0,0,0,0,0,0,0,0,0,0,0,0,0	0,0,0,0,0,0,0,0,0,0,0,0,0,0,0,0,0,0,0,0,0,0,0,0,0,0,0,0,0,0,0,0,1,0,0,0,0,0,0,0
tb.dut.clusters[0].cluster.sockets[0].socket.cores[0].core.execute.fpu_unit.genblk1[0].fpu_fpnew.genblk3[1].fpnew_core.gen_operation_groups[2].i_opgroup_block.i_arbiter.gen_arbiter.gen_levels[2]	18	260	16	16	2	16	8	3	1612508	1612068	0,0,0,0,0,0,0,2,0,0,0,0,0,0,0,0,0,0,0,0,0,0,0,0,0,0,0,0,0,0,0,0,0,0,0,0,0,0,0,0	0,0,0,0,0,1,0,0,0,0,0,0,0,0,0,0,0,0,0,0,1,0,0,0,0,0,0,0,0,0,0,0,1,0,0,0,0,0,0,0	2	0	0	0	0	1	1612524	1612524	0,0,0,0,0,0,0,0,0,0,0,0,0,0,0,0,0,0,0,0,0,0,0,0,0,0,0,0,0,0,0,0,0,0,0,0,0,0,0,0	0,0,0,0,0,0,0,0,0,0,0,0,0,0,0,0,0,0,0,0,0,0,0,0,0,0,0,0,0,0,0,0,1,0,0,0,0,0,0,0
tb.dut.clusters[0].cluster.sockets[0].socket.cores[0].core.execute.fpu_unit.genblk1[0].fpu_fpnew.genblk3[1].fpnew_core.gen_operation_groups[2].i_opgroup_block.i_arbiter.gen_arbiter.gen_levels[2].gen_level[0]	19	65	16	16	2	16	8	3	1612508	1612068	0,0,0,0,0,0,0,2,0,0,0,0,0,0,0,0,0,0,0,0,0,0,0,0,0,0,0,0,0,0,0,0,0,0,0,0,0,0,0,0	0,0,0,0,0,1,0,0,0,0,0,0,0,0,0,0,0,0,0,0,1,0,0,0,0,0,0,0,0,0,0,0,1,0,0,0,0,0,0,0	2	0	0	0	0	1	1612524	1612524	0,0,0,0,0,0,0,0,0,0,0,0,0,0,0,0,0,0,0,0,0,0,0,0,0,0,0,0,0,0,0,0,0,0,0,0,0,0,0,0	0,0,0,0,0,0,0,0,0,0,0,0,0,0,0,0,0,0,0,0,0,0,0,0,0,0,0,0,0,0,0,0,1,0,0,0,0,0,0,0
tb.dut.clusters[0].cluster.sockets[0].socket.cores[0].core.execute.fpu_unit.genblk1[0].fpu_fpnew.genblk3[1].fpnew_core.gen_operation_groups[2].i_opgroup_block.i_arbiter.gen_arbiter.gen_levels[2].gen_level[1]	19	65	0	0	0	0	0	1	1612524	1612524	0,0,0,0,0,0,0,0,0,0,0,0,0,0,0,0,0,0,0,0,0,0,0,0,0,0,0,0,0,0,0,0,0,0,0,0,0,0,0,0	0,0,0,0,0,0,0,0,0,0,0,0,0,0,0,0,0,0,0,0,0,0,0,0,0,0,0,0,0,0,0,0,1,0,0,0,0,0,0,0	2	0	0	0	0	1	1612524	1612524	0,0,0,0,0,0,0,0,0,0,0,0,0,0,0,0,0,0,0,0,0,0,0,0,0,0,0,0,0,0,0,0,0,0,0,0,0,0,0,0	0,0,0,0,0,0,0,0,0,0,0,0,0,0,0,0,0,0,0,0,0,0,0,0,0,0,0,0,0,0,0,0,1,0,0,0,0,0,0,0
tb.dut.clusters[0].cluster.sockets[0].socket.cores[0].core.execute.fpu_unit.genblk1[0].fpu_fpnew.genblk3[1].fpnew_core.gen_operation_groups[2].i_opgroup_block.i_arbiter.gen_arbiter.gen_levels[2].gen_level[2]	19	65	0	0	0	0	0	1	1612524	1612524	0,0,0,0,0,0,0,0,0,0,0,0,0,0,0,0,0,0,0,0,0,0,0,0,0,0,0,0,0,0,0,0,0,0,0,0,0,0,0,0	0,0,0,0,0,0,0,0,0,0,0,0,0,0,0,0,0,0,0,0,0,0,0,0,0,0,0,0,0,0,0,0,1,0,0,0,0,0,0,0	2	0	0	0	0	1	1612524	1612524	0,0,0,0,0,0,0,0,0,0,0,0,0,0,0,0,0,0,0,0,0,0,0,0,0,0,0,0,0,0,0,0,0,0,0,0,0,0,0,0	0,0,0,0,0,0,0,0,0,0,0,0,0,0,0,0,0,0,0,0,0,0,0,0,0,0,0,0,0,0,0,0,1,0,0,0,0,0,0,0
tb.dut.clusters[0].cluster.sockets[0].socket.cores[0].core.execute.fpu_unit.genblk1[0].fpu_fpnew.genblk3[1].fpnew_core.gen_operation_groups[2].i_opgroup_block.i_arbiter.gen_arbiter.gen_levels[2].gen_level[3]	19	65	0	0	0	0	0	1	1612524	1612524	0,0,0,0,0,0,0,0,0,0,0,0,0,0,0,0,0,0,0,0,0,0,0,0,0,0,0,0,0,0,0,0,0,0,0,0,0,0,0,0	0,0,0,0,0,0,0,0,0,0,0,0,0,0,0,0,0,0,0,0,0,0,0,0,0,0,0,0,0,0,0,0,1,0,0,0,0,0,0,0	2	0	0	0	0	1	1612524	1612524	0,0,0,0,0,0,0,0,0,0,0,0,0,0,0,0,0,0,0,0,0,0,0,0,0,0,0,0,0,0,0,0,0,0,0,0,0,0,0,0	0,0,0,0,0,0,0,0,0,0,0,0,0,0,0,0,0,0,0,0,0,0,0,0,0,0,0,0,0,0,0,0,1,0,0,0,0,0,0,0
tb.dut.clusters[0].cluster.sockets[0].socket.cores[0].core.execute.fpu_unit.genblk1[0].fpu_fpnew.genblk3[1].fpnew_core.gen_operation_groups[3]	14	11074	83522047	1343729	237593	1343729	84	237594	268795	8241	2,2047,0,0,233476,9,0,1,0,2,0,1,0,0,0,0,6,2,2047,0,0,0,0,0,0,0,0,0,0,0,0,0,0,0,0,0,0,0,0,0	235541,0,1,1,0,0,0,0,0,0,1,2046,0,0,0,1,1,0,0,0,1,0,0,0,0,1,0,0,0,0,0,0,0,0,0,0,0,0,0,0	56	548422	488975	548422	10	488976	1064102	8251	431655,55252,2057,2,0,1,0,1,0,7,0,0,0,0,0,0,0,0,0,0,0,0,0,0,0,0,0,0,0,0,0,0,0,0,0,0,0,0,0,0	57111,400326,2,204,25020,0,0,3481,6,2,632,1,0,111,0,1678,399,1,0,0,1,0,0,0,0,1,0,0,0,0,0,0,0,0,0,0,0,0,0,0
tb.dut.clusters[0].cluster.sockets[0].socket.cores[0].core.execute.fpu_unit.genblk1[0].fpu_fpnew.genblk3[1].fpnew_core.gen_operation_groups[3].i_opgroup_block	15	11026	83521983	1343729	237593	1343729	84	237594	268795	8241	2,2047,0,0,233476,9,0,1,0,2,0,1,0,0,0,0,6,2,2047,0,0,0,0,0,0,0,0,0,0,0,0,0,0,0,0,0,0,0,0,0	235541,0,1,1,0,0,0,0,0,0,1,2046,0,0,0,1,1,0,0,0,1,0,0,0,0,1,0,0,0,0,0,0,0,0,0,0,0,0,0,0	56	548422	488975	548422	10	488976	1064102	8251	431655,55252,2057,2,0,1,0,1,0,7,0,0,0,0,0,0,0,0,0,0,0,0,0,0,0,0,0,0,0,0,0,0,0,0,0,0,0,0,0,0	57111,400326,2,204,25020,0,0,3481,6,2,632,1,0,111,0,1678,399,1,0,0,1,0,0,0,0,1,0,0,0,0,0,0,0,0,0,0,0,0,0,0
tb.dut.clusters[0].cluster.sockets[0].socket.cores[0].core.execute.fpu_unit.genblk1[0].fpu_fpnew.genblk3[1].fpnew_core.gen_operation_groups[3].i_opgroup_block.gen_merged_slice	16	8723	60557182	819425	524321	819425	20	524322	793099	8243	235525,286723,10,0,2054,1,0,0,0,0,0,0,0,0,0,0,8,0,0,0,0,0,0,0,0,0,0,0,0,0,0,0,0,0,0,0,0,0,0,0	288791,233478,1,0,1,0,0,0,0,0,0,0,1,2046,0,0,2,0,0,0,1,0,0,0,0,1,0,0,0,0,0,0,0,0,0,0,0,0,0,0	44	537038	477652	537038	10	477653	1075486	8251	420390,55197,2054,2,0,1,0,1,0,7,0,0,0,0,0,0,0,0,0,0,0,0,0,0,0,0,0,0,0,0,0,0,0,0,0,0,0,0,0,0	56879,381484,2,385,30152,1,0,5201,6,2,1187,1,0,227,0,1678,444,2,0,0,1,0,0,0,0,1,0,0,0,0,0,0,0,0,0,0,0,0,0,0
tb.dut.clusters[0].cluster.sockets[0].socket.cores[0].core.execute.fpu_unit.genblk1[0].fpu_fpnew.genblk3[1].fpnew_core.gen_operation_groups[3].i_opgroup_block.gen_merged_slice.i_multifmt_slice	17	8687	60557118	819425	524321	819425	20	524322	793099	8243	235525,286723,10,0,2054,1,0,0,0,0,0,0,0,0,0,0,8,0,0,0,0,0,0,0,0,0,0,0,0,0,0,0,0,0,0,0,0,0,0,0	288791,233478,1,0,1,0,0,0,0,0,0,0,1,2046,0,0,2,0,0,0,1,0,0,0,0,1,0,0,0,0,0,0,0,0,0,0,0,0,0,0	44	537038	477652	537038	10	477653	1075486	8251	420390,55197,2054,2,0,1,0,1,0,7,0,0,0,0,0,0,0,0,0,0,0,0,0,0,0,0,0,0,0,0,0,0,0,0,0,0,0,0,0,0	56879,381484,2,385,30152,1,0,5201,6,2,1187,1,0,227,0,1678,444,2,0,0,1,0,0,0,0,1,0,0,0,0,0,0,0,0,0,0,0,0,0,0
tb.dut.clusters[0].cluster.sockets[0].socket.cores[0].core.execute.fpu_unit.genblk1[0].fpu_fpnew.genblk3[1].fpnew_core.gen_operation_groups[3].i_opgroup_block.gen_merged_slice.i_multifmt_slice.extend_fp_result[0]	18	32	0	0	0	0	0	1	1612524	1612524	0,0,0,0,0,0,0,0,0,0,0,0,0,0,0,0,0,0,0,0,0,0,0,0,0,0,0,0,0,0,0,0,0,0,0,0,0,0,0,0	0,0,0,0,0,0,0,0,0,0,0,0,0,0,0,0,0,0,0,0,0,0,0,0,0,0,0,0,0,0,0,0,1,0,0,0,0,0,0,0	2	0	0	0	0	1	1612524	1612524	0,0,0,0,0,0,0,0,0,0,0,0,0,0,0,0,0,0,0,0,0,0,0,0,0,0,0,0,0,0,0,0,0,0,0,0,0,0,0,0	0,0,0,0,0,0,0,0,0,0,0,0,0,0,0,0,0,0,0,0,0,0,0,0,0,0,0,0,0,0,0,0,1,0,0,0,0,0,0,0
tb.dut.clusters[0].cluster.sockets[0].socket.cores[0].core.execute.fpu_unit.genblk1[0].fpu_fpnew.genblk3[1].fpnew_core.gen_operation_groups[3].i_opgroup_block.gen_merged_slice.i_multifmt_slice.extend_fp_result[1]	18	32	0	0	0	0	0	1	1612524	1612524	0,0,0,0,0,0,0,0,0,0,0,0,0,0,0,0,0,0,0,0,0,0,0,0,0,0,0,0,0,0,0,0,0,0,0,0,0,0,0,0	0,0,0,0,0,0,0,0,0,0,0,0,0,0,0,0,0,0,0,0,0,0,0,0,0,0,0,0,0,0,0,0,1,0,0,0,0,0,0,0	2	0	0	0	0	1	1612524	1612524	0,0,0,0,0,0,0,0,0,0,0,0,0,0,0,0,0,0,0,0,0,0,0,0,0,0,0,0,0,0,0,0,0,0,0,0,0,0,0,0	0,0,0,0,0,0,0,0,0,0,0,0,0,0,0,0,0,0,0,0,0,0,0,0,0,0,0,0,0,0,0,0,1,0,0,0,0,0,0,0
tb.dut.clusters[0].cluster.sockets[0].socket.cores[0].core.execute.fpu_unit.genblk1[0].fpu_fpnew.genblk3[1].fpnew_core.gen_operation_groups[3].i_opgroup_block.gen_merged_slice.i_multifmt_slice.extend_fp_result[2]	18	32	0	0	0	0	0	1	1612524	1612524	0,0,0,0,0,0,0,0,0,0,0,0,0,0,0,0,0,0,0,0,0,0,0,0,0,0,0,0,0,0,0,0,0,0,0,0,0,0,0,0	0,0,0,0,0,0,0,0,0,0,0,0,0,0,0,0,0,0,0,0,0,0,0,0,0,0,0,0,0,0,0,0,1,0,0,0,0,0,0,0	2	0	0	0	0	1	1612524	1612524	0,0,0,0,0,0,0,0,0,0,0,0,0,0,0,0,0,0,0,0,0,0,0,0,0,0,0,0,0,0,0,0,0,0,0,0,0,0,0,0	0,0,0,0,0,0,0,0,0,0,0,0,0,0,0,0,0,0,0,0,0,0,0,0,0,0,0,0,0,0,0,0,1,0,0,0,0,0,0,0
tb.dut.clusters[0].cluster.sockets[0].socket.cores[0].core.execute.fpu_unit.genblk1[0].fpu_fpnew.genblk3[1].fpnew_core.gen_operation_groups[3].i_opgroup_block.gen_merged_slice.i_multifmt_slice.extend_fp_result[3]	18	32	0	0	0	0	0	1	1612524	1612524	0,0,0,0,0,0,0,0,0,0,0,0,0,0,0,0,0,0,0,0,0,0,0,0,0,0,0,0,0,0,0,0,0,0,0,0,0,0,0,0	0,0,0,0,0,0,0,0,0,0,0,0,0,0,0,0,0,0,0,0,0,0,0,0,0,0,0,0,0,0,0,0,1,0,0,0,0,0,0,0	2	0	0	0	0	1	1612524	1612524	0,0,0,0,0,0,0,0,0,0,0,0,0,0,0,0,0,0,0,0,0,0,0,0,0,0,0,0,0,0,0,0,0,0,0,0,0,0,0,0	0,0,0,0,0,0,0,0,0,0,0,0,0,0,0,0,0,0,0,0,0,0,0,0,0,0,0,0,0,0,0,0,1,0,0,0,0,0,0,0
tb.dut.clusters[0].cluster.sockets[0].socket.cores[0].core.execute.fpu_unit.genblk1[0].fpu_fpnew.genblk3[1].fpnew_core.gen_operation_groups[3].i_opgroup_block.gen_merged_slice.i_multifmt_slice.extend_fp_result[4]	18	32	0	0	0	0	0	1	1612524	1612524	0,0,0,0,0,0,0,0,0,0,0,0,0,0,0,0,0,0,0,0,0,0,0,0,0,0,0,0,0,0,0,0,0,0,0,0,0,0,0,0	0,0,0,0,0,0,0,0,0,0,0,0,0,0,0,0,0,0,0,0,0,0,0,0,0,0,0,0,0,0,0,0,1,0,0,0,0,0,0,0	2	0	0	0	0	1	1612524	1612524	0,0,0,0,0,0,0,0,0,0,0,0,0,0,0,0,0,0,0,0,0,0,0,0,0,0,0,0,0,0,0,0,0,0,0,0,0,0,0,0	0,0,0,0,0,0,0,0,0,0,0,0,0,0,0,0,0,0,0,0,0,0,0,0,0,0,0,0,0,0,0,0,1,0,0,0,0,0,0,0
tb.dut.clusters[0].cluster.sockets[0].socket.cores[0].core.execute.fpu_unit.genblk1[0].fpu_fpnew.genblk3[1].fpnew_core.gen_operation_groups[3].i_opgroup_block.gen_merged_slice.i_multifmt_slice.extend_or_mute_int_result[0]	18	32	0	0	0	0	0	1	1612524	1612524	0,0,0,0,0,0,0,0,0,0,0,0,0,0,0,0,0,0,0,0,0,0,0,0,0,0,0,0,0,0,0,0,0,0,0,0,0,0,0,0	0,0,0,0,0,0,0,0,0,0,0,0,0,0,0,0,0,0,0,0,0,0,0,0,0,0,0,0,0,0,0,0,1,0,0,0,0,0,0,0	2	0	0	0	0	1	1612524	1612524	0,0,0,0,0,0,0,0,0,0,0,0,0,0,0,0,0,0,0,0,0,0,0,0,0,0,0,0,0,0,0,0,0,0,0,0,0,0,0,0	0,0,0,0,0,0,0,0,0,0,0,0,0,0,0,0,0,0,0,0,0,0,0,0,0,0,0,0,0,0,0,0,1,0,0,0,0,0,0,0
tb.dut.clusters[0].cluster.sockets[0].socket.cores[0].core.execute.fpu_unit.genblk1[0].fpu_fpnew.genblk3[1].fpnew_core.gen_operation_groups[3].i_opgroup_block.gen_merged_slice.i_multifmt_slice.extend_or_mute_int_result[0].extend_int_result	19	32	0	0	0	0	0	1	1612524	1612524	0,0,0,0,0,0,0,0,0,0,0,0,0,0,0,0,0,0,0,0,0,0,0,0,0,0,0,0,0,0,0,0,0,0,0,0,0,0,0,0	0,0,0,0,0,0,0,0,0,0,0,0,0,0,0,0,0,0,0,0,0,0,0,0,0,0,0,0,0,0,0,0,1,0,0,0,0,0,0,0	2	0	0	0	0	1	1612524	1612524	0,0,0,0,0,0,0,0,0,0,0,0,0,0,0,0,0,0,0,0,0,0,0,0,0,0,0,0,0,0,0,0,0,0,0,0,0,0,0,0	0,0,0,0,0,0,0,0,0,0,0,0,0,0,0,0,0,0,0,0,0,0,0,0,0,0,0,0,0,0,0,0,1,0,0,0,0,0,0,0
tb.dut.clusters[0].cluster.sockets[0].socket.cores[0].core.execute.fpu_unit.genblk1[0].fpu_fpnew.genblk3[1].fpnew_core.gen_operation_groups[3].i_opgroup_block.gen_merged_slice.i_multifmt_slice.extend_or_mute_int_result[1]	18	32	0	0	0	0	0	1	1612524	1612524	0,0,0,0,0,0,0,0,0,0,0,0,0,0,0,0,0,0,0,0,0,0,0,0,0,0,0,0,0,0,0,0,0,0,0,0,0,0,0,0	0,0,0,0,0,0,0,0,0,0,0,0,0,0,0,0,0,0,0,0,0,0,0,0,0,0,0,0,0,0,0,0,1,0,0,0,0,0,0,0	2	0	0	0	0	1	1612524	1612524	0,0,0,0,0,0,0,0,0,0,0,0,0,0,0,0,0,0,0,0,0,0,0,0,0,0,0,0,0,0,0,0,0,0,0,0,0,0,0,0	0,0,0,0,0,0,0,0,0,0,0,0,0,0,0,0,0,0,0,0,0,0,0,0,0,0,0,0,0,0,0,0,1,0,0,0,0,0,0,0
tb.dut.clusters[0].cluster.sockets[0].socket.cores[0].core.execute.fpu_unit.genblk1[0].fpu_fpnew.genblk3[1].fpnew_core.gen_operation_groups[3].i_opgroup_block.gen_merged_slice.i_multifmt_slice.extend_or_mute_int_result[1].extend_int_result	19	32	0	0	0	0	0	1	1612524	1612524	0,0,0,0,0,0,0,0,0,0,0,0,0,0,0,0,0,0,0,0,0,0,0,0,0,0,0,0,0,0,0,0,0,0,0,0,0,0,0,0	0,0,0,0,0,0,0,0,0,0,0,0,0,0,0,0,0,0,0,0,0,0,0,0,0,0,0,0,0,0,0,0,1,0,0,0,0,0,0,0	2	0	0	0	0	1	1612524	1612524	0,0,0,0,0,0,0,0,0,0,0,0,0,0,0,0,0,0,0,0,0,0,0,0,0,0,0,0,0,0,0,0,0,0,0,0,0,0,0,0	0,0,0,0,0,0,0,0,0,0,0,0,0,0,0,0,0,0,0,0,0,0,0,0,0,0,0,0,0,0,0,0,1,0,0,0,0,0,0,0
tb.dut.clusters[0].cluster.sockets[0].socket.cores[0].core.execute.fpu_unit.genblk1[0].fpu_fpnew.genblk3[1].fpnew_core.gen_operation_groups[3].i_opgroup_block.gen_merged_slice.i_multifmt_slice.extend_or_mute_int_result[2]	18	32	0	0	0	0	0	1	1612524	1612524	0,0,0,0,0,0,0,0,0,0,0,0,0,0,0,0,0,0,0,0,0,0,0,0,0,0,0,0,0,0,0,0,0,0,0,0,0,0,0,0	0,0,0,0,0,0,0,0,0,0,0,0,0,0,0,0,0,0,0,0,0,0,0,0,0,0,0,0,0,0,0,0,1,0,0,0,0,0,0,0	2	0	0	0	0	1	1612524	1612524	0,0,0,0,0,0,0,0,0,0,0,0,0,0,0,0,0,0,0,0,0,0,0,0,0,0,0,0,0,0,0,0,0,0,0,0,0,0,0,0	0,0,0,0,0,0,0,0,0,0,0,0,0,0,0,0,0,0,0,0,0,0,0,0,0,0,0,0,0,0,0,0,1,0,0,0,0,0,0,0
tb.dut.clusters[0].cluster.sockets[0].socket.cores[0].core.execute.fpu_unit.genblk1[0].fpu_fpnew.genblk3[1].fpnew_core.gen_operation_groups[3].i_opgroup_block.gen_merged_slice.i_multifmt_slice.extend_or_mute_int_result[2].extend_int_result	19	32	0	0	0	0	0	1	1612524	1612524	0,0,0,0,0,0,0,0,0,0,0,0,0,0,0,0,0,0,0,0,0,0,0,0,0,0,0,0,0,0,0,0,0,0,0,0,0,0,0,0	0,0,0,0,0,0,0,0,0,0,0,0,0,0,0,0,0,0,0,0,0,0,0,0,0,0,0,0,0,0,0,0,1,0,0,0,0,0,0,0	2	0	0	0	0	1	1612524	1612524	0,0,0,0,0,0,0,0,0,0,0,0,0,0,0,0,0,0,0,0,0,0,0,0,0,0,0,0,0,0,0,0,0,0,0,0,0,0,0,0	0,0,0,0,0,0,0,0,0,0,0,0,0,0,0,0,0,0,0,0,0,0,0,0,0,0,0,0,0,0,0,0,1,0,0,0,0,0,0,0
tb.dut.clusters[0].cluster.sockets[0].socket.cores[0].core.execute.fpu_unit.genblk1[0].fpu_fpnew.genblk3[1].fpnew_core.gen_operation_groups[3].i_opgroup_block.gen_merged_slice.i_multifmt_slice.extend_or_mute_int_result[3]	18	32	0	0	0	0	0	1	1612524	1612524	0,0,0,0,0,0,0,0,0,0,0,0,0,0,0,0,0,0,0,0,0,0,0,0,0,0,0,0,0,0,0,0,0,0,0,0,0,0,0,0	0,0,0,0,0,0,0,0,0,0,0,0,0,0,0,0,0,0,0,0,0,0,0,0,0,0,0,0,0,0,0,0,1,0,0,0,0,0,0,0	2	0	0	0	0	1	1612524	1612524	0,0,0,0,0,0,0,0,0,0,0,0,0,0,0,0,0,0,0,0,0,0,0,0,0,0,0,0,0,0,0,0,0,0,0,0,0,0,0,0	0,0,0,0,0,0,0,0,0,0,0,0,0,0,0,0,0,0,0,0,0,0,0,0,0,0,0,0,0,0,0,0,1,0,0,0,0,0,0,0
tb.dut.clusters[0].cluster.sockets[0].socket.cores[0].core.execute.fpu_unit.genblk1[0].fpu_fpnew.genblk3[1].fpnew_core.gen_operation_groups[3].i_opgroup_block.gen_merged_slice.i_multifmt_slice.extend_or_mute_int_result[3].extend_int_result	19	32	0	0	0	0	0	1	1612524	1612524	0,0,0,0,0,0,0,0,0,0,0,0,0,0,0,0,0,0,0,0,0,0,0,0,0,0,0,0,0,0,0,0,0,0,0,0,0,0,0,0	0,0,0,0,0,0,0,0,0,0,0,0,0,0,0,0,0,0,0,0,0,0,0,0,0,0,0,0,0,0,0,0,1,0,0,0,0,0,0,0	2	0	0	0	0	1	1612524	1612524	0,0,0,0,0,0,0,0,0,0,0,0,0,0,0,0,0,0,0,0,0,0,0,0,0,0,0,0,0,0,0,0,0,0,0,0,0,0,0,0	0,0,0,0,0,0,0,0,0,0,0,0,0,0,0,0,0,0,0,0,0,0,0,0,0,0,0,0,0,0,0,0,1,0,0,0,0,0,0,0
tb.dut.clusters[0].cluster.sockets[0].socket.cores[0].core.execute.fpu_unit.genblk1[0].fpu_fpnew.genblk3[1].fpnew_core.gen_operation_groups[3].i_opgroup_block.gen_merged_slice.i_multifmt_slice.gen_num_lanes[0]	18	7175	28086462	819425	524321	819425	20	524322	793099	8243	235525,286723,10,0,2054,1,0,0,0,0,0,0,0,0,0,0,8,0,0,0,0,0,0,0,0,0,0,0,0,0,0,0,0,0,0,0,0,0,0,0	288791,233478,1,0,1,0,0,0,0,0,0,0,1,2046,0,0,2,0,0,0,1,0,0,0,0,1,0,0,0,0,0,0,0,0,0,0,0,0,0,0	36	351610	294207	351610	10	294208	1260914	8329	238819,53426,1953,1,0,1,0,0,0,7,0,0,0,0,0,0,0,0,0,0,0,0,0,0,0,0,0,0,0,0,0,0,0,0,0,0,0,0,0,0	53359,201175,13,2078,29328,0,0,48,6,1,2,0,0,0,0,1,4,3,8188,0,1,0,0,0,0,1,0,0,0,0,0,0,0,0,0,0,0,0,0,0
tb.dut.clusters[0].cluster.sockets[0].socket.cores[0].core.execute.fpu_unit.genblk1[0].fpu_fpnew.genblk3[1].fpnew_core.gen_operation_groups[3].i_opgroup_block.gen_merged_slice.i_multifmt_slice.gen_num_lanes[0].active_lane	19	6704	28084762	819425	524321	819425	20	524322	793099	8243	235525,286723,10,0,2054,1,0,0,0,0,0,0,0,0,0,0,8,0,0,0,0,0,0,0,0,0,0,0,0,0,0,0,0,0,0,0,0,0,0,0	288791,233478,1,0,1,0,0,0,0,0,0,0,1,2046,0,0,2,0,0,0,1,0,0,0,0,1,0,0,0,0,0,0,0,0,0,0,0,0,0,0	34	353662	295329	353662	6	295330	1258862	8329	239040,54266,2016,0,0,7,0,0,0,0,0,0,0,0,0,0,0,0,0,0,0,0,0,0,0,0,0,0,0,0,0,0,0,0,0,0,0,0,0,0	54242,202531,8,2057,28266,0,0,20,6,1,1,0,0,1,0,1,3,3,8188,0,1,0,0,0,0,1,0,0,0,0,0,0,0,0,0,0,0,0,0,0
tb.dut.clusters[0].cluster.sockets[0].socket.cores[0].core.execute.fpu_unit.genblk1[0].fpu_fpnew.genblk3[1].fpnew_core.gen_operation_groups[3].i_opgroup_block.gen_merged_slice.i_multifmt_slice.gen_num_lanes[0].active_lane.lane_instance	20	6568	10977230	723169	428065	723169	20	428066	889355	8243	139269,286723,10,0,2054,1,0,0,0,0,0,0,0,0,0,0,8,0,0,0,0,0,0,0,0,0,0,0,0,0,0,0,0,0,0,0,0,0,0,0	192535,137222,1,96256,1,0,0,0,0,0,0,0,1,2046,0,0,2,0,0,0,1,0,0,0,0,1,0,0,0,0,0,0,0,0,0,0,0,0,0,0	33	94148	91547	94148	6	91548	1518376	8329	88982,2544,14,0,6,1,0,0,0,0,0,0,0,0,0,0,0,0,0,0,0,0,0,0,0,0,0,0,0,0,0,0,0,0,0,0,0,0,0,0	2233,9849,727,2209,41020,444,312,3001,481,502,5526,296,176,2027,316,277,8311,4531,9304,4,1,0,0,0,0,1,0,0,0,0,0,0,0,0,0,0,0,0,0,0
tb.dut.clusters[0].cluster.sockets[0].socket.cores[0].core.execute.fpu_unit.genblk1[0].fpu_fpnew.genblk3[1].fpnew_core.gen_operation_groups[3].i_opgroup_block.gen_merged_slice.i_multifmt_slice.gen_num_lanes[0].active_lane.lane_instance.i_fpnew_cast_multi	21	6568	10977230	723169	428065	723169	20	428066	889355	8243	139269,286723,10,0,2054,1,0,0,0,0,0,0,0,0,0,0,8,0,0,0,0,0,0,0,0,0,0,0,0,0,0,0,0,0,0,0,0,0,0,0	192535,137222,1,96256,1,0,0,0,0,0,0,0,1,2046,0,0,2,0,0,0,1,0,0,0,0,1,0,0,0,0,0,0,0,0,0,0,0,0,0,0	33	94148	91547	94148	6	91548	1518376	8329	88982,2544,14,0,6,1,0,0,0,0,0,0,0,0,0,0,0,0,0,0,0,0,0,0,0,0,0,0,0,0,0,0,0,0,0,0,0,0,0,0	2233,9849,727,2209,41020,444,312,3001,481,502,5526,296,176,2027,316,277,8311,4531,9304,4,1,0,0,0,0,1,0,0,0,0,0,0,0,0,0,0,0,0,0,0
tb.dut.clusters[0].cluster.sockets[0].socket.cores[0].core.execute.fpu_unit.genblk1[0].fpu_fpnew.genblk3[1].fpnew_core.gen_operation_groups[3].i_opgroup_block.gen_merged_slice.i_multifmt_slice.gen_num_lanes[0].active_lane.lane_instance.i_fpnew_cast_multi.fmt_init_inputs[0]	22	308	135	32	32	32	1	33	1612492	1611835	32,0,0,0,0,0,0,0,0,0,0,0,0,0,0,0,0,0,0,0,0,0,0,0,0,0,0,0,0,0,0,0,0,0,0,0,0,0,0,0	2,14,7,1,0,0,0,0,0,0,0,0,0,0,0,0,7,0,0,0,1,0,0,0,0,0,0,0,0,0,0,0,1,0,0,0,0,0,0,0	2	32	32	32	1	33	1612492	1611835	32,0,0,0,0,0,0,0,0,0,0,0,0,0,0,0,0,0,0,0,0,0,0,0,0,0,0,0,0,0,0,0,0,0,0,0,0,0,0,0	2,14,7,1,0,0,0,0,0,0,0,0,0,0,0,0,7,0,0,0,1,0,0,0,0,0,0,0,0,0,0,0,1,0,0,0,0,0,0,0
tb.dut.clusters[0].cluster.sockets[0].socket.cores[0].core.execute.fpu_unit.genblk1[0].fpu_fpnew.genblk3[1].fpnew_core.gen_operation_groups[3].i_opgroup_block.gen_merged_slice.i_multifmt_slice.gen_num_lanes[0].active_lane.lane_instance.i_fpnew_cast_multi.fmt_init_inputs[0].active_format	23	212	135	32	32	32	1	33	1612492	1611835	32,0,0,0,0,0,0,0,0,0,0,0,0,0,0,0,0,0,0,0,0,0,0,0,0,0,0,0,0,0,0,0,0,0,0,0,0,0,0,0	2,14,7,1,0,0,0,0,0,0,0,0,0,0,0,0,7,0,0,0,1,0,0,0,0,0,0,0,0,0,0,0,1,0,0,0,0,0,0,0	2	32	32	32	1	33	1612492	1611835	32,0,0,0,0,0,0,0,0,0,0,0,0,0,0,0,0,0,0,0,0,0,0,0,0,0,0,0,0,0,0,0,0,0,0,0,0,0,0,0	2,14,7,1,0,0,0,0,0,0,0,0,0,0,0,0,7,0,0,0,1,0,0,0,0,0,0,0,0,0,0,0,1,0,0,0,0,0,0,0
tb.dut.clusters[0].cluster.sockets[0].socket.cores[0].core.execute.fpu_unit.genblk1[0].fpu_fpnew.genblk3[1].fpnew_core.gen_operation_groups[3].i_opgroup_block.gen_merged_slice.i_multifmt_slice.gen_num_lanes[0].active_lane.lane_instance.i_fpnew_cast_multi.fmt_init_inputs[0].active_format.i_fpnew_classifier	24	212	135	32	32	32	1	33	1612492	1611835	32,0,0,0,0,0,0,0,0,0,0,0,0,0,0,0,0,0,0,0,0,0,0,0,0,0,0,0,0,0,0,0,0,0,0,0,0,0,0,0	2,14,7,1,0,0,0,0,0,0,0,0,0,0,0,0,7,0,0,0,1,0,0,0,0,0,0,0,0,0,0,0,1,0,0,0,0,0,0,0	2	32	32	32	1	33	1612492	1611835	32,0,0,0,0,0,0,0,0,0,0,0,0,0,0,0,0,0,0,0,0,0,0,0,0,0,0,0,0,0,0,0,0,0,0,0,0,0,0,0	2,14,7,1,0,0,0,0,0,0,0,0,0,0,0,0,7,0,0,0,1,0,0,0,0,0,0,0,0,0,0,0,1,0,0,0,0,0,0,0
tb.dut.clusters[0].cluster.sockets[0].socket.cores[0].core.execute.fpu_unit.genblk1[0].fpu_fpnew.genblk3[1].fpnew_core.gen_operation_groups[3].i_opgroup_block.gen_merged_slice.i_multifmt_slice.gen_num_lanes[0].active_lane.lane_instance.i_fpnew_cast_multi.fmt_init_inputs[0].active_format.i_fpnew_classifier.gen_num_values[0]	25	40	67	32	32	32	1	33	1612492	1611835	32,0,0,0,0,0,0,0,0,0,0,0,0,0,0,0,0,0,0,0,0,0,0,0,0,0,0,0,0,0,0,0,0,0,0,0,0,0,0,0	2,14,7,1,0,0,0,0,0,0,0,0,0,0,0,0,7,0,0,0,1,0,0,0,0,0,0,0,0,0,0,0,1,0,0,0,0,0,0,0	2	16	16	16	1	17	1612508	1611838	16,0,0,0,0,0,0,0,0,0,0,0,0,0,0,0,0,0,0,0,0,0,0,0,0,0,0,0,0,0,0,0,0,0,0,0,0,0,0,0	0,0,0,0,0,8,0,0,0,0,0,0,0,0,0,0,7,0,0,0,1,0,0,0,0,0,0,0,0,0,0,0,1,0,0,0,0,0,0,0
tb.dut.clusters[0].cluster.sockets[0].socket.cores[0].core.execute.fpu_unit.genblk1[0].fpu_fpnew.genblk3[1].fpnew_core.gen_operation_groups[3].i_opgroup_block.gen_merged_slice.i_multifmt_slice.gen_num_lanes[0].active_lane.lane_instance.i_fpnew_cast_multi.fmt_init_inputs[1]	22	96	0	0	0	0	0	1	1612524	1612524	0,0,0,0,0,0,0,0,0,0,0,0,0,0,0,0,0,0,0,0,0,0,0,0,0,0,0,0,0,0,0,0,0,0,0,0,0,0,0,0	0,0,0,0,0,0,0,0,0,0,0,0,0,0,0,0,0,0,0,0,0,0,0,0,0,0,0,0,0,0,0,0,1,0,0,0,0,0,0,0	2	0	0	0	0	1	1612524	1612524	0,0,0,0,0,0,0,0,0,0,0,0,0,0,0,0,0,0,0,0,0,0,0,0,0,0,0,0,0,0,0,0,0,0,0,0,0,0,0,0	0,0,0,0,0,0,0,0,0,0,0,0,0,0,0,0,0,0,0,0,0,0,0,0,0,0,0,0,0,0,0,0,1,0,0,0,0,0,0,0
tb.dut.clusters[0].cluster.sockets[0].socket.cores[0].core.execute.fpu_unit.genblk1[0].fpu_fpnew.genblk3[1].fpnew_core.gen_operation_groups[3].i_opgroup_block.gen_merged_slice.i_multifmt_slice.gen_num_lanes[0].active_lane.lane_instance.i_fpnew_cast_multi.fmt_init_inputs[2]	22	96	0	0	0	0	0	1	1612524	1612524	0,0,0,0,0,0,0,0,0,0,0,0,0,0,0,0,0,0,0,0,0,0,0,0,0,0,0,0,0,0,0,0,0,0,0,0,0,0,0,0	0,0,0,0,0,0,0,0,0,0,0,0,0,0,0,0,0,0,0,0,0,0,0,0,0,0,0,0,0,0,0,0,1,0,0,0,0,0,0,0	2	0	0	0	0	1	1612524	1612524	0,0,0,0,0,0,0,0,0,0,0,0,0,0,0,0,0,0,0,0,0,0,0,0,0,0,0,0,0,0,0,0,0,0,0,0,0,0,0,0	0,0,0,0,0,0,0,0,0,0,0,0,0,0,0,0,0,0,0,0,0,0,0,0,0,0,0,0,0,0,0,0,1,0,0,0,0,0,0,0
tb.dut.clusters[0].cluster.sockets[0].socket.cores[0].core.execute.fpu_unit.genblk1[0].fpu_fpnew.genblk3[1].fpnew_core.gen_operation_groups[3].i_opgroup_block.gen_merged_slice.i_multifmt_slice.gen_num_lanes[0].active_lane.lane_instance.i_fpnew_cast_multi.fmt_init_inputs[3]	22	96	0	0	0	0	0	1	1612524	1612524	0,0,0,0,0,0,0,0,0,0,0,0,0,0,0,0,0,0,0,0,0,0,0,0,0,0,0,0,0,0,0,0,0,0,0,0,0,0,0,0	0,0,0,0,0,0,0,0,0,0,0,0,0,0,0,0,0,0,0,0,0,0,0,0,0,0,0,0,0,0,0,0,1,0,0,0,0,0,0,0	2	0	0	0	0	1	1612524	1612524	0,0,0,0,0,0,0,0,0,0,0,0,0,0,0,0,0,0,0,0,0,0,0,0,0,0,0,0,0,0,0,0,0,0,0,0,0,0,0,0	0,0,0,0,0,0,0,0,0,0,0,0,0,0,0,0,0,0,0,0,0,0,0,0,0,0,0,0,0,0,0,0,1,0,0,0,0,0,0,0
tb.dut.clusters[0].cluster.sockets[0].socket.cores[0].core.execute.fpu_unit.genblk1[0].fpu_fpnew.genblk3[1].fpnew_core.gen_operation_groups[3].i_opgroup_block.gen_merged_slice.i_multifmt_slice.gen_num_lanes[0].active_lane.lane_instance.i_fpnew_cast_multi.fmt_init_inputs[4]	22	96	0	0	0	0	0	1	1612524	1612524	0,0,0,0,0,0,0,0,0,0,0,0,0,0,0,0,0,0,0,0,0,0,0,0,0,0,0,0,0,0,0,0,0,0,0,0,0,0,0,0	0,0,0,0,0,0,0,0,0,0,0,0,0,0,0,0,0,0,0,0,0,0,0,0,0,0,0,0,0,0,0,0,1,0,0,0,0,0,0,0	2	0	0	0	0	1	1612524	1612524	0,0,0,0,0,0,0,0,0,0,0,0,0,0,0,0,0,0,0,0,0,0,0,0,0,0,0,0,0,0,0,0,0,0,0,0,0,0,0,0	0,0,0,0,0,0,0,0,0,0,0,0,0,0,0,0,0,0,0,0,0,0,0,0,0,0,0,0,0,0,0,0,1,0,0,0,0,0,0,0
tb.dut.clusters[0].cluster.sockets[0].socket.cores[0].core.execute.fpu_unit.genblk1[0].fpu_fpnew.genblk3[1].fpnew_core.gen_operation_groups[3].i_opgroup_block.gen_merged_slice.i_multifmt_slice.gen_num_lanes[0].active_lane.lane_instance.i_fpnew_cast_multi.gen_input_pipeline[0]	22	1	64	64	30	64	4	31	1612460	1611836	0,28,0,2,0,0,0,0,0,0,0,0,0,0,0,0,0,0,0,0,0,0,0,0,0,0,0,0,0,0,0,0,0,0,0,0,0,0,0,0	14,7,1,0,0,0,0,0,0,0,0,0,0,0,0,0,7,0,0,0,1,0,0,0,0,0,0,0,0,0,0,0,1,0,0,0,0,0,0,0	2	0	0	0	0	1	1612524	1612524	0,0,0,0,0,0,0,0,0,0,0,0,0,0,0,0,0,0,0,0,0,0,0,0,0,0,0,0,0,0,0,0,0,0,0,0,0,0,0,0	0,0,0,0,0,0,0,0,0,0,0,0,0,0,0,0,0,0,0,0,0,0,0,0,0,0,0,0,0,0,0,0,1,0,0,0,0,0,0,0
tb.dut.clusters[0].cluster.sockets[0].socket.cores[0].core.execute.fpu_unit.genblk1[0].fpu_fpnew.genblk3[1].fpnew_core.gen_operation_groups[3].i_opgroup_block.gen_merged_slice.i_multifmt_slice.gen_num_lanes[0].active_lane.lane_instance.i_fpnew_cast_multi.gen_input_pipeline[1]	22	1	64	64	30	64	4	31	1612460	1611835	0,28,0,2,0,0,0,0,0,0,0,0,0,0,0,0,0,0,0,0,0,0,0,0,0,0,0,0,0,0,0,0,0,0,0,0,0,0,0,0	14,7,1,0,0,0,0,0,0,0,0,0,0,0,0,0,7,0,0,0,1,0,0,0,0,0,0,0,0,0,0,0,1,0,0,0,0,0,0,0	2	0	0	0	0	1	1612524	1612524	0,0,0,0,0,0,0,0,0,0,0,0,0,0,0,0,0,0,0,0,0,0,0,0,0,0,0,0,0,0,0,0,0,0,0,0,0,0,0,0	0,0,0,0,0,0,0,0,0,0,0,0,0,0,0,0,0,0,0,0,0,0,0,0,0,0,0,0,0,0,0,0,1,0,0,0,0,0,0,0
tb.dut.clusters[0].cluster.sockets[0].socket.cores[0].core.execute.fpu_unit.genblk1[0].fpu_fpnew.genblk3[1].fpnew_core.gen_operation_groups[3].i_opgroup_block.gen_merged_slice.i_multifmt_slice.gen_num_lanes[0].active_lane.lane_instance.i_fpnew_cast_multi.gen_inside_pipeline[0]	22	1	64	64	30	64	4	31	1612460	1611834	0,28,0,2,0,0,0,0,0,0,0,0,0,0,0,0,0,0,0,0,0,0,0,0,0,0,0,0,0,0,0,0,0,0,0,0,0,0,0,0	14,7,1,0,0,0,0,0,0,0,0,0,0,0,0,0,7,0,0,0,1,0,0,0,0,0,0,0,0,0,0,0,1,0,0,0,0,0,0,0	2	0	0	0	0	1	1612524	1612524	0,0,0,0,0,0,0,0,0,0,0,0,0,0,0,0,0,0,0,0,0,0,0,0,0,0,0,0,0,0,0,0,0,0,0,0,0,0,0,0	0,0,0,0,0,0,0,0,0,0,0,0,0,0,0,0,0,0,0,0,0,0,0,0,0,0,0,0,0,0,0,0,1,0,0,0,0,0,0,0
tb.dut.clusters[0].cluster.sockets[0].socket.cores[0].core.execute.fpu_unit.genblk1[0].fpu_fpnew.genblk3[1].fpnew_core.gen_operation_groups[3].i_opgroup_block.gen_merged_slice.i_multifmt_slice.gen_num_lanes[0].active_lane.lane_instance.i_fpnew_cast_multi.gen_inside_pipeline[1]	22	1	64	64	30	64	4	31	1612460	1611833	0,28,0,2,0,0,0,0,0,0,0,0,0,0,0,0,0,0,0,0,0,0,0,0,0,0,0,0,0,0,0,0,0,0,0,0,0,0,0,0	14,7,1,0,0,0,0,0,0,0,0,0,0,0,0,0,7,0,0,0,1,0,0,0,0,0,0,0,0,0,0,0,1,0,0,0,0,0,0,0	2	0	0	0	0	1	1612524	1612524	0,0,0,0,0,0,0,0,0,0,0,0,0,0,0,0,0,0,0,0,0,0,0,0,0,0,0,0,0,0,0,0,0,0,0,0,0,0,0,0	0,0,0,0,0,0,0,0,0,0,0,0,0,0,0,0,0,0,0,0,0,0,0,0,0,0,0,0,0,0,0,0,1,0,0,0,0,0,0,0
tb.dut.clusters[0].cluster.sockets[0].socket.cores[0].core.execute.fpu_unit.genblk1[0].fpu_fpnew.genblk3[1].fpnew_core.gen_operation_groups[3].i_opgroup_block.gen_merged_slice.i_multifmt_slice.gen_num_lanes[0].active_lane.lane_instance.i_fpnew_cast_multi.gen_int_overflow[0]	22	32	0	0	0	0	0	1	1612524	1612524	0,0,0,0,0,0,0,0,0,0,0,0,0,0,0,0,0,0,0,0,0,0,0,0,0,0,0,0,0,0,0,0,0,0,0,0,0,0,0,0	0,0,0,0,0,0,0,0,0,0,0,0,0,0,0,0,0,0,0,0,0,0,0,0,0,0,0,0,0,0,0,0,1,0,0,0,0,0,0,0	2	0	0	0	0	1	1612524	1612524	0,0,0,0,0,0,0,0,0,0,0,0,0,0,0,0,0,0,0,0,0,0,0,0,0,0,0,0,0,0,0,0,0,0,0,0,0,0,0,0	0,0,0,0,0,0,0,0,0,0,0,0,0,0,0,0,0,0,0,0,0,0,0,0,0,0,0,0,0,0,0,0,1,0,0,0,0,0,0,0
tb.dut.clusters[0].cluster.sockets[0].socket.cores[0].core.execute.fpu_unit.genblk1[0].fpu_fpnew.genblk3[1].fpnew_core.gen_operation_groups[3].i_opgroup_block.gen_merged_slice.i_multifmt_slice.gen_num_lanes[0].active_lane.lane_instance.i_fpnew_cast_multi.gen_int_overflow[1]	22	32	0	0	0	0	0	1	1612524	1612524	0,0,0,0,0,0,0,0,0,0,0,0,0,0,0,0,0,0,0,0,0,0,0,0,0,0,0,0,0,0,0,0,0,0,0,0,0,0,0,0	0,0,0,0,0,0,0,0,0,0,0,0,0,0,0,0,0,0,0,0,0,0,0,0,0,0,0,0,0,0,0,0,1,0,0,0,0,0,0,0	2	0	0	0	0	1	1612524	1612524	0,0,0,0,0,0,0,0,0,0,0,0,0,0,0,0,0,0,0,0,0,0,0,0,0,0,0,0,0,0,0,0,0,0,0,0,0,0,0,0	0,0,0,0,0,0,0,0,0,0,0,0,0,0,0,0,0,0,0,0,0,0,0,0,0,0,0,0,0,0,0,0,1,0,0,0,0,0,0,0
tb.dut.clusters[0].cluster.sockets[0].socket.cores[0].core.execute.fpu_unit.genblk1[0].fpu_fpnew.genblk3[1].fpnew_core.gen_operation_groups[3].i_opgroup_block.gen_merged_slice.i_multifmt_slice.gen_num_lanes[0].active_lane.lane_instance.i_fpnew_cast_multi.gen_int_overflow[2]	22	32	0	0	0	0	0	1	1612524	1612524	0,0,0,0,0,0,0,0,0,0,0,0,0,0,0,0,0,0,0,0,0,0,0,0,0,0,0,0,0,0,0,0,0,0,0,0,0,0,0,0	0,0,0,0,0,0,0,0,0,0,0,0,0,0,0,0,0,0,0,0,0,0,0,0,0,0,0,0,0,0,0,0,1,0,0,0,0,0,0,0	2	0	0	0	0	1	1612524	1612524	0,0,0,0,0,0,0,0,0,0,0,0,0,0,0,0,0,0,0,0,0,0,0,0,0,0,0,0,0,0,0,0,0,0,0,0,0,0,0,0	0,0,0,0,0,0,0,0,0,0,0,0,0,0,0,0,0,0,0,0,0,0,0,0,0,0,0,0,0,0,0,0,1,0,0,0,0,0,0,0
tb.dut.clusters[0].cluster.sockets[0].socket.cores[0].core.execute.fpu_unit.genblk1[0].fpu_fpnew.genblk3[1].fpnew_core.gen_operation_groups[3].i_opgroup_block.gen_merged_slice.i_multifmt_slice.gen_num_lanes[0].active_lane.lane_instance.i_fpnew_cast_multi.gen_int_overflow[3]	22	32	0	0	0	0	0	1	1612524	1612524	0,0,0,0,0,0,0,0,0,0,0,0,0,0,0,0,0,0,0,0,0,0,0,0,0,0,0,0,0,0,0,0,0,0,0,0,0,0,0,0	0,0,0,0,0,0,0,0,0,0,0,0,0,0,0,0,0,0,0,0,0,0,0,0,0,0,0,0,0,0,0,0,1,0,0,0,0,0,0,0	2	0	0	0	0	1	1612524	1612524	0,0,0,0,0,0,0,0,0,0,0,0,0,0,0,0,0,0,0,0,0,0,0,0,0,0,0,0,0,0,0,0,0,0,0,0,0,0,0,0	0,0,0,0,0,0,0,0,0,0,0,0,0,0,0,0,0,0,0,0,0,0,0,0,0,0,0,0,0,0,0,0,1,0,0,0,0,0,0,0
tb.dut.clusters[0].cluster.sockets[0].socket.cores[0].core.execute.fpu_unit.genblk1[0].fpu_fpnew.genblk3[1].fpnew_core.gen_operation_groups[3].i_opgroup_block.gen_merged_slice.i_multifmt_slice.gen_num_lanes[0].active_lane.lane_instance.i_fpnew_cast_multi.gen_int_res_sign_ext[0]	22	32	0	0	0	0	0	1	1612524	1612524	0,0,0,0,0,0,0,0,0,0,0,0,0,0,0,0,0,0,0,0,0,0,0,0,0,0,0,0,0,0,0,0,0,0,0,0,0,0,0,0	0,0,0,0,0,0,0,0,0,0,0,0,0,0,0,0,0,0,0,0,0,0,0,0,0,0,0,0,0,0,0,0,1,0,0,0,0,0,0,0	2	0	0	0	0	1	1612524	1612524	0,0,0,0,0,0,0,0,0,0,0,0,0,0,0,0,0,0,0,0,0,0,0,0,0,0,0,0,0,0,0,0,0,0,0,0,0,0,0,0	0,0,0,0,0,0,0,0,0,0,0,0,0,0,0,0,0,0,0,0,0,0,0,0,0,0,0,0,0,0,0,0,1,0,0,0,0,0,0,0
tb.dut.clusters[0].cluster.sockets[0].socket.cores[0].core.execute.fpu_unit.genblk1[0].fpu_fpnew.genblk3[1].fpnew_core.gen_operation_groups[3].i_opgroup_block.gen_merged_slice.i_multifmt_slice.gen_num_lanes[0].active_lane.lane_instance.i_fpnew_cast_multi.gen_int_res_sign_ext[1]	22	32	0	0	0	0	0	1	1612524	1612524	0,0,0,0,0,0,0,0,0,0,0,0,0,0,0,0,0,0,0,0,0,0,0,0,0,0,0,0,0,0,0,0,0,0,0,0,0,0,0,0	0,0,0,0,0,0,0,0,0,0,0,0,0,0,0,0,0,0,0,0,0,0,0,0,0,0,0,0,0,0,0,0,1,0,0,0,0,0,0,0	2	0	0	0	0	1	1612524	1612524	0,0,0,0,0,0,0,0,0,0,0,0,0,0,0,0,0,0,0,0,0,0,0,0,0,0,0,0,0,0,0,0,0,0,0,0,0,0,0,0	0,0,0,0,0,0,0,0,0,0,0,0,0,0,0,0,0,0,0,0,0,0,0,0,0,0,0,0,0,0,0,0,1,0,0,0,0,0,0,0
tb.dut.clusters[0].cluster.sockets[0].socket.cores[0].core.execute.fpu_unit.genblk1[0].fpu_fpnew.genblk3[1].fpnew_core.gen_operation_groups[3].i_opgroup_block.gen_merged_slice.i_multifmt_slice.gen_num_lanes[0].active_lane.lane_instance.i_fpnew_cast_multi.gen_int_res_sign_ext[2]	22	32	0	0	0	0	0	1	1612524	1612524	0,0,0,0,0,0,0,0,0,0,0,0,0,0,0,0,0,0,0,0,0,0,0,0,0,0,0,0,0,0,0,0,0,0,0,0,0,0,0,0	0,0,0,0,0,0,0,0,0,0,0,0,0,0,0,0,0,0,0,0,0,0,0,0,0,0,0,0,0,0,0,0,1,0,0,0,0,0,0,0	2	0	0	0	0	1	1612524	1612524	0,0,0,0,0,0,0,0,0,0,0,0,0,0,0,0,0,0,0,0,0,0,0,0,0,0,0,0,0,0,0,0,0,0,0,0,0,0,0,0	0,0,0,0,0,0,0,0,0,0,0,0,0,0,0,0,0,0,0,0,0,0,0,0,0,0,0,0,0,0,0,0,1,0,0,0,0,0,0,0
tb.dut.clusters[0].cluster.sockets[0].socket.cores[0].core.execute.fpu_unit.genblk1[0].fpu_fpnew.genblk3[1].fpnew_core.gen_operation_groups[3].i_opgroup_block.gen_merged_slice.i_multifmt_slice.gen_num_lanes[0].active_lane.lane_instance.i_fpnew_cast_multi.gen_int_res_sign_ext[3]	22	32	0	0	0	0	0	1	1612524	1612524	0,0,0,0,0,0,0,0,0,0,0,0,0,0,0,0,0,0,0,0,0,0,0,0,0,0,0,0,0,0,0,0,0,0,0,0,0,0,0,0	0,0,0,0,0,0,0,0,0,0,0,0,0,0,0,0,0,0,0,0,0,0,0,0,0,0,0,0,0,0,0,0,1,0,0,0,0,0,0,0	2	0	0	0	0	1	1612524	1612524	0,0,0,0,0,0,0,0,0,0,0,0,0,0,0,0,0,0,0,0,0,0,0,0,0,0,0,0,0,0,0,0,0,0,0,0,0,0,0,0	0,0,0,0,0,0,0,0,0,0,0,0,0,0,0,0,0,0,0,0,0,0,0,0,0,0,0,0,0,0,0,0,1,0,0,0,0,0,0,0
tb.dut.clusters[0].cluster.sockets[0].socket.cores[0].core.execute.fpu_unit.genblk1[0].fpu_fpnew.genblk3[1].fpnew_core.gen_operation_groups[3].i_opgroup_block.gen_merged_slice.i_multifmt_slice.gen_num_lanes[0].active_lane.lane_instance.i_fpnew_cast_multi.gen_output_pipeline[0]	22	1	64	64	30	64	4	31	1612460	1611832	0,28,0,2,0,0,0,0,0,0,0,0,0,0,0,0,0,0,0,0,0,0,0,0,0,0,0,0,0,0,0,0,0,0,0,0,0,0,0,0	14,7,1,0,0,0,0,0,0,0,0,0,0,0,0,0,7,0,0,0,1,0,0,0,0,0,0,0,0,0,0,0,1,0,0,0,0,0,0,0	2	0	0	0	0	1	1612524	1612524	0,0,0,0,0,0,0,0,0,0,0,0,0,0,0,0,0,0,0,0,0,0,0,0,0,0,0,0,0,0,0,0,0,0,0,0,0,0,0,0	0,0,0,0,0,0,0,0,0,0,0,0,0,0,0,0,0,0,0,0,0,0,0,0,0,0,0,0,0,0,0,0,1,0,0,0,0,0,0,0
tb.dut.clusters[0].cluster.sockets[0].socket.cores[0].core.execute.fpu_unit.genblk1[0].fpu_fpnew.genblk3[1].fpnew_core.gen_operation_groups[3].i_opgroup_block.gen_merged_slice.i_multifmt_slice.gen_num_lanes[0].active_lane.lane_instance.i_fpnew_cast_multi.gen_res_assemble[0]	22	64	0	0	0	0	0	1	1612524	1612524	0,0,0,0,0,0,0,0,0,0,0,0,0,0,0,0,0,0,0,0,0,0,0,0,0,0,0,0,0,0,0,0,0,0,0,0,0,0,0,0	0,0,0,0,0,0,0,0,0,0,0,0,0,0,0,0,0,0,0,0,0,0,0,0,0,0,0,0,0,0,0,0,1,0,0,0,0,0,0,0	2	0	0	0	0	1	1612524	1612524	0,0,0,0,0,0,0,0,0,0,0,0,0,0,0,0,0,0,0,0,0,0,0,0,0,0,0,0,0,0,0,0,0,0,0,0,0,0,0,0	0,0,0,0,0,0,0,0,0,0,0,0,0,0,0,0,0,0,0,0,0,0,0,0,0,0,0,0,0,0,0,0,1,0,0,0,0,0,0,0
tb.dut.clusters[0].cluster.sockets[0].socket.cores[0].core.execute.fpu_unit.genblk1[0].fpu_fpnew.genblk3[1].fpnew_core.gen_operation_groups[3].i_opgroup_block.gen_merged_slice.i_multifmt_slice.gen_num_lanes[0].active_lane.lane_instance.i_fpnew_cast_multi.gen_res_assemble[1]	22	64	0	0	0	0	0	1	1612524	1612524	0,0,0,0,0,0,0,0,0,0,0,0,0,0,0,0,0,0,0,0,0,0,0,0,0,0,0,0,0,0,0,0,0,0,0,0,0,0,0,0	0,0,0,0,0,0,0,0,0,0,0,0,0,0,0,0,0,0,0,0,0,0,0,0,0,0,0,0,0,0,0,0,1,0,0,0,0,0,0,0	2	0	0	0	0	1	1612524	1612524	0,0,0,0,0,0,0,0,0,0,0,0,0,0,0,0,0,0,0,0,0,0,0,0,0,0,0,0,0,0,0,0,0,0,0,0,0,0,0,0	0,0,0,0,0,0,0,0,0,0,0,0,0,0,0,0,0,0,0,0,0,0,0,0,0,0,0,0,0,0,0,0,1,0,0,0,0,0,0,0
tb.dut.clusters[0].cluster.sockets[0].socket.cores[0].core.execute.fpu_unit.genblk1[0].fpu_fpnew.genblk3[1].fpnew_core.gen_operation_groups[3].i_opgroup_block.gen_merged_slice.i_multifmt_slice.gen_num_lanes[0].active_lane.lane_instance.i_fpnew_cast_multi.gen_res_assemble[2]	22	64	0	0	0	0	0	1	1612524	1612524	0,0,0,0,0,0,0,0,0,0,0,0,0,0,0,0,0,0,0,0,0,0,0,0,0,0,0,0,0,0,0,0,0,0,0,0,0,0,0,0	0,0,0,0,0,0,0,0,0,0,0,0,0,0,0,0,0,0,0,0,0,0,0,0,0,0,0,0,0,0,0,0,1,0,0,0,0,0,0,0	2	0	0	0	0	1	1612524	1612524	0,0,0,0,0,0,0,0,0,0,0,0,0,0,0,0,0,0,0,0,0,0,0,0,0,0,0,0,0,0,0,0,0,0,0,0,0,0,0,0	0,0,0,0,0,0,0,0,0,0,0,0,0,0,0,0,0,0,0,0,0,0,0,0,0,0,0,0,0,0,0,0,1,0,0,0,0,0,0,0
tb.dut.clusters[0].cluster.sockets[0].socket.cores[0].core.execute.fpu_unit.genblk1[0].fpu_fpnew.genblk3[1].fpnew_core.gen_operation_groups[3].i_opgroup_block.gen_merged_slice.i_multifmt_slice.gen_num_lanes[0].active_lane.lane_instance.i_fpnew_cast_multi.gen_res_assemble[3]	22	64	0	0	0	0	0	1	1612524	1612524	0,0,0,0,0,0,0,0,0,0,0,0,0,0,0,0,0,0,0,0,0,0,0,0,0,0,0,0,0,0,0,0,0,0,0,0,0,0,0,0	0,0,0,0,0,0,0,0,0,0,0,0,0,0,0,0,0,0,0,0,0,0,0,0,0,0,0,0,0,0,0,0,1,0,0,0,0,0,0,0	2	0	0	0	0	1	1612524	1612524	0,0,0,0,0,0,0,0,0,0,0,0,0,0,0,0,0,0,0,0,0,0,0,0,0,0,0,0,0,0,0,0,0,0,0,0,0,0,0,0	0,0,0,0,0,0,0,0,0,0,0,0,0,0,0,0,0,0,0,0,0,0,0,0,0,0,0,0,0,0,0,0,1,0,0,0,0,0,0,0
tb.dut.clusters[0].cluster.sockets[0].socket.cores[0].core.execute.fpu_unit.genblk1[0].fpu_fpnew.genblk3[1].fpnew_core.gen_operation_groups[3].i_opgroup_block.gen_merged_slice.i_multifmt_slice.gen_num_lanes[0].active_lane.lane_instance.i_fpnew_cast_multi.gen_res_assemble[4]	22	64	0	0	0	0	0	1	1612524	1612524	0,0,0,0,0,0,0,0,0,0,0,0,0,0,0,0,0,0,0,0,0,0,0,0,0,0,0,0,0,0,0,0,0,0,0,0,0,0,0,0	0,0,0,0,0,0,0,0,0,0,0,0,0,0,0,0,0,0,0,0,0,0,0,0,0,0,0,0,0,0,0,0,1,0,0,0,0,0,0,0	2	0	0	0	0	1	1612524	1612524	0,0,0,0,0,0,0,0,0,0,0,0,0,0,0,0,0,0,0,0,0,0,0,0,0,0,0,0,0,0,0,0,0,0,0,0,0,0,0,0	0,0,0,0,0,0,0,0,0,0,0,0,0,0,0,0,0,0,0,0,0,0,0,0,0,0,0,0,0,0,0,0,1,0,0,0,0,0,0,0
tb.dut.clusters[0].cluster.sockets[0].socket.cores[0].core.execute.fpu_unit.genblk1[0].fpu_fpnew.genblk3[1].fpnew_core.gen_operation_groups[3].i_opgroup_block.gen_merged_slice.i_multifmt_slice.gen_num_lanes[0].active_lane.lane_instance.i_fpnew_cast_multi.gen_sign_extend_int[0]	22	32	0	0	0	0	0	1	1612524	1612524	0,0,0,0,0,0,0,0,0,0,0,0,0,0,0,0,0,0,0,0,0,0,0,0,0,0,0,0,0,0,0,0,0,0,0,0,0,0,0,0	0,0,0,0,0,0,0,0,0,0,0,0,0,0,0,0,0,0,0,0,0,0,0,0,0,0,0,0,0,0,0,0,1,0,0,0,0,0,0,0	2	0	0	0	0	1	1612524	1612524	0,0,0,0,0,0,0,0,0,0,0,0,0,0,0,0,0,0,0,0,0,0,0,0,0,0,0,0,0,0,0,0,0,0,0,0,0,0,0,0	0,0,0,0,0,0,0,0,0,0,0,0,0,0,0,0,0,0,0,0,0,0,0,0,0,0,0,0,0,0,0,0,1,0,0,0,0,0,0,0
tb.dut.clusters[0].cluster.sockets[0].socket.cores[0].core.execute.fpu_unit.genblk1[0].fpu_fpnew.genblk3[1].fpnew_core.gen_operation_groups[3].i_opgroup_block.gen_merged_slice.i_multifmt_slice.gen_num_lanes[0].active_lane.lane_instance.i_fpnew_cast_multi.gen_sign_extend_int[1]	22	32	0	0	0	0	0	1	1612524	1612524	0,0,0,0,0,0,0,0,0,0,0,0,0,0,0,0,0,0,0,0,0,0,0,0,0,0,0,0,0,0,0,0,0,0,0,0,0,0,0,0	0,0,0,0,0,0,0,0,0,0,0,0,0,0,0,0,0,0,0,0,0,0,0,0,0,0,0,0,0,0,0,0,1,0,0,0,0,0,0,0	2	0	0	0	0	1	1612524	1612524	0,0,0,0,0,0,0,0,0,0,0,0,0,0,0,0,0,0,0,0,0,0,0,0,0,0,0,0,0,0,0,0,0,0,0,0,0,0,0,0	0,0,0,0,0,0,0,0,0,0,0,0,0,0,0,0,0,0,0,0,0,0,0,0,0,0,0,0,0,0,0,0,1,0,0,0,0,0,0,0
tb.dut.clusters[0].cluster.sockets[0].socket.cores[0].core.execute.fpu_unit.genblk1[0].fpu_fpnew.genblk3[1].fpnew_core.gen_operation_groups[3].i_opgroup_block.gen_merged_slice.i_multifmt_slice.gen_num_lanes[0].active_lane.lane_instance.i_fpnew_cast_multi.gen_sign_extend_int[2]	22	32	0	0	0	0	0	1	1612524	1612524	0,0,0,0,0,0,0,0,0,0,0,0,0,0,0,0,0,0,0,0,0,0,0,0,0,0,0,0,0,0,0,0,0,0,0,0,0,0,0,0	0,0,0,0,0,0,0,0,0,0,0,0,0,0,0,0,0,0,0,0,0,0,0,0,0,0,0,0,0,0,0,0,1,0,0,0,0,0,0,0	2	0	0	0	0	1	1612524	1612524	0,0,0,0,0,0,0,0,0,0,0,0,0,0,0,0,0,0,0,0,0,0,0,0,0,0,0,0,0,0,0,0,0,0,0,0,0,0,0,0	0,0,0,0,0,0,0,0,0,0,0,0,0,0,0,0,0,0,0,0,0,0,0,0,0,0,0,0,0,0,0,0,1,0,0,0,0,0,0,0
tb.dut.clusters[0].cluster.sockets[0].socket.cores[0].core.execute.fpu_unit.genblk1[0].fpu_fpnew.genblk3[1].fpnew_core.gen_operation_groups[3].i_opgroup_block.gen_merged_slice.i_multifmt_slice.gen_num_lanes[0].active_lane.lane_instance.i_fpnew_cast_multi.gen_sign_extend_int[3]	22	32	0	0	0	0	0	1	1612524	1612524	0,0,0,0,0,0,0,0,0,0,0,0,0,0,0,0,0,0,0,0,0,0,0,0,0,0,0,0,0,0,0,0,0,0,0,0,0,0,0,0	0,0,0,0,0,0,0,0,0,0,0,0,0,0,0,0,0,0,0,0,0,0,0,0,0,0,0,0,0,0,0,0,1,0,0,0,0,0,0,0	2	0	0	0	0	1	1612524	1612524	0,0,0,0,0,0,0,0,0,0,0,0,0,0,0,0,0,0,0,0,0,0,0,0,0,0,0,0,0,0,0,0,0,0,0,0,0,0,0,0	0,0,0,0,0,0,0,0,0,0,0,0,0,0,0,0,0,0,0,0,0,0,0,0,0,0,0,0,0,0,0,0,1,0,0,0,0,0,0,0
tb.dut.clusters[0].cluster.sockets[0].socket.cores[0].core.execute.fpu_unit.genblk1[0].fpu_fpnew.genblk3[1].fpnew_core.gen_operation_groups[3].i_opgroup_block.gen_merged_slice.i_multifmt_slice.gen_num_lanes[0].active_lane.lane_instance.i_fpnew_cast_multi.gen_sign_inject[0]	22	96	0	0	0	0	0	1	1612524	1612524	0,0,0,0,0,0,0,0,0,0,0,0,0,0,0,0,0,0,0,0,0,0,0,0,0,0,0,0,0,0,0,0,0,0,0,0,0,0,0,0	0,0,0,0,0,0,0,0,0,0,0,0,0,0,0,0,0,0,0,0,0,0,0,0,0,0,0,0,0,0,0,0,1,0,0,0,0,0,0,0	2	0	0	0	0	1	1612524	1612524	0,0,0,0,0,0,0,0,0,0,0,0,0,0,0,0,0,0,0,0,0,0,0,0,0,0,0,0,0,0,0,0,0,0,0,0,0,0,0,0	0,0,0,0,0,0,0,0,0,0,0,0,0,0,0,0,0,0,0,0,0,0,0,0,0,0,0,0,0,0,0,0,1,0,0,0,0,0,0,0
tb.dut.clusters[0].cluster.sockets[0].socket.cores[0].core.execute.fpu_unit.genblk1[0].fpu_fpnew.genblk3[1].fpnew_core.gen_operation_groups[3].i_opgroup_block.gen_merged_slice.i_multifmt_slice.gen_num_lanes[0].active_lane.lane_instance.i_fpnew_cast_multi.gen_sign_inject[1]	22	96	0	0	0	0	0	1	1612524	1612524	0,0,0,0,0,0,0,0,0,0,0,0,0,0,0,0,0,0,0,0,0,0,0,0,0,0,0,0,0,0,0,0,0,0,0,0,0,0,0,0	0,0,0,0,0,0,0,0,0,0,0,0,0,0,0,0,0,0,0,0,0,0,0,0,0,0,0,0,0,0,0,0,1,0,0,0,0,0,0,0	2	0	0	0	0	1	1612524	1612524	0,0,0,0,0,0,0,0,0,0,0,0,0,0,0,0,0,0,0,0,0,0,0,0,0,0,0,0,0,0,0,0,0,0,0,0,0,0,0,0	0,0,0,0,0,0,0,0,0,0,0,0,0,0,0,0,0,0,0,0,0,0,0,0,0,0,0,0,0,0,0,0,1,0,0,0,0,0,0,0
tb.dut.clusters[0].cluster.sockets[0].socket.cores[0].core.execute.fpu_unit.genblk1[0].fpu_fpnew.genblk3[1].fpnew_core.gen_operation_groups[3].i_opgroup_block.gen_merged_slice.i_multifmt_slice.gen_num_lanes[0].active_lane.lane_instance.i_fpnew_cast_multi.gen_sign_inject[2]	22	96	0	0	0	0	0	1	1612524	1612524	0,0,0,0,0,0,0,0,0,0,0,0,0,0,0,0,0,0,0,0,0,0,0,0,0,0,0,0,0,0,0,0,0,0,0,0,0,0,0,0	0,0,0,0,0,0,0,0,0,0,0,0,0,0,0,0,0,0,0,0,0,0,0,0,0,0,0,0,0,0,0,0,1,0,0,0,0,0,0,0	2	0	0	0	0	1	1612524	1612524	0,0,0,0,0,0,0,0,0,0,0,0,0,0,0,0,0,0,0,0,0,0,0,0,0,0,0,0,0,0,0,0,0,0,0,0,0,0,0,0	0,0,0,0,0,0,0,0,0,0,0,0,0,0,0,0,0,0,0,0,0,0,0,0,0,0,0,0,0,0,0,0,1,0,0,0,0,0,0,0
tb.dut.clusters[0].cluster.sockets[0].socket.cores[0].core.execute.fpu_unit.genblk1[0].fpu_fpnew.genblk3[1].fpnew_core.gen_operation_groups[3].i_opgroup_block.gen_merged_slice.i_multifmt_slice.gen_num_lanes[0].active_lane.lane_instance.i_fpnew_cast_multi.gen_sign_inject[3]	22	96	0	0	0	0	0	1	1612524	1612524	0,0,0,0,0,0,0,0,0,0,0,0,0,0,0,0,0,0,0,0,0,0,0,0,0,0,0,0,0,0,0,0,0,0,0,0,0,0,0,0	0,0,0,0,0,0,0,0,0,0,0,0,0,0,0,0,0,0,0,0,0,0,0,0,0,0,0,0,0,0,0,0,1,0,0,0,0,0,0,0	2	0	0	0	0	1	1612524	1612524	0,0,0,0,0,0,0,0,0,0,0,0,0,0,0,0,0,0,0,0,0,0,0,0,0,0,0,0,0,0,0,0,0,0,0,0,0,0,0,0	0,0,0,0,0,0,0,0,0,0,0,0,0,0,0,0,0,0,0,0,0,0,0,0,0,0,0,0,0,0,0,0,1,0,0,0,0,0,0,0
tb.dut.clusters[0].cluster.sockets[0].socket.cores[0].core.execute.fpu_unit.genblk1[0].fpu_fpnew.genblk3[1].fpnew_core.gen_operation_groups[3].i_opgroup_block.gen_merged_slice.i_multifmt_slice.gen_num_lanes[0].active_lane.lane_instance.i_fpnew_cast_multi.gen_sign_inject[4]	22	96	0	0	0	0	0	1	1612524	1612524	0,0,0,0,0,0,0,0,0,0,0,0,0,0,0,0,0,0,0,0,0,0,0,0,0,0,0,0,0,0,0,0,0,0,0,0,0,0,0,0	0,0,0,0,0,0,0,0,0,0,0,0,0,0,0,0,0,0,0,0,0,0,0,0,0,0,0,0,0,0,0,0,1,0,0,0,0,0,0,0	2	0	0	0	0	1	1612524	1612524	0,0,0,0,0,0,0,0,0,0,0,0,0,0,0,0,0,0,0,0,0,0,0,0,0,0,0,0,0,0,0,0,0,0,0,0,0,0,0,0	0,0,0,0,0,0,0,0,0,0,0,0,0,0,0,0,0,0,0,0,0,0,0,0,0,0,0,0,0,0,0,0,1,0,0,0,0,0,0,0
tb.dut.clusters[0].cluster.sockets[0].socket.cores[0].core.execute.fpu_unit.genblk1[0].fpu_fpnew.genblk3[1].fpnew_core.gen_operation_groups[3].i_opgroup_block.gen_merged_slice.i_multifmt_slice.gen_num_lanes[0].active_lane.lane_instance.i_fpnew_cast_multi.gen_special_results[0]	22	159	0	0	0	0	0	1	1612524	1612524	0,0,0,0,0,0,0,0,0,0,0,0,0,0,0,0,0,0,0,0,0,0,0,0,0,0,0,0,0,0,0,0,0,0,0,0,0,0,0,0	0,0,0,0,0,0,0,0,0,0,0,0,0,0,0,0,0,0,0,0,0,0,0,0,0,0,0,0,0,0,0,0,1,0,0,0,0,0,0,0	2	0	0	0	0	1	1612524	1612524	0,0,0,0,0,0,0,0,0,0,0,0,0,0,0,0,0,0,0,0,0,0,0,0,0,0,0,0,0,0,0,0,0,0,0,0,0,0,0,0	0,0,0,0,0,0,0,0,0,0,0,0,0,0,0,0,0,0,0,0,0,0,0,0,0,0,0,0,0,0,0,0,1,0,0,0,0,0,0,0
tb.dut.clusters[0].cluster.sockets[0].socket.cores[0].core.execute.fpu_unit.genblk1[0].fpu_fpnew.genblk3[1].fpnew_core.gen_operation_groups[3].i_opgroup_block.gen_merged_slice.i_multifmt_slice.gen_num_lanes[0].active_lane.lane_instance.i_fpnew_cast_multi.gen_special_results[0].active_format	23	32	0	0	0	0	0	1	1612524	1612524	0,0,0,0,0,0,0,0,0,0,0,0,0,0,0,0,0,0,0,0,0,0,0,0,0,0,0,0,0,0,0,0,0,0,0,0,0,0,0,0	0,0,0,0,0,0,0,0,0,0,0,0,0,0,0,0,0,0,0,0,0,0,0,0,0,0,0,0,0,0,0,0,1,0,0,0,0,0,0,0	2	0	0	0	0	1	1612524	1612524	0,0,0,0,0,0,0,0,0,0,0,0,0,0,0,0,0,0,0,0,0,0,0,0,0,0,0,0,0,0,0,0,0,0,0,0,0,0,0,0	0,0,0,0,0,0,0,0,0,0,0,0,0,0,0,0,0,0,0,0,0,0,0,0,0,0,0,0,0,0,0,0,1,0,0,0,0,0,0,0
tb.dut.clusters[0].cluster.sockets[0].socket.cores[0].core.execute.fpu_unit.genblk1[0].fpu_fpnew.genblk3[1].fpnew_core.gen_operation_groups[3].i_opgroup_block.gen_merged_slice.i_multifmt_slice.gen_num_lanes[0].active_lane.lane_instance.i_fpnew_cast_multi.gen_special_results[0].active_format.special_results	24	32	0	0	0	0	0	1	1612524	1612524	0,0,0,0,0,0,0,0,0,0,0,0,0,0,0,0,0,0,0,0,0,0,0,0,0,0,0,0,0,0,0,0,0,0,0,0,0,0,0,0	0,0,0,0,0,0,0,0,0,0,0,0,0,0,0,0,0,0,0,0,0,0,0,0,0,0,0,0,0,0,0,0,1,0,0,0,0,0,0,0	2	0	0	0	0	1	1612524	1612524	0,0,0,0,0,0,0,0,0,0,0,0,0,0,0,0,0,0,0,0,0,0,0,0,0,0,0,0,0,0,0,0,0,0,0,0,0,0,0,0	0,0,0,0,0,0,0,0,0,0,0,0,0,0,0,0,0,0,0,0,0,0,0,0,0,0,0,0,0,0,0,0,1,0,0,0,0,0,0,0
tb.dut.clusters[0].cluster.sockets[0].socket.cores[0].core.execute.fpu_unit.genblk1[0].fpu_fpnew.genblk3[1].fpnew_core.gen_operation_groups[3].i_opgroup_block.gen_merged_slice.i_multifmt_slice.gen_num_lanes[0].active_lane.lane_instance.i_fpnew_cast_multi.gen_special_results[1]	22	159	0	0	0	0	0	1	1612524	1612524	0,0,0,0,0,0,0,0,0,0,0,0,0,0,0,0,0,0,0,0,0,0,0,0,0,0,0,0,0,0,0,0,0,0,0,0,0,0,0,0	0,0,0,0,0,0,0,0,0,0,0,0,0,0,0,0,0,0,0,0,0,0,0,0,0,0,0,0,0,0,0,0,1,0,0,0,0,0,0,0	2	0	0	0	0	1	1612524	1612524	0,0,0,0,0,0,0,0,0,0,0,0,0,0,0,0,0,0,0,0,0,0,0,0,0,0,0,0,0,0,0,0,0,0,0,0,0,0,0,0	0,0,0,0,0,0,0,0,0,0,0,0,0,0,0,0,0,0,0,0,0,0,0,0,0,0,0,0,0,0,0,0,1,0,0,0,0,0,0,0
tb.dut.clusters[0].cluster.sockets[0].socket.cores[0].core.execute.fpu_unit.genblk1[0].fpu_fpnew.genblk3[1].fpnew_core.gen_operation_groups[3].i_opgroup_block.gen_merged_slice.i_multifmt_slice.gen_num_lanes[0].active_lane.lane_instance.i_fpnew_cast_multi.gen_special_results[2]	22	111	0	0	0	0	0	1	1612524	1612524	0,0,0,0,0,0,0,0,0,0,0,0,0,0,0,0,0,0,0,0,0,0,0,0,0,0,0,0,0,0,0,0,0,0,0,0,0,0,0,0	0,0,0,0,0,0,0,0,0,0,0,0,0,0,0,0,0,0,0,0,0,0,0,0,0,0,0,0,0,0,0,0,1,0,0,0,0,0,0,0	2	0	0	0	0	1	1612524	1612524	0,0,0,0,0,0,0,0,0,0,0,0,0,0,0,0,0,0,0,0,0,0,0,0,0,0,0,0,0,0,0,0,0,0,0,0,0,0,0,0	0,0,0,0,0,0,0,0,0,0,0,0,0,0,0,0,0,0,0,0,0,0,0,0,0,0,0,0,0,0,0,0,1,0,0,0,0,0,0,0
tb.dut.clusters[0].cluster.sockets[0].socket.cores[0].core.execute.fpu_unit.genblk1[0].fpu_fpnew.genblk3[1].fpnew_core.gen_operation_groups[3].i_opgroup_block.gen_merged_slice.i_multifmt_slice.gen_num_lanes[0].active_lane.lane_instance.i_fpnew_cast_multi.gen_special_results[3]	22	103	0	0	0	0	0	1	1612524	1612524	0,0,0,0,0,0,0,0,0,0,0,0,0,0,0,0,0,0,0,0,0,0,0,0,0,0,0,0,0,0,0,0,0,0,0,0,0,0,0,0	0,0,0,0,0,0,0,0,0,0,0,0,0,0,0,0,0,0,0,0,0,0,0,0,0,0,0,0,0,0,0,0,1,0,0,0,0,0,0,0	2	0	0	0	0	1	1612524	1612524	0,0,0,0,0,0,0,0,0,0,0,0,0,0,0,0,0,0,0,0,0,0,0,0,0,0,0,0,0,0,0,0,0,0,0,0,0,0,0,0	0,0,0,0,0,0,0,0,0,0,0,0,0,0,0,0,0,0,0,0,0,0,0,0,0,0,0,0,0,0,0,0,1,0,0,0,0,0,0,0
tb.dut.clusters[0].cluster.sockets[0].socket.cores[0].core.execute.fpu_unit.genblk1[0].fpu_fpnew.genblk3[1].fpnew_core.gen_operation_groups[3].i_opgroup_block.gen_merged_slice.i_multifmt_slice.gen_num_lanes[0].active_lane.lane_instance.i_fpnew_cast_multi.gen_special_results[4]	22	111	0	0	0	0	0	1	1612524	1612524	0,0,0,0,0,0,0,0,0,0,0,0,0,0,0,0,0,0,0,0,0,0,0,0,0,0,0,0,0,0,0,0,0,0,0,0,0,0,0,0	0,0,0,0,0,0,0,0,0,0,0,0,0,0,0,0,0,0,0,0,0,0,0,0,0,0,0,0,0,0,0,0,1,0,0,0,0,0,0,0	2	0	0	0	0	1	1612524	1612524	0,0,0,0,0,0,0,0,0,0,0,0,0,0,0,0,0,0,0,0,0,0,0,0,0,0,0,0,0,0,0,0,0,0,0,0,0,0,0,0	0,0,0,0,0,0,0,0,0,0,0,0,0,0,0,0,0,0,0,0,0,0,0,0,0,0,0,0,0,0,0,0,1,0,0,0,0,0,0,0
tb.dut.clusters[0].cluster.sockets[0].socket.cores[0].core.execute.fpu_unit.genblk1[0].fpu_fpnew.genblk3[1].fpnew_core.gen_operation_groups[3].i_opgroup_block.gen_merged_slice.i_multifmt_slice.gen_num_lanes[0].active_lane.lane_instance.i_fpnew_cast_multi.gen_special_results_int[0]	22	32	0	0	0	0	0	1	1612524	1612524	0,0,0,0,0,0,0,0,0,0,0,0,0,0,0,0,0,0,0,0,0,0,0,0,0,0,0,0,0,0,0,0,0,0,0,0,0,0,0,0	0,0,0,0,0,0,0,0,0,0,0,0,0,0,0,0,0,0,0,0,0,0,0,0,0,0,0,0,0,0,0,0,1,0,0,0,0,0,0,0	2	0	0	0	0	1	1612524	1612524	0,0,0,0,0,0,0,0,0,0,0,0,0,0,0,0,0,0,0,0,0,0,0,0,0,0,0,0,0,0,0,0,0,0,0,0,0,0,0,0	0,0,0,0,0,0,0,0,0,0,0,0,0,0,0,0,0,0,0,0,0,0,0,0,0,0,0,0,0,0,0,0,1,0,0,0,0,0,0,0
tb.dut.clusters[0].cluster.sockets[0].socket.cores[0].core.execute.fpu_unit.genblk1[0].fpu_fpnew.genblk3[1].fpnew_core.gen_operation_groups[3].i_opgroup_block.gen_merged_slice.i_multifmt_slice.gen_num_lanes[0].active_lane.lane_instance.i_fpnew_cast_multi.gen_special_results_int[1]	22	32	0	0	0	0	0	1	1612524	1612524	0,0,0,0,0,0,0,0,0,0,0,0,0,0,0,0,0,0,0,0,0,0,0,0,0,0,0,0,0,0,0,0,0,0,0,0,0,0,0,0	0,0,0,0,0,0,0,0,0,0,0,0,0,0,0,0,0,0,0,0,0,0,0,0,0,0,0,0,0,0,0,0,1,0,0,0,0,0,0,0	2	0	0	0	0	1	1612524	1612524	0,0,0,0,0,0,0,0,0,0,0,0,0,0,0,0,0,0,0,0,0,0,0,0,0,0,0,0,0,0,0,0,0,0,0,0,0,0,0,0	0,0,0,0,0,0,0,0,0,0,0,0,0,0,0,0,0,0,0,0,0,0,0,0,0,0,0,0,0,0,0,0,1,0,0,0,0,0,0,0
tb.dut.clusters[0].cluster.sockets[0].socket.cores[0].core.execute.fpu_unit.genblk1[0].fpu_fpnew.genblk3[1].fpnew_core.gen_operation_groups[3].i_opgroup_block.gen_merged_slice.i_multifmt_slice.gen_num_lanes[0].active_lane.lane_instance.i_fpnew_cast_multi.gen_special_results_int[2]	22	32	0	0	0	0	0	1	1612524	1612524	0,0,0,0,0,0,0,0,0,0,0,0,0,0,0,0,0,0,0,0,0,0,0,0,0,0,0,0,0,0,0,0,0,0,0,0,0,0,0,0	0,0,0,0,0,0,0,0,0,0,0,0,0,0,0,0,0,0,0,0,0,0,0,0,0,0,0,0,0,0,0,0,1,0,0,0,0,0,0,0	2	0	0	0	0	1	1612524	1612524	0,0,0,0,0,0,0,0,0,0,0,0,0,0,0,0,0,0,0,0,0,0,0,0,0,0,0,0,0,0,0,0,0,0,0,0,0,0,0,0	0,0,0,0,0,0,0,0,0,0,0,0,0,0,0,0,0,0,0,0,0,0,0,0,0,0,0,0,0,0,0,0,1,0,0,0,0,0,0,0
tb.dut.clusters[0].cluster.sockets[0].socket.cores[0].core.execute.fpu_unit.genblk1[0].fpu_fpnew.genblk3[1].fpnew_core.gen_operation_groups[3].i_opgroup_block.gen_merged_slice.i_multifmt_slice.gen_num_lanes[0].active_lane.lane_instance.i_fpnew_cast_multi.gen_special_results_int[3]	22	32	0	0	0	0	0	1	1612524	1612524	0,0,0,0,0,0,0,0,0,0,0,0,0,0,0,0,0,0,0,0,0,0,0,0,0,0,0,0,0,0,0,0,0,0,0,0,0,0,0,0	0,0,0,0,0,0,0,0,0,0,0,0,0,0,0,0,0,0,0,0,0,0,0,0,0,0,0,0,0,0,0,0,1,0,0,0,0,0,0,0	2	0	0	0	0	1	1612524	1612524	0,0,0,0,0,0,0,0,0,0,0,0,0,0,0,0,0,0,0,0,0,0,0,0,0,0,0,0,0,0,0,0,0,0,0,0,0,0,0,0	0,0,0,0,0,0,0,0,0,0,0,0,0,0,0,0,0,0,0,0,0,0,0,0,0,0,0,0,0,0,0,0,1,0,0,0,0,0,0,0
tb.dut.clusters[0].cluster.sockets[0].socket.cores[0].core.execute.fpu_unit.genblk1[0].fpu_fpnew.genblk3[1].fpnew_core.gen_operation_groups[3].i_opgroup_block.gen_merged_slice.i_multifmt_slice.gen_num_lanes[0].active_lane.lane_instance.i_fpnew_cast_multi.i_fpnew_rounding	22	106	247	32	32	32	1	33	1612492	1611833	32,0,0,0,0,0,0,0,0,0,0,0,0,0,0,0,0,0,0,0,0,0,0,0,0,0,0,0,0,0,0,0,0,0,0,0,0,0,0,0	2,14,7,1,0,0,0,0,0,0,0,0,0,0,0,0,7,0,0,0,1,0,0,0,0,0,0,0,0,0,0,0,1,0,0,0,0,0,0,0	2	32	32	32	1	33	1612492	1611833	32,0,0,0,0,0,0,0,0,0,0,0,0,0,0,0,0,0,0,0,0,0,0,0,0,0,0,0,0,0,0,0,0,0,0,0,0,0,0,0	2,14,7,1,0,0,0,0,0,0,0,0,0,0,0,0,7,0,0,0,1,0,0,0,0,0,0,0,0,0,0,0,1,0,0,0,0,0,0,0
tb.dut.clusters[0].cluster.sockets[0].socket.cores[0].core.execute.fpu_unit.genblk1[0].fpu_fpnew.genblk3[1].fpnew_core.gen_operation_groups[3].i_opgroup_block.gen_merged_slice.i_multifmt_slice.gen_num_lanes[0].active_lane.lane_instance.i_fpnew_cast_multi.i_lzc	22	519	449	32	32	32	1	33	1612492	1611835	32,0,0,0,0,0,0,0,0,0,0,0,0,0,0,0,0,0,0,0,0,0,0,0,0,0,0,0,0,0,0,0,0,0,0,0,0,0,0,0	2,14,7,1,0,0,0,0,0,0,0,0,0,0,0,0,7,0,0,0,1,0,0,0,0,0,0,0,0,0,0,0,1,0,0,0,0,0,0,0	3	32	32	32	1	33	1612492	1611835	32,0,0,0,0,0,0,0,0,0,0,0,0,0,0,0,0,0,0,0,0,0,0,0,0,0,0,0,0,0,0,0,0,0,0,0,0,0,0,0	2,14,7,1,0,0,0,0,0,0,0,0,0,0,0,0,7,0,0,0,1,0,0,0,0,0,0,0,0,0,0,0,1,0,0,0,0,0,0,0
tb.dut.clusters[0].cluster.sockets[0].socket.cores[0].core.execute.fpu_unit.genblk1[0].fpu_fpnew.genblk3[1].fpnew_core.gen_operation_groups[3].i_opgroup_block.gen_merged_slice.i_multifmt_slice.gen_num_lanes[0].active_lane.lane_instance.i_fpnew_cast_multi.i_lzc.gen_lzc	23	416	339	32	32	32	1	33	1612492	1611835	32,0,0,0,0,0,0,0,0,0,0,0,0,0,0,0,0,0,0,0,0,0,0,0,0,0,0,0,0,0,0,0,0,0,0,0,0,0,0,0	2,14,7,1,0,0,0,0,0,0,0,0,0,0,0,0,7,0,0,0,1,0,0,0,0,0,0,0,0,0,0,0,1,0,0,0,0,0,0,0	3	31	31	31	1	32	1612493	1611838	31,0,0,0,0,0,0,0,0,0,0,0,0,0,0,0,0,0,0,0,0,0,0,0,0,0,0,0,0,0,0,0,0,0,0,0,0,0,0,0	2,13,7,1,0,0,0,0,0,0,0,0,0,0,0,0,7,0,0,0,1,0,0,0,0,0,0,0,0,0,0,0,1,0,0,0,0,0,0,0
tb.dut.clusters[0].cluster.sockets[0].socket.cores[0].core.execute.fpu_unit.genblk1[0].fpu_fpnew.genblk3[1].fpnew_core.gen_operation_groups[3].i_opgroup_block.gen_merged_slice.i_multifmt_slice.gen_num_lanes[0].int_results_enabled	19	128	0	0	0	0	0	1	1612524	1612524	0,0,0,0,0,0,0,0,0,0,0,0,0,0,0,0,0,0,0,0,0,0,0,0,0,0,0,0,0,0,0,0,0,0,0,0,0,0,0,0	0,0,0,0,0,0,0,0,0,0,0,0,0,0,0,0,0,0,0,0,0,0,0,0,0,0,0,0,0,0,0,0,1,0,0,0,0,0,0,0	2	0	0	0	0	1	1612524	1612524	0,0,0,0,0,0,0,0,0,0,0,0,0,0,0,0,0,0,0,0,0,0,0,0,0,0,0,0,0,0,0,0,0,0,0,0,0,0,0,0	0,0,0,0,0,0,0,0,0,0,0,0,0,0,0,0,0,0,0,0,0,0,0,0,0,0,0,0,0,0,0,0,1,0,0,0,0,0,0,0
tb.dut.clusters[0].cluster.sockets[0].socket.cores[0].core.execute.fpu_unit.genblk1[0].fpu_fpnew.genblk3[1].fpnew_core.gen_operation_groups[3].i_opgroup_block.gen_merged_slice.i_multifmt_slice.gen_num_lanes[0].int_results_enabled.pack_int_result[0]	20	32	0	0	0	0	0	1	1612524	1612524	0,0,0,0,0,0,0,0,0,0,0,0,0,0,0,0,0,0,0,0,0,0,0,0,0,0,0,0,0,0,0,0,0,0,0,0,0,0,0,0	0,0,0,0,0,0,0,0,0,0,0,0,0,0,0,0,0,0,0,0,0,0,0,0,0,0,0,0,0,0,0,0,1,0,0,0,0,0,0,0	2	0	0	0	0	1	1612524	1612524	0,0,0,0,0,0,0,0,0,0,0,0,0,0,0,0,0,0,0,0,0,0,0,0,0,0,0,0,0,0,0,0,0,0,0,0,0,0,0,0	0,0,0,0,0,0,0,0,0,0,0,0,0,0,0,0,0,0,0,0,0,0,0,0,0,0,0,0,0,0,0,0,1,0,0,0,0,0,0,0
tb.dut.clusters[0].cluster.sockets[0].socket.cores[0].core.execute.fpu_unit.genblk1[0].fpu_fpnew.genblk3[1].fpnew_core.gen_operation_groups[3].i_opgroup_block.gen_merged_slice.i_multifmt_slice.gen_num_lanes[0].int_results_enabled.pack_int_result[1]	20	32	0	0	0	0	0	1	1612524	1612524	0,0,0,0,0,0,0,0,0,0,0,0,0,0,0,0,0,0,0,0,0,0,0,0,0,0,0,0,0,0,0,0,0,0,0,0,0,0,0,0	0,0,0,0,0,0,0,0,0,0,0,0,0,0,0,0,0,0,0,0,0,0,0,0,0,0,0,0,0,0,0,0,1,0,0,0,0,0,0,0	2	0	0	0	0	1	1612524	1612524	0,0,0,0,0,0,0,0,0,0,0,0,0,0,0,0,0,0,0,0,0,0,0,0,0,0,0,0,0,0,0,0,0,0,0,0,0,0,0,0	0,0,0,0,0,0,0,0,0,0,0,0,0,0,0,0,0,0,0,0,0,0,0,0,0,0,0,0,0,0,0,0,1,0,0,0,0,0,0,0
tb.dut.clusters[0].cluster.sockets[0].socket.cores[0].core.execute.fpu_unit.genblk1[0].fpu_fpnew.genblk3[1].fpnew_core.gen_operation_groups[3].i_opgroup_block.gen_merged_slice.i_multifmt_slice.gen_num_lanes[0].int_results_enabled.pack_int_result[2]	20	32	0	0	0	0	0	1	1612524	1612524	0,0,0,0,0,0,0,0,0,0,0,0,0,0,0,0,0,0,0,0,0,0,0,0,0,0,0,0,0,0,0,0,0,0,0,0,0,0,0,0	0,0,0,0,0,0,0,0,0,0,0,0,0,0,0,0,0,0,0,0,0,0,0,0,0,0,0,0,0,0,0,0,1,0,0,0,0,0,0,0	2	0	0	0	0	1	1612524	1612524	0,0,0,0,0,0,0,0,0,0,0,0,0,0,0,0,0,0,0,0,0,0,0,0,0,0,0,0,0,0,0,0,0,0,0,0,0,0,0,0	0,0,0,0,0,0,0,0,0,0,0,0,0,0,0,0,0,0,0,0,0,0,0,0,0,0,0,0,0,0,0,0,1,0,0,0,0,0,0,0
tb.dut.clusters[0].cluster.sockets[0].socket.cores[0].core.execute.fpu_unit.genblk1[0].fpu_fpnew.genblk3[1].fpnew_core.gen_operation_groups[3].i_opgroup_block.gen_merged_slice.i_multifmt_slice.gen_num_lanes[0].int_results_enabled.pack_int_result[3]	20	32	0	0	0	0	0	1	1612524	1612524	0,0,0,0,0,0,0,0,0,0,0,0,0,0,0,0,0,0,0,0,0,0,0,0,0,0,0,0,0,0,0,0,0,0,0,0,0,0,0,0	0,0,0,0,0,0,0,0,0,0,0,0,0,0,0,0,0,0,0,0,0,0,0,0,0,0,0,0,0,0,0,0,1,0,0,0,0,0,0,0	2	0	0	0	0	1	1612524	1612524	0,0,0,0,0,0,0,0,0,0,0,0,0,0,0,0,0,0,0,0,0,0,0,0,0,0,0,0,0,0,0,0,0,0,0,0,0,0,0,0	0,0,0,0,0,0,0,0,0,0,0,0,0,0,0,0,0,0,0,0,0,0,0,0,0,0,0,0,0,0,0,0,1,0,0,0,0,0,0,0
tb.dut.clusters[0].cluster.sockets[0].socket.cores[0].core.execute.fpu_unit.genblk1[0].fpu_fpnew.genblk3[1].fpnew_core.gen_operation_groups[3].i_opgroup_block.gen_merged_slice.i_multifmt_slice.gen_num_lanes[0].pack_fp_result[0]	19	32	0	0	0	0	0	1	1612524	1612524	0,0,0,0,0,0,0,0,0,0,0,0,0,0,0,0,0,0,0,0,0,0,0,0,0,0,0,0,0,0,0,0,0,0,0,0,0,0,0,0	0,0,0,0,0,0,0,0,0,0,0,0,0,0,0,0,0,0,0,0,0,0,0,0,0,0,0,0,0,0,0,0,1,0,0,0,0,0,0,0	2	0	0	0	0	1	1612524	1612524	0,0,0,0,0,0,0,0,0,0,0,0,0,0,0,0,0,0,0,0,0,0,0,0,0,0,0,0,0,0,0,0,0,0,0,0,0,0,0,0	0,0,0,0,0,0,0,0,0,0,0,0,0,0,0,0,0,0,0,0,0,0,0,0,0,0,0,0,0,0,0,0,1,0,0,0,0,0,0,0
tb.dut.clusters[0].cluster.sockets[0].socket.cores[0].core.execute.fpu_unit.genblk1[0].fpu_fpnew.genblk3[1].fpnew_core.gen_operation_groups[3].i_opgroup_block.gen_merged_slice.i_multifmt_slice.gen_num_lanes[0].pack_fp_result[1]	19	32	0	0	0	0	0	1	1612524	1612524	0,0,0,0,0,0,0,0,0,0,0,0,0,0,0,0,0,0,0,0,0,0,0,0,0,0,0,0,0,0,0,0,0,0,0,0,0,0,0,0	0,0,0,0,0,0,0,0,0,0,0,0,0,0,0,0,0,0,0,0,0,0,0,0,0,0,0,0,0,0,0,0,1,0,0,0,0,0,0,0	2	0	0	0	0	1	1612524	1612524	0,0,0,0,0,0,0,0,0,0,0,0,0,0,0,0,0,0,0,0,0,0,0,0,0,0,0,0,0,0,0,0,0,0,0,0,0,0,0,0	0,0,0,0,0,0,0,0,0,0,0,0,0,0,0,0,0,0,0,0,0,0,0,0,0,0,0,0,0,0,0,0,1,0,0,0,0,0,0,0
tb.dut.clusters[0].cluster.sockets[0].socket.cores[0].core.execute.fpu_unit.genblk1[0].fpu_fpnew.genblk3[1].fpnew_core.gen_operation_groups[3].i_opgroup_block.gen_merged_slice.i_multifmt_slice.gen_num_lanes[0].pack_fp_result[2]	19	32	0	0	0	0	0	1	1612524	1612524	0,0,0,0,0,0,0,0,0,0,0,0,0,0,0,0,0,0,0,0,0,0,0,0,0,0,0,0,0,0,0,0,0,0,0,0,0,0,0,0	0,0,0,0,0,0,0,0,0,0,0,0,0,0,0,0,0,0,0,0,0,0,0,0,0,0,0,0,0,0,0,0,1,0,0,0,0,0,0,0	2	0	0	0	0	1	1612524	1612524	0,0,0,0,0,0,0,0,0,0,0,0,0,0,0,0,0,0,0,0,0,0,0,0,0,0,0,0,0,0,0,0,0,0,0,0,0,0,0,0	0,0,0,0,0,0,0,0,0,0,0,0,0,0,0,0,0,0,0,0,0,0,0,0,0,0,0,0,0,0,0,0,1,0,0,0,0,0,0,0
tb.dut.clusters[0].cluster.sockets[0].socket.cores[0].core.execute.fpu_unit.genblk1[0].fpu_fpnew.genblk3[1].fpnew_core.gen_operation_groups[3].i_opgroup_block.gen_merged_slice.i_multifmt_slice.gen_num_lanes[0].pack_fp_result[3]	19	32	0	0	0	0	0	1	1612524	1612524	0,0,0,0,0,0,0,0,0,0,0,0,0,0,0,0,0,0,0,0,0,0,0,0,0,0,0,0,0,0,0,0,0,0,0,0,0,0,0,0	0,0,0,0,0,0,0,0,0,0,0,0,0,0,0,0,0,0,0,0,0,0,0,0,0,0,0,0,0,0,0,0,1,0,0,0,0,0,0,0	2	0	0	0	0	1	1612524	1612524	0,0,0,0,0,0,0,0,0,0,0,0,0,0,0,0,0,0,0,0,0,0,0,0,0,0,0,0,0,0,0,0,0,0,0,0,0,0,0,0	0,0,0,0,0,0,0,0,0,0,0,0,0,0,0,0,0,0,0,0,0,0,0,0,0,0,0,0,0,0,0,0,1,0,0,0,0,0,0,0
tb.dut.clusters[0].cluster.sockets[0].socket.cores[0].core.execute.fpu_unit.genblk1[0].fpu_fpnew.genblk3[1].fpnew_core.gen_operation_groups[3].i_opgroup_block.gen_merged_slice.i_multifmt_slice.gen_num_lanes[0].pack_fp_result[4]	19	32	0	0	0	0	0	1	1612524	1612524	0,0,0,0,0,0,0,0,0,0,0,0,0,0,0,0,0,0,0,0,0,0,0,0,0,0,0,0,0,0,0,0,0,0,0,0,0,0,0,0	0,0,0,0,0,0,0,0,0,0,0,0,0,0,0,0,0,0,0,0,0,0,0,0,0,0,0,0,0,0,0,0,1,0,0,0,0,0,0,0	2	0	0	0	0	1	1612524	1612524	0,0,0,0,0,0,0,0,0,0,0,0,0,0,0,0,0,0,0,0,0,0,0,0,0,0,0,0,0,0,0,0,0,0,0,0,0,0,0,0	0,0,0,0,0,0,0,0,0,0,0,0,0,0,0,0,0,0,0,0,0,0,0,0,0,0,0,0,0,0,0,0,1,0,0,0,0,0,0,0
tb.dut.clusters[0].cluster.sockets[0].socket.cores[0].core.execute.fpu_unit.genblk1[0].fpu_fpnew.genblk3[1].fpnew_core.gen_operation_groups[3].i_opgroup_block.gen_merged_slice.i_multifmt_slice.target_regs	18	227	7377721	583726	524317	583726	3	524318	1028798	8245	466957,55311,2049,0,0,0,0,0,0,0,0,0,0,0,0,0,0,0,0,0,0,0,0,0,0,0,0,0,0,0,0,0,0,0,0,0,0,0,0,0	57356,464898,0,0,0,0,0,0,6,1,0,6,2,0,1,2046,0,0,0,0,1,0,0,0,0,1,0,0,0,0,0,0,0,0,0,0,0,0,0,0	2	583722	524315	583722	3	524316	1028802	8245	466957,55309,2049,0,0,0,0,0,0,0,0,0,0,0,0,0,0,0,0,0,0,0,0,0,0,0,0,0,0,0,0,0,0,0,0,0,0,0,0,0	57355,464894,1,0,2,0,0,0,6,1,0,6,2,0,1,2046,0,0,0,0,1,0,0,0,0,1,0,0,0,0,0,0,0,0,0,0,0,0,0,0
tb.dut.clusters[0].cluster.sockets[0].socket.cores[0].core.execute.fpu_unit.genblk1[0].fpu_fpnew.genblk3[1].fpnew_core.gen_operation_groups[3].i_opgroup_block.gen_merged_slice.i_multifmt_slice.target_regs.gen_bypass_pipeline[0]	19	1	0	0	0	0	0	1	1612524	1612524	0,0,0,0,0,0,0,0,0,0,0,0,0,0,0,0,0,0,0,0,0,0,0,0,0,0,0,0,0,0,0,0,0,0,0,0,0,0,0,0	0,0,0,0,0,0,0,0,0,0,0,0,0,0,0,0,0,0,0,0,0,0,0,0,0,0,0,0,0,0,0,0,1,0,0,0,0,0,0,0	2	0	0	0	0	1	1612524	1612524	0,0,0,0,0,0,0,0,0,0,0,0,0,0,0,0,0,0,0,0,0,0,0,0,0,0,0,0,0,0,0,0,0,0,0,0,0,0,0,0	0,0,0,0,0,0,0,0,0,0,0,0,0,0,0,0,0,0,0,0,0,0,0,0,0,0,0,0,0,0,0,0,1,0,0,0,0,0,0,0
tb.dut.clusters[0].cluster.sockets[0].socket.cores[0].core.execute.fpu_unit.genblk1[0].fpu_fpnew.genblk3[1].fpnew_core.gen_operation_groups[3].i_opgroup_block.gen_merged_slice.i_multifmt_slice.target_regs.gen_bypass_pipeline[1]	19	1	0	0	0	0	0	1	1612524	1612524	0,0,0,0,0,0,0,0,0,0,0,0,0,0,0,0,0,0,0,0,0,0,0,0,0,0,0,0,0,0,0,0,0,0,0,0,0,0,0,0	0,0,0,0,0,0,0,0,0,0,0,0,0,0,0,0,0,0,0,0,0,0,0,0,0,0,0,0,0,0,0,0,1,0,0,0,0,0,0,0	2	0	0	0	0	1	1612524	1612524	0,0,0,0,0,0,0,0,0,0,0,0,0,0,0,0,0,0,0,0,0,0,0,0,0,0,0,0,0,0,0,0,0,0,0,0,0,0,0,0	0,0,0,0,0,0,0,0,0,0,0,0,0,0,0,0,0,0,0,0,0,0,0,0,0,0,0,0,0,0,0,0,1,0,0,0,0,0,0,0
tb.dut.clusters[0].cluster.sockets[0].socket.cores[0].core.execute.fpu_unit.genblk1[0].fpu_fpnew.genblk3[1].fpnew_core.gen_operation_groups[3].i_opgroup_block.gen_merged_slice.i_multifmt_slice.target_regs.gen_bypass_pipeline[2]	19	1	0	0	0	0	0	1	1612524	1612524	0,0,0,0,0,0,0,0,0,0,0,0,0,0,0,0,0,0,0,0,0,0,0,0,0,0,0,0,0,0,0,0,0,0,0,0,0,0,0,0	0,0,0,0,0,0,0,0,0,0,0,0,0,0,0,0,0,0,0,0,0,0,0,0,0,0,0,0,0,0,0,0,1,0,0,0,0,0,0,0	2	0	0	0	0	1	1612524	1612524	0,0,0,0,0,0,0,0,0,0,0,0,0,0,0,0,0,0,0,0,0,0,0,0,0,0,0,0,0,0,0,0,0,0,0,0,0,0,0,0	0,0,0,0,0,0,0,0,0,0,0,0,0,0,0,0,0,0,0,0,0,0,0,0,0,0,0,0,0,0,0,0,1,0,0,0,0,0,0,0
tb.dut.clusters[0].cluster.sockets[0].socket.cores[0].core.execute.fpu_unit.genblk1[0].fpu_fpnew.genblk3[1].fpnew_core.gen_operation_groups[3].i_opgroup_block.gen_merged_slice.i_multifmt_slice.target_regs.gen_bypass_pipeline[3]	19	1	0	0	0	0	0	1	1612524	1612524	0,0,0,0,0,0,0,0,0,0,0,0,0,0,0,0,0,0,0,0,0,0,0,0,0,0,0,0,0,0,0,0,0,0,0,0,0,0,0,0	0,0,0,0,0,0,0,0,0,0,0,0,0,0,0,0,0,0,0,0,0,0,0,0,0,0,0,0,0,0,0,0,1,0,0,0,0,0,0,0	2	0	0	0	0	1	1612524	1612524	0,0,0,0,0,0,0,0,0,0,0,0,0,0,0,0,0,0,0,0,0,0,0,0,0,0,0,0,0,0,0,0,0,0,0,0,0,0,0,0	0,0,0,0,0,0,0,0,0,0,0,0,0,0,0,0,0,0,0,0,0,0,0,0,0,0,0,0,0,0,0,0,1,0,0,0,0,0,0,0
tb.dut.clusters[0].cluster.sockets[0].socket.cores[0].core.execute.fpu_unit.genblk1[0].fpu_fpnew.genblk3[1].fpnew_core.gen_operation_groups[3].i_opgroup_block.gen_merged_slice.i_multifmt_slice.target_regs.gen_bypass_pipeline[4]	19	1	0	0	0	0	0	1	1612524	1612524	0,0,0,0,0,0,0,0,0,0,0,0,0,0,0,0,0,0,0,0,0,0,0,0,0,0,0,0,0,0,0,0,0,0,0,0,0,0,0,0	0,0,0,0,0,0,0,0,0,0,0,0,0,0,0,0,0,0,0,0,0,0,0,0,0,0,0,0,0,0,0,0,1,0,0,0,0,0,0,0	2	0	0	0	0	1	1612524	1612524	0,0,0,0,0,0,0,0,0,0,0,0,0,0,0,0,0,0,0,0,0,0,0,0,0,0,0,0,0,0,0,0,0,0,0,0,0,0,0,0	0,0,0,0,0,0,0,0,0,0,0,0,0,0,0,0,0,0,0,0,0,0,0,0,0,0,0,0,0,0,0,0,1,0,0,0,0,0,0,0
tb.dut.clusters[0].cluster.sockets[0].socket.cores[0].core.execute.fpu_unit.genblk1[0].fpu_fpnew.genblk3[1].fpnew_core.gen_operation_groups[3].i_opgroup_block.gen_parallel_slices[0]	16	2	0	0	0	0	0	1	1612524	1612524	0,0,0,0,0,0,0,0,0,0,0,0,0,0,0,0,0,0,0,0,0,0,0,0,0,0,0,0,0,0,0,0,0,0,0,0,0,0,0,0	0,0,0,0,0,0,0,0,0,0,0,0,0,0,0,0,0,0,0,0,0,0,0,0,0,0,0,0,0,0,0,0,1,0,0,0,0,0,0,0	2	0	0	0	0	1	1612524	1612524	0,0,0,0,0,0,0,0,0,0,0,0,0,0,0,0,0,0,0,0,0,0,0,0,0,0,0,0,0,0,0,0,0,0,0,0,0,0,0,0	0,0,0,0,0,0,0,0,0,0,0,0,0,0,0,0,0,0,0,0,0,0,0,0,0,0,0,0,0,0,0,0,1,0,0,0,0,0,0,0
tb.dut.clusters[0].cluster.sockets[0].socket.cores[0].core.execute.fpu_unit.genblk1[0].fpu_fpnew.genblk3[1].fpnew_core.gen_operation_groups[3].i_opgroup_block.gen_parallel_slices[1]	16	2	0	0	0	0	0	1	1612524	1612524	0,0,0,0,0,0,0,0,0,0,0,0,0,0,0,0,0,0,0,0,0,0,0,0,0,0,0,0,0,0,0,0,0,0,0,0,0,0,0,0	0,0,0,0,0,0,0,0,0,0,0,0,0,0,0,0,0,0,0,0,0,0,0,0,0,0,0,0,0,0,0,0,1,0,0,0,0,0,0,0	2	0	0	0	0	1	1612524	1612524	0,0,0,0,0,0,0,0,0,0,0,0,0,0,0,0,0,0,0,0,0,0,0,0,0,0,0,0,0,0,0,0,0,0,0,0,0,0,0,0	0,0,0,0,0,0,0,0,0,0,0,0,0,0,0,0,0,0,0,0,0,0,0,0,0,0,0,0,0,0,0,0,1,0,0,0,0,0,0,0
tb.dut.clusters[0].cluster.sockets[0].socket.cores[0].core.execute.fpu_unit.genblk1[0].fpu_fpnew.genblk3[1].fpnew_core.gen_operation_groups[3].i_opgroup_block.gen_parallel_slices[2]	16	2	0	0	0	0	0	1	1612524	1612524	0,0,0,0,0,0,0,0,0,0,0,0,0,0,0,0,0,0,0,0,0,0,0,0,0,0,0,0,0,0,0,0,0,0,0,0,0,0,0,0	0,0,0,0,0,0,0,0,0,0,0,0,0,0,0,0,0,0,0,0,0,0,0,0,0,0,0,0,0,0,0,0,1,0,0,0,0,0,0,0	2	0	0	0	0	1	1612524	1612524	0,0,0,0,0,0,0,0,0,0,0,0,0,0,0,0,0,0,0,0,0,0,0,0,0,0,0,0,0,0,0,0,0,0,0,0,0,0,0,0	0,0,0,0,0,0,0,0,0,0,0,0,0,0,0,0,0,0,0,0,0,0,0,0,0,0,0,0,0,0,0,0,1,0,0,0,0,0,0,0
tb.dut.clusters[0].cluster.sockets[0].socket.cores[0].core.execute.fpu_unit.genblk1[0].fpu_fpnew.genblk3[1].fpnew_core.gen_operation_groups[3].i_opgroup_block.gen_parallel_slices[3]	16	2	0	0	0	0	0	1	1612524	1612524	0,0,0,0,0,0,0,0,0,0,0,0,0,0,0,0,0,0,0,0,0,0,0,0,0,0,0,0,0,0,0,0,0,0,0,0,0,0,0,0	0,0,0,0,0,0,0,0,0,0,0,0,0,0,0,0,0,0,0,0,0,0,0,0,0,0,0,0,0,0,0,0,1,0,0,0,0,0,0,0	2	0	0	0	0	1	1612524	1612524	0,0,0,0,0,0,0,0,0,0,0,0,0,0,0,0,0,0,0,0,0,0,0,0,0,0,0,0,0,0,0,0,0,0,0,0,0,0,0,0	0,0,0,0,0,0,0,0,0,0,0,0,0,0,0,0,0,0,0,0,0,0,0,0,0,0,0,0,0,0,0,0,1,0,0,0,0,0,0,0
tb.dut.clusters[0].cluster.sockets[0].socket.cores[0].core.execute.fpu_unit.genblk1[0].fpu_fpnew.genblk3[1].fpnew_core.gen_operation_groups[3].i_opgroup_block.gen_parallel_slices[4]	16	2	0	0	0	0	0	1	1612524	1612524	0,0,0,0,0,0,0,0,0,0,0,0,0,0,0,0,0,0,0,0,0,0,0,0,0,0,0,0,0,0,0,0,0,0,0,0,0,0,0,0	0,0,0,0,0,0,0,0,0,0,0,0,0,0,0,0,0,0,0,0,0,0,0,0,0,0,0,0,0,0,0,0,1,0,0,0,0,0,0,0	2	0	0	0	0	1	1612524	1612524	0,0,0,0,0,0,0,0,0,0,0,0,0,0,0,0,0,0,0,0,0,0,0,0,0,0,0,0,0,0,0,0,0,0,0,0,0,0,0,0	0,0,0,0,0,0,0,0,0,0,0,0,0,0,0,0,0,0,0,0,0,0,0,0,0,0,0,0,0,0,0,0,1,0,0,0,0,0,0,0
tb.dut.clusters[0].cluster.sockets[0].socket.cores[0].core.execute.fpu_unit.genblk1[0].fpu_fpnew.genblk3[1].fpnew_core.gen_operation_groups[3].i_opgroup_block.i_arbiter	16	1510	4203465	1048722	524352	1048722	8	524353	563802	8241	2,524344,0,4,0,0,0,2,0,0,0,0,0,0,0,0,0,0,0,0,0,0,0,0,0,0,0,0,0,0,0,0,0,0,0,0,0,0,0,0	522265,23,9,4,0,1,0,0,0,0,0,0,0,0,1,2046,2,0,0,0,1,0,0,0,0,1,0,0,0,0,0,0,0,0,0,0,0,0,0,0	8	64	30	64	4	31	1612460	1611831	0,28,0,2,0,0,0,0,0,0,0,0,0,0,0,0,0,0,0,0,0,0,0,0,0,0,0,0,0,0,0,0,0,0,0,0,0,0,0,0	14,7,1,0,0,0,0,0,0,0,0,0,0,0,0,0,7,0,0,0,1,0,0,0,0,0,0,0,0,0,0,0,1,0,0,0,0,0,0,0
tb.dut.clusters[0].cluster.sockets[0].socket.cores[0].core.execute.fpu_unit.genblk1[0].fpu_fpnew.genblk3[1].fpnew_core.gen_operation_groups[3].i_opgroup_block.i_arbiter.gen_arbiter	17	1150	3152270	1048720	524350	1048720	8	524351	563804	8241	0,524344,0,4,0,0,0,2,0,0,0,0,0,0,0,0,0,0,0,0,0,0,0,0,0,0,0,0,0,0,0,0,0,0,0,0,0,0,0,0	522265,23,8,4,0,1,0,0,0,0,0,0,0,0,1,2046,1,0,0,0,1,0,0,0,0,1,0,0,0,0,0,0,0,0,0,0,0,0,0,0	6	64	30	64	4	31	1612460	1611831	0,28,0,2,0,0,0,0,0,0,0,0,0,0,0,0,0,0,0,0,0,0,0,0,0,0,0,0,0,0,0,0,0,0,0,0,0,0,0,0	14,7,1,0,0,0,0,0,0,0,0,0,0,0,0,0,7,0,0,0,1,0,0,0,0,0,0,0,0,0,0,0,1,0,0,0,0,0,0,0
tb.dut.clusters[0].cluster.sockets[0].socket.cores[0].core.execute.fpu_unit.genblk1[0].fpu_fpnew.genblk3[1].fpnew_core.gen_operation_groups[3].i_opgroup_block.i_arbiter.gen_arbiter.gen_int_rr	18	340	640	64	30	64	4	31	1612460	1611831	0,28,0,2,0,0,0,0,0,0,0,0,0,0,0,0,0,0,0,0,0,0,0,0,0,0,0,0,0,0,0,0,0,0,0,0,0,0,0,0	14,7,1,0,0,0,0,0,0,0,0,0,0,0,0,0,7,0,0,0,1,0,0,0,0,0,0,0,0,0,0,0,1,0,0,0,0,0,0,0	2	64	30	64	4	31	1612460	1611831	0,28,0,2,0,0,0,0,0,0,0,0,0,0,0,0,0,0,0,0,0,0,0,0,0,0,0,0,0,0,0,0,0,0,0,0,0,0,0,0	14,7,1,0,0,0,0,0,0,0,0,0,0,0,0,0,7,0,0,0,1,0,0,0,0,0,0,0,0,0,0,0,1,0,0,0,0,0,0,0
tb.dut.clusters[0].cluster.sockets[0].socket.cores[0].core.execute.fpu_unit.genblk1[0].fpu_fpnew.genblk3[1].fpnew_core.gen_operation_groups[3].i_opgroup_block.i_arbiter.gen_arbiter.gen_int_rr.gen_fair_arb	19	337	640	64	30	64	4	31	1612460	1611831	0,28,0,2,0,0,0,0,0,0,0,0,0,0,0,0,0,0,0,0,0,0,0,0,0,0,0,0,0,0,0,0,0,0,0,0,0,0,0,0	14,7,1,0,0,0,0,0,0,0,0,0,0,0,0,0,7,0,0,0,1,0,0,0,0,0,0,0,0,0,0,0,1,0,0,0,0,0,0,0	2	64	30	64	4	31	1612460	1611831	0,28,0,2,0,0,0,0,0,0,0,0,0,0,0,0,0,0,0,0,0,0,0,0,0,0,0,0,0,0,0,0,0,0,0,0,0,0,0,0	14,7,1,0,0,0,0,0,0,0,0,0,0,0,0,0,7,0,0,0,1,0,0,0,0,0,0,0,0,0,0,0,1,0,0,0,0,0,0,0
tb.dut.clusters[0].cluster.sockets[0].socket.cores[0].core.execute.fpu_unit.genblk1[0].fpu_fpnew.genblk3[1].fpnew_core.gen_operation_groups[3].i_opgroup_block.i_arbiter.gen_arbiter.gen_int_rr.gen_fair_arb.i_lzc_lower	20	158	576	64	30	64	4	31	1612460	1611831	0,28,0,2,0,0,0,0,0,0,0,0,0,0,0,0,0,0,0,0,0,0,0,0,0,0,0,0,0,0,0,0,0,0,0,0,0,0,0,0	14,7,1,0,0,0,0,0,0,0,0,0,0,0,0,0,7,0,0,0,1,0,0,0,0,0,0,0,0,0,0,0,1,0,0,0,0,0,0,0	2	64	30	64	4	31	1612460	1611831	0,28,0,2,0,0,0,0,0,0,0,0,0,0,0,0,0,0,0,0,0,0,0,0,0,0,0,0,0,0,0,0,0,0,0,0,0,0,0,0	14,7,1,0,0,0,0,0,0,0,0,0,0,0,0,0,7,0,0,0,1,0,0,0,0,0,0,0,0,0,0,0,1,0,0,0,0,0,0,0
tb.dut.clusters[0].cluster.sockets[0].socket.cores[0].core.execute.fpu_unit.genblk1[0].fpu_fpnew.genblk3[1].fpnew_core.gen_operation_groups[3].i_opgroup_block.i_arbiter.gen_arbiter.gen_int_rr.gen_fair_arb.i_lzc_lower.gen_lzc	21	84	448	64	30	64	4	31	1612460	1611831	0,28,0,2,0,0,0,0,0,0,0,0,0,0,0,0,0,0,0,0,0,0,0,0,0,0,0,0,0,0,0,0,0,0,0,0,0,0,0,0	14,7,1,0,0,0,0,0,0,0,0,0,0,0,0,0,7,0,0,0,1,0,0,0,0,0,0,0,0,0,0,0,1,0,0,0,0,0,0,0	2	64	30	64	4	31	1612460	1611831	0,28,0,2,0,0,0,0,0,0,0,0,0,0,0,0,0,0,0,0,0,0,0,0,0,0,0,0,0,0,0,0,0,0,0,0,0,0,0,0	14,7,1,0,0,0,0,0,0,0,0,0,0,0,0,0,7,0,0,0,1,0,0,0,0,0,0,0,0,0,0,0,1,0,0,0,0,0,0,0
tb.dut.clusters[0].cluster.sockets[0].socket.cores[0].core.execute.fpu_unit.genblk1[0].fpu_fpnew.genblk3[1].fpnew_core.gen_operation_groups[3].i_opgroup_block.i_arbiter.gen_arbiter.gen_int_rr.gen_fair_arb.i_lzc_upper	20	158	0	0	0	0	0	1	1612524	1612524	0,0,0,0,0,0,0,0,0,0,0,0,0,0,0,0,0,0,0,0,0,0,0,0,0,0,0,0,0,0,0,0,0,0,0,0,0,0,0,0	0,0,0,0,0,0,0,0,0,0,0,0,0,0,0,0,0,0,0,0,0,0,0,0,0,0,0,0,0,0,0,0,1,0,0,0,0,0,0,0	2	0	0	0	0	1	1612524	1612524	0,0,0,0,0,0,0,0,0,0,0,0,0,0,0,0,0,0,0,0,0,0,0,0,0,0,0,0,0,0,0,0,0,0,0,0,0,0,0,0	0,0,0,0,0,0,0,0,0,0,0,0,0,0,0,0,0,0,0,0,0,0,0,0,0,0,0,0,0,0,0,0,1,0,0,0,0,0,0,0
tb.dut.clusters[0].cluster.sockets[0].socket.cores[0].core.execute.fpu_unit.genblk1[0].fpu_fpnew.genblk3[1].fpnew_core.gen_operation_groups[3].i_opgroup_block.i_arbiter.gen_arbiter.gen_int_rr.gen_fair_arb.i_lzc_upper.gen_lzc	21	84	0	0	0	0	0	1	1612524	1612524	0,0,0,0,0,0,0,0,0,0,0,0,0,0,0,0,0,0,0,0,0,0,0,0,0,0,0,0,0,0,0,0,0,0,0,0,0,0,0,0	0,0,0,0,0,0,0,0,0,0,0,0,0,0,0,0,0,0,0,0,0,0,0,0,0,0,0,0,0,0,0,0,1,0,0,0,0,0,0,0	2	0	0	0	0	1	1612524	1612524	0,0,0,0,0,0,0,0,0,0,0,0,0,0,0,0,0,0,0,0,0,0,0,0,0,0,0,0,0,0,0,0,0,0,0,0,0,0,0,0	0,0,0,0,0,0,0,0,0,0,0,0,0,0,0,0,0,0,0,0,0,0,0,0,0,0,0,0,0,0,0,0,1,0,0,0,0,0,0,0
tb.dut.clusters[0].cluster.sockets[0].socket.cores[0].core.execute.fpu_unit.genblk1[0].fpu_fpnew.genblk3[1].fpnew_core.gen_operation_groups[3].i_opgroup_block.i_arbiter.gen_arbiter.gen_levels[0]	18	65	64	64	30	64	4	31	1612460	1611831	0,28,0,2,0,0,0,0,0,0,0,0,0,0,0,0,0,0,0,0,0,0,0,0,0,0,0,0,0,0,0,0,0,0,0,0,0,0,0,0	14,7,1,0,0,0,0,0,0,0,0,0,0,0,0,0,7,0,0,0,1,0,0,0,0,0,0,0,0,0,0,0,1,0,0,0,0,0,0,0	2	0	0	0	0	1	1612524	1612524	0,0,0,0,0,0,0,0,0,0,0,0,0,0,0,0,0,0,0,0,0,0,0,0,0,0,0,0,0,0,0,0,0,0,0,0,0,0,0,0	0,0,0,0,0,0,0,0,0,0,0,0,0,0,0,0,0,0,0,0,0,0,0,0,0,0,0,0,0,0,0,0,1,0,0,0,0,0,0,0
tb.dut.clusters[0].cluster.sockets[0].socket.cores[0].core.execute.fpu_unit.genblk1[0].fpu_fpnew.genblk3[1].fpnew_core.gen_operation_groups[3].i_opgroup_block.i_arbiter.gen_arbiter.gen_levels[0].gen_level[0]	19	65	64	64	30	64	4	31	1612460	1611831	0,28,0,2,0,0,0,0,0,0,0,0,0,0,0,0,0,0,0,0,0,0,0,0,0,0,0,0,0,0,0,0,0,0,0,0,0,0,0,0	14,7,1,0,0,0,0,0,0,0,0,0,0,0,0,0,7,0,0,0,1,0,0,0,0,0,0,0,0,0,0,0,1,0,0,0,0,0,0,0	2	0	0	0	0	1	1612524	1612524	0,0,0,0,0,0,0,0,0,0,0,0,0,0,0,0,0,0,0,0,0,0,0,0,0,0,0,0,0,0,0,0,0,0,0,0,0,0,0,0	0,0,0,0,0,0,0,0,0,0,0,0,0,0,0,0,0,0,0,0,0,0,0,0,0,0,0,0,0,0,0,0,1,0,0,0,0,0,0,0
tb.dut.clusters[0].cluster.sockets[0].socket.cores[0].core.execute.fpu_unit.genblk1[0].fpu_fpnew.genblk3[1].fpnew_core.gen_operation_groups[3].i_opgroup_block.i_arbiter.gen_arbiter.gen_levels[1]	18	130	64	64	30	64	4	31	1612460	1611831	0,28,0,2,0,0,0,0,0,0,0,0,0,0,0,0,0,0,0,0,0,0,0,0,0,0,0,0,0,0,0,0,0,0,0,0,0,0,0,0	14,7,1,0,0,0,0,0,0,0,0,0,0,0,0,0,7,0,0,0,1,0,0,0,0,0,0,0,0,0,0,0,1,0,0,0,0,0,0,0	2	0	0	0	0	1	1612524	1612524	0,0,0,0,0,0,0,0,0,0,0,0,0,0,0,0,0,0,0,0,0,0,0,0,0,0,0,0,0,0,0,0,0,0,0,0,0,0,0,0	0,0,0,0,0,0,0,0,0,0,0,0,0,0,0,0,0,0,0,0,0,0,0,0,0,0,0,0,0,0,0,0,1,0,0,0,0,0,0,0
tb.dut.clusters[0].cluster.sockets[0].socket.cores[0].core.execute.fpu_unit.genblk1[0].fpu_fpnew.genblk3[1].fpnew_core.gen_operation_groups[3].i_opgroup_block.i_arbiter.gen_arbiter.gen_levels[1].gen_level[0]	19	65	64	64	30	64	4	31	1612460	1611831	0,28,0,2,0,0,0,0,0,0,0,0,0,0,0,0,0,0,0,0,0,0,0,0,0,0,0,0,0,0,0,0,0,0,0,0,0,0,0,0	14,7,1,0,0,0,0,0,0,0,0,0,0,0,0,0,7,0,0,0,1,0,0,0,0,0,0,0,0,0,0,0,1,0,0,0,0,0,0,0	2	0	0	0	0	1	1612524	1612524	0,0,0,0,0,0,0,0,0,0,0,0,0,0,0,0,0,0,0,0,0,0,0,0,0,0,0,0,0,0,0,0,0,0,0,0,0,0,0,0	0,0,0,0,0,0,0,0,0,0,0,0,0,0,0,0,0,0,0,0,0,0,0,0,0,0,0,0,0,0,0,0,1,0,0,0,0,0,0,0
tb.dut.clusters[0].cluster.sockets[0].socket.cores[0].core.execute.fpu_unit.genblk1[0].fpu_fpnew.genblk3[1].fpnew_core.gen_operation_groups[3].i_opgroup_block.i_arbiter.gen_arbiter.gen_levels[1].gen_level[1]	19	65	0	0	0	0	0	1	1612524	1612524	0,0,0,0,0,0,0,0,0,0,0,0,0,0,0,0,0,0,0,0,0,0,0,0,0,0,0,0,0,0,0,0,0,0,0,0,0,0,0,0	0,0,0,0,0,0,0,0,0,0,0,0,0,0,0,0,0,0,0,0,0,0,0,0,0,0,0,0,0,0,0,0,1,0,0,0,0,0,0,0	2	0	0	0	0	1	1612524	1612524	0,0,0,0,0,0,0,0,0,0,0,0,0,0,0,0,0,0,0,0,0,0,0,0,0,0,0,0,0,0,0,0,0,0,0,0,0,0,0,0	0,0,0,0,0,0,0,0,0,0,0,0,0,0,0,0,0,0,0,0,0,0,0,0,0,0,0,0,0,0,0,0,1,0,0,0,0,0,0,0
tb.dut.clusters[0].cluster.sockets[0].socket.cores[0].core.execute.fpu_unit.genblk1[0].fpu_fpnew.genblk3[1].fpnew_core.gen_operation_groups[3].i_opgroup_block.i_arbiter.gen_arbiter.gen_levels[2]	18	260	64	64	30	64	4	31	1612460	1611831	0,28,0,2,0,0,0,0,0,0,0,0,0,0,0,0,0,0,0,0,0,0,0,0,0,0,0,0,0,0,0,0,0,0,0,0,0,0,0,0	14,7,1,0,0,0,0,0,0,0,0,0,0,0,0,0,7,0,0,0,1,0,0,0,0,0,0,0,0,0,0,0,1,0,0,0,0,0,0,0	2	0	0	0	0	1	1612524	1612524	0,0,0,0,0,0,0,0,0,0,0,0,0,0,0,0,0,0,0,0,0,0,0,0,0,0,0,0,0,0,0,0,0,0,0,0,0,0,0,0	0,0,0,0,0,0,0,0,0,0,0,0,0,0,0,0,0,0,0,0,0,0,0,0,0,0,0,0,0,0,0,0,1,0,0,0,0,0,0,0
tb.dut.clusters[0].cluster.sockets[0].socket.cores[0].core.execute.fpu_unit.genblk1[0].fpu_fpnew.genblk3[1].fpnew_core.gen_operation_groups[3].i_opgroup_block.i_arbiter.gen_arbiter.gen_levels[2].gen_level[0]	19	65	64	64	30	64	4	31	1612460	1611831	0,28,0,2,0,0,0,0,0,0,0,0,0,0,0,0,0,0,0,0,0,0,0,0,0,0,0,0,0,0,0,0,0,0,0,0,0,0,0,0	14,7,1,0,0,0,0,0,0,0,0,0,0,0,0,0,7,0,0,0,1,0,0,0,0,0,0,0,0,0,0,0,1,0,0,0,0,0,0,0	2	0	0	0	0	1	1612524	1612524	0,0,0,0,0,0,0,0,0,0,0,0,0,0,0,0,0,0,0,0,0,0,0,0,0,0,0,0,0,0,0,0,0,0,0,0,0,0,0,0	0,0,0,0,0,0,0,0,0,0,0,0,0,0,0,0,0,0,0,0,0,0,0,0,0,0,0,0,0,0,0,0,1,0,0,0,0,0,0,0
tb.dut.clusters[0].cluster.sockets[0].socket.cores[0].core.execute.fpu_unit.genblk1[0].fpu_fpnew.genblk3[1].fpnew_core.gen_operation_groups[3].i_opgroup_block.i_arbiter.gen_arbiter.gen_levels[2].gen_level[1]	19	65	0	0	0	0	0	1	1612524	1612524	0,0,0,0,0,0,0,0,0,0,0,0,0,0,0,0,0,0,0,0,0,0,0,0,0,0,0,0,0,0,0,0,0,0,0,0,0,0,0,0	0,0,0,0,0,0,0,0,0,0,0,0,0,0,0,0,0,0,0,0,0,0,0,0,0,0,0,0,0,0,0,0,1,0,0,0,0,0,0,0	2	0	0	0	0	1	1612524	1612524	0,0,0,0,0,0,0,0,0,0,0,0,0,0,0,0,0,0,0,0,0,0,0,0,0,0,0,0,0,0,0,0,0,0,0,0,0,0,0,0	0,0,0,0,0,0,0,0,0,0,0,0,0,0,0,0,0,0,0,0,0,0,0,0,0,0,0,0,0,0,0,0,1,0,0,0,0,0,0,0
tb.dut.clusters[0].cluster.sockets[0].socket.cores[0].core.execute.fpu_unit.genblk1[0].fpu_fpnew.genblk3[1].fpnew_core.gen_operation_groups[3].i_opgroup_block.i_arbiter.gen_arbiter.gen_levels[2].gen_level[2]	19	65	0	0	0	0	0	1	1612524	1612524	0,0,0,0,0,0,0,0,0,0,0,0,0,0,0,0,0,0,0,0,0,0,0,0,0,0,0,0,0,0,0,0,0,0,0,0,0,0,0,0	0,0,0,0,0,0,0,0,0,0,0,0,0,0,0,0,0,0,0,0,0,0,0,0,0,0,0,0,0,0,0,0,1,0,0,0,0,0,0,0	2	0	0	0	0	1	1612524	1612524	0,0,0,0,0,0,0,0,0,0,0,0,0,0,0,0,0,0,0,0,0,0,0,0,0,0,0,0,0,0,0,0,0,0,0,0,0,0,0,0	0,0,0,0,0,0,0,0,0,0,0,0,0,0,0,0,0,0,0,0,0,0,0,0,0,0,0,0,0,0,0,0,1,0,0,0,0,0,0,0
tb.dut.clusters[0].cluster.sockets[0].socket.cores[0].core.execute.fpu_unit.genblk1[0].fpu_fpnew.genblk3[1].fpnew_core.gen_operation_groups[3].i_opgroup_block.i_arbiter.gen_arbiter.gen_levels[2].gen_level[3]	19	65	0	0	0	0	0	1	1612524	1612524	0,0,0,0,0,0,0,0,0,0,0,0,0,0,0,0,0,0,0,0,0,0,0,0,0,0,0,0,0,0,0,0,0,0,0,0,0,0,0,0	0,0,0,0,0,0,0,0,0,0,0,0,0,0,0,0,0,0,0,0,0,0,0,0,0,0,0,0,0,0,0,0,1,0,0,0,0,0,0,0	2	0	0	0	0	1	1612524	1612524	0,0,0,0,0,0,0,0,0,0,0,0,0,0,0,0,0,0,0,0,0,0,0,0,0,0,0,0,0,0,0,0,0,0,0,0,0,0,0,0	0,0,0,0,0,0,0,0,0,0,0,0,0,0,0,0,0,0,0,0,0,0,0,0,0,0,0,0,0,0,0,0,1,0,0,0,0,0,0,0
tb.dut.clusters[0].cluster.sockets[0].socket.cores[0].core.execute.fpu_unit.genblk1[0].fpu_fpnew.genblk3[1].fpnew_core.i_arbiter	14	947	116041606	1573040	2101	1573040	768	2102	39484	8240	2,28,0,2,2,15,0,2,2,0,0,0,0,0,0,0,0,0,0,0,0,2048,0,0,0,0,0,0,0,0,0,0,0,0,0,0,0,0,0,0	30,9,8,3,0,1,0,0,0,0,0,0,0,1,2046,0,2,0,0,0,1,0,0,0,0,1,0,0,0,0,0,0,0,0,0,0,0,0,0,0	5	1048720	524350	1048720	8	524351	563804	8241	0,524344,0,4,0,0,0,2,0,0,0,0,0,0,0,0,0,0,0,0,0,0,0,0,0,0,0,0,0,0,0,0,0,0,0,0,0,0,0,0	522265,23,8,4,0,1,0,0,0,0,0,0,0,0,1,2046,1,0,0,0,1,0,0,0,0,1,0,0,0,0,0,0,0,0,0,0,0,0,0,0
tb.dut.clusters[0].cluster.sockets[0].socket.cores[0].core.execute.fpu_unit.genblk1[0].fpu_fpnew.genblk3[1].fpnew_core.i_arbiter.gen_arbiter	15	636	67983242	1573038	2099	1573038	768	2100	39486	8240	0,28,0,2,2,15,0,2,2,0,0,0,0,0,0,0,0,0,0,0,0,2048,0,0,0,0,0,0,0,0,0,0,0,0,0,0,0,0,0,0	30,9,7,3,0,1,0,0,0,0,0,0,0,1,2046,0,1,0,0,0,1,0,0,0,0,1,0,0,0,0,0,0,0,0,0,0,0,0,0,0	4	1048720	524350	1048720	8	524351	563804	8241	0,524344,0,4,0,0,0,2,0,0,0,0,0,0,0,0,0,0,0,0,0,0,0,0,0,0,0,0,0,0,0,0,0,0,0,0,0,0,0,0	522265,23,8,4,0,1,0,0,0,0,0,0,0,0,1,2046,1,0,0,0,1,0,0,0,0,1,0,0,0,0,0,0,0,0,0,0,0,0,0,0
tb.dut.clusters[0].cluster.sockets[0].socket.cores[0].core.execute.fpu_unit.genblk1[0].fpu_fpnew.genblk3[1].fpnew_core.i_arbiter.gen_arbiter.gen_int_rr	16	274	15730210	1048720	524350	1048720	8	524351	563804	8241	0,524344,0,4,0,0,0,2,0,0,0,0,0,0,0,0,0,0,0,0,0,0,0,0,0,0,0,0,0,0,0,0,0,0,0,0,0,0,0,0	522265,23,8,4,0,1,0,0,0,0,0,0,0,0,1,2046,1,0,0,0,1,0,0,0,0,1,0,0,0,0,0,0,0,0,0,0,0,0,0,0	2	1048720	524350	1048720	8	524351	563804	8241	0,524344,0,4,0,0,0,2,0,0,0,0,0,0,0,0,0,0,0,0,0,0,0,0,0,0,0,0,0,0,0,0,0,0,0,0,0,0,0,0	522265,23,8,4,0,1,0,0,0,0,0,0,0,0,1,2046,1,0,0,0,1,0,0,0,0,1,0,0,0,0,0,0,0,0,0,0,0,0,0,0
tb.dut.clusters[0].cluster.sockets[0].socket.cores[0].core.execute.fpu_unit.genblk1[0].fpu_fpnew.genblk3[1].fpnew_core.i_arbiter.gen_arbiter.gen_int_rr.gen_fair_arb	17	272	15730178	1048720	524350	1048720	8	524351	563804	8241	0,524344,0,4,0,0,0,2,0,0,0,0,0,0,0,0,0,0,0,0,0,0,0,0,0,0,0,0,0,0,0,0,0,0,0,0,0,0,0,0	522265,23,8,4,0,1,0,0,0,0,0,0,0,0,1,2046,1,0,0,0,1,0,0,0,0,1,0,0,0,0,0,0,0,0,0,0,0,0,0,0	2	1048720	524350	1048720	8	524351	563804	8241	0,524344,0,4,0,0,0,2,0,0,0,0,0,0,0,0,0,0,0,0,0,0,0,0,0,0,0,0,0,0,0,0,0,0,0,0,0,0,0,0	522265,23,8,4,0,1,0,0,0,0,0,0,0,0,1,2046,1,0,0,0,1,0,0,0,0,1,0,0,0,0,0,0,0,0,0,0,0,0,0,0
tb.dut.clusters[0].cluster.sockets[0].socket.cores[0].core.execute.fpu_unit.genblk1[0].fpu_fpnew.genblk3[1].fpnew_core.i_arbiter.gen_arbiter.gen_int_rr.gen_fair_arb.i_lzc_lower	18	128	10486752	1048702	524343	1048702	8	524344	563822	8241	0,524338,0,3,0,1,0,1,0,0,0,0,0,0,0,0,0,0,0,0,0,0,0,0,0,0,0,0,0,0,0,0,0,0,0,0,0,0,0,0	522258,17,7,4,6,2,0,0,0,0,0,0,0,0,1,2046,1,0,0,0,1,0,0,0,0,1,0,0,0,0,0,0,0,0,0,0,0,0,0,0	2	1048702	524343	1048702	8	524344	563822	8241	0,524338,0,3,0,1,0,1,0,0,0,0,0,0,0,0,0,0,0,0,0,0,0,0,0,0,0,0,0,0,0,0,0,0,0,0,0,0,0,0	522258,17,7,4,6,2,0,0,0,0,0,0,0,0,1,2046,1,0,0,0,1,0,0,0,0,1,0,0,0,0,0,0,0,0,0,0,0,0,0,0
tb.dut.clusters[0].cluster.sockets[0].socket.cores[0].core.execute.fpu_unit.genblk1[0].fpu_fpnew.genblk3[1].fpnew_core.i_arbiter.gen_arbiter.gen_int_rr.gen_fair_arb.i_lzc_lower.gen_lzc	19	56	6292054	1048702	524343	1048702	8	524344	563822	8241	0,524338,0,3,0,1,0,1,0,0,0,0,0,0,0,0,0,0,0,0,0,0,0,0,0,0,0,0,0,0,0,0,0,0,0,0,0,0,0,0	522258,17,7,4,6,2,0,0,0,0,0,0,0,0,1,2046,1,0,0,0,1,0,0,0,0,1,0,0,0,0,0,0,0,0,0,0,0,0,0,0	2	1048702	524343	1048702	8	524344	563822	8241	0,524338,0,3,0,1,0,1,0,0,0,0,0,0,0,0,0,0,0,0,0,0,0,0,0,0,0,0,0,0,0,0,0,0,0,0,0,0,0,0	522258,17,7,4,6,2,0,0,0,0,0,0,0,0,1,2046,1,0,0,0,1,0,0,0,0,1,0,0,0,0,0,0,0,0,0,0,0,0,0,0
tb.dut.clusters[0].cluster.sockets[0].socket.cores[0].core.execute.fpu_unit.genblk1[0].fpu_fpnew.genblk3[1].fpnew_core.i_arbiter.gen_arbiter.gen_int_rr.gen_fair_arb.i_lzc_upper	18	128	96	18	9	18	2	10	1612506	1611841	0,9,0,0,0,0,0,0,0,0,0,0,0,0,0,0,0,0,0,0,0,0,0,0,0,0,0,0,0,0,0,0,0,0,0,0,0,0,0,0	0,0,0,0,0,0,0,0,0,0,0,0,0,0,0,0,7,1,0,0,1,0,0,0,0,0,0,0,0,0,0,0,1,0,0,0,0,0,0,0	2	18	9	18	2	10	1612506	1611841	0,9,0,0,0,0,0,0,0,0,0,0,0,0,0,0,0,0,0,0,0,0,0,0,0,0,0,0,0,0,0,0,0,0,0,0,0,0,0,0	0,0,0,0,0,0,0,0,0,0,0,0,0,0,0,0,7,1,0,0,1,0,0,0,0,0,0,0,0,0,0,0,1,0,0,0,0,0,0,0
tb.dut.clusters[0].cluster.sockets[0].socket.cores[0].core.execute.fpu_unit.genblk1[0].fpu_fpnew.genblk3[1].fpnew_core.i_arbiter.gen_arbiter.gen_int_rr.gen_fair_arb.i_lzc_upper.gen_lzc	19	56	58	18	9	18	2	10	1612506	1611841	0,9,0,0,0,0,0,0,0,0,0,0,0,0,0,0,0,0,0,0,0,0,0,0,0,0,0,0,0,0,0,0,0,0,0,0,0,0,0,0	0,0,0,0,0,0,0,0,0,0,0,0,0,0,0,0,7,1,0,0,1,0,0,0,0,0,0,0,0,0,0,0,1,0,0,0,0,0,0,0	2	18	9	18	2	10	1612506	1611841	0,9,0,0,0,0,0,0,0,0,0,0,0,0,0,0,0,0,0,0,0,0,0,0,0,0,0,0,0,0,0,0,0,0,0,0,0,0,0,0	0,0,0,0,0,0,0,0,0,0,0,0,0,0,0,0,7,1,0,0,1,0,0,0,0,0,0,0,0,0,0,0,1,0,0,0,0,0,0,0
tb.dut.clusters[0].cluster.sockets[0].socket.cores[0].core.execute.fpu_unit.genblk1[0].fpu_fpnew.genblk3[1].fpnew_core.i_arbiter.gen_arbiter.gen_levels[0]	16	65	1048640	1048640	524318	1048640	4	524319	563884	8241	0,524316,0,2,0,0,0,0,0,0,0,0,0,0,0,0,0,0,0,0,0,0,0,0,0,0,0,0,0,0,0,0,0,0,0,0,0,0,0,0	522251,10,1,1,0,0,0,0,0,0,0,0,0,0,1,2046,7,0,0,0,1,0,0,0,0,1,0,0,0,0,0,0,0,0,0,0,0,0,0,0	2	0	0	0	0	1	1612524	1612524	0,0,0,0,0,0,0,0,0,0,0,0,0,0,0,0,0,0,0,0,0,0,0,0,0,0,0,0,0,0,0,0,0,0,0,0,0,0,0,0	0,0,0,0,0,0,0,0,0,0,0,0,0,0,0,0,0,0,0,0,0,0,0,0,0,0,0,0,0,0,0,0,1,0,0,0,0,0,0,0
tb.dut.clusters[0].cluster.sockets[0].socket.cores[0].core.execute.fpu_unit.genblk1[0].fpu_fpnew.genblk3[1].fpnew_core.i_arbiter.gen_arbiter.gen_levels[0].gen_level[0]	17	65	1048640	1048640	524318	1048640	4	524319	563884	8241	0,524316,0,2,0,0,0,0,0,0,0,0,0,0,0,0,0,0,0,0,0,0,0,0,0,0,0,0,0,0,0,0,0,0,0,0,0,0,0,0	522251,10,1,1,0,0,0,0,0,0,0,0,0,0,1,2046,7,0,0,0,1,0,0,0,0,1,0,0,0,0,0,0,0,0,0,0,0,0,0,0	2	0	0	0	0	1	1612524	1612524	0,0,0,0,0,0,0,0,0,0,0,0,0,0,0,0,0,0,0,0,0,0,0,0,0,0,0,0,0,0,0,0,0,0,0,0,0,0,0,0	0,0,0,0,0,0,0,0,0,0,0,0,0,0,0,0,0,0,0,0,0,0,0,0,0,0,0,0,0,0,0,0,1,0,0,0,0,0,0,0
tb.dut.clusters[0].cluster.sockets[0].socket.cores[0].core.execute.fpu_unit.genblk1[0].fpu_fpnew.genblk3[1].fpnew_core.i_arbiter.gen_arbiter.gen_levels[1]	16	130	1048656	1048656	524320	1048656	8	524321	563868	8241	0,524316,0,2,0,0,0,2,0,0,0,0,0,0,0,0,0,0,0,0,0,0,0,0,0,0,0,0,0,0,0,0,0,0,0,0,0,0,0,0	522251,10,1,1,0,1,0,0,0,0,0,0,0,0,1,2046,7,1,0,0,1,0,0,0,0,1,0,0,0,0,0,0,0,0,0,0,0,0,0,0	2	0	0	0	0	1	1612524	1612524	0,0,0,0,0,0,0,0,0,0,0,0,0,0,0,0,0,0,0,0,0,0,0,0,0,0,0,0,0,0,0,0,0,0,0,0,0,0,0,0	0,0,0,0,0,0,0,0,0,0,0,0,0,0,0,0,0,0,0,0,0,0,0,0,0,0,0,0,0,0,0,0,1,0,0,0,0,0,0,0
tb.dut.clusters[0].cluster.sockets[0].socket.cores[0].core.execute.fpu_unit.genblk1[0].fpu_fpnew.genblk3[1].fpnew_core.i_arbiter.gen_arbiter.gen_levels[1].gen_level[0]	17	65	1048640	1048640	524318	1048640	4	524319	563884	8241	0,524316,0,2,0,0,0,0,0,0,0,0,0,0,0,0,0,0,0,0,0,0,0,0,0,0,0,0,0,0,0,0,0,0,0,0,0,0,0,0	522251,10,1,1,0,0,0,0,0,0,0,0,0,0,1,2046,7,0,0,0,1,0,0,0,0,1,0,0,0,0,0,0,0,0,0,0,0,0,0,0	2	0	0	0	0	1	1612524	1612524	0,0,0,0,0,0,0,0,0,0,0,0,0,0,0,0,0,0,0,0,0,0,0,0,0,0,0,0,0,0,0,0,0,0,0,0,0,0,0,0	0,0,0,0,0,0,0,0,0,0,0,0,0,0,0,0,0,0,0,0,0,0,0,0,0,0,0,0,0,0,0,0,1,0,0,0,0,0,0,0
tb.dut.clusters[0].cluster.sockets[0].socket.cores[0].core.execute.fpu_unit.genblk1[0].fpu_fpnew.genblk3[1].fpnew_core.i_arbiter.gen_arbiter.gen_levels[1].gen_level[1]	17	65	16	16	2	16	8	3	1612508	1612068	0,0,0,0,0,0,0,2,0,0,0,0,0,0,0,0,0,0,0,0,0,0,0,0,0,0,0,0,0,0,0,0,0,0,0,0,0,0,0,0	0,0,0,0,0,1,0,0,0,0,0,0,0,0,0,0,0,0,0,0,1,0,0,0,0,0,0,0,0,0,0,0,1,0,0,0,0,0,0,0	2	0	0	0	0	1	1612524	1612524	0,0,0,0,0,0,0,0,0,0,0,0,0,0,0,0,0,0,0,0,0,0,0,0,0,0,0,0,0,0,0,0,0,0,0,0,0,0,0,0	0,0,0,0,0,0,0,0,0,0,0,0,0,0,0,0,0,0,0,0,0,0,0,0,0,0,0,0,0,0,0,0,1,0,0,0,0,0,0,0
tb.dut.clusters[0].cluster.sockets[0].socket.cores[0].core.execute.fpu_unit.genblk1[0].fpu_fpnew.genblk3[2]	12	43590	1160184383	1581322	2052	1581322	1012	2053	31202	8240	1,0,0,0,1,0,0,0,0,2,0,0,0,0,0,0,0,0,0,0,0,2048,0,0,0,0,0,0,0,0,0,0,0,0,0,0,0,0,0,0	0,0,1,1,0,0,0,0,0,1,2046,0,0,0,1,1,0,0,0,0,1,0,0,0,0,1,0,0,0,0,0,0,0,0,0,0,0,0,0,0	218	1575281	6019	1575281	768	6020	37243	8241	1,2106,14,5,35,7,1,20,0,2,32,1,0,9,0,0,124,167,383,704,952,1456,0,0,0,0,0,0,0,0,0,0,0,0,0,0,0,0,0,0	3953,14,2,1,0,0,0,0,0,0,1,2046,0,0,0,1,0,0,0,0,1,0,0,0,0,1,0,0,0,0,0,0,0,0,0,0,0,0,0,0
tb.dut.clusters[0].cluster.sockets[0].socket.cores[0].core.execute.fpu_unit.genblk1[0].fpu_fpnew.genblk3[2].fpnew_core	13	43581	1155465889	1581322	2052	1581322	1012	2053	31202	8240	1,0,0,0,1,0,0,0,0,2,0,0,0,0,0,0,0,0,0,0,0,2048,0,0,0,0,0,0,0,0,0,0,0,0,0,0,0,0,0,0	0,0,1,1,0,0,0,0,0,1,2046,0,0,0,1,1,0,0,0,0,1,0,0,0,0,1,0,0,0,0,0,0,0,0,0,0,0,0,0,0	218	1575281	6019	1575281	768	6020	37243	8241	1,2106,14,5,35,7,1,20,0,2,32,1,0,9,0,0,124,167,383,704,952,1456,0,0,0,0,0,0,0,0,0,0,0,0,0,0,0,0,0,0	3953,14,2,1,0,0,0,0,0,0,1,2046,0,0,0,1,0,0,0,0,1,0,0,0,0,1,0,0,0,0,0,0,0,0,0,0,0,0,0,0
tb.dut.clusters[0].cluster.sockets[0].socket.cores[0].core.execute.fpu_unit.genblk1[0].fpu_fpnew.genblk3[2].fpnew_core.gen_nanbox_check[0]	14	32	0	0	0	0	0	1	1612524	1612524	0,0,0,0,0,0,0,0,0,0,0,0,0,0,0,0,0,0,0,0,0,0,0,0,0,0,0,0,0,0,0,0,0,0,0,0,0,0,0,0	0,0,0,0,0,0,0,0,0,0,0,0,0,0,0,0,0,0,0,0,0,0,0,0,0,0,0,0,0,0,0,0,1,0,0,0,0,0,0,0	2	0	0	0	0	1	1612524	1612524	0,0,0,0,0,0,0,0,0,0,0,0,0,0,0,0,0,0,0,0,0,0,0,0,0,0,0,0,0,0,0,0,0,0,0,0,0,0,0,0	0,0,0,0,0,0,0,0,0,0,0,0,0,0,0,0,0,0,0,0,0,0,0,0,0,0,0,0,0,0,0,0,1,0,0,0,0,0,0,0
tb.dut.clusters[0].cluster.sockets[0].socket.cores[0].core.execute.fpu_unit.genblk1[0].fpu_fpnew.genblk3[2].fpnew_core.gen_nanbox_check[1]	14	32	0	0	0	0	0	1	1612524	1612524	0,0,0,0,0,0,0,0,0,0,0,0,0,0,0,0,0,0,0,0,0,0,0,0,0,0,0,0,0,0,0,0,0,0,0,0,0,0,0,0	0,0,0,0,0,0,0,0,0,0,0,0,0,0,0,0,0,0,0,0,0,0,0,0,0,0,0,0,0,0,0,0,1,0,0,0,0,0,0,0	2	0	0	0	0	1	1612524	1612524	0,0,0,0,0,0,0,0,0,0,0,0,0,0,0,0,0,0,0,0,0,0,0,0,0,0,0,0,0,0,0,0,0,0,0,0,0,0,0,0	0,0,0,0,0,0,0,0,0,0,0,0,0,0,0,0,0,0,0,0,0,0,0,0,0,0,0,0,0,0,0,0,1,0,0,0,0,0,0,0
tb.dut.clusters[0].cluster.sockets[0].socket.cores[0].core.execute.fpu_unit.genblk1[0].fpu_fpnew.genblk3[2].fpnew_core.gen_nanbox_check[2]	14	32	0	0	0	0	0	1	1612524	1612524	0,0,0,0,0,0,0,0,0,0,0,0,0,0,0,0,0,0,0,0,0,0,0,0,0,0,0,0,0,0,0,0,0,0,0,0,0,0,0,0	0,0,0,0,0,0,0,0,0,0,0,0,0,0,0,0,0,0,0,0,0,0,0,0,0,0,0,0,0,0,0,0,1,0,0,0,0,0,0,0	2	0	0	0	0	1	1612524	1612524	0,0,0,0,0,0,0,0,0,0,0,0,0,0,0,0,0,0,0,0,0,0,0,0,0,0,0,0,0,0,0,0,0,0,0,0,0,0,0,0	0,0,0,0,0,0,0,0,0,0,0,0,0,0,0,0,0,0,0,0,0,0,0,0,0,0,0,0,0,0,0,0,1,0,0,0,0,0,0,0
tb.dut.clusters[0].cluster.sockets[0].socket.cores[0].core.execute.fpu_unit.genblk1[0].fpu_fpnew.genblk3[2].fpnew_core.gen_nanbox_check[3]	14	32	0	0	0	0	0	1	1612524	1612524	0,0,0,0,0,0,0,0,0,0,0,0,0,0,0,0,0,0,0,0,0,0,0,0,0,0,0,0,0,0,0,0,0,0,0,0,0,0,0,0	0,0,0,0,0,0,0,0,0,0,0,0,0,0,0,0,0,0,0,0,0,0,0,0,0,0,0,0,0,0,0,0,1,0,0,0,0,0,0,0	2	0	0	0	0	1	1612524	1612524	0,0,0,0,0,0,0,0,0,0,0,0,0,0,0,0,0,0,0,0,0,0,0,0,0,0,0,0,0,0,0,0,0,0,0,0,0,0,0,0	0,0,0,0,0,0,0,0,0,0,0,0,0,0,0,0,0,0,0,0,0,0,0,0,0,0,0,0,0,0,0,0,1,0,0,0,0,0,0,0
tb.dut.clusters[0].cluster.sockets[0].socket.cores[0].core.execute.fpu_unit.genblk1[0].fpu_fpnew.genblk3[2].fpnew_core.gen_nanbox_check[4]	14	32	0	0	0	0	0	1	1612524	1612524	0,0,0,0,0,0,0,0,0,0,0,0,0,0,0,0,0,0,0,0,0,0,0,0,0,0,0,0,0,0,0,0,0,0,0,0,0,0,0,0	0,0,0,0,0,0,0,0,0,0,0,0,0,0,0,0,0,0,0,0,0,0,0,0,0,0,0,0,0,0,0,0,1,0,0,0,0,0,0,0	2	0	0	0	0	1	1612524	1612524	0,0,0,0,0,0,0,0,0,0,0,0,0,0,0,0,0,0,0,0,0,0,0,0,0,0,0,0,0,0,0,0,0,0,0,0,0,0,0,0	0,0,0,0,0,0,0,0,0,0,0,0,0,0,0,0,0,0,0,0,0,0,0,0,0,0,0,0,0,0,0,0,1,0,0,0,0,0,0,0
tb.dut.clusters[0].cluster.sockets[0].socket.cores[0].core.execute.fpu_unit.genblk1[0].fpu_fpnew.genblk3[2].fpnew_core.gen_operation_groups[0]	14	7400	739416204	1579212	2090	1579212	790	2091	33312	8241	13,19,2,0,1,0,0,0,0,0,0,0,0,0,1,0,6,0,0,0,0,2048,0,0,0,0,0,0,0,0,0,0,0,0,0,0,0,0,0,0	18,19,2,0,1,0,0,0,0,0,1,2046,0,0,0,1,1,0,0,0,1,0,0,0,0,1,0,0,0,0,0,0,0,0,0,0,0,0,0,0	37	1578968	2245	1578968	771	2246	33556	8241	1,174,4,1,0,8,6,0,2,0,0,0,0,0,1,0,0,0,0,0,0,2048,0,0,0,0,0,0,0,0,0,0,0,0,0,0,0,0,0,0	187,0,0,0,0,0,0,0,0,0,2,2051,3,0,0,0,1,0,0,0,1,0,0,0,0,1,0,0,0,0,0,0,0,0,0,0,0,0,0,0
tb.dut.clusters[0].cluster.sockets[0].socket.cores[0].core.execute.fpu_unit.genblk1[0].fpu_fpnew.genblk3[2].fpnew_core.gen_operation_groups[0].i_opgroup_block	15	7352	738367562	1579212	2090	1579212	790	2091	33312	8241	13,19,2,0,1,0,0,0,0,0,0,0,0,0,1,0,6,0,0,0,0,2048,0,0,0,0,0,0,0,0,0,0,0,0,0,0,0,0,0,0	18,19,2,0,1,0,0,0,0,0,1,2046,0,0,0,1,1,0,0,0,1,0,0,0,0,1,0,0,0,0,0,0,0,0,0,0,0,0,0,0	37	1578968	2245	1578968	771	2246	33556	8241	1,174,4,1,0,8,6,0,2,0,0,0,0,0,1,0,0,0,0,0,0,2048,0,0,0,0,0,0,0,0,0,0,0,0,0,0,0,0,0,0	187,0,0,0,0,0,0,0,0,0,2,2051,3,0,0,0,1,0,0,0,1,0,0,0,0,1,0,0,0,0,0,0,0,0,0,0,0,0,0,0
tb.dut.clusters[0].cluster.sockets[0].socket.cores[0].core.execute.fpu_unit.genblk1[0].fpu_fpnew.genblk3[2].fpnew_core.gen_operation_groups[0].i_opgroup_block.gen_parallel_slices[0]	16	5051	520347920	1579212	2090	1579212	790	2091	33312	8241	13,19,2,0,1,0,0,0,0,0,0,0,0,0,1,0,6,0,0,0,0,2048,0,0,0,0,0,0,0,0,0,0,0,0,0,0,0,0,0,0	18,19,2,0,1,0,0,0,0,0,1,2046,0,0,0,1,1,0,0,0,1,0,0,0,0,1,0,0,0,0,0,0,0,0,0,0,0,0,0,0	26	1579138	2075	1579138	771	2076	33386	8241	1,7,4,0,0,7,6,0,0,0,0,0,0,1,1,0,0,0,0,0,0,2048,0,0,0,0,0,0,0,0,0,0,0,0,0,0,0,0,0,0	17,0,0,0,0,0,0,0,0,0,2,2051,3,0,0,0,1,0,0,0,1,0,0,0,0,1,0,0,0,0,0,0,0,0,0,0,0,0,0,0
tb.dut.clusters[0].cluster.sockets[0].socket.cores[0].core.execute.fpu_unit.genblk1[0].fpu_fpnew.genblk3[2].fpnew_core.gen_operation_groups[0].i_opgroup_block.gen_parallel_slices[0].active_format	17	5049	520347920	1579212	2090	1579212	790	2091	33312	8241	13,19,2,0,1,0,0,0,0,0,0,0,0,0,1,0,6,0,0,0,0,2048,0,0,0,0,0,0,0,0,0,0,0,0,0,0,0,0,0,0	18,19,2,0,1,0,0,0,0,0,1,2046,0,0,0,1,1,0,0,0,1,0,0,0,0,1,0,0,0,0,0,0,0,0,0,0,0,0,0,0	26	1579138	2075	1579138	771	2076	33386	8241	1,7,4,0,0,7,6,0,0,0,0,0,0,1,1,0,0,0,0,0,0,2048,0,0,0,0,0,0,0,0,0,0,0,0,0,0,0,0,0,0	17,0,0,0,0,0,0,0,0,0,2,2051,3,0,0,0,1,0,0,0,1,0,0,0,0,1,0,0,0,0,0,0,0,0,0,0,0,0,0,0
tb.dut.clusters[0].cluster.sockets[0].socket.cores[0].core.execute.fpu_unit.genblk1[0].fpu_fpnew.genblk3[2].fpnew_core.gen_operation_groups[0].i_opgroup_block.gen_parallel_slices[0].active_format.i_fmt_slice	18	5015	519299275	1579212	2090	1579212	790	2091	33312	8241	13,19,2,0,1,0,0,0,0,0,0,0,0,0,1,0,6,0,0,0,0,2048,0,0,0,0,0,0,0,0,0,0,0,0,0,0,0,0,0,0	18,19,2,0,1,0,0,0,0,0,1,2046,0,0,0,1,1,0,0,0,1,0,0,0,0,1,0,0,0,0,0,0,0,0,0,0,0,0,0,0	26	1579138	2075	1579138	771	2076	33386	8241	1,7,4,0,0,7,6,0,0,0,0,0,0,1,1,0,0,0,0,0,0,2048,0,0,0,0,0,0,0,0,0,0,0,0,0,0,0,0,0,0	17,0,0,0,0,0,0,0,0,0,2,2051,3,0,0,0,1,0,0,0,1,0,0,0,0,1,0,0,0,0,0,0,0,0,0,0,0,0,0,0
tb.dut.clusters[0].cluster.sockets[0].socket.cores[0].core.execute.fpu_unit.genblk1[0].fpu_fpnew.genblk3[2].fpnew_core.gen_operation_groups[0].i_opgroup_block.gen_parallel_slices[0].active_format.i_fmt_slice.gen_num_lanes[0]	19	4401	448392810	1579212	2090	1579212	790	2091	33312	8241	13,19,2,0,1,0,0,0,0,0,0,0,0,0,1,0,6,0,0,0,0,2048,0,0,0,0,0,0,0,0,0,0,0,0,0,0,0,0,0,0	18,19,2,0,1,0,0,0,0,0,1,2046,0,0,0,1,1,0,0,0,1,0,0,0,0,1,0,0,0,0,0,0,0,0,0,0,0,0,0,0	23	1577710	2074	1577710	771	2075	34814	8242	1,7,3,0,0,7,6,0,0,0,0,0,0,0,1,0,1,0,0,0,0,2048,0,0,0,0,0,0,0,0,0,0,0,0,0,0,0,0,0,0	16,0,0,0,0,0,0,0,0,0,1,625,1430,0,0,0,1,0,0,0,1,0,0,0,0,1,0,0,0,0,0,0,0,0,0,0,0,0,0,0
tb.dut.clusters[0].cluster.sockets[0].socket.cores[0].core.execute.fpu_unit.genblk1[0].fpu_fpnew.genblk3[2].fpnew_core.gen_operation_groups[0].i_opgroup_block.gen_parallel_slices[0].active_format.i_fmt_slice.gen_num_lanes[0].active_lane	20	4368	433114382	1579212	2090	1579212	790	2091	33312	8241	13,19,2,0,1,0,0,0,0,0,0,0,0,0,1,0,6,0,0,0,0,2048,0,0,0,0,0,0,0,0,0,0,0,0,0,0,0,0,0,0	18,19,2,0,1,0,0,0,0,0,1,2046,0,0,0,1,1,0,0,0,1,0,0,0,0,1,0,0,0,0,0,0,0,0,0,0,0,0,0,0	22	1577033	2131	1577033	770	2132	35491	8242	8,22,5,0,1,6,0,3,0,0,2,0,0,0,1,0,2,1,7,12,28,2033,0,0,0,0,0,0,0,0,0,0,0,0,0,0,0,0,0,0	72,1,0,0,0,0,0,0,0,0,1,6,2049,0,0,0,1,0,0,0,1,0,0,0,0,1,0,0,0,0,0,0,0,0,0,0,0,0,0,0
tb.dut.clusters[0].cluster.sockets[0].socket.cores[0].core.execute.fpu_unit.genblk1[0].fpu_fpnew.genblk3[2].fpnew_core.gen_operation_groups[0].i_opgroup_block.gen_parallel_slices[0].active_format.i_fmt_slice.gen_num_lanes[0].active_lane.lane_instance	21	4232	406203072	1579212	2090	1579212	790	2091	33312	8241	13,19,2,0,1,0,0,0,0,0,0,0,0,0,1,0,6,0,0,0,0,2048,0,0,0,0,0,0,0,0,0,0,0,0,0,0,0,0,0,0	18,19,2,0,1,0,0,0,0,0,1,2046,0,0,0,1,1,0,0,0,1,0,0,0,0,1,0,0,0,0,0,0,0,0,0,0,0,0,0,0	22	1576904	2239	1576904	770	2240	35620	8242	8,28,10,0,1,1,2,6,0,0,2,0,0,0,0,0,7,6,22,52,96,1998,0,0,0,0,0,0,0,0,0,0,0,0,0,0,0,0,0,0	180,1,0,0,0,0,0,0,0,0,1,6,2028,21,0,0,1,0,0,0,1,0,0,0,0,1,0,0,0,0,0,0,0,0,0,0,0,0,0,0
tb.dut.clusters[0].cluster.sockets[0].socket.cores[0].core.execute.fpu_unit.genblk1[0].fpu_fpnew.genblk3[2].fpnew_core.gen_operation_groups[0].i_opgroup_block.gen_parallel_slices[0].active_format.i_fmt_slice.gen_num_lanes[0].active_lane.lane_instance.i_fma	22	4232	406203072	1579212	2090	1579212	790	2091	33312	8241	13,19,2,0,1,0,0,0,0,0,0,0,0,0,1,0,6,0,0,0,0,2048,0,0,0,0,0,0,0,0,0,0,0,0,0,0,0,0,0,0	18,19,2,0,1,0,0,0,0,0,1,2046,0,0,0,1,1,0,0,0,1,0,0,0,0,1,0,0,0,0,0,0,0,0,0,0,0,0,0,0	22	1576904	2239	1576904	770	2240	35620	8242	8,28,10,0,1,1,2,6,0,0,2,0,0,0,0,0,7,6,22,52,96,1998,0,0,0,0,0,0,0,0,0,0,0,0,0,0,0,0,0,0	180,1,0,0,0,0,0,0,0,0,1,6,2028,21,0,0,1,0,0,0,1,0,0,0,0,1,0,0,0,0,0,0,0,0,0,0,0,0,0,0
tb.dut.clusters[0].cluster.sockets[0].socket.cores[0].core.execute.fpu_unit.genblk1[0].fpu_fpnew.genblk3[2].fpnew_core.gen_operation_groups[0].i_opgroup_block.gen_parallel_slices[0].active_format.i_fmt_slice.gen_num_lanes[0].active_lane.lane_instance.i_fma.gen_input_pipeline[0]	23	1	1048642	1048642	524320	1048642	4	524321	563882	8245	2,524316,0,2,0,0,0,0,0,0,0,0,0,0,0,0,0,0,0,0,0,0,0,0,0,0,0,0,0,0,0,0,0,0,0,0,0,0,0,0	522252,10,1,2,0,0,0,0,0,0,0,0,0,0,1,2046,7,0,0,0,1,0,0,0,0,1,0,0,0,0,0,0,0,0,0,0,0,0,0,0	2	0	0	0	0	1	1612524	1612524	0,0,0,0,0,0,0,0,0,0,0,0,0,0,0,0,0,0,0,0,0,0,0,0,0,0,0,0,0,0,0,0,0,0,0,0,0,0,0,0	0,0,0,0,0,0,0,0,0,0,0,0,0,0,0,0,0,0,0,0,0,0,0,0,0,0,0,0,0,0,0,0,1,0,0,0,0,0,0,0
tb.dut.clusters[0].cluster.sockets[0].socket.cores[0].core.execute.fpu_unit.genblk1[0].fpu_fpnew.genblk3[2].fpnew_core.gen_operation_groups[0].i_opgroup_block.gen_parallel_slices[0].active_format.i_fmt_slice.gen_num_lanes[0].active_lane.lane_instance.i_fma.gen_inside_pipeline[0]	23	1	1048640	1048640	524318	1048640	4	524319	563884	8244	0,524316,0,2,0,0,0,0,0,0,0,0,0,0,0,0,0,0,0,0,0,0,0,0,0,0,0,0,0,0,0,0,0,0,0,0,0,0,0,0	522251,10,1,1,0,0,0,0,0,0,0,0,0,0,1,2046,7,0,0,0,1,0,0,0,0,1,0,0,0,0,0,0,0,0,0,0,0,0,0,0	2	0	0	0	0	1	1612524	1612524	0,0,0,0,0,0,0,0,0,0,0,0,0,0,0,0,0,0,0,0,0,0,0,0,0,0,0,0,0,0,0,0,0,0,0,0,0,0,0,0	0,0,0,0,0,0,0,0,0,0,0,0,0,0,0,0,0,0,0,0,0,0,0,0,0,0,0,0,0,0,0,0,1,0,0,0,0,0,0,0
tb.dut.clusters[0].cluster.sockets[0].socket.cores[0].core.execute.fpu_unit.genblk1[0].fpu_fpnew.genblk3[2].fpnew_core.gen_operation_groups[0].i_opgroup_block.gen_parallel_slices[0].active_format.i_fmt_slice.gen_num_lanes[0].active_lane.lane_instance.i_fma.gen_inside_pipeline[1]	23	1	1048640	1048640	524318	1048640	4	524319	563884	8243	0,524316,0,2,0,0,0,0,0,0,0,0,0,0,0,0,0,0,0,0,0,0,0,0,0,0,0,0,0,0,0,0,0,0,0,0,0,0,0,0	522251,10,1,1,0,0,0,0,0,0,0,0,0,0,1,2046,7,0,0,0,1,0,0,0,0,1,0,0,0,0,0,0,0,0,0,0,0,0,0,0	2	0	0	0	0	1	1612524	1612524	0,0,0,0,0,0,0,0,0,0,0,0,0,0,0,0,0,0,0,0,0,0,0,0,0,0,0,0,0,0,0,0,0,0,0,0,0,0,0,0	0,0,0,0,0,0,0,0,0,0,0,0,0,0,0,0,0,0,0,0,0,0,0,0,0,0,0,0,0,0,0,0,1,0,0,0,0,0,0,0
tb.dut.clusters[0].cluster.sockets[0].socket.cores[0].core.execute.fpu_unit.genblk1[0].fpu_fpnew.genblk3[2].fpnew_core.gen_operation_groups[0].i_opgroup_block.gen_parallel_slices[0].active_format.i_fmt_slice.gen_num_lanes[0].active_lane.lane_instance.i_fma.gen_output_pipeline[0]	23	1	1048640	1048640	524318	1048640	4	524319	563884	8242	0,524316,0,2,0,0,0,0,0,0,0,0,0,0,0,0,0,0,0,0,0,0,0,0,0,0,0,0,0,0,0,0,0,0,0,0,0,0,0,0	522251,10,1,1,0,0,0,0,0,0,0,0,0,0,1,2046,7,0,0,0,1,0,0,0,0,1,0,0,0,0,0,0,0,0,0,0,0,0,0,0	2	0	0	0	0	1	1612524	1612524	0,0,0,0,0,0,0,0,0,0,0,0,0,0,0,0,0,0,0,0,0,0,0,0,0,0,0,0,0,0,0,0,0,0,0,0,0,0,0,0	0,0,0,0,0,0,0,0,0,0,0,0,0,0,0,0,0,0,0,0,0,0,0,0,0,0,0,0,0,0,0,0,1,0,0,0,0,0,0,0
tb.dut.clusters[0].cluster.sockets[0].socket.cores[0].core.execute.fpu_unit.genblk1[0].fpu_fpnew.genblk3[2].fpnew_core.gen_operation_groups[0].i_opgroup_block.gen_parallel_slices[0].active_format.i_fmt_slice.gen_num_lanes[0].active_lane.lane_instance.i_fma.i_class_inputs	23	374	30100389	524320	524320	524320	1	524321	1088204	8245	524320,0,0,0,0,0,0,0,0,0,0,0,0,0,0,0,0,0,0,0,0,0,0,0,0,0,0,0,0,0,0,0,0,0,0,0,0,0,0,0	2,522251,10,1,1,0,0,0,0,0,0,0,0,0,0,1,2053,0,0,0,1,0,0,0,0,1,0,0,0,0,0,0,0,0,0,0,0,0,0,0	2	524320	524320	524320	1	524321	1088204	8245	524320,0,0,0,0,0,0,0,0,0,0,0,0,0,0,0,0,0,0,0,0,0,0,0,0,0,0,0,0,0,0,0,0,0,0,0,0,0,0,0	2,522251,10,1,1,0,0,0,0,0,0,0,0,0,0,1,2053,0,0,0,1,0,0,0,0,1,0,0,0,0,0,0,0,0,0,0,0,0,0,0
tb.dut.clusters[0].cluster.sockets[0].socket.cores[0].core.execute.fpu_unit.genblk1[0].fpu_fpnew.genblk3[2].fpnew_core.gen_operation_groups[0].i_opgroup_block.gen_parallel_slices[0].active_format.i_fmt_slice.gen_num_lanes[0].active_lane.lane_instance.i_fma.i_class_inputs.gen_num_values[0]	24	40	4146096	299047	299047	299047	1	299048	1313477	8326	299047,0,0,0,0,0,0,0,0,0,0,0,0,0,0,0,0,0,0,0,0,0,0,0,0,0,0,0,0,0,0,0,0,0,0,0,0,0,0,0	2,262162,10,1,28666,0,0,7,0,0,0,0,0,0,0,0,7,3,8188,0,1,0,0,0,0,1,0,0,0,0,0,0,0,0,0,0,0,0,0,0	2	299038	299038	299038	1	299039	1313486	8326	299038,0,0,0,0,0,0,0,0,0,0,0,0,0,0,0,0,0,0,0,0,0,0,0,0,0,0,0,0,0,0,0,0,0,0,0,0,0,0,0	1,262154,9,1,28665,1,0,8,0,0,0,0,0,0,0,0,7,3,8188,0,1,0,0,0,0,1,0,0,0,0,0,0,0,0,0,0,0,0,0,0
tb.dut.clusters[0].cluster.sockets[0].socket.cores[0].core.execute.fpu_unit.genblk1[0].fpu_fpnew.genblk3[2].fpnew_core.gen_operation_groups[0].i_opgroup_block.gen_parallel_slices[0].active_format.i_fmt_slice.gen_num_lanes[0].active_lane.lane_instance.i_fma.i_class_inputs.gen_num_values[1]	24	40	6642627	524289	524289	524289	1	524290	1088235	8245	524289,0,0,0,0,0,0,0,0,0,0,0,0,0,0,0,0,0,0,0,0,0,0,0,0,0,0,0,0,0,0,0,0,0,0,0,0,0,0,0	0,522237,3,0,0,0,0,0,0,0,0,0,0,0,0,1,2046,0,0,1,1,0,0,0,0,1,0,0,0,0,0,0,0,0,0,0,0,0,0,0	2	524288	524288	524288	1	524289	1088236	8245	524288,0,0,0,0,0,0,0,0,0,0,0,0,0,0,0,0,0,0,0,0,0,0,0,0,0,0,0,0,0,0,0,0,0,0,0,0,0,0,0	0,522236,2,0,0,1,0,0,0,0,0,0,0,0,0,1,2046,0,0,1,1,0,0,0,0,1,0,0,0,0,0,0,0,0,0,0,0,0,0,0
tb.dut.clusters[0].cluster.sockets[0].socket.cores[0].core.execute.fpu_unit.genblk1[0].fpu_fpnew.genblk3[2].fpnew_core.gen_operation_groups[0].i_opgroup_block.gen_parallel_slices[0].active_format.i_fmt_slice.gen_num_lanes[0].active_lane.lane_instance.i_fma.i_class_inputs.gen_num_values[2]	24	40	4261470	299016	299016	299016	1	299017	1313508	8326	299016,0,0,0,0,0,0,0,0,0,0,0,0,0,0,0,0,0,0,0,0,0,0,0,0,0,0,0,0,0,0,0,0,0,0,0,0,0,0,0	0,262148,3,0,28665,0,0,7,0,0,0,0,0,0,0,0,0,3,8188,1,1,0,0,0,0,1,0,0,0,0,0,0,0,0,0,0,0,0,0,0	2	299015	299015	299015	1	299016	1313509	8326	299015,0,0,0,0,0,0,0,0,0,0,0,0,0,0,0,0,0,0,0,0,0,0,0,0,0,0,0,0,0,0,0,0,0,0,0,0,0,0,0	0,262147,2,0,28665,1,0,7,0,0,0,0,0,0,0,0,0,3,8188,1,1,0,0,0,0,1,0,0,0,0,0,0,0,0,0,0,0,0,0,0
tb.dut.clusters[0].cluster.sockets[0].socket.cores[0].core.execute.fpu_unit.genblk1[0].fpu_fpnew.genblk3[2].fpnew_core.gen_operation_groups[0].i_opgroup_block.gen_parallel_slices[0].active_format.i_fmt_slice.gen_num_lanes[0].active_lane.lane_instance.i_fma.i_fpnew_rounding	23	104	13811756	524320	524320	524320	1	524321	1088204	8243	524320,0,0,0,0,0,0,0,0,0,0,0,0,0,0,0,0,0,0,0,0,0,0,0,0,0,0,0,0,0,0,0,0,0,0,0,0,0,0,0	2,522251,10,1,1,0,0,0,0,0,0,0,0,0,0,1,2053,0,0,0,1,0,0,0,0,1,0,0,0,0,0,0,0,0,0,0,0,0,0,0	2	524320	524320	524320	1	524321	1088204	8243	524320,0,0,0,0,0,0,0,0,0,0,0,0,0,0,0,0,0,0,0,0,0,0,0,0,0,0,0,0,0,0,0,0,0,0,0,0,0,0,0	2,522251,10,1,1,0,0,0,0,0,0,0,0,0,0,1,2053,0,0,0,1,0,0,0,0,1,0,0,0,0,0,0,0,0,0,0,0,0,0,0
tb.dut.clusters[0].cluster.sockets[0].socket.cores[0].core.execute.fpu_unit.genblk1[0].fpu_fpnew.genblk3[2].fpnew_core.gen_operation_groups[0].i_opgroup_block.gen_parallel_slices[0].active_format.i_fmt_slice.gen_num_lanes[0].active_lane.lane_instance.i_fma.i_lzc	23	960	48353596	524320	524320	524320	1	524321	1088204	8243	524320,0,0,0,0,0,0,0,0,0,0,0,0,0,0,0,0,0,0,0,0,0,0,0,0,0,0,0,0,0,0,0,0,0,0,0,0,0,0,0	2,522251,10,1,1,0,0,0,0,0,0,0,0,0,0,1,2053,0,0,0,1,0,0,0,0,1,0,0,0,0,0,0,0,0,0,0,0,0,0,0	5	524310	524310	524310	1	524311	1088214	8243	524310,0,0,0,0,0,0,0,0,0,0,0,0,0,0,0,0,0,0,0,0,0,0,0,0,0,0,0,0,0,0,0,0,0,0,0,0,0,0,0	1,522243,9,1,0,0,0,0,0,0,0,1,0,0,0,1,2053,0,0,0,1,0,0,0,0,1,0,0,0,0,0,0,0,0,0,0,0,0,0,0
tb.dut.clusters[0].cluster.sockets[0].socket.cores[0].core.execute.fpu_unit.genblk1[0].fpu_fpnew.genblk3[2].fpnew_core.gen_operation_groups[0].i_opgroup_block.gen_parallel_slices[0].active_format.i_fmt_slice.gen_num_lanes[0].active_lane.lane_instance.i_fma.i_lzc.gen_lzc	24	837	35618119	524320	524320	524320	1	524321	1088204	8243	524320,0,0,0,0,0,0,0,0,0,0,0,0,0,0,0,0,0,0,0,0,0,0,0,0,0,0,0,0,0,0,0,0,0,0,0,0,0,0,0	2,522251,10,1,1,0,0,0,0,0,0,0,0,0,0,1,2053,0,0,0,1,0,0,0,0,1,0,0,0,0,0,0,0,0,0,0,0,0,0,0	5	524309	524309	524309	1	524310	1088215	8243	524309,0,0,0,0,0,0,0,0,0,0,0,0,0,0,0,0,0,0,0,0,0,0,0,0,0,0,0,0,0,0,0,0,0,0,0,0,0,0,0	1,522242,9,1,0,0,0,0,0,0,0,1,0,0,0,1,2053,0,0,0,1,0,0,0,0,1,0,0,0,0,0,0,0,0,0,0,0,0,0,0
tb.dut.clusters[0].cluster.sockets[0].socket.cores[0].core.execute.fpu_unit.genblk1[0].fpu_fpnew.genblk3[2].fpnew_core.gen_operation_groups[0].i_opgroup_block.gen_parallel_slices[1]	16	2	0	0	0	0	0	1	1612524	1612524	0,0,0,0,0,0,0,0,0,0,0,0,0,0,0,0,0,0,0,0,0,0,0,0,0,0,0,0,0,0,0,0,0,0,0,0,0,0,0,0	0,0,0,0,0,0,0,0,0,0,0,0,0,0,0,0,0,0,0,0,0,0,0,0,0,0,0,0,0,0,0,0,1,0,0,0,0,0,0,0	2	0	0	0	0	1	1612524	1612524	0,0,0,0,0,0,0,0,0,0,0,0,0,0,0,0,0,0,0,0,0,0,0,0,0,0,0,0,0,0,0,0,0,0,0,0,0,0,0,0	0,0,0,0,0,0,0,0,0,0,0,0,0,0,0,0,0,0,0,0,0,0,0,0,0,0,0,0,0,0,0,0,1,0,0,0,0,0,0,0
tb.dut.clusters[0].cluster.sockets[0].socket.cores[0].core.execute.fpu_unit.genblk1[0].fpu_fpnew.genblk3[2].fpnew_core.gen_operation_groups[0].i_opgroup_block.gen_parallel_slices[2]	16	2	0	0	0	0	0	1	1612524	1612524	0,0,0,0,0,0,0,0,0,0,0,0,0,0,0,0,0,0,0,0,0,0,0,0,0,0,0,0,0,0,0,0,0,0,0,0,0,0,0,0	0,0,0,0,0,0,0,0,0,0,0,0,0,0,0,0,0,0,0,0,0,0,0,0,0,0,0,0,0,0,0,0,1,0,0,0,0,0,0,0	2	0	0	0	0	1	1612524	1612524	0,0,0,0,0,0,0,0,0,0,0,0,0,0,0,0,0,0,0,0,0,0,0,0,0,0,0,0,0,0,0,0,0,0,0,0,0,0,0,0	0,0,0,0,0,0,0,0,0,0,0,0,0,0,0,0,0,0,0,0,0,0,0,0,0,0,0,0,0,0,0,0,1,0,0,0,0,0,0,0
tb.dut.clusters[0].cluster.sockets[0].socket.cores[0].core.execute.fpu_unit.genblk1[0].fpu_fpnew.genblk3[2].fpnew_core.gen_operation_groups[0].i_opgroup_block.gen_parallel_slices[3]	16	2	0	0	0	0	0	1	1612524	1612524	0,0,0,0,0,0,0,0,0,0,0,0,0,0,0,0,0,0,0,0,0,0,0,0,0,0,0,0,0,0,0,0,0,0,0,0,0,0,0,0	0,0,0,0,0,0,0,0,0,0,0,0,0,0,0,0,0,0,0,0,0,0,0,0,0,0,0,0,0,0,0,0,1,0,0,0,0,0,0,0	2	0	0	0	0	1	1612524	1612524	0,0,0,0,0,0,0,0,0,0,0,0,0,0,0,0,0,0,0,0,0,0,0,0,0,0,0,0,0,0,0,0,0,0,0,0,0,0,0,0	0,0,0,0,0,0,0,0,0,0,0,0,0,0,0,0,0,0,0,0,0,0,0,0,0,0,0,0,0,0,0,0,1,0,0,0,0,0,0,0
tb.dut.clusters[0].cluster.sockets[0].socket.cores[0].core.execute.fpu_unit.genblk1[0].fpu_fpnew.genblk3[2].fpnew_core.gen_operation_groups[0].i_opgroup_block.gen_parallel_slices[4]	16	2	0	0	0	0	0	1	1612524	1612524	0,0,0,0,0,0,0,0,0,0,0,0,0,0,0,0,0,0,0,0,0,0,0,0,0,0,0,0,0,0,0,0,0,0,0,0,0,0,0,0	0,0,0,0,0,0,0,0,0,0,0,0,0,0,0,0,0,0,0,0,0,0,0,0,0,0,0,0,0,0,0,0,1,0,0,0,0,0,0,0	2	0	0	0	0	1	1612524	1612524	0,0,0,0,0,0,0,0,0,0,0,0,0,0,0,0,0,0,0,0,0,0,0,0,0,0,0,0,0,0,0,0,0,0,0,0,0,0,0,0	0,0,0,0,0,0,0,0,0,0,0,0,0,0,0,0,0,0,0,0,0,0,0,0,0,0,0,0,0,0,0,0,1,0,0,0,0,0,0,0
tb.dut.clusters[0].cluster.sockets[0].socket.cores[0].core.execute.fpu_unit.genblk1[0].fpu_fpnew.genblk3[2].fpnew_core.gen_operation_groups[0].i_opgroup_block.i_arbiter	16	1510	133249780	1048642	524320	1048642	4	524321	563882	8241	2,524316,0,2,0,0,0,0,0,0,0,0,0,0,0,0,0,0,0,0,0,0,0,0,0,0,0,0,0,0,0,0,0,0,0,0,0,0,0,0	522251,10,2,1,0,0,0,0,0,0,0,0,0,0,1,2046,8,0,0,0,1,0,0,0,0,1,0,0,0,0,0,0,0,0,0,0,0,0,0,0	8	1048640	524318	1048640	4	524319	563884	8241	0,524316,0,2,0,0,0,0,0,0,0,0,0,0,0,0,0,0,0,0,0,0,0,0,0,0,0,0,0,0,0,0,0,0,0,0,0,0,0,0	522251,10,1,1,0,0,0,0,0,0,0,0,0,0,1,2046,7,0,0,0,1,0,0,0,0,1,0,0,0,0,0,0,0,0,0,0,0,0,0,0
tb.dut.clusters[0].cluster.sockets[0].socket.cores[0].core.execute.fpu_unit.genblk1[0].fpu_fpnew.genblk3[2].fpnew_core.gen_operation_groups[0].i_opgroup_block.i_arbiter.gen_arbiter	17	1150	88159560	1048640	524318	1048640	4	524319	563884	8241	0,524316,0,2,0,0,0,0,0,0,0,0,0,0,0,0,0,0,0,0,0,0,0,0,0,0,0,0,0,0,0,0,0,0,0,0,0,0,0,0	522251,10,1,1,0,0,0,0,0,0,0,0,0,0,1,2046,7,0,0,0,1,0,0,0,0,1,0,0,0,0,0,0,0,0,0,0,0,0,0,0	6	1048640	524318	1048640	4	524319	563884	8241	0,524316,0,2,0,0,0,0,0,0,0,0,0,0,0,0,0,0,0,0,0,0,0,0,0,0,0,0,0,0,0,0,0,0,0,0,0,0,0,0	522251,10,1,1,0,0,0,0,0,0,0,0,0,0,1,2046,7,0,0,0,1,0,0,0,0,1,0,0,0,0,0,0,0,0,0,0,0,0,0,0
tb.dut.clusters[0].cluster.sockets[0].socket.cores[0].core.execute.fpu_unit.genblk1[0].fpu_fpnew.genblk3[2].fpnew_core.gen_operation_groups[0].i_opgroup_block.i_arbiter.gen_arbiter.gen_int_rr	18	340	10486400	1048640	524318	1048640	4	524319	563884	8241	0,524316,0,2,0,0,0,0,0,0,0,0,0,0,0,0,0,0,0,0,0,0,0,0,0,0,0,0,0,0,0,0,0,0,0,0,0,0,0,0	522251,10,1,1,0,0,0,0,0,0,0,0,0,0,1,2046,7,0,0,0,1,0,0,0,0,1,0,0,0,0,0,0,0,0,0,0,0,0,0,0	2	1048640	524318	1048640	4	524319	563884	8241	0,524316,0,2,0,0,0,0,0,0,0,0,0,0,0,0,0,0,0,0,0,0,0,0,0,0,0,0,0,0,0,0,0,0,0,0,0,0,0,0	522251,10,1,1,0,0,0,0,0,0,0,0,0,0,1,2046,7,0,0,0,1,0,0,0,0,1,0,0,0,0,0,0,0,0,0,0,0,0,0,0
tb.dut.clusters[0].cluster.sockets[0].socket.cores[0].core.execute.fpu_unit.genblk1[0].fpu_fpnew.genblk3[2].fpnew_core.gen_operation_groups[0].i_opgroup_block.i_arbiter.gen_arbiter.gen_int_rr.gen_fair_arb	19	337	10486400	1048640	524318	1048640	4	524319	563884	8241	0,524316,0,2,0,0,0,0,0,0,0,0,0,0,0,0,0,0,0,0,0,0,0,0,0,0,0,0,0,0,0,0,0,0,0,0,0,0,0,0	522251,10,1,1,0,0,0,0,0,0,0,0,0,0,1,2046,7,0,0,0,1,0,0,0,0,1,0,0,0,0,0,0,0,0,0,0,0,0,0,0	2	1048640	524318	1048640	4	524319	563884	8241	0,524316,0,2,0,0,0,0,0,0,0,0,0,0,0,0,0,0,0,0,0,0,0,0,0,0,0,0,0,0,0,0,0,0,0,0,0,0,0,0	522251,10,1,1,0,0,0,0,0,0,0,0,0,0,1,2046,7,0,0,0,1,0,0,0,0,1,0,0,0,0,0,0,0,0,0,0,0,0,0,0
tb.dut.clusters[0].cluster.sockets[0].socket.cores[0].core.execute.fpu_unit.genblk1[0].fpu_fpnew.genblk3[2].fpnew_core.gen_operation_groups[0].i_opgroup_block.i_arbiter.gen_arbiter.gen_int_rr.gen_fair_arb.i_lzc_lower	20	158	9437760	1048640	524318	1048640	4	524319	563884	8241	0,524316,0,2,0,0,0,0,0,0,0,0,0,0,0,0,0,0,0,0,0,0,0,0,0,0,0,0,0,0,0,0,0,0,0,0,0,0,0,0	522251,10,1,1,0,0,0,0,0,0,0,0,0,0,1,2046,7,0,0,0,1,0,0,0,0,1,0,0,0,0,0,0,0,0,0,0,0,0,0,0	2	1048640	524318	1048640	4	524319	563884	8241	0,524316,0,2,0,0,0,0,0,0,0,0,0,0,0,0,0,0,0,0,0,0,0,0,0,0,0,0,0,0,0,0,0,0,0,0,0,0,0,0	522251,10,1,1,0,0,0,0,0,0,0,0,0,0,1,2046,7,0,0,0,1,0,0,0,0,1,0,0,0,0,0,0,0,0,0,0,0,0,0,0
tb.dut.clusters[0].cluster.sockets[0].socket.cores[0].core.execute.fpu_unit.genblk1[0].fpu_fpnew.genblk3[2].fpnew_core.gen_operation_groups[0].i_opgroup_block.i_arbiter.gen_arbiter.gen_int_rr.gen_fair_arb.i_lzc_lower.gen_lzc	21	84	7340480	1048640	524318	1048640	4	524319	563884	8241	0,524316,0,2,0,0,0,0,0,0,0,0,0,0,0,0,0,0,0,0,0,0,0,0,0,0,0,0,0,0,0,0,0,0,0,0,0,0,0,0	522251,10,1,1,0,0,0,0,0,0,0,0,0,0,1,2046,7,0,0,0,1,0,0,0,0,1,0,0,0,0,0,0,0,0,0,0,0,0,0,0	2	1048640	524318	1048640	4	524319	563884	8241	0,524316,0,2,0,0,0,0,0,0,0,0,0,0,0,0,0,0,0,0,0,0,0,0,0,0,0,0,0,0,0,0,0,0,0,0,0,0,0,0	522251,10,1,1,0,0,0,0,0,0,0,0,0,0,1,2046,7,0,0,0,1,0,0,0,0,1,0,0,0,0,0,0,0,0,0,0,0,0,0,0
tb.dut.clusters[0].cluster.sockets[0].socket.cores[0].core.execute.fpu_unit.genblk1[0].fpu_fpnew.genblk3[2].fpnew_core.gen_operation_groups[0].i_opgroup_block.i_arbiter.gen_arbiter.gen_int_rr.gen_fair_arb.i_lzc_upper	20	158	0	0	0	0	0	1	1612524	1612524	0,0,0,0,0,0,0,0,0,0,0,0,0,0,0,0,0,0,0,0,0,0,0,0,0,0,0,0,0,0,0,0,0,0,0,0,0,0,0,0	0,0,0,0,0,0,0,0,0,0,0,0,0,0,0,0,0,0,0,0,0,0,0,0,0,0,0,0,0,0,0,0,1,0,0,0,0,0,0,0	2	0	0	0	0	1	1612524	1612524	0,0,0,0,0,0,0,0,0,0,0,0,0,0,0,0,0,0,0,0,0,0,0,0,0,0,0,0,0,0,0,0,0,0,0,0,0,0,0,0	0,0,0,0,0,0,0,0,0,0,0,0,0,0,0,0,0,0,0,0,0,0,0,0,0,0,0,0,0,0,0,0,1,0,0,0,0,0,0,0
tb.dut.clusters[0].cluster.sockets[0].socket.cores[0].core.execute.fpu_unit.genblk1[0].fpu_fpnew.genblk3[2].fpnew_core.gen_operation_groups[0].i_opgroup_block.i_arbiter.gen_arbiter.gen_int_rr.gen_fair_arb.i_lzc_upper.gen_lzc	21	84	0	0	0	0	0	1	1612524	1612524	0,0,0,0,0,0,0,0,0,0,0,0,0,0,0,0,0,0,0,0,0,0,0,0,0,0,0,0,0,0,0,0,0,0,0,0,0,0,0,0	0,0,0,0,0,0,0,0,0,0,0,0,0,0,0,0,0,0,0,0,0,0,0,0,0,0,0,0,0,0,0,0,1,0,0,0,0,0,0,0	2	0	0	0	0	1	1612524	1612524	0,0,0,0,0,0,0,0,0,0,0,0,0,0,0,0,0,0,0,0,0,0,0,0,0,0,0,0,0,0,0,0,0,0,0,0,0,0,0,0	0,0,0,0,0,0,0,0,0,0,0,0,0,0,0,0,0,0,0,0,0,0,0,0,0,0,0,0,0,0,0,0,1,0,0,0,0,0,0,0
tb.dut.clusters[0].cluster.sockets[0].socket.cores[0].core.execute.fpu_unit.genblk1[0].fpu_fpnew.genblk3[2].fpnew_core.gen_operation_groups[0].i_opgroup_block.i_arbiter.gen_arbiter.gen_levels[0]	18	65	1048640	1048640	524318	1048640	4	524319	563884	8241	0,524316,0,2,0,0,0,0,0,0,0,0,0,0,0,0,0,0,0,0,0,0,0,0,0,0,0,0,0,0,0,0,0,0,0,0,0,0,0,0	522251,10,1,1,0,0,0,0,0,0,0,0,0,0,1,2046,7,0,0,0,1,0,0,0,0,1,0,0,0,0,0,0,0,0,0,0,0,0,0,0	2	0	0	0	0	1	1612524	1612524	0,0,0,0,0,0,0,0,0,0,0,0,0,0,0,0,0,0,0,0,0,0,0,0,0,0,0,0,0,0,0,0,0,0,0,0,0,0,0,0	0,0,0,0,0,0,0,0,0,0,0,0,0,0,0,0,0,0,0,0,0,0,0,0,0,0,0,0,0,0,0,0,1,0,0,0,0,0,0,0
tb.dut.clusters[0].cluster.sockets[0].socket.cores[0].core.execute.fpu_unit.genblk1[0].fpu_fpnew.genblk3[2].fpnew_core.gen_operation_groups[0].i_opgroup_block.i_arbiter.gen_arbiter.gen_levels[0].gen_level[0]	19	65	1048640	1048640	524318	1048640	4	524319	563884	8241	0,524316,0,2,0,0,0,0,0,0,0,0,0,0,0,0,0,0,0,0,0,0,0,0,0,0,0,0,0,0,0,0,0,0,0,0,0,0,0,0	522251,10,1,1,0,0,0,0,0,0,0,0,0,0,1,2046,7,0,0,0,1,0,0,0,0,1,0,0,0,0,0,0,0,0,0,0,0,0,0,0	2	0	0	0	0	1	1612524	1612524	0,0,0,0,0,0,0,0,0,0,0,0,0,0,0,0,0,0,0,0,0,0,0,0,0,0,0,0,0,0,0,0,0,0,0,0,0,0,0,0	0,0,0,0,0,0,0,0,0,0,0,0,0,0,0,0,0,0,0,0,0,0,0,0,0,0,0,0,0,0,0,0,1,0,0,0,0,0,0,0
tb.dut.clusters[0].cluster.sockets[0].socket.cores[0].core.execute.fpu_unit.genblk1[0].fpu_fpnew.genblk3[2].fpnew_core.gen_operation_groups[0].i_opgroup_block.i_arbiter.gen_arbiter.gen_levels[1]	18	130	1048640	1048640	524318	1048640	4	524319	563884	8241	0,524316,0,2,0,0,0,0,0,0,0,0,0,0,0,0,0,0,0,0,0,0,0,0,0,0,0,0,0,0,0,0,0,0,0,0,0,0,0,0	522251,10,1,1,0,0,0,0,0,0,0,0,0,0,1,2046,7,0,0,0,1,0,0,0,0,1,0,0,0,0,0,0,0,0,0,0,0,0,0,0	2	0	0	0	0	1	1612524	1612524	0,0,0,0,0,0,0,0,0,0,0,0,0,0,0,0,0,0,0,0,0,0,0,0,0,0,0,0,0,0,0,0,0,0,0,0,0,0,0,0	0,0,0,0,0,0,0,0,0,0,0,0,0,0,0,0,0,0,0,0,0,0,0,0,0,0,0,0,0,0,0,0,1,0,0,0,0,0,0,0
tb.dut.clusters[0].cluster.sockets[0].socket.cores[0].core.execute.fpu_unit.genblk1[0].fpu_fpnew.genblk3[2].fpnew_core.gen_operation_groups[0].i_opgroup_block.i_arbiter.gen_arbiter.gen_levels[1].gen_level[0]	19	65	1048640	1048640	524318	1048640	4	524319	563884	8241	0,524316,0,2,0,0,0,0,0,0,0,0,0,0,0,0,0,0,0,0,0,0,0,0,0,0,0,0,0,0,0,0,0,0,0,0,0,0,0,0	522251,10,1,1,0,0,0,0,0,0,0,0,0,0,1,2046,7,0,0,0,1,0,0,0,0,1,0,0,0,0,0,0,0,0,0,0,0,0,0,0	2	0	0	0	0	1	1612524	1612524	0,0,0,0,0,0,0,0,0,0,0,0,0,0,0,0,0,0,0,0,0,0,0,0,0,0,0,0,0,0,0,0,0,0,0,0,0,0,0,0	0,0,0,0,0,0,0,0,0,0,0,0,0,0,0,0,0,0,0,0,0,0,0,0,0,0,0,0,0,0,0,0,1,0,0,0,0,0,0,0
tb.dut.clusters[0].cluster.sockets[0].socket.cores[0].core.execute.fpu_unit.genblk1[0].fpu_fpnew.genblk3[2].fpnew_core.gen_operation_groups[0].i_opgroup_block.i_arbiter.gen_arbiter.gen_levels[1].gen_level[1]	19	65	0	0	0	0	0	1	1612524	1612524	0,0,0,0,0,0,0,0,0,0,0,0,0,0,0,0,0,0,0,0,0,0,0,0,0,0,0,0,0,0,0,0,0,0,0,0,0,0,0,0	0,0,0,0,0,0,0,0,0,0,0,0,0,0,0,0,0,0,0,0,0,0,0,0,0,0,0,0,0,0,0,0,1,0,0,0,0,0,0,0	2	0	0	0	0	1	1612524	1612524	0,0,0,0,0,0,0,0,0,0,0,0,0,0,0,0,0,0,0,0,0,0,0,0,0,0,0,0,0,0,0,0,0,0,0,0,0,0,0,0	0,0,0,0,0,0,0,0,0,0,0,0,0,0,0,0,0,0,0,0,0,0,0,0,0,0,0,0,0,0,0,0,1,0,0,0,0,0,0,0
tb.dut.clusters[0].cluster.sockets[0].socket.cores[0].core.execute.fpu_unit.genblk1[0].fpu_fpnew.genblk3[2].fpnew_core.gen_operation_groups[0].i_opgroup_block.i_arbiter.gen_arbiter.gen_levels[2]	18	260	1048640	1048640	524318	1048640	4	524319	563884	8241	0,524316,0,2,0,0,0,0,0,0,0,0,0,0,0,0,0,0,0,0,0,0,0,0,0,0,0,0,0,0,0,0,0,0,0,0,0,0,0,0	522251,10,1,1,0,0,0,0,0,0,0,0,0,0,1,2046,7,0,0,0,1,0,0,0,0,1,0,0,0,0,0,0,0,0,0,0,0,0,0,0	2	0	0	0	0	1	1612524	1612524	0,0,0,0,0,0,0,0,0,0,0,0,0,0,0,0,0,0,0,0,0,0,0,0,0,0,0,0,0,0,0,0,0,0,0,0,0,0,0,0	0,0,0,0,0,0,0,0,0,0,0,0,0,0,0,0,0,0,0,0,0,0,0,0,0,0,0,0,0,0,0,0,1,0,0,0,0,0,0,0
tb.dut.clusters[0].cluster.sockets[0].socket.cores[0].core.execute.fpu_unit.genblk1[0].fpu_fpnew.genblk3[2].fpnew_core.gen_operation_groups[0].i_opgroup_block.i_arbiter.gen_arbiter.gen_levels[2].gen_level[0]	19	65	1048640	1048640	524318	1048640	4	524319	563884	8241	0,524316,0,2,0,0,0,0,0,0,0,0,0,0,0,0,0,0,0,0,0,0,0,0,0,0,0,0,0,0,0,0,0,0,0,0,0,0,0,0	522251,10,1,1,0,0,0,0,0,0,0,0,0,0,1,2046,7,0,0,0,1,0,0,0,0,1,0,0,0,0,0,0,0,0,0,0,0,0,0,0	2	0	0	0	0	1	1612524	1612524	0,0,0,0,0,0,0,0,0,0,0,0,0,0,0,0,0,0,0,0,0,0,0,0,0,0,0,0,0,0,0,0,0,0,0,0,0,0,0,0	0,0,0,0,0,0,0,0,0,0,0,0,0,0,0,0,0,0,0,0,0,0,0,0,0,0,0,0,0,0,0,0,1,0,0,0,0,0,0,0
tb.dut.clusters[0].cluster.sockets[0].socket.cores[0].core.execute.fpu_unit.genblk1[0].fpu_fpnew.genblk3[2].fpnew_core.gen_operation_groups[0].i_opgroup_block.i_arbiter.gen_arbiter.gen_levels[2].gen_level[1]	19	65	0	0	0	0	0	1	1612524	1612524	0,0,0,0,0,0,0,0,0,0,0,0,0,0,0,0,0,0,0,0,0,0,0,0,0,0,0,0,0,0,0,0,0,0,0,0,0,0,0,0	0,0,0,0,0,0,0,0,0,0,0,0,0,0,0,0,0,0,0,0,0,0,0,0,0,0,0,0,0,0,0,0,1,0,0,0,0,0,0,0	2	0	0	0	0	1	1612524	1612524	0,0,0,0,0,0,0,0,0,0,0,0,0,0,0,0,0,0,0,0,0,0,0,0,0,0,0,0,0,0,0,0,0,0,0,0,0,0,0,0	0,0,0,0,0,0,0,0,0,0,0,0,0,0,0,0,0,0,0,0,0,0,0,0,0,0,0,0,0,0,0,0,1,0,0,0,0,0,0,0
tb.dut.clusters[0].cluster.sockets[0].socket.cores[0].core.execute.fpu_unit.genblk1[0].fpu_fpnew.genblk3[2].fpnew_core.gen_operation_groups[0].i_opgroup_block.i_arbiter.gen_arbiter.gen_levels[2].gen_level[2]	19	65	0	0	0	0	0	1	1612524	1612524	0,0,0,0,0,0,0,0,0,0,0,0,0,0,0,0,0,0,0,0,0,0,0,0,0,0,0,0,0,0,0,0,0,0,0,0,0,0,0,0	0,0,0,0,0,0,0,0,0,0,0,0,0,0,0,0,0,0,0,0,0,0,0,0,0,0,0,0,0,0,0,0,1,0,0,0,0,0,0,0	2	0	0	0	0	1	1612524	1612524	0,0,0,0,0,0,0,0,0,0,0,0,0,0,0,0,0,0,0,0,0,0,0,0,0,0,0,0,0,0,0,0,0,0,0,0,0,0,0,0	0,0,0,0,0,0,0,0,0,0,0,0,0,0,0,0,0,0,0,0,0,0,0,0,0,0,0,0,0,0,0,0,1,0,0,0,0,0,0,0
tb.dut.clusters[0].cluster.sockets[0].socket.cores[0].core.execute.fpu_unit.genblk1[0].fpu_fpnew.genblk3[2].fpnew_core.gen_operation_groups[0].i_opgroup_block.i_arbiter.gen_arbiter.gen_levels[2].gen_level[3]	19	65	0	0	0	0	0	1	1612524	1612524	0,0,0,0,0,0,0,0,0,0,0,0,0,0,0,0,0,0,0,0,0,0,0,0,0,0,0,0,0,0,0,0,0,0,0,0,0,0,0,0	0,0,0,0,0,0,0,0,0,0,0,0,0,0,0,0,0,0,0,0,0,0,0,0,0,0,0,0,0,0,0,0,1,0,0,0,0,0,0,0	2	0	0	0	0	1	1612524	1612524	0,0,0,0,0,0,0,0,0,0,0,0,0,0,0,0,0,0,0,0,0,0,0,0,0,0,0,0,0,0,0,0,0,0,0,0,0,0,0,0	0,0,0,0,0,0,0,0,0,0,0,0,0,0,0,0,0,0,0,0,0,0,0,0,0,0,0,0,0,0,0,0,1,0,0,0,0,0,0,0
tb.dut.clusters[0].cluster.sockets[0].socket.cores[0].core.execute.fpu_unit.genblk1[0].fpu_fpnew.genblk3[2].fpnew_core.gen_operation_groups[1]	14	18392	63765895	819367	524360	819367	6	524361	793157	8243	235534,286759,10,1,2055,1,0,0,0,0,0,0,0,0,0,0,0,0,0,0,0,0,0,0,0,0,0,0,0,0,0,0,0,0,0,0,0,0,0,0	288812,233495,2,0,1,0,0,0,0,0,0,0,1,2046,0,0,2,0,0,0,1,0,0,0,0,1,0,0,0,0,0,0,0,0,0,0,0,0,0,0	92	338484	289220	338484	3	289221	1274040	8329	241531,46114,1575,0,0,0,0,0,0,0,0,0,0,0,0,0,0,0,0,0,0,0,0,0,0,0,0,0,0,0,0,0,0,0,0,0,0,0,0,0	45889,187691,346,2354,38864,7,9,1567,3,1,493,2,3,683,0,36,2937,3513,4821,0,1,0,0,0,0,1,0,0,0,0,0,0,0,0,0,0,0,0,0,0
tb.dut.clusters[0].cluster.sockets[0].socket.cores[0].core.execute.fpu_unit.genblk1[0].fpu_fpnew.genblk3[2].fpnew_core.gen_operation_groups[1].i_opgroup_block	15	18349	63765895	819367	524360	819367	6	524361	793157	8243	235534,286759,10,1,2055,1,0,0,0,0,0,0,0,0,0,0,0,0,0,0,0,0,0,0,0,0,0,0,0,0,0,0,0,0,0,0,0,0,0,0	288812,233495,2,0,1,0,0,0,0,0,0,0,1,2046,0,0,2,0,0,0,1,0,0,0,0,1,0,0,0,0,0,0,0,0,0,0,0,0,0,0	92	338484	289220	338484	3	289221	1274040	8329	241531,46114,1575,0,0,0,0,0,0,0,0,0,0,0,0,0,0,0,0,0,0,0,0,0,0,0,0,0,0,0,0,0,0,0,0,0,0,0,0,0	45889,187691,346,2354,38864,7,9,1567,3,1,493,2,3,683,0,36,2937,3513,4821,0,1,0,0,0,0,1,0,0,0,0,0,0,0,0,0,0,0,0,0,0
tb.dut.clusters[0].cluster.sockets[0].socket.cores[0].core.execute.fpu_unit.genblk1[0].fpu_fpnew.genblk3[2].fpnew_core.gen_operation_groups[1].i_opgroup_block.gen_merged_slice	16	16083	50892233	819367	524360	819367	6	524361	793157	8243	235534,286759,10,1,2055,1,0,0,0,0,0,0,0,0,0,0,0,0,0,0,0,0,0,0,0,0,0,0,0,0,0,0,0,0,0,0,0,0,0,0	288812,233495,2,0,1,0,0,0,0,0,0,0,1,2046,0,0,2,0,0,0,1,0,0,0,0,1,0,0,0,0,0,0,0,0,0,0,0,0,0,0	81	310461	268844	310461	3	268845	1302063	8329	228464,39143,1237,0,0,0,0,0,0,0,0,0,0,0,0,0,0,0,0,0,0,0,0,0,0,0,0,0,0,0,0,0,0,0,0,0,0,0,0,0	38575,166436,954,3100,47587,40,45,2735,5,4,503,0,2,160,0,2,424,614,7656,1,1,0,0,0,0,1,0,0,0,0,0,0,0,0,0,0,0,0,0,0
tb.dut.clusters[0].cluster.sockets[0].socket.cores[0].core.execute.fpu_unit.genblk1[0].fpu_fpnew.genblk3[2].fpnew_core.gen_operation_groups[1].i_opgroup_block.gen_merged_slice.i_multifmt_slice	17	16047	50892233	819367	524360	819367	6	524361	793157	8243	235534,286759,10,1,2055,1,0,0,0,0,0,0,0,0,0,0,0,0,0,0,0,0,0,0,0,0,0,0,0,0,0,0,0,0,0,0,0,0,0,0	288812,233495,2,0,1,0,0,0,0,0,0,0,1,2046,0,0,2,0,0,0,1,0,0,0,0,1,0,0,0,0,0,0,0,0,0,0,0,0,0,0	81	310461	268844	310461	3	268845	1302063	8329	228464,39143,1237,0,0,0,0,0,0,0,0,0,0,0,0,0,0,0,0,0,0,0,0,0,0,0,0,0,0,0,0,0,0,0,0,0,0,0,0,0	38575,166436,954,3100,47587,40,45,2735,5,4,503,0,2,160,0,2,424,614,7656,1,1,0,0,0,0,1,0,0,0,0,0,0,0,0,0,0,0,0,0,0
tb.dut.clusters[0].cluster.sockets[0].socket.cores[0].core.execute.fpu_unit.genblk1[0].fpu_fpnew.genblk3[2].fpnew_core.gen_operation_groups[1].i_opgroup_block.gen_merged_slice.i_multifmt_slice.extend_fp_result[0]	18	32	0	0	0	0	0	1	1612524	1612524	0,0,0,0,0,0,0,0,0,0,0,0,0,0,0,0,0,0,0,0,0,0,0,0,0,0,0,0,0,0,0,0,0,0,0,0,0,0,0,0	0,0,0,0,0,0,0,0,0,0,0,0,0,0,0,0,0,0,0,0,0,0,0,0,0,0,0,0,0,0,0,0,1,0,0,0,0,0,0,0	2	0	0	0	0	1	1612524	1612524	0,0,0,0,0,0,0,0,0,0,0,0,0,0,0,0,0,0,0,0,0,0,0,0,0,0,0,0,0,0,0,0,0,0,0,0,0,0,0,0	0,0,0,0,0,0,0,0,0,0,0,0,0,0,0,0,0,0,0,0,0,0,0,0,0,0,0,0,0,0,0,0,1,0,0,0,0,0,0,0
tb.dut.clusters[0].cluster.sockets[0].socket.cores[0].core.execute.fpu_unit.genblk1[0].fpu_fpnew.genblk3[2].fpnew_core.gen_operation_groups[1].i_opgroup_block.gen_merged_slice.i_multifmt_slice.extend_fp_result[1]	18	32	0	0	0	0	0	1	1612524	1612524	0,0,0,0,0,0,0,0,0,0,0,0,0,0,0,0,0,0,0,0,0,0,0,0,0,0,0,0,0,0,0,0,0,0,0,0,0,0,0,0	0,0,0,0,0,0,0,0,0,0,0,0,0,0,0,0,0,0,0,0,0,0,0,0,0,0,0,0,0,0,0,0,1,0,0,0,0,0,0,0	2	0	0	0	0	1	1612524	1612524	0,0,0,0,0,0,0,0,0,0,0,0,0,0,0,0,0,0,0,0,0,0,0,0,0,0,0,0,0,0,0,0,0,0,0,0,0,0,0,0	0,0,0,0,0,0,0,0,0,0,0,0,0,0,0,0,0,0,0,0,0,0,0,0,0,0,0,0,0,0,0,0,1,0,0,0,0,0,0,0
tb.dut.clusters[0].cluster.sockets[0].socket.cores[0].core.execute.fpu_unit.genblk1[0].fpu_fpnew.genblk3[2].fpnew_core.gen_operation_groups[1].i_opgroup_block.gen_merged_slice.i_multifmt_slice.extend_fp_result[2]	18	32	0	0	0	0	0	1	1612524	1612524	0,0,0,0,0,0,0,0,0,0,0,0,0,0,0,0,0,0,0,0,0,0,0,0,0,0,0,0,0,0,0,0,0,0,0,0,0,0,0,0	0,0,0,0,0,0,0,0,0,0,0,0,0,0,0,0,0,0,0,0,0,0,0,0,0,0,0,0,0,0,0,0,1,0,0,0,0,0,0,0	2	0	0	0	0	1	1612524	1612524	0,0,0,0,0,0,0,0,0,0,0,0,0,0,0,0,0,0,0,0,0,0,0,0,0,0,0,0,0,0,0,0,0,0,0,0,0,0,0,0	0,0,0,0,0,0,0,0,0,0,0,0,0,0,0,0,0,0,0,0,0,0,0,0,0,0,0,0,0,0,0,0,1,0,0,0,0,0,0,0
tb.dut.clusters[0].cluster.sockets[0].socket.cores[0].core.execute.fpu_unit.genblk1[0].fpu_fpnew.genblk3[2].fpnew_core.gen_operation_groups[1].i_opgroup_block.gen_merged_slice.i_multifmt_slice.extend_fp_result[3]	18	32	0	0	0	0	0	1	1612524	1612524	0,0,0,0,0,0,0,0,0,0,0,0,0,0,0,0,0,0,0,0,0,0,0,0,0,0,0,0,0,0,0,0,0,0,0,0,0,0,0,0	0,0,0,0,0,0,0,0,0,0,0,0,0,0,0,0,0,0,0,0,0,0,0,0,0,0,0,0,0,0,0,0,1,0,0,0,0,0,0,0	2	0	0	0	0	1	1612524	1612524	0,0,0,0,0,0,0,0,0,0,0,0,0,0,0,0,0,0,0,0,0,0,0,0,0,0,0,0,0,0,0,0,0,0,0,0,0,0,0,0	0,0,0,0,0,0,0,0,0,0,0,0,0,0,0,0,0,0,0,0,0,0,0,0,0,0,0,0,0,0,0,0,1,0,0,0,0,0,0,0
tb.dut.clusters[0].cluster.sockets[0].socket.cores[0].core.execute.fpu_unit.genblk1[0].fpu_fpnew.genblk3[2].fpnew_core.gen_operation_groups[1].i_opgroup_block.gen_merged_slice.i_multifmt_slice.extend_fp_result[4]	18	32	0	0	0	0	0	1	1612524	1612524	0,0,0,0,0,0,0,0,0,0,0,0,0,0,0,0,0,0,0,0,0,0,0,0,0,0,0,0,0,0,0,0,0,0,0,0,0,0,0,0	0,0,0,0,0,0,0,0,0,0,0,0,0,0,0,0,0,0,0,0,0,0,0,0,0,0,0,0,0,0,0,0,1,0,0,0,0,0,0,0	2	0	0	0	0	1	1612524	1612524	0,0,0,0,0,0,0,0,0,0,0,0,0,0,0,0,0,0,0,0,0,0,0,0,0,0,0,0,0,0,0,0,0,0,0,0,0,0,0,0	0,0,0,0,0,0,0,0,0,0,0,0,0,0,0,0,0,0,0,0,0,0,0,0,0,0,0,0,0,0,0,0,1,0,0,0,0,0,0,0
tb.dut.clusters[0].cluster.sockets[0].socket.cores[0].core.execute.fpu_unit.genblk1[0].fpu_fpnew.genblk3[2].fpnew_core.gen_operation_groups[1].i_opgroup_block.gen_merged_slice.i_multifmt_slice.gen_num_lanes[0]	18	14916	38018575	819367	524360	819367	6	524361	793157	8243	235534,286759,10,1,2055,1,0,0,0,0,0,0,0,0,0,0,0,0,0,0,0,0,0,0,0,0,0,0,0,0,0,0,0,0,0,0,0,0,0,0	288812,233495,2,0,1,0,0,0,0,0,0,0,1,2046,0,0,2,0,0,0,1,0,0,0,0,1,0,0,0,0,0,0,0,0,0,0,0,0,0,0	75	213989	196516	213989	3	196517	1398535	8329	179577,16405,534,0,0,0,0,0,0,0,0,0,0,0,0,0,0,0,0,0,0,0,0,0,0,0,0,0,0,0,0,0,0,0,0,0,0,0,0,0	15752,81956,3127,4934,59581,847,793,10649,266,267,5373,77,83,2413,38,17,2113,41,8188,0,0,1,0,0,0,1,0,0,0,0,0,0,0,0,0,0,0,0,0,0
tb.dut.clusters[0].cluster.sockets[0].socket.cores[0].core.execute.fpu_unit.genblk1[0].fpu_fpnew.genblk3[2].fpnew_core.gen_operation_groups[1].i_opgroup_block.gen_merged_slice.i_multifmt_slice.gen_num_lanes[0].active_lane	19	14573	38018575	819367	524360	819367	6	524361	793157	8243	235534,286759,10,1,2055,1,0,0,0,0,0,0,0,0,0,0,0,0,0,0,0,0,0,0,0,0,0,0,0,0,0,0,0,0,0,0,0,0,0,0	288812,233495,2,0,1,0,0,0,0,0,0,0,1,2046,0,0,2,0,0,0,1,0,0,0,0,1,0,0,0,0,0,0,0,0,0,0,0,0,0,0	73	238531	216571	238531	3	216572	1373993	8329	195151,20880,540,0,0,0,0,0,0,0,0,0,0,0,0,0,0,0,0,0,0,0,0,0,0,0,0,0,0,0,0,0,0,0,0,0,0,0,0,0	19687,104156,2986,5207,58989,589,528,9319,128,147,4054,30,32,1529,8,8,978,8,8187,0,0,1,0,0,0,1,0,0,0,0,0,0,0,0,0,0,0,0,0,0
tb.dut.clusters[0].cluster.sockets[0].socket.cores[0].core.execute.fpu_unit.genblk1[0].fpu_fpnew.genblk3[2].fpnew_core.gen_operation_groups[1].i_opgroup_block.gen_merged_slice.i_multifmt_slice.gen_num_lanes[0].active_lane.lane_instance	20	14469	25747331	819367	524360	819367	6	524361	793157	8243	235534,286759,10,1,2055,1,0,0,0,0,0,0,0,0,0,0,0,0,0,0,0,0,0,0,0,0,0,0,0,0,0,0,0,0,0,0,0,0,0,0	288812,233495,2,0,1,0,0,0,0,0,0,0,1,2046,0,0,2,0,0,0,1,0,0,0,0,1,0,0,0,0,0,0,0,0,0,0,0,0,0,0	73	12849	12719	12849	2	12720	1599675	8374	12589,130,0,0,0,0,0,0,0,0,0,0,0,0,0,0,0,0,0,0,0,0,0,0,0,0,0,0,0,0,0,0,0,0,0,0,0,0,0,0	37,282,30,55,561,22,19,203,28,47,422,27,9,190,31,33,1370,1357,3404,2946,1464,178,4,0,0,1,0,0,0,0,0,0,0,0,0,0,0,0,0,0
tb.dut.clusters[0].cluster.sockets[0].socket.cores[0].core.execute.fpu_unit.genblk1[0].fpu_fpnew.genblk3[2].fpnew_core.gen_operation_groups[1].i_opgroup_block.gen_merged_slice.i_multifmt_slice.gen_num_lanes[0].active_lane.lane_instance.genblk1	21	14469	25747331	819367	524360	819367	6	524361	793157	8243	235534,286759,10,1,2055,1,0,0,0,0,0,0,0,0,0,0,0,0,0,0,0,0,0,0,0,0,0,0,0,0,0,0,0,0,0,0,0,0,0,0	288812,233495,2,0,1,0,0,0,0,0,0,0,1,2046,0,0,2,0,0,0,1,0,0,0,0,1,0,0,0,0,0,0,0,0,0,0,0,0,0,0	73	12849	12719	12849	2	12720	1599675	8374	12589,130,0,0,0,0,0,0,0,0,0,0,0,0,0,0,0,0,0,0,0,0,0,0,0,0,0,0,0,0,0,0,0,0,0,0,0,0,0,0	37,282,30,55,561,22,19,203,28,47,422,27,9,190,31,33,1370,1357,3404,2946,1464,178,4,0,0,1,0,0,0,0,0,0,0,0,0,0,0,0,0,0
tb.dut.clusters[0].cluster.sockets[0].socket.cores[0].core.execute.fpu_unit.genblk1[0].fpu_fpnew.genblk3[2].fpnew_core.gen_operation_groups[1].i_opgroup_block.gen_merged_slice.i_multifmt_slice.gen_num_lanes[0].active_lane.lane_instance.genblk1.i_fpnew_divsqrt_multi	22	14469	25747331	819367	524360	819367	6	524361	793157	8243	235534,286759,10,1,2055,1,0,0,0,0,0,0,0,0,0,0,0,0,0,0,0,0,0,0,0,0,0,0,0,0,0,0,0,0,0,0,0,0,0,0	288812,233495,2,0,1,0,0,0,0,0,0,0,1,2046,0,0,2,0,0,0,1,0,0,0,0,1,0,0,0,0,0,0,0,0,0,0,0,0,0,0	73	12849	12719	12849	2	12720	1599675	8374	12589,130,0,0,0,0,0,0,0,0,0,0,0,0,0,0,0,0,0,0,0,0,0,0,0,0,0,0,0,0,0,0,0,0,0,0,0,0,0,0	37,282,30,55,561,22,19,203,28,47,422,27,9,190,31,33,1370,1357,3404,2946,1464,178,4,0,0,1,0,0,0,0,0,0,0,0,0,0,0,0,0,0
tb.dut.clusters[0].cluster.sockets[0].socket.cores[0].core.execute.fpu_unit.genblk1[0].fpu_fpnew.genblk3[2].fpnew_core.gen_operation_groups[1].i_opgroup_block.gen_merged_slice.i_multifmt_slice.gen_num_lanes[0].active_lane.lane_instance.genblk1.i_fpnew_divsqrt_multi.gen_input_pipeline[0]	23	1	0	0	0	0	0	1	1612524	1612524	0,0,0,0,0,0,0,0,0,0,0,0,0,0,0,0,0,0,0,0,0,0,0,0,0,0,0,0,0,0,0,0,0,0,0,0,0,0,0,0	0,0,0,0,0,0,0,0,0,0,0,0,0,0,0,0,0,0,0,0,0,0,0,0,0,0,0,0,0,0,0,0,1,0,0,0,0,0,0,0	2	0	0	0	0	1	1612524	1612524	0,0,0,0,0,0,0,0,0,0,0,0,0,0,0,0,0,0,0,0,0,0,0,0,0,0,0,0,0,0,0,0,0,0,0,0,0,0,0,0	0,0,0,0,0,0,0,0,0,0,0,0,0,0,0,0,0,0,0,0,0,0,0,0,0,0,0,0,0,0,0,0,1,0,0,0,0,0,0,0
tb.dut.clusters[0].cluster.sockets[0].socket.cores[0].core.execute.fpu_unit.genblk1[0].fpu_fpnew.genblk3[2].fpnew_core.gen_operation_groups[1].i_opgroup_block.gen_merged_slice.i_multifmt_slice.gen_num_lanes[0].active_lane.lane_instance.genblk1.i_fpnew_divsqrt_multi.gen_input_pipeline[1]	23	1	0	0	0	0	0	1	1612524	1612524	0,0,0,0,0,0,0,0,0,0,0,0,0,0,0,0,0,0,0,0,0,0,0,0,0,0,0,0,0,0,0,0,0,0,0,0,0,0,0,0	0,0,0,0,0,0,0,0,0,0,0,0,0,0,0,0,0,0,0,0,0,0,0,0,0,0,0,0,0,0,0,0,1,0,0,0,0,0,0,0	2	0	0	0	0	1	1612524	1612524	0,0,0,0,0,0,0,0,0,0,0,0,0,0,0,0,0,0,0,0,0,0,0,0,0,0,0,0,0,0,0,0,0,0,0,0,0,0,0,0	0,0,0,0,0,0,0,0,0,0,0,0,0,0,0,0,0,0,0,0,0,0,0,0,0,0,0,0,0,0,0,0,1,0,0,0,0,0,0,0
tb.dut.clusters[0].cluster.sockets[0].socket.cores[0].core.execute.fpu_unit.genblk1[0].fpu_fpnew.genblk3[2].fpnew_core.gen_operation_groups[1].i_opgroup_block.gen_merged_slice.i_multifmt_slice.gen_num_lanes[0].active_lane.lane_instance.genblk1.i_fpnew_divsqrt_multi.gen_input_pipeline[2]	23	1	0	0	0	0	0	1	1612524	1612524	0,0,0,0,0,0,0,0,0,0,0,0,0,0,0,0,0,0,0,0,0,0,0,0,0,0,0,0,0,0,0,0,0,0,0,0,0,0,0,0	0,0,0,0,0,0,0,0,0,0,0,0,0,0,0,0,0,0,0,0,0,0,0,0,0,0,0,0,0,0,0,0,1,0,0,0,0,0,0,0	2	0	0	0	0	1	1612524	1612524	0,0,0,0,0,0,0,0,0,0,0,0,0,0,0,0,0,0,0,0,0,0,0,0,0,0,0,0,0,0,0,0,0,0,0,0,0,0,0,0	0,0,0,0,0,0,0,0,0,0,0,0,0,0,0,0,0,0,0,0,0,0,0,0,0,0,0,0,0,0,0,0,1,0,0,0,0,0,0,0
tb.dut.clusters[0].cluster.sockets[0].socket.cores[0].core.execute.fpu_unit.genblk1[0].fpu_fpnew.genblk3[2].fpnew_core.gen_operation_groups[1].i_opgroup_block.gen_merged_slice.i_multifmt_slice.gen_num_lanes[0].active_lane.lane_instance.genblk1.i_fpnew_divsqrt_multi.gen_input_pipeline[3]	23	1	0	0	0	0	0	1	1612524	1612524	0,0,0,0,0,0,0,0,0,0,0,0,0,0,0,0,0,0,0,0,0,0,0,0,0,0,0,0,0,0,0,0,0,0,0,0,0,0,0,0	0,0,0,0,0,0,0,0,0,0,0,0,0,0,0,0,0,0,0,0,0,0,0,0,0,0,0,0,0,0,0,0,1,0,0,0,0,0,0,0	2	0	0	0	0	1	1612524	1612524	0,0,0,0,0,0,0,0,0,0,0,0,0,0,0,0,0,0,0,0,0,0,0,0,0,0,0,0,0,0,0,0,0,0,0,0,0,0,0,0	0,0,0,0,0,0,0,0,0,0,0,0,0,0,0,0,0,0,0,0,0,0,0,0,0,0,0,0,0,0,0,0,1,0,0,0,0,0,0,0
tb.dut.clusters[0].cluster.sockets[0].socket.cores[0].core.execute.fpu_unit.genblk1[0].fpu_fpnew.genblk3[2].fpnew_core.gen_operation_groups[1].i_opgroup_block.gen_merged_slice.i_multifmt_slice.gen_num_lanes[0].active_lane.lane_instance.genblk1.i_fpnew_divsqrt_multi.gen_input_pipeline[4]	23	1	0	0	0	0	0	1	1612524	1612524	0,0,0,0,0,0,0,0,0,0,0,0,0,0,0,0,0,0,0,0,0,0,0,0,0,0,0,0,0,0,0,0,0,0,0,0,0,0,0,0	0,0,0,0,0,0,0,0,0,0,0,0,0,0,0,0,0,0,0,0,0,0,0,0,0,0,0,0,0,0,0,0,1,0,0,0,0,0,0,0	2	0	0	0	0	1	1612524	1612524	0,0,0,0,0,0,0,0,0,0,0,0,0,0,0,0,0,0,0,0,0,0,0,0,0,0,0,0,0,0,0,0,0,0,0,0,0,0,0,0	0,0,0,0,0,0,0,0,0,0,0,0,0,0,0,0,0,0,0,0,0,0,0,0,0,0,0,0,0,0,0,0,1,0,0,0,0,0,0,0
tb.dut.clusters[0].cluster.sockets[0].socket.cores[0].core.execute.fpu_unit.genblk1[0].fpu_fpnew.genblk3[2].fpnew_core.gen_operation_groups[1].i_opgroup_block.gen_merged_slice.i_multifmt_slice.gen_num_lanes[0].active_lane.lane_instance.genblk1.i_fpnew_divsqrt_multi.gen_input_pipeline[5]	23	1	0	0	0	0	0	1	1612524	1612524	0,0,0,0,0,0,0,0,0,0,0,0,0,0,0,0,0,0,0,0,0,0,0,0,0,0,0,0,0,0,0,0,0,0,0,0,0,0,0,0	0,0,0,0,0,0,0,0,0,0,0,0,0,0,0,0,0,0,0,0,0,0,0,0,0,0,0,0,0,0,0,0,1,0,0,0,0,0,0,0	2	0	0	0	0	1	1612524	1612524	0,0,0,0,0,0,0,0,0,0,0,0,0,0,0,0,0,0,0,0,0,0,0,0,0,0,0,0,0,0,0,0,0,0,0,0,0,0,0,0	0,0,0,0,0,0,0,0,0,0,0,0,0,0,0,0,0,0,0,0,0,0,0,0,0,0,0,0,0,0,0,0,1,0,0,0,0,0,0,0
tb.dut.clusters[0].cluster.sockets[0].socket.cores[0].core.execute.fpu_unit.genblk1[0].fpu_fpnew.genblk3[2].fpnew_core.gen_operation_groups[1].i_opgroup_block.gen_merged_slice.i_multifmt_slice.gen_num_lanes[0].active_lane.lane_instance.genblk1.i_fpnew_divsqrt_multi.gen_input_pipeline[6]	23	1	0	0	0	0	0	1	1612524	1612524	0,0,0,0,0,0,0,0,0,0,0,0,0,0,0,0,0,0,0,0,0,0,0,0,0,0,0,0,0,0,0,0,0,0,0,0,0,0,0,0	0,0,0,0,0,0,0,0,0,0,0,0,0,0,0,0,0,0,0,0,0,0,0,0,0,0,0,0,0,0,0,0,1,0,0,0,0,0,0,0	2	0	0	0	0	1	1612524	1612524	0,0,0,0,0,0,0,0,0,0,0,0,0,0,0,0,0,0,0,0,0,0,0,0,0,0,0,0,0,0,0,0,0,0,0,0,0,0,0,0	0,0,0,0,0,0,0,0,0,0,0,0,0,0,0,0,0,0,0,0,0,0,0,0,0,0,0,0,0,0,0,0,1,0,0,0,0,0,0,0
tb.dut.clusters[0].cluster.sockets[0].socket.cores[0].core.execute.fpu_unit.genblk1[0].fpu_fpnew.genblk3[2].fpnew_core.gen_operation_groups[1].i_opgroup_block.gen_merged_slice.i_multifmt_slice.gen_num_lanes[0].active_lane.lane_instance.genblk1.i_fpnew_divsqrt_multi.gen_input_pipeline[7]	23	1	0	0	0	0	0	1	1612524	1612524	0,0,0,0,0,0,0,0,0,0,0,0,0,0,0,0,0,0,0,0,0,0,0,0,0,0,0,0,0,0,0,0,0,0,0,0,0,0,0,0	0,0,0,0,0,0,0,0,0,0,0,0,0,0,0,0,0,0,0,0,0,0,0,0,0,0,0,0,0,0,0,0,1,0,0,0,0,0,0,0	2	0	0	0	0	1	1612524	1612524	0,0,0,0,0,0,0,0,0,0,0,0,0,0,0,0,0,0,0,0,0,0,0,0,0,0,0,0,0,0,0,0,0,0,0,0,0,0,0,0	0,0,0,0,0,0,0,0,0,0,0,0,0,0,0,0,0,0,0,0,0,0,0,0,0,0,0,0,0,0,0,0,1,0,0,0,0,0,0,0
tb.dut.clusters[0].cluster.sockets[0].socket.cores[0].core.execute.fpu_unit.genblk1[0].fpu_fpnew.genblk3[2].fpnew_core.gen_operation_groups[1].i_opgroup_block.gen_merged_slice.i_multifmt_slice.gen_num_lanes[0].active_lane.lane_instance.genblk1.i_fpnew_divsqrt_multi.gen_output_pipeline[0]	23	1	0	0	0	0	0	1	1612524	1612524	0,0,0,0,0,0,0,0,0,0,0,0,0,0,0,0,0,0,0,0,0,0,0,0,0,0,0,0,0,0,0,0,0,0,0,0,0,0,0,0	0,0,0,0,0,0,0,0,0,0,0,0,0,0,0,0,0,0,0,0,0,0,0,0,0,0,0,0,0,0,0,0,1,0,0,0,0,0,0,0	2	0	0	0	0	1	1612524	1612524	0,0,0,0,0,0,0,0,0,0,0,0,0,0,0,0,0,0,0,0,0,0,0,0,0,0,0,0,0,0,0,0,0,0,0,0,0,0,0,0	0,0,0,0,0,0,0,0,0,0,0,0,0,0,0,0,0,0,0,0,0,0,0,0,0,0,0,0,0,0,0,0,1,0,0,0,0,0,0,0
tb.dut.clusters[0].cluster.sockets[0].socket.cores[0].core.execute.fpu_unit.genblk1[0].fpu_fpnew.genblk3[2].fpnew_core.gen_operation_groups[1].i_opgroup_block.gen_merged_slice.i_multifmt_slice.gen_num_lanes[0].active_lane.lane_instance.genblk1.i_fpnew_divsqrt_multi.gen_output_pipeline[1]	23	1	0	0	0	0	0	1	1612524	1612524	0,0,0,0,0,0,0,0,0,0,0,0,0,0,0,0,0,0,0,0,0,0,0,0,0,0,0,0,0,0,0,0,0,0,0,0,0,0,0,0	0,0,0,0,0,0,0,0,0,0,0,0,0,0,0,0,0,0,0,0,0,0,0,0,0,0,0,0,0,0,0,0,1,0,0,0,0,0,0,0	2	0	0	0	0	1	1612524	1612524	0,0,0,0,0,0,0,0,0,0,0,0,0,0,0,0,0,0,0,0,0,0,0,0,0,0,0,0,0,0,0,0,0,0,0,0,0,0,0,0	0,0,0,0,0,0,0,0,0,0,0,0,0,0,0,0,0,0,0,0,0,0,0,0,0,0,0,0,0,0,0,0,1,0,0,0,0,0,0,0
tb.dut.clusters[0].cluster.sockets[0].socket.cores[0].core.execute.fpu_unit.genblk1[0].fpu_fpnew.genblk3[2].fpnew_core.gen_operation_groups[1].i_opgroup_block.gen_merged_slice.i_multifmt_slice.gen_num_lanes[0].active_lane.lane_instance.genblk1.i_fpnew_divsqrt_multi.gen_output_pipeline[2]	23	1	0	0	0	0	0	1	1612524	1612524	0,0,0,0,0,0,0,0,0,0,0,0,0,0,0,0,0,0,0,0,0,0,0,0,0,0,0,0,0,0,0,0,0,0,0,0,0,0,0,0	0,0,0,0,0,0,0,0,0,0,0,0,0,0,0,0,0,0,0,0,0,0,0,0,0,0,0,0,0,0,0,0,1,0,0,0,0,0,0,0	2	0	0	0	0	1	1612524	1612524	0,0,0,0,0,0,0,0,0,0,0,0,0,0,0,0,0,0,0,0,0,0,0,0,0,0,0,0,0,0,0,0,0,0,0,0,0,0,0,0	0,0,0,0,0,0,0,0,0,0,0,0,0,0,0,0,0,0,0,0,0,0,0,0,0,0,0,0,0,0,0,0,1,0,0,0,0,0,0,0
tb.dut.clusters[0].cluster.sockets[0].socket.cores[0].core.execute.fpu_unit.genblk1[0].fpu_fpnew.genblk3[2].fpnew_core.gen_operation_groups[1].i_opgroup_block.gen_merged_slice.i_multifmt_slice.gen_num_lanes[0].active_lane.lane_instance.genblk1.i_fpnew_divsqrt_multi.gen_output_pipeline[3]	23	1	0	0	0	0	0	1	1612524	1612524	0,0,0,0,0,0,0,0,0,0,0,0,0,0,0,0,0,0,0,0,0,0,0,0,0,0,0,0,0,0,0,0,0,0,0,0,0,0,0,0	0,0,0,0,0,0,0,0,0,0,0,0,0,0,0,0,0,0,0,0,0,0,0,0,0,0,0,0,0,0,0,0,1,0,0,0,0,0,0,0	2	0	0	0	0	1	1612524	1612524	0,0,0,0,0,0,0,0,0,0,0,0,0,0,0,0,0,0,0,0,0,0,0,0,0,0,0,0,0,0,0,0,0,0,0,0,0,0,0,0	0,0,0,0,0,0,0,0,0,0,0,0,0,0,0,0,0,0,0,0,0,0,0,0,0,0,0,0,0,0,0,0,1,0,0,0,0,0,0,0
tb.dut.clusters[0].cluster.sockets[0].socket.cores[0].core.execute.fpu_unit.genblk1[0].fpu_fpnew.genblk3[2].fpnew_core.gen_operation_groups[1].i_opgroup_block.gen_merged_slice.i_multifmt_slice.gen_num_lanes[0].active_lane.lane_instance.genblk1.i_fpnew_divsqrt_multi.gen_output_pipeline[4]	23	1	0	0	0	0	0	1	1612524	1612524	0,0,0,0,0,0,0,0,0,0,0,0,0,0,0,0,0,0,0,0,0,0,0,0,0,0,0,0,0,0,0,0,0,0,0,0,0,0,0,0	0,0,0,0,0,0,0,0,0,0,0,0,0,0,0,0,0,0,0,0,0,0,0,0,0,0,0,0,0,0,0,0,1,0,0,0,0,0,0,0	2	0	0	0	0	1	1612524	1612524	0,0,0,0,0,0,0,0,0,0,0,0,0,0,0,0,0,0,0,0,0,0,0,0,0,0,0,0,0,0,0,0,0,0,0,0,0,0,0,0	0,0,0,0,0,0,0,0,0,0,0,0,0,0,0,0,0,0,0,0,0,0,0,0,0,0,0,0,0,0,0,0,1,0,0,0,0,0,0,0
tb.dut.clusters[0].cluster.sockets[0].socket.cores[0].core.execute.fpu_unit.genblk1[0].fpu_fpnew.genblk3[2].fpnew_core.gen_operation_groups[1].i_opgroup_block.gen_merged_slice.i_multifmt_slice.gen_num_lanes[0].active_lane.lane_instance.genblk1.i_fpnew_divsqrt_multi.gen_output_pipeline[5]	23	1	0	0	0	0	0	1	1612524	1612524	0,0,0,0,0,0,0,0,0,0,0,0,0,0,0,0,0,0,0,0,0,0,0,0,0,0,0,0,0,0,0,0,0,0,0,0,0,0,0,0	0,0,0,0,0,0,0,0,0,0,0,0,0,0,0,0,0,0,0,0,0,0,0,0,0,0,0,0,0,0,0,0,1,0,0,0,0,0,0,0	2	0	0	0	0	1	1612524	1612524	0,0,0,0,0,0,0,0,0,0,0,0,0,0,0,0,0,0,0,0,0,0,0,0,0,0,0,0,0,0,0,0,0,0,0,0,0,0,0,0	0,0,0,0,0,0,0,0,0,0,0,0,0,0,0,0,0,0,0,0,0,0,0,0,0,0,0,0,0,0,0,0,1,0,0,0,0,0,0,0
tb.dut.clusters[0].cluster.sockets[0].socket.cores[0].core.execute.fpu_unit.genblk1[0].fpu_fpnew.genblk3[2].fpnew_core.gen_operation_groups[1].i_opgroup_block.gen_merged_slice.i_multifmt_slice.gen_num_lanes[0].active_lane.lane_instance.genblk1.i_fpnew_divsqrt_multi.gen_output_pipeline[6]	23	1	0	0	0	0	0	1	1612524	1612524	0,0,0,0,0,0,0,0,0,0,0,0,0,0,0,0,0,0,0,0,0,0,0,0,0,0,0,0,0,0,0,0,0,0,0,0,0,0,0,0	0,0,0,0,0,0,0,0,0,0,0,0,0,0,0,0,0,0,0,0,0,0,0,0,0,0,0,0,0,0,0,0,1,0,0,0,0,0,0,0	2	0	0	0	0	1	1612524	1612524	0,0,0,0,0,0,0,0,0,0,0,0,0,0,0,0,0,0,0,0,0,0,0,0,0,0,0,0,0,0,0,0,0,0,0,0,0,0,0,0	0,0,0,0,0,0,0,0,0,0,0,0,0,0,0,0,0,0,0,0,0,0,0,0,0,0,0,0,0,0,0,0,1,0,0,0,0,0,0,0
tb.dut.clusters[0].cluster.sockets[0].socket.cores[0].core.execute.fpu_unit.genblk1[0].fpu_fpnew.genblk3[2].fpnew_core.gen_operation_groups[1].i_opgroup_block.gen_merged_slice.i_multifmt_slice.gen_num_lanes[0].active_lane.lane_instance.genblk1.i_fpnew_divsqrt_multi.gen_output_pipeline[7]	23	1	0	0	0	0	0	1	1612524	1612524	0,0,0,0,0,0,0,0,0,0,0,0,0,0,0,0,0,0,0,0,0,0,0,0,0,0,0,0,0,0,0,0,0,0,0,0,0,0,0,0	0,0,0,0,0,0,0,0,0,0,0,0,0,0,0,0,0,0,0,0,0,0,0,0,0,0,0,0,0,0,0,0,1,0,0,0,0,0,0,0	2	0	0	0	0	1	1612524	1612524	0,0,0,0,0,0,0,0,0,0,0,0,0,0,0,0,0,0,0,0,0,0,0,0,0,0,0,0,0,0,0,0,0,0,0,0,0,0,0,0	0,0,0,0,0,0,0,0,0,0,0,0,0,0,0,0,0,0,0,0,0,0,0,0,0,0,0,0,0,0,0,0,1,0,0,0,0,0,0,0
tb.dut.clusters[0].cluster.sockets[0].socket.cores[0].core.execute.fpu_unit.genblk1[0].fpu_fpnew.genblk3[2].fpnew_core.gen_operation_groups[1].i_opgroup_block.gen_merged_slice.i_multifmt_slice.gen_num_lanes[0].active_lane.lane_instance.genblk1.i_fpnew_divsqrt_multi.i_divsqrt_lei	23	12493	18	2	2	2	1	3	1612522	1612500	2,0,0,0,0,0,0,0,0,0,0,0,0,0,0,0,0,0,0,0,0,0,0,0,0,0,0,0,0,0,0,0,0,0,0,0,0,0,0,0	0,0,1,0,0,0,0,0,0,0,0,0,0,0,0,0,1,0,0,0,0,0,0,0,0,0,0,0,0,0,0,0,1,0,0,0,0,0,0,0	63	0	0	0	0	1	1612524	1612524	0,0,0,0,0,0,0,0,0,0,0,0,0,0,0,0,0,0,0,0,0,0,0,0,0,0,0,0,0,0,0,0,0,0,0,0,0,0,0,0	0,0,0,0,0,0,0,0,0,0,0,0,0,0,0,0,0,0,0,0,0,0,0,0,0,0,0,0,0,0,0,0,1,0,0,0,0,0,0,0
tb.dut.clusters[0].cluster.sockets[0].socket.cores[0].core.execute.fpu_unit.genblk1[0].fpu_fpnew.genblk3[2].fpnew_core.gen_operation_groups[1].i_opgroup_block.gen_merged_slice.i_multifmt_slice.gen_num_lanes[0].active_lane.lane_instance.genblk1.i_fpnew_divsqrt_multi.i_divsqrt_lei.fpu_norm_U0	24	752	0	0	0	0	0	1	1612524	1612524	0,0,0,0,0,0,0,0,0,0,0,0,0,0,0,0,0,0,0,0,0,0,0,0,0,0,0,0,0,0,0,0,0,0,0,0,0,0,0,0	0,0,0,0,0,0,0,0,0,0,0,0,0,0,0,0,0,0,0,0,0,0,0,0,0,0,0,0,0,0,0,0,1,0,0,0,0,0,0,0	4	0	0	0	0	1	1612524	1612524	0,0,0,0,0,0,0,0,0,0,0,0,0,0,0,0,0,0,0,0,0,0,0,0,0,0,0,0,0,0,0,0,0,0,0,0,0,0,0,0	0,0,0,0,0,0,0,0,0,0,0,0,0,0,0,0,0,0,0,0,0,0,0,0,0,0,0,0,0,0,0,0,1,0,0,0,0,0,0,0
tb.dut.clusters[0].cluster.sockets[0].socket.cores[0].core.execute.fpu_unit.genblk1[0].fpu_fpnew.genblk3[2].fpnew_core.gen_operation_groups[1].i_opgroup_block.gen_merged_slice.i_multifmt_slice.gen_num_lanes[0].active_lane.lane_instance.genblk1.i_fpnew_divsqrt_multi.i_divsqrt_lei.nrbd_nrsc_U0	24	8528	10	2	2	2	1	3	1612522	1612500	2,0,0,0,0,0,0,0,0,0,0,0,0,0,0,0,0,0,0,0,0,0,0,0,0,0,0,0,0,0,0,0,0,0,0,0,0,0,0,0	0,0,1,0,0,0,0,0,0,0,0,0,0,0,0,0,1,0,0,0,0,0,0,0,0,0,0,0,0,0,0,0,1,0,0,0,0,0,0,0	43	0	0	0	0	1	1612524	1612524	0,0,0,0,0,0,0,0,0,0,0,0,0,0,0,0,0,0,0,0,0,0,0,0,0,0,0,0,0,0,0,0,0,0,0,0,0,0,0,0	0,0,0,0,0,0,0,0,0,0,0,0,0,0,0,0,0,0,0,0,0,0,0,0,0,0,0,0,0,0,0,0,1,0,0,0,0,0,0,0
tb.dut.clusters[0].cluster.sockets[0].socket.cores[0].core.execute.fpu_unit.genblk1[0].fpu_fpnew.genblk3[2].fpnew_core.gen_operation_groups[1].i_opgroup_block.gen_merged_slice.i_multifmt_slice.gen_num_lanes[0].active_lane.lane_instance.genblk1.i_fpnew_divsqrt_multi.i_divsqrt_lei.nrbd_nrsc_U0.control_U0	25	8301	5	2	2	2	1	3	1612522	1612500	2,0,0,0,0,0,0,0,0,0,0,0,0,0,0,0,0,0,0,0,0,0,0,0,0,0,0,0,0,0,0,0,0,0,0,0,0,0,0,0	0,0,1,0,0,0,0,0,0,0,0,0,0,0,0,0,1,0,0,0,0,0,0,0,0,0,0,0,0,0,0,0,1,0,0,0,0,0,0,0	42	0	0	0	0	1	1612524	1612524	0,0,0,0,0,0,0,0,0,0,0,0,0,0,0,0,0,0,0,0,0,0,0,0,0,0,0,0,0,0,0,0,0,0,0,0,0,0,0,0	0,0,0,0,0,0,0,0,0,0,0,0,0,0,0,0,0,0,0,0,0,0,0,0,0,0,0,0,0,0,0,0,1,0,0,0,0,0,0,0
tb.dut.clusters[0].cluster.sockets[0].socket.cores[0].core.execute.fpu_unit.genblk1[0].fpu_fpnew.genblk3[2].fpnew_core.gen_operation_groups[1].i_opgroup_block.gen_merged_slice.i_multifmt_slice.gen_num_lanes[0].active_lane.lane_instance.genblk1.i_fpnew_divsqrt_multi.i_divsqrt_lei.nrbd_nrsc_U0.control_U0.genblk4[0]	26	217	0	0	0	0	0	1	1612524	1612524	0,0,0,0,0,0,0,0,0,0,0,0,0,0,0,0,0,0,0,0,0,0,0,0,0,0,0,0,0,0,0,0,0,0,0,0,0,0,0,0	0,0,0,0,0,0,0,0,0,0,0,0,0,0,0,0,0,0,0,0,0,0,0,0,0,0,0,0,0,0,0,0,1,0,0,0,0,0,0,0	2	0	0	0	0	1	1612524	1612524	0,0,0,0,0,0,0,0,0,0,0,0,0,0,0,0,0,0,0,0,0,0,0,0,0,0,0,0,0,0,0,0,0,0,0,0,0,0,0,0	0,0,0,0,0,0,0,0,0,0,0,0,0,0,0,0,0,0,0,0,0,0,0,0,0,0,0,0,0,0,0,0,1,0,0,0,0,0,0,0
tb.dut.clusters[0].cluster.sockets[0].socket.cores[0].core.execute.fpu_unit.genblk1[0].fpu_fpnew.genblk3[2].fpnew_core.gen_operation_groups[1].i_opgroup_block.gen_merged_slice.i_multifmt_slice.gen_num_lanes[0].active_lane.lane_instance.genblk1.i_fpnew_divsqrt_multi.i_divsqrt_lei.nrbd_nrsc_U0.control_U0.genblk4[0].iteration_div_sqrt	27	217	0	0	0	0	0	1	1612524	1612524	0,0,0,0,0,0,0,0,0,0,0,0,0,0,0,0,0,0,0,0,0,0,0,0,0,0,0,0,0,0,0,0,0,0,0,0,0,0,0,0	0,0,0,0,0,0,0,0,0,0,0,0,0,0,0,0,0,0,0,0,0,0,0,0,0,0,0,0,0,0,0,0,1,0,0,0,0,0,0,0	2	0	0	0	0	1	1612524	1612524	0,0,0,0,0,0,0,0,0,0,0,0,0,0,0,0,0,0,0,0,0,0,0,0,0,0,0,0,0,0,0,0,0,0,0,0,0,0,0,0	0,0,0,0,0,0,0,0,0,0,0,0,0,0,0,0,0,0,0,0,0,0,0,0,0,0,0,0,0,0,0,0,1,0,0,0,0,0,0,0
tb.dut.clusters[0].cluster.sockets[0].socket.cores[0].core.execute.fpu_unit.genblk1[0].fpu_fpnew.genblk3[2].fpnew_core.gen_operation_groups[1].i_opgroup_block.gen_merged_slice.i_multifmt_slice.gen_num_lanes[0].active_lane.lane_instance.genblk1.i_fpnew_divsqrt_multi.i_divsqrt_lei.nrbd_nrsc_U0.control_U0.genblk4[1]	26	217	0	0	0	0	0	1	1612524	1612524	0,0,0,0,0,0,0,0,0,0,0,0,0,0,0,0,0,0,0,0,0,0,0,0,0,0,0,0,0,0,0,0,0,0,0,0,0,0,0,0	0,0,0,0,0,0,0,0,0,0,0,0,0,0,0,0,0,0,0,0,0,0,0,0,0,0,0,0,0,0,0,0,1,0,0,0,0,0,0,0	2	0	0	0	0	1	1612524	1612524	0,0,0,0,0,0,0,0,0,0,0,0,0,0,0,0,0,0,0,0,0,0,0,0,0,0,0,0,0,0,0,0,0,0,0,0,0,0,0,0	0,0,0,0,0,0,0,0,0,0,0,0,0,0,0,0,0,0,0,0,0,0,0,0,0,0,0,0,0,0,0,0,1,0,0,0,0,0,0,0
tb.dut.clusters[0].cluster.sockets[0].socket.cores[0].core.execute.fpu_unit.genblk1[0].fpu_fpnew.genblk3[2].fpnew_core.gen_operation_groups[1].i_opgroup_block.gen_merged_slice.i_multifmt_slice.gen_num_lanes[0].active_lane.lane_instance.genblk1.i_fpnew_divsqrt_multi.i_divsqrt_lei.nrbd_nrsc_U0.control_U0.genblk4[1].iteration_div_sqrt	27	217	0	0	0	0	0	1	1612524	1612524	0,0,0,0,0,0,0,0,0,0,0,0,0,0,0,0,0,0,0,0,0,0,0,0,0,0,0,0,0,0,0,0,0,0,0,0,0,0,0,0	0,0,0,0,0,0,0,0,0,0,0,0,0,0,0,0,0,0,0,0,0,0,0,0,0,0,0,0,0,0,0,0,1,0,0,0,0,0,0,0	2	0	0	0	0	1	1612524	1612524	0,0,0,0,0,0,0,0,0,0,0,0,0,0,0,0,0,0,0,0,0,0,0,0,0,0,0,0,0,0,0,0,0,0,0,0,0,0,0,0	0,0,0,0,0,0,0,0,0,0,0,0,0,0,0,0,0,0,0,0,0,0,0,0,0,0,0,0,0,0,0,0,1,0,0,0,0,0,0,0
tb.dut.clusters[0].cluster.sockets[0].socket.cores[0].core.execute.fpu_unit.genblk1[0].fpu_fpnew.genblk3[2].fpnew_core.gen_operation_groups[1].i_opgroup_block.gen_merged_slice.i_multifmt_slice.gen_num_lanes[0].active_lane.lane_instance.genblk1.i_fpnew_divsqrt_multi.i_divsqrt_lei.nrbd_nrsc_U0.control_U0.genblk4[2]	26	217	0	0	0	0	0	1	1612524	1612524	0,0,0,0,0,0,0,0,0,0,0,0,0,0,0,0,0,0,0,0,0,0,0,0,0,0,0,0,0,0,0,0,0,0,0,0,0,0,0,0	0,0,0,0,0,0,0,0,0,0,0,0,0,0,0,0,0,0,0,0,0,0,0,0,0,0,0,0,0,0,0,0,1,0,0,0,0,0,0,0	2	0	0	0	0	1	1612524	1612524	0,0,0,0,0,0,0,0,0,0,0,0,0,0,0,0,0,0,0,0,0,0,0,0,0,0,0,0,0,0,0,0,0,0,0,0,0,0,0,0	0,0,0,0,0,0,0,0,0,0,0,0,0,0,0,0,0,0,0,0,0,0,0,0,0,0,0,0,0,0,0,0,1,0,0,0,0,0,0,0
tb.dut.clusters[0].cluster.sockets[0].socket.cores[0].core.execute.fpu_unit.genblk1[0].fpu_fpnew.genblk3[2].fpnew_core.gen_operation_groups[1].i_opgroup_block.gen_merged_slice.i_multifmt_slice.gen_num_lanes[0].active_lane.lane_instance.genblk1.i_fpnew_divsqrt_multi.i_divsqrt_lei.nrbd_nrsc_U0.control_U0.genblk4[2].iteration_div_sqrt	27	217	0	0	0	0	0	1	1612524	1612524	0,0,0,0,0,0,0,0,0,0,0,0,0,0,0,0,0,0,0,0,0,0,0,0,0,0,0,0,0,0,0,0,0,0,0,0,0,0,0,0	0,0,0,0,0,0,0,0,0,0,0,0,0,0,0,0,0,0,0,0,0,0,0,0,0,0,0,0,0,0,0,0,1,0,0,0,0,0,0,0	2	0	0	0	0	1	1612524	1612524	0,0,0,0,0,0,0,0,0,0,0,0,0,0,0,0,0,0,0,0,0,0,0,0,0,0,0,0,0,0,0,0,0,0,0,0,0,0,0,0	0,0,0,0,0,0,0,0,0,0,0,0,0,0,0,0,0,0,0,0,0,0,0,0,0,0,0,0,0,0,0,0,1,0,0,0,0,0,0,0
tb.dut.clusters[0].cluster.sockets[0].socket.cores[0].core.execute.fpu_unit.genblk1[0].fpu_fpnew.genblk3[2].fpnew_core.gen_operation_groups[1].i_opgroup_block.gen_merged_slice.i_multifmt_slice.gen_num_lanes[0].active_lane.lane_instance.genblk1.i_fpnew_divsqrt_multi.i_divsqrt_lei.preprocess_U0	24	2777	3	2	2	2	1	3	1612522	1612500	2,0,0,0,0,0,0,0,0,0,0,0,0,0,0,0,0,0,0,0,0,0,0,0,0,0,0,0,0,0,0,0,0,0,0,0,0,0,0,0	0,0,1,0,0,0,0,0,0,0,0,0,0,0,0,0,1,0,0,0,0,0,0,0,0,0,0,0,0,0,0,0,1,0,0,0,0,0,0,0	14	0	0	0	0	1	1612524	1612524	0,0,0,0,0,0,0,0,0,0,0,0,0,0,0,0,0,0,0,0,0,0,0,0,0,0,0,0,0,0,0,0,0,0,0,0,0,0,0,0	0,0,0,0,0,0,0,0,0,0,0,0,0,0,0,0,0,0,0,0,0,0,0,0,0,0,0,0,0,0,0,0,1,0,0,0,0,0,0,0
tb.dut.clusters[0].cluster.sockets[0].socket.cores[0].core.execute.fpu_unit.genblk1[0].fpu_fpnew.genblk3[2].fpnew_core.gen_operation_groups[1].i_opgroup_block.gen_merged_slice.i_multifmt_slice.gen_num_lanes[0].active_lane.lane_instance.genblk1.i_fpnew_divsqrt_multi.i_divsqrt_lei.preprocess_U0.LOD_Ua	25	976	0	0	0	0	0	1	1612524	1612524	0,0,0,0,0,0,0,0,0,0,0,0,0,0,0,0,0,0,0,0,0,0,0,0,0,0,0,0,0,0,0,0,0,0,0,0,0,0,0,0	0,0,0,0,0,0,0,0,0,0,0,0,0,0,0,0,0,0,0,0,0,0,0,0,0,0,0,0,0,0,0,0,1,0,0,0,0,0,0,0	5	0	0	0	0	1	1612524	1612524	0,0,0,0,0,0,0,0,0,0,0,0,0,0,0,0,0,0,0,0,0,0,0,0,0,0,0,0,0,0,0,0,0,0,0,0,0,0,0,0	0,0,0,0,0,0,0,0,0,0,0,0,0,0,0,0,0,0,0,0,0,0,0,0,0,0,0,0,0,0,0,0,1,0,0,0,0,0,0,0
tb.dut.clusters[0].cluster.sockets[0].socket.cores[0].core.execute.fpu_unit.genblk1[0].fpu_fpnew.genblk3[2].fpnew_core.gen_operation_groups[1].i_opgroup_block.gen_merged_slice.i_multifmt_slice.gen_num_lanes[0].active_lane.lane_instance.genblk1.i_fpnew_divsqrt_multi.i_divsqrt_lei.preprocess_U0.LOD_Ua.gen_lzc	26	851	0	0	0	0	0	1	1612524	1612524	0,0,0,0,0,0,0,0,0,0,0,0,0,0,0,0,0,0,0,0,0,0,0,0,0,0,0,0,0,0,0,0,0,0,0,0,0,0,0,0	0,0,0,0,0,0,0,0,0,0,0,0,0,0,0,0,0,0,0,0,0,0,0,0,0,0,0,0,0,0,0,0,1,0,0,0,0,0,0,0	5	0	0	0	0	1	1612524	1612524	0,0,0,0,0,0,0,0,0,0,0,0,0,0,0,0,0,0,0,0,0,0,0,0,0,0,0,0,0,0,0,0,0,0,0,0,0,0,0,0	0,0,0,0,0,0,0,0,0,0,0,0,0,0,0,0,0,0,0,0,0,0,0,0,0,0,0,0,0,0,0,0,1,0,0,0,0,0,0,0
tb.dut.clusters[0].cluster.sockets[0].socket.cores[0].core.execute.fpu_unit.genblk1[0].fpu_fpnew.genblk3[2].fpnew_core.gen_operation_groups[1].i_opgroup_block.gen_merged_slice.i_multifmt_slice.gen_num_lanes[0].active_lane.lane_instance.genblk1.i_fpnew_divsqrt_multi.i_divsqrt_lei.preprocess_U0.LOD_Ub	25	976	0	0	0	0	0	1	1612524	1612524	0,0,0,0,0,0,0,0,0,0,0,0,0,0,0,0,0,0,0,0,0,0,0,0,0,0,0,0,0,0,0,0,0,0,0,0,0,0,0,0	0,0,0,0,0,0,0,0,0,0,0,0,0,0,0,0,0,0,0,0,0,0,0,0,0,0,0,0,0,0,0,0,1,0,0,0,0,0,0,0	5	0	0	0	0	1	1612524	1612524	0,0,0,0,0,0,0,0,0,0,0,0,0,0,0,0,0,0,0,0,0,0,0,0,0,0,0,0,0,0,0,0,0,0,0,0,0,0,0,0	0,0,0,0,0,0,0,0,0,0,0,0,0,0,0,0,0,0,0,0,0,0,0,0,0,0,0,0,0,0,0,0,1,0,0,0,0,0,0,0
tb.dut.clusters[0].cluster.sockets[0].socket.cores[0].core.execute.fpu_unit.genblk1[0].fpu_fpnew.genblk3[2].fpnew_core.gen_operation_groups[1].i_opgroup_block.gen_merged_slice.i_multifmt_slice.gen_num_lanes[0].active_lane.lane_instance.genblk1.i_fpnew_divsqrt_multi.i_divsqrt_lei.preprocess_U0.LOD_Ub.gen_lzc	26	851	0	0	0	0	0	1	1612524	1612524	0,0,0,0,0,0,0,0,0,0,0,0,0,0,0,0,0,0,0,0,0,0,0,0,0,0,0,0,0,0,0,0,0,0,0,0,0,0,0,0	0,0,0,0,0,0,0,0,0,0,0,0,0,0,0,0,0,0,0,0,0,0,0,0,0,0,0,0,0,0,0,0,1,0,0,0,0,0,0,0	5	0	0	0	0	1	1612524	1612524	0,0,0,0,0,0,0,0,0,0,0,0,0,0,0,0,0,0,0,0,0,0,0,0,0,0,0,0,0,0,0,0,0,0,0,0,0,0,0,0	0,0,0,0,0,0,0,0,0,0,0,0,0,0,0,0,0,0,0,0,0,0,0,0,0,0,0,0,0,0,0,0,1,0,0,0,0,0,0,0
tb.dut.clusters[0].cluster.sockets[0].socket.cores[0].core.execute.fpu_unit.genblk1[0].fpu_fpnew.genblk3[2].fpnew_core.gen_operation_groups[1].i_opgroup_block.gen_merged_slice.i_multifmt_slice.gen_num_lanes[0].pack_fp_result[0]	19	32	0	0	0	0	0	1	1612524	1612524	0,0,0,0,0,0,0,0,0,0,0,0,0,0,0,0,0,0,0,0,0,0,0,0,0,0,0,0,0,0,0,0,0,0,0,0,0,0,0,0	0,0,0,0,0,0,0,0,0,0,0,0,0,0,0,0,0,0,0,0,0,0,0,0,0,0,0,0,0,0,0,0,1,0,0,0,0,0,0,0	2	0	0	0	0	1	1612524	1612524	0,0,0,0,0,0,0,0,0,0,0,0,0,0,0,0,0,0,0,0,0,0,0,0,0,0,0,0,0,0,0,0,0,0,0,0,0,0,0,0	0,0,0,0,0,0,0,0,0,0,0,0,0,0,0,0,0,0,0,0,0,0,0,0,0,0,0,0,0,0,0,0,1,0,0,0,0,0,0,0
tb.dut.clusters[0].cluster.sockets[0].socket.cores[0].core.execute.fpu_unit.genblk1[0].fpu_fpnew.genblk3[2].fpnew_core.gen_operation_groups[1].i_opgroup_block.gen_merged_slice.i_multifmt_slice.gen_num_lanes[0].pack_fp_result[1]	19	32	0	0	0	0	0	1	1612524	1612524	0,0,0,0,0,0,0,0,0,0,0,0,0,0,0,0,0,0,0,0,0,0,0,0,0,0,0,0,0,0,0,0,0,0,0,0,0,0,0,0	0,0,0,0,0,0,0,0,0,0,0,0,0,0,0,0,0,0,0,0,0,0,0,0,0,0,0,0,0,0,0,0,1,0,0,0,0,0,0,0	2	0	0	0	0	1	1612524	1612524	0,0,0,0,0,0,0,0,0,0,0,0,0,0,0,0,0,0,0,0,0,0,0,0,0,0,0,0,0,0,0,0,0,0,0,0,0,0,0,0	0,0,0,0,0,0,0,0,0,0,0,0,0,0,0,0,0,0,0,0,0,0,0,0,0,0,0,0,0,0,0,0,1,0,0,0,0,0,0,0
tb.dut.clusters[0].cluster.sockets[0].socket.cores[0].core.execute.fpu_unit.genblk1[0].fpu_fpnew.genblk3[2].fpnew_core.gen_operation_groups[1].i_opgroup_block.gen_merged_slice.i_multifmt_slice.gen_num_lanes[0].pack_fp_result[2]	19	32	0	0	0	0	0	1	1612524	1612524	0,0,0,0,0,0,0,0,0,0,0,0,0,0,0,0,0,0,0,0,0,0,0,0,0,0,0,0,0,0,0,0,0,0,0,0,0,0,0,0	0,0,0,0,0,0,0,0,0,0,0,0,0,0,0,0,0,0,0,0,0,0,0,0,0,0,0,0,0,0,0,0,1,0,0,0,0,0,0,0	2	0	0	0	0	1	1612524	1612524	0,0,0,0,0,0,0,0,0,0,0,0,0,0,0,0,0,0,0,0,0,0,0,0,0,0,0,0,0,0,0,0,0,0,0,0,0,0,0,0	0,0,0,0,0,0,0,0,0,0,0,0,0,0,0,0,0,0,0,0,0,0,0,0,0,0,0,0,0,0,0,0,1,0,0,0,0,0,0,0
tb.dut.clusters[0].cluster.sockets[0].socket.cores[0].core.execute.fpu_unit.genblk1[0].fpu_fpnew.genblk3[2].fpnew_core.gen_operation_groups[1].i_opgroup_block.gen_merged_slice.i_multifmt_slice.gen_num_lanes[0].pack_fp_result[3]	19	32	0	0	0	0	0	1	1612524	1612524	0,0,0,0,0,0,0,0,0,0,0,0,0,0,0,0,0,0,0,0,0,0,0,0,0,0,0,0,0,0,0,0,0,0,0,0,0,0,0,0	0,0,0,0,0,0,0,0,0,0,0,0,0,0,0,0,0,0,0,0,0,0,0,0,0,0,0,0,0,0,0,0,1,0,0,0,0,0,0,0	2	0	0	0	0	1	1612524	1612524	0,0,0,0,0,0,0,0,0,0,0,0,0,0,0,0,0,0,0,0,0,0,0,0,0,0,0,0,0,0,0,0,0,0,0,0,0,0,0,0	0,0,0,0,0,0,0,0,0,0,0,0,0,0,0,0,0,0,0,0,0,0,0,0,0,0,0,0,0,0,0,0,1,0,0,0,0,0,0,0
tb.dut.clusters[0].cluster.sockets[0].socket.cores[0].core.execute.fpu_unit.genblk1[0].fpu_fpnew.genblk3[2].fpnew_core.gen_operation_groups[1].i_opgroup_block.gen_merged_slice.i_multifmt_slice.gen_num_lanes[0].pack_fp_result[4]	19	32	0	0	0	0	0	1	1612524	1612524	0,0,0,0,0,0,0,0,0,0,0,0,0,0,0,0,0,0,0,0,0,0,0,0,0,0,0,0,0,0,0,0,0,0,0,0,0,0,0,0	0,0,0,0,0,0,0,0,0,0,0,0,0,0,0,0,0,0,0,0,0,0,0,0,0,0,0,0,0,0,0,0,1,0,0,0,0,0,0,0	2	0	0	0	0	1	1612524	1612524	0,0,0,0,0,0,0,0,0,0,0,0,0,0,0,0,0,0,0,0,0,0,0,0,0,0,0,0,0,0,0,0,0,0,0,0,0,0,0,0	0,0,0,0,0,0,0,0,0,0,0,0,0,0,0,0,0,0,0,0,0,0,0,0,0,0,0,0,0,0,0,0,1,0,0,0,0,0,0,0
tb.dut.clusters[0].cluster.sockets[0].socket.cores[0].core.execute.fpu_unit.genblk1[0].fpu_fpnew.genblk3[2].fpnew_core.gen_operation_groups[1].i_opgroup_block.gen_parallel_slices[0]	16	2	0	0	0	0	0	1	1612524	1612524	0,0,0,0,0,0,0,0,0,0,0,0,0,0,0,0,0,0,0,0,0,0,0,0,0,0,0,0,0,0,0,0,0,0,0,0,0,0,0,0	0,0,0,0,0,0,0,0,0,0,0,0,0,0,0,0,0,0,0,0,0,0,0,0,0,0,0,0,0,0,0,0,1,0,0,0,0,0,0,0	2	0	0	0	0	1	1612524	1612524	0,0,0,0,0,0,0,0,0,0,0,0,0,0,0,0,0,0,0,0,0,0,0,0,0,0,0,0,0,0,0,0,0,0,0,0,0,0,0,0	0,0,0,0,0,0,0,0,0,0,0,0,0,0,0,0,0,0,0,0,0,0,0,0,0,0,0,0,0,0,0,0,1,0,0,0,0,0,0,0
tb.dut.clusters[0].cluster.sockets[0].socket.cores[0].core.execute.fpu_unit.genblk1[0].fpu_fpnew.genblk3[2].fpnew_core.gen_operation_groups[1].i_opgroup_block.gen_parallel_slices[1]	16	2	0	0	0	0	0	1	1612524	1612524	0,0,0,0,0,0,0,0,0,0,0,0,0,0,0,0,0,0,0,0,0,0,0,0,0,0,0,0,0,0,0,0,0,0,0,0,0,0,0,0	0,0,0,0,0,0,0,0,0,0,0,0,0,0,0,0,0,0,0,0,0,0,0,0,0,0,0,0,0,0,0,0,1,0,0,0,0,0,0,0	2	0	0	0	0	1	1612524	1612524	0,0,0,0,0,0,0,0,0,0,0,0,0,0,0,0,0,0,0,0,0,0,0,0,0,0,0,0,0,0,0,0,0,0,0,0,0,0,0,0	0,0,0,0,0,0,0,0,0,0,0,0,0,0,0,0,0,0,0,0,0,0,0,0,0,0,0,0,0,0,0,0,1,0,0,0,0,0,0,0
tb.dut.clusters[0].cluster.sockets[0].socket.cores[0].core.execute.fpu_unit.genblk1[0].fpu_fpnew.genblk3[2].fpnew_core.gen_operation_groups[1].i_opgroup_block.gen_parallel_slices[2]	16	2	0	0	0	0	0	1	1612524	1612524	0,0,0,0,0,0,0,0,0,0,0,0,0,0,0,0,0,0,0,0,0,0,0,0,0,0,0,0,0,0,0,0,0,0,0,0,0,0,0,0	0,0,0,0,0,0,0,0,0,0,0,0,0,0,0,0,0,0,0,0,0,0,0,0,0,0,0,0,0,0,0,0,1,0,0,0,0,0,0,0	2	0	0	0	0	1	1612524	1612524	0,0,0,0,0,0,0,0,0,0,0,0,0,0,0,0,0,0,0,0,0,0,0,0,0,0,0,0,0,0,0,0,0,0,0,0,0,0,0,0	0,0,0,0,0,0,0,0,0,0,0,0,0,0,0,0,0,0,0,0,0,0,0,0,0,0,0,0,0,0,0,0,1,0,0,0,0,0,0,0
tb.dut.clusters[0].cluster.sockets[0].socket.cores[0].core.execute.fpu_unit.genblk1[0].fpu_fpnew.genblk3[2].fpnew_core.gen_operation_groups[1].i_opgroup_block.gen_parallel_slices[3]	16	2	0	0	0	0	0	1	1612524	1612524	0,0,0,0,0,0,0,0,0,0,0,0,0,0,0,0,0,0,0,0,0,0,0,0,0,0,0,0,0,0,0,0,0,0,0,0,0,0,0,0	0,0,0,0,0,0,0,0,0,0,0,0,0,0,0,0,0,0,0,0,0,0,0,0,0,0,0,0,0,0,0,0,1,0,0,0,0,0,0,0	2	0	0	0	0	1	1612524	1612524	0,0,0,0,0,0,0,0,0,0,0,0,0,0,0,0,0,0,0,0,0,0,0,0,0,0,0,0,0,0,0,0,0,0,0,0,0,0,0,0	0,0,0,0,0,0,0,0,0,0,0,0,0,0,0,0,0,0,0,0,0,0,0,0,0,0,0,0,0,0,0,0,1,0,0,0,0,0,0,0
tb.dut.clusters[0].cluster.sockets[0].socket.cores[0].core.execute.fpu_unit.genblk1[0].fpu_fpnew.genblk3[2].fpnew_core.gen_operation_groups[1].i_opgroup_block.gen_parallel_slices[4]	16	2	0	0	0	0	0	1	1612524	1612524	0,0,0,0,0,0,0,0,0,0,0,0,0,0,0,0,0,0,0,0,0,0,0,0,0,0,0,0,0,0,0,0,0,0,0,0,0,0,0,0	0,0,0,0,0,0,0,0,0,0,0,0,0,0,0,0,0,0,0,0,0,0,0,0,0,0,0,0,0,0,0,0,1,0,0,0,0,0,0,0	2	0	0	0	0	1	1612524	1612524	0,0,0,0,0,0,0,0,0,0,0,0,0,0,0,0,0,0,0,0,0,0,0,0,0,0,0,0,0,0,0,0,0,0,0,0,0,0,0,0	0,0,0,0,0,0,0,0,0,0,0,0,0,0,0,0,0,0,0,0,0,0,0,0,0,0,0,0,0,0,0,0,1,0,0,0,0,0,0,0
tb.dut.clusters[0].cluster.sockets[0].socket.cores[0].core.execute.fpu_unit.genblk1[0].fpu_fpnew.genblk3[2].fpnew_core.gen_operation_groups[1].i_opgroup_block.i_arbiter	16	1510	4	2	2	2	1	3	1612522	1612500	2,0,0,0,0,0,0,0,0,0,0,0,0,0,0,0,0,0,0,0,0,0,0,0,0,0,0,0,0,0,0,0,0,0,0,0,0,0,0,0	0,0,1,0,0,0,0,0,0,0,0,0,0,0,0,0,1,0,0,0,0,0,0,0,0,0,0,0,0,0,0,0,1,0,0,0,0,0,0,0	8	0	0	0	0	1	1612524	1612524	0,0,0,0,0,0,0,0,0,0,0,0,0,0,0,0,0,0,0,0,0,0,0,0,0,0,0,0,0,0,0,0,0,0,0,0,0,0,0,0	0,0,0,0,0,0,0,0,0,0,0,0,0,0,0,0,0,0,0,0,0,0,0,0,0,0,0,0,0,0,0,0,1,0,0,0,0,0,0,0
tb.dut.clusters[0].cluster.sockets[0].socket.cores[0].core.execute.fpu_unit.genblk1[0].fpu_fpnew.genblk3[2].fpnew_core.gen_operation_groups[1].i_opgroup_block.i_arbiter.gen_arbiter	17	1150	0	0	0	0	0	1	1612524	1612524	0,0,0,0,0,0,0,0,0,0,0,0,0,0,0,0,0,0,0,0,0,0,0,0,0,0,0,0,0,0,0,0,0,0,0,0,0,0,0,0	0,0,0,0,0,0,0,0,0,0,0,0,0,0,0,0,0,0,0,0,0,0,0,0,0,0,0,0,0,0,0,0,1,0,0,0,0,0,0,0	6	0	0	0	0	1	1612524	1612524	0,0,0,0,0,0,0,0,0,0,0,0,0,0,0,0,0,0,0,0,0,0,0,0,0,0,0,0,0,0,0,0,0,0,0,0,0,0,0,0	0,0,0,0,0,0,0,0,0,0,0,0,0,0,0,0,0,0,0,0,0,0,0,0,0,0,0,0,0,0,0,0,1,0,0,0,0,0,0,0
tb.dut.clusters[0].cluster.sockets[0].socket.cores[0].core.execute.fpu_unit.genblk1[0].fpu_fpnew.genblk3[2].fpnew_core.gen_operation_groups[1].i_opgroup_block.i_arbiter.gen_arbiter.gen_int_rr	18	340	0	0	0	0	0	1	1612524	1612524	0,0,0,0,0,0,0,0,0,0,0,0,0,0,0,0,0,0,0,0,0,0,0,0,0,0,0,0,0,0,0,0,0,0,0,0,0,0,0,0	0,0,0,0,0,0,0,0,0,0,0,0,0,0,0,0,0,0,0,0,0,0,0,0,0,0,0,0,0,0,0,0,1,0,0,0,0,0,0,0	2	0	0	0	0	1	1612524	1612524	0,0,0,0,0,0,0,0,0,0,0,0,0,0,0,0,0,0,0,0,0,0,0,0,0,0,0,0,0,0,0,0,0,0,0,0,0,0,0,0	0,0,0,0,0,0,0,0,0,0,0,0,0,0,0,0,0,0,0,0,0,0,0,0,0,0,0,0,0,0,0,0,1,0,0,0,0,0,0,0
tb.dut.clusters[0].cluster.sockets[0].socket.cores[0].core.execute.fpu_unit.genblk1[0].fpu_fpnew.genblk3[2].fpnew_core.gen_operation_groups[1].i_opgroup_block.i_arbiter.gen_arbiter.gen_int_rr.gen_fair_arb	19	337	0	0	0	0	0	1	1612524	1612524	0,0,0,0,0,0,0,0,0,0,0,0,0,0,0,0,0,0,0,0,0,0,0,0,0,0,0,0,0,0,0,0,0,0,0,0,0,0,0,0	0,0,0,0,0,0,0,0,0,0,0,0,0,0,0,0,0,0,0,0,0,0,0,0,0,0,0,0,0,0,0,0,1,0,0,0,0,0,0,0	2	0	0	0	0	1	1612524	1612524	0,0,0,0,0,0,0,0,0,0,0,0,0,0,0,0,0,0,0,0,0,0,0,0,0,0,0,0,0,0,0,0,0,0,0,0,0,0,0,0	0,0,0,0,0,0,0,0,0,0,0,0,0,0,0,0,0,0,0,0,0,0,0,0,0,0,0,0,0,0,0,0,1,0,0,0,0,0,0,0
tb.dut.clusters[0].cluster.sockets[0].socket.cores[0].core.execute.fpu_unit.genblk1[0].fpu_fpnew.genblk3[2].fpnew_core.gen_operation_groups[1].i_opgroup_block.i_arbiter.gen_arbiter.gen_int_rr.gen_fair_arb.i_lzc_lower	20	158	0	0	0	0	0	1	1612524	1612524	0,0,0,0,0,0,0,0,0,0,0,0,0,0,0,0,0,0,0,0,0,0,0,0,0,0,0,0,0,0,0,0,0,0,0,0,0,0,0,0	0,0,0,0,0,0,0,0,0,0,0,0,0,0,0,0,0,0,0,0,0,0,0,0,0,0,0,0,0,0,0,0,1,0,0,0,0,0,0,0	2	0	0	0	0	1	1612524	1612524	0,0,0,0,0,0,0,0,0,0,0,0,0,0,0,0,0,0,0,0,0,0,0,0,0,0,0,0,0,0,0,0,0,0,0,0,0,0,0,0	0,0,0,0,0,0,0,0,0,0,0,0,0,0,0,0,0,0,0,0,0,0,0,0,0,0,0,0,0,0,0,0,1,0,0,0,0,0,0,0
tb.dut.clusters[0].cluster.sockets[0].socket.cores[0].core.execute.fpu_unit.genblk1[0].fpu_fpnew.genblk3[2].fpnew_core.gen_operation_groups[1].i_opgroup_block.i_arbiter.gen_arbiter.gen_int_rr.gen_fair_arb.i_lzc_lower.gen_lzc	21	84	0	0	0	0	0	1	1612524	1612524	0,0,0,0,0,0,0,0,0,0,0,0,0,0,0,0,0,0,0,0,0,0,0,0,0,0,0,0,0,0,0,0,0,0,0,0,0,0,0,0	0,0,0,0,0,0,0,0,0,0,0,0,0,0,0,0,0,0,0,0,0,0,0,0,0,0,0,0,0,0,0,0,1,0,0,0,0,0,0,0	2	0	0	0	0	1	1612524	1612524	0,0,0,0,0,0,0,0,0,0,0,0,0,0,0,0,0,0,0,0,0,0,0,0,0,0,0,0,0,0,0,0,0,0,0,0,0,0,0,0	0,0,0,0,0,0,0,0,0,0,0,0,0,0,0,0,0,0,0,0,0,0,0,0,0,0,0,0,0,0,0,0,1,0,0,0,0,0,0,0
tb.dut.clusters[0].cluster.sockets[0].socket.cores[0].core.execute.fpu_unit.genblk1[0].fpu_fpnew.genblk3[2].fpnew_core.gen_operation_groups[1].i_opgroup_block.i_arbiter.gen_arbiter.gen_int_rr.gen_fair_arb.i_lzc_upper	20	158	0	0	0	0	0	1	1612524	1612524	0,0,0,0,0,0,0,0,0,0,0,0,0,0,0,0,0,0,0,0,0,0,0,0,0,0,0,0,0,0,0,0,0,0,0,0,0,0,0,0	0,0,0,0,0,0,0,0,0,0,0,0,0,0,0,0,0,0,0,0,0,0,0,0,0,0,0,0,0,0,0,0,1,0,0,0,0,0,0,0	2	0	0	0	0	1	1612524	1612524	0,0,0,0,0,0,0,0,0,0,0,0,0,0,0,0,0,0,0,0,0,0,0,0,0,0,0,0,0,0,0,0,0,0,0,0,0,0,0,0	0,0,0,0,0,0,0,0,0,0,0,0,0,0,0,0,0,0,0,0,0,0,0,0,0,0,0,0,0,0,0,0,1,0,0,0,0,0,0,0
tb.dut.clusters[0].cluster.sockets[0].socket.cores[0].core.execute.fpu_unit.genblk1[0].fpu_fpnew.genblk3[2].fpnew_core.gen_operation_groups[1].i_opgroup_block.i_arbiter.gen_arbiter.gen_int_rr.gen_fair_arb.i_lzc_upper.gen_lzc	21	84	0	0	0	0	0	1	1612524	1612524	0,0,0,0,0,0,0,0,0,0,0,0,0,0,0,0,0,0,0,0,0,0,0,0,0,0,0,0,0,0,0,0,0,0,0,0,0,0,0,0	0,0,0,0,0,0,0,0,0,0,0,0,0,0,0,0,0,0,0,0,0,0,0,0,0,0,0,0,0,0,0,0,1,0,0,0,0,0,0,0	2	0	0	0	0	1	1612524	1612524	0,0,0,0,0,0,0,0,0,0,0,0,0,0,0,0,0,0,0,0,0,0,0,0,0,0,0,0,0,0,0,0,0,0,0,0,0,0,0,0	0,0,0,0,0,0,0,0,0,0,0,0,0,0,0,0,0,0,0,0,0,0,0,0,0,0,0,0,0,0,0,0,1,0,0,0,0,0,0,0
tb.dut.clusters[0].cluster.sockets[0].socket.cores[0].core.execute.fpu_unit.genblk1[0].fpu_fpnew.genblk3[2].fpnew_core.gen_operation_groups[1].i_opgroup_block.i_arbiter.gen_arbiter.gen_levels[0]	18	65	0	0	0	0	0	1	1612524	1612524	0,0,0,0,0,0,0,0,0,0,0,0,0,0,0,0,0,0,0,0,0,0,0,0,0,0,0,0,0,0,0,0,0,0,0,0,0,0,0,0	0,0,0,0,0,0,0,0,0,0,0,0,0,0,0,0,0,0,0,0,0,0,0,0,0,0,0,0,0,0,0,0,1,0,0,0,0,0,0,0	2	0	0	0	0	1	1612524	1612524	0,0,0,0,0,0,0,0,0,0,0,0,0,0,0,0,0,0,0,0,0,0,0,0,0,0,0,0,0,0,0,0,0,0,0,0,0,0,0,0	0,0,0,0,0,0,0,0,0,0,0,0,0,0,0,0,0,0,0,0,0,0,0,0,0,0,0,0,0,0,0,0,1,0,0,0,0,0,0,0
tb.dut.clusters[0].cluster.sockets[0].socket.cores[0].core.execute.fpu_unit.genblk1[0].fpu_fpnew.genblk3[2].fpnew_core.gen_operation_groups[1].i_opgroup_block.i_arbiter.gen_arbiter.gen_levels[0].gen_level[0]	19	65	0	0	0	0	0	1	1612524	1612524	0,0,0,0,0,0,0,0,0,0,0,0,0,0,0,0,0,0,0,0,0,0,0,0,0,0,0,0,0,0,0,0,0,0,0,0,0,0,0,0	0,0,0,0,0,0,0,0,0,0,0,0,0,0,0,0,0,0,0,0,0,0,0,0,0,0,0,0,0,0,0,0,1,0,0,0,0,0,0,0	2	0	0	0	0	1	1612524	1612524	0,0,0,0,0,0,0,0,0,0,0,0,0,0,0,0,0,0,0,0,0,0,0,0,0,0,0,0,0,0,0,0,0,0,0,0,0,0,0,0	0,0,0,0,0,0,0,0,0,0,0,0,0,0,0,0,0,0,0,0,0,0,0,0,0,0,0,0,0,0,0,0,1,0,0,0,0,0,0,0
tb.dut.clusters[0].cluster.sockets[0].socket.cores[0].core.execute.fpu_unit.genblk1[0].fpu_fpnew.genblk3[2].fpnew_core.gen_operation_groups[1].i_opgroup_block.i_arbiter.gen_arbiter.gen_levels[1]	18	130	0	0	0	0	0	1	1612524	1612524	0,0,0,0,0,0,0,0,0,0,0,0,0,0,0,0,0,0,0,0,0,0,0,0,0,0,0,0,0,0,0,0,0,0,0,0,0,0,0,0	0,0,0,0,0,0,0,0,0,0,0,0,0,0,0,0,0,0,0,0,0,0,0,0,0,0,0,0,0,0,0,0,1,0,0,0,0,0,0,0	2	0	0	0	0	1	1612524	1612524	0,0,0,0,0,0,0,0,0,0,0,0,0,0,0,0,0,0,0,0,0,0,0,0,0,0,0,0,0,0,0,0,0,0,0,0,0,0,0,0	0,0,0,0,0,0,0,0,0,0,0,0,0,0,0,0,0,0,0,0,0,0,0,0,0,0,0,0,0,0,0,0,1,0,0,0,0,0,0,0
tb.dut.clusters[0].cluster.sockets[0].socket.cores[0].core.execute.fpu_unit.genblk1[0].fpu_fpnew.genblk3[2].fpnew_core.gen_operation_groups[1].i_opgroup_block.i_arbiter.gen_arbiter.gen_levels[1].gen_level[0]	19	65	0	0	0	0	0	1	1612524	1612524	0,0,0,0,0,0,0,0,0,0,0,0,0,0,0,0,0,0,0,0,0,0,0,0,0,0,0,0,0,0,0,0,0,0,0,0,0,0,0,0	0,0,0,0,0,0,0,0,0,0,0,0,0,0,0,0,0,0,0,0,0,0,0,0,0,0,0,0,0,0,0,0,1,0,0,0,0,0,0,0	2	0	0	0	0	1	1612524	1612524	0,0,0,0,0,0,0,0,0,0,0,0,0,0,0,0,0,0,0,0,0,0,0,0,0,0,0,0,0,0,0,0,0,0,0,0,0,0,0,0	0,0,0,0,0,0,0,0,0,0,0,0,0,0,0,0,0,0,0,0,0,0,0,0,0,0,0,0,0,0,0,0,1,0,0,0,0,0,0,0
tb.dut.clusters[0].cluster.sockets[0].socket.cores[0].core.execute.fpu_unit.genblk1[0].fpu_fpnew.genblk3[2].fpnew_core.gen_operation_groups[1].i_opgroup_block.i_arbiter.gen_arbiter.gen_levels[1].gen_level[1]	19	65	0	0	0	0	0	1	1612524	1612524	0,0,0,0,0,0,0,0,0,0,0,0,0,0,0,0,0,0,0,0,0,0,0,0,0,0,0,0,0,0,0,0,0,0,0,0,0,0,0,0	0,0,0,0,0,0,0,0,0,0,0,0,0,0,0,0,0,0,0,0,0,0,0,0,0,0,0,0,0,0,0,0,1,0,0,0,0,0,0,0	2	0	0	0	0	1	1612524	1612524	0,0,0,0,0,0,0,0,0,0,0,0,0,0,0,0,0,0,0,0,0,0,0,0,0,0,0,0,0,0,0,0,0,0,0,0,0,0,0,0	0,0,0,0,0,0,0,0,0,0,0,0,0,0,0,0,0,0,0,0,0,0,0,0,0,0,0,0,0,0,0,0,1,0,0,0,0,0,0,0
tb.dut.clusters[0].cluster.sockets[0].socket.cores[0].core.execute.fpu_unit.genblk1[0].fpu_fpnew.genblk3[2].fpnew_core.gen_operation_groups[1].i_opgroup_block.i_arbiter.gen_arbiter.gen_levels[2]	18	260	0	0	0	0	0	1	1612524	1612524	0,0,0,0,0,0,0,0,0,0,0,0,0,0,0,0,0,0,0,0,0,0,0,0,0,0,0,0,0,0,0,0,0,0,0,0,0,0,0,0	0,0,0,0,0,0,0,0,0,0,0,0,0,0,0,0,0,0,0,0,0,0,0,0,0,0,0,0,0,0,0,0,1,0,0,0,0,0,0,0	2	0	0	0	0	1	1612524	1612524	0,0,0,0,0,0,0,0,0,0,0,0,0,0,0,0,0,0,0,0,0,0,0,0,0,0,0,0,0,0,0,0,0,0,0,0,0,0,0,0	0,0,0,0,0,0,0,0,0,0,0,0,0,0,0,0,0,0,0,0,0,0,0,0,0,0,0,0,0,0,0,0,1,0,0,0,0,0,0,0
tb.dut.clusters[0].cluster.sockets[0].socket.cores[0].core.execute.fpu_unit.genblk1[0].fpu_fpnew.genblk3[2].fpnew_core.gen_operation_groups[1].i_opgroup_block.i_arbiter.gen_arbiter.gen_levels[2].gen_level[0]	19	65	0	0	0	0	0	1	1612524	1612524	0,0,0,0,0,0,0,0,0,0,0,0,0,0,0,0,0,0,0,0,0,0,0,0,0,0,0,0,0,0,0,0,0,0,0,0,0,0,0,0	0,0,0,0,0,0,0,0,0,0,0,0,0,0,0,0,0,0,0,0,0,0,0,0,0,0,0,0,0,0,0,0,1,0,0,0,0,0,0,0	2	0	0	0	0	1	1612524	1612524	0,0,0,0,0,0,0,0,0,0,0,0,0,0,0,0,0,0,0,0,0,0,0,0,0,0,0,0,0,0,0,0,0,0,0,0,0,0,0,0	0,0,0,0,0,0,0,0,0,0,0,0,0,0,0,0,0,0,0,0,0,0,0,0,0,0,0,0,0,0,0,0,1,0,0,0,0,0,0,0
tb.dut.clusters[0].cluster.sockets[0].socket.cores[0].core.execute.fpu_unit.genblk1[0].fpu_fpnew.genblk3[2].fpnew_core.gen_operation_groups[1].i_opgroup_block.i_arbiter.gen_arbiter.gen_levels[2].gen_level[1]	19	65	0	0	0	0	0	1	1612524	1612524	0,0,0,0,0,0,0,0,0,0,0,0,0,0,0,0,0,0,0,0,0,0,0,0,0,0,0,0,0,0,0,0,0,0,0,0,0,0,0,0	0,0,0,0,0,0,0,0,0,0,0,0,0,0,0,0,0,0,0,0,0,0,0,0,0,0,0,0,0,0,0,0,1,0,0,0,0,0,0,0	2	0	0	0	0	1	1612524	1612524	0,0,0,0,0,0,0,0,0,0,0,0,0,0,0,0,0,0,0,0,0,0,0,0,0,0,0,0,0,0,0,0,0,0,0,0,0,0,0,0	0,0,0,0,0,0,0,0,0,0,0,0,0,0,0,0,0,0,0,0,0,0,0,0,0,0,0,0,0,0,0,0,1,0,0,0,0,0,0,0
tb.dut.clusters[0].cluster.sockets[0].socket.cores[0].core.execute.fpu_unit.genblk1[0].fpu_fpnew.genblk3[2].fpnew_core.gen_operation_groups[1].i_opgroup_block.i_arbiter.gen_arbiter.gen_levels[2].gen_level[2]	19	65	0	0	0	0	0	1	1612524	1612524	0,0,0,0,0,0,0,0,0,0,0,0,0,0,0,0,0,0,0,0,0,0,0,0,0,0,0,0,0,0,0,0,0,0,0,0,0,0,0,0	0,0,0,0,0,0,0,0,0,0,0,0,0,0,0,0,0,0,0,0,0,0,0,0,0,0,0,0,0,0,0,0,1,0,0,0,0,0,0,0	2	0	0	0	0	1	1612524	1612524	0,0,0,0,0,0,0,0,0,0,0,0,0,0,0,0,0,0,0,0,0,0,0,0,0,0,0,0,0,0,0,0,0,0,0,0,0,0,0,0	0,0,0,0,0,0,0,0,0,0,0,0,0,0,0,0,0,0,0,0,0,0,0,0,0,0,0,0,0,0,0,0,1,0,0,0,0,0,0,0
tb.dut.clusters[0].cluster.sockets[0].socket.cores[0].core.execute.fpu_unit.genblk1[0].fpu_fpnew.genblk3[2].fpnew_core.gen_operation_groups[1].i_opgroup_block.i_arbiter.gen_arbiter.gen_levels[2].gen_level[3]	19	65	0	0	0	0	0	1	1612524	1612524	0,0,0,0,0,0,0,0,0,0,0,0,0,0,0,0,0,0,0,0,0,0,0,0,0,0,0,0,0,0,0,0,0,0,0,0,0,0,0,0	0,0,0,0,0,0,0,0,0,0,0,0,0,0,0,0,0,0,0,0,0,0,0,0,0,0,0,0,0,0,0,0,1,0,0,0,0,0,0,0	2	0	0	0	0	1	1612524	1612524	0,0,0,0,0,0,0,0,0,0,0,0,0,0,0,0,0,0,0,0,0,0,0,0,0,0,0,0,0,0,0,0,0,0,0,0,0,0,0,0	0,0,0,0,0,0,0,0,0,0,0,0,0,0,0,0,0,0,0,0,0,0,0,0,0,0,0,0,0,0,0,0,1,0,0,0,0,0,0,0
tb.dut.clusters[0].cluster.sockets[0].socket.cores[0].core.execute.fpu_unit.genblk1[0].fpu_fpnew.genblk3[2].fpnew_core.gen_operation_groups[2]	14	4265	63771034	819375	524356	819375	10	524357	793149	8243	235532,286757,8,1,2055,1,0,0,0,2,0,0,0,0,0,0,0,0,0,0,0,0,0,0,0,0,0,0,0,0,0,0,0,0,0,0,0,0,0,0	288810,233493,2,1,0,0,0,0,0,0,0,0,1,2046,0,1,1,0,0,0,1,0,0,0,0,1,0,0,0,0,0,0,0,0,0,0,0,0,0,0	22	583608	524179	583608	10	524180	1028916	8245	466817,55310,2049,1,0,0,0,0,0,2,0,0,0,0,0,0,0,0,0,0,0,0,0,0,0,0,0,0,0,0,0,0,0,0,0,0,0,0,0,0	57347,464616,5,8,144,0,1,1,0,0,0,5,3,0,1,2043,4,0,0,0,1,0,0,0,0,1,0,0,0,0,0,0,0,0,0,0,0,0,0,0
tb.dut.clusters[0].cluster.sockets[0].socket.cores[0].core.execute.fpu_unit.genblk1[0].fpu_fpnew.genblk3[2].fpnew_core.gen_operation_groups[2].i_opgroup_block	15	4222	63771018	819375	524356	819375	10	524357	793149	8243	235532,286757,8,1,2055,1,0,0,0,2,0,0,0,0,0,0,0,0,0,0,0,0,0,0,0,0,0,0,0,0,0,0,0,0,0,0,0,0,0,0	288810,233493,2,1,0,0,0,0,0,0,0,0,1,2046,0,1,1,0,0,0,1,0,0,0,0,1,0,0,0,0,0,0,0,0,0,0,0,0,0,0	22	583608	524179	583608	10	524180	1028916	8245	466817,55310,2049,1,0,0,0,0,0,2,0,0,0,0,0,0,0,0,0,0,0,0,0,0,0,0,0,0,0,0,0,0,0,0,0,0,0,0,0,0	57347,464616,5,8,144,0,1,1,0,0,0,5,3,0,1,2043,4,0,0,0,1,0,0,0,0,1,0,0,0,0,0,0,0,0,0,0,0,0,0,0
tb.dut.clusters[0].cluster.sockets[0].socket.cores[0].core.execute.fpu_unit.genblk1[0].fpu_fpnew.genblk3[2].fpnew_core.gen_operation_groups[2].i_opgroup_block.gen_parallel_slices[0]	16	1958	50894396	819375	524356	819375	10	524357	793149	8243	235532,286757,8,1,2055,1,0,0,0,2,0,0,0,0,0,0,0,0,0,0,0,0,0,0,0,0,0,0,0,0,0,0,0,0,0,0,0,0,0,0	288810,233493,2,1,0,0,0,0,0,0,0,0,1,2046,0,1,1,0,0,0,1,0,0,0,0,1,0,0,0,0,0,0,0,0,0,0,0,0,0,0	10	583781	524336	583781	10	524337	1028743	8245	466959,55324,2050,1,0,0,0,0,0,2,0,0,0,0,0,0,0,0,0,0,0,0,0,0,0,0,0,0,0,0,0,0,0,0,0,0,0,0,0,0	57362,464900,3,8,5,0,6,2,0,0,0,0,1,0,1,2047,0,0,0,0,1,0,0,0,0,1,0,0,0,0,0,0,0,0,0,0,0,0,0,0
tb.dut.clusters[0].cluster.sockets[0].socket.cores[0].core.execute.fpu_unit.genblk1[0].fpu_fpnew.genblk3[2].fpnew_core.gen_operation_groups[2].i_opgroup_block.gen_parallel_slices[0].active_format	17	1956	50894396	819375	524356	819375	10	524357	793149	8243	235532,286757,8,1,2055,1,0,0,0,2,0,0,0,0,0,0,0,0,0,0,0,0,0,0,0,0,0,0,0,0,0,0,0,0,0,0,0,0,0,0	288810,233493,2,1,0,0,0,0,0,0,0,0,1,2046,0,1,1,0,0,0,1,0,0,0,0,1,0,0,0,0,0,0,0,0,0,0,0,0,0,0	10	583781	524336	583781	10	524337	1028743	8245	466959,55324,2050,1,0,0,0,0,0,2,0,0,0,0,0,0,0,0,0,0,0,0,0,0,0,0,0,0,0,0,0,0,0,0,0,0,0,0,0,0	57362,464900,3,8,5,0,6,2,0,0,0,0,1,0,1,2047,0,0,0,0,1,0,0,0,0,1,0,0,0,0,0,0,0,0,0,0,0,0,0,0
tb.dut.clusters[0].cluster.sockets[0].socket.cores[0].core.execute.fpu_unit.genblk1[0].fpu_fpnew.genblk3[2].fpnew_core.gen_operation_groups[2].i_opgroup_block.gen_parallel_slices[0].active_format.i_fmt_slice	18	1922	50894377	819375	524356	819375	10	524357	793149	8243	235532,286757,8,1,2055,1,0,0,0,2,0,0,0,0,0,0,0,0,0,0,0,0,0,0,0,0,0,0,0,0,0,0,0,0,0,0,0,0,0,0	288810,233493,2,1,0,0,0,0,0,0,0,0,1,2046,0,1,1,0,0,0,1,0,0,0,0,1,0,0,0,0,0,0,0,0,0,0,0,0,0,0	10	583781	524336	583781	10	524337	1028743	8245	466959,55324,2050,1,0,0,0,0,0,2,0,0,0,0,0,0,0,0,0,0,0,0,0,0,0,0,0,0,0,0,0,0,0,0,0,0,0,0,0,0	57362,464900,3,8,5,0,6,2,0,0,0,0,1,0,1,2047,0,0,0,0,1,0,0,0,0,1,0,0,0,0,0,0,0,0,0,0,0,0,0,0
tb.dut.clusters[0].cluster.sockets[0].socket.cores[0].core.execute.fpu_unit.genblk1[0].fpu_fpnew.genblk3[2].fpnew_core.gen_operation_groups[2].i_opgroup_block.gen_parallel_slices[0].active_format.i_fmt_slice.gen_num_lanes[0]	19	1343	38019577	819375	524356	819375	10	524357	793149	8243	235532,286757,8,1,2055,1,0,0,0,2,0,0,0,0,0,0,0,0,0,0,0,0,0,0,0,0,0,0,0,0,0,0,0,0,0,0,0,0,0,0	288810,233493,2,1,0,0,0,0,0,0,0,0,1,2046,0,1,1,0,0,0,1,0,0,0,0,1,0,0,0,0,0,0,0,0,0,0,0,0,0,0	7	583781	524336	583781	10	524337	1028743	8245	466959,55324,2050,1,0,0,0,0,0,2,0,0,0,0,0,0,0,0,0,0,0,0,0,0,0,0,0,0,0,0,0,0,0,0,0,0,0,0,0,0	57362,464900,3,8,5,0,6,2,0,0,0,0,1,0,1,2047,0,0,0,0,1,0,0,0,0,1,0,0,0,0,0,0,0,0,0,0,0,0,0,0
tb.dut.clusters[0].cluster.sockets[0].socket.cores[0].core.execute.fpu_unit.genblk1[0].fpu_fpnew.genblk3[2].fpnew_core.gen_operation_groups[2].i_opgroup_block.gen_parallel_slices[0].active_format.i_fmt_slice.gen_num_lanes[0].active_lane	20	1310	38019229	819375	524356	819375	10	524357	793149	8243	235532,286757,8,1,2055,1,0,0,0,2,0,0,0,0,0,0,0,0,0,0,0,0,0,0,0,0,0,0,0,0,0,0,0,0,0,0,0,0,0,0	288810,233493,2,1,0,0,0,0,0,0,0,0,1,2046,0,1,1,0,0,0,1,0,0,0,0,1,0,0,0,0,0,0,0,0,0,0,0,0,0,0	7	583781	524336	583781	10	524337	1028743	8245	466959,55324,2050,1,0,0,0,0,0,2,0,0,0,0,0,0,0,0,0,0,0,0,0,0,0,0,0,0,0,0,0,0,0,0,0,0,0,0,0,0	57362,464900,3,8,5,0,6,2,0,0,0,0,1,0,1,2047,0,0,0,0,1,0,0,0,0,1,0,0,0,0,0,0,0,0,0,0,0,0,0,0
tb.dut.clusters[0].cluster.sockets[0].socket.cores[0].core.execute.fpu_unit.genblk1[0].fpu_fpnew.genblk3[2].fpnew_core.gen_operation_groups[2].i_opgroup_block.gen_parallel_slices[0].active_format.i_fmt_slice.gen_num_lanes[0].active_lane.lane_instance	21	1206	25747903	819375	524356	819375	10	524357	793149	8243	235532,286757,8,1,2055,1,0,0,0,2,0,0,0,0,0,0,0,0,0,0,0,0,0,0,0,0,0,0,0,0,0,0,0,0,0,0,0,0,0,0	288810,233493,2,1,0,0,0,0,0,0,0,0,1,2046,0,1,1,0,0,0,1,0,0,0,0,1,0,0,0,0,0,0,0,0,0,0,0,0,0,0	7	583747	524307	583747	9	524308	1028777	8245	466933,55321,2050,1,0,0,0,0,2,0,0,0,0,0,0,0,0,0,0,0,0,0,0,0,0,0,0,0,0,0,0,0,0,0,0,0,0,0,0,0	57361,464855,5,0,28,0,1,0,0,0,0,5,3,0,1,2046,1,0,0,0,1,0,0,0,0,1,0,0,0,0,0,0,0,0,0,0,0,0,0,0
tb.dut.clusters[0].cluster.sockets[0].socket.cores[0].core.execute.fpu_unit.genblk1[0].fpu_fpnew.genblk3[2].fpnew_core.gen_operation_groups[2].i_opgroup_block.gen_parallel_slices[0].active_format.i_fmt_slice.gen_num_lanes[0].active_lane.lane_instance.i_noncomp	22	1206	25747903	819375	524356	819375	10	524357	793149	8243	235532,286757,8,1,2055,1,0,0,0,2,0,0,0,0,0,0,0,0,0,0,0,0,0,0,0,0,0,0,0,0,0,0,0,0,0,0,0,0,0,0	288810,233493,2,1,0,0,0,0,0,0,0,0,1,2046,0,1,1,0,0,0,1,0,0,0,0,1,0,0,0,0,0,0,0,0,0,0,0,0,0,0	7	583747	524307	583747	9	524308	1028777	8245	466933,55321,2050,1,0,0,0,0,2,0,0,0,0,0,0,0,0,0,0,0,0,0,0,0,0,0,0,0,0,0,0,0,0,0,0,0,0,0,0,0	57361,464855,5,0,28,0,1,0,0,0,0,5,3,0,1,2046,1,0,0,0,1,0,0,0,0,1,0,0,0,0,0,0,0,0,0,0,0,0,0,0
tb.dut.clusters[0].cluster.sockets[0].socket.cores[0].core.execute.fpu_unit.genblk1[0].fpu_fpnew.genblk3[2].fpnew_core.gen_operation_groups[2].i_opgroup_block.gen_parallel_slices[0].active_format.i_fmt_slice.gen_num_lanes[0].active_lane.lane_instance.i_noncomp.gen_input_pipeline[0]	23	1	16	16	2	16	8	3	1612508	1612070	0,0,0,0,0,0,0,2,0,0,0,0,0,0,0,0,0,0,0,0,0,0,0,0,0,0,0,0,0,0,0,0,0,0,0,0,0,0,0,0	0,0,0,0,0,1,0,0,0,0,0,0,0,0,0,0,0,0,0,0,1,0,0,0,0,0,0,0,0,0,0,0,1,0,0,0,0,0,0,0	2	0	0	0	0	1	1612524	1612524	0,0,0,0,0,0,0,0,0,0,0,0,0,0,0,0,0,0,0,0,0,0,0,0,0,0,0,0,0,0,0,0,0,0,0,0,0,0,0,0	0,0,0,0,0,0,0,0,0,0,0,0,0,0,0,0,0,0,0,0,0,0,0,0,0,0,0,0,0,0,0,0,1,0,0,0,0,0,0,0
tb.dut.clusters[0].cluster.sockets[0].socket.cores[0].core.execute.fpu_unit.genblk1[0].fpu_fpnew.genblk3[2].fpnew_core.gen_operation_groups[2].i_opgroup_block.gen_parallel_slices[0].active_format.i_fmt_slice.gen_num_lanes[0].active_lane.lane_instance.i_noncomp.gen_output_pipeline[0]	23	1	16	16	2	16	8	3	1612508	1612069	0,0,0,0,0,0,0,2,0,0,0,0,0,0,0,0,0,0,0,0,0,0,0,0,0,0,0,0,0,0,0,0,0,0,0,0,0,0,0,0	0,0,0,0,0,1,0,0,0,0,0,0,0,0,0,0,0,0,0,0,1,0,0,0,0,0,0,0,0,0,0,0,1,0,0,0,0,0,0,0	2	0	0	0	0	1	1612524	1612524	0,0,0,0,0,0,0,0,0,0,0,0,0,0,0,0,0,0,0,0,0,0,0,0,0,0,0,0,0,0,0,0,0,0,0,0,0,0,0,0	0,0,0,0,0,0,0,0,0,0,0,0,0,0,0,0,0,0,0,0,0,0,0,0,0,0,0,0,0,0,0,0,1,0,0,0,0,0,0,0
tb.dut.clusters[0].cluster.sockets[0].socket.cores[0].core.execute.fpu_unit.genblk1[0].fpu_fpnew.genblk3[2].fpnew_core.gen_operation_groups[2].i_opgroup_block.gen_parallel_slices[0].active_format.i_fmt_slice.gen_num_lanes[0].active_lane.lane_instance.i_noncomp.i_class_a	23	293	86	2	2	2	1	3	1612522	1612076	2,0,0,0,0,0,0,0,0,0,0,0,0,0,0,0,0,0,0,0,0,0,0,0,0,0,0,0,0,0,0,0,0,0,0,0,0,0,0,0	0,0,0,0,0,0,0,0,0,0,0,0,1,0,0,0,0,0,0,0,1,0,0,0,0,0,0,0,0,0,0,0,1,0,0,0,0,0,0,0	2	2	2	2	1	3	1612522	1612076	2,0,0,0,0,0,0,0,0,0,0,0,0,0,0,0,0,0,0,0,0,0,0,0,0,0,0,0,0,0,0,0,0,0,0,0,0,0,0,0	0,0,0,0,0,0,0,0,0,0,0,0,1,0,0,0,0,0,0,0,1,0,0,0,0,0,0,0,0,0,0,0,1,0,0,0,0,0,0,0
tb.dut.clusters[0].cluster.sockets[0].socket.cores[0].core.execute.fpu_unit.genblk1[0].fpu_fpnew.genblk3[2].fpnew_core.gen_operation_groups[2].i_opgroup_block.gen_parallel_slices[0].active_format.i_fmt_slice.gen_num_lanes[0].active_lane.lane_instance.i_noncomp.i_class_a.gen_num_values[0]	24	40	38	2	2	2	1	3	1612522	1612076	2,0,0,0,0,0,0,0,0,0,0,0,0,0,0,0,0,0,0,0,0,0,0,0,0,0,0,0,0,0,0,0,0,0,0,0,0,0,0,0	0,0,0,0,0,0,0,0,0,0,0,0,1,0,0,0,0,0,0,0,1,0,0,0,0,0,0,0,0,0,0,0,1,0,0,0,0,0,0,0	2	2	2	2	1	3	1612522	1612076	2,0,0,0,0,0,0,0,0,0,0,0,0,0,0,0,0,0,0,0,0,0,0,0,0,0,0,0,0,0,0,0,0,0,0,0,0,0,0,0	0,0,0,0,0,0,0,0,0,0,0,0,1,0,0,0,0,0,0,0,1,0,0,0,0,0,0,0,0,0,0,0,1,0,0,0,0,0,0,0
tb.dut.clusters[0].cluster.sockets[0].socket.cores[0].core.execute.fpu_unit.genblk1[0].fpu_fpnew.genblk3[2].fpnew_core.gen_operation_groups[2].i_opgroup_block.gen_parallel_slices[0].active_format.i_fmt_slice.gen_num_lanes[0].active_lane.lane_instance.i_noncomp.i_class_a.gen_num_values[1]	24	40	4	1	1	1	1	2	1612523	1612090	1,0,0,0,0,0,0,0,0,0,0,0,0,0,0,0,0,0,0,0,0,0,0,0,0,0,0,0,0,0,0,0,0,0,0,0,0,0,0,0	0,0,0,0,0,0,0,0,0,0,0,0,0,0,0,0,0,0,0,0,1,0,0,0,0,0,0,0,0,0,0,0,1,0,0,0,0,0,0,0	2	1	1	1	1	2	1612523	1612090	1,0,0,0,0,0,0,0,0,0,0,0,0,0,0,0,0,0,0,0,0,0,0,0,0,0,0,0,0,0,0,0,0,0,0,0,0,0,0,0	0,0,0,0,0,0,0,0,0,0,0,0,0,0,0,0,0,0,0,0,1,0,0,0,0,0,0,0,0,0,0,0,1,0,0,0,0,0,0,0
tb.dut.clusters[0].cluster.sockets[0].socket.cores[0].core.execute.fpu_unit.genblk1[0].fpu_fpnew.genblk3[2].fpnew_core.gen_operation_groups[2].i_opgroup_block.gen_parallel_slices[0].active_format.i_fmt_slice.gen_num_lanes[0].active_lane.lane_instance.i_noncomp.sign_injections	23	2	0	0	0	0	0	1	1612524	1612524	0,0,0,0,0,0,0,0,0,0,0,0,0,0,0,0,0,0,0,0,0,0,0,0,0,0,0,0,0,0,0,0,0,0,0,0,0,0,0,0	0,0,0,0,0,0,0,0,0,0,0,0,0,0,0,0,0,0,0,0,0,0,0,0,0,0,0,0,0,0,0,0,1,0,0,0,0,0,0,0	2	0	0	0	0	1	1612524	1612524	0,0,0,0,0,0,0,0,0,0,0,0,0,0,0,0,0,0,0,0,0,0,0,0,0,0,0,0,0,0,0,0,0,0,0,0,0,0,0,0	0,0,0,0,0,0,0,0,0,0,0,0,0,0,0,0,0,0,0,0,0,0,0,0,0,0,0,0,0,0,0,0,1,0,0,0,0,0,0,0
tb.dut.clusters[0].cluster.sockets[0].socket.cores[0].core.execute.fpu_unit.genblk1[0].fpu_fpnew.genblk3[2].fpnew_core.gen_operation_groups[2].i_opgroup_block.gen_parallel_slices[1]	16	2	0	0	0	0	0	1	1612524	1612524	0,0,0,0,0,0,0,0,0,0,0,0,0,0,0,0,0,0,0,0,0,0,0,0,0,0,0,0,0,0,0,0,0,0,0,0,0,0,0,0	0,0,0,0,0,0,0,0,0,0,0,0,0,0,0,0,0,0,0,0,0,0,0,0,0,0,0,0,0,0,0,0,1,0,0,0,0,0,0,0	2	0	0	0	0	1	1612524	1612524	0,0,0,0,0,0,0,0,0,0,0,0,0,0,0,0,0,0,0,0,0,0,0,0,0,0,0,0,0,0,0,0,0,0,0,0,0,0,0,0	0,0,0,0,0,0,0,0,0,0,0,0,0,0,0,0,0,0,0,0,0,0,0,0,0,0,0,0,0,0,0,0,1,0,0,0,0,0,0,0
tb.dut.clusters[0].cluster.sockets[0].socket.cores[0].core.execute.fpu_unit.genblk1[0].fpu_fpnew.genblk3[2].fpnew_core.gen_operation_groups[2].i_opgroup_block.gen_parallel_slices[2]	16	2	0	0	0	0	0	1	1612524	1612524	0,0,0,0,0,0,0,0,0,0,0,0,0,0,0,0,0,0,0,0,0,0,0,0,0,0,0,0,0,0,0,0,0,0,0,0,0,0,0,0	0,0,0,0,0,0,0,0,0,0,0,0,0,0,0,0,0,0,0,0,0,0,0,0,0,0,0,0,0,0,0,0,1,0,0,0,0,0,0,0	2	0	0	0	0	1	1612524	1612524	0,0,0,0,0,0,0,0,0,0,0,0,0,0,0,0,0,0,0,0,0,0,0,0,0,0,0,0,0,0,0,0,0,0,0,0,0,0,0,0	0,0,0,0,0,0,0,0,0,0,0,0,0,0,0,0,0,0,0,0,0,0,0,0,0,0,0,0,0,0,0,0,1,0,0,0,0,0,0,0
tb.dut.clusters[0].cluster.sockets[0].socket.cores[0].core.execute.fpu_unit.genblk1[0].fpu_fpnew.genblk3[2].fpnew_core.gen_operation_groups[2].i_opgroup_block.gen_parallel_slices[3]	16	2	0	0	0	0	0	1	1612524	1612524	0,0,0,0,0,0,0,0,0,0,0,0,0,0,0,0,0,0,0,0,0,0,0,0,0,0,0,0,0,0,0,0,0,0,0,0,0,0,0,0	0,0,0,0,0,0,0,0,0,0,0,0,0,0,0,0,0,0,0,0,0,0,0,0,0,0,0,0,0,0,0,0,1,0,0,0,0,0,0,0	2	0	0	0	0	1	1612524	1612524	0,0,0,0,0,0,0,0,0,0,0,0,0,0,0,0,0,0,0,0,0,0,0,0,0,0,0,0,0,0,0,0,0,0,0,0,0,0,0,0	0,0,0,0,0,0,0,0,0,0,0,0,0,0,0,0,0,0,0,0,0,0,0,0,0,0,0,0,0,0,0,0,1,0,0,0,0,0,0,0
tb.dut.clusters[0].cluster.sockets[0].socket.cores[0].core.execute.fpu_unit.genblk1[0].fpu_fpnew.genblk3[2].fpnew_core.gen_operation_groups[2].i_opgroup_block.gen_parallel_slices[4]	16	2	0	0	0	0	0	1	1612524	1612524	0,0,0,0,0,0,0,0,0,0,0,0,0,0,0,0,0,0,0,0,0,0,0,0,0,0,0,0,0,0,0,0,0,0,0,0,0,0,0,0	0,0,0,0,0,0,0,0,0,0,0,0,0,0,0,0,0,0,0,0,0,0,0,0,0,0,0,0,0,0,0,0,1,0,0,0,0,0,0,0	2	0	0	0	0	1	1612524	1612524	0,0,0,0,0,0,0,0,0,0,0,0,0,0,0,0,0,0,0,0,0,0,0,0,0,0,0,0,0,0,0,0,0,0,0,0,0,0,0,0	0,0,0,0,0,0,0,0,0,0,0,0,0,0,0,0,0,0,0,0,0,0,0,0,0,0,0,0,0,0,0,0,1,0,0,0,0,0,0,0
tb.dut.clusters[0].cluster.sockets[0].socket.cores[0].core.execute.fpu_unit.genblk1[0].fpu_fpnew.genblk3[2].fpnew_core.gen_operation_groups[2].i_opgroup_block.i_arbiter	16	1510	2136	18	4	18	8	5	1612506	1612068	2,0,0,0,0,0,0,2,0,0,0,0,0,0,0,0,0,0,0,0,0,0,0,0,0,0,0,0,0,0,0,0,0,0,0,0,0,0,0,0	0,0,1,0,0,1,0,0,0,0,0,0,0,0,0,0,1,0,0,0,1,0,0,0,0,0,0,0,0,0,0,0,1,0,0,0,0,0,0,0	8	16	2	16	8	3	1612508	1612068	0,0,0,0,0,0,0,2,0,0,0,0,0,0,0,0,0,0,0,0,0,0,0,0,0,0,0,0,0,0,0,0,0,0,0,0,0,0,0,0	0,0,0,0,0,1,0,0,0,0,0,0,0,0,0,0,0,0,0,0,1,0,0,0,0,0,0,0,0,0,0,0,1,0,0,0,0,0,0,0
tb.dut.clusters[0].cluster.sockets[0].socket.cores[0].core.execute.fpu_unit.genblk1[0].fpu_fpnew.genblk3[2].fpnew_core.gen_operation_groups[2].i_opgroup_block.i_arbiter.gen_arbiter	17	1150	1496	16	2	16	8	3	1612508	1612068	0,0,0,0,0,0,0,2,0,0,0,0,0,0,0,0,0,0,0,0,0,0,0,0,0,0,0,0,0,0,0,0,0,0,0,0,0,0,0,0	0,0,0,0,0,1,0,0,0,0,0,0,0,0,0,0,0,0,0,0,1,0,0,0,0,0,0,0,0,0,0,0,1,0,0,0,0,0,0,0	6	16	2	16	8	3	1612508	1612068	0,0,0,0,0,0,0,2,0,0,0,0,0,0,0,0,0,0,0,0,0,0,0,0,0,0,0,0,0,0,0,0,0,0,0,0,0,0,0,0	0,0,0,0,0,1,0,0,0,0,0,0,0,0,0,0,0,0,0,0,1,0,0,0,0,0,0,0,0,0,0,0,1,0,0,0,0,0,0,0
tb.dut.clusters[0].cluster.sockets[0].socket.cores[0].core.execute.fpu_unit.genblk1[0].fpu_fpnew.genblk3[2].fpnew_core.gen_operation_groups[2].i_opgroup_block.i_arbiter.gen_arbiter.gen_int_rr	18	340	160	16	2	16	8	3	1612508	1612068	0,0,0,0,0,0,0,2,0,0,0,0,0,0,0,0,0,0,0,0,0,0,0,0,0,0,0,0,0,0,0,0,0,0,0,0,0,0,0,0	0,0,0,0,0,1,0,0,0,0,0,0,0,0,0,0,0,0,0,0,1,0,0,0,0,0,0,0,0,0,0,0,1,0,0,0,0,0,0,0	2	16	2	16	8	3	1612508	1612068	0,0,0,0,0,0,0,2,0,0,0,0,0,0,0,0,0,0,0,0,0,0,0,0,0,0,0,0,0,0,0,0,0,0,0,0,0,0,0,0	0,0,0,0,0,1,0,0,0,0,0,0,0,0,0,0,0,0,0,0,1,0,0,0,0,0,0,0,0,0,0,0,1,0,0,0,0,0,0,0
tb.dut.clusters[0].cluster.sockets[0].socket.cores[0].core.execute.fpu_unit.genblk1[0].fpu_fpnew.genblk3[2].fpnew_core.gen_operation_groups[2].i_opgroup_block.i_arbiter.gen_arbiter.gen_int_rr.gen_fair_arb	19	337	160	16	2	16	8	3	1612508	1612068	0,0,0,0,0,0,0,2,0,0,0,0,0,0,0,0,0,0,0,0,0,0,0,0,0,0,0,0,0,0,0,0,0,0,0,0,0,0,0,0	0,0,0,0,0,1,0,0,0,0,0,0,0,0,0,0,0,0,0,0,1,0,0,0,0,0,0,0,0,0,0,0,1,0,0,0,0,0,0,0	2	16	2	16	8	3	1612508	1612068	0,0,0,0,0,0,0,2,0,0,0,0,0,0,0,0,0,0,0,0,0,0,0,0,0,0,0,0,0,0,0,0,0,0,0,0,0,0,0,0	0,0,0,0,0,1,0,0,0,0,0,0,0,0,0,0,0,0,0,0,1,0,0,0,0,0,0,0,0,0,0,0,1,0,0,0,0,0,0,0
tb.dut.clusters[0].cluster.sockets[0].socket.cores[0].core.execute.fpu_unit.genblk1[0].fpu_fpnew.genblk3[2].fpnew_core.gen_operation_groups[2].i_opgroup_block.i_arbiter.gen_arbiter.gen_int_rr.gen_fair_arb.i_lzc_lower	20	158	144	16	2	16	8	3	1612508	1612068	0,0,0,0,0,0,0,2,0,0,0,0,0,0,0,0,0,0,0,0,0,0,0,0,0,0,0,0,0,0,0,0,0,0,0,0,0,0,0,0	0,0,0,0,0,1,0,0,0,0,0,0,0,0,0,0,0,0,0,0,1,0,0,0,0,0,0,0,0,0,0,0,1,0,0,0,0,0,0,0	2	16	2	16	8	3	1612508	1612068	0,0,0,0,0,0,0,2,0,0,0,0,0,0,0,0,0,0,0,0,0,0,0,0,0,0,0,0,0,0,0,0,0,0,0,0,0,0,0,0	0,0,0,0,0,1,0,0,0,0,0,0,0,0,0,0,0,0,0,0,1,0,0,0,0,0,0,0,0,0,0,0,1,0,0,0,0,0,0,0
tb.dut.clusters[0].cluster.sockets[0].socket.cores[0].core.execute.fpu_unit.genblk1[0].fpu_fpnew.genblk3[2].fpnew_core.gen_operation_groups[2].i_opgroup_block.i_arbiter.gen_arbiter.gen_int_rr.gen_fair_arb.i_lzc_lower.gen_lzc	21	84	112	16	2	16	8	3	1612508	1612068	0,0,0,0,0,0,0,2,0,0,0,0,0,0,0,0,0,0,0,0,0,0,0,0,0,0,0,0,0,0,0,0,0,0,0,0,0,0,0,0	0,0,0,0,0,1,0,0,0,0,0,0,0,0,0,0,0,0,0,0,1,0,0,0,0,0,0,0,0,0,0,0,1,0,0,0,0,0,0,0	2	16	2	16	8	3	1612508	1612068	0,0,0,0,0,0,0,2,0,0,0,0,0,0,0,0,0,0,0,0,0,0,0,0,0,0,0,0,0,0,0,0,0,0,0,0,0,0,0,0	0,0,0,0,0,1,0,0,0,0,0,0,0,0,0,0,0,0,0,0,1,0,0,0,0,0,0,0,0,0,0,0,1,0,0,0,0,0,0,0
tb.dut.clusters[0].cluster.sockets[0].socket.cores[0].core.execute.fpu_unit.genblk1[0].fpu_fpnew.genblk3[2].fpnew_core.gen_operation_groups[2].i_opgroup_block.i_arbiter.gen_arbiter.gen_int_rr.gen_fair_arb.i_lzc_upper	20	158	0	0	0	0	0	1	1612524	1612524	0,0,0,0,0,0,0,0,0,0,0,0,0,0,0,0,0,0,0,0,0,0,0,0,0,0,0,0,0,0,0,0,0,0,0,0,0,0,0,0	0,0,0,0,0,0,0,0,0,0,0,0,0,0,0,0,0,0,0,0,0,0,0,0,0,0,0,0,0,0,0,0,1,0,0,0,0,0,0,0	2	0	0	0	0	1	1612524	1612524	0,0,0,0,0,0,0,0,0,0,0,0,0,0,0,0,0,0,0,0,0,0,0,0,0,0,0,0,0,0,0,0,0,0,0,0,0,0,0,0	0,0,0,0,0,0,0,0,0,0,0,0,0,0,0,0,0,0,0,0,0,0,0,0,0,0,0,0,0,0,0,0,1,0,0,0,0,0,0,0
tb.dut.clusters[0].cluster.sockets[0].socket.cores[0].core.execute.fpu_unit.genblk1[0].fpu_fpnew.genblk3[2].fpnew_core.gen_operation_groups[2].i_opgroup_block.i_arbiter.gen_arbiter.gen_int_rr.gen_fair_arb.i_lzc_upper.gen_lzc	21	84	0	0	0	0	0	1	1612524	1612524	0,0,0,0,0,0,0,0,0,0,0,0,0,0,0,0,0,0,0,0,0,0,0,0,0,0,0,0,0,0,0,0,0,0,0,0,0,0,0,0	0,0,0,0,0,0,0,0,0,0,0,0,0,0,0,0,0,0,0,0,0,0,0,0,0,0,0,0,0,0,0,0,1,0,0,0,0,0,0,0	2	0	0	0	0	1	1612524	1612524	0,0,0,0,0,0,0,0,0,0,0,0,0,0,0,0,0,0,0,0,0,0,0,0,0,0,0,0,0,0,0,0,0,0,0,0,0,0,0,0	0,0,0,0,0,0,0,0,0,0,0,0,0,0,0,0,0,0,0,0,0,0,0,0,0,0,0,0,0,0,0,0,1,0,0,0,0,0,0,0
tb.dut.clusters[0].cluster.sockets[0].socket.cores[0].core.execute.fpu_unit.genblk1[0].fpu_fpnew.genblk3[2].fpnew_core.gen_operation_groups[2].i_opgroup_block.i_arbiter.gen_arbiter.gen_levels[0]	18	65	16	16	2	16	8	3	1612508	1612068	0,0,0,0,0,0,0,2,0,0,0,0,0,0,0,0,0,0,0,0,0,0,0,0,0,0,0,0,0,0,0,0,0,0,0,0,0,0,0,0	0,0,0,0,0,1,0,0,0,0,0,0,0,0,0,0,0,0,0,0,1,0,0,0,0,0,0,0,0,0,0,0,1,0,0,0,0,0,0,0	2	0	0	0	0	1	1612524	1612524	0,0,0,0,0,0,0,0,0,0,0,0,0,0,0,0,0,0,0,0,0,0,0,0,0,0,0,0,0,0,0,0,0,0,0,0,0,0,0,0	0,0,0,0,0,0,0,0,0,0,0,0,0,0,0,0,0,0,0,0,0,0,0,0,0,0,0,0,0,0,0,0,1,0,0,0,0,0,0,0
tb.dut.clusters[0].cluster.sockets[0].socket.cores[0].core.execute.fpu_unit.genblk1[0].fpu_fpnew.genblk3[2].fpnew_core.gen_operation_groups[2].i_opgroup_block.i_arbiter.gen_arbiter.gen_levels[0].gen_level[0]	19	65	16	16	2	16	8	3	1612508	1612068	0,0,0,0,0,0,0,2,0,0,0,0,0,0,0,0,0,0,0,0,0,0,0,0,0,0,0,0,0,0,0,0,0,0,0,0,0,0,0,0	0,0,0,0,0,1,0,0,0,0,0,0,0,0,0,0,0,0,0,0,1,0,0,0,0,0,0,0,0,0,0,0,1,0,0,0,0,0,0,0	2	0	0	0	0	1	1612524	1612524	0,0,0,0,0,0,0,0,0,0,0,0,0,0,0,0,0,0,0,0,0,0,0,0,0,0,0,0,0,0,0,0,0,0,0,0,0,0,0,0	0,0,0,0,0,0,0,0,0,0,0,0,0,0,0,0,0,0,0,0,0,0,0,0,0,0,0,0,0,0,0,0,1,0,0,0,0,0,0,0
tb.dut.clusters[0].cluster.sockets[0].socket.cores[0].core.execute.fpu_unit.genblk1[0].fpu_fpnew.genblk3[2].fpnew_core.gen_operation_groups[2].i_opgroup_block.i_arbiter.gen_arbiter.gen_levels[1]	18	130	16	16	2	16	8	3	1612508	1612068	0,0,0,0,0,0,0,2,0,0,0,0,0,0,0,0,0,0,0,0,0,0,0,0,0,0,0,0,0,0,0,0,0,0,0,0,0,0,0,0	0,0,0,0,0,1,0,0,0,0,0,0,0,0,0,0,0,0,0,0,1,0,0,0,0,0,0,0,0,0,0,0,1,0,0,0,0,0,0,0	2	0	0	0	0	1	1612524	1612524	0,0,0,0,0,0,0,0,0,0,0,0,0,0,0,0,0,0,0,0,0,0,0,0,0,0,0,0,0,0,0,0,0,0,0,0,0,0,0,0	0,0,0,0,0,0,0,0,0,0,0,0,0,0,0,0,0,0,0,0,0,0,0,0,0,0,0,0,0,0,0,0,1,0,0,0,0,0,0,0
tb.dut.clusters[0].cluster.sockets[0].socket.cores[0].core.execute.fpu_unit.genblk1[0].fpu_fpnew.genblk3[2].fpnew_core.gen_operation_groups[2].i_opgroup_block.i_arbiter.gen_arbiter.gen_levels[1].gen_level[0]	19	65	16	16	2	16	8	3	1612508	1612068	0,0,0,0,0,0,0,2,0,0,0,0,0,0,0,0,0,0,0,0,0,0,0,0,0,0,0,0,0,0,0,0,0,0,0,0,0,0,0,0	0,0,0,0,0,1,0,0,0,0,0,0,0,0,0,0,0,0,0,0,1,0,0,0,0,0,0,0,0,0,0,0,1,0,0,0,0,0,0,0	2	0	0	0	0	1	1612524	1612524	0,0,0,0,0,0,0,0,0,0,0,0,0,0,0,0,0,0,0,0,0,0,0,0,0,0,0,0,0,0,0,0,0,0,0,0,0,0,0,0	0,0,0,0,0,0,0,0,0,0,0,0,0,0,0,0,0,0,0,0,0,0,0,0,0,0,0,0,0,0,0,0,1,0,0,0,0,0,0,0
tb.dut.clusters[0].cluster.sockets[0].socket.cores[0].core.execute.fpu_unit.genblk1[0].fpu_fpnew.genblk3[2].fpnew_core.gen_operation_groups[2].i_opgroup_block.i_arbiter.gen_arbiter.gen_levels[1].gen_level[1]	19	65	0	0	0	0	0	1	1612524	1612524	0,0,0,0,0,0,0,0,0,0,0,0,0,0,0,0,0,0,0,0,0,0,0,0,0,0,0,0,0,0,0,0,0,0,0,0,0,0,0,0	0,0,0,0,0,0,0,0,0,0,0,0,0,0,0,0,0,0,0,0,0,0,0,0,0,0,0,0,0,0,0,0,1,0,0,0,0,0,0,0	2	0	0	0	0	1	1612524	1612524	0,0,0,0,0,0,0,0,0,0,0,0,0,0,0,0,0,0,0,0,0,0,0,0,0,0,0,0,0,0,0,0,0,0,0,0,0,0,0,0	0,0,0,0,0,0,0,0,0,0,0,0,0,0,0,0,0,0,0,0,0,0,0,0,0,0,0,0,0,0,0,0,1,0,0,0,0,0,0,0
tb.dut.clusters[0].cluster.sockets[0].socket.cores[0].core.execute.fpu_unit.genblk1[0].fpu_fpnew.genblk3[2].fpnew_core.gen_operation_groups[2].i_opgroup_block.i_arbiter.gen_arbiter.gen_levels[2]	18	260	16	16	2	16	8	3	1612508	1612068	0,0,0,0,0,0,0,2,0,0,0,0,0,0,0,0,0,0,0,0,0,0,0,0,0,0,0,0,0,0,0,0,0,0,0,0,0,0,0,0	0,0,0,0,0,1,0,0,0,0,0,0,0,0,0,0,0,0,0,0,1,0,0,0,0,0,0,0,0,0,0,0,1,0,0,0,0,0,0,0	2	0	0	0	0	1	1612524	1612524	0,0,0,0,0,0,0,0,0,0,0,0,0,0,0,0,0,0,0,0,0,0,0,0,0,0,0,0,0,0,0,0,0,0,0,0,0,0,0,0	0,0,0,0,0,0,0,0,0,0,0,0,0,0,0,0,0,0,0,0,0,0,0,0,0,0,0,0,0,0,0,0,1,0,0,0,0,0,0,0
tb.dut.clusters[0].cluster.sockets[0].socket.cores[0].core.execute.fpu_unit.genblk1[0].fpu_fpnew.genblk3[2].fpnew_core.gen_operation_groups[2].i_opgroup_block.i_arbiter.gen_arbiter.gen_levels[2].gen_level[0]	19	65	16	16	2	16	8	3	1612508	1612068	0,0,0,0,0,0,0,2,0,0,0,0,0,0,0,0,0,0,0,0,0,0,0,0,0,0,0,0,0,0,0,0,0,0,0,0,0,0,0,0	0,0,0,0,0,1,0,0,0,0,0,0,0,0,0,0,0,0,0,0,1,0,0,0,0,0,0,0,0,0,0,0,1,0,0,0,0,0,0,0	2	0	0	0	0	1	1612524	1612524	0,0,0,0,0,0,0,0,0,0,0,0,0,0,0,0,0,0,0,0,0,0,0,0,0,0,0,0,0,0,0,0,0,0,0,0,0,0,0,0	0,0,0,0,0,0,0,0,0,0,0,0,0,0,0,0,0,0,0,0,0,0,0,0,0,0,0,0,0,0,0,0,1,0,0,0,0,0,0,0
tb.dut.clusters[0].cluster.sockets[0].socket.cores[0].core.execute.fpu_unit.genblk1[0].fpu_fpnew.genblk3[2].fpnew_core.gen_operation_groups[2].i_opgroup_block.i_arbiter.gen_arbiter.gen_levels[2].gen_level[1]	19	65	0	0	0	0	0	1	1612524	1612524	0,0,0,0,0,0,0,0,0,0,0,0,0,0,0,0,0,0,0,0,0,0,0,0,0,0,0,0,0,0,0,0,0,0,0,0,0,0,0,0	0,0,0,0,0,0,0,0,0,0,0,0,0,0,0,0,0,0,0,0,0,0,0,0,0,0,0,0,0,0,0,0,1,0,0,0,0,0,0,0	2	0	0	0	0	1	1612524	1612524	0,0,0,0,0,0,0,0,0,0,0,0,0,0,0,0,0,0,0,0,0,0,0,0,0,0,0,0,0,0,0,0,0,0,0,0,0,0,0,0	0,0,0,0,0,0,0,0,0,0,0,0,0,0,0,0,0,0,0,0,0,0,0,0,0,0,0,0,0,0,0,0,1,0,0,0,0,0,0,0
tb.dut.clusters[0].cluster.sockets[0].socket.cores[0].core.execute.fpu_unit.genblk1[0].fpu_fpnew.genblk3[2].fpnew_core.gen_operation_groups[2].i_opgroup_block.i_arbiter.gen_arbiter.gen_levels[2].gen_level[2]	19	65	0	0	0	0	0	1	1612524	1612524	0,0,0,0,0,0,0,0,0,0,0,0,0,0,0,0,0,0,0,0,0,0,0,0,0,0,0,0,0,0,0,0,0,0,0,0,0,0,0,0	0,0,0,0,0,0,0,0,0,0,0,0,0,0,0,0,0,0,0,0,0,0,0,0,0,0,0,0,0,0,0,0,1,0,0,0,0,0,0,0	2	0	0	0	0	1	1612524	1612524	0,0,0,0,0,0,0,0,0,0,0,0,0,0,0,0,0,0,0,0,0,0,0,0,0,0,0,0,0,0,0,0,0,0,0,0,0,0,0,0	0,0,0,0,0,0,0,0,0,0,0,0,0,0,0,0,0,0,0,0,0,0,0,0,0,0,0,0,0,0,0,0,1,0,0,0,0,0,0,0
tb.dut.clusters[0].cluster.sockets[0].socket.cores[0].core.execute.fpu_unit.genblk1[0].fpu_fpnew.genblk3[2].fpnew_core.gen_operation_groups[2].i_opgroup_block.i_arbiter.gen_arbiter.gen_levels[2].gen_level[3]	19	65	0	0	0	0	0	1	1612524	1612524	0,0,0,0,0,0,0,0,0,0,0,0,0,0,0,0,0,0,0,0,0,0,0,0,0,0,0,0,0,0,0,0,0,0,0,0,0,0,0,0	0,0,0,0,0,0,0,0,0,0,0,0,0,0,0,0,0,0,0,0,0,0,0,0,0,0,0,0,0,0,0,0,1,0,0,0,0,0,0,0	2	0	0	0	0	1	1612524	1612524	0,0,0,0,0,0,0,0,0,0,0,0,0,0,0,0,0,0,0,0,0,0,0,0,0,0,0,0,0,0,0,0,0,0,0,0,0,0,0,0	0,0,0,0,0,0,0,0,0,0,0,0,0,0,0,0,0,0,0,0,0,0,0,0,0,0,0,0,0,0,0,0,1,0,0,0,0,0,0,0
tb.dut.clusters[0].cluster.sockets[0].socket.cores[0].core.execute.fpu_unit.genblk1[0].fpu_fpnew.genblk3[2].fpnew_core.gen_operation_groups[3]	14	11074	83584859	1343729	237593	1343729	84	237594	268795	8241	2,2047,0,0,233476,9,0,1,0,2,0,1,0,0,0,0,6,2,2047,0,0,0,0,0,0,0,0,0,0,0,0,0,0,0,0,0,0,0,0,0	235541,0,1,1,0,0,0,0,0,0,1,2046,0,0,0,1,1,0,0,0,1,0,0,0,0,1,0,0,0,0,0,0,0,0,0,0,0,0,0,0	56	548657	489203	548657	10	489204	1063867	8245	431880,55251,2061,2,0,1,0,1,0,7,0,0,0,0,0,0,0,0,0,0,0,0,0,0,0,0,0,0,0,0,0,0,0,0,0,0,0,0,0,0	57092,400465,2,229,25366,0,0,3274,7,1,618,1,0,80,0,1645,421,1,0,0,1,0,0,0,0,1,0,0,0,0,0,0,0,0,0,0,0,0,0,0
tb.dut.clusters[0].cluster.sockets[0].socket.cores[0].core.execute.fpu_unit.genblk1[0].fpu_fpnew.genblk3[2].fpnew_core.gen_operation_groups[3].i_opgroup_block	15	11026	83584795	1343729	237593	1343729	84	237594	268795	8241	2,2047,0,0,233476,9,0,1,0,2,0,1,0,0,0,0,6,2,2047,0,0,0,0,0,0,0,0,0,0,0,0,0,0,0,0,0,0,0,0,0	235541,0,1,1,0,0,0,0,0,0,1,2046,0,0,0,1,1,0,0,0,1,0,0,0,0,1,0,0,0,0,0,0,0,0,0,0,0,0,0,0	56	548657	489203	548657	10	489204	1063867	8245	431880,55251,2061,2,0,1,0,1,0,7,0,0,0,0,0,0,0,0,0,0,0,0,0,0,0,0,0,0,0,0,0,0,0,0,0,0,0,0,0,0	57092,400465,2,229,25366,0,0,3274,7,1,618,1,0,80,0,1645,421,1,0,0,1,0,0,0,0,1,0,0,0,0,0,0,0,0,0,0,0,0,0,0
tb.dut.clusters[0].cluster.sockets[0].socket.cores[0].core.execute.fpu_unit.genblk1[0].fpu_fpnew.genblk3[2].fpnew_core.gen_operation_groups[3].i_opgroup_block.gen_merged_slice	16	8723	60605847	819425	524321	819425	20	524322	793099	8243	235525,286723,10,0,2054,1,0,0,0,0,0,0,0,0,0,0,8,0,0,0,0,0,0,0,0,0,0,0,0,0,0,0,0,0,0,0,0,0,0,0	288791,233478,1,0,1,0,0,0,0,0,0,0,1,2046,0,0,2,0,0,0,1,0,0,0,0,1,0,0,0,0,0,0,0,0,0,0,0,0,0,0	44	537377	477996	537377	10	477997	1075147	8245	420746,55178,2061,2,0,1,0,1,0,7,0,0,0,0,0,0,0,0,0,0,0,0,0,0,0,0,0,0,0,0,0,0,0,0,0,0,0,0,0,0	56845,381968,4,404,30295,0,1,4964,7,1,1163,1,0,215,0,1645,479,3,0,0,1,0,0,0,0,1,0,0,0,0,0,0,0,0,0,0,0,0,0,0
tb.dut.clusters[0].cluster.sockets[0].socket.cores[0].core.execute.fpu_unit.genblk1[0].fpu_fpnew.genblk3[2].fpnew_core.gen_operation_groups[3].i_opgroup_block.gen_merged_slice.i_multifmt_slice	17	8687	60605783	819425	524321	819425	20	524322	793099	8243	235525,286723,10,0,2054,1,0,0,0,0,0,0,0,0,0,0,8,0,0,0,0,0,0,0,0,0,0,0,0,0,0,0,0,0,0,0,0,0,0,0	288791,233478,1,0,1,0,0,0,0,0,0,0,1,2046,0,0,2,0,0,0,1,0,0,0,0,1,0,0,0,0,0,0,0,0,0,0,0,0,0,0	44	537377	477996	537377	10	477997	1075147	8245	420746,55178,2061,2,0,1,0,1,0,7,0,0,0,0,0,0,0,0,0,0,0,0,0,0,0,0,0,0,0,0,0,0,0,0,0,0,0,0,0,0	56845,381968,4,404,30295,0,1,4964,7,1,1163,1,0,215,0,1645,479,3,0,0,1,0,0,0,0,1,0,0,0,0,0,0,0,0,0,0,0,0,0,0
tb.dut.clusters[0].cluster.sockets[0].socket.cores[0].core.execute.fpu_unit.genblk1[0].fpu_fpnew.genblk3[2].fpnew_core.gen_operation_groups[3].i_opgroup_block.gen_merged_slice.i_multifmt_slice.extend_fp_result[0]	18	32	0	0	0	0	0	1	1612524	1612524	0,0,0,0,0,0,0,0,0,0,0,0,0,0,0,0,0,0,0,0,0,0,0,0,0,0,0,0,0,0,0,0,0,0,0,0,0,0,0,0	0,0,0,0,0,0,0,0,0,0,0,0,0,0,0,0,0,0,0,0,0,0,0,0,0,0,0,0,0,0,0,0,1,0,0,0,0,0,0,0	2	0	0	0	0	1	1612524	1612524	0,0,0,0,0,0,0,0,0,0,0,0,0,0,0,0,0,0,0,0,0,0,0,0,0,0,0,0,0,0,0,0,0,0,0,0,0,0,0,0	0,0,0,0,0,0,0,0,0,0,0,0,0,0,0,0,0,0,0,0,0,0,0,0,0,0,0,0,0,0,0,0,1,0,0,0,0,0,0,0
tb.dut.clusters[0].cluster.sockets[0].socket.cores[0].core.execute.fpu_unit.genblk1[0].fpu_fpnew.genblk3[2].fpnew_core.gen_operation_groups[3].i_opgroup_block.gen_merged_slice.i_multifmt_slice.extend_fp_result[1]	18	32	0	0	0	0	0	1	1612524	1612524	0,0,0,0,0,0,0,0,0,0,0,0,0,0,0,0,0,0,0,0,0,0,0,0,0,0,0,0,0,0,0,0,0,0,0,0,0,0,0,0	0,0,0,0,0,0,0,0,0,0,0,0,0,0,0,0,0,0,0,0,0,0,0,0,0,0,0,0,0,0,0,0,1,0,0,0,0,0,0,0	2	0	0	0	0	1	1612524	1612524	0,0,0,0,0,0,0,0,0,0,0,0,0,0,0,0,0,0,0,0,0,0,0,0,0,0,0,0,0,0,0,0,0,0,0,0,0,0,0,0	0,0,0,0,0,0,0,0,0,0,0,0,0,0,0,0,0,0,0,0,0,0,0,0,0,0,0,0,0,0,0,0,1,0,0,0,0,0,0,0
tb.dut.clusters[0].cluster.sockets[0].socket.cores[0].core.execute.fpu_unit.genblk1[0].fpu_fpnew.genblk3[2].fpnew_core.gen_operation_groups[3].i_opgroup_block.gen_merged_slice.i_multifmt_slice.extend_fp_result[2]	18	32	0	0	0	0	0	1	1612524	1612524	0,0,0,0,0,0,0,0,0,0,0,0,0,0,0,0,0,0,0,0,0,0,0,0,0,0,0,0,0,0,0,0,0,0,0,0,0,0,0,0	0,0,0,0,0,0,0,0,0,0,0,0,0,0,0,0,0,0,0,0,0,0,0,0,0,0,0,0,0,0,0,0,1,0,0,0,0,0,0,0	2	0	0	0	0	1	1612524	1612524	0,0,0,0,0,0,0,0,0,0,0,0,0,0,0,0,0,0,0,0,0,0,0,0,0,0,0,0,0,0,0,0,0,0,0,0,0,0,0,0	0,0,0,0,0,0,0,0,0,0,0,0,0,0,0,0,0,0,0,0,0,0,0,0,0,0,0,0,0,0,0,0,1,0,0,0,0,0,0,0
tb.dut.clusters[0].cluster.sockets[0].socket.cores[0].core.execute.fpu_unit.genblk1[0].fpu_fpnew.genblk3[2].fpnew_core.gen_operation_groups[3].i_opgroup_block.gen_merged_slice.i_multifmt_slice.extend_fp_result[3]	18	32	0	0	0	0	0	1	1612524	1612524	0,0,0,0,0,0,0,0,0,0,0,0,0,0,0,0,0,0,0,0,0,0,0,0,0,0,0,0,0,0,0,0,0,0,0,0,0,0,0,0	0,0,0,0,0,0,0,0,0,0,0,0,0,0,0,0,0,0,0,0,0,0,0,0,0,0,0,0,0,0,0,0,1,0,0,0,0,0,0,0	2	0	0	0	0	1	1612524	1612524	0,0,0,0,0,0,0,0,0,0,0,0,0,0,0,0,0,0,0,0,0,0,0,0,0,0,0,0,0,0,0,0,0,0,0,0,0,0,0,0	0,0,0,0,0,0,0,0,0,0,0,0,0,0,0,0,0,0,0,0,0,0,0,0,0,0,0,0,0,0,0,0,1,0,0,0,0,0,0,0
tb.dut.clusters[0].cluster.sockets[0].socket.cores[0].core.execute.fpu_unit.genblk1[0].fpu_fpnew.genblk3[2].fpnew_core.gen_operation_groups[3].i_opgroup_block.gen_merged_slice.i_multifmt_slice.extend_fp_result[4]	18	32	0	0	0	0	0	1	1612524	1612524	0,0,0,0,0,0,0,0,0,0,0,0,0,0,0,0,0,0,0,0,0,0,0,0,0,0,0,0,0,0,0,0,0,0,0,0,0,0,0,0	0,0,0,0,0,0,0,0,0,0,0,0,0,0,0,0,0,0,0,0,0,0,0,0,0,0,0,0,0,0,0,0,1,0,0,0,0,0,0,0	2	0	0	0	0	1	1612524	1612524	0,0,0,0,0,0,0,0,0,0,0,0,0,0,0,0,0,0,0,0,0,0,0,0,0,0,0,0,0,0,0,0,0,0,0,0,0,0,0,0	0,0,0,0,0,0,0,0,0,0,0,0,0,0,0,0,0,0,0,0,0,0,0,0,0,0,0,0,0,0,0,0,1,0,0,0,0,0,0,0
tb.dut.clusters[0].cluster.sockets[0].socket.cores[0].core.execute.fpu_unit.genblk1[0].fpu_fpnew.genblk3[2].fpnew_core.gen_operation_groups[3].i_opgroup_block.gen_merged_slice.i_multifmt_slice.extend_or_mute_int_result[0]	18	32	0	0	0	0	0	1	1612524	1612524	0,0,0,0,0,0,0,0,0,0,0,0,0,0,0,0,0,0,0,0,0,0,0,0,0,0,0,0,0,0,0,0,0,0,0,0,0,0,0,0	0,0,0,0,0,0,0,0,0,0,0,0,0,0,0,0,0,0,0,0,0,0,0,0,0,0,0,0,0,0,0,0,1,0,0,0,0,0,0,0	2	0	0	0	0	1	1612524	1612524	0,0,0,0,0,0,0,0,0,0,0,0,0,0,0,0,0,0,0,0,0,0,0,0,0,0,0,0,0,0,0,0,0,0,0,0,0,0,0,0	0,0,0,0,0,0,0,0,0,0,0,0,0,0,0,0,0,0,0,0,0,0,0,0,0,0,0,0,0,0,0,0,1,0,0,0,0,0,0,0
tb.dut.clusters[0].cluster.sockets[0].socket.cores[0].core.execute.fpu_unit.genblk1[0].fpu_fpnew.genblk3[2].fpnew_core.gen_operation_groups[3].i_opgroup_block.gen_merged_slice.i_multifmt_slice.extend_or_mute_int_result[0].extend_int_result	19	32	0	0	0	0	0	1	1612524	1612524	0,0,0,0,0,0,0,0,0,0,0,0,0,0,0,0,0,0,0,0,0,0,0,0,0,0,0,0,0,0,0,0,0,0,0,0,0,0,0,0	0,0,0,0,0,0,0,0,0,0,0,0,0,0,0,0,0,0,0,0,0,0,0,0,0,0,0,0,0,0,0,0,1,0,0,0,0,0,0,0	2	0	0	0	0	1	1612524	1612524	0,0,0,0,0,0,0,0,0,0,0,0,0,0,0,0,0,0,0,0,0,0,0,0,0,0,0,0,0,0,0,0,0,0,0,0,0,0,0,0	0,0,0,0,0,0,0,0,0,0,0,0,0,0,0,0,0,0,0,0,0,0,0,0,0,0,0,0,0,0,0,0,1,0,0,0,0,0,0,0
tb.dut.clusters[0].cluster.sockets[0].socket.cores[0].core.execute.fpu_unit.genblk1[0].fpu_fpnew.genblk3[2].fpnew_core.gen_operation_groups[3].i_opgroup_block.gen_merged_slice.i_multifmt_slice.extend_or_mute_int_result[1]	18	32	0	0	0	0	0	1	1612524	1612524	0,0,0,0,0,0,0,0,0,0,0,0,0,0,0,0,0,0,0,0,0,0,0,0,0,0,0,0,0,0,0,0,0,0,0,0,0,0,0,0	0,0,0,0,0,0,0,0,0,0,0,0,0,0,0,0,0,0,0,0,0,0,0,0,0,0,0,0,0,0,0,0,1,0,0,0,0,0,0,0	2	0	0	0	0	1	1612524	1612524	0,0,0,0,0,0,0,0,0,0,0,0,0,0,0,0,0,0,0,0,0,0,0,0,0,0,0,0,0,0,0,0,0,0,0,0,0,0,0,0	0,0,0,0,0,0,0,0,0,0,0,0,0,0,0,0,0,0,0,0,0,0,0,0,0,0,0,0,0,0,0,0,1,0,0,0,0,0,0,0
tb.dut.clusters[0].cluster.sockets[0].socket.cores[0].core.execute.fpu_unit.genblk1[0].fpu_fpnew.genblk3[2].fpnew_core.gen_operation_groups[3].i_opgroup_block.gen_merged_slice.i_multifmt_slice.extend_or_mute_int_result[1].extend_int_result	19	32	0	0	0	0	0	1	1612524	1612524	0,0,0,0,0,0,0,0,0,0,0,0,0,0,0,0,0,0,0,0,0,0,0,0,0,0,0,0,0,0,0,0,0,0,0,0,0,0,0,0	0,0,0,0,0,0,0,0,0,0,0,0,0,0,0,0,0,0,0,0,0,0,0,0,0,0,0,0,0,0,0,0,1,0,0,0,0,0,0,0	2	0	0	0	0	1	1612524	1612524	0,0,0,0,0,0,0,0,0,0,0,0,0,0,0,0,0,0,0,0,0,0,0,0,0,0,0,0,0,0,0,0,0,0,0,0,0,0,0,0	0,0,0,0,0,0,0,0,0,0,0,0,0,0,0,0,0,0,0,0,0,0,0,0,0,0,0,0,0,0,0,0,1,0,0,0,0,0,0,0
tb.dut.clusters[0].cluster.sockets[0].socket.cores[0].core.execute.fpu_unit.genblk1[0].fpu_fpnew.genblk3[2].fpnew_core.gen_operation_groups[3].i_opgroup_block.gen_merged_slice.i_multifmt_slice.extend_or_mute_int_result[2]	18	32	0	0	0	0	0	1	1612524	1612524	0,0,0,0,0,0,0,0,0,0,0,0,0,0,0,0,0,0,0,0,0,0,0,0,0,0,0,0,0,0,0,0,0,0,0,0,0,0,0,0	0,0,0,0,0,0,0,0,0,0,0,0,0,0,0,0,0,0,0,0,0,0,0,0,0,0,0,0,0,0,0,0,1,0,0,0,0,0,0,0	2	0	0	0	0	1	1612524	1612524	0,0,0,0,0,0,0,0,0,0,0,0,0,0,0,0,0,0,0,0,0,0,0,0,0,0,0,0,0,0,0,0,0,0,0,0,0,0,0,0	0,0,0,0,0,0,0,0,0,0,0,0,0,0,0,0,0,0,0,0,0,0,0,0,0,0,0,0,0,0,0,0,1,0,0,0,0,0,0,0
tb.dut.clusters[0].cluster.sockets[0].socket.cores[0].core.execute.fpu_unit.genblk1[0].fpu_fpnew.genblk3[2].fpnew_core.gen_operation_groups[3].i_opgroup_block.gen_merged_slice.i_multifmt_slice.extend_or_mute_int_result[2].extend_int_result	19	32	0	0	0	0	0	1	1612524	1612524	0,0,0,0,0,0,0,0,0,0,0,0,0,0,0,0,0,0,0,0,0,0,0,0,0,0,0,0,0,0,0,0,0,0,0,0,0,0,0,0	0,0,0,0,0,0,0,0,0,0,0,0,0,0,0,0,0,0,0,0,0,0,0,0,0,0,0,0,0,0,0,0,1,0,0,0,0,0,0,0	2	0	0	0	0	1	1612524	1612524	0,0,0,0,0,0,0,0,0,0,0,0,0,0,0,0,0,0,0,0,0,0,0,0,0,0,0,0,0,0,0,0,0,0,0,0,0,0,0,0	0,0,0,0,0,0,0,0,0,0,0,0,0,0,0,0,0,0,0,0,0,0,0,0,0,0,0,0,0,0,0,0,1,0,0,0,0,0,0,0
tb.dut.clusters[0].cluster.sockets[0].socket.cores[0].core.execute.fpu_unit.genblk1[0].fpu_fpnew.genblk3[2].fpnew_core.gen_operation_groups[3].i_opgroup_block.gen_merged_slice.i_multifmt_slice.extend_or_mute_int_result[3]	18	32	0	0	0	0	0	1	1612524	1612524	0,0,0,0,0,0,0,0,0,0,0,0,0,0,0,0,0,0,0,0,0,0,0,0,0,0,0,0,0,0,0,0,0,0,0,0,0,0,0,0	0,0,0,0,0,0,0,0,0,0,0,0,0,0,0,0,0,0,0,0,0,0,0,0,0,0,0,0,0,0,0,0,1,0,0,0,0,0,0,0	2	0	0	0	0	1	1612524	1612524	0,0,0,0,0,0,0,0,0,0,0,0,0,0,0,0,0,0,0,0,0,0,0,0,0,0,0,0,0,0,0,0,0,0,0,0,0,0,0,0	0,0,0,0,0,0,0,0,0,0,0,0,0,0,0,0,0,0,0,0,0,0,0,0,0,0,0,0,0,0,0,0,1,0,0,0,0,0,0,0
tb.dut.clusters[0].cluster.sockets[0].socket.cores[0].core.execute.fpu_unit.genblk1[0].fpu_fpnew.genblk3[2].fpnew_core.gen_operation_groups[3].i_opgroup_block.gen_merged_slice.i_multifmt_slice.extend_or_mute_int_result[3].extend_int_result	19	32	0	0	0	0	0	1	1612524	1612524	0,0,0,0,0,0,0,0,0,0,0,0,0,0,0,0,0,0,0,0,0,0,0,0,0,0,0,0,0,0,0,0,0,0,0,0,0,0,0,0	0,0,0,0,0,0,0,0,0,0,0,0,0,0,0,0,0,0,0,0,0,0,0,0,0,0,0,0,0,0,0,0,1,0,0,0,0,0,0,0	2	0	0	0	0	1	1612524	1612524	0,0,0,0,0,0,0,0,0,0,0,0,0,0,0,0,0,0,0,0,0,0,0,0,0,0,0,0,0,0,0,0,0,0,0,0,0,0,0,0	0,0,0,0,0,0,0,0,0,0,0,0,0,0,0,0,0,0,0,0,0,0,0,0,0,0,0,0,0,0,0,0,1,0,0,0,0,0,0,0
tb.dut.clusters[0].cluster.sockets[0].socket.cores[0].core.execute.fpu_unit.genblk1[0].fpu_fpnew.genblk3[2].fpnew_core.gen_operation_groups[3].i_opgroup_block.gen_merged_slice.i_multifmt_slice.gen_num_lanes[0]	18	7175	28104766	819425	524321	819425	20	524322	793099	8243	235525,286723,10,0,2054,1,0,0,0,0,0,0,0,0,0,0,8,0,0,0,0,0,0,0,0,0,0,0,0,0,0,0,0,0,0,0,0,0,0,0	288791,233478,1,0,1,0,0,0,0,0,0,0,1,2046,0,0,2,0,0,0,1,0,0,0,0,1,0,0,0,0,0,0,0,0,0,0,0,0,0,0	36	351557	294185	351557	10	294186	1260967	8329	238832,53387,1957,1,0,1,0,0,0,7,0,0,0,0,0,0,0,0,0,0,0,0,0,0,0,0,0,0,0,0,0,0,0,0,0,0,0,0,0,0	53343,201141,17,2073,29361,0,0,44,6,1,2,1,0,0,0,0,4,3,8188,0,1,0,0,0,0,1,0,0,0,0,0,0,0,0,0,0,0,0,0,0
tb.dut.clusters[0].cluster.sockets[0].socket.cores[0].core.execute.fpu_unit.genblk1[0].fpu_fpnew.genblk3[2].fpnew_core.gen_operation_groups[3].i_opgroup_block.gen_merged_slice.i_multifmt_slice.gen_num_lanes[0].active_lane	19	6704	28103086	819425	524321	819425	20	524322	793099	8243	235525,286723,10,0,2054,1,0,0,0,0,0,0,0,0,0,0,8,0,0,0,0,0,0,0,0,0,0,0,0,0,0,0,0,0,0,0,0,0,0,0	288791,233478,1,0,1,0,0,0,0,0,0,0,1,2046,0,0,2,0,0,0,1,0,0,0,0,1,0,0,0,0,0,0,0,0,0,0,0,0,0,0	34	353465	295216	353465	6	295217	1259059	8329	239018,54169,2021,1,0,7,0,0,0,0,0,0,0,0,0,0,0,0,0,0,0,0,0,0,0,0,0,0,0,0,0,0,0,0,0,0,0,0,0,0	54166,202371,15,2059,28381,0,0,19,7,1,1,1,0,0,0,0,3,3,8188,0,1,0,0,0,0,1,0,0,0,0,0,0,0,0,0,0,0,0,0,0
tb.dut.clusters[0].cluster.sockets[0].socket.cores[0].core.execute.fpu_unit.genblk1[0].fpu_fpnew.genblk3[2].fpnew_core.gen_operation_groups[3].i_opgroup_block.gen_merged_slice.i_multifmt_slice.gen_num_lanes[0].active_lane.lane_instance	20	6568	10981396	723169	428065	723169	20	428066	889355	8243	139269,286723,10,0,2054,1,0,0,0,0,0,0,0,0,0,0,8,0,0,0,0,0,0,0,0,0,0,0,0,0,0,0,0,0,0,0,0,0,0,0	192535,137222,1,96256,1,0,0,0,0,0,0,0,1,2046,0,0,2,0,0,0,1,0,0,0,0,1,0,0,0,0,0,0,0,0,0,0,0,0,0,0	33	93550	91011	93550	6	91012	1518974	8329	88511,2476,17,0,6,1,0,0,0,0,0,0,0,0,0,0,0,0,0,0,0,0,0,0,0,0,0,0,0,0,0,0,0,0,0,0,0,0,0,0	2168,9472,662,2206,40992,421,299,3037,449,510,5566,293,208,1923,298,259,8413,4549,9279,6,1,0,0,0,0,1,0,0,0,0,0,0,0,0,0,0,0,0,0,0
tb.dut.clusters[0].cluster.sockets[0].socket.cores[0].core.execute.fpu_unit.genblk1[0].fpu_fpnew.genblk3[2].fpnew_core.gen_operation_groups[3].i_opgroup_block.gen_merged_slice.i_multifmt_slice.gen_num_lanes[0].active_lane.lane_instance.i_fpnew_cast_multi	21	6568	10981396	723169	428065	723169	20	428066	889355	8243	139269,286723,10,0,2054,1,0,0,0,0,0,0,0,0,0,0,8,0,0,0,0,0,0,0,0,0,0,0,0,0,0,0,0,0,0,0,0,0,0,0	192535,137222,1,96256,1,0,0,0,0,0,0,0,1,2046,0,0,2,0,0,0,1,0,0,0,0,1,0,0,0,0,0,0,0,0,0,0,0,0,0,0	33	93550	91011	93550	6	91012	1518974	8329	88511,2476,17,0,6,1,0,0,0,0,0,0,0,0,0,0,0,0,0,0,0,0,0,0,0,0,0,0,0,0,0,0,0,0,0,0,0,0,0,0	2168,9472,662,2206,40992,421,299,3037,449,510,5566,293,208,1923,298,259,8413,4549,9279,6,1,0,0,0,0,1,0,0,0,0,0,0,0,0,0,0,0,0,0,0
tb.dut.clusters[0].cluster.sockets[0].socket.cores[0].core.execute.fpu_unit.genblk1[0].fpu_fpnew.genblk3[2].fpnew_core.gen_operation_groups[3].i_opgroup_block.gen_merged_slice.i_multifmt_slice.gen_num_lanes[0].active_lane.lane_instance.i_fpnew_cast_multi.fmt_init_inputs[0]	22	308	133	32	32	32	1	33	1612492	1611835	32,0,0,0,0,0,0,0,0,0,0,0,0,0,0,0,0,0,0,0,0,0,0,0,0,0,0,0,0,0,0,0,0,0,0,0,0,0,0,0	2,14,7,1,0,0,0,0,0,0,0,0,0,0,0,0,7,0,0,0,1,0,0,0,0,0,0,0,0,0,0,0,1,0,0,0,0,0,0,0	2	32	32	32	1	33	1612492	1611835	32,0,0,0,0,0,0,0,0,0,0,0,0,0,0,0,0,0,0,0,0,0,0,0,0,0,0,0,0,0,0,0,0,0,0,0,0,0,0,0	2,14,7,1,0,0,0,0,0,0,0,0,0,0,0,0,7,0,0,0,1,0,0,0,0,0,0,0,0,0,0,0,1,0,0,0,0,0,0,0
tb.dut.clusters[0].cluster.sockets[0].socket.cores[0].core.execute.fpu_unit.genblk1[0].fpu_fpnew.genblk3[2].fpnew_core.gen_operation_groups[3].i_opgroup_block.gen_merged_slice.i_multifmt_slice.gen_num_lanes[0].active_lane.lane_instance.i_fpnew_cast_multi.fmt_init_inputs[0].active_format	23	212	133	32	32	32	1	33	1612492	1611835	32,0,0,0,0,0,0,0,0,0,0,0,0,0,0,0,0,0,0,0,0,0,0,0,0,0,0,0,0,0,0,0,0,0,0,0,0,0,0,0	2,14,7,1,0,0,0,0,0,0,0,0,0,0,0,0,7,0,0,0,1,0,0,0,0,0,0,0,0,0,0,0,1,0,0,0,0,0,0,0	2	32	32	32	1	33	1612492	1611835	32,0,0,0,0,0,0,0,0,0,0,0,0,0,0,0,0,0,0,0,0,0,0,0,0,0,0,0,0,0,0,0,0,0,0,0,0,0,0,0	2,14,7,1,0,0,0,0,0,0,0,0,0,0,0,0,7,0,0,0,1,0,0,0,0,0,0,0,0,0,0,0,1,0,0,0,0,0,0,0
tb.dut.clusters[0].cluster.sockets[0].socket.cores[0].core.execute.fpu_unit.genblk1[0].fpu_fpnew.genblk3[2].fpnew_core.gen_operation_groups[3].i_opgroup_block.gen_merged_slice.i_multifmt_slice.gen_num_lanes[0].active_lane.lane_instance.i_fpnew_cast_multi.fmt_init_inputs[0].active_format.i_fpnew_classifier	24	212	133	32	32	32	1	33	1612492	1611835	32,0,0,0,0,0,0,0,0,0,0,0,0,0,0,0,0,0,0,0,0,0,0,0,0,0,0,0,0,0,0,0,0,0,0,0,0,0,0,0	2,14,7,1,0,0,0,0,0,0,0,0,0,0,0,0,7,0,0,0,1,0,0,0,0,0,0,0,0,0,0,0,1,0,0,0,0,0,0,0	2	32	32	32	1	33	1612492	1611835	32,0,0,0,0,0,0,0,0,0,0,0,0,0,0,0,0,0,0,0,0,0,0,0,0,0,0,0,0,0,0,0,0,0,0,0,0,0,0,0	2,14,7,1,0,0,0,0,0,0,0,0,0,0,0,0,7,0,0,0,1,0,0,0,0,0,0,0,0,0,0,0,1,0,0,0,0,0,0,0
tb.dut.clusters[0].cluster.sockets[0].socket.cores[0].core.execute.fpu_unit.genblk1[0].fpu_fpnew.genblk3[2].fpnew_core.gen_operation_groups[3].i_opgroup_block.gen_merged_slice.i_multifmt_slice.gen_num_lanes[0].active_lane.lane_instance.i_fpnew_cast_multi.fmt_init_inputs[0].active_format.i_fpnew_classifier.gen_num_values[0]	25	40	66	32	32	32	1	33	1612492	1611835	32,0,0,0,0,0,0,0,0,0,0,0,0,0,0,0,0,0,0,0,0,0,0,0,0,0,0,0,0,0,0,0,0,0,0,0,0,0,0,0	2,14,7,1,0,0,0,0,0,0,0,0,0,0,0,0,7,0,0,0,1,0,0,0,0,0,0,0,0,0,0,0,1,0,0,0,0,0,0,0	2	16	16	16	1	17	1612508	1611838	16,0,0,0,0,0,0,0,0,0,0,0,0,0,0,0,0,0,0,0,0,0,0,0,0,0,0,0,0,0,0,0,0,0,0,0,0,0,0,0	0,0,0,0,0,8,0,0,0,0,0,0,0,0,0,0,7,0,0,0,1,0,0,0,0,0,0,0,0,0,0,0,1,0,0,0,0,0,0,0
tb.dut.clusters[0].cluster.sockets[0].socket.cores[0].core.execute.fpu_unit.genblk1[0].fpu_fpnew.genblk3[2].fpnew_core.gen_operation_groups[3].i_opgroup_block.gen_merged_slice.i_multifmt_slice.gen_num_lanes[0].active_lane.lane_instance.i_fpnew_cast_multi.fmt_init_inputs[1]	22	96	0	0	0	0	0	1	1612524	1612524	0,0,0,0,0,0,0,0,0,0,0,0,0,0,0,0,0,0,0,0,0,0,0,0,0,0,0,0,0,0,0,0,0,0,0,0,0,0,0,0	0,0,0,0,0,0,0,0,0,0,0,0,0,0,0,0,0,0,0,0,0,0,0,0,0,0,0,0,0,0,0,0,1,0,0,0,0,0,0,0	2	0	0	0	0	1	1612524	1612524	0,0,0,0,0,0,0,0,0,0,0,0,0,0,0,0,0,0,0,0,0,0,0,0,0,0,0,0,0,0,0,0,0,0,0,0,0,0,0,0	0,0,0,0,0,0,0,0,0,0,0,0,0,0,0,0,0,0,0,0,0,0,0,0,0,0,0,0,0,0,0,0,1,0,0,0,0,0,0,0
tb.dut.clusters[0].cluster.sockets[0].socket.cores[0].core.execute.fpu_unit.genblk1[0].fpu_fpnew.genblk3[2].fpnew_core.gen_operation_groups[3].i_opgroup_block.gen_merged_slice.i_multifmt_slice.gen_num_lanes[0].active_lane.lane_instance.i_fpnew_cast_multi.fmt_init_inputs[2]	22	96	0	0	0	0	0	1	1612524	1612524	0,0,0,0,0,0,0,0,0,0,0,0,0,0,0,0,0,0,0,0,0,0,0,0,0,0,0,0,0,0,0,0,0,0,0,0,0,0,0,0	0,0,0,0,0,0,0,0,0,0,0,0,0,0,0,0,0,0,0,0,0,0,0,0,0,0,0,0,0,0,0,0,1,0,0,0,0,0,0,0	2	0	0	0	0	1	1612524	1612524	0,0,0,0,0,0,0,0,0,0,0,0,0,0,0,0,0,0,0,0,0,0,0,0,0,0,0,0,0,0,0,0,0,0,0,0,0,0,0,0	0,0,0,0,0,0,0,0,0,0,0,0,0,0,0,0,0,0,0,0,0,0,0,0,0,0,0,0,0,0,0,0,1,0,0,0,0,0,0,0
tb.dut.clusters[0].cluster.sockets[0].socket.cores[0].core.execute.fpu_unit.genblk1[0].fpu_fpnew.genblk3[2].fpnew_core.gen_operation_groups[3].i_opgroup_block.gen_merged_slice.i_multifmt_slice.gen_num_lanes[0].active_lane.lane_instance.i_fpnew_cast_multi.fmt_init_inputs[3]	22	96	0	0	0	0	0	1	1612524	1612524	0,0,0,0,0,0,0,0,0,0,0,0,0,0,0,0,0,0,0,0,0,0,0,0,0,0,0,0,0,0,0,0,0,0,0,0,0,0,0,0	0,0,0,0,0,0,0,0,0,0,0,0,0,0,0,0,0,0,0,0,0,0,0,0,0,0,0,0,0,0,0,0,1,0,0,0,0,0,0,0	2	0	0	0	0	1	1612524	1612524	0,0,0,0,0,0,0,0,0,0,0,0,0,0,0,0,0,0,0,0,0,0,0,0,0,0,0,0,0,0,0,0,0,0,0,0,0,0,0,0	0,0,0,0,0,0,0,0,0,0,0,0,0,0,0,0,0,0,0,0,0,0,0,0,0,0,0,0,0,0,0,0,1,0,0,0,0,0,0,0
tb.dut.clusters[0].cluster.sockets[0].socket.cores[0].core.execute.fpu_unit.genblk1[0].fpu_fpnew.genblk3[2].fpnew_core.gen_operation_groups[3].i_opgroup_block.gen_merged_slice.i_multifmt_slice.gen_num_lanes[0].active_lane.lane_instance.i_fpnew_cast_multi.fmt_init_inputs[4]	22	96	0	0	0	0	0	1	1612524	1612524	0,0,0,0,0,0,0,0,0,0,0,0,0,0,0,0,0,0,0,0,0,0,0,0,0,0,0,0,0,0,0,0,0,0,0,0,0,0,0,0	0,0,0,0,0,0,0,0,0,0,0,0,0,0,0,0,0,0,0,0,0,0,0,0,0,0,0,0,0,0,0,0,1,0,0,0,0,0,0,0	2	0	0	0	0	1	1612524	1612524	0,0,0,0,0,0,0,0,0,0,0,0,0,0,0,0,0,0,0,0,0,0,0,0,0,0,0,0,0,0,0,0,0,0,0,0,0,0,0,0	0,0,0,0,0,0,0,0,0,0,0,0,0,0,0,0,0,0,0,0,0,0,0,0,0,0,0,0,0,0,0,0,1,0,0,0,0,0,0,0
tb.dut.clusters[0].cluster.sockets[0].socket.cores[0].core.execute.fpu_unit.genblk1[0].fpu_fpnew.genblk3[2].fpnew_core.gen_operation_groups[3].i_opgroup_block.gen_merged_slice.i_multifmt_slice.gen_num_lanes[0].active_lane.lane_instance.i_fpnew_cast_multi.gen_input_pipeline[0]	22	1	64	64	30	64	4	31	1612460	1611836	0,28,0,2,0,0,0,0,0,0,0,0,0,0,0,0,0,0,0,0,0,0,0,0,0,0,0,0,0,0,0,0,0,0,0,0,0,0,0,0	14,7,1,0,0,0,0,0,0,0,0,0,0,0,0,0,7,0,0,0,1,0,0,0,0,0,0,0,0,0,0,0,1,0,0,0,0,0,0,0	2	0	0	0	0	1	1612524	1612524	0,0,0,0,0,0,0,0,0,0,0,0,0,0,0,0,0,0,0,0,0,0,0,0,0,0,0,0,0,0,0,0,0,0,0,0,0,0,0,0	0,0,0,0,0,0,0,0,0,0,0,0,0,0,0,0,0,0,0,0,0,0,0,0,0,0,0,0,0,0,0,0,1,0,0,0,0,0,0,0
tb.dut.clusters[0].cluster.sockets[0].socket.cores[0].core.execute.fpu_unit.genblk1[0].fpu_fpnew.genblk3[2].fpnew_core.gen_operation_groups[3].i_opgroup_block.gen_merged_slice.i_multifmt_slice.gen_num_lanes[0].active_lane.lane_instance.i_fpnew_cast_multi.gen_input_pipeline[1]	22	1	64	64	30	64	4	31	1612460	1611835	0,28,0,2,0,0,0,0,0,0,0,0,0,0,0,0,0,0,0,0,0,0,0,0,0,0,0,0,0,0,0,0,0,0,0,0,0,0,0,0	14,7,1,0,0,0,0,0,0,0,0,0,0,0,0,0,7,0,0,0,1,0,0,0,0,0,0,0,0,0,0,0,1,0,0,0,0,0,0,0	2	0	0	0	0	1	1612524	1612524	0,0,0,0,0,0,0,0,0,0,0,0,0,0,0,0,0,0,0,0,0,0,0,0,0,0,0,0,0,0,0,0,0,0,0,0,0,0,0,0	0,0,0,0,0,0,0,0,0,0,0,0,0,0,0,0,0,0,0,0,0,0,0,0,0,0,0,0,0,0,0,0,1,0,0,0,0,0,0,0
tb.dut.clusters[0].cluster.sockets[0].socket.cores[0].core.execute.fpu_unit.genblk1[0].fpu_fpnew.genblk3[2].fpnew_core.gen_operation_groups[3].i_opgroup_block.gen_merged_slice.i_multifmt_slice.gen_num_lanes[0].active_lane.lane_instance.i_fpnew_cast_multi.gen_inside_pipeline[0]	22	1	64	64	30	64	4	31	1612460	1611834	0,28,0,2,0,0,0,0,0,0,0,0,0,0,0,0,0,0,0,0,0,0,0,0,0,0,0,0,0,0,0,0,0,0,0,0,0,0,0,0	14,7,1,0,0,0,0,0,0,0,0,0,0,0,0,0,7,0,0,0,1,0,0,0,0,0,0,0,0,0,0,0,1,0,0,0,0,0,0,0	2	0	0	0	0	1	1612524	1612524	0,0,0,0,0,0,0,0,0,0,0,0,0,0,0,0,0,0,0,0,0,0,0,0,0,0,0,0,0,0,0,0,0,0,0,0,0,0,0,0	0,0,0,0,0,0,0,0,0,0,0,0,0,0,0,0,0,0,0,0,0,0,0,0,0,0,0,0,0,0,0,0,1,0,0,0,0,0,0,0
tb.dut.clusters[0].cluster.sockets[0].socket.cores[0].core.execute.fpu_unit.genblk1[0].fpu_fpnew.genblk3[2].fpnew_core.gen_operation_groups[3].i_opgroup_block.gen_merged_slice.i_multifmt_slice.gen_num_lanes[0].active_lane.lane_instance.i_fpnew_cast_multi.gen_inside_pipeline[1]	22	1	64	64	30	64	4	31	1612460	1611833	0,28,0,2,0,0,0,0,0,0,0,0,0,0,0,0,0,0,0,0,0,0,0,0,0,0,0,0,0,0,0,0,0,0,0,0,0,0,0,0	14,7,1,0,0,0,0,0,0,0,0,0,0,0,0,0,7,0,0,0,1,0,0,0,0,0,0,0,0,0,0,0,1,0,0,0,0,0,0,0	2	0	0	0	0	1	1612524	1612524	0,0,0,0,0,0,0,0,0,0,0,0,0,0,0,0,0,0,0,0,0,0,0,0,0,0,0,0,0,0,0,0,0,0,0,0,0,0,0,0	0,0,0,0,0,0,0,0,0,0,0,0,0,0,0,0,0,0,0,0,0,0,0,0,0,0,0,0,0,0,0,0,1,0,0,0,0,0,0,0
tb.dut.clusters[0].cluster.sockets[0].socket.cores[0].core.execute.fpu_unit.genblk1[0].fpu_fpnew.genblk3[2].fpnew_core.gen_operation_groups[3].i_opgroup_block.gen_merged_slice.i_multifmt_slice.gen_num_lanes[0].active_lane.lane_instance.i_fpnew_cast_multi.gen_int_overflow[0]	22	32	0	0	0	0	0	1	1612524	1612524	0,0,0,0,0,0,0,0,0,0,0,0,0,0,0,0,0,0,0,0,0,0,0,0,0,0,0,0,0,0,0,0,0,0,0,0,0,0,0,0	0,0,0,0,0,0,0,0,0,0,0,0,0,0,0,0,0,0,0,0,0,0,0,0,0,0,0,0,0,0,0,0,1,0,0,0,0,0,0,0	2	0	0	0	0	1	1612524	1612524	0,0,0,0,0,0,0,0,0,0,0,0,0,0,0,0,0,0,0,0,0,0,0,0,0,0,0,0,0,0,0,0,0,0,0,0,0,0,0,0	0,0,0,0,0,0,0,0,0,0,0,0,0,0,0,0,0,0,0,0,0,0,0,0,0,0,0,0,0,0,0,0,1,0,0,0,0,0,0,0
tb.dut.clusters[0].cluster.sockets[0].socket.cores[0].core.execute.fpu_unit.genblk1[0].fpu_fpnew.genblk3[2].fpnew_core.gen_operation_groups[3].i_opgroup_block.gen_merged_slice.i_multifmt_slice.gen_num_lanes[0].active_lane.lane_instance.i_fpnew_cast_multi.gen_int_overflow[1]	22	32	0	0	0	0	0	1	1612524	1612524	0,0,0,0,0,0,0,0,0,0,0,0,0,0,0,0,0,0,0,0,0,0,0,0,0,0,0,0,0,0,0,0,0,0,0,0,0,0,0,0	0,0,0,0,0,0,0,0,0,0,0,0,0,0,0,0,0,0,0,0,0,0,0,0,0,0,0,0,0,0,0,0,1,0,0,0,0,0,0,0	2	0	0	0	0	1	1612524	1612524	0,0,0,0,0,0,0,0,0,0,0,0,0,0,0,0,0,0,0,0,0,0,0,0,0,0,0,0,0,0,0,0,0,0,0,0,0,0,0,0	0,0,0,0,0,0,0,0,0,0,0,0,0,0,0,0,0,0,0,0,0,0,0,0,0,0,0,0,0,0,0,0,1,0,0,0,0,0,0,0
tb.dut.clusters[0].cluster.sockets[0].socket.cores[0].core.execute.fpu_unit.genblk1[0].fpu_fpnew.genblk3[2].fpnew_core.gen_operation_groups[3].i_opgroup_block.gen_merged_slice.i_multifmt_slice.gen_num_lanes[0].active_lane.lane_instance.i_fpnew_cast_multi.gen_int_overflow[2]	22	32	0	0	0	0	0	1	1612524	1612524	0,0,0,0,0,0,0,0,0,0,0,0,0,0,0,0,0,0,0,0,0,0,0,0,0,0,0,0,0,0,0,0,0,0,0,0,0,0,0,0	0,0,0,0,0,0,0,0,0,0,0,0,0,0,0,0,0,0,0,0,0,0,0,0,0,0,0,0,0,0,0,0,1,0,0,0,0,0,0,0	2	0	0	0	0	1	1612524	1612524	0,0,0,0,0,0,0,0,0,0,0,0,0,0,0,0,0,0,0,0,0,0,0,0,0,0,0,0,0,0,0,0,0,0,0,0,0,0,0,0	0,0,0,0,0,0,0,0,0,0,0,0,0,0,0,0,0,0,0,0,0,0,0,0,0,0,0,0,0,0,0,0,1,0,0,0,0,0,0,0
tb.dut.clusters[0].cluster.sockets[0].socket.cores[0].core.execute.fpu_unit.genblk1[0].fpu_fpnew.genblk3[2].fpnew_core.gen_operation_groups[3].i_opgroup_block.gen_merged_slice.i_multifmt_slice.gen_num_lanes[0].active_lane.lane_instance.i_fpnew_cast_multi.gen_int_overflow[3]	22	32	0	0	0	0	0	1	1612524	1612524	0,0,0,0,0,0,0,0,0,0,0,0,0,0,0,0,0,0,0,0,0,0,0,0,0,0,0,0,0,0,0,0,0,0,0,0,0,0,0,0	0,0,0,0,0,0,0,0,0,0,0,0,0,0,0,0,0,0,0,0,0,0,0,0,0,0,0,0,0,0,0,0,1,0,0,0,0,0,0,0	2	0	0	0	0	1	1612524	1612524	0,0,0,0,0,0,0,0,0,0,0,0,0,0,0,0,0,0,0,0,0,0,0,0,0,0,0,0,0,0,0,0,0,0,0,0,0,0,0,0	0,0,0,0,0,0,0,0,0,0,0,0,0,0,0,0,0,0,0,0,0,0,0,0,0,0,0,0,0,0,0,0,1,0,0,0,0,0,0,0
tb.dut.clusters[0].cluster.sockets[0].socket.cores[0].core.execute.fpu_unit.genblk1[0].fpu_fpnew.genblk3[2].fpnew_core.gen_operation_groups[3].i_opgroup_block.gen_merged_slice.i_multifmt_slice.gen_num_lanes[0].active_lane.lane_instance.i_fpnew_cast_multi.gen_int_res_sign_ext[0]	22	32	0	0	0	0	0	1	1612524	1612524	0,0,0,0,0,0,0,0,0,0,0,0,0,0,0,0,0,0,0,0,0,0,0,0,0,0,0,0,0,0,0,0,0,0,0,0,0,0,0,0	0,0,0,0,0,0,0,0,0,0,0,0,0,0,0,0,0,0,0,0,0,0,0,0,0,0,0,0,0,0,0,0,1,0,0,0,0,0,0,0	2	0	0	0	0	1	1612524	1612524	0,0,0,0,0,0,0,0,0,0,0,0,0,0,0,0,0,0,0,0,0,0,0,0,0,0,0,0,0,0,0,0,0,0,0,0,0,0,0,0	0,0,0,0,0,0,0,0,0,0,0,0,0,0,0,0,0,0,0,0,0,0,0,0,0,0,0,0,0,0,0,0,1,0,0,0,0,0,0,0
tb.dut.clusters[0].cluster.sockets[0].socket.cores[0].core.execute.fpu_unit.genblk1[0].fpu_fpnew.genblk3[2].fpnew_core.gen_operation_groups[3].i_opgroup_block.gen_merged_slice.i_multifmt_slice.gen_num_lanes[0].active_lane.lane_instance.i_fpnew_cast_multi.gen_int_res_sign_ext[1]	22	32	0	0	0	0	0	1	1612524	1612524	0,0,0,0,0,0,0,0,0,0,0,0,0,0,0,0,0,0,0,0,0,0,0,0,0,0,0,0,0,0,0,0,0,0,0,0,0,0,0,0	0,0,0,0,0,0,0,0,0,0,0,0,0,0,0,0,0,0,0,0,0,0,0,0,0,0,0,0,0,0,0,0,1,0,0,0,0,0,0,0	2	0	0	0	0	1	1612524	1612524	0,0,0,0,0,0,0,0,0,0,0,0,0,0,0,0,0,0,0,0,0,0,0,0,0,0,0,0,0,0,0,0,0,0,0,0,0,0,0,0	0,0,0,0,0,0,0,0,0,0,0,0,0,0,0,0,0,0,0,0,0,0,0,0,0,0,0,0,0,0,0,0,1,0,0,0,0,0,0,0
tb.dut.clusters[0].cluster.sockets[0].socket.cores[0].core.execute.fpu_unit.genblk1[0].fpu_fpnew.genblk3[2].fpnew_core.gen_operation_groups[3].i_opgroup_block.gen_merged_slice.i_multifmt_slice.gen_num_lanes[0].active_lane.lane_instance.i_fpnew_cast_multi.gen_int_res_sign_ext[2]	22	32	0	0	0	0	0	1	1612524	1612524	0,0,0,0,0,0,0,0,0,0,0,0,0,0,0,0,0,0,0,0,0,0,0,0,0,0,0,0,0,0,0,0,0,0,0,0,0,0,0,0	0,0,0,0,0,0,0,0,0,0,0,0,0,0,0,0,0,0,0,0,0,0,0,0,0,0,0,0,0,0,0,0,1,0,0,0,0,0,0,0	2	0	0	0	0	1	1612524	1612524	0,0,0,0,0,0,0,0,0,0,0,0,0,0,0,0,0,0,0,0,0,0,0,0,0,0,0,0,0,0,0,0,0,0,0,0,0,0,0,0	0,0,0,0,0,0,0,0,0,0,0,0,0,0,0,0,0,0,0,0,0,0,0,0,0,0,0,0,0,0,0,0,1,0,0,0,0,0,0,0
tb.dut.clusters[0].cluster.sockets[0].socket.cores[0].core.execute.fpu_unit.genblk1[0].fpu_fpnew.genblk3[2].fpnew_core.gen_operation_groups[3].i_opgroup_block.gen_merged_slice.i_multifmt_slice.gen_num_lanes[0].active_lane.lane_instance.i_fpnew_cast_multi.gen_int_res_sign_ext[3]	22	32	0	0	0	0	0	1	1612524	1612524	0,0,0,0,0,0,0,0,0,0,0,0,0,0,0,0,0,0,0,0,0,0,0,0,0,0,0,0,0,0,0,0,0,0,0,0,0,0,0,0	0,0,0,0,0,0,0,0,0,0,0,0,0,0,0,0,0,0,0,0,0,0,0,0,0,0,0,0,0,0,0,0,1,0,0,0,0,0,0,0	2	0	0	0	0	1	1612524	1612524	0,0,0,0,0,0,0,0,0,0,0,0,0,0,0,0,0,0,0,0,0,0,0,0,0,0,0,0,0,0,0,0,0,0,0,0,0,0,0,0	0,0,0,0,0,0,0,0,0,0,0,0,0,0,0,0,0,0,0,0,0,0,0,0,0,0,0,0,0,0,0,0,1,0,0,0,0,0,0,0
tb.dut.clusters[0].cluster.sockets[0].socket.cores[0].core.execute.fpu_unit.genblk1[0].fpu_fpnew.genblk3[2].fpnew_core.gen_operation_groups[3].i_opgroup_block.gen_merged_slice.i_multifmt_slice.gen_num_lanes[0].active_lane.lane_instance.i_fpnew_cast_multi.gen_output_pipeline[0]	22	1	64	64	30	64	4	31	1612460	1611832	0,28,0,2,0,0,0,0,0,0,0,0,0,0,0,0,0,0,0,0,0,0,0,0,0,0,0,0,0,0,0,0,0,0,0,0,0,0,0,0	14,7,1,0,0,0,0,0,0,0,0,0,0,0,0,0,7,0,0,0,1,0,0,0,0,0,0,0,0,0,0,0,1,0,0,0,0,0,0,0	2	0	0	0	0	1	1612524	1612524	0,0,0,0,0,0,0,0,0,0,0,0,0,0,0,0,0,0,0,0,0,0,0,0,0,0,0,0,0,0,0,0,0,0,0,0,0,0,0,0	0,0,0,0,0,0,0,0,0,0,0,0,0,0,0,0,0,0,0,0,0,0,0,0,0,0,0,0,0,0,0,0,1,0,0,0,0,0,0,0
tb.dut.clusters[0].cluster.sockets[0].socket.cores[0].core.execute.fpu_unit.genblk1[0].fpu_fpnew.genblk3[2].fpnew_core.gen_operation_groups[3].i_opgroup_block.gen_merged_slice.i_multifmt_slice.gen_num_lanes[0].active_lane.lane_instance.i_fpnew_cast_multi.gen_res_assemble[0]	22	64	0	0	0	0	0	1	1612524	1612524	0,0,0,0,0,0,0,0,0,0,0,0,0,0,0,0,0,0,0,0,0,0,0,0,0,0,0,0,0,0,0,0,0,0,0,0,0,0,0,0	0,0,0,0,0,0,0,0,0,0,0,0,0,0,0,0,0,0,0,0,0,0,0,0,0,0,0,0,0,0,0,0,1,0,0,0,0,0,0,0	2	0	0	0	0	1	1612524	1612524	0,0,0,0,0,0,0,0,0,0,0,0,0,0,0,0,0,0,0,0,0,0,0,0,0,0,0,0,0,0,0,0,0,0,0,0,0,0,0,0	0,0,0,0,0,0,0,0,0,0,0,0,0,0,0,0,0,0,0,0,0,0,0,0,0,0,0,0,0,0,0,0,1,0,0,0,0,0,0,0
tb.dut.clusters[0].cluster.sockets[0].socket.cores[0].core.execute.fpu_unit.genblk1[0].fpu_fpnew.genblk3[2].fpnew_core.gen_operation_groups[3].i_opgroup_block.gen_merged_slice.i_multifmt_slice.gen_num_lanes[0].active_lane.lane_instance.i_fpnew_cast_multi.gen_res_assemble[1]	22	64	0	0	0	0	0	1	1612524	1612524	0,0,0,0,0,0,0,0,0,0,0,0,0,0,0,0,0,0,0,0,0,0,0,0,0,0,0,0,0,0,0,0,0,0,0,0,0,0,0,0	0,0,0,0,0,0,0,0,0,0,0,0,0,0,0,0,0,0,0,0,0,0,0,0,0,0,0,0,0,0,0,0,1,0,0,0,0,0,0,0	2	0	0	0	0	1	1612524	1612524	0,0,0,0,0,0,0,0,0,0,0,0,0,0,0,0,0,0,0,0,0,0,0,0,0,0,0,0,0,0,0,0,0,0,0,0,0,0,0,0	0,0,0,0,0,0,0,0,0,0,0,0,0,0,0,0,0,0,0,0,0,0,0,0,0,0,0,0,0,0,0,0,1,0,0,0,0,0,0,0
tb.dut.clusters[0].cluster.sockets[0].socket.cores[0].core.execute.fpu_unit.genblk1[0].fpu_fpnew.genblk3[2].fpnew_core.gen_operation_groups[3].i_opgroup_block.gen_merged_slice.i_multifmt_slice.gen_num_lanes[0].active_lane.lane_instance.i_fpnew_cast_multi.gen_res_assemble[2]	22	64	0	0	0	0	0	1	1612524	1612524	0,0,0,0,0,0,0,0,0,0,0,0,0,0,0,0,0,0,0,0,0,0,0,0,0,0,0,0,0,0,0,0,0,0,0,0,0,0,0,0	0,0,0,0,0,0,0,0,0,0,0,0,0,0,0,0,0,0,0,0,0,0,0,0,0,0,0,0,0,0,0,0,1,0,0,0,0,0,0,0	2	0	0	0	0	1	1612524	1612524	0,0,0,0,0,0,0,0,0,0,0,0,0,0,0,0,0,0,0,0,0,0,0,0,0,0,0,0,0,0,0,0,0,0,0,0,0,0,0,0	0,0,0,0,0,0,0,0,0,0,0,0,0,0,0,0,0,0,0,0,0,0,0,0,0,0,0,0,0,0,0,0,1,0,0,0,0,0,0,0
tb.dut.clusters[0].cluster.sockets[0].socket.cores[0].core.execute.fpu_unit.genblk1[0].fpu_fpnew.genblk3[2].fpnew_core.gen_operation_groups[3].i_opgroup_block.gen_merged_slice.i_multifmt_slice.gen_num_lanes[0].active_lane.lane_instance.i_fpnew_cast_multi.gen_res_assemble[3]	22	64	0	0	0	0	0	1	1612524	1612524	0,0,0,0,0,0,0,0,0,0,0,0,0,0,0,0,0,0,0,0,0,0,0,0,0,0,0,0,0,0,0,0,0,0,0,0,0,0,0,0	0,0,0,0,0,0,0,0,0,0,0,0,0,0,0,0,0,0,0,0,0,0,0,0,0,0,0,0,0,0,0,0,1,0,0,0,0,0,0,0	2	0	0	0	0	1	1612524	1612524	0,0,0,0,0,0,0,0,0,0,0,0,0,0,0,0,0,0,0,0,0,0,0,0,0,0,0,0,0,0,0,0,0,0,0,0,0,0,0,0	0,0,0,0,0,0,0,0,0,0,0,0,0,0,0,0,0,0,0,0,0,0,0,0,0,0,0,0,0,0,0,0,1,0,0,0,0,0,0,0
tb.dut.clusters[0].cluster.sockets[0].socket.cores[0].core.execute.fpu_unit.genblk1[0].fpu_fpnew.genblk3[2].fpnew_core.gen_operation_groups[3].i_opgroup_block.gen_merged_slice.i_multifmt_slice.gen_num_lanes[0].active_lane.lane_instance.i_fpnew_cast_multi.gen_res_assemble[4]	22	64	0	0	0	0	0	1	1612524	1612524	0,0,0,0,0,0,0,0,0,0,0,0,0,0,0,0,0,0,0,0,0,0,0,0,0,0,0,0,0,0,0,0,0,0,0,0,0,0,0,0	0,0,0,0,0,0,0,0,0,0,0,0,0,0,0,0,0,0,0,0,0,0,0,0,0,0,0,0,0,0,0,0,1,0,0,0,0,0,0,0	2	0	0	0	0	1	1612524	1612524	0,0,0,0,0,0,0,0,0,0,0,0,0,0,0,0,0,0,0,0,0,0,0,0,0,0,0,0,0,0,0,0,0,0,0,0,0,0,0,0	0,0,0,0,0,0,0,0,0,0,0,0,0,0,0,0,0,0,0,0,0,0,0,0,0,0,0,0,0,0,0,0,1,0,0,0,0,0,0,0
tb.dut.clusters[0].cluster.sockets[0].socket.cores[0].core.execute.fpu_unit.genblk1[0].fpu_fpnew.genblk3[2].fpnew_core.gen_operation_groups[3].i_opgroup_block.gen_merged_slice.i_multifmt_slice.gen_num_lanes[0].active_lane.lane_instance.i_fpnew_cast_multi.gen_sign_extend_int[0]	22	32	0	0	0	0	0	1	1612524	1612524	0,0,0,0,0,0,0,0,0,0,0,0,0,0,0,0,0,0,0,0,0,0,0,0,0,0,0,0,0,0,0,0,0,0,0,0,0,0,0,0	0,0,0,0,0,0,0,0,0,0,0,0,0,0,0,0,0,0,0,0,0,0,0,0,0,0,0,0,0,0,0,0,1,0,0,0,0,0,0,0	2	0	0	0	0	1	1612524	1612524	0,0,0,0,0,0,0,0,0,0,0,0,0,0,0,0,0,0,0,0,0,0,0,0,0,0,0,0,0,0,0,0,0,0,0,0,0,0,0,0	0,0,0,0,0,0,0,0,0,0,0,0,0,0,0,0,0,0,0,0,0,0,0,0,0,0,0,0,0,0,0,0,1,0,0,0,0,0,0,0
tb.dut.clusters[0].cluster.sockets[0].socket.cores[0].core.execute.fpu_unit.genblk1[0].fpu_fpnew.genblk3[2].fpnew_core.gen_operation_groups[3].i_opgroup_block.gen_merged_slice.i_multifmt_slice.gen_num_lanes[0].active_lane.lane_instance.i_fpnew_cast_multi.gen_sign_extend_int[1]	22	32	0	0	0	0	0	1	1612524	1612524	0,0,0,0,0,0,0,0,0,0,0,0,0,0,0,0,0,0,0,0,0,0,0,0,0,0,0,0,0,0,0,0,0,0,0,0,0,0,0,0	0,0,0,0,0,0,0,0,0,0,0,0,0,0,0,0,0,0,0,0,0,0,0,0,0,0,0,0,0,0,0,0,1,0,0,0,0,0,0,0	2	0	0	0	0	1	1612524	1612524	0,0,0,0,0,0,0,0,0,0,0,0,0,0,0,0,0,0,0,0,0,0,0,0,0,0,0,0,0,0,0,0,0,0,0,0,0,0,0,0	0,0,0,0,0,0,0,0,0,0,0,0,0,0,0,0,0,0,0,0,0,0,0,0,0,0,0,0,0,0,0,0,1,0,0,0,0,0,0,0
tb.dut.clusters[0].cluster.sockets[0].socket.cores[0].core.execute.fpu_unit.genblk1[0].fpu_fpnew.genblk3[2].fpnew_core.gen_operation_groups[3].i_opgroup_block.gen_merged_slice.i_multifmt_slice.gen_num_lanes[0].active_lane.lane_instance.i_fpnew_cast_multi.gen_sign_extend_int[2]	22	32	0	0	0	0	0	1	1612524	1612524	0,0,0,0,0,0,0,0,0,0,0,0,0,0,0,0,0,0,0,0,0,0,0,0,0,0,0,0,0,0,0,0,0,0,0,0,0,0,0,0	0,0,0,0,0,0,0,0,0,0,0,0,0,0,0,0,0,0,0,0,0,0,0,0,0,0,0,0,0,0,0,0,1,0,0,0,0,0,0,0	2	0	0	0	0	1	1612524	1612524	0,0,0,0,0,0,0,0,0,0,0,0,0,0,0,0,0,0,0,0,0,0,0,0,0,0,0,0,0,0,0,0,0,0,0,0,0,0,0,0	0,0,0,0,0,0,0,0,0,0,0,0,0,0,0,0,0,0,0,0,0,0,0,0,0,0,0,0,0,0,0,0,1,0,0,0,0,0,0,0
tb.dut.clusters[0].cluster.sockets[0].socket.cores[0].core.execute.fpu_unit.genblk1[0].fpu_fpnew.genblk3[2].fpnew_core.gen_operation_groups[3].i_opgroup_block.gen_merged_slice.i_multifmt_slice.gen_num_lanes[0].active_lane.lane_instance.i_fpnew_cast_multi.gen_sign_extend_int[3]	22	32	0	0	0	0	0	1	1612524	1612524	0,0,0,0,0,0,0,0,0,0,0,0,0,0,0,0,0,0,0,0,0,0,0,0,0,0,0,0,0,0,0,0,0,0,0,0,0,0,0,0	0,0,0,0,0,0,0,0,0,0,0,0,0,0,0,0,0,0,0,0,0,0,0,0,0,0,0,0,0,0,0,0,1,0,0,0,0,0,0,0	2	0	0	0	0	1	1612524	1612524	0,0,0,0,0,0,0,0,0,0,0,0,0,0,0,0,0,0,0,0,0,0,0,0,0,0,0,0,0,0,0,0,0,0,0,0,0,0,0,0	0,0,0,0,0,0,0,0,0,0,0,0,0,0,0,0,0,0,0,0,0,0,0,0,0,0,0,0,0,0,0,0,1,0,0,0,0,0,0,0
tb.dut.clusters[0].cluster.sockets[0].socket.cores[0].core.execute.fpu_unit.genblk1[0].fpu_fpnew.genblk3[2].fpnew_core.gen_operation_groups[3].i_opgroup_block.gen_merged_slice.i_multifmt_slice.gen_num_lanes[0].active_lane.lane_instance.i_fpnew_cast_multi.gen_sign_inject[0]	22	96	0	0	0	0	0	1	1612524	1612524	0,0,0,0,0,0,0,0,0,0,0,0,0,0,0,0,0,0,0,0,0,0,0,0,0,0,0,0,0,0,0,0,0,0,0,0,0,0,0,0	0,0,0,0,0,0,0,0,0,0,0,0,0,0,0,0,0,0,0,0,0,0,0,0,0,0,0,0,0,0,0,0,1,0,0,0,0,0,0,0	2	0	0	0	0	1	1612524	1612524	0,0,0,0,0,0,0,0,0,0,0,0,0,0,0,0,0,0,0,0,0,0,0,0,0,0,0,0,0,0,0,0,0,0,0,0,0,0,0,0	0,0,0,0,0,0,0,0,0,0,0,0,0,0,0,0,0,0,0,0,0,0,0,0,0,0,0,0,0,0,0,0,1,0,0,0,0,0,0,0
tb.dut.clusters[0].cluster.sockets[0].socket.cores[0].core.execute.fpu_unit.genblk1[0].fpu_fpnew.genblk3[2].fpnew_core.gen_operation_groups[3].i_opgroup_block.gen_merged_slice.i_multifmt_slice.gen_num_lanes[0].active_lane.lane_instance.i_fpnew_cast_multi.gen_sign_inject[1]	22	96	0	0	0	0	0	1	1612524	1612524	0,0,0,0,0,0,0,0,0,0,0,0,0,0,0,0,0,0,0,0,0,0,0,0,0,0,0,0,0,0,0,0,0,0,0,0,0,0,0,0	0,0,0,0,0,0,0,0,0,0,0,0,0,0,0,0,0,0,0,0,0,0,0,0,0,0,0,0,0,0,0,0,1,0,0,0,0,0,0,0	2	0	0	0	0	1	1612524	1612524	0,0,0,0,0,0,0,0,0,0,0,0,0,0,0,0,0,0,0,0,0,0,0,0,0,0,0,0,0,0,0,0,0,0,0,0,0,0,0,0	0,0,0,0,0,0,0,0,0,0,0,0,0,0,0,0,0,0,0,0,0,0,0,0,0,0,0,0,0,0,0,0,1,0,0,0,0,0,0,0
tb.dut.clusters[0].cluster.sockets[0].socket.cores[0].core.execute.fpu_unit.genblk1[0].fpu_fpnew.genblk3[2].fpnew_core.gen_operation_groups[3].i_opgroup_block.gen_merged_slice.i_multifmt_slice.gen_num_lanes[0].active_lane.lane_instance.i_fpnew_cast_multi.gen_sign_inject[2]	22	96	0	0	0	0	0	1	1612524	1612524	0,0,0,0,0,0,0,0,0,0,0,0,0,0,0,0,0,0,0,0,0,0,0,0,0,0,0,0,0,0,0,0,0,0,0,0,0,0,0,0	0,0,0,0,0,0,0,0,0,0,0,0,0,0,0,0,0,0,0,0,0,0,0,0,0,0,0,0,0,0,0,0,1,0,0,0,0,0,0,0	2	0	0	0	0	1	1612524	1612524	0,0,0,0,0,0,0,0,0,0,0,0,0,0,0,0,0,0,0,0,0,0,0,0,0,0,0,0,0,0,0,0,0,0,0,0,0,0,0,0	0,0,0,0,0,0,0,0,0,0,0,0,0,0,0,0,0,0,0,0,0,0,0,0,0,0,0,0,0,0,0,0,1,0,0,0,0,0,0,0
tb.dut.clusters[0].cluster.sockets[0].socket.cores[0].core.execute.fpu_unit.genblk1[0].fpu_fpnew.genblk3[2].fpnew_core.gen_operation_groups[3].i_opgroup_block.gen_merged_slice.i_multifmt_slice.gen_num_lanes[0].active_lane.lane_instance.i_fpnew_cast_multi.gen_sign_inject[3]	22	96	0	0	0	0	0	1	1612524	1612524	0,0,0,0,0,0,0,0,0,0,0,0,0,0,0,0,0,0,0,0,0,0,0,0,0,0,0,0,0,0,0,0,0,0,0,0,0,0,0,0	0,0,0,0,0,0,0,0,0,0,0,0,0,0,0,0,0,0,0,0,0,0,0,0,0,0,0,0,0,0,0,0,1,0,0,0,0,0,0,0	2	0	0	0	0	1	1612524	1612524	0,0,0,0,0,0,0,0,0,0,0,0,0,0,0,0,0,0,0,0,0,0,0,0,0,0,0,0,0,0,0,0,0,0,0,0,0,0,0,0	0,0,0,0,0,0,0,0,0,0,0,0,0,0,0,0,0,0,0,0,0,0,0,0,0,0,0,0,0,0,0,0,1,0,0,0,0,0,0,0
tb.dut.clusters[0].cluster.sockets[0].socket.cores[0].core.execute.fpu_unit.genblk1[0].fpu_fpnew.genblk3[2].fpnew_core.gen_operation_groups[3].i_opgroup_block.gen_merged_slice.i_multifmt_slice.gen_num_lanes[0].active_lane.lane_instance.i_fpnew_cast_multi.gen_sign_inject[4]	22	96	0	0	0	0	0	1	1612524	1612524	0,0,0,0,0,0,0,0,0,0,0,0,0,0,0,0,0,0,0,0,0,0,0,0,0,0,0,0,0,0,0,0,0,0,0,0,0,0,0,0	0,0,0,0,0,0,0,0,0,0,0,0,0,0,0,0,0,0,0,0,0,0,0,0,0,0,0,0,0,0,0,0,1,0,0,0,0,0,0,0	2	0	0	0	0	1	1612524	1612524	0,0,0,0,0,0,0,0,0,0,0,0,0,0,0,0,0,0,0,0,0,0,0,0,0,0,0,0,0,0,0,0,0,0,0,0,0,0,0,0	0,0,0,0,0,0,0,0,0,0,0,0,0,0,0,0,0,0,0,0,0,0,0,0,0,0,0,0,0,0,0,0,1,0,0,0,0,0,0,0
tb.dut.clusters[0].cluster.sockets[0].socket.cores[0].core.execute.fpu_unit.genblk1[0].fpu_fpnew.genblk3[2].fpnew_core.gen_operation_groups[3].i_opgroup_block.gen_merged_slice.i_multifmt_slice.gen_num_lanes[0].active_lane.lane_instance.i_fpnew_cast_multi.gen_special_results[0]	22	159	0	0	0	0	0	1	1612524	1612524	0,0,0,0,0,0,0,0,0,0,0,0,0,0,0,0,0,0,0,0,0,0,0,0,0,0,0,0,0,0,0,0,0,0,0,0,0,0,0,0	0,0,0,0,0,0,0,0,0,0,0,0,0,0,0,0,0,0,0,0,0,0,0,0,0,0,0,0,0,0,0,0,1,0,0,0,0,0,0,0	2	0	0	0	0	1	1612524	1612524	0,0,0,0,0,0,0,0,0,0,0,0,0,0,0,0,0,0,0,0,0,0,0,0,0,0,0,0,0,0,0,0,0,0,0,0,0,0,0,0	0,0,0,0,0,0,0,0,0,0,0,0,0,0,0,0,0,0,0,0,0,0,0,0,0,0,0,0,0,0,0,0,1,0,0,0,0,0,0,0
tb.dut.clusters[0].cluster.sockets[0].socket.cores[0].core.execute.fpu_unit.genblk1[0].fpu_fpnew.genblk3[2].fpnew_core.gen_operation_groups[3].i_opgroup_block.gen_merged_slice.i_multifmt_slice.gen_num_lanes[0].active_lane.lane_instance.i_fpnew_cast_multi.gen_special_results[0].active_format	23	32	0	0	0	0	0	1	1612524	1612524	0,0,0,0,0,0,0,0,0,0,0,0,0,0,0,0,0,0,0,0,0,0,0,0,0,0,0,0,0,0,0,0,0,0,0,0,0,0,0,0	0,0,0,0,0,0,0,0,0,0,0,0,0,0,0,0,0,0,0,0,0,0,0,0,0,0,0,0,0,0,0,0,1,0,0,0,0,0,0,0	2	0	0	0	0	1	1612524	1612524	0,0,0,0,0,0,0,0,0,0,0,0,0,0,0,0,0,0,0,0,0,0,0,0,0,0,0,0,0,0,0,0,0,0,0,0,0,0,0,0	0,0,0,0,0,0,0,0,0,0,0,0,0,0,0,0,0,0,0,0,0,0,0,0,0,0,0,0,0,0,0,0,1,0,0,0,0,0,0,0
tb.dut.clusters[0].cluster.sockets[0].socket.cores[0].core.execute.fpu_unit.genblk1[0].fpu_fpnew.genblk3[2].fpnew_core.gen_operation_groups[3].i_opgroup_block.gen_merged_slice.i_multifmt_slice.gen_num_lanes[0].active_lane.lane_instance.i_fpnew_cast_multi.gen_special_results[0].active_format.special_results	24	32	0	0	0	0	0	1	1612524	1612524	0,0,0,0,0,0,0,0,0,0,0,0,0,0,0,0,0,0,0,0,0,0,0,0,0,0,0,0,0,0,0,0,0,0,0,0,0,0,0,0	0,0,0,0,0,0,0,0,0,0,0,0,0,0,0,0,0,0,0,0,0,0,0,0,0,0,0,0,0,0,0,0,1,0,0,0,0,0,0,0	2	0	0	0	0	1	1612524	1612524	0,0,0,0,0,0,0,0,0,0,0,0,0,0,0,0,0,0,0,0,0,0,0,0,0,0,0,0,0,0,0,0,0,0,0,0,0,0,0,0	0,0,0,0,0,0,0,0,0,0,0,0,0,0,0,0,0,0,0,0,0,0,0,0,0,0,0,0,0,0,0,0,1,0,0,0,0,0,0,0
tb.dut.clusters[0].cluster.sockets[0].socket.cores[0].core.execute.fpu_unit.genblk1[0].fpu_fpnew.genblk3[2].fpnew_core.gen_operation_groups[3].i_opgroup_block.gen_merged_slice.i_multifmt_slice.gen_num_lanes[0].active_lane.lane_instance.i_fpnew_cast_multi.gen_special_results[1]	22	159	0	0	0	0	0	1	1612524	1612524	0,0,0,0,0,0,0,0,0,0,0,0,0,0,0,0,0,0,0,0,0,0,0,0,0,0,0,0,0,0,0,0,0,0,0,0,0,0,0,0	0,0,0,0,0,0,0,0,0,0,0,0,0,0,0,0,0,0,0,0,0,0,0,0,0,0,0,0,0,0,0,0,1,0,0,0,0,0,0,0	2	0	0	0	0	1	1612524	1612524	0,0,0,0,0,0,0,0,0,0,0,0,0,0,0,0,0,0,0,0,0,0,0,0,0,0,0,0,0,0,0,0,0,0,0,0,0,0,0,0	0,0,0,0,0,0,0,0,0,0,0,0,0,0,0,0,0,0,0,0,0,0,0,0,0,0,0,0,0,0,0,0,1,0,0,0,0,0,0,0
tb.dut.clusters[0].cluster.sockets[0].socket.cores[0].core.execute.fpu_unit.genblk1[0].fpu_fpnew.genblk3[2].fpnew_core.gen_operation_groups[3].i_opgroup_block.gen_merged_slice.i_multifmt_slice.gen_num_lanes[0].active_lane.lane_instance.i_fpnew_cast_multi.gen_special_results[2]	22	111	0	0	0	0	0	1	1612524	1612524	0,0,0,0,0,0,0,0,0,0,0,0,0,0,0,0,0,0,0,0,0,0,0,0,0,0,0,0,0,0,0,0,0,0,0,0,0,0,0,0	0,0,0,0,0,0,0,0,0,0,0,0,0,0,0,0,0,0,0,0,0,0,0,0,0,0,0,0,0,0,0,0,1,0,0,0,0,0,0,0	2	0	0	0	0	1	1612524	1612524	0,0,0,0,0,0,0,0,0,0,0,0,0,0,0,0,0,0,0,0,0,0,0,0,0,0,0,0,0,0,0,0,0,0,0,0,0,0,0,0	0,0,0,0,0,0,0,0,0,0,0,0,0,0,0,0,0,0,0,0,0,0,0,0,0,0,0,0,0,0,0,0,1,0,0,0,0,0,0,0
tb.dut.clusters[0].cluster.sockets[0].socket.cores[0].core.execute.fpu_unit.genblk1[0].fpu_fpnew.genblk3[2].fpnew_core.gen_operation_groups[3].i_opgroup_block.gen_merged_slice.i_multifmt_slice.gen_num_lanes[0].active_lane.lane_instance.i_fpnew_cast_multi.gen_special_results[3]	22	103	0	0	0	0	0	1	1612524	1612524	0,0,0,0,0,0,0,0,0,0,0,0,0,0,0,0,0,0,0,0,0,0,0,0,0,0,0,0,0,0,0,0,0,0,0,0,0,0,0,0	0,0,0,0,0,0,0,0,0,0,0,0,0,0,0,0,0,0,0,0,0,0,0,0,0,0,0,0,0,0,0,0,1,0,0,0,0,0,0,0	2	0	0	0	0	1	1612524	1612524	0,0,0,0,0,0,0,0,0,0,0,0,0,0,0,0,0,0,0,0,0,0,0,0,0,0,0,0,0,0,0,0,0,0,0,0,0,0,0,0	0,0,0,0,0,0,0,0,0,0,0,0,0,0,0,0,0,0,0,0,0,0,0,0,0,0,0,0,0,0,0,0,1,0,0,0,0,0,0,0
tb.dut.clusters[0].cluster.sockets[0].socket.cores[0].core.execute.fpu_unit.genblk1[0].fpu_fpnew.genblk3[2].fpnew_core.gen_operation_groups[3].i_opgroup_block.gen_merged_slice.i_multifmt_slice.gen_num_lanes[0].active_lane.lane_instance.i_fpnew_cast_multi.gen_special_results[4]	22	111	0	0	0	0	0	1	1612524	1612524	0,0,0,0,0,0,0,0,0,0,0,0,0,0,0,0,0,0,0,0,0,0,0,0,0,0,0,0,0,0,0,0,0,0,0,0,0,0,0,0	0,0,0,0,0,0,0,0,0,0,0,0,0,0,0,0,0,0,0,0,0,0,0,0,0,0,0,0,0,0,0,0,1,0,0,0,0,0,0,0	2	0	0	0	0	1	1612524	1612524	0,0,0,0,0,0,0,0,0,0,0,0,0,0,0,0,0,0,0,0,0,0,0,0,0,0,0,0,0,0,0,0,0,0,0,0,0,0,0,0	0,0,0,0,0,0,0,0,0,0,0,0,0,0,0,0,0,0,0,0,0,0,0,0,0,0,0,0,0,0,0,0,1,0,0,0,0,0,0,0
tb.dut.clusters[0].cluster.sockets[0].socket.cores[0].core.execute.fpu_unit.genblk1[0].fpu_fpnew.genblk3[2].fpnew_core.gen_operation_groups[3].i_opgroup_block.gen_merged_slice.i_multifmt_slice.gen_num_lanes[0].active_lane.lane_instance.i_fpnew_cast_multi.gen_special_results_int[0]	22	32	0	0	0	0	0	1	1612524	1612524	0,0,0,0,0,0,0,0,0,0,0,0,0,0,0,0,0,0,0,0,0,0,0,0,0,0,0,0,0,0,0,0,0,0,0,0,0,0,0,0	0,0,0,0,0,0,0,0,0,0,0,0,0,0,0,0,0,0,0,0,0,0,0,0,0,0,0,0,0,0,0,0,1,0,0,0,0,0,0,0	2	0	0	0	0	1	1612524	1612524	0,0,0,0,0,0,0,0,0,0,0,0,0,0,0,0,0,0,0,0,0,0,0,0,0,0,0,0,0,0,0,0,0,0,0,0,0,0,0,0	0,0,0,0,0,0,0,0,0,0,0,0,0,0,0,0,0,0,0,0,0,0,0,0,0,0,0,0,0,0,0,0,1,0,0,0,0,0,0,0
tb.dut.clusters[0].cluster.sockets[0].socket.cores[0].core.execute.fpu_unit.genblk1[0].fpu_fpnew.genblk3[2].fpnew_core.gen_operation_groups[3].i_opgroup_block.gen_merged_slice.i_multifmt_slice.gen_num_lanes[0].active_lane.lane_instance.i_fpnew_cast_multi.gen_special_results_int[1]	22	32	0	0	0	0	0	1	1612524	1612524	0,0,0,0,0,0,0,0,0,0,0,0,0,0,0,0,0,0,0,0,0,0,0,0,0,0,0,0,0,0,0,0,0,0,0,0,0,0,0,0	0,0,0,0,0,0,0,0,0,0,0,0,0,0,0,0,0,0,0,0,0,0,0,0,0,0,0,0,0,0,0,0,1,0,0,0,0,0,0,0	2	0	0	0	0	1	1612524	1612524	0,0,0,0,0,0,0,0,0,0,0,0,0,0,0,0,0,0,0,0,0,0,0,0,0,0,0,0,0,0,0,0,0,0,0,0,0,0,0,0	0,0,0,0,0,0,0,0,0,0,0,0,0,0,0,0,0,0,0,0,0,0,0,0,0,0,0,0,0,0,0,0,1,0,0,0,0,0,0,0
tb.dut.clusters[0].cluster.sockets[0].socket.cores[0].core.execute.fpu_unit.genblk1[0].fpu_fpnew.genblk3[2].fpnew_core.gen_operation_groups[3].i_opgroup_block.gen_merged_slice.i_multifmt_slice.gen_num_lanes[0].active_lane.lane_instance.i_fpnew_cast_multi.gen_special_results_int[2]	22	32	0	0	0	0	0	1	1612524	1612524	0,0,0,0,0,0,0,0,0,0,0,0,0,0,0,0,0,0,0,0,0,0,0,0,0,0,0,0,0,0,0,0,0,0,0,0,0,0,0,0	0,0,0,0,0,0,0,0,0,0,0,0,0,0,0,0,0,0,0,0,0,0,0,0,0,0,0,0,0,0,0,0,1,0,0,0,0,0,0,0	2	0	0	0	0	1	1612524	1612524	0,0,0,0,0,0,0,0,0,0,0,0,0,0,0,0,0,0,0,0,0,0,0,0,0,0,0,0,0,0,0,0,0,0,0,0,0,0,0,0	0,0,0,0,0,0,0,0,0,0,0,0,0,0,0,0,0,0,0,0,0,0,0,0,0,0,0,0,0,0,0,0,1,0,0,0,0,0,0,0
tb.dut.clusters[0].cluster.sockets[0].socket.cores[0].core.execute.fpu_unit.genblk1[0].fpu_fpnew.genblk3[2].fpnew_core.gen_operation_groups[3].i_opgroup_block.gen_merged_slice.i_multifmt_slice.gen_num_lanes[0].active_lane.lane_instance.i_fpnew_cast_multi.gen_special_results_int[3]	22	32	0	0	0	0	0	1	1612524	1612524	0,0,0,0,0,0,0,0,0,0,0,0,0,0,0,0,0,0,0,0,0,0,0,0,0,0,0,0,0,0,0,0,0,0,0,0,0,0,0,0	0,0,0,0,0,0,0,0,0,0,0,0,0,0,0,0,0,0,0,0,0,0,0,0,0,0,0,0,0,0,0,0,1,0,0,0,0,0,0,0	2	0	0	0	0	1	1612524	1612524	0,0,0,0,0,0,0,0,0,0,0,0,0,0,0,0,0,0,0,0,0,0,0,0,0,0,0,0,0,0,0,0,0,0,0,0,0,0,0,0	0,0,0,0,0,0,0,0,0,0,0,0,0,0,0,0,0,0,0,0,0,0,0,0,0,0,0,0,0,0,0,0,1,0,0,0,0,0,0,0
tb.dut.clusters[0].cluster.sockets[0].socket.cores[0].core.execute.fpu_unit.genblk1[0].fpu_fpnew.genblk3[2].fpnew_core.gen_operation_groups[3].i_opgroup_block.gen_merged_slice.i_multifmt_slice.gen_num_lanes[0].active_lane.lane_instance.i_fpnew_cast_multi.i_fpnew_rounding	22	106	277	32	32	32	1	33	1612492	1611833	32,0,0,0,0,0,0,0,0,0,0,0,0,0,0,0,0,0,0,0,0,0,0,0,0,0,0,0,0,0,0,0,0,0,0,0,0,0,0,0	2,14,7,1,0,0,0,0,0,0,0,0,0,0,0,0,7,0,0,0,1,0,0,0,0,0,0,0,0,0,0,0,1,0,0,0,0,0,0,0	2	32	32	32	1	33	1612492	1611833	32,0,0,0,0,0,0,0,0,0,0,0,0,0,0,0,0,0,0,0,0,0,0,0,0,0,0,0,0,0,0,0,0,0,0,0,0,0,0,0	2,14,7,1,0,0,0,0,0,0,0,0,0,0,0,0,7,0,0,0,1,0,0,0,0,0,0,0,0,0,0,0,1,0,0,0,0,0,0,0
tb.dut.clusters[0].cluster.sockets[0].socket.cores[0].core.execute.fpu_unit.genblk1[0].fpu_fpnew.genblk3[2].fpnew_core.gen_operation_groups[3].i_opgroup_block.gen_merged_slice.i_multifmt_slice.gen_num_lanes[0].active_lane.lane_instance.i_fpnew_cast_multi.i_lzc	22	519	350	32	32	32	1	33	1612492	1611835	32,0,0,0,0,0,0,0,0,0,0,0,0,0,0,0,0,0,0,0,0,0,0,0,0,0,0,0,0,0,0,0,0,0,0,0,0,0,0,0	2,14,7,1,0,0,0,0,0,0,0,0,0,0,0,0,7,0,0,0,1,0,0,0,0,0,0,0,0,0,0,0,1,0,0,0,0,0,0,0	3	32	32	32	1	33	1612492	1611835	32,0,0,0,0,0,0,0,0,0,0,0,0,0,0,0,0,0,0,0,0,0,0,0,0,0,0,0,0,0,0,0,0,0,0,0,0,0,0,0	2,14,7,1,0,0,0,0,0,0,0,0,0,0,0,0,7,0,0,0,1,0,0,0,0,0,0,0,0,0,0,0,1,0,0,0,0,0,0,0
tb.dut.clusters[0].cluster.sockets[0].socket.cores[0].core.execute.fpu_unit.genblk1[0].fpu_fpnew.genblk3[2].fpnew_core.gen_operation_groups[3].i_opgroup_block.gen_merged_slice.i_multifmt_slice.gen_num_lanes[0].active_lane.lane_instance.i_fpnew_cast_multi.i_lzc.gen_lzc	23	416	255	32	32	32	1	33	1612492	1611835	32,0,0,0,0,0,0,0,0,0,0,0,0,0,0,0,0,0,0,0,0,0,0,0,0,0,0,0,0,0,0,0,0,0,0,0,0,0,0,0	2,14,7,1,0,0,0,0,0,0,0,0,0,0,0,0,7,0,0,0,1,0,0,0,0,0,0,0,0,0,0,0,1,0,0,0,0,0,0,0	3	24	24	24	1	25	1612500	1611838	24,0,0,0,0,0,0,0,0,0,0,0,0,0,0,0,0,0,0,0,0,0,0,0,0,0,0,0,0,0,0,0,0,0,0,0,0,0,0,0	1,7,7,1,0,0,0,0,0,0,0,0,0,0,0,0,7,0,0,0,1,0,0,0,0,0,0,0,0,0,0,0,1,0,0,0,0,0,0,0
tb.dut.clusters[0].cluster.sockets[0].socket.cores[0].core.execute.fpu_unit.genblk1[0].fpu_fpnew.genblk3[2].fpnew_core.gen_operation_groups[3].i_opgroup_block.gen_merged_slice.i_multifmt_slice.gen_num_lanes[0].int_results_enabled	19	128	0	0	0	0	0	1	1612524	1612524	0,0,0,0,0,0,0,0,0,0,0,0,0,0,0,0,0,0,0,0,0,0,0,0,0,0,0,0,0,0,0,0,0,0,0,0,0,0,0,0	0,0,0,0,0,0,0,0,0,0,0,0,0,0,0,0,0,0,0,0,0,0,0,0,0,0,0,0,0,0,0,0,1,0,0,0,0,0,0,0	2	0	0	0	0	1	1612524	1612524	0,0,0,0,0,0,0,0,0,0,0,0,0,0,0,0,0,0,0,0,0,0,0,0,0,0,0,0,0,0,0,0,0,0,0,0,0,0,0,0	0,0,0,0,0,0,0,0,0,0,0,0,0,0,0,0,0,0,0,0,0,0,0,0,0,0,0,0,0,0,0,0,1,0,0,0,0,0,0,0
tb.dut.clusters[0].cluster.sockets[0].socket.cores[0].core.execute.fpu_unit.genblk1[0].fpu_fpnew.genblk3[2].fpnew_core.gen_operation_groups[3].i_opgroup_block.gen_merged_slice.i_multifmt_slice.gen_num_lanes[0].int_results_enabled.pack_int_result[0]	20	32	0	0	0	0	0	1	1612524	1612524	0,0,0,0,0,0,0,0,0,0,0,0,0,0,0,0,0,0,0,0,0,0,0,0,0,0,0,0,0,0,0,0,0,0,0,0,0,0,0,0	0,0,0,0,0,0,0,0,0,0,0,0,0,0,0,0,0,0,0,0,0,0,0,0,0,0,0,0,0,0,0,0,1,0,0,0,0,0,0,0	2	0	0	0	0	1	1612524	1612524	0,0,0,0,0,0,0,0,0,0,0,0,0,0,0,0,0,0,0,0,0,0,0,0,0,0,0,0,0,0,0,0,0,0,0,0,0,0,0,0	0,0,0,0,0,0,0,0,0,0,0,0,0,0,0,0,0,0,0,0,0,0,0,0,0,0,0,0,0,0,0,0,1,0,0,0,0,0,0,0
tb.dut.clusters[0].cluster.sockets[0].socket.cores[0].core.execute.fpu_unit.genblk1[0].fpu_fpnew.genblk3[2].fpnew_core.gen_operation_groups[3].i_opgroup_block.gen_merged_slice.i_multifmt_slice.gen_num_lanes[0].int_results_enabled.pack_int_result[1]	20	32	0	0	0	0	0	1	1612524	1612524	0,0,0,0,0,0,0,0,0,0,0,0,0,0,0,0,0,0,0,0,0,0,0,0,0,0,0,0,0,0,0,0,0,0,0,0,0,0,0,0	0,0,0,0,0,0,0,0,0,0,0,0,0,0,0,0,0,0,0,0,0,0,0,0,0,0,0,0,0,0,0,0,1,0,0,0,0,0,0,0	2	0	0	0	0	1	1612524	1612524	0,0,0,0,0,0,0,0,0,0,0,0,0,0,0,0,0,0,0,0,0,0,0,0,0,0,0,0,0,0,0,0,0,0,0,0,0,0,0,0	0,0,0,0,0,0,0,0,0,0,0,0,0,0,0,0,0,0,0,0,0,0,0,0,0,0,0,0,0,0,0,0,1,0,0,0,0,0,0,0
tb.dut.clusters[0].cluster.sockets[0].socket.cores[0].core.execute.fpu_unit.genblk1[0].fpu_fpnew.genblk3[2].fpnew_core.gen_operation_groups[3].i_opgroup_block.gen_merged_slice.i_multifmt_slice.gen_num_lanes[0].int_results_enabled.pack_int_result[2]	20	32	0	0	0	0	0	1	1612524	1612524	0,0,0,0,0,0,0,0,0,0,0,0,0,0,0,0,0,0,0,0,0,0,0,0,0,0,0,0,0,0,0,0,0,0,0,0,0,0,0,0	0,0,0,0,0,0,0,0,0,0,0,0,0,0,0,0,0,0,0,0,0,0,0,0,0,0,0,0,0,0,0,0,1,0,0,0,0,0,0,0	2	0	0	0	0	1	1612524	1612524	0,0,0,0,0,0,0,0,0,0,0,0,0,0,0,0,0,0,0,0,0,0,0,0,0,0,0,0,0,0,0,0,0,0,0,0,0,0,0,0	0,0,0,0,0,0,0,0,0,0,0,0,0,0,0,0,0,0,0,0,0,0,0,0,0,0,0,0,0,0,0,0,1,0,0,0,0,0,0,0
tb.dut.clusters[0].cluster.sockets[0].socket.cores[0].core.execute.fpu_unit.genblk1[0].fpu_fpnew.genblk3[2].fpnew_core.gen_operation_groups[3].i_opgroup_block.gen_merged_slice.i_multifmt_slice.gen_num_lanes[0].int_results_enabled.pack_int_result[3]	20	32	0	0	0	0	0	1	1612524	1612524	0,0,0,0,0,0,0,0,0,0,0,0,0,0,0,0,0,0,0,0,0,0,0,0,0,0,0,0,0,0,0,0,0,0,0,0,0,0,0,0	0,0,0,0,0,0,0,0,0,0,0,0,0,0,0,0,0,0,0,0,0,0,0,0,0,0,0,0,0,0,0,0,1,0,0,0,0,0,0,0	2	0	0	0	0	1	1612524	1612524	0,0,0,0,0,0,0,0,0,0,0,0,0,0,0,0,0,0,0,0,0,0,0,0,0,0,0,0,0,0,0,0,0,0,0,0,0,0,0,0	0,0,0,0,0,0,0,0,0,0,0,0,0,0,0,0,0,0,0,0,0,0,0,0,0,0,0,0,0,0,0,0,1,0,0,0,0,0,0,0
tb.dut.clusters[0].cluster.sockets[0].socket.cores[0].core.execute.fpu_unit.genblk1[0].fpu_fpnew.genblk3[2].fpnew_core.gen_operation_groups[3].i_opgroup_block.gen_merged_slice.i_multifmt_slice.gen_num_lanes[0].pack_fp_result[0]	19	32	0	0	0	0	0	1	1612524	1612524	0,0,0,0,0,0,0,0,0,0,0,0,0,0,0,0,0,0,0,0,0,0,0,0,0,0,0,0,0,0,0,0,0,0,0,0,0,0,0,0	0,0,0,0,0,0,0,0,0,0,0,0,0,0,0,0,0,0,0,0,0,0,0,0,0,0,0,0,0,0,0,0,1,0,0,0,0,0,0,0	2	0	0	0	0	1	1612524	1612524	0,0,0,0,0,0,0,0,0,0,0,0,0,0,0,0,0,0,0,0,0,0,0,0,0,0,0,0,0,0,0,0,0,0,0,0,0,0,0,0	0,0,0,0,0,0,0,0,0,0,0,0,0,0,0,0,0,0,0,0,0,0,0,0,0,0,0,0,0,0,0,0,1,0,0,0,0,0,0,0
tb.dut.clusters[0].cluster.sockets[0].socket.cores[0].core.execute.fpu_unit.genblk1[0].fpu_fpnew.genblk3[2].fpnew_core.gen_operation_groups[3].i_opgroup_block.gen_merged_slice.i_multifmt_slice.gen_num_lanes[0].pack_fp_result[1]	19	32	0	0	0	0	0	1	1612524	1612524	0,0,0,0,0,0,0,0,0,0,0,0,0,0,0,0,0,0,0,0,0,0,0,0,0,0,0,0,0,0,0,0,0,0,0,0,0,0,0,0	0,0,0,0,0,0,0,0,0,0,0,0,0,0,0,0,0,0,0,0,0,0,0,0,0,0,0,0,0,0,0,0,1,0,0,0,0,0,0,0	2	0	0	0	0	1	1612524	1612524	0,0,0,0,0,0,0,0,0,0,0,0,0,0,0,0,0,0,0,0,0,0,0,0,0,0,0,0,0,0,0,0,0,0,0,0,0,0,0,0	0,0,0,0,0,0,0,0,0,0,0,0,0,0,0,0,0,0,0,0,0,0,0,0,0,0,0,0,0,0,0,0,1,0,0,0,0,0,0,0
tb.dut.clusters[0].cluster.sockets[0].socket.cores[0].core.execute.fpu_unit.genblk1[0].fpu_fpnew.genblk3[2].fpnew_core.gen_operation_groups[3].i_opgroup_block.gen_merged_slice.i_multifmt_slice.gen_num_lanes[0].pack_fp_result[2]	19	32	0	0	0	0	0	1	1612524	1612524	0,0,0,0,0,0,0,0,0,0,0,0,0,0,0,0,0,0,0,0,0,0,0,0,0,0,0,0,0,0,0,0,0,0,0,0,0,0,0,0	0,0,0,0,0,0,0,0,0,0,0,0,0,0,0,0,0,0,0,0,0,0,0,0,0,0,0,0,0,0,0,0,1,0,0,0,0,0,0,0	2	0	0	0	0	1	1612524	1612524	0,0,0,0,0,0,0,0,0,0,0,0,0,0,0,0,0,0,0,0,0,0,0,0,0,0,0,0,0,0,0,0,0,0,0,0,0,0,0,0	0,0,0,0,0,0,0,0,0,0,0,0,0,0,0,0,0,0,0,0,0,0,0,0,0,0,0,0,0,0,0,0,1,0,0,0,0,0,0,0
tb.dut.clusters[0].cluster.sockets[0].socket.cores[0].core.execute.fpu_unit.genblk1[0].fpu_fpnew.genblk3[2].fpnew_core.gen_operation_groups[3].i_opgroup_block.gen_merged_slice.i_multifmt_slice.gen_num_lanes[0].pack_fp_result[3]	19	32	0	0	0	0	0	1	1612524	1612524	0,0,0,0,0,0,0,0,0,0,0,0,0,0,0,0,0,0,0,0,0,0,0,0,0,0,0,0,0,0,0,0,0,0,0,0,0,0,0,0	0,0,0,0,0,0,0,0,0,0,0,0,0,0,0,0,0,0,0,0,0,0,0,0,0,0,0,0,0,0,0,0,1,0,0,0,0,0,0,0	2	0	0	0	0	1	1612524	1612524	0,0,0,0,0,0,0,0,0,0,0,0,0,0,0,0,0,0,0,0,0,0,0,0,0,0,0,0,0,0,0,0,0,0,0,0,0,0,0,0	0,0,0,0,0,0,0,0,0,0,0,0,0,0,0,0,0,0,0,0,0,0,0,0,0,0,0,0,0,0,0,0,1,0,0,0,0,0,0,0
tb.dut.clusters[0].cluster.sockets[0].socket.cores[0].core.execute.fpu_unit.genblk1[0].fpu_fpnew.genblk3[2].fpnew_core.gen_operation_groups[3].i_opgroup_block.gen_merged_slice.i_multifmt_slice.gen_num_lanes[0].pack_fp_result[4]	19	32	0	0	0	0	0	1	1612524	1612524	0,0,0,0,0,0,0,0,0,0,0,0,0,0,0,0,0,0,0,0,0,0,0,0,0,0,0,0,0,0,0,0,0,0,0,0,0,0,0,0	0,0,0,0,0,0,0,0,0,0,0,0,0,0,0,0,0,0,0,0,0,0,0,0,0,0,0,0,0,0,0,0,1,0,0,0,0,0,0,0	2	0	0	0	0	1	1612524	1612524	0,0,0,0,0,0,0,0,0,0,0,0,0,0,0,0,0,0,0,0,0,0,0,0,0,0,0,0,0,0,0,0,0,0,0,0,0,0,0,0	0,0,0,0,0,0,0,0,0,0,0,0,0,0,0,0,0,0,0,0,0,0,0,0,0,0,0,0,0,0,0,0,1,0,0,0,0,0,0,0
tb.dut.clusters[0].cluster.sockets[0].socket.cores[0].core.execute.fpu_unit.genblk1[0].fpu_fpnew.genblk3[2].fpnew_core.gen_operation_groups[3].i_opgroup_block.gen_merged_slice.i_multifmt_slice.target_regs	18	227	7385860	583726	524317	583726	3	524318	1028798	8245	466957,55311,2049,0,0,0,0,0,0,0,0,0,0,0,0,0,0,0,0,0,0,0,0,0,0,0,0,0,0,0,0,0,0,0,0,0,0,0,0,0	57356,464898,0,0,0,0,0,0,6,1,0,6,2,0,1,2046,0,0,0,0,1,0,0,0,0,1,0,0,0,0,0,0,0,0,0,0,0,0,0,0	2	583723	524316	583723	3	524317	1028801	8245	466958,55309,2049,0,0,0,0,0,0,0,0,0,0,0,0,0,0,0,0,0,0,0,0,0,0,0,0,0,0,0,0,0,0,0,0,0,0,0,0,0	57355,464896,1,0,1,0,0,0,6,1,0,6,2,0,1,2046,0,0,0,0,1,0,0,0,0,1,0,0,0,0,0,0,0,0,0,0,0,0,0,0
tb.dut.clusters[0].cluster.sockets[0].socket.cores[0].core.execute.fpu_unit.genblk1[0].fpu_fpnew.genblk3[2].fpnew_core.gen_operation_groups[3].i_opgroup_block.gen_merged_slice.i_multifmt_slice.target_regs.gen_bypass_pipeline[0]	19	1	0	0	0	0	0	1	1612524	1612524	0,0,0,0,0,0,0,0,0,0,0,0,0,0,0,0,0,0,0,0,0,0,0,0,0,0,0,0,0,0,0,0,0,0,0,0,0,0,0,0	0,0,0,0,0,0,0,0,0,0,0,0,0,0,0,0,0,0,0,0,0,0,0,0,0,0,0,0,0,0,0,0,1,0,0,0,0,0,0,0	2	0	0	0	0	1	1612524	1612524	0,0,0,0,0,0,0,0,0,0,0,0,0,0,0,0,0,0,0,0,0,0,0,0,0,0,0,0,0,0,0,0,0,0,0,0,0,0,0,0	0,0,0,0,0,0,0,0,0,0,0,0,0,0,0,0,0,0,0,0,0,0,0,0,0,0,0,0,0,0,0,0,1,0,0,0,0,0,0,0
tb.dut.clusters[0].cluster.sockets[0].socket.cores[0].core.execute.fpu_unit.genblk1[0].fpu_fpnew.genblk3[2].fpnew_core.gen_operation_groups[3].i_opgroup_block.gen_merged_slice.i_multifmt_slice.target_regs.gen_bypass_pipeline[1]	19	1	0	0	0	0	0	1	1612524	1612524	0,0,0,0,0,0,0,0,0,0,0,0,0,0,0,0,0,0,0,0,0,0,0,0,0,0,0,0,0,0,0,0,0,0,0,0,0,0,0,0	0,0,0,0,0,0,0,0,0,0,0,0,0,0,0,0,0,0,0,0,0,0,0,0,0,0,0,0,0,0,0,0,1,0,0,0,0,0,0,0	2	0	0	0	0	1	1612524	1612524	0,0,0,0,0,0,0,0,0,0,0,0,0,0,0,0,0,0,0,0,0,0,0,0,0,0,0,0,0,0,0,0,0,0,0,0,0,0,0,0	0,0,0,0,0,0,0,0,0,0,0,0,0,0,0,0,0,0,0,0,0,0,0,0,0,0,0,0,0,0,0,0,1,0,0,0,0,0,0,0
tb.dut.clusters[0].cluster.sockets[0].socket.cores[0].core.execute.fpu_unit.genblk1[0].fpu_fpnew.genblk3[2].fpnew_core.gen_operation_groups[3].i_opgroup_block.gen_merged_slice.i_multifmt_slice.target_regs.gen_bypass_pipeline[2]	19	1	0	0	0	0	0	1	1612524	1612524	0,0,0,0,0,0,0,0,0,0,0,0,0,0,0,0,0,0,0,0,0,0,0,0,0,0,0,0,0,0,0,0,0,0,0,0,0,0,0,0	0,0,0,0,0,0,0,0,0,0,0,0,0,0,0,0,0,0,0,0,0,0,0,0,0,0,0,0,0,0,0,0,1,0,0,0,0,0,0,0	2	0	0	0	0	1	1612524	1612524	0,0,0,0,0,0,0,0,0,0,0,0,0,0,0,0,0,0,0,0,0,0,0,0,0,0,0,0,0,0,0,0,0,0,0,0,0,0,0,0	0,0,0,0,0,0,0,0,0,0,0,0,0,0,0,0,0,0,0,0,0,0,0,0,0,0,0,0,0,0,0,0,1,0,0,0,0,0,0,0
tb.dut.clusters[0].cluster.sockets[0].socket.cores[0].core.execute.fpu_unit.genblk1[0].fpu_fpnew.genblk3[2].fpnew_core.gen_operation_groups[3].i_opgroup_block.gen_merged_slice.i_multifmt_slice.target_regs.gen_bypass_pipeline[3]	19	1	0	0	0	0	0	1	1612524	1612524	0,0,0,0,0,0,0,0,0,0,0,0,0,0,0,0,0,0,0,0,0,0,0,0,0,0,0,0,0,0,0,0,0,0,0,0,0,0,0,0	0,0,0,0,0,0,0,0,0,0,0,0,0,0,0,0,0,0,0,0,0,0,0,0,0,0,0,0,0,0,0,0,1,0,0,0,0,0,0,0	2	0	0	0	0	1	1612524	1612524	0,0,0,0,0,0,0,0,0,0,0,0,0,0,0,0,0,0,0,0,0,0,0,0,0,0,0,0,0,0,0,0,0,0,0,0,0,0,0,0	0,0,0,0,0,0,0,0,0,0,0,0,0,0,0,0,0,0,0,0,0,0,0,0,0,0,0,0,0,0,0,0,1,0,0,0,0,0,0,0
tb.dut.clusters[0].cluster.sockets[0].socket.cores[0].core.execute.fpu_unit.genblk1[0].fpu_fpnew.genblk3[2].fpnew_core.gen_operation_groups[3].i_opgroup_block.gen_merged_slice.i_multifmt_slice.target_regs.gen_bypass_pipeline[4]	19	1	0	0	0	0	0	1	1612524	1612524	0,0,0,0,0,0,0,0,0,0,0,0,0,0,0,0,0,0,0,0,0,0,0,0,0,0,0,0,0,0,0,0,0,0,0,0,0,0,0,0	0,0,0,0,0,0,0,0,0,0,0,0,0,0,0,0,0,0,0,0,0,0,0,0,0,0,0,0,0,0,0,0,1,0,0,0,0,0,0,0	2	0	0	0	0	1	1612524	1612524	0,0,0,0,0,0,0,0,0,0,0,0,0,0,0,0,0,0,0,0,0,0,0,0,0,0,0,0,0,0,0,0,0,0,0,0,0,0,0,0	0,0,0,0,0,0,0,0,0,0,0,0,0,0,0,0,0,0,0,0,0,0,0,0,0,0,0,0,0,0,0,0,1,0,0,0,0,0,0,0
tb.dut.clusters[0].cluster.sockets[0].socket.cores[0].core.execute.fpu_unit.genblk1[0].fpu_fpnew.genblk3[2].fpnew_core.gen_operation_groups[3].i_opgroup_block.gen_parallel_slices[0]	16	2	0	0	0	0	0	1	1612524	1612524	0,0,0,0,0,0,0,0,0,0,0,0,0,0,0,0,0,0,0,0,0,0,0,0,0,0,0,0,0,0,0,0,0,0,0,0,0,0,0,0	0,0,0,0,0,0,0,0,0,0,0,0,0,0,0,0,0,0,0,0,0,0,0,0,0,0,0,0,0,0,0,0,1,0,0,0,0,0,0,0	2	0	0	0	0	1	1612524	1612524	0,0,0,0,0,0,0,0,0,0,0,0,0,0,0,0,0,0,0,0,0,0,0,0,0,0,0,0,0,0,0,0,0,0,0,0,0,0,0,0	0,0,0,0,0,0,0,0,0,0,0,0,0,0,0,0,0,0,0,0,0,0,0,0,0,0,0,0,0,0,0,0,1,0,0,0,0,0,0,0
tb.dut.clusters[0].cluster.sockets[0].socket.cores[0].core.execute.fpu_unit.genblk1[0].fpu_fpnew.genblk3[2].fpnew_core.gen_operation_groups[3].i_opgroup_block.gen_parallel_slices[1]	16	2	0	0	0	0	0	1	1612524	1612524	0,0,0,0,0,0,0,0,0,0,0,0,0,0,0,0,0,0,0,0,0,0,0,0,0,0,0,0,0,0,0,0,0,0,0,0,0,0,0,0	0,0,0,0,0,0,0,0,0,0,0,0,0,0,0,0,0,0,0,0,0,0,0,0,0,0,0,0,0,0,0,0,1,0,0,0,0,0,0,0	2	0	0	0	0	1	1612524	1612524	0,0,0,0,0,0,0,0,0,0,0,0,0,0,0,0,0,0,0,0,0,0,0,0,0,0,0,0,0,0,0,0,0,0,0,0,0,0,0,0	0,0,0,0,0,0,0,0,0,0,0,0,0,0,0,0,0,0,0,0,0,0,0,0,0,0,0,0,0,0,0,0,1,0,0,0,0,0,0,0
tb.dut.clusters[0].cluster.sockets[0].socket.cores[0].core.execute.fpu_unit.genblk1[0].fpu_fpnew.genblk3[2].fpnew_core.gen_operation_groups[3].i_opgroup_block.gen_parallel_slices[2]	16	2	0	0	0	0	0	1	1612524	1612524	0,0,0,0,0,0,0,0,0,0,0,0,0,0,0,0,0,0,0,0,0,0,0,0,0,0,0,0,0,0,0,0,0,0,0,0,0,0,0,0	0,0,0,0,0,0,0,0,0,0,0,0,0,0,0,0,0,0,0,0,0,0,0,0,0,0,0,0,0,0,0,0,1,0,0,0,0,0,0,0	2	0	0	0	0	1	1612524	1612524	0,0,0,0,0,0,0,0,0,0,0,0,0,0,0,0,0,0,0,0,0,0,0,0,0,0,0,0,0,0,0,0,0,0,0,0,0,0,0,0	0,0,0,0,0,0,0,0,0,0,0,0,0,0,0,0,0,0,0,0,0,0,0,0,0,0,0,0,0,0,0,0,1,0,0,0,0,0,0,0
tb.dut.clusters[0].cluster.sockets[0].socket.cores[0].core.execute.fpu_unit.genblk1[0].fpu_fpnew.genblk3[2].fpnew_core.gen_operation_groups[3].i_opgroup_block.gen_parallel_slices[3]	16	2	0	0	0	0	0	1	1612524	1612524	0,0,0,0,0,0,0,0,0,0,0,0,0,0,0,0,0,0,0,0,0,0,0,0,0,0,0,0,0,0,0,0,0,0,0,0,0,0,0,0	0,0,0,0,0,0,0,0,0,0,0,0,0,0,0,0,0,0,0,0,0,0,0,0,0,0,0,0,0,0,0,0,1,0,0,0,0,0,0,0	2	0	0	0	0	1	1612524	1612524	0,0,0,0,0,0,0,0,0,0,0,0,0,0,0,0,0,0,0,0,0,0,0,0,0,0,0,0,0,0,0,0,0,0,0,0,0,0,0,0	0,0,0,0,0,0,0,0,0,0,0,0,0,0,0,0,0,0,0,0,0,0,0,0,0,0,0,0,0,0,0,0,1,0,0,0,0,0,0,0
tb.dut.clusters[0].cluster.sockets[0].socket.cores[0].core.execute.fpu_unit.genblk1[0].fpu_fpnew.genblk3[2].fpnew_core.gen_operation_groups[3].i_opgroup_block.gen_parallel_slices[4]	16	2	0	0	0	0	0	1	1612524	1612524	0,0,0,0,0,0,0,0,0,0,0,0,0,0,0,0,0,0,0,0,0,0,0,0,0,0,0,0,0,0,0,0,0,0,0,0,0,0,0,0	0,0,0,0,0,0,0,0,0,0,0,0,0,0,0,0,0,0,0,0,0,0,0,0,0,0,0,0,0,0,0,0,1,0,0,0,0,0,0,0	2	0	0	0	0	1	1612524	1612524	0,0,0,0,0,0,0,0,0,0,0,0,0,0,0,0,0,0,0,0,0,0,0,0,0,0,0,0,0,0,0,0,0,0,0,0,0,0,0,0	0,0,0,0,0,0,0,0,0,0,0,0,0,0,0,0,0,0,0,0,0,0,0,0,0,0,0,0,0,0,0,0,1,0,0,0,0,0,0,0
tb.dut.clusters[0].cluster.sockets[0].socket.cores[0].core.execute.fpu_unit.genblk1[0].fpu_fpnew.genblk3[2].fpnew_core.gen_operation_groups[3].i_opgroup_block.i_arbiter	16	1510	4203445	1048722	524352	1048722	8	524353	563802	8241	2,524344,0,4,0,0,0,2,0,0,0,0,0,0,0,0,0,0,0,0,0,0,0,0,0,0,0,0,0,0,0,0,0,0,0,0,0,0,0,0	522265,23,9,4,0,1,0,0,0,0,0,0,0,0,1,2046,2,0,0,0,1,0,0,0,0,1,0,0,0,0,0,0,0,0,0,0,0,0,0,0	8	64	30	64	4	31	1612460	1611831	0,28,0,2,0,0,0,0,0,0,0,0,0,0,0,0,0,0,0,0,0,0,0,0,0,0,0,0,0,0,0,0,0,0,0,0,0,0,0,0	14,7,1,0,0,0,0,0,0,0,0,0,0,0,0,0,7,0,0,0,1,0,0,0,0,0,0,0,0,0,0,0,1,0,0,0,0,0,0,0
tb.dut.clusters[0].cluster.sockets[0].socket.cores[0].core.execute.fpu_unit.genblk1[0].fpu_fpnew.genblk3[2].fpnew_core.gen_operation_groups[3].i_opgroup_block.i_arbiter.gen_arbiter	17	1150	3152248	1048720	524350	1048720	8	524351	563804	8241	0,524344,0,4,0,0,0,2,0,0,0,0,0,0,0,0,0,0,0,0,0,0,0,0,0,0,0,0,0,0,0,0,0,0,0,0,0,0,0,0	522265,23,8,4,0,1,0,0,0,0,0,0,0,0,1,2046,1,0,0,0,1,0,0,0,0,1,0,0,0,0,0,0,0,0,0,0,0,0,0,0	6	64	30	64	4	31	1612460	1611831	0,28,0,2,0,0,0,0,0,0,0,0,0,0,0,0,0,0,0,0,0,0,0,0,0,0,0,0,0,0,0,0,0,0,0,0,0,0,0,0	14,7,1,0,0,0,0,0,0,0,0,0,0,0,0,0,7,0,0,0,1,0,0,0,0,0,0,0,0,0,0,0,1,0,0,0,0,0,0,0
tb.dut.clusters[0].cluster.sockets[0].socket.cores[0].core.execute.fpu_unit.genblk1[0].fpu_fpnew.genblk3[2].fpnew_core.gen_operation_groups[3].i_opgroup_block.i_arbiter.gen_arbiter.gen_int_rr	18	340	640	64	30	64	4	31	1612460	1611831	0,28,0,2,0,0,0,0,0,0,0,0,0,0,0,0,0,0,0,0,0,0,0,0,0,0,0,0,0,0,0,0,0,0,0,0,0,0,0,0	14,7,1,0,0,0,0,0,0,0,0,0,0,0,0,0,7,0,0,0,1,0,0,0,0,0,0,0,0,0,0,0,1,0,0,0,0,0,0,0	2	64	30	64	4	31	1612460	1611831	0,28,0,2,0,0,0,0,0,0,0,0,0,0,0,0,0,0,0,0,0,0,0,0,0,0,0,0,0,0,0,0,0,0,0,0,0,0,0,0	14,7,1,0,0,0,0,0,0,0,0,0,0,0,0,0,7,0,0,0,1,0,0,0,0,0,0,0,0,0,0,0,1,0,0,0,0,0,0,0
tb.dut.clusters[0].cluster.sockets[0].socket.cores[0].core.execute.fpu_unit.genblk1[0].fpu_fpnew.genblk3[2].fpnew_core.gen_operation_groups[3].i_opgroup_block.i_arbiter.gen_arbiter.gen_int_rr.gen_fair_arb	19	337	640	64	30	64	4	31	1612460	1611831	0,28,0,2,0,0,0,0,0,0,0,0,0,0,0,0,0,0,0,0,0,0,0,0,0,0,0,0,0,0,0,0,0,0,0,0,0,0,0,0	14,7,1,0,0,0,0,0,0,0,0,0,0,0,0,0,7,0,0,0,1,0,0,0,0,0,0,0,0,0,0,0,1,0,0,0,0,0,0,0	2	64	30	64	4	31	1612460	1611831	0,28,0,2,0,0,0,0,0,0,0,0,0,0,0,0,0,0,0,0,0,0,0,0,0,0,0,0,0,0,0,0,0,0,0,0,0,0,0,0	14,7,1,0,0,0,0,0,0,0,0,0,0,0,0,0,7,0,0,0,1,0,0,0,0,0,0,0,0,0,0,0,1,0,0,0,0,0,0,0
tb.dut.clusters[0].cluster.sockets[0].socket.cores[0].core.execute.fpu_unit.genblk1[0].fpu_fpnew.genblk3[2].fpnew_core.gen_operation_groups[3].i_opgroup_block.i_arbiter.gen_arbiter.gen_int_rr.gen_fair_arb.i_lzc_lower	20	158	576	64	30	64	4	31	1612460	1611831	0,28,0,2,0,0,0,0,0,0,0,0,0,0,0,0,0,0,0,0,0,0,0,0,0,0,0,0,0,0,0,0,0,0,0,0,0,0,0,0	14,7,1,0,0,0,0,0,0,0,0,0,0,0,0,0,7,0,0,0,1,0,0,0,0,0,0,0,0,0,0,0,1,0,0,0,0,0,0,0	2	64	30	64	4	31	1612460	1611831	0,28,0,2,0,0,0,0,0,0,0,0,0,0,0,0,0,0,0,0,0,0,0,0,0,0,0,0,0,0,0,0,0,0,0,0,0,0,0,0	14,7,1,0,0,0,0,0,0,0,0,0,0,0,0,0,7,0,0,0,1,0,0,0,0,0,0,0,0,0,0,0,1,0,0,0,0,0,0,0
tb.dut.clusters[0].cluster.sockets[0].socket.cores[0].core.execute.fpu_unit.genblk1[0].fpu_fpnew.genblk3[2].fpnew_core.gen_operation_groups[3].i_opgroup_block.i_arbiter.gen_arbiter.gen_int_rr.gen_fair_arb.i_lzc_lower.gen_lzc	21	84	448	64	30	64	4	31	1612460	1611831	0,28,0,2,0,0,0,0,0,0,0,0,0,0,0,0,0,0,0,0,0,0,0,0,0,0,0,0,0,0,0,0,0,0,0,0,0,0,0,0	14,7,1,0,0,0,0,0,0,0,0,0,0,0,0,0,7,0,0,0,1,0,0,0,0,0,0,0,0,0,0,0,1,0,0,0,0,0,0,0	2	64	30	64	4	31	1612460	1611831	0,28,0,2,0,0,0,0,0,0,0,0,0,0,0,0,0,0,0,0,0,0,0,0,0,0,0,0,0,0,0,0,0,0,0,0,0,0,0,0	14,7,1,0,0,0,0,0,0,0,0,0,0,0,0,0,7,0,0,0,1,0,0,0,0,0,0,0,0,0,0,0,1,0,0,0,0,0,0,0
tb.dut.clusters[0].cluster.sockets[0].socket.cores[0].core.execute.fpu_unit.genblk1[0].fpu_fpnew.genblk3[2].fpnew_core.gen_operation_groups[3].i_opgroup_block.i_arbiter.gen_arbiter.gen_int_rr.gen_fair_arb.i_lzc_upper	20	158	0	0	0	0	0	1	1612524	1612524	0,0,0,0,0,0,0,0,0,0,0,0,0,0,0,0,0,0,0,0,0,0,0,0,0,0,0,0,0,0,0,0,0,0,0,0,0,0,0,0	0,0,0,0,0,0,0,0,0,0,0,0,0,0,0,0,0,0,0,0,0,0,0,0,0,0,0,0,0,0,0,0,1,0,0,0,0,0,0,0	2	0	0	0	0	1	1612524	1612524	0,0,0,0,0,0,0,0,0,0,0,0,0,0,0,0,0,0,0,0,0,0,0,0,0,0,0,0,0,0,0,0,0,0,0,0,0,0,0,0	0,0,0,0,0,0,0,0,0,0,0,0,0,0,0,0,0,0,0,0,0,0,0,0,0,0,0,0,0,0,0,0,1,0,0,0,0,0,0,0
tb.dut.clusters[0].cluster.sockets[0].socket.cores[0].core.execute.fpu_unit.genblk1[0].fpu_fpnew.genblk3[2].fpnew_core.gen_operation_groups[3].i_opgroup_block.i_arbiter.gen_arbiter.gen_int_rr.gen_fair_arb.i_lzc_upper.gen_lzc	21	84	0	0	0	0	0	1	1612524	1612524	0,0,0,0,0,0,0,0,0,0,0,0,0,0,0,0,0,0,0,0,0,0,0,0,0,0,0,0,0,0,0,0,0,0,0,0,0,0,0,0	0,0,0,0,0,0,0,0,0,0,0,0,0,0,0,0,0,0,0,0,0,0,0,0,0,0,0,0,0,0,0,0,1,0,0,0,0,0,0,0	2	0	0	0	0	1	1612524	1612524	0,0,0,0,0,0,0,0,0,0,0,0,0,0,0,0,0,0,0,0,0,0,0,0,0,0,0,0,0,0,0,0,0,0,0,0,0,0,0,0	0,0,0,0,0,0,0,0,0,0,0,0,0,0,0,0,0,0,0,0,0,0,0,0,0,0,0,0,0,0,0,0,1,0,0,0,0,0,0,0
tb.dut.clusters[0].cluster.sockets[0].socket.cores[0].core.execute.fpu_unit.genblk1[0].fpu_fpnew.genblk3[2].fpnew_core.gen_operation_groups[3].i_opgroup_block.i_arbiter.gen_arbiter.gen_levels[0]	18	65	64	64	30	64	4	31	1612460	1611831	0,28,0,2,0,0,0,0,0,0,0,0,0,0,0,0,0,0,0,0,0,0,0,0,0,0,0,0,0,0,0,0,0,0,0,0,0,0,0,0	14,7,1,0,0,0,0,0,0,0,0,0,0,0,0,0,7,0,0,0,1,0,0,0,0,0,0,0,0,0,0,0,1,0,0,0,0,0,0,0	2	0	0	0	0	1	1612524	1612524	0,0,0,0,0,0,0,0,0,0,0,0,0,0,0,0,0,0,0,0,0,0,0,0,0,0,0,0,0,0,0,0,0,0,0,0,0,0,0,0	0,0,0,0,0,0,0,0,0,0,0,0,0,0,0,0,0,0,0,0,0,0,0,0,0,0,0,0,0,0,0,0,1,0,0,0,0,0,0,0
tb.dut.clusters[0].cluster.sockets[0].socket.cores[0].core.execute.fpu_unit.genblk1[0].fpu_fpnew.genblk3[2].fpnew_core.gen_operation_groups[3].i_opgroup_block.i_arbiter.gen_arbiter.gen_levels[0].gen_level[0]	19	65	64	64	30	64	4	31	1612460	1611831	0,28,0,2,0,0,0,0,0,0,0,0,0,0,0,0,0,0,0,0,0,0,0,0,0,0,0,0,0,0,0,0,0,0,0,0,0,0,0,0	14,7,1,0,0,0,0,0,0,0,0,0,0,0,0,0,7,0,0,0,1,0,0,0,0,0,0,0,0,0,0,0,1,0,0,0,0,0,0,0	2	0	0	0	0	1	1612524	1612524	0,0,0,0,0,0,0,0,0,0,0,0,0,0,0,0,0,0,0,0,0,0,0,0,0,0,0,0,0,0,0,0,0,0,0,0,0,0,0,0	0,0,0,0,0,0,0,0,0,0,0,0,0,0,0,0,0,0,0,0,0,0,0,0,0,0,0,0,0,0,0,0,1,0,0,0,0,0,0,0
tb.dut.clusters[0].cluster.sockets[0].socket.cores[0].core.execute.fpu_unit.genblk1[0].fpu_fpnew.genblk3[2].fpnew_core.gen_operation_groups[3].i_opgroup_block.i_arbiter.gen_arbiter.gen_levels[1]	18	130	64	64	30	64	4	31	1612460	1611831	0,28,0,2,0,0,0,0,0,0,0,0,0,0,0,0,0,0,0,0,0,0,0,0,0,0,0,0,0,0,0,0,0,0,0,0,0,0,0,0	14,7,1,0,0,0,0,0,0,0,0,0,0,0,0,0,7,0,0,0,1,0,0,0,0,0,0,0,0,0,0,0,1,0,0,0,0,0,0,0	2	0	0	0	0	1	1612524	1612524	0,0,0,0,0,0,0,0,0,0,0,0,0,0,0,0,0,0,0,0,0,0,0,0,0,0,0,0,0,0,0,0,0,0,0,0,0,0,0,0	0,0,0,0,0,0,0,0,0,0,0,0,0,0,0,0,0,0,0,0,0,0,0,0,0,0,0,0,0,0,0,0,1,0,0,0,0,0,0,0
tb.dut.clusters[0].cluster.sockets[0].socket.cores[0].core.execute.fpu_unit.genblk1[0].fpu_fpnew.genblk3[2].fpnew_core.gen_operation_groups[3].i_opgroup_block.i_arbiter.gen_arbiter.gen_levels[1].gen_level[0]	19	65	64	64	30	64	4	31	1612460	1611831	0,28,0,2,0,0,0,0,0,0,0,0,0,0,0,0,0,0,0,0,0,0,0,0,0,0,0,0,0,0,0,0,0,0,0,0,0,0,0,0	14,7,1,0,0,0,0,0,0,0,0,0,0,0,0,0,7,0,0,0,1,0,0,0,0,0,0,0,0,0,0,0,1,0,0,0,0,0,0,0	2	0	0	0	0	1	1612524	1612524	0,0,0,0,0,0,0,0,0,0,0,0,0,0,0,0,0,0,0,0,0,0,0,0,0,0,0,0,0,0,0,0,0,0,0,0,0,0,0,0	0,0,0,0,0,0,0,0,0,0,0,0,0,0,0,0,0,0,0,0,0,0,0,0,0,0,0,0,0,0,0,0,1,0,0,0,0,0,0,0
tb.dut.clusters[0].cluster.sockets[0].socket.cores[0].core.execute.fpu_unit.genblk1[0].fpu_fpnew.genblk3[2].fpnew_core.gen_operation_groups[3].i_opgroup_block.i_arbiter.gen_arbiter.gen_levels[1].gen_level[1]	19	65	0	0	0	0	0	1	1612524	1612524	0,0,0,0,0,0,0,0,0,0,0,0,0,0,0,0,0,0,0,0,0,0,0,0,0,0,0,0,0,0,0,0,0,0,0,0,0,0,0,0	0,0,0,0,0,0,0,0,0,0,0,0,0,0,0,0,0,0,0,0,0,0,0,0,0,0,0,0,0,0,0,0,1,0,0,0,0,0,0,0	2	0	0	0	0	1	1612524	1612524	0,0,0,0,0,0,0,0,0,0,0,0,0,0,0,0,0,0,0,0,0,0,0,0,0,0,0,0,0,0,0,0,0,0,0,0,0,0,0,0	0,0,0,0,0,0,0,0,0,0,0,0,0,0,0,0,0,0,0,0,0,0,0,0,0,0,0,0,0,0,0,0,1,0,0,0,0,0,0,0
tb.dut.clusters[0].cluster.sockets[0].socket.cores[0].core.execute.fpu_unit.genblk1[0].fpu_fpnew.genblk3[2].fpnew_core.gen_operation_groups[3].i_opgroup_block.i_arbiter.gen_arbiter.gen_levels[2]	18	260	64	64	30	64	4	31	1612460	1611831	0,28,0,2,0,0,0,0,0,0,0,0,0,0,0,0,0,0,0,0,0,0,0,0,0,0,0,0,0,0,0,0,0,0,0,0,0,0,0,0	14,7,1,0,0,0,0,0,0,0,0,0,0,0,0,0,7,0,0,0,1,0,0,0,0,0,0,0,0,0,0,0,1,0,0,0,0,0,0,0	2	0	0	0	0	1	1612524	1612524	0,0,0,0,0,0,0,0,0,0,0,0,0,0,0,0,0,0,0,0,0,0,0,0,0,0,0,0,0,0,0,0,0,0,0,0,0,0,0,0	0,0,0,0,0,0,0,0,0,0,0,0,0,0,0,0,0,0,0,0,0,0,0,0,0,0,0,0,0,0,0,0,1,0,0,0,0,0,0,0
tb.dut.clusters[0].cluster.sockets[0].socket.cores[0].core.execute.fpu_unit.genblk1[0].fpu_fpnew.genblk3[2].fpnew_core.gen_operation_groups[3].i_opgroup_block.i_arbiter.gen_arbiter.gen_levels[2].gen_level[0]	19	65	64	64	30	64	4	31	1612460	1611831	0,28,0,2,0,0,0,0,0,0,0,0,0,0,0,0,0,0,0,0,0,0,0,0,0,0,0,0,0,0,0,0,0,0,0,0,0,0,0,0	14,7,1,0,0,0,0,0,0,0,0,0,0,0,0,0,7,0,0,0,1,0,0,0,0,0,0,0,0,0,0,0,1,0,0,0,0,0,0,0	2	0	0	0	0	1	1612524	1612524	0,0,0,0,0,0,0,0,0,0,0,0,0,0,0,0,0,0,0,0,0,0,0,0,0,0,0,0,0,0,0,0,0,0,0,0,0,0,0,0	0,0,0,0,0,0,0,0,0,0,0,0,0,0,0,0,0,0,0,0,0,0,0,0,0,0,0,0,0,0,0,0,1,0,0,0,0,0,0,0
tb.dut.clusters[0].cluster.sockets[0].socket.cores[0].core.execute.fpu_unit.genblk1[0].fpu_fpnew.genblk3[2].fpnew_core.gen_operation_groups[3].i_opgroup_block.i_arbiter.gen_arbiter.gen_levels[2].gen_level[1]	19	65	0	0	0	0	0	1	1612524	1612524	0,0,0,0,0,0,0,0,0,0,0,0,0,0,0,0,0,0,0,0,0,0,0,0,0,0,0,0,0,0,0,0,0,0,0,0,0,0,0,0	0,0,0,0,0,0,0,0,0,0,0,0,0,0,0,0,0,0,0,0,0,0,0,0,0,0,0,0,0,0,0,0,1,0,0,0,0,0,0,0	2	0	0	0	0	1	1612524	1612524	0,0,0,0,0,0,0,0,0,0,0,0,0,0,0,0,0,0,0,0,0,0,0,0,0,0,0,0,0,0,0,0,0,0,0,0,0,0,0,0	0,0,0,0,0,0,0,0,0,0,0,0,0,0,0,0,0,0,0,0,0,0,0,0,0,0,0,0,0,0,0,0,1,0,0,0,0,0,0,0
tb.dut.clusters[0].cluster.sockets[0].socket.cores[0].core.execute.fpu_unit.genblk1[0].fpu_fpnew.genblk3[2].fpnew_core.gen_operation_groups[3].i_opgroup_block.i_arbiter.gen_arbiter.gen_levels[2].gen_level[2]	19	65	0	0	0	0	0	1	1612524	1612524	0,0,0,0,0,0,0,0,0,0,0,0,0,0,0,0,0,0,0,0,0,0,0,0,0,0,0,0,0,0,0,0,0,0,0,0,0,0,0,0	0,0,0,0,0,0,0,0,0,0,0,0,0,0,0,0,0,0,0,0,0,0,0,0,0,0,0,0,0,0,0,0,1,0,0,0,0,0,0,0	2	0	0	0	0	1	1612524	1612524	0,0,0,0,0,0,0,0,0,0,0,0,0,0,0,0,0,0,0,0,0,0,0,0,0,0,0,0,0,0,0,0,0,0,0,0,0,0,0,0	0,0,0,0,0,0,0,0,0,0,0,0,0,0,0,0,0,0,0,0,0,0,0,0,0,0,0,0,0,0,0,0,1,0,0,0,0,0,0,0
tb.dut.clusters[0].cluster.sockets[0].socket.cores[0].core.execute.fpu_unit.genblk1[0].fpu_fpnew.genblk3[2].fpnew_core.gen_operation_groups[3].i_opgroup_block.i_arbiter.gen_arbiter.gen_levels[2].gen_level[3]	19	65	0	0	0	0	0	1	1612524	1612524	0,0,0,0,0,0,0,0,0,0,0,0,0,0,0,0,0,0,0,0,0,0,0,0,0,0,0,0,0,0,0,0,0,0,0,0,0,0,0,0	0,0,0,0,0,0,0,0,0,0,0,0,0,0,0,0,0,0,0,0,0,0,0,0,0,0,0,0,0,0,0,0,1,0,0,0,0,0,0,0	2	0	0	0	0	1	1612524	1612524	0,0,0,0,0,0,0,0,0,0,0,0,0,0,0,0,0,0,0,0,0,0,0,0,0,0,0,0,0,0,0,0,0,0,0,0,0,0,0,0	0,0,0,0,0,0,0,0,0,0,0,0,0,0,0,0,0,0,0,0,0,0,0,0,0,0,0,0,0,0,0,0,1,0,0,0,0,0,0,0
tb.dut.clusters[0].cluster.sockets[0].socket.cores[0].core.execute.fpu_unit.genblk1[0].fpu_fpnew.genblk3[2].fpnew_core.i_arbiter	14	947	116107414	1573040	2101	1573040	768	2102	39484	8240	2,28,0,2,2,15,0,2,2,0,0,0,0,0,0,0,0,0,0,0,0,2048,0,0,0,0,0,0,0,0,0,0,0,0,0,0,0,0,0,0	30,9,8,3,0,1,0,0,0,0,0,0,0,1,2046,0,2,0,0,0,1,0,0,0,0,1,0,0,0,0,0,0,0,0,0,0,0,0,0,0	5	1048720	524350	1048720	8	524351	563804	8241	0,524344,0,4,0,0,0,2,0,0,0,0,0,0,0,0,0,0,0,0,0,0,0,0,0,0,0,0,0,0,0,0,0,0,0,0,0,0,0,0	522265,23,8,4,0,1,0,0,0,0,0,0,0,0,1,2046,1,0,0,0,1,0,0,0,0,1,0,0,0,0,0,0,0,0,0,0,0,0,0,0
tb.dut.clusters[0].cluster.sockets[0].socket.cores[0].core.execute.fpu_unit.genblk1[0].fpu_fpnew.genblk3[2].fpnew_core.i_arbiter.gen_arbiter	15	636	68016146	1573038	2099	1573038	768	2100	39486	8240	0,28,0,2,2,15,0,2,2,0,0,0,0,0,0,0,0,0,0,0,0,2048,0,0,0,0,0,0,0,0,0,0,0,0,0,0,0,0,0,0	30,9,7,3,0,1,0,0,0,0,0,0,0,1,2046,0,1,0,0,0,1,0,0,0,0,1,0,0,0,0,0,0,0,0,0,0,0,0,0,0	4	1048720	524350	1048720	8	524351	563804	8241	0,524344,0,4,0,0,0,2,0,0,0,0,0,0,0,0,0,0,0,0,0,0,0,0,0,0,0,0,0,0,0,0,0,0,0,0,0,0,0,0	522265,23,8,4,0,1,0,0,0,0,0,0,0,0,1,2046,1,0,0,0,1,0,0,0,0,1,0,0,0,0,0,0,0,0,0,0,0,0,0,0
tb.dut.clusters[0].cluster.sockets[0].socket.cores[0].core.execute.fpu_unit.genblk1[0].fpu_fpnew.genblk3[2].fpnew_core.i_arbiter.gen_arbiter.gen_int_rr	16	274	15730210	1048720	524350	1048720	8	524351	563804	8241	0,524344,0,4,0,0,0,2,0,0,0,0,0,0,0,0,0,0,0,0,0,0,0,0,0,0,0,0,0,0,0,0,0,0,0,0,0,0,0,0	522265,23,8,4,0,1,0,0,0,0,0,0,0,0,1,2046,1,0,0,0,1,0,0,0,0,1,0,0,0,0,0,0,0,0,0,0,0,0,0,0	2	1048720	524350	1048720	8	524351	563804	8241	0,524344,0,4,0,0,0,2,0,0,0,0,0,0,0,0,0,0,0,0,0,0,0,0,0,0,0,0,0,0,0,0,0,0,0,0,0,0,0,0	522265,23,8,4,0,1,0,0,0,0,0,0,0,0,1,2046,1,0,0,0,1,0,0,0,0,1,0,0,0,0,0,0,0,0,0,0,0,0,0,0
tb.dut.clusters[0].cluster.sockets[0].socket.cores[0].core.execute.fpu_unit.genblk1[0].fpu_fpnew.genblk3[2].fpnew_core.i_arbiter.gen_arbiter.gen_int_rr.gen_fair_arb	17	272	15730178	1048720	524350	1048720	8	524351	563804	8241	0,524344,0,4,0,0,0,2,0,0,0,0,0,0,0,0,0,0,0,0,0,0,0,0,0,0,0,0,0,0,0,0,0,0,0,0,0,0,0,0	522265,23,8,4,0,1,0,0,0,0,0,0,0,0,1,2046,1,0,0,0,1,0,0,0,0,1,0,0,0,0,0,0,0,0,0,0,0,0,0,0	2	1048720	524350	1048720	8	524351	563804	8241	0,524344,0,4,0,0,0,2,0,0,0,0,0,0,0,0,0,0,0,0,0,0,0,0,0,0,0,0,0,0,0,0,0,0,0,0,0,0,0,0	522265,23,8,4,0,1,0,0,0,0,0,0,0,0,1,2046,1,0,0,0,1,0,0,0,0,1,0,0,0,0,0,0,0,0,0,0,0,0,0,0
tb.dut.clusters[0].cluster.sockets[0].socket.cores[0].core.execute.fpu_unit.genblk1[0].fpu_fpnew.genblk3[2].fpnew_core.i_arbiter.gen_arbiter.gen_int_rr.gen_fair_arb.i_lzc_lower	18	128	10486752	1048702	524343	1048702	8	524344	563822	8241	0,524338,0,3,0,1,0,1,0,0,0,0,0,0,0,0,0,0,0,0,0,0,0,0,0,0,0,0,0,0,0,0,0,0,0,0,0,0,0,0	522258,17,7,4,6,2,0,0,0,0,0,0,0,0,1,2046,1,0,0,0,1,0,0,0,0,1,0,0,0,0,0,0,0,0,0,0,0,0,0,0	2	1048702	524343	1048702	8	524344	563822	8241	0,524338,0,3,0,1,0,1,0,0,0,0,0,0,0,0,0,0,0,0,0,0,0,0,0,0,0,0,0,0,0,0,0,0,0,0,0,0,0,0	522258,17,7,4,6,2,0,0,0,0,0,0,0,0,1,2046,1,0,0,0,1,0,0,0,0,1,0,0,0,0,0,0,0,0,0,0,0,0,0,0
tb.dut.clusters[0].cluster.sockets[0].socket.cores[0].core.execute.fpu_unit.genblk1[0].fpu_fpnew.genblk3[2].fpnew_core.i_arbiter.gen_arbiter.gen_int_rr.gen_fair_arb.i_lzc_lower.gen_lzc	19	56	6292054	1048702	524343	1048702	8	524344	563822	8241	0,524338,0,3,0,1,0,1,0,0,0,0,0,0,0,0,0,0,0,0,0,0,0,0,0,0,0,0,0,0,0,0,0,0,0,0,0,0,0,0	522258,17,7,4,6,2,0,0,0,0,0,0,0,0,1,2046,1,0,0,0,1,0,0,0,0,1,0,0,0,0,0,0,0,0,0,0,0,0,0,0	2	1048702	524343	1048702	8	524344	563822	8241	0,524338,0,3,0,1,0,1,0,0,0,0,0,0,0,0,0,0,0,0,0,0,0,0,0,0,0,0,0,0,0,0,0,0,0,0,0,0,0,0	522258,17,7,4,6,2,0,0,0,0,0,0,0,0,1,2046,1,0,0,0,1,0,0,0,0,1,0,0,0,0,0,0,0,0,0,0,0,0,0,0
tb.dut.clusters[0].cluster.sockets[0].socket.cores[0].core.execute.fpu_unit.genblk1[0].fpu_fpnew.genblk3[2].fpnew_core.i_arbiter.gen_arbiter.gen_int_rr.gen_fair_arb.i_lzc_upper	18	128	96	18	9	18	2	10	1612506	1611841	0,9,0,0,0,0,0,0,0,0,0,0,0,0,0,0,0,0,0,0,0,0,0,0,0,0,0,0,0,0,0,0,0,0,0,0,0,0,0,0	0,0,0,0,0,0,0,0,0,0,0,0,0,0,0,0,7,1,0,0,1,0,0,0,0,0,0,0,0,0,0,0,1,0,0,0,0,0,0,0	2	18	9	18	2	10	1612506	1611841	0,9,0,0,0,0,0,0,0,0,0,0,0,0,0,0,0,0,0,0,0,0,0,0,0,0,0,0,0,0,0,0,0,0,0,0,0,0,0,0	0,0,0,0,0,0,0,0,0,0,0,0,0,0,0,0,7,1,0,0,1,0,0,0,0,0,0,0,0,0,0,0,1,0,0,0,0,0,0,0
tb.dut.clusters[0].cluster.sockets[0].socket.cores[0].core.execute.fpu_unit.genblk1[0].fpu_fpnew.genblk3[2].fpnew_core.i_arbiter.gen_arbiter.gen_int_rr.gen_fair_arb.i_lzc_upper.gen_lzc	19	56	58	18	9	18	2	10	1612506	1611841	0,9,0,0,0,0,0,0,0,0,0,0,0,0,0,0,0,0,0,0,0,0,0,0,0,0,0,0,0,0,0,0,0,0,0,0,0,0,0,0	0,0,0,0,0,0,0,0,0,0,0,0,0,0,0,0,7,1,0,0,1,0,0,0,0,0,0,0,0,0,0,0,1,0,0,0,0,0,0,0	2	18	9	18	2	10	1612506	1611841	0,9,0,0,0,0,0,0,0,0,0,0,0,0,0,0,0,0,0,0,0,0,0,0,0,0,0,0,0,0,0,0,0,0,0,0,0,0,0,0	0,0,0,0,0,0,0,0,0,0,0,0,0,0,0,0,7,1,0,0,1,0,0,0,0,0,0,0,0,0,0,0,1,0,0,0,0,0,0,0
tb.dut.clusters[0].cluster.sockets[0].socket.cores[0].core.execute.fpu_unit.genblk1[0].fpu_fpnew.genblk3[2].fpnew_core.i_arbiter.gen_arbiter.gen_levels[0]	16	65	1048640	1048640	524318	1048640	4	524319	563884	8241	0,524316,0,2,0,0,0,0,0,0,0,0,0,0,0,0,0,0,0,0,0,0,0,0,0,0,0,0,0,0,0,0,0,0,0,0,0,0,0,0	522251,10,1,1,0,0,0,0,0,0,0,0,0,0,1,2046,7,0,0,0,1,0,0,0,0,1,0,0,0,0,0,0,0,0,0,0,0,0,0,0	2	0	0	0	0	1	1612524	1612524	0,0,0,0,0,0,0,0,0,0,0,0,0,0,0,0,0,0,0,0,0,0,0,0,0,0,0,0,0,0,0,0,0,0,0,0,0,0,0,0	0,0,0,0,0,0,0,0,0,0,0,0,0,0,0,0,0,0,0,0,0,0,0,0,0,0,0,0,0,0,0,0,1,0,0,0,0,0,0,0
tb.dut.clusters[0].cluster.sockets[0].socket.cores[0].core.execute.fpu_unit.genblk1[0].fpu_fpnew.genblk3[2].fpnew_core.i_arbiter.gen_arbiter.gen_levels[0].gen_level[0]	17	65	1048640	1048640	524318	1048640	4	524319	563884	8241	0,524316,0,2,0,0,0,0,0,0,0,0,0,0,0,0,0,0,0,0,0,0,0,0,0,0,0,0,0,0,0,0,0,0,0,0,0,0,0,0	522251,10,1,1,0,0,0,0,0,0,0,0,0,0,1,2046,7,0,0,0,1,0,0,0,0,1,0,0,0,0,0,0,0,0,0,0,0,0,0,0	2	0	0	0	0	1	1612524	1612524	0,0,0,0,0,0,0,0,0,0,0,0,0,0,0,0,0,0,0,0,0,0,0,0,0,0,0,0,0,0,0,0,0,0,0,0,0,0,0,0	0,0,0,0,0,0,0,0,0,0,0,0,0,0,0,0,0,0,0,0,0,0,0,0,0,0,0,0,0,0,0,0,1,0,0,0,0,0,0,0
tb.dut.clusters[0].cluster.sockets[0].socket.cores[0].core.execute.fpu_unit.genblk1[0].fpu_fpnew.genblk3[2].fpnew_core.i_arbiter.gen_arbiter.gen_levels[1]	16	130	1048656	1048656	524320	1048656	8	524321	563868	8241	0,524316,0,2,0,0,0,2,0,0,0,0,0,0,0,0,0,0,0,0,0,0,0,0,0,0,0,0,0,0,0,0,0,0,0,0,0,0,0,0	522251,10,1,1,0,1,0,0,0,0,0,0,0,0,1,2046,7,1,0,0,1,0,0,0,0,1,0,0,0,0,0,0,0,0,0,0,0,0,0,0	2	0	0	0	0	1	1612524	1612524	0,0,0,0,0,0,0,0,0,0,0,0,0,0,0,0,0,0,0,0,0,0,0,0,0,0,0,0,0,0,0,0,0,0,0,0,0,0,0,0	0,0,0,0,0,0,0,0,0,0,0,0,0,0,0,0,0,0,0,0,0,0,0,0,0,0,0,0,0,0,0,0,1,0,0,0,0,0,0,0
tb.dut.clusters[0].cluster.sockets[0].socket.cores[0].core.execute.fpu_unit.genblk1[0].fpu_fpnew.genblk3[2].fpnew_core.i_arbiter.gen_arbiter.gen_levels[1].gen_level[0]	17	65	1048640	1048640	524318	1048640	4	524319	563884	8241	0,524316,0,2,0,0,0,0,0,0,0,0,0,0,0,0,0,0,0,0,0,0,0,0,0,0,0,0,0,0,0,0,0,0,0,0,0,0,0,0	522251,10,1,1,0,0,0,0,0,0,0,0,0,0,1,2046,7,0,0,0,1,0,0,0,0,1,0,0,0,0,0,0,0,0,0,0,0,0,0,0	2	0	0	0	0	1	1612524	1612524	0,0,0,0,0,0,0,0,0,0,0,0,0,0,0,0,0,0,0,0,0,0,0,0,0,0,0,0,0,0,0,0,0,0,0,0,0,0,0,0	0,0,0,0,0,0,0,0,0,0,0,0,0,0,0,0,0,0,0,0,0,0,0,0,0,0,0,0,0,0,0,0,1,0,0,0,0,0,0,0
tb.dut.clusters[0].cluster.sockets[0].socket.cores[0].core.execute.fpu_unit.genblk1[0].fpu_fpnew.genblk3[2].fpnew_core.i_arbiter.gen_arbiter.gen_levels[1].gen_level[1]	17	65	16	16	2	16	8	3	1612508	1612068	0,0,0,0,0,0,0,2,0,0,0,0,0,0,0,0,0,0,0,0,0,0,0,0,0,0,0,0,0,0,0,0,0,0,0,0,0,0,0,0	0,0,0,0,0,1,0,0,0,0,0,0,0,0,0,0,0,0,0,0,1,0,0,0,0,0,0,0,0,0,0,0,1,0,0,0,0,0,0,0	2	0	0	0	0	1	1612524	1612524	0,0,0,0,0,0,0,0,0,0,0,0,0,0,0,0,0,0,0,0,0,0,0,0,0,0,0,0,0,0,0,0,0,0,0,0,0,0,0,0	0,0,0,0,0,0,0,0,0,0,0,0,0,0,0,0,0,0,0,0,0,0,0,0,0,0,0,0,0,0,0,0,1,0,0,0,0,0,0,0
tb.dut.clusters[0].cluster.sockets[0].socket.cores[0].core.execute.fpu_unit.genblk1[0].fpu_fpnew.genblk3[3]	12	43590	1160116281	1581322	2052	1581322	1012	2053	31202	8240	1,0,0,0,1,0,0,0,0,2,0,0,0,0,0,0,0,0,0,0,0,2048,0,0,0,0,0,0,0,0,0,0,0,0,0,0,0,0,0,0	0,0,1,1,0,0,0,0,0,1,2046,0,0,0,1,1,0,0,0,0,1,0,0,0,0,1,0,0,0,0,0,0,0,0,0,0,0,0,0,0	218	1575403	5896	1575403	768	5897	37121	8241	1,2103,14,5,25,8,0,15,0,2,23,1,0,18,0,0,117,158,326,708,867,1505,0,0,0,0,0,0,0,0,0,0,0,0,0,0,0,0,0,0	3829,15,2,1,0,0,0,0,0,0,1,2046,0,0,0,1,0,0,0,0,1,0,0,0,0,1,0,0,0,0,0,0,0,0,0,0,0,0,0,0
tb.dut.clusters[0].cluster.sockets[0].socket.cores[0].core.execute.fpu_unit.genblk1[0].fpu_fpnew.genblk3[3].fpnew_core	13	43581	1155397823	1581322	2052	1581322	1012	2053	31202	8240	1,0,0,0,1,0,0,0,0,2,0,0,0,0,0,0,0,0,0,0,0,2048,0,0,0,0,0,0,0,0,0,0,0,0,0,0,0,0,0,0	0,0,1,1,0,0,0,0,0,1,2046,0,0,0,1,1,0,0,0,0,1,0,0,0,0,1,0,0,0,0,0,0,0,0,0,0,0,0,0,0	218	1575403	5896	1575403	768	5897	37121	8241	1,2103,14,5,25,8,0,15,0,2,23,1,0,18,0,0,117,158,326,708,867,1505,0,0,0,0,0,0,0,0,0,0,0,0,0,0,0,0,0,0	3829,15,2,1,0,0,0,0,0,0,1,2046,0,0,0,1,0,0,0,0,1,0,0,0,0,1,0,0,0,0,0,0,0,0,0,0,0,0,0,0
tb.dut.clusters[0].cluster.sockets[0].socket.cores[0].core.execute.fpu_unit.genblk1[0].fpu_fpnew.genblk3[3].fpnew_core.gen_nanbox_check[0]	14	32	0	0	0	0	0	1	1612524	1612524	0,0,0,0,0,0,0,0,0,0,0,0,0,0,0,0,0,0,0,0,0,0,0,0,0,0,0,0,0,0,0,0,0,0,0,0,0,0,0,0	0,0,0,0,0,0,0,0,0,0,0,0,0,0,0,0,0,0,0,0,0,0,0,0,0,0,0,0,0,0,0,0,1,0,0,0,0,0,0,0	2	0	0	0	0	1	1612524	1612524	0,0,0,0,0,0,0,0,0,0,0,0,0,0,0,0,0,0,0,0,0,0,0,0,0,0,0,0,0,0,0,0,0,0,0,0,0,0,0,0	0,0,0,0,0,0,0,0,0,0,0,0,0,0,0,0,0,0,0,0,0,0,0,0,0,0,0,0,0,0,0,0,1,0,0,0,0,0,0,0
tb.dut.clusters[0].cluster.sockets[0].socket.cores[0].core.execute.fpu_unit.genblk1[0].fpu_fpnew.genblk3[3].fpnew_core.gen_nanbox_check[1]	14	32	0	0	0	0	0	1	1612524	1612524	0,0,0,0,0,0,0,0,0,0,0,0,0,0,0,0,0,0,0,0,0,0,0,0,0,0,0,0,0,0,0,0,0,0,0,0,0,0,0,0	0,0,0,0,0,0,0,0,0,0,0,0,0,0,0,0,0,0,0,0,0,0,0,0,0,0,0,0,0,0,0,0,1,0,0,0,0,0,0,0	2	0	0	0	0	1	1612524	1612524	0,0,0,0,0,0,0,0,0,0,0,0,0,0,0,0,0,0,0,0,0,0,0,0,0,0,0,0,0,0,0,0,0,0,0,0,0,0,0,0	0,0,0,0,0,0,0,0,0,0,0,0,0,0,0,0,0,0,0,0,0,0,0,0,0,0,0,0,0,0,0,0,1,0,0,0,0,0,0,0
tb.dut.clusters[0].cluster.sockets[0].socket.cores[0].core.execute.fpu_unit.genblk1[0].fpu_fpnew.genblk3[3].fpnew_core.gen_nanbox_check[2]	14	32	0	0	0	0	0	1	1612524	1612524	0,0,0,0,0,0,0,0,0,0,0,0,0,0,0,0,0,0,0,0,0,0,0,0,0,0,0,0,0,0,0,0,0,0,0,0,0,0,0,0	0,0,0,0,0,0,0,0,0,0,0,0,0,0,0,0,0,0,0,0,0,0,0,0,0,0,0,0,0,0,0,0,1,0,0,0,0,0,0,0	2	0	0	0	0	1	1612524	1612524	0,0,0,0,0,0,0,0,0,0,0,0,0,0,0,0,0,0,0,0,0,0,0,0,0,0,0,0,0,0,0,0,0,0,0,0,0,0,0,0	0,0,0,0,0,0,0,0,0,0,0,0,0,0,0,0,0,0,0,0,0,0,0,0,0,0,0,0,0,0,0,0,1,0,0,0,0,0,0,0
tb.dut.clusters[0].cluster.sockets[0].socket.cores[0].core.execute.fpu_unit.genblk1[0].fpu_fpnew.genblk3[3].fpnew_core.gen_nanbox_check[3]	14	32	0	0	0	0	0	1	1612524	1612524	0,0,0,0,0,0,0,0,0,0,0,0,0,0,0,0,0,0,0,0,0,0,0,0,0,0,0,0,0,0,0,0,0,0,0,0,0,0,0,0	0,0,0,0,0,0,0,0,0,0,0,0,0,0,0,0,0,0,0,0,0,0,0,0,0,0,0,0,0,0,0,0,1,0,0,0,0,0,0,0	2	0	0	0	0	1	1612524	1612524	0,0,0,0,0,0,0,0,0,0,0,0,0,0,0,0,0,0,0,0,0,0,0,0,0,0,0,0,0,0,0,0,0,0,0,0,0,0,0,0	0,0,0,0,0,0,0,0,0,0,0,0,0,0,0,0,0,0,0,0,0,0,0,0,0,0,0,0,0,0,0,0,1,0,0,0,0,0,0,0
tb.dut.clusters[0].cluster.sockets[0].socket.cores[0].core.execute.fpu_unit.genblk1[0].fpu_fpnew.genblk3[3].fpnew_core.gen_nanbox_check[4]	14	32	0	0	0	0	0	1	1612524	1612524	0,0,0,0,0,0,0,0,0,0,0,0,0,0,0,0,0,0,0,0,0,0,0,0,0,0,0,0,0,0,0,0,0,0,0,0,0,0,0,0	0,0,0,0,0,0,0,0,0,0,0,0,0,0,0,0,0,0,0,0,0,0,0,0,0,0,0,0,0,0,0,0,1,0,0,0,0,0,0,0	2	0	0	0	0	1	1612524	1612524	0,0,0,0,0,0,0,0,0,0,0,0,0,0,0,0,0,0,0,0,0,0,0,0,0,0,0,0,0,0,0,0,0,0,0,0,0,0,0,0	0,0,0,0,0,0,0,0,0,0,0,0,0,0,0,0,0,0,0,0,0,0,0,0,0,0,0,0,0,0,0,0,1,0,0,0,0,0,0,0
tb.dut.clusters[0].cluster.sockets[0].socket.cores[0].core.execute.fpu_unit.genblk1[0].fpu_fpnew.genblk3[3].fpnew_core.gen_operation_groups[0]	14	7400	739430417	1579212	2090	1579212	790	2091	33312	8241	13,19,2,0,1,0,0,0,0,0,0,0,0,0,1,0,6,0,0,0,0,2048,0,0,0,0,0,0,0,0,0,0,0,0,0,0,0,0,0,0	18,19,2,0,1,0,0,0,0,0,1,2046,0,0,0,1,1,0,0,0,1,0,0,0,0,1,0,0,0,0,0,0,0,0,0,0,0,0,0,0	37	1578995	2218	1578995	771	2219	33529	8241	1,148,4,0,0,7,6,1,2,0,0,0,0,0,1,0,0,0,0,0,0,2048,0,0,0,0,0,0,0,0,0,0,0,0,0,0,0,0,0,0	160,0,0,0,0,0,0,0,0,0,2,2051,3,0,0,0,1,0,0,0,1,0,0,0,0,1,0,0,0,0,0,0,0,0,0,0,0,0,0,0
tb.dut.clusters[0].cluster.sockets[0].socket.cores[0].core.execute.fpu_unit.genblk1[0].fpu_fpnew.genblk3[3].fpnew_core.gen_operation_groups[0].i_opgroup_block	15	7352	738381775	1579212	2090	1579212	790	2091	33312	8241	13,19,2,0,1,0,0,0,0,0,0,0,0,0,1,0,6,0,0,0,0,2048,0,0,0,0,0,0,0,0,0,0,0,0,0,0,0,0,0,0	18,19,2,0,1,0,0,0,0,0,1,2046,0,0,0,1,1,0,0,0,1,0,0,0,0,1,0,0,0,0,0,0,0,0,0,0,0,0,0,0	37	1578995	2218	1578995	771	2219	33529	8241	1,148,4,0,0,7,6,1,2,0,0,0,0,0,1,0,0,0,0,0,0,2048,0,0,0,0,0,0,0,0,0,0,0,0,0,0,0,0,0,0	160,0,0,0,0,0,0,0,0,0,2,2051,3,0,0,0,1,0,0,0,1,0,0,0,0,1,0,0,0,0,0,0,0,0,0,0,0,0,0,0
tb.dut.clusters[0].cluster.sockets[0].socket.cores[0].core.execute.fpu_unit.genblk1[0].fpu_fpnew.genblk3[3].fpnew_core.gen_operation_groups[0].i_opgroup_block.gen_parallel_slices[0]	16	5051	520358941	1579212	2090	1579212	790	2091	33312	8241	13,19,2,0,1,0,0,0,0,0,0,0,0,0,1,0,6,0,0,0,0,2048,0,0,0,0,0,0,0,0,0,0,0,0,0,0,0,0,0,0	18,19,2,0,1,0,0,0,0,0,1,2046,0,0,0,1,1,0,0,0,1,0,0,0,0,1,0,0,0,0,0,0,0,0,0,0,0,0,0,0	26	1579139	2074	1579139	771	2075	33385	8241	1,7,3,0,0,7,6,0,0,0,0,0,0,0,1,0,1,0,0,0,0,2048,0,0,0,0,0,0,0,0,0,0,0,0,0,0,0,0,0,0	16,0,0,0,0,0,0,0,0,0,2,2051,3,0,0,0,1,0,0,0,1,0,0,0,0,1,0,0,0,0,0,0,0,0,0,0,0,0,0,0
tb.dut.clusters[0].cluster.sockets[0].socket.cores[0].core.execute.fpu_unit.genblk1[0].fpu_fpnew.genblk3[3].fpnew_core.gen_operation_groups[0].i_opgroup_block.gen_parallel_slices[0].active_format	17	5049	520358941	1579212	2090	1579212	790	2091	33312	8241	13,19,2,0,1,0,0,0,0,0,0,0,0,0,1,0,6,0,0,0,0,2048,0,0,0,0,0,0,0,0,0,0,0,0,0,0,0,0,0,0	18,19,2,0,1,0,0,0,0,0,1,2046,0,0,0,1,1,0,0,0,1,0,0,0,0,1,0,0,0,0,0,0,0,0,0,0,0,0,0,0	26	1579139	2074	1579139	771	2075	33385	8241	1,7,3,0,0,7,6,0,0,0,0,0,0,0,1,0,1,0,0,0,0,2048,0,0,0,0,0,0,0,0,0,0,0,0,0,0,0,0,0,0	16,0,0,0,0,0,0,0,0,0,2,2051,3,0,0,0,1,0,0,0,1,0,0,0,0,1,0,0,0,0,0,0,0,0,0,0,0,0,0,0
tb.dut.clusters[0].cluster.sockets[0].socket.cores[0].core.execute.fpu_unit.genblk1[0].fpu_fpnew.genblk3[3].fpnew_core.gen_operation_groups[0].i_opgroup_block.gen_parallel_slices[0].active_format.i_fmt_slice	18	5015	519310296	1579212	2090	1579212	790	2091	33312	8241	13,19,2,0,1,0,0,0,0,0,0,0,0,0,1,0,6,0,0,0,0,2048,0,0,0,0,0,0,0,0,0,0,0,0,0,0,0,0,0,0	18,19,2,0,1,0,0,0,0,0,1,2046,0,0,0,1,1,0,0,0,1,0,0,0,0,1,0,0,0,0,0,0,0,0,0,0,0,0,0,0	26	1579139	2074	1579139	771	2075	33385	8241	1,7,3,0,0,7,6,0,0,0,0,0,0,0,1,0,1,0,0,0,0,2048,0,0,0,0,0,0,0,0,0,0,0,0,0,0,0,0,0,0	16,0,0,0,0,0,0,0,0,0,2,2051,3,0,0,0,1,0,0,0,1,0,0,0,0,1,0,0,0,0,0,0,0,0,0,0,0,0,0,0
tb.dut.clusters[0].cluster.sockets[0].socket.cores[0].core.execute.fpu_unit.genblk1[0].fpu_fpnew.genblk3[3].fpnew_core.gen_operation_groups[0].i_opgroup_block.gen_parallel_slices[0].active_format.i_fmt_slice.gen_num_lanes[0]	19	4401	448349483	1579212	2090	1579212	790	2091	33312	8241	13,19,2,0,1,0,0,0,0,0,0,0,0,0,1,0,6,0,0,0,0,2048,0,0,0,0,0,0,0,0,0,0,0,0,0,0,0,0,0,0	18,19,2,0,1,0,0,0,0,0,1,2046,0,0,0,1,1,0,0,0,1,0,0,0,0,1,0,0,0,0,0,0,0,0,0,0,0,0,0,0	23	1577759	2074	1577759	771	2075	34765	8242	1,7,3,0,0,7,6,0,0,0,0,0,0,0,1,0,1,0,0,0,0,2048,0,0,0,0,0,0,0,0,0,0,0,0,0,0,0,0,0,0	16,0,0,0,0,0,0,0,0,0,1,674,1381,0,0,0,1,0,0,0,1,0,0,0,0,1,0,0,0,0,0,0,0,0,0,0,0,0,0,0
tb.dut.clusters[0].cluster.sockets[0].socket.cores[0].core.execute.fpu_unit.genblk1[0].fpu_fpnew.genblk3[3].fpnew_core.gen_operation_groups[0].i_opgroup_block.gen_parallel_slices[0].active_format.i_fmt_slice.gen_num_lanes[0].active_lane	20	4368	433054027	1579212	2090	1579212	790	2091	33312	8241	13,19,2,0,1,0,0,0,0,0,0,0,0,0,1,0,6,0,0,0,0,2048,0,0,0,0,0,0,0,0,0,0,0,0,0,0,0,0,0,0	18,19,2,0,1,0,0,0,0,0,1,2046,0,0,0,1,1,0,0,0,1,0,0,0,0,1,0,0,0,0,0,0,0,0,0,0,0,0,0,0	22	1577058	2106	1577058	770	2107	35466	8242	8,24,7,0,2,4,0,0,0,0,1,0,0,0,1,0,1,2,0,5,6,2045,0,0,0,0,0,0,0,0,0,0,0,0,0,0,0,0,0,0	47,1,0,0,0,0,0,0,0,0,1,6,2049,0,0,0,1,0,0,0,1,0,0,0,0,1,0,0,0,0,0,0,0,0,0,0,0,0,0,0
tb.dut.clusters[0].cluster.sockets[0].socket.cores[0].core.execute.fpu_unit.genblk1[0].fpu_fpnew.genblk3[3].fpnew_core.gen_operation_groups[0].i_opgroup_block.gen_parallel_slices[0].active_format.i_fmt_slice.gen_num_lanes[0].active_lane.lane_instance	21	4232	406139910	1579212	2090	1579212	790	2091	33312	8241	13,19,2,0,1,0,0,0,0,0,0,0,0,0,1,0,6,0,0,0,0,2048,0,0,0,0,0,0,0,0,0,0,0,0,0,0,0,0,0,0	18,19,2,0,1,0,0,0,0,0,1,2046,0,0,0,1,1,0,0,0,1,0,0,0,0,1,0,0,0,0,0,0,0,0,0,0,0,0,0,0	22	1576931	2213	1576931	770	2214	35593	8242	10,30,10,0,3,0,2,2,0,0,5,0,0,1,0,0,8,9,6,44,73,2010,0,0,0,0,0,0,0,0,0,0,0,0,0,0,0,0,0,0	154,1,0,0,0,0,0,0,0,0,1,6,2029,20,0,0,1,0,0,0,1,0,0,0,0,1,0,0,0,0,0,0,0,0,0,0,0,0,0,0
tb.dut.clusters[0].cluster.sockets[0].socket.cores[0].core.execute.fpu_unit.genblk1[0].fpu_fpnew.genblk3[3].fpnew_core.gen_operation_groups[0].i_opgroup_block.gen_parallel_slices[0].active_format.i_fmt_slice.gen_num_lanes[0].active_lane.lane_instance.i_fma	22	4232	406139910	1579212	2090	1579212	790	2091	33312	8241	13,19,2,0,1,0,0,0,0,0,0,0,0,0,1,0,6,0,0,0,0,2048,0,0,0,0,0,0,0,0,0,0,0,0,0,0,0,0,0,0	18,19,2,0,1,0,0,0,0,0,1,2046,0,0,0,1,1,0,0,0,1,0,0,0,0,1,0,0,0,0,0,0,0,0,0,0,0,0,0,0	22	1576931	2213	1576931	770	2214	35593	8242	10,30,10,0,3,0,2,2,0,0,5,0,0,1,0,0,8,9,6,44,73,2010,0,0,0,0,0,0,0,0,0,0,0,0,0,0,0,0,0,0	154,1,0,0,0,0,0,0,0,0,1,6,2029,20,0,0,1,0,0,0,1,0,0,0,0,1,0,0,0,0,0,0,0,0,0,0,0,0,0,0
tb.dut.clusters[0].cluster.sockets[0].socket.cores[0].core.execute.fpu_unit.genblk1[0].fpu_fpnew.genblk3[3].fpnew_core.gen_operation_groups[0].i_opgroup_block.gen_parallel_slices[0].active_format.i_fmt_slice.gen_num_lanes[0].active_lane.lane_instance.i_fma.gen_input_pipeline[0]	23	1	1048642	1048642	524320	1048642	4	524321	563882	8245	2,524316,0,2,0,0,0,0,0,0,0,0,0,0,0,0,0,0,0,0,0,0,0,0,0,0,0,0,0,0,0,0,0,0,0,0,0,0,0,0	522252,10,1,2,0,0,0,0,0,0,0,0,0,0,1,2046,7,0,0,0,1,0,0,0,0,1,0,0,0,0,0,0,0,0,0,0,0,0,0,0	2	0	0	0	0	1	1612524	1612524	0,0,0,0,0,0,0,0,0,0,0,0,0,0,0,0,0,0,0,0,0,0,0,0,0,0,0,0,0,0,0,0,0,0,0,0,0,0,0,0	0,0,0,0,0,0,0,0,0,0,0,0,0,0,0,0,0,0,0,0,0,0,0,0,0,0,0,0,0,0,0,0,1,0,0,0,0,0,0,0
tb.dut.clusters[0].cluster.sockets[0].socket.cores[0].core.execute.fpu_unit.genblk1[0].fpu_fpnew.genblk3[3].fpnew_core.gen_operation_groups[0].i_opgroup_block.gen_parallel_slices[0].active_format.i_fmt_slice.gen_num_lanes[0].active_lane.lane_instance.i_fma.gen_inside_pipeline[0]	23	1	1048640	1048640	524318	1048640	4	524319	563884	8244	0,524316,0,2,0,0,0,0,0,0,0,0,0,0,0,0,0,0,0,0,0,0,0,0,0,0,0,0,0,0,0,0,0,0,0,0,0,0,0,0	522251,10,1,1,0,0,0,0,0,0,0,0,0,0,1,2046,7,0,0,0,1,0,0,0,0,1,0,0,0,0,0,0,0,0,0,0,0,0,0,0	2	0	0	0	0	1	1612524	1612524	0,0,0,0,0,0,0,0,0,0,0,0,0,0,0,0,0,0,0,0,0,0,0,0,0,0,0,0,0,0,0,0,0,0,0,0,0,0,0,0	0,0,0,0,0,0,0,0,0,0,0,0,0,0,0,0,0,0,0,0,0,0,0,0,0,0,0,0,0,0,0,0,1,0,0,0,0,0,0,0
tb.dut.clusters[0].cluster.sockets[0].socket.cores[0].core.execute.fpu_unit.genblk1[0].fpu_fpnew.genblk3[3].fpnew_core.gen_operation_groups[0].i_opgroup_block.gen_parallel_slices[0].active_format.i_fmt_slice.gen_num_lanes[0].active_lane.lane_instance.i_fma.gen_inside_pipeline[1]	23	1	1048640	1048640	524318	1048640	4	524319	563884	8243	0,524316,0,2,0,0,0,0,0,0,0,0,0,0,0,0,0,0,0,0,0,0,0,0,0,0,0,0,0,0,0,0,0,0,0,0,0,0,0,0	522251,10,1,1,0,0,0,0,0,0,0,0,0,0,1,2046,7,0,0,0,1,0,0,0,0,1,0,0,0,0,0,0,0,0,0,0,0,0,0,0	2	0	0	0	0	1	1612524	1612524	0,0,0,0,0,0,0,0,0,0,0,0,0,0,0,0,0,0,0,0,0,0,0,0,0,0,0,0,0,0,0,0,0,0,0,0,0,0,0,0	0,0,0,0,0,0,0,0,0,0,0,0,0,0,0,0,0,0,0,0,0,0,0,0,0,0,0,0,0,0,0,0,1,0,0,0,0,0,0,0
tb.dut.clusters[0].cluster.sockets[0].socket.cores[0].core.execute.fpu_unit.genblk1[0].fpu_fpnew.genblk3[3].fpnew_core.gen_operation_groups[0].i_opgroup_block.gen_parallel_slices[0].active_format.i_fmt_slice.gen_num_lanes[0].active_lane.lane_instance.i_fma.gen_output_pipeline[0]	23	1	1048640	1048640	524318	1048640	4	524319	563884	8242	0,524316,0,2,0,0,0,0,0,0,0,0,0,0,0,0,0,0,0,0,0,0,0,0,0,0,0,0,0,0,0,0,0,0,0,0,0,0,0,0	522251,10,1,1,0,0,0,0,0,0,0,0,0,0,1,2046,7,0,0,0,1,0,0,0,0,1,0,0,0,0,0,0,0,0,0,0,0,0,0,0	2	0	0	0	0	1	1612524	1612524	0,0,0,0,0,0,0,0,0,0,0,0,0,0,0,0,0,0,0,0,0,0,0,0,0,0,0,0,0,0,0,0,0,0,0,0,0,0,0,0	0,0,0,0,0,0,0,0,0,0,0,0,0,0,0,0,0,0,0,0,0,0,0,0,0,0,0,0,0,0,0,0,1,0,0,0,0,0,0,0
tb.dut.clusters[0].cluster.sockets[0].socket.cores[0].core.execute.fpu_unit.genblk1[0].fpu_fpnew.genblk3[3].fpnew_core.gen_operation_groups[0].i_opgroup_block.gen_parallel_slices[0].active_format.i_fmt_slice.gen_num_lanes[0].active_lane.lane_instance.i_fma.i_class_inputs	23	374	30110175	524320	524320	524320	1	524321	1088204	8245	524320,0,0,0,0,0,0,0,0,0,0,0,0,0,0,0,0,0,0,0,0,0,0,0,0,0,0,0,0,0,0,0,0,0,0,0,0,0,0,0	2,522251,10,1,1,0,0,0,0,0,0,0,0,0,0,1,2053,0,0,0,1,0,0,0,0,1,0,0,0,0,0,0,0,0,0,0,0,0,0,0	2	524320	524320	524320	1	524321	1088204	8245	524320,0,0,0,0,0,0,0,0,0,0,0,0,0,0,0,0,0,0,0,0,0,0,0,0,0,0,0,0,0,0,0,0,0,0,0,0,0,0,0	2,522251,10,1,1,0,0,0,0,0,0,0,0,0,0,1,2053,0,0,0,1,0,0,0,0,1,0,0,0,0,0,0,0,0,0,0,0,0,0,0
tb.dut.clusters[0].cluster.sockets[0].socket.cores[0].core.execute.fpu_unit.genblk1[0].fpu_fpnew.genblk3[3].fpnew_core.gen_operation_groups[0].i_opgroup_block.gen_parallel_slices[0].active_format.i_fmt_slice.gen_num_lanes[0].active_lane.lane_instance.i_fma.i_class_inputs.gen_num_values[0]	24	40	4150048	299047	299047	299047	1	299048	1313477	8326	299047,0,0,0,0,0,0,0,0,0,0,0,0,0,0,0,0,0,0,0,0,0,0,0,0,0,0,0,0,0,0,0,0,0,0,0,0,0,0,0	2,262162,10,1,28666,0,0,7,0,0,0,0,0,0,0,0,7,3,8188,0,1,0,0,0,0,1,0,0,0,0,0,0,0,0,0,0,0,0,0,0	2	299037	299037	299037	1	299038	1313487	8326	299037,0,0,0,0,0,0,0,0,0,0,0,0,0,0,0,0,0,0,0,0,0,0,0,0,0,0,0,0,0,0,0,0,0,0,0,0,0,0,0	1,262153,8,1,28666,1,0,7,1,0,0,0,0,0,0,0,7,3,8188,0,1,0,0,0,0,1,0,0,0,0,0,0,0,0,0,0,0,0,0,0
tb.dut.clusters[0].cluster.sockets[0].socket.cores[0].core.execute.fpu_unit.genblk1[0].fpu_fpnew.genblk3[3].fpnew_core.gen_operation_groups[0].i_opgroup_block.gen_parallel_slices[0].active_format.i_fmt_slice.gen_num_lanes[0].active_lane.lane_instance.i_fma.i_class_inputs.gen_num_values[1]	24	40	6642102	524289	524289	524289	1	524290	1088235	8245	524289,0,0,0,0,0,0,0,0,0,0,0,0,0,0,0,0,0,0,0,0,0,0,0,0,0,0,0,0,0,0,0,0,0,0,0,0,0,0,0	0,522237,3,0,0,0,0,0,0,0,0,0,0,0,0,1,2046,0,0,1,1,0,0,0,0,1,0,0,0,0,0,0,0,0,0,0,0,0,0,0	2	524288	524288	524288	1	524289	1088236	8245	524288,0,0,0,0,0,0,0,0,0,0,0,0,0,0,0,0,0,0,0,0,0,0,0,0,0,0,0,0,0,0,0,0,0,0,0,0,0,0,0	0,522236,2,0,0,1,0,0,0,0,0,0,0,0,0,1,2046,0,0,1,1,0,0,0,0,1,0,0,0,0,0,0,0,0,0,0,0,0,0,0
tb.dut.clusters[0].cluster.sockets[0].socket.cores[0].core.execute.fpu_unit.genblk1[0].fpu_fpnew.genblk3[3].fpnew_core.gen_operation_groups[0].i_opgroup_block.gen_parallel_slices[0].active_format.i_fmt_slice.gen_num_lanes[0].active_lane.lane_instance.i_fma.i_class_inputs.gen_num_values[2]	24	40	4262936	299016	299016	299016	1	299017	1313508	8326	299016,0,0,0,0,0,0,0,0,0,0,0,0,0,0,0,0,0,0,0,0,0,0,0,0,0,0,0,0,0,0,0,0,0,0,0,0,0,0,0	0,262148,3,0,28665,0,0,7,0,0,0,0,0,0,0,0,0,3,8188,1,1,0,0,0,0,1,0,0,0,0,0,0,0,0,0,0,0,0,0,0	2	299015	299015	299015	1	299016	1313509	8326	299015,0,0,0,0,0,0,0,0,0,0,0,0,0,0,0,0,0,0,0,0,0,0,0,0,0,0,0,0,0,0,0,0,0,0,0,0,0,0,0	0,262147,2,0,28665,1,0,7,0,0,0,0,0,0,0,0,0,3,8188,1,1,0,0,0,0,1,0,0,0,0,0,0,0,0,0,0,0,0,0,0
tb.dut.clusters[0].cluster.sockets[0].socket.cores[0].core.execute.fpu_unit.genblk1[0].fpu_fpnew.genblk3[3].fpnew_core.gen_operation_groups[0].i_opgroup_block.gen_parallel_slices[0].active_format.i_fmt_slice.gen_num_lanes[0].active_lane.lane_instance.i_fma.i_fpnew_rounding	23	104	13813173	524320	524320	524320	1	524321	1088204	8243	524320,0,0,0,0,0,0,0,0,0,0,0,0,0,0,0,0,0,0,0,0,0,0,0,0,0,0,0,0,0,0,0,0,0,0,0,0,0,0,0	2,522251,10,1,1,0,0,0,0,0,0,0,0,0,0,1,2053,0,0,0,1,0,0,0,0,1,0,0,0,0,0,0,0,0,0,0,0,0,0,0	2	524320	524320	524320	1	524321	1088204	8243	524320,0,0,0,0,0,0,0,0,0,0,0,0,0,0,0,0,0,0,0,0,0,0,0,0,0,0,0,0,0,0,0,0,0,0,0,0,0,0,0	2,522251,10,1,1,0,0,0,0,0,0,0,0,0,0,1,2053,0,0,0,1,0,0,0,0,1,0,0,0,0,0,0,0,0,0,0,0,0,0,0
tb.dut.clusters[0].cluster.sockets[0].socket.cores[0].core.execute.fpu_unit.genblk1[0].fpu_fpnew.genblk3[3].fpnew_core.gen_operation_groups[0].i_opgroup_block.gen_parallel_slices[0].active_format.i_fmt_slice.gen_num_lanes[0].active_lane.lane_instance.i_fma.i_lzc	23	960	48332812	524319	524319	524319	1	524320	1088205	8243	524319,0,0,0,0,0,0,0,0,0,0,0,0,0,0,0,0,0,0,0,0,0,0,0,0,0,0,0,0,0,0,0,0,0,0,0,0,0,0,0	2,522250,9,1,1,1,0,0,0,0,0,0,0,0,0,1,2053,0,0,0,1,0,0,0,0,1,0,0,0,0,0,0,0,0,0,0,0,0,0,0	5	524304	524304	524304	1	524305	1088220	8243	524304,0,0,0,0,0,0,0,0,0,0,0,0,0,0,0,0,0,0,0,0,0,0,0,0,0,0,0,0,0,0,0,0,0,0,0,0,0,0,0	1,522239,6,1,0,1,0,0,0,0,0,0,0,0,1,1,2052,1,0,0,1,0,0,0,0,1,0,0,0,0,0,0,0,0,0,0,0,0,0,0
tb.dut.clusters[0].cluster.sockets[0].socket.cores[0].core.execute.fpu_unit.genblk1[0].fpu_fpnew.genblk3[3].fpnew_core.gen_operation_groups[0].i_opgroup_block.gen_parallel_slices[0].active_format.i_fmt_slice.gen_num_lanes[0].active_lane.lane_instance.i_fma.i_lzc.gen_lzc	24	837	35597296	524319	524319	524319	1	524320	1088205	8243	524319,0,0,0,0,0,0,0,0,0,0,0,0,0,0,0,0,0,0,0,0,0,0,0,0,0,0,0,0,0,0,0,0,0,0,0,0,0,0,0	2,522250,9,1,1,1,0,0,0,0,0,0,0,0,0,1,2053,0,0,0,1,0,0,0,0,1,0,0,0,0,0,0,0,0,0,0,0,0,0,0	5	524302	524302	524302	1	524303	1088222	8243	524302,0,0,0,0,0,0,0,0,0,0,0,0,0,0,0,0,0,0,0,0,0,0,0,0,0,0,0,0,0,0,0,0,0,0,0,0,0,0,0	1,522239,5,1,0,0,0,0,0,0,0,0,0,0,1,1,2051,2,0,0,1,0,0,0,0,1,0,0,0,0,0,0,0,0,0,0,0,0,0,0
tb.dut.clusters[0].cluster.sockets[0].socket.cores[0].core.execute.fpu_unit.genblk1[0].fpu_fpnew.genblk3[3].fpnew_core.gen_operation_groups[0].i_opgroup_block.gen_parallel_slices[1]	16	2	0	0	0	0	0	1	1612524	1612524	0,0,0,0,0,0,0,0,0,0,0,0,0,0,0,0,0,0,0,0,0,0,0,0,0,0,0,0,0,0,0,0,0,0,0,0,0,0,0,0	0,0,0,0,0,0,0,0,0,0,0,0,0,0,0,0,0,0,0,0,0,0,0,0,0,0,0,0,0,0,0,0,1,0,0,0,0,0,0,0	2	0	0	0	0	1	1612524	1612524	0,0,0,0,0,0,0,0,0,0,0,0,0,0,0,0,0,0,0,0,0,0,0,0,0,0,0,0,0,0,0,0,0,0,0,0,0,0,0,0	0,0,0,0,0,0,0,0,0,0,0,0,0,0,0,0,0,0,0,0,0,0,0,0,0,0,0,0,0,0,0,0,1,0,0,0,0,0,0,0
tb.dut.clusters[0].cluster.sockets[0].socket.cores[0].core.execute.fpu_unit.genblk1[0].fpu_fpnew.genblk3[3].fpnew_core.gen_operation_groups[0].i_opgroup_block.gen_parallel_slices[2]	16	2	0	0	0	0	0	1	1612524	1612524	0,0,0,0,0,0,0,0,0,0,0,0,0,0,0,0,0,0,0,0,0,0,0,0,0,0,0,0,0,0,0,0,0,0,0,0,0,0,0,0	0,0,0,0,0,0,0,0,0,0,0,0,0,0,0,0,0,0,0,0,0,0,0,0,0,0,0,0,0,0,0,0,1,0,0,0,0,0,0,0	2	0	0	0	0	1	1612524	1612524	0,0,0,0,0,0,0,0,0,0,0,0,0,0,0,0,0,0,0,0,0,0,0,0,0,0,0,0,0,0,0,0,0,0,0,0,0,0,0,0	0,0,0,0,0,0,0,0,0,0,0,0,0,0,0,0,0,0,0,0,0,0,0,0,0,0,0,0,0,0,0,0,1,0,0,0,0,0,0,0
tb.dut.clusters[0].cluster.sockets[0].socket.cores[0].core.execute.fpu_unit.genblk1[0].fpu_fpnew.genblk3[3].fpnew_core.gen_operation_groups[0].i_opgroup_block.gen_parallel_slices[3]	16	2	0	0	0	0	0	1	1612524	1612524	0,0,0,0,0,0,0,0,0,0,0,0,0,0,0,0,0,0,0,0,0,0,0,0,0,0,0,0,0,0,0,0,0,0,0,0,0,0,0,0	0,0,0,0,0,0,0,0,0,0,0,0,0,0,0,0,0,0,0,0,0,0,0,0,0,0,0,0,0,0,0,0,1,0,0,0,0,0,0,0	2	0	0	0	0	1	1612524	1612524	0,0,0,0,0,0,0,0,0,0,0,0,0,0,0,0,0,0,0,0,0,0,0,0,0,0,0,0,0,0,0,0,0,0,0,0,0,0,0,0	0,0,0,0,0,0,0,0,0,0,0,0,0,0,0,0,0,0,0,0,0,0,0,0,0,0,0,0,0,0,0,0,1,0,0,0,0,0,0,0
tb.dut.clusters[0].cluster.sockets[0].socket.cores[0].core.execute.fpu_unit.genblk1[0].fpu_fpnew.genblk3[3].fpnew_core.gen_operation_groups[0].i_opgroup_block.gen_parallel_slices[4]	16	2	0	0	0	0	0	1	1612524	1612524	0,0,0,0,0,0,0,0,0,0,0,0,0,0,0,0,0,0,0,0,0,0,0,0,0,0,0,0,0,0,0,0,0,0,0,0,0,0,0,0	0,0,0,0,0,0,0,0,0,0,0,0,0,0,0,0,0,0,0,0,0,0,0,0,0,0,0,0,0,0,0,0,1,0,0,0,0,0,0,0	2	0	0	0	0	1	1612524	1612524	0,0,0,0,0,0,0,0,0,0,0,0,0,0,0,0,0,0,0,0,0,0,0,0,0,0,0,0,0,0,0,0,0,0,0,0,0,0,0,0	0,0,0,0,0,0,0,0,0,0,0,0,0,0,0,0,0,0,0,0,0,0,0,0,0,0,0,0,0,0,0,0,1,0,0,0,0,0,0,0
tb.dut.clusters[0].cluster.sockets[0].socket.cores[0].core.execute.fpu_unit.genblk1[0].fpu_fpnew.genblk3[3].fpnew_core.gen_operation_groups[0].i_opgroup_block.i_arbiter	16	1510	133266772	1048642	524320	1048642	4	524321	563882	8241	2,524316,0,2,0,0,0,0,0,0,0,0,0,0,0,0,0,0,0,0,0,0,0,0,0,0,0,0,0,0,0,0,0,0,0,0,0,0,0,0	522251,10,2,1,0,0,0,0,0,0,0,0,0,0,1,2046,8,0,0,0,1,0,0,0,0,1,0,0,0,0,0,0,0,0,0,0,0,0,0,0	8	1048640	524318	1048640	4	524319	563884	8241	0,524316,0,2,0,0,0,0,0,0,0,0,0,0,0,0,0,0,0,0,0,0,0,0,0,0,0,0,0,0,0,0,0,0,0,0,0,0,0,0	522251,10,1,1,0,0,0,0,0,0,0,0,0,0,1,2046,7,0,0,0,1,0,0,0,0,1,0,0,0,0,0,0,0,0,0,0,0,0,0,0
tb.dut.clusters[0].cluster.sockets[0].socket.cores[0].core.execute.fpu_unit.genblk1[0].fpu_fpnew.genblk3[3].fpnew_core.gen_operation_groups[0].i_opgroup_block.i_arbiter.gen_arbiter	17	1150	88176624	1048640	524318	1048640	4	524319	563884	8241	0,524316,0,2,0,0,0,0,0,0,0,0,0,0,0,0,0,0,0,0,0,0,0,0,0,0,0,0,0,0,0,0,0,0,0,0,0,0,0,0	522251,10,1,1,0,0,0,0,0,0,0,0,0,0,1,2046,7,0,0,0,1,0,0,0,0,1,0,0,0,0,0,0,0,0,0,0,0,0,0,0	6	1048640	524318	1048640	4	524319	563884	8241	0,524316,0,2,0,0,0,0,0,0,0,0,0,0,0,0,0,0,0,0,0,0,0,0,0,0,0,0,0,0,0,0,0,0,0,0,0,0,0,0	522251,10,1,1,0,0,0,0,0,0,0,0,0,0,1,2046,7,0,0,0,1,0,0,0,0,1,0,0,0,0,0,0,0,0,0,0,0,0,0,0
tb.dut.clusters[0].cluster.sockets[0].socket.cores[0].core.execute.fpu_unit.genblk1[0].fpu_fpnew.genblk3[3].fpnew_core.gen_operation_groups[0].i_opgroup_block.i_arbiter.gen_arbiter.gen_int_rr	18	340	10486400	1048640	524318	1048640	4	524319	563884	8241	0,524316,0,2,0,0,0,0,0,0,0,0,0,0,0,0,0,0,0,0,0,0,0,0,0,0,0,0,0,0,0,0,0,0,0,0,0,0,0,0	522251,10,1,1,0,0,0,0,0,0,0,0,0,0,1,2046,7,0,0,0,1,0,0,0,0,1,0,0,0,0,0,0,0,0,0,0,0,0,0,0	2	1048640	524318	1048640	4	524319	563884	8241	0,524316,0,2,0,0,0,0,0,0,0,0,0,0,0,0,0,0,0,0,0,0,0,0,0,0,0,0,0,0,0,0,0,0,0,0,0,0,0,0	522251,10,1,1,0,0,0,0,0,0,0,0,0,0,1,2046,7,0,0,0,1,0,0,0,0,1,0,0,0,0,0,0,0,0,0,0,0,0,0,0
tb.dut.clusters[0].cluster.sockets[0].socket.cores[0].core.execute.fpu_unit.genblk1[0].fpu_fpnew.genblk3[3].fpnew_core.gen_operation_groups[0].i_opgroup_block.i_arbiter.gen_arbiter.gen_int_rr.gen_fair_arb	19	337	10486400	1048640	524318	1048640	4	524319	563884	8241	0,524316,0,2,0,0,0,0,0,0,0,0,0,0,0,0,0,0,0,0,0,0,0,0,0,0,0,0,0,0,0,0,0,0,0,0,0,0,0,0	522251,10,1,1,0,0,0,0,0,0,0,0,0,0,1,2046,7,0,0,0,1,0,0,0,0,1,0,0,0,0,0,0,0,0,0,0,0,0,0,0	2	1048640	524318	1048640	4	524319	563884	8241	0,524316,0,2,0,0,0,0,0,0,0,0,0,0,0,0,0,0,0,0,0,0,0,0,0,0,0,0,0,0,0,0,0,0,0,0,0,0,0,0	522251,10,1,1,0,0,0,0,0,0,0,0,0,0,1,2046,7,0,0,0,1,0,0,0,0,1,0,0,0,0,0,0,0,0,0,0,0,0,0,0
tb.dut.clusters[0].cluster.sockets[0].socket.cores[0].core.execute.fpu_unit.genblk1[0].fpu_fpnew.genblk3[3].fpnew_core.gen_operation_groups[0].i_opgroup_block.i_arbiter.gen_arbiter.gen_int_rr.gen_fair_arb.i_lzc_lower	20	158	9437760	1048640	524318	1048640	4	524319	563884	8241	0,524316,0,2,0,0,0,0,0,0,0,0,0,0,0,0,0,0,0,0,0,0,0,0,0,0,0,0,0,0,0,0,0,0,0,0,0,0,0,0	522251,10,1,1,0,0,0,0,0,0,0,0,0,0,1,2046,7,0,0,0,1,0,0,0,0,1,0,0,0,0,0,0,0,0,0,0,0,0,0,0	2	1048640	524318	1048640	4	524319	563884	8241	0,524316,0,2,0,0,0,0,0,0,0,0,0,0,0,0,0,0,0,0,0,0,0,0,0,0,0,0,0,0,0,0,0,0,0,0,0,0,0,0	522251,10,1,1,0,0,0,0,0,0,0,0,0,0,1,2046,7,0,0,0,1,0,0,0,0,1,0,0,0,0,0,0,0,0,0,0,0,0,0,0
tb.dut.clusters[0].cluster.sockets[0].socket.cores[0].core.execute.fpu_unit.genblk1[0].fpu_fpnew.genblk3[3].fpnew_core.gen_operation_groups[0].i_opgroup_block.i_arbiter.gen_arbiter.gen_int_rr.gen_fair_arb.i_lzc_lower.gen_lzc	21	84	7340480	1048640	524318	1048640	4	524319	563884	8241	0,524316,0,2,0,0,0,0,0,0,0,0,0,0,0,0,0,0,0,0,0,0,0,0,0,0,0,0,0,0,0,0,0,0,0,0,0,0,0,0	522251,10,1,1,0,0,0,0,0,0,0,0,0,0,1,2046,7,0,0,0,1,0,0,0,0,1,0,0,0,0,0,0,0,0,0,0,0,0,0,0	2	1048640	524318	1048640	4	524319	563884	8241	0,524316,0,2,0,0,0,0,0,0,0,0,0,0,0,0,0,0,0,0,0,0,0,0,0,0,0,0,0,0,0,0,0,0,0,0,0,0,0,0	522251,10,1,1,0,0,0,0,0,0,0,0,0,0,1,2046,7,0,0,0,1,0,0,0,0,1,0,0,0,0,0,0,0,0,0,0,0,0,0,0
tb.dut.clusters[0].cluster.sockets[0].socket.cores[0].core.execute.fpu_unit.genblk1[0].fpu_fpnew.genblk3[3].fpnew_core.gen_operation_groups[0].i_opgroup_block.i_arbiter.gen_arbiter.gen_int_rr.gen_fair_arb.i_lzc_upper	20	158	0	0	0	0	0	1	1612524	1612524	0,0,0,0,0,0,0,0,0,0,0,0,0,0,0,0,0,0,0,0,0,0,0,0,0,0,0,0,0,0,0,0,0,0,0,0,0,0,0,0	0,0,0,0,0,0,0,0,0,0,0,0,0,0,0,0,0,0,0,0,0,0,0,0,0,0,0,0,0,0,0,0,1,0,0,0,0,0,0,0	2	0	0	0	0	1	1612524	1612524	0,0,0,0,0,0,0,0,0,0,0,0,0,0,0,0,0,0,0,0,0,0,0,0,0,0,0,0,0,0,0,0,0,0,0,0,0,0,0,0	0,0,0,0,0,0,0,0,0,0,0,0,0,0,0,0,0,0,0,0,0,0,0,0,0,0,0,0,0,0,0,0,1,0,0,0,0,0,0,0
tb.dut.clusters[0].cluster.sockets[0].socket.cores[0].core.execute.fpu_unit.genblk1[0].fpu_fpnew.genblk3[3].fpnew_core.gen_operation_groups[0].i_opgroup_block.i_arbiter.gen_arbiter.gen_int_rr.gen_fair_arb.i_lzc_upper.gen_lzc	21	84	0	0	0	0	0	1	1612524	1612524	0,0,0,0,0,0,0,0,0,0,0,0,0,0,0,0,0,0,0,0,0,0,0,0,0,0,0,0,0,0,0,0,0,0,0,0,0,0,0,0	0,0,0,0,0,0,0,0,0,0,0,0,0,0,0,0,0,0,0,0,0,0,0,0,0,0,0,0,0,0,0,0,1,0,0,0,0,0,0,0	2	0	0	0	0	1	1612524	1612524	0,0,0,0,0,0,0,0,0,0,0,0,0,0,0,0,0,0,0,0,0,0,0,0,0,0,0,0,0,0,0,0,0,0,0,0,0,0,0,0	0,0,0,0,0,0,0,0,0,0,0,0,0,0,0,0,0,0,0,0,0,0,0,0,0,0,0,0,0,0,0,0,1,0,0,0,0,0,0,0
tb.dut.clusters[0].cluster.sockets[0].socket.cores[0].core.execute.fpu_unit.genblk1[0].fpu_fpnew.genblk3[3].fpnew_core.gen_operation_groups[0].i_opgroup_block.i_arbiter.gen_arbiter.gen_levels[0]	18	65	1048640	1048640	524318	1048640	4	524319	563884	8241	0,524316,0,2,0,0,0,0,0,0,0,0,0,0,0,0,0,0,0,0,0,0,0,0,0,0,0,0,0,0,0,0,0,0,0,0,0,0,0,0	522251,10,1,1,0,0,0,0,0,0,0,0,0,0,1,2046,7,0,0,0,1,0,0,0,0,1,0,0,0,0,0,0,0,0,0,0,0,0,0,0	2	0	0	0	0	1	1612524	1612524	0,0,0,0,0,0,0,0,0,0,0,0,0,0,0,0,0,0,0,0,0,0,0,0,0,0,0,0,0,0,0,0,0,0,0,0,0,0,0,0	0,0,0,0,0,0,0,0,0,0,0,0,0,0,0,0,0,0,0,0,0,0,0,0,0,0,0,0,0,0,0,0,1,0,0,0,0,0,0,0
tb.dut.clusters[0].cluster.sockets[0].socket.cores[0].core.execute.fpu_unit.genblk1[0].fpu_fpnew.genblk3[3].fpnew_core.gen_operation_groups[0].i_opgroup_block.i_arbiter.gen_arbiter.gen_levels[0].gen_level[0]	19	65	1048640	1048640	524318	1048640	4	524319	563884	8241	0,524316,0,2,0,0,0,0,0,0,0,0,0,0,0,0,0,0,0,0,0,0,0,0,0,0,0,0,0,0,0,0,0,0,0,0,0,0,0,0	522251,10,1,1,0,0,0,0,0,0,0,0,0,0,1,2046,7,0,0,0,1,0,0,0,0,1,0,0,0,0,0,0,0,0,0,0,0,0,0,0	2	0	0	0	0	1	1612524	1612524	0,0,0,0,0,0,0,0,0,0,0,0,0,0,0,0,0,0,0,0,0,0,0,0,0,0,0,0,0,0,0,0,0,0,0,0,0,0,0,0	0,0,0,0,0,0,0,0,0,0,0,0,0,0,0,0,0,0,0,0,0,0,0,0,0,0,0,0,0,0,0,0,1,0,0,0,0,0,0,0
tb.dut.clusters[0].cluster.sockets[0].socket.cores[0].core.execute.fpu_unit.genblk1[0].fpu_fpnew.genblk3[3].fpnew_core.gen_operation_groups[0].i_opgroup_block.i_arbiter.gen_arbiter.gen_levels[1]	18	130	1048640	1048640	524318	1048640	4	524319	563884	8241	0,524316,0,2,0,0,0,0,0,0,0,0,0,0,0,0,0,0,0,0,0,0,0,0,0,0,0,0,0,0,0,0,0,0,0,0,0,0,0,0	522251,10,1,1,0,0,0,0,0,0,0,0,0,0,1,2046,7,0,0,0,1,0,0,0,0,1,0,0,0,0,0,0,0,0,0,0,0,0,0,0	2	0	0	0	0	1	1612524	1612524	0,0,0,0,0,0,0,0,0,0,0,0,0,0,0,0,0,0,0,0,0,0,0,0,0,0,0,0,0,0,0,0,0,0,0,0,0,0,0,0	0,0,0,0,0,0,0,0,0,0,0,0,0,0,0,0,0,0,0,0,0,0,0,0,0,0,0,0,0,0,0,0,1,0,0,0,0,0,0,0
tb.dut.clusters[0].cluster.sockets[0].socket.cores[0].core.execute.fpu_unit.genblk1[0].fpu_fpnew.genblk3[3].fpnew_core.gen_operation_groups[0].i_opgroup_block.i_arbiter.gen_arbiter.gen_levels[1].gen_level[0]	19	65	1048640	1048640	524318	1048640	4	524319	563884	8241	0,524316,0,2,0,0,0,0,0,0,0,0,0,0,0,0,0,0,0,0,0,0,0,0,0,0,0,0,0,0,0,0,0,0,0,0,0,0,0,0	522251,10,1,1,0,0,0,0,0,0,0,0,0,0,1,2046,7,0,0,0,1,0,0,0,0,1,0,0,0,0,0,0,0,0,0,0,0,0,0,0	2	0	0	0	0	1	1612524	1612524	0,0,0,0,0,0,0,0,0,0,0,0,0,0,0,0,0,0,0,0,0,0,0,0,0,0,0,0,0,0,0,0,0,0,0,0,0,0,0,0	0,0,0,0,0,0,0,0,0,0,0,0,0,0,0,0,0,0,0,0,0,0,0,0,0,0,0,0,0,0,0,0,1,0,0,0,0,0,0,0
tb.dut.clusters[0].cluster.sockets[0].socket.cores[0].core.execute.fpu_unit.genblk1[0].fpu_fpnew.genblk3[3].fpnew_core.gen_operation_groups[0].i_opgroup_block.i_arbiter.gen_arbiter.gen_levels[1].gen_level[1]	19	65	0	0	0	0	0	1	1612524	1612524	0,0,0,0,0,0,0,0,0,0,0,0,0,0,0,0,0,0,0,0,0,0,0,0,0,0,0,0,0,0,0,0,0,0,0,0,0,0,0,0	0,0,0,0,0,0,0,0,0,0,0,0,0,0,0,0,0,0,0,0,0,0,0,0,0,0,0,0,0,0,0,0,1,0,0,0,0,0,0,0	2	0	0	0	0	1	1612524	1612524	0,0,0,0,0,0,0,0,0,0,0,0,0,0,0,0,0,0,0,0,0,0,0,0,0,0,0,0,0,0,0,0,0,0,0,0,0,0,0,0	0,0,0,0,0,0,0,0,0,0,0,0,0,0,0,0,0,0,0,0,0,0,0,0,0,0,0,0,0,0,0,0,1,0,0,0,0,0,0,0
tb.dut.clusters[0].cluster.sockets[0].socket.cores[0].core.execute.fpu_unit.genblk1[0].fpu_fpnew.genblk3[3].fpnew_core.gen_operation_groups[0].i_opgroup_block.i_arbiter.gen_arbiter.gen_levels[2]	18	260	1048640	1048640	524318	1048640	4	524319	563884	8241	0,524316,0,2,0,0,0,0,0,0,0,0,0,0,0,0,0,0,0,0,0,0,0,0,0,0,0,0,0,0,0,0,0,0,0,0,0,0,0,0	522251,10,1,1,0,0,0,0,0,0,0,0,0,0,1,2046,7,0,0,0,1,0,0,0,0,1,0,0,0,0,0,0,0,0,0,0,0,0,0,0	2	0	0	0	0	1	1612524	1612524	0,0,0,0,0,0,0,0,0,0,0,0,0,0,0,0,0,0,0,0,0,0,0,0,0,0,0,0,0,0,0,0,0,0,0,0,0,0,0,0	0,0,0,0,0,0,0,0,0,0,0,0,0,0,0,0,0,0,0,0,0,0,0,0,0,0,0,0,0,0,0,0,1,0,0,0,0,0,0,0
tb.dut.clusters[0].cluster.sockets[0].socket.cores[0].core.execute.fpu_unit.genblk1[0].fpu_fpnew.genblk3[3].fpnew_core.gen_operation_groups[0].i_opgroup_block.i_arbiter.gen_arbiter.gen_levels[2].gen_level[0]	19	65	1048640	1048640	524318	1048640	4	524319	563884	8241	0,524316,0,2,0,0,0,0,0,0,0,0,0,0,0,0,0,0,0,0,0,0,0,0,0,0,0,0,0,0,0,0,0,0,0,0,0,0,0,0	522251,10,1,1,0,0,0,0,0,0,0,0,0,0,1,2046,7,0,0,0,1,0,0,0,0,1,0,0,0,0,0,0,0,0,0,0,0,0,0,0	2	0	0	0	0	1	1612524	1612524	0,0,0,0,0,0,0,0,0,0,0,0,0,0,0,0,0,0,0,0,0,0,0,0,0,0,0,0,0,0,0,0,0,0,0,0,0,0,0,0	0,0,0,0,0,0,0,0,0,0,0,0,0,0,0,0,0,0,0,0,0,0,0,0,0,0,0,0,0,0,0,0,1,0,0,0,0,0,0,0
tb.dut.clusters[0].cluster.sockets[0].socket.cores[0].core.execute.fpu_unit.genblk1[0].fpu_fpnew.genblk3[3].fpnew_core.gen_operation_groups[0].i_opgroup_block.i_arbiter.gen_arbiter.gen_levels[2].gen_level[1]	19	65	0	0	0	0	0	1	1612524	1612524	0,0,0,0,0,0,0,0,0,0,0,0,0,0,0,0,0,0,0,0,0,0,0,0,0,0,0,0,0,0,0,0,0,0,0,0,0,0,0,0	0,0,0,0,0,0,0,0,0,0,0,0,0,0,0,0,0,0,0,0,0,0,0,0,0,0,0,0,0,0,0,0,1,0,0,0,0,0,0,0	2	0	0	0	0	1	1612524	1612524	0,0,0,0,0,0,0,0,0,0,0,0,0,0,0,0,0,0,0,0,0,0,0,0,0,0,0,0,0,0,0,0,0,0,0,0,0,0,0,0	0,0,0,0,0,0,0,0,0,0,0,0,0,0,0,0,0,0,0,0,0,0,0,0,0,0,0,0,0,0,0,0,1,0,0,0,0,0,0,0
tb.dut.clusters[0].cluster.sockets[0].socket.cores[0].core.execute.fpu_unit.genblk1[0].fpu_fpnew.genblk3[3].fpnew_core.gen_operation_groups[0].i_opgroup_block.i_arbiter.gen_arbiter.gen_levels[2].gen_level[2]	19	65	0	0	0	0	0	1	1612524	1612524	0,0,0,0,0,0,0,0,0,0,0,0,0,0,0,0,0,0,0,0,0,0,0,0,0,0,0,0,0,0,0,0,0,0,0,0,0,0,0,0	0,0,0,0,0,0,0,0,0,0,0,0,0,0,0,0,0,0,0,0,0,0,0,0,0,0,0,0,0,0,0,0,1,0,0,0,0,0,0,0	2	0	0	0	0	1	1612524	1612524	0,0,0,0,0,0,0,0,0,0,0,0,0,0,0,0,0,0,0,0,0,0,0,0,0,0,0,0,0,0,0,0,0,0,0,0,0,0,0,0	0,0,0,0,0,0,0,0,0,0,0,0,0,0,0,0,0,0,0,0,0,0,0,0,0,0,0,0,0,0,0,0,1,0,0,0,0,0,0,0
tb.dut.clusters[0].cluster.sockets[0].socket.cores[0].core.execute.fpu_unit.genblk1[0].fpu_fpnew.genblk3[3].fpnew_core.gen_operation_groups[0].i_opgroup_block.i_arbiter.gen_arbiter.gen_levels[2].gen_level[3]	19	65	0	0	0	0	0	1	1612524	1612524	0,0,0,0,0,0,0,0,0,0,0,0,0,0,0,0,0,0,0,0,0,0,0,0,0,0,0,0,0,0,0,0,0,0,0,0,0,0,0,0	0,0,0,0,0,0,0,0,0,0,0,0,0,0,0,0,0,0,0,0,0,0,0,0,0,0,0,0,0,0,0,0,1,0,0,0,0,0,0,0	2	0	0	0	0	1	1612524	1612524	0,0,0,0,0,0,0,0,0,0,0,0,0,0,0,0,0,0,0,0,0,0,0,0,0,0,0,0,0,0,0,0,0,0,0,0,0,0,0,0	0,0,0,0,0,0,0,0,0,0,0,0,0,0,0,0,0,0,0,0,0,0,0,0,0,0,0,0,0,0,0,0,1,0,0,0,0,0,0,0
tb.dut.clusters[0].cluster.sockets[0].socket.cores[0].core.execute.fpu_unit.genblk1[0].fpu_fpnew.genblk3[3].fpnew_core.gen_operation_groups[1]	14	18392	63775995	819367	524360	819367	6	524361	793157	8243	235534,286759,10,1,2055,1,0,0,0,0,0,0,0,0,0,0,0,0,0,0,0,0,0,0,0,0,0,0,0,0,0,0,0,0,0,0,0,0,0,0	288812,233495,2,0,1,0,0,0,0,0,0,0,1,2046,0,0,2,0,0,0,1,0,0,0,0,1,0,0,0,0,0,0,0,0,0,0,0,0,0,0	92	338778	289308	338778	3	289309	1273746	8269	241394,46358,1556,0,0,0,0,0,0,0,0,0,0,0,0,0,0,0,0,0,0,0,0,0,0,0,0,0,0,0,0,0,0,0,0,0,0,0,0,0	46130,187327,323,2353,38828,7,6,1688,6,2,504,5,1,973,0,25,2830,3547,4752,0,1,0,0,0,0,1,0,0,0,0,0,0,0,0,0,0,0,0,0,0
tb.dut.clusters[0].cluster.sockets[0].socket.cores[0].core.execute.fpu_unit.genblk1[0].fpu_fpnew.genblk3[3].fpnew_core.gen_operation_groups[1].i_opgroup_block	15	18349	63775995	819367	524360	819367	6	524361	793157	8243	235534,286759,10,1,2055,1,0,0,0,0,0,0,0,0,0,0,0,0,0,0,0,0,0,0,0,0,0,0,0,0,0,0,0,0,0,0,0,0,0,0	288812,233495,2,0,1,0,0,0,0,0,0,0,1,2046,0,0,2,0,0,0,1,0,0,0,0,1,0,0,0,0,0,0,0,0,0,0,0,0,0,0	92	338778	289308	338778	3	289309	1273746	8269	241394,46358,1556,0,0,0,0,0,0,0,0,0,0,0,0,0,0,0,0,0,0,0,0,0,0,0,0,0,0,0,0,0,0,0,0,0,0,0,0,0	46130,187327,323,2353,38828,7,6,1688,6,2,504,5,1,973,0,25,2830,3547,4752,0,1,0,0,0,0,1,0,0,0,0,0,0,0,0,0,0,0,0,0,0
tb.dut.clusters[0].cluster.sockets[0].socket.cores[0].core.execute.fpu_unit.genblk1[0].fpu_fpnew.genblk3[3].fpnew_core.gen_operation_groups[1].i_opgroup_block.gen_merged_slice	16	16083	50900313	819367	524360	819367	6	524361	793157	8243	235534,286759,10,1,2055,1,0,0,0,0,0,0,0,0,0,0,0,0,0,0,0,0,0,0,0,0,0,0,0,0,0,0,0,0,0,0,0,0,0,0	288812,233495,2,0,1,0,0,0,0,0,0,0,1,2046,0,0,2,0,0,0,1,0,0,0,0,1,0,0,0,0,0,0,0,0,0,0,0,0,0,0	81	310194	268420	310194	3	268421	1302330	8329	227892,39282,1246,0,0,0,0,0,0,0,0,0,0,0,0,0,0,0,0,0,0,0,0,0,0,0,0,0,0,0,0,0,0,0,0,0,0,0,0,0	38707,165703,958,3094,47536,49,53,2871,4,6,560,2,3,217,0,3,393,621,7639,0,1,0,0,0,0,1,0,0,0,0,0,0,0,0,0,0,0,0,0,0
tb.dut.clusters[0].cluster.sockets[0].socket.cores[0].core.execute.fpu_unit.genblk1[0].fpu_fpnew.genblk3[3].fpnew_core.gen_operation_groups[1].i_opgroup_block.gen_merged_slice.i_multifmt_slice	17	16047	50900313	819367	524360	819367	6	524361	793157	8243	235534,286759,10,1,2055,1,0,0,0,0,0,0,0,0,0,0,0,0,0,0,0,0,0,0,0,0,0,0,0,0,0,0,0,0,0,0,0,0,0,0	288812,233495,2,0,1,0,0,0,0,0,0,0,1,2046,0,0,2,0,0,0,1,0,0,0,0,1,0,0,0,0,0,0,0,0,0,0,0,0,0,0	81	310194	268420	310194	3	268421	1302330	8329	227892,39282,1246,0,0,0,0,0,0,0,0,0,0,0,0,0,0,0,0,0,0,0,0,0,0,0,0,0,0,0,0,0,0,0,0,0,0,0,0,0	38707,165703,958,3094,47536,49,53,2871,4,6,560,2,3,217,0,3,393,621,7639,0,1,0,0,0,0,1,0,0,0,0,0,0,0,0,0,0,0,0,0,0
tb.dut.clusters[0].cluster.sockets[0].socket.cores[0].core.execute.fpu_unit.genblk1[0].fpu_fpnew.genblk3[3].fpnew_core.gen_operation_groups[1].i_opgroup_block.gen_merged_slice.i_multifmt_slice.extend_fp_result[0]	18	32	0	0	0	0	0	1	1612524	1612524	0,0,0,0,0,0,0,0,0,0,0,0,0,0,0,0,0,0,0,0,0,0,0,0,0,0,0,0,0,0,0,0,0,0,0,0,0,0,0,0	0,0,0,0,0,0,0,0,0,0,0,0,0,0,0,0,0,0,0,0,0,0,0,0,0,0,0,0,0,0,0,0,1,0,0,0,0,0,0,0	2	0	0	0	0	1	1612524	1612524	0,0,0,0,0,0,0,0,0,0,0,0,0,0,0,0,0,0,0,0,0,0,0,0,0,0,0,0,0,0,0,0,0,0,0,0,0,0,0,0	0,0,0,0,0,0,0,0,0,0,0,0,0,0,0,0,0,0,0,0,0,0,0,0,0,0,0,0,0,0,0,0,1,0,0,0,0,0,0,0
tb.dut.clusters[0].cluster.sockets[0].socket.cores[0].core.execute.fpu_unit.genblk1[0].fpu_fpnew.genblk3[3].fpnew_core.gen_operation_groups[1].i_opgroup_block.gen_merged_slice.i_multifmt_slice.extend_fp_result[1]	18	32	0	0	0	0	0	1	1612524	1612524	0,0,0,0,0,0,0,0,0,0,0,0,0,0,0,0,0,0,0,0,0,0,0,0,0,0,0,0,0,0,0,0,0,0,0,0,0,0,0,0	0,0,0,0,0,0,0,0,0,0,0,0,0,0,0,0,0,0,0,0,0,0,0,0,0,0,0,0,0,0,0,0,1,0,0,0,0,0,0,0	2	0	0	0	0	1	1612524	1612524	0,0,0,0,0,0,0,0,0,0,0,0,0,0,0,0,0,0,0,0,0,0,0,0,0,0,0,0,0,0,0,0,0,0,0,0,0,0,0,0	0,0,0,0,0,0,0,0,0,0,0,0,0,0,0,0,0,0,0,0,0,0,0,0,0,0,0,0,0,0,0,0,1,0,0,0,0,0,0,0
tb.dut.clusters[0].cluster.sockets[0].socket.cores[0].core.execute.fpu_unit.genblk1[0].fpu_fpnew.genblk3[3].fpnew_core.gen_operation_groups[1].i_opgroup_block.gen_merged_slice.i_multifmt_slice.extend_fp_result[2]	18	32	0	0	0	0	0	1	1612524	1612524	0,0,0,0,0,0,0,0,0,0,0,0,0,0,0,0,0,0,0,0,0,0,0,0,0,0,0,0,0,0,0,0,0,0,0,0,0,0,0,0	0,0,0,0,0,0,0,0,0,0,0,0,0,0,0,0,0,0,0,0,0,0,0,0,0,0,0,0,0,0,0,0,1,0,0,0,0,0,0,0	2	0	0	0	0	1	1612524	1612524	0,0,0,0,0,0,0,0,0,0,0,0,0,0,0,0,0,0,0,0,0,0,0,0,0,0,0,0,0,0,0,0,0,0,0,0,0,0,0,0	0,0,0,0,0,0,0,0,0,0,0,0,0,0,0,0,0,0,0,0,0,0,0,0,0,0,0,0,0,0,0,0,1,0,0,0,0,0,0,0
tb.dut.clusters[0].cluster.sockets[0].socket.cores[0].core.execute.fpu_unit.genblk1[0].fpu_fpnew.genblk3[3].fpnew_core.gen_operation_groups[1].i_opgroup_block.gen_merged_slice.i_multifmt_slice.extend_fp_result[3]	18	32	0	0	0	0	0	1	1612524	1612524	0,0,0,0,0,0,0,0,0,0,0,0,0,0,0,0,0,0,0,0,0,0,0,0,0,0,0,0,0,0,0,0,0,0,0,0,0,0,0,0	0,0,0,0,0,0,0,0,0,0,0,0,0,0,0,0,0,0,0,0,0,0,0,0,0,0,0,0,0,0,0,0,1,0,0,0,0,0,0,0	2	0	0	0	0	1	1612524	1612524	0,0,0,0,0,0,0,0,0,0,0,0,0,0,0,0,0,0,0,0,0,0,0,0,0,0,0,0,0,0,0,0,0,0,0,0,0,0,0,0	0,0,0,0,0,0,0,0,0,0,0,0,0,0,0,0,0,0,0,0,0,0,0,0,0,0,0,0,0,0,0,0,1,0,0,0,0,0,0,0
tb.dut.clusters[0].cluster.sockets[0].socket.cores[0].core.execute.fpu_unit.genblk1[0].fpu_fpnew.genblk3[3].fpnew_core.gen_operation_groups[1].i_opgroup_block.gen_merged_slice.i_multifmt_slice.extend_fp_result[4]	18	32	0	0	0	0	0	1	1612524	1612524	0,0,0,0,0,0,0,0,0,0,0,0,0,0,0,0,0,0,0,0,0,0,0,0,0,0,0,0,0,0,0,0,0,0,0,0,0,0,0,0	0,0,0,0,0,0,0,0,0,0,0,0,0,0,0,0,0,0,0,0,0,0,0,0,0,0,0,0,0,0,0,0,1,0,0,0,0,0,0,0	2	0	0	0	0	1	1612524	1612524	0,0,0,0,0,0,0,0,0,0,0,0,0,0,0,0,0,0,0,0,0,0,0,0,0,0,0,0,0,0,0,0,0,0,0,0,0,0,0,0	0,0,0,0,0,0,0,0,0,0,0,0,0,0,0,0,0,0,0,0,0,0,0,0,0,0,0,0,0,0,0,0,1,0,0,0,0,0,0,0
tb.dut.clusters[0].cluster.sockets[0].socket.cores[0].core.execute.fpu_unit.genblk1[0].fpu_fpnew.genblk3[3].fpnew_core.gen_operation_groups[1].i_opgroup_block.gen_merged_slice.i_multifmt_slice.gen_num_lanes[0]	18	14916	38024635	819367	524360	819367	6	524361	793157	8243	235534,286759,10,1,2055,1,0,0,0,0,0,0,0,0,0,0,0,0,0,0,0,0,0,0,0,0,0,0,0,0,0,0,0,0,0,0,0,0,0,0	288812,233495,2,0,1,0,0,0,0,0,0,0,1,2046,0,0,2,0,0,0,1,0,0,0,0,1,0,0,0,0,0,0,0,0,0,0,0,0,0,0	75	213629	196287	213629	3	196288	1398895	8329	179431,16370,486,0,0,0,0,0,0,0,0,0,0,0,0,0,0,0,0,0,0,0,0,0,0,0,0,0,0,0,0,0,0,0,0,0,0,0,0,0	15720,81395,3233,4948,59919,890,795,10524,249,270,5412,77,74,2325,22,28,2184,32,8189,0,0,1,0,0,0,1,0,0,0,0,0,0,0,0,0,0,0,0,0,0
tb.dut.clusters[0].cluster.sockets[0].socket.cores[0].core.execute.fpu_unit.genblk1[0].fpu_fpnew.genblk3[3].fpnew_core.gen_operation_groups[1].i_opgroup_block.gen_merged_slice.i_multifmt_slice.gen_num_lanes[0].active_lane	19	14573	38024635	819367	524360	819367	6	524361	793157	8243	235534,286759,10,1,2055,1,0,0,0,0,0,0,0,0,0,0,0,0,0,0,0,0,0,0,0,0,0,0,0,0,0,0,0,0,0,0,0,0,0,0	288812,233495,2,0,1,0,0,0,0,0,0,0,1,2046,0,0,2,0,0,0,1,0,0,0,0,1,0,0,0,0,0,0,0,0,0,0,0,0,0,0	73	238220	216138	238220	3	216139	1374304	8329	194557,21080,501,0,0,0,0,0,0,0,0,0,0,0,0,0,0,0,0,0,0,0,0,0,0,0,0,0,0,0,0,0,0,0,0,0,0,0,0,0	19846,103631,2992,5113,58965,567,542,9280,130,173,3994,22,25,1537,9,13,1098,11,8189,0,0,1,0,0,0,1,0,0,0,0,0,0,0,0,0,0,0,0,0,0
tb.dut.clusters[0].cluster.sockets[0].socket.cores[0].core.execute.fpu_unit.genblk1[0].fpu_fpnew.genblk3[3].fpnew_core.gen_operation_groups[1].i_opgroup_block.gen_merged_slice.i_multifmt_slice.gen_num_lanes[0].active_lane.lane_instance	20	14469	25751371	819367	524360	819367	6	524361	793157	8243	235534,286759,10,1,2055,1,0,0,0,0,0,0,0,0,0,0,0,0,0,0,0,0,0,0,0,0,0,0,0,0,0,0,0,0,0,0,0,0,0,0	288812,233495,2,0,1,0,0,0,0,0,0,0,1,2046,0,0,2,0,0,0,1,0,0,0,0,1,0,0,0,0,0,0,0,0,0,0,0,0,0,0	73	13025	12901	13025	2	12902	1599499	8335	12777,124,0,0,0,0,0,0,0,0,0,0,0,0,0,0,0,0,0,0,0,0,0,0,0,0,0,0,0,0,0,0,0,0,0,0,0,0,0,0	57,313,22,39,680,20,18,191,24,58,534,21,10,146,25,30,1278,1337,3605,2847,1455,190,1,0,0,1,0,0,0,0,0,0,0,0,0,0,0,0,0,0
tb.dut.clusters[0].cluster.sockets[0].socket.cores[0].core.execute.fpu_unit.genblk1[0].fpu_fpnew.genblk3[3].fpnew_core.gen_operation_groups[1].i_opgroup_block.gen_merged_slice.i_multifmt_slice.gen_num_lanes[0].active_lane.lane_instance.genblk1	21	14469	25751371	819367	524360	819367	6	524361	793157	8243	235534,286759,10,1,2055,1,0,0,0,0,0,0,0,0,0,0,0,0,0,0,0,0,0,0,0,0,0,0,0,0,0,0,0,0,0,0,0,0,0,0	288812,233495,2,0,1,0,0,0,0,0,0,0,1,2046,0,0,2,0,0,0,1,0,0,0,0,1,0,0,0,0,0,0,0,0,0,0,0,0,0,0	73	13025	12901	13025	2	12902	1599499	8335	12777,124,0,0,0,0,0,0,0,0,0,0,0,0,0,0,0,0,0,0,0,0,0,0,0,0,0,0,0,0,0,0,0,0,0,0,0,0,0,0	57,313,22,39,680,20,18,191,24,58,534,21,10,146,25,30,1278,1337,3605,2847,1455,190,1,0,0,1,0,0,0,0,0,0,0,0,0,0,0,0,0,0
tb.dut.clusters[0].cluster.sockets[0].socket.cores[0].core.execute.fpu_unit.genblk1[0].fpu_fpnew.genblk3[3].fpnew_core.gen_operation_groups[1].i_opgroup_block.gen_merged_slice.i_multifmt_slice.gen_num_lanes[0].active_lane.lane_instance.genblk1.i_fpnew_divsqrt_multi	22	14469	25751371	819367	524360	819367	6	524361	793157	8243	235534,286759,10,1,2055,1,0,0,0,0,0,0,0,0,0,0,0,0,0,0,0,0,0,0,0,0,0,0,0,0,0,0,0,0,0,0,0,0,0,0	288812,233495,2,0,1,0,0,0,0,0,0,0,1,2046,0,0,2,0,0,0,1,0,0,0,0,1,0,0,0,0,0,0,0,0,0,0,0,0,0,0	73	13025	12901	13025	2	12902	1599499	8335	12777,124,0,0,0,0,0,0,0,0,0,0,0,0,0,0,0,0,0,0,0,0,0,0,0,0,0,0,0,0,0,0,0,0,0,0,0,0,0,0	57,313,22,39,680,20,18,191,24,58,534,21,10,146,25,30,1278,1337,3605,2847,1455,190,1,0,0,1,0,0,0,0,0,0,0,0,0,0,0,0,0,0
tb.dut.clusters[0].cluster.sockets[0].socket.cores[0].core.execute.fpu_unit.genblk1[0].fpu_fpnew.genblk3[3].fpnew_core.gen_operation_groups[1].i_opgroup_block.gen_merged_slice.i_multifmt_slice.gen_num_lanes[0].active_lane.lane_instance.genblk1.i_fpnew_divsqrt_multi.gen_input_pipeline[0]	23	1	0	0	0	0	0	1	1612524	1612524	0,0,0,0,0,0,0,0,0,0,0,0,0,0,0,0,0,0,0,0,0,0,0,0,0,0,0,0,0,0,0,0,0,0,0,0,0,0,0,0	0,0,0,0,0,0,0,0,0,0,0,0,0,0,0,0,0,0,0,0,0,0,0,0,0,0,0,0,0,0,0,0,1,0,0,0,0,0,0,0	2	0	0	0	0	1	1612524	1612524	0,0,0,0,0,0,0,0,0,0,0,0,0,0,0,0,0,0,0,0,0,0,0,0,0,0,0,0,0,0,0,0,0,0,0,0,0,0,0,0	0,0,0,0,0,0,0,0,0,0,0,0,0,0,0,0,0,0,0,0,0,0,0,0,0,0,0,0,0,0,0,0,1,0,0,0,0,0,0,0
tb.dut.clusters[0].cluster.sockets[0].socket.cores[0].core.execute.fpu_unit.genblk1[0].fpu_fpnew.genblk3[3].fpnew_core.gen_operation_groups[1].i_opgroup_block.gen_merged_slice.i_multifmt_slice.gen_num_lanes[0].active_lane.lane_instance.genblk1.i_fpnew_divsqrt_multi.gen_input_pipeline[1]	23	1	0	0	0	0	0	1	1612524	1612524	0,0,0,0,0,0,0,0,0,0,0,0,0,0,0,0,0,0,0,0,0,0,0,0,0,0,0,0,0,0,0,0,0,0,0,0,0,0,0,0	0,0,0,0,0,0,0,0,0,0,0,0,0,0,0,0,0,0,0,0,0,0,0,0,0,0,0,0,0,0,0,0,1,0,0,0,0,0,0,0	2	0	0	0	0	1	1612524	1612524	0,0,0,0,0,0,0,0,0,0,0,0,0,0,0,0,0,0,0,0,0,0,0,0,0,0,0,0,0,0,0,0,0,0,0,0,0,0,0,0	0,0,0,0,0,0,0,0,0,0,0,0,0,0,0,0,0,0,0,0,0,0,0,0,0,0,0,0,0,0,0,0,1,0,0,0,0,0,0,0
tb.dut.clusters[0].cluster.sockets[0].socket.cores[0].core.execute.fpu_unit.genblk1[0].fpu_fpnew.genblk3[3].fpnew_core.gen_operation_groups[1].i_opgroup_block.gen_merged_slice.i_multifmt_slice.gen_num_lanes[0].active_lane.lane_instance.genblk1.i_fpnew_divsqrt_multi.gen_input_pipeline[2]	23	1	0	0	0	0	0	1	1612524	1612524	0,0,0,0,0,0,0,0,0,0,0,0,0,0,0,0,0,0,0,0,0,0,0,0,0,0,0,0,0,0,0,0,0,0,0,0,0,0,0,0	0,0,0,0,0,0,0,0,0,0,0,0,0,0,0,0,0,0,0,0,0,0,0,0,0,0,0,0,0,0,0,0,1,0,0,0,0,0,0,0	2	0	0	0	0	1	1612524	1612524	0,0,0,0,0,0,0,0,0,0,0,0,0,0,0,0,0,0,0,0,0,0,0,0,0,0,0,0,0,0,0,0,0,0,0,0,0,0,0,0	0,0,0,0,0,0,0,0,0,0,0,0,0,0,0,0,0,0,0,0,0,0,0,0,0,0,0,0,0,0,0,0,1,0,0,0,0,0,0,0
tb.dut.clusters[0].cluster.sockets[0].socket.cores[0].core.execute.fpu_unit.genblk1[0].fpu_fpnew.genblk3[3].fpnew_core.gen_operation_groups[1].i_opgroup_block.gen_merged_slice.i_multifmt_slice.gen_num_lanes[0].active_lane.lane_instance.genblk1.i_fpnew_divsqrt_multi.gen_input_pipeline[3]	23	1	0	0	0	0	0	1	1612524	1612524	0,0,0,0,0,0,0,0,0,0,0,0,0,0,0,0,0,0,0,0,0,0,0,0,0,0,0,0,0,0,0,0,0,0,0,0,0,0,0,0	0,0,0,0,0,0,0,0,0,0,0,0,0,0,0,0,0,0,0,0,0,0,0,0,0,0,0,0,0,0,0,0,1,0,0,0,0,0,0,0	2	0	0	0	0	1	1612524	1612524	0,0,0,0,0,0,0,0,0,0,0,0,0,0,0,0,0,0,0,0,0,0,0,0,0,0,0,0,0,0,0,0,0,0,0,0,0,0,0,0	0,0,0,0,0,0,0,0,0,0,0,0,0,0,0,0,0,0,0,0,0,0,0,0,0,0,0,0,0,0,0,0,1,0,0,0,0,0,0,0
tb.dut.clusters[0].cluster.sockets[0].socket.cores[0].core.execute.fpu_unit.genblk1[0].fpu_fpnew.genblk3[3].fpnew_core.gen_operation_groups[1].i_opgroup_block.gen_merged_slice.i_multifmt_slice.gen_num_lanes[0].active_lane.lane_instance.genblk1.i_fpnew_divsqrt_multi.gen_input_pipeline[4]	23	1	0	0	0	0	0	1	1612524	1612524	0,0,0,0,0,0,0,0,0,0,0,0,0,0,0,0,0,0,0,0,0,0,0,0,0,0,0,0,0,0,0,0,0,0,0,0,0,0,0,0	0,0,0,0,0,0,0,0,0,0,0,0,0,0,0,0,0,0,0,0,0,0,0,0,0,0,0,0,0,0,0,0,1,0,0,0,0,0,0,0	2	0	0	0	0	1	1612524	1612524	0,0,0,0,0,0,0,0,0,0,0,0,0,0,0,0,0,0,0,0,0,0,0,0,0,0,0,0,0,0,0,0,0,0,0,0,0,0,0,0	0,0,0,0,0,0,0,0,0,0,0,0,0,0,0,0,0,0,0,0,0,0,0,0,0,0,0,0,0,0,0,0,1,0,0,0,0,0,0,0
tb.dut.clusters[0].cluster.sockets[0].socket.cores[0].core.execute.fpu_unit.genblk1[0].fpu_fpnew.genblk3[3].fpnew_core.gen_operation_groups[1].i_opgroup_block.gen_merged_slice.i_multifmt_slice.gen_num_lanes[0].active_lane.lane_instance.genblk1.i_fpnew_divsqrt_multi.gen_input_pipeline[5]	23	1	0	0	0	0	0	1	1612524	1612524	0,0,0,0,0,0,0,0,0,0,0,0,0,0,0,0,0,0,0,0,0,0,0,0,0,0,0,0,0,0,0,0,0,0,0,0,0,0,0,0	0,0,0,0,0,0,0,0,0,0,0,0,0,0,0,0,0,0,0,0,0,0,0,0,0,0,0,0,0,0,0,0,1,0,0,0,0,0,0,0	2	0	0	0	0	1	1612524	1612524	0,0,0,0,0,0,0,0,0,0,0,0,0,0,0,0,0,0,0,0,0,0,0,0,0,0,0,0,0,0,0,0,0,0,0,0,0,0,0,0	0,0,0,0,0,0,0,0,0,0,0,0,0,0,0,0,0,0,0,0,0,0,0,0,0,0,0,0,0,0,0,0,1,0,0,0,0,0,0,0
tb.dut.clusters[0].cluster.sockets[0].socket.cores[0].core.execute.fpu_unit.genblk1[0].fpu_fpnew.genblk3[3].fpnew_core.gen_operation_groups[1].i_opgroup_block.gen_merged_slice.i_multifmt_slice.gen_num_lanes[0].active_lane.lane_instance.genblk1.i_fpnew_divsqrt_multi.gen_input_pipeline[6]	23	1	0	0	0	0	0	1	1612524	1612524	0,0,0,0,0,0,0,0,0,0,0,0,0,0,0,0,0,0,0,0,0,0,0,0,0,0,0,0,0,0,0,0,0,0,0,0,0,0,0,0	0,0,0,0,0,0,0,0,0,0,0,0,0,0,0,0,0,0,0,0,0,0,0,0,0,0,0,0,0,0,0,0,1,0,0,0,0,0,0,0	2	0	0	0	0	1	1612524	1612524	0,0,0,0,0,0,0,0,0,0,0,0,0,0,0,0,0,0,0,0,0,0,0,0,0,0,0,0,0,0,0,0,0,0,0,0,0,0,0,0	0,0,0,0,0,0,0,0,0,0,0,0,0,0,0,0,0,0,0,0,0,0,0,0,0,0,0,0,0,0,0,0,1,0,0,0,0,0,0,0
tb.dut.clusters[0].cluster.sockets[0].socket.cores[0].core.execute.fpu_unit.genblk1[0].fpu_fpnew.genblk3[3].fpnew_core.gen_operation_groups[1].i_opgroup_block.gen_merged_slice.i_multifmt_slice.gen_num_lanes[0].active_lane.lane_instance.genblk1.i_fpnew_divsqrt_multi.gen_input_pipeline[7]	23	1	0	0	0	0	0	1	1612524	1612524	0,0,0,0,0,0,0,0,0,0,0,0,0,0,0,0,0,0,0,0,0,0,0,0,0,0,0,0,0,0,0,0,0,0,0,0,0,0,0,0	0,0,0,0,0,0,0,0,0,0,0,0,0,0,0,0,0,0,0,0,0,0,0,0,0,0,0,0,0,0,0,0,1,0,0,0,0,0,0,0	2	0	0	0	0	1	1612524	1612524	0,0,0,0,0,0,0,0,0,0,0,0,0,0,0,0,0,0,0,0,0,0,0,0,0,0,0,0,0,0,0,0,0,0,0,0,0,0,0,0	0,0,0,0,0,0,0,0,0,0,0,0,0,0,0,0,0,0,0,0,0,0,0,0,0,0,0,0,0,0,0,0,1,0,0,0,0,0,0,0
tb.dut.clusters[0].cluster.sockets[0].socket.cores[0].core.execute.fpu_unit.genblk1[0].fpu_fpnew.genblk3[3].fpnew_core.gen_operation_groups[1].i_opgroup_block.gen_merged_slice.i_multifmt_slice.gen_num_lanes[0].active_lane.lane_instance.genblk1.i_fpnew_divsqrt_multi.gen_output_pipeline[0]	23	1	0	0	0	0	0	1	1612524	1612524	0,0,0,0,0,0,0,0,0,0,0,0,0,0,0,0,0,0,0,0,0,0,0,0,0,0,0,0,0,0,0,0,0,0,0,0,0,0,0,0	0,0,0,0,0,0,0,0,0,0,0,0,0,0,0,0,0,0,0,0,0,0,0,0,0,0,0,0,0,0,0,0,1,0,0,0,0,0,0,0	2	0	0	0	0	1	1612524	1612524	0,0,0,0,0,0,0,0,0,0,0,0,0,0,0,0,0,0,0,0,0,0,0,0,0,0,0,0,0,0,0,0,0,0,0,0,0,0,0,0	0,0,0,0,0,0,0,0,0,0,0,0,0,0,0,0,0,0,0,0,0,0,0,0,0,0,0,0,0,0,0,0,1,0,0,0,0,0,0,0
tb.dut.clusters[0].cluster.sockets[0].socket.cores[0].core.execute.fpu_unit.genblk1[0].fpu_fpnew.genblk3[3].fpnew_core.gen_operation_groups[1].i_opgroup_block.gen_merged_slice.i_multifmt_slice.gen_num_lanes[0].active_lane.lane_instance.genblk1.i_fpnew_divsqrt_multi.gen_output_pipeline[1]	23	1	0	0	0	0	0	1	1612524	1612524	0,0,0,0,0,0,0,0,0,0,0,0,0,0,0,0,0,0,0,0,0,0,0,0,0,0,0,0,0,0,0,0,0,0,0,0,0,0,0,0	0,0,0,0,0,0,0,0,0,0,0,0,0,0,0,0,0,0,0,0,0,0,0,0,0,0,0,0,0,0,0,0,1,0,0,0,0,0,0,0	2	0	0	0	0	1	1612524	1612524	0,0,0,0,0,0,0,0,0,0,0,0,0,0,0,0,0,0,0,0,0,0,0,0,0,0,0,0,0,0,0,0,0,0,0,0,0,0,0,0	0,0,0,0,0,0,0,0,0,0,0,0,0,0,0,0,0,0,0,0,0,0,0,0,0,0,0,0,0,0,0,0,1,0,0,0,0,0,0,0
tb.dut.clusters[0].cluster.sockets[0].socket.cores[0].core.execute.fpu_unit.genblk1[0].fpu_fpnew.genblk3[3].fpnew_core.gen_operation_groups[1].i_opgroup_block.gen_merged_slice.i_multifmt_slice.gen_num_lanes[0].active_lane.lane_instance.genblk1.i_fpnew_divsqrt_multi.gen_output_pipeline[2]	23	1	0	0	0	0	0	1	1612524	1612524	0,0,0,0,0,0,0,0,0,0,0,0,0,0,0,0,0,0,0,0,0,0,0,0,0,0,0,0,0,0,0,0,0,0,0,0,0,0,0,0	0,0,0,0,0,0,0,0,0,0,0,0,0,0,0,0,0,0,0,0,0,0,0,0,0,0,0,0,0,0,0,0,1,0,0,0,0,0,0,0	2	0	0	0	0	1	1612524	1612524	0,0,0,0,0,0,0,0,0,0,0,0,0,0,0,0,0,0,0,0,0,0,0,0,0,0,0,0,0,0,0,0,0,0,0,0,0,0,0,0	0,0,0,0,0,0,0,0,0,0,0,0,0,0,0,0,0,0,0,0,0,0,0,0,0,0,0,0,0,0,0,0,1,0,0,0,0,0,0,0
tb.dut.clusters[0].cluster.sockets[0].socket.cores[0].core.execute.fpu_unit.genblk1[0].fpu_fpnew.genblk3[3].fpnew_core.gen_operation_groups[1].i_opgroup_block.gen_merged_slice.i_multifmt_slice.gen_num_lanes[0].active_lane.lane_instance.genblk1.i_fpnew_divsqrt_multi.gen_output_pipeline[3]	23	1	0	0	0	0	0	1	1612524	1612524	0,0,0,0,0,0,0,0,0,0,0,0,0,0,0,0,0,0,0,0,0,0,0,0,0,0,0,0,0,0,0,0,0,0,0,0,0,0,0,0	0,0,0,0,0,0,0,0,0,0,0,0,0,0,0,0,0,0,0,0,0,0,0,0,0,0,0,0,0,0,0,0,1,0,0,0,0,0,0,0	2	0	0	0	0	1	1612524	1612524	0,0,0,0,0,0,0,0,0,0,0,0,0,0,0,0,0,0,0,0,0,0,0,0,0,0,0,0,0,0,0,0,0,0,0,0,0,0,0,0	0,0,0,0,0,0,0,0,0,0,0,0,0,0,0,0,0,0,0,0,0,0,0,0,0,0,0,0,0,0,0,0,1,0,0,0,0,0,0,0
tb.dut.clusters[0].cluster.sockets[0].socket.cores[0].core.execute.fpu_unit.genblk1[0].fpu_fpnew.genblk3[3].fpnew_core.gen_operation_groups[1].i_opgroup_block.gen_merged_slice.i_multifmt_slice.gen_num_lanes[0].active_lane.lane_instance.genblk1.i_fpnew_divsqrt_multi.gen_output_pipeline[4]	23	1	0	0	0	0	0	1	1612524	1612524	0,0,0,0,0,0,0,0,0,0,0,0,0,0,0,0,0,0,0,0,0,0,0,0,0,0,0,0,0,0,0,0,0,0,0,0,0,0,0,0	0,0,0,0,0,0,0,0,0,0,0,0,0,0,0,0,0,0,0,0,0,0,0,0,0,0,0,0,0,0,0,0,1,0,0,0,0,0,0,0	2	0	0	0	0	1	1612524	1612524	0,0,0,0,0,0,0,0,0,0,0,0,0,0,0,0,0,0,0,0,0,0,0,0,0,0,0,0,0,0,0,0,0,0,0,0,0,0,0,0	0,0,0,0,0,0,0,0,0,0,0,0,0,0,0,0,0,0,0,0,0,0,0,0,0,0,0,0,0,0,0,0,1,0,0,0,0,0,0,0
tb.dut.clusters[0].cluster.sockets[0].socket.cores[0].core.execute.fpu_unit.genblk1[0].fpu_fpnew.genblk3[3].fpnew_core.gen_operation_groups[1].i_opgroup_block.gen_merged_slice.i_multifmt_slice.gen_num_lanes[0].active_lane.lane_instance.genblk1.i_fpnew_divsqrt_multi.gen_output_pipeline[5]	23	1	0	0	0	0	0	1	1612524	1612524	0,0,0,0,0,0,0,0,0,0,0,0,0,0,0,0,0,0,0,0,0,0,0,0,0,0,0,0,0,0,0,0,0,0,0,0,0,0,0,0	0,0,0,0,0,0,0,0,0,0,0,0,0,0,0,0,0,0,0,0,0,0,0,0,0,0,0,0,0,0,0,0,1,0,0,0,0,0,0,0	2	0	0	0	0	1	1612524	1612524	0,0,0,0,0,0,0,0,0,0,0,0,0,0,0,0,0,0,0,0,0,0,0,0,0,0,0,0,0,0,0,0,0,0,0,0,0,0,0,0	0,0,0,0,0,0,0,0,0,0,0,0,0,0,0,0,0,0,0,0,0,0,0,0,0,0,0,0,0,0,0,0,1,0,0,0,0,0,0,0
tb.dut.clusters[0].cluster.sockets[0].socket.cores[0].core.execute.fpu_unit.genblk1[0].fpu_fpnew.genblk3[3].fpnew_core.gen_operation_groups[1].i_opgroup_block.gen_merged_slice.i_multifmt_slice.gen_num_lanes[0].active_lane.lane_instance.genblk1.i_fpnew_divsqrt_multi.gen_output_pipeline[6]	23	1	0	0	0	0	0	1	1612524	1612524	0,0,0,0,0,0,0,0,0,0,0,0,0,0,0,0,0,0,0,0,0,0,0,0,0,0,0,0,0,0,0,0,0,0,0,0,0,0,0,0	0,0,0,0,0,0,0,0,0,0,0,0,0,0,0,0,0,0,0,0,0,0,0,0,0,0,0,0,0,0,0,0,1,0,0,0,0,0,0,0	2	0	0	0	0	1	1612524	1612524	0,0,0,0,0,0,0,0,0,0,0,0,0,0,0,0,0,0,0,0,0,0,0,0,0,0,0,0,0,0,0,0,0,0,0,0,0,0,0,0	0,0,0,0,0,0,0,0,0,0,0,0,0,0,0,0,0,0,0,0,0,0,0,0,0,0,0,0,0,0,0,0,1,0,0,0,0,0,0,0
tb.dut.clusters[0].cluster.sockets[0].socket.cores[0].core.execute.fpu_unit.genblk1[0].fpu_fpnew.genblk3[3].fpnew_core.gen_operation_groups[1].i_opgroup_block.gen_merged_slice.i_multifmt_slice.gen_num_lanes[0].active_lane.lane_instance.genblk1.i_fpnew_divsqrt_multi.gen_output_pipeline[7]	23	1	0	0	0	0	0	1	1612524	1612524	0,0,0,0,0,0,0,0,0,0,0,0,0,0,0,0,0,0,0,0,0,0,0,0,0,0,0,0,0,0,0,0,0,0,0,0,0,0,0,0	0,0,0,0,0,0,0,0,0,0,0,0,0,0,0,0,0,0,0,0,0,0,0,0,0,0,0,0,0,0,0,0,1,0,0,0,0,0,0,0	2	0	0	0	0	1	1612524	1612524	0,0,0,0,0,0,0,0,0,0,0,0,0,0,0,0,0,0,0,0,0,0,0,0,0,0,0,0,0,0,0,0,0,0,0,0,0,0,0,0	0,0,0,0,0,0,0,0,0,0,0,0,0,0,0,0,0,0,0,0,0,0,0,0,0,0,0,0,0,0,0,0,1,0,0,0,0,0,0,0
tb.dut.clusters[0].cluster.sockets[0].socket.cores[0].core.execute.fpu_unit.genblk1[0].fpu_fpnew.genblk3[3].fpnew_core.gen_operation_groups[1].i_opgroup_block.gen_merged_slice.i_multifmt_slice.gen_num_lanes[0].active_lane.lane_instance.genblk1.i_fpnew_divsqrt_multi.i_divsqrt_lei	23	12493	18	2	2	2	1	3	1612522	1612500	2,0,0,0,0,0,0,0,0,0,0,0,0,0,0,0,0,0,0,0,0,0,0,0,0,0,0,0,0,0,0,0,0,0,0,0,0,0,0,0	0,0,1,0,0,0,0,0,0,0,0,0,0,0,0,0,1,0,0,0,0,0,0,0,0,0,0,0,0,0,0,0,1,0,0,0,0,0,0,0	63	0	0	0	0	1	1612524	1612524	0,0,0,0,0,0,0,0,0,0,0,0,0,0,0,0,0,0,0,0,0,0,0,0,0,0,0,0,0,0,0,0,0,0,0,0,0,0,0,0	0,0,0,0,0,0,0,0,0,0,0,0,0,0,0,0,0,0,0,0,0,0,0,0,0,0,0,0,0,0,0,0,1,0,0,0,0,0,0,0
tb.dut.clusters[0].cluster.sockets[0].socket.cores[0].core.execute.fpu_unit.genblk1[0].fpu_fpnew.genblk3[3].fpnew_core.gen_operation_groups[1].i_opgroup_block.gen_merged_slice.i_multifmt_slice.gen_num_lanes[0].active_lane.lane_instance.genblk1.i_fpnew_divsqrt_multi.i_divsqrt_lei.fpu_norm_U0	24	752	0	0	0	0	0	1	1612524	1612524	0,0,0,0,0,0,0,0,0,0,0,0,0,0,0,0,0,0,0,0,0,0,0,0,0,0,0,0,0,0,0,0,0,0,0,0,0,0,0,0	0,0,0,0,0,0,0,0,0,0,0,0,0,0,0,0,0,0,0,0,0,0,0,0,0,0,0,0,0,0,0,0,1,0,0,0,0,0,0,0	4	0	0	0	0	1	1612524	1612524	0,0,0,0,0,0,0,0,0,0,0,0,0,0,0,0,0,0,0,0,0,0,0,0,0,0,0,0,0,0,0,0,0,0,0,0,0,0,0,0	0,0,0,0,0,0,0,0,0,0,0,0,0,0,0,0,0,0,0,0,0,0,0,0,0,0,0,0,0,0,0,0,1,0,0,0,0,0,0,0
tb.dut.clusters[0].cluster.sockets[0].socket.cores[0].core.execute.fpu_unit.genblk1[0].fpu_fpnew.genblk3[3].fpnew_core.gen_operation_groups[1].i_opgroup_block.gen_merged_slice.i_multifmt_slice.gen_num_lanes[0].active_lane.lane_instance.genblk1.i_fpnew_divsqrt_multi.i_divsqrt_lei.nrbd_nrsc_U0	24	8528	10	2	2	2	1	3	1612522	1612500	2,0,0,0,0,0,0,0,0,0,0,0,0,0,0,0,0,0,0,0,0,0,0,0,0,0,0,0,0,0,0,0,0,0,0,0,0,0,0,0	0,0,1,0,0,0,0,0,0,0,0,0,0,0,0,0,1,0,0,0,0,0,0,0,0,0,0,0,0,0,0,0,1,0,0,0,0,0,0,0	43	0	0	0	0	1	1612524	1612524	0,0,0,0,0,0,0,0,0,0,0,0,0,0,0,0,0,0,0,0,0,0,0,0,0,0,0,0,0,0,0,0,0,0,0,0,0,0,0,0	0,0,0,0,0,0,0,0,0,0,0,0,0,0,0,0,0,0,0,0,0,0,0,0,0,0,0,0,0,0,0,0,1,0,0,0,0,0,0,0
tb.dut.clusters[0].cluster.sockets[0].socket.cores[0].core.execute.fpu_unit.genblk1[0].fpu_fpnew.genblk3[3].fpnew_core.gen_operation_groups[1].i_opgroup_block.gen_merged_slice.i_multifmt_slice.gen_num_lanes[0].active_lane.lane_instance.genblk1.i_fpnew_divsqrt_multi.i_divsqrt_lei.nrbd_nrsc_U0.control_U0	25	8301	5	2	2	2	1	3	1612522	1612500	2,0,0,0,0,0,0,0,0,0,0,0,0,0,0,0,0,0,0,0,0,0,0,0,0,0,0,0,0,0,0,0,0,0,0,0,0,0,0,0	0,0,1,0,0,0,0,0,0,0,0,0,0,0,0,0,1,0,0,0,0,0,0,0,0,0,0,0,0,0,0,0,1,0,0,0,0,0,0,0	42	0	0	0	0	1	1612524	1612524	0,0,0,0,0,0,0,0,0,0,0,0,0,0,0,0,0,0,0,0,0,0,0,0,0,0,0,0,0,0,0,0,0,0,0,0,0,0,0,0	0,0,0,0,0,0,0,0,0,0,0,0,0,0,0,0,0,0,0,0,0,0,0,0,0,0,0,0,0,0,0,0,1,0,0,0,0,0,0,0
tb.dut.clusters[0].cluster.sockets[0].socket.cores[0].core.execute.fpu_unit.genblk1[0].fpu_fpnew.genblk3[3].fpnew_core.gen_operation_groups[1].i_opgroup_block.gen_merged_slice.i_multifmt_slice.gen_num_lanes[0].active_lane.lane_instance.genblk1.i_fpnew_divsqrt_multi.i_divsqrt_lei.nrbd_nrsc_U0.control_U0.genblk4[0]	26	217	0	0	0	0	0	1	1612524	1612524	0,0,0,0,0,0,0,0,0,0,0,0,0,0,0,0,0,0,0,0,0,0,0,0,0,0,0,0,0,0,0,0,0,0,0,0,0,0,0,0	0,0,0,0,0,0,0,0,0,0,0,0,0,0,0,0,0,0,0,0,0,0,0,0,0,0,0,0,0,0,0,0,1,0,0,0,0,0,0,0	2	0	0	0	0	1	1612524	1612524	0,0,0,0,0,0,0,0,0,0,0,0,0,0,0,0,0,0,0,0,0,0,0,0,0,0,0,0,0,0,0,0,0,0,0,0,0,0,0,0	0,0,0,0,0,0,0,0,0,0,0,0,0,0,0,0,0,0,0,0,0,0,0,0,0,0,0,0,0,0,0,0,1,0,0,0,0,0,0,0
tb.dut.clusters[0].cluster.sockets[0].socket.cores[0].core.execute.fpu_unit.genblk1[0].fpu_fpnew.genblk3[3].fpnew_core.gen_operation_groups[1].i_opgroup_block.gen_merged_slice.i_multifmt_slice.gen_num_lanes[0].active_lane.lane_instance.genblk1.i_fpnew_divsqrt_multi.i_divsqrt_lei.nrbd_nrsc_U0.control_U0.genblk4[0].iteration_div_sqrt	27	217	0	0	0	0	0	1	1612524	1612524	0,0,0,0,0,0,0,0,0,0,0,0,0,0,0,0,0,0,0,0,0,0,0,0,0,0,0,0,0,0,0,0,0,0,0,0,0,0,0,0	0,0,0,0,0,0,0,0,0,0,0,0,0,0,0,0,0,0,0,0,0,0,0,0,0,0,0,0,0,0,0,0,1,0,0,0,0,0,0,0	2	0	0	0	0	1	1612524	1612524	0,0,0,0,0,0,0,0,0,0,0,0,0,0,0,0,0,0,0,0,0,0,0,0,0,0,0,0,0,0,0,0,0,0,0,0,0,0,0,0	0,0,0,0,0,0,0,0,0,0,0,0,0,0,0,0,0,0,0,0,0,0,0,0,0,0,0,0,0,0,0,0,1,0,0,0,0,0,0,0
tb.dut.clusters[0].cluster.sockets[0].socket.cores[0].core.execute.fpu_unit.genblk1[0].fpu_fpnew.genblk3[3].fpnew_core.gen_operation_groups[1].i_opgroup_block.gen_merged_slice.i_multifmt_slice.gen_num_lanes[0].active_lane.lane_instance.genblk1.i_fpnew_divsqrt_multi.i_divsqrt_lei.nrbd_nrsc_U0.control_U0.genblk4[1]	26	217	0	0	0	0	0	1	1612524	1612524	0,0,0,0,0,0,0,0,0,0,0,0,0,0,0,0,0,0,0,0,0,0,0,0,0,0,0,0,0,0,0,0,0,0,0,0,0,0,0,0	0,0,0,0,0,0,0,0,0,0,0,0,0,0,0,0,0,0,0,0,0,0,0,0,0,0,0,0,0,0,0,0,1,0,0,0,0,0,0,0	2	0	0	0	0	1	1612524	1612524	0,0,0,0,0,0,0,0,0,0,0,0,0,0,0,0,0,0,0,0,0,0,0,0,0,0,0,0,0,0,0,0,0,0,0,0,0,0,0,0	0,0,0,0,0,0,0,0,0,0,0,0,0,0,0,0,0,0,0,0,0,0,0,0,0,0,0,0,0,0,0,0,1,0,0,0,0,0,0,0
tb.dut.clusters[0].cluster.sockets[0].socket.cores[0].core.execute.fpu_unit.genblk1[0].fpu_fpnew.genblk3[3].fpnew_core.gen_operation_groups[1].i_opgroup_block.gen_merged_slice.i_multifmt_slice.gen_num_lanes[0].active_lane.lane_instance.genblk1.i_fpnew_divsqrt_multi.i_divsqrt_lei.nrbd_nrsc_U0.control_U0.genblk4[1].iteration_div_sqrt	27	217	0	0	0	0	0	1	1612524	1612524	0,0,0,0,0,0,0,0,0,0,0,0,0,0,0,0,0,0,0,0,0,0,0,0,0,0,0,0,0,0,0,0,0,0,0,0,0,0,0,0	0,0,0,0,0,0,0,0,0,0,0,0,0,0,0,0,0,0,0,0,0,0,0,0,0,0,0,0,0,0,0,0,1,0,0,0,0,0,0,0	2	0	0	0	0	1	1612524	1612524	0,0,0,0,0,0,0,0,0,0,0,0,0,0,0,0,0,0,0,0,0,0,0,0,0,0,0,0,0,0,0,0,0,0,0,0,0,0,0,0	0,0,0,0,0,0,0,0,0,0,0,0,0,0,0,0,0,0,0,0,0,0,0,0,0,0,0,0,0,0,0,0,1,0,0,0,0,0,0,0
tb.dut.clusters[0].cluster.sockets[0].socket.cores[0].core.execute.fpu_unit.genblk1[0].fpu_fpnew.genblk3[3].fpnew_core.gen_operation_groups[1].i_opgroup_block.gen_merged_slice.i_multifmt_slice.gen_num_lanes[0].active_lane.lane_instance.genblk1.i_fpnew_divsqrt_multi.i_divsqrt_lei.nrbd_nrsc_U0.control_U0.genblk4[2]	26	217	0	0	0	0	0	1	1612524	1612524	0,0,0,0,0,0,0,0,0,0,0,0,0,0,0,0,0,0,0,0,0,0,0,0,0,0,0,0,0,0,0,0,0,0,0,0,0,0,0,0	0,0,0,0,0,0,0,0,0,0,0,0,0,0,0,0,0,0,0,0,0,0,0,0,0,0,0,0,0,0,0,0,1,0,0,0,0,0,0,0	2	0	0	0	0	1	1612524	1612524	0,0,0,0,0,0,0,0,0,0,0,0,0,0,0,0,0,0,0,0,0,0,0,0,0,0,0,0,0,0,0,0,0,0,0,0,0,0,0,0	0,0,0,0,0,0,0,0,0,0,0,0,0,0,0,0,0,0,0,0,0,0,0,0,0,0,0,0,0,0,0,0,1,0,0,0,0,0,0,0
tb.dut.clusters[0].cluster.sockets[0].socket.cores[0].core.execute.fpu_unit.genblk1[0].fpu_fpnew.genblk3[3].fpnew_core.gen_operation_groups[1].i_opgroup_block.gen_merged_slice.i_multifmt_slice.gen_num_lanes[0].active_lane.lane_instance.genblk1.i_fpnew_divsqrt_multi.i_divsqrt_lei.nrbd_nrsc_U0.control_U0.genblk4[2].iteration_div_sqrt	27	217	0	0	0	0	0	1	1612524	1612524	0,0,0,0,0,0,0,0,0,0,0,0,0,0,0,0,0,0,0,0,0,0,0,0,0,0,0,0,0,0,0,0,0,0,0,0,0,0,0,0	0,0,0,0,0,0,0,0,0,0,0,0,0,0,0,0,0,0,0,0,0,0,0,0,0,0,0,0,0,0,0,0,1,0,0,0,0,0,0,0	2	0	0	0	0	1	1612524	1612524	0,0,0,0,0,0,0,0,0,0,0,0,0,0,0,0,0,0,0,0,0,0,0,0,0,0,0,0,0,0,0,0,0,0,0,0,0,0,0,0	0,0,0,0,0,0,0,0,0,0,0,0,0,0,0,0,0,0,0,0,0,0,0,0,0,0,0,0,0,0,0,0,1,0,0,0,0,0,0,0
tb.dut.clusters[0].cluster.sockets[0].socket.cores[0].core.execute.fpu_unit.genblk1[0].fpu_fpnew.genblk3[3].fpnew_core.gen_operation_groups[1].i_opgroup_block.gen_merged_slice.i_multifmt_slice.gen_num_lanes[0].active_lane.lane_instance.genblk1.i_fpnew_divsqrt_multi.i_divsqrt_lei.preprocess_U0	24	2777	3	2	2	2	1	3	1612522	1612500	2,0,0,0,0,0,0,0,0,0,0,0,0,0,0,0,0,0,0,0,0,0,0,0,0,0,0,0,0,0,0,0,0,0,0,0,0,0,0,0	0,0,1,0,0,0,0,0,0,0,0,0,0,0,0,0,1,0,0,0,0,0,0,0,0,0,0,0,0,0,0,0,1,0,0,0,0,0,0,0	14	0	0	0	0	1	1612524	1612524	0,0,0,0,0,0,0,0,0,0,0,0,0,0,0,0,0,0,0,0,0,0,0,0,0,0,0,0,0,0,0,0,0,0,0,0,0,0,0,0	0,0,0,0,0,0,0,0,0,0,0,0,0,0,0,0,0,0,0,0,0,0,0,0,0,0,0,0,0,0,0,0,1,0,0,0,0,0,0,0
tb.dut.clusters[0].cluster.sockets[0].socket.cores[0].core.execute.fpu_unit.genblk1[0].fpu_fpnew.genblk3[3].fpnew_core.gen_operation_groups[1].i_opgroup_block.gen_merged_slice.i_multifmt_slice.gen_num_lanes[0].active_lane.lane_instance.genblk1.i_fpnew_divsqrt_multi.i_divsqrt_lei.preprocess_U0.LOD_Ua	25	976	0	0	0	0	0	1	1612524	1612524	0,0,0,0,0,0,0,0,0,0,0,0,0,0,0,0,0,0,0,0,0,0,0,0,0,0,0,0,0,0,0,0,0,0,0,0,0,0,0,0	0,0,0,0,0,0,0,0,0,0,0,0,0,0,0,0,0,0,0,0,0,0,0,0,0,0,0,0,0,0,0,0,1,0,0,0,0,0,0,0	5	0	0	0	0	1	1612524	1612524	0,0,0,0,0,0,0,0,0,0,0,0,0,0,0,0,0,0,0,0,0,0,0,0,0,0,0,0,0,0,0,0,0,0,0,0,0,0,0,0	0,0,0,0,0,0,0,0,0,0,0,0,0,0,0,0,0,0,0,0,0,0,0,0,0,0,0,0,0,0,0,0,1,0,0,0,0,0,0,0
tb.dut.clusters[0].cluster.sockets[0].socket.cores[0].core.execute.fpu_unit.genblk1[0].fpu_fpnew.genblk3[3].fpnew_core.gen_operation_groups[1].i_opgroup_block.gen_merged_slice.i_multifmt_slice.gen_num_lanes[0].active_lane.lane_instance.genblk1.i_fpnew_divsqrt_multi.i_divsqrt_lei.preprocess_U0.LOD_Ua.gen_lzc	26	851	0	0	0	0	0	1	1612524	1612524	0,0,0,0,0,0,0,0,0,0,0,0,0,0,0,0,0,0,0,0,0,0,0,0,0,0,0,0,0,0,0,0,0,0,0,0,0,0,0,0	0,0,0,0,0,0,0,0,0,0,0,0,0,0,0,0,0,0,0,0,0,0,0,0,0,0,0,0,0,0,0,0,1,0,0,0,0,0,0,0	5	0	0	0	0	1	1612524	1612524	0,0,0,0,0,0,0,0,0,0,0,0,0,0,0,0,0,0,0,0,0,0,0,0,0,0,0,0,0,0,0,0,0,0,0,0,0,0,0,0	0,0,0,0,0,0,0,0,0,0,0,0,0,0,0,0,0,0,0,0,0,0,0,0,0,0,0,0,0,0,0,0,1,0,0,0,0,0,0,0
tb.dut.clusters[0].cluster.sockets[0].socket.cores[0].core.execute.fpu_unit.genblk1[0].fpu_fpnew.genblk3[3].fpnew_core.gen_operation_groups[1].i_opgroup_block.gen_merged_slice.i_multifmt_slice.gen_num_lanes[0].active_lane.lane_instance.genblk1.i_fpnew_divsqrt_multi.i_divsqrt_lei.preprocess_U0.LOD_Ub	25	976	0	0	0	0	0	1	1612524	1612524	0,0,0,0,0,0,0,0,0,0,0,0,0,0,0,0,0,0,0,0,0,0,0,0,0,0,0,0,0,0,0,0,0,0,0,0,0,0,0,0	0,0,0,0,0,0,0,0,0,0,0,0,0,0,0,0,0,0,0,0,0,0,0,0,0,0,0,0,0,0,0,0,1,0,0,0,0,0,0,0	5	0	0	0	0	1	1612524	1612524	0,0,0,0,0,0,0,0,0,0,0,0,0,0,0,0,0,0,0,0,0,0,0,0,0,0,0,0,0,0,0,0,0,0,0,0,0,0,0,0	0,0,0,0,0,0,0,0,0,0,0,0,0,0,0,0,0,0,0,0,0,0,0,0,0,0,0,0,0,0,0,0,1,0,0,0,0,0,0,0
tb.dut.clusters[0].cluster.sockets[0].socket.cores[0].core.execute.fpu_unit.genblk1[0].fpu_fpnew.genblk3[3].fpnew_core.gen_operation_groups[1].i_opgroup_block.gen_merged_slice.i_multifmt_slice.gen_num_lanes[0].active_lane.lane_instance.genblk1.i_fpnew_divsqrt_multi.i_divsqrt_lei.preprocess_U0.LOD_Ub.gen_lzc	26	851	0	0	0	0	0	1	1612524	1612524	0,0,0,0,0,0,0,0,0,0,0,0,0,0,0,0,0,0,0,0,0,0,0,0,0,0,0,0,0,0,0,0,0,0,0,0,0,0,0,0	0,0,0,0,0,0,0,0,0,0,0,0,0,0,0,0,0,0,0,0,0,0,0,0,0,0,0,0,0,0,0,0,1,0,0,0,0,0,0,0	5	0	0	0	0	1	1612524	1612524	0,0,0,0,0,0,0,0,0,0,0,0,0,0,0,0,0,0,0,0,0,0,0,0,0,0,0,0,0,0,0,0,0,0,0,0,0,0,0,0	0,0,0,0,0,0,0,0,0,0,0,0,0,0,0,0,0,0,0,0,0,0,0,0,0,0,0,0,0,0,0,0,1,0,0,0,0,0,0,0
tb.dut.clusters[0].cluster.sockets[0].socket.cores[0].core.execute.fpu_unit.genblk1[0].fpu_fpnew.genblk3[3].fpnew_core.gen_operation_groups[1].i_opgroup_block.gen_merged_slice.i_multifmt_slice.gen_num_lanes[0].pack_fp_result[0]	19	32	0	0	0	0	0	1	1612524	1612524	0,0,0,0,0,0,0,0,0,0,0,0,0,0,0,0,0,0,0,0,0,0,0,0,0,0,0,0,0,0,0,0,0,0,0,0,0,0,0,0	0,0,0,0,0,0,0,0,0,0,0,0,0,0,0,0,0,0,0,0,0,0,0,0,0,0,0,0,0,0,0,0,1,0,0,0,0,0,0,0	2	0	0	0	0	1	1612524	1612524	0,0,0,0,0,0,0,0,0,0,0,0,0,0,0,0,0,0,0,0,0,0,0,0,0,0,0,0,0,0,0,0,0,0,0,0,0,0,0,0	0,0,0,0,0,0,0,0,0,0,0,0,0,0,0,0,0,0,0,0,0,0,0,0,0,0,0,0,0,0,0,0,1,0,0,0,0,0,0,0
tb.dut.clusters[0].cluster.sockets[0].socket.cores[0].core.execute.fpu_unit.genblk1[0].fpu_fpnew.genblk3[3].fpnew_core.gen_operation_groups[1].i_opgroup_block.gen_merged_slice.i_multifmt_slice.gen_num_lanes[0].pack_fp_result[1]	19	32	0	0	0	0	0	1	1612524	1612524	0,0,0,0,0,0,0,0,0,0,0,0,0,0,0,0,0,0,0,0,0,0,0,0,0,0,0,0,0,0,0,0,0,0,0,0,0,0,0,0	0,0,0,0,0,0,0,0,0,0,0,0,0,0,0,0,0,0,0,0,0,0,0,0,0,0,0,0,0,0,0,0,1,0,0,0,0,0,0,0	2	0	0	0	0	1	1612524	1612524	0,0,0,0,0,0,0,0,0,0,0,0,0,0,0,0,0,0,0,0,0,0,0,0,0,0,0,0,0,0,0,0,0,0,0,0,0,0,0,0	0,0,0,0,0,0,0,0,0,0,0,0,0,0,0,0,0,0,0,0,0,0,0,0,0,0,0,0,0,0,0,0,1,0,0,0,0,0,0,0
tb.dut.clusters[0].cluster.sockets[0].socket.cores[0].core.execute.fpu_unit.genblk1[0].fpu_fpnew.genblk3[3].fpnew_core.gen_operation_groups[1].i_opgroup_block.gen_merged_slice.i_multifmt_slice.gen_num_lanes[0].pack_fp_result[2]	19	32	0	0	0	0	0	1	1612524	1612524	0,0,0,0,0,0,0,0,0,0,0,0,0,0,0,0,0,0,0,0,0,0,0,0,0,0,0,0,0,0,0,0,0,0,0,0,0,0,0,0	0,0,0,0,0,0,0,0,0,0,0,0,0,0,0,0,0,0,0,0,0,0,0,0,0,0,0,0,0,0,0,0,1,0,0,0,0,0,0,0	2	0	0	0	0	1	1612524	1612524	0,0,0,0,0,0,0,0,0,0,0,0,0,0,0,0,0,0,0,0,0,0,0,0,0,0,0,0,0,0,0,0,0,0,0,0,0,0,0,0	0,0,0,0,0,0,0,0,0,0,0,0,0,0,0,0,0,0,0,0,0,0,0,0,0,0,0,0,0,0,0,0,1,0,0,0,0,0,0,0
tb.dut.clusters[0].cluster.sockets[0].socket.cores[0].core.execute.fpu_unit.genblk1[0].fpu_fpnew.genblk3[3].fpnew_core.gen_operation_groups[1].i_opgroup_block.gen_merged_slice.i_multifmt_slice.gen_num_lanes[0].pack_fp_result[3]	19	32	0	0	0	0	0	1	1612524	1612524	0,0,0,0,0,0,0,0,0,0,0,0,0,0,0,0,0,0,0,0,0,0,0,0,0,0,0,0,0,0,0,0,0,0,0,0,0,0,0,0	0,0,0,0,0,0,0,0,0,0,0,0,0,0,0,0,0,0,0,0,0,0,0,0,0,0,0,0,0,0,0,0,1,0,0,0,0,0,0,0	2	0	0	0	0	1	1612524	1612524	0,0,0,0,0,0,0,0,0,0,0,0,0,0,0,0,0,0,0,0,0,0,0,0,0,0,0,0,0,0,0,0,0,0,0,0,0,0,0,0	0,0,0,0,0,0,0,0,0,0,0,0,0,0,0,0,0,0,0,0,0,0,0,0,0,0,0,0,0,0,0,0,1,0,0,0,0,0,0,0
tb.dut.clusters[0].cluster.sockets[0].socket.cores[0].core.execute.fpu_unit.genblk1[0].fpu_fpnew.genblk3[3].fpnew_core.gen_operation_groups[1].i_opgroup_block.gen_merged_slice.i_multifmt_slice.gen_num_lanes[0].pack_fp_result[4]	19	32	0	0	0	0	0	1	1612524	1612524	0,0,0,0,0,0,0,0,0,0,0,0,0,0,0,0,0,0,0,0,0,0,0,0,0,0,0,0,0,0,0,0,0,0,0,0,0,0,0,0	0,0,0,0,0,0,0,0,0,0,0,0,0,0,0,0,0,0,0,0,0,0,0,0,0,0,0,0,0,0,0,0,1,0,0,0,0,0,0,0	2	0	0	0	0	1	1612524	1612524	0,0,0,0,0,0,0,0,0,0,0,0,0,0,0,0,0,0,0,0,0,0,0,0,0,0,0,0,0,0,0,0,0,0,0,0,0,0,0,0	0,0,0,0,0,0,0,0,0,0,0,0,0,0,0,0,0,0,0,0,0,0,0,0,0,0,0,0,0,0,0,0,1,0,0,0,0,0,0,0
tb.dut.clusters[0].cluster.sockets[0].socket.cores[0].core.execute.fpu_unit.genblk1[0].fpu_fpnew.genblk3[3].fpnew_core.gen_operation_groups[1].i_opgroup_block.gen_parallel_slices[0]	16	2	0	0	0	0	0	1	1612524	1612524	0,0,0,0,0,0,0,0,0,0,0,0,0,0,0,0,0,0,0,0,0,0,0,0,0,0,0,0,0,0,0,0,0,0,0,0,0,0,0,0	0,0,0,0,0,0,0,0,0,0,0,0,0,0,0,0,0,0,0,0,0,0,0,0,0,0,0,0,0,0,0,0,1,0,0,0,0,0,0,0	2	0	0	0	0	1	1612524	1612524	0,0,0,0,0,0,0,0,0,0,0,0,0,0,0,0,0,0,0,0,0,0,0,0,0,0,0,0,0,0,0,0,0,0,0,0,0,0,0,0	0,0,0,0,0,0,0,0,0,0,0,0,0,0,0,0,0,0,0,0,0,0,0,0,0,0,0,0,0,0,0,0,1,0,0,0,0,0,0,0
tb.dut.clusters[0].cluster.sockets[0].socket.cores[0].core.execute.fpu_unit.genblk1[0].fpu_fpnew.genblk3[3].fpnew_core.gen_operation_groups[1].i_opgroup_block.gen_parallel_slices[1]	16	2	0	0	0	0	0	1	1612524	1612524	0,0,0,0,0,0,0,0,0,0,0,0,0,0,0,0,0,0,0,0,0,0,0,0,0,0,0,0,0,0,0,0,0,0,0,0,0,0,0,0	0,0,0,0,0,0,0,0,0,0,0,0,0,0,0,0,0,0,0,0,0,0,0,0,0,0,0,0,0,0,0,0,1,0,0,0,0,0,0,0	2	0	0	0	0	1	1612524	1612524	0,0,0,0,0,0,0,0,0,0,0,0,0,0,0,0,0,0,0,0,0,0,0,0,0,0,0,0,0,0,0,0,0,0,0,0,0,0,0,0	0,0,0,0,0,0,0,0,0,0,0,0,0,0,0,0,0,0,0,0,0,0,0,0,0,0,0,0,0,0,0,0,1,0,0,0,0,0,0,0
tb.dut.clusters[0].cluster.sockets[0].socket.cores[0].core.execute.fpu_unit.genblk1[0].fpu_fpnew.genblk3[3].fpnew_core.gen_operation_groups[1].i_opgroup_block.gen_parallel_slices[2]	16	2	0	0	0	0	0	1	1612524	1612524	0,0,0,0,0,0,0,0,0,0,0,0,0,0,0,0,0,0,0,0,0,0,0,0,0,0,0,0,0,0,0,0,0,0,0,0,0,0,0,0	0,0,0,0,0,0,0,0,0,0,0,0,0,0,0,0,0,0,0,0,0,0,0,0,0,0,0,0,0,0,0,0,1,0,0,0,0,0,0,0	2	0	0	0	0	1	1612524	1612524	0,0,0,0,0,0,0,0,0,0,0,0,0,0,0,0,0,0,0,0,0,0,0,0,0,0,0,0,0,0,0,0,0,0,0,0,0,0,0,0	0,0,0,0,0,0,0,0,0,0,0,0,0,0,0,0,0,0,0,0,0,0,0,0,0,0,0,0,0,0,0,0,1,0,0,0,0,0,0,0
tb.dut.clusters[0].cluster.sockets[0].socket.cores[0].core.execute.fpu_unit.genblk1[0].fpu_fpnew.genblk3[3].fpnew_core.gen_operation_groups[1].i_opgroup_block.gen_parallel_slices[3]	16	2	0	0	0	0	0	1	1612524	1612524	0,0,0,0,0,0,0,0,0,0,0,0,0,0,0,0,0,0,0,0,0,0,0,0,0,0,0,0,0,0,0,0,0,0,0,0,0,0,0,0	0,0,0,0,0,0,0,0,0,0,0,0,0,0,0,0,0,0,0,0,0,0,0,0,0,0,0,0,0,0,0,0,1,0,0,0,0,0,0,0	2	0	0	0	0	1	1612524	1612524	0,0,0,0,0,0,0,0,0,0,0,0,0,0,0,0,0,0,0,0,0,0,0,0,0,0,0,0,0,0,0,0,0,0,0,0,0,0,0,0	0,0,0,0,0,0,0,0,0,0,0,0,0,0,0,0,0,0,0,0,0,0,0,0,0,0,0,0,0,0,0,0,1,0,0,0,0,0,0,0
tb.dut.clusters[0].cluster.sockets[0].socket.cores[0].core.execute.fpu_unit.genblk1[0].fpu_fpnew.genblk3[3].fpnew_core.gen_operation_groups[1].i_opgroup_block.gen_parallel_slices[4]	16	2	0	0	0	0	0	1	1612524	1612524	0,0,0,0,0,0,0,0,0,0,0,0,0,0,0,0,0,0,0,0,0,0,0,0,0,0,0,0,0,0,0,0,0,0,0,0,0,0,0,0	0,0,0,0,0,0,0,0,0,0,0,0,0,0,0,0,0,0,0,0,0,0,0,0,0,0,0,0,0,0,0,0,1,0,0,0,0,0,0,0	2	0	0	0	0	1	1612524	1612524	0,0,0,0,0,0,0,0,0,0,0,0,0,0,0,0,0,0,0,0,0,0,0,0,0,0,0,0,0,0,0,0,0,0,0,0,0,0,0,0	0,0,0,0,0,0,0,0,0,0,0,0,0,0,0,0,0,0,0,0,0,0,0,0,0,0,0,0,0,0,0,0,1,0,0,0,0,0,0,0
tb.dut.clusters[0].cluster.sockets[0].socket.cores[0].core.execute.fpu_unit.genblk1[0].fpu_fpnew.genblk3[3].fpnew_core.gen_operation_groups[1].i_opgroup_block.i_arbiter	16	1510	4	2	2	2	1	3	1612522	1612500	2,0,0,0,0,0,0,0,0,0,0,0,0,0,0,0,0,0,0,0,0,0,0,0,0,0,0,0,0,0,0,0,0,0,0,0,0,0,0,0	0,0,1,0,0,0,0,0,0,0,0,0,0,0,0,0,1,0,0,0,0,0,0,0,0,0,0,0,0,0,0,0,1,0,0,0,0,0,0,0	8	0	0	0	0	1	1612524	1612524	0,0,0,0,0,0,0,0,0,0,0,0,0,0,0,0,0,0,0,0,0,0,0,0,0,0,0,0,0,0,0,0,0,0,0,0,0,0,0,0	0,0,0,0,0,0,0,0,0,0,0,0,0,0,0,0,0,0,0,0,0,0,0,0,0,0,0,0,0,0,0,0,1,0,0,0,0,0,0,0
tb.dut.clusters[0].cluster.sockets[0].socket.cores[0].core.execute.fpu_unit.genblk1[0].fpu_fpnew.genblk3[3].fpnew_core.gen_operation_groups[1].i_opgroup_block.i_arbiter.gen_arbiter	17	1150	0	0	0	0	0	1	1612524	1612524	0,0,0,0,0,0,0,0,0,0,0,0,0,0,0,0,0,0,0,0,0,0,0,0,0,0,0,0,0,0,0,0,0,0,0,0,0,0,0,0	0,0,0,0,0,0,0,0,0,0,0,0,0,0,0,0,0,0,0,0,0,0,0,0,0,0,0,0,0,0,0,0,1,0,0,0,0,0,0,0	6	0	0	0	0	1	1612524	1612524	0,0,0,0,0,0,0,0,0,0,0,0,0,0,0,0,0,0,0,0,0,0,0,0,0,0,0,0,0,0,0,0,0,0,0,0,0,0,0,0	0,0,0,0,0,0,0,0,0,0,0,0,0,0,0,0,0,0,0,0,0,0,0,0,0,0,0,0,0,0,0,0,1,0,0,0,0,0,0,0
tb.dut.clusters[0].cluster.sockets[0].socket.cores[0].core.execute.fpu_unit.genblk1[0].fpu_fpnew.genblk3[3].fpnew_core.gen_operation_groups[1].i_opgroup_block.i_arbiter.gen_arbiter.gen_int_rr	18	340	0	0	0	0	0	1	1612524	1612524	0,0,0,0,0,0,0,0,0,0,0,0,0,0,0,0,0,0,0,0,0,0,0,0,0,0,0,0,0,0,0,0,0,0,0,0,0,0,0,0	0,0,0,0,0,0,0,0,0,0,0,0,0,0,0,0,0,0,0,0,0,0,0,0,0,0,0,0,0,0,0,0,1,0,0,0,0,0,0,0	2	0	0	0	0	1	1612524	1612524	0,0,0,0,0,0,0,0,0,0,0,0,0,0,0,0,0,0,0,0,0,0,0,0,0,0,0,0,0,0,0,0,0,0,0,0,0,0,0,0	0,0,0,0,0,0,0,0,0,0,0,0,0,0,0,0,0,0,0,0,0,0,0,0,0,0,0,0,0,0,0,0,1,0,0,0,0,0,0,0
tb.dut.clusters[0].cluster.sockets[0].socket.cores[0].core.execute.fpu_unit.genblk1[0].fpu_fpnew.genblk3[3].fpnew_core.gen_operation_groups[1].i_opgroup_block.i_arbiter.gen_arbiter.gen_int_rr.gen_fair_arb	19	337	0	0	0	0	0	1	1612524	1612524	0,0,0,0,0,0,0,0,0,0,0,0,0,0,0,0,0,0,0,0,0,0,0,0,0,0,0,0,0,0,0,0,0,0,0,0,0,0,0,0	0,0,0,0,0,0,0,0,0,0,0,0,0,0,0,0,0,0,0,0,0,0,0,0,0,0,0,0,0,0,0,0,1,0,0,0,0,0,0,0	2	0	0	0	0	1	1612524	1612524	0,0,0,0,0,0,0,0,0,0,0,0,0,0,0,0,0,0,0,0,0,0,0,0,0,0,0,0,0,0,0,0,0,0,0,0,0,0,0,0	0,0,0,0,0,0,0,0,0,0,0,0,0,0,0,0,0,0,0,0,0,0,0,0,0,0,0,0,0,0,0,0,1,0,0,0,0,0,0,0
tb.dut.clusters[0].cluster.sockets[0].socket.cores[0].core.execute.fpu_unit.genblk1[0].fpu_fpnew.genblk3[3].fpnew_core.gen_operation_groups[1].i_opgroup_block.i_arbiter.gen_arbiter.gen_int_rr.gen_fair_arb.i_lzc_lower	20	158	0	0	0	0	0	1	1612524	1612524	0,0,0,0,0,0,0,0,0,0,0,0,0,0,0,0,0,0,0,0,0,0,0,0,0,0,0,0,0,0,0,0,0,0,0,0,0,0,0,0	0,0,0,0,0,0,0,0,0,0,0,0,0,0,0,0,0,0,0,0,0,0,0,0,0,0,0,0,0,0,0,0,1,0,0,0,0,0,0,0	2	0	0	0	0	1	1612524	1612524	0,0,0,0,0,0,0,0,0,0,0,0,0,0,0,0,0,0,0,0,0,0,0,0,0,0,0,0,0,0,0,0,0,0,0,0,0,0,0,0	0,0,0,0,0,0,0,0,0,0,0,0,0,0,0,0,0,0,0,0,0,0,0,0,0,0,0,0,0,0,0,0,1,0,0,0,0,0,0,0
tb.dut.clusters[0].cluster.sockets[0].socket.cores[0].core.execute.fpu_unit.genblk1[0].fpu_fpnew.genblk3[3].fpnew_core.gen_operation_groups[1].i_opgroup_block.i_arbiter.gen_arbiter.gen_int_rr.gen_fair_arb.i_lzc_lower.gen_lzc	21	84	0	0	0	0	0	1	1612524	1612524	0,0,0,0,0,0,0,0,0,0,0,0,0,0,0,0,0,0,0,0,0,0,0,0,0,0,0,0,0,0,0,0,0,0,0,0,0,0,0,0	0,0,0,0,0,0,0,0,0,0,0,0,0,0,0,0,0,0,0,0,0,0,0,0,0,0,0,0,0,0,0,0,1,0,0,0,0,0,0,0	2	0	0	0	0	1	1612524	1612524	0,0,0,0,0,0,0,0,0,0,0,0,0,0,0,0,0,0,0,0,0,0,0,0,0,0,0,0,0,0,0,0,0,0,0,0,0,0,0,0	0,0,0,0,0,0,0,0,0,0,0,0,0,0,0,0,0,0,0,0,0,0,0,0,0,0,0,0,0,0,0,0,1,0,0,0,0,0,0,0
tb.dut.clusters[0].cluster.sockets[0].socket.cores[0].core.execute.fpu_unit.genblk1[0].fpu_fpnew.genblk3[3].fpnew_core.gen_operation_groups[1].i_opgroup_block.i_arbiter.gen_arbiter.gen_int_rr.gen_fair_arb.i_lzc_upper	20	158	0	0	0	0	0	1	1612524	1612524	0,0,0,0,0,0,0,0,0,0,0,0,0,0,0,0,0,0,0,0,0,0,0,0,0,0,0,0,0,0,0,0,0,0,0,0,0,0,0,0	0,0,0,0,0,0,0,0,0,0,0,0,0,0,0,0,0,0,0,0,0,0,0,0,0,0,0,0,0,0,0,0,1,0,0,0,0,0,0,0	2	0	0	0	0	1	1612524	1612524	0,0,0,0,0,0,0,0,0,0,0,0,0,0,0,0,0,0,0,0,0,0,0,0,0,0,0,0,0,0,0,0,0,0,0,0,0,0,0,0	0,0,0,0,0,0,0,0,0,0,0,0,0,0,0,0,0,0,0,0,0,0,0,0,0,0,0,0,0,0,0,0,1,0,0,0,0,0,0,0
tb.dut.clusters[0].cluster.sockets[0].socket.cores[0].core.execute.fpu_unit.genblk1[0].fpu_fpnew.genblk3[3].fpnew_core.gen_operation_groups[1].i_opgroup_block.i_arbiter.gen_arbiter.gen_int_rr.gen_fair_arb.i_lzc_upper.gen_lzc	21	84	0	0	0	0	0	1	1612524	1612524	0,0,0,0,0,0,0,0,0,0,0,0,0,0,0,0,0,0,0,0,0,0,0,0,0,0,0,0,0,0,0,0,0,0,0,0,0,0,0,0	0,0,0,0,0,0,0,0,0,0,0,0,0,0,0,0,0,0,0,0,0,0,0,0,0,0,0,0,0,0,0,0,1,0,0,0,0,0,0,0	2	0	0	0	0	1	1612524	1612524	0,0,0,0,0,0,0,0,0,0,0,0,0,0,0,0,0,0,0,0,0,0,0,0,0,0,0,0,0,0,0,0,0,0,0,0,0,0,0,0	0,0,0,0,0,0,0,0,0,0,0,0,0,0,0,0,0,0,0,0,0,0,0,0,0,0,0,0,0,0,0,0,1,0,0,0,0,0,0,0
tb.dut.clusters[0].cluster.sockets[0].socket.cores[0].core.execute.fpu_unit.genblk1[0].fpu_fpnew.genblk3[3].fpnew_core.gen_operation_groups[1].i_opgroup_block.i_arbiter.gen_arbiter.gen_levels[0]	18	65	0	0	0	0	0	1	1612524	1612524	0,0,0,0,0,0,0,0,0,0,0,0,0,0,0,0,0,0,0,0,0,0,0,0,0,0,0,0,0,0,0,0,0,0,0,0,0,0,0,0	0,0,0,0,0,0,0,0,0,0,0,0,0,0,0,0,0,0,0,0,0,0,0,0,0,0,0,0,0,0,0,0,1,0,0,0,0,0,0,0	2	0	0	0	0	1	1612524	1612524	0,0,0,0,0,0,0,0,0,0,0,0,0,0,0,0,0,0,0,0,0,0,0,0,0,0,0,0,0,0,0,0,0,0,0,0,0,0,0,0	0,0,0,0,0,0,0,0,0,0,0,0,0,0,0,0,0,0,0,0,0,0,0,0,0,0,0,0,0,0,0,0,1,0,0,0,0,0,0,0
tb.dut.clusters[0].cluster.sockets[0].socket.cores[0].core.execute.fpu_unit.genblk1[0].fpu_fpnew.genblk3[3].fpnew_core.gen_operation_groups[1].i_opgroup_block.i_arbiter.gen_arbiter.gen_levels[0].gen_level[0]	19	65	0	0	0	0	0	1	1612524	1612524	0,0,0,0,0,0,0,0,0,0,0,0,0,0,0,0,0,0,0,0,0,0,0,0,0,0,0,0,0,0,0,0,0,0,0,0,0,0,0,0	0,0,0,0,0,0,0,0,0,0,0,0,0,0,0,0,0,0,0,0,0,0,0,0,0,0,0,0,0,0,0,0,1,0,0,0,0,0,0,0	2	0	0	0	0	1	1612524	1612524	0,0,0,0,0,0,0,0,0,0,0,0,0,0,0,0,0,0,0,0,0,0,0,0,0,0,0,0,0,0,0,0,0,0,0,0,0,0,0,0	0,0,0,0,0,0,0,0,0,0,0,0,0,0,0,0,0,0,0,0,0,0,0,0,0,0,0,0,0,0,0,0,1,0,0,0,0,0,0,0
tb.dut.clusters[0].cluster.sockets[0].socket.cores[0].core.execute.fpu_unit.genblk1[0].fpu_fpnew.genblk3[3].fpnew_core.gen_operation_groups[1].i_opgroup_block.i_arbiter.gen_arbiter.gen_levels[1]	18	130	0	0	0	0	0	1	1612524	1612524	0,0,0,0,0,0,0,0,0,0,0,0,0,0,0,0,0,0,0,0,0,0,0,0,0,0,0,0,0,0,0,0,0,0,0,0,0,0,0,0	0,0,0,0,0,0,0,0,0,0,0,0,0,0,0,0,0,0,0,0,0,0,0,0,0,0,0,0,0,0,0,0,1,0,0,0,0,0,0,0	2	0	0	0	0	1	1612524	1612524	0,0,0,0,0,0,0,0,0,0,0,0,0,0,0,0,0,0,0,0,0,0,0,0,0,0,0,0,0,0,0,0,0,0,0,0,0,0,0,0	0,0,0,0,0,0,0,0,0,0,0,0,0,0,0,0,0,0,0,0,0,0,0,0,0,0,0,0,0,0,0,0,1,0,0,0,0,0,0,0
tb.dut.clusters[0].cluster.sockets[0].socket.cores[0].core.execute.fpu_unit.genblk1[0].fpu_fpnew.genblk3[3].fpnew_core.gen_operation_groups[1].i_opgroup_block.i_arbiter.gen_arbiter.gen_levels[1].gen_level[0]	19	65	0	0	0	0	0	1	1612524	1612524	0,0,0,0,0,0,0,0,0,0,0,0,0,0,0,0,0,0,0,0,0,0,0,0,0,0,0,0,0,0,0,0,0,0,0,0,0,0,0,0	0,0,0,0,0,0,0,0,0,0,0,0,0,0,0,0,0,0,0,0,0,0,0,0,0,0,0,0,0,0,0,0,1,0,0,0,0,0,0,0	2	0	0	0	0	1	1612524	1612524	0,0,0,0,0,0,0,0,0,0,0,0,0,0,0,0,0,0,0,0,0,0,0,0,0,0,0,0,0,0,0,0,0,0,0,0,0,0,0,0	0,0,0,0,0,0,0,0,0,0,0,0,0,0,0,0,0,0,0,0,0,0,0,0,0,0,0,0,0,0,0,0,1,0,0,0,0,0,0,0
tb.dut.clusters[0].cluster.sockets[0].socket.cores[0].core.execute.fpu_unit.genblk1[0].fpu_fpnew.genblk3[3].fpnew_core.gen_operation_groups[1].i_opgroup_block.i_arbiter.gen_arbiter.gen_levels[1].gen_level[1]	19	65	0	0	0	0	0	1	1612524	1612524	0,0,0,0,0,0,0,0,0,0,0,0,0,0,0,0,0,0,0,0,0,0,0,0,0,0,0,0,0,0,0,0,0,0,0,0,0,0,0,0	0,0,0,0,0,0,0,0,0,0,0,0,0,0,0,0,0,0,0,0,0,0,0,0,0,0,0,0,0,0,0,0,1,0,0,0,0,0,0,0	2	0	0	0	0	1	1612524	1612524	0,0,0,0,0,0,0,0,0,0,0,0,0,0,0,0,0,0,0,0,0,0,0,0,0,0,0,0,0,0,0,0,0,0,0,0,0,0,0,0	0,0,0,0,0,0,0,0,0,0,0,0,0,0,0,0,0,0,0,0,0,0,0,0,0,0,0,0,0,0,0,0,1,0,0,0,0,0,0,0
tb.dut.clusters[0].cluster.sockets[0].socket.cores[0].core.execute.fpu_unit.genblk1[0].fpu_fpnew.genblk3[3].fpnew_core.gen_operation_groups[1].i_opgroup_block.i_arbiter.gen_arbiter.gen_levels[2]	18	260	0	0	0	0	0	1	1612524	1612524	0,0,0,0,0,0,0,0,0,0,0,0,0,0,0,0,0,0,0,0,0,0,0,0,0,0,0,0,0,0,0,0,0,0,0,0,0,0,0,0	0,0,0,0,0,0,0,0,0,0,0,0,0,0,0,0,0,0,0,0,0,0,0,0,0,0,0,0,0,0,0,0,1,0,0,0,0,0,0,0	2	0	0	0	0	1	1612524	1612524	0,0,0,0,0,0,0,0,0,0,0,0,0,0,0,0,0,0,0,0,0,0,0,0,0,0,0,0,0,0,0,0,0,0,0,0,0,0,0,0	0,0,0,0,0,0,0,0,0,0,0,0,0,0,0,0,0,0,0,0,0,0,0,0,0,0,0,0,0,0,0,0,1,0,0,0,0,0,0,0
tb.dut.clusters[0].cluster.sockets[0].socket.cores[0].core.execute.fpu_unit.genblk1[0].fpu_fpnew.genblk3[3].fpnew_core.gen_operation_groups[1].i_opgroup_block.i_arbiter.gen_arbiter.gen_levels[2].gen_level[0]	19	65	0	0	0	0	0	1	1612524	1612524	0,0,0,0,0,0,0,0,0,0,0,0,0,0,0,0,0,0,0,0,0,0,0,0,0,0,0,0,0,0,0,0,0,0,0,0,0,0,0,0	0,0,0,0,0,0,0,0,0,0,0,0,0,0,0,0,0,0,0,0,0,0,0,0,0,0,0,0,0,0,0,0,1,0,0,0,0,0,0,0	2	0	0	0	0	1	1612524	1612524	0,0,0,0,0,0,0,0,0,0,0,0,0,0,0,0,0,0,0,0,0,0,0,0,0,0,0,0,0,0,0,0,0,0,0,0,0,0,0,0	0,0,0,0,0,0,0,0,0,0,0,0,0,0,0,0,0,0,0,0,0,0,0,0,0,0,0,0,0,0,0,0,1,0,0,0,0,0,0,0
tb.dut.clusters[0].cluster.sockets[0].socket.cores[0].core.execute.fpu_unit.genblk1[0].fpu_fpnew.genblk3[3].fpnew_core.gen_operation_groups[1].i_opgroup_block.i_arbiter.gen_arbiter.gen_levels[2].gen_level[1]	19	65	0	0	0	0	0	1	1612524	1612524	0,0,0,0,0,0,0,0,0,0,0,0,0,0,0,0,0,0,0,0,0,0,0,0,0,0,0,0,0,0,0,0,0,0,0,0,0,0,0,0	0,0,0,0,0,0,0,0,0,0,0,0,0,0,0,0,0,0,0,0,0,0,0,0,0,0,0,0,0,0,0,0,1,0,0,0,0,0,0,0	2	0	0	0	0	1	1612524	1612524	0,0,0,0,0,0,0,0,0,0,0,0,0,0,0,0,0,0,0,0,0,0,0,0,0,0,0,0,0,0,0,0,0,0,0,0,0,0,0,0	0,0,0,0,0,0,0,0,0,0,0,0,0,0,0,0,0,0,0,0,0,0,0,0,0,0,0,0,0,0,0,0,1,0,0,0,0,0,0,0
tb.dut.clusters[0].cluster.sockets[0].socket.cores[0].core.execute.fpu_unit.genblk1[0].fpu_fpnew.genblk3[3].fpnew_core.gen_operation_groups[1].i_opgroup_block.i_arbiter.gen_arbiter.gen_levels[2].gen_level[2]	19	65	0	0	0	0	0	1	1612524	1612524	0,0,0,0,0,0,0,0,0,0,0,0,0,0,0,0,0,0,0,0,0,0,0,0,0,0,0,0,0,0,0,0,0,0,0,0,0,0,0,0	0,0,0,0,0,0,0,0,0,0,0,0,0,0,0,0,0,0,0,0,0,0,0,0,0,0,0,0,0,0,0,0,1,0,0,0,0,0,0,0	2	0	0	0	0	1	1612524	1612524	0,0,0,0,0,0,0,0,0,0,0,0,0,0,0,0,0,0,0,0,0,0,0,0,0,0,0,0,0,0,0,0,0,0,0,0,0,0,0,0	0,0,0,0,0,0,0,0,0,0,0,0,0,0,0,0,0,0,0,0,0,0,0,0,0,0,0,0,0,0,0,0,1,0,0,0,0,0,0,0
tb.dut.clusters[0].cluster.sockets[0].socket.cores[0].core.execute.fpu_unit.genblk1[0].fpu_fpnew.genblk3[3].fpnew_core.gen_operation_groups[1].i_opgroup_block.i_arbiter.gen_arbiter.gen_levels[2].gen_level[3]	19	65	0	0	0	0	0	1	1612524	1612524	0,0,0,0,0,0,0,0,0,0,0,0,0,0,0,0,0,0,0,0,0,0,0,0,0,0,0,0,0,0,0,0,0,0,0,0,0,0,0,0	0,0,0,0,0,0,0,0,0,0,0,0,0,0,0,0,0,0,0,0,0,0,0,0,0,0,0,0,0,0,0,0,1,0,0,0,0,0,0,0	2	0	0	0	0	1	1612524	1612524	0,0,0,0,0,0,0,0,0,0,0,0,0,0,0,0,0,0,0,0,0,0,0,0,0,0,0,0,0,0,0,0,0,0,0,0,0,0,0,0	0,0,0,0,0,0,0,0,0,0,0,0,0,0,0,0,0,0,0,0,0,0,0,0,0,0,0,0,0,0,0,0,1,0,0,0,0,0,0,0
tb.dut.clusters[0].cluster.sockets[0].socket.cores[0].core.execute.fpu_unit.genblk1[0].fpu_fpnew.genblk3[3].fpnew_core.gen_operation_groups[2]	14	4265	63781134	819375	524356	819375	10	524357	793149	8243	235532,286757,8,1,2055,1,0,0,0,2,0,0,0,0,0,0,0,0,0,0,0,0,0,0,0,0,0,0,0,0,0,0,0,0,0,0,0,0,0,0	288810,233493,2,1,0,0,0,0,0,0,0,0,1,2046,0,1,1,0,0,0,1,0,0,0,0,1,0,0,0,0,0,0,0,0,0,0,0,0,0,0	22	583658	524236	583658	10	524237	1028866	8245	466880,55305,2048,1,0,0,0,0,0,2,0,0,0,0,0,0,0,0,0,0,0,0,0,0,0,0,0,0,0,0,0,0,0,0,0,0,0,0,0,0	57345,464729,7,6,90,0,1,0,0,0,0,6,3,0,1,2045,2,0,0,0,1,0,0,0,0,1,0,0,0,0,0,0,0,0,0,0,0,0,0,0
tb.dut.clusters[0].cluster.sockets[0].socket.cores[0].core.execute.fpu_unit.genblk1[0].fpu_fpnew.genblk3[3].fpnew_core.gen_operation_groups[2].i_opgroup_block	15	4222	63781118	819375	524356	819375	10	524357	793149	8243	235532,286757,8,1,2055,1,0,0,0,2,0,0,0,0,0,0,0,0,0,0,0,0,0,0,0,0,0,0,0,0,0,0,0,0,0,0,0,0,0,0	288810,233493,2,1,0,0,0,0,0,0,0,0,1,2046,0,1,1,0,0,0,1,0,0,0,0,1,0,0,0,0,0,0,0,0,0,0,0,0,0,0	22	583658	524236	583658	10	524237	1028866	8245	466880,55305,2048,1,0,0,0,0,0,2,0,0,0,0,0,0,0,0,0,0,0,0,0,0,0,0,0,0,0,0,0,0,0,0,0,0,0,0,0,0	57345,464729,7,6,90,0,1,0,0,0,0,6,3,0,1,2045,2,0,0,0,1,0,0,0,0,1,0,0,0,0,0,0,0,0,0,0,0,0,0,0
tb.dut.clusters[0].cluster.sockets[0].socket.cores[0].core.execute.fpu_unit.genblk1[0].fpu_fpnew.genblk3[3].fpnew_core.gen_operation_groups[2].i_opgroup_block.gen_parallel_slices[0]	16	1958	50902476	819375	524356	819375	10	524357	793149	8243	235532,286757,8,1,2055,1,0,0,0,2,0,0,0,0,0,0,0,0,0,0,0,0,0,0,0,0,0,0,0,0,0,0,0,0,0,0,0,0,0,0	288810,233493,2,1,0,0,0,0,0,0,0,0,1,2046,0,1,1,0,0,0,1,0,0,0,0,1,0,0,0,0,0,0,0,0,0,0,0,0,0,0	10	583774	524333	583774	10	524334	1028750	8245	466960,55320,2050,1,0,0,0,0,0,2,0,0,0,0,0,0,0,0,0,0,0,0,0,0,0,0,0,0,0,0,0,0,0,0,0,0,0,0,0,0	57357,464898,3,11,6,0,7,1,0,0,0,0,1,0,1,2047,0,0,0,0,1,0,0,0,0,1,0,0,0,0,0,0,0,0,0,0,0,0,0,0
tb.dut.clusters[0].cluster.sockets[0].socket.cores[0].core.execute.fpu_unit.genblk1[0].fpu_fpnew.genblk3[3].fpnew_core.gen_operation_groups[2].i_opgroup_block.gen_parallel_slices[0].active_format	17	1956	50902476	819375	524356	819375	10	524357	793149	8243	235532,286757,8,1,2055,1,0,0,0,2,0,0,0,0,0,0,0,0,0,0,0,0,0,0,0,0,0,0,0,0,0,0,0,0,0,0,0,0,0,0	288810,233493,2,1,0,0,0,0,0,0,0,0,1,2046,0,1,1,0,0,0,1,0,0,0,0,1,0,0,0,0,0,0,0,0,0,0,0,0,0,0	10	583774	524333	583774	10	524334	1028750	8245	466960,55320,2050,1,0,0,0,0,0,2,0,0,0,0,0,0,0,0,0,0,0,0,0,0,0,0,0,0,0,0,0,0,0,0,0,0,0,0,0,0	57357,464898,3,11,6,0,7,1,0,0,0,0,1,0,1,2047,0,0,0,0,1,0,0,0,0,1,0,0,0,0,0,0,0,0,0,0,0,0,0,0
tb.dut.clusters[0].cluster.sockets[0].socket.cores[0].core.execute.fpu_unit.genblk1[0].fpu_fpnew.genblk3[3].fpnew_core.gen_operation_groups[2].i_opgroup_block.gen_parallel_slices[0].active_format.i_fmt_slice	18	1922	50902457	819375	524356	819375	10	524357	793149	8243	235532,286757,8,1,2055,1,0,0,0,2,0,0,0,0,0,0,0,0,0,0,0,0,0,0,0,0,0,0,0,0,0,0,0,0,0,0,0,0,0,0	288810,233493,2,1,0,0,0,0,0,0,0,0,1,2046,0,1,1,0,0,0,1,0,0,0,0,1,0,0,0,0,0,0,0,0,0,0,0,0,0,0	10	583774	524333	583774	10	524334	1028750	8245	466960,55320,2050,1,0,0,0,0,0,2,0,0,0,0,0,0,0,0,0,0,0,0,0,0,0,0,0,0,0,0,0,0,0,0,0,0,0,0,0,0	57357,464898,3,11,6,0,7,1,0,0,0,0,1,0,1,2047,0,0,0,0,1,0,0,0,0,1,0,0,0,0,0,0,0,0,0,0,0,0,0,0
tb.dut.clusters[0].cluster.sockets[0].socket.cores[0].core.execute.fpu_unit.genblk1[0].fpu_fpnew.genblk3[3].fpnew_core.gen_operation_groups[2].i_opgroup_block.gen_parallel_slices[0].active_format.i_fmt_slice.gen_num_lanes[0]	19	1343	38025637	819375	524356	819375	10	524357	793149	8243	235532,286757,8,1,2055,1,0,0,0,2,0,0,0,0,0,0,0,0,0,0,0,0,0,0,0,0,0,0,0,0,0,0,0,0,0,0,0,0,0,0	288810,233493,2,1,0,0,0,0,0,0,0,0,1,2046,0,1,1,0,0,0,1,0,0,0,0,1,0,0,0,0,0,0,0,0,0,0,0,0,0,0	7	583774	524333	583774	10	524334	1028750	8245	466960,55320,2050,1,0,0,0,0,0,2,0,0,0,0,0,0,0,0,0,0,0,0,0,0,0,0,0,0,0,0,0,0,0,0,0,0,0,0,0,0	57357,464898,3,11,6,0,7,1,0,0,0,0,1,0,1,2047,0,0,0,0,1,0,0,0,0,1,0,0,0,0,0,0,0,0,0,0,0,0,0,0
tb.dut.clusters[0].cluster.sockets[0].socket.cores[0].core.execute.fpu_unit.genblk1[0].fpu_fpnew.genblk3[3].fpnew_core.gen_operation_groups[2].i_opgroup_block.gen_parallel_slices[0].active_format.i_fmt_slice.gen_num_lanes[0].active_lane	20	1310	38025289	819375	524356	819375	10	524357	793149	8243	235532,286757,8,1,2055,1,0,0,0,2,0,0,0,0,0,0,0,0,0,0,0,0,0,0,0,0,0,0,0,0,0,0,0,0,0,0,0,0,0,0	288810,233493,2,1,0,0,0,0,0,0,0,0,1,2046,0,1,1,0,0,0,1,0,0,0,0,1,0,0,0,0,0,0,0,0,0,0,0,0,0,0	7	583774	524333	583774	10	524334	1028750	8245	466960,55320,2050,1,0,0,0,0,0,2,0,0,0,0,0,0,0,0,0,0,0,0,0,0,0,0,0,0,0,0,0,0,0,0,0,0,0,0,0,0	57357,464898,3,11,6,0,7,1,0,0,0,0,1,0,1,2047,0,0,0,0,1,0,0,0,0,1,0,0,0,0,0,0,0,0,0,0,0,0,0,0
tb.dut.clusters[0].cluster.sockets[0].socket.cores[0].core.execute.fpu_unit.genblk1[0].fpu_fpnew.genblk3[3].fpnew_core.gen_operation_groups[2].i_opgroup_block.gen_parallel_slices[0].active_format.i_fmt_slice.gen_num_lanes[0].active_lane.lane_instance	21	1206	25751943	819375	524356	819375	10	524357	793149	8243	235532,286757,8,1,2055,1,0,0,0,2,0,0,0,0,0,0,0,0,0,0,0,0,0,0,0,0,0,0,0,0,0,0,0,0,0,0,0,0,0,0	288810,233493,2,1,0,0,0,0,0,0,0,0,1,2046,0,1,1,0,0,0,1,0,0,0,0,1,0,0,0,0,0,0,0,0,0,0,0,0,0,0	7	583744	524306	583744	9	524307	1028780	8245	466934,55319,2050,1,0,0,0,0,2,0,0,0,0,0,0,0,0,0,0,0,0,0,0,0,0,0,0,0,0,0,0,0,0,0,0,0,0,0,0,0	57356,464861,3,3,25,0,0,0,0,0,0,6,3,0,1,2046,1,0,0,0,1,0,0,0,0,1,0,0,0,0,0,0,0,0,0,0,0,0,0,0
tb.dut.clusters[0].cluster.sockets[0].socket.cores[0].core.execute.fpu_unit.genblk1[0].fpu_fpnew.genblk3[3].fpnew_core.gen_operation_groups[2].i_opgroup_block.gen_parallel_slices[0].active_format.i_fmt_slice.gen_num_lanes[0].active_lane.lane_instance.i_noncomp	22	1206	25751943	819375	524356	819375	10	524357	793149	8243	235532,286757,8,1,2055,1,0,0,0,2,0,0,0,0,0,0,0,0,0,0,0,0,0,0,0,0,0,0,0,0,0,0,0,0,0,0,0,0,0,0	288810,233493,2,1,0,0,0,0,0,0,0,0,1,2046,0,1,1,0,0,0,1,0,0,0,0,1,0,0,0,0,0,0,0,0,0,0,0,0,0,0	7	583744	524306	583744	9	524307	1028780	8245	466934,55319,2050,1,0,0,0,0,2,0,0,0,0,0,0,0,0,0,0,0,0,0,0,0,0,0,0,0,0,0,0,0,0,0,0,0,0,0,0,0	57356,464861,3,3,25,0,0,0,0,0,0,6,3,0,1,2046,1,0,0,0,1,0,0,0,0,1,0,0,0,0,0,0,0,0,0,0,0,0,0,0
tb.dut.clusters[0].cluster.sockets[0].socket.cores[0].core.execute.fpu_unit.genblk1[0].fpu_fpnew.genblk3[3].fpnew_core.gen_operation_groups[2].i_opgroup_block.gen_parallel_slices[0].active_format.i_fmt_slice.gen_num_lanes[0].active_lane.lane_instance.i_noncomp.gen_input_pipeline[0]	23	1	16	16	2	16	8	3	1612508	1612070	0,0,0,0,0,0,0,2,0,0,0,0,0,0,0,0,0,0,0,0,0,0,0,0,0,0,0,0,0,0,0,0,0,0,0,0,0,0,0,0	0,0,0,0,0,1,0,0,0,0,0,0,0,0,0,0,0,0,0,0,1,0,0,0,0,0,0,0,0,0,0,0,1,0,0,0,0,0,0,0	2	0	0	0	0	1	1612524	1612524	0,0,0,0,0,0,0,0,0,0,0,0,0,0,0,0,0,0,0,0,0,0,0,0,0,0,0,0,0,0,0,0,0,0,0,0,0,0,0,0	0,0,0,0,0,0,0,0,0,0,0,0,0,0,0,0,0,0,0,0,0,0,0,0,0,0,0,0,0,0,0,0,1,0,0,0,0,0,0,0
tb.dut.clusters[0].cluster.sockets[0].socket.cores[0].core.execute.fpu_unit.genblk1[0].fpu_fpnew.genblk3[3].fpnew_core.gen_operation_groups[2].i_opgroup_block.gen_parallel_slices[0].active_format.i_fmt_slice.gen_num_lanes[0].active_lane.lane_instance.i_noncomp.gen_output_pipeline[0]	23	1	16	16	2	16	8	3	1612508	1612069	0,0,0,0,0,0,0,2,0,0,0,0,0,0,0,0,0,0,0,0,0,0,0,0,0,0,0,0,0,0,0,0,0,0,0,0,0,0,0,0	0,0,0,0,0,1,0,0,0,0,0,0,0,0,0,0,0,0,0,0,1,0,0,0,0,0,0,0,0,0,0,0,1,0,0,0,0,0,0,0	2	0	0	0	0	1	1612524	1612524	0,0,0,0,0,0,0,0,0,0,0,0,0,0,0,0,0,0,0,0,0,0,0,0,0,0,0,0,0,0,0,0,0,0,0,0,0,0,0,0	0,0,0,0,0,0,0,0,0,0,0,0,0,0,0,0,0,0,0,0,0,0,0,0,0,0,0,0,0,0,0,0,1,0,0,0,0,0,0,0
tb.dut.clusters[0].cluster.sockets[0].socket.cores[0].core.execute.fpu_unit.genblk1[0].fpu_fpnew.genblk3[3].fpnew_core.gen_operation_groups[2].i_opgroup_block.gen_parallel_slices[0].active_format.i_fmt_slice.gen_num_lanes[0].active_lane.lane_instance.i_noncomp.i_class_a	23	293	86	2	2	2	1	3	1612522	1612076	2,0,0,0,0,0,0,0,0,0,0,0,0,0,0,0,0,0,0,0,0,0,0,0,0,0,0,0,0,0,0,0,0,0,0,0,0,0,0,0	0,0,0,0,0,0,0,0,0,0,0,0,1,0,0,0,0,0,0,0,1,0,0,0,0,0,0,0,0,0,0,0,1,0,0,0,0,0,0,0	2	2	2	2	1	3	1612522	1612076	2,0,0,0,0,0,0,0,0,0,0,0,0,0,0,0,0,0,0,0,0,0,0,0,0,0,0,0,0,0,0,0,0,0,0,0,0,0,0,0	0,0,0,0,0,0,0,0,0,0,0,0,1,0,0,0,0,0,0,0,1,0,0,0,0,0,0,0,0,0,0,0,1,0,0,0,0,0,0,0
tb.dut.clusters[0].cluster.sockets[0].socket.cores[0].core.execute.fpu_unit.genblk1[0].fpu_fpnew.genblk3[3].fpnew_core.gen_operation_groups[2].i_opgroup_block.gen_parallel_slices[0].active_format.i_fmt_slice.gen_num_lanes[0].active_lane.lane_instance.i_noncomp.i_class_a.gen_num_values[0]	24	40	38	2	2	2	1	3	1612522	1612076	2,0,0,0,0,0,0,0,0,0,0,0,0,0,0,0,0,0,0,0,0,0,0,0,0,0,0,0,0,0,0,0,0,0,0,0,0,0,0,0	0,0,0,0,0,0,0,0,0,0,0,0,1,0,0,0,0,0,0,0,1,0,0,0,0,0,0,0,0,0,0,0,1,0,0,0,0,0,0,0	2	2	2	2	1	3	1612522	1612076	2,0,0,0,0,0,0,0,0,0,0,0,0,0,0,0,0,0,0,0,0,0,0,0,0,0,0,0,0,0,0,0,0,0,0,0,0,0,0,0	0,0,0,0,0,0,0,0,0,0,0,0,1,0,0,0,0,0,0,0,1,0,0,0,0,0,0,0,0,0,0,0,1,0,0,0,0,0,0,0
tb.dut.clusters[0].cluster.sockets[0].socket.cores[0].core.execute.fpu_unit.genblk1[0].fpu_fpnew.genblk3[3].fpnew_core.gen_operation_groups[2].i_opgroup_block.gen_parallel_slices[0].active_format.i_fmt_slice.gen_num_lanes[0].active_lane.lane_instance.i_noncomp.i_class_a.gen_num_values[1]	24	40	4	1	1	1	1	2	1612523	1612090	1,0,0,0,0,0,0,0,0,0,0,0,0,0,0,0,0,0,0,0,0,0,0,0,0,0,0,0,0,0,0,0,0,0,0,0,0,0,0,0	0,0,0,0,0,0,0,0,0,0,0,0,0,0,0,0,0,0,0,0,1,0,0,0,0,0,0,0,0,0,0,0,1,0,0,0,0,0,0,0	2	1	1	1	1	2	1612523	1612090	1,0,0,0,0,0,0,0,0,0,0,0,0,0,0,0,0,0,0,0,0,0,0,0,0,0,0,0,0,0,0,0,0,0,0,0,0,0,0,0	0,0,0,0,0,0,0,0,0,0,0,0,0,0,0,0,0,0,0,0,1,0,0,0,0,0,0,0,0,0,0,0,1,0,0,0,0,0,0,0
tb.dut.clusters[0].cluster.sockets[0].socket.cores[0].core.execute.fpu_unit.genblk1[0].fpu_fpnew.genblk3[3].fpnew_core.gen_operation_groups[2].i_opgroup_block.gen_parallel_slices[0].active_format.i_fmt_slice.gen_num_lanes[0].active_lane.lane_instance.i_noncomp.sign_injections	23	2	0	0	0	0	0	1	1612524	1612524	0,0,0,0,0,0,0,0,0,0,0,0,0,0,0,0,0,0,0,0,0,0,0,0,0,0,0,0,0,0,0,0,0,0,0,0,0,0,0,0	0,0,0,0,0,0,0,0,0,0,0,0,0,0,0,0,0,0,0,0,0,0,0,0,0,0,0,0,0,0,0,0,1,0,0,0,0,0,0,0	2	0	0	0	0	1	1612524	1612524	0,0,0,0,0,0,0,0,0,0,0,0,0,0,0,0,0,0,0,0,0,0,0,0,0,0,0,0,0,0,0,0,0,0,0,0,0,0,0,0	0,0,0,0,0,0,0,0,0,0,0,0,0,0,0,0,0,0,0,0,0,0,0,0,0,0,0,0,0,0,0,0,1,0,0,0,0,0,0,0
tb.dut.clusters[0].cluster.sockets[0].socket.cores[0].core.execute.fpu_unit.genblk1[0].fpu_fpnew.genblk3[3].fpnew_core.gen_operation_groups[2].i_opgroup_block.gen_parallel_slices[1]	16	2	0	0	0	0	0	1	1612524	1612524	0,0,0,0,0,0,0,0,0,0,0,0,0,0,0,0,0,0,0,0,0,0,0,0,0,0,0,0,0,0,0,0,0,0,0,0,0,0,0,0	0,0,0,0,0,0,0,0,0,0,0,0,0,0,0,0,0,0,0,0,0,0,0,0,0,0,0,0,0,0,0,0,1,0,0,0,0,0,0,0	2	0	0	0	0	1	1612524	1612524	0,0,0,0,0,0,0,0,0,0,0,0,0,0,0,0,0,0,0,0,0,0,0,0,0,0,0,0,0,0,0,0,0,0,0,0,0,0,0,0	0,0,0,0,0,0,0,0,0,0,0,0,0,0,0,0,0,0,0,0,0,0,0,0,0,0,0,0,0,0,0,0,1,0,0,0,0,0,0,0
tb.dut.clusters[0].cluster.sockets[0].socket.cores[0].core.execute.fpu_unit.genblk1[0].fpu_fpnew.genblk3[3].fpnew_core.gen_operation_groups[2].i_opgroup_block.gen_parallel_slices[2]	16	2	0	0	0	0	0	1	1612524	1612524	0,0,0,0,0,0,0,0,0,0,0,0,0,0,0,0,0,0,0,0,0,0,0,0,0,0,0,0,0,0,0,0,0,0,0,0,0,0,0,0	0,0,0,0,0,0,0,0,0,0,0,0,0,0,0,0,0,0,0,0,0,0,0,0,0,0,0,0,0,0,0,0,1,0,0,0,0,0,0,0	2	0	0	0	0	1	1612524	1612524	0,0,0,0,0,0,0,0,0,0,0,0,0,0,0,0,0,0,0,0,0,0,0,0,0,0,0,0,0,0,0,0,0,0,0,0,0,0,0,0	0,0,0,0,0,0,0,0,0,0,0,0,0,0,0,0,0,0,0,0,0,0,0,0,0,0,0,0,0,0,0,0,1,0,0,0,0,0,0,0
tb.dut.clusters[0].cluster.sockets[0].socket.cores[0].core.execute.fpu_unit.genblk1[0].fpu_fpnew.genblk3[3].fpnew_core.gen_operation_groups[2].i_opgroup_block.gen_parallel_slices[3]	16	2	0	0	0	0	0	1	1612524	1612524	0,0,0,0,0,0,0,0,0,0,0,0,0,0,0,0,0,0,0,0,0,0,0,0,0,0,0,0,0,0,0,0,0,0,0,0,0,0,0,0	0,0,0,0,0,0,0,0,0,0,0,0,0,0,0,0,0,0,0,0,0,0,0,0,0,0,0,0,0,0,0,0,1,0,0,0,0,0,0,0	2	0	0	0	0	1	1612524	1612524	0,0,0,0,0,0,0,0,0,0,0,0,0,0,0,0,0,0,0,0,0,0,0,0,0,0,0,0,0,0,0,0,0,0,0,0,0,0,0,0	0,0,0,0,0,0,0,0,0,0,0,0,0,0,0,0,0,0,0,0,0,0,0,0,0,0,0,0,0,0,0,0,1,0,0,0,0,0,0,0
tb.dut.clusters[0].cluster.sockets[0].socket.cores[0].core.execute.fpu_unit.genblk1[0].fpu_fpnew.genblk3[3].fpnew_core.gen_operation_groups[2].i_opgroup_block.gen_parallel_slices[4]	16	2	0	0	0	0	0	1	1612524	1612524	0,0,0,0,0,0,0,0,0,0,0,0,0,0,0,0,0,0,0,0,0,0,0,0,0,0,0,0,0,0,0,0,0,0,0,0,0,0,0,0	0,0,0,0,0,0,0,0,0,0,0,0,0,0,0,0,0,0,0,0,0,0,0,0,0,0,0,0,0,0,0,0,1,0,0,0,0,0,0,0	2	0	0	0	0	1	1612524	1612524	0,0,0,0,0,0,0,0,0,0,0,0,0,0,0,0,0,0,0,0,0,0,0,0,0,0,0,0,0,0,0,0,0,0,0,0,0,0,0,0	0,0,0,0,0,0,0,0,0,0,0,0,0,0,0,0,0,0,0,0,0,0,0,0,0,0,0,0,0,0,0,0,1,0,0,0,0,0,0,0
tb.dut.clusters[0].cluster.sockets[0].socket.cores[0].core.execute.fpu_unit.genblk1[0].fpu_fpnew.genblk3[3].fpnew_core.gen_operation_groups[2].i_opgroup_block.i_arbiter	16	1510	2136	18	4	18	8	5	1612506	1612068	2,0,0,0,0,0,0,2,0,0,0,0,0,0,0,0,0,0,0,0,0,0,0,0,0,0,0,0,0,0,0,0,0,0,0,0,0,0,0,0	0,0,1,0,0,1,0,0,0,0,0,0,0,0,0,0,1,0,0,0,1,0,0,0,0,0,0,0,0,0,0,0,1,0,0,0,0,0,0,0	8	16	2	16	8	3	1612508	1612068	0,0,0,0,0,0,0,2,0,0,0,0,0,0,0,0,0,0,0,0,0,0,0,0,0,0,0,0,0,0,0,0,0,0,0,0,0,0,0,0	0,0,0,0,0,1,0,0,0,0,0,0,0,0,0,0,0,0,0,0,1,0,0,0,0,0,0,0,0,0,0,0,1,0,0,0,0,0,0,0
tb.dut.clusters[0].cluster.sockets[0].socket.cores[0].core.execute.fpu_unit.genblk1[0].fpu_fpnew.genblk3[3].fpnew_core.gen_operation_groups[2].i_opgroup_block.i_arbiter.gen_arbiter	17	1150	1496	16	2	16	8	3	1612508	1612068	0,0,0,0,0,0,0,2,0,0,0,0,0,0,0,0,0,0,0,0,0,0,0,0,0,0,0,0,0,0,0,0,0,0,0,0,0,0,0,0	0,0,0,0,0,1,0,0,0,0,0,0,0,0,0,0,0,0,0,0,1,0,0,0,0,0,0,0,0,0,0,0,1,0,0,0,0,0,0,0	6	16	2	16	8	3	1612508	1612068	0,0,0,0,0,0,0,2,0,0,0,0,0,0,0,0,0,0,0,0,0,0,0,0,0,0,0,0,0,0,0,0,0,0,0,0,0,0,0,0	0,0,0,0,0,1,0,0,0,0,0,0,0,0,0,0,0,0,0,0,1,0,0,0,0,0,0,0,0,0,0,0,1,0,0,0,0,0,0,0
tb.dut.clusters[0].cluster.sockets[0].socket.cores[0].core.execute.fpu_unit.genblk1[0].fpu_fpnew.genblk3[3].fpnew_core.gen_operation_groups[2].i_opgroup_block.i_arbiter.gen_arbiter.gen_int_rr	18	340	160	16	2	16	8	3	1612508	1612068	0,0,0,0,0,0,0,2,0,0,0,0,0,0,0,0,0,0,0,0,0,0,0,0,0,0,0,0,0,0,0,0,0,0,0,0,0,0,0,0	0,0,0,0,0,1,0,0,0,0,0,0,0,0,0,0,0,0,0,0,1,0,0,0,0,0,0,0,0,0,0,0,1,0,0,0,0,0,0,0	2	16	2	16	8	3	1612508	1612068	0,0,0,0,0,0,0,2,0,0,0,0,0,0,0,0,0,0,0,0,0,0,0,0,0,0,0,0,0,0,0,0,0,0,0,0,0,0,0,0	0,0,0,0,0,1,0,0,0,0,0,0,0,0,0,0,0,0,0,0,1,0,0,0,0,0,0,0,0,0,0,0,1,0,0,0,0,0,0,0
tb.dut.clusters[0].cluster.sockets[0].socket.cores[0].core.execute.fpu_unit.genblk1[0].fpu_fpnew.genblk3[3].fpnew_core.gen_operation_groups[2].i_opgroup_block.i_arbiter.gen_arbiter.gen_int_rr.gen_fair_arb	19	337	160	16	2	16	8	3	1612508	1612068	0,0,0,0,0,0,0,2,0,0,0,0,0,0,0,0,0,0,0,0,0,0,0,0,0,0,0,0,0,0,0,0,0,0,0,0,0,0,0,0	0,0,0,0,0,1,0,0,0,0,0,0,0,0,0,0,0,0,0,0,1,0,0,0,0,0,0,0,0,0,0,0,1,0,0,0,0,0,0,0	2	16	2	16	8	3	1612508	1612068	0,0,0,0,0,0,0,2,0,0,0,0,0,0,0,0,0,0,0,0,0,0,0,0,0,0,0,0,0,0,0,0,0,0,0,0,0,0,0,0	0,0,0,0,0,1,0,0,0,0,0,0,0,0,0,0,0,0,0,0,1,0,0,0,0,0,0,0,0,0,0,0,1,0,0,0,0,0,0,0
tb.dut.clusters[0].cluster.sockets[0].socket.cores[0].core.execute.fpu_unit.genblk1[0].fpu_fpnew.genblk3[3].fpnew_core.gen_operation_groups[2].i_opgroup_block.i_arbiter.gen_arbiter.gen_int_rr.gen_fair_arb.i_lzc_lower	20	158	144	16	2	16	8	3	1612508	1612068	0,0,0,0,0,0,0,2,0,0,0,0,0,0,0,0,0,0,0,0,0,0,0,0,0,0,0,0,0,0,0,0,0,0,0,0,0,0,0,0	0,0,0,0,0,1,0,0,0,0,0,0,0,0,0,0,0,0,0,0,1,0,0,0,0,0,0,0,0,0,0,0,1,0,0,0,0,0,0,0	2	16	2	16	8	3	1612508	1612068	0,0,0,0,0,0,0,2,0,0,0,0,0,0,0,0,0,0,0,0,0,0,0,0,0,0,0,0,0,0,0,0,0,0,0,0,0,0,0,0	0,0,0,0,0,1,0,0,0,0,0,0,0,0,0,0,0,0,0,0,1,0,0,0,0,0,0,0,0,0,0,0,1,0,0,0,0,0,0,0
tb.dut.clusters[0].cluster.sockets[0].socket.cores[0].core.execute.fpu_unit.genblk1[0].fpu_fpnew.genblk3[3].fpnew_core.gen_operation_groups[2].i_opgroup_block.i_arbiter.gen_arbiter.gen_int_rr.gen_fair_arb.i_lzc_lower.gen_lzc	21	84	112	16	2	16	8	3	1612508	1612068	0,0,0,0,0,0,0,2,0,0,0,0,0,0,0,0,0,0,0,0,0,0,0,0,0,0,0,0,0,0,0,0,0,0,0,0,0,0,0,0	0,0,0,0,0,1,0,0,0,0,0,0,0,0,0,0,0,0,0,0,1,0,0,0,0,0,0,0,0,0,0,0,1,0,0,0,0,0,0,0	2	16	2	16	8	3	1612508	1612068	0,0,0,0,0,0,0,2,0,0,0,0,0,0,0,0,0,0,0,0,0,0,0,0,0,0,0,0,0,0,0,0,0,0,0,0,0,0,0,0	0,0,0,0,0,1,0,0,0,0,0,0,0,0,0,0,0,0,0,0,1,0,0,0,0,0,0,0,0,0,0,0,1,0,0,0,0,0,0,0
tb.dut.clusters[0].cluster.sockets[0].socket.cores[0].core.execute.fpu_unit.genblk1[0].fpu_fpnew.genblk3[3].fpnew_core.gen_operation_groups[2].i_opgroup_block.i_arbiter.gen_arbiter.gen_int_rr.gen_fair_arb.i_lzc_upper	20	158	0	0	0	0	0	1	1612524	1612524	0,0,0,0,0,0,0,0,0,0,0,0,0,0,0,0,0,0,0,0,0,0,0,0,0,0,0,0,0,0,0,0,0,0,0,0,0,0,0,0	0,0,0,0,0,0,0,0,0,0,0,0,0,0,0,0,0,0,0,0,0,0,0,0,0,0,0,0,0,0,0,0,1,0,0,0,0,0,0,0	2	0	0	0	0	1	1612524	1612524	0,0,0,0,0,0,0,0,0,0,0,0,0,0,0,0,0,0,0,0,0,0,0,0,0,0,0,0,0,0,0,0,0,0,0,0,0,0,0,0	0,0,0,0,0,0,0,0,0,0,0,0,0,0,0,0,0,0,0,0,0,0,0,0,0,0,0,0,0,0,0,0,1,0,0,0,0,0,0,0
tb.dut.clusters[0].cluster.sockets[0].socket.cores[0].core.execute.fpu_unit.genblk1[0].fpu_fpnew.genblk3[3].fpnew_core.gen_operation_groups[2].i_opgroup_block.i_arbiter.gen_arbiter.gen_int_rr.gen_fair_arb.i_lzc_upper.gen_lzc	21	84	0	0	0	0	0	1	1612524	1612524	0,0,0,0,0,0,0,0,0,0,0,0,0,0,0,0,0,0,0,0,0,0,0,0,0,0,0,0,0,0,0,0,0,0,0,0,0,0,0,0	0,0,0,0,0,0,0,0,0,0,0,0,0,0,0,0,0,0,0,0,0,0,0,0,0,0,0,0,0,0,0,0,1,0,0,0,0,0,0,0	2	0	0	0	0	1	1612524	1612524	0,0,0,0,0,0,0,0,0,0,0,0,0,0,0,0,0,0,0,0,0,0,0,0,0,0,0,0,0,0,0,0,0,0,0,0,0,0,0,0	0,0,0,0,0,0,0,0,0,0,0,0,0,0,0,0,0,0,0,0,0,0,0,0,0,0,0,0,0,0,0,0,1,0,0,0,0,0,0,0
tb.dut.clusters[0].cluster.sockets[0].socket.cores[0].core.execute.fpu_unit.genblk1[0].fpu_fpnew.genblk3[3].fpnew_core.gen_operation_groups[2].i_opgroup_block.i_arbiter.gen_arbiter.gen_levels[0]	18	65	16	16	2	16	8	3	1612508	1612068	0,0,0,0,0,0,0,2,0,0,0,0,0,0,0,0,0,0,0,0,0,0,0,0,0,0,0,0,0,0,0,0,0,0,0,0,0,0,0,0	0,0,0,0,0,1,0,0,0,0,0,0,0,0,0,0,0,0,0,0,1,0,0,0,0,0,0,0,0,0,0,0,1,0,0,0,0,0,0,0	2	0	0	0	0	1	1612524	1612524	0,0,0,0,0,0,0,0,0,0,0,0,0,0,0,0,0,0,0,0,0,0,0,0,0,0,0,0,0,0,0,0,0,0,0,0,0,0,0,0	0,0,0,0,0,0,0,0,0,0,0,0,0,0,0,0,0,0,0,0,0,0,0,0,0,0,0,0,0,0,0,0,1,0,0,0,0,0,0,0
tb.dut.clusters[0].cluster.sockets[0].socket.cores[0].core.execute.fpu_unit.genblk1[0].fpu_fpnew.genblk3[3].fpnew_core.gen_operation_groups[2].i_opgroup_block.i_arbiter.gen_arbiter.gen_levels[0].gen_level[0]	19	65	16	16	2	16	8	3	1612508	1612068	0,0,0,0,0,0,0,2,0,0,0,0,0,0,0,0,0,0,0,0,0,0,0,0,0,0,0,0,0,0,0,0,0,0,0,0,0,0,0,0	0,0,0,0,0,1,0,0,0,0,0,0,0,0,0,0,0,0,0,0,1,0,0,0,0,0,0,0,0,0,0,0,1,0,0,0,0,0,0,0	2	0	0	0	0	1	1612524	1612524	0,0,0,0,0,0,0,0,0,0,0,0,0,0,0,0,0,0,0,0,0,0,0,0,0,0,0,0,0,0,0,0,0,0,0,0,0,0,0,0	0,0,0,0,0,0,0,0,0,0,0,0,0,0,0,0,0,0,0,0,0,0,0,0,0,0,0,0,0,0,0,0,1,0,0,0,0,0,0,0
tb.dut.clusters[0].cluster.sockets[0].socket.cores[0].core.execute.fpu_unit.genblk1[0].fpu_fpnew.genblk3[3].fpnew_core.gen_operation_groups[2].i_opgroup_block.i_arbiter.gen_arbiter.gen_levels[1]	18	130	16	16	2	16	8	3	1612508	1612068	0,0,0,0,0,0,0,2,0,0,0,0,0,0,0,0,0,0,0,0,0,0,0,0,0,0,0,0,0,0,0,0,0,0,0,0,0,0,0,0	0,0,0,0,0,1,0,0,0,0,0,0,0,0,0,0,0,0,0,0,1,0,0,0,0,0,0,0,0,0,0,0,1,0,0,0,0,0,0,0	2	0	0	0	0	1	1612524	1612524	0,0,0,0,0,0,0,0,0,0,0,0,0,0,0,0,0,0,0,0,0,0,0,0,0,0,0,0,0,0,0,0,0,0,0,0,0,0,0,0	0,0,0,0,0,0,0,0,0,0,0,0,0,0,0,0,0,0,0,0,0,0,0,0,0,0,0,0,0,0,0,0,1,0,0,0,0,0,0,0
tb.dut.clusters[0].cluster.sockets[0].socket.cores[0].core.execute.fpu_unit.genblk1[0].fpu_fpnew.genblk3[3].fpnew_core.gen_operation_groups[2].i_opgroup_block.i_arbiter.gen_arbiter.gen_levels[1].gen_level[0]	19	65	16	16	2	16	8	3	1612508	1612068	0,0,0,0,0,0,0,2,0,0,0,0,0,0,0,0,0,0,0,0,0,0,0,0,0,0,0,0,0,0,0,0,0,0,0,0,0,0,0,0	0,0,0,0,0,1,0,0,0,0,0,0,0,0,0,0,0,0,0,0,1,0,0,0,0,0,0,0,0,0,0,0,1,0,0,0,0,0,0,0	2	0	0	0	0	1	1612524	1612524	0,0,0,0,0,0,0,0,0,0,0,0,0,0,0,0,0,0,0,0,0,0,0,0,0,0,0,0,0,0,0,0,0,0,0,0,0,0,0,0	0,0,0,0,0,0,0,0,0,0,0,0,0,0,0,0,0,0,0,0,0,0,0,0,0,0,0,0,0,0,0,0,1,0,0,0,0,0,0,0
tb.dut.clusters[0].cluster.sockets[0].socket.cores[0].core.execute.fpu_unit.genblk1[0].fpu_fpnew.genblk3[3].fpnew_core.gen_operation_groups[2].i_opgroup_block.i_arbiter.gen_arbiter.gen_levels[1].gen_level[1]	19	65	0	0	0	0	0	1	1612524	1612524	0,0,0,0,0,0,0,0,0,0,0,0,0,0,0,0,0,0,0,0,0,0,0,0,0,0,0,0,0,0,0,0,0,0,0,0,0,0,0,0	0,0,0,0,0,0,0,0,0,0,0,0,0,0,0,0,0,0,0,0,0,0,0,0,0,0,0,0,0,0,0,0,1,0,0,0,0,0,0,0	2	0	0	0	0	1	1612524	1612524	0,0,0,0,0,0,0,0,0,0,0,0,0,0,0,0,0,0,0,0,0,0,0,0,0,0,0,0,0,0,0,0,0,0,0,0,0,0,0,0	0,0,0,0,0,0,0,0,0,0,0,0,0,0,0,0,0,0,0,0,0,0,0,0,0,0,0,0,0,0,0,0,1,0,0,0,0,0,0,0
tb.dut.clusters[0].cluster.sockets[0].socket.cores[0].core.execute.fpu_unit.genblk1[0].fpu_fpnew.genblk3[3].fpnew_core.gen_operation_groups[2].i_opgroup_block.i_arbiter.gen_arbiter.gen_levels[2]	18	260	16	16	2	16	8	3	1612508	1612068	0,0,0,0,0,0,0,2,0,0,0,0,0,0,0,0,0,0,0,0,0,0,0,0,0,0,0,0,0,0,0,0,0,0,0,0,0,0,0,0	0,0,0,0,0,1,0,0,0,0,0,0,0,0,0,0,0,0,0,0,1,0,0,0,0,0,0,0,0,0,0,0,1,0,0,0,0,0,0,0	2	0	0	0	0	1	1612524	1612524	0,0,0,0,0,0,0,0,0,0,0,0,0,0,0,0,0,0,0,0,0,0,0,0,0,0,0,0,0,0,0,0,0,0,0,0,0,0,0,0	0,0,0,0,0,0,0,0,0,0,0,0,0,0,0,0,0,0,0,0,0,0,0,0,0,0,0,0,0,0,0,0,1,0,0,0,0,0,0,0
tb.dut.clusters[0].cluster.sockets[0].socket.cores[0].core.execute.fpu_unit.genblk1[0].fpu_fpnew.genblk3[3].fpnew_core.gen_operation_groups[2].i_opgroup_block.i_arbiter.gen_arbiter.gen_levels[2].gen_level[0]	19	65	16	16	2	16	8	3	1612508	1612068	0,0,0,0,0,0,0,2,0,0,0,0,0,0,0,0,0,0,0,0,0,0,0,0,0,0,0,0,0,0,0,0,0,0,0,0,0,0,0,0	0,0,0,0,0,1,0,0,0,0,0,0,0,0,0,0,0,0,0,0,1,0,0,0,0,0,0,0,0,0,0,0,1,0,0,0,0,0,0,0	2	0	0	0	0	1	1612524	1612524	0,0,0,0,0,0,0,0,0,0,0,0,0,0,0,0,0,0,0,0,0,0,0,0,0,0,0,0,0,0,0,0,0,0,0,0,0,0,0,0	0,0,0,0,0,0,0,0,0,0,0,0,0,0,0,0,0,0,0,0,0,0,0,0,0,0,0,0,0,0,0,0,1,0,0,0,0,0,0,0
tb.dut.clusters[0].cluster.sockets[0].socket.cores[0].core.execute.fpu_unit.genblk1[0].fpu_fpnew.genblk3[3].fpnew_core.gen_operation_groups[2].i_opgroup_block.i_arbiter.gen_arbiter.gen_levels[2].gen_level[1]	19	65	0	0	0	0	0	1	1612524	1612524	0,0,0,0,0,0,0,0,0,0,0,0,0,0,0,0,0,0,0,0,0,0,0,0,0,0,0,0,0,0,0,0,0,0,0,0,0,0,0,0	0,0,0,0,0,0,0,0,0,0,0,0,0,0,0,0,0,0,0,0,0,0,0,0,0,0,0,0,0,0,0,0,1,0,0,0,0,0,0,0	2	0	0	0	0	1	1612524	1612524	0,0,0,0,0,0,0,0,0,0,0,0,0,0,0,0,0,0,0,0,0,0,0,0,0,0,0,0,0,0,0,0,0,0,0,0,0,0,0,0	0,0,0,0,0,0,0,0,0,0,0,0,0,0,0,0,0,0,0,0,0,0,0,0,0,0,0,0,0,0,0,0,1,0,0,0,0,0,0,0
tb.dut.clusters[0].cluster.sockets[0].socket.cores[0].core.execute.fpu_unit.genblk1[0].fpu_fpnew.genblk3[3].fpnew_core.gen_operation_groups[2].i_opgroup_block.i_arbiter.gen_arbiter.gen_levels[2].gen_level[2]	19	65	0	0	0	0	0	1	1612524	1612524	0,0,0,0,0,0,0,0,0,0,0,0,0,0,0,0,0,0,0,0,0,0,0,0,0,0,0,0,0,0,0,0,0,0,0,0,0,0,0,0	0,0,0,0,0,0,0,0,0,0,0,0,0,0,0,0,0,0,0,0,0,0,0,0,0,0,0,0,0,0,0,0,1,0,0,0,0,0,0,0	2	0	0	0	0	1	1612524	1612524	0,0,0,0,0,0,0,0,0,0,0,0,0,0,0,0,0,0,0,0,0,0,0,0,0,0,0,0,0,0,0,0,0,0,0,0,0,0,0,0	0,0,0,0,0,0,0,0,0,0,0,0,0,0,0,0,0,0,0,0,0,0,0,0,0,0,0,0,0,0,0,0,1,0,0,0,0,0,0,0
tb.dut.clusters[0].cluster.sockets[0].socket.cores[0].core.execute.fpu_unit.genblk1[0].fpu_fpnew.genblk3[3].fpnew_core.gen_operation_groups[2].i_opgroup_block.i_arbiter.gen_arbiter.gen_levels[2].gen_level[3]	19	65	0	0	0	0	0	1	1612524	1612524	0,0,0,0,0,0,0,0,0,0,0,0,0,0,0,0,0,0,0,0,0,0,0,0,0,0,0,0,0,0,0,0,0,0,0,0,0,0,0,0	0,0,0,0,0,0,0,0,0,0,0,0,0,0,0,0,0,0,0,0,0,0,0,0,0,0,0,0,0,0,0,0,1,0,0,0,0,0,0,0	2	0	0	0	0	1	1612524	1612524	0,0,0,0,0,0,0,0,0,0,0,0,0,0,0,0,0,0,0,0,0,0,0,0,0,0,0,0,0,0,0,0,0,0,0,0,0,0,0,0	0,0,0,0,0,0,0,0,0,0,0,0,0,0,0,0,0,0,0,0,0,0,0,0,0,0,0,0,0,0,0,0,1,0,0,0,0,0,0,0
tb.dut.clusters[0].cluster.sockets[0].socket.cores[0].core.execute.fpu_unit.genblk1[0].fpu_fpnew.genblk3[3].fpnew_core.gen_operation_groups[3]	14	11074	83598198	1343729	237593	1343729	84	237594	268795	8241	2,2047,0,0,233476,9,0,1,0,2,0,1,0,0,0,0,6,2,2047,0,0,0,0,0,0,0,0,0,0,0,0,0,0,0,0,0,0,0,0,0	235541,0,1,1,0,0,0,0,0,0,1,2046,0,0,0,1,1,0,0,0,1,0,0,0,0,1,0,0,0,0,0,0,0,0,0,0,0,0,0,0	56	548541	489085	548541	10	489086	1063983	8245	431759,55255,2060,1,0,1,2,1,0,6,0,0,0,0,0,0,0,0,0,0,0,0,0,0,0,0,0,0,0,0,0,0,0,0,0,0,0,0,0,0	57070,400505,1,249,25102,0,0,3339,7,1,639,1,0,94,0,1601,475,0,0,0,1,0,0,0,0,1,0,0,0,0,0,0,0,0,0,0,0,0,0,0
tb.dut.clusters[0].cluster.sockets[0].socket.cores[0].core.execute.fpu_unit.genblk1[0].fpu_fpnew.genblk3[3].fpnew_core.gen_operation_groups[3].i_opgroup_block	15	11026	83598134	1343729	237593	1343729	84	237594	268795	8241	2,2047,0,0,233476,9,0,1,0,2,0,1,0,0,0,0,6,2,2047,0,0,0,0,0,0,0,0,0,0,0,0,0,0,0,0,0,0,0,0,0	235541,0,1,1,0,0,0,0,0,0,1,2046,0,0,0,1,1,0,0,0,1,0,0,0,0,1,0,0,0,0,0,0,0,0,0,0,0,0,0,0	56	548541	489085	548541	10	489086	1063983	8245	431759,55255,2060,1,0,1,2,1,0,6,0,0,0,0,0,0,0,0,0,0,0,0,0,0,0,0,0,0,0,0,0,0,0,0,0,0,0,0,0,0	57070,400505,1,249,25102,0,0,3339,7,1,639,1,0,94,0,1601,475,0,0,0,1,0,0,0,0,1,0,0,0,0,0,0,0,0,0,0,0,0,0,0
tb.dut.clusters[0].cluster.sockets[0].socket.cores[0].core.execute.fpu_unit.genblk1[0].fpu_fpnew.genblk3[3].fpnew_core.gen_operation_groups[3].i_opgroup_block.gen_merged_slice	16	8723	60615846	819425	524321	819425	20	524322	793099	8243	235525,286723,10,0,2054,1,0,0,0,0,0,0,0,0,0,0,8,0,0,0,0,0,0,0,0,0,0,0,0,0,0,0,0,0,0,0,0,0,0,0	288791,233478,1,0,1,0,0,0,0,0,0,0,1,2046,0,0,2,0,0,0,1,0,0,0,0,1,0,0,0,0,0,0,0,0,0,0,0,0,0,0	44	536946	477552	536946	10	477553	1075578	8245	420288,55194,2059,1,0,1,1,2,0,6,0,0,0,0,0,0,0,0,0,0,0,0,0,0,0,0,0,0,0,0,0,0,0,0,0,0,0,0,0,0	56782,381181,0,480,30674,0,0,4921,8,1,1153,1,0,225,0,1602,523,0,0,0,1,0,0,0,0,1,0,0,0,0,0,0,0,0,0,0,0,0,0,0
tb.dut.clusters[0].cluster.sockets[0].socket.cores[0].core.execute.fpu_unit.genblk1[0].fpu_fpnew.genblk3[3].fpnew_core.gen_operation_groups[3].i_opgroup_block.gen_merged_slice.i_multifmt_slice	17	8687	60615782	819425	524321	819425	20	524322	793099	8243	235525,286723,10,0,2054,1,0,0,0,0,0,0,0,0,0,0,8,0,0,0,0,0,0,0,0,0,0,0,0,0,0,0,0,0,0,0,0,0,0,0	288791,233478,1,0,1,0,0,0,0,0,0,0,1,2046,0,0,2,0,0,0,1,0,0,0,0,1,0,0,0,0,0,0,0,0,0,0,0,0,0,0	44	536946	477552	536946	10	477553	1075578	8245	420288,55194,2059,1,0,1,1,2,0,6,0,0,0,0,0,0,0,0,0,0,0,0,0,0,0,0,0,0,0,0,0,0,0,0,0,0,0,0,0,0	56782,381181,0,480,30674,0,0,4921,8,1,1153,1,0,225,0,1602,523,0,0,0,1,0,0,0,0,1,0,0,0,0,0,0,0,0,0,0,0,0,0,0
tb.dut.clusters[0].cluster.sockets[0].socket.cores[0].core.execute.fpu_unit.genblk1[0].fpu_fpnew.genblk3[3].fpnew_core.gen_operation_groups[3].i_opgroup_block.gen_merged_slice.i_multifmt_slice.extend_fp_result[0]	18	32	0	0	0	0	0	1	1612524	1612524	0,0,0,0,0,0,0,0,0,0,0,0,0,0,0,0,0,0,0,0,0,0,0,0,0,0,0,0,0,0,0,0,0,0,0,0,0,0,0,0	0,0,0,0,0,0,0,0,0,0,0,0,0,0,0,0,0,0,0,0,0,0,0,0,0,0,0,0,0,0,0,0,1,0,0,0,0,0,0,0	2	0	0	0	0	1	1612524	1612524	0,0,0,0,0,0,0,0,0,0,0,0,0,0,0,0,0,0,0,0,0,0,0,0,0,0,0,0,0,0,0,0,0,0,0,0,0,0,0,0	0,0,0,0,0,0,0,0,0,0,0,0,0,0,0,0,0,0,0,0,0,0,0,0,0,0,0,0,0,0,0,0,1,0,0,0,0,0,0,0
tb.dut.clusters[0].cluster.sockets[0].socket.cores[0].core.execute.fpu_unit.genblk1[0].fpu_fpnew.genblk3[3].fpnew_core.gen_operation_groups[3].i_opgroup_block.gen_merged_slice.i_multifmt_slice.extend_fp_result[1]	18	32	0	0	0	0	0	1	1612524	1612524	0,0,0,0,0,0,0,0,0,0,0,0,0,0,0,0,0,0,0,0,0,0,0,0,0,0,0,0,0,0,0,0,0,0,0,0,0,0,0,0	0,0,0,0,0,0,0,0,0,0,0,0,0,0,0,0,0,0,0,0,0,0,0,0,0,0,0,0,0,0,0,0,1,0,0,0,0,0,0,0	2	0	0	0	0	1	1612524	1612524	0,0,0,0,0,0,0,0,0,0,0,0,0,0,0,0,0,0,0,0,0,0,0,0,0,0,0,0,0,0,0,0,0,0,0,0,0,0,0,0	0,0,0,0,0,0,0,0,0,0,0,0,0,0,0,0,0,0,0,0,0,0,0,0,0,0,0,0,0,0,0,0,1,0,0,0,0,0,0,0
tb.dut.clusters[0].cluster.sockets[0].socket.cores[0].core.execute.fpu_unit.genblk1[0].fpu_fpnew.genblk3[3].fpnew_core.gen_operation_groups[3].i_opgroup_block.gen_merged_slice.i_multifmt_slice.extend_fp_result[2]	18	32	0	0	0	0	0	1	1612524	1612524	0,0,0,0,0,0,0,0,0,0,0,0,0,0,0,0,0,0,0,0,0,0,0,0,0,0,0,0,0,0,0,0,0,0,0,0,0,0,0,0	0,0,0,0,0,0,0,0,0,0,0,0,0,0,0,0,0,0,0,0,0,0,0,0,0,0,0,0,0,0,0,0,1,0,0,0,0,0,0,0	2	0	0	0	0	1	1612524	1612524	0,0,0,0,0,0,0,0,0,0,0,0,0,0,0,0,0,0,0,0,0,0,0,0,0,0,0,0,0,0,0,0,0,0,0,0,0,0,0,0	0,0,0,0,0,0,0,0,0,0,0,0,0,0,0,0,0,0,0,0,0,0,0,0,0,0,0,0,0,0,0,0,1,0,0,0,0,0,0,0
tb.dut.clusters[0].cluster.sockets[0].socket.cores[0].core.execute.fpu_unit.genblk1[0].fpu_fpnew.genblk3[3].fpnew_core.gen_operation_groups[3].i_opgroup_block.gen_merged_slice.i_multifmt_slice.extend_fp_result[3]	18	32	0	0	0	0	0	1	1612524	1612524	0,0,0,0,0,0,0,0,0,0,0,0,0,0,0,0,0,0,0,0,0,0,0,0,0,0,0,0,0,0,0,0,0,0,0,0,0,0,0,0	0,0,0,0,0,0,0,0,0,0,0,0,0,0,0,0,0,0,0,0,0,0,0,0,0,0,0,0,0,0,0,0,1,0,0,0,0,0,0,0	2	0	0	0	0	1	1612524	1612524	0,0,0,0,0,0,0,0,0,0,0,0,0,0,0,0,0,0,0,0,0,0,0,0,0,0,0,0,0,0,0,0,0,0,0,0,0,0,0,0	0,0,0,0,0,0,0,0,0,0,0,0,0,0,0,0,0,0,0,0,0,0,0,0,0,0,0,0,0,0,0,0,1,0,0,0,0,0,0,0
tb.dut.clusters[0].cluster.sockets[0].socket.cores[0].core.execute.fpu_unit.genblk1[0].fpu_fpnew.genblk3[3].fpnew_core.gen_operation_groups[3].i_opgroup_block.gen_merged_slice.i_multifmt_slice.extend_fp_result[4]	18	32	0	0	0	0	0	1	1612524	1612524	0,0,0,0,0,0,0,0,0,0,0,0,0,0,0,0,0,0,0,0,0,0,0,0,0,0,0,0,0,0,0,0,0,0,0,0,0,0,0,0	0,0,0,0,0,0,0,0,0,0,0,0,0,0,0,0,0,0,0,0,0,0,0,0,0,0,0,0,0,0,0,0,1,0,0,0,0,0,0,0	2	0	0	0	0	1	1612524	1612524	0,0,0,0,0,0,0,0,0,0,0,0,0,0,0,0,0,0,0,0,0,0,0,0,0,0,0,0,0,0,0,0,0,0,0,0,0,0,0,0	0,0,0,0,0,0,0,0,0,0,0,0,0,0,0,0,0,0,0,0,0,0,0,0,0,0,0,0,0,0,0,0,1,0,0,0,0,0,0,0
tb.dut.clusters[0].cluster.sockets[0].socket.cores[0].core.execute.fpu_unit.genblk1[0].fpu_fpnew.genblk3[3].fpnew_core.gen_operation_groups[3].i_opgroup_block.gen_merged_slice.i_multifmt_slice.extend_or_mute_int_result[0]	18	32	0	0	0	0	0	1	1612524	1612524	0,0,0,0,0,0,0,0,0,0,0,0,0,0,0,0,0,0,0,0,0,0,0,0,0,0,0,0,0,0,0,0,0,0,0,0,0,0,0,0	0,0,0,0,0,0,0,0,0,0,0,0,0,0,0,0,0,0,0,0,0,0,0,0,0,0,0,0,0,0,0,0,1,0,0,0,0,0,0,0	2	0	0	0	0	1	1612524	1612524	0,0,0,0,0,0,0,0,0,0,0,0,0,0,0,0,0,0,0,0,0,0,0,0,0,0,0,0,0,0,0,0,0,0,0,0,0,0,0,0	0,0,0,0,0,0,0,0,0,0,0,0,0,0,0,0,0,0,0,0,0,0,0,0,0,0,0,0,0,0,0,0,1,0,0,0,0,0,0,0
tb.dut.clusters[0].cluster.sockets[0].socket.cores[0].core.execute.fpu_unit.genblk1[0].fpu_fpnew.genblk3[3].fpnew_core.gen_operation_groups[3].i_opgroup_block.gen_merged_slice.i_multifmt_slice.extend_or_mute_int_result[0].extend_int_result	19	32	0	0	0	0	0	1	1612524	1612524	0,0,0,0,0,0,0,0,0,0,0,0,0,0,0,0,0,0,0,0,0,0,0,0,0,0,0,0,0,0,0,0,0,0,0,0,0,0,0,0	0,0,0,0,0,0,0,0,0,0,0,0,0,0,0,0,0,0,0,0,0,0,0,0,0,0,0,0,0,0,0,0,1,0,0,0,0,0,0,0	2	0	0	0	0	1	1612524	1612524	0,0,0,0,0,0,0,0,0,0,0,0,0,0,0,0,0,0,0,0,0,0,0,0,0,0,0,0,0,0,0,0,0,0,0,0,0,0,0,0	0,0,0,0,0,0,0,0,0,0,0,0,0,0,0,0,0,0,0,0,0,0,0,0,0,0,0,0,0,0,0,0,1,0,0,0,0,0,0,0
tb.dut.clusters[0].cluster.sockets[0].socket.cores[0].core.execute.fpu_unit.genblk1[0].fpu_fpnew.genblk3[3].fpnew_core.gen_operation_groups[3].i_opgroup_block.gen_merged_slice.i_multifmt_slice.extend_or_mute_int_result[1]	18	32	0	0	0	0	0	1	1612524	1612524	0,0,0,0,0,0,0,0,0,0,0,0,0,0,0,0,0,0,0,0,0,0,0,0,0,0,0,0,0,0,0,0,0,0,0,0,0,0,0,0	0,0,0,0,0,0,0,0,0,0,0,0,0,0,0,0,0,0,0,0,0,0,0,0,0,0,0,0,0,0,0,0,1,0,0,0,0,0,0,0	2	0	0	0	0	1	1612524	1612524	0,0,0,0,0,0,0,0,0,0,0,0,0,0,0,0,0,0,0,0,0,0,0,0,0,0,0,0,0,0,0,0,0,0,0,0,0,0,0,0	0,0,0,0,0,0,0,0,0,0,0,0,0,0,0,0,0,0,0,0,0,0,0,0,0,0,0,0,0,0,0,0,1,0,0,0,0,0,0,0
tb.dut.clusters[0].cluster.sockets[0].socket.cores[0].core.execute.fpu_unit.genblk1[0].fpu_fpnew.genblk3[3].fpnew_core.gen_operation_groups[3].i_opgroup_block.gen_merged_slice.i_multifmt_slice.extend_or_mute_int_result[1].extend_int_result	19	32	0	0	0	0	0	1	1612524	1612524	0,0,0,0,0,0,0,0,0,0,0,0,0,0,0,0,0,0,0,0,0,0,0,0,0,0,0,0,0,0,0,0,0,0,0,0,0,0,0,0	0,0,0,0,0,0,0,0,0,0,0,0,0,0,0,0,0,0,0,0,0,0,0,0,0,0,0,0,0,0,0,0,1,0,0,0,0,0,0,0	2	0	0	0	0	1	1612524	1612524	0,0,0,0,0,0,0,0,0,0,0,0,0,0,0,0,0,0,0,0,0,0,0,0,0,0,0,0,0,0,0,0,0,0,0,0,0,0,0,0	0,0,0,0,0,0,0,0,0,0,0,0,0,0,0,0,0,0,0,0,0,0,0,0,0,0,0,0,0,0,0,0,1,0,0,0,0,0,0,0
tb.dut.clusters[0].cluster.sockets[0].socket.cores[0].core.execute.fpu_unit.genblk1[0].fpu_fpnew.genblk3[3].fpnew_core.gen_operation_groups[3].i_opgroup_block.gen_merged_slice.i_multifmt_slice.extend_or_mute_int_result[2]	18	32	0	0	0	0	0	1	1612524	1612524	0,0,0,0,0,0,0,0,0,0,0,0,0,0,0,0,0,0,0,0,0,0,0,0,0,0,0,0,0,0,0,0,0,0,0,0,0,0,0,0	0,0,0,0,0,0,0,0,0,0,0,0,0,0,0,0,0,0,0,0,0,0,0,0,0,0,0,0,0,0,0,0,1,0,0,0,0,0,0,0	2	0	0	0	0	1	1612524	1612524	0,0,0,0,0,0,0,0,0,0,0,0,0,0,0,0,0,0,0,0,0,0,0,0,0,0,0,0,0,0,0,0,0,0,0,0,0,0,0,0	0,0,0,0,0,0,0,0,0,0,0,0,0,0,0,0,0,0,0,0,0,0,0,0,0,0,0,0,0,0,0,0,1,0,0,0,0,0,0,0
tb.dut.clusters[0].cluster.sockets[0].socket.cores[0].core.execute.fpu_unit.genblk1[0].fpu_fpnew.genblk3[3].fpnew_core.gen_operation_groups[3].i_opgroup_block.gen_merged_slice.i_multifmt_slice.extend_or_mute_int_result[2].extend_int_result	19	32	0	0	0	0	0	1	1612524	1612524	0,0,0,0,0,0,0,0,0,0,0,0,0,0,0,0,0,0,0,0,0,0,0,0,0,0,0,0,0,0,0,0,0,0,0,0,0,0,0,0	0,0,0,0,0,0,0,0,0,0,0,0,0,0,0,0,0,0,0,0,0,0,0,0,0,0,0,0,0,0,0,0,1,0,0,0,0,0,0,0	2	0	0	0	0	1	1612524	1612524	0,0,0,0,0,0,0,0,0,0,0,0,0,0,0,0,0,0,0,0,0,0,0,0,0,0,0,0,0,0,0,0,0,0,0,0,0,0,0,0	0,0,0,0,0,0,0,0,0,0,0,0,0,0,0,0,0,0,0,0,0,0,0,0,0,0,0,0,0,0,0,0,1,0,0,0,0,0,0,0
tb.dut.clusters[0].cluster.sockets[0].socket.cores[0].core.execute.fpu_unit.genblk1[0].fpu_fpnew.genblk3[3].fpnew_core.gen_operation_groups[3].i_opgroup_block.gen_merged_slice.i_multifmt_slice.extend_or_mute_int_result[3]	18	32	0	0	0	0	0	1	1612524	1612524	0,0,0,0,0,0,0,0,0,0,0,0,0,0,0,0,0,0,0,0,0,0,0,0,0,0,0,0,0,0,0,0,0,0,0,0,0,0,0,0	0,0,0,0,0,0,0,0,0,0,0,0,0,0,0,0,0,0,0,0,0,0,0,0,0,0,0,0,0,0,0,0,1,0,0,0,0,0,0,0	2	0	0	0	0	1	1612524	1612524	0,0,0,0,0,0,0,0,0,0,0,0,0,0,0,0,0,0,0,0,0,0,0,0,0,0,0,0,0,0,0,0,0,0,0,0,0,0,0,0	0,0,0,0,0,0,0,0,0,0,0,0,0,0,0,0,0,0,0,0,0,0,0,0,0,0,0,0,0,0,0,0,1,0,0,0,0,0,0,0
tb.dut.clusters[0].cluster.sockets[0].socket.cores[0].core.execute.fpu_unit.genblk1[0].fpu_fpnew.genblk3[3].fpnew_core.gen_operation_groups[3].i_opgroup_block.gen_merged_slice.i_multifmt_slice.extend_or_mute_int_result[3].extend_int_result	19	32	0	0	0	0	0	1	1612524	1612524	0,0,0,0,0,0,0,0,0,0,0,0,0,0,0,0,0,0,0,0,0,0,0,0,0,0,0,0,0,0,0,0,0,0,0,0,0,0,0,0	0,0,0,0,0,0,0,0,0,0,0,0,0,0,0,0,0,0,0,0,0,0,0,0,0,0,0,0,0,0,0,0,1,0,0,0,0,0,0,0	2	0	0	0	0	1	1612524	1612524	0,0,0,0,0,0,0,0,0,0,0,0,0,0,0,0,0,0,0,0,0,0,0,0,0,0,0,0,0,0,0,0,0,0,0,0,0,0,0,0	0,0,0,0,0,0,0,0,0,0,0,0,0,0,0,0,0,0,0,0,0,0,0,0,0,0,0,0,0,0,0,0,1,0,0,0,0,0,0,0
tb.dut.clusters[0].cluster.sockets[0].socket.cores[0].core.execute.fpu_unit.genblk1[0].fpu_fpnew.genblk3[3].fpnew_core.gen_operation_groups[3].i_opgroup_block.gen_merged_slice.i_multifmt_slice.gen_num_lanes[0]	18	7175	28114137	819425	524321	819425	20	524322	793099	8243	235525,286723,10,0,2054,1,0,0,0,0,0,0,0,0,0,0,8,0,0,0,0,0,0,0,0,0,0,0,0,0,0,0,0,0,0,0,0,0,0,0	288791,233478,1,0,1,0,0,0,0,0,0,0,1,2046,0,0,2,0,0,0,1,0,0,0,0,1,0,0,0,0,0,0,0,0,0,0,0,0,0,0	36	351630	294156	351630	10	294157	1260894	8329	238705,53481,1960,1,0,2,1,0,0,6,0,0,0,0,0,0,0,0,0,0,0,0,0,0,0,0,0,0,0,0,0,0,0,0,0,0,0,0,0,0	53452,201002,11,2061,29362,0,0,63,6,1,2,0,0,0,0,1,2,4,8188,0,1,0,0,0,0,1,0,0,0,0,0,0,0,0,0,0,0,0,0,0
tb.dut.clusters[0].cluster.sockets[0].socket.cores[0].core.execute.fpu_unit.genblk1[0].fpu_fpnew.genblk3[3].fpnew_core.gen_operation_groups[3].i_opgroup_block.gen_merged_slice.i_multifmt_slice.gen_num_lanes[0].active_lane	19	6704	28112497	819425	524321	819425	20	524322	793099	8243	235525,286723,10,0,2054,1,0,0,0,0,0,0,0,0,0,0,8,0,0,0,0,0,0,0,0,0,0,0,0,0,0,0,0,0,0,0,0,0,0,0	288791,233478,1,0,1,0,0,0,0,0,0,0,1,2046,0,0,2,0,0,0,1,0,0,0,0,1,0,0,0,0,0,0,0,0,0,0,0,0,0,0	34	353596	295216	353596	6	295217	1258928	8329	238892,54290,2026,1,0,7,0,0,0,0,0,0,0,0,0,0,0,0,0,0,0,0,0,0,0,0,0,0,0,0,0,0,0,0,0,0,0,0,0,0	54281,202293,9,2051,28342,0,0,34,7,1,2,0,0,0,0,0,3,4,8188,0,1,0,0,0,0,1,0,0,0,0,0,0,0,0,0,0,0,0,0,0
tb.dut.clusters[0].cluster.sockets[0].socket.cores[0].core.execute.fpu_unit.genblk1[0].fpu_fpnew.genblk3[3].fpnew_core.gen_operation_groups[3].i_opgroup_block.gen_merged_slice.i_multifmt_slice.gen_num_lanes[0].active_lane.lane_instance	20	6568	10987496	723169	428065	723169	20	428066	889355	8243	139269,286723,10,0,2054,1,0,0,0,0,0,0,0,0,0,0,8,0,0,0,0,0,0,0,0,0,0,0,0,0,0,0,0,0,0,0,0,0,0,0	192535,137222,1,96256,1,0,0,0,0,0,0,0,1,2046,0,0,2,0,0,0,1,0,0,0,0,1,0,0,0,0,0,0,0,0,0,0,0,0,0,0	33	94412	91835	94412	6	91836	1518112	8329	89296,2520,12,0,2,5,0,0,0,0,0,0,0,0,0,0,0,0,0,0,0,0,0,0,0,0,0,0,0,0,0,0,0,0,0,0,0,0,0,0	2176,9454,681,2145,42220,428,300,3066,469,544,5243,290,202,1991,270,285,8273,4525,9267,5,1,0,0,0,0,1,0,0,0,0,0,0,0,0,0,0,0,0,0,0
tb.dut.clusters[0].cluster.sockets[0].socket.cores[0].core.execute.fpu_unit.genblk1[0].fpu_fpnew.genblk3[3].fpnew_core.gen_operation_groups[3].i_opgroup_block.gen_merged_slice.i_multifmt_slice.gen_num_lanes[0].active_lane.lane_instance.i_fpnew_cast_multi	21	6568	10987496	723169	428065	723169	20	428066	889355	8243	139269,286723,10,0,2054,1,0,0,0,0,0,0,0,0,0,0,8,0,0,0,0,0,0,0,0,0,0,0,0,0,0,0,0,0,0,0,0,0,0,0	192535,137222,1,96256,1,0,0,0,0,0,0,0,1,2046,0,0,2,0,0,0,1,0,0,0,0,1,0,0,0,0,0,0,0,0,0,0,0,0,0,0	33	94412	91835	94412	6	91836	1518112	8329	89296,2520,12,0,2,5,0,0,0,0,0,0,0,0,0,0,0,0,0,0,0,0,0,0,0,0,0,0,0,0,0,0,0,0,0,0,0,0,0,0	2176,9454,681,2145,42220,428,300,3066,469,544,5243,290,202,1991,270,285,8273,4525,9267,5,1,0,0,0,0,1,0,0,0,0,0,0,0,0,0,0,0,0,0,0
tb.dut.clusters[0].cluster.sockets[0].socket.cores[0].core.execute.fpu_unit.genblk1[0].fpu_fpnew.genblk3[3].fpnew_core.gen_operation_groups[3].i_opgroup_block.gen_merged_slice.i_multifmt_slice.gen_num_lanes[0].active_lane.lane_instance.i_fpnew_cast_multi.fmt_init_inputs[0]	22	308	139	32	32	32	1	33	1612492	1611835	32,0,0,0,0,0,0,0,0,0,0,0,0,0,0,0,0,0,0,0,0,0,0,0,0,0,0,0,0,0,0,0,0,0,0,0,0,0,0,0	2,14,7,1,0,0,0,0,0,0,0,0,0,0,0,0,7,0,0,0,1,0,0,0,0,0,0,0,0,0,0,0,1,0,0,0,0,0,0,0	2	32	32	32	1	33	1612492	1611835	32,0,0,0,0,0,0,0,0,0,0,0,0,0,0,0,0,0,0,0,0,0,0,0,0,0,0,0,0,0,0,0,0,0,0,0,0,0,0,0	2,14,7,1,0,0,0,0,0,0,0,0,0,0,0,0,7,0,0,0,1,0,0,0,0,0,0,0,0,0,0,0,1,0,0,0,0,0,0,0
tb.dut.clusters[0].cluster.sockets[0].socket.cores[0].core.execute.fpu_unit.genblk1[0].fpu_fpnew.genblk3[3].fpnew_core.gen_operation_groups[3].i_opgroup_block.gen_merged_slice.i_multifmt_slice.gen_num_lanes[0].active_lane.lane_instance.i_fpnew_cast_multi.fmt_init_inputs[0].active_format	23	212	139	32	32	32	1	33	1612492	1611835	32,0,0,0,0,0,0,0,0,0,0,0,0,0,0,0,0,0,0,0,0,0,0,0,0,0,0,0,0,0,0,0,0,0,0,0,0,0,0,0	2,14,7,1,0,0,0,0,0,0,0,0,0,0,0,0,7,0,0,0,1,0,0,0,0,0,0,0,0,0,0,0,1,0,0,0,0,0,0,0	2	32	32	32	1	33	1612492	1611835	32,0,0,0,0,0,0,0,0,0,0,0,0,0,0,0,0,0,0,0,0,0,0,0,0,0,0,0,0,0,0,0,0,0,0,0,0,0,0,0	2,14,7,1,0,0,0,0,0,0,0,0,0,0,0,0,7,0,0,0,1,0,0,0,0,0,0,0,0,0,0,0,1,0,0,0,0,0,0,0
tb.dut.clusters[0].cluster.sockets[0].socket.cores[0].core.execute.fpu_unit.genblk1[0].fpu_fpnew.genblk3[3].fpnew_core.gen_operation_groups[3].i_opgroup_block.gen_merged_slice.i_multifmt_slice.gen_num_lanes[0].active_lane.lane_instance.i_fpnew_cast_multi.fmt_init_inputs[0].active_format.i_fpnew_classifier	24	212	139	32	32	32	1	33	1612492	1611835	32,0,0,0,0,0,0,0,0,0,0,0,0,0,0,0,0,0,0,0,0,0,0,0,0,0,0,0,0,0,0,0,0,0,0,0,0,0,0,0	2,14,7,1,0,0,0,0,0,0,0,0,0,0,0,0,7,0,0,0,1,0,0,0,0,0,0,0,0,0,0,0,1,0,0,0,0,0,0,0	2	32	32	32	1	33	1612492	1611835	32,0,0,0,0,0,0,0,0,0,0,0,0,0,0,0,0,0,0,0,0,0,0,0,0,0,0,0,0,0,0,0,0,0,0,0,0,0,0,0	2,14,7,1,0,0,0,0,0,0,0,0,0,0,0,0,7,0,0,0,1,0,0,0,0,0,0,0,0,0,0,0,1,0,0,0,0,0,0,0
tb.dut.clusters[0].cluster.sockets[0].socket.cores[0].core.execute.fpu_unit.genblk1[0].fpu_fpnew.genblk3[3].fpnew_core.gen_operation_groups[3].i_opgroup_block.gen_merged_slice.i_multifmt_slice.gen_num_lanes[0].active_lane.lane_instance.i_fpnew_cast_multi.fmt_init_inputs[0].active_format.i_fpnew_classifier.gen_num_values[0]	25	40	69	32	32	32	1	33	1612492	1611835	32,0,0,0,0,0,0,0,0,0,0,0,0,0,0,0,0,0,0,0,0,0,0,0,0,0,0,0,0,0,0,0,0,0,0,0,0,0,0,0	2,14,7,1,0,0,0,0,0,0,0,0,0,0,0,0,7,0,0,0,1,0,0,0,0,0,0,0,0,0,0,0,1,0,0,0,0,0,0,0	2	17	17	17	1	18	1612507	1611835	17,0,0,0,0,0,0,0,0,0,0,0,0,0,0,0,0,0,0,0,0,0,0,0,0,0,0,0,0,0,0,0,0,0,0,0,0,0,0,0	0,1,0,0,0,8,0,0,0,0,0,0,0,0,0,0,7,0,0,0,1,0,0,0,0,0,0,0,0,0,0,0,1,0,0,0,0,0,0,0
tb.dut.clusters[0].cluster.sockets[0].socket.cores[0].core.execute.fpu_unit.genblk1[0].fpu_fpnew.genblk3[3].fpnew_core.gen_operation_groups[3].i_opgroup_block.gen_merged_slice.i_multifmt_slice.gen_num_lanes[0].active_lane.lane_instance.i_fpnew_cast_multi.fmt_init_inputs[1]	22	96	0	0	0	0	0	1	1612524	1612524	0,0,0,0,0,0,0,0,0,0,0,0,0,0,0,0,0,0,0,0,0,0,0,0,0,0,0,0,0,0,0,0,0,0,0,0,0,0,0,0	0,0,0,0,0,0,0,0,0,0,0,0,0,0,0,0,0,0,0,0,0,0,0,0,0,0,0,0,0,0,0,0,1,0,0,0,0,0,0,0	2	0	0	0	0	1	1612524	1612524	0,0,0,0,0,0,0,0,0,0,0,0,0,0,0,0,0,0,0,0,0,0,0,0,0,0,0,0,0,0,0,0,0,0,0,0,0,0,0,0	0,0,0,0,0,0,0,0,0,0,0,0,0,0,0,0,0,0,0,0,0,0,0,0,0,0,0,0,0,0,0,0,1,0,0,0,0,0,0,0
tb.dut.clusters[0].cluster.sockets[0].socket.cores[0].core.execute.fpu_unit.genblk1[0].fpu_fpnew.genblk3[3].fpnew_core.gen_operation_groups[3].i_opgroup_block.gen_merged_slice.i_multifmt_slice.gen_num_lanes[0].active_lane.lane_instance.i_fpnew_cast_multi.fmt_init_inputs[2]	22	96	0	0	0	0	0	1	1612524	1612524	0,0,0,0,0,0,0,0,0,0,0,0,0,0,0,0,0,0,0,0,0,0,0,0,0,0,0,0,0,0,0,0,0,0,0,0,0,0,0,0	0,0,0,0,0,0,0,0,0,0,0,0,0,0,0,0,0,0,0,0,0,0,0,0,0,0,0,0,0,0,0,0,1,0,0,0,0,0,0,0	2	0	0	0	0	1	1612524	1612524	0,0,0,0,0,0,0,0,0,0,0,0,0,0,0,0,0,0,0,0,0,0,0,0,0,0,0,0,0,0,0,0,0,0,0,0,0,0,0,0	0,0,0,0,0,0,0,0,0,0,0,0,0,0,0,0,0,0,0,0,0,0,0,0,0,0,0,0,0,0,0,0,1,0,0,0,0,0,0,0
tb.dut.clusters[0].cluster.sockets[0].socket.cores[0].core.execute.fpu_unit.genblk1[0].fpu_fpnew.genblk3[3].fpnew_core.gen_operation_groups[3].i_opgroup_block.gen_merged_slice.i_multifmt_slice.gen_num_lanes[0].active_lane.lane_instance.i_fpnew_cast_multi.fmt_init_inputs[3]	22	96	0	0	0	0	0	1	1612524	1612524	0,0,0,0,0,0,0,0,0,0,0,0,0,0,0,0,0,0,0,0,0,0,0,0,0,0,0,0,0,0,0,0,0,0,0,0,0,0,0,0	0,0,0,0,0,0,0,0,0,0,0,0,0,0,0,0,0,0,0,0,0,0,0,0,0,0,0,0,0,0,0,0,1,0,0,0,0,0,0,0	2	0	0	0	0	1	1612524	1612524	0,0,0,0,0,0,0,0,0,0,0,0,0,0,0,0,0,0,0,0,0,0,0,0,0,0,0,0,0,0,0,0,0,0,0,0,0,0,0,0	0,0,0,0,0,0,0,0,0,0,0,0,0,0,0,0,0,0,0,0,0,0,0,0,0,0,0,0,0,0,0,0,1,0,0,0,0,0,0,0
tb.dut.clusters[0].cluster.sockets[0].socket.cores[0].core.execute.fpu_unit.genblk1[0].fpu_fpnew.genblk3[3].fpnew_core.gen_operation_groups[3].i_opgroup_block.gen_merged_slice.i_multifmt_slice.gen_num_lanes[0].active_lane.lane_instance.i_fpnew_cast_multi.fmt_init_inputs[4]	22	96	0	0	0	0	0	1	1612524	1612524	0,0,0,0,0,0,0,0,0,0,0,0,0,0,0,0,0,0,0,0,0,0,0,0,0,0,0,0,0,0,0,0,0,0,0,0,0,0,0,0	0,0,0,0,0,0,0,0,0,0,0,0,0,0,0,0,0,0,0,0,0,0,0,0,0,0,0,0,0,0,0,0,1,0,0,0,0,0,0,0	2	0	0	0	0	1	1612524	1612524	0,0,0,0,0,0,0,0,0,0,0,0,0,0,0,0,0,0,0,0,0,0,0,0,0,0,0,0,0,0,0,0,0,0,0,0,0,0,0,0	0,0,0,0,0,0,0,0,0,0,0,0,0,0,0,0,0,0,0,0,0,0,0,0,0,0,0,0,0,0,0,0,1,0,0,0,0,0,0,0
tb.dut.clusters[0].cluster.sockets[0].socket.cores[0].core.execute.fpu_unit.genblk1[0].fpu_fpnew.genblk3[3].fpnew_core.gen_operation_groups[3].i_opgroup_block.gen_merged_slice.i_multifmt_slice.gen_num_lanes[0].active_lane.lane_instance.i_fpnew_cast_multi.gen_input_pipeline[0]	22	1	64	64	30	64	4	31	1612460	1611836	0,28,0,2,0,0,0,0,0,0,0,0,0,0,0,0,0,0,0,0,0,0,0,0,0,0,0,0,0,0,0,0,0,0,0,0,0,0,0,0	14,7,1,0,0,0,0,0,0,0,0,0,0,0,0,0,7,0,0,0,1,0,0,0,0,0,0,0,0,0,0,0,1,0,0,0,0,0,0,0	2	0	0	0	0	1	1612524	1612524	0,0,0,0,0,0,0,0,0,0,0,0,0,0,0,0,0,0,0,0,0,0,0,0,0,0,0,0,0,0,0,0,0,0,0,0,0,0,0,0	0,0,0,0,0,0,0,0,0,0,0,0,0,0,0,0,0,0,0,0,0,0,0,0,0,0,0,0,0,0,0,0,1,0,0,0,0,0,0,0
tb.dut.clusters[0].cluster.sockets[0].socket.cores[0].core.execute.fpu_unit.genblk1[0].fpu_fpnew.genblk3[3].fpnew_core.gen_operation_groups[3].i_opgroup_block.gen_merged_slice.i_multifmt_slice.gen_num_lanes[0].active_lane.lane_instance.i_fpnew_cast_multi.gen_input_pipeline[1]	22	1	64	64	30	64	4	31	1612460	1611835	0,28,0,2,0,0,0,0,0,0,0,0,0,0,0,0,0,0,0,0,0,0,0,0,0,0,0,0,0,0,0,0,0,0,0,0,0,0,0,0	14,7,1,0,0,0,0,0,0,0,0,0,0,0,0,0,7,0,0,0,1,0,0,0,0,0,0,0,0,0,0,0,1,0,0,0,0,0,0,0	2	0	0	0	0	1	1612524	1612524	0,0,0,0,0,0,0,0,0,0,0,0,0,0,0,0,0,0,0,0,0,0,0,0,0,0,0,0,0,0,0,0,0,0,0,0,0,0,0,0	0,0,0,0,0,0,0,0,0,0,0,0,0,0,0,0,0,0,0,0,0,0,0,0,0,0,0,0,0,0,0,0,1,0,0,0,0,0,0,0
tb.dut.clusters[0].cluster.sockets[0].socket.cores[0].core.execute.fpu_unit.genblk1[0].fpu_fpnew.genblk3[3].fpnew_core.gen_operation_groups[3].i_opgroup_block.gen_merged_slice.i_multifmt_slice.gen_num_lanes[0].active_lane.lane_instance.i_fpnew_cast_multi.gen_inside_pipeline[0]	22	1	64	64	30	64	4	31	1612460	1611834	0,28,0,2,0,0,0,0,0,0,0,0,0,0,0,0,0,0,0,0,0,0,0,0,0,0,0,0,0,0,0,0,0,0,0,0,0,0,0,0	14,7,1,0,0,0,0,0,0,0,0,0,0,0,0,0,7,0,0,0,1,0,0,0,0,0,0,0,0,0,0,0,1,0,0,0,0,0,0,0	2	0	0	0	0	1	1612524	1612524	0,0,0,0,0,0,0,0,0,0,0,0,0,0,0,0,0,0,0,0,0,0,0,0,0,0,0,0,0,0,0,0,0,0,0,0,0,0,0,0	0,0,0,0,0,0,0,0,0,0,0,0,0,0,0,0,0,0,0,0,0,0,0,0,0,0,0,0,0,0,0,0,1,0,0,0,0,0,0,0
tb.dut.clusters[0].cluster.sockets[0].socket.cores[0].core.execute.fpu_unit.genblk1[0].fpu_fpnew.genblk3[3].fpnew_core.gen_operation_groups[3].i_opgroup_block.gen_merged_slice.i_multifmt_slice.gen_num_lanes[0].active_lane.lane_instance.i_fpnew_cast_multi.gen_inside_pipeline[1]	22	1	64	64	30	64	4	31	1612460	1611833	0,28,0,2,0,0,0,0,0,0,0,0,0,0,0,0,0,0,0,0,0,0,0,0,0,0,0,0,0,0,0,0,0,0,0,0,0,0,0,0	14,7,1,0,0,0,0,0,0,0,0,0,0,0,0,0,7,0,0,0,1,0,0,0,0,0,0,0,0,0,0,0,1,0,0,0,0,0,0,0	2	0	0	0	0	1	1612524	1612524	0,0,0,0,0,0,0,0,0,0,0,0,0,0,0,0,0,0,0,0,0,0,0,0,0,0,0,0,0,0,0,0,0,0,0,0,0,0,0,0	0,0,0,0,0,0,0,0,0,0,0,0,0,0,0,0,0,0,0,0,0,0,0,0,0,0,0,0,0,0,0,0,1,0,0,0,0,0,0,0
tb.dut.clusters[0].cluster.sockets[0].socket.cores[0].core.execute.fpu_unit.genblk1[0].fpu_fpnew.genblk3[3].fpnew_core.gen_operation_groups[3].i_opgroup_block.gen_merged_slice.i_multifmt_slice.gen_num_lanes[0].active_lane.lane_instance.i_fpnew_cast_multi.gen_int_overflow[0]	22	32	0	0	0	0	0	1	1612524	1612524	0,0,0,0,0,0,0,0,0,0,0,0,0,0,0,0,0,0,0,0,0,0,0,0,0,0,0,0,0,0,0,0,0,0,0,0,0,0,0,0	0,0,0,0,0,0,0,0,0,0,0,0,0,0,0,0,0,0,0,0,0,0,0,0,0,0,0,0,0,0,0,0,1,0,0,0,0,0,0,0	2	0	0	0	0	1	1612524	1612524	0,0,0,0,0,0,0,0,0,0,0,0,0,0,0,0,0,0,0,0,0,0,0,0,0,0,0,0,0,0,0,0,0,0,0,0,0,0,0,0	0,0,0,0,0,0,0,0,0,0,0,0,0,0,0,0,0,0,0,0,0,0,0,0,0,0,0,0,0,0,0,0,1,0,0,0,0,0,0,0
tb.dut.clusters[0].cluster.sockets[0].socket.cores[0].core.execute.fpu_unit.genblk1[0].fpu_fpnew.genblk3[3].fpnew_core.gen_operation_groups[3].i_opgroup_block.gen_merged_slice.i_multifmt_slice.gen_num_lanes[0].active_lane.lane_instance.i_fpnew_cast_multi.gen_int_overflow[1]	22	32	0	0	0	0	0	1	1612524	1612524	0,0,0,0,0,0,0,0,0,0,0,0,0,0,0,0,0,0,0,0,0,0,0,0,0,0,0,0,0,0,0,0,0,0,0,0,0,0,0,0	0,0,0,0,0,0,0,0,0,0,0,0,0,0,0,0,0,0,0,0,0,0,0,0,0,0,0,0,0,0,0,0,1,0,0,0,0,0,0,0	2	0	0	0	0	1	1612524	1612524	0,0,0,0,0,0,0,0,0,0,0,0,0,0,0,0,0,0,0,0,0,0,0,0,0,0,0,0,0,0,0,0,0,0,0,0,0,0,0,0	0,0,0,0,0,0,0,0,0,0,0,0,0,0,0,0,0,0,0,0,0,0,0,0,0,0,0,0,0,0,0,0,1,0,0,0,0,0,0,0
tb.dut.clusters[0].cluster.sockets[0].socket.cores[0].core.execute.fpu_unit.genblk1[0].fpu_fpnew.genblk3[3].fpnew_core.gen_operation_groups[3].i_opgroup_block.gen_merged_slice.i_multifmt_slice.gen_num_lanes[0].active_lane.lane_instance.i_fpnew_cast_multi.gen_int_overflow[2]	22	32	0	0	0	0	0	1	1612524	1612524	0,0,0,0,0,0,0,0,0,0,0,0,0,0,0,0,0,0,0,0,0,0,0,0,0,0,0,0,0,0,0,0,0,0,0,0,0,0,0,0	0,0,0,0,0,0,0,0,0,0,0,0,0,0,0,0,0,0,0,0,0,0,0,0,0,0,0,0,0,0,0,0,1,0,0,0,0,0,0,0	2	0	0	0	0	1	1612524	1612524	0,0,0,0,0,0,0,0,0,0,0,0,0,0,0,0,0,0,0,0,0,0,0,0,0,0,0,0,0,0,0,0,0,0,0,0,0,0,0,0	0,0,0,0,0,0,0,0,0,0,0,0,0,0,0,0,0,0,0,0,0,0,0,0,0,0,0,0,0,0,0,0,1,0,0,0,0,0,0,0
tb.dut.clusters[0].cluster.sockets[0].socket.cores[0].core.execute.fpu_unit.genblk1[0].fpu_fpnew.genblk3[3].fpnew_core.gen_operation_groups[3].i_opgroup_block.gen_merged_slice.i_multifmt_slice.gen_num_lanes[0].active_lane.lane_instance.i_fpnew_cast_multi.gen_int_overflow[3]	22	32	0	0	0	0	0	1	1612524	1612524	0,0,0,0,0,0,0,0,0,0,0,0,0,0,0,0,0,0,0,0,0,0,0,0,0,0,0,0,0,0,0,0,0,0,0,0,0,0,0,0	0,0,0,0,0,0,0,0,0,0,0,0,0,0,0,0,0,0,0,0,0,0,0,0,0,0,0,0,0,0,0,0,1,0,0,0,0,0,0,0	2	0	0	0	0	1	1612524	1612524	0,0,0,0,0,0,0,0,0,0,0,0,0,0,0,0,0,0,0,0,0,0,0,0,0,0,0,0,0,0,0,0,0,0,0,0,0,0,0,0	0,0,0,0,0,0,0,0,0,0,0,0,0,0,0,0,0,0,0,0,0,0,0,0,0,0,0,0,0,0,0,0,1,0,0,0,0,0,0,0
tb.dut.clusters[0].cluster.sockets[0].socket.cores[0].core.execute.fpu_unit.genblk1[0].fpu_fpnew.genblk3[3].fpnew_core.gen_operation_groups[3].i_opgroup_block.gen_merged_slice.i_multifmt_slice.gen_num_lanes[0].active_lane.lane_instance.i_fpnew_cast_multi.gen_int_res_sign_ext[0]	22	32	0	0	0	0	0	1	1612524	1612524	0,0,0,0,0,0,0,0,0,0,0,0,0,0,0,0,0,0,0,0,0,0,0,0,0,0,0,0,0,0,0,0,0,0,0,0,0,0,0,0	0,0,0,0,0,0,0,0,0,0,0,0,0,0,0,0,0,0,0,0,0,0,0,0,0,0,0,0,0,0,0,0,1,0,0,0,0,0,0,0	2	0	0	0	0	1	1612524	1612524	0,0,0,0,0,0,0,0,0,0,0,0,0,0,0,0,0,0,0,0,0,0,0,0,0,0,0,0,0,0,0,0,0,0,0,0,0,0,0,0	0,0,0,0,0,0,0,0,0,0,0,0,0,0,0,0,0,0,0,0,0,0,0,0,0,0,0,0,0,0,0,0,1,0,0,0,0,0,0,0
tb.dut.clusters[0].cluster.sockets[0].socket.cores[0].core.execute.fpu_unit.genblk1[0].fpu_fpnew.genblk3[3].fpnew_core.gen_operation_groups[3].i_opgroup_block.gen_merged_slice.i_multifmt_slice.gen_num_lanes[0].active_lane.lane_instance.i_fpnew_cast_multi.gen_int_res_sign_ext[1]	22	32	0	0	0	0	0	1	1612524	1612524	0,0,0,0,0,0,0,0,0,0,0,0,0,0,0,0,0,0,0,0,0,0,0,0,0,0,0,0,0,0,0,0,0,0,0,0,0,0,0,0	0,0,0,0,0,0,0,0,0,0,0,0,0,0,0,0,0,0,0,0,0,0,0,0,0,0,0,0,0,0,0,0,1,0,0,0,0,0,0,0	2	0	0	0	0	1	1612524	1612524	0,0,0,0,0,0,0,0,0,0,0,0,0,0,0,0,0,0,0,0,0,0,0,0,0,0,0,0,0,0,0,0,0,0,0,0,0,0,0,0	0,0,0,0,0,0,0,0,0,0,0,0,0,0,0,0,0,0,0,0,0,0,0,0,0,0,0,0,0,0,0,0,1,0,0,0,0,0,0,0
tb.dut.clusters[0].cluster.sockets[0].socket.cores[0].core.execute.fpu_unit.genblk1[0].fpu_fpnew.genblk3[3].fpnew_core.gen_operation_groups[3].i_opgroup_block.gen_merged_slice.i_multifmt_slice.gen_num_lanes[0].active_lane.lane_instance.i_fpnew_cast_multi.gen_int_res_sign_ext[2]	22	32	0	0	0	0	0	1	1612524	1612524	0,0,0,0,0,0,0,0,0,0,0,0,0,0,0,0,0,0,0,0,0,0,0,0,0,0,0,0,0,0,0,0,0,0,0,0,0,0,0,0	0,0,0,0,0,0,0,0,0,0,0,0,0,0,0,0,0,0,0,0,0,0,0,0,0,0,0,0,0,0,0,0,1,0,0,0,0,0,0,0	2	0	0	0	0	1	1612524	1612524	0,0,0,0,0,0,0,0,0,0,0,0,0,0,0,0,0,0,0,0,0,0,0,0,0,0,0,0,0,0,0,0,0,0,0,0,0,0,0,0	0,0,0,0,0,0,0,0,0,0,0,0,0,0,0,0,0,0,0,0,0,0,0,0,0,0,0,0,0,0,0,0,1,0,0,0,0,0,0,0
tb.dut.clusters[0].cluster.sockets[0].socket.cores[0].core.execute.fpu_unit.genblk1[0].fpu_fpnew.genblk3[3].fpnew_core.gen_operation_groups[3].i_opgroup_block.gen_merged_slice.i_multifmt_slice.gen_num_lanes[0].active_lane.lane_instance.i_fpnew_cast_multi.gen_int_res_sign_ext[3]	22	32	0	0	0	0	0	1	1612524	1612524	0,0,0,0,0,0,0,0,0,0,0,0,0,0,0,0,0,0,0,0,0,0,0,0,0,0,0,0,0,0,0,0,0,0,0,0,0,0,0,0	0,0,0,0,0,0,0,0,0,0,0,0,0,0,0,0,0,0,0,0,0,0,0,0,0,0,0,0,0,0,0,0,1,0,0,0,0,0,0,0	2	0	0	0	0	1	1612524	1612524	0,0,0,0,0,0,0,0,0,0,0,0,0,0,0,0,0,0,0,0,0,0,0,0,0,0,0,0,0,0,0,0,0,0,0,0,0,0,0,0	0,0,0,0,0,0,0,0,0,0,0,0,0,0,0,0,0,0,0,0,0,0,0,0,0,0,0,0,0,0,0,0,1,0,0,0,0,0,0,0
tb.dut.clusters[0].cluster.sockets[0].socket.cores[0].core.execute.fpu_unit.genblk1[0].fpu_fpnew.genblk3[3].fpnew_core.gen_operation_groups[3].i_opgroup_block.gen_merged_slice.i_multifmt_slice.gen_num_lanes[0].active_lane.lane_instance.i_fpnew_cast_multi.gen_output_pipeline[0]	22	1	64	64	30	64	4	31	1612460	1611832	0,28,0,2,0,0,0,0,0,0,0,0,0,0,0,0,0,0,0,0,0,0,0,0,0,0,0,0,0,0,0,0,0,0,0,0,0,0,0,0	14,7,1,0,0,0,0,0,0,0,0,0,0,0,0,0,7,0,0,0,1,0,0,0,0,0,0,0,0,0,0,0,1,0,0,0,0,0,0,0	2	0	0	0	0	1	1612524	1612524	0,0,0,0,0,0,0,0,0,0,0,0,0,0,0,0,0,0,0,0,0,0,0,0,0,0,0,0,0,0,0,0,0,0,0,0,0,0,0,0	0,0,0,0,0,0,0,0,0,0,0,0,0,0,0,0,0,0,0,0,0,0,0,0,0,0,0,0,0,0,0,0,1,0,0,0,0,0,0,0
tb.dut.clusters[0].cluster.sockets[0].socket.cores[0].core.execute.fpu_unit.genblk1[0].fpu_fpnew.genblk3[3].fpnew_core.gen_operation_groups[3].i_opgroup_block.gen_merged_slice.i_multifmt_slice.gen_num_lanes[0].active_lane.lane_instance.i_fpnew_cast_multi.gen_res_assemble[0]	22	64	0	0	0	0	0	1	1612524	1612524	0,0,0,0,0,0,0,0,0,0,0,0,0,0,0,0,0,0,0,0,0,0,0,0,0,0,0,0,0,0,0,0,0,0,0,0,0,0,0,0	0,0,0,0,0,0,0,0,0,0,0,0,0,0,0,0,0,0,0,0,0,0,0,0,0,0,0,0,0,0,0,0,1,0,0,0,0,0,0,0	2	0	0	0	0	1	1612524	1612524	0,0,0,0,0,0,0,0,0,0,0,0,0,0,0,0,0,0,0,0,0,0,0,0,0,0,0,0,0,0,0,0,0,0,0,0,0,0,0,0	0,0,0,0,0,0,0,0,0,0,0,0,0,0,0,0,0,0,0,0,0,0,0,0,0,0,0,0,0,0,0,0,1,0,0,0,0,0,0,0
tb.dut.clusters[0].cluster.sockets[0].socket.cores[0].core.execute.fpu_unit.genblk1[0].fpu_fpnew.genblk3[3].fpnew_core.gen_operation_groups[3].i_opgroup_block.gen_merged_slice.i_multifmt_slice.gen_num_lanes[0].active_lane.lane_instance.i_fpnew_cast_multi.gen_res_assemble[1]	22	64	0	0	0	0	0	1	1612524	1612524	0,0,0,0,0,0,0,0,0,0,0,0,0,0,0,0,0,0,0,0,0,0,0,0,0,0,0,0,0,0,0,0,0,0,0,0,0,0,0,0	0,0,0,0,0,0,0,0,0,0,0,0,0,0,0,0,0,0,0,0,0,0,0,0,0,0,0,0,0,0,0,0,1,0,0,0,0,0,0,0	2	0	0	0	0	1	1612524	1612524	0,0,0,0,0,0,0,0,0,0,0,0,0,0,0,0,0,0,0,0,0,0,0,0,0,0,0,0,0,0,0,0,0,0,0,0,0,0,0,0	0,0,0,0,0,0,0,0,0,0,0,0,0,0,0,0,0,0,0,0,0,0,0,0,0,0,0,0,0,0,0,0,1,0,0,0,0,0,0,0
tb.dut.clusters[0].cluster.sockets[0].socket.cores[0].core.execute.fpu_unit.genblk1[0].fpu_fpnew.genblk3[3].fpnew_core.gen_operation_groups[3].i_opgroup_block.gen_merged_slice.i_multifmt_slice.gen_num_lanes[0].active_lane.lane_instance.i_fpnew_cast_multi.gen_res_assemble[2]	22	64	0	0	0	0	0	1	1612524	1612524	0,0,0,0,0,0,0,0,0,0,0,0,0,0,0,0,0,0,0,0,0,0,0,0,0,0,0,0,0,0,0,0,0,0,0,0,0,0,0,0	0,0,0,0,0,0,0,0,0,0,0,0,0,0,0,0,0,0,0,0,0,0,0,0,0,0,0,0,0,0,0,0,1,0,0,0,0,0,0,0	2	0	0	0	0	1	1612524	1612524	0,0,0,0,0,0,0,0,0,0,0,0,0,0,0,0,0,0,0,0,0,0,0,0,0,0,0,0,0,0,0,0,0,0,0,0,0,0,0,0	0,0,0,0,0,0,0,0,0,0,0,0,0,0,0,0,0,0,0,0,0,0,0,0,0,0,0,0,0,0,0,0,1,0,0,0,0,0,0,0
tb.dut.clusters[0].cluster.sockets[0].socket.cores[0].core.execute.fpu_unit.genblk1[0].fpu_fpnew.genblk3[3].fpnew_core.gen_operation_groups[3].i_opgroup_block.gen_merged_slice.i_multifmt_slice.gen_num_lanes[0].active_lane.lane_instance.i_fpnew_cast_multi.gen_res_assemble[3]	22	64	0	0	0	0	0	1	1612524	1612524	0,0,0,0,0,0,0,0,0,0,0,0,0,0,0,0,0,0,0,0,0,0,0,0,0,0,0,0,0,0,0,0,0,0,0,0,0,0,0,0	0,0,0,0,0,0,0,0,0,0,0,0,0,0,0,0,0,0,0,0,0,0,0,0,0,0,0,0,0,0,0,0,1,0,0,0,0,0,0,0	2	0	0	0	0	1	1612524	1612524	0,0,0,0,0,0,0,0,0,0,0,0,0,0,0,0,0,0,0,0,0,0,0,0,0,0,0,0,0,0,0,0,0,0,0,0,0,0,0,0	0,0,0,0,0,0,0,0,0,0,0,0,0,0,0,0,0,0,0,0,0,0,0,0,0,0,0,0,0,0,0,0,1,0,0,0,0,0,0,0
tb.dut.clusters[0].cluster.sockets[0].socket.cores[0].core.execute.fpu_unit.genblk1[0].fpu_fpnew.genblk3[3].fpnew_core.gen_operation_groups[3].i_opgroup_block.gen_merged_slice.i_multifmt_slice.gen_num_lanes[0].active_lane.lane_instance.i_fpnew_cast_multi.gen_res_assemble[4]	22	64	0	0	0	0	0	1	1612524	1612524	0,0,0,0,0,0,0,0,0,0,0,0,0,0,0,0,0,0,0,0,0,0,0,0,0,0,0,0,0,0,0,0,0,0,0,0,0,0,0,0	0,0,0,0,0,0,0,0,0,0,0,0,0,0,0,0,0,0,0,0,0,0,0,0,0,0,0,0,0,0,0,0,1,0,0,0,0,0,0,0	2	0	0	0	0	1	1612524	1612524	0,0,0,0,0,0,0,0,0,0,0,0,0,0,0,0,0,0,0,0,0,0,0,0,0,0,0,0,0,0,0,0,0,0,0,0,0,0,0,0	0,0,0,0,0,0,0,0,0,0,0,0,0,0,0,0,0,0,0,0,0,0,0,0,0,0,0,0,0,0,0,0,1,0,0,0,0,0,0,0
tb.dut.clusters[0].cluster.sockets[0].socket.cores[0].core.execute.fpu_unit.genblk1[0].fpu_fpnew.genblk3[3].fpnew_core.gen_operation_groups[3].i_opgroup_block.gen_merged_slice.i_multifmt_slice.gen_num_lanes[0].active_lane.lane_instance.i_fpnew_cast_multi.gen_sign_extend_int[0]	22	32	0	0	0	0	0	1	1612524	1612524	0,0,0,0,0,0,0,0,0,0,0,0,0,0,0,0,0,0,0,0,0,0,0,0,0,0,0,0,0,0,0,0,0,0,0,0,0,0,0,0	0,0,0,0,0,0,0,0,0,0,0,0,0,0,0,0,0,0,0,0,0,0,0,0,0,0,0,0,0,0,0,0,1,0,0,0,0,0,0,0	2	0	0	0	0	1	1612524	1612524	0,0,0,0,0,0,0,0,0,0,0,0,0,0,0,0,0,0,0,0,0,0,0,0,0,0,0,0,0,0,0,0,0,0,0,0,0,0,0,0	0,0,0,0,0,0,0,0,0,0,0,0,0,0,0,0,0,0,0,0,0,0,0,0,0,0,0,0,0,0,0,0,1,0,0,0,0,0,0,0
tb.dut.clusters[0].cluster.sockets[0].socket.cores[0].core.execute.fpu_unit.genblk1[0].fpu_fpnew.genblk3[3].fpnew_core.gen_operation_groups[3].i_opgroup_block.gen_merged_slice.i_multifmt_slice.gen_num_lanes[0].active_lane.lane_instance.i_fpnew_cast_multi.gen_sign_extend_int[1]	22	32	0	0	0	0	0	1	1612524	1612524	0,0,0,0,0,0,0,0,0,0,0,0,0,0,0,0,0,0,0,0,0,0,0,0,0,0,0,0,0,0,0,0,0,0,0,0,0,0,0,0	0,0,0,0,0,0,0,0,0,0,0,0,0,0,0,0,0,0,0,0,0,0,0,0,0,0,0,0,0,0,0,0,1,0,0,0,0,0,0,0	2	0	0	0	0	1	1612524	1612524	0,0,0,0,0,0,0,0,0,0,0,0,0,0,0,0,0,0,0,0,0,0,0,0,0,0,0,0,0,0,0,0,0,0,0,0,0,0,0,0	0,0,0,0,0,0,0,0,0,0,0,0,0,0,0,0,0,0,0,0,0,0,0,0,0,0,0,0,0,0,0,0,1,0,0,0,0,0,0,0
tb.dut.clusters[0].cluster.sockets[0].socket.cores[0].core.execute.fpu_unit.genblk1[0].fpu_fpnew.genblk3[3].fpnew_core.gen_operation_groups[3].i_opgroup_block.gen_merged_slice.i_multifmt_slice.gen_num_lanes[0].active_lane.lane_instance.i_fpnew_cast_multi.gen_sign_extend_int[2]	22	32	0	0	0	0	0	1	1612524	1612524	0,0,0,0,0,0,0,0,0,0,0,0,0,0,0,0,0,0,0,0,0,0,0,0,0,0,0,0,0,0,0,0,0,0,0,0,0,0,0,0	0,0,0,0,0,0,0,0,0,0,0,0,0,0,0,0,0,0,0,0,0,0,0,0,0,0,0,0,0,0,0,0,1,0,0,0,0,0,0,0	2	0	0	0	0	1	1612524	1612524	0,0,0,0,0,0,0,0,0,0,0,0,0,0,0,0,0,0,0,0,0,0,0,0,0,0,0,0,0,0,0,0,0,0,0,0,0,0,0,0	0,0,0,0,0,0,0,0,0,0,0,0,0,0,0,0,0,0,0,0,0,0,0,0,0,0,0,0,0,0,0,0,1,0,0,0,0,0,0,0
tb.dut.clusters[0].cluster.sockets[0].socket.cores[0].core.execute.fpu_unit.genblk1[0].fpu_fpnew.genblk3[3].fpnew_core.gen_operation_groups[3].i_opgroup_block.gen_merged_slice.i_multifmt_slice.gen_num_lanes[0].active_lane.lane_instance.i_fpnew_cast_multi.gen_sign_extend_int[3]	22	32	0	0	0	0	0	1	1612524	1612524	0,0,0,0,0,0,0,0,0,0,0,0,0,0,0,0,0,0,0,0,0,0,0,0,0,0,0,0,0,0,0,0,0,0,0,0,0,0,0,0	0,0,0,0,0,0,0,0,0,0,0,0,0,0,0,0,0,0,0,0,0,0,0,0,0,0,0,0,0,0,0,0,1,0,0,0,0,0,0,0	2	0	0	0	0	1	1612524	1612524	0,0,0,0,0,0,0,0,0,0,0,0,0,0,0,0,0,0,0,0,0,0,0,0,0,0,0,0,0,0,0,0,0,0,0,0,0,0,0,0	0,0,0,0,0,0,0,0,0,0,0,0,0,0,0,0,0,0,0,0,0,0,0,0,0,0,0,0,0,0,0,0,1,0,0,0,0,0,0,0
tb.dut.clusters[0].cluster.sockets[0].socket.cores[0].core.execute.fpu_unit.genblk1[0].fpu_fpnew.genblk3[3].fpnew_core.gen_operation_groups[3].i_opgroup_block.gen_merged_slice.i_multifmt_slice.gen_num_lanes[0].active_lane.lane_instance.i_fpnew_cast_multi.gen_sign_inject[0]	22	96	0	0	0	0	0	1	1612524	1612524	0,0,0,0,0,0,0,0,0,0,0,0,0,0,0,0,0,0,0,0,0,0,0,0,0,0,0,0,0,0,0,0,0,0,0,0,0,0,0,0	0,0,0,0,0,0,0,0,0,0,0,0,0,0,0,0,0,0,0,0,0,0,0,0,0,0,0,0,0,0,0,0,1,0,0,0,0,0,0,0	2	0	0	0	0	1	1612524	1612524	0,0,0,0,0,0,0,0,0,0,0,0,0,0,0,0,0,0,0,0,0,0,0,0,0,0,0,0,0,0,0,0,0,0,0,0,0,0,0,0	0,0,0,0,0,0,0,0,0,0,0,0,0,0,0,0,0,0,0,0,0,0,0,0,0,0,0,0,0,0,0,0,1,0,0,0,0,0,0,0
tb.dut.clusters[0].cluster.sockets[0].socket.cores[0].core.execute.fpu_unit.genblk1[0].fpu_fpnew.genblk3[3].fpnew_core.gen_operation_groups[3].i_opgroup_block.gen_merged_slice.i_multifmt_slice.gen_num_lanes[0].active_lane.lane_instance.i_fpnew_cast_multi.gen_sign_inject[1]	22	96	0	0	0	0	0	1	1612524	1612524	0,0,0,0,0,0,0,0,0,0,0,0,0,0,0,0,0,0,0,0,0,0,0,0,0,0,0,0,0,0,0,0,0,0,0,0,0,0,0,0	0,0,0,0,0,0,0,0,0,0,0,0,0,0,0,0,0,0,0,0,0,0,0,0,0,0,0,0,0,0,0,0,1,0,0,0,0,0,0,0	2	0	0	0	0	1	1612524	1612524	0,0,0,0,0,0,0,0,0,0,0,0,0,0,0,0,0,0,0,0,0,0,0,0,0,0,0,0,0,0,0,0,0,0,0,0,0,0,0,0	0,0,0,0,0,0,0,0,0,0,0,0,0,0,0,0,0,0,0,0,0,0,0,0,0,0,0,0,0,0,0,0,1,0,0,0,0,0,0,0
tb.dut.clusters[0].cluster.sockets[0].socket.cores[0].core.execute.fpu_unit.genblk1[0].fpu_fpnew.genblk3[3].fpnew_core.gen_operation_groups[3].i_opgroup_block.gen_merged_slice.i_multifmt_slice.gen_num_lanes[0].active_lane.lane_instance.i_fpnew_cast_multi.gen_sign_inject[2]	22	96	0	0	0	0	0	1	1612524	1612524	0,0,0,0,0,0,0,0,0,0,0,0,0,0,0,0,0,0,0,0,0,0,0,0,0,0,0,0,0,0,0,0,0,0,0,0,0,0,0,0	0,0,0,0,0,0,0,0,0,0,0,0,0,0,0,0,0,0,0,0,0,0,0,0,0,0,0,0,0,0,0,0,1,0,0,0,0,0,0,0	2	0	0	0	0	1	1612524	1612524	0,0,0,0,0,0,0,0,0,0,0,0,0,0,0,0,0,0,0,0,0,0,0,0,0,0,0,0,0,0,0,0,0,0,0,0,0,0,0,0	0,0,0,0,0,0,0,0,0,0,0,0,0,0,0,0,0,0,0,0,0,0,0,0,0,0,0,0,0,0,0,0,1,0,0,0,0,0,0,0
tb.dut.clusters[0].cluster.sockets[0].socket.cores[0].core.execute.fpu_unit.genblk1[0].fpu_fpnew.genblk3[3].fpnew_core.gen_operation_groups[3].i_opgroup_block.gen_merged_slice.i_multifmt_slice.gen_num_lanes[0].active_lane.lane_instance.i_fpnew_cast_multi.gen_sign_inject[3]	22	96	0	0	0	0	0	1	1612524	1612524	0,0,0,0,0,0,0,0,0,0,0,0,0,0,0,0,0,0,0,0,0,0,0,0,0,0,0,0,0,0,0,0,0,0,0,0,0,0,0,0	0,0,0,0,0,0,0,0,0,0,0,0,0,0,0,0,0,0,0,0,0,0,0,0,0,0,0,0,0,0,0,0,1,0,0,0,0,0,0,0	2	0	0	0	0	1	1612524	1612524	0,0,0,0,0,0,0,0,0,0,0,0,0,0,0,0,0,0,0,0,0,0,0,0,0,0,0,0,0,0,0,0,0,0,0,0,0,0,0,0	0,0,0,0,0,0,0,0,0,0,0,0,0,0,0,0,0,0,0,0,0,0,0,0,0,0,0,0,0,0,0,0,1,0,0,0,0,0,0,0
tb.dut.clusters[0].cluster.sockets[0].socket.cores[0].core.execute.fpu_unit.genblk1[0].fpu_fpnew.genblk3[3].fpnew_core.gen_operation_groups[3].i_opgroup_block.gen_merged_slice.i_multifmt_slice.gen_num_lanes[0].active_lane.lane_instance.i_fpnew_cast_multi.gen_sign_inject[4]	22	96	0	0	0	0	0	1	1612524	1612524	0,0,0,0,0,0,0,0,0,0,0,0,0,0,0,0,0,0,0,0,0,0,0,0,0,0,0,0,0,0,0,0,0,0,0,0,0,0,0,0	0,0,0,0,0,0,0,0,0,0,0,0,0,0,0,0,0,0,0,0,0,0,0,0,0,0,0,0,0,0,0,0,1,0,0,0,0,0,0,0	2	0	0	0	0	1	1612524	1612524	0,0,0,0,0,0,0,0,0,0,0,0,0,0,0,0,0,0,0,0,0,0,0,0,0,0,0,0,0,0,0,0,0,0,0,0,0,0,0,0	0,0,0,0,0,0,0,0,0,0,0,0,0,0,0,0,0,0,0,0,0,0,0,0,0,0,0,0,0,0,0,0,1,0,0,0,0,0,0,0
tb.dut.clusters[0].cluster.sockets[0].socket.cores[0].core.execute.fpu_unit.genblk1[0].fpu_fpnew.genblk3[3].fpnew_core.gen_operation_groups[3].i_opgroup_block.gen_merged_slice.i_multifmt_slice.gen_num_lanes[0].active_lane.lane_instance.i_fpnew_cast_multi.gen_special_results[0]	22	159	0	0	0	0	0	1	1612524	1612524	0,0,0,0,0,0,0,0,0,0,0,0,0,0,0,0,0,0,0,0,0,0,0,0,0,0,0,0,0,0,0,0,0,0,0,0,0,0,0,0	0,0,0,0,0,0,0,0,0,0,0,0,0,0,0,0,0,0,0,0,0,0,0,0,0,0,0,0,0,0,0,0,1,0,0,0,0,0,0,0	2	0	0	0	0	1	1612524	1612524	0,0,0,0,0,0,0,0,0,0,0,0,0,0,0,0,0,0,0,0,0,0,0,0,0,0,0,0,0,0,0,0,0,0,0,0,0,0,0,0	0,0,0,0,0,0,0,0,0,0,0,0,0,0,0,0,0,0,0,0,0,0,0,0,0,0,0,0,0,0,0,0,1,0,0,0,0,0,0,0
tb.dut.clusters[0].cluster.sockets[0].socket.cores[0].core.execute.fpu_unit.genblk1[0].fpu_fpnew.genblk3[3].fpnew_core.gen_operation_groups[3].i_opgroup_block.gen_merged_slice.i_multifmt_slice.gen_num_lanes[0].active_lane.lane_instance.i_fpnew_cast_multi.gen_special_results[0].active_format	23	32	0	0	0	0	0	1	1612524	1612524	0,0,0,0,0,0,0,0,0,0,0,0,0,0,0,0,0,0,0,0,0,0,0,0,0,0,0,0,0,0,0,0,0,0,0,0,0,0,0,0	0,0,0,0,0,0,0,0,0,0,0,0,0,0,0,0,0,0,0,0,0,0,0,0,0,0,0,0,0,0,0,0,1,0,0,0,0,0,0,0	2	0	0	0	0	1	1612524	1612524	0,0,0,0,0,0,0,0,0,0,0,0,0,0,0,0,0,0,0,0,0,0,0,0,0,0,0,0,0,0,0,0,0,0,0,0,0,0,0,0	0,0,0,0,0,0,0,0,0,0,0,0,0,0,0,0,0,0,0,0,0,0,0,0,0,0,0,0,0,0,0,0,1,0,0,0,0,0,0,0
tb.dut.clusters[0].cluster.sockets[0].socket.cores[0].core.execute.fpu_unit.genblk1[0].fpu_fpnew.genblk3[3].fpnew_core.gen_operation_groups[3].i_opgroup_block.gen_merged_slice.i_multifmt_slice.gen_num_lanes[0].active_lane.lane_instance.i_fpnew_cast_multi.gen_special_results[0].active_format.special_results	24	32	0	0	0	0	0	1	1612524	1612524	0,0,0,0,0,0,0,0,0,0,0,0,0,0,0,0,0,0,0,0,0,0,0,0,0,0,0,0,0,0,0,0,0,0,0,0,0,0,0,0	0,0,0,0,0,0,0,0,0,0,0,0,0,0,0,0,0,0,0,0,0,0,0,0,0,0,0,0,0,0,0,0,1,0,0,0,0,0,0,0	2	0	0	0	0	1	1612524	1612524	0,0,0,0,0,0,0,0,0,0,0,0,0,0,0,0,0,0,0,0,0,0,0,0,0,0,0,0,0,0,0,0,0,0,0,0,0,0,0,0	0,0,0,0,0,0,0,0,0,0,0,0,0,0,0,0,0,0,0,0,0,0,0,0,0,0,0,0,0,0,0,0,1,0,0,0,0,0,0,0
tb.dut.clusters[0].cluster.sockets[0].socket.cores[0].core.execute.fpu_unit.genblk1[0].fpu_fpnew.genblk3[3].fpnew_core.gen_operation_groups[3].i_opgroup_block.gen_merged_slice.i_multifmt_slice.gen_num_lanes[0].active_lane.lane_instance.i_fpnew_cast_multi.gen_special_results[1]	22	159	0	0	0	0	0	1	1612524	1612524	0,0,0,0,0,0,0,0,0,0,0,0,0,0,0,0,0,0,0,0,0,0,0,0,0,0,0,0,0,0,0,0,0,0,0,0,0,0,0,0	0,0,0,0,0,0,0,0,0,0,0,0,0,0,0,0,0,0,0,0,0,0,0,0,0,0,0,0,0,0,0,0,1,0,0,0,0,0,0,0	2	0	0	0	0	1	1612524	1612524	0,0,0,0,0,0,0,0,0,0,0,0,0,0,0,0,0,0,0,0,0,0,0,0,0,0,0,0,0,0,0,0,0,0,0,0,0,0,0,0	0,0,0,0,0,0,0,0,0,0,0,0,0,0,0,0,0,0,0,0,0,0,0,0,0,0,0,0,0,0,0,0,1,0,0,0,0,0,0,0
tb.dut.clusters[0].cluster.sockets[0].socket.cores[0].core.execute.fpu_unit.genblk1[0].fpu_fpnew.genblk3[3].fpnew_core.gen_operation_groups[3].i_opgroup_block.gen_merged_slice.i_multifmt_slice.gen_num_lanes[0].active_lane.lane_instance.i_fpnew_cast_multi.gen_special_results[2]	22	111	0	0	0	0	0	1	1612524	1612524	0,0,0,0,0,0,0,0,0,0,0,0,0,0,0,0,0,0,0,0,0,0,0,0,0,0,0,0,0,0,0,0,0,0,0,0,0,0,0,0	0,0,0,0,0,0,0,0,0,0,0,0,0,0,0,0,0,0,0,0,0,0,0,0,0,0,0,0,0,0,0,0,1,0,0,0,0,0,0,0	2	0	0	0	0	1	1612524	1612524	0,0,0,0,0,0,0,0,0,0,0,0,0,0,0,0,0,0,0,0,0,0,0,0,0,0,0,0,0,0,0,0,0,0,0,0,0,0,0,0	0,0,0,0,0,0,0,0,0,0,0,0,0,0,0,0,0,0,0,0,0,0,0,0,0,0,0,0,0,0,0,0,1,0,0,0,0,0,0,0
tb.dut.clusters[0].cluster.sockets[0].socket.cores[0].core.execute.fpu_unit.genblk1[0].fpu_fpnew.genblk3[3].fpnew_core.gen_operation_groups[3].i_opgroup_block.gen_merged_slice.i_multifmt_slice.gen_num_lanes[0].active_lane.lane_instance.i_fpnew_cast_multi.gen_special_results[3]	22	103	0	0	0	0	0	1	1612524	1612524	0,0,0,0,0,0,0,0,0,0,0,0,0,0,0,0,0,0,0,0,0,0,0,0,0,0,0,0,0,0,0,0,0,0,0,0,0,0,0,0	0,0,0,0,0,0,0,0,0,0,0,0,0,0,0,0,0,0,0,0,0,0,0,0,0,0,0,0,0,0,0,0,1,0,0,0,0,0,0,0	2	0	0	0	0	1	1612524	1612524	0,0,0,0,0,0,0,0,0,0,0,0,0,0,0,0,0,0,0,0,0,0,0,0,0,0,0,0,0,0,0,0,0,0,0,0,0,0,0,0	0,0,0,0,0,0,0,0,0,0,0,0,0,0,0,0,0,0,0,0,0,0,0,0,0,0,0,0,0,0,0,0,1,0,0,0,0,0,0,0
tb.dut.clusters[0].cluster.sockets[0].socket.cores[0].core.execute.fpu_unit.genblk1[0].fpu_fpnew.genblk3[3].fpnew_core.gen_operation_groups[3].i_opgroup_block.gen_merged_slice.i_multifmt_slice.gen_num_lanes[0].active_lane.lane_instance.i_fpnew_cast_multi.gen_special_results[4]	22	111	0	0	0	0	0	1	1612524	1612524	0,0,0,0,0,0,0,0,0,0,0,0,0,0,0,0,0,0,0,0,0,0,0,0,0,0,0,0,0,0,0,0,0,0,0,0,0,0,0,0	0,0,0,0,0,0,0,0,0,0,0,0,0,0,0,0,0,0,0,0,0,0,0,0,0,0,0,0,0,0,0,0,1,0,0,0,0,0,0,0	2	0	0	0	0	1	1612524	1612524	0,0,0,0,0,0,0,0,0,0,0,0,0,0,0,0,0,0,0,0,0,0,0,0,0,0,0,0,0,0,0,0,0,0,0,0,0,0,0,0	0,0,0,0,0,0,0,0,0,0,0,0,0,0,0,0,0,0,0,0,0,0,0,0,0,0,0,0,0,0,0,0,1,0,0,0,0,0,0,0
tb.dut.clusters[0].cluster.sockets[0].socket.cores[0].core.execute.fpu_unit.genblk1[0].fpu_fpnew.genblk3[3].fpnew_core.gen_operation_groups[3].i_opgroup_block.gen_merged_slice.i_multifmt_slice.gen_num_lanes[0].active_lane.lane_instance.i_fpnew_cast_multi.gen_special_results_int[0]	22	32	0	0	0	0	0	1	1612524	1612524	0,0,0,0,0,0,0,0,0,0,0,0,0,0,0,0,0,0,0,0,0,0,0,0,0,0,0,0,0,0,0,0,0,0,0,0,0,0,0,0	0,0,0,0,0,0,0,0,0,0,0,0,0,0,0,0,0,0,0,0,0,0,0,0,0,0,0,0,0,0,0,0,1,0,0,0,0,0,0,0	2	0	0	0	0	1	1612524	1612524	0,0,0,0,0,0,0,0,0,0,0,0,0,0,0,0,0,0,0,0,0,0,0,0,0,0,0,0,0,0,0,0,0,0,0,0,0,0,0,0	0,0,0,0,0,0,0,0,0,0,0,0,0,0,0,0,0,0,0,0,0,0,0,0,0,0,0,0,0,0,0,0,1,0,0,0,0,0,0,0
tb.dut.clusters[0].cluster.sockets[0].socket.cores[0].core.execute.fpu_unit.genblk1[0].fpu_fpnew.genblk3[3].fpnew_core.gen_operation_groups[3].i_opgroup_block.gen_merged_slice.i_multifmt_slice.gen_num_lanes[0].active_lane.lane_instance.i_fpnew_cast_multi.gen_special_results_int[1]	22	32	0	0	0	0	0	1	1612524	1612524	0,0,0,0,0,0,0,0,0,0,0,0,0,0,0,0,0,0,0,0,0,0,0,0,0,0,0,0,0,0,0,0,0,0,0,0,0,0,0,0	0,0,0,0,0,0,0,0,0,0,0,0,0,0,0,0,0,0,0,0,0,0,0,0,0,0,0,0,0,0,0,0,1,0,0,0,0,0,0,0	2	0	0	0	0	1	1612524	1612524	0,0,0,0,0,0,0,0,0,0,0,0,0,0,0,0,0,0,0,0,0,0,0,0,0,0,0,0,0,0,0,0,0,0,0,0,0,0,0,0	0,0,0,0,0,0,0,0,0,0,0,0,0,0,0,0,0,0,0,0,0,0,0,0,0,0,0,0,0,0,0,0,1,0,0,0,0,0,0,0
tb.dut.clusters[0].cluster.sockets[0].socket.cores[0].core.execute.fpu_unit.genblk1[0].fpu_fpnew.genblk3[3].fpnew_core.gen_operation_groups[3].i_opgroup_block.gen_merged_slice.i_multifmt_slice.gen_num_lanes[0].active_lane.lane_instance.i_fpnew_cast_multi.gen_special_results_int[2]	22	32	0	0	0	0	0	1	1612524	1612524	0,0,0,0,0,0,0,0,0,0,0,0,0,0,0,0,0,0,0,0,0,0,0,0,0,0,0,0,0,0,0,0,0,0,0,0,0,0,0,0	0,0,0,0,0,0,0,0,0,0,0,0,0,0,0,0,0,0,0,0,0,0,0,0,0,0,0,0,0,0,0,0,1,0,0,0,0,0,0,0	2	0	0	0	0	1	1612524	1612524	0,0,0,0,0,0,0,0,0,0,0,0,0,0,0,0,0,0,0,0,0,0,0,0,0,0,0,0,0,0,0,0,0,0,0,0,0,0,0,0	0,0,0,0,0,0,0,0,0,0,0,0,0,0,0,0,0,0,0,0,0,0,0,0,0,0,0,0,0,0,0,0,1,0,0,0,0,0,0,0
tb.dut.clusters[0].cluster.sockets[0].socket.cores[0].core.execute.fpu_unit.genblk1[0].fpu_fpnew.genblk3[3].fpnew_core.gen_operation_groups[3].i_opgroup_block.gen_merged_slice.i_multifmt_slice.gen_num_lanes[0].active_lane.lane_instance.i_fpnew_cast_multi.gen_special_results_int[3]	22	32	0	0	0	0	0	1	1612524	1612524	0,0,0,0,0,0,0,0,0,0,0,0,0,0,0,0,0,0,0,0,0,0,0,0,0,0,0,0,0,0,0,0,0,0,0,0,0,0,0,0	0,0,0,0,0,0,0,0,0,0,0,0,0,0,0,0,0,0,0,0,0,0,0,0,0,0,0,0,0,0,0,0,1,0,0,0,0,0,0,0	2	0	0	0	0	1	1612524	1612524	0,0,0,0,0,0,0,0,0,0,0,0,0,0,0,0,0,0,0,0,0,0,0,0,0,0,0,0,0,0,0,0,0,0,0,0,0,0,0,0	0,0,0,0,0,0,0,0,0,0,0,0,0,0,0,0,0,0,0,0,0,0,0,0,0,0,0,0,0,0,0,0,1,0,0,0,0,0,0,0
tb.dut.clusters[0].cluster.sockets[0].socket.cores[0].core.execute.fpu_unit.genblk1[0].fpu_fpnew.genblk3[3].fpnew_core.gen_operation_groups[3].i_opgroup_block.gen_merged_slice.i_multifmt_slice.gen_num_lanes[0].active_lane.lane_instance.i_fpnew_cast_multi.i_fpnew_rounding	22	106	227	32	32	32	1	33	1612492	1611833	32,0,0,0,0,0,0,0,0,0,0,0,0,0,0,0,0,0,0,0,0,0,0,0,0,0,0,0,0,0,0,0,0,0,0,0,0,0,0,0	2,14,7,1,0,0,0,0,0,0,0,0,0,0,0,0,7,0,0,0,1,0,0,0,0,0,0,0,0,0,0,0,1,0,0,0,0,0,0,0	2	32	32	32	1	33	1612492	1611833	32,0,0,0,0,0,0,0,0,0,0,0,0,0,0,0,0,0,0,0,0,0,0,0,0,0,0,0,0,0,0,0,0,0,0,0,0,0,0,0	2,14,7,1,0,0,0,0,0,0,0,0,0,0,0,0,7,0,0,0,1,0,0,0,0,0,0,0,0,0,0,0,1,0,0,0,0,0,0,0
tb.dut.clusters[0].cluster.sockets[0].socket.cores[0].core.execute.fpu_unit.genblk1[0].fpu_fpnew.genblk3[3].fpnew_core.gen_operation_groups[3].i_opgroup_block.gen_merged_slice.i_multifmt_slice.gen_num_lanes[0].active_lane.lane_instance.i_fpnew_cast_multi.i_lzc	22	519	367	32	32	32	1	33	1612492	1611835	32,0,0,0,0,0,0,0,0,0,0,0,0,0,0,0,0,0,0,0,0,0,0,0,0,0,0,0,0,0,0,0,0,0,0,0,0,0,0,0	2,14,7,1,0,0,0,0,0,0,0,0,0,0,0,0,7,0,0,0,1,0,0,0,0,0,0,0,0,0,0,0,1,0,0,0,0,0,0,0	3	32	32	32	1	33	1612492	1611835	32,0,0,0,0,0,0,0,0,0,0,0,0,0,0,0,0,0,0,0,0,0,0,0,0,0,0,0,0,0,0,0,0,0,0,0,0,0,0,0	2,14,7,1,0,0,0,0,0,0,0,0,0,0,0,0,7,0,0,0,1,0,0,0,0,0,0,0,0,0,0,0,1,0,0,0,0,0,0,0
tb.dut.clusters[0].cluster.sockets[0].socket.cores[0].core.execute.fpu_unit.genblk1[0].fpu_fpnew.genblk3[3].fpnew_core.gen_operation_groups[3].i_opgroup_block.gen_merged_slice.i_multifmt_slice.gen_num_lanes[0].active_lane.lane_instance.i_fpnew_cast_multi.i_lzc.gen_lzc	23	416	268	32	32	32	1	33	1612492	1611835	32,0,0,0,0,0,0,0,0,0,0,0,0,0,0,0,0,0,0,0,0,0,0,0,0,0,0,0,0,0,0,0,0,0,0,0,0,0,0,0	2,14,7,1,0,0,0,0,0,0,0,0,0,0,0,0,7,0,0,0,1,0,0,0,0,0,0,0,0,0,0,0,1,0,0,0,0,0,0,0	3	25	25	25	1	26	1612499	1611835	25,0,0,0,0,0,0,0,0,0,0,0,0,0,0,0,0,0,0,0,0,0,0,0,0,0,0,0,0,0,0,0,0,0,0,0,0,0,0,0	1,8,7,1,0,0,0,0,0,0,0,0,0,0,0,0,7,0,0,0,1,0,0,0,0,0,0,0,0,0,0,0,1,0,0,0,0,0,0,0
tb.dut.clusters[0].cluster.sockets[0].socket.cores[0].core.execute.fpu_unit.genblk1[0].fpu_fpnew.genblk3[3].fpnew_core.gen_operation_groups[3].i_opgroup_block.gen_merged_slice.i_multifmt_slice.gen_num_lanes[0].int_results_enabled	19	128	0	0	0	0	0	1	1612524	1612524	0,0,0,0,0,0,0,0,0,0,0,0,0,0,0,0,0,0,0,0,0,0,0,0,0,0,0,0,0,0,0,0,0,0,0,0,0,0,0,0	0,0,0,0,0,0,0,0,0,0,0,0,0,0,0,0,0,0,0,0,0,0,0,0,0,0,0,0,0,0,0,0,1,0,0,0,0,0,0,0	2	0	0	0	0	1	1612524	1612524	0,0,0,0,0,0,0,0,0,0,0,0,0,0,0,0,0,0,0,0,0,0,0,0,0,0,0,0,0,0,0,0,0,0,0,0,0,0,0,0	0,0,0,0,0,0,0,0,0,0,0,0,0,0,0,0,0,0,0,0,0,0,0,0,0,0,0,0,0,0,0,0,1,0,0,0,0,0,0,0
tb.dut.clusters[0].cluster.sockets[0].socket.cores[0].core.execute.fpu_unit.genblk1[0].fpu_fpnew.genblk3[3].fpnew_core.gen_operation_groups[3].i_opgroup_block.gen_merged_slice.i_multifmt_slice.gen_num_lanes[0].int_results_enabled.pack_int_result[0]	20	32	0	0	0	0	0	1	1612524	1612524	0,0,0,0,0,0,0,0,0,0,0,0,0,0,0,0,0,0,0,0,0,0,0,0,0,0,0,0,0,0,0,0,0,0,0,0,0,0,0,0	0,0,0,0,0,0,0,0,0,0,0,0,0,0,0,0,0,0,0,0,0,0,0,0,0,0,0,0,0,0,0,0,1,0,0,0,0,0,0,0	2	0	0	0	0	1	1612524	1612524	0,0,0,0,0,0,0,0,0,0,0,0,0,0,0,0,0,0,0,0,0,0,0,0,0,0,0,0,0,0,0,0,0,0,0,0,0,0,0,0	0,0,0,0,0,0,0,0,0,0,0,0,0,0,0,0,0,0,0,0,0,0,0,0,0,0,0,0,0,0,0,0,1,0,0,0,0,0,0,0
tb.dut.clusters[0].cluster.sockets[0].socket.cores[0].core.execute.fpu_unit.genblk1[0].fpu_fpnew.genblk3[3].fpnew_core.gen_operation_groups[3].i_opgroup_block.gen_merged_slice.i_multifmt_slice.gen_num_lanes[0].int_results_enabled.pack_int_result[1]	20	32	0	0	0	0	0	1	1612524	1612524	0,0,0,0,0,0,0,0,0,0,0,0,0,0,0,0,0,0,0,0,0,0,0,0,0,0,0,0,0,0,0,0,0,0,0,0,0,0,0,0	0,0,0,0,0,0,0,0,0,0,0,0,0,0,0,0,0,0,0,0,0,0,0,0,0,0,0,0,0,0,0,0,1,0,0,0,0,0,0,0	2	0	0	0	0	1	1612524	1612524	0,0,0,0,0,0,0,0,0,0,0,0,0,0,0,0,0,0,0,0,0,0,0,0,0,0,0,0,0,0,0,0,0,0,0,0,0,0,0,0	0,0,0,0,0,0,0,0,0,0,0,0,0,0,0,0,0,0,0,0,0,0,0,0,0,0,0,0,0,0,0,0,1,0,0,0,0,0,0,0
tb.dut.clusters[0].cluster.sockets[0].socket.cores[0].core.execute.fpu_unit.genblk1[0].fpu_fpnew.genblk3[3].fpnew_core.gen_operation_groups[3].i_opgroup_block.gen_merged_slice.i_multifmt_slice.gen_num_lanes[0].int_results_enabled.pack_int_result[2]	20	32	0	0	0	0	0	1	1612524	1612524	0,0,0,0,0,0,0,0,0,0,0,0,0,0,0,0,0,0,0,0,0,0,0,0,0,0,0,0,0,0,0,0,0,0,0,0,0,0,0,0	0,0,0,0,0,0,0,0,0,0,0,0,0,0,0,0,0,0,0,0,0,0,0,0,0,0,0,0,0,0,0,0,1,0,0,0,0,0,0,0	2	0	0	0	0	1	1612524	1612524	0,0,0,0,0,0,0,0,0,0,0,0,0,0,0,0,0,0,0,0,0,0,0,0,0,0,0,0,0,0,0,0,0,0,0,0,0,0,0,0	0,0,0,0,0,0,0,0,0,0,0,0,0,0,0,0,0,0,0,0,0,0,0,0,0,0,0,0,0,0,0,0,1,0,0,0,0,0,0,0
tb.dut.clusters[0].cluster.sockets[0].socket.cores[0].core.execute.fpu_unit.genblk1[0].fpu_fpnew.genblk3[3].fpnew_core.gen_operation_groups[3].i_opgroup_block.gen_merged_slice.i_multifmt_slice.gen_num_lanes[0].int_results_enabled.pack_int_result[3]	20	32	0	0	0	0	0	1	1612524	1612524	0,0,0,0,0,0,0,0,0,0,0,0,0,0,0,0,0,0,0,0,0,0,0,0,0,0,0,0,0,0,0,0,0,0,0,0,0,0,0,0	0,0,0,0,0,0,0,0,0,0,0,0,0,0,0,0,0,0,0,0,0,0,0,0,0,0,0,0,0,0,0,0,1,0,0,0,0,0,0,0	2	0	0	0	0	1	1612524	1612524	0,0,0,0,0,0,0,0,0,0,0,0,0,0,0,0,0,0,0,0,0,0,0,0,0,0,0,0,0,0,0,0,0,0,0,0,0,0,0,0	0,0,0,0,0,0,0,0,0,0,0,0,0,0,0,0,0,0,0,0,0,0,0,0,0,0,0,0,0,0,0,0,1,0,0,0,0,0,0,0
tb.dut.clusters[0].cluster.sockets[0].socket.cores[0].core.execute.fpu_unit.genblk1[0].fpu_fpnew.genblk3[3].fpnew_core.gen_operation_groups[3].i_opgroup_block.gen_merged_slice.i_multifmt_slice.gen_num_lanes[0].pack_fp_result[0]	19	32	0	0	0	0	0	1	1612524	1612524	0,0,0,0,0,0,0,0,0,0,0,0,0,0,0,0,0,0,0,0,0,0,0,0,0,0,0,0,0,0,0,0,0,0,0,0,0,0,0,0	0,0,0,0,0,0,0,0,0,0,0,0,0,0,0,0,0,0,0,0,0,0,0,0,0,0,0,0,0,0,0,0,1,0,0,0,0,0,0,0	2	0	0	0	0	1	1612524	1612524	0,0,0,0,0,0,0,0,0,0,0,0,0,0,0,0,0,0,0,0,0,0,0,0,0,0,0,0,0,0,0,0,0,0,0,0,0,0,0,0	0,0,0,0,0,0,0,0,0,0,0,0,0,0,0,0,0,0,0,0,0,0,0,0,0,0,0,0,0,0,0,0,1,0,0,0,0,0,0,0
tb.dut.clusters[0].cluster.sockets[0].socket.cores[0].core.execute.fpu_unit.genblk1[0].fpu_fpnew.genblk3[3].fpnew_core.gen_operation_groups[3].i_opgroup_block.gen_merged_slice.i_multifmt_slice.gen_num_lanes[0].pack_fp_result[1]	19	32	0	0	0	0	0	1	1612524	1612524	0,0,0,0,0,0,0,0,0,0,0,0,0,0,0,0,0,0,0,0,0,0,0,0,0,0,0,0,0,0,0,0,0,0,0,0,0,0,0,0	0,0,0,0,0,0,0,0,0,0,0,0,0,0,0,0,0,0,0,0,0,0,0,0,0,0,0,0,0,0,0,0,1,0,0,0,0,0,0,0	2	0	0	0	0	1	1612524	1612524	0,0,0,0,0,0,0,0,0,0,0,0,0,0,0,0,0,0,0,0,0,0,0,0,0,0,0,0,0,0,0,0,0,0,0,0,0,0,0,0	0,0,0,0,0,0,0,0,0,0,0,0,0,0,0,0,0,0,0,0,0,0,0,0,0,0,0,0,0,0,0,0,1,0,0,0,0,0,0,0
tb.dut.clusters[0].cluster.sockets[0].socket.cores[0].core.execute.fpu_unit.genblk1[0].fpu_fpnew.genblk3[3].fpnew_core.gen_operation_groups[3].i_opgroup_block.gen_merged_slice.i_multifmt_slice.gen_num_lanes[0].pack_fp_result[2]	19	32	0	0	0	0	0	1	1612524	1612524	0,0,0,0,0,0,0,0,0,0,0,0,0,0,0,0,0,0,0,0,0,0,0,0,0,0,0,0,0,0,0,0,0,0,0,0,0,0,0,0	0,0,0,0,0,0,0,0,0,0,0,0,0,0,0,0,0,0,0,0,0,0,0,0,0,0,0,0,0,0,0,0,1,0,0,0,0,0,0,0	2	0	0	0	0	1	1612524	1612524	0,0,0,0,0,0,0,0,0,0,0,0,0,0,0,0,0,0,0,0,0,0,0,0,0,0,0,0,0,0,0,0,0,0,0,0,0,0,0,0	0,0,0,0,0,0,0,0,0,0,0,0,0,0,0,0,0,0,0,0,0,0,0,0,0,0,0,0,0,0,0,0,1,0,0,0,0,0,0,0
tb.dut.clusters[0].cluster.sockets[0].socket.cores[0].core.execute.fpu_unit.genblk1[0].fpu_fpnew.genblk3[3].fpnew_core.gen_operation_groups[3].i_opgroup_block.gen_merged_slice.i_multifmt_slice.gen_num_lanes[0].pack_fp_result[3]	19	32	0	0	0	0	0	1	1612524	1612524	0,0,0,0,0,0,0,0,0,0,0,0,0,0,0,0,0,0,0,0,0,0,0,0,0,0,0,0,0,0,0,0,0,0,0,0,0,0,0,0	0,0,0,0,0,0,0,0,0,0,0,0,0,0,0,0,0,0,0,0,0,0,0,0,0,0,0,0,0,0,0,0,1,0,0,0,0,0,0,0	2	0	0	0	0	1	1612524	1612524	0,0,0,0,0,0,0,0,0,0,0,0,0,0,0,0,0,0,0,0,0,0,0,0,0,0,0,0,0,0,0,0,0,0,0,0,0,0,0,0	0,0,0,0,0,0,0,0,0,0,0,0,0,0,0,0,0,0,0,0,0,0,0,0,0,0,0,0,0,0,0,0,1,0,0,0,0,0,0,0
tb.dut.clusters[0].cluster.sockets[0].socket.cores[0].core.execute.fpu_unit.genblk1[0].fpu_fpnew.genblk3[3].fpnew_core.gen_operation_groups[3].i_opgroup_block.gen_merged_slice.i_multifmt_slice.gen_num_lanes[0].pack_fp_result[4]	19	32	0	0	0	0	0	1	1612524	1612524	0,0,0,0,0,0,0,0,0,0,0,0,0,0,0,0,0,0,0,0,0,0,0,0,0,0,0,0,0,0,0,0,0,0,0,0,0,0,0,0	0,0,0,0,0,0,0,0,0,0,0,0,0,0,0,0,0,0,0,0,0,0,0,0,0,0,0,0,0,0,0,0,1,0,0,0,0,0,0,0	2	0	0	0	0	1	1612524	1612524	0,0,0,0,0,0,0,0,0,0,0,0,0,0,0,0,0,0,0,0,0,0,0,0,0,0,0,0,0,0,0,0,0,0,0,0,0,0,0,0	0,0,0,0,0,0,0,0,0,0,0,0,0,0,0,0,0,0,0,0,0,0,0,0,0,0,0,0,0,0,0,0,1,0,0,0,0,0,0,0
tb.dut.clusters[0].cluster.sockets[0].socket.cores[0].core.execute.fpu_unit.genblk1[0].fpu_fpnew.genblk3[3].fpnew_core.gen_operation_groups[3].i_opgroup_block.gen_merged_slice.i_multifmt_slice.target_regs	18	227	7384566	583726	524317	583726	3	524318	1028798	8245	466957,55311,2049,0,0,0,0,0,0,0,0,0,0,0,0,0,0,0,0,0,0,0,0,0,0,0,0,0,0,0,0,0,0,0,0,0,0,0,0,0	57356,464898,0,0,0,0,0,0,6,1,0,6,2,0,1,2046,0,0,0,0,1,0,0,0,0,1,0,0,0,0,0,0,0,0,0,0,0,0,0,0	2	583721	524316	583721	3	524317	1028803	8245	466960,55307,2049,0,0,0,0,0,0,0,0,0,0,0,0,0,0,0,0,0,0,0,0,0,0,0,0,0,0,0,0,0,0,0,0,0,0,0,0,0	57353,464898,1,0,1,0,0,0,6,1,0,6,2,0,1,2046,0,0,0,0,1,0,0,0,0,1,0,0,0,0,0,0,0,0,0,0,0,0,0,0
tb.dut.clusters[0].cluster.sockets[0].socket.cores[0].core.execute.fpu_unit.genblk1[0].fpu_fpnew.genblk3[3].fpnew_core.gen_operation_groups[3].i_opgroup_block.gen_merged_slice.i_multifmt_slice.target_regs.gen_bypass_pipeline[0]	19	1	0	0	0	0	0	1	1612524	1612524	0,0,0,0,0,0,0,0,0,0,0,0,0,0,0,0,0,0,0,0,0,0,0,0,0,0,0,0,0,0,0,0,0,0,0,0,0,0,0,0	0,0,0,0,0,0,0,0,0,0,0,0,0,0,0,0,0,0,0,0,0,0,0,0,0,0,0,0,0,0,0,0,1,0,0,0,0,0,0,0	2	0	0	0	0	1	1612524	1612524	0,0,0,0,0,0,0,0,0,0,0,0,0,0,0,0,0,0,0,0,0,0,0,0,0,0,0,0,0,0,0,0,0,0,0,0,0,0,0,0	0,0,0,0,0,0,0,0,0,0,0,0,0,0,0,0,0,0,0,0,0,0,0,0,0,0,0,0,0,0,0,0,1,0,0,0,0,0,0,0
tb.dut.clusters[0].cluster.sockets[0].socket.cores[0].core.execute.fpu_unit.genblk1[0].fpu_fpnew.genblk3[3].fpnew_core.gen_operation_groups[3].i_opgroup_block.gen_merged_slice.i_multifmt_slice.target_regs.gen_bypass_pipeline[1]	19	1	0	0	0	0	0	1	1612524	1612524	0,0,0,0,0,0,0,0,0,0,0,0,0,0,0,0,0,0,0,0,0,0,0,0,0,0,0,0,0,0,0,0,0,0,0,0,0,0,0,0	0,0,0,0,0,0,0,0,0,0,0,0,0,0,0,0,0,0,0,0,0,0,0,0,0,0,0,0,0,0,0,0,1,0,0,0,0,0,0,0	2	0	0	0	0	1	1612524	1612524	0,0,0,0,0,0,0,0,0,0,0,0,0,0,0,0,0,0,0,0,0,0,0,0,0,0,0,0,0,0,0,0,0,0,0,0,0,0,0,0	0,0,0,0,0,0,0,0,0,0,0,0,0,0,0,0,0,0,0,0,0,0,0,0,0,0,0,0,0,0,0,0,1,0,0,0,0,0,0,0
tb.dut.clusters[0].cluster.sockets[0].socket.cores[0].core.execute.fpu_unit.genblk1[0].fpu_fpnew.genblk3[3].fpnew_core.gen_operation_groups[3].i_opgroup_block.gen_merged_slice.i_multifmt_slice.target_regs.gen_bypass_pipeline[2]	19	1	0	0	0	0	0	1	1612524	1612524	0,0,0,0,0,0,0,0,0,0,0,0,0,0,0,0,0,0,0,0,0,0,0,0,0,0,0,0,0,0,0,0,0,0,0,0,0,0,0,0	0,0,0,0,0,0,0,0,0,0,0,0,0,0,0,0,0,0,0,0,0,0,0,0,0,0,0,0,0,0,0,0,1,0,0,0,0,0,0,0	2	0	0	0	0	1	1612524	1612524	0,0,0,0,0,0,0,0,0,0,0,0,0,0,0,0,0,0,0,0,0,0,0,0,0,0,0,0,0,0,0,0,0,0,0,0,0,0,0,0	0,0,0,0,0,0,0,0,0,0,0,0,0,0,0,0,0,0,0,0,0,0,0,0,0,0,0,0,0,0,0,0,1,0,0,0,0,0,0,0
tb.dut.clusters[0].cluster.sockets[0].socket.cores[0].core.execute.fpu_unit.genblk1[0].fpu_fpnew.genblk3[3].fpnew_core.gen_operation_groups[3].i_opgroup_block.gen_merged_slice.i_multifmt_slice.target_regs.gen_bypass_pipeline[3]	19	1	0	0	0	0	0	1	1612524	1612524	0,0,0,0,0,0,0,0,0,0,0,0,0,0,0,0,0,0,0,0,0,0,0,0,0,0,0,0,0,0,0,0,0,0,0,0,0,0,0,0	0,0,0,0,0,0,0,0,0,0,0,0,0,0,0,0,0,0,0,0,0,0,0,0,0,0,0,0,0,0,0,0,1,0,0,0,0,0,0,0	2	0	0	0	0	1	1612524	1612524	0,0,0,0,0,0,0,0,0,0,0,0,0,0,0,0,0,0,0,0,0,0,0,0,0,0,0,0,0,0,0,0,0,0,0,0,0,0,0,0	0,0,0,0,0,0,0,0,0,0,0,0,0,0,0,0,0,0,0,0,0,0,0,0,0,0,0,0,0,0,0,0,1,0,0,0,0,0,0,0
tb.dut.clusters[0].cluster.sockets[0].socket.cores[0].core.execute.fpu_unit.genblk1[0].fpu_fpnew.genblk3[3].fpnew_core.gen_operation_groups[3].i_opgroup_block.gen_merged_slice.i_multifmt_slice.target_regs.gen_bypass_pipeline[4]	19	1	0	0	0	0	0	1	1612524	1612524	0,0,0,0,0,0,0,0,0,0,0,0,0,0,0,0,0,0,0,0,0,0,0,0,0,0,0,0,0,0,0,0,0,0,0,0,0,0,0,0	0,0,0,0,0,0,0,0,0,0,0,0,0,0,0,0,0,0,0,0,0,0,0,0,0,0,0,0,0,0,0,0,1,0,0,0,0,0,0,0	2	0	0	0	0	1	1612524	1612524	0,0,0,0,0,0,0,0,0,0,0,0,0,0,0,0,0,0,0,0,0,0,0,0,0,0,0,0,0,0,0,0,0,0,0,0,0,0,0,0	0,0,0,0,0,0,0,0,0,0,0,0,0,0,0,0,0,0,0,0,0,0,0,0,0,0,0,0,0,0,0,0,1,0,0,0,0,0,0,0
tb.dut.clusters[0].cluster.sockets[0].socket.cores[0].core.execute.fpu_unit.genblk1[0].fpu_fpnew.genblk3[3].fpnew_core.gen_operation_groups[3].i_opgroup_block.gen_parallel_slices[0]	16	2	0	0	0	0	0	1	1612524	1612524	0,0,0,0,0,0,0,0,0,0,0,0,0,0,0,0,0,0,0,0,0,0,0,0,0,0,0,0,0,0,0,0,0,0,0,0,0,0,0,0	0,0,0,0,0,0,0,0,0,0,0,0,0,0,0,0,0,0,0,0,0,0,0,0,0,0,0,0,0,0,0,0,1,0,0,0,0,0,0,0	2	0	0	0	0	1	1612524	1612524	0,0,0,0,0,0,0,0,0,0,0,0,0,0,0,0,0,0,0,0,0,0,0,0,0,0,0,0,0,0,0,0,0,0,0,0,0,0,0,0	0,0,0,0,0,0,0,0,0,0,0,0,0,0,0,0,0,0,0,0,0,0,0,0,0,0,0,0,0,0,0,0,1,0,0,0,0,0,0,0
tb.dut.clusters[0].cluster.sockets[0].socket.cores[0].core.execute.fpu_unit.genblk1[0].fpu_fpnew.genblk3[3].fpnew_core.gen_operation_groups[3].i_opgroup_block.gen_parallel_slices[1]	16	2	0	0	0	0	0	1	1612524	1612524	0,0,0,0,0,0,0,0,0,0,0,0,0,0,0,0,0,0,0,0,0,0,0,0,0,0,0,0,0,0,0,0,0,0,0,0,0,0,0,0	0,0,0,0,0,0,0,0,0,0,0,0,0,0,0,0,0,0,0,0,0,0,0,0,0,0,0,0,0,0,0,0,1,0,0,0,0,0,0,0	2	0	0	0	0	1	1612524	1612524	0,0,0,0,0,0,0,0,0,0,0,0,0,0,0,0,0,0,0,0,0,0,0,0,0,0,0,0,0,0,0,0,0,0,0,0,0,0,0,0	0,0,0,0,0,0,0,0,0,0,0,0,0,0,0,0,0,0,0,0,0,0,0,0,0,0,0,0,0,0,0,0,1,0,0,0,0,0,0,0
tb.dut.clusters[0].cluster.sockets[0].socket.cores[0].core.execute.fpu_unit.genblk1[0].fpu_fpnew.genblk3[3].fpnew_core.gen_operation_groups[3].i_opgroup_block.gen_parallel_slices[2]	16	2	0	0	0	0	0	1	1612524	1612524	0,0,0,0,0,0,0,0,0,0,0,0,0,0,0,0,0,0,0,0,0,0,0,0,0,0,0,0,0,0,0,0,0,0,0,0,0,0,0,0	0,0,0,0,0,0,0,0,0,0,0,0,0,0,0,0,0,0,0,0,0,0,0,0,0,0,0,0,0,0,0,0,1,0,0,0,0,0,0,0	2	0	0	0	0	1	1612524	1612524	0,0,0,0,0,0,0,0,0,0,0,0,0,0,0,0,0,0,0,0,0,0,0,0,0,0,0,0,0,0,0,0,0,0,0,0,0,0,0,0	0,0,0,0,0,0,0,0,0,0,0,0,0,0,0,0,0,0,0,0,0,0,0,0,0,0,0,0,0,0,0,0,1,0,0,0,0,0,0,0
tb.dut.clusters[0].cluster.sockets[0].socket.cores[0].core.execute.fpu_unit.genblk1[0].fpu_fpnew.genblk3[3].fpnew_core.gen_operation_groups[3].i_opgroup_block.gen_parallel_slices[3]	16	2	0	0	0	0	0	1	1612524	1612524	0,0,0,0,0,0,0,0,0,0,0,0,0,0,0,0,0,0,0,0,0,0,0,0,0,0,0,0,0,0,0,0,0,0,0,0,0,0,0,0	0,0,0,0,0,0,0,0,0,0,0,0,0,0,0,0,0,0,0,0,0,0,0,0,0,0,0,0,0,0,0,0,1,0,0,0,0,0,0,0	2	0	0	0	0	1	1612524	1612524	0,0,0,0,0,0,0,0,0,0,0,0,0,0,0,0,0,0,0,0,0,0,0,0,0,0,0,0,0,0,0,0,0,0,0,0,0,0,0,0	0,0,0,0,0,0,0,0,0,0,0,0,0,0,0,0,0,0,0,0,0,0,0,0,0,0,0,0,0,0,0,0,1,0,0,0,0,0,0,0
tb.dut.clusters[0].cluster.sockets[0].socket.cores[0].core.execute.fpu_unit.genblk1[0].fpu_fpnew.genblk3[3].fpnew_core.gen_operation_groups[3].i_opgroup_block.gen_parallel_slices[4]	16	2	0	0	0	0	0	1	1612524	1612524	0,0,0,0,0,0,0,0,0,0,0,0,0,0,0,0,0,0,0,0,0,0,0,0,0,0,0,0,0,0,0,0,0,0,0,0,0,0,0,0	0,0,0,0,0,0,0,0,0,0,0,0,0,0,0,0,0,0,0,0,0,0,0,0,0,0,0,0,0,0,0,0,1,0,0,0,0,0,0,0	2	0	0	0	0	1	1612524	1612524	0,0,0,0,0,0,0,0,0,0,0,0,0,0,0,0,0,0,0,0,0,0,0,0,0,0,0,0,0,0,0,0,0,0,0,0,0,0,0,0	0,0,0,0,0,0,0,0,0,0,0,0,0,0,0,0,0,0,0,0,0,0,0,0,0,0,0,0,0,0,0,0,1,0,0,0,0,0,0,0
tb.dut.clusters[0].cluster.sockets[0].socket.cores[0].core.execute.fpu_unit.genblk1[0].fpu_fpnew.genblk3[3].fpnew_core.gen_operation_groups[3].i_opgroup_block.i_arbiter	16	1510	4203405	1048722	524352	1048722	8	524353	563802	8241	2,524344,0,4,0,0,0,2,0,0,0,0,0,0,0,0,0,0,0,0,0,0,0,0,0,0,0,0,0,0,0,0,0,0,0,0,0,0,0,0	522265,23,9,4,0,1,0,0,0,0,0,0,0,0,1,2046,2,0,0,0,1,0,0,0,0,1,0,0,0,0,0,0,0,0,0,0,0,0,0,0	8	64	30	64	4	31	1612460	1611831	0,28,0,2,0,0,0,0,0,0,0,0,0,0,0,0,0,0,0,0,0,0,0,0,0,0,0,0,0,0,0,0,0,0,0,0,0,0,0,0	14,7,1,0,0,0,0,0,0,0,0,0,0,0,0,0,7,0,0,0,1,0,0,0,0,0,0,0,0,0,0,0,1,0,0,0,0,0,0,0
tb.dut.clusters[0].cluster.sockets[0].socket.cores[0].core.execute.fpu_unit.genblk1[0].fpu_fpnew.genblk3[3].fpnew_core.gen_operation_groups[3].i_opgroup_block.i_arbiter.gen_arbiter	17	1150	3152206	1048720	524350	1048720	8	524351	563804	8241	0,524344,0,4,0,0,0,2,0,0,0,0,0,0,0,0,0,0,0,0,0,0,0,0,0,0,0,0,0,0,0,0,0,0,0,0,0,0,0,0	522265,23,8,4,0,1,0,0,0,0,0,0,0,0,1,2046,1,0,0,0,1,0,0,0,0,1,0,0,0,0,0,0,0,0,0,0,0,0,0,0	6	64	30	64	4	31	1612460	1611831	0,28,0,2,0,0,0,0,0,0,0,0,0,0,0,0,0,0,0,0,0,0,0,0,0,0,0,0,0,0,0,0,0,0,0,0,0,0,0,0	14,7,1,0,0,0,0,0,0,0,0,0,0,0,0,0,7,0,0,0,1,0,0,0,0,0,0,0,0,0,0,0,1,0,0,0,0,0,0,0
tb.dut.clusters[0].cluster.sockets[0].socket.cores[0].core.execute.fpu_unit.genblk1[0].fpu_fpnew.genblk3[3].fpnew_core.gen_operation_groups[3].i_opgroup_block.i_arbiter.gen_arbiter.gen_int_rr	18	340	640	64	30	64	4	31	1612460	1611831	0,28,0,2,0,0,0,0,0,0,0,0,0,0,0,0,0,0,0,0,0,0,0,0,0,0,0,0,0,0,0,0,0,0,0,0,0,0,0,0	14,7,1,0,0,0,0,0,0,0,0,0,0,0,0,0,7,0,0,0,1,0,0,0,0,0,0,0,0,0,0,0,1,0,0,0,0,0,0,0	2	64	30	64	4	31	1612460	1611831	0,28,0,2,0,0,0,0,0,0,0,0,0,0,0,0,0,0,0,0,0,0,0,0,0,0,0,0,0,0,0,0,0,0,0,0,0,0,0,0	14,7,1,0,0,0,0,0,0,0,0,0,0,0,0,0,7,0,0,0,1,0,0,0,0,0,0,0,0,0,0,0,1,0,0,0,0,0,0,0
tb.dut.clusters[0].cluster.sockets[0].socket.cores[0].core.execute.fpu_unit.genblk1[0].fpu_fpnew.genblk3[3].fpnew_core.gen_operation_groups[3].i_opgroup_block.i_arbiter.gen_arbiter.gen_int_rr.gen_fair_arb	19	337	640	64	30	64	4	31	1612460	1611831	0,28,0,2,0,0,0,0,0,0,0,0,0,0,0,0,0,0,0,0,0,0,0,0,0,0,0,0,0,0,0,0,0,0,0,0,0,0,0,0	14,7,1,0,0,0,0,0,0,0,0,0,0,0,0,0,7,0,0,0,1,0,0,0,0,0,0,0,0,0,0,0,1,0,0,0,0,0,0,0	2	64	30	64	4	31	1612460	1611831	0,28,0,2,0,0,0,0,0,0,0,0,0,0,0,0,0,0,0,0,0,0,0,0,0,0,0,0,0,0,0,0,0,0,0,0,0,0,0,0	14,7,1,0,0,0,0,0,0,0,0,0,0,0,0,0,7,0,0,0,1,0,0,0,0,0,0,0,0,0,0,0,1,0,0,0,0,0,0,0
tb.dut.clusters[0].cluster.sockets[0].socket.cores[0].core.execute.fpu_unit.genblk1[0].fpu_fpnew.genblk3[3].fpnew_core.gen_operation_groups[3].i_opgroup_block.i_arbiter.gen_arbiter.gen_int_rr.gen_fair_arb.i_lzc_lower	20	158	576	64	30	64	4	31	1612460	1611831	0,28,0,2,0,0,0,0,0,0,0,0,0,0,0,0,0,0,0,0,0,0,0,0,0,0,0,0,0,0,0,0,0,0,0,0,0,0,0,0	14,7,1,0,0,0,0,0,0,0,0,0,0,0,0,0,7,0,0,0,1,0,0,0,0,0,0,0,0,0,0,0,1,0,0,0,0,0,0,0	2	64	30	64	4	31	1612460	1611831	0,28,0,2,0,0,0,0,0,0,0,0,0,0,0,0,0,0,0,0,0,0,0,0,0,0,0,0,0,0,0,0,0,0,0,0,0,0,0,0	14,7,1,0,0,0,0,0,0,0,0,0,0,0,0,0,7,0,0,0,1,0,0,0,0,0,0,0,0,0,0,0,1,0,0,0,0,0,0,0
tb.dut.clusters[0].cluster.sockets[0].socket.cores[0].core.execute.fpu_unit.genblk1[0].fpu_fpnew.genblk3[3].fpnew_core.gen_operation_groups[3].i_opgroup_block.i_arbiter.gen_arbiter.gen_int_rr.gen_fair_arb.i_lzc_lower.gen_lzc	21	84	448	64	30	64	4	31	1612460	1611831	0,28,0,2,0,0,0,0,0,0,0,0,0,0,0,0,0,0,0,0,0,0,0,0,0,0,0,0,0,0,0,0,0,0,0,0,0,0,0,0	14,7,1,0,0,0,0,0,0,0,0,0,0,0,0,0,7,0,0,0,1,0,0,0,0,0,0,0,0,0,0,0,1,0,0,0,0,0,0,0	2	64	30	64	4	31	1612460	1611831	0,28,0,2,0,0,0,0,0,0,0,0,0,0,0,0,0,0,0,0,0,0,0,0,0,0,0,0,0,0,0,0,0,0,0,0,0,0,0,0	14,7,1,0,0,0,0,0,0,0,0,0,0,0,0,0,7,0,0,0,1,0,0,0,0,0,0,0,0,0,0,0,1,0,0,0,0,0,0,0
tb.dut.clusters[0].cluster.sockets[0].socket.cores[0].core.execute.fpu_unit.genblk1[0].fpu_fpnew.genblk3[3].fpnew_core.gen_operation_groups[3].i_opgroup_block.i_arbiter.gen_arbiter.gen_int_rr.gen_fair_arb.i_lzc_upper	20	158	0	0	0	0	0	1	1612524	1612524	0,0,0,0,0,0,0,0,0,0,0,0,0,0,0,0,0,0,0,0,0,0,0,0,0,0,0,0,0,0,0,0,0,0,0,0,0,0,0,0	0,0,0,0,0,0,0,0,0,0,0,0,0,0,0,0,0,0,0,0,0,0,0,0,0,0,0,0,0,0,0,0,1,0,0,0,0,0,0,0	2	0	0	0	0	1	1612524	1612524	0,0,0,0,0,0,0,0,0,0,0,0,0,0,0,0,0,0,0,0,0,0,0,0,0,0,0,0,0,0,0,0,0,0,0,0,0,0,0,0	0,0,0,0,0,0,0,0,0,0,0,0,0,0,0,0,0,0,0,0,0,0,0,0,0,0,0,0,0,0,0,0,1,0,0,0,0,0,0,0
tb.dut.clusters[0].cluster.sockets[0].socket.cores[0].core.execute.fpu_unit.genblk1[0].fpu_fpnew.genblk3[3].fpnew_core.gen_operation_groups[3].i_opgroup_block.i_arbiter.gen_arbiter.gen_int_rr.gen_fair_arb.i_lzc_upper.gen_lzc	21	84	0	0	0	0	0	1	1612524	1612524	0,0,0,0,0,0,0,0,0,0,0,0,0,0,0,0,0,0,0,0,0,0,0,0,0,0,0,0,0,0,0,0,0,0,0,0,0,0,0,0	0,0,0,0,0,0,0,0,0,0,0,0,0,0,0,0,0,0,0,0,0,0,0,0,0,0,0,0,0,0,0,0,1,0,0,0,0,0,0,0	2	0	0	0	0	1	1612524	1612524	0,0,0,0,0,0,0,0,0,0,0,0,0,0,0,0,0,0,0,0,0,0,0,0,0,0,0,0,0,0,0,0,0,0,0,0,0,0,0,0	0,0,0,0,0,0,0,0,0,0,0,0,0,0,0,0,0,0,0,0,0,0,0,0,0,0,0,0,0,0,0,0,1,0,0,0,0,0,0,0
tb.dut.clusters[0].cluster.sockets[0].socket.cores[0].core.execute.fpu_unit.genblk1[0].fpu_fpnew.genblk3[3].fpnew_core.gen_operation_groups[3].i_opgroup_block.i_arbiter.gen_arbiter.gen_levels[0]	18	65	64	64	30	64	4	31	1612460	1611831	0,28,0,2,0,0,0,0,0,0,0,0,0,0,0,0,0,0,0,0,0,0,0,0,0,0,0,0,0,0,0,0,0,0,0,0,0,0,0,0	14,7,1,0,0,0,0,0,0,0,0,0,0,0,0,0,7,0,0,0,1,0,0,0,0,0,0,0,0,0,0,0,1,0,0,0,0,0,0,0	2	0	0	0	0	1	1612524	1612524	0,0,0,0,0,0,0,0,0,0,0,0,0,0,0,0,0,0,0,0,0,0,0,0,0,0,0,0,0,0,0,0,0,0,0,0,0,0,0,0	0,0,0,0,0,0,0,0,0,0,0,0,0,0,0,0,0,0,0,0,0,0,0,0,0,0,0,0,0,0,0,0,1,0,0,0,0,0,0,0
tb.dut.clusters[0].cluster.sockets[0].socket.cores[0].core.execute.fpu_unit.genblk1[0].fpu_fpnew.genblk3[3].fpnew_core.gen_operation_groups[3].i_opgroup_block.i_arbiter.gen_arbiter.gen_levels[0].gen_level[0]	19	65	64	64	30	64	4	31	1612460	1611831	0,28,0,2,0,0,0,0,0,0,0,0,0,0,0,0,0,0,0,0,0,0,0,0,0,0,0,0,0,0,0,0,0,0,0,0,0,0,0,0	14,7,1,0,0,0,0,0,0,0,0,0,0,0,0,0,7,0,0,0,1,0,0,0,0,0,0,0,0,0,0,0,1,0,0,0,0,0,0,0	2	0	0	0	0	1	1612524	1612524	0,0,0,0,0,0,0,0,0,0,0,0,0,0,0,0,0,0,0,0,0,0,0,0,0,0,0,0,0,0,0,0,0,0,0,0,0,0,0,0	0,0,0,0,0,0,0,0,0,0,0,0,0,0,0,0,0,0,0,0,0,0,0,0,0,0,0,0,0,0,0,0,1,0,0,0,0,0,0,0
tb.dut.clusters[0].cluster.sockets[0].socket.cores[0].core.execute.fpu_unit.genblk1[0].fpu_fpnew.genblk3[3].fpnew_core.gen_operation_groups[3].i_opgroup_block.i_arbiter.gen_arbiter.gen_levels[1]	18	130	64	64	30	64	4	31	1612460	1611831	0,28,0,2,0,0,0,0,0,0,0,0,0,0,0,0,0,0,0,0,0,0,0,0,0,0,0,0,0,0,0,0,0,0,0,0,0,0,0,0	14,7,1,0,0,0,0,0,0,0,0,0,0,0,0,0,7,0,0,0,1,0,0,0,0,0,0,0,0,0,0,0,1,0,0,0,0,0,0,0	2	0	0	0	0	1	1612524	1612524	0,0,0,0,0,0,0,0,0,0,0,0,0,0,0,0,0,0,0,0,0,0,0,0,0,0,0,0,0,0,0,0,0,0,0,0,0,0,0,0	0,0,0,0,0,0,0,0,0,0,0,0,0,0,0,0,0,0,0,0,0,0,0,0,0,0,0,0,0,0,0,0,1,0,0,0,0,0,0,0
tb.dut.clusters[0].cluster.sockets[0].socket.cores[0].core.execute.fpu_unit.genblk1[0].fpu_fpnew.genblk3[3].fpnew_core.gen_operation_groups[3].i_opgroup_block.i_arbiter.gen_arbiter.gen_levels[1].gen_level[0]	19	65	64	64	30	64	4	31	1612460	1611831	0,28,0,2,0,0,0,0,0,0,0,0,0,0,0,0,0,0,0,0,0,0,0,0,0,0,0,0,0,0,0,0,0,0,0,0,0,0,0,0	14,7,1,0,0,0,0,0,0,0,0,0,0,0,0,0,7,0,0,0,1,0,0,0,0,0,0,0,0,0,0,0,1,0,0,0,0,0,0,0	2	0	0	0	0	1	1612524	1612524	0,0,0,0,0,0,0,0,0,0,0,0,0,0,0,0,0,0,0,0,0,0,0,0,0,0,0,0,0,0,0,0,0,0,0,0,0,0,0,0	0,0,0,0,0,0,0,0,0,0,0,0,0,0,0,0,0,0,0,0,0,0,0,0,0,0,0,0,0,0,0,0,1,0,0,0,0,0,0,0
tb.dut.clusters[0].cluster.sockets[0].socket.cores[0].core.execute.fpu_unit.genblk1[0].fpu_fpnew.genblk3[3].fpnew_core.gen_operation_groups[3].i_opgroup_block.i_arbiter.gen_arbiter.gen_levels[1].gen_level[1]	19	65	0	0	0	0	0	1	1612524	1612524	0,0,0,0,0,0,0,0,0,0,0,0,0,0,0,0,0,0,0,0,0,0,0,0,0,0,0,0,0,0,0,0,0,0,0,0,0,0,0,0	0,0,0,0,0,0,0,0,0,0,0,0,0,0,0,0,0,0,0,0,0,0,0,0,0,0,0,0,0,0,0,0,1,0,0,0,0,0,0,0	2	0	0	0	0	1	1612524	1612524	0,0,0,0,0,0,0,0,0,0,0,0,0,0,0,0,0,0,0,0,0,0,0,0,0,0,0,0,0,0,0,0,0,0,0,0,0,0,0,0	0,0,0,0,0,0,0,0,0,0,0,0,0,0,0,0,0,0,0,0,0,0,0,0,0,0,0,0,0,0,0,0,1,0,0,0,0,0,0,0
tb.dut.clusters[0].cluster.sockets[0].socket.cores[0].core.execute.fpu_unit.genblk1[0].fpu_fpnew.genblk3[3].fpnew_core.gen_operation_groups[3].i_opgroup_block.i_arbiter.gen_arbiter.gen_levels[2]	18	260	64	64	30	64	4	31	1612460	1611831	0,28,0,2,0,0,0,0,0,0,0,0,0,0,0,0,0,0,0,0,0,0,0,0,0,0,0,0,0,0,0,0,0,0,0,0,0,0,0,0	14,7,1,0,0,0,0,0,0,0,0,0,0,0,0,0,7,0,0,0,1,0,0,0,0,0,0,0,0,0,0,0,1,0,0,0,0,0,0,0	2	0	0	0	0	1	1612524	1612524	0,0,0,0,0,0,0,0,0,0,0,0,0,0,0,0,0,0,0,0,0,0,0,0,0,0,0,0,0,0,0,0,0,0,0,0,0,0,0,0	0,0,0,0,0,0,0,0,0,0,0,0,0,0,0,0,0,0,0,0,0,0,0,0,0,0,0,0,0,0,0,0,1,0,0,0,0,0,0,0
tb.dut.clusters[0].cluster.sockets[0].socket.cores[0].core.execute.fpu_unit.genblk1[0].fpu_fpnew.genblk3[3].fpnew_core.gen_operation_groups[3].i_opgroup_block.i_arbiter.gen_arbiter.gen_levels[2].gen_level[0]	19	65	64	64	30	64	4	31	1612460	1611831	0,28,0,2,0,0,0,0,0,0,0,0,0,0,0,0,0,0,0,0,0,0,0,0,0,0,0,0,0,0,0,0,0,0,0,0,0,0,0,0	14,7,1,0,0,0,0,0,0,0,0,0,0,0,0,0,7,0,0,0,1,0,0,0,0,0,0,0,0,0,0,0,1,0,0,0,0,0,0,0	2	0	0	0	0	1	1612524	1612524	0,0,0,0,0,0,0,0,0,0,0,0,0,0,0,0,0,0,0,0,0,0,0,0,0,0,0,0,0,0,0,0,0,0,0,0,0,0,0,0	0,0,0,0,0,0,0,0,0,0,0,0,0,0,0,0,0,0,0,0,0,0,0,0,0,0,0,0,0,0,0,0,1,0,0,0,0,0,0,0
tb.dut.clusters[0].cluster.sockets[0].socket.cores[0].core.execute.fpu_unit.genblk1[0].fpu_fpnew.genblk3[3].fpnew_core.gen_operation_groups[3].i_opgroup_block.i_arbiter.gen_arbiter.gen_levels[2].gen_level[1]	19	65	0	0	0	0	0	1	1612524	1612524	0,0,0,0,0,0,0,0,0,0,0,0,0,0,0,0,0,0,0,0,0,0,0,0,0,0,0,0,0,0,0,0,0,0,0,0,0,0,0,0	0,0,0,0,0,0,0,0,0,0,0,0,0,0,0,0,0,0,0,0,0,0,0,0,0,0,0,0,0,0,0,0,1,0,0,0,0,0,0,0	2	0	0	0	0	1	1612524	1612524	0,0,0,0,0,0,0,0,0,0,0,0,0,0,0,0,0,0,0,0,0,0,0,0,0,0,0,0,0,0,0,0,0,0,0,0,0,0,0,0	0,0,0,0,0,0,0,0,0,0,0,0,0,0,0,0,0,0,0,0,0,0,0,0,0,0,0,0,0,0,0,0,1,0,0,0,0,0,0,0
tb.dut.clusters[0].cluster.sockets[0].socket.cores[0].core.execute.fpu_unit.genblk1[0].fpu_fpnew.genblk3[3].fpnew_core.gen_operation_groups[3].i_opgroup_block.i_arbiter.gen_arbiter.gen_levels[2].gen_level[2]	19	65	0	0	0	0	0	1	1612524	1612524	0,0,0,0,0,0,0,0,0,0,0,0,0,0,0,0,0,0,0,0,0,0,0,0,0,0,0,0,0,0,0,0,0,0,0,0,0,0,0,0	0,0,0,0,0,0,0,0,0,0,0,0,0,0,0,0,0,0,0,0,0,0,0,0,0,0,0,0,0,0,0,0,1,0,0,0,0,0,0,0	2	0	0	0	0	1	1612524	1612524	0,0,0,0,0,0,0,0,0,0,0,0,0,0,0,0,0,0,0,0,0,0,0,0,0,0,0,0,0,0,0,0,0,0,0,0,0,0,0,0	0,0,0,0,0,0,0,0,0,0,0,0,0,0,0,0,0,0,0,0,0,0,0,0,0,0,0,0,0,0,0,0,1,0,0,0,0,0,0,0
tb.dut.clusters[0].cluster.sockets[0].socket.cores[0].core.execute.fpu_unit.genblk1[0].fpu_fpnew.genblk3[3].fpnew_core.gen_operation_groups[3].i_opgroup_block.i_arbiter.gen_arbiter.gen_levels[2].gen_level[3]	19	65	0	0	0	0	0	1	1612524	1612524	0,0,0,0,0,0,0,0,0,0,0,0,0,0,0,0,0,0,0,0,0,0,0,0,0,0,0,0,0,0,0,0,0,0,0,0,0,0,0,0	0,0,0,0,0,0,0,0,0,0,0,0,0,0,0,0,0,0,0,0,0,0,0,0,0,0,0,0,0,0,0,0,1,0,0,0,0,0,0,0	2	0	0	0	0	1	1612524	1612524	0,0,0,0,0,0,0,0,0,0,0,0,0,0,0,0,0,0,0,0,0,0,0,0,0,0,0,0,0,0,0,0,0,0,0,0,0,0,0,0	0,0,0,0,0,0,0,0,0,0,0,0,0,0,0,0,0,0,0,0,0,0,0,0,0,0,0,0,0,0,0,0,1,0,0,0,0,0,0,0
tb.dut.clusters[0].cluster.sockets[0].socket.cores[0].core.execute.fpu_unit.genblk1[0].fpu_fpnew.genblk3[3].fpnew_core.i_arbiter	14	947	116039326	1573040	2101	1573040	768	2102	39484	8240	2,28,0,2,2,15,0,2,2,0,0,0,0,0,0,0,0,0,0,0,0,2048,0,0,0,0,0,0,0,0,0,0,0,0,0,0,0,0,0,0	30,9,8,3,0,1,0,0,0,0,0,0,0,1,2046,0,2,0,0,0,1,0,0,0,0,1,0,0,0,0,0,0,0,0,0,0,0,0,0,0	5	1048720	524350	1048720	8	524351	563804	8241	0,524344,0,4,0,0,0,2,0,0,0,0,0,0,0,0,0,0,0,0,0,0,0,0,0,0,0,0,0,0,0,0,0,0,0,0,0,0,0,0	522265,23,8,4,0,1,0,0,0,0,0,0,0,0,1,2046,1,0,0,0,1,0,0,0,0,1,0,0,0,0,0,0,0,0,0,0,0,0,0,0
tb.dut.clusters[0].cluster.sockets[0].socket.cores[0].core.execute.fpu_unit.genblk1[0].fpu_fpnew.genblk3[3].fpnew_core.i_arbiter.gen_arbiter	15	636	67982102	1573038	2099	1573038	768	2100	39486	8240	0,28,0,2,2,15,0,2,2,0,0,0,0,0,0,0,0,0,0,0,0,2048,0,0,0,0,0,0,0,0,0,0,0,0,0,0,0,0,0,0	30,9,7,3,0,1,0,0,0,0,0,0,0,1,2046,0,1,0,0,0,1,0,0,0,0,1,0,0,0,0,0,0,0,0,0,0,0,0,0,0	4	1048720	524350	1048720	8	524351	563804	8241	0,524344,0,4,0,0,0,2,0,0,0,0,0,0,0,0,0,0,0,0,0,0,0,0,0,0,0,0,0,0,0,0,0,0,0,0,0,0,0,0	522265,23,8,4,0,1,0,0,0,0,0,0,0,0,1,2046,1,0,0,0,1,0,0,0,0,1,0,0,0,0,0,0,0,0,0,0,0,0,0,0
tb.dut.clusters[0].cluster.sockets[0].socket.cores[0].core.execute.fpu_unit.genblk1[0].fpu_fpnew.genblk3[3].fpnew_core.i_arbiter.gen_arbiter.gen_int_rr	16	274	15730210	1048720	524350	1048720	8	524351	563804	8241	0,524344,0,4,0,0,0,2,0,0,0,0,0,0,0,0,0,0,0,0,0,0,0,0,0,0,0,0,0,0,0,0,0,0,0,0,0,0,0,0	522265,23,8,4,0,1,0,0,0,0,0,0,0,0,1,2046,1,0,0,0,1,0,0,0,0,1,0,0,0,0,0,0,0,0,0,0,0,0,0,0	2	1048720	524350	1048720	8	524351	563804	8241	0,524344,0,4,0,0,0,2,0,0,0,0,0,0,0,0,0,0,0,0,0,0,0,0,0,0,0,0,0,0,0,0,0,0,0,0,0,0,0,0	522265,23,8,4,0,1,0,0,0,0,0,0,0,0,1,2046,1,0,0,0,1,0,0,0,0,1,0,0,0,0,0,0,0,0,0,0,0,0,0,0
tb.dut.clusters[0].cluster.sockets[0].socket.cores[0].core.execute.fpu_unit.genblk1[0].fpu_fpnew.genblk3[3].fpnew_core.i_arbiter.gen_arbiter.gen_int_rr.gen_fair_arb	17	272	15730178	1048720	524350	1048720	8	524351	563804	8241	0,524344,0,4,0,0,0,2,0,0,0,0,0,0,0,0,0,0,0,0,0,0,0,0,0,0,0,0,0,0,0,0,0,0,0,0,0,0,0,0	522265,23,8,4,0,1,0,0,0,0,0,0,0,0,1,2046,1,0,0,0,1,0,0,0,0,1,0,0,0,0,0,0,0,0,0,0,0,0,0,0	2	1048720	524350	1048720	8	524351	563804	8241	0,524344,0,4,0,0,0,2,0,0,0,0,0,0,0,0,0,0,0,0,0,0,0,0,0,0,0,0,0,0,0,0,0,0,0,0,0,0,0,0	522265,23,8,4,0,1,0,0,0,0,0,0,0,0,1,2046,1,0,0,0,1,0,0,0,0,1,0,0,0,0,0,0,0,0,0,0,0,0,0,0
tb.dut.clusters[0].cluster.sockets[0].socket.cores[0].core.execute.fpu_unit.genblk1[0].fpu_fpnew.genblk3[3].fpnew_core.i_arbiter.gen_arbiter.gen_int_rr.gen_fair_arb.i_lzc_lower	18	128	10486752	1048702	524343	1048702	8	524344	563822	8241	0,524338,0,3,0,1,0,1,0,0,0,0,0,0,0,0,0,0,0,0,0,0,0,0,0,0,0,0,0,0,0,0,0,0,0,0,0,0,0,0	522258,17,7,4,6,2,0,0,0,0,0,0,0,0,1,2046,1,0,0,0,1,0,0,0,0,1,0,0,0,0,0,0,0,0,0,0,0,0,0,0	2	1048702	524343	1048702	8	524344	563822	8241	0,524338,0,3,0,1,0,1,0,0,0,0,0,0,0,0,0,0,0,0,0,0,0,0,0,0,0,0,0,0,0,0,0,0,0,0,0,0,0,0	522258,17,7,4,6,2,0,0,0,0,0,0,0,0,1,2046,1,0,0,0,1,0,0,0,0,1,0,0,0,0,0,0,0,0,0,0,0,0,0,0
tb.dut.clusters[0].cluster.sockets[0].socket.cores[0].core.execute.fpu_unit.genblk1[0].fpu_fpnew.genblk3[3].fpnew_core.i_arbiter.gen_arbiter.gen_int_rr.gen_fair_arb.i_lzc_lower.gen_lzc	19	56	6292054	1048702	524343	1048702	8	524344	563822	8241	0,524338,0,3,0,1,0,1,0,0,0,0,0,0,0,0,0,0,0,0,0,0,0,0,0,0,0,0,0,0,0,0,0,0,0,0,0,0,0,0	522258,17,7,4,6,2,0,0,0,0,0,0,0,0,1,2046,1,0,0,0,1,0,0,0,0,1,0,0,0,0,0,0,0,0,0,0,0,0,0,0	2	1048702	524343	1048702	8	524344	563822	8241	0,524338,0,3,0,1,0,1,0,0,0,0,0,0,0,0,0,0,0,0,0,0,0,0,0,0,0,0,0,0,0,0,0,0,0,0,0,0,0,0	522258,17,7,4,6,2,0,0,0,0,0,0,0,0,1,2046,1,0,0,0,1,0,0,0,0,1,0,0,0,0,0,0,0,0,0,0,0,0,0,0
tb.dut.clusters[0].cluster.sockets[0].socket.cores[0].core.execute.fpu_unit.genblk1[0].fpu_fpnew.genblk3[3].fpnew_core.i_arbiter.gen_arbiter.gen_int_rr.gen_fair_arb.i_lzc_upper	18	128	96	18	9	18	2	10	1612506	1611841	0,9,0,0,0,0,0,0,0,0,0,0,0,0,0,0,0,0,0,0,0,0,0,0,0,0,0,0,0,0,0,0,0,0,0,0,0,0,0,0	0,0,0,0,0,0,0,0,0,0,0,0,0,0,0,0,7,1,0,0,1,0,0,0,0,0,0,0,0,0,0,0,1,0,0,0,0,0,0,0	2	18	9	18	2	10	1612506	1611841	0,9,0,0,0,0,0,0,0,0,0,0,0,0,0,0,0,0,0,0,0,0,0,0,0,0,0,0,0,0,0,0,0,0,0,0,0,0,0,0	0,0,0,0,0,0,0,0,0,0,0,0,0,0,0,0,7,1,0,0,1,0,0,0,0,0,0,0,0,0,0,0,1,0,0,0,0,0,0,0
tb.dut.clusters[0].cluster.sockets[0].socket.cores[0].core.execute.fpu_unit.genblk1[0].fpu_fpnew.genblk3[3].fpnew_core.i_arbiter.gen_arbiter.gen_int_rr.gen_fair_arb.i_lzc_upper.gen_lzc	19	56	58	18	9	18	2	10	1612506	1611841	0,9,0,0,0,0,0,0,0,0,0,0,0,0,0,0,0,0,0,0,0,0,0,0,0,0,0,0,0,0,0,0,0,0,0,0,0,0,0,0	0,0,0,0,0,0,0,0,0,0,0,0,0,0,0,0,7,1,0,0,1,0,0,0,0,0,0,0,0,0,0,0,1,0,0,0,0,0,0,0	2	18	9	18	2	10	1612506	1611841	0,9,0,0,0,0,0,0,0,0,0,0,0,0,0,0,0,0,0,0,0,0,0,0,0,0,0,0,0,0,0,0,0,0,0,0,0,0,0,0	0,0,0,0,0,0,0,0,0,0,0,0,0,0,0,0,7,1,0,0,1,0,0,0,0,0,0,0,0,0,0,0,1,0,0,0,0,0,0,0
tb.dut.clusters[0].cluster.sockets[0].socket.cores[0].core.execute.fpu_unit.genblk1[0].fpu_fpnew.genblk3[3].fpnew_core.i_arbiter.gen_arbiter.gen_levels[0]	16	65	1048640	1048640	524318	1048640	4	524319	563884	8241	0,524316,0,2,0,0,0,0,0,0,0,0,0,0,0,0,0,0,0,0,0,0,0,0,0,0,0,0,0,0,0,0,0,0,0,0,0,0,0,0	522251,10,1,1,0,0,0,0,0,0,0,0,0,0,1,2046,7,0,0,0,1,0,0,0,0,1,0,0,0,0,0,0,0,0,0,0,0,0,0,0	2	0	0	0	0	1	1612524	1612524	0,0,0,0,0,0,0,0,0,0,0,0,0,0,0,0,0,0,0,0,0,0,0,0,0,0,0,0,0,0,0,0,0,0,0,0,0,0,0,0	0,0,0,0,0,0,0,0,0,0,0,0,0,0,0,0,0,0,0,0,0,0,0,0,0,0,0,0,0,0,0,0,1,0,0,0,0,0,0,0
tb.dut.clusters[0].cluster.sockets[0].socket.cores[0].core.execute.fpu_unit.genblk1[0].fpu_fpnew.genblk3[3].fpnew_core.i_arbiter.gen_arbiter.gen_levels[0].gen_level[0]	17	65	1048640	1048640	524318	1048640	4	524319	563884	8241	0,524316,0,2,0,0,0,0,0,0,0,0,0,0,0,0,0,0,0,0,0,0,0,0,0,0,0,0,0,0,0,0,0,0,0,0,0,0,0,0	522251,10,1,1,0,0,0,0,0,0,0,0,0,0,1,2046,7,0,0,0,1,0,0,0,0,1,0,0,0,0,0,0,0,0,0,0,0,0,0,0	2	0	0	0	0	1	1612524	1612524	0,0,0,0,0,0,0,0,0,0,0,0,0,0,0,0,0,0,0,0,0,0,0,0,0,0,0,0,0,0,0,0,0,0,0,0,0,0,0,0	0,0,0,0,0,0,0,0,0,0,0,0,0,0,0,0,0,0,0,0,0,0,0,0,0,0,0,0,0,0,0,0,1,0,0,0,0,0,0,0
tb.dut.clusters[0].cluster.sockets[0].socket.cores[0].core.execute.fpu_unit.genblk1[0].fpu_fpnew.genblk3[3].fpnew_core.i_arbiter.gen_arbiter.gen_levels[1]	16	130	1048656	1048656	524320	1048656	8	524321	563868	8241	0,524316,0,2,0,0,0,2,0,0,0,0,0,0,0,0,0,0,0,0,0,0,0,0,0,0,0,0,0,0,0,0,0,0,0,0,0,0,0,0	522251,10,1,1,0,1,0,0,0,0,0,0,0,0,1,2046,7,1,0,0,1,0,0,0,0,1,0,0,0,0,0,0,0,0,0,0,0,0,0,0	2	0	0	0	0	1	1612524	1612524	0,0,0,0,0,0,0,0,0,0,0,0,0,0,0,0,0,0,0,0,0,0,0,0,0,0,0,0,0,0,0,0,0,0,0,0,0,0,0,0	0,0,0,0,0,0,0,0,0,0,0,0,0,0,0,0,0,0,0,0,0,0,0,0,0,0,0,0,0,0,0,0,1,0,0,0,0,0,0,0
tb.dut.clusters[0].cluster.sockets[0].socket.cores[0].core.execute.fpu_unit.genblk1[0].fpu_fpnew.genblk3[3].fpnew_core.i_arbiter.gen_arbiter.gen_levels[1].gen_level[0]	17	65	1048640	1048640	524318	1048640	4	524319	563884	8241	0,524316,0,2,0,0,0,0,0,0,0,0,0,0,0,0,0,0,0,0,0,0,0,0,0,0,0,0,0,0,0,0,0,0,0,0,0,0,0,0	522251,10,1,1,0,0,0,0,0,0,0,0,0,0,1,2046,7,0,0,0,1,0,0,0,0,1,0,0,0,0,0,0,0,0,0,0,0,0,0,0	2	0	0	0	0	1	1612524	1612524	0,0,0,0,0,0,0,0,0,0,0,0,0,0,0,0,0,0,0,0,0,0,0,0,0,0,0,0,0,0,0,0,0,0,0,0,0,0,0,0	0,0,0,0,0,0,0,0,0,0,0,0,0,0,0,0,0,0,0,0,0,0,0,0,0,0,0,0,0,0,0,0,1,0,0,0,0,0,0,0
tb.dut.clusters[0].cluster.sockets[0].socket.cores[0].core.execute.fpu_unit.genblk1[0].fpu_fpnew.genblk3[3].fpnew_core.i_arbiter.gen_arbiter.gen_levels[1].gen_level[1]	17	65	16	16	2	16	8	3	1612508	1612068	0,0,0,0,0,0,0,2,0,0,0,0,0,0,0,0,0,0,0,0,0,0,0,0,0,0,0,0,0,0,0,0,0,0,0,0,0,0,0,0	0,0,0,0,0,1,0,0,0,0,0,0,0,0,0,0,0,0,0,0,1,0,0,0,0,0,0,0,0,0,0,0,1,0,0,0,0,0,0,0	2	0	0	0	0	1	1612524	1612524	0,0,0,0,0,0,0,0,0,0,0,0,0,0,0,0,0,0,0,0,0,0,0,0,0,0,0,0,0,0,0,0,0,0,0,0,0,0,0,0	0,0,0,0,0,0,0,0,0,0,0,0,0,0,0,0,0,0,0,0,0,0,0,0,0,0,0,0,0,0,0,0,1,0,0,0,0,0,0,0
tb.dut.clusters[0].cluster.sockets[0].socket.cores[0].core.execute.fpu_unit.per_block_commit_if[0]	10	242	80130096	1310883	266295	1310883	8	266296	301641	8240	2051,4127,5,3,260107,0,0,2,0,0,0,0,0,0,0,0,0,0,0,0,0,0,0,0,0,0,0,0,0,0,0,0,0,0,0,0,0,0,0,0	262163,21,2059,2,1,0,0,0,0,0,1,2046,0,0,0,1,0,0,0,0,1,0,0,0,0,1,0,0,0,0,0,0,0,0,0,0,0,0,0,0	2	1310876	266302	1310876	8	266303	301648	8240	2051,4141,5,3,260100,0,0,2,0,0,0,0,0,0,0,0,0,0,0,0,0,0,0,0,0,0,0,0,0,0,0,0,0,0,0,0,0,0,0,0	262170,21,2059,2,1,0,0,0,0,0,1,2046,0,0,0,1,0,0,0,0,1,0,0,0,0,1,0,0,0,0,0,0,0,0,0,0,0,0,0,0
tb.dut.clusters[0].cluster.sockets[0].socket.cores[0].core.execute.fpu_unit.per_block_execute_if[0]	10	541	72213025	1050781	522296	1050781	32	522296	561743	8245	3,520239,0,3,2048,0,0,2,0,0,0,0,0,0,0,0,1,0,0,0,0,0,0,0,0,0,0,0,0,0,0,0,0,0,0,0,0,0,0,0	520215,19,2,6,3,1,0,0,0,0,0,0,0,0,1,2046,1,0,0,0,1,0,0,0,0,1,0,0,0,0,0,0,0,0,0,0,0,0,0,0	3	583822	524352	583822	8	524353	1028702	8245	466946,55353,2048,2,2,0,0,1,0,0,0,0,0,0,0,0,0,0,0,0,0,0,0,0,0,0,0,0,0,0,0,0,0,0,0,0,0,0,0,0	57377,464914,2,6,3,1,0,0,0,0,0,0,0,0,1,2046,1,0,0,0,1,0,0,0,0,1,0,0,0,0,0,0,0,0,0,0,0,0,0,0
tb.dut.clusters[0].cluster.sockets[0].socket.cores[0].core.execute.lsu_mem_if[0]	9	613	2582	83	40	83	5	40	1612441	1604319	5,31,1,2,1,0,0,0,0,0,0,0,0,0,0,0,0,0,0,0,0,0,0,0,0,0,0,0,0,0,0,0,0,0,0,0,0,0,0,0	0,1,0,1,0,32,0,0,0,0,0,0,0,0,0,0,0,0,4,0,0,0,0,0,1,0,0,0,0,0,0,0,1,0,0,0,0,0,0,0	4	40	36	40	3	36	1612484	1604324	33,2,1,0,0,0,0,0,0,0,0,0,0,0,0,0,0,0,0,0,0,0,0,0,0,0,0,0,0,0,0,0,0,0,0,0,0,0,0,0	0,1,0,0,0,0,29,0,0,0,0,0,0,0,0,0,1,0,3,0,0,0,0,0,1,0,0,0,0,0,0,0,1,0,0,0,0,0,0,0
tb.dut.clusters[0].cluster.sockets[0].socket.cores[0].core.execute.lsu_unit	9	10274	31067	211	41	211	10	41	1612313	1604297	4,2,2,1,3,28,0,0,0,1,0,0,0,0,0,0,0,0,0,0,0,0,0,0,0,0,0,0,0,0,0,0,0,0,0,0,0,0,0,0	1,29,0,0,2,2,0,0,0,0,0,0,0,0,0,1,0,0,4,0,0,0,0,0,1,0,0,0,0,0,0,0,1,0,0,0,0,0,0,0	52	75	35	75	8	36	1612449	1604323	3,29,2,0,0,0,0,1,0,0,0,0,0,0,0,0,0,0,0,0,0,0,0,0,0,0,0,0,0,0,0,0,0,0,0,0,0,0,0,0	2,0,0,2,0,27,0,0,0,0,0,0,0,0,0,0,0,0,3,0,0,0,0,0,1,0,0,0,0,0,0,0,1,0,0,0,0,0,0,0
tb.dut.clusters[0].cluster.sockets[0].socket.cores[0].core.execute.lsu_unit.commit_if[0]	10	242	297	69	32	69	6	33	1612455	1604327	0,30,1,0,0,1,0,0,0,0,0,0,0,0,0,0,0,0,0,0,0,0,0,0,0,0,0,0,0,0,0,0,0,0,0,0,0,0,0,0	0,0,0,0,1,26,0,0,0,0,0,0,0,0,0,0,0,0,3,1,0,0,0,0,1,0,0,0,0,0,0,0,1,0,0,0,0,0,0,0	2	68	33	68	4	34	1612456	1604327	1,30,1,1,0,0,0,0,0,0,0,0,0,0,0,0,0,0,0,0,0,0,0,0,0,0,0,0,0,0,0,0,0,0,0,0,0,0,0,0	1,0,0,0,1,26,0,0,0,0,0,0,0,0,0,0,0,0,3,1,0,0,0,0,1,0,0,0,0,0,0,0,1,0,0,0,0,0,0,0
tb.dut.clusters[0].cluster.sockets[0].socket.cores[0].core.execute.lsu_unit.dispatch_if[0]	10	474	2414	73	34	73	8	34	1612451	1604317	1,32,0,0,0,0,0,1,0,0,0,0,0,0,0,0,0,0,0,0,0,0,0,0,0,0,0,0,0,0,0,0,0,0,0,0,0,0,0,0	0,0,1,1,0,27,0,0,0,0,0,0,0,0,0,0,0,0,2,1,0,0,0,0,1,0,0,0,0,0,0,0,1,0,0,0,0,0,0,0	3	38	31	38	8	32	1612486	1604323	30,0,0,0,0,0,0,1,0,0,0,0,0,0,0,0,0,0,0,0,0,0,0,0,0,0,0,0,0,0,0,0,0,0,0,0,0,0,0,0	0,0,0,0,1,0,25,0,0,0,0,0,0,0,1,0,0,0,2,1,0,0,0,0,1,0,0,0,0,0,0,0,1,0,0,0,0,0,0,0
tb.dut.clusters[0].cluster.sockets[0].socket.cores[0].core.execute.lsu_unit.dispatch_unit	10	2375	9755	78	36	78	8	36	1612446	1604299	3,30,1,1,0,0,0,1,0,0,0,0,0,0,0,0,0,0,0,0,0,0,0,0,0,0,0,0,0,0,0,0,0,0,0,0,0,0,0,0	0,1,0,1,0,27,0,0,0,0,0,0,0,0,0,1,0,0,3,1,0,0,0,0,1,0,0,0,0,0,0,0,1,0,0,0,0,0,0,0	12	41	33	41	8	33	1612483	1604322	31,1,0,0,0,0,0,1,0,0,0,0,0,0,0,0,0,0,0,0,0,0,0,0,0,0,0,0,0,0,0,0,0,0,0,0,0,0,0,0	0,0,0,0,1,0,27,0,0,0,0,0,0,0,0,0,0,0,2,1,0,0,0,0,1,0,0,0,0,0,0,0,1,0,0,0,0,0,0,0
tb.dut.clusters[0].cluster.sockets[0].socket.cores[0].core.execute.lsu_unit.dispatch_unit.dispatch_if[0]	11	474	2414	73	34	73	8	34	1612451	1604317	1,32,0,0,0,0,0,1,0,0,0,0,0,0,0,0,0,0,0,0,0,0,0,0,0,0,0,0,0,0,0,0,0,0,0,0,0,0,0,0	0,0,1,1,0,27,0,0,0,0,0,0,0,0,0,0,0,0,2,1,0,0,0,0,1,0,0,0,0,0,0,0,1,0,0,0,0,0,0,0	3	38	31	38	8	32	1612486	1604323	30,0,0,0,0,0,0,1,0,0,0,0,0,0,0,0,0,0,0,0,0,0,0,0,0,0,0,0,0,0,0,0,0,0,0,0,0,0,0,0	0,0,0,0,1,0,25,0,0,0,0,0,0,0,1,0,0,0,2,1,0,0,0,0,1,0,0,0,0,0,0,0,1,0,0,0,0,0,0,0
tb.dut.clusters[0].cluster.sockets[0].socket.cores[0].core.execute.lsu_unit.dispatch_unit.execute_if[0]	11	541	2364	73	36	73	6	36	1612451	1604317	4,30,1,0,0,1,0,0,0,0,0,0,0,0,0,0,0,0,0,0,0,0,0,0,0,0,0,0,0,0,0,0,0,0,0,0,0,0,0,0	1,0,1,0,1,27,0,0,0,0,0,0,0,0,0,0,0,0,3,1,0,0,0,0,1,0,0,0,0,0,0,0,1,0,0,0,0,0,0,0	3	38	32	38	6	32	1612486	1604323	30,1,0,0,0,1,0,0,0,0,0,0,0,0,0,0,0,0,0,0,0,0,0,0,0,0,0,0,0,0,0,0,0,0,0,0,0,0,0,0	0,0,0,0,0,1,26,0,0,0,0,0,0,0,0,0,0,0,2,1,0,0,0,0,1,0,0,0,0,0,0,0,1,0,0,0,0,0,0,0
tb.dut.clusters[0].cluster.sockets[0].socket.cores[0].core.execute.lsu_unit.dispatch_unit.genblk5[0]	11	7	116	74	36	74	6	36	1612450	1604299	3,31,1,0,0,1,0,0,0,0,0,0,0,0,0,0,0,0,0,0,0,0,0,0,0,0,0,0,0,0,0,0,0,0,0,0,0,0,0,0	1,1,0,1,0,27,0,0,0,0,0,0,0,0,0,0,1,0,2,1,0,0,0,0,1,0,0,0,0,0,0,0,1,0,0,0,0,0,0,0	2	31	30	31	2	30	1612493	1604325	29,1,0,0,0,0,0,0,0,0,0,0,0,0,0,0,0,0,0,0,0,0,0,0,0,0,0,0,0,0,0,0,0,0,0,0,0,0,0,0	0,1,0,0,1,0,23,0,0,0,0,0,0,0,2,0,0,0,0,1,0,0,0,0,1,0,0,0,0,0,0,0,1,0,0,0,0,0,0,0
tb.dut.clusters[0].cluster.sockets[0].socket.cores[0].core.execute.lsu_unit.gather_unit	10	1472	1293	103	34	103	7	35	1612421	1604302	2,0,30,1,0,0,1,0,0,0,0,0,0,0,0,0,0,0,0,0,0,0,0,0,0,0,0,0,0,0,0,0,0,0,0,0,0,0,0,0	0,0,1,1,26,0,0,0,0,0,0,0,0,0,0,0,1,0,3,1,0,0,0,0,1,0,0,0,0,0,0,0,1,0,0,0,0,0,0,0	8	82	32	82	7	33	1612442	1604326	2,14,15,0,0,0,1,0,0,0,0,0,0,0,0,0,0,0,0,0,0,0,0,0,0,0,0,0,0,0,0,0,0,0,0,0,0,0,0,0	0,0,0,0,15,7,5,0,0,0,0,0,0,0,0,0,0,0,3,1,0,0,0,0,1,0,0,0,0,0,0,0,1,0,0,0,0,0,0,0
tb.dut.clusters[0].cluster.sockets[0].socket.cores[0].core.execute.lsu_unit.gather_unit.commit_in_if[0]	11	242	231	69	32	69	6	33	1612455	1604326	0,30,1,0,0,1,0,0,0,0,0,0,0,0,0,0,0,0,0,0,0,0,0,0,0,0,0,0,0,0,0,0,0,0,0,0,0,0,0,0	0,0,0,0,1,26,0,0,0,0,0,0,0,0,0,0,0,0,3,1,0,0,0,0,1,0,0,0,0,0,0,0,1,0,0,0,0,0,0,0	2	68	33	68	4	34	1612456	1604326	1,30,1,1,0,0,0,0,0,0,0,0,0,0,0,0,0,0,0,0,0,0,0,0,0,0,0,0,0,0,0,0,0,0,0,0,0,0,0,0	1,0,0,0,1,26,0,0,0,0,0,0,0,0,0,0,0,0,3,1,0,0,0,0,1,0,0,0,0,0,0,0,1,0,0,0,0,0,0,0
tb.dut.clusters[0].cluster.sockets[0].socket.cores[0].core.execute.lsu_unit.gather_unit.commit_out_if[0]	11	242	297	69	32	69	6	33	1612455	1604327	0,30,1,0,0,1,0,0,0,0,0,0,0,0,0,0,0,0,0,0,0,0,0,0,0,0,0,0,0,0,0,0,0,0,0,0,0,0,0,0	0,0,0,0,1,26,0,0,0,0,0,0,0,0,0,0,0,0,3,1,0,0,0,0,1,0,0,0,0,0,0,0,1,0,0,0,0,0,0,0	2	68	33	68	4	34	1612456	1604327	1,30,1,1,0,0,0,0,0,0,0,0,0,0,0,0,0,0,0,0,0,0,0,0,0,0,0,0,0,0,0,0,0,0,0,0,0,0,0,0	1,0,0,0,1,26,0,0,0,0,0,0,0,0,0,0,0,0,3,1,0,0,0,0,1,0,0,0,0,0,0,0,1,0,0,0,0,0,0,0
tb.dut.clusters[0].cluster.sockets[0].socket.cores[0].core.execute.lsu_unit.gather_unit.genblk5[0]	11	374	301	69	32	69	6	33	1612455	1604327	0,30,1,0,0,1,0,0,0,0,0,0,0,0,0,0,0,0,0,0,0,0,0,0,0,0,0,0,0,0,0,0,0,0,0,0,0,0,0,0	0,0,0,0,1,26,0,0,0,0,0,0,0,0,0,0,0,0,3,1,0,0,0,0,1,0,0,0,0,0,0,0,1,0,0,0,0,0,0,0	2	68	33	68	4	34	1612456	1604327	1,30,1,1,0,0,0,0,0,0,0,0,0,0,0,0,0,0,0,0,0,0,0,0,0,0,0,0,0,0,0,0,0,0,0,0,0,0,0,0	1,0,0,0,1,26,0,0,0,0,0,0,0,0,0,0,0,0,3,1,0,0,0,0,1,0,0,0,0,0,0,0,1,0,0,0,0,0,0,0
tb.dut.clusters[0].cluster.sockets[0].socket.cores[0].core.execute.lsu_unit.gather_unit.genblk5[0].commit_tmp_if	12	242	297	69	32	69	6	33	1612455	1604327	0,30,1,0,0,1,0,0,0,0,0,0,0,0,0,0,0,0,0,0,0,0,0,0,0,0,0,0,0,0,0,0,0,0,0,0,0,0,0,0	0,0,0,0,1,26,0,0,0,0,0,0,0,0,0,0,0,0,3,1,0,0,0,0,1,0,0,0,0,0,0,0,1,0,0,0,0,0,0,0	2	68	33	68	4	34	1612456	1604327	1,30,1,1,0,0,0,0,0,0,0,0,0,0,0,0,0,0,0,0,0,0,0,0,0,0,0,0,0,0,0,0,0,0,0,0,0,0,0,0	1,0,0,0,1,26,0,0,0,0,0,0,0,0,0,0,0,0,3,1,0,0,0,0,1,0,0,0,0,0,0,0,1,0,0,0,0,0,0,0
tb.dut.clusters[0].cluster.sockets[0].socket.cores[0].core.execute.lsu_unit.lsu_mem_if[0]	10	613	2582	83	40	83	5	40	1612441	1604319	5,31,1,2,1,0,0,0,0,0,0,0,0,0,0,0,0,0,0,0,0,0,0,0,0,0,0,0,0,0,0,0,0,0,0,0,0,0,0,0	0,1,0,1,0,32,0,0,0,0,0,0,0,0,0,0,0,0,4,0,0,0,0,0,1,0,0,0,0,0,0,0,1,0,0,0,0,0,0,0	4	40	36	40	3	36	1612484	1604324	33,2,1,0,0,0,0,0,0,0,0,0,0,0,0,0,0,0,0,0,0,0,0,0,0,0,0,0,0,0,0,0,0,0,0,0,0,0,0,0	0,1,0,0,0,0,29,0,0,0,0,0,0,0,0,0,1,0,3,0,0,0,0,0,1,0,0,0,0,0,0,0,1,0,0,0,0,0,0,0
tb.dut.clusters[0].cluster.sockets[0].socket.cores[0].core.execute.lsu_unit.lsu_slices[0]	10	4250	12129	176	41	176	8	41	1612348	1604298	4,3,2,3,28,0,0,1,0,0,0,0,0,0,0,0,0,0,0,0,0,0,0,0,0,0,0,0,0,0,0,0,0,0,0,0,0,0,0,0	0,2,28,0,1,3,0,0,0,0,0,0,0,0,0,0,1,0,4,0,0,0,0,0,1,0,0,0,0,0,0,0,1,0,0,0,0,0,0,0	22	74	33	74	6	34	1612450	1604324	1,28,1,2,0,1,0,0,0,0,0,0,0,0,0,0,0,0,0,0,0,0,0,0,0,0,0,0,0,0,0,0,0,0,0,0,0,0,0,0	0,0,0,0,1,28,0,0,0,0,0,0,0,0,0,0,0,0,3,0,0,0,0,0,1,0,0,0,0,0,0,0,1,0,0,0,0,0,0,0
tb.dut.clusters[0].cluster.sockets[0].socket.cores[0].core.execute.lsu_unit.lsu_slices[0].lsu_slice	11	4249	12127	176	41	176	8	41	1612348	1604298	4,3,2,3,28,0,0,1,0,0,0,0,0,0,0,0,0,0,0,0,0,0,0,0,0,0,0,0,0,0,0,0,0,0,0,0,0,0,0,0	0,2,28,0,1,3,0,0,0,0,0,0,0,0,0,0,1,0,4,0,0,0,0,0,1,0,0,0,0,0,0,0,1,0,0,0,0,0,0,0	22	74	33	74	6	34	1612450	1604324	1,28,1,2,0,1,0,0,0,0,0,0,0,0,0,0,0,0,0,0,0,0,0,0,0,0,0,0,0,0,0,0,0,0,0,0,0,0,0,0	0,0,0,0,1,28,0,0,0,0,0,0,0,0,0,0,0,0,3,0,0,0,0,0,1,0,0,0,0,0,0,0,1,0,0,0,0,0,0,0
tb.dut.clusters[0].cluster.sockets[0].socket.cores[0].core.execute.lsu_unit.lsu_slices[0].lsu_slice.commit_if	12	242	231	69	32	69	6	33	1612455	1604326	0,30,1,0,0,1,0,0,0,0,0,0,0,0,0,0,0,0,0,0,0,0,0,0,0,0,0,0,0,0,0,0,0,0,0,0,0,0,0,0	0,0,0,0,1,26,0,0,0,0,0,0,0,0,0,0,0,0,3,1,0,0,0,0,1,0,0,0,0,0,0,0,1,0,0,0,0,0,0,0	2	68	33	68	4	34	1612456	1604326	1,30,1,1,0,0,0,0,0,0,0,0,0,0,0,0,0,0,0,0,0,0,0,0,0,0,0,0,0,0,0,0,0,0,0,0,0,0,0,0	1,0,0,0,1,26,0,0,0,0,0,0,0,0,0,0,0,0,3,1,0,0,0,0,1,0,0,0,0,0,0,0,1,0,0,0,0,0,0,0
tb.dut.clusters[0].cluster.sockets[0].socket.cores[0].core.execute.lsu_unit.lsu_slices[0].lsu_slice.commit_no_rsp_if	12	242	205	69	32	69	6	33	1612455	1604325	0,30,1,0,0,1,0,0,0,0,0,0,0,0,0,0,0,0,0,0,0,0,0,0,0,0,0,0,0,0,0,0,0,0,0,0,0,0,0,0	0,0,0,0,1,26,0,0,0,0,0,0,0,0,0,0,0,0,3,1,0,0,0,0,1,0,0,0,0,0,0,0,1,0,0,0,0,0,0,0	2	61	30	61	4	31	1612463	1604325	1,28,0,1,0,0,0,0,0,0,0,0,0,0,0,0,0,0,0,0,0,0,0,0,0,0,0,0,0,0,0,0,0,0,0,0,0,0,0,0	1,0,0,0,1,26,0,0,0,0,0,0,0,0,0,0,0,0,0,0,1,0,0,0,1,0,0,0,0,0,0,0,1,0,0,0,0,0,0,0
tb.dut.clusters[0].cluster.sockets[0].socket.cores[0].core.execute.lsu_unit.lsu_slices[0].lsu_slice.commit_rsp_if	12	242	56	8	4	8	2	5	1612516	1604683	0,4,0,0,0,0,0,0,0,0,0,0,0,0,0,0,0,0,0,0,0,0,0,0,0,0,0,0,0,0,0,0,0,0,0,0,0,0,0,0	0,0,0,0,0,0,0,0,0,0,0,0,0,0,0,0,0,0,3,0,0,0,0,0,1,0,0,0,0,0,0,0,1,0,0,0,0,0,0,0	2	8	4	8	2	5	1612516	1604683	0,4,0,0,0,0,0,0,0,0,0,0,0,0,0,0,0,0,0,0,0,0,0,0,0,0,0,0,0,0,0,0,0,0,0,0,0,0,0,0	0,0,0,0,0,0,0,0,0,0,0,0,0,0,0,0,0,0,3,0,0,0,0,0,1,0,0,0,0,0,0,0,1,0,0,0,0,0,0,0
tb.dut.clusters[0].cluster.sockets[0].socket.cores[0].core.execute.lsu_unit.lsu_slices[0].lsu_slice.execute_if	12	541	2364	73	36	73	6	36	1612451	1604317	4,30,1,0,0,1,0,0,0,0,0,0,0,0,0,0,0,0,0,0,0,0,0,0,0,0,0,0,0,0,0,0,0,0,0,0,0,0,0,0	1,0,1,0,1,27,0,0,0,0,0,0,0,0,0,0,0,0,3,1,0,0,0,0,1,0,0,0,0,0,0,0,1,0,0,0,0,0,0,0	3	38	32	38	6	32	1612486	1604323	30,1,0,0,0,1,0,0,0,0,0,0,0,0,0,0,0,0,0,0,0,0,0,0,0,0,0,0,0,0,0,0,0,0,0,0,0,0,0,0	0,0,0,0,0,1,26,0,0,0,0,0,0,0,0,0,0,0,2,1,0,0,0,0,1,0,0,0,0,0,0,0,1,0,0,0,0,0,0,0
tb.dut.clusters[0].cluster.sockets[0].socket.cores[0].core.execute.lsu_unit.lsu_slices[0].lsu_slice.genblk13[0]	12	56	81	3	2	3	2	3	1612521	1604682	1,1,0,0,0,0,0,0,0,0,0,0,0,0,0,0,0,0,0,0,0,0,0,0,0,0,0,0,0,0,0,0,0,0,0,0,0,0,0,0	0,0,0,0,0,0,0,0,0,0,0,0,0,0,0,0,0,0,1,0,0,0,0,0,1,0,0,0,0,0,0,0,1,0,0,0,0,0,0,0	2	3	2	3	2	3	1612521	1604682	1,1,0,0,0,0,0,0,0,0,0,0,0,0,0,0,0,0,0,0,0,0,0,0,0,0,0,0,0,0,0,0,0,0,0,0,0,0,0,0	0,0,0,0,0,0,0,0,0,0,0,0,0,0,0,0,0,0,1,0,0,0,0,0,1,0,0,0,0,0,0,0,1,0,0,0,0,0,0,0
tb.dut.clusters[0].cluster.sockets[0].socket.cores[0].core.execute.lsu_unit.lsu_slices[0].lsu_slice.genblk13[1]	12	56	81	3	2	3	2	3	1612521	1604682	1,1,0,0,0,0,0,0,0,0,0,0,0,0,0,0,0,0,0,0,0,0,0,0,0,0,0,0,0,0,0,0,0,0,0,0,0,0,0,0	0,0,0,0,0,0,0,0,0,0,0,0,0,0,0,0,0,0,1,0,0,0,0,0,1,0,0,0,0,0,0,0,1,0,0,0,0,0,0,0	2	3	2	3	2	3	1612521	1604682	1,1,0,0,0,0,0,0,0,0,0,0,0,0,0,0,0,0,0,0,0,0,0,0,0,0,0,0,0,0,0,0,0,0,0,0,0,0,0,0	0,0,0,0,0,0,0,0,0,0,0,0,0,0,0,0,0,0,1,0,0,0,0,0,1,0,0,0,0,0,0,0,1,0,0,0,0,0,0,0
tb.dut.clusters[0].cluster.sockets[0].socket.cores[0].core.execute.lsu_unit.lsu_slices[0].lsu_slice.genblk13[2]	12	56	81	3	2	3	2	3	1612521	1604682	1,1,0,0,0,0,0,0,0,0,0,0,0,0,0,0,0,0,0,0,0,0,0,0,0,0,0,0,0,0,0,0,0,0,0,0,0,0,0,0	0,0,0,0,0,0,0,0,0,0,0,0,0,0,0,0,0,0,1,0,0,0,0,0,1,0,0,0,0,0,0,0,1,0,0,0,0,0,0,0	2	3	2	3	2	3	1612521	1604682	1,1,0,0,0,0,0,0,0,0,0,0,0,0,0,0,0,0,0,0,0,0,0,0,0,0,0,0,0,0,0,0,0,0,0,0,0,0,0,0	0,0,0,0,0,0,0,0,0,0,0,0,0,0,0,0,0,0,1,0,0,0,0,0,1,0,0,0,0,0,0,0,1,0,0,0,0,0,0,0
tb.dut.clusters[0].cluster.sockets[0].socket.cores[0].core.execute.lsu_unit.lsu_slices[0].lsu_slice.genblk13[3]	12	56	81	3	2	3	2	3	1612521	1604682	1,1,0,0,0,0,0,0,0,0,0,0,0,0,0,0,0,0,0,0,0,0,0,0,0,0,0,0,0,0,0,0,0,0,0,0,0,0,0,0	0,0,0,0,0,0,0,0,0,0,0,0,0,0,0,0,0,0,1,0,0,0,0,0,1,0,0,0,0,0,0,0,1,0,0,0,0,0,0,0	2	3	2	3	2	3	1612521	1604682	1,1,0,0,0,0,0,0,0,0,0,0,0,0,0,0,0,0,0,0,0,0,0,0,0,0,0,0,0,0,0,0,0,0,0,0,0,0,0,0	0,0,0,0,0,0,0,0,0,0,0,0,0,0,0,0,0,0,1,0,0,0,0,0,1,0,0,0,0,0,0,0,1,0,0,0,0,0,0,0
tb.dut.clusters[0].cluster.sockets[0].socket.cores[0].core.execute.lsu_unit.lsu_slices[0].lsu_slice.genblk4[0]	12	130	47	31	29	31	2	30	1612493	1604324	27,2,0,0,0,0,0,0,0,0,0,0,0,0,0,0,0,0,0,0,0,0,0,0,0,0,0,0,0,0,0,0,0,0,0,0,0,0,0,0	2,0,0,0,0,0,21,0,0,0,0,0,0,1,2,0,0,0,1,1,0,0,0,0,1,0,0,0,0,0,0,0,1,0,0,0,0,0,0,0	2	12	11	12	2	12	1612512	1604360	10,1,0,0,0,0,0,0,0,0,0,0,0,0,0,0,0,0,0,0,0,0,0,0,0,0,0,0,0,0,0,0,0,0,0,0,0,0,0,0	0,0,0,0,0,0,0,0,0,0,0,0,0,0,6,0,1,1,1,1,0,0,0,0,1,0,0,0,0,0,0,0,1,0,0,0,0,0,0,0
tb.dut.clusters[0].cluster.sockets[0].socket.cores[0].core.execute.lsu_unit.lsu_slices[0].lsu_slice.genblk4[1]	12	130	47	31	29	31	2	30	1612493	1604324	27,2,0,0,0,0,0,0,0,0,0,0,0,0,0,0,0,0,0,0,0,0,0,0,0,0,0,0,0,0,0,0,0,0,0,0,0,0,0,0	2,0,0,0,0,0,21,0,0,0,0,0,0,1,2,0,0,0,1,1,0,0,0,0,1,0,0,0,0,0,0,0,1,0,0,0,0,0,0,0	2	12	11	12	2	12	1612512	1604360	10,1,0,0,0,0,0,0,0,0,0,0,0,0,0,0,0,0,0,0,0,0,0,0,0,0,0,0,0,0,0,0,0,0,0,0,0,0,0,0	0,0,0,0,0,0,0,0,0,0,0,0,0,0,6,0,1,1,1,1,0,0,0,0,1,0,0,0,0,0,0,0,1,0,0,0,0,0,0,0
tb.dut.clusters[0].cluster.sockets[0].socket.cores[0].core.execute.lsu_unit.lsu_slices[0].lsu_slice.genblk4[2]	12	130	52	31	29	31	2	30	1612493	1604324	27,2,0,0,0,0,0,0,0,0,0,0,0,0,0,0,0,0,0,0,0,0,0,0,0,0,0,0,0,0,0,0,0,0,0,0,0,0,0,0	2,0,0,0,0,0,21,0,0,0,0,0,0,1,2,0,0,0,1,1,0,0,0,0,1,0,0,0,0,0,0,0,1,0,0,0,0,0,0,0	2	13	12	13	2	13	1612511	1604324	11,1,0,0,0,0,0,0,0,0,0,0,0,0,0,0,0,0,0,0,0,0,0,0,0,0,0,0,0,0,0,0,0,0,0,0,0,0,0,0	0,0,0,0,0,0,0,0,0,0,0,0,0,0,6,0,1,2,1,1,0,0,0,0,1,0,0,0,0,0,0,0,1,0,0,0,0,0,0,0
tb.dut.clusters[0].cluster.sockets[0].socket.cores[0].core.execute.lsu_unit.lsu_slices[0].lsu_slice.genblk4[3]	12	130	52	31	29	31	2	30	1612493	1604324	27,2,0,0,0,0,0,0,0,0,0,0,0,0,0,0,0,0,0,0,0,0,0,0,0,0,0,0,0,0,0,0,0,0,0,0,0,0,0,0	2,0,0,0,0,0,21,0,0,0,0,0,0,1,2,0,0,0,1,1,0,0,0,0,1,0,0,0,0,0,0,0,1,0,0,0,0,0,0,0	2	13	12	13	2	13	1612511	1604324	11,1,0,0,0,0,0,0,0,0,0,0,0,0,0,0,0,0,0,0,0,0,0,0,0,0,0,0,0,0,0,0,0,0,0,0,0,0,0,0	0,0,0,0,0,0,0,0,0,0,0,0,0,0,6,0,1,2,1,1,0,0,0,0,1,0,0,0,0,0,0,0,1,0,0,0,0,0,0,0
tb.dut.clusters[0].cluster.sockets[0].socket.cores[0].core.execute.lsu_unit.lsu_slices[0].lsu_slice.genblk8[0]	12	4	3	1	1	1	1	2	1612523	1604324	1,0,0,0,0,0,0,0,0,0,0,0,0,0,0,0,0,0,0,0,0,0,0,0,0,0,0,0,0,0,0,0,0,0,0,0,0,0,0,0	0,0,0,0,0,0,0,0,0,0,0,0,0,0,0,0,0,0,0,0,0,0,0,0,0,1,0,0,0,0,0,0,1,0,0,0,0,0,0,0	2	1	1	1	1	2	1612523	1604324	1,0,0,0,0,0,0,0,0,0,0,0,0,0,0,0,0,0,0,0,0,0,0,0,0,0,0,0,0,0,0,0,0,0,0,0,0,0,0,0	0,0,0,0,0,0,0,0,0,0,0,0,0,0,0,0,0,0,0,0,0,0,0,0,0,1,0,0,0,0,0,0,1,0,0,0,0,0,0,0
tb.dut.clusters[0].cluster.sockets[0].socket.cores[0].core.execute.lsu_unit.lsu_slices[0].lsu_slice.genblk8[1]	12	4	3	1	1	1	1	2	1612523	1604324	1,0,0,0,0,0,0,0,0,0,0,0,0,0,0,0,0,0,0,0,0,0,0,0,0,0,0,0,0,0,0,0,0,0,0,0,0,0,0,0	0,0,0,0,0,0,0,0,0,0,0,0,0,0,0,0,0,0,0,0,0,0,0,0,0,1,0,0,0,0,0,0,1,0,0,0,0,0,0,0	2	1	1	1	1	2	1612523	1604324	1,0,0,0,0,0,0,0,0,0,0,0,0,0,0,0,0,0,0,0,0,0,0,0,0,0,0,0,0,0,0,0,0,0,0,0,0,0,0,0	0,0,0,0,0,0,0,0,0,0,0,0,0,0,0,0,0,0,0,0,0,0,0,0,0,1,0,0,0,0,0,0,1,0,0,0,0,0,0,0
tb.dut.clusters[0].cluster.sockets[0].socket.cores[0].core.execute.lsu_unit.lsu_slices[0].lsu_slice.genblk8[2]	12	4	3	1	1	1	1	2	1612523	1604324	1,0,0,0,0,0,0,0,0,0,0,0,0,0,0,0,0,0,0,0,0,0,0,0,0,0,0,0,0,0,0,0,0,0,0,0,0,0,0,0	0,0,0,0,0,0,0,0,0,0,0,0,0,0,0,0,0,0,0,0,0,0,0,0,0,1,0,0,0,0,0,0,1,0,0,0,0,0,0,0	2	1	1	1	1	2	1612523	1604324	1,0,0,0,0,0,0,0,0,0,0,0,0,0,0,0,0,0,0,0,0,0,0,0,0,0,0,0,0,0,0,0,0,0,0,0,0,0,0,0	0,0,0,0,0,0,0,0,0,0,0,0,0,0,0,0,0,0,0,0,0,0,0,0,0,1,0,0,0,0,0,0,1,0,0,0,0,0,0,0
tb.dut.clusters[0].cluster.sockets[0].socket.cores[0].core.execute.lsu_unit.lsu_slices[0].lsu_slice.genblk8[3]	12	4	3	1	1	1	1	2	1612523	1604324	1,0,0,0,0,0,0,0,0,0,0,0,0,0,0,0,0,0,0,0,0,0,0,0,0,0,0,0,0,0,0,0,0,0,0,0,0,0,0,0	0,0,0,0,0,0,0,0,0,0,0,0,0,0,0,0,0,0,0,0,0,0,0,0,0,1,0,0,0,0,0,0,1,0,0,0,0,0,0,0	2	1	1	1	1	2	1612523	1604324	1,0,0,0,0,0,0,0,0,0,0,0,0,0,0,0,0,0,0,0,0,0,0,0,0,0,0,0,0,0,0,0,0,0,0,0,0,0,0,0	0,0,0,0,0,0,0,0,0,0,0,0,0,0,0,0,0,0,0,0,0,0,0,0,0,1,0,0,0,0,0,0,1,0,0,0,0,0,0,0
tb.dut.clusters[0].cluster.sockets[0].socket.cores[0].core.execute.lsu_unit.lsu_slices[0].lsu_slice.genblk9[0]	12	1	66	66	34	66	3	35	1612458	1604324	3,30,1,0,0,0,0,0,0,0,0,0,0,0,0,0,0,0,0,0,0,0,0,0,0,0,0,0,0,0,0,0,0,0,0,0,0,0,0,0	1,1,0,0,1,27,0,0,0,0,0,0,0,0,0,0,0,0,2,1,0,0,0,0,1,0,0,0,0,0,0,0,1,0,0,0,0,0,0,0	2	0	0	0	0	1	1612524	1612524	0,0,0,0,0,0,0,0,0,0,0,0,0,0,0,0,0,0,0,0,0,0,0,0,0,0,0,0,0,0,0,0,0,0,0,0,0,0,0,0	0,0,0,0,0,0,0,0,0,0,0,0,0,0,0,0,0,0,0,0,0,0,0,0,0,0,0,0,0,0,0,0,1,0,0,0,0,0,0,0
tb.dut.clusters[0].cluster.sockets[0].socket.cores[0].core.execute.lsu_unit.lsu_slices[0].lsu_slice.genblk9[1]	12	1	66	66	34	66	3	35	1612458	1604324	3,30,1,0,0,0,0,0,0,0,0,0,0,0,0,0,0,0,0,0,0,0,0,0,0,0,0,0,0,0,0,0,0,0,0,0,0,0,0,0	1,1,0,0,1,27,0,0,0,0,0,0,0,0,0,0,0,0,2,1,0,0,0,0,1,0,0,0,0,0,0,0,1,0,0,0,0,0,0,0	2	0	0	0	0	1	1612524	1612524	0,0,0,0,0,0,0,0,0,0,0,0,0,0,0,0,0,0,0,0,0,0,0,0,0,0,0,0,0,0,0,0,0,0,0,0,0,0,0,0	0,0,0,0,0,0,0,0,0,0,0,0,0,0,0,0,0,0,0,0,0,0,0,0,0,0,0,0,0,0,0,0,1,0,0,0,0,0,0,0
tb.dut.clusters[0].cluster.sockets[0].socket.cores[0].core.execute.lsu_unit.lsu_slices[0].lsu_slice.genblk9[2]	12	1	66	66	34	66	3	35	1612458	1604324	3,30,1,0,0,0,0,0,0,0,0,0,0,0,0,0,0,0,0,0,0,0,0,0,0,0,0,0,0,0,0,0,0,0,0,0,0,0,0,0	1,1,0,0,1,27,0,0,0,0,0,0,0,0,0,0,0,0,2,1,0,0,0,0,1,0,0,0,0,0,0,0,1,0,0,0,0,0,0,0	2	0	0	0	0	1	1612524	1612524	0,0,0,0,0,0,0,0,0,0,0,0,0,0,0,0,0,0,0,0,0,0,0,0,0,0,0,0,0,0,0,0,0,0,0,0,0,0,0,0	0,0,0,0,0,0,0,0,0,0,0,0,0,0,0,0,0,0,0,0,0,0,0,0,0,0,0,0,0,0,0,0,1,0,0,0,0,0,0,0
tb.dut.clusters[0].cluster.sockets[0].socket.cores[0].core.execute.lsu_unit.lsu_slices[0].lsu_slice.genblk9[3]	12	1	66	66	34	66	3	35	1612458	1604324	3,30,1,0,0,0,0,0,0,0,0,0,0,0,0,0,0,0,0,0,0,0,0,0,0,0,0,0,0,0,0,0,0,0,0,0,0,0,0,0	1,1,0,0,1,27,0,0,0,0,0,0,0,0,0,0,0,0,2,1,0,0,0,0,1,0,0,0,0,0,0,0,1,0,0,0,0,0,0,0	2	0	0	0	0	1	1612524	1612524	0,0,0,0,0,0,0,0,0,0,0,0,0,0,0,0,0,0,0,0,0,0,0,0,0,0,0,0,0,0,0,0,0,0,0,0,0,0,0,0	0,0,0,0,0,0,0,0,0,0,0,0,0,0,0,0,0,0,0,0,0,0,0,0,0,0,0,0,0,0,0,0,1,0,0,0,0,0,0,0
tb.dut.clusters[0].cluster.sockets[0].socket.cores[0].core.execute.lsu_unit.lsu_slices[0].lsu_slice.lsu_mem_if	12	613	2582	83	40	83	5	40	1612441	1604319	5,31,1,2,1,0,0,0,0,0,0,0,0,0,0,0,0,0,0,0,0,0,0,0,0,0,0,0,0,0,0,0,0,0,0,0,0,0,0,0	0,1,0,1,0,32,0,0,0,0,0,0,0,0,0,0,0,0,4,0,0,0,0,0,1,0,0,0,0,0,0,0,1,0,0,0,0,0,0,0	4	40	36	40	3	36	1612484	1604324	33,2,1,0,0,0,0,0,0,0,0,0,0,0,0,0,0,0,0,0,0,0,0,0,0,0,0,0,0,0,0,0,0,0,0,0,0,0,0,0	0,1,0,0,0,0,29,0,0,0,0,0,0,0,0,0,1,0,3,0,0,0,0,0,1,0,0,0,0,0,0,0,1,0,0,0,0,0,0,0
tb.dut.clusters[0].cluster.sockets[0].socket.cores[0].core.execute.lsu_unit.per_block_commit_if[0]	10	242	231	69	32	69	6	33	1612455	1604326	0,30,1,0,0,1,0,0,0,0,0,0,0,0,0,0,0,0,0,0,0,0,0,0,0,0,0,0,0,0,0,0,0,0,0,0,0,0,0,0	0,0,0,0,1,26,0,0,0,0,0,0,0,0,0,0,0,0,3,1,0,0,0,0,1,0,0,0,0,0,0,0,1,0,0,0,0,0,0,0	2	68	33	68	4	34	1612456	1604326	1,30,1,1,0,0,0,0,0,0,0,0,0,0,0,0,0,0,0,0,0,0,0,0,0,0,0,0,0,0,0,0,0,0,0,0,0,0,0,0	1,0,0,0,1,26,0,0,0,0,0,0,0,0,0,0,0,0,3,1,0,0,0,0,1,0,0,0,0,0,0,0,1,0,0,0,0,0,0,0
tb.dut.clusters[0].cluster.sockets[0].socket.cores[0].core.execute.lsu_unit.per_block_execute_if[0]	10	541	2364	73	36	73	6	36	1612451	1604317	4,30,1,0,0,1,0,0,0,0,0,0,0,0,0,0,0,0,0,0,0,0,0,0,0,0,0,0,0,0,0,0,0,0,0,0,0,0,0,0	1,0,1,0,1,27,0,0,0,0,0,0,0,0,0,0,0,0,3,1,0,0,0,0,1,0,0,0,0,0,0,0,1,0,0,0,0,0,0,0	3	38	32	38	6	32	1612486	1604323	30,1,0,0,0,1,0,0,0,0,0,0,0,0,0,0,0,0,0,0,0,0,0,0,0,0,0,0,0,0,0,0,0,0,0,0,0,0,0,0	0,0,0,0,0,1,26,0,0,0,0,0,0,0,0,0,0,0,2,1,0,0,0,0,1,0,0,0,0,0,0,0,1,0,0,0,0,0,0,0
tb.dut.clusters[0].cluster.sockets[0].socket.cores[0].core.execute.sched_csr_if	9	70	3229649	1612494	2	1612494	1612490	2	30	20	0,0,0,1,0,0,0,0,0,0,0,0,0,0,0,0,0,0,0,0,0,0,0,0,0,0,0,0,0,0,0,0,1,0,0,0,0,0,0,0	0,0,0,0,0,0,0,0,0,1,0,0,0,0,0,0,1,0,0,0,0,0,0,0,0,0,0,0,0,0,0,0,0,0,0,0,0,0,0,0	2	808553	803941	808553	9	803942	803971	21	801641,0,2296,0,3,0,0,0,1,0,0,0,0,0,0,0,0,0,0,0,0,0,0,0,0,0,0,0,0,0,0,0,0,0,0,0,0,0,0,0	803940,0,0,0,0,0,0,0,0,1,0,0,0,0,0,0,1,0,0,0,0,0,0,0,0,0,0,0,0,0,0,0,0,0,0,0,0,0,0,0
tb.dut.clusters[0].cluster.sockets[0].socket.cores[0].core.execute.sfu_unit	9	11563	28942463	1612500	4	1612500	1612491	4	24	10	1,1,0,0,0,1,0,0,0,0,0,0,0,0,0,0,0,0,0,0,0,0,0,0,0,0,0,0,0,0,0,0,1,0,0,0,0,0,0,0	0,0,1,0,1,1,0,0,0,1,0,0,0,0,0,0,0,0,0,0,0,0,0,0,0,0,0,0,0,0,0,0,0,0,0,0,0,0,0,0	58	965	946	965	9	947	1611559	9866	942,0,0,1,2,0,0,0,1,0,0,0,0,0,0,0,0,0,0,0,0,0,0,0,0,0,0,0,0,0,0,0,0,0,0,0,0,0,0,0	0,0,0,0,0,0,0,0,0,0,0,0,1,0,0,0,12,19,84,139,91,74,203,241,68,15,0,0,0,0,0,0,0,0,0,0,0,0,0,0
tb.dut.clusters[0].cluster.sockets[0].socket.cores[0].core.execute.sfu_unit.arb_commit_if[0]	10	242	106	18	5	18	5	6	1612506	1612089	0,2,0,1,2,0,0,0,0,0,0,0,0,0,0,0,0,0,0,0,0,0,0,0,0,0,0,0,0,0,0,0,0,0,0,0,0,0,0,0	0,0,0,0,1,0,0,0,0,0,0,0,0,2,0,0,1,0,0,0,1,0,0,0,0,0,0,0,0,0,0,0,1,0,0,0,0,0,0,0	2	15	8	15	5	9	1612509	1612089	4,3,0,0,1,0,0,0,0,0,0,0,0,0,0,0,0,0,0,0,0,0,0,0,0,0,0,0,0,0,0,0,0,0,0,0,0,0,0,0	3,0,0,0,1,0,0,0,0,0,0,0,0,2,0,0,1,0,0,0,1,0,0,0,0,0,0,0,0,0,0,0,1,0,0,0,0,0,0,0
tb.dut.clusters[0].cluster.sockets[0].socket.cores[0].core.execute.sfu_unit.commit_csr_if	10	44	1085830	542920	521350	542920	8	521351	1069604	327	514657,2074,515,2053,1,0,2047,3,0,0,0,0,0,0,0,0,0,0,0,0,0,0,0,0,0,0,0,0,0,0,0,0,0,0,0,0,0,0,0,0	51,516367,2071,5,7,509,27,3,254,4,2,2047,1,0,1,0,1,0,0,0,1,0,0,0,0,0,0,0,0,0,0,0,0,0,0,0,0,0,0,0	2	271460	271460	271460	1	271461	1341064	333	271460,0,0,0,0,0,0,0,0,0,0,0,0,0,0,0,0,0,0,0,0,0,0,0,0,0,0,0,0,0,0,0,0,0,0,0,0,0,0,0	8694,23,2072,4,256012,2062,21,2,248,11,3,0,2046,0,15,243,4,0,0,0,1,0,0,0,0,0,0,0,0,0,0,0,0,0,0,0,0,0,0,0
tb.dut.clusters[0].cluster.sockets[0].socket.cores[0].core.execute.sfu_unit.commit_if[0]	10	242	116	18	5	18	5	6	1612506	1612089	0,2,0,1,2,0,0,0,0,0,0,0,0,0,0,0,0,0,0,0,0,0,0,0,0,0,0,0,0,0,0,0,0,0,0,0,0,0,0,0	0,0,0,0,1,0,0,0,0,0,0,0,1,1,0,0,1,0,0,0,1,0,0,0,0,0,0,0,0,0,0,0,1,0,0,0,0,0,0,0	2	15	8	15	5	9	1612509	1612089	4,3,0,0,1,0,0,0,0,0,0,0,0,0,0,0,0,0,0,0,0,0,0,0,0,0,0,0,0,0,0,0,0,0,0,0,0,0,0,0	3,0,0,0,1,0,0,0,0,0,0,0,1,1,0,0,1,0,0,0,1,0,0,0,0,0,0,0,0,0,0,0,1,0,0,0,0,0,0,0
tb.dut.clusters[0].cluster.sockets[0].socket.cores[0].core.execute.sfu_unit.csr_commit_if	10	242	46	5	1	5	5	2	1612519	1612115	0,0,0,0,1,0,0,0,0,0,0,0,0,0,0,0,0,0,0,0,0,0,0,0,0,0,0,0,0,0,0,0,0,0,0,0,0,0,0,0	0,0,0,0,0,0,0,0,0,0,0,0,0,0,0,0,0,0,0,0,1,0,0,0,0,0,0,0,0,0,0,0,1,0,0,0,0,0,0,0	2	5	1	5	5	2	1612519	1612115	0,0,0,0,1,0,0,0,0,0,0,0,0,0,0,0,0,0,0,0,0,0,0,0,0,0,0,0,0,0,0,0,0,0,0,0,0,0,0,0	0,0,0,0,0,0,0,0,0,0,0,0,0,0,0,0,0,0,0,0,1,0,0,0,0,0,0,0,0,0,0,0,1,0,0,0,0,0,0,0
tb.dut.clusters[0].cluster.sockets[0].socket.cores[0].core.execute.sfu_unit.csr_execute_if	10	541	101	29	15	29	5	15	1612495	1612089	9,3,0,1,2,0,0,0,0,0,0,0,0,0,0,0,0,0,0,0,0,0,0,0,0,0,0,0,0,0,0,0,0,0,0,0,0,0,0,0	2,0,2,2,1,1,2,0,0,0,0,1,0,0,0,1,1,0,0,0,1,0,0,0,0,0,0,0,0,0,0,0,1,0,0,0,0,0,0,0	3	5	4	5	2	5	1612519	1612093	3,1,0,0,0,0,0,0,0,0,0,0,0,0,0,0,0,0,0,0,0,0,0,0,0,0,0,0,0,0,0,0,0,0,0,0,0,0,0,0	0,0,0,0,0,0,0,0,0,0,0,0,0,0,0,0,3,0,0,0,1,0,0,0,0,0,0,0,0,0,0,0,1,0,0,0,0,0,0,0
tb.dut.clusters[0].cluster.sockets[0].socket.cores[0].core.execute.sfu_unit.csr_unit	10	2330	20418231	1612499	4	1612499	1612490	4	25	10	1,1,0,0,0,1,0,0,0,0,0,0,0,0,0,0,0,0,0,0,0,0,0,0,0,0,0,0,0,0,0,0,1,0,0,0,0,0,0,0	0,0,1,0,0,2,0,0,0,1,0,0,0,0,0,0,0,0,0,0,0,0,0,0,0,0,0,0,0,0,0,0,0,0,0,0,0,0,0,0	12	799443	462272	799443	5	462273	813081	55	197085,199854,59198,5619,516,0,0,0,0,0,0,0,0,0,0,0,0,0,0,0,0,0,0,0,0,0,0,0,0,0,0,0,0,0,0,0,0,0,0,0	235596,161829,32062,28574,1009,275,573,88,154,88,451,335,211,16,453,8,550,1,0,0,0,0,0,0,0,0,0,0,0,0,0,0,0,0,0,0,0,0,0,0
tb.dut.clusters[0].cluster.sockets[0].socket.cores[0].core.execute.sfu_unit.csr_unit.commit_csr_if	11	44	1085830	542920	521350	542920	8	521351	1069604	327	514657,2074,515,2053,1,0,2047,3,0,0,0,0,0,0,0,0,0,0,0,0,0,0,0,0,0,0,0,0,0,0,0,0,0,0,0,0,0,0,0,0	51,516367,2071,5,7,509,27,3,254,4,2,2047,1,0,1,0,1,0,0,0,1,0,0,0,0,0,0,0,0,0,0,0,0,0,0,0,0,0,0,0	2	271460	271460	271460	1	271461	1341064	333	271460,0,0,0,0,0,0,0,0,0,0,0,0,0,0,0,0,0,0,0,0,0,0,0,0,0,0,0,0,0,0,0,0,0,0,0,0,0,0,0	8694,23,2072,4,256012,2062,21,2,248,11,3,0,2046,0,15,243,4,0,0,0,1,0,0,0,0,0,0,0,0,0,0,0,0,0,0,0,0,0,0,0
tb.dut.clusters[0].cluster.sockets[0].socket.cores[0].core.execute.sfu_unit.csr_unit.commit_if	11	242	46	5	1	5	5	2	1612519	1612115	0,0,0,0,1,0,0,0,0,0,0,0,0,0,0,0,0,0,0,0,0,0,0,0,0,0,0,0,0,0,0,0,0,0,0,0,0,0,0,0	0,0,0,0,0,0,0,0,0,0,0,0,0,0,0,0,0,0,0,0,1,0,0,0,0,0,0,0,0,0,0,0,1,0,0,0,0,0,0,0	2	5	1	5	5	2	1612519	1612115	0,0,0,0,1,0,0,0,0,0,0,0,0,0,0,0,0,0,0,0,0,0,0,0,0,0,0,0,0,0,0,0,0,0,0,0,0,0,0,0	0,0,0,0,0,0,0,0,0,0,0,0,0,0,0,0,0,0,0,0,1,0,0,0,0,0,0,0,0,0,0,0,1,0,0,0,0,0,0,0
tb.dut.clusters[0].cluster.sockets[0].socket.cores[0].core.execute.sfu_unit.csr_unit.csr_data	11	523	11896078	1612498	4	1612498	1612490	4	26	10	1,1,0,0,1,0,0,0,0,0,0,0,0,0,0,0,0,0,0,0,0,0,0,0,0,0,0,0,0,0,0,0,1,0,0,0,0,0,0,0	0,0,0,1,0,2,0,0,0,1,0,0,0,0,0,0,0,0,0,0,0,0,0,0,0,0,0,0,0,0,0,0,0,0,0,0,0,0,0,0	3	1569656	32170	1569656	731	32171	42868	23	9308,1055,2191,4,14475,4,3,513,512,0,1027,0,4,0,3,0,1023,0,0,0,0,2048,0,0,0,0,0,0,0,0,0,0,0,0,0,0,0,0,0,0	25930,1812,4427,0,0,0,0,0,0,1,0,0,0,0,0,0,1,0,0,0,0,0,0,0,0,0,0,0,0,0,0,0,0,0,0,0,0,0,0,0
tb.dut.clusters[0].cluster.sockets[0].socket.cores[0].core.execute.sfu_unit.csr_unit.csr_data.commit_csr_if	12	44	1085830	542920	521350	542920	8	521351	1069604	327	514657,2074,515,2053,1,0,2047,3,0,0,0,0,0,0,0,0,0,0,0,0,0,0,0,0,0,0,0,0,0,0,0,0,0,0,0,0,0,0,0,0	51,516367,2071,5,7,509,27,3,254,4,2,2047,1,0,1,0,1,0,0,0,1,0,0,0,0,0,0,0,0,0,0,0,0,0,0,0,0,0,0,0	2	271460	271460	271460	1	271461	1341064	333	271460,0,0,0,0,0,0,0,0,0,0,0,0,0,0,0,0,0,0,0,0,0,0,0,0,0,0,0,0,0,0,0,0,0,0,0,0,0,0,0	8694,23,2072,4,256012,2062,21,2,248,11,3,0,2046,0,15,243,4,0,0,0,1,0,0,0,0,0,0,0,0,0,0,0,0,0,0,0,0,0,0,0
tb.dut.clusters[0].cluster.sockets[0].socket.cores[0].core.execute.sfu_unit.csr_unit.csr_data.fpu_csr_if[0]	12	13	4206360	1577177	6188	1577177	766	6189	35347	8240	1,4114,3,0,2,11,1,1,0,0,1,0,0,0,6,0,0,0,0,0,0,2048,0,0,0,0,0,0,0,0,0,0,0,0,0,0,0,0,0,0	4137,1,1,0,0,0,0,0,0,1,2046,0,0,0,1,0,0,0,0,0,1,0,0,0,0,1,0,0,0,0,0,0,0,0,0,0,0,0,0,0	2	1529640	47271	1529640	671	47272	82884	8240	2055,20485,11,39,22501,0,0,0,0,1,0,2,0,0,0,0,3,2,29,60,102,1981,0,0,0,0,0,0,0,0,0,0,0,0,0,0,0,0,0,0	42975,159,2060,6,10,10,0,1,0,2,0,2046,0,0,0,0,1,0,0,0,1,0,0,0,0,1,0,0,0,0,0,0,0,0,0,0,0,0,0,0
tb.dut.clusters[0].cluster.sockets[0].socket.cores[0].core.execute.sfu_unit.csr_unit.execute_if	11	541	101	29	15	29	5	15	1612495	1612089	9,3,0,1,2,0,0,0,0,0,0,0,0,0,0,0,0,0,0,0,0,0,0,0,0,0,0,0,0,0,0,0,0,0,0,0,0,0,0,0	2,0,2,2,1,1,2,0,0,0,0,1,0,0,0,1,1,0,0,0,1,0,0,0,0,0,0,0,0,0,0,0,1,0,0,0,0,0,0,0	3	5	4	5	2	5	1612519	1612093	3,1,0,0,0,0,0,0,0,0,0,0,0,0,0,0,0,0,0,0,0,0,0,0,0,0,0,0,0,0,0,0,0,0,0,0,0,0,0,0	0,0,0,0,0,0,0,0,0,0,0,0,0,0,0,0,3,0,0,0,1,0,0,0,0,0,0,0,0,0,0,0,1,0,0,0,0,0,0,0
tb.dut.clusters[0].cluster.sockets[0].socket.cores[0].core.execute.sfu_unit.csr_unit.fpu_csr_if[0]	11	13	4206360	1577177	6188	1577177	766	6189	35347	8240	1,4114,3,0,2,11,1,1,0,0,1,0,0,0,6,0,0,0,0,0,0,2048,0,0,0,0,0,0,0,0,0,0,0,0,0,0,0,0,0,0	4137,1,1,0,0,0,0,0,0,1,2046,0,0,0,1,0,0,0,0,0,1,0,0,0,0,1,0,0,0,0,0,0,0,0,0,0,0,0,0,0	2	1529640	47271	1529640	671	47272	82884	8240	2055,20485,11,39,22501,0,0,0,0,1,0,2,0,0,0,0,3,2,29,60,102,1981,0,0,0,0,0,0,0,0,0,0,0,0,0,0,0,0,0,0	42975,159,2060,6,10,10,0,1,0,2,0,2046,0,0,0,0,1,0,0,0,1,0,0,0,0,1,0,0,0,0,0,0,0,0,0,0,0,0,0,0
tb.dut.clusters[0].cluster.sockets[0].socket.cores[0].core.execute.sfu_unit.csr_unit.sched_csr_if	11	70	3229649	1612494	2	1612494	1612490	2	30	20	0,0,0,1,0,0,0,0,0,0,0,0,0,0,0,0,0,0,0,0,0,0,0,0,0,0,0,0,0,0,0,0,1,0,0,0,0,0,0,0	0,0,0,0,0,0,0,0,0,1,0,0,0,0,0,0,1,0,0,0,0,0,0,0,0,0,0,0,0,0,0,0,0,0,0,0,0,0,0,0	2	808553	803941	808553	9	803942	803971	21	801641,0,2296,0,3,0,0,0,1,0,0,0,0,0,0,0,0,0,0,0,0,0,0,0,0,0,0,0,0,0,0,0,0,0,0,0,0,0,0,0	803940,0,0,0,0,0,0,0,0,1,0,0,0,0,0,0,1,0,0,0,0,0,0,0,0,0,0,0,0,0,0,0,0,0,0,0,0,0,0,0
tb.dut.clusters[0].cluster.sockets[0].socket.cores[0].core.execute.sfu_unit.dispatch_if[0]	10	474	100	21	7	21	5	7	1612503	1612089	1,3,0,1,2,0,0,0,0,0,0,0,0,0,0,0,0,0,0,0,0,0,0,0,0,0,0,0,0,0,0,0,0,0,0,0,0,0,0,0	0,0,1,0,1,0,0,0,0,0,0,0,0,1,0,0,2,0,0,0,1,0,0,0,0,0,0,0,0,0,0,0,1,0,0,0,0,0,0,0	3	6	5	6	2	6	1612518	1612093	4,1,0,0,0,0,0,0,0,0,0,0,0,0,0,0,0,0,0,0,0,0,0,0,0,0,0,0,0,0,0,0,0,0,0,0,0,0,0,0	0,1,0,0,0,0,0,0,0,0,0,0,0,0,0,0,3,0,0,0,1,0,0,0,0,0,0,0,0,0,0,0,1,0,0,0,0,0,0,0
tb.dut.clusters[0].cluster.sockets[0].socket.cores[0].core.execute.sfu_unit.dispatch_unit	10	2375	366	28	8	28	6	8	1612496	1612088	2,0,3,0,1,2,0,0,0,0,0,0,0,0,0,0,0,0,0,0,0,0,0,0,0,0,0,0,0,0,0,0,0,0,0,0,0,0,0,0	0,1,0,1,0,0,0,0,0,0,0,0,1,0,0,1,2,0,0,0,1,0,0,0,0,0,0,0,0,0,0,0,1,0,0,0,0,0,0,0	12	9	5	9	2	5	1612515	1612092	1,4,0,0,0,0,0,0,0,0,0,0,0,0,0,0,0,0,0,0,0,0,0,0,0,0,0,0,0,0,0,0,0,0,0,0,0,0,0,0	0,0,0,0,0,0,0,0,0,0,0,0,0,0,0,0,3,0,0,0,1,0,0,0,0,0,0,0,0,0,0,0,1,0,0,0,0,0,0,0
tb.dut.clusters[0].cluster.sockets[0].socket.cores[0].core.execute.sfu_unit.dispatch_unit.dispatch_if[0]	11	474	100	21	7	21	5	7	1612503	1612089	1,3,0,1,2,0,0,0,0,0,0,0,0,0,0,0,0,0,0,0,0,0,0,0,0,0,0,0,0,0,0,0,0,0,0,0,0,0,0,0	0,0,1,0,1,0,0,0,0,0,0,0,0,1,0,0,2,0,0,0,1,0,0,0,0,0,0,0,0,0,0,0,1,0,0,0,0,0,0,0	3	6	5	6	2	6	1612518	1612093	4,1,0,0,0,0,0,0,0,0,0,0,0,0,0,0,0,0,0,0,0,0,0,0,0,0,0,0,0,0,0,0,0,0,0,0,0,0,0,0	0,1,0,0,0,0,0,0,0,0,0,0,0,0,0,0,3,0,0,0,1,0,0,0,0,0,0,0,0,0,0,0,1,0,0,0,0,0,0,0
tb.dut.clusters[0].cluster.sockets[0].socket.cores[0].core.execute.sfu_unit.dispatch_unit.execute_if[0]	11	541	101	21	7	21	5	7	1612503	1612089	1,3,0,1,2,0,0,0,0,0,0,0,0,0,0,0,0,0,0,0,0,0,0,0,0,0,0,0,0,0,0,0,0,0,0,0,0,0,0,0	0,0,1,0,1,0,0,0,0,0,0,0,0,1,0,1,1,0,0,0,1,0,0,0,0,0,0,0,0,0,0,0,1,0,0,0,0,0,0,0	3	7	6	7	2	6	1612517	1612093	5,1,0,0,0,0,0,0,0,0,0,0,0,0,0,0,0,0,0,0,0,0,0,0,0,0,0,0,0,0,0,0,0,0,0,0,0,0,0,0	0,1,0,0,0,0,0,0,0,0,0,0,0,0,0,0,3,0,0,0,1,0,0,0,0,0,0,0,0,0,0,0,1,0,0,0,0,0,0,0
tb.dut.clusters[0].cluster.sockets[0].socket.cores[0].core.execute.sfu_unit.dispatch_unit.genblk5[0]	11	7	35	23	8	23	5	8	1612501	1612089	2,2,1,1,2,0,0,0,0,0,0,0,0,0,0,0,0,0,0,0,0,0,0,0,0,0,0,0,0,0,0,0,0,0,0,0,0,0,0,0	0,1,0,0,1,0,0,0,0,0,0,0,0,1,0,0,3,0,0,0,1,0,0,0,0,0,0,0,0,0,0,0,1,0,0,0,0,0,0,0	2	11	9	11	2	9	1612513	1612089	7,2,0,0,0,0,0,0,0,0,0,0,0,0,0,0,0,0,0,0,0,0,0,0,0,0,0,0,0,0,0,0,0,0,0,0,0,0,0,0	4,0,0,0,1,0,0,0,0,0,0,0,0,1,0,0,1,0,0,0,1,0,0,0,0,0,0,0,0,0,0,0,1,0,0,0,0,0,0,0
tb.dut.clusters[0].cluster.sockets[0].socket.cores[0].core.execute.sfu_unit.fpu_csr_if[0]	10	13	4206360	1577177	6188	1577177	766	6189	35347	8240	1,4114,3,0,2,11,1,1,0,0,1,0,0,0,6,0,0,0,0,0,0,2048,0,0,0,0,0,0,0,0,0,0,0,0,0,0,0,0,0,0	4137,1,1,0,0,0,0,0,0,1,2046,0,0,0,1,0,0,0,0,0,1,0,0,0,0,1,0,0,0,0,0,0,0,0,0,0,0,0,0,0	2	1529640	47271	1529640	671	47272	82884	8240	2055,20485,11,39,22501,0,0,0,0,1,0,2,0,0,0,0,3,2,29,60,102,1981,0,0,0,0,0,0,0,0,0,0,0,0,0,0,0,0,0,0	42975,159,2060,6,10,10,0,1,0,2,0,2046,0,0,0,0,1,0,0,0,1,0,0,0,0,1,0,0,0,0,0,0,0,0,0,0,0,0,0,0
tb.dut.clusters[0].cluster.sockets[0].socket.cores[0].core.execute.sfu_unit.gather_unit	10	1472	596	25	7	25	6	8	1612499	1612088	2,0,2,0,1,2,0,0,0,0,0,0,0,0,0,0,0,0,0,0,0,0,0,0,0,0,0,0,0,0,0,0,0,0,0,0,0,0,0,0	0,0,1,1,0,0,0,0,0,0,0,0,2,0,0,0,2,0,0,0,1,0,0,0,0,0,0,0,0,0,0,0,1,0,0,0,0,0,0,0	8	19	6	19	6	7	1612505	1612088	2,0,2,0,1,1,0,0,0,0,0,0,0,0,0,0,0,0,0,0,0,0,0,0,0,0,0,0,0,0,0,0,0,0,0,0,0,0,0,0	1,0,0,0,1,0,0,0,0,0,0,0,0,2,0,0,1,0,0,0,1,0,0,0,0,0,0,0,0,0,0,0,1,0,0,0,0,0,0,0
tb.dut.clusters[0].cluster.sockets[0].socket.cores[0].core.execute.sfu_unit.gather_unit.commit_in_if[0]	11	242	106	18	5	18	5	6	1612506	1612089	0,2,0,1,2,0,0,0,0,0,0,0,0,0,0,0,0,0,0,0,0,0,0,0,0,0,0,0,0,0,0,0,0,0,0,0,0,0,0,0	0,0,0,0,1,0,0,0,0,0,0,0,0,2,0,0,1,0,0,0,1,0,0,0,0,0,0,0,0,0,0,0,1,0,0,0,0,0,0,0	2	15	8	15	5	9	1612509	1612089	4,3,0,0,1,0,0,0,0,0,0,0,0,0,0,0,0,0,0,0,0,0,0,0,0,0,0,0,0,0,0,0,0,0,0,0,0,0,0,0	3,0,0,0,1,0,0,0,0,0,0,0,0,2,0,0,1,0,0,0,1,0,0,0,0,0,0,0,0,0,0,0,1,0,0,0,0,0,0,0
tb.dut.clusters[0].cluster.sockets[0].socket.cores[0].core.execute.sfu_unit.gather_unit.commit_out_if[0]	11	242	116	18	5	18	5	6	1612506	1612089	0,2,0,1,2,0,0,0,0,0,0,0,0,0,0,0,0,0,0,0,0,0,0,0,0,0,0,0,0,0,0,0,0,0,0,0,0,0,0,0	0,0,0,0,1,0,0,0,0,0,0,0,1,1,0,0,1,0,0,0,1,0,0,0,0,0,0,0,0,0,0,0,1,0,0,0,0,0,0,0	2	15	8	15	5	9	1612509	1612089	4,3,0,0,1,0,0,0,0,0,0,0,0,0,0,0,0,0,0,0,0,0,0,0,0,0,0,0,0,0,0,0,0,0,0,0,0,0,0,0	3,0,0,0,1,0,0,0,0,0,0,0,1,1,0,0,1,0,0,0,1,0,0,0,0,0,0,0,0,0,0,0,1,0,0,0,0,0,0,0
tb.dut.clusters[0].cluster.sockets[0].socket.cores[0].core.execute.sfu_unit.gather_unit.genblk5[0]	11	374	160	18	5	18	5	6	1612506	1612089	0,2,0,1,2,0,0,0,0,0,0,0,0,0,0,0,0,0,0,0,0,0,0,0,0,0,0,0,0,0,0,0,0,0,0,0,0,0,0,0	0,0,0,0,1,0,0,0,0,0,0,0,1,1,0,0,1,0,0,0,1,0,0,0,0,0,0,0,0,0,0,0,1,0,0,0,0,0,0,0	2	15	8	15	5	9	1612509	1612089	4,3,0,0,1,0,0,0,0,0,0,0,0,0,0,0,0,0,0,0,0,0,0,0,0,0,0,0,0,0,0,0,0,0,0,0,0,0,0,0	3,0,0,0,1,0,0,0,0,0,0,0,1,1,0,0,1,0,0,0,1,0,0,0,0,0,0,0,0,0,0,0,1,0,0,0,0,0,0,0
tb.dut.clusters[0].cluster.sockets[0].socket.cores[0].core.execute.sfu_unit.gather_unit.genblk5[0].commit_tmp_if	12	242	116	18	5	18	5	6	1612506	1612089	0,2,0,1,2,0,0,0,0,0,0,0,0,0,0,0,0,0,0,0,0,0,0,0,0,0,0,0,0,0,0,0,0,0,0,0,0,0,0,0	0,0,0,0,1,0,0,0,0,0,0,0,1,1,0,0,1,0,0,0,1,0,0,0,0,0,0,0,0,0,0,0,1,0,0,0,0,0,0,0	2	15	8	15	5	9	1612509	1612089	4,3,0,0,1,0,0,0,0,0,0,0,0,0,0,0,0,0,0,0,0,0,0,0,0,0,0,0,0,0,0,0,0,0,0,0,0,0,0,0	3,0,0,0,1,0,0,0,0,0,0,0,1,1,0,0,1,0,0,0,1,0,0,0,0,0,0,0,0,0,0,0,1,0,0,0,0,0,0,0
tb.dut.clusters[0].cluster.sockets[0].socket.cores[0].core.execute.sfu_unit.per_block_execute_if[0]	10	541	101	21	7	21	5	7	1612503	1612089	1,3,0,1,2,0,0,0,0,0,0,0,0,0,0,0,0,0,0,0,0,0,0,0,0,0,0,0,0,0,0,0,0,0,0,0,0,0,0,0	0,0,1,0,1,0,0,0,0,0,0,0,0,1,0,1,1,0,0,0,1,0,0,0,0,0,0,0,0,0,0,0,1,0,0,0,0,0,0,0	3	7	6	7	2	6	1612517	1612093	5,1,0,0,0,0,0,0,0,0,0,0,0,0,0,0,0,0,0,0,0,0,0,0,0,0,0,0,0,0,0,0,0,0,0,0,0,0,0,0	0,1,0,0,0,0,0,0,0,0,0,0,0,0,0,0,3,0,0,0,1,0,0,0,0,0,0,0,0,0,0,0,1,0,0,0,0,0,0,0
tb.dut.clusters[0].cluster.sockets[0].socket.cores[0].core.execute.sfu_unit.sched_csr_if	10	70	3229649	1612494	2	1612494	1612490	2	30	20	0,0,0,1,0,0,0,0,0,0,0,0,0,0,0,0,0,0,0,0,0,0,0,0,0,0,0,0,0,0,0,0,1,0,0,0,0,0,0,0	0,0,0,0,0,0,0,0,0,1,0,0,0,0,0,0,1,0,0,0,0,0,0,0,0,0,0,0,0,0,0,0,0,0,0,0,0,0,0,0	2	808553	803941	808553	9	803942	803971	21	801641,0,2296,0,3,0,0,0,1,0,0,0,0,0,0,0,0,0,0,0,0,0,0,0,0,0,0,0,0,0,0,0,0,0,0,0,0,0,0,0	803940,0,0,0,0,0,0,0,0,1,0,0,0,0,0,0,1,0,0,0,0,0,0,0,0,0,0,0,0,0,0,0,0,0,0,0,0,0,0,0
tb.dut.clusters[0].cluster.sockets[0].socket.cores[0].core.execute.sfu_unit.warp_ctl_if	10	98	109	20	5	20	5	6	1612504	1612089	0,1,1,0,3,0,0,0,0,0,0,0,0,0,0,0,0,0,0,0,0,0,0,0,0,0,0,0,0,0,0,0,0,0,0,0,0,0,0,0	0,0,0,1,0,0,0,0,0,0,0,0,1,0,1,0,1,0,0,0,1,0,0,0,0,0,0,0,0,0,0,0,1,0,0,0,0,0,0,0	2	14	5	14	5	6	1612510	1612092	1,2,0,1,1,0,0,0,0,0,0,0,0,0,0,0,0,0,0,0,0,0,0,0,0,0,0,0,0,0,0,0,0,0,0,0,0,0,0,0	0,0,0,0,1,0,0,0,0,0,0,0,0,0,2,0,1,0,0,0,1,0,0,0,0,0,0,0,0,0,0,0,1,0,0,0,0,0,0,0
tb.dut.clusters[0].cluster.sockets[0].socket.cores[0].core.execute.sfu_unit.wctl_commit_if	10	242	56	13	4	13	5	5	1612511	1612108	0,2,0,1,1,0,0,0,0,0,0,0,0,0,0,0,0,0,0,0,0,0,0,0,0,0,0,0,0,0,0,0,0,0,0,0,0,0,0,0	0,0,0,0,1,0,0,0,0,0,0,0,0,0,1,0,1,0,0,0,1,0,0,0,0,0,0,0,0,0,0,0,1,0,0,0,0,0,0,0	2	10	7	10	2	8	1612514	1612108	4,3,0,0,0,0,0,0,0,0,0,0,0,0,0,0,0,0,0,0,0,0,0,0,0,0,0,0,0,0,0,0,0,0,0,0,0,0,0,0	3,0,0,0,1,0,0,0,0,0,0,0,0,0,1,0,1,0,0,0,1,0,0,0,0,0,0,0,0,0,0,0,1,0,0,0,0,0,0,0
tb.dut.clusters[0].cluster.sockets[0].socket.cores[0].core.execute.sfu_unit.wctl_execute_if	10	541	99	21	7	21	5	7	1612503	1612089	1,3,0,1,2,0,0,0,0,0,0,0,0,0,0,0,0,0,0,0,0,0,0,0,0,0,0,0,0,0,0,0,0,0,0,0,0,0,0,0	0,0,1,0,1,0,0,0,0,0,0,0,0,1,0,1,1,0,0,0,1,0,0,0,0,0,0,0,0,0,0,0,1,0,0,0,0,0,0,0	3	7	6	7	2	6	1612517	1612093	5,1,0,0,0,0,0,0,0,0,0,0,0,0,0,0,0,0,0,0,0,0,0,0,0,0,0,0,0,0,0,0,0,0,0,0,0,0,0,0	0,1,0,0,0,0,0,0,0,0,0,0,0,0,0,0,3,0,0,0,1,0,0,0,0,0,0,0,0,0,0,0,1,0,0,0,0,0,0,0
tb.dut.clusters[0].cluster.sockets[0].socket.cores[0].core.execute.sfu_unit.wctl_unit	10	1376	485	26	8	26	6	8	1612498	1612089	2,1,2,0,2,1,0,0,0,0,0,0,0,0,0,0,0,0,0,0,0,0,0,0,0,0,0,0,0,0,0,0,0,0,0,0,0,0,0,0	0,0,1,1,0,0,0,0,0,0,0,0,1,0,1,0,2,0,0,0,1,0,0,0,0,0,0,0,0,0,0,0,1,0,0,0,0,0,0,0	7	15	6	15	6	7	1612509	1612093	2,2,1,0,0,1,0,0,0,0,0,0,0,0,0,0,0,0,0,0,0,0,0,0,0,0,0,0,0,0,0,0,0,0,0,0,0,0,0,0	1,0,0,0,1,0,0,0,0,0,0,0,1,0,0,1,1,0,0,0,1,0,0,0,0,0,0,0,0,0,0,0,1,0,0,0,0,0,0,0
tb.dut.clusters[0].cluster.sockets[0].socket.cores[0].core.execute.sfu_unit.wctl_unit.commit_if	11	242	56	13	4	13	5	5	1612511	1612108	0,2,0,1,1,0,0,0,0,0,0,0,0,0,0,0,0,0,0,0,0,0,0,0,0,0,0,0,0,0,0,0,0,0,0,0,0,0,0,0	0,0,0,0,1,0,0,0,0,0,0,0,0,0,1,0,1,0,0,0,1,0,0,0,0,0,0,0,0,0,0,0,1,0,0,0,0,0,0,0	2	10	7	10	2	8	1612514	1612108	4,3,0,0,0,0,0,0,0,0,0,0,0,0,0,0,0,0,0,0,0,0,0,0,0,0,0,0,0,0,0,0,0,0,0,0,0,0,0,0	3,0,0,0,1,0,0,0,0,0,0,0,0,0,1,0,1,0,0,0,1,0,0,0,0,0,0,0,0,0,0,0,1,0,0,0,0,0,0,0
tb.dut.clusters[0].cluster.sockets[0].socket.cores[0].core.execute.sfu_unit.wctl_unit.execute_if	11	541	99	21	7	21	5	7	1612503	1612089	1,3,0,1,2,0,0,0,0,0,0,0,0,0,0,0,0,0,0,0,0,0,0,0,0,0,0,0,0,0,0,0,0,0,0,0,0,0,0,0	0,0,1,0,1,0,0,0,0,0,0,0,0,1,0,1,1,0,0,0,1,0,0,0,0,0,0,0,0,0,0,0,1,0,0,0,0,0,0,0	3	7	6	7	2	6	1612517	1612093	5,1,0,0,0,0,0,0,0,0,0,0,0,0,0,0,0,0,0,0,0,0,0,0,0,0,0,0,0,0,0,0,0,0,0,0,0,0,0,0	0,1,0,0,0,0,0,0,0,0,0,0,0,0,0,0,3,0,0,0,1,0,0,0,0,0,0,0,0,0,0,0,1,0,0,0,0,0,0,0
tb.dut.clusters[0].cluster.sockets[0].socket.cores[0].core.execute.sfu_unit.wctl_unit.warp_ctl_if	11	98	109	20	5	20	5	6	1612504	1612089	0,1,1,0,3,0,0,0,0,0,0,0,0,0,0,0,0,0,0,0,0,0,0,0,0,0,0,0,0,0,0,0,0,0,0,0,0,0,0,0	0,0,0,1,0,0,0,0,0,0,0,0,1,0,1,0,1,0,0,0,1,0,0,0,0,0,0,0,0,0,0,0,1,0,0,0,0,0,0,0	2	14	5	14	5	6	1612510	1612092	1,2,0,1,1,0,0,0,0,0,0,0,0,0,0,0,0,0,0,0,0,0,0,0,0,0,0,0,0,0,0,0,0,0,0,0,0,0,0,0	0,0,0,0,1,0,0,0,0,0,0,0,0,0,2,0,1,0,0,0,1,0,0,0,0,0,0,0,0,0,0,0,1,0,0,0,0,0,0,0
tb.dut.clusters[0].cluster.sockets[0].socket.cores[0].core.execute.warp_ctl_if	9	98	109	20	5	20	5	6	1612504	1612089	0,1,1,0,3,0,0,0,0,0,0,0,0,0,0,0,0,0,0,0,0,0,0,0,0,0,0,0,0,0,0,0,0,0,0,0,0,0,0,0	0,0,0,1,0,0,0,0,0,0,0,0,1,0,1,0,1,0,0,0,1,0,0,0,0,0,0,0,0,0,0,0,1,0,0,0,0,0,0,0	2	14	5	14	5	6	1612510	1612092	1,2,0,1,1,0,0,0,0,0,0,0,0,0,0,0,0,0,0,0,0,0,0,0,0,0,0,0,0,0,0,0,0,0,0,0,0,0,0,0	0,0,0,0,1,0,0,0,0,0,0,0,0,0,2,0,1,0,0,0,1,0,0,0,0,0,0,0,0,0,0,0,1,0,0,0,0,0,0,0
tb.dut.clusters[0].cluster.sockets[0].socket.cores[0].core.fetch	8	462	15521975	1209910	117012	1209910	92	117012	402614	255	2059,2053,1,10236,2050,5,8189,24600,20471,36846,0,0,0,0,1,6141,2307,3,2050,0,0,0,0,0,0,0,0,0,0,0,0,0,0,0,0,0,0,0,0,0	16389,53224,30707,6176,6146,1,2047,3,1,254,6,0,1,1,0,1,5,2048,0,2,0,0,0,0,0,0,0,0,0,0,0,0,0,0,0,0,0,0,0,0	3	1082917	123149	1082917	88	123149	529607	256	4100,4,14332,2052,3,8193,24598,20471,38893,0,0,0,2047,1,6142,1,259,4,2049,0,0,0,0,0,0,0,0,0,0,0,0,0,0,0,0,0,0,0,0,0	6152,16380,55273,30706,6167,6148,1,0,3,254,1,0,1,1,0,1,11,2048,0,2,0,0,0,0,0,0,0,0,0,0,0,0,0,0,0,0,0,0,0,0
tb.dut.clusters[0].cluster.sockets[0].socket.cores[0].core.fetch.fetch_if	9	72	3826889	931121	180988	931121	71	180989	681403	285	4101,65781,0,2050,59873,1,45074,1,1,0,1,0,2047,0,2,0,3,5,2048,0,0,0,0,0,0,0,0,0,0,0,0,0,0,0,0,0,0,0,0,0	61677,14346,2050,61667,30737,3,8188,1,3,0,0,0,0,254,1,0,12,2048,0,1,1,0,0,0,0,0,0,0,0,0,0,0,0,0,0,0,0,0,0,0	2	514552	392532	514552	70	392533	1097972	285	291381,80380,20743,24,2,1,0,0,0,0,0,0,0,0,0,0,0,0,1,0,0,0,0,0,0,0,0,0,0,0,0,0,0,0,0,0,0,0,0,0	215643,59629,14341,259,57319,24595,12285,0,6142,3,0,0,0,254,1,0,12,1,2047,1,1,0,0,0,0,0,0,0,0,0,0,0,0,0,0,0,0,0,0,0
tb.dut.clusters[0].cluster.sockets[0].socket.cores[0].core.fetch.icache_bus_if	9	272	5342126	1203239	121366	1203239	91	121366	409285	255	2060,8202,4,10236,2303,0,8190,22552,20471,36846,0,0,0,256,0,6141,2052,3,2050,0,0,0,0,0,0,0,0,0,0,0,0,0,0,0,0,0,0,0,0,0	20740,53227,30707,6177,6145,2,2047,3,0,0,260,1,0,0,0,0,7,2048,0,2,0,0,0,0,0,0,0,0,0,0,0,0,0,0,0,0,0,0,0,0	2	929534	269598	929534	81	269598	682990	275	147690,12883,259,14330,45033,20727,24567,2,0,1,2,0,2047,0,0,0,4,5,2048,0,0,0,0,0,0,0,0,0,0,0,0,0,0,0,0,0,0,0,0,0	152345,16382,53480,30708,8217,6145,1,0,3,0,254,1,0,0,0,0,12,1,2047,1,1,0,0,0,0,0,0,0,0,0,0,0,0,0,0,0,0,0,0,0
tb.dut.clusters[0].cluster.sockets[0].socket.cores[0].core.fetch.schedule_if	9	40	1819644	767548	211686	767548	76	211686	844976	287	4,71660,6404,71904,53254,8447,0,0,2,0,0,2,0,0,0,0,3,3,3,0,0,0,0,0,0,0,0,0,0,0,0,0,0,0,0,0,0,0,0,0	83933,6406,8446,20477,65506,12285,6168,6145,0,0,4,0,254,2,0,1,9,0,2048,1,1,0,0,0,0,0,0,0,0,0,0,0,0,0,0,0,0,0,0,0	2	489358	408858	489358	11	408858	1123166	287	328409,80428,8,2,10,0,0,0,0,0,1,0,0,0,0,0,0,0,0,0,0,0,0,0,0,0,0,0,0,0,0,0,0,0,0,0,0,0,0,0	236020,53519,8214,12285,53227,30705,6399,6165,4,0,0,3,254,2,0,0,11,0,2048,1,1,0,0,0,0,0,0,0,0,0,0,0,0,0,0,0,0,0,0,0
tb.dut.clusters[0].cluster.sockets[0].socket.cores[0].core.fetch_if	8	72	3826889	931121	180988	931121	71	180989	681403	285	4101,65781,0,2050,59873,1,45074,1,1,0,1,0,2047,0,2,0,3,5,2048,0,0,0,0,0,0,0,0,0,0,0,0,0,0,0,0,0,0,0,0,0	61677,14346,2050,61667,30737,3,8188,1,3,0,0,0,0,254,1,0,12,2048,0,1,1,0,0,0,0,0,0,0,0,0,0,0,0,0,0,0,0,0,0,0	2	514552	392532	514552	70	392533	1097972	285	291381,80380,20743,24,2,1,0,0,0,0,0,0,0,0,0,0,0,0,1,0,0,0,0,0,0,0,0,0,0,0,0,0,0,0,0,0,0,0,0,0	215643,59629,14341,259,57319,24595,12285,0,6142,3,0,0,0,254,1,0,12,1,2047,1,1,0,0,0,0,0,0,0,0,0,0,0,0,0,0,0,0,0,0,0
tb.dut.clusters[0].cluster.sockets[0].socket.cores[0].core.genblk1[0]	8	2745	17775	288	24	288	249	25	1612236	1604239	14,8,0,0,0,0,0,0,1,0,0,0,0,0,0,0,0,0,0,1,0,0,0,0,0,0,0,0,0,0,0,0,0,0,0,0,0,0,0,0	0,6,4,3,0,0,0,0,0,0,0,0,0,0,0,1,4,0,5,0,0,0,0,0,1,0,0,0,0,0,0,0,1,0,0,0,0,0,0,0	14	138	136	138	2	137	1612386	1604328	134,2,0,0,0,0,0,0,0,0,0,0,0,0,0,0,0,0,0,0,0,0,0,0,0,0,0,0,0,0,0,0,0,0,0,0,0,0,0,0	128,0,0,3,0,0,0,0,0,0,0,0,0,0,0,0,0,0,4,0,0,0,0,0,1,0,0,0,0,0,0,0,1,0,0,0,0,0,0,0
tb.dut.clusters[0].cluster.sockets[0].socket.cores[0].core.genblk1[0].dcache_bus_tmp_if[0]	9	474	3046	286	22	286	249	23	1612238	1604239	12,8,0,0,0,0,0,0,1,0,0,0,0,0,0,0,0,0,0,1,0,0,0,0,0,0,0,0,0,0,0,0,0,0,0,0,0,0,0,0	0,4,4,3,1,0,0,0,0,0,0,0,0,0,0,0,4,0,5,0,0,0,0,0,1,0,0,0,0,0,0,0,1,0,0,0,0,0,0,0	3	138	136	138	2	137	1612386	1604328	134,2,0,0,0,0,0,0,0,0,0,0,0,0,0,0,0,0,0,0,0,0,0,0,0,0,0,0,0,0,0,0,0,0,0,0,0,0,0,0	128,0,0,3,0,0,0,0,0,0,0,0,0,0,0,0,0,0,4,0,0,0,0,0,1,0,0,0,0,0,0,0,1,0,0,0,0,0,0,0
tb.dut.clusters[0].cluster.sockets[0].socket.cores[0].core.genblk1[0].dcache_coalesced_if	9	508	3047	286	22	286	249	23	1612238	1604239	12,8,0,0,0,0,0,0,1,0,0,0,0,0,0,0,0,0,0,1,0,0,0,0,0,0,0,0,0,0,0,0,0,0,0,0,0,0,0,0	0,4,4,3,1,0,0,0,0,0,0,0,0,0,0,0,4,0,5,0,0,0,0,0,1,0,0,0,0,0,0,0,1,0,0,0,0,0,0,0	3	138	136	138	2	137	1612386	1604328	134,2,0,0,0,0,0,0,0,0,0,0,0,0,0,0,0,0,0,0,0,0,0,0,0,0,0,0,0,0,0,0,0,0,0,0,0,0,0,0	128,0,0,3,0,0,0,0,0,0,0,0,0,0,0,0,0,0,4,0,0,0,0,0,1,0,0,0,0,0,0,0,1,0,0,0,0,0,0,0
tb.dut.clusters[0].cluster.sockets[0].socket.cores[0].core.genblk1[0].genblk1	9	1	2	2	2	2	1	3	1612522	1612501	2,0,0,0,0,0,0,0,0,0,0,0,0,0,0,0,0,0,0,0,0,0,0,0,0,0,0,0,0,0,0,0,0,0,0,0,0,0,0,0	0,1,0,0,0,0,0,0,0,0,0,0,0,0,0,0,1,0,0,0,0,0,0,0,0,0,0,0,0,0,0,0,1,0,0,0,0,0,0,0	2	0	0	0	0	1	1612524	1612524	0,0,0,0,0,0,0,0,0,0,0,0,0,0,0,0,0,0,0,0,0,0,0,0,0,0,0,0,0,0,0,0,0,0,0,0,0,0,0,0	0,0,0,0,0,0,0,0,0,0,0,0,0,0,0,0,0,0,0,0,0,0,0,0,0,0,0,0,0,0,0,0,1,0,0,0,0,0,0,0
tb.dut.clusters[0].cluster.sockets[0].socket.cores[0].core.genblk1[0].lsu_adapter	9	1761	11678	288	24	288	249	25	1612236	1604239	14,8,0,0,0,0,0,0,1,0,0,0,0,0,0,0,0,0,0,1,0,0,0,0,0,0,0,0,0,0,0,0,0,0,0,0,0,0,0,0	0,6,4,3,0,0,0,0,0,0,0,0,0,0,0,1,4,0,5,0,0,0,0,0,1,0,0,0,0,0,0,0,1,0,0,0,0,0,0,0	9	138	136	138	2	137	1612386	1604328	134,2,0,0,0,0,0,0,0,0,0,0,0,0,0,0,0,0,0,0,0,0,0,0,0,0,0,0,0,0,0,0,0,0,0,0,0,0,0,0	128,0,0,3,0,0,0,0,0,0,0,0,0,0,0,0,0,0,4,0,0,0,0,0,1,0,0,0,0,0,0,0,1,0,0,0,0,0,0,0
tb.dut.clusters[0].cluster.sockets[0].socket.cores[0].core.genblk1[0].lsu_adapter.lsu_mem_if	10	508	3047	286	22	286	249	23	1612238	1604239	12,8,0,0,0,0,0,0,1,0,0,0,0,0,0,0,0,0,0,1,0,0,0,0,0,0,0,0,0,0,0,0,0,0,0,0,0,0,0,0	0,4,4,3,1,0,0,0,0,0,0,0,0,0,0,0,4,0,5,0,0,0,0,0,1,0,0,0,0,0,0,0,1,0,0,0,0,0,0,0	3	138	136	138	2	137	1612386	1604328	134,2,0,0,0,0,0,0,0,0,0,0,0,0,0,0,0,0,0,0,0,0,0,0,0,0,0,0,0,0,0,0,0,0,0,0,0,0,0,0	128,0,0,3,0,0,0,0,0,0,0,0,0,0,0,0,0,0,4,0,0,0,0,0,1,0,0,0,0,0,0,0,1,0,0,0,0,0,0,0
tb.dut.clusters[0].cluster.sockets[0].socket.cores[0].core.genblk1[0].lsu_adapter.mem_bus_if[0]	10	474	3046	286	22	286	249	23	1612238	1604239	12,8,0,0,0,0,0,0,1,0,0,0,0,0,0,0,0,0,0,1,0,0,0,0,0,0,0,0,0,0,0,0,0,0,0,0,0,0,0,0	0,4,4,3,1,0,0,0,0,0,0,0,0,0,0,0,4,0,5,0,0,0,0,0,1,0,0,0,0,0,0,0,1,0,0,0,0,0,0,0	3	138	136	138	2	137	1612386	1604328	134,2,0,0,0,0,0,0,0,0,0,0,0,0,0,0,0,0,0,0,0,0,0,0,0,0,0,0,0,0,0,0,0,0,0,0,0,0,0,0	128,0,0,3,0,0,0,0,0,0,0,0,0,0,0,0,0,0,4,0,0,0,0,0,1,0,0,0,0,0,0,0,1,0,0,0,0,0,0,0
tb.dut.clusters[0].cluster.sockets[0].socket.cores[0].core.icache_bus_if	8	272	5342126	1203239	121366	1203239	91	121366	409285	255	2060,8202,4,10236,2303,0,8190,22552,20471,36846,0,0,0,256,0,6141,2052,3,2050,0,0,0,0,0,0,0,0,0,0,0,0,0,0,0,0,0,0,0,0,0	20740,53227,30707,6177,6145,2,2047,3,0,0,260,1,0,0,0,0,7,2048,0,2,0,0,0,0,0,0,0,0,0,0,0,0,0,0,0,0,0,0,0,0	2	929534	269598	929534	81	269598	682990	275	147690,12883,259,14330,45033,20727,24567,2,0,1,2,0,2047,0,0,0,4,5,2048,0,0,0,0,0,0,0,0,0,0,0,0,0,0,0,0,0,0,0,0,0	152345,16382,53480,30708,8217,6145,1,0,3,0,254,1,0,0,0,0,12,1,2047,1,1,0,0,0,0,0,0,0,0,0,0,0,0,0,0,0,0,0,0,0
tb.dut.clusters[0].cluster.sockets[0].socket.cores[0].core.issue	8	16589	1601685431	1612203	8	1612203	1603981	8	321	284	0,2,0,1,0,1,0,0,1,0,0,0,0,0,0,0,0,1,0,0,0,0,0,0,1,0,0,0,0,0,0,0,1,0,0,0,0,0,0,0	0,3,2,0,0,0,0,0,0,0,0,1,1,0,0,0,0,0,0,0,1,0,0,0,0,0,0,0,0,0,0,0,0,0,0,0,0,0,0,0	83	1602031	8247	1602031	1572	8248	10493	310	1033,4354,547,224,27,2,0,0,0,0,1,0,1,0,0,1,9,1,0,0,0,2046,1,0,0,0,0,0,0,0,0,0,0,0,0,0,0,0,0,0	7148,813,26,2,254,0,0,0,0,1,0,1,0,0,1,1,0,0,0,0,1,0,0,0,0,0,0,0,0,0,0,0,0,0,0,0,0,0,0,0
tb.dut.clusters[0].cluster.sockets[0].socket.cores[0].core.issue.decode_if	9	172	4211075	931121	180988	931121	71	180989	681403	285	4101,65781,0,2050,59873,1,45074,1,1,0,1,0,2047,0,2,0,3,5,2048,0,0,0,0,0,0,0,0,0,0,0,0,0,0,0,0,0,0,0,0,0	61677,14346,2050,61667,30737,3,8188,1,3,0,0,0,0,254,1,0,12,2048,0,1,1,0,0,0,0,0,0,0,0,0,0,0,0,0,0,0,0,0,0,0	2	514552	392532	514552	70	392533	1097972	285	291381,80380,20743,24,2,1,0,0,0,0,0,0,0,0,0,0,0,0,1,0,0,0,0,0,0,0,0,0,0,0,0,0,0,0,0,0,0,0,0,0	215643,59629,14341,259,57319,24595,12285,0,6142,3,0,0,0,254,1,0,12,1,2047,1,1,0,0,0,0,0,0,0,0,0,0,0,0,0,0,0,0,0,0,0
tb.dut.clusters[0].cluster.sockets[0].socket.cores[0].core.issue.dispatch_if[0]	9	474	125668	25748	7224	25748	8	7224	1586776	756	2,552,4099,516,2053,0,0,2,0,0,0,0,0,0,0,0,0,0,0,0,0,0,0,0,0,0,0,0,0,0,0,0,0,0,0,0,0,0,0,0	273,11,3,8,510,2,2050,256,2049,1,0,0,0,0,0,0,10,1,0,1,1,2048,0,0,0,0,0,0,0,0,0,0,0,0,0,0,0,0,0,0	3	5233	5171	5233	8	5172	1607291	768	5132,30,4,2,1,0,0,2,0,0,0,0,0,0,0,0,0,0,0,0,0,0,0,0,0,0,0,0,0,0,0,0,0,0,0,0,0,0,0,0	14,520,2,2,3,2,3,257,1,1,2,1,2047,0,255,0,10,2,0,1,1,2048,0,0,0,0,0,0,0,0,0,0,0,0,0,0,0,0,0,0
tb.dut.clusters[0].cluster.sockets[0].socket.cores[0].core.issue.dispatch_if[1]	9	474	2414	73	34	73	8	34	1612451	1604317	1,32,0,0,0,0,0,1,0,0,0,0,0,0,0,0,0,0,0,0,0,0,0,0,0,0,0,0,0,0,0,0,0,0,0,0,0,0,0,0	0,0,1,1,0,27,0,0,0,0,0,0,0,0,0,0,0,0,2,1,0,0,0,0,1,0,0,0,0,0,0,0,1,0,0,0,0,0,0,0	3	38	31	38	8	32	1612486	1604323	30,0,0,0,0,0,0,1,0,0,0,0,0,0,0,0,0,0,0,0,0,0,0,0,0,0,0,0,0,0,0,0,0,0,0,0,0,0,0,0	0,0,0,0,1,0,25,0,0,0,0,0,0,0,1,0,0,0,2,1,0,0,0,0,1,0,0,0,0,0,0,0,1,0,0,0,0,0,0,0
tb.dut.clusters[0].cluster.sockets[0].socket.cores[0].core.issue.dispatch_if[2]	9	474	100	21	7	21	5	7	1612503	1612089	1,3,0,1,2,0,0,0,0,0,0,0,0,0,0,0,0,0,0,0,0,0,0,0,0,0,0,0,0,0,0,0,0,0,0,0,0,0,0,0	0,0,1,0,1,0,0,0,0,0,0,0,0,1,0,0,2,0,0,0,1,0,0,0,0,0,0,0,0,0,0,0,1,0,0,0,0,0,0,0	3	6	5	6	2	6	1612518	1612093	4,1,0,0,0,0,0,0,0,0,0,0,0,0,0,0,0,0,0,0,0,0,0,0,0,0,0,0,0,0,0,0,0,0,0,0,0,0,0,0	0,1,0,0,0,0,0,0,0,0,0,0,0,0,0,0,3,0,0,0,1,0,0,0,0,0,0,0,0,0,0,0,1,0,0,0,0,0,0,0
tb.dut.clusters[0].cluster.sockets[0].socket.cores[0].core.issue.dispatch_if[3]	9	474	72213025	1050781	522296	1050781	32	522296	561743	8245	3,520239,0,3,2048,0,0,2,0,0,0,0,0,0,0,0,1,0,0,0,0,0,0,0,0,0,0,0,0,0,0,0,0,0,0,0,0,0,0,0	520215,19,2,6,3,1,0,0,0,0,0,0,0,0,1,2046,1,0,0,0,1,0,0,0,0,1,0,0,0,0,0,0,0,0,0,0,0,0,0,0	3	583822	524352	583822	8	524353	1028702	8245	466946,55353,2048,2,2,0,0,1,0,0,0,0,0,0,0,0,0,0,0,0,0,0,0,0,0,0,0,0,0,0,0,0,0,0,0,0,0,0,0,0	57377,464914,2,6,3,1,0,0,0,0,0,0,0,0,1,2046,1,0,0,0,1,0,0,0,0,1,0,0,0,0,0,0,0,0,0,0,0,0,0,0
tb.dut.clusters[0].cluster.sockets[0].socket.cores[0].core.issue.issue_slices[0]	9	14341	1434504020	1612202	8	1612202	1603981	8	322	284	0,2,1,0,0,1,0,0,1,0,0,0,0,0,0,0,0,1,0,0,0,0,0,0,1,0,0,0,0,0,0,0,1,0,0,0,0,0,0,0	0,3,2,0,0,0,0,0,0,0,0,1,0,1,0,0,0,0,0,0,1,0,0,0,0,0,0,0,0,0,0,0,0,0,0,0,0,0,0,0	72	1602546	8026	1602546	1572	8027	9978	310	1031,4354,43,290,24,3,1,216,4,0,1,0,1,0,0,0,10,1,0,0,0,2046,1,0,0,0,0,0,0,0,0,0,0,0,0,0,0,0,0,0	7219,520,26,3,254,0,0,0,0,1,1,1,0,0,0,1,0,0,0,0,1,0,0,0,0,0,0,0,0,0,0,0,0,0,0,0,0,0,0,0
tb.dut.clusters[0].cluster.sockets[0].socket.cores[0].core.issue.issue_slices[0].issue_slice	10	12272	1357951736	1612202	8	1612202	1603981	8	322	284	0,2,1,0,0,1,0,0,1,0,0,0,0,0,0,0,0,1,0,0,0,0,0,0,1,0,0,0,0,0,0,0,1,0,0,0,0,0,0,0	0,3,2,0,0,0,0,0,0,0,0,1,0,1,0,0,0,0,0,0,1,0,0,0,0,0,0,0,0,0,0,0,0,0,0,0,0,0,0,0	62	1602854	7736	1602854	1573	7736	9670	310	770,4364,4,1,24,255,0,253,5,1,1,0,1,0,0,0,8,2,0,0,0,2046,1,0,0,0,0,0,0,0,0,0,0,0,0,0,0,0,0,0	6939,510,26,3,253,0,1,0,0,0,1,1,0,0,0,1,0,0,0,0,1,0,0,0,0,0,0,0,0,0,0,0,0,0,0,0,0,0,0,0
tb.dut.clusters[0].cluster.sockets[0].socket.cores[0].core.issue.issue_slices[0].issue_slice.decode_if	11	172	4211075	931121	180988	931121	71	180989	681403	285	4101,65781,0,2050,59873,1,45074,1,1,0,1,0,2047,0,2,0,3,5,2048,0,0,0,0,0,0,0,0,0,0,0,0,0,0,0,0,0,0,0,0,0	61677,14346,2050,61667,30737,3,8188,1,3,0,0,0,0,254,1,0,12,2048,0,1,1,0,0,0,0,0,0,0,0,0,0,0,0,0,0,0,0,0,0,0	2	514552	392532	514552	70	392533	1097972	285	291381,80380,20743,24,2,1,0,0,0,0,0,0,0,0,0,0,0,0,1,0,0,0,0,0,0,0,0,0,0,0,0,0,0,0,0,0,0,0,0,0	215643,59629,14341,259,57319,24595,12285,0,6142,3,0,0,0,254,1,0,12,1,2047,1,1,0,0,0,0,0,0,0,0,0,0,0,0,0,0,0,0,0,0,0
tb.dut.clusters[0].cluster.sockets[0].socket.cores[0].core.issue.issue_slices[0].issue_slice.dispatch	11	2421	148576332	1590470	4920	1590470	769	4920	22054	293	0,3,26,261,2049,255,5,2,255,3,2,0,2,0,0,0,8,0,1,0,0,2048,0,0,0,0,0,0,0,0,0,0,0,0,0,0,0,0,0,0	8,11,2560,1,30,2301,2,2,0,0,0,1,0,0,0,2,1,0,0,0,1,0,0,0,0,0,0,0,0,0,0,0,0,0,0,0,0,0,0,0	13	1113106	463691	1113106	110	463692	499418	349	4901,456725,1,0,2,3,1,0,1,2,1,0,0,0,0,0,6,0,2048,0,0,0,0,0,0,0,0,0,0,0,0,0,0,0,0,0,0,0,0,0	459025,2049,3,12,7,25,4,0,258,1,0,2,1,2046,0,1,257,0,0,0,1,0,0,0,0,0,0,0,0,0,0,0,0,0,0,0,0,0,0,0
tb.dut.clusters[0].cluster.sockets[0].socket.cores[0].core.issue.issue_slices[0].issue_slice.dispatch.dispatch_if[0]	12	474	125668	25748	7224	25748	8	7224	1586776	756	2,552,4099,516,2053,0,0,2,0,0,0,0,0,0,0,0,0,0,0,0,0,0,0,0,0,0,0,0,0,0,0,0,0,0,0,0,0,0,0,0	273,11,3,8,510,2,2050,256,2049,1,0,0,0,0,0,0,10,1,0,1,1,2048,0,0,0,0,0,0,0,0,0,0,0,0,0,0,0,0,0,0	3	5233	5171	5233	8	5172	1607291	768	5132,30,4,2,1,0,0,2,0,0,0,0,0,0,0,0,0,0,0,0,0,0,0,0,0,0,0,0,0,0,0,0,0,0,0,0,0,0,0,0	14,520,2,2,3,2,3,257,1,1,2,1,2047,0,255,0,10,2,0,1,1,2048,0,0,0,0,0,0,0,0,0,0,0,0,0,0,0,0,0,0
tb.dut.clusters[0].cluster.sockets[0].socket.cores[0].core.issue.issue_slices[0].issue_slice.dispatch.dispatch_if[1]	12	474	2414	73	34	73	8	34	1612451	1604317	1,32,0,0,0,0,0,1,0,0,0,0,0,0,0,0,0,0,0,0,0,0,0,0,0,0,0,0,0,0,0,0,0,0,0,0,0,0,0,0	0,0,1,1,0,27,0,0,0,0,0,0,0,0,0,0,0,0,2,1,0,0,0,0,1,0,0,0,0,0,0,0,1,0,0,0,0,0,0,0	3	38	31	38	8	32	1612486	1604323	30,0,0,0,0,0,0,1,0,0,0,0,0,0,0,0,0,0,0,0,0,0,0,0,0,0,0,0,0,0,0,0,0,0,0,0,0,0,0,0	0,0,0,0,1,0,25,0,0,0,0,0,0,0,1,0,0,0,2,1,0,0,0,0,1,0,0,0,0,0,0,0,1,0,0,0,0,0,0,0
tb.dut.clusters[0].cluster.sockets[0].socket.cores[0].core.issue.issue_slices[0].issue_slice.dispatch.dispatch_if[2]	12	474	100	21	7	21	5	7	1612503	1612089	1,3,0,1,2,0,0,0,0,0,0,0,0,0,0,0,0,0,0,0,0,0,0,0,0,0,0,0,0,0,0,0,0,0,0,0,0,0,0,0	0,0,1,0,1,0,0,0,0,0,0,0,0,1,0,0,2,0,0,0,1,0,0,0,0,0,0,0,0,0,0,0,1,0,0,0,0,0,0,0	3	6	5	6	2	6	1612518	1612093	4,1,0,0,0,0,0,0,0,0,0,0,0,0,0,0,0,0,0,0,0,0,0,0,0,0,0,0,0,0,0,0,0,0,0,0,0,0,0,0	0,1,0,0,0,0,0,0,0,0,0,0,0,0,0,0,3,0,0,0,1,0,0,0,0,0,0,0,0,0,0,0,1,0,0,0,0,0,0,0
tb.dut.clusters[0].cluster.sockets[0].socket.cores[0].core.issue.issue_slices[0].issue_slice.dispatch.dispatch_if[3]	12	474	72213025	1050781	522296	1050781	32	522296	561743	8245	3,520239,0,3,2048,0,0,2,0,0,0,0,0,0,0,0,1,0,0,0,0,0,0,0,0,0,0,0,0,0,0,0,0,0,0,0,0,0,0,0	520215,19,2,6,3,1,0,0,0,0,0,0,0,0,1,2046,1,0,0,0,1,0,0,0,0,1,0,0,0,0,0,0,0,0,0,0,0,0,0,0	3	583822	524352	583822	8	524353	1028702	8245	466946,55353,2048,2,2,0,0,1,0,0,0,0,0,0,0,0,0,0,0,0,0,0,0,0,0,0,0,0,0,0,0,0,0,0,0,0,0,0,0,0	57377,464914,2,6,3,1,0,0,0,0,0,0,0,0,1,2046,1,0,0,0,1,0,0,0,0,1,0,0,0,0,0,0,0,0,0,0,0,0,0,0
tb.dut.clusters[0].cluster.sockets[0].socket.cores[0].core.issue.issue_slices[0].issue_slice.dispatch.genblk2[0]	12	1	2	2	2	2	1	3	1612522	1612498	2,0,0,0,0,0,0,0,0,0,0,0,0,0,0,0,0,0,0,0,0,0,0,0,0,0,0,0,0,0,0,0,0,0,0,0,0,0,0,0	0,0,0,0,1,0,0,0,0,0,0,0,0,0,0,0,1,0,0,0,0,0,0,0,0,0,0,0,0,0,0,0,1,0,0,0,0,0,0,0	2	0	0	0	0	1	1612524	1612524	0,0,0,0,0,0,0,0,0,0,0,0,0,0,0,0,0,0,0,0,0,0,0,0,0,0,0,0,0,0,0,0,0,0,0,0,0,0,0,0	0,0,0,0,0,0,0,0,0,0,0,0,0,0,0,0,0,0,0,0,0,0,0,0,0,0,0,0,0,0,0,0,1,0,0,0,0,0,0,0
tb.dut.clusters[0].cluster.sockets[0].socket.cores[0].core.issue.issue_slices[0].issue_slice.dispatch.genblk2[1]	12	1	2	2	2	2	1	3	1612522	1612498	2,0,0,0,0,0,0,0,0,0,0,0,0,0,0,0,0,0,0,0,0,0,0,0,0,0,0,0,0,0,0,0,0,0,0,0,0,0,0,0	0,0,0,0,1,0,0,0,0,0,0,0,0,0,0,0,1,0,0,0,0,0,0,0,0,0,0,0,0,0,0,0,1,0,0,0,0,0,0,0	2	0	0	0	0	1	1612524	1612524	0,0,0,0,0,0,0,0,0,0,0,0,0,0,0,0,0,0,0,0,0,0,0,0,0,0,0,0,0,0,0,0,0,0,0,0,0,0,0,0	0,0,0,0,0,0,0,0,0,0,0,0,0,0,0,0,0,0,0,0,0,0,0,0,0,0,0,0,0,0,0,0,1,0,0,0,0,0,0,0
tb.dut.clusters[0].cluster.sockets[0].socket.cores[0].core.issue.issue_slices[0].issue_slice.dispatch.genblk2[2]	12	1	2	2	2	2	1	3	1612522	1612498	2,0,0,0,0,0,0,0,0,0,0,0,0,0,0,0,0,0,0,0,0,0,0,0,0,0,0,0,0,0,0,0,0,0,0,0,0,0,0,0	0,0,0,0,1,0,0,0,0,0,0,0,0,0,0,0,1,0,0,0,0,0,0,0,0,0,0,0,0,0,0,0,1,0,0,0,0,0,0,0	2	0	0	0	0	1	1612524	1612524	0,0,0,0,0,0,0,0,0,0,0,0,0,0,0,0,0,0,0,0,0,0,0,0,0,0,0,0,0,0,0,0,0,0,0,0,0,0,0,0	0,0,0,0,0,0,0,0,0,0,0,0,0,0,0,0,0,0,0,0,0,0,0,0,0,0,0,0,0,0,0,0,1,0,0,0,0,0,0,0
tb.dut.clusters[0].cluster.sockets[0].socket.cores[0].core.issue.issue_slices[0].issue_slice.dispatch.genblk2[3]	12	1	2	2	2	2	1	3	1612522	1612498	2,0,0,0,0,0,0,0,0,0,0,0,0,0,0,0,0,0,0,0,0,0,0,0,0,0,0,0,0,0,0,0,0,0,0,0,0,0,0,0	0,0,0,0,1,0,0,0,0,0,0,0,0,0,0,0,1,0,0,0,0,0,0,0,0,0,0,0,0,0,0,0,1,0,0,0,0,0,0,0	2	0	0	0	0	1	1612524	1612524	0,0,0,0,0,0,0,0,0,0,0,0,0,0,0,0,0,0,0,0,0,0,0,0,0,0,0,0,0,0,0,0,0,0,0,0,0,0,0,0	0,0,0,0,0,0,0,0,0,0,0,0,0,0,0,0,0,0,0,0,0,0,0,0,0,0,0,0,0,0,0,0,1,0,0,0,0,0,0,0
tb.dut.clusters[0].cluster.sockets[0].socket.cores[0].core.issue.issue_slices[0].issue_slice.dispatch.operands_if	12	474	75321649	1064259	517209	1064259	13	517209	548265	311	3,506417,2055,2561,2059,4101,0,9,3,0,0,0,1,0,0,0,0,0,0,0,0,0,0,0,0,0,0,0,0,0,0,0,0,0,0,0,0,0,0,0	512281,11,3,12,514,27,2051,2302,2,2,0,0,0,1,0,0,2,0,0,0,1,0,0,0,0,0,0,0,0,0,0,0,0,0,0,0,0,0,0,0	3	599297	519255	599297	13	519256	1013227	319	451619,63512,5,2049,5,2054,0,9,1,0,0,0,1,0,0,0,0,0,0,0,0,0,0,0,0,0,0,0,0,0,0,0,0,0,0,0,0,0,0,0	67609,449034,0,8,7,1,26,256,1,2,4,0,0,0,257,0,2050,0,0,0,1,0,0,0,0,0,0,0,0,0,0,0,0,0,0,0,0,0,0,0
tb.dut.clusters[0].cluster.sockets[0].socket.cores[0].core.issue.issue_slices[0].issue_slice.dispatch_if[0]	11	474	125668	25748	7224	25748	8	7224	1586776	756	2,552,4099,516,2053,0,0,2,0,0,0,0,0,0,0,0,0,0,0,0,0,0,0,0,0,0,0,0,0,0,0,0,0,0,0,0,0,0,0,0	273,11,3,8,510,2,2050,256,2049,1,0,0,0,0,0,0,10,1,0,1,1,2048,0,0,0,0,0,0,0,0,0,0,0,0,0,0,0,0,0,0	3	5233	5171	5233	8	5172	1607291	768	5132,30,4,2,1,0,0,2,0,0,0,0,0,0,0,0,0,0,0,0,0,0,0,0,0,0,0,0,0,0,0,0,0,0,0,0,0,0,0,0	14,520,2,2,3,2,3,257,1,1,2,1,2047,0,255,0,10,2,0,1,1,2048,0,0,0,0,0,0,0,0,0,0,0,0,0,0,0,0,0,0
tb.dut.clusters[0].cluster.sockets[0].socket.cores[0].core.issue.issue_slices[0].issue_slice.dispatch_if[1]	11	474	2414	73	34	73	8	34	1612451	1604317	1,32,0,0,0,0,0,1,0,0,0,0,0,0,0,0,0,0,0,0,0,0,0,0,0,0,0,0,0,0,0,0,0,0,0,0,0,0,0,0	0,0,1,1,0,27,0,0,0,0,0,0,0,0,0,0,0,0,2,1,0,0,0,0,1,0,0,0,0,0,0,0,1,0,0,0,0,0,0,0	3	38	31	38	8	32	1612486	1604323	30,0,0,0,0,0,0,1,0,0,0,0,0,0,0,0,0,0,0,0,0,0,0,0,0,0,0,0,0,0,0,0,0,0,0,0,0,0,0,0	0,0,0,0,1,0,25,0,0,0,0,0,0,0,1,0,0,0,2,1,0,0,0,0,1,0,0,0,0,0,0,0,1,0,0,0,0,0,0,0
tb.dut.clusters[0].cluster.sockets[0].socket.cores[0].core.issue.issue_slices[0].issue_slice.dispatch_if[2]	11	474	100	21	7	21	5	7	1612503	1612089	1,3,0,1,2,0,0,0,0,0,0,0,0,0,0,0,0,0,0,0,0,0,0,0,0,0,0,0,0,0,0,0,0,0,0,0,0,0,0,0	0,0,1,0,1,0,0,0,0,0,0,0,0,1,0,0,2,0,0,0,1,0,0,0,0,0,0,0,0,0,0,0,1,0,0,0,0,0,0,0	3	6	5	6	2	6	1612518	1612093	4,1,0,0,0,0,0,0,0,0,0,0,0,0,0,0,0,0,0,0,0,0,0,0,0,0,0,0,0,0,0,0,0,0,0,0,0,0,0,0	0,1,0,0,0,0,0,0,0,0,0,0,0,0,0,0,3,0,0,0,1,0,0,0,0,0,0,0,0,0,0,0,1,0,0,0,0,0,0,0
tb.dut.clusters[0].cluster.sockets[0].socket.cores[0].core.issue.issue_slices[0].issue_slice.dispatch_if[3]	11	474	72213025	1050781	522296	1050781	32	522296	561743	8245	3,520239,0,3,2048,0,0,2,0,0,0,0,0,0,0,0,1,0,0,0,0,0,0,0,0,0,0,0,0,0,0,0,0,0,0,0,0,0,0,0	520215,19,2,6,3,1,0,0,0,0,0,0,0,0,1,2046,1,0,0,0,1,0,0,0,0,1,0,0,0,0,0,0,0,0,0,0,0,0,0,0	3	583822	524352	583822	8	524353	1028702	8245	466946,55353,2048,2,2,0,0,1,0,0,0,0,0,0,0,0,0,0,0,0,0,0,0,0,0,0,0,0,0,0,0,0,0,0,0,0,0,0,0,0	57377,464914,2,6,3,1,0,0,0,0,0,0,0,0,1,2046,1,0,0,0,1,0,0,0,0,1,0,0,0,0,0,0,0,0,0,0,0,0,0,0
tb.dut.clusters[0].cluster.sockets[0].socket.cores[0].core.issue.issue_slices[0].issue_slice.ibuffer	11	633	12873581	1326002	164665	1326002	86	164665	286522	285	263,47132,12287,263,4102,6,0,43010,8195,6144,30713,1,255,2048,0,0,8190,8,2048,0,0,0,0,0,0,0,0,0,0,0,0,0,0,0,0,0,0,0,0,0	122894,273,16382,22532,261,264,2,0,0,2048,1,0,1,2,0,0,4,0,0,0,1,0,0,0,0,0,0,0,0,0,0,0,0,0,0,0,0,0,0,0	4	775247	431452	775247	76	431452	837277	304	199460,159768,43014,18950,10250,2,1,1,1,0,3,0,0,1,0,0,0,0,1,0,0,0,0,0,0,0,0,0,0,0,0,0,0,0,0,0,0,0,0,0	190766,197123,6413,6149,10253,18426,10,0,0,0,0,254,1,0,2,0,2054,0,0,0,1,0,0,0,0,0,0,0,0,0,0,0,0,0,0,0,0,0,0,0
tb.dut.clusters[0].cluster.sockets[0].socket.cores[0].core.issue.issue_slices[0].issue_slice.ibuffer.decode_if	12	172	4211075	931121	180988	931121	71	180989	681403	285	4101,65781,0,2050,59873,1,45074,1,1,0,1,0,2047,0,2,0,3,5,2048,0,0,0,0,0,0,0,0,0,0,0,0,0,0,0,0,0,0,0,0,0	61677,14346,2050,61667,30737,3,8188,1,3,0,0,0,0,254,1,0,12,2048,0,1,1,0,0,0,0,0,0,0,0,0,0,0,0,0,0,0,0,0,0,0	2	514552	392532	514552	70	392533	1097972	285	291381,80380,20743,24,2,1,0,0,0,0,0,0,0,0,0,0,0,0,1,0,0,0,0,0,0,0,0,0,0,0,0,0,0,0,0,0,0,0,0,0	215643,59629,14341,259,57319,24595,12285,0,6142,3,0,0,0,254,1,0,12,1,2047,1,1,0,0,0,0,0,0,0,0,0,0,0,0,0,0,0,0,0,0,0
tb.dut.clusters[0].cluster.sockets[0].socket.cores[0].core.issue.issue_slices[0].issue_slice.ibuffer.ibuffer_if[0]	12	106	2093256	281977	146230	281977	5	146230	1330547	306	10508,135701,18,2,1,0,0,0,0,0,0,0,0,0,0,0,0,0,0,0,0,0,0,0,0,0,0,0,0,0,0,0,0,0,0,0,0,0,0,0	6146,6147,5,8459,258,4097,14340,4100,6146,77818,5,10,8188,6148,0,0,4359,3,0,0,1,0,0,0,0,0,0,0,0,0,0,0,0,0,0,0,0,0,0,0	2	150105	139831	150105	4	139832	1462419	312	129560,10269,1,1,0,0,0,0,0,0,0,0,0,0,0,0,0,0,0,0,0,0,0,0,0,0,0,0,0,0,0,0,0,0,0,0,0,0,0,0	2052,8,2051,10253,2302,3,4096,14343,4097,6145,77816,5,10,8189,6147,0,263,2051,0,0,1,0,0,0,0,0,0,0,0,0,0,0,0,0,0,0,0,0,0,0
tb.dut.clusters[0].cluster.sockets[0].socket.cores[0].core.issue.issue_slices[0].issue_slice.ibuffer.ibuffer_if[1]	12	106	2072384	279912	140081	279912	7	140081	1332612	357	4362,131611,4107,0,0,0,1,0,0,0,0,0,0,0,0,0,0,0,0,0,0,0,0,0,0,0,0,0,0,0,0,0,0,0,0,0,0,0,0,0	5,4,4097,8454,4351,2049,14341,2050,14335,57351,8194,12293,8189,7,0,0,4357,3,0,0,1,0,0,0,0,0,0,0,0,0,0,0,0,0,0,0,0,0,0,0	2	148040	137778	148040	3	137778	1464484	357	127517,10260,1,0,0,0,0,0,0,0,0,0,0,0,0,0,0,0,0,0,0,0,0,0,0,0,0,0,0,0,0,0,0,0,0,0,0,0,0,0	7,0,4,10249,2302,4096,2048,14341,2050,14335,57350,8194,12294,8188,7,0,261,2051,0,0,1,0,0,0,0,0,0,0,0,0,0,0,0,0,0,0,0,0,0,0
tb.dut.clusters[0].cluster.sockets[0].socket.cores[0].core.issue.issue_slices[0].issue_slice.ibuffer.ibuffer_if[2]	12	106	1830706	275813	140078	275813	4	140078	1336711	358	4359,135705,12,2,0,0,0,0,0,0,0,0,0,0,0,0,0,0,0,0,0,0,0,0,0,0,0,0,0,0,0,0,0,0,0,0,0,0,0,0	3,0,2,12549,259,4098,14338,2049,6144,81921,6,11,8188,6148,0,0,4358,3,0,0,1,0,0,0,0,0,0,0,0,0,0,0,0,0,0,0,0,0,0,0	2	141893	137775	141893	2	137775	1470631	358	133657,4118,0,0,0,0,0,0,0,0,0,0,0,0,0,0,0,0,0,0,0,0,0,0,0,0,0,0,0,0,0,0,0,0,0,0,0,0,0,0	3,1,2,4106,8444,4,4097,14338,2049,6144,81920,7,10,8188,6148,0,262,2051,0,0,1,0,0,0,0,0,0,0,0,0,0,0,0,0,0,0,0,0,0,0
tb.dut.clusters[0].cluster.sockets[0].socket.cores[0].core.issue.issue_slices[0].issue_slice.ibuffer.ibuffer_if[3]	12	106	1830696	275813	140075	275813	7	140075	1336711	359	4358,135702,12,2,0,0,1,0,0,0,0,0,0,0,0,0,0,0,0,0,0,0,0,0,0,0,0,0,0,0,0,0,0,0,0,0,0,0,0,0	0,2,3,10498,258,4096,10244,4,22524,65548,10243,6141,6141,10,0,2047,2313,2,0,0,1,0,0,0,0,0,0,0,0,0,0,0,0,0,0,0,0,0,0,0	2	141892	137775	141892	3	137775	1470632	359	133659,4115,1,0,0,0,0,0,0,0,0,0,0,0,0,0,0,0,0,0,0,0,0,0,0,0,0,0,0,0,0,0,0,0,0,0,0,0,0,0	5,0,4,4104,6395,2,4096,10244,4,22524,65548,10242,6141,6141,10,0,264,2050,0,0,1,0,0,0,0,0,0,0,0,0,0,0,0,0,0,0,0,0,0,0
tb.dut.clusters[0].cluster.sockets[0].socket.cores[0].core.issue.issue_slices[0].issue_slice.ibuffer_if[0]	11	106	2093256	281977	146230	281977	5	146230	1330547	306	10508,135701,18,2,1,0,0,0,0,0,0,0,0,0,0,0,0,0,0,0,0,0,0,0,0,0,0,0,0,0,0,0,0,0,0,0,0,0,0,0	6146,6147,5,8459,258,4097,14340,4100,6146,77818,5,10,8188,6148,0,0,4359,3,0,0,1,0,0,0,0,0,0,0,0,0,0,0,0,0,0,0,0,0,0,0	2	150105	139831	150105	4	139832	1462419	312	129560,10269,1,1,0,0,0,0,0,0,0,0,0,0,0,0,0,0,0,0,0,0,0,0,0,0,0,0,0,0,0,0,0,0,0,0,0,0,0,0	2052,8,2051,10253,2302,3,4096,14343,4097,6145,77816,5,10,8189,6147,0,263,2051,0,0,1,0,0,0,0,0,0,0,0,0,0,0,0,0,0,0,0,0,0,0
tb.dut.clusters[0].cluster.sockets[0].socket.cores[0].core.issue.issue_slices[0].issue_slice.ibuffer_if[1]	11	106	2072384	279912	140081	279912	7	140081	1332612	357	4362,131611,4107,0,0,0,1,0,0,0,0,0,0,0,0,0,0,0,0,0,0,0,0,0,0,0,0,0,0,0,0,0,0,0,0,0,0,0,0,0	5,4,4097,8454,4351,2049,14341,2050,14335,57351,8194,12293,8189,7,0,0,4357,3,0,0,1,0,0,0,0,0,0,0,0,0,0,0,0,0,0,0,0,0,0,0	2	148040	137778	148040	3	137778	1464484	357	127517,10260,1,0,0,0,0,0,0,0,0,0,0,0,0,0,0,0,0,0,0,0,0,0,0,0,0,0,0,0,0,0,0,0,0,0,0,0,0,0	7,0,4,10249,2302,4096,2048,14341,2050,14335,57350,8194,12294,8188,7,0,261,2051,0,0,1,0,0,0,0,0,0,0,0,0,0,0,0,0,0,0,0,0,0,0
tb.dut.clusters[0].cluster.sockets[0].socket.cores[0].core.issue.issue_slices[0].issue_slice.ibuffer_if[2]	11	106	1830706	275813	140078	275813	4	140078	1336711	358	4359,135705,12,2,0,0,0,0,0,0,0,0,0,0,0,0,0,0,0,0,0,0,0,0,0,0,0,0,0,0,0,0,0,0,0,0,0,0,0,0	3,0,2,12549,259,4098,14338,2049,6144,81921,6,11,8188,6148,0,0,4358,3,0,0,1,0,0,0,0,0,0,0,0,0,0,0,0,0,0,0,0,0,0,0	2	141893	137775	141893	2	137775	1470631	358	133657,4118,0,0,0,0,0,0,0,0,0,0,0,0,0,0,0,0,0,0,0,0,0,0,0,0,0,0,0,0,0,0,0,0,0,0,0,0,0,0	3,1,2,4106,8444,4,4097,14338,2049,6144,81920,7,10,8188,6148,0,262,2051,0,0,1,0,0,0,0,0,0,0,0,0,0,0,0,0,0,0,0,0,0,0
tb.dut.clusters[0].cluster.sockets[0].socket.cores[0].core.issue.issue_slices[0].issue_slice.ibuffer_if[3]	11	106	1830696	275813	140075	275813	7	140075	1336711	359	4358,135702,12,2,0,0,1,0,0,0,0,0,0,0,0,0,0,0,0,0,0,0,0,0,0,0,0,0,0,0,0,0,0,0,0,0,0,0,0,0	0,2,3,10498,258,4096,10244,4,22524,65548,10243,6141,6141,10,0,2047,2313,2,0,0,1,0,0,0,0,0,0,0,0,0,0,0,0,0,0,0,0,0,0,0	2	141892	137775	141892	3	137775	1470632	359	133659,4115,1,0,0,0,0,0,0,0,0,0,0,0,0,0,0,0,0,0,0,0,0,0,0,0,0,0,0,0,0,0,0,0,0,0,0,0,0,0	5,0,4,4104,6395,2,4096,10244,4,22524,65548,10242,6141,6141,10,0,264,2050,0,0,1,0,0,0,0,0,0,0,0,0,0,0,0,0,0,0,0,0,0,0
tb.dut.clusters[0].cluster.sockets[0].socket.cores[0].core.issue.issue_slices[0].issue_slice.operands	11	3911	809905250	1606726	2853	1606726	1788	2853	5798	289	0,5,0,0,28,256,1,0,254,2,253,1,0,0,0,0,4,1,1,0,0,2046,1,0,0,0,0,0,0,0,0,0,0,0,0,0,0,0,0,0	513,2050,284,0,2,0,1,0,0,0,0,1,0,0,1,0,0,0,0,0,1,0,0,0,0,0,0,0,0,0,0,0,0,0,0,0,0,0,0,0	20	1601497	6989	1601497	796	6990	11027	309	11,2065,5,282,17,2,255,2038,1,1,254,1,0,0,0,0,8,1,0,0,0,2048,0,0,0,0,0,0,0,0,0,0,0,0,0,0,0,0,0,0	4378,2060,260,30,255,3,1,1,0,0,0,1,0,0,0,0,0,0,0,0,1,0,0,0,0,0,0,0,0,0,0,0,0,0,0,0,0,0,0,0
tb.dut.clusters[0].cluster.sockets[0].socket.cores[0].core.issue.issue_slices[0].issue_slice.operands.genblk6[0]	12	17	16954470	1050906	530027	1050906	15	530028	561618	324	9240,520757,13,2,4,8,0,1,0,0,0,0,0,1,1,0,0,0,0,0,0,0,0,0,0,0,0,0,0,0,0,0,0,0,0,0,0,0,0,0	522525,2587,2056,7,509,27,6,254,3,2,2047,2,0,1,0,1,0,0,0,0,1,0,0,0,0,0,0,0,0,0,0,0,0,0,0,0,0,0,0,0	2	1042700	527992	1042700	8	527993	569824	324	13344,514616,22,2,0,7,0,1,0,0,0,0,0,0,0,0,0,0,0,0,0,0,0,0,0,0,0,0,0,0,0,0,0,0,0,0,0,0,0,0	518441,2586,2058,8,509,2074,6,254,3,2,2047,2,0,1,0,1,0,0,0,0,1,0,0,0,0,0,0,0,0,0,0,0,0,0,0,0,0,0,0,0
tb.dut.clusters[0].cluster.sockets[0].socket.cores[0].core.issue.issue_slices[0].issue_slice.operands.genblk6[1]	12	17	16945300	1042722	527981	1042722	14	527982	569802	324	13340,514615,12,2,1,5,0,1,1,0,0,0,0,4,0,0,0,0,0,0,0,0,0,0,0,0,0,0,0,0,0,0,0,0,0,0,0,0,0,0	518434,2584,2058,7,509,2074,5,254,3,2,2047,2,0,1,0,1,0,0,0,0,1,0,0,0,0,0,0,0,0,0,0,0,0,0,0,0,0,0,0,0	2	1042700	527992	1042700	8	527993	569824	324	13344,514616,22,2,0,7,0,1,0,0,0,0,0,0,0,0,0,0,0,0,0,0,0,0,0,0,0,0,0,0,0,0,0,0,0,0,0,0,0,0	518441,2586,2058,8,509,2074,6,254,3,2,2047,2,0,1,0,1,0,0,0,0,1,0,0,0,0,0,0,0,0,0,0,0,0,0,0,0,0,0,0,0
tb.dut.clusters[0].cluster.sockets[0].socket.cores[0].core.issue.issue_slices[0].issue_slice.operands.genblk6[2]	12	17	16945250	1048848	530036	1048848	14	530037	563676	324	11298,518709,18,3,0,5,0,1,0,0,0,0,0,2,0,0,0,0,0,0,0,0,0,0,0,0,0,0,0,0,0,0,0,0,0,0,0,0,0,0	520485,4633,2059,8,509,27,5,254,3,2,2047,2,0,1,0,1,0,0,0,0,1,0,0,0,0,0,0,0,0,0,0,0,0,0,0,0,0,0,0,0	2	1042700	527992	1042700	8	527993	569824	324	13344,514616,22,2,0,7,0,1,0,0,0,0,0,0,0,0,0,0,0,0,0,0,0,0,0,0,0,0,0,0,0,0,0,0,0,0,0,0,0,0	518441,2586,2058,8,509,2074,6,254,3,2,2047,2,0,1,0,1,0,0,0,0,1,0,0,0,0,0,0,0,0,0,0,0,0,0,0,0,0,0,0,0
tb.dut.clusters[0].cluster.sockets[0].socket.cores[0].core.issue.issue_slices[0].issue_slice.operands.genblk6[3]	12	17	16945246	1048860	527983	1048860	15	527984	563664	324	7196,520756,16,2,4,5,0,1,1,0,0,0,0,1,1,0,0,0,0,0,0,0,0,0,0,0,0,0,0,0,0,0,0,0,0,0,0,0,0,0	520479,2587,13,7,2556,27,4,254,3,2,2047,2,0,1,0,1,0,0,0,0,1,0,0,0,0,0,0,0,0,0,0,0,0,0,0,0,0,0,0,0	2	1042700	527992	1042700	8	527993	569824	324	13344,514616,22,2,0,7,0,1,0,0,0,0,0,0,0,0,0,0,0,0,0,0,0,0,0,0,0,0,0,0,0,0,0,0,0,0,0,0,0,0	518441,2586,2058,8,509,2074,6,254,3,2,2047,2,0,1,0,1,0,0,0,0,1,0,0,0,0,0,0,0,0,0,0,0,0,0,0,0,0,0,0,0
tb.dut.clusters[0].cluster.sockets[0].socket.cores[0].core.issue.issue_slices[0].issue_slice.operands.operands_if	12	474	75321649	1064259	517209	1064259	13	517209	548265	311	3,506417,2055,2561,2059,4101,0,9,3,0,0,0,1,0,0,0,0,0,0,0,0,0,0,0,0,0,0,0,0,0,0,0,0,0,0,0,0,0,0,0	512281,11,3,12,514,27,2051,2302,2,2,0,0,0,1,0,0,2,0,0,0,1,0,0,0,0,0,0,0,0,0,0,0,0,0,0,0,0,0,0,0	3	599297	519255	599297	13	519256	1013227	319	451619,63512,5,2049,5,2054,0,9,1,0,0,0,1,0,0,0,0,0,0,0,0,0,0,0,0,0,0,0,0,0,0,0,0,0,0,0,0,0,0,0	67609,449034,0,8,7,1,26,256,1,2,4,0,0,0,257,0,2050,0,0,0,1,0,0,0,0,0,0,0,0,0,0,0,0,0,0,0,0,0,0,0
tb.dut.clusters[0].cluster.sockets[0].socket.cores[0].core.issue.issue_slices[0].issue_slice.operands.scoreboard_if	12	108	4902113	996669	416840	996669	19	416840	615855	308	6143,344605,4109,33281,24589,2053,1,7,2,2047,0,0,0,0,0,2,1,0,0,0,0,0,0,0,0,0,0,0,0,0,0,0,0,0,0,0,0,0,0,0	358651,6166,6,22549,25085,2066,2051,255,2,2,1,0,0,3,0,0,2,0,0,0,1,0,0,0,0,0,0,0,0,0,0,0,0,0,0,0,0,0,0,0	2	510747	487002	510747	9	487003	1101777	308	463360,23606,15,5,3,5,0,7,1,0,0,0,0,0,0,0,0,0,0,0,0,0,0,0,0,0,0,0,0,0,0,0,0,0,0,0,0,0,0,0	74535,350193,10253,18,23048,26622,21,255,2049,2,0,1,0,1,2,0,2,0,0,0,1,0,0,0,0,0,0,0,0,0,0,0,0,0,0,0,0,0,0,0
tb.dut.clusters[0].cluster.sockets[0].socket.cores[0].core.issue.issue_slices[0].issue_slice.operands.writeback_if	12	175	89429114	1064272	521301	1064272	15	521302	548252	317	2,514613,2052,513,2058,3,1,2048,3,0,1,0,0,6,1,0,0,0,0,0,0,0,0,0,0,0,0,0,0,0,0,0,0,0,0,0,0,0,0,0	516367,2072,6,7,509,27,3,254,3,2,2047,2,0,1,0,1,0,0,0,0,1,0,0,0,0,0,0,0,0,0,0,0,0,0,0,0,0,0,0,0	2	1055559	530014	1055559	15	530015	556965	317	4624,525363,3,3,8,2,0,1,2,0,1,0,0,6,1,0,0,0,0,0,0,0,0,0,0,0,0,0,0,0,0,0,0,0,0,0,0,0,0,0	525080,2072,6,7,509,27,3,254,3,2,2047,2,0,1,0,1,0,0,0,0,1,0,0,0,0,0,0,0,0,0,0,0,0,0,0,0,0,0,0,0
tb.dut.clusters[0].cluster.sockets[0].socket.cores[0].core.issue.issue_slices[0].issue_slice.operands_if	11	474	75321649	1064259	517209	1064259	13	517209	548265	311	3,506417,2055,2561,2059,4101,0,9,3,0,0,0,1,0,0,0,0,0,0,0,0,0,0,0,0,0,0,0,0,0,0,0,0,0,0,0,0,0,0,0	512281,11,3,12,514,27,2051,2302,2,2,0,0,0,1,0,0,2,0,0,0,1,0,0,0,0,0,0,0,0,0,0,0,0,0,0,0,0,0,0,0	3	599297	519255	599297	13	519256	1013227	319	451619,63512,5,2049,5,2054,0,9,1,0,0,0,1,0,0,0,0,0,0,0,0,0,0,0,0,0,0,0,0,0,0,0,0,0,0,0,0,0,0,0	67609,449034,0,8,7,1,26,256,1,2,4,0,0,0,257,0,2050,0,0,0,1,0,0,0,0,0,0,0,0,0,0,0,0,0,0,0,0,0,0,0
tb.dut.clusters[0].cluster.sockets[0].socket.cores[0].core.issue.issue_slices[0].issue_slice.scoreboard	11	2021	132564363	1609355	2317	1609355	1094	2317	3169	286	0,4,0,1,2,0,2,0,1,0,0,0,0,0,0,0,257,1,0,1,0,2047,1,0,0,0,0,0,0,0,0,0,0,0,0,0,0,0,0,0	2051,1,255,4,1,1,0,0,1,0,0,1,0,0,0,0,1,0,0,0,1,0,0,0,0,0,0,0,0,0,0,0,0,0,0,0,0,0,0,0	11	1377501	232527	1377501	115	232527	235023	307	277,167933,26,510,28685,3,0,26619,2,258,10,0,1,1,0,0,10,4,8188,0,0,0,0,0,0,0,0,0,0,0,0,0,0,0,0,0,0,0,0,0	231447,545,6,509,13,2,1,0,0,0,0,1,1,0,0,1,0,0,0,0,1,0,0,0,0,0,0,0,0,0,0,0,0,0,0,0,0,0,0,0
tb.dut.clusters[0].cluster.sockets[0].socket.cores[0].core.issue.issue_slices[0].issue_slice.scoreboard.genblk2[0]	12	107	3875246	1558067	6670	1558067	753	6670	54457	306	0,1,4358,0,1,1,0,0,255,1,0,0,0,0,0,0,2,0,1,1,1,2048,0,0,0,0,0,0,0,0,0,0,0,0,0,0,0,0,0,0	1,0,4358,0,0,1,0,0,0,1,0,0,0,0,0,257,2050,1,0,0,1,0,0,0,0,0,0,0,0,0,0,0,0,0,0,0,0,0,0,0	2	974680	576479	974680	6	576479	637844	307	362938,41227,164087,4112,4111,4,0,0,0,0,0,0,0,0,0,0,0,0,0,0,0,0,0,0,0,0,0,0,0,0,0,0,0,0,0,0,0,0,0,0	569808,1,7,2050,0,2301,2,0,0,0,1,0,0,0,0,0,2307,1,0,0,1,0,0,0,0,0,0,0,0,0,0,0,0,0,0,0,0,0,0,0
tb.dut.clusters[0].cluster.sockets[0].socket.cores[0].core.issue.issue_slices[0].issue_slice.scoreboard.genblk2[1]	12	107	3891628	1558065	6664	1558065	983	6664	54459	357	0,0,4356,0,0,1,0,0,255,1,0,0,0,0,0,0,1,0,1,1,0,2048,0,0,0,0,0,0,0,0,0,0,0,0,0,0,0,0,0,0	0,1,4355,0,0,0,0,0,0,0,0,0,0,0,1,257,2048,1,0,0,1,0,0,0,0,0,0,0,0,0,0,0,0,0,0,0,0,0,0,0	2	989009	564197	989009	7	564197	623515	359	354753,45315,133386,10252,20488,1,2,0,0,0,0,0,0,0,0,0,0,0,0,0,0,0,0,0,0,0,0,0,0,0,0,0,0,0,0,0,0,0,0,0	557533,1,4,2049,0,2301,1,0,0,0,0,0,0,0,0,1,2305,1,0,0,1,0,0,0,0,0,0,0,0,0,0,0,0,0,0,0,0,0,0,0
tb.dut.clusters[0].cluster.sockets[0].socket.cores[0].core.issue.issue_slices[0].issue_slice.scoreboard.genblk2[2]	12	107	3928494	1572404	6664	1572404	1068	6664	40120	358	0,2048,2309,0,0,1,0,0,255,1,0,0,0,0,0,0,1,0,0,1,0,2047,1,0,0,0,0,0,0,0,0,0,0,0,0,0,0,0,0,0	0,2048,2308,0,0,0,0,0,0,0,0,2047,1,0,0,257,2,0,0,0,1,0,0,0,0,0,0,0,0,0,0,0,0,0,0,0,0,0,0,0	2	982871	582623	982871	7	582623	629653	361	373179,30990,170226,4110,4115,2,1,0,0,0,0,0,0,0,0,0,0,0,0,0,0,0,0,0,0,0,0,0,0,0,0,0,0,0,0,0,0,0,0,0	575958,1,4,2050,0,2301,1,0,0,0,0,0,2047,1,0,0,258,1,0,0,1,0,0,0,0,0,0,0,0,0,0,0,0,0,0,0,0,0,0,0
tb.dut.clusters[0].cluster.sockets[0].socket.cores[0].core.issue.issue_slices[0].issue_slice.scoreboard.genblk2[3]	12	107	3928516	1572413	6664	1572413	1070	6664	40111	360	0,2049,2308,0,1,0,0,0,256,0,0,0,0,0,0,0,1,0,0,1,0,2047,1,0,0,0,0,0,0,0,0,0,0,0,0,0,0,0,0,0	1,1,2307,2047,0,0,0,0,1,2047,0,0,0,0,0,255,4,0,0,0,1,0,0,0,0,0,0,0,0,0,0,0,0,0,0,0,0,0,0,0	2	997211	570345	997211	7	570345	615313	361	367039,30985,135436,22536,14346,1,2,0,0,0,0,0,0,0,0,0,0,0,0,0,0,0,0,0,0,0,0,0,0,0,0,0,0,0,0,0,0,0,0,0	563681,1,4,3,2047,2301,0,0,0,1,2047,0,0,0,0,0,259,0,0,0,1,0,0,0,0,0,0,0,0,0,0,0,0,0,0,0,0,0,0,0
tb.dut.clusters[0].cluster.sockets[0].socket.cores[0].core.issue.issue_slices[0].issue_slice.scoreboard.ibuffer_if[0]	12	106	2093256	281977	146230	281977	5	146230	1330547	306	10508,135701,18,2,1,0,0,0,0,0,0,0,0,0,0,0,0,0,0,0,0,0,0,0,0,0,0,0,0,0,0,0,0,0,0,0,0,0,0,0	6146,6147,5,8459,258,4097,14340,4100,6146,77818,5,10,8188,6148,0,0,4359,3,0,0,1,0,0,0,0,0,0,0,0,0,0,0,0,0,0,0,0,0,0,0	2	150105	139831	150105	4	139832	1462419	312	129560,10269,1,1,0,0,0,0,0,0,0,0,0,0,0,0,0,0,0,0,0,0,0,0,0,0,0,0,0,0,0,0,0,0,0,0,0,0,0,0	2052,8,2051,10253,2302,3,4096,14343,4097,6145,77816,5,10,8189,6147,0,263,2051,0,0,1,0,0,0,0,0,0,0,0,0,0,0,0,0,0,0,0,0,0,0
tb.dut.clusters[0].cluster.sockets[0].socket.cores[0].core.issue.issue_slices[0].issue_slice.scoreboard.ibuffer_if[1]	12	106	2072384	279912	140081	279912	7	140081	1332612	357	4362,131611,4107,0,0,0,1,0,0,0,0,0,0,0,0,0,0,0,0,0,0,0,0,0,0,0,0,0,0,0,0,0,0,0,0,0,0,0,0,0	5,4,4097,8454,4351,2049,14341,2050,14335,57351,8194,12293,8189,7,0,0,4357,3,0,0,1,0,0,0,0,0,0,0,0,0,0,0,0,0,0,0,0,0,0,0	2	148040	137778	148040	3	137778	1464484	357	127517,10260,1,0,0,0,0,0,0,0,0,0,0,0,0,0,0,0,0,0,0,0,0,0,0,0,0,0,0,0,0,0,0,0,0,0,0,0,0,0	7,0,4,10249,2302,4096,2048,14341,2050,14335,57350,8194,12294,8188,7,0,261,2051,0,0,1,0,0,0,0,0,0,0,0,0,0,0,0,0,0,0,0,0,0,0
tb.dut.clusters[0].cluster.sockets[0].socket.cores[0].core.issue.issue_slices[0].issue_slice.scoreboard.ibuffer_if[2]	12	106	1830706	275813	140078	275813	4	140078	1336711	358	4359,135705,12,2,0,0,0,0,0,0,0,0,0,0,0,0,0,0,0,0,0,0,0,0,0,0,0,0,0,0,0,0,0,0,0,0,0,0,0,0	3,0,2,12549,259,4098,14338,2049,6144,81921,6,11,8188,6148,0,0,4358,3,0,0,1,0,0,0,0,0,0,0,0,0,0,0,0,0,0,0,0,0,0,0	2	141893	137775	141893	2	137775	1470631	358	133657,4118,0,0,0,0,0,0,0,0,0,0,0,0,0,0,0,0,0,0,0,0,0,0,0,0,0,0,0,0,0,0,0,0,0,0,0,0,0,0	3,1,2,4106,8444,4,4097,14338,2049,6144,81920,7,10,8188,6148,0,262,2051,0,0,1,0,0,0,0,0,0,0,0,0,0,0,0,0,0,0,0,0,0,0
tb.dut.clusters[0].cluster.sockets[0].socket.cores[0].core.issue.issue_slices[0].issue_slice.scoreboard.ibuffer_if[3]	12	106	1830696	275813	140075	275813	7	140075	1336711	359	4358,135702,12,2,0,0,1,0,0,0,0,0,0,0,0,0,0,0,0,0,0,0,0,0,0,0,0,0,0,0,0,0,0,0,0,0,0,0,0,0	0,2,3,10498,258,4096,10244,4,22524,65548,10243,6141,6141,10,0,2047,2313,2,0,0,1,0,0,0,0,0,0,0,0,0,0,0,0,0,0,0,0,0,0,0	2	141892	137775	141892	3	137775	1470632	359	133659,4115,1,0,0,0,0,0,0,0,0,0,0,0,0,0,0,0,0,0,0,0,0,0,0,0,0,0,0,0,0,0,0,0,0,0,0,0,0,0	5,0,4,4104,6395,2,4096,10244,4,22524,65548,10242,6141,6141,10,0,264,2050,0,0,1,0,0,0,0,0,0,0,0,0,0,0,0,0,0,0,0,0,0,0
tb.dut.clusters[0].cluster.sockets[0].socket.cores[0].core.issue.issue_slices[0].issue_slice.scoreboard.scoreboard_if	12	108	4902113	996669	416840	996669	19	416840	615855	308	6143,344605,4109,33281,24589,2053,1,7,2,2047,0,0,0,0,0,2,1,0,0,0,0,0,0,0,0,0,0,0,0,0,0,0,0,0,0,0,0,0,0,0	358651,6166,6,22549,25085,2066,2051,255,2,2,1,0,0,3,0,0,2,0,0,0,1,0,0,0,0,0,0,0,0,0,0,0,0,0,0,0,0,0,0,0	2	510747	487002	510747	9	487003	1101777	308	463360,23606,15,5,3,5,0,7,1,0,0,0,0,0,0,0,0,0,0,0,0,0,0,0,0,0,0,0,0,0,0,0,0,0,0,0,0,0,0,0	74535,350193,10253,18,23048,26622,21,255,2049,2,0,1,0,1,2,0,2,0,0,0,1,0,0,0,0,0,0,0,0,0,0,0,0,0,0,0,0,0,0,0
tb.dut.clusters[0].cluster.sockets[0].socket.cores[0].core.issue.issue_slices[0].issue_slice.scoreboard.staging_if[0]	12	106	2060492	277864	142124	277864	5	142124	1334660	307	6404,135704,14,0,2,0,0,0,0,0,0,0,0,0,0,0,0,0,0,0,0,0,0,0,0,0,0,0,0,0,0,0,0,0,0,0,0,0,0,0	4096,4096,0,6406,262,4096,16385,2049,6146,79871,7,10,8188,6149,0,0,4359,3,0,0,1,0,0,0,0,0,0,0,0,0,0,0,0,0,0,0,0,0,0,0	2	146247	141872	146247	4	141872	1466277	307	137499,4372,0,1,0,0,0,0,0,0,0,0,0,0,0,0,0,0,0,0,0,0,0,0,0,0,0,0,0,0,0,0,0,0,0,0,0,0,0,0	3,8190,0,4105,2048,9,4095,16385,2049,6146,80124,8,10,8188,6149,0,4359,3,0,0,1,0,0,0,0,0,0,0,0,0,0,0,0,0,0,0,0,0,0,0
tb.dut.clusters[0].cluster.sockets[0].socket.cores[0].core.issue.issue_slices[0].issue_slice.scoreboard.staging_if[1]	12	106	2060320	277853	138027	277853	8	138027	1334671	358	2310,131613,4103,0,0,0,0,1,0,0,0,0,0,0,0,0,0,0,0,0,0,0,0,0,0,0,0,0,0,0,0,0,0,0,0,0,0,0,0,0	2,3,4093,4357,4353,2049,14340,2051,16379,57353,8197,12292,8188,9,0,0,4357,3,0,0,1,0,0,0,0,0,0,0,0,0,0,0,0,0,0,0,0,0,0,0	2	146233	137773	146233	3	137774	1466291	364	129314,8458,1,0,0,0,0,0,0,0,0,0,0,0,0,0,0,0,0,0,0,0,0,0,0,0,0,0,0,0,0,0,0,0,0,0,0,0,0,0	4,0,3,8193,2,4100,2048,14340,2051,16379,57606,8198,12292,8188,9,0,4357,3,0,0,1,0,0,0,0,0,0,0,0,0,0,0,0,0,0,0,0,0,0,0
tb.dut.clusters[0].cluster.sockets[0].socket.cores[0].core.issue.issue_slices[0].issue_slice.scoreboard.staging_if[2]	12	106	1626350	273759	138026	273759	5	138026	1338765	359	2308,135706,10,1,1,0,0,0,0,0,0,0,0,0,0,0,0,0,0,0,0,0,0,0,0,0,0,0,0,0,0,0,0,0,0,0,0,0,0,0	3,0,0,8451,259,4097,14338,2048,8190,81923,6,11,8188,6148,1,0,4360,2,0,0,1,0,0,0,0,0,0,0,0,0,0,0,0,0,0,0,0,0,0,0	2	140091	137772	140091	2	137773	1472433	365	135453,2319,0,0,0,0,0,0,0,0,0,0,0,0,0,0,0,0,0,0,0,0,0,0,0,0,0,0,0,0,0,0,0,0,0,0,0,0,0,0	4,0,0,2054,6143,6,4096,14338,2048,8190,82176,7,11,8188,6148,1,4360,2,0,0,1,0,0,0,0,0,0,0,0,0,0,0,0,0,0,0,0,0,0,0
tb.dut.clusters[0].cluster.sockets[0].socket.cores[0].core.issue.issue_slices[0].issue_slice.scoreboard.staging_if[3]	12	106	1626338	273759	138023	273759	8	138023	1338765	360	2307,135703,10,2,0,0,0,1,0,0,0,0,0,0,0,0,0,0,0,0,0,0,0,0,0,0,0,0,0,0,0,0,0,0,0,0,0,0,0,0	0,2,0,8448,259,2049,10242,3,22524,65548,12291,6142,6141,10,0,2047,2314,2,0,0,1,0,0,0,0,0,0,0,0,0,0,0,0,0,0,0,0,0,0,0	2	140090	137771	140090	3	137772	1472434	366	135453,2317,1,0,0,0,0,0,0,0,0,0,0,0,0,0,0,0,0,0,0,0,0,0,0,0,0,0,0,0,0,0,0,0,0,0,0,0,0,0	4,0,1,2053,6141,5,2049,10242,3,22524,65802,12291,6142,6141,10,0,4361,2,0,0,1,0,0,0,0,0,0,0,0,0,0,0,0,0,0,0,0,0,0,0
tb.dut.clusters[0].cluster.sockets[0].socket.cores[0].core.issue.issue_slices[0].issue_slice.scoreboard.writeback_if	12	175	89429114	1064272	521301	1064272	15	521302	548252	317	2,514613,2052,513,2058,3,1,2048,3,0,1,0,0,6,1,0,0,0,0,0,0,0,0,0,0,0,0,0,0,0,0,0,0,0,0,0,0,0,0,0	516367,2072,6,7,509,27,3,254,3,2,2047,2,0,1,0,1,0,0,0,0,1,0,0,0,0,0,0,0,0,0,0,0,0,0,0,0,0,0,0,0	2	1055559	530014	1055559	15	530015	556965	317	4624,525363,3,3,8,2,0,1,2,0,1,0,0,6,1,0,0,0,0,0,0,0,0,0,0,0,0,0,0,0,0,0,0,0,0,0,0,0,0,0	525080,2072,6,7,509,27,3,254,3,2,2047,2,0,1,0,1,0,0,0,0,1,0,0,0,0,0,0,0,0,0,0,0,0,0,0,0,0,0,0,0
tb.dut.clusters[0].cluster.sockets[0].socket.cores[0].core.issue.issue_slices[0].issue_slice.scoreboard_if	11	108	4902113	996669	416840	996669	19	416840	615855	308	6143,344605,4109,33281,24589,2053,1,7,2,2047,0,0,0,0,0,2,1,0,0,0,0,0,0,0,0,0,0,0,0,0,0,0,0,0,0,0,0,0,0,0	358651,6166,6,22549,25085,2066,2051,255,2,2,1,0,0,3,0,0,2,0,0,0,1,0,0,0,0,0,0,0,0,0,0,0,0,0,0,0,0,0,0,0	2	510747	487002	510747	9	487003	1101777	308	463360,23606,15,5,3,5,0,7,1,0,0,0,0,0,0,0,0,0,0,0,0,0,0,0,0,0,0,0,0,0,0,0,0,0,0,0,0,0,0,0	74535,350193,10253,18,23048,26622,21,255,2049,2,0,1,0,1,2,0,2,0,0,0,1,0,0,0,0,0,0,0,0,0,0,0,0,0,0,0,0,0,0,0
tb.dut.clusters[0].cluster.sockets[0].socket.cores[0].core.issue.issue_slices[0].issue_slice.writeback_if	11	175	89429114	1064272	521301	1064272	15	521302	548252	317	2,514613,2052,513,2058,3,1,2048,3,0,1,0,0,6,1,0,0,0,0,0,0,0,0,0,0,0,0,0,0,0,0,0,0,0,0,0,0,0,0,0	516367,2072,6,7,509,27,3,254,3,2,2047,2,0,1,0,1,0,0,0,0,1,0,0,0,0,0,0,0,0,0,0,0,0,0,0,0,0,0,0,0	2	1055559	530014	1055559	15	530015	556965	317	4624,525363,3,3,8,2,0,1,2,0,1,0,0,6,1,0,0,0,0,0,0,0,0,0,0,0,0,0,0,0,0,0,0,0,0,0,0,0,0,0	525080,2072,6,7,509,27,3,254,3,2,2047,2,0,1,0,1,0,0,0,0,1,0,0,0,0,0,0,0,0,0,0,0,0,0,0,0,0,0,0,0
tb.dut.clusters[0].cluster.sockets[0].socket.cores[0].core.issue.issue_slices[0].per_issue_decode_if	10	172	4211075	931121	180988	931121	71	180989	681403	285	4101,65781,0,2050,59873,1,45074,1,1,0,1,0,2047,0,2,0,3,5,2048,0,0,0,0,0,0,0,0,0,0,0,0,0,0,0,0,0,0,0,0,0	61677,14346,2050,61667,30737,3,8188,1,3,0,0,0,0,254,1,0,12,2048,0,1,1,0,0,0,0,0,0,0,0,0,0,0,0,0,0,0,0,0,0,0	2	514552	392532	514552	70	392533	1097972	285	291381,80380,20743,24,2,1,0,0,0,0,0,0,0,0,0,0,0,0,1,0,0,0,0,0,0,0,0,0,0,0,0,0,0,0,0,0,0,0,0,0	215643,59629,14341,259,57319,24595,12285,0,6142,3,0,0,0,254,1,0,12,1,2047,1,1,0,0,0,0,0,0,0,0,0,0,0,0,0,0,0,0,0,0,0
tb.dut.clusters[0].cluster.sockets[0].socket.cores[0].core.issue.issue_slices[0].per_issue_dispatch_if[0]	10	474	125668	25748	7224	25748	8	7224	1586776	756	2,552,4099,516,2053,0,0,2,0,0,0,0,0,0,0,0,0,0,0,0,0,0,0,0,0,0,0,0,0,0,0,0,0,0,0,0,0,0,0,0	273,11,3,8,510,2,2050,256,2049,1,0,0,0,0,0,0,10,1,0,1,1,2048,0,0,0,0,0,0,0,0,0,0,0,0,0,0,0,0,0,0	3	5233	5171	5233	8	5172	1607291	768	5132,30,4,2,1,0,0,2,0,0,0,0,0,0,0,0,0,0,0,0,0,0,0,0,0,0,0,0,0,0,0,0,0,0,0,0,0,0,0,0	14,520,2,2,3,2,3,257,1,1,2,1,2047,0,255,0,10,2,0,1,1,2048,0,0,0,0,0,0,0,0,0,0,0,0,0,0,0,0,0,0
tb.dut.clusters[0].cluster.sockets[0].socket.cores[0].core.issue.issue_slices[0].per_issue_dispatch_if[1]	10	474	2414	73	34	73	8	34	1612451	1604317	1,32,0,0,0,0,0,1,0,0,0,0,0,0,0,0,0,0,0,0,0,0,0,0,0,0,0,0,0,0,0,0,0,0,0,0,0,0,0,0	0,0,1,1,0,27,0,0,0,0,0,0,0,0,0,0,0,0,2,1,0,0,0,0,1,0,0,0,0,0,0,0,1,0,0,0,0,0,0,0	3	38	31	38	8	32	1612486	1604323	30,0,0,0,0,0,0,1,0,0,0,0,0,0,0,0,0,0,0,0,0,0,0,0,0,0,0,0,0,0,0,0,0,0,0,0,0,0,0,0	0,0,0,0,1,0,25,0,0,0,0,0,0,0,1,0,0,0,2,1,0,0,0,0,1,0,0,0,0,0,0,0,1,0,0,0,0,0,0,0
tb.dut.clusters[0].cluster.sockets[0].socket.cores[0].core.issue.issue_slices[0].per_issue_dispatch_if[2]	10	474	100	21	7	21	5	7	1612503	1612089	1,3,0,1,2,0,0,0,0,0,0,0,0,0,0,0,0,0,0,0,0,0,0,0,0,0,0,0,0,0,0,0,0,0,0,0,0,0,0,0	0,0,1,0,1,0,0,0,0,0,0,0,0,1,0,0,2,0,0,0,1,0,0,0,0,0,0,0,0,0,0,0,1,0,0,0,0,0,0,0	3	6	5	6	2	6	1612518	1612093	4,1,0,0,0,0,0,0,0,0,0,0,0,0,0,0,0,0,0,0,0,0,0,0,0,0,0,0,0,0,0,0,0,0,0,0,0,0,0,0	0,1,0,0,0,0,0,0,0,0,0,0,0,0,0,0,3,0,0,0,1,0,0,0,0,0,0,0,0,0,0,0,1,0,0,0,0,0,0,0
tb.dut.clusters[0].cluster.sockets[0].socket.cores[0].core.issue.issue_slices[0].per_issue_dispatch_if[3]	10	474	72213025	1050781	522296	1050781	32	522296	561743	8245	3,520239,0,3,2048,0,0,2,0,0,0,0,0,0,0,0,1,0,0,0,0,0,0,0,0,0,0,0,0,0,0,0,0,0,0,0,0,0,0,0	520215,19,2,6,3,1,0,0,0,0,0,0,0,0,1,2046,1,0,0,0,1,0,0,0,0,1,0,0,0,0,0,0,0,0,0,0,0,0,0,0	3	583822	524352	583822	8	524353	1028702	8245	466946,55353,2048,2,2,0,0,1,0,0,0,0,0,0,0,0,0,0,0,0,0,0,0,0,0,0,0,0,0,0,0,0,0,0,0,0,0,0,0,0	57377,464914,2,6,3,1,0,0,0,0,0,0,0,0,1,2046,1,0,0,0,1,0,0,0,0,1,0,0,0,0,0,0,0,0,0,0,0,0,0,0
tb.dut.clusters[0].cluster.sockets[0].socket.cores[0].core.issue.writeback_if[0]	9	175	89429114	1064272	521301	1064272	15	521302	548252	317	2,514613,2052,513,2058,3,1,2048,3,0,1,0,0,6,1,0,0,0,0,0,0,0,0,0,0,0,0,0,0,0,0,0,0,0,0,0,0,0,0,0	516367,2072,6,7,509,27,3,254,3,2,2047,2,0,1,0,1,0,0,0,0,1,0,0,0,0,0,0,0,0,0,0,0,0,0,0,0,0,0,0,0	2	1055559	530014	1055559	15	530015	556965	317	4624,525363,3,3,8,2,0,1,2,0,1,0,0,6,1,0,0,0,0,0,0,0,0,0,0,0,0,0,0,0,0,0,0,0,0,0,0,0,0,0	525080,2072,6,7,509,27,3,254,3,2,2047,2,0,1,0,1,0,0,0,0,1,0,0,0,0,0,0,0,0,0,0,0,0,0,0,0,0,0,0,0
tb.dut.clusters[0].cluster.sockets[0].socket.cores[0].core.lmem_unit	8	9745	30830	233	39	233	10	39	1612291	1604300	0,0,2,1,4,28,1,0,2,1,0,0,0,0,0,0,0,0,0,0,0,0,0,0,0,0,0,0,0,0,0,0,0,0,0,0,0,0,0,0	2,27,3,0,0,0,0,0,0,0,0,0,0,0,0,1,0,0,4,0,0,0,0,0,1,0,0,0,0,0,0,0,1,0,0,0,0,0,0,0	49	138	39	138	5	39	1612386	1604324	5,1,2,30,1,0,0,0,0,0,0,0,0,0,0,0,0,0,0,0,0,0,0,0,0,0,0,0,0,0,0,0,0,0,0,0,0,0,0,0	1,1,0,31,0,0,1,0,0,0,0,0,0,0,0,0,0,0,3,0,0,0,0,0,1,0,0,0,0,0,0,0,1,0,0,0,0,0,0,0
tb.dut.clusters[0].cluster.sockets[0].socket.cores[0].core.lmem_unit.genblk3[0]	9	8	65	65	35	65	2	36	1612459	1604325	5,30,0,0,0,0,0,0,0,0,0,0,0,0,0,0,0,0,0,0,0,0,0,0,0,0,0,0,0,0,0,0,0,0,0,0,0,0,0,0	1,0,0,0,0,32,0,0,0,0,0,0,0,0,0,0,0,0,0,0,1,0,0,0,1,0,0,0,0,0,0,0,1,0,0,0,0,0,0,0	2	0	0	0	0	1	1612524	1612524	0,0,0,0,0,0,0,0,0,0,0,0,0,0,0,0,0,0,0,0,0,0,0,0,0,0,0,0,0,0,0,0,0,0,0,0,0,0,0,0	0,0,0,0,0,0,0,0,0,0,0,0,0,0,0,0,0,0,0,0,0,0,0,0,0,0,0,0,0,0,0,0,1,0,0,0,0,0,0,0
tb.dut.clusters[0].cluster.sockets[0].socket.cores[0].core.lmem_unit.genblk4[0]	9	3782	11566	78	41	78	4	41	1612446	1604302	7,32,1,1,0,0,0,0,0,0,0,0,0,0,0,0,0,0,0,0,0,0,0,0,0,0,0,0,0,0,0,0,0,0,0,0,0,0,0,0	1,4,0,0,0,30,0,0,0,0,0,0,0,0,0,0,1,0,3,0,0,0,0,0,1,0,0,0,0,0,0,0,1,0,0,0,0,0,0,0	19	68	33	68	4	33	1612456	1604324	1,30,1,1,0,0,0,0,0,0,0,0,0,0,0,0,0,0,0,0,0,0,0,0,0,0,0,0,0,0,0,0,0,0,0,0,0,0,0,0	0,0,0,0,0,29,0,0,0,0,0,0,0,0,0,0,0,0,1,1,0,0,0,0,1,0,0,0,0,0,0,0,1,0,0,0,0,0,0,0
tb.dut.clusters[0].cluster.sockets[0].socket.cores[0].core.lmem_unit.genblk4[0].lmem_bus_tmp_if[0]	10	270	590	42	39	42	3	39	1612482	1604325	37,1,1,0,0,0,0,0,0,0,0,0,0,0,0,0,0,0,0,0,0,0,0,0,0,0,0,0,0,0,0,0,0,0,0,0,0,0,0,0	0,4,0,0,0,0,30,0,0,0,0,0,0,0,0,0,0,0,3,0,0,0,0,0,1,0,0,0,0,0,0,0,1,0,0,0,0,0,0,0	2	35	32	35	3	33	1612489	1604326	30,1,1,0,0,0,0,0,0,0,0,0,0,0,0,0,0,0,0,0,0,0,0,0,0,0,0,0,0,0,0,0,0,0,0,0,0,0,0,0	0,0,0,0,0,0,29,0,0,0,0,0,0,0,0,0,0,0,1,1,0,0,0,0,1,0,0,0,0,0,0,0,1,0,0,0,0,0,0,0
tb.dut.clusters[0].cluster.sockets[0].socket.cores[0].core.lmem_unit.genblk4[0].lmem_bus_tmp_if[1]	10	270	583	42	39	42	3	39	1612482	1604325	37,1,1,0,0,0,0,0,0,0,0,0,0,0,0,0,0,0,0,0,0,0,0,0,0,0,0,0,0,0,0,0,0,0,0,0,0,0,0,0	0,4,0,0,0,0,30,0,0,0,0,0,0,0,0,0,0,0,3,0,0,0,0,0,1,0,0,0,0,0,0,0,1,0,0,0,0,0,0,0	2	35	32	35	3	33	1612489	1604326	30,1,1,0,0,0,0,0,0,0,0,0,0,0,0,0,0,0,0,0,0,0,0,0,0,0,0,0,0,0,0,0,0,0,0,0,0,0,0,0	0,0,0,0,0,0,29,0,0,0,0,0,0,0,0,0,0,0,1,1,0,0,0,0,1,0,0,0,0,0,0,0,1,0,0,0,0,0,0,0
tb.dut.clusters[0].cluster.sockets[0].socket.cores[0].core.lmem_unit.genblk4[0].lmem_bus_tmp_if[2]	10	270	571	42	39	42	3	39	1612482	1604325	37,1,1,0,0,0,0,0,0,0,0,0,0,0,0,0,0,0,0,0,0,0,0,0,0,0,0,0,0,0,0,0,0,0,0,0,0,0,0,0	0,4,0,0,0,0,30,0,0,0,0,0,0,0,0,0,0,0,3,0,0,0,0,0,1,0,0,0,0,0,0,0,1,0,0,0,0,0,0,0	2	35	32	35	3	33	1612489	1604326	30,1,1,0,0,0,0,0,0,0,0,0,0,0,0,0,0,0,0,0,0,0,0,0,0,0,0,0,0,0,0,0,0,0,0,0,0,0,0,0	0,0,0,0,0,0,29,0,0,0,0,0,0,0,0,0,0,0,1,1,0,0,0,0,1,0,0,0,0,0,0,0,1,0,0,0,0,0,0,0
tb.dut.clusters[0].cluster.sockets[0].socket.cores[0].core.lmem_unit.genblk4[0].lmem_bus_tmp_if[3]	10	270	583	42	39	42	3	39	1612482	1604325	37,1,1,0,0,0,0,0,0,0,0,0,0,0,0,0,0,0,0,0,0,0,0,0,0,0,0,0,0,0,0,0,0,0,0,0,0,0,0,0	0,4,0,0,0,0,30,0,0,0,0,0,0,0,0,0,0,0,3,0,0,0,0,0,1,0,0,0,0,0,0,0,1,0,0,0,0,0,0,0	2	35	32	35	3	33	1612489	1604326	30,1,1,0,0,0,0,0,0,0,0,0,0,0,0,0,0,0,0,0,0,0,0,0,0,0,0,0,0,0,0,0,0,0,0,0,0,0,0,0	0,0,0,0,0,0,29,0,0,0,0,0,0,0,0,0,0,0,1,1,0,0,0,0,1,0,0,0,0,0,0,0,1,0,0,0,0,0,0,0
tb.dut.clusters[0].cluster.sockets[0].socket.cores[0].core.lmem_unit.genblk4[0].lsu_adapter	10	2702	9239	78	41	78	4	41	1612446	1604302	7,32,1,1,0,0,0,0,0,0,0,0,0,0,0,0,0,0,0,0,0,0,0,0,0,0,0,0,0,0,0,0,0,0,0,0,0,0,0,0	1,4,0,0,0,30,0,0,0,0,0,0,0,0,0,0,1,0,3,0,0,0,0,0,1,0,0,0,0,0,0,0,1,0,0,0,0,0,0,0	14	68	33	68	4	33	1612456	1604324	1,30,1,1,0,0,0,0,0,0,0,0,0,0,0,0,0,0,0,0,0,0,0,0,0,0,0,0,0,0,0,0,0,0,0,0,0,0,0,0	0,0,0,0,0,29,0,0,0,0,0,0,0,0,0,0,0,0,1,1,0,0,0,0,1,0,0,0,0,0,0,0,1,0,0,0,0,0,0,0
tb.dut.clusters[0].cluster.sockets[0].socket.cores[0].core.lmem_unit.genblk4[0].lsu_adapter.lsu_mem_if	11	613	2288	42	39	42	3	39	1612482	1604324	37,1,1,0,0,0,0,0,0,0,0,0,0,0,0,0,0,0,0,0,0,0,0,0,0,0,0,0,0,0,0,0,0,0,0,0,0,0,0,0	0,0,4,0,0,0,30,0,0,0,0,0,0,0,0,0,0,0,3,0,0,0,0,0,1,0,0,0,0,0,0,0,1,0,0,0,0,0,0,0	4	36	33	36	3	33	1612488	1604324	31,1,1,0,0,0,0,0,0,0,0,0,0,0,0,0,0,0,0,0,0,0,0,0,0,0,0,0,0,0,0,0,0,0,0,0,0,0,0,0	0,0,0,0,0,0,29,0,0,0,0,0,0,0,0,0,0,0,1,1,0,0,0,0,1,0,0,0,0,0,0,0,1,0,0,0,0,0,0,0
tb.dut.clusters[0].cluster.sockets[0].socket.cores[0].core.lmem_unit.genblk4[0].lsu_adapter.mem_bus_if[0]	11	270	590	42	39	42	3	39	1612482	1604325	37,1,1,0,0,0,0,0,0,0,0,0,0,0,0,0,0,0,0,0,0,0,0,0,0,0,0,0,0,0,0,0,0,0,0,0,0,0,0,0	0,4,0,0,0,0,30,0,0,0,0,0,0,0,0,0,0,0,3,0,0,0,0,0,1,0,0,0,0,0,0,0,1,0,0,0,0,0,0,0	2	35	32	35	3	33	1612489	1604326	30,1,1,0,0,0,0,0,0,0,0,0,0,0,0,0,0,0,0,0,0,0,0,0,0,0,0,0,0,0,0,0,0,0,0,0,0,0,0,0	0,0,0,0,0,0,29,0,0,0,0,0,0,0,0,0,0,0,1,1,0,0,0,0,1,0,0,0,0,0,0,0,1,0,0,0,0,0,0,0
tb.dut.clusters[0].cluster.sockets[0].socket.cores[0].core.lmem_unit.genblk4[0].lsu_adapter.mem_bus_if[1]	11	270	583	42	39	42	3	39	1612482	1604325	37,1,1,0,0,0,0,0,0,0,0,0,0,0,0,0,0,0,0,0,0,0,0,0,0,0,0,0,0,0,0,0,0,0,0,0,0,0,0,0	0,4,0,0,0,0,30,0,0,0,0,0,0,0,0,0,0,0,3,0,0,0,0,0,1,0,0,0,0,0,0,0,1,0,0,0,0,0,0,0	2	35	32	35	3	33	1612489	1604326	30,1,1,0,0,0,0,0,0,0,0,0,0,0,0,0,0,0,0,0,0,0,0,0,0,0,0,0,0,0,0,0,0,0,0,0,0,0,0,0	0,0,0,0,0,0,29,0,0,0,0,0,0,0,0,0,0,0,1,1,0,0,0,0,1,0,0,0,0,0,0,0,1,0,0,0,0,0,0,0
tb.dut.clusters[0].cluster.sockets[0].socket.cores[0].core.lmem_unit.genblk4[0].lsu_adapter.mem_bus_if[2]	11	270	571	42	39	42	3	39	1612482	1604325	37,1,1,0,0,0,0,0,0,0,0,0,0,0,0,0,0,0,0,0,0,0,0,0,0,0,0,0,0,0,0,0,0,0,0,0,0,0,0,0	0,4,0,0,0,0,30,0,0,0,0,0,0,0,0,0,0,0,3,0,0,0,0,0,1,0,0,0,0,0,0,0,1,0,0,0,0,0,0,0	2	35	32	35	3	33	1612489	1604326	30,1,1,0,0,0,0,0,0,0,0,0,0,0,0,0,0,0,0,0,0,0,0,0,0,0,0,0,0,0,0,0,0,0,0,0,0,0,0,0	0,0,0,0,0,0,29,0,0,0,0,0,0,0,0,0,0,0,1,1,0,0,0,0,1,0,0,0,0,0,0,0,1,0,0,0,0,0,0,0
tb.dut.clusters[0].cluster.sockets[0].socket.cores[0].core.lmem_unit.genblk4[0].lsu_adapter.mem_bus_if[3]	11	270	583	42	39	42	3	39	1612482	1604325	37,1,1,0,0,0,0,0,0,0,0,0,0,0,0,0,0,0,0,0,0,0,0,0,0,0,0,0,0,0,0,0,0,0,0,0,0,0,0,0	0,4,0,0,0,0,30,0,0,0,0,0,0,0,0,0,0,0,3,0,0,0,0,0,1,0,0,0,0,0,0,0,1,0,0,0,0,0,0,0	2	35	32	35	3	33	1612489	1604326	30,1,1,0,0,0,0,0,0,0,0,0,0,0,0,0,0,0,0,0,0,0,0,0,0,0,0,0,0,0,0,0,0,0,0,0,0,0,0,0	0,0,0,0,0,0,29,0,0,0,0,0,0,0,0,0,0,0,1,1,0,0,0,0,1,0,0,0,0,0,0,0,1,0,0,0,0,0,0,0
tb.dut.clusters[0].cluster.sockets[0].socket.cores[0].core.lmem_unit.lmem_bus_if[0]	9	270	590	42	39	42	3	39	1612482	1604325	37,1,1,0,0,0,0,0,0,0,0,0,0,0,0,0,0,0,0,0,0,0,0,0,0,0,0,0,0,0,0,0,0,0,0,0,0,0,0,0	0,4,0,0,0,0,30,0,0,0,0,0,0,0,0,0,0,0,3,0,0,0,0,0,1,0,0,0,0,0,0,0,1,0,0,0,0,0,0,0	2	35	32	35	3	33	1612489	1604326	30,1,1,0,0,0,0,0,0,0,0,0,0,0,0,0,0,0,0,0,0,0,0,0,0,0,0,0,0,0,0,0,0,0,0,0,0,0,0,0	0,0,0,0,0,0,29,0,0,0,0,0,0,0,0,0,0,0,1,1,0,0,0,0,1,0,0,0,0,0,0,0,1,0,0,0,0,0,0,0
tb.dut.clusters[0].cluster.sockets[0].socket.cores[0].core.lmem_unit.lmem_bus_if[1]	9	270	583	42	39	42	3	39	1612482	1604325	37,1,1,0,0,0,0,0,0,0,0,0,0,0,0,0,0,0,0,0,0,0,0,0,0,0,0,0,0,0,0,0,0,0,0,0,0,0,0,0	0,4,0,0,0,0,30,0,0,0,0,0,0,0,0,0,0,0,3,0,0,0,0,0,1,0,0,0,0,0,0,0,1,0,0,0,0,0,0,0	2	35	32	35	3	33	1612489	1604326	30,1,1,0,0,0,0,0,0,0,0,0,0,0,0,0,0,0,0,0,0,0,0,0,0,0,0,0,0,0,0,0,0,0,0,0,0,0,0,0	0,0,0,0,0,0,29,0,0,0,0,0,0,0,0,0,0,0,1,1,0,0,0,0,1,0,0,0,0,0,0,0,1,0,0,0,0,0,0,0
tb.dut.clusters[0].cluster.sockets[0].socket.cores[0].core.lmem_unit.lmem_bus_if[2]	9	270	571	42	39	42	3	39	1612482	1604325	37,1,1,0,0,0,0,0,0,0,0,0,0,0,0,0,0,0,0,0,0,0,0,0,0,0,0,0,0,0,0,0,0,0,0,0,0,0,0,0	0,4,0,0,0,0,30,0,0,0,0,0,0,0,0,0,0,0,3,0,0,0,0,0,1,0,0,0,0,0,0,0,1,0,0,0,0,0,0,0	2	35	32	35	3	33	1612489	1604326	30,1,1,0,0,0,0,0,0,0,0,0,0,0,0,0,0,0,0,0,0,0,0,0,0,0,0,0,0,0,0,0,0,0,0,0,0,0,0,0	0,0,0,0,0,0,29,0,0,0,0,0,0,0,0,0,0,0,1,1,0,0,0,0,1,0,0,0,0,0,0,0,1,0,0,0,0,0,0,0
tb.dut.clusters[0].cluster.sockets[0].socket.cores[0].core.lmem_unit.lmem_bus_if[3]	9	270	583	42	39	42	3	39	1612482	1604325	37,1,1,0,0,0,0,0,0,0,0,0,0,0,0,0,0,0,0,0,0,0,0,0,0,0,0,0,0,0,0,0,0,0,0,0,0,0,0,0	0,4,0,0,0,0,30,0,0,0,0,0,0,0,0,0,0,0,3,0,0,0,0,0,1,0,0,0,0,0,0,0,1,0,0,0,0,0,0,0	2	35	32	35	3	33	1612489	1604326	30,1,1,0,0,0,0,0,0,0,0,0,0,0,0,0,0,0,0,0,0,0,0,0,0,0,0,0,0,0,0,0,0,0,0,0,0,0,0,0	0,0,0,0,0,0,29,0,0,0,0,0,0,0,0,0,0,0,1,1,0,0,0,0,1,0,0,0,0,0,0,0,1,0,0,0,0,0,0,0
tb.dut.clusters[0].cluster.sockets[0].socket.cores[0].core.lmem_unit.local_mem	9	2937	9400	112	37	112	5	37	1612412	1604301	0,6,26,3,2,0,0,0,0,0,0,0,0,0,0,0,0,0,0,0,0,0,0,0,0,0,0,0,0,0,0,0,0,0,0,0,0,0,0,0	1,0,0,0,27,3,0,0,0,0,0,0,0,0,0,0,1,0,3,0,0,0,0,0,1,0,0,0,0,0,0,0,1,0,0,0,0,0,0,0	15	71	33	71	4	33	1612453	1604325	1,28,2,2,0,0,0,0,0,0,0,0,0,0,0,0,0,0,0,0,0,0,0,0,0,0,0,0,0,0,0,0,0,0,0,0,0,0,0,0	0,0,0,0,0,29,0,0,0,0,0,0,0,0,0,0,0,0,1,1,0,0,0,0,1,0,0,0,0,0,0,0,1,0,0,0,0,0,0,0
tb.dut.clusters[0].cluster.sockets[0].socket.cores[0].core.lmem_unit.local_mem.genblk6[0]	10	47	59	33	32	33	2	33	1612491	1604303	31,1,0,0,0,0,0,0,0,0,0,0,0,0,0,0,0,0,0,0,0,0,0,0,0,0,0,0,0,0,0,0,0,0,0,0,0,0,0,0	1,0,0,1,0,0,23,0,0,0,0,0,0,0,3,0,1,0,1,1,0,0,0,0,1,0,0,0,0,0,0,0,1,0,0,0,0,0,0,0	2	13	12	13	2	13	1612511	1604328	11,1,0,0,0,0,0,0,0,0,0,0,0,0,0,0,0,0,0,0,0,0,0,0,0,0,0,0,0,0,0,0,0,0,0,0,0,0,0,0	0,0,0,0,0,0,0,0,0,0,0,0,0,0,6,0,1,2,1,1,0,0,0,0,1,0,0,0,0,0,0,0,1,0,0,0,0,0,0,0
tb.dut.clusters[0].cluster.sockets[0].socket.cores[0].core.lmem_unit.local_mem.genblk6[1]	10	47	59	33	32	33	2	33	1612491	1604303	31,1,0,0,0,0,0,0,0,0,0,0,0,0,0,0,0,0,0,0,0,0,0,0,0,0,0,0,0,0,0,0,0,0,0,0,0,0,0,0	1,0,0,1,0,0,23,0,0,0,0,0,0,0,3,0,1,0,1,1,0,0,0,0,1,0,0,0,0,0,0,0,1,0,0,0,0,0,0,0	2	13	12	13	2	13	1612511	1604328	11,1,0,0,0,0,0,0,0,0,0,0,0,0,0,0,0,0,0,0,0,0,0,0,0,0,0,0,0,0,0,0,0,0,0,0,0,0,0,0	0,0,0,0,0,0,0,0,0,0,0,0,0,0,6,0,1,2,1,1,0,0,0,0,1,0,0,0,0,0,0,0,1,0,0,0,0,0,0,0
tb.dut.clusters[0].cluster.sockets[0].socket.cores[0].core.lmem_unit.local_mem.genblk6[2]	10	47	59	33	32	33	2	33	1612491	1604303	31,1,0,0,0,0,0,0,0,0,0,0,0,0,0,0,0,0,0,0,0,0,0,0,0,0,0,0,0,0,0,0,0,0,0,0,0,0,0,0	1,0,0,1,0,0,23,0,0,0,0,0,0,0,3,0,1,0,1,1,0,0,0,0,1,0,0,0,0,0,0,0,1,0,0,0,0,0,0,0	2	13	12	13	2	13	1612511	1604328	11,1,0,0,0,0,0,0,0,0,0,0,0,0,0,0,0,0,0,0,0,0,0,0,0,0,0,0,0,0,0,0,0,0,0,0,0,0,0,0	0,0,0,0,0,0,0,0,0,0,0,0,0,0,6,0,1,2,1,1,0,0,0,0,1,0,0,0,0,0,0,0,1,0,0,0,0,0,0,0
tb.dut.clusters[0].cluster.sockets[0].socket.cores[0].core.lmem_unit.local_mem.genblk6[3]	10	47	59	33	32	33	2	33	1612491	1604303	31,1,0,0,0,0,0,0,0,0,0,0,0,0,0,0,0,0,0,0,0,0,0,0,0,0,0,0,0,0,0,0,0,0,0,0,0,0,0,0	1,0,0,1,0,0,23,0,0,0,0,0,0,0,3,0,1,0,1,1,0,0,0,0,1,0,0,0,0,0,0,0,1,0,0,0,0,0,0,0	2	13	12	13	2	13	1612511	1604328	11,1,0,0,0,0,0,0,0,0,0,0,0,0,0,0,0,0,0,0,0,0,0,0,0,0,0,0,0,0,0,0,0,0,0,0,0,0,0,0	0,0,0,0,0,0,0,0,0,0,0,0,0,0,6,0,1,2,1,1,0,0,0,0,1,0,0,0,0,0,0,0,1,0,0,0,0,0,0,0
tb.dut.clusters[0].cluster.sockets[0].socket.cores[0].core.lmem_unit.local_mem.mem_bus_if[0]	10	270	590	42	39	42	3	39	1612482	1604325	37,1,1,0,0,0,0,0,0,0,0,0,0,0,0,0,0,0,0,0,0,0,0,0,0,0,0,0,0,0,0,0,0,0,0,0,0,0,0,0	0,4,0,0,0,0,30,0,0,0,0,0,0,0,0,0,0,0,3,0,0,0,0,0,1,0,0,0,0,0,0,0,1,0,0,0,0,0,0,0	2	35	32	35	3	33	1612489	1604326	30,1,1,0,0,0,0,0,0,0,0,0,0,0,0,0,0,0,0,0,0,0,0,0,0,0,0,0,0,0,0,0,0,0,0,0,0,0,0,0	0,0,0,0,0,0,29,0,0,0,0,0,0,0,0,0,0,0,1,1,0,0,0,0,1,0,0,0,0,0,0,0,1,0,0,0,0,0,0,0
tb.dut.clusters[0].cluster.sockets[0].socket.cores[0].core.lmem_unit.local_mem.mem_bus_if[1]	10	270	583	42	39	42	3	39	1612482	1604325	37,1,1,0,0,0,0,0,0,0,0,0,0,0,0,0,0,0,0,0,0,0,0,0,0,0,0,0,0,0,0,0,0,0,0,0,0,0,0,0	0,4,0,0,0,0,30,0,0,0,0,0,0,0,0,0,0,0,3,0,0,0,0,0,1,0,0,0,0,0,0,0,1,0,0,0,0,0,0,0	2	35	32	35	3	33	1612489	1604326	30,1,1,0,0,0,0,0,0,0,0,0,0,0,0,0,0,0,0,0,0,0,0,0,0,0,0,0,0,0,0,0,0,0,0,0,0,0,0,0	0,0,0,0,0,0,29,0,0,0,0,0,0,0,0,0,0,0,1,1,0,0,0,0,1,0,0,0,0,0,0,0,1,0,0,0,0,0,0,0
tb.dut.clusters[0].cluster.sockets[0].socket.cores[0].core.lmem_unit.local_mem.mem_bus_if[2]	10	270	571	42	39	42	3	39	1612482	1604325	37,1,1,0,0,0,0,0,0,0,0,0,0,0,0,0,0,0,0,0,0,0,0,0,0,0,0,0,0,0,0,0,0,0,0,0,0,0,0,0	0,4,0,0,0,0,30,0,0,0,0,0,0,0,0,0,0,0,3,0,0,0,0,0,1,0,0,0,0,0,0,0,1,0,0,0,0,0,0,0	2	35	32	35	3	33	1612489	1604326	30,1,1,0,0,0,0,0,0,0,0,0,0,0,0,0,0,0,0,0,0,0,0,0,0,0,0,0,0,0,0,0,0,0,0,0,0,0,0,0	0,0,0,0,0,0,29,0,0,0,0,0,0,0,0,0,0,0,1,1,0,0,0,0,1,0,0,0,0,0,0,0,1,0,0,0,0,0,0,0
tb.dut.clusters[0].cluster.sockets[0].socket.cores[0].core.lmem_unit.local_mem.mem_bus_if[3]	10	270	583	42	39	42	3	39	1612482	1604325	37,1,1,0,0,0,0,0,0,0,0,0,0,0,0,0,0,0,0,0,0,0,0,0,0,0,0,0,0,0,0,0,0,0,0,0,0,0,0,0	0,4,0,0,0,0,30,0,0,0,0,0,0,0,0,0,0,0,3,0,0,0,0,0,1,0,0,0,0,0,0,0,1,0,0,0,0,0,0,0	2	35	32	35	3	33	1612489	1604326	30,1,1,0,0,0,0,0,0,0,0,0,0,0,0,0,0,0,0,0,0,0,0,0,0,0,0,0,0,0,0,0,0,0,0,0,0,0,0,0	0,0,0,0,0,0,29,0,0,0,0,0,0,0,0,0,0,0,1,1,0,0,0,0,1,0,0,0,0,0,0,0,1,0,0,0,0,0,0,0
tb.dut.clusters[0].cluster.sockets[0].socket.cores[0].core.lmem_unit.lsu_mem_in_if[0]	9	613	2582	83	40	83	5	40	1612441	1604319	5,31,1,2,1,0,0,0,0,0,0,0,0,0,0,0,0,0,0,0,0,0,0,0,0,0,0,0,0,0,0,0,0,0,0,0,0,0,0,0	0,1,0,1,0,32,0,0,0,0,0,0,0,0,0,0,0,0,4,0,0,0,0,0,1,0,0,0,0,0,0,0,1,0,0,0,0,0,0,0	4	40	36	40	3	36	1612484	1604324	33,2,1,0,0,0,0,0,0,0,0,0,0,0,0,0,0,0,0,0,0,0,0,0,0,0,0,0,0,0,0,0,0,0,0,0,0,0,0,0	0,1,0,0,0,0,29,0,0,0,0,0,0,0,0,0,1,0,3,0,0,0,0,0,1,0,0,0,0,0,0,0,1,0,0,0,0,0,0,0
tb.dut.clusters[0].cluster.sockets[0].socket.cores[0].core.lmem_unit.lsu_mem_out_if[0]	9	613	2596	85	41	85	4	41	1612439	1604325	3,34,2,2,0,0,0,0,0,0,0,0,0,0,0,0,0,0,0,0,0,0,0,0,0,0,0,0,0,0,0,0,0,0,0,0,0,0,0,0	0,3,0,0,0,32,0,0,0,0,0,0,0,0,0,0,0,0,4,0,0,0,0,0,1,0,0,0,0,0,0,0,1,0,0,0,0,0,0,0	4	40	39	40	2	39	1612484	1604325	38,1,0,0,0,0,0,0,0,0,0,0,0,0,0,0,0,0,0,0,0,0,0,0,0,0,0,0,0,0,0,0,0,0,0,0,0,0,0,0	2,0,0,0,1,0,31,0,0,0,0,0,0,0,0,0,0,0,3,0,0,0,0,0,1,0,0,0,0,0,0,0,1,0,0,0,0,0,0,0
tb.dut.clusters[0].cluster.sockets[0].socket.cores[0].core.lmem_unit.lsu_switch_if[0]	9	613	2288	42	39	42	3	39	1612482	1604324	37,1,1,0,0,0,0,0,0,0,0,0,0,0,0,0,0,0,0,0,0,0,0,0,0,0,0,0,0,0,0,0,0,0,0,0,0,0,0,0	0,0,4,0,0,0,30,0,0,0,0,0,0,0,0,0,0,0,3,0,0,0,0,0,1,0,0,0,0,0,0,0,1,0,0,0,0,0,0,0	4	36	33	36	3	33	1612488	1604324	31,1,1,0,0,0,0,0,0,0,0,0,0,0,0,0,0,0,0,0,0,0,0,0,0,0,0,0,0,0,0,0,0,0,0,0,0,0,0,0	0,0,0,0,0,0,29,0,0,0,0,0,0,0,0,0,0,0,1,1,0,0,0,0,1,0,0,0,0,0,0,0,1,0,0,0,0,0,0,0
tb.dut.clusters[0].cluster.sockets[0].socket.cores[0].core.lsu_dcache_if[0]	8	613	2596	85	41	85	4	41	1612439	1604325	3,34,2,2,0,0,0,0,0,0,0,0,0,0,0,0,0,0,0,0,0,0,0,0,0,0,0,0,0,0,0,0,0,0,0,0,0,0,0,0	0,3,0,0,0,32,0,0,0,0,0,0,0,0,0,0,0,0,4,0,0,0,0,0,1,0,0,0,0,0,0,0,1,0,0,0,0,0,0,0	4	40	39	40	2	39	1612484	1604325	38,1,0,0,0,0,0,0,0,0,0,0,0,0,0,0,0,0,0,0,0,0,0,0,0,0,0,0,0,0,0,0,0,0,0,0,0,0,0,0	2,0,0,0,1,0,31,0,0,0,0,0,0,0,0,0,0,0,3,0,0,0,0,0,1,0,0,0,0,0,0,0,1,0,0,0,0,0,0,0
tb.dut.clusters[0].cluster.sockets[0].socket.cores[0].core.lsu_mem_if[0]	8	613	2582	83	40	83	5	40	1612441	1604319	5,31,1,2,1,0,0,0,0,0,0,0,0,0,0,0,0,0,0,0,0,0,0,0,0,0,0,0,0,0,0,0,0,0,0,0,0,0,0,0	0,1,0,1,0,32,0,0,0,0,0,0,0,0,0,0,0,0,4,0,0,0,0,0,1,0,0,0,0,0,0,0,1,0,0,0,0,0,0,0	4	40	36	40	3	36	1612484	1604324	33,2,1,0,0,0,0,0,0,0,0,0,0,0,0,0,0,0,0,0,0,0,0,0,0,0,0,0,0,0,0,0,0,0,0,0,0,0,0,0	0,1,0,0,0,0,29,0,0,0,0,0,0,0,0,0,1,0,3,0,0,0,0,0,1,0,0,0,0,0,0,0,1,0,0,0,0,0,0,0
tb.dut.clusters[0].cluster.sockets[0].socket.cores[0].core.sched_csr_if	8	70	3229649	1612494	2	1612494	1612490	2	30	20	0,0,0,1,0,0,0,0,0,0,0,0,0,0,0,0,0,0,0,0,0,0,0,0,0,0,0,0,0,0,0,0,1,0,0,0,0,0,0,0	0,0,0,0,0,0,0,0,0,1,0,0,0,0,0,0,1,0,0,0,0,0,0,0,0,0,0,0,0,0,0,0,0,0,0,0,0,0,0,0	2	808553	803941	808553	9	803942	803971	21	801641,0,2296,0,3,0,0,0,1,0,0,0,0,0,0,0,0,0,0,0,0,0,0,0,0,0,0,0,0,0,0,0,0,0,0,0,0,0,0,0	803940,0,0,0,0,0,0,0,0,1,0,0,0,0,0,0,1,0,0,0,0,0,0,0,0,0,0,0,0,0,0,0,0,0,0,0,0,0,0,0
tb.dut.clusters[0].cluster.sockets[0].socket.cores[0].core.schedule	8	3788	31075816	1612502	4	1612502	1612492	4	22	10	1,0,1,0,0,1,0,0,0,0,0,0,0,0,0,0,0,0,0,0,0,0,0,0,0,0,0,0,0,0,0,0,1,0,0,0,0,0,0,0	0,0,1,1,1,0,0,0,0,1,0,0,0,0,0,0,0,0,0,0,0,0,0,0,0,0,0,0,0,0,0,0,0,0,0,0,0,0,0,0	19	802214	229755	802214	78	229756	810310	286	54965,40122,12679,48462,47262,10534,8803,0,1407,1156,3204,992,33,0,129,0,5,1,1,0,0,0,0,0,0,0,0,0,0,0,0,0,0,0,0,0,0,0,0,0	94626,11098,22438,19097,55994,4024,14224,239,2630,594,290,7,898,5,454,0,2485,627,24,1,1,0,0,0,0,0,0,0,0,0,0,0,0,0,0,0,0,0,0,0
tb.dut.clusters[0].cluster.sockets[0].socket.cores[0].core.schedule.branch_ctl_if[0]	9	35	68091	25743	7222	25743	8	7223	1586781	756	1,551,4100,516,2052,0,0,2,0,0,0,0,0,0,0,0,0,0,0,0,0,0,0,0,0,0,0,0,0,0,0,0,0,0,0,0,0,0,0,0	273,10,3,8,510,2,2050,256,2049,1,0,0,0,0,0,0,10,1,0,1,1,2048,0,0,0,0,0,0,0,0,0,0,0,0,0,0,0,0,0,0	2	12404	11572	12404	8	11573	1600120	756	10764,799,3,3,1,0,0,2,0,0,0,0,0,0,0,0,0,0,0,0,0,0,0,0,0,0,0,0,0,0,0,0,0,0,0,0,0,0,0,0	4626,7,2,4,257,2,2050,511,3,2,1,0,2047,0,0,0,9,2,0,1,1,2048,0,0,0,0,0,0,0,0,0,0,0,0,0,0,0,0,0,0
tb.dut.clusters[0].cluster.sockets[0].socket.cores[0].core.schedule.commit_sched_if	9	4	1069434	1056067	529502	1056067	15	529503	556457	325	10251,514614,2054,2563,9,1,1,1,1,0,0,0,0,6,1,0,0,0,0,0,0,0,0,0,0,0,0,0,0,0,0,0,0,0,0,0,0,0,0,0	524570,2071,5,7,509,27,3,254,3,2,2048,1,0,1,0,1,0,0,0,0,1,0,0,0,0,0,0,0,0,0,0,0,0,0,0,0,0,0,0,0	2	13367	8742	13367	7	8743	1599157	761	6175,513,2053,0,0,0,1,0,0,0,0,0,0,0,0,0,0,0,0,0,0,0,0,0,0,0,0,0,0,0,0,0,0,0,0,0,0,0,0,0	2051,2,1,1,3,9,2048,2,5,256,2049,0,0,0,0,2,263,1,0,1,1,2048,0,0,0,0,0,0,0,0,0,0,0,0,0,0,0,0,0,0
tb.dut.clusters[0].cluster.sockets[0].socket.cores[0].core.schedule.decode_sched_if	9	4	1264154	873457	232239	873457	70	232240	739067	310	30743,65781,4096,263,110878,0,20473,1,2,0,0,0,0,0,1,0,0,0,1,0,0,0,0,0,0,0,0,0,0,0,0,0,0,0,0,0,0,0,0,0	114723,12549,4097,61670,30737,3,6141,1,3,0,0,0,0,254,1,0,11,1,2047,1,1,0,0,0,0,0,0,0,0,0,0,0,0,0,0,0,0,0,0,0	2	383448	382289	383448	67	382290	1229076	328	381466,559,259,1,2,1,0,0,0,0,0,0,0,0,0,0,0,0,1,0,0,0,0,0,0,0,0,0,0,0,0,0,0,0,0,0,0,0,0,0	193121,59628,8196,4350,24573,65505,2,12310,6145,6141,0,3,0,254,1,0,11,1,2047,1,1,0,0,0,0,0,0,0,0,0,0,0,0,0,0,0,0,0,0,0
tb.dut.clusters[0].cluster.sockets[0].socket.cores[0].core.schedule.genblk4[0]	9	272	1383304	474814	215879	474814	6	215880	1137710	287	0,187178,14351,14346,3,1,0,0,0,0,0,0,0,0,0,0,0,0,0,0,0,0,0,0,0,0,0,0,0,0,0,0,0,0,0,0,0,0,0,0	14347,53244,2067,26906,2,53239,14336,14339,10237,24845,258,2048,0,1,0,0,9,1,0,0,1,0,0,0,0,0,0,0,0,0,0,0,0,0,0,0,0,0,0,0	2	474812	215879	474812	6	215880	1137712	287	1,187178,14350,14346,3,1,0,0,0,0,0,0,0,0,0,0,0,0,0,0,0,0,0,0,0,0,0,0,0,0,0,0,0,0,0,0,0,0,0,0	14347,53243,2068,26906,2,53239,14336,14339,10237,24845,258,2048,0,1,0,0,9,1,0,0,1,0,0,0,0,0,0,0,0,0,0,0,0,0,0,0,0,0,0,0
tb.dut.clusters[0].cluster.sockets[0].socket.cores[0].core.schedule.genblk4[0].counter	10	272	1383304	474814	215879	474814	6	215880	1137710	287	0,187178,14351,14346,3,1,0,0,0,0,0,0,0,0,0,0,0,0,0,0,0,0,0,0,0,0,0,0,0,0,0,0,0,0,0,0,0,0,0,0	14347,53244,2067,26906,2,53239,14336,14339,10237,24845,258,2048,0,1,0,0,9,1,0,0,1,0,0,0,0,0,0,0,0,0,0,0,0,0,0,0,0,0,0,0	2	474812	215879	474812	6	215880	1137712	287	1,187178,14350,14346,3,1,0,0,0,0,0,0,0,0,0,0,0,0,0,0,0,0,0,0,0,0,0,0,0,0,0,0,0,0,0,0,0,0,0,0	14347,53243,2068,26906,2,53239,14336,14339,10237,24845,258,2048,0,1,0,0,9,1,0,0,1,0,0,0,0,0,0,0,0,0,0,0,0,0,0,0,0,0,0,0
tb.dut.clusters[0].cluster.sockets[0].socket.cores[0].core.schedule.genblk4[0].counter.genblk3	11	24	551372	421047	188999	421047	6	189000	1191477	287	0,160302,14350,14343,3,1,0,0,0,0,0,0,0,0,0,0,0,0,0,0,0,0,0,0,0,0,0,0,0,0,0,0,0,0,0,0,0,0,0,0	14347,53243,2067,6176,2,51193,6145,14339,10235,16393,260,2048,0,0,2047,4349,6151,4,0,0,1,0,0,0,0,0,0,0,0,0,0,0,0,0,0,0,0,0,0,0	2	66685	37430	66685	4	37431	1545839	312	10243,25124,2058,5,0,0,0,0,0,0,0,0,0,0,0,0,0,0,0,0,0,0,0,0,0,0,0,0,0,0,0,0,0,0,0,0,0,0,0,0	2054,2052,2059,2047,9,2052,2,3,1,2057,2307,2047,0,1,0,254,6146,6146,2048,6145,1,0,0,0,0,0,0,0,0,0,0,0,0,0,0,0,0,0,0,0
tb.dut.clusters[0].cluster.sockets[0].socket.cores[0].core.schedule.genblk4[1]	9	272	1653844	485033	150348	485033	8	150349	1127491	334	1,43842,28685,77812,5,2,0,1,0,0,0,0,0,0,0,0,0,0,0,0,0,0,0,0,0,0,0,0,0,0,0,0,0,0,0,0,0,0,0,0	11,12283,2070,16664,8,2047,8195,57341,18430,30984,2304,2,1,0,0,0,7,1,0,0,1,0,0,0,0,0,0,0,0,0,0,0,0,0,0,0,0,0,0,0	2	485031	150347	485031	8	150348	1127493	353	1,43841,28685,77812,5,2,0,1,0,0,0,0,0,0,0,0,0,0,0,0,0,0,0,0,0,0,0,0,0,0,0,0,0,0,0,0,0,0,0,0	11,12282,2071,16664,8,2047,8195,57341,18430,30984,2304,2,1,0,0,0,6,1,0,0,1,0,0,0,0,0,0,0,0,0,0,0,0,0,0,0,0,0,0,0
tb.dut.clusters[0].cluster.sockets[0].socket.cores[0].core.schedule.genblk4[1].counter	10	272	1653844	485033	150348	485033	8	150349	1127491	334	1,43842,28685,77812,5,2,0,1,0,0,0,0,0,0,0,0,0,0,0,0,0,0,0,0,0,0,0,0,0,0,0,0,0,0,0,0,0,0,0,0	11,12283,2070,16664,8,2047,8195,57341,18430,30984,2304,2,1,0,0,0,7,1,0,0,1,0,0,0,0,0,0,0,0,0,0,0,0,0,0,0,0,0,0,0	2	485031	150347	485031	8	150348	1127493	353	1,43841,28685,77812,5,2,0,1,0,0,0,0,0,0,0,0,0,0,0,0,0,0,0,0,0,0,0,0,0,0,0,0,0,0,0,0,0,0,0,0	11,12282,2071,16664,8,2047,8195,57341,18430,30984,2304,2,1,0,0,0,6,1,0,0,1,0,0,0,0,0,0,0,0,0,0,0,0,0,0,0,0,0,0,0
tb.dut.clusters[0].cluster.sockets[0].socket.cores[0].core.schedule.genblk4[1].counter.genblk3	11	24	731756	455834	135749	455834	8	135750	1156690	357	0,29245,28685,77811,5,2,0,1,0,0,0,0,0,0,0,0,0,0,0,0,0,0,0,0,0,0,0,0,0,0,0,0,0,0,0,0,0,0,0,0	11,12281,2070,14359,4,2048,8195,57339,8195,20485,2304,2,1,2,1,2301,4100,2051,0,0,1,0,0,0,0,0,0,0,0,0,0,0,0,0,0,0,0,0,0,0	2	171140	64056	171140	4	64057	1441384	363	12294,16928,14346,20488,0,0,0,0,0,0,0,0,0,0,0,0,0,0,0,0,0,0,0,0,0,0,0,0,0,0,0,0,0,0,0,0,0,0,0,0	13,6142,2061,1,11,2047,2,14347,6145,4107,6394,0,1,1,0,2295,6148,8199,6141,1,1,0,0,0,0,0,0,0,0,0,0,0,0,0,0,0,0,0,0,0
tb.dut.clusters[0].cluster.sockets[0].socket.cores[0].core.schedule.genblk4[2]	9	272	2075250	532110	217923	532110	5	217924	1080414	335	1,168758,2066,47095,3,0,0,0,0,0,0,0,0,0,0,0,0,0,0,0,0,0,0,0,0,0,0,0,0,0,0,0,0,0,0,0,0,0,0,0	34,8203,14342,129246,14337,2057,5,38903,4,10521,259,3,0,0,0,0,9,0,0,0,1,0,0,0,0,0,0,0,0,0,0,0,0,0,0,0,0,0,0,0	2	532108	217922	532108	5	217923	1080416	354	1,168757,2066,47095,3,0,0,0,0,0,0,0,0,0,0,0,0,0,0,0,0,0,0,0,0,0,0,0,0,0,0,0,0,0,0,0,0,0,0,0	34,8202,14343,129246,14337,2057,5,38903,4,10521,259,3,0,0,0,0,8,0,0,0,1,0,0,0,0,0,0,0,0,0,0,0,0,0,0,0,0,0,0,0
tb.dut.clusters[0].cluster.sockets[0].socket.cores[0].core.schedule.genblk4[2].counter	10	272	2075250	532110	217923	532110	5	217924	1080414	335	1,168758,2066,47095,3,0,0,0,0,0,0,0,0,0,0,0,0,0,0,0,0,0,0,0,0,0,0,0,0,0,0,0,0,0,0,0,0,0,0,0	34,8203,14342,129246,14337,2057,5,38903,4,10521,259,3,0,0,0,0,9,0,0,0,1,0,0,0,0,0,0,0,0,0,0,0,0,0,0,0,0,0,0,0	2	532108	217922	532108	5	217923	1080416	354	1,168757,2066,47095,3,0,0,0,0,0,0,0,0,0,0,0,0,0,0,0,0,0,0,0,0,0,0,0,0,0,0,0,0,0,0,0,0,0,0,0	34,8202,14343,129246,14337,2057,5,38903,4,10521,259,3,0,0,0,0,8,0,0,0,1,0,0,0,0,0,0,0,0,0,0,0,0,0,0,0,0,0,0,0
tb.dut.clusters[0].cluster.sockets[0].socket.cores[0].core.schedule.genblk4[2].counter.genblk3	11	24	1018160	523371	213555	523371	5	213556	1089153	358	0,164393,2066,47093,3,0,0,0,0,0,0,0,0,0,0,0,0,0,0,0,0,0,0,0,0,0,0,0,0,0,0,0,0,0,0,0,0,0,0,0	34,8202,14342,124893,12290,12,5,38902,4,10249,2306,2050,0,1,0,254,8,0,3,0,1,0,0,0,0,0,0,0,0,0,0,0,0,0,0,0,0,0,0,0	2	451565	184829	451565	4	184830	1160959	364	7,143858,14,40950,0,0,0,0,0,0,0,0,0,0,0,0,0,0,0,0,0,0,0,0,0,0,0,0,0,0,0,0,0,0,0,0,0,0,0,0	19,2059,12288,102352,12289,11,3,38900,6,2058,2298,1,0,1,0,6384,4104,2052,3,0,2,0,0,0,0,0,0,0,0,0,0,0,0,0,0,0,0,0,0,0
tb.dut.clusters[0].cluster.sockets[0].socket.cores[0].core.schedule.genblk4[3]	9	272	2099996	536241	244547	536241	8	244548	1076283	336	1,219945,2063,22532,5,0,0,1,0,0,0,0,0,0,0,0,0,0,0,0,0,0,0,0,0,0,0,0,0,0,0,0,0,0,0,0,0,0,0,0	12294,22534,20494,121102,16385,16386,12285,12295,1,10504,258,2,0,1,0,0,5,1,0,0,1,0,0,0,0,0,0,0,0,0,0,0,0,0,0,0,0,0,0,0	2	536239	244546	536239	8	244547	1076285	355	1,219944,2063,22532,5,0,0,1,0,0,0,0,0,0,0,0,0,0,0,0,0,0,0,0,0,0,0,0,0,0,0,0,0,0,0,0,0,0,0,0	12294,22533,20495,121102,16385,16386,12285,12295,1,10504,258,2,0,1,0,0,4,1,0,0,1,0,0,0,0,0,0,0,0,0,0,0,0,0,0,0,0,0,0,0
tb.dut.clusters[0].cluster.sockets[0].socket.cores[0].core.schedule.genblk4[3].counter	10	272	2099996	536241	244547	536241	8	244548	1076283	336	1,219945,2063,22532,5,0,0,1,0,0,0,0,0,0,0,0,0,0,0,0,0,0,0,0,0,0,0,0,0,0,0,0,0,0,0,0,0,0,0,0	12294,22534,20494,121102,16385,16386,12285,12295,1,10504,258,2,0,1,0,0,5,1,0,0,1,0,0,0,0,0,0,0,0,0,0,0,0,0,0,0,0,0,0,0	2	536239	244546	536239	8	244547	1076285	355	1,219944,2063,22532,5,0,0,1,0,0,0,0,0,0,0,0,0,0,0,0,0,0,0,0,0,0,0,0,0,0,0,0,0,0,0,0,0,0,0,0	12294,22533,20495,121102,16385,16386,12285,12295,1,10504,258,2,0,1,0,0,4,1,0,0,1,0,0,0,0,0,0,0,0,0,0,0,0,0,0,0,0,0,0,0
tb.dut.clusters[0].cluster.sockets[0].socket.cores[0].core.schedule.genblk4[3].counter.genblk3	11	24	1034672	531629	242241	531629	8	242242	1080895	359	0,217641,2062,22532,5,0,0,1,0,0,0,0,0,0,0,0,0,0,0,0,0,0,0,0,0,0,0,0,0,0,0,0,0,0,0,0,0,0,0,0	12294,22532,18447,118796,16386,16386,12285,12296,2048,10252,258,2,0,1,0,253,4,1,0,0,1,0,0,0,0,0,0,0,0,0,0,0,0,0,0,0,0,0,0,0	2	459843	213532	459843	4	213533	1152681	365	8,197126,9,16389,0,0,0,0,0,0,0,0,0,0,0,0,0,0,0,0,0,0,0,0,0,0,0,0,0,0,0,0,0,0,0,0,0,0,0,0	12288,16386,14344,98292,16391,14339,12283,12296,2048,2057,259,1,0,0,2047,4346,4103,2050,2,0,1,0,0,0,0,0,0,0,0,0,0,0,0,0,0,0,0,0,0,0
tb.dut.clusters[0].cluster.sockets[0].socket.cores[0].core.schedule.sched_csr_if	9	70	3229649	1612494	2	1612494	1612490	2	30	20	0,0,0,1,0,0,0,0,0,0,0,0,0,0,0,0,0,0,0,0,0,0,0,0,0,0,0,0,0,0,0,0,1,0,0,0,0,0,0,0	0,0,0,0,0,0,0,0,0,1,0,0,0,0,0,0,1,0,0,0,0,0,0,0,0,0,0,0,0,0,0,0,0,0,0,0,0,0,0,0	2	808553	803941	808553	9	803942	803971	21	801641,0,2296,0,3,0,0,0,1,0,0,0,0,0,0,0,0,0,0,0,0,0,0,0,0,0,0,0,0,0,0,0,0,0,0,0,0,0,0,0	803940,0,0,0,0,0,0,0,0,1,0,0,0,0,0,0,1,0,0,0,0,0,0,0,0,0,0,0,0,0,0,0,0,0,0,0,0,0,0,0
tb.dut.clusters[0].cluster.sockets[0].socket.cores[0].core.schedule.schedule_if	9	40	1819644	767548	211686	767548	76	211686	844976	287	4,71660,6404,71904,53254,8447,0,0,2,0,0,2,0,0,0,0,3,3,3,0,0,0,0,0,0,0,0,0,0,0,0,0,0,0,0,0,0,0,0,0	83933,6406,8446,20477,65506,12285,6168,6145,0,0,4,0,254,2,0,1,9,0,2048,1,1,0,0,0,0,0,0,0,0,0,0,0,0,0,0,0,0,0,0,0	2	489358	408858	489358	11	408858	1123166	287	328409,80428,8,2,10,0,0,0,0,0,1,0,0,0,0,0,0,0,0,0,0,0,0,0,0,0,0,0,0,0,0,0,0,0,0,0,0,0,0,0	236020,53519,8214,12285,53227,30705,6399,6165,4,0,0,3,254,2,0,0,11,0,2048,1,1,0,0,0,0,0,0,0,0,0,0,0,0,0,0,0,0,0,0,0
tb.dut.clusters[0].cluster.sockets[0].socket.cores[0].core.schedule.split_join	9	1609	208	29	8	29	6	8	1612495	1612089	1,2,1,1,1,2,0,0,0,0,0,0,0,0,0,0,0,0,0,0,0,0,0,0,0,0,0,0,0,0,0,0,0,0,0,0,0,0,0,0	0,1,1,0,0,0,0,0,0,0,0,1,0,1,0,0,2,0,0,0,1,0,0,0,0,0,0,0,0,0,0,0,1,0,0,0,0,0,0,0	9	4	3	4	2	4	1612520	1612112	2,1,0,0,0,0,0,0,0,0,0,0,0,0,0,0,0,0,0,0,0,0,0,0,0,0,0,0,0,0,0,0,0,0,0,0,0,0,0,0	0,0,0,0,0,0,0,0,0,0,0,0,0,0,0,0,2,0,0,0,1,0,0,0,0,0,0,0,0,0,0,0,1,0,0,0,0,0,0,0
tb.dut.clusters[0].cluster.sockets[0].socket.cores[0].core.schedule.split_join.genblk1[0]	10	323	26	7	5	7	2	6	1612517	1612112	3,2,0,0,0,0,0,0,0,0,0,0,0,0,0,0,0,0,0,0,0,0,0,0,0,0,0,0,0,0,0,0,0,0,0,0,0,0,0,0	0,0,0,1,0,0,0,0,0,0,0,0,0,0,0,0,3,0,0,0,1,0,0,0,0,0,0,0,0,0,0,0,1,0,0,0,0,0,0,0	2	7	5	7	2	6	1612517	1612112	3,2,0,0,0,0,0,0,0,0,0,0,0,0,0,0,0,0,0,0,0,0,0,0,0,0,0,0,0,0,0,0,0,0,0,0,0,0,0,0	0,0,0,1,0,0,0,0,0,0,0,0,0,0,0,0,3,0,0,0,1,0,0,0,0,0,0,0,0,0,0,0,1,0,0,0,0,0,0,0
tb.dut.clusters[0].cluster.sockets[0].socket.cores[0].core.schedule.split_join.genblk1[0].ipdom_stack	11	322	24	7	5	7	2	6	1612517	1612112	3,2,0,0,0,0,0,0,0,0,0,0,0,0,0,0,0,0,0,0,0,0,0,0,0,0,0,0,0,0,0,0,0,0,0,0,0,0,0,0	0,0,0,1,0,0,0,0,0,0,0,0,0,0,0,0,3,0,0,0,1,0,0,0,0,0,0,0,0,0,0,0,1,0,0,0,0,0,0,0	2	5	4	5	2	5	1612519	1612112	3,1,0,0,0,0,0,0,0,0,0,0,0,0,0,0,0,0,0,0,0,0,0,0,0,0,0,0,0,0,0,0,0,0,0,0,0,0,0,0	0,0,0,0,1,0,0,0,0,0,0,0,0,0,0,0,2,0,0,0,1,0,0,0,0,0,0,0,0,0,0,0,1,0,0,0,0,0,0,0
tb.dut.clusters[0].cluster.sockets[0].socket.cores[0].core.schedule.split_join.genblk1[1]	10	323	26	7	5	7	2	6	1612517	1612112	3,2,0,0,0,0,0,0,0,0,0,0,0,0,0,0,0,0,0,0,0,0,0,0,0,0,0,0,0,0,0,0,0,0,0,0,0,0,0,0	0,0,0,1,0,0,0,0,0,0,0,0,0,0,0,0,3,0,0,0,1,0,0,0,0,0,0,0,0,0,0,0,1,0,0,0,0,0,0,0	2	7	5	7	2	6	1612517	1612112	3,2,0,0,0,0,0,0,0,0,0,0,0,0,0,0,0,0,0,0,0,0,0,0,0,0,0,0,0,0,0,0,0,0,0,0,0,0,0,0	0,0,0,1,0,0,0,0,0,0,0,0,0,0,0,0,3,0,0,0,1,0,0,0,0,0,0,0,0,0,0,0,1,0,0,0,0,0,0,0
tb.dut.clusters[0].cluster.sockets[0].socket.cores[0].core.schedule.split_join.genblk1[1].ipdom_stack	11	322	24	7	5	7	2	6	1612517	1612112	3,2,0,0,0,0,0,0,0,0,0,0,0,0,0,0,0,0,0,0,0,0,0,0,0,0,0,0,0,0,0,0,0,0,0,0,0,0,0,0	0,0,0,1,0,0,0,0,0,0,0,0,0,0,0,0,3,0,0,0,1,0,0,0,0,0,0,0,0,0,0,0,1,0,0,0,0,0,0,0	2	5	4	5	2	5	1612519	1612112	3,1,0,0,0,0,0,0,0,0,0,0,0,0,0,0,0,0,0,0,0,0,0,0,0,0,0,0,0,0,0,0,0,0,0,0,0,0,0,0	0,0,0,0,1,0,0,0,0,0,0,0,0,0,0,0,2,0,0,0,1,0,0,0,0,0,0,0,0,0,0,0,1,0,0,0,0,0,0,0
tb.dut.clusters[0].cluster.sockets[0].socket.cores[0].core.schedule.split_join.genblk1[2]	10	323	26	7	5	7	2	6	1612517	1612112	3,2,0,0,0,0,0,0,0,0,0,0,0,0,0,0,0,0,0,0,0,0,0,0,0,0,0,0,0,0,0,0,0,0,0,0,0,0,0,0	0,0,0,1,0,0,0,0,0,0,0,0,0,0,0,0,3,0,0,0,1,0,0,0,0,0,0,0,0,0,0,0,1,0,0,0,0,0,0,0	2	7	5	7	2	6	1612517	1612112	3,2,0,0,0,0,0,0,0,0,0,0,0,0,0,0,0,0,0,0,0,0,0,0,0,0,0,0,0,0,0,0,0,0,0,0,0,0,0,0	0,0,0,1,0,0,0,0,0,0,0,0,0,0,0,0,3,0,0,0,1,0,0,0,0,0,0,0,0,0,0,0,1,0,0,0,0,0,0,0
tb.dut.clusters[0].cluster.sockets[0].socket.cores[0].core.schedule.split_join.genblk1[2].ipdom_stack	11	322	24	7	5	7	2	6	1612517	1612112	3,2,0,0,0,0,0,0,0,0,0,0,0,0,0,0,0,0,0,0,0,0,0,0,0,0,0,0,0,0,0,0,0,0,0,0,0,0,0,0	0,0,0,1,0,0,0,0,0,0,0,0,0,0,0,0,3,0,0,0,1,0,0,0,0,0,0,0,0,0,0,0,1,0,0,0,0,0,0,0	2	5	4	5	2	5	1612519	1612112	3,1,0,0,0,0,0,0,0,0,0,0,0,0,0,0,0,0,0,0,0,0,0,0,0,0,0,0,0,0,0,0,0,0,0,0,0,0,0,0	0,0,0,0,1,0,0,0,0,0,0,0,0,0,0,0,2,0,0,0,1,0,0,0,0,0,0,0,0,0,0,0,1,0,0,0,0,0,0,0
tb.dut.clusters[0].cluster.sockets[0].socket.cores[0].core.schedule.split_join.genblk1[3]	10	323	26	7	5	7	2	6	1612517	1612112	3,2,0,0,0,0,0,0,0,0,0,0,0,0,0,0,0,0,0,0,0,0,0,0,0,0,0,0,0,0,0,0,0,0,0,0,0,0,0,0	0,0,0,1,0,0,0,0,0,0,0,0,0,0,0,0,3,0,0,0,1,0,0,0,0,0,0,0,0,0,0,0,1,0,0,0,0,0,0,0	2	7	5	7	2	6	1612517	1612112	3,2,0,0,0,0,0,0,0,0,0,0,0,0,0,0,0,0,0,0,0,0,0,0,0,0,0,0,0,0,0,0,0,0,0,0,0,0,0,0	0,0,0,1,0,0,0,0,0,0,0,0,0,0,0,0,3,0,0,0,1,0,0,0,0,0,0,0,0,0,0,0,1,0,0,0,0,0,0,0
tb.dut.clusters[0].cluster.sockets[0].socket.cores[0].core.schedule.split_join.genblk1[3].ipdom_stack	11	322	24	7	5	7	2	6	1612517	1612112	3,2,0,0,0,0,0,0,0,0,0,0,0,0,0,0,0,0,0,0,0,0,0,0,0,0,0,0,0,0,0,0,0,0,0,0,0,0,0,0	0,0,0,1,0,0,0,0,0,0,0,0,0,0,0,0,3,0,0,0,1,0,0,0,0,0,0,0,0,0,0,0,1,0,0,0,0,0,0,0	2	5	4	5	2	5	1612519	1612112	3,1,0,0,0,0,0,0,0,0,0,0,0,0,0,0,0,0,0,0,0,0,0,0,0,0,0,0,0,0,0,0,0,0,0,0,0,0,0,0	0,0,0,0,1,0,0,0,0,0,0,0,0,0,0,0,2,0,0,0,1,0,0,0,0,0,0,0,0,0,0,0,1,0,0,0,0,0,0,0
tb.dut.clusters[0].cluster.sockets[0].socket.cores[0].core.schedule.warp_ctl_if	9	98	109	20	5	20	5	6	1612504	1612089	0,1,1,0,3,0,0,0,0,0,0,0,0,0,0,0,0,0,0,0,0,0,0,0,0,0,0,0,0,0,0,0,0,0,0,0,0,0,0,0	0,0,0,1,0,0,0,0,0,0,0,0,1,0,1,0,1,0,0,0,1,0,0,0,0,0,0,0,0,0,0,0,1,0,0,0,0,0,0,0	2	14	5	14	5	6	1612510	1612092	1,2,0,1,1,0,0,0,0,0,0,0,0,0,0,0,0,0,0,0,0,0,0,0,0,0,0,0,0,0,0,0,0,0,0,0,0,0,0,0	0,0,0,0,1,0,0,0,0,0,0,0,0,0,2,0,1,0,0,0,1,0,0,0,0,0,0,0,0,0,0,0,1,0,0,0,0,0,0,0
tb.dut.clusters[0].cluster.sockets[0].socket.cores[0].core.schedule_if	8	40	1819644	767548	211686	767548	76	211686	844976	287	4,71660,6404,71904,53254,8447,0,0,2,0,0,2,0,0,0,0,3,3,3,0,0,0,0,0,0,0,0,0,0,0,0,0,0,0,0,0,0,0,0,0	83933,6406,8446,20477,65506,12285,6168,6145,0,0,4,0,254,2,0,1,9,0,2048,1,1,0,0,0,0,0,0,0,0,0,0,0,0,0,0,0,0,0,0,0	2	489358	408858	489358	11	408858	1123166	287	328409,80428,8,2,10,0,0,0,0,0,1,0,0,0,0,0,0,0,0,0,0,0,0,0,0,0,0,0,0,0,0,0,0,0,0,0,0,0,0,0	236020,53519,8214,12285,53227,30705,6399,6165,4,0,0,3,254,2,0,0,11,0,2048,1,1,0,0,0,0,0,0,0,0,0,0,0,0,0,0,0,0,0,0,0
tb.dut.clusters[0].cluster.sockets[0].socket.cores[0].core.warp_ctl_if	8	98	109	20	5	20	5	6	1612504	1612089	0,1,1,0,3,0,0,0,0,0,0,0,0,0,0,0,0,0,0,0,0,0,0,0,0,0,0,0,0,0,0,0,0,0,0,0,0,0,0,0	0,0,0,1,0,0,0,0,0,0,0,0,1,0,1,0,1,0,0,0,1,0,0,0,0,0,0,0,0,0,0,0,1,0,0,0,0,0,0,0	2	14	5	14	5	6	1612510	1612092	1,2,0,1,1,0,0,0,0,0,0,0,0,0,0,0,0,0,0,0,0,0,0,0,0,0,0,0,0,0,0,0,0,0,0,0,0,0,0,0	0,0,0,0,1,0,0,0,0,0,0,0,0,0,2,0,1,0,0,0,1,0,0,0,0,0,0,0,0,0,0,0,1,0,0,0,0,0,0,0
tb.dut.clusters[0].cluster.sockets[0].socket.cores[0].core.writeback_if[0]	8	175	89429114	1064272	521301	1064272	15	521302	548252	317	2,514613,2052,513,2058,3,1,2048,3,0,1,0,0,6,1,0,0,0,0,0,0,0,0,0,0,0,0,0,0,0,0,0,0,0,0,0,0,0,0,0	516367,2072,6,7,509,27,3,254,3,2,2047,2,0,1,0,1,0,0,0,0,1,0,0,0,0,0,0,0,0,0,0,0,0,0,0,0,0,0,0,0	2	1055559	530014	1055559	15	530015	556965	317	4624,525363,3,3,8,2,0,1,2,0,1,0,0,6,1,0,0,0,0,0,0,0,0,0,0,0,0,0,0,0,0,0,0,0,0,0,0,0,0,0	525080,2072,6,7,509,27,3,254,3,2,2047,2,0,1,0,1,0,0,0,0,1,0,0,0,0,0,0,0,0,0,0,0,0,0,0,0,0,0,0,0
tb.dut.clusters[0].cluster.sockets[0].socket.dcache	6	87133	894393	682	10	682	326	10	1611842	1604237	0,0,0,0,0,0,0,1,4,0,0,0,0,0,0,0,0,0,4,0,1,0,0,0,0,0,0,0,0,0,0,0,0,0,0,0,0,0,0,0	0,0,0,3,0,0,0,0,0,0,0,0,1,0,0,0,4,0,0,0,0,0,0,0,1,0,0,0,0,0,0,0,1,0,0,0,0,0,0,0	436	300	22	300	251	23	1612224	1604328	9,7,2,1,1,0,0,0,0,0,1,0,0,0,0,0,0,0,0,1,0,0,0,0,0,0,0,0,0,0,0,0,0,0,0,0,0,0,0,0	4,3,0,0,3,1,0,0,0,1,1,0,0,0,0,0,4,3,1,0,0,0,0,0,1,0,0,0,0,0,0,0,1,0,0,0,0,0,0,0
tb.dut.clusters[0].cluster.sockets[0].socket.dcache.arb_core_bus_if[0]	7	474	3046	286	22	286	249	23	1612238	1604239	12,8,0,0,0,0,0,0,1,0,0,0,0,0,0,0,0,0,0,1,0,0,0,0,0,0,0,0,0,0,0,0,0,0,0,0,0,0,0,0	0,4,4,3,1,0,0,0,0,0,0,0,0,0,0,0,4,0,5,0,0,0,0,0,1,0,0,0,0,0,0,0,1,0,0,0,0,0,0,0	3	138	136	138	2	137	1612386	1604328	134,2,0,0,0,0,0,0,0,0,0,0,0,0,0,0,0,0,0,0,0,0,0,0,0,0,0,0,0,0,0,0,0,0,0,0,0,0,0,0	128,0,0,3,0,0,0,0,0,0,0,0,0,0,0,0,0,0,4,0,0,0,0,0,1,0,0,0,0,0,0,0,1,0,0,0,0,0,0,0
tb.dut.clusters[0].cluster.sockets[0].socket.dcache.cache_mem_bus_if[0]	7	1296	22011	278	16	278	248	17	1612246	1604244	6,8,0,0,0,0,0,1,0,0,0,0,0,0,0,0,0,0,0,1,0,0,0,0,0,0,0,0,0,0,0,0,0,0,0,0,0,0,0,0	4,0,0,0,1,0,0,0,0,0,0,0,0,1,0,0,4,0,5,0,0,0,0,0,1,0,0,0,0,0,0,0,1,0,0,0,0,0,0,0	7	264	7	264	248	8	1612260	1604333	2,3,0,0,0,0,0,1,0,0,0,0,0,0,0,0,0,0,0,1,0,0,0,0,0,0,0,0,0,0,0,0,0,0,0,0,0,0,0,0	0,0,0,0,0,0,0,0,0,0,0,0,0,0,0,0,2,0,4,0,0,0,0,0,1,0,0,0,0,0,0,0,1,0,0,0,0,0,0,0
tb.dut.clusters[0].cluster.sockets[0].socket.dcache.caches[0]	7	73292	715663	680	11	680	326	11	1611844	1604237	1,0,0,0,0,1,0,0,4,0,0,0,0,0,0,0,0,0,4,0,1,0,0,0,0,0,0,0,0,0,0,0,0,0,0,0,0,0,0,0	1,0,0,3,0,0,0,0,0,0,0,0,0,1,0,0,4,0,0,0,0,0,0,0,1,0,0,0,0,0,0,0,1,0,0,0,0,0,0,0	367	296	22	296	250	23	1612228	1604328	10,7,1,1,1,0,0,0,0,1,0,0,0,0,0,0,0,0,0,1,0,0,0,0,0,0,0,0,0,0,0,0,0,0,0,0,0,0,0,0	3,4,0,0,3,1,0,0,0,0,2,0,0,0,0,0,4,3,1,0,0,0,0,0,1,0,0,0,0,0,0,0,1,0,0,0,0,0,0,0
tb.dut.clusters[0].cluster.sockets[0].socket.dcache.caches[0].cache_wrap	8	73291	715661	680	11	680	326	11	1611844	1604237	1,0,0,0,0,1,0,0,4,0,0,0,0,0,0,0,0,0,4,0,1,0,0,0,0,0,0,0,0,0,0,0,0,0,0,0,0,0,0,0	1,0,0,3,0,0,0,0,0,0,0,0,0,1,0,0,4,0,0,0,0,0,0,0,1,0,0,0,0,0,0,0,1,0,0,0,0,0,0,0	367	296	22	296	250	23	1612228	1604328	10,7,1,1,1,0,0,0,0,1,0,0,0,0,0,0,0,0,0,1,0,0,0,0,0,0,0,0,0,0,0,0,0,0,0,0,0,0,0,0	3,4,0,0,3,1,0,0,0,0,2,0,0,0,0,0,4,3,1,0,0,0,0,0,1,0,0,0,0,0,0,0,1,0,0,0,0,0,0,0
tb.dut.clusters[0].cluster.sockets[0].socket.dcache.caches[0].cache_wrap.core_bus_cache_if[0]	9	474	3379	287	22	287	249	23	1612237	1604239	11,9,0,0,0,0,0,0,1,0,0,0,0,0,0,0,0,0,0,1,0,0,0,0,0,0,0,0,0,0,0,0,0,0,0,0,0,0,0,0	0,8,0,1,3,0,0,0,0,0,0,0,0,0,0,0,4,0,5,0,0,0,0,0,1,0,0,0,0,0,0,0,1,0,0,0,0,0,0,0	3	140	136	140	2	137	1612384	1604328	132,4,0,0,0,0,0,0,0,0,0,0,0,0,0,0,0,0,0,0,0,0,0,0,0,0,0,0,0,0,0,0,0,0,0,0,0,0,0,0	128,0,0,0,3,0,0,0,0,0,0,0,0,0,0,0,0,0,4,0,0,0,0,0,1,0,0,0,0,0,0,0,1,0,0,0,0,0,0,0
tb.dut.clusters[0].cluster.sockets[0].socket.dcache.caches[0].cache_wrap.core_bus_if[0]	9	474	3046	286	22	286	249	23	1612238	1604239	12,8,0,0,0,0,0,0,1,0,0,0,0,0,0,0,0,0,0,1,0,0,0,0,0,0,0,0,0,0,0,0,0,0,0,0,0,0,0,0	0,4,4,3,1,0,0,0,0,0,0,0,0,0,0,0,4,0,5,0,0,0,0,0,1,0,0,0,0,0,0,0,1,0,0,0,0,0,0,0	3	138	136	138	2	137	1612386	1604328	134,2,0,0,0,0,0,0,0,0,0,0,0,0,0,0,0,0,0,0,0,0,0,0,0,0,0,0,0,0,0,0,0,0,0,0,0,0,0,0	128,0,0,3,0,0,0,0,0,0,0,0,0,0,0,0,0,0,4,0,0,0,0,0,1,0,0,0,0,0,0,0,1,0,0,0,0,0,0,0
tb.dut.clusters[0].cluster.sockets[0].socket.dcache.caches[0].cache_wrap.genblk2	9	5930	98226	319	28	319	253	28	1612205	1604239	9,8,8,1,0,0,0,0,0,0,0,0,1,0,0,0,0,0,0,1,0,0,0,0,0,0,0,0,0,0,0,0,0,0,0,0,0,0,0,0	4,9,0,3,0,0,0,0,0,0,0,0,0,0,0,1,4,1,4,0,0,0,0,0,1,0,0,0,0,0,0,0,1,0,0,0,0,0,0,0	30	284	16	284	249	17	1612240	1604328	5,6,3,0,0,0,0,0,1,0,0,0,0,0,0,0,0,0,0,1,0,0,0,0,0,0,0,0,0,0,0,0,0,0,0,0,0,0,0,0	4,0,0,1,2,0,0,0,0,0,0,0,0,0,0,0,4,0,4,0,0,0,0,0,1,0,0,0,0,0,0,0,1,0,0,0,0,0,0,0
tb.dut.clusters[0].cluster.sockets[0].socket.dcache.caches[0].cache_wrap.genblk2.cache_bypass	10	5929	98224	319	28	319	253	28	1612205	1604239	9,8,8,1,0,0,0,0,0,0,0,0,1,0,0,0,0,0,0,1,0,0,0,0,0,0,0,0,0,0,0,0,0,0,0,0,0,0,0,0	4,9,0,3,0,0,0,0,0,0,0,0,0,0,0,1,4,1,4,0,0,0,0,0,1,0,0,0,0,0,0,0,1,0,0,0,0,0,0,0	30	284	16	284	249	17	1612240	1604328	5,6,3,0,0,0,0,0,1,0,0,0,0,0,0,0,0,0,0,1,0,0,0,0,0,0,0,0,0,0,0,0,0,0,0,0,0,0,0,0	4,0,0,1,2,0,0,0,0,0,0,0,0,0,0,0,4,0,4,0,0,0,0,0,1,0,0,0,0,0,0,0,1,0,0,0,0,0,0,0
tb.dut.clusters[0].cluster.sockets[0].socket.dcache.caches[0].cache_wrap.genblk2.cache_bypass.core_bus_in_if[0]	11	474	3046	286	22	286	249	23	1612238	1604239	12,8,0,0,0,0,0,0,1,0,0,0,0,0,0,0,0,0,0,1,0,0,0,0,0,0,0,0,0,0,0,0,0,0,0,0,0,0,0,0	0,4,4,3,1,0,0,0,0,0,0,0,0,0,0,0,4,0,5,0,0,0,0,0,1,0,0,0,0,0,0,0,1,0,0,0,0,0,0,0	3	138	136	138	2	137	1612386	1604328	134,2,0,0,0,0,0,0,0,0,0,0,0,0,0,0,0,0,0,0,0,0,0,0,0,0,0,0,0,0,0,0,0,0,0,0,0,0,0,0	128,0,0,3,0,0,0,0,0,0,0,0,0,0,0,0,0,0,4,0,0,0,0,0,1,0,0,0,0,0,0,0,1,0,0,0,0,0,0,0
tb.dut.clusters[0].cluster.sockets[0].socket.dcache.caches[0].cache_wrap.genblk2.cache_bypass.core_bus_out_if[0]	11	474	3379	287	22	287	249	23	1612237	1604239	11,9,0,0,0,0,0,0,1,0,0,0,0,0,0,0,0,0,0,1,0,0,0,0,0,0,0,0,0,0,0,0,0,0,0,0,0,0,0,0	0,8,0,1,3,0,0,0,0,0,0,0,0,0,0,0,4,0,5,0,0,0,0,0,1,0,0,0,0,0,0,0,1,0,0,0,0,0,0,0	3	140	136	140	2	137	1612384	1604328	132,4,0,0,0,0,0,0,0,0,0,0,0,0,0,0,0,0,0,0,0,0,0,0,0,0,0,0,0,0,0,0,0,0,0,0,0,0,0,0	128,0,0,0,3,0,0,0,0,0,0,0,0,0,0,0,0,0,4,0,0,0,0,0,1,0,0,0,0,0,0,0,1,0,0,0,0,0,0,0
tb.dut.clusters[0].cluster.sockets[0].socket.dcache.caches[0].cache_wrap.genblk2.cache_bypass.genblk11	11	2	0	0	0	0	0	1	1612524	1612524	0,0,0,0,0,0,0,0,0,0,0,0,0,0,0,0,0,0,0,0,0,0,0,0,0,0,0,0,0,0,0,0,0,0,0,0,0,0,0,0	0,0,0,0,0,0,0,0,0,0,0,0,0,0,0,0,0,0,0,0,0,0,0,0,0,0,0,0,0,0,0,0,1,0,0,0,0,0,0,0	2	0	0	0	0	1	1612524	1612524	0,0,0,0,0,0,0,0,0,0,0,0,0,0,0,0,0,0,0,0,0,0,0,0,0,0,0,0,0,0,0,0,0,0,0,0,0,0,0,0	0,0,0,0,0,0,0,0,0,0,0,0,0,0,0,0,0,0,0,0,0,0,0,0,0,0,0,0,0,0,0,0,1,0,0,0,0,0,0,0
tb.dut.clusters[0].cluster.sockets[0].socket.dcache.caches[0].cache_wrap.genblk2.cache_bypass.genblk5	11	578	5724	130	130	130	1	131	1612394	1604328	130,0,0,0,0,0,0,0,0,0,0,0,0,0,0,0,0,0,0,0,0,0,0,0,0,0,0,0,0,0,0,0,0,0,0,0,0,0,0,0	128,0,0,0,0,0,0,0,0,0,0,0,0,0,0,0,0,0,0,0,1,0,0,0,1,0,0,0,0,0,0,0,1,0,0,0,0,0,0,0	3	130	130	130	1	131	1612394	1604328	130,0,0,0,0,0,0,0,0,0,0,0,0,0,0,0,0,0,0,0,0,0,0,0,0,0,0,0,0,0,0,0,0,0,0,0,0,0,0,0	128,0,0,0,0,0,0,0,0,0,0,0,0,0,0,0,0,0,0,0,1,0,0,0,1,0,0,0,0,0,0,0,1,0,0,0,0,0,0,0
tb.dut.clusters[0].cluster.sockets[0].socket.dcache.caches[0].cache_wrap.genblk2.cache_bypass.mem_bus_in_if	11	1294	36946	281	17	281	248	17	1612243	1604243	6,8,1,0,0,0,0,1,0,0,0,0,0,0,0,0,0,0,0,1,0,0,0,0,0,0,0,0,0,0,0,0,0,0,0,0,0,0,0,0	4,0,1,0,0,0,0,0,0,0,0,0,1,0,0,0,4,0,5,0,0,0,0,0,1,0,0,0,0,0,0,0,1,0,0,0,0,0,0,0	7	267	8	267	248	9	1612257	1604332	1,5,0,0,0,0,0,1,0,0,0,0,0,0,0,0,0,0,0,1,0,0,0,0,0,0,0,0,0,0,0,0,0,0,0,0,0,0,0,0	0,0,0,0,0,0,0,0,0,0,0,0,0,0,0,0,2,1,4,0,0,0,0,0,1,0,0,0,0,0,0,0,1,0,0,0,0,0,0,0
tb.dut.clusters[0].cluster.sockets[0].socket.dcache.caches[0].cache_wrap.genblk2.cache_bypass.mem_bus_out_if	11	1296	22011	278	16	278	248	17	1612246	1604244	6,8,0,0,0,0,0,1,0,0,0,0,0,0,0,0,0,0,0,1,0,0,0,0,0,0,0,0,0,0,0,0,0,0,0,0,0,0,0,0	4,0,0,0,1,0,0,0,0,0,0,0,0,1,0,0,4,0,5,0,0,0,0,0,1,0,0,0,0,0,0,0,1,0,0,0,0,0,0,0	7	264	7	264	248	8	1612260	1604333	2,3,0,0,0,0,0,1,0,0,0,0,0,0,0,0,0,0,0,1,0,0,0,0,0,0,0,0,0,0,0,0,0,0,0,0,0,0,0,0	0,0,0,0,0,0,0,0,0,0,0,0,0,0,0,0,2,0,4,0,0,0,0,0,1,0,0,0,0,0,0,0,1,0,0,0,0,0,0,0
tb.dut.clusters[0].cluster.sockets[0].socket.dcache.caches[0].cache_wrap.genblk3	9	63116	552051	670	11	670	325	11	1611854	1604237	1,0,0,0,1,0,0,4,0,0,0,0,0,0,0,0,0,0,4,0,1,0,0,0,0,0,0,0,0,0,0,0,0,0,0,0,0,0,0,0	0,1,0,0,3,0,0,0,0,0,0,0,0,0,1,0,4,0,0,0,0,0,0,0,1,0,0,0,0,0,0,0,1,0,0,0,0,0,0,0	316	293	20	293	249	21	1612231	1604328	10,6,0,1,0,0,1,0,0,0,1,0,0,0,0,0,0,0,0,1,0,0,0,0,0,0,0,0,0,0,0,0,0,0,0,0,0,0,0,0	2,2,1,3,0,1,0,0,0,0,0,2,0,0,0,0,4,3,1,0,0,0,0,0,1,0,0,0,0,0,0,0,1,0,0,0,0,0,0,0
tb.dut.clusters[0].cluster.sockets[0].socket.dcache.caches[0].cache_wrap.genblk3.cache	10	63115	552049	670	11	670	325	11	1611854	1604237	1,0,0,0,1,0,0,4,0,0,0,0,0,0,0,0,0,0,4,0,1,0,0,0,0,0,0,0,0,0,0,0,0,0,0,0,0,0,0,0	0,1,0,0,3,0,0,0,0,0,0,0,0,0,1,0,4,0,0,0,0,0,0,0,1,0,0,0,0,0,0,0,1,0,0,0,0,0,0,0	316	293	20	293	249	21	1612231	1604328	10,6,0,1,0,0,1,0,0,0,1,0,0,0,0,0,0,0,0,1,0,0,0,0,0,0,0,0,0,0,0,0,0,0,0,0,0,0,0,0	2,2,1,3,0,1,0,0,0,0,0,2,0,0,0,0,4,3,1,0,0,0,0,0,1,0,0,0,0,0,0,0,1,0,0,0,0,0,0,0
tb.dut.clusters[0].cluster.sockets[0].socket.dcache.caches[0].cache_wrap.genblk3.cache.banks[0]	11	12836	106409	656	15	656	318	15	1611868	1604237	1,0,0,1,4,0,4,0,0,0,0,0,0,0,0,0,0,0,4,0,1,0,0,0,0,0,0,0,0,0,0,0,0,0,0,0,0,0,0,0	4,0,1,0,0,3,0,0,0,0,0,0,0,0,0,1,4,0,0,0,0,0,0,0,1,0,0,0,0,0,0,0,1,0,0,0,0,0,0,0	65	224	87	224	7	88	1612300	1604329	52,3,11,3,2,1,15,0,0,0,0,0,0,0,0,0,0,0,0,0,0,0,0,0,0,0,0,0,0,0,0,0,0,0,0,0,0,0,0,0	71,0,1,3,0,0,0,0,0,1,0,1,1,0,0,0,4,3,1,0,0,0,0,0,1,0,0,0,0,0,0,0,1,0,0,0,0,0,0,0
tb.dut.clusters[0].cluster.sockets[0].socket.dcache.caches[0].cache_wrap.genblk3.cache.banks[0].bank	12	12810	106363	656	15	656	318	15	1611868	1604237	1,0,0,1,4,0,4,0,0,0,0,0,0,0,0,0,0,0,4,0,1,0,0,0,0,0,0,0,0,0,0,0,0,0,0,0,0,0,0,0	4,0,1,0,0,3,0,0,0,0,0,0,0,0,0,1,4,0,0,0,0,0,0,0,1,0,0,0,0,0,0,0,1,0,0,0,0,0,0,0	65	224	87	224	7	88	1612300	1604329	52,3,11,3,2,1,15,0,0,0,0,0,0,0,0,0,0,0,0,0,0,0,0,0,0,0,0,0,0,0,0,0,0,0,0,0,0,0,0,0	71,0,1,3,0,0,0,0,0,1,0,1,1,0,0,0,4,3,1,0,0,0,0,0,1,0,0,0,0,0,0,0,1,0,0,0,0,0,0,0
tb.dut.clusters[0].cluster.sockets[0].socket.dcache.caches[0].cache_wrap.genblk3.cache.banks[0].bank.cache_data	13	3468	33639	469	141	469	65	142	1612055	1604239	132,0,0,4,0,0,0,0,0,0,0,0,0,0,0,0,0,4,1,0,0,0,0,0,0,0,0,0,0,0,0,0,0,0,0,0,0,0,0,0	129,0,2,1,0,0,0,0,1,0,0,0,2,0,0,0,5,0,0,0,0,0,0,0,1,0,0,0,0,0,0,0,1,0,0,0,0,0,0,0	18	145	140	145	3	141	1612379	1604330	136,3,1,0,0,0,0,0,0,0,0,0,0,0,0,0,0,0,0,0,0,0,0,0,0,0,0,0,0,0,0,0,0,0,0,0,0,0,0,0	128,0,1,0,0,0,0,0,0,0,1,0,0,1,1,0,3,3,1,0,0,0,0,0,1,0,0,0,0,0,0,0,1,0,0,0,0,0,0,0
tb.dut.clusters[0].cluster.sockets[0].socket.dcache.caches[0].cache_wrap.genblk3.cache.banks[0].bank.cache_data.genblk7	14	64	1516	138	134	138	2	135	1612386	1604330	130,4,0,0,0,0,0,0,0,0,0,0,0,0,0,0,0,0,0,0,0,0,0,0,0,0,0,0,0,0,0,0,0,0,0,0,0,0,0,0	128,0,0,0,0,0,0,0,0,0,1,0,0,0,0,0,0,0,4,0,0,0,0,0,1,0,0,0,0,0,0,0,1,0,0,0,0,0,0,0	2	138	134	138	2	135	1612386	1604330	130,4,0,0,0,0,0,0,0,0,0,0,0,0,0,0,0,0,0,0,0,0,0,0,0,0,0,0,0,0,0,0,0,0,0,0,0,0,0,0	128,0,0,0,0,0,0,0,0,0,1,0,0,0,0,0,0,0,4,0,0,0,0,0,1,0,0,0,0,0,0,0,1,0,0,0,0,0,0,0
tb.dut.clusters[0].cluster.sockets[0].socket.dcache.caches[0].cache_wrap.genblk3.cache.banks[0].bank.cache_mshr	13	1277	6007	522	115	522	66	115	1612002	1604239	84,2,4,0,20,0,0,0,0,0,0,0,0,0,0,0,0,4,1,0,0,0,0,0,0,0,0,0,0,0,0,0,0,0,0,0,0,0,0,0	96,1,8,0,0,0,0,0,3,0,0,0,0,0,0,0,5,0,0,0,0,0,0,0,1,0,0,0,0,0,0,0,1,0,0,0,0,0,0,0	7	218	146	218	5	147	1612306	1604239	126,0,4,0,16,0,0,0,0,0,0,0,0,0,0,0,0,0,0,0,0,0,0,0,0,0,0,0,0,0,0,0,0,0,0,0,0,0,0,0	96,0,0,4,0,0,35,0,0,3,0,0,0,0,0,0,6,1,0,0,0,0,0,0,1,0,0,0,0,0,0,0,1,0,0,0,0,0,0,0
tb.dut.clusters[0].cluster.sockets[0].socket.dcache.caches[0].cache_wrap.genblk3.cache.banks[0].bank.cache_tags	13	432	1558	419	34	419	66	34	1612105	1604239	5,4,0,20,0,0,0,0,0,0,0,0,0,0,0,0,0,0,5,0,0,0,0,0,0,0,0,0,0,0,0,0,0,0,0,0,0,0,0,0	0,2,5,3,0,0,1,0,1,0,0,13,0,0,0,0,7,0,0,0,0,0,0,0,1,0,0,0,0,0,0,0,1,0,0,0,0,0,0,0	3	193	179	193	3	180	1612331	1604239	172,0,7,0,0,0,0,0,0,0,0,0,0,0,0,0,0,0,0,0,0,0,0,0,0,0,0,0,0,0,0,0,0,0,0,0,0,0,0,0	157,2,0,0,0,0,2,0,0,1,0,0,2,0,7,0,5,2,0,0,0,0,0,0,1,0,0,0,0,0,0,0,1,0,0,0,0,0,0,0
tb.dut.clusters[0].cluster.sockets[0].socket.dcache.caches[0].cache_wrap.genblk3.cache.banks[0].bank.cache_tags.genblk3[0]	14	44	67	29	18	29	3	19	1612495	1604239	11,3,4,0,0,0,0,0,0,0,0,0,0,0,0,0,0,0,0,0,0,0,0,0,0,0,0,0,0,0,0,0,0,0,0,0,0,0,0,0	0,2,0,0,0,0,1,0,0,1,0,0,2,0,0,0,5,5,0,1,0,0,0,0,1,0,0,0,0,0,0,0,1,0,0,0,0,0,0,0	2	20	16	20	2	17	1612504	1604490	12,4,0,0,0,0,0,0,0,0,0,0,0,0,0,0,0,0,0,0,0,0,0,0,0,0,0,0,0,0,0,0,0,0,0,0,0,0,0,0	0,1,0,0,0,0,1,0,0,0,1,0,0,2,0,0,5,5,0,0,0,0,0,0,1,0,0,0,0,0,0,0,1,0,0,0,0,0,0,0
tb.dut.clusters[0].cluster.sockets[0].socket.dcache.caches[0].cache_wrap.genblk3.cache.banks[0].bank.flush_unit	13	443	1450	416	59	416	69	60	1612108	1604238	33,21,0,0,0,0,0,0,0,0,0,0,0,0,0,0,0,0,5,0,0,0,0,0,0,0,0,0,0,0,0,0,0,0,0,0,0,0,0,0	9,11,16,1,0,0,0,2,0,11,0,0,0,0,0,1,7,0,0,0,0,0,0,0,1,0,0,0,0,0,0,0,1,0,0,0,0,0,0,0	3	179	160	179	4	161	1612345	1604489	150,5,1,4,0,0,0,0,0,0,0,0,0,0,0,0,0,0,0,0,0,0,0,0,0,0,0,0,0,0,0,0,0,0,0,0,0,0,0,0	154,0,0,0,1,0,0,0,0,0,0,0,0,0,0,0,1,3,0,0,0,0,0,0,1,0,0,0,0,0,0,0,1,0,0,0,0,0,0,0
tb.dut.clusters[0].cluster.sockets[0].socket.dcache.caches[0].cache_wrap.genblk3.cache.banks[0].bank.genblk7	13	64	1036	130	130	130	1	131	1612394	1604330	130,0,0,0,0,0,0,0,0,0,0,0,0,0,0,0,0,0,0,0,0,0,0,0,0,0,0,0,0,0,0,0,0,0,0,0,0,0,0,0	128,0,0,0,0,0,0,0,0,0,0,0,0,0,0,0,0,0,0,0,1,0,0,0,1,0,0,0,0,0,0,0,1,0,0,0,0,0,0,0	2	130	130	130	1	131	1612394	1604330	130,0,0,0,0,0,0,0,0,0,0,0,0,0,0,0,0,0,0,0,0,0,0,0,0,0,0,0,0,0,0,0,0,0,0,0,0,0,0,0	128,0,0,0,0,0,0,0,0,0,0,0,0,0,0,0,0,0,0,0,1,0,0,0,1,0,0,0,0,0,0,0,1,0,0,0,0,0,0,0
tb.dut.clusters[0].cluster.sockets[0].socket.dcache.caches[0].cache_wrap.genblk3.cache.banks[0].bank.mshr_pending_size	13	248	350	115	26	115	6	27	1612409	1604303	1,9,0,0,0,16,0,0,0,0,0,0,0,0,0,0,0,0,0,0,0,0,0,0,0,0,0,0,0,0,0,0,0,0,0,0,0,0,0,0	0,3,0,1,0,0,0,0,0,10,0,0,0,0,0,0,7,0,4,0,0,0,0,0,1,0,0,0,0,0,0,0,1,0,0,0,0,0,0,0	2	113	25	113	6	26	1612411	1604322	1,8,0,0,0,16,0,0,0,0,0,0,0,0,0,0,0,0,0,0,0,0,0,0,0,0,0,0,0,0,0,0,0,0,0,0,0,0,0,0	0,3,0,0,1,0,0,0,0,10,0,0,0,0,0,0,6,0,4,0,0,0,0,0,1,0,0,0,0,0,0,0,1,0,0,0,0,0,0,0
tb.dut.clusters[0].cluster.sockets[0].socket.dcache.caches[0].cache_wrap.genblk3.cache.banks[0].bank.mshr_pending_size.genblk3	14	8	80	80	40	80	2	41	1612444	1604328	0,40,0,0,0,0,0,0,0,0,0,0,0,0,0,0,0,0,0,0,0,0,0,0,0,0,0,0,0,0,0,0,0,0,0,0,0,0,0,0	0,19,0,0,0,0,0,0,0,10,0,0,0,0,0,0,6,0,4,0,0,0,0,0,1,0,0,0,0,0,0,0,1,0,0,0,0,0,0,0	2	0	0	0	0	1	1612524	1612524	0,0,0,0,0,0,0,0,0,0,0,0,0,0,0,0,0,0,0,0,0,0,0,0,0,0,0,0,0,0,0,0,0,0,0,0,0,0,0,0	0,0,0,0,0,0,0,0,0,0,0,0,0,0,0,0,0,0,0,0,0,0,0,0,0,0,0,0,0,0,0,0,1,0,0,0,0,0,0,0
tb.dut.clusters[0].cluster.sockets[0].socket.dcache.caches[0].cache_wrap.genblk3.cache.banks[1]	11	12836	86286	623	9	623	320	9	1611901	1604237	1,0,1,2,0,0,0,0,0,0,0,0,0,0,0,0,0,0,4,0,1,0,0,0,0,0,0,0,0,0,0,0,0,0,0,0,0,0,0,0	0,0,1,0,0,0,0,0,1,1,0,0,0,0,0,1,2,1,0,0,0,0,0,0,1,0,0,0,0,0,0,0,1,0,0,0,0,0,0,0	65	190	81	190	7	82	1612334	1604329	49,2,12,1,11,0,6,0,0,0,0,0,0,0,0,0,0,0,0,0,0,0,0,0,0,0,0,0,0,0,0,0,0,0,0,0,0,0,0,0	77,0,0,0,0,0,0,0,0,0,0,0,0,0,0,0,0,0,3,0,0,0,0,0,1,0,0,0,0,0,0,0,1,0,0,0,0,0,0,0
tb.dut.clusters[0].cluster.sockets[0].socket.dcache.caches[0].cache_wrap.genblk3.cache.banks[1].bank	12	12810	86259	623	9	623	320	9	1611901	1604237	1,0,1,2,0,0,0,0,0,0,0,0,0,0,0,0,0,0,4,0,1,0,0,0,0,0,0,0,0,0,0,0,0,0,0,0,0,0,0,0	0,0,1,0,0,0,0,0,1,1,0,0,0,0,0,1,2,1,0,0,0,0,0,0,1,0,0,0,0,0,0,0,1,0,0,0,0,0,0,0	65	190	81	190	7	82	1612334	1604329	49,2,12,1,11,0,6,0,0,0,0,0,0,0,0,0,0,0,0,0,0,0,0,0,0,0,0,0,0,0,0,0,0,0,0,0,0,0,0,0	77,0,0,0,0,0,0,0,0,0,0,0,0,0,0,0,0,0,3,0,0,0,0,0,1,0,0,0,0,0,0,0,1,0,0,0,0,0,0,0
tb.dut.clusters[0].cluster.sockets[0].socket.dcache.caches[0].cache_wrap.genblk3.cache.banks[1].bank.cache_data	13	3468	24062	456	139	456	65	140	1612068	1604239	133,1,0,0,0,0,0,0,0,0,0,0,0,0,0,0,0,4,1,0,0,0,0,0,0,0,0,0,0,0,0,0,0,0,0,0,0,0,0,0	129,0,2,1,0,0,0,0,0,0,0,0,0,0,1,1,3,1,0,0,0,0,0,0,1,0,0,0,0,0,0,0,1,0,0,0,0,0,0,0	18	133	132	133	2	133	1612391	1604330	131,1,0,0,0,0,0,0,0,0,0,0,0,0,0,0,0,0,0,0,0,0,0,0,0,0,0,0,0,0,0,0,0,0,0,0,0,0,0,0	128,0,0,0,0,0,0,0,0,0,0,0,0,0,0,0,0,0,3,0,0,0,0,0,1,0,0,0,0,0,0,0,1,0,0,0,0,0,0,0
tb.dut.clusters[0].cluster.sockets[0].socket.dcache.caches[0].cache_wrap.genblk3.cache.banks[1].bank.cache_data.genblk7	14	64	1036	130	130	130	1	131	1612394	1604330	130,0,0,0,0,0,0,0,0,0,0,0,0,0,0,0,0,0,0,0,0,0,0,0,0,0,0,0,0,0,0,0,0,0,0,0,0,0,0,0	128,0,0,0,0,0,0,0,0,0,0,0,0,0,0,0,0,0,0,0,1,0,0,0,1,0,0,0,0,0,0,0,1,0,0,0,0,0,0,0	2	130	130	130	1	131	1612394	1604330	130,0,0,0,0,0,0,0,0,0,0,0,0,0,0,0,0,0,0,0,0,0,0,0,0,0,0,0,0,0,0,0,0,0,0,0,0,0,0,0	128,0,0,0,0,0,0,0,0,0,0,0,0,0,0,0,0,0,0,0,1,0,0,0,1,0,0,0,0,0,0,0,1,0,0,0,0,0,0,0
tb.dut.clusters[0].cluster.sockets[0].socket.dcache.caches[0].cache_wrap.genblk3.cache.banks[1].bank.cache_mshr	13	1277	5269	493	105	493	66	105	1612031	1604239	79,3,2,0,16,0,0,0,0,0,0,0,0,0,0,0,0,4,1,0,0,0,0,0,0,0,0,0,0,0,0,0,0,0,0,0,0,0,0,0	94,2,3,0,0,0,0,0,0,0,0,0,0,0,0,0,1,3,0,0,0,0,0,0,1,0,0,0,0,0,0,0,1,0,0,0,0,0,0,0	7	202	138	202	5	139	1612322	1604239	122,0,0,0,16,0,0,0,0,0,0,0,0,0,0,0,0,0,0,0,0,0,0,0,0,0,0,0,0,0,0,0,0,0,0,0,0,0,0,0	96,0,0,0,0,0,35,0,0,2,0,0,0,0,0,0,0,4,0,0,0,0,0,0,1,0,0,0,0,0,0,0,1,0,0,0,0,0,0,0
tb.dut.clusters[0].cluster.sockets[0].socket.dcache.caches[0].cache_wrap.genblk3.cache.banks[1].bank.cache_tags	13	432	1483	405	35	405	66	35	1612119	1604239	14,0,0,15,1,0,0,0,0,0,0,0,0,0,0,0,0,0,5,0,0,0,0,0,0,0,0,0,0,0,0,0,0,0,0,0,0,0,0,0	0,2,11,2,0,0,1,9,0,0,0,2,0,0,0,0,3,3,0,0,0,0,0,0,1,0,0,0,0,0,0,0,1,0,0,0,0,0,0,0	3	169	169	169	1	170	1612355	1604239	169,0,0,0,0,0,0,0,0,0,0,0,0,0,0,0,0,0,0,0,0,0,0,0,0,0,0,0,0,0,0,0,0,0,0,0,0,0,0,0	160,2,0,0,0,0,1,0,0,0,0,0,0,0,0,0,1,3,0,1,0,0,0,0,1,0,0,0,0,0,0,0,1,0,0,0,0,0,0,0
tb.dut.clusters[0].cluster.sockets[0].socket.dcache.caches[0].cache_wrap.genblk3.cache.banks[1].bank.cache_tags.genblk3[0]	14	44	42	14	14	14	1	15	1612510	1604239	14,0,0,0,0,0,0,0,0,0,0,0,0,0,0,0,0,0,0,0,0,0,0,0,0,0,0,0,0,0,0,0,0,0,0,0,0,0,0,0	0,2,0,0,0,0,1,0,0,0,0,0,0,0,0,0,1,8,0,1,0,0,0,0,1,0,0,0,0,0,0,0,1,0,0,0,0,0,0,0	2	10	10	10	1	11	1612514	1604490	10,0,0,0,0,0,0,0,0,0,0,0,0,0,0,0,0,0,0,0,0,0,0,0,0,0,0,0,0,0,0,0,0,0,0,0,0,0,0,0	0,0,0,0,0,0,0,0,0,0,0,0,0,0,0,0,1,8,0,0,0,0,0,0,1,0,0,0,0,0,0,0,1,0,0,0,0,0,0,0
tb.dut.clusters[0].cluster.sockets[0].socket.dcache.caches[0].cache_wrap.genblk3.cache.banks[1].bank.flush_unit	13	443	1434	396	43	396	67	44	1612128	1604242	17,17,4,0,0,0,0,0,0,0,0,0,0,0,0,0,0,0,5,0,0,0,0,0,0,0,0,0,0,0,0,0,0,0,0,0,0,0,0,0	5,3,16,1,0,1,0,0,0,10,0,0,0,0,0,0,3,3,0,0,0,0,0,0,1,0,0,0,0,0,0,0,1,0,0,0,0,0,0,0	3	183	164	183	3	165	1612341	1604489	150,9,5,0,0,0,0,0,0,0,0,0,0,0,0,0,0,0,0,0,0,0,0,0,0,0,0,0,0,0,0,0,0,0,0,0,0,0,0,0	154,4,0,0,1,0,0,0,0,0,0,0,0,0,0,0,1,3,0,0,0,0,0,0,1,0,0,0,0,0,0,0,1,0,0,0,0,0,0,0
tb.dut.clusters[0].cluster.sockets[0].socket.dcache.caches[0].cache_wrap.genblk3.cache.banks[1].bank.genblk7	13	64	1036	130	130	130	1	131	1612394	1604330	130,0,0,0,0,0,0,0,0,0,0,0,0,0,0,0,0,0,0,0,0,0,0,0,0,0,0,0,0,0,0,0,0,0,0,0,0,0,0,0	128,0,0,0,0,0,0,0,0,0,0,0,0,0,0,0,0,0,0,0,1,0,0,0,1,0,0,0,0,0,0,0,1,0,0,0,0,0,0,0	2	130	130	130	1	131	1612394	1604330	130,0,0,0,0,0,0,0,0,0,0,0,0,0,0,0,0,0,0,0,0,0,0,0,0,0,0,0,0,0,0,0,0,0,0,0,0,0,0,0	128,0,0,0,0,0,0,0,0,0,0,0,0,0,0,0,0,0,0,0,1,0,0,0,1,0,0,0,0,0,0,0,1,0,0,0,0,0,0,0
tb.dut.clusters[0].cluster.sockets[0].socket.dcache.caches[0].cache_wrap.genblk3.cache.banks[1].bank.mshr_pending_size	13	248	294	99	18	99	6	19	1612425	1604307	1,1,0,0,0,16,0,0,0,0,0,0,0,0,0,0,0,0,0,0,0,0,0,0,0,0,0,0,0,0,0,0,0,0,0,0,0,0,0,0	0,3,0,1,0,0,0,0,0,10,0,0,0,0,0,0,3,0,0,0,0,0,0,0,1,0,0,0,0,0,0,0,1,0,0,0,0,0,0,0	2	97	17	97	6	18	1612427	1604326	1,0,0,0,0,16,0,0,0,0,0,0,0,0,0,0,0,0,0,0,0,0,0,0,0,0,0,0,0,0,0,0,0,0,0,0,0,0,0,0	0,3,0,0,1,0,0,0,0,10,0,0,0,0,0,0,2,0,0,0,0,0,0,0,1,0,0,0,0,0,0,0,1,0,0,0,0,0,0,0
tb.dut.clusters[0].cluster.sockets[0].socket.dcache.caches[0].cache_wrap.genblk3.cache.banks[1].bank.mshr_pending_size.genblk3	14	8	64	64	32	64	2	33	1612460	1604332	0,32,0,0,0,0,0,0,0,0,0,0,0,0,0,0,0,0,0,0,0,0,0,0,0,0,0,0,0,0,0,0,0,0,0,0,0,0,0,0	0,19,0,0,0,0,0,0,0,10,0,0,0,0,0,0,2,0,0,0,0,0,0,0,1,0,0,0,0,0,0,0,1,0,0,0,0,0,0,0	2	0	0	0	0	1	1612524	1612524	0,0,0,0,0,0,0,0,0,0,0,0,0,0,0,0,0,0,0,0,0,0,0,0,0,0,0,0,0,0,0,0,0,0,0,0,0,0,0,0	0,0,0,0,0,0,0,0,0,0,0,0,0,0,0,0,0,0,0,0,0,0,0,0,0,0,0,0,0,0,0,0,1,0,0,0,0,0,0,0
tb.dut.clusters[0].cluster.sockets[0].socket.dcache.caches[0].cache_wrap.genblk3.cache.banks[2]	11	12836	86148	623	9	623	320	9	1611901	1604237	1,0,1,2,0,0,0,0,0,0,0,0,0,0,0,0,0,0,4,0,1,0,0,0,0,0,0,0,0,0,0,0,0,0,0,0,0,0,0,0	0,0,1,0,0,0,0,0,1,1,0,0,0,0,0,1,2,1,0,0,0,0,0,0,1,0,0,0,0,0,0,0,1,0,0,0,0,0,0,0	65	197	74	197	7	75	1612327	1604329	42,1,14,1,2,1,13,0,0,0,0,0,0,0,0,0,0,0,0,0,0,0,0,0,0,0,0,0,0,0,0,0,0,0,0,0,0,0,0,0	70,0,0,0,0,0,0,0,0,0,0,0,0,0,0,0,0,0,3,0,0,0,0,0,1,0,0,0,0,0,0,0,1,0,0,0,0,0,0,0
tb.dut.clusters[0].cluster.sockets[0].socket.dcache.caches[0].cache_wrap.genblk3.cache.banks[2].bank	12	12810	86114	623	9	623	320	9	1611901	1604237	1,0,1,2,0,0,0,0,0,0,0,0,0,0,0,0,0,0,4,0,1,0,0,0,0,0,0,0,0,0,0,0,0,0,0,0,0,0,0,0	0,0,1,0,0,0,0,0,1,1,0,0,0,0,0,1,2,1,0,0,0,0,0,0,1,0,0,0,0,0,0,0,1,0,0,0,0,0,0,0	65	197	74	197	7	75	1612327	1604329	42,1,14,1,2,1,13,0,0,0,0,0,0,0,0,0,0,0,0,0,0,0,0,0,0,0,0,0,0,0,0,0,0,0,0,0,0,0,0,0	70,0,0,0,0,0,0,0,0,0,0,0,0,0,0,0,0,0,3,0,0,0,0,0,1,0,0,0,0,0,0,0,1,0,0,0,0,0,0,0
tb.dut.clusters[0].cluster.sockets[0].socket.dcache.caches[0].cache_wrap.genblk3.cache.banks[2].bank.cache_data	13	3468	24062	456	139	456	65	140	1612068	1604239	133,1,0,0,0,0,0,0,0,0,0,0,0,0,0,0,0,4,1,0,0,0,0,0,0,0,0,0,0,0,0,0,0,0,0,0,0,0,0,0	129,0,2,1,0,0,0,0,0,0,0,0,0,0,1,1,3,1,0,0,0,0,0,0,1,0,0,0,0,0,0,0,1,0,0,0,0,0,0,0	18	133	132	133	2	133	1612391	1604330	131,1,0,0,0,0,0,0,0,0,0,0,0,0,0,0,0,0,0,0,0,0,0,0,0,0,0,0,0,0,0,0,0,0,0,0,0,0,0,0	128,0,0,0,0,0,0,0,0,0,0,0,0,0,0,0,0,0,3,0,0,0,0,0,1,0,0,0,0,0,0,0,1,0,0,0,0,0,0,0
tb.dut.clusters[0].cluster.sockets[0].socket.dcache.caches[0].cache_wrap.genblk3.cache.banks[2].bank.cache_data.genblk7	14	64	1036	130	130	130	1	131	1612394	1604330	130,0,0,0,0,0,0,0,0,0,0,0,0,0,0,0,0,0,0,0,0,0,0,0,0,0,0,0,0,0,0,0,0,0,0,0,0,0,0,0	128,0,0,0,0,0,0,0,0,0,0,0,0,0,0,0,0,0,0,0,1,0,0,0,1,0,0,0,0,0,0,0,1,0,0,0,0,0,0,0	2	130	130	130	1	131	1612394	1604330	130,0,0,0,0,0,0,0,0,0,0,0,0,0,0,0,0,0,0,0,0,0,0,0,0,0,0,0,0,0,0,0,0,0,0,0,0,0,0,0	128,0,0,0,0,0,0,0,0,0,0,0,0,0,0,0,0,0,0,0,1,0,0,0,1,0,0,0,0,0,0,0,1,0,0,0,0,0,0,0
tb.dut.clusters[0].cluster.sockets[0].socket.dcache.caches[0].cache_wrap.genblk3.cache.banks[2].bank.cache_mshr	13	1277	5380	492	106	492	66	106	1612032	1604239	81,3,1,0,16,0,0,0,0,0,0,0,0,0,0,0,0,4,1,0,0,0,0,0,0,0,0,0,0,0,0,0,0,0,0,0,0,0,0,0	95,2,3,0,0,0,0,0,0,0,0,0,0,0,0,0,1,3,0,0,0,0,0,0,1,0,0,0,0,0,0,0,1,0,0,0,0,0,0,0	7	202	138	202	5	139	1612322	1604239	122,0,0,0,16,0,0,0,0,0,0,0,0,0,0,0,0,0,0,0,0,0,0,0,0,0,0,0,0,0,0,0,0,0,0,0,0,0,0,0	96,0,0,0,0,0,35,0,0,2,0,0,0,0,0,0,0,4,0,0,0,0,0,0,1,0,0,0,0,0,0,0,1,0,0,0,0,0,0,0
tb.dut.clusters[0].cluster.sockets[0].socket.dcache.caches[0].cache_wrap.genblk3.cache.banks[2].bank.cache_tags	13	432	1483	404	35	404	66	35	1612120	1604239	14,0,0,16,0,0,0,0,0,0,0,0,0,0,0,0,0,0,5,0,0,0,0,0,0,0,0,0,0,0,0,0,0,0,0,0,0,0,0,0	0,2,1,12,0,0,8,0,0,0,0,4,0,0,2,0,1,3,0,0,0,0,0,0,1,0,0,0,0,0,0,0,1,0,0,0,0,0,0,0	3	169	169	169	1	170	1612355	1604239	169,0,0,0,0,0,0,0,0,0,0,0,0,0,0,0,0,0,0,0,0,0,0,0,0,0,0,0,0,0,0,0,0,0,0,0,0,0,0,0	160,2,0,0,0,0,1,0,0,0,0,0,0,0,0,0,1,3,0,1,0,0,0,0,1,0,0,0,0,0,0,0,1,0,0,0,0,0,0,0
tb.dut.clusters[0].cluster.sockets[0].socket.dcache.caches[0].cache_wrap.genblk3.cache.banks[2].bank.cache_tags.genblk3[0]	14	44	42	14	14	14	1	15	1612510	1604239	14,0,0,0,0,0,0,0,0,0,0,0,0,0,0,0,0,0,0,0,0,0,0,0,0,0,0,0,0,0,0,0,0,0,0,0,0,0,0,0	0,2,0,0,0,0,1,0,0,0,0,0,0,0,0,0,1,8,0,1,0,0,0,0,1,0,0,0,0,0,0,0,1,0,0,0,0,0,0,0	2	10	10	10	1	11	1612514	1604490	10,0,0,0,0,0,0,0,0,0,0,0,0,0,0,0,0,0,0,0,0,0,0,0,0,0,0,0,0,0,0,0,0,0,0,0,0,0,0,0	0,0,0,0,0,0,0,0,0,0,0,0,0,0,0,0,1,8,0,0,0,0,0,0,1,0,0,0,0,0,0,0,1,0,0,0,0,0,0,0
tb.dut.clusters[0].cluster.sockets[0].socket.dcache.caches[0].cache_wrap.genblk3.cache.banks[2].bank.flush_unit	13	443	1434	396	43	396	67	44	1612128	1604254	17,17,4,0,0,0,0,0,0,0,0,0,0,0,0,0,0,0,5,0,0,0,0,0,0,0,0,0,0,0,0,0,0,0,0,0,0,0,0,0	5,4,16,1,0,0,0,0,0,10,0,0,0,0,0,0,3,3,0,0,0,0,0,0,1,0,0,0,0,0,0,0,1,0,0,0,0,0,0,0	3	183	164	183	3	165	1612341	1604489	150,9,5,0,0,0,0,0,0,0,0,0,0,0,0,0,0,0,0,0,0,0,0,0,0,0,0,0,0,0,0,0,0,0,0,0,0,0,0,0	154,4,0,0,1,0,0,0,0,0,0,0,0,0,0,0,1,3,0,0,0,0,0,0,1,0,0,0,0,0,0,0,1,0,0,0,0,0,0,0
tb.dut.clusters[0].cluster.sockets[0].socket.dcache.caches[0].cache_wrap.genblk3.cache.banks[2].bank.genblk7	13	64	1036	130	130	130	1	131	1612394	1604330	130,0,0,0,0,0,0,0,0,0,0,0,0,0,0,0,0,0,0,0,0,0,0,0,0,0,0,0,0,0,0,0,0,0,0,0,0,0,0,0	128,0,0,0,0,0,0,0,0,0,0,0,0,0,0,0,0,0,0,0,1,0,0,0,1,0,0,0,0,0,0,0,1,0,0,0,0,0,0,0	2	130	130	130	1	131	1612394	1604330	130,0,0,0,0,0,0,0,0,0,0,0,0,0,0,0,0,0,0,0,0,0,0,0,0,0,0,0,0,0,0,0,0,0,0,0,0,0,0,0	128,0,0,0,0,0,0,0,0,0,0,0,0,0,0,0,0,0,0,0,1,0,0,0,1,0,0,0,0,0,0,0,1,0,0,0,0,0,0,0
tb.dut.clusters[0].cluster.sockets[0].socket.dcache.caches[0].cache_wrap.genblk3.cache.banks[2].bank.mshr_pending_size	13	248	294	99	18	99	6	19	1612425	1604319	1,1,0,0,0,16,0,0,0,0,0,0,0,0,0,0,0,0,0,0,0,0,0,0,0,0,0,0,0,0,0,0,0,0,0,0,0,0,0,0	0,2,0,1,0,0,0,0,0,10,0,0,0,0,0,0,3,0,0,0,1,0,0,0,1,0,0,0,0,0,0,0,1,0,0,0,0,0,0,0	2	97	17	97	6	18	1612427	1604338	1,0,0,0,0,16,0,0,0,0,0,0,0,0,0,0,0,0,0,0,0,0,0,0,0,0,0,0,0,0,0,0,0,0,0,0,0,0,0,0	0,2,0,0,1,0,0,0,0,10,0,0,0,0,0,0,2,0,0,0,1,0,0,0,1,0,0,0,0,0,0,0,1,0,0,0,0,0,0,0
tb.dut.clusters[0].cluster.sockets[0].socket.dcache.caches[0].cache_wrap.genblk3.cache.banks[2].bank.mshr_pending_size.genblk3	14	8	64	64	32	64	2	33	1612460	1604344	0,32,0,0,0,0,0,0,0,0,0,0,0,0,0,0,0,0,0,0,0,0,0,0,0,0,0,0,0,0,0,0,0,0,0,0,0,0,0,0	0,18,0,0,0,0,0,0,0,10,0,0,0,0,0,0,2,0,0,0,1,0,0,0,1,0,0,0,0,0,0,0,1,0,0,0,0,0,0,0	2	0	0	0	0	1	1612524	1612524	0,0,0,0,0,0,0,0,0,0,0,0,0,0,0,0,0,0,0,0,0,0,0,0,0,0,0,0,0,0,0,0,0,0,0,0,0,0,0,0	0,0,0,0,0,0,0,0,0,0,0,0,0,0,0,0,0,0,0,0,0,0,0,0,0,0,0,0,0,0,0,0,1,0,0,0,0,0,0,0
tb.dut.clusters[0].cluster.sockets[0].socket.dcache.caches[0].cache_wrap.genblk3.cache.banks[3]	11	12836	86294	623	9	623	320	9	1611901	1604237	1,0,1,2,0,0,0,0,0,0,0,0,0,0,0,0,0,0,4,0,1,0,0,0,0,0,0,0,0,0,0,0,0,0,0,0,0,0,0,0	0,0,1,0,0,0,0,0,1,1,0,0,0,0,0,1,2,1,0,0,0,0,0,0,1,0,0,0,0,0,0,0,1,0,0,0,0,0,0,0	65	194	77	194	15	78	1612330	1604329	48,2,11,1,4,0,10,0,0,0,0,0,0,0,1,0,0,0,0,0,0,0,0,0,0,0,0,0,0,0,0,0,0,0,0,0,0,0,0,0	73,0,0,0,0,0,0,0,0,0,0,0,0,0,0,0,0,0,3,0,0,0,0,0,1,0,0,0,0,0,0,0,1,0,0,0,0,0,0,0
tb.dut.clusters[0].cluster.sockets[0].socket.dcache.caches[0].cache_wrap.genblk3.cache.banks[3].bank	12	12810	86260	623	9	623	320	9	1611901	1604237	1,0,1,2,0,0,0,0,0,0,0,0,0,0,0,0,0,0,4,0,1,0,0,0,0,0,0,0,0,0,0,0,0,0,0,0,0,0,0,0	0,0,1,0,0,0,0,0,1,1,0,0,0,0,0,1,2,1,0,0,0,0,0,0,1,0,0,0,0,0,0,0,1,0,0,0,0,0,0,0	65	194	77	194	15	78	1612330	1604329	48,2,11,1,4,0,10,0,0,0,0,0,0,0,1,0,0,0,0,0,0,0,0,0,0,0,0,0,0,0,0,0,0,0,0,0,0,0,0,0	73,0,0,0,0,0,0,0,0,0,0,0,0,0,0,0,0,0,3,0,0,0,0,0,1,0,0,0,0,0,0,0,1,0,0,0,0,0,0,0
tb.dut.clusters[0].cluster.sockets[0].socket.dcache.caches[0].cache_wrap.genblk3.cache.banks[3].bank.cache_data	13	3468	24062	456	139	456	65	140	1612068	1604239	133,1,0,0,0,0,0,0,0,0,0,0,0,0,0,0,0,4,1,0,0,0,0,0,0,0,0,0,0,0,0,0,0,0,0,0,0,0,0,0	129,0,2,1,0,0,0,0,0,0,0,0,0,0,1,1,3,1,0,0,0,0,0,0,1,0,0,0,0,0,0,0,1,0,0,0,0,0,0,0	18	133	132	133	2	133	1612391	1604330	131,1,0,0,0,0,0,0,0,0,0,0,0,0,0,0,0,0,0,0,0,0,0,0,0,0,0,0,0,0,0,0,0,0,0,0,0,0,0,0	128,0,0,0,0,0,0,0,0,0,0,0,0,0,0,0,0,0,3,0,0,0,0,0,1,0,0,0,0,0,0,0,1,0,0,0,0,0,0,0
tb.dut.clusters[0].cluster.sockets[0].socket.dcache.caches[0].cache_wrap.genblk3.cache.banks[3].bank.cache_data.genblk7	14	64	1036	130	130	130	1	131	1612394	1604330	130,0,0,0,0,0,0,0,0,0,0,0,0,0,0,0,0,0,0,0,0,0,0,0,0,0,0,0,0,0,0,0,0,0,0,0,0,0,0,0	128,0,0,0,0,0,0,0,0,0,0,0,0,0,0,0,0,0,0,0,1,0,0,0,1,0,0,0,0,0,0,0,1,0,0,0,0,0,0,0	2	130	130	130	1	131	1612394	1604330	130,0,0,0,0,0,0,0,0,0,0,0,0,0,0,0,0,0,0,0,0,0,0,0,0,0,0,0,0,0,0,0,0,0,0,0,0,0,0,0	128,0,0,0,0,0,0,0,0,0,0,0,0,0,0,0,0,0,0,0,1,0,0,0,1,0,0,0,0,0,0,0,1,0,0,0,0,0,0,0
tb.dut.clusters[0].cluster.sockets[0].socket.dcache.caches[0].cache_wrap.genblk3.cache.banks[3].bank.cache_mshr	13	1277	5379	493	105	493	66	105	1612031	1604239	81,1,2,0,14,2,0,0,0,0,0,0,0,0,0,0,0,4,1,0,0,0,0,0,0,0,0,0,0,0,0,0,0,0,0,0,0,0,0,0	94,2,3,0,0,0,0,0,0,0,0,0,0,0,0,0,1,3,0,0,0,0,0,0,1,0,0,0,0,0,0,0,1,0,0,0,0,0,0,0	7	202	138	202	5	139	1612322	1604239	122,0,0,0,16,0,0,0,0,0,0,0,0,0,0,0,0,0,0,0,0,0,0,0,0,0,0,0,0,0,0,0,0,0,0,0,0,0,0,0	96,0,0,0,0,0,35,0,0,2,0,0,0,0,0,0,0,4,0,0,0,0,0,0,1,0,0,0,0,0,0,0,1,0,0,0,0,0,0,0
tb.dut.clusters[0].cluster.sockets[0].socket.dcache.caches[0].cache_wrap.genblk3.cache.banks[3].bank.cache_tags	13	432	1483	405	26	405	66	26	1612119	1604239	5,0,0,6,10,0,0,0,0,0,0,0,0,0,0,0,0,0,5,0,0,0,0,0,0,0,0,0,0,0,0,0,0,0,0,0,0,0,0,0	0,2,2,2,0,0,1,0,0,0,7,4,0,0,0,0,3,3,0,0,0,0,0,0,1,0,0,0,0,0,0,0,1,0,0,0,0,0,0,0	3	169	169	169	1	170	1612355	1604239	169,0,0,0,0,0,0,0,0,0,0,0,0,0,0,0,0,0,0,0,0,0,0,0,0,0,0,0,0,0,0,0,0,0,0,0,0,0,0,0	160,2,0,0,0,0,1,0,0,0,0,0,0,0,0,0,1,3,0,1,0,0,0,0,1,0,0,0,0,0,0,0,1,0,0,0,0,0,0,0
tb.dut.clusters[0].cluster.sockets[0].socket.dcache.caches[0].cache_wrap.genblk3.cache.banks[3].bank.cache_tags.genblk3[0]	14	44	42	14	14	14	1	15	1612510	1604239	14,0,0,0,0,0,0,0,0,0,0,0,0,0,0,0,0,0,0,0,0,0,0,0,0,0,0,0,0,0,0,0,0,0,0,0,0,0,0,0	0,2,0,0,0,0,1,0,0,0,0,0,0,0,0,0,1,8,0,1,0,0,0,0,1,0,0,0,0,0,0,0,1,0,0,0,0,0,0,0	2	10	10	10	1	11	1612514	1604490	10,0,0,0,0,0,0,0,0,0,0,0,0,0,0,0,0,0,0,0,0,0,0,0,0,0,0,0,0,0,0,0,0,0,0,0,0,0,0,0	0,0,0,0,0,0,0,0,0,0,0,0,0,0,0,0,1,8,0,0,0,0,0,0,1,0,0,0,0,0,0,0,1,0,0,0,0,0,0,0
tb.dut.clusters[0].cluster.sockets[0].socket.dcache.caches[0].cache_wrap.genblk3.cache.banks[3].bank.flush_unit	13	443	1434	392	41	392	67	42	1612132	1604258	17,15,4,0,0,0,0,0,0,0,0,0,0,0,0,0,0,0,5,0,0,0,0,0,0,0,0,0,0,0,0,0,0,0,0,0,0,0,0,0	5,2,16,1,0,0,0,0,0,10,0,0,0,0,0,0,3,3,0,0,0,0,0,0,1,0,0,0,0,0,0,0,1,0,0,0,0,0,0,0	3	185	164	185	3	165	1612339	1604488	148,11,5,0,0,0,0,0,0,0,0,0,0,0,0,0,0,0,0,0,0,0,0,0,0,0,0,0,0,0,0,0,0,0,0,0,0,0,0,0	154,4,0,0,1,0,0,0,0,0,0,0,0,0,0,0,1,3,0,0,0,0,0,0,1,0,0,0,0,0,0,0,1,0,0,0,0,0,0,0
tb.dut.clusters[0].cluster.sockets[0].socket.dcache.caches[0].cache_wrap.genblk3.cache.banks[3].bank.genblk7	13	64	1036	130	130	130	1	131	1612394	1604330	130,0,0,0,0,0,0,0,0,0,0,0,0,0,0,0,0,0,0,0,0,0,0,0,0,0,0,0,0,0,0,0,0,0,0,0,0,0,0,0	128,0,0,0,0,0,0,0,0,0,0,0,0,0,0,0,0,0,0,0,1,0,0,0,1,0,0,0,0,0,0,0,1,0,0,0,0,0,0,0	2	130	130	130	1	131	1612394	1604330	130,0,0,0,0,0,0,0,0,0,0,0,0,0,0,0,0,0,0,0,0,0,0,0,0,0,0,0,0,0,0,0,0,0,0,0,0,0,0,0	128,0,0,0,0,0,0,0,0,0,0,0,0,0,0,0,0,0,0,0,1,0,0,0,1,0,0,0,0,0,0,0,1,0,0,0,0,0,0,0
tb.dut.clusters[0].cluster.sockets[0].socket.dcache.caches[0].cache_wrap.genblk3.cache.banks[3].bank.mshr_pending_size	13	248	294	99	18	99	6	19	1612425	1604323	1,1,0,0,0,16,0,0,0,0,0,0,0,0,0,0,0,0,0,0,0,0,0,0,0,0,0,0,0,0,0,0,0,0,0,0,0,0,0,0	0,2,0,1,0,0,0,0,0,10,0,0,0,0,0,0,3,0,0,0,1,0,0,0,1,0,0,0,0,0,0,0,1,0,0,0,0,0,0,0	2	97	17	97	6	18	1612427	1604342	1,0,0,0,0,16,0,0,0,0,0,0,0,0,0,0,0,0,0,0,0,0,0,0,0,0,0,0,0,0,0,0,0,0,0,0,0,0,0,0	0,2,0,0,1,0,0,0,0,10,0,0,0,0,0,0,2,0,0,0,1,0,0,0,1,0,0,0,0,0,0,0,1,0,0,0,0,0,0,0
tb.dut.clusters[0].cluster.sockets[0].socket.dcache.caches[0].cache_wrap.genblk3.cache.banks[3].bank.mshr_pending_size.genblk3	14	8	64	64	32	64	2	33	1612460	1604348	0,32,0,0,0,0,0,0,0,0,0,0,0,0,0,0,0,0,0,0,0,0,0,0,0,0,0,0,0,0,0,0,0,0,0,0,0,0,0,0	0,18,0,0,0,0,0,0,0,10,0,0,0,0,0,0,2,0,0,0,1,0,0,0,1,0,0,0,0,0,0,0,1,0,0,0,0,0,0,0	2	0	0	0	0	1	1612524	1612524	0,0,0,0,0,0,0,0,0,0,0,0,0,0,0,0,0,0,0,0,0,0,0,0,0,0,0,0,0,0,0,0,0,0,0,0,0,0,0,0	0,0,0,0,0,0,0,0,0,0,0,0,0,0,0,0,0,0,0,0,0,0,0,0,0,0,0,0,0,0,0,0,1,0,0,0,0,0,0,0
tb.dut.clusters[0].cluster.sockets[0].socket.dcache.caches[0].cache_wrap.genblk3.cache.core_bus2_if[0]	11	474	3379	295	30	295	249	31	1612229	1604239	19,9,0,0,0,0,0,0,1,0,0,0,0,0,0,0,0,0,0,1,0,0,0,0,0,0,0,0,0,0,0,0,0,0,0,0,0,0,0,0	0,12,4,1,3,0,0,0,0,0,0,0,0,0,0,0,4,4,1,0,0,0,0,0,1,0,0,0,0,0,0,0,1,0,0,0,0,0,0,0	3	138	134	138	2	135	1612386	1604328	130,4,0,0,0,0,0,0,0,0,0,0,0,0,0,0,0,0,0,0,0,0,0,0,0,0,0,0,0,0,0,0,0,0,0,0,0,0,0,0	128,0,0,0,1,0,0,0,0,0,0,0,0,0,0,0,0,0,4,0,0,0,0,0,1,0,0,0,0,0,0,0,1,0,0,0,0,0,0,0
tb.dut.clusters[0].cluster.sockets[0].socket.dcache.caches[0].cache_wrap.genblk3.cache.core_bus_if[0]	11	474	3379	287	22	287	249	23	1612237	1604239	11,9,0,0,0,0,0,0,1,0,0,0,0,0,0,0,0,0,0,1,0,0,0,0,0,0,0,0,0,0,0,0,0,0,0,0,0,0,0,0	0,8,0,1,3,0,0,0,0,0,0,0,0,0,0,0,4,0,5,0,0,0,0,0,1,0,0,0,0,0,0,0,1,0,0,0,0,0,0,0	3	140	136	140	2	137	1612384	1604328	132,4,0,0,0,0,0,0,0,0,0,0,0,0,0,0,0,0,0,0,0,0,0,0,0,0,0,0,0,0,0,0,0,0,0,0,0,0,0,0	128,0,0,0,3,0,0,0,0,0,0,0,0,0,0,0,0,0,4,0,0,0,0,0,1,0,0,0,0,0,0,0,1,0,0,0,0,0,0,0
tb.dut.clusters[0].cluster.sockets[0].socket.dcache.caches[0].cache_wrap.genblk3.cache.flush_unit	11	1238	6946	313	27	313	252	28	1612211	1604239	10,8,5,2,0,0,0,0,0,0,0,1,0,0,0,0,0,0,0,1,0,0,0,0,0,0,0,0,0,0,0,0,0,0,0,0,0,0,0,0	4,8,1,0,3,0,0,0,0,0,0,0,0,0,0,0,5,5,0,0,0,0,0,0,1,0,0,0,0,0,0,0,1,0,0,0,0,0,0,0	7	148	140	148	2	141	1612376	1604328	132,8,0,0,0,0,0,0,0,0,0,0,0,0,0,0,0,0,0,0,0,0,0,0,0,0,0,0,0,0,0,0,0,0,0,0,0,0,0,0	128,0,0,0,3,0,0,0,0,0,0,0,0,0,0,0,4,0,4,0,0,0,0,0,1,0,0,0,0,0,0,0,1,0,0,0,0,0,0,0
tb.dut.clusters[0].cluster.sockets[0].socket.dcache.caches[0].cache_wrap.genblk3.cache.flush_unit.core_bus_in_if[0]	12	474	3379	287	22	287	249	23	1612237	1604239	11,9,0,0,0,0,0,0,1,0,0,0,0,0,0,0,0,0,0,1,0,0,0,0,0,0,0,0,0,0,0,0,0,0,0,0,0,0,0,0	0,8,0,1,3,0,0,0,0,0,0,0,0,0,0,0,4,0,5,0,0,0,0,0,1,0,0,0,0,0,0,0,1,0,0,0,0,0,0,0	3	140	136	140	2	137	1612384	1604328	132,4,0,0,0,0,0,0,0,0,0,0,0,0,0,0,0,0,0,0,0,0,0,0,0,0,0,0,0,0,0,0,0,0,0,0,0,0,0,0	128,0,0,0,3,0,0,0,0,0,0,0,0,0,0,0,0,0,4,0,0,0,0,0,1,0,0,0,0,0,0,0,1,0,0,0,0,0,0,0
tb.dut.clusters[0].cluster.sockets[0].socket.dcache.caches[0].cache_wrap.genblk3.cache.flush_unit.core_bus_out_if[0]	12	474	3379	295	30	295	249	31	1612229	1604239	19,9,0,0,0,0,0,0,1,0,0,0,0,0,0,0,0,0,0,1,0,0,0,0,0,0,0,0,0,0,0,0,0,0,0,0,0,0,0,0	0,12,4,1,3,0,0,0,0,0,0,0,0,0,0,0,4,4,1,0,0,0,0,0,1,0,0,0,0,0,0,0,1,0,0,0,0,0,0,0	3	138	134	138	2	135	1612386	1604328	130,4,0,0,0,0,0,0,0,0,0,0,0,0,0,0,0,0,0,0,0,0,0,0,0,0,0,0,0,0,0,0,0,0,0,0,0,0,0,0	128,0,0,0,1,0,0,0,0,0,0,0,0,0,0,0,0,0,4,0,0,0,0,0,1,0,0,0,0,0,0,0,1,0,0,0,0,0,0,0
tb.dut.clusters[0].cluster.sockets[0].socket.dcache.caches[0].cache_wrap.genblk3.cache.flush_unit.genblk3[0]	12	1	8	8	8	8	1	9	1612516	1604576	8,0,0,0,0,0,0,0,0,0,0,0,0,0,0,0,0,0,0,0,0,0,0,0,0,0,0,0,0,0,0,0,0,0,0,0,0,0,0,0	0,0,0,0,0,0,0,0,0,0,0,0,0,0,0,0,0,3,4,0,0,0,0,0,1,0,0,0,0,0,0,0,1,0,0,0,0,0,0,0	2	0	0	0	0	1	1612524	1612524	0,0,0,0,0,0,0,0,0,0,0,0,0,0,0,0,0,0,0,0,0,0,0,0,0,0,0,0,0,0,0,0,0,0,0,0,0,0,0,0	0,0,0,0,0,0,0,0,0,0,0,0,0,0,0,0,0,0,0,0,0,0,0,0,0,0,0,0,0,0,0,0,1,0,0,0,0,0,0,0
tb.dut.clusters[0].cluster.sockets[0].socket.dcache.caches[0].cache_wrap.genblk3.cache.genblk16	11	2	276	203	22	203	20	22	1612321	1604325	1,5,0,3,0,0,0,0,0,0,0,10,0,0,0,0,3,0,0,0,0,0,0,0,0,0,0,0,0,0,0,0,0,0,0,0,0,0,0,0	0,0,1,14,0,0,0,0,0,0,0,0,0,0,0,0,0,1,4,0,0,0,0,0,1,0,0,0,0,0,0,0,1,0,0,0,0,0,0,0	2	73	21	73	4	22	1612451	1604325	1,4,0,16,0,0,0,0,0,0,0,0,0,0,0,0,0,0,0,0,0,0,0,0,0,0,0,0,0,0,0,0,0,0,0,0,0,0,0,0	0,0,0,3,1,0,0,0,0,0,0,10,0,0,0,0,2,0,4,0,0,0,0,0,1,0,0,0,0,0,0,0,1,0,0,0,0,0,0,0
tb.dut.clusters[0].cluster.sockets[0].socket.dcache.caches[0].cache_wrap.genblk3.cache.mem_bus_if	11	1294	36946	281	17	281	248	17	1612243	1604243	6,8,1,0,0,0,0,1,0,0,0,0,0,0,0,0,0,0,0,1,0,0,0,0,0,0,0,0,0,0,0,0,0,0,0,0,0,0,0,0	4,0,1,0,0,0,0,0,0,0,0,0,1,0,0,0,4,0,5,0,0,0,0,0,1,0,0,0,0,0,0,0,1,0,0,0,0,0,0,0	7	267	8	267	248	9	1612257	1604332	1,5,0,0,0,0,0,1,0,0,0,0,0,0,0,0,0,0,0,1,0,0,0,0,0,0,0,0,0,0,0,0,0,0,0,0,0,0,0,0	0,0,0,0,0,0,0,0,0,0,0,0,0,0,0,0,2,1,4,0,0,0,0,0,1,0,0,0,0,0,0,0,1,0,0,0,0,0,0,0
tb.dut.clusters[0].cluster.sockets[0].socket.dcache.caches[0].cache_wrap.mem_bus_cache_if	9	1294	36946	281	17	281	248	17	1612243	1604243	6,8,1,0,0,0,0,1,0,0,0,0,0,0,0,0,0,0,0,1,0,0,0,0,0,0,0,0,0,0,0,0,0,0,0,0,0,0,0,0	4,0,1,0,0,0,0,0,0,0,0,0,1,0,0,0,4,0,5,0,0,0,0,0,1,0,0,0,0,0,0,0,1,0,0,0,0,0,0,0	7	267	8	267	248	9	1612257	1604332	1,5,0,0,0,0,0,1,0,0,0,0,0,0,0,0,0,0,0,1,0,0,0,0,0,0,0,0,0,0,0,0,0,0,0,0,0,0,0,0	0,0,0,0,0,0,0,0,0,0,0,0,0,0,0,0,2,1,4,0,0,0,0,0,1,0,0,0,0,0,0,0,1,0,0,0,0,0,0,0
tb.dut.clusters[0].cluster.sockets[0].socket.dcache.caches[0].cache_wrap.mem_bus_if	9	1296	22011	278	16	278	248	17	1612246	1604244	6,8,0,0,0,0,0,1,0,0,0,0,0,0,0,0,0,0,0,1,0,0,0,0,0,0,0,0,0,0,0,0,0,0,0,0,0,0,0,0	4,0,0,0,1,0,0,0,0,0,0,0,0,1,0,0,4,0,5,0,0,0,0,0,1,0,0,0,0,0,0,0,1,0,0,0,0,0,0,0	7	264	7	264	248	8	1612260	1604333	2,3,0,0,0,0,0,1,0,0,0,0,0,0,0,0,0,0,0,1,0,0,0,0,0,0,0,0,0,0,0,0,0,0,0,0,0,0,0,0	0,0,0,0,0,0,0,0,0,0,0,0,0,0,0,0,2,0,4,0,0,0,0,0,1,0,0,0,0,0,0,0,1,0,0,0,0,0,0,0
tb.dut.clusters[0].cluster.sockets[0].socket.dcache.core_bus_if[0]	7	474	3046	286	22	286	249	23	1612238	1604239	12,8,0,0,0,0,0,0,1,0,0,0,0,0,0,0,0,0,0,1,0,0,0,0,0,0,0,0,0,0,0,0,0,0,0,0,0,0,0,0	0,4,4,3,1,0,0,0,0,0,0,0,0,0,0,0,4,0,5,0,0,0,0,0,1,0,0,0,0,0,0,0,1,0,0,0,0,0,0,0	3	138	136	138	2	137	1612386	1604328	134,2,0,0,0,0,0,0,0,0,0,0,0,0,0,0,0,0,0,0,0,0,0,0,0,0,0,0,0,0,0,0,0,0,0,0,0,0,0,0	128,0,0,3,0,0,0,0,0,0,0,0,0,0,0,0,0,0,4,0,0,0,0,0,1,0,0,0,0,0,0,0,1,0,0,0,0,0,0,0
tb.dut.clusters[0].cluster.sockets[0].socket.dcache.genblk2[0]	7	2945	18281	288	24	288	249	25	1612236	1604239	14,8,0,0,0,0,0,0,1,0,0,0,0,0,0,0,0,0,0,1,0,0,0,0,0,0,0,0,0,0,0,0,0,0,0,0,0,0,0,0	1,4,5,3,0,0,0,0,0,0,0,0,0,0,1,0,4,0,5,0,0,0,0,0,1,0,0,0,0,0,0,0,1,0,0,0,0,0,0,0	15	138	136	138	2	137	1612386	1604328	134,2,0,0,0,0,0,0,0,0,0,0,0,0,0,0,0,0,0,0,0,0,0,0,0,0,0,0,0,0,0,0,0,0,0,0,0,0,0,0	128,0,0,3,0,0,0,0,0,0,0,0,0,0,0,0,0,0,4,0,0,0,0,0,1,0,0,0,0,0,0,0,1,0,0,0,0,0,0,0
tb.dut.clusters[0].cluster.sockets[0].socket.dcache.genblk2[0].arb_core_bus_tmp_if[0]	8	474	3046	286	22	286	249	23	1612238	1604239	12,8,0,0,0,0,0,0,1,0,0,0,0,0,0,0,0,0,0,1,0,0,0,0,0,0,0,0,0,0,0,0,0,0,0,0,0,0,0,0	0,4,4,3,1,0,0,0,0,0,0,0,0,0,0,0,4,0,5,0,0,0,0,0,1,0,0,0,0,0,0,0,1,0,0,0,0,0,0,0	3	138	136	138	2	137	1612386	1604328	134,2,0,0,0,0,0,0,0,0,0,0,0,0,0,0,0,0,0,0,0,0,0,0,0,0,0,0,0,0,0,0,0,0,0,0,0,0,0,0	128,0,0,3,0,0,0,0,0,0,0,0,0,0,0,0,0,0,4,0,0,0,0,0,1,0,0,0,0,0,0,0,1,0,0,0,0,0,0,0
tb.dut.clusters[0].cluster.sockets[0].socket.dcache.genblk2[0].cache_arb	8	1997	12189	288	24	288	249	25	1612236	1604239	14,8,0,0,0,0,0,0,1,0,0,0,0,0,0,0,0,0,0,1,0,0,0,0,0,0,0,0,0,0,0,0,0,0,0,0,0,0,0,0	1,4,5,3,0,0,0,0,0,0,0,0,0,0,1,0,4,0,5,0,0,0,0,0,1,0,0,0,0,0,0,0,1,0,0,0,0,0,0,0	10	138	136	138	2	137	1612386	1604328	134,2,0,0,0,0,0,0,0,0,0,0,0,0,0,0,0,0,0,0,0,0,0,0,0,0,0,0,0,0,0,0,0,0,0,0,0,0,0,0	128,0,0,3,0,0,0,0,0,0,0,0,0,0,0,0,0,0,4,0,0,0,0,0,1,0,0,0,0,0,0,0,1,0,0,0,0,0,0,0
tb.dut.clusters[0].cluster.sockets[0].socket.dcache.genblk2[0].cache_arb.bus_in_if[0]	9	474	3046	286	22	286	249	23	1612238	1604239	12,8,0,0,0,0,0,0,1,0,0,0,0,0,0,0,0,0,0,1,0,0,0,0,0,0,0,0,0,0,0,0,0,0,0,0,0,0,0,0	0,4,4,3,1,0,0,0,0,0,0,0,0,0,0,0,4,0,5,0,0,0,0,0,1,0,0,0,0,0,0,0,1,0,0,0,0,0,0,0	3	138	136	138	2	137	1612386	1604328	134,2,0,0,0,0,0,0,0,0,0,0,0,0,0,0,0,0,0,0,0,0,0,0,0,0,0,0,0,0,0,0,0,0,0,0,0,0,0,0	128,0,0,3,0,0,0,0,0,0,0,0,0,0,0,0,0,0,4,0,0,0,0,0,1,0,0,0,0,0,0,0,1,0,0,0,0,0,0,0
tb.dut.clusters[0].cluster.sockets[0].socket.dcache.genblk2[0].cache_arb.bus_out_if[0]	9	474	3046	286	22	286	249	23	1612238	1604239	12,8,0,0,0,0,0,0,1,0,0,0,0,0,0,0,0,0,0,1,0,0,0,0,0,0,0,0,0,0,0,0,0,0,0,0,0,0,0,0	0,4,4,3,1,0,0,0,0,0,0,0,0,0,0,0,4,0,5,0,0,0,0,0,1,0,0,0,0,0,0,0,1,0,0,0,0,0,0,0	3	138	136	138	2	137	1612386	1604328	134,2,0,0,0,0,0,0,0,0,0,0,0,0,0,0,0,0,0,0,0,0,0,0,0,0,0,0,0,0,0,0,0,0,0,0,0,0,0,0	128,0,0,3,0,0,0,0,0,0,0,0,0,0,0,0,0,0,4,0,0,0,0,0,1,0,0,0,0,0,0,0,1,0,0,0,0,0,0,0
tb.dut.clusters[0].cluster.sockets[0].socket.dcache.genblk2[0].cache_arb.genblk3[0]	9	3	3	3	3	3	1	4	1612521	1604687	3,0,0,0,0,0,0,0,0,0,0,0,0,0,0,0,0,0,0,0,0,0,0,0,0,0,0,0,0,0,0,0,0,0,0,0,0,0,0,0	0,0,0,0,0,0,0,0,0,0,0,0,0,0,0,0,0,0,2,0,0,0,0,0,1,0,0,0,0,0,0,0,1,0,0,0,0,0,0,0	2	0	0	0	0	1	1612524	1612524	0,0,0,0,0,0,0,0,0,0,0,0,0,0,0,0,0,0,0,0,0,0,0,0,0,0,0,0,0,0,0,0,0,0,0,0,0,0,0,0	0,0,0,0,0,0,0,0,0,0,0,0,0,0,0,0,0,0,0,0,0,0,0,0,0,0,0,0,0,0,0,0,1,0,0,0,0,0,0,0
tb.dut.clusters[0].cluster.sockets[0].socket.dcache.genblk2[0].core_bus_tmp_if[0]	8	474	3046	286	22	286	249	23	1612238	1604239	12,8,0,0,0,0,0,0,1,0,0,0,0,0,0,0,0,0,0,1,0,0,0,0,0,0,0,0,0,0,0,0,0,0,0,0,0,0,0,0	0,4,4,3,1,0,0,0,0,0,0,0,0,0,0,0,4,0,5,0,0,0,0,0,1,0,0,0,0,0,0,0,1,0,0,0,0,0,0,0	3	138	136	138	2	137	1612386	1604328	134,2,0,0,0,0,0,0,0,0,0,0,0,0,0,0,0,0,0,0,0,0,0,0,0,0,0,0,0,0,0,0,0,0,0,0,0,0,0,0	128,0,0,3,0,0,0,0,0,0,0,0,0,0,0,0,0,0,4,0,0,0,0,0,1,0,0,0,0,0,0,0,1,0,0,0,0,0,0,0
tb.dut.clusters[0].cluster.sockets[0].socket.dcache.mem_arb	7	5289	88320	280	18	280	248	19	1612244	1604244	8,8,0,0,0,0,0,1,0,0,0,0,0,0,0,0,0,0,0,1,0,0,0,0,0,0,0,0,0,0,0,0,0,0,0,0,0,0,0,0	5,0,1,0,0,0,0,0,0,0,0,0,0,1,1,0,4,0,5,0,0,0,0,0,1,0,0,0,0,0,0,0,1,0,0,0,0,0,0,0	27	264	7	264	248	8	1612260	1604333	2,3,0,0,0,0,0,1,0,0,0,0,0,0,0,0,0,0,0,1,0,0,0,0,0,0,0,0,0,0,0,0,0,0,0,0,0,0,0,0	0,0,0,0,0,0,0,0,0,0,0,0,0,0,0,0,2,0,4,0,0,0,0,0,1,0,0,0,0,0,0,0,1,0,0,0,0,0,0,0
tb.dut.clusters[0].cluster.sockets[0].socket.dcache.mem_arb.bus_in_if[0]	8	1296	22011	278	16	278	248	17	1612246	1604244	6,8,0,0,0,0,0,1,0,0,0,0,0,0,0,0,0,0,0,1,0,0,0,0,0,0,0,0,0,0,0,0,0,0,0,0,0,0,0,0	4,0,0,0,1,0,0,0,0,0,0,0,0,1,0,0,4,0,5,0,0,0,0,0,1,0,0,0,0,0,0,0,1,0,0,0,0,0,0,0	7	264	7	264	248	8	1612260	1604333	2,3,0,0,0,0,0,1,0,0,0,0,0,0,0,0,0,0,0,1,0,0,0,0,0,0,0,0,0,0,0,0,0,0,0,0,0,0,0,0	0,0,0,0,0,0,0,0,0,0,0,0,0,0,0,0,2,0,4,0,0,0,0,0,1,0,0,0,0,0,0,0,1,0,0,0,0,0,0,0
tb.dut.clusters[0].cluster.sockets[0].socket.dcache.mem_arb.bus_out_if[0]	8	1296	22011	278	16	278	248	17	1612246	1604244	6,8,0,0,0,0,0,1,0,0,0,0,0,0,0,0,0,0,0,1,0,0,0,0,0,0,0,0,0,0,0,0,0,0,0,0,0,0,0,0	4,0,0,0,1,0,0,0,0,0,0,0,0,1,0,0,4,0,5,0,0,0,0,0,1,0,0,0,0,0,0,0,1,0,0,0,0,0,0,0	7	264	7	264	248	8	1612260	1604333	2,3,0,0,0,0,0,1,0,0,0,0,0,0,0,0,0,0,0,1,0,0,0,0,0,0,0,0,0,0,0,0,0,0,0,0,0,0,0,0	0,0,0,0,0,0,0,0,0,0,0,0,0,0,0,0,2,0,4,0,0,0,0,0,1,0,0,0,0,0,0,0,1,0,0,0,0,0,0,0
tb.dut.clusters[0].cluster.sockets[0].socket.dcache.mem_arb.genblk3[0]	8	7	274	194	66	194	3	67	1612330	1604337	1,2,63,0,0,0,0,0,0,0,0,0,0,0,0,0,0,0,0,0,0,0,0,0,0,0,0,0,0,0,0,0,0,0,0,0,0,0,0,0	61,0,0,0,0,0,0,0,0,0,0,0,0,0,0,0,0,0,3,1,0,0,0,0,1,0,0,0,0,0,0,0,1,0,0,0,0,0,0,0	2	80	28	80	3	29	1612444	1604349	1,2,25,0,0,0,0,0,0,0,0,0,0,0,0,0,0,0,0,0,0,0,0,0,0,0,0,0,0,0,0,0,0,0,0,0,0,0,0,0	0,0,0,0,20,0,0,0,0,0,0,0,4,0,0,0,0,0,2,1,0,0,0,0,1,0,0,0,0,0,0,0,1,0,0,0,0,0,0,0
tb.dut.clusters[0].cluster.sockets[0].socket.dcache.mem_bus_if	7	1296	22011	278	16	278	248	17	1612246	1604244	6,8,0,0,0,0,0,1,0,0,0,0,0,0,0,0,0,0,0,1,0,0,0,0,0,0,0,0,0,0,0,0,0,0,0,0,0,0,0,0	4,0,0,0,1,0,0,0,0,0,0,0,0,1,0,0,4,0,5,0,0,0,0,0,1,0,0,0,0,0,0,0,1,0,0,0,0,0,0,0	7	264	7	264	248	8	1612260	1604333	2,3,0,0,0,0,0,1,0,0,0,0,0,0,0,0,0,0,0,1,0,0,0,0,0,0,0,0,0,0,0,0,0,0,0,0,0,0,0,0	0,0,0,0,0,0,0,0,0,0,0,0,0,0,0,0,2,0,4,0,0,0,0,0,1,0,0,0,0,0,0,0,1,0,0,0,0,0,0,0
tb.dut.clusters[0].cluster.sockets[0].socket.dcache.mem_bus_tmp_if[0]	7	1296	22011	278	16	278	248	17	1612246	1604244	6,8,0,0,0,0,0,1,0,0,0,0,0,0,0,0,0,0,0,1,0,0,0,0,0,0,0,0,0,0,0,0,0,0,0,0,0,0,0,0	4,0,0,0,1,0,0,0,0,0,0,0,0,1,0,0,4,0,5,0,0,0,0,0,1,0,0,0,0,0,0,0,1,0,0,0,0,0,0,0	7	264	7	264	248	8	1612260	1604333	2,3,0,0,0,0,0,1,0,0,0,0,0,0,0,0,0,0,0,1,0,0,0,0,0,0,0,0,0,0,0,0,0,0,0,0,0,0,0,0	0,0,0,0,0,0,0,0,0,0,0,0,0,0,0,0,2,0,4,0,0,0,0,0,1,0,0,0,0,0,0,0,1,0,0,0,0,0,0,0
tb.dut.clusters[0].cluster.sockets[0].socket.dcache_mem_bus_if	6	1296	22011	278	16	278	248	17	1612246	1604244	6,8,0,0,0,0,0,1,0,0,0,0,0,0,0,0,0,0,0,1,0,0,0,0,0,0,0,0,0,0,0,0,0,0,0,0,0,0,0,0	4,0,0,0,1,0,0,0,0,0,0,0,0,1,0,0,4,0,5,0,0,0,0,0,1,0,0,0,0,0,0,0,1,0,0,0,0,0,0,0	7	264	7	264	248	8	1612260	1604333	2,3,0,0,0,0,0,1,0,0,0,0,0,0,0,0,0,0,0,1,0,0,0,0,0,0,0,0,0,0,0,0,0,0,0,0,0,0,0,0	0,0,0,0,0,0,0,0,0,0,0,0,0,0,0,0,2,0,4,0,0,0,0,0,1,0,0,0,0,0,0,0,1,0,0,0,0,0,0,0
tb.dut.clusters[0].cluster.sockets[0].socket.dcr_bus_if	6	45	25	10	1	10	10	2	1612514	1612505	0,0,0,0,0,0,0,0,0,1,0,0,0,0,0,0,0,0,0,0,0,0,0,0,0,0,0,0,0,0,0,0,0,0,0,0,0,0,0,0	0,0,0,0,0,0,0,0,1,0,0,0,0,0,0,0,0,0,0,0,0,0,0,0,0,0,0,0,0,0,0,0,1,0,0,0,0,0,0,0	2	7	3	7	4	4	1612517	1612506	1,1,0,1,0,0,0,0,0,0,0,0,0,0,0,0,0,0,0,0,0,0,0,0,0,0,0,0,0,0,0,0,0,0,0,0,0,0,0,0	2,0,0,0,0,0,0,0,1,0,0,0,0,0,0,0,0,0,0,0,0,0,0,0,0,0,0,0,0,0,0,0,1,0,0,0,0,0,0,0
tb.dut.clusters[0].cluster.sockets[0].socket.icache	6	34821	168087210	1209705	117258	1209705	264	117258	402819	147	2048,2053,0,10236,4357,0,6143,22551,20470,36849,2048,0,0,256,0,6141,2049,6,2050,0,1,0,0,0,0,0,0,0,0,0,0,0,0,0,0,0,0,0,0,0	18690,51182,30706,6168,6144,1,2047,4,5,0,254,1,0,0,1,0,6,2048,0,1,0,0,0,0,0,0,0,0,0,0,0,0,0,0,0,0,0,0,0,0	175	377138	300276	377138	73	300277	1235386	281	237835,50153,10234,2046,4,3,0,0,0,0,0,0,0,0,0,0,0,0,1,0,0,0,0,0,0,0,0,0,0,0,0,0,0,0,0,0,0,0,0,0	102883,39164,38901,12282,24844,30724,10237,4097,32753,2049,8,0,257,3,2,10,12,1,2048,1,1,0,0,0,0,0,0,0,0,0,0,0,0,0,0,0,0,0,0,0
tb.dut.clusters[0].cluster.sockets[0].socket.icache.arb_core_bus_if[0]	7	272	5342126	1203239	121366	1203239	91	121366	409285	255	2060,8202,4,10236,2303,0,8190,22552,20471,36846,0,0,0,256,0,6141,2052,3,2050,0,0,0,0,0,0,0,0,0,0,0,0,0,0,0,0,0,0,0,0,0	20740,53227,30707,6177,6145,2,2047,3,0,0,260,1,0,0,0,0,7,2048,0,2,0,0,0,0,0,0,0,0,0,0,0,0,0,0,0,0,0,0,0,0	2	929534	269598	929534	81	269598	682990	275	147690,12883,259,14330,45033,20727,24567,2,0,1,2,0,2047,0,0,0,4,5,2048,0,0,0,0,0,0,0,0,0,0,0,0,0,0,0,0,0,0,0,0,0	152345,16382,53480,30708,8217,6145,1,0,3,0,254,1,0,0,0,0,12,1,2047,1,1,0,0,0,0,0,0,0,0,0,0,0,0,0,0,0,0,0,0,0
tb.dut.clusters[0].cluster.sockets[0].socket.icache.cache_mem_bus_if[0]	7	1290	346284	344051	264191	344051	3	264192	1268473	8171	198660,51202,14329,0,0,0,0,0,0,0,0,0,0,0,0,0,0,0,0,0,0,0,0,0,0,0,0,0,0,0,0,0,0,0,0,0,0,0,0,0	51194,12287,45038,83934,61477,6144,1,0,3,1,2048,0,0,0,0,0,11,2,1,2049,1,0,0,0,1,0,0,0,0,0,0,0,0,0,0,0,0,0,0,0	7	13	7	13	2	8	1612511	1603013	1,6,0,0,0,0,0,0,0,0,0,0,0,0,0,0,0,0,0,0,0,0,0,0,0,0,0,0,0,0,0,0,0,0,0,0,0,0,0,0	0,0,0,0,0,0,0,0,0,0,0,0,0,0,0,0,0,0,0,4,2,0,0,0,1,0,0,0,0,0,0,0,1,0,0,0,0,0,0,0
tb.dut.clusters[0].cluster.sockets[0].socket.icache.caches[0]	7	22641	122111769	1209704	117258	1209704	263	117258	402820	147	2048,2053,0,10236,4357,0,6143,22551,20470,36849,2048,0,0,256,0,6141,2049,6,2050,0,1,0,0,0,0,0,0,0,0,0,0,0,0,0,0,0,0,0,0,0	18690,51182,30706,6168,6144,1,2047,3,6,0,254,1,0,0,1,0,6,2048,0,1,0,0,0,0,0,0,0,0,0,0,0,0,0,0,0,0,0,0,0,0	114	473645	333072	473645	73	333073	1138879	281	229691,82649,8443,8189,4096,3,0,0,0,0,0,0,0,0,0,0,0,0,1,0,0,0,0,0,0,0,0,0,0,0,0,0,0,0,0,0,0,0,0,0	170717,34819,10264,14342,24821,30724,30708,2050,12285,4,20,0,254,2,2,0,10,1,2048,1,1,0,0,0,0,0,0,0,0,0,0,0,0,0,0,0,0,0,0,0
tb.dut.clusters[0].cluster.sockets[0].socket.icache.caches[0].cache_wrap	8	22640	122111767	1209704	117258	1209704	263	117258	402820	147	2048,2053,0,10236,4357,0,6143,22551,20470,36849,2048,0,0,256,0,6141,2049,6,2050,0,1,0,0,0,0,0,0,0,0,0,0,0,0,0,0,0,0,0,0,0	18690,51182,30706,6168,6144,1,2047,3,6,0,254,1,0,0,1,0,6,2048,0,1,0,0,0,0,0,0,0,0,0,0,0,0,0,0,0,0,0,0,0,0	114	473645	333072	473645	73	333073	1138879	281	229691,82649,8443,8189,4096,3,0,0,0,0,0,0,0,0,0,0,0,0,1,0,0,0,0,0,0,0,0,0,0,0,0,0,0,0,0,0,0,0,0,0	170717,34819,10264,14342,24821,30724,30708,2050,12285,4,20,0,254,2,2,0,10,1,2048,1,1,0,0,0,0,0,0,0,0,0,0,0,0,0,0,0,0,0,0,0
tb.dut.clusters[0].cluster.sockets[0].socket.icache.caches[0].cache_wrap.core_bus_cache_if[0]	9	272	5342126	1203239	121366	1203239	91	121366	409285	255	2060,8202,4,10236,2303,0,8190,22552,20471,36846,0,0,0,256,0,6141,2052,3,2050,0,0,0,0,0,0,0,0,0,0,0,0,0,0,0,0,0,0,0,0,0	20740,53227,30707,6177,6145,2,2047,3,0,0,260,1,0,0,0,0,7,2048,0,2,0,0,0,0,0,0,0,0,0,0,0,0,0,0,0,0,0,0,0,0	2	929534	269598	929534	81	269598	682990	275	147690,12883,259,14330,45033,20727,24567,2,0,1,2,0,2047,0,0,0,4,5,2048,0,0,0,0,0,0,0,0,0,0,0,0,0,0,0,0,0,0,0,0,0	152345,16382,53480,30708,8217,6145,1,0,3,0,254,1,0,0,0,0,12,1,2047,1,1,0,0,0,0,0,0,0,0,0,0,0,0,0,0,0,0,0,0,0
tb.dut.clusters[0].cluster.sockets[0].socket.icache.caches[0].cache_wrap.core_bus_if[0]	9	272	5342126	1203239	121366	1203239	91	121366	409285	255	2060,8202,4,10236,2303,0,8190,22552,20471,36846,0,0,0,256,0,6141,2052,3,2050,0,0,0,0,0,0,0,0,0,0,0,0,0,0,0,0,0,0,0,0,0	20740,53227,30707,6177,6145,2,2047,3,0,0,260,1,0,0,0,0,7,2048,0,2,0,0,0,0,0,0,0,0,0,0,0,0,0,0,0,0,0,0,0,0	2	929534	269598	929534	81	269598	682990	275	147690,12883,259,14330,45033,20727,24567,2,0,1,2,0,2047,0,0,0,4,5,2048,0,0,0,0,0,0,0,0,0,0,0,0,0,0,0,0,0,0,0,0,0	152345,16382,53480,30708,8217,6145,1,0,3,0,254,1,0,0,0,0,12,1,2047,1,1,0,0,0,0,0,0,0,0,0,0,0,0,0,0,0,0,0,0,0
tb.dut.clusters[0].cluster.sockets[0].socket.icache.caches[0].cache_wrap.genblk3	9	18809	110734945	1209703	117258	1209703	262	117258	402821	147	2048,2053,0,10236,4357,0,6143,22551,20470,36849,2048,0,0,256,0,6141,2049,6,2050,0,1,0,0,0,0,0,0,0,0,0,0,0,0,0,0,0,0,0,0,0	18690,51182,30706,6168,6144,1,2047,3,5,1,254,1,0,0,1,0,6,2048,0,1,0,0,0,0,0,0,0,0,0,0,0,0,0,0,0,0,0,0,0,0	95	520770	333113	520770	73	333114	1091754	281	211304,82654,18680,14328,6143,3,0,0,0,0,0,0,0,0,0,0,0,0,1,0,0,0,0,0,0,0,0,0,0,0,0,0,0,0,0,0,0,0,0,0	183033,26642,20507,2051,24827,28672,30710,2052,12288,3,12,0,253,2,2,0,10,0,2048,1,1,0,0,0,0,0,0,0,0,0,0,0,0,0,0,0,0,0,0,0
tb.dut.clusters[0].cluster.sockets[0].socket.icache.caches[0].cache_wrap.genblk3.cache	10	18808	110734943	1209703	117258	1209703	262	117258	402821	147	2048,2053,0,10236,4357,0,6143,22551,20470,36849,2048,0,0,256,0,6141,2049,6,2050,0,1,0,0,0,0,0,0,0,0,0,0,0,0,0,0,0,0,0,0,0	18690,51182,30706,6168,6144,1,2047,3,5,1,254,1,0,0,1,0,6,2048,0,1,0,0,0,0,0,0,0,0,0,0,0,0,0,0,0,0,0,0,0,0	95	520770	333113	520770	73	333114	1091754	281	211304,82654,18680,14328,6143,3,0,0,0,0,0,0,0,0,0,0,0,0,1,0,0,0,0,0,0,0,0,0,0,0,0,0,0,0,0,0,0,0,0,0	183033,26642,20507,2051,24827,28672,30710,2052,12288,3,12,0,253,2,2,0,10,0,2048,1,1,0,0,0,0,0,0,0,0,0,0,0,0,0,0,0,0,0,0,0
tb.dut.clusters[0].cluster.sockets[0].socket.icache.caches[0].cache_wrap.genblk3.cache.banks[0]	11	11759	68950075	1209701	117259	1209701	261	117259	402823	147	2048,2053,1,10237,4357,0,6143,22550,20470,36849,2048,0,0,256,0,6141,2049,6,2050,0,1,0,0,0,0,0,0,0,0,0,0,0,0,0,0,0,0,0,0,0	18691,51182,30706,6168,6144,1,2047,3,5,0,255,1,0,0,1,0,6,2048,0,1,0,0,0,0,0,0,0,0,0,0,0,0,0,0,0,0,0,0,0,0	59	507643	382397	507643	64	382398	1104881	180	298186,43260,40938,4,7,0,0,1,0,0,0,0,0,0,0,0,0,1,0,0,0,0,0,0,0,0,0,0,0,0,0,0,0,0,0,0,0,0,0,0	164269,55782,63458,45039,18722,24571,6147,6,4,8,23,4,2300,3,4,0,7,0,2049,2,0,0,0,0,0,0,0,0,0,0,0,0,0,0,0,0,0,0,0,0
tb.dut.clusters[0].cluster.sockets[0].socket.icache.caches[0].cache_wrap.genblk3.cache.banks[0].bank	12	11731	68950029	1209701	117259	1209701	261	117259	402823	147	2048,2053,1,10237,4357,0,6143,22550,20470,36849,2048,0,0,256,0,6141,2049,6,2050,0,1,0,0,0,0,0,0,0,0,0,0,0,0,0,0,0,0,0,0,0	18691,51182,30706,6168,6144,1,2047,3,5,0,255,1,0,0,1,0,6,2048,0,1,0,0,0,0,0,0,0,0,0,0,0,0,0,0,0,0,0,0,0,0	59	507642	382397	507642	64	382398	1104882	180	298186,43260,40939,3,7,0,0,1,0,0,0,0,0,0,0,0,0,1,0,0,0,0,0,0,0,0,0,0,0,0,0,0,0,0,0,0,0,0,0,0	164269,55782,63458,45039,18722,24571,6147,6,3,9,23,4,2300,3,4,0,7,0,2049,2,0,0,0,0,0,0,0,0,0,0,0,0,0,0,0,0,0,0,0,0
tb.dut.clusters[0].cluster.sockets[0].socket.icache.caches[0].cache_wrap.genblk3.cache.banks[0].bank.cache_data	13	3155	11302639	826006	335143	826006	258	335143	786518	180	199412,55280,2646,3,4,51178,12284,14329,5,0,0,0,0,0,0,0,0,0,1,0,1,0,0,0,0,0,0,0,0,0,0,0,0,0,0,0,0,0,0,0	219108,13055,47398,20473,26640,6145,1,0,3,0,5,4,254,1,0,0,7,0,2048,1,0,0,0,0,0,0,0,0,0,0,0,0,0,0,0,0,0,0,0,0	16	273946	273891	273946	10	273892	1338578	180	273869,5,7,9,0,0,0,0,0,1,0,0,0,0,0,0,0,0,0,0,0,0,0,0,0,0,0,0,0,0,0,0,0,0,0,0,0,0,0,0	28906,776,128961,10240,6426,20473,55270,8193,4097,6145,24,7,2303,1,3,0,16,0,2049,2,0,0,0,0,0,0,0,0,0,0,0,0,0,0,0,0,0,0,0,0
tb.dut.clusters[0].cluster.sockets[0].socket.icache.caches[0].cache_wrap.genblk3.cache.banks[0].bank.cache_mshr	13	1105	14713841	1006445	166394	1006445	260	166394	606079	179	0,51176,10,6397,2,51178,36880,16383,4,1,0,0,2303,0,2,0,4,4,2049,0,1,0,0,0,0,0,0,0,0,0,0,0,0,0,0,0,0,0,0,0	51190,16635,45041,20470,24591,6147,1,0,3,5,0,254,1,0,0,1,6,0,2048,1,0,0,0,0,0,0,0,0,0,0,0,0,0,0,0,0,0,0,0,0	6	976778	170810	976778	84	170810	635746	180	64,53241,6395,3,2304,55533,38925,8188,3,2,1,1,2047,0,1,0,2049,2050,3,0,0,0,0,0,0,0,0,0,0,0,0,0,0,0,0,0,0,0,0,0	53484,14346,47399,14334,26638,12289,0,1,3,0,0,5,254,1,0,0,7,0,2048,1,0,0,0,0,0,0,0,0,0,0,0,0,0,0,0,0,0,0,0,0
tb.dut.clusters[0].cluster.sockets[0].socket.icache.caches[0].cache_wrap.genblk3.cache.banks[0].bank.cache_tags	13	436	891656	722792	351601	722792	259	351601	889732	181	183393,84249,6156,57323,2,20472,3,1,0,0,1,0,0,0,0,0,0,0,0,0,1,0,0,0,0,0,0,0,0,0,0,0,0,0,0,0,0,0,0,0	174118,53783,67866,20728,24591,8192,4,0,3,0,0,5,0,254,1,0,7,0,2048,1,0,0,0,0,0,0,0,0,0,0,0,0,0,0,0,0,0,0,0,0	3	26787	26759	26787	4	26760	1585737	8174	26743,6,8,2,0,0,0,0,0,0,0,0,0,0,0,0,0,0,0,0,0,0,0,0,0,0,0,0,0,0,0,0,0,0,0,0,0,0,0,0	6268,1,2046,4,8188,0,0,0,0,0,0,0,0,0,0,0,10,2047,2,8193,0,0,0,0,1,0,0,0,0,0,0,0,0,0,0,0,0,0,0,0
tb.dut.clusters[0].cluster.sockets[0].socket.icache.caches[0].cache_wrap.genblk3.cache.banks[0].bank.cache_tags.genblk3[0]	14	44	83	44	23	44	4	24	1612480	1602987	11,4,7,1,0,0,0,0,0,0,0,0,0,0,0,0,0,0,0,0,0,0,0,0,0,0,0,0,0,0,0,0,0,0,0,0,0,0,0,0	1,0,0,4,0,0,0,0,0,0,0,0,0,0,0,0,10,0,2,5,0,0,0,0,1,0,0,0,0,0,0,0,1,0,0,0,0,0,0,0	2	35	19	35	3	20	1612489	1602987	11,0,8,0,0,0,0,0,0,0,0,0,0,0,0,0,0,0,0,0,0,0,0,0,0,0,0,0,0,0,0,0,0,0,0,0,0,0,0,0	1,0,0,1,0,0,0,0,0,0,0,0,0,0,0,0,9,0,1,6,0,0,0,0,1,0,0,0,0,0,0,0,1,0,0,0,0,0,0,0
tb.dut.clusters[0].cluster.sockets[0].socket.icache.caches[0].cache_wrap.genblk3.cache.banks[0].bank.flush_unit	13	447	602372	472955	337485	472955	258	337486	1139569	180	216600,106555,14329,0,0,0,0,0,0,0,0,0,0,0,0,0,0,0,0,0,1,0,0,0,0,0,0,0,0,0,0,0,0,0,0,0,0,0,0,0	84515,49171,47600,108806,38922,6147,1,1,3,7,1,0,254,1,0,1,6,0,2049,1,0,0,0,0,0,0,0,0,0,0,0,0,0,0,0,0,0,0,0,0	3	131	128	131	3	129	1612393	1612243	126,1,1,0,0,0,0,0,0,0,0,0,0,0,0,0,0,0,0,0,0,0,0,0,0,0,0,0,0,0,0,0,0,0,0,0,0,0,0,0	126,0,0,0,1,0,0,0,0,0,0,0,0,0,0,0,1,0,0,0,0,0,0,0,0,0,0,0,0,0,0,0,1,0,0,0,0,0,0,0
tb.dut.clusters[0].cluster.sockets[0].socket.icache.caches[0].cache_wrap.genblk3.cache.banks[0].bank.genblk7	13	64	2224404	278051	278005	278051	10	278005	1334473	314	277989,4,0,11,0,0,0,0,0,1,0,0,0,0,0,0,0,0,0,0,0,0,0,0,0,0,0,0,0,0,0,0,0,0,0,0,0,0,0,0	33000,778,133049,10246,2348,20479,55272,8193,4096,6144,27,12,2300,1,3,0,7,0,2048,1,1,0,0,0,0,0,0,0,0,0,0,0,0,0,0,0,0,0,0,0	2	278051	278005	278051	10	278005	1334473	314	277989,4,0,11,0,0,0,0,0,1,0,0,0,0,0,0,0,0,0,0,0,0,0,0,0,0,0,0,0,0,0,0,0,0,0,0,0,0,0,0	33000,778,133049,10246,2348,20479,55272,8193,4096,6144,27,12,2300,1,3,0,7,0,2048,1,1,0,0,0,0,0,0,0,0,0,0,0,0,0,0,0,0,0,0,0
tb.dut.clusters[0].cluster.sockets[0].socket.icache.caches[0].cache_wrap.genblk3.cache.banks[0].bank.mshr_pending_size	13	248	4071750	954628	219958	954628	81	219959	657896	255	28694,51192,267,4353,53298,51178,16382,14330,256,2,3,1,0,0,1,0,0,0,1,0,0,0,0,0,0,0,0,0,0,0,0,0,0,0,0,0,0,0,0,0	106797,14593,45036,20474,24590,6145,3,1,3,0,0,254,1,5,0,0,7,0,2048,2,0,0,0,0,0,0,0,0,0,0,0,0,0,0,0,0,0,0,0,0	2	954626	219957	954626	81	219958	657898	274	28694,51191,267,4353,53298,51178,16382,14330,256,2,3,1,0,0,1,0,0,0,1,0,0,0,0,0,0,0,0,0,0,0,0,0,0,0,0,0,0,0,0,0	106797,14593,45036,20473,24591,6145,3,1,3,0,0,254,1,5,0,0,6,0,2048,1,1,0,0,0,0,0,0,0,0,0,0,0,0,0,0,0,0,0,0,0
tb.dut.clusters[0].cluster.sockets[0].socket.icache.caches[0].cache_wrap.genblk3.cache.banks[0].bank.mshr_pending_size.genblk3	14	8	1359680	627015	205591	627015	72	205592	985509	280	0,131018,268,16642,53305,2,4099,0,255,1,0,0,0,0,0,0,0,0,1,0,0,0,0,0,0,0,0,0,0,0,0,0,0,0,0,0,0,0,0,0	33067,2308,16378,102354,6141,6143,18451,18427,0,0,4,254,1,5,0,0,9,0,2048,1,1,0,0,0,0,0,0,0,0,0,0,0,0,0,0,0,0,0,0,0	2	600349	201488	600349	72	201489	1012175	358	0,131537,2050,12550,51253,4094,2,0,0,1,0,0,0,0,0,0,0,0,1,0,0,0,0,0,0,0,0,0,0,0,0,0,0,0,0,0,0,0,0,0	31009,258,18432,100307,6141,6142,18448,18427,4,0,4,0,0,5,0,0,261,1,2048,1,1,0,0,0,0,0,0,0,0,0,0,0,0,0,0,0,0,0,0,0
tb.dut.clusters[0].cluster.sockets[0].socket.icache.caches[0].cache_wrap.genblk3.cache.core_bus2_if[0]	11	272	5342126	1203239	121366	1203239	91	121366	409285	255	2060,8202,4,10236,2303,0,8190,22552,20471,36846,0,0,0,256,0,6141,2052,3,2050,0,0,0,0,0,0,0,0,0,0,0,0,0,0,0,0,0,0,0,0,0	20740,53227,30707,6177,6145,2,2047,3,0,0,260,1,0,0,0,0,7,2048,0,2,0,0,0,0,0,0,0,0,0,0,0,0,0,0,0,0,0,0,0,0	2	929534	269598	929534	81	269598	682990	275	147690,12883,259,14330,45033,20727,24567,2,0,1,2,0,2047,0,0,0,4,5,2048,0,0,0,0,0,0,0,0,0,0,0,0,0,0,0,0,0,0,0,0,0	152345,16382,53480,30708,8217,6145,1,0,3,0,254,1,0,0,0,0,12,1,2047,1,1,0,0,0,0,0,0,0,0,0,0,0,0,0,0,0,0,0,0,0
tb.dut.clusters[0].cluster.sockets[0].socket.icache.caches[0].cache_wrap.genblk3.cache.core_bus_if[0]	11	272	5342126	1203239	121366	1203239	91	121366	409285	255	2060,8202,4,10236,2303,0,8190,22552,20471,36846,0,0,0,256,0,6141,2052,3,2050,0,0,0,0,0,0,0,0,0,0,0,0,0,0,0,0,0,0,0,0,0	20740,53227,30707,6177,6145,2,2047,3,0,0,260,1,0,0,0,0,7,2048,0,2,0,0,0,0,0,0,0,0,0,0,0,0,0,0,0,0,0,0,0,0	2	929534	269598	929534	81	269598	682990	275	147690,12883,259,14330,45033,20727,24567,2,0,1,2,0,2047,0,0,0,4,5,2048,0,0,0,0,0,0,0,0,0,0,0,0,0,0,0,0,0,0,0,0,0	152345,16382,53480,30708,8217,6145,1,0,3,0,254,1,0,0,0,0,12,1,2047,1,1,0,0,0,0,0,0,0,0,0,0,0,0,0,0,0,0,0,0,0
tb.dut.clusters[0].cluster.sockets[0].socket.icache.caches[0].cache_wrap.genblk3.cache.flush_unit	11	819	11028286	1203241	121367	1203241	91	121367	409283	255	2060,8203,4,10236,2303,0,8190,22552,20471,36846,0,0,0,256,0,6141,2052,3,2050,0,0,0,0,0,0,0,0,0,0,0,0,0,0,0,0,0,0,0,0,0	20741,53228,30707,6176,6145,2,2047,3,0,1,259,1,0,0,0,0,7,2048,0,2,0,0,0,0,0,0,0,0,0,0,0,0,0,0,0,0,0,0,0,0	5	881033	251788	881033	81	251789	731491	275	134694,8292,298,26615,45034,8189,24567,1,2,0,0,0,2047,0,1,0,0,1,2047,0,0,0,0,0,0,0,0,0,0,0,0,0,0,0,0,0,0,0,0,0	135817,15107,45292,12283,12308,24568,1,2047,2050,0,254,1,0,0,0,0,10,1,2048,1,1,0,0,0,0,0,0,0,0,0,0,0,0,0,0,0,0,0,0,0
tb.dut.clusters[0].cluster.sockets[0].socket.icache.caches[0].cache_wrap.genblk3.cache.flush_unit.core_bus_in_if[0]	12	272	5342126	1203239	121366	1203239	91	121366	409285	255	2060,8202,4,10236,2303,0,8190,22552,20471,36846,0,0,0,256,0,6141,2052,3,2050,0,0,0,0,0,0,0,0,0,0,0,0,0,0,0,0,0,0,0,0,0	20740,53227,30707,6177,6145,2,2047,3,0,0,260,1,0,0,0,0,7,2048,0,2,0,0,0,0,0,0,0,0,0,0,0,0,0,0,0,0,0,0,0,0	2	929534	269598	929534	81	269598	682990	275	147690,12883,259,14330,45033,20727,24567,2,0,1,2,0,2047,0,0,0,4,5,2048,0,0,0,0,0,0,0,0,0,0,0,0,0,0,0,0,0,0,0,0,0	152345,16382,53480,30708,8217,6145,1,0,3,0,254,1,0,0,0,0,12,1,2047,1,1,0,0,0,0,0,0,0,0,0,0,0,0,0,0,0,0,0,0,0
tb.dut.clusters[0].cluster.sockets[0].socket.icache.caches[0].cache_wrap.genblk3.cache.flush_unit.core_bus_out_if[0]	12	272	5342126	1203239	121366	1203239	91	121366	409285	255	2060,8202,4,10236,2303,0,8190,22552,20471,36846,0,0,0,256,0,6141,2052,3,2050,0,0,0,0,0,0,0,0,0,0,0,0,0,0,0,0,0,0,0,0,0	20740,53227,30707,6177,6145,2,2047,3,0,0,260,1,0,0,0,0,7,2048,0,2,0,0,0,0,0,0,0,0,0,0,0,0,0,0,0,0,0,0,0,0	2	929534	269598	929534	81	269598	682990	275	147690,12883,259,14330,45033,20727,24567,2,0,1,2,0,2047,0,0,0,4,5,2048,0,0,0,0,0,0,0,0,0,0,0,0,0,0,0,0,0,0,0,0,0	152345,16382,53480,30708,8217,6145,1,0,3,0,254,1,0,0,0,0,12,1,2047,1,1,0,0,0,0,0,0,0,0,0,0,0,0,0,0,0,0,0,0,0
tb.dut.clusters[0].cluster.sockets[0].socket.icache.caches[0].cache_wrap.genblk3.cache.flush_unit.genblk3[0]	12	1	0	0	0	0	0	1	1612524	1612524	0,0,0,0,0,0,0,0,0,0,0,0,0,0,0,0,0,0,0,0,0,0,0,0,0,0,0,0,0,0,0,0,0,0,0,0,0,0,0,0	0,0,0,0,0,0,0,0,0,0,0,0,0,0,0,0,0,0,0,0,0,0,0,0,0,0,0,0,0,0,0,0,1,0,0,0,0,0,0,0	2	0	0	0	0	1	1612524	1612524	0,0,0,0,0,0,0,0,0,0,0,0,0,0,0,0,0,0,0,0,0,0,0,0,0,0,0,0,0,0,0,0,0,0,0,0,0,0,0,0	0,0,0,0,0,0,0,0,0,0,0,0,0,0,0,0,0,0,0,0,0,0,0,0,0,0,0,0,0,0,0,0,1,0,0,0,0,0,0,0
tb.dut.clusters[0].cluster.sockets[0].socket.icache.caches[0].cache_wrap.genblk3.cache.mem_bus_if	11	1290	346284	344051	264191	344051	3	264192	1268473	8171	198660,51202,14329,0,0,0,0,0,0,0,0,0,0,0,0,0,0,0,0,0,0,0,0,0,0,0,0,0,0,0,0,0,0,0,0,0,0,0,0,0	51194,12287,45038,83934,61477,6144,1,0,3,1,2048,0,0,0,0,0,11,2,1,2049,1,0,0,0,1,0,0,0,0,0,0,0,0,0,0,0,0,0,0,0	7	13	7	13	2	8	1612511	1603013	1,6,0,0,0,0,0,0,0,0,0,0,0,0,0,0,0,0,0,0,0,0,0,0,0,0,0,0,0,0,0,0,0,0,0,0,0,0,0,0	0,0,0,0,0,0,0,0,0,0,0,0,0,0,0,0,0,0,0,4,2,0,0,0,1,0,0,0,0,0,0,0,1,0,0,0,0,0,0,0
tb.dut.clusters[0].cluster.sockets[0].socket.icache.caches[0].cache_wrap.mem_bus_cache_if	9	1290	346284	344051	264191	344051	3	264192	1268473	8171	198660,51202,14329,0,0,0,0,0,0,0,0,0,0,0,0,0,0,0,0,0,0,0,0,0,0,0,0,0,0,0,0,0,0,0,0,0,0,0,0,0	51194,12287,45038,83934,61477,6144,1,0,3,1,2048,0,0,0,0,0,11,2,1,2049,1,0,0,0,1,0,0,0,0,0,0,0,0,0,0,0,0,0,0,0	7	13	7	13	2	8	1612511	1603013	1,6,0,0,0,0,0,0,0,0,0,0,0,0,0,0,0,0,0,0,0,0,0,0,0,0,0,0,0,0,0,0,0,0,0,0,0,0,0,0	0,0,0,0,0,0,0,0,0,0,0,0,0,0,0,0,0,0,0,4,2,0,0,0,1,0,0,0,0,0,0,0,1,0,0,0,0,0,0,0
tb.dut.clusters[0].cluster.sockets[0].socket.icache.caches[0].cache_wrap.mem_bus_if	9	1290	346284	344051	264191	344051	3	264192	1268473	8171	198660,51202,14329,0,0,0,0,0,0,0,0,0,0,0,0,0,0,0,0,0,0,0,0,0,0,0,0,0,0,0,0,0,0,0,0,0,0,0,0,0	51194,12287,45038,83934,61477,6144,1,0,3,1,2048,0,0,0,0,0,11,2,1,2049,1,0,0,0,1,0,0,0,0,0,0,0,0,0,0,0,0,0,0,0	7	13	7	13	2	8	1612511	1603013	1,6,0,0,0,0,0,0,0,0,0,0,0,0,0,0,0,0,0,0,0,0,0,0,0,0,0,0,0,0,0,0,0,0,0,0,0,0,0,0	0,0,0,0,0,0,0,0,0,0,0,0,0,0,0,0,0,0,0,4,2,0,0,0,1,0,0,0,0,0,0,0,1,0,0,0,0,0,0,0
tb.dut.clusters[0].cluster.sockets[0].socket.icache.core_bus_if[0]	7	272	5342126	1203239	121366	1203239	91	121366	409285	255	2060,8202,4,10236,2303,0,8190,22552,20471,36846,0,0,0,256,0,6141,2052,3,2050,0,0,0,0,0,0,0,0,0,0,0,0,0,0,0,0,0,0,0,0,0	20740,53227,30707,6177,6145,2,2047,3,0,0,260,1,0,0,0,0,7,2048,0,2,0,0,0,0,0,0,0,0,0,0,0,0,0,0,0,0,0,0,0,0	2	929534	269598	929534	81	269598	682990	275	147690,12883,259,14330,45033,20727,24567,2,0,1,2,0,2047,0,0,0,4,5,2048,0,0,0,0,0,0,0,0,0,0,0,0,0,0,0,0,0,0,0,0,0	152345,16382,53480,30708,8217,6145,1,0,3,0,254,1,0,0,0,0,12,1,2047,1,1,0,0,0,0,0,0,0,0,0,0,0,0,0,0,0,0,0,0,0
tb.dut.clusters[0].cluster.sockets[0].socket.icache.genblk2[0]	7	1733	32867186	1203241	121367	1203241	91	121367	409283	255	2060,8203,4,10236,2303,0,8190,22552,20471,36846,0,0,0,256,0,6141,2052,3,2050,0,0,0,0,0,0,0,0,0,0,0,0,0,0,0,0,0,0,0,0,0	20740,53228,30708,6176,6145,2,2047,4,0,0,259,1,0,0,0,0,7,2048,0,2,0,0,0,0,0,0,0,0,0,0,0,0,0,0,0,0,0,0,0,0	9	929534	269598	929534	81	269598	682990	275	147690,12883,259,14330,45033,20727,24567,2,0,1,2,0,2047,0,0,0,4,5,2048,0,0,0,0,0,0,0,0,0,0,0,0,0,0,0,0,0,0,0,0,0	152345,16382,53480,30708,8217,6145,1,0,3,0,254,1,0,0,0,0,12,1,2047,1,1,0,0,0,0,0,0,0,0,0,0,0,0,0,0,0,0,0,0,0
tb.dut.clusters[0].cluster.sockets[0].socket.icache.genblk2[0].arb_core_bus_tmp_if[0]	8	272	5342126	1203239	121366	1203239	91	121366	409285	255	2060,8202,4,10236,2303,0,8190,22552,20471,36846,0,0,0,256,0,6141,2052,3,2050,0,0,0,0,0,0,0,0,0,0,0,0,0,0,0,0,0,0,0,0,0	20740,53227,30707,6177,6145,2,2047,3,0,0,260,1,0,0,0,0,7,2048,0,2,0,0,0,0,0,0,0,0,0,0,0,0,0,0,0,0,0,0,0,0	2	929534	269598	929534	81	269598	682990	275	147690,12883,259,14330,45033,20727,24567,2,0,1,2,0,2047,0,0,0,4,5,2048,0,0,0,0,0,0,0,0,0,0,0,0,0,0,0,0,0,0,0,0,0	152345,16382,53480,30708,8217,6145,1,0,3,0,254,1,0,0,0,0,12,1,2047,1,1,0,0,0,0,0,0,0,0,0,0,0,0,0,0,0,0,0,0,0
tb.dut.clusters[0].cluster.sockets[0].socket.icache.genblk2[0].cache_arb	8	1189	22182934	1203241	121367	1203241	91	121367	409283	255	2060,8203,4,10236,2303,0,8190,22552,20471,36846,0,0,0,256,0,6141,2052,3,2050,0,0,0,0,0,0,0,0,0,0,0,0,0,0,0,0,0,0,0,0,0	20740,53228,30708,6176,6145,2,2047,4,0,0,259,1,0,0,0,0,7,2048,0,2,0,0,0,0,0,0,0,0,0,0,0,0,0,0,0,0,0,0,0,0	6	929534	269598	929534	81	269598	682990	275	147690,12883,259,14330,45033,20727,24567,2,0,1,2,0,2047,0,0,0,4,5,2048,0,0,0,0,0,0,0,0,0,0,0,0,0,0,0,0,0,0,0,0,0	152345,16382,53480,30708,8217,6145,1,0,3,0,254,1,0,0,0,0,12,1,2047,1,1,0,0,0,0,0,0,0,0,0,0,0,0,0,0,0,0,0,0,0
tb.dut.clusters[0].cluster.sockets[0].socket.icache.genblk2[0].cache_arb.bus_in_if[0]	9	272	5342126	1203239	121366	1203239	91	121366	409285	255	2060,8202,4,10236,2303,0,8190,22552,20471,36846,0,0,0,256,0,6141,2052,3,2050,0,0,0,0,0,0,0,0,0,0,0,0,0,0,0,0,0,0,0,0,0	20740,53227,30707,6177,6145,2,2047,3,0,0,260,1,0,0,0,0,7,2048,0,2,0,0,0,0,0,0,0,0,0,0,0,0,0,0,0,0,0,0,0,0	2	929534	269598	929534	81	269598	682990	275	147690,12883,259,14330,45033,20727,24567,2,0,1,2,0,2047,0,0,0,4,5,2048,0,0,0,0,0,0,0,0,0,0,0,0,0,0,0,0,0,0,0,0,0	152345,16382,53480,30708,8217,6145,1,0,3,0,254,1,0,0,0,0,12,1,2047,1,1,0,0,0,0,0,0,0,0,0,0,0,0,0,0,0,0,0,0,0
tb.dut.clusters[0].cluster.sockets[0].socket.icache.genblk2[0].cache_arb.bus_out_if[0]	9	272	5342126	1203239	121366	1203239	91	121366	409285	255	2060,8202,4,10236,2303,0,8190,22552,20471,36846,0,0,0,256,0,6141,2052,3,2050,0,0,0,0,0,0,0,0,0,0,0,0,0,0,0,0,0,0,0,0,0	20740,53227,30707,6177,6145,2,2047,3,0,0,260,1,0,0,0,0,7,2048,0,2,0,0,0,0,0,0,0,0,0,0,0,0,0,0,0,0,0,0,0,0	2	929534	269598	929534	81	269598	682990	275	147690,12883,259,14330,45033,20727,24567,2,0,1,2,0,2047,0,0,0,4,5,2048,0,0,0,0,0,0,0,0,0,0,0,0,0,0,0,0,0,0,0,0,0	152345,16382,53480,30708,8217,6145,1,0,3,0,254,1,0,0,0,0,12,1,2047,1,1,0,0,0,0,0,0,0,0,0,0,0,0,0,0,0,0,0,0,0
tb.dut.clusters[0].cluster.sockets[0].socket.icache.genblk2[0].cache_arb.genblk3[0]	9	3	814428	678053	287231	678053	5	287231	934471	275	139210,12296,81881,612,53232,0,0,0,0,0,0,0,0,0,0,0,0,0,0,0,0,0,0,0,0,0,0,0,0,0,0,0,0,0,0,0,0,0,0,0	161737,6452,8190,18430,63461,12285,8188,6166,3,0,0,3,0,0,0,0,265,1,2048,1,1,0,0,0,0,0,0,0,0,0,0,0,0,0,0,0,0,0,0,0	2	136375	136357	136375	2	136357	1476149	275	136339,18,0,0,0,0,0,0,0,0,0,0,0,0,0,0,0,0,0,0,0,0,0,0,0,0,0,0,0,0,0,0,0,0,0,0,0,0,0,0	622,12,306,7,28656,3,2047,8192,2071,18426,55272,8188,4097,6141,0,0,266,1,2048,1,1,0,0,0,0,0,0,0,0,0,0,0,0,0,0,0,0,0,0,0
tb.dut.clusters[0].cluster.sockets[0].socket.icache.genblk2[0].core_bus_tmp_if[0]	8	272	5342126	1203239	121366	1203239	91	121366	409285	255	2060,8202,4,10236,2303,0,8190,22552,20471,36846,0,0,0,256,0,6141,2052,3,2050,0,0,0,0,0,0,0,0,0,0,0,0,0,0,0,0,0,0,0,0,0	20740,53227,30707,6177,6145,2,2047,3,0,0,260,1,0,0,0,0,7,2048,0,2,0,0,0,0,0,0,0,0,0,0,0,0,0,0,0,0,0,0,0,0	2	929534	269598	929534	81	269598	682990	275	147690,12883,259,14330,45033,20727,24567,2,0,1,2,0,2047,0,0,0,4,5,2048,0,0,0,0,0,0,0,0,0,0,0,0,0,0,0,0,0,0,0,0,0	152345,16382,53480,30708,8217,6145,1,0,3,0,254,1,0,0,0,0,12,1,2047,1,1,0,0,0,0,0,0,0,0,0,0,0,0,0,0,0,0,0,0,0
tb.dut.clusters[0].cluster.sockets[0].socket.icache.mem_arb	7	5262	1385147	344052	264192	344052	3	264193	1268472	8171	198661,51202,14329,0,0,0,0,0,0,0,0,0,0,0,0,0,0,0,0,0,0,0,0,0,0,0,0,0,0,0,0,0,0,0,0,0,0,0,0,0	51194,12287,45038,83934,61477,6144,1,0,3,1,2048,0,0,0,1,0,11,2,1,2049,1,0,0,0,1,0,0,0,0,0,0,0,0,0,0,0,0,0,0,0	27	13	7	13	2	8	1612511	1603013	1,6,0,0,0,0,0,0,0,0,0,0,0,0,0,0,0,0,0,0,0,0,0,0,0,0,0,0,0,0,0,0,0,0,0,0,0,0,0,0	0,0,0,0,0,0,0,0,0,0,0,0,0,0,0,0,0,0,0,4,2,0,0,0,1,0,0,0,0,0,0,0,1,0,0,0,0,0,0,0
tb.dut.clusters[0].cluster.sockets[0].socket.icache.mem_arb.bus_in_if[0]	8	1290	346284	344051	264191	344051	3	264192	1268473	8171	198660,51202,14329,0,0,0,0,0,0,0,0,0,0,0,0,0,0,0,0,0,0,0,0,0,0,0,0,0,0,0,0,0,0,0,0,0,0,0,0,0	51194,12287,45038,83934,61477,6144,1,0,3,1,2048,0,0,0,0,0,11,2,1,2049,1,0,0,0,1,0,0,0,0,0,0,0,0,0,0,0,0,0,0,0	7	13	7	13	2	8	1612511	1603013	1,6,0,0,0,0,0,0,0,0,0,0,0,0,0,0,0,0,0,0,0,0,0,0,0,0,0,0,0,0,0,0,0,0,0,0,0,0,0,0	0,0,0,0,0,0,0,0,0,0,0,0,0,0,0,0,0,0,0,4,2,0,0,0,1,0,0,0,0,0,0,0,1,0,0,0,0,0,0,0
tb.dut.clusters[0].cluster.sockets[0].socket.icache.mem_arb.bus_out_if[0]	8	1290	346284	344051	264191	344051	3	264192	1268473	8171	198660,51202,14329,0,0,0,0,0,0,0,0,0,0,0,0,0,0,0,0,0,0,0,0,0,0,0,0,0,0,0,0,0,0,0,0,0,0,0,0,0	51194,12287,45038,83934,61477,6144,1,0,3,1,2048,0,0,0,0,0,11,2,1,2049,1,0,0,0,1,0,0,0,0,0,0,0,0,0,0,0,0,0,0,0	7	13	7	13	2	8	1612511	1603013	1,6,0,0,0,0,0,0,0,0,0,0,0,0,0,0,0,0,0,0,0,0,0,0,0,0,0,0,0,0,0,0,0,0,0,0,0,0,0,0	0,0,0,0,0,0,0,0,0,0,0,0,0,0,0,0,0,0,0,4,2,0,0,0,1,0,0,0,0,0,0,0,1,0,0,0,0,0,0,0
tb.dut.clusters[0].cluster.sockets[0].socket.icache.mem_arb.genblk3[0]	8	4	9	9	5	9	2	6	1612515	1603206	1,4,0,0,0,0,0,0,0,0,0,0,0,0,0,0,0,0,0,0,0,0,0,0,0,0,0,0,0,0,0,0,0,0,0,0,0,0,0,0	0,0,0,0,0,0,0,0,0,0,0,0,0,0,0,0,0,0,0,3,0,1,0,0,0,1,0,0,0,0,0,0,1,0,0,0,0,0,0,0	2	0	0	0	0	1	1612524	1612524	0,0,0,0,0,0,0,0,0,0,0,0,0,0,0,0,0,0,0,0,0,0,0,0,0,0,0,0,0,0,0,0,0,0,0,0,0,0,0,0	0,0,0,0,0,0,0,0,0,0,0,0,0,0,0,0,0,0,0,0,0,0,0,0,0,0,0,0,0,0,0,0,1,0,0,0,0,0,0,0
tb.dut.clusters[0].cluster.sockets[0].socket.icache.mem_bus_if	7	1290	346284	344051	264191	344051	3	264192	1268473	8171	198660,51202,14329,0,0,0,0,0,0,0,0,0,0,0,0,0,0,0,0,0,0,0,0,0,0,0,0,0,0,0,0,0,0,0,0,0,0,0,0,0	51194,12287,45038,83934,61477,6144,1,0,3,1,2048,0,0,0,0,0,11,2,1,2049,1,0,0,0,1,0,0,0,0,0,0,0,0,0,0,0,0,0,0,0	7	13	7	13	2	8	1612511	1603013	1,6,0,0,0,0,0,0,0,0,0,0,0,0,0,0,0,0,0,0,0,0,0,0,0,0,0,0,0,0,0,0,0,0,0,0,0,0,0,0	0,0,0,0,0,0,0,0,0,0,0,0,0,0,0,0,0,0,0,4,2,0,0,0,1,0,0,0,0,0,0,0,1,0,0,0,0,0,0,0
tb.dut.clusters[0].cluster.sockets[0].socket.icache.mem_bus_tmp_if[0]	7	1290	346284	344051	264191	344051	3	264192	1268473	8171	198660,51202,14329,0,0,0,0,0,0,0,0,0,0,0,0,0,0,0,0,0,0,0,0,0,0,0,0,0,0,0,0,0,0,0,0,0,0,0,0,0	51194,12287,45038,83934,61477,6144,1,0,3,1,2048,0,0,0,0,0,11,2,1,2049,1,0,0,0,1,0,0,0,0,0,0,0,0,0,0,0,0,0,0,0	7	13	7	13	2	8	1612511	1603013	1,6,0,0,0,0,0,0,0,0,0,0,0,0,0,0,0,0,0,0,0,0,0,0,0,0,0,0,0,0,0,0,0,0,0,0,0,0,0,0	0,0,0,0,0,0,0,0,0,0,0,0,0,0,0,0,0,0,0,4,2,0,0,0,1,0,0,0,0,0,0,0,1,0,0,0,0,0,0,0
tb.dut.clusters[0].cluster.sockets[0].socket.icache_mem_bus_if	6	1290	346284	344051	264191	344051	3	264192	1268473	8171	198660,51202,14329,0,0,0,0,0,0,0,0,0,0,0,0,0,0,0,0,0,0,0,0,0,0,0,0,0,0,0,0,0,0,0,0,0,0,0,0,0	51194,12287,45038,83934,61477,6144,1,0,3,1,2048,0,0,0,0,0,11,2,1,2049,1,0,0,0,1,0,0,0,0,0,0,0,0,0,0,0,0,0,0,0	7	13	7	13	2	8	1612511	1603013	1,6,0,0,0,0,0,0,0,0,0,0,0,0,0,0,0,0,0,0,0,0,0,0,0,0,0,0,0,0,0,0,0,0,0,0,0,0,0,0	0,0,0,0,0,0,0,0,0,0,0,0,0,0,0,0,0,0,0,4,2,0,0,0,1,0,0,0,0,0,0,0,1,0,0,0,0,0,0,0
tb.dut.clusters[0].cluster.sockets[0].socket.l1_mem_arb_bus_if[0]	6	1298	23840	338	33	338	251	34	1612186	1602993	2,11,18,0,0,0,0,0,1,0,0,0,0,0,0,0,0,0,0,1,0,0,0,0,0,0,0,0,0,0,0,0,0,0,0,0,0,0,0,0	7,0,0,0,0,1,0,0,0,0,1,0,0,0,0,0,12,2,3,5,1,0,0,0,1,0,0,0,0,0,0,0,1,0,0,0,0,0,0,0	7	270	14	270	248	15	1612254	1603003	10,2,0,0,0,0,0,1,0,0,0,0,0,0,0,0,0,0,0,1,0,0,0,0,0,0,0,0,0,0,0,0,0,0,0,0,0,0,0,0	0,0,1,0,0,0,0,0,0,0,0,1,0,0,0,0,2,1,2,4,1,1,0,0,1,0,0,0,0,0,0,0,1,0,0,0,0,0,0,0
tb.dut.clusters[0].cluster.sockets[0].socket.l1_mem_bus_if[0]	6	1296	346284	344051	264191	344051	3	264192	1268473	8171	198660,51202,14329,0,0,0,0,0,0,0,0,0,0,0,0,0,0,0,0,0,0,0,0,0,0,0,0,0,0,0,0,0,0,0,0,0,0,0,0,0	51194,12287,45038,83934,61477,6144,1,0,3,1,2048,0,0,0,0,0,11,2,1,2049,1,0,0,0,1,0,0,0,0,0,0,0,0,0,0,0,0,0,0,0	7	13	7	13	2	8	1612511	1603013	1,6,0,0,0,0,0,0,0,0,0,0,0,0,0,0,0,0,0,0,0,0,0,0,0,0,0,0,0,0,0,0,0,0,0,0,0,0,0,0	0,0,0,0,0,0,0,0,0,0,0,0,0,0,0,0,0,0,0,4,2,0,0,0,1,0,0,0,0,0,0,0,1,0,0,0,0,0,0,0
tb.dut.clusters[0].cluster.sockets[0].socket.l1_mem_bus_if[1]	6	1296	22011	278	16	278	248	17	1612246	1604244	6,8,0,0,0,0,0,1,0,0,0,0,0,0,0,0,0,0,0,1,0,0,0,0,0,0,0,0,0,0,0,0,0,0,0,0,0,0,0,0	4,0,0,0,1,0,0,0,0,0,0,0,0,1,0,0,4,0,5,0,0,0,0,0,1,0,0,0,0,0,0,0,1,0,0,0,0,0,0,0	7	264	7	264	248	8	1612260	1604333	2,3,0,0,0,0,0,1,0,0,0,0,0,0,0,0,0,0,0,1,0,0,0,0,0,0,0,0,0,0,0,0,0,0,0,0,0,0,0,0	0,0,0,0,0,0,0,0,0,0,0,0,0,0,0,0,2,0,4,0,0,0,0,0,1,0,0,0,0,0,0,0,1,0,0,0,0,0,0,0
tb.dut.clusters[0].cluster.sockets[0].socket.mem_arb	6	7731	784832	344387	264212	344387	252	264212	1268137	7505	198665,51187,14346,12,0,0,0,0,0,1,0,0,0,0,0,0,0,0,0,1,0,0,0,0,0,0,0,0,0,0,0,0,0,0,0,0,0,0,0,0	51204,12287,45037,83933,61478,6144,1,0,3,1,2049,0,0,2,0,0,14,4,4,2050,0,0,0,0,1,0,0,0,0,0,0,0,0,0,0,0,0,0,0,0	39	289	16	289	249	17	1612235	1603000	5,1,8,0,0,0,0,0,1,0,0,0,0,0,0,0,0,0,0,1,0,0,0,0,0,0,0,0,0,0,0,0,0,0,0,0,0,0,0,0	0,0,1,0,0,0,0,0,0,0,0,1,0,0,0,0,3,1,3,4,2,0,0,0,1,0,0,0,0,0,0,0,1,0,0,0,0,0,0,0
tb.dut.clusters[0].cluster.sockets[0].socket.mem_arb.bus_in_if[0]	7	1296	346284	344051	264191	344051	3	264192	1268473	8171	198660,51202,14329,0,0,0,0,0,0,0,0,0,0,0,0,0,0,0,0,0,0,0,0,0,0,0,0,0,0,0,0,0,0,0,0,0,0,0,0,0	51194,12287,45038,83934,61477,6144,1,0,3,1,2048,0,0,0,0,0,11,2,1,2049,1,0,0,0,1,0,0,0,0,0,0,0,0,0,0,0,0,0,0,0	7	13	7	13	2	8	1612511	1603013	1,6,0,0,0,0,0,0,0,0,0,0,0,0,0,0,0,0,0,0,0,0,0,0,0,0,0,0,0,0,0,0,0,0,0,0,0,0,0,0	0,0,0,0,0,0,0,0,0,0,0,0,0,0,0,0,0,0,0,4,2,0,0,0,1,0,0,0,0,0,0,0,1,0,0,0,0,0,0,0
tb.dut.clusters[0].cluster.sockets[0].socket.mem_arb.bus_in_if[1]	7	1296	22011	278	16	278	248	17	1612246	1604244	6,8,0,0,0,0,0,1,0,0,0,0,0,0,0,0,0,0,0,1,0,0,0,0,0,0,0,0,0,0,0,0,0,0,0,0,0,0,0,0	4,0,0,0,1,0,0,0,0,0,0,0,0,1,0,0,4,0,5,0,0,0,0,0,1,0,0,0,0,0,0,0,1,0,0,0,0,0,0,0	7	264	7	264	248	8	1612260	1604333	2,3,0,0,0,0,0,1,0,0,0,0,0,0,0,0,0,0,0,1,0,0,0,0,0,0,0,0,0,0,0,0,0,0,0,0,0,0,0,0	0,0,0,0,0,0,0,0,0,0,0,0,0,0,0,0,2,0,4,0,0,0,0,0,1,0,0,0,0,0,0,0,1,0,0,0,0,0,0,0
tb.dut.clusters[0].cluster.sockets[0].socket.mem_arb.bus_out_if[0]	7	1298	23840	338	33	338	251	34	1612186	1602993	2,11,18,0,0,0,0,0,1,0,0,0,0,0,0,0,0,0,0,1,0,0,0,0,0,0,0,0,0,0,0,0,0,0,0,0,0,0,0,0	7,0,0,0,0,1,0,0,0,0,1,0,0,0,0,0,12,2,3,5,1,0,0,0,1,0,0,0,0,0,0,0,1,0,0,0,0,0,0,0	7	270	14	270	248	15	1612254	1603003	10,2,0,0,0,0,0,1,0,0,0,0,0,0,0,0,0,0,0,1,0,0,0,0,0,0,0,0,0,0,0,0,0,0,0,0,0,0,0,0	0,0,1,0,0,0,0,0,0,0,0,1,0,0,0,0,2,1,2,4,1,1,0,0,1,0,0,0,0,0,0,0,1,0,0,0,0,0,0,0
tb.dut.clusters[0].cluster.sockets[0].socket.mem_arb.genblk3[0]	7	7	280	200	70	200	3	71	1612324	1603572	3,4,63,0,0,0,0,0,0,0,0,0,0,0,0,0,0,0,0,0,0,0,0,0,0,0,0,0,0,0,0,0,0,0,0,0,0,0,0,0	61,0,1,0,0,0,1,0,0,0,0,0,0,0,0,0,0,0,3,2,0,1,0,0,1,0,0,0,0,0,0,0,1,0,0,0,0,0,0,0	2	80	28	80	3	29	1612444	1604350	1,2,25,0,0,0,0,0,0,0,0,0,0,0,0,0,0,0,0,0,0,0,0,0,0,0,0,0,0,0,0,0,0,0,0,0,0,0,0,0	0,0,0,0,20,0,0,0,0,0,0,0,4,0,0,0,0,0,2,1,0,0,0,0,1,0,0,0,0,0,0,0,1,0,0,0,0,0,0,0
tb.dut.clusters[0].cluster.sockets[0].socket.mem_arb.genblk4	7	8	283	202	70	202	3	71	1612322	1603572	2,4,64,0,0,0,0,0,0,0,0,0,0,0,0,0,0,0,0,0,0,0,0,0,0,0,0,0,0,0,0,0,0,0,0,0,0,0,0,0	62,0,0,0,0,0,1,0,0,0,0,0,0,0,0,0,0,0,3,2,0,1,0,0,1,0,0,0,0,0,0,0,1,0,0,0,0,0,0,0	2	81	29	81	3	30	1612443	1604354	2,2,25,0,0,0,0,0,0,0,0,0,0,0,0,0,0,0,0,0,0,0,0,0,0,0,0,0,0,0,0,0,0,0,0,0,0,0,0,0	0,0,0,0,20,0,0,0,0,0,0,0,4,0,1,0,0,0,2,1,0,0,0,0,1,0,0,0,0,0,0,0,1,0,0,0,0,0,0,0
tb.dut.clusters[0].cluster.sockets[0].socket.mem_arb.genblk4.genblk1[0]	8	7	280	200	70	200	3	71	1612324	1603572	3,4,63,0,0,0,0,0,0,0,0,0,0,0,0,0,0,0,0,0,0,0,0,0,0,0,0,0,0,0,0,0,0,0,0,0,0,0,0,0	61,0,1,0,0,0,1,0,0,0,0,0,0,0,0,0,0,0,3,2,0,1,0,0,1,0,0,0,0,0,0,0,1,0,0,0,0,0,0,0	2	80	28	80	3	29	1612444	1604370	1,2,25,0,0,0,0,0,0,0,0,0,0,0,0,0,0,0,0,0,0,0,0,0,0,0,0,0,0,0,0,0,0,0,0,0,0,0,0,0	0,0,0,0,20,0,0,0,0,0,0,0,4,0,0,0,0,0,2,1,0,0,0,0,1,0,0,0,0,0,0,0,1,0,0,0,0,0,0,0
tb.dut.clusters[0].cluster.sockets[0].socket.mem_bus_if	6	1298	23840	338	33	338	251	34	1612186	1602993	2,11,18,0,0,0,0,0,1,0,0,0,0,0,0,0,0,0,0,1,0,0,0,0,0,0,0,0,0,0,0,0,0,0,0,0,0,0,0,0	7,0,0,0,0,1,0,0,0,0,1,0,0,0,0,0,12,2,3,5,1,0,0,0,1,0,0,0,0,0,0,0,1,0,0,0,0,0,0,0	7	270	14	270	248	15	1612254	1603003	10,2,0,0,0,0,0,1,0,0,0,0,0,0,0,0,0,0,0,1,0,0,0,0,0,0,0,0,0,0,0,0,0,0,0,0,0,0,0,0	0,0,1,0,0,0,0,0,0,0,0,1,0,0,0,0,2,1,2,4,1,1,0,0,1,0,0,0,0,0,0,0,1,0,0,0,0,0,0,0
tb.dut.clusters[0].cluster.sockets[0].socket.per_core_dcache_bus_if[0]	6	474	3046	286	22	286	249	23	1612238	1604239	12,8,0,0,0,0,0,0,1,0,0,0,0,0,0,0,0,0,0,1,0,0,0,0,0,0,0,0,0,0,0,0,0,0,0,0,0,0,0,0	0,4,4,3,1,0,0,0,0,0,0,0,0,0,0,0,4,0,5,0,0,0,0,0,1,0,0,0,0,0,0,0,1,0,0,0,0,0,0,0	3	138	136	138	2	137	1612386	1604328	134,2,0,0,0,0,0,0,0,0,0,0,0,0,0,0,0,0,0,0,0,0,0,0,0,0,0,0,0,0,0,0,0,0,0,0,0,0,0,0	128,0,0,3,0,0,0,0,0,0,0,0,0,0,0,0,0,0,4,0,0,0,0,0,1,0,0,0,0,0,0,0,1,0,0,0,0,0,0,0
tb.dut.clusters[0].cluster.sockets[0].socket.per_core_icache_bus_if[0]	6	272	5342126	1203239	121366	1203239	91	121366	409285	255	2060,8202,4,10236,2303,0,8190,22552,20471,36846,0,0,0,256,0,6141,2052,3,2050,0,0,0,0,0,0,0,0,0,0,0,0,0,0,0,0,0,0,0,0,0	20740,53227,30707,6177,6145,2,2047,3,0,0,260,1,0,0,0,0,7,2048,0,2,0,0,0,0,0,0,0,0,0,0,0,0,0,0,0,0,0,0,0,0	2	929534	269598	929534	81	269598	682990	275	147690,12883,259,14330,45033,20727,24567,2,0,1,2,0,2047,0,0,0,4,5,2048,0,0,0,0,0,0,0,0,0,0,0,0,0,0,0,0,0,0,0,0,0	152345,16382,53480,30708,8217,6145,1,0,3,0,254,1,0,0,0,0,12,1,2047,1,1,0,0,0,0,0,0,0,0,0,0,0,0,0,0,0,0,0,0,0
tb.dut.clusters[0].cluster_dcr_bus_if	3	45	25	10	1	10	10	2	1612514	1612505	0,0,0,0,0,0,0,0,0,1,0,0,0,0,0,0,0,0,0,0,0,0,0,0,0,0,0,0,0,0,0,0,0,0,0,0,0,0,0,0	0,0,0,0,0,0,0,0,1,0,0,0,0,0,0,0,0,0,0,0,0,0,0,0,0,0,0,0,0,0,0,0,1,0,0,0,0,0,0,0	2	7	3	7	4	4	1612517	1612506	1,1,0,1,0,0,0,0,0,0,0,0,0,0,0,0,0,0,0,0,0,0,0,0,0,0,0,0,0,0,0,0,0,0,0,0,0,0,0,0	2,0,0,0,0,0,0,0,1,0,0,0,0,0,0,0,0,0,0,0,0,0,0,0,0,0,0,0,0,0,0,0,1,0,0,0,0,0,0,0
tb.dut.dcr_bus_if	2	45	25	10	1	10	10	2	1612514	1612505	0,0,0,0,0,0,0,0,0,1,0,0,0,0,0,0,0,0,0,0,0,0,0,0,0,0,0,0,0,0,0,0,0,0,0,0,0,0,0,0	0,0,0,0,0,0,0,0,1,0,0,0,0,0,0,0,0,0,0,0,0,0,0,0,0,0,0,0,0,0,0,0,1,0,0,0,0,0,0,0	2	7	3	7	4	4	1612517	1612506	1,1,0,1,0,0,0,0,0,0,0,0,0,0,0,0,0,0,0,0,0,0,0,0,0,0,0,0,0,0,0,0,0,0,0,0,0,0,0,0	2,0,0,0,0,0,0,0,1,0,0,0,0,0,0,0,0,0,0,0,0,0,0,0,0,0,0,0,0,0,0,0,1,0,0,0,0,0,0,0
tb.dut.l3cache	2	14165	206042	340	34	340	251	34	1612184	1602993	2,12,18,0,0,0,0,0,1,0,0,0,0,0,0,0,0,0,0,1,0,0,0,0,0,0,0,0,0,0,0,0,0,0,0,0,0,0,0,0	5,1,0,0,0,1,0,0,0,0,1,0,0,0,1,0,12,2,3,5,1,0,0,0,1,0,0,0,0,0,0,0,1,0,0,0,0,0,0,0	71	270	14	270	248	15	1612254	1603003	10,2,0,0,0,0,0,1,0,0,0,0,0,0,0,0,0,0,0,1,0,0,0,0,0,0,0,0,0,0,0,0,0,0,0,0,0,0,0,0	0,0,1,0,0,0,0,0,0,0,0,1,0,0,0,0,2,1,2,4,1,1,0,0,1,0,0,0,0,0,0,0,1,0,0,0,0,0,0,0
tb.dut.l3cache.core_bus_cache_if[0]	3	1298	20948	300	25	300	248	26	1612224	1602993	2,21,0,0,0,0,0,1,0,0,0,0,0,0,0,0,0,0,0,1,0,0,0,0,0,0,0,0,0,0,0,0,0,0,0,0,0,0,0,0	0,0,1,0,0,0,1,0,0,0,0,0,0,0,0,0,11,0,5,5,1,0,0,0,1,0,0,0,0,0,0,0,1,0,0,0,0,0,0,0	7	262	6	262	248	7	1612262	1604330	2,2,0,0,0,0,0,1,0,0,0,0,0,0,0,0,0,0,0,1,0,0,0,0,0,0,0,0,0,0,0,0,0,0,0,0,0,0,0,0	0,0,1,0,0,0,0,0,0,0,0,0,0,0,0,0,0,0,3,1,0,0,0,0,1,0,0,0,0,0,0,0,1,0,0,0,0,0,0,0
tb.dut.l3cache.core_bus_if[0]	3	1298	23863	337	32	337	251	33	1612187	1602993	1,11,18,0,0,0,0,0,1,0,0,0,0,0,0,0,0,0,0,1,0,0,0,0,0,0,0,0,0,0,0,0,0,0,0,0,0,0,0,0	5,0,1,0,0,1,0,0,0,0,1,0,0,0,0,0,12,2,3,5,1,0,0,0,1,0,0,0,0,0,0,0,1,0,0,0,0,0,0,0	7	270	14	270	248	15	1612254	1603003	10,2,0,0,0,0,0,1,0,0,0,0,0,0,0,0,0,0,0,1,0,0,0,0,0,0,0,0,0,0,0,0,0,0,0,0,0,0,0,0	0,0,1,0,0,0,0,0,0,0,0,1,0,0,0,0,2,1,2,4,1,1,0,0,1,0,0,0,0,0,0,0,1,0,0,0,0,0,0,0
tb.dut.l3cache.genblk2	3	8274	137086	339	34	339	251	34	1612185	1602993	3,11,18,0,0,0,0,0,1,0,0,0,0,0,0,0,0,0,0,1,0,0,0,0,0,0,0,0,0,0,0,0,0,0,0,0,0,0,0,0	5,1,0,0,0,1,0,0,0,0,1,0,0,0,0,1,12,2,3,5,1,0,0,0,1,0,0,0,0,0,0,0,1,0,0,0,0,0,0,0	42	270	14	270	248	15	1612254	1603003	10,2,0,0,0,0,0,1,0,0,0,0,0,0,0,0,0,0,0,1,0,0,0,0,0,0,0,0,0,0,0,0,0,0,0,0,0,0,0,0	0,0,1,0,0,0,0,0,0,0,0,1,0,0,0,0,2,1,2,4,1,1,0,0,1,0,0,0,0,0,0,0,1,0,0,0,0,0,0,0
tb.dut.l3cache.genblk2.cache_bypass	4	8273	137084	339	34	339	251	34	1612185	1602993	3,11,18,0,0,0,0,0,1,0,0,0,0,0,0,0,0,0,0,1,0,0,0,0,0,0,0,0,0,0,0,0,0,0,0,0,0,0,0,0	5,1,0,0,0,1,0,0,0,0,1,0,0,0,0,1,12,2,3,5,1,0,0,0,1,0,0,0,0,0,0,0,1,0,0,0,0,0,0,0	42	270	14	270	248	15	1612254	1603003	10,2,0,0,0,0,0,1,0,0,0,0,0,0,0,0,0,0,0,1,0,0,0,0,0,0,0,0,0,0,0,0,0,0,0,0,0,0,0,0	0,0,1,0,0,0,0,0,0,0,0,1,0,0,0,0,2,1,2,4,1,1,0,0,1,0,0,0,0,0,0,0,1,0,0,0,0,0,0,0
tb.dut.l3cache.genblk2.cache_bypass.core_bus_in_if[0]	5	1298	23863	337	32	337	251	33	1612187	1602993	1,11,18,0,0,0,0,0,1,0,0,0,0,0,0,0,0,0,0,1,0,0,0,0,0,0,0,0,0,0,0,0,0,0,0,0,0,0,0,0	5,0,1,0,0,1,0,0,0,0,1,0,0,0,0,0,12,2,3,5,1,0,0,0,1,0,0,0,0,0,0,0,1,0,0,0,0,0,0,0	7	270	14	270	248	15	1612254	1603003	10,2,0,0,0,0,0,1,0,0,0,0,0,0,0,0,0,0,0,1,0,0,0,0,0,0,0,0,0,0,0,0,0,0,0,0,0,0,0,0	0,0,1,0,0,0,0,0,0,0,0,1,0,0,0,0,2,1,2,4,1,1,0,0,1,0,0,0,0,0,0,0,1,0,0,0,0,0,0,0
tb.dut.l3cache.genblk2.cache_bypass.core_bus_out_if[0]	5	1298	20948	300	25	300	248	26	1612224	1602993	2,21,0,0,0,0,0,1,0,0,0,0,0,0,0,0,0,0,0,1,0,0,0,0,0,0,0,0,0,0,0,0,0,0,0,0,0,0,0,0	0,0,1,0,0,0,1,0,0,0,0,0,0,0,0,0,11,0,5,5,1,0,0,0,1,0,0,0,0,0,0,0,1,0,0,0,0,0,0,0	7	262	6	262	248	7	1612262	1604330	2,2,0,0,0,0,0,1,0,0,0,0,0,0,0,0,0,0,0,1,0,0,0,0,0,0,0,0,0,0,0,0,0,0,0,0,0,0,0,0	0,0,1,0,0,0,0,0,0,0,0,0,0,0,0,0,0,0,3,1,0,0,0,0,1,0,0,0,0,0,0,0,1,0,0,0,0,0,0,0
tb.dut.l3cache.genblk2.cache_bypass.mem_bus_in_if	5	1290	280	280	14	280	248	15	1612244	1603013	0,12,0,0,0,0,0,1,0,0,0,0,0,0,0,0,0,0,0,1,0,0,0,0,0,0,0,0,0,0,0,0,0,0,0,0,0,0,0,0	0,0,0,0,0,0,1,0,0,0,0,0,0,0,0,0,0,1,4,6,1,0,0,0,1,0,0,0,0,0,0,0,1,0,0,0,0,0,0,0	7	0	0	0	0	1	1612524	1612524	0,0,0,0,0,0,0,0,0,0,0,0,0,0,0,0,0,0,0,0,0,0,0,0,0,0,0,0,0,0,0,0,0,0,0,0,0,0,0,0	0,0,0,0,0,0,0,0,0,0,0,0,0,0,0,0,0,0,0,0,0,0,0,0,0,0,0,0,0,0,0,0,1,0,0,0,0,0,0,0
tb.dut.l3cache.genblk2.cache_bypass.mem_bus_out_if	5	1298	23863	337	32	337	251	33	1612187	1602993	1,11,18,0,0,0,0,0,1,0,0,0,0,0,0,0,0,0,0,1,0,0,0,0,0,0,0,0,0,0,0,0,0,0,0,0,0,0,0,0	5,0,1,0,0,1,0,0,0,0,1,0,0,0,0,0,12,2,3,5,1,0,0,0,1,0,0,0,0,0,0,0,1,0,0,0,0,0,0,0	7	270	14	270	248	15	1612254	1603003	10,2,0,0,0,0,0,1,0,0,0,0,0,0,0,0,0,0,0,1,0,0,0,0,0,0,0,0,0,0,0,0,0,0,0,0,0,0,0,0	0,0,1,0,0,0,0,0,0,0,0,1,0,0,0,0,2,1,2,4,1,1,0,0,1,0,0,0,0,0,0,0,1,0,0,0,0,0,0,0
tb.dut.l3cache.mem_bus_cache_if	3	1290	280	280	14	280	248	15	1612244	1603013	0,12,0,0,0,0,0,1,0,0,0,0,0,0,0,0,0,0,0,1,0,0,0,0,0,0,0,0,0,0,0,0,0,0,0,0,0,0,0,0	0,0,0,0,0,0,1,0,0,0,0,0,0,0,0,0,0,1,4,6,1,0,0,0,1,0,0,0,0,0,0,0,1,0,0,0,0,0,0,0	7	0	0	0	0	1	1612524	1612524	0,0,0,0,0,0,0,0,0,0,0,0,0,0,0,0,0,0,0,0,0,0,0,0,0,0,0,0,0,0,0,0,0,0,0,0,0,0,0,0	0,0,0,0,0,0,0,0,0,0,0,0,0,0,0,0,0,0,0,0,0,0,0,0,0,0,0,0,0,0,0,0,1,0,0,0,0,0,0,0
tb.dut.l3cache.mem_bus_if	3	1298	23863	337	32	337	251	33	1612187	1602993	1,11,18,0,0,0,0,0,1,0,0,0,0,0,0,0,0,0,0,1,0,0,0,0,0,0,0,0,0,0,0,0,0,0,0,0,0,0,0,0	5,0,1,0,0,1,0,0,0,0,1,0,0,0,0,0,12,2,3,5,1,0,0,0,1,0,0,0,0,0,0,0,1,0,0,0,0,0,0,0	7	270	14	270	248	15	1612254	1603003	10,2,0,0,0,0,0,1,0,0,0,0,0,0,0,0,0,0,0,1,0,0,0,0,0,0,0,0,0,0,0,0,0,0,0,0,0,0,0,0	0,0,1,0,0,0,0,0,0,0,0,1,0,0,0,0,2,1,2,4,1,1,0,0,1,0,0,0,0,0,0,0,1,0,0,0,0,0,0,0
tb.dut.mem_bus_if	2	1298	23863	337	32	337	251	33	1612187	1602993	1,11,18,0,0,0,0,0,1,0,0,0,0,0,0,0,0,0,0,1,0,0,0,0,0,0,0,0,0,0,0,0,0,0,0,0,0,0,0,0	5,0,1,0,0,1,0,0,0,0,1,0,0,0,0,0,12,2,3,5,1,0,0,0,1,0,0,0,0,0,0,0,1,0,0,0,0,0,0,0	7	270	14	270	248	15	1612254	1603003	10,2,0,0,0,0,0,1,0,0,0,0,0,0,0,0,0,0,0,1,0,0,0,0,0,0,0,0,0,0,0,0,0,0,0,0,0,0,0,0	0,0,1,0,0,0,0,0,0,0,0,1,0,0,0,0,2,1,2,4,1,1,0,0,1,0,0,0,0,0,0,0,1,0,0,0,0,0,0,0
tb.dut.per_cluster_mem_bus_if[0]	2	1298	23863	337	32	337	251	33	1612187	1602993	1,11,18,0,0,0,0,0,1,0,0,0,0,0,0,0,0,0,0,1,0,0,0,0,0,0,0,0,0,0,0,0,0,0,0,0,0,0,0,0	5,0,1,0,0,1,0,0,0,0,1,0,0,0,0,0,12,2,3,5,1,0,0,0,1,0,0,0,0,0,0,0,1,0,0,0,0,0,0,0	7	270	14	270	248	15	1612254	1603003	10,2,0,0,0,0,0,1,0,0,0,0,0,0,0,0,0,0,0,1,0,0,0,0,0,0,0,0,0,0,0,0,0,0,0,0,0,0,0,0	0,0,1,0,0,0,0,0,0,0,0,1,0,0,0,0,2,1,2,4,1,1,0,0,1,0,0,0,0,0,0,0,1,0,0,0,0,0,0,0
tb.mem_rsp[0]	1	1044	4710	286	14	286	248	15	1612238	1603012	0,6,6,0,0,0,0,1,0,0,0,0,0,0,0,0,0,0,0,1,0,0,0,0,0,0,0,0,0,0,0,0,0,0,0,0,0,0,0,0	0,0,0,0,0,1,0,0,0,0,0,0,0,0,0,0,0,1,4,6,1,0,0,0,1,0,0,0,0,0,0,0,1,0,0,0,0,0,0,0	6	10	10	10	1	11	1612514	1603014	10,0,0,0,0,0,0,0,0,0,0,0,0,0,0,0,0,0,0,0,0,0,0,0,0,0,0,0,0,0,0,0,0,0,0,0,0,0,0,0	0,0,0,0,0,0,0,1,0,0,0,0,0,0,0,0,0,0,1,3,3,1,0,0,1,0,0,0,0,0,0,0,1,0,0,0,0,0,0,0
tb.mem_rsp[10]	1	1044	4710	292	14	292	248	15	1612232	1603012	0,0,12,0,0,0,0,1,0,0,0,0,0,0,0,0,0,0,0,1,0,0,0,0,0,0,0,0,0,0,0,0,0,0,0,0,0,0,0,0	0,0,0,0,0,1,0,0,0,0,0,0,0,0,0,0,0,1,4,6,1,0,0,0,1,0,0,0,0,0,0,0,1,0,0,0,0,0,0,0	6	20	10	20	2	11	1612504	1603013	0,10,0,0,0,0,0,0,0,0,0,0,0,0,0,0,0,0,0,0,0,0,0,0,0,0,0,0,0,0,0,0,0,0,0,0,0,0,0,0	0,0,0,0,0,0,1,0,0,0,0,0,0,0,0,0,0,0,1,3,3,1,0,0,1,0,0,0,0,0,0,0,1,0,0,0,0,0,0,0
tb.mem_rsp[11]	1	1044	4710	292	14	292	248	15	1612232	1603012	0,0,12,0,0,0,0,1,0,0,0,0,0,0,0,0,0,0,0,1,0,0,0,0,0,0,0,0,0,0,0,0,0,0,0,0,0,0,0,0	0,0,0,0,0,1,0,0,0,0,0,0,0,0,0,0,0,1,4,6,1,0,0,0,1,0,0,0,0,0,0,0,1,0,0,0,0,0,0,0	6	20	10	20	2	11	1612504	1603013	0,10,0,0,0,0,0,0,0,0,0,0,0,0,0,0,0,0,0,0,0,0,0,0,0,0,0,0,0,0,0,0,0,0,0,0,0,0,0,0	0,0,0,0,0,0,1,0,0,0,0,0,0,0,0,0,0,0,1,3,3,1,0,0,1,0,0,0,0,0,0,0,1,0,0,0,0,0,0,0
tb.mem_rsp[12]	1	1044	4710	292	14	292	248	15	1612232	1603012	0,0,12,0,0,0,0,1,0,0,0,0,0,0,0,0,0,0,0,1,0,0,0,0,0,0,0,0,0,0,0,0,0,0,0,0,0,0,0,0	0,0,0,0,0,1,0,0,0,0,0,0,0,0,0,0,0,1,4,6,1,0,0,0,1,0,0,0,0,0,0,0,1,0,0,0,0,0,0,0	6	20	10	20	2	11	1612504	1603013	0,10,0,0,0,0,0,0,0,0,0,0,0,0,0,0,0,0,0,0,0,0,0,0,0,0,0,0,0,0,0,0,0,0,0,0,0,0,0,0	0,0,0,0,0,0,1,0,0,0,0,0,0,0,0,0,0,0,1,3,3,1,0,0,1,0,0,0,0,0,0,0,1,0,0,0,0,0,0,0
tb.mem_rsp[13]	1	1044	4710	292	14	292	248	15	1612232	1603012	0,0,12,0,0,0,0,1,0,0,0,0,0,0,0,0,0,0,0,1,0,0,0,0,0,0,0,0,0,0,0,0,0,0,0,0,0,0,0,0	0,0,0,0,0,1,0,0,0,0,0,0,0,0,0,0,0,1,4,6,1,0,0,0,1,0,0,0,0,0,0,0,1,0,0,0,0,0,0,0	6	20	10	20	2	11	1612504	1603013	0,10,0,0,0,0,0,0,0,0,0,0,0,0,0,0,0,0,0,0,0,0,0,0,0,0,0,0,0,0,0,0,0,0,0,0,0,0,0,0	0,0,0,0,0,0,1,0,0,0,0,0,0,0,0,0,0,0,1,3,3,1,0,0,1,0,0,0,0,0,0,0,1,0,0,0,0,0,0,0
tb.mem_rsp[14]	1	1044	4710	292	14	292	248	15	1612232	1603012	0,0,12,0,0,0,0,1,0,0,0,0,0,0,0,0,0,0,0,1,0,0,0,0,0,0,0,0,0,0,0,0,0,0,0,0,0,0,0,0	0,0,0,0,0,1,0,0,0,0,0,0,0,0,0,0,0,1,4,6,1,0,0,0,1,0,0,0,0,0,0,0,1,0,0,0,0,0,0,0	6	20	10	20	2	11	1612504	1603013	0,10,0,0,0,0,0,0,0,0,0,0,0,0,0,0,0,0,0,0,0,0,0,0,0,0,0,0,0,0,0,0,0,0,0,0,0,0,0,0	0,0,0,0,0,0,1,0,0,0,0,0,0,0,0,0,0,0,1,3,3,1,0,0,1,0,0,0,0,0,0,0,1,0,0,0,0,0,0,0
tb.mem_rsp[15]	1	1044	4710	292	14	292	248	15	1612232	1603012	0,0,12,0,0,0,0,1,0,0,0,0,0,0,0,0,0,0,0,1,0,0,0,0,0,0,0,0,0,0,0,0,0,0,0,0,0,0,0,0	0,0,0,0,0,1,0,0,0,0,0,0,0,0,0,0,0,1,4,6,1,0,0,0,1,0,0,0,0,0,0,0,1,0,0,0,0,0,0,0	6	20	10	20	2	11	1612504	1603013	0,10,0,0,0,0,0,0,0,0,0,0,0,0,0,0,0,0,0,0,0,0,0,0,0,0,0,0,0,0,0,0,0,0,0,0,0,0,0,0	0,0,0,0,0,0,1,0,0,0,0,0,0,0,0,0,0,0,1,3,3,1,0,0,1,0,0,0,0,0,0,0,1,0,0,0,0,0,0,0
tb.mem_rsp[16]	1	1044	4710	292	14	292	248	15	1612232	1603012	0,0,12,0,0,0,0,1,0,0,0,0,0,0,0,0,0,0,0,1,0,0,0,0,0,0,0,0,0,0,0,0,0,0,0,0,0,0,0,0	0,0,0,0,0,1,0,0,0,0,0,0,0,0,0,0,0,1,4,6,1,0,0,0,1,0,0,0,0,0,0,0,1,0,0,0,0,0,0,0	6	20	10	20	2	11	1612504	1603013	0,10,0,0,0,0,0,0,0,0,0,0,0,0,0,0,0,0,0,0,0,0,0,0,0,0,0,0,0,0,0,0,0,0,0,0,0,0,0,0	0,0,0,0,0,0,1,0,0,0,0,0,0,0,0,0,0,0,1,3,3,1,0,0,1,0,0,0,0,0,0,0,1,0,0,0,0,0,0,0
tb.mem_rsp[17]	1	1044	4710	292	14	292	248	15	1612232	1603012	0,0,12,0,0,0,0,1,0,0,0,0,0,0,0,0,0,0,0,1,0,0,0,0,0,0,0,0,0,0,0,0,0,0,0,0,0,0,0,0	0,0,0,0,0,1,0,0,0,0,0,0,0,0,0,0,0,1,4,6,1,0,0,0,1,0,0,0,0,0,0,0,1,0,0,0,0,0,0,0	6	20	10	20	2	11	1612504	1603013	0,10,0,0,0,0,0,0,0,0,0,0,0,0,0,0,0,0,0,0,0,0,0,0,0,0,0,0,0,0,0,0,0,0,0,0,0,0,0,0	0,0,0,0,0,0,1,0,0,0,0,0,0,0,0,0,0,0,1,3,3,1,0,0,1,0,0,0,0,0,0,0,1,0,0,0,0,0,0,0
tb.mem_rsp[18]	1	1044	4710	292	14	292	248	15	1612232	1603012	0,0,12,0,0,0,0,1,0,0,0,0,0,0,0,0,0,0,0,1,0,0,0,0,0,0,0,0,0,0,0,0,0,0,0,0,0,0,0,0	0,0,0,0,0,1,0,0,0,0,0,0,0,0,0,0,0,1,4,6,1,0,0,0,1,0,0,0,0,0,0,0,1,0,0,0,0,0,0,0	6	20	10	20	2	11	1612504	1603013	0,10,0,0,0,0,0,0,0,0,0,0,0,0,0,0,0,0,0,0,0,0,0,0,0,0,0,0,0,0,0,0,0,0,0,0,0,0,0,0	0,0,0,0,0,0,1,0,0,0,0,0,0,0,0,0,0,0,1,3,3,1,0,0,1,0,0,0,0,0,0,0,1,0,0,0,0,0,0,0
tb.mem_rsp[19]	1	1044	4710	292	14	292	248	15	1612232	1603012	0,0,12,0,0,0,0,1,0,0,0,0,0,0,0,0,0,0,0,1,0,0,0,0,0,0,0,0,0,0,0,0,0,0,0,0,0,0,0,0	0,0,0,0,0,1,0,0,0,0,0,0,0,0,0,0,0,1,4,6,1,0,0,0,1,0,0,0,0,0,0,0,1,0,0,0,0,0,0,0	6	20	10	20	2	11	1612504	1603013	0,10,0,0,0,0,0,0,0,0,0,0,0,0,0,0,0,0,0,0,0,0,0,0,0,0,0,0,0,0,0,0,0,0,0,0,0,0,0,0	0,0,0,0,0,0,1,0,0,0,0,0,0,0,0,0,0,0,1,3,3,1,0,0,1,0,0,0,0,0,0,0,1,0,0,0,0,0,0,0
tb.mem_rsp[1]	1	1044	4710	292	14	292	248	15	1612232	1603012	0,0,12,0,0,0,0,1,0,0,0,0,0,0,0,0,0,0,0,1,0,0,0,0,0,0,0,0,0,0,0,0,0,0,0,0,0,0,0,0	0,0,0,0,0,1,0,0,0,0,0,0,0,0,0,0,0,1,4,6,1,0,0,0,1,0,0,0,0,0,0,0,1,0,0,0,0,0,0,0	6	20	10	20	2	11	1612504	1603013	0,10,0,0,0,0,0,0,0,0,0,0,0,0,0,0,0,0,0,0,0,0,0,0,0,0,0,0,0,0,0,0,0,0,0,0,0,0,0,0	0,0,0,0,0,0,1,0,0,0,0,0,0,0,0,0,0,0,1,3,3,1,0,0,1,0,0,0,0,0,0,0,1,0,0,0,0,0,0,0
tb.mem_rsp[2]	1	1044	4710	292	14	292	248	15	1612232	1603012	0,0,12,0,0,0,0,1,0,0,0,0,0,0,0,0,0,0,0,1,0,0,0,0,0,0,0,0,0,0,0,0,0,0,0,0,0,0,0,0	0,0,0,0,0,1,0,0,0,0,0,0,0,0,0,0,0,1,4,6,1,0,0,0,1,0,0,0,0,0,0,0,1,0,0,0,0,0,0,0	6	20	10	20	2	11	1612504	1603013	0,10,0,0,0,0,0,0,0,0,0,0,0,0,0,0,0,0,0,0,0,0,0,0,0,0,0,0,0,0,0,0,0,0,0,0,0,0,0,0	0,0,0,0,0,0,1,0,0,0,0,0,0,0,0,0,0,0,1,3,3,1,0,0,1,0,0,0,0,0,0,0,1,0,0,0,0,0,0,0
tb.mem_rsp[3]	1	1044	4710	292	14	292	248	15	1612232	1603012	0,0,12,0,0,0,0,1,0,0,0,0,0,0,0,0,0,0,0,1,0,0,0,0,0,0,0,0,0,0,0,0,0,0,0,0,0,0,0,0	0,0,0,0,0,1,0,0,0,0,0,0,0,0,0,0,0,1,4,6,1,0,0,0,1,0,0,0,0,0,0,0,1,0,0,0,0,0,0,0	6	20	10	20	2	11	1612504	1603013	0,10,0,0,0,0,0,0,0,0,0,0,0,0,0,0,0,0,0,0,0,0,0,0,0,0,0,0,0,0,0,0,0,0,0,0,0,0,0,0	0,0,0,0,0,0,1,0,0,0,0,0,0,0,0,0,0,0,1,3,3,1,0,0,1,0,0,0,0,0,0,0,1,0,0,0,0,0,0,0
tb.mem_rsp[4]	1	1044	4710	292	14	292	248	15	1612232	1603012	0,0,12,0,0,0,0,1,0,0,0,0,0,0,0,0,0,0,0,1,0,0,0,0,0,0,0,0,0,0,0,0,0,0,0,0,0,0,0,0	0,0,0,0,0,1,0,0,0,0,0,0,0,0,0,0,0,1,4,6,1,0,0,0,1,0,0,0,0,0,0,0,1,0,0,0,0,0,0,0	6	20	10	20	2	11	1612504	1603013	0,10,0,0,0,0,0,0,0,0,0,0,0,0,0,0,0,0,0,0,0,0,0,0,0,0,0,0,0,0,0,0,0,0,0,0,0,0,0,0	0,0,0,0,0,0,1,0,0,0,0,0,0,0,0,0,0,0,1,3,3,1,0,0,1,0,0,0,0,0,0,0,1,0,0,0,0,0,0,0
tb.mem_rsp[5]	1	1044	4710	292	14	292	248	15	1612232	1603012	0,0,12,0,0,0,0,1,0,0,0,0,0,0,0,0,0,0,0,1,0,0,0,0,0,0,0,0,0,0,0,0,0,0,0,0,0,0,0,0	0,0,0,0,0,1,0,0,0,0,0,0,0,0,0,0,0,1,4,6,1,0,0,0,1,0,0,0,0,0,0,0,1,0,0,0,0,0,0,0	6	20	10	20	2	11	1612504	1603013	0,10,0,0,0,0,0,0,0,0,0,0,0,0,0,0,0,0,0,0,0,0,0,0,0,0,0,0,0,0,0,0,0,0,0,0,0,0,0,0	0,0,0,0,0,0,1,0,0,0,0,0,0,0,0,0,0,0,1,3,3,1,0,0,1,0,0,0,0,0,0,0,1,0,0,0,0,0,0,0
tb.mem_rsp[6]	1	1044	4710	292	14	292	248	15	1612232	1603012	0,0,12,0,0,0,0,1,0,0,0,0,0,0,0,0,0,0,0,1,0,0,0,0,0,0,0,0,0,0,0,0,0,0,0,0,0,0,0,0	0,0,0,0,0,1,0,0,0,0,0,0,0,0,0,0,0,1,4,6,1,0,0,0,1,0,0,0,0,0,0,0,1,0,0,0,0,0,0,0	6	20	10	20	2	11	1612504	1603013	0,10,0,0,0,0,0,0,0,0,0,0,0,0,0,0,0,0,0,0,0,0,0,0,0,0,0,0,0,0,0,0,0,0,0,0,0,0,0,0	0,0,0,0,0,0,1,0,0,0,0,0,0,0,0,0,0,0,1,3,3,1,0,0,1,0,0,0,0,0,0,0,1,0,0,0,0,0,0,0
tb.mem_rsp[7]	1	1044	4710	292	14	292	248	15	1612232	1603012	0,0,12,0,0,0,0,1,0,0,0,0,0,0,0,0,0,0,0,1,0,0,0,0,0,0,0,0,0,0,0,0,0,0,0,0,0,0,0,0	0,0,0,0,0,1,0,0,0,0,0,0,0,0,0,0,0,1,4,6,1,0,0,0,1,0,0,0,0,0,0,0,1,0,0,0,0,0,0,0	6	20	10	20	2	11	1612504	1603013	0,10,0,0,0,0,0,0,0,0,0,0,0,0,0,0,0,0,0,0,0,0,0,0,0,0,0,0,0,0,0,0,0,0,0,0,0,0,0,0	0,0,0,0,0,0,1,0,0,0,0,0,0,0,0,0,0,0,1,3,3,1,0,0,1,0,0,0,0,0,0,0,1,0,0,0,0,0,0,0
tb.mem_rsp[8]	1	1044	4710	292	14	292	248	15	1612232	1603012	0,0,12,0,0,0,0,1,0,0,0,0,0,0,0,0,0,0,0,1,0,0,0,0,0,0,0,0,0,0,0,0,0,0,0,0,0,0,0,0	0,0,0,0,0,1,0,0,0,0,0,0,0,0,0,0,0,1,4,6,1,0,0,0,1,0,0,0,0,0,0,0,1,0,0,0,0,0,0,0	6	20	10	20	2	11	1612504	1603013	0,10,0,0,0,0,0,0,0,0,0,0,0,0,0,0,0,0,0,0,0,0,0,0,0,0,0,0,0,0,0,0,0,0,0,0,0,0,0,0	0,0,0,0,0,0,1,0,0,0,0,0,0,0,0,0,0,0,1,3,3,1,0,0,1,0,0,0,0,0,0,0,1,0,0,0,0,0,0,0
tb.mem_rsp[9]	1	1044	4710	292	14	292	248	15	1612232	1603012	0,0,12,0,0,0,0,1,0,0,0,0,0,0,0,0,0,0,0,1,0,0,0,0,0,0,0,0,0,0,0,0,0,0,0,0,0,0,0,0	0,0,0,0,0,1,0,0,0,0,0,0,0,0,0,0,0,1,4,6,1,0,0,0,1,0,0,0,0,0,0,0,1,0,0,0,0,0,0,0	6	20	10	20	2	11	1612504	1603013	0,10,0,0,0,0,0,0,0,0,0,0,0,0,0,0,0,0,0,0,0,0,0,0,0,0,0,0,0,0,0,0,0,0,0,0,0,0,0,0	0,0,0,0,0,0,1,0,0,0,0,0,0,0,0,0,0,0,1,3,3,1,0,0,1,0,0,0,0,0,0,0,1,0,0,0,0,0,0,0
tb.unnamedblk1	1	192	29	10	1	10	10	2	1612514	1612505	0,0,0,0,0,0,0,0,0,1,0,0,0,0,0,0,0,0,0,0,0,0,0,0,0,0,0,0,0,0,0,0,0,0,0,0,0,0,0,0	0,0,0,0,0,0,0,0,1,0,0,0,0,0,0,0,0,0,0,0,0,0,0,0,0,0,0,0,0,0,0,0,1,0,0,0,0,0,0,0	2	7	3	7	4	4	1612517	1612506	1,1,0,1,0,0,0,0,0,0,0,0,0,0,0,0,0,0,0,0,0,0,0,0,0,0,0,0,0,0,0,0,0,0,0,0,0,0,0,0	2,0,0,0,0,0,0,0,1,0,0,0,0,0,0,0,0,0,0,0,0,0,0,0,0,0,0,0,0,0,0,0,1,0,0,0,0,0,0,0
tb.unnamedblk1.unnamedblk2	2	128	29	10	1	10	10	2	1612514	1612505	0,0,0,0,0,0,0,0,0,1,0,0,0,0,0,0,0,0,0,0,0,0,0,0,0,0,0,0,0,0,0,0,0,0,0,0,0,0,0,0	0,0,0,0,0,0,0,0,1,0,0,0,0,0,0,0,0,0,0,0,0,0,0,0,0,0,0,0,0,0,0,0,1,0,0,0,0,0,0,0	2	7	3	7	4	4	1612517	1612506	1,1,0,1,0,0,0,0,0,0,0,0,0,0,0,0,0,0,0,0,0,0,0,0,0,0,0,0,0,0,0,0,0,0,0,0,0,0,0,0	2,0,0,0,0,0,0,0,1,0,0,0,0,0,0,0,0,0,0,0,0,0,0,0,0,0,0,0,0,0,0,0,1,0,0,0,0,0,0,0
tb.unnamedblk1.unnamedblk2.unnamedblk3	3	128	29	10	1	10	10	2	1612514	1612505	0,0,0,0,0,0,0,0,0,1,0,0,0,0,0,0,0,0,0,0,0,0,0,0,0,0,0,0,0,0,0,0,0,0,0,0,0,0,0,0	0,0,0,0,0,0,0,0,1,0,0,0,0,0,0,0,0,0,0,0,0,0,0,0,0,0,0,0,0,0,0,0,1,0,0,0,0,0,0,0	2	7	3	7	4	4	1612517	1612506	1,1,0,1,0,0,0,0,0,0,0,0,0,0,0,0,0,0,0,0,0,0,0,0,0,0,0,0,0,0,0,0,0,0,0,0,0,0,0,0	2,0,0,0,0,0,0,0,1,0,0,0,0,0,0,0,0,0,0,0,0,0,0,0,0,0,0,0,0,0,0,0,1,0,0,0,0,0,0,0
tb.unnamedblk1.unnamedblk2.unnamedblk3.unnamedblk4	4	96	25	10	1	10	10	2	1612514	1612505	0,0,0,0,0,0,0,0,0,1,0,0,0,0,0,0,0,0,0,0,0,0,0,0,0,0,0,0,0,0,0,0,0,0,0,0,0,0,0,0	0,0,0,0,0,0,0,0,1,0,0,0,0,0,0,0,0,0,0,0,0,0,0,0,0,0,0,0,0,0,0,0,1,0,0,0,0,0,0,0	2	7	3	7	4	4	1612517	1612506	1,1,0,1,0,0,0,0,0,0,0,0,0,0,0,0,0,0,0,0,0,0,0,0,0,0,0,0,0,0,0,0,0,0,0,0,0,0,0,0	2,0,0,0,0,0,0,0,1,0,0,0,0,0,0,0,0,0,0,0,0,0,0,0,0,0,0,0,0,0,0,0,1,0,0,0,0,0,0,0
