# ncycles	40896
path	depth	nbits	toggles	busy	nbursts	bsum	maxburst	nidle	isum	maxidle	bhist	ihist	thresh	busy2	nbursts2	bsum2	maxburst2	nidle2	isum2	maxidle2	bhist2	ihist2
VX_gpu_pkg	0	1376	0	0	0	0	0	1	40896	40896	0,0,0,0,0,0,0,0,0,0,0,0,0,0,0,0,0,0,0,0,0,0,0,0,0,0,0,0,0,0,0,0,0,0,0,0,0,0,0,0	0,0,0,0,0,0,0,0,0,0,0,0,0,0,0,0,0,0,0,0,0,0,0,0,0,0,0,1,0,0,0,0,0,0,0,0,0,0,0,0	7	0	0	0	0	1	40896	40896	0,0,0,0,0,0,0,0,0,0,0,0,0,0,0,0,0,0,0,0,0,0,0,0,0,0,0,0,0,0,0,0,0,0,0,0,0,0,0,0	0,0,0,0,0,0,0,0,0,0,0,0,0,0,0,0,0,0,0,0,0,0,0,0,0,0,0,1,0,0,0,0,0,0,0,0,0,0,0,0
defs_div_sqrt_mvp	0	1387	0	0	0	0	0	1	40896	40896	0,0,0,0,0,0,0,0,0,0,0,0,0,0,0,0,0,0,0,0,0,0,0,0,0,0,0,0,0,0,0,0,0,0,0,0,0,0,0,0	0,0,0,0,0,0,0,0,0,0,0,0,0,0,0,0,0,0,0,0,0,0,0,0,0,0,0,1,0,0,0,0,0,0,0,0,0,0,0,0	7	0	0	0	0	1	40896	40896	0,0,0,0,0,0,0,0,0,0,0,0,0,0,0,0,0,0,0,0,0,0,0,0,0,0,0,0,0,0,0,0,0,0,0,0,0,0,0,0	0,0,0,0,0,0,0,0,0,0,0,0,0,0,0,0,0,0,0,0,0,0,0,0,0,0,0,1,0,0,0,0,0,0,0,0,0,0,0,0
fpnew_pkg	0	2140	0	0	0	0	0	1	40896	40896	0,0,0,0,0,0,0,0,0,0,0,0,0,0,0,0,0,0,0,0,0,0,0,0,0,0,0,0,0,0,0,0,0,0,0,0,0,0,0,0	0,0,0,0,0,0,0,0,0,0,0,0,0,0,0,0,0,0,0,0,0,0,0,0,0,0,0,1,0,0,0,0,0,0,0,0,0,0,0,0	11	0	0	0	0	1	40896	40896	0,0,0,0,0,0,0,0,0,0,0,0,0,0,0,0,0,0,0,0,0,0,0,0,0,0,0,0,0,0,0,0,0,0,0,0,0,0,0,0	0,0,0,0,0,0,0,0,0,0,0,0,0,0,0,0,0,0,0,0,0,0,0,0,0,0,0,1,0,0,0,0,0,0,0,0,0,0,0,0
tb	0	458993	78624653	40886	1	40886	40886	1	10	10	0,0,0,0,0,0,0,0,0,0,0,0,0,0,0,0,0,0,0,0,0,0,0,0,0,0,0,1,0,0,0,0,0,0,0,0,0,0,0,0	0,0,0,0,0,0,0,0,0,1,0,0,0,0,0,0,0,0,0,0,0,0,0,0,0,0,0,0,0,0,0,0,0,0,0,0,0,0,0,0	2295	12233	3917	12233	120	3918	28663	366	1610,773,497,359,295,81,46,38,48,46,28,4,11,5,11,6,45,9,5,0,0,0,0,0,0,0,0,0,0,0,0,0,0,0,0,0,0,0,0,0	1187,502,428,374,191,123,146,113,112,79,68,48,48,41,45,43,246,72,37,12,3,0,0,0,0,0,0,0,0,0,0,0,0,0,0,0,0,0,0,0
tb.dut	1	436707	74540058	40886	1	40886	40886	1	10	10	0,0,0,0,0,0,0,0,0,0,0,0,0,0,0,0,0,0,0,0,0,0,0,0,0,0,0,1,0,0,0,0,0,0,0,0,0,0,0,0	0,0,0,0,0,0,0,0,0,1,0,0,0,0,0,0,0,0,0,0,0,0,0,0,0,0,0,0,0,0,0,0,0,0,0,0,0,0,0,0	2184	12558	4042	12558	121	4043	28338	304	1670,790,469,383,321,82,67,42,38,48,28,11,10,12,8,9,43,7,4,0,0,0,0,0,0,0,0,0,0,0,0,0,0,0,0,0,0,0,0,0	1292,492,456,370,197,105,151,127,108,74,81,44,46,51,50,31,255,65,35,11,2,0,0,0,0,0,0,0,0,0,0,0,0,0,0,0,0,0,0,0
tb.dut.clusters[0]	2	418715	72418115	40886	1	40886	40886	1	10	10	0,0,0,0,0,0,0,0,0,0,0,0,0,0,0,0,0,0,0,0,0,0,0,0,0,0,0,1,0,0,0,0,0,0,0,0,0,0,0,0	0,0,0,0,0,0,0,0,0,1,0,0,0,0,0,0,0,0,0,0,0,0,0,0,0,0,0,0,0,0,0,0,0,0,0,0,0,0,0,0	2094	12988	4061	12988	121	4062	27908	305	1675,774,452,390,302,105,69,48,44,57,31,13,13,13,7,10,46,8,4,0,0,0,0,0,0,0,0,0,0,0,0,0,0,0,0,0,0,0,0,0	1345,516,460,361,188,110,149,117,110,78,69,46,36,46,41,27,254,62,35,10,2,0,0,0,0,0,0,0,0,0,0,0,0,0,0,0,0,0,0,0
tb.dut.clusters[0].cluster	3	418669	72418088	40886	1	40886	40886	1	10	10	0,0,0,0,0,0,0,0,0,0,0,0,0,0,0,0,0,0,0,0,0,0,0,0,0,0,0,1,0,0,0,0,0,0,0,0,0,0,0,0	0,0,0,0,0,0,0,0,0,1,0,0,0,0,0,0,0,0,0,0,0,0,0,0,0,0,0,0,0,0,0,0,0,0,0,0,0,0,0,0	2094	12988	4061	12988	121	4062	27908	305	1675,774,452,390,302,105,69,48,44,57,31,13,13,13,7,10,46,8,4,0,0,0,0,0,0,0,0,0,0,0,0,0,0,0,0,0,0,0,0,0	1345,516,460,361,188,110,149,117,110,78,69,46,36,46,41,27,254,62,35,10,2,0,0,0,0,0,0,0,0,0,0,0,0,0,0,0,0,0,0,0
tb.dut.clusters[0].cluster.dcr_bus_if	4	45	25	10	1	10	10	2	40886	40877	0,0,0,0,0,0,0,0,0,1,0,0,0,0,0,0,0,0,0,0,0,0,0,0,0,0,0,0,0,0,0,0,0,0,0,0,0,0,0,0	0,0,0,0,0,0,0,0,1,0,0,0,0,0,0,0,0,0,0,0,0,0,0,0,0,0,0,1,0,0,0,0,0,0,0,0,0,0,0,0	2	7	3	7	4	4	40889	40878	1,1,0,1,0,0,0,0,0,0,0,0,0,0,0,0,0,0,0,0,0,0,0,0,0,0,0,0,0,0,0,0,0,0,0,0,0,0,0,0	2,0,0,0,0,0,0,0,1,0,0,0,0,0,0,0,0,0,0,0,0,0,0,0,0,0,0,1,0,0,0,0,0,0,0,0,0,0,0,0
tb.dut.clusters[0].cluster.l2cache	4	14165	1487355	7053	1549	7053	387	1549	33843	784	137,424,634,92,90,51,19,10,33,29,4,1,0,2,0,1,6,6,4,3,3,0,0,0,0,0,0,0,0,0,0,0,0,0,0,0,0,0,0,0	149,105,99,63,49,52,44,47,72,88,45,44,41,15,49,19,369,87,70,33,6,3,0,0,0,0,0,0,0,0,0,0,0,0,0,0,0,0,0,0	71	3804	1435	3804	168	1436	37092	875	509,627,73,76,76,28,7,14,2,2,3,1,3,1,0,2,6,2,2,1,0,0,0,0,0,0,0,0,0,0,0,0,0,0,0,0,0,0,0,0	169,79,113,107,41,30,49,19,32,39,31,19,65,38,19,46,274,134,82,38,9,3,0,0,0,0,0,0,0,0,0,0,0,0,0,0,0,0,0,0
tb.dut.clusters[0].cluster.l2cache.core_bus_cache_if[0]	5	1298	101281	4402	951	4402	384	952	36494	804	2,759,8,97,1,37,1,22,0,2,0,1,0,0,0,3,6,4,3,4,1,0,0,0,0,0,0,0,0,0,0,0,0,0,0,0,0,0,0,0	74,36,25,104,29,20,28,8,16,19,8,10,59,9,6,13,142,185,106,46,6,3,0,0,0,0,0,0,0,0,0,0,0,0,0,0,0,0,0,0	7	3306	1024	3306	168	1025	37590	875	120,633,55,79,65,30,4,16,0,2,3,0,3,1,0,2,6,2,2,1,0,0,0,0,0,0,0,0,0,0,0,0,0,0,0,0,0,0,0,0	101,57,94,102,29,16,24,7,16,17,10,8,62,7,9,15,104,187,108,38,9,5,0,0,0,0,0,0,0,0,0,0,0,0,0,0,0,0,0,0
tb.dut.clusters[0].cluster.l2cache.core_bus_if[0]	5	1298	206900	7050	1548	7050	387	1549	33846	784	138,422,634,92,90,51,19,10,33,29,4,1,0,2,0,1,6,6,4,3,3,0,0,0,0,0,0,0,0,0,0,0,0,0,0,0,0,0,0,0	150,105,99,63,49,52,44,47,72,88,45,44,41,15,49,18,369,87,70,33,6,3,0,0,0,0,0,0,0,0,0,0,0,0,0,0,0,0,0,0	7	4021	1515	4021	328	1516	36875	804	583,644,85,77,67,10,6,15,1,3,4,1,3,0,0,2,8,3,2,0,1,0,0,0,0,0,0,0,0,0,0,0,0,0,0,0,0,0,0,0	194,69,129,108,45,30,46,19,34,47,36,28,66,42,24,44,302,127,75,40,8,3,0,0,0,0,0,0,0,0,0,0,0,0,0,0,0,0,0,0
tb.dut.clusters[0].cluster.l2cache.genblk2	5	8274	966849	7051	1549	7051	387	1550	33845	784	139,422,634,92,90,51,19,10,33,29,4,1,0,2,0,1,6,6,4,3,3,0,0,0,0,0,0,0,0,0,0,0,0,0,0,0,0,0,0,0	150,105,99,63,49,52,44,47,72,88,45,44,41,15,49,18,370,87,70,33,6,3,0,0,0,0,0,0,0,0,0,0,0,0,0,0,0,0,0,0	42	3911	1474	3911	202	1475	36985	804	518,645,84,77,74,30,8,14,1,2,3,1,3,0,2,2,5,2,2,1,0,0,0,0,0,0,0,0,0,0,0,0,0,0,0,0,0,0,0,0	196,75,124,107,41,29,37,19,32,39,32,20,64,38,19,46,283,146,77,40,8,3,0,0,0,0,0,0,0,0,0,0,0,0,0,0,0,0,0,0
tb.dut.clusters[0].cluster.l2cache.genblk2.cache_bypass	6	8273	966847	7051	1549	7051	387	1550	33845	784	139,422,634,92,90,51,19,10,33,29,4,1,0,2,0,1,6,6,4,3,3,0,0,0,0,0,0,0,0,0,0,0,0,0,0,0,0,0,0,0	150,105,99,63,49,52,44,47,72,88,45,44,41,15,49,18,370,87,70,33,6,3,0,0,0,0,0,0,0,0,0,0,0,0,0,0,0,0,0,0	42	3911	1474	3911	202	1475	36985	804	518,645,84,77,74,30,8,14,1,2,3,1,3,0,2,2,5,2,2,1,0,0,0,0,0,0,0,0,0,0,0,0,0,0,0,0,0,0,0,0	196,75,124,107,41,29,37,19,32,39,32,20,64,38,19,46,283,146,77,40,8,3,0,0,0,0,0,0,0,0,0,0,0,0,0,0,0,0,0,0
tb.dut.clusters[0].cluster.l2cache.genblk2.cache_bypass.core_bus_in_if[0]	7	1298	206900	7050	1548	7050	387	1549	33846	784	138,422,634,92,90,51,19,10,33,29,4,1,0,2,0,1,6,6,4,3,3,0,0,0,0,0,0,0,0,0,0,0,0,0,0,0,0,0,0,0	150,105,99,63,49,52,44,47,72,88,45,44,41,15,49,18,369,87,70,33,6,3,0,0,0,0,0,0,0,0,0,0,0,0,0,0,0,0,0,0	7	4021	1515	4021	328	1516	36875	804	583,644,85,77,67,10,6,15,1,3,4,1,3,0,0,2,8,3,2,0,1,0,0,0,0,0,0,0,0,0,0,0,0,0,0,0,0,0,0,0	194,69,129,108,45,30,46,19,34,47,36,28,66,42,24,44,302,127,75,40,8,3,0,0,0,0,0,0,0,0,0,0,0,0,0,0,0,0,0,0
tb.dut.clusters[0].cluster.l2cache.genblk2.cache_bypass.core_bus_out_if[0]	7	1298	101281	4402	951	4402	384	952	36494	804	2,759,8,97,1,37,1,22,0,2,0,1,0,0,0,3,6,4,3,4,1,0,0,0,0,0,0,0,0,0,0,0,0,0,0,0,0,0,0,0	74,36,25,104,29,20,28,8,16,19,8,10,59,9,6,13,142,185,106,46,6,3,0,0,0,0,0,0,0,0,0,0,0,0,0,0,0,0,0,0	7	3306	1024	3306	168	1025	37590	875	120,633,55,79,65,30,4,16,0,2,3,0,3,1,0,2,6,2,2,1,0,0,0,0,0,0,0,0,0,0,0,0,0,0,0,0,0,0,0,0	101,57,94,102,29,16,24,7,16,17,10,8,62,7,9,15,104,187,108,38,9,5,0,0,0,0,0,0,0,0,0,0,0,0,0,0,0,0,0,0
tb.dut.clusters[0].cluster.l2cache.genblk2.cache_bypass.mem_bus_in_if	7	1290	4350	4350	963	4350	253	964	36546	804	21,751,2,97,1,36,0,22,0,2,0,1,0,0,2,3,10,5,4,6,0,0,0,0,0,0,0,0,0,0,0,0,0,0,0,0,0,0,0,0	82,48,25,104,29,20,28,7,16,15,8,10,59,8,6,13,138,186,107,46,6,3,0,0,0,0,0,0,0,0,0,0,0,0,0,0,0,0,0,0	7	0	0	0	0	1	40896	40896	0,0,0,0,0,0,0,0,0,0,0,0,0,0,0,0,0,0,0,0,0,0,0,0,0,0,0,0,0,0,0,0,0,0,0,0,0,0,0,0	0,0,0,0,0,0,0,0,0,0,0,0,0,0,0,0,0,0,0,0,0,0,0,0,0,0,0,1,0,0,0,0,0,0,0,0,0,0,0,0
tb.dut.clusters[0].cluster.l2cache.genblk2.cache_bypass.mem_bus_out_if	7	1298	207973	7041	1547	7041	387	1548	33855	784	137,422,634,92,90,53,17,16,27,29,4,1,0,2,0,1,6,6,4,3,3,0,0,0,0,0,0,0,0,0,0,0,0,0,0,0,0,0,0,0	148,105,100,63,49,52,44,46,73,84,49,44,41,14,50,18,369,87,70,33,6,3,0,0,0,0,0,0,0,0,0,0,0,0,0,0,0,0,0,0	7	4054	1543	4054	328	1544	36842	804	609,646,85,75,68,11,6,15,1,3,4,1,3,0,0,2,8,3,2,0,1,0,0,0,0,0,0,0,0,0,0,0,0,0,0,0,0,0,0,0	200,70,131,109,45,40,46,19,35,48,36,34,65,47,25,42,307,119,75,40,8,3,0,0,0,0,0,0,0,0,0,0,0,0,0,0,0,0,0,0
tb.dut.clusters[0].cluster.l2cache.mem_bus_cache_if	5	1290	4350	4350	963	4350	253	964	36546	804	21,751,2,97,1,36,0,22,0,2,0,1,0,0,2,3,10,5,4,6,0,0,0,0,0,0,0,0,0,0,0,0,0,0,0,0,0,0,0,0	82,48,25,104,29,20,28,7,16,15,8,10,59,8,6,13,138,186,107,46,6,3,0,0,0,0,0,0,0,0,0,0,0,0,0,0,0,0,0,0	7	0	0	0	0	1	40896	40896	0,0,0,0,0,0,0,0,0,0,0,0,0,0,0,0,0,0,0,0,0,0,0,0,0,0,0,0,0,0,0,0,0,0,0,0,0,0,0,0	0,0,0,0,0,0,0,0,0,0,0,0,0,0,0,0,0,0,0,0,0,0,0,0,0,0,0,1,0,0,0,0,0,0,0,0,0,0,0,0
tb.dut.clusters[0].cluster.l2cache.mem_bus_if	5	1298	207973	7041	1547	7041	387	1548	33855	784	137,422,634,92,90,53,17,16,27,29,4,1,0,2,0,1,6,6,4,3,3,0,0,0,0,0,0,0,0,0,0,0,0,0,0,0,0,0,0,0	148,105,100,63,49,52,44,46,73,84,49,44,41,14,50,18,369,87,70,33,6,3,0,0,0,0,0,0,0,0,0,0,0,0,0,0,0,0,0,0	7	4054	1543	4054	328	1544	36842	804	609,646,85,75,68,11,6,15,1,3,4,1,3,0,0,2,8,3,2,0,1,0,0,0,0,0,0,0,0,0,0,0,0,0,0,0,0,0,0,0	200,70,131,109,45,40,46,19,35,48,36,34,65,47,25,42,307,119,75,40,8,3,0,0,0,0,0,0,0,0,0,0,0,0,0,0,0,0,0,0
tb.dut.clusters[0].cluster.mem_bus_if	4	1298	207973	7041	1547	7041	387	1548	33855	784	137,422,634,92,90,53,17,16,27,29,4,1,0,2,0,1,6,6,4,3,3,0,0,0,0,0,0,0,0,0,0,0,0,0,0,0,0,0,0,0	148,105,100,63,49,52,44,46,73,84,49,44,41,14,50,18,369,87,70,33,6,3,0,0,0,0,0,0,0,0,0,0,0,0,0,0,0,0,0,0	7	4054	1543	4054	328	1544	36842	804	609,646,85,75,68,11,6,15,1,3,4,1,3,0,0,2,8,3,2,0,1,0,0,0,0,0,0,0,0,0,0,0,0,0,0,0,0,0,0,0	200,70,131,109,45,40,46,19,35,48,36,34,65,47,25,42,307,119,75,40,8,3,0,0,0,0,0,0,0,0,0,0,0,0,0,0,0,0,0,0
tb.dut.clusters[0].cluster.per_socket_mem_bus_if[0]	4	1298	206900	7050	1548	7050	387	1549	33846	784	138,422,634,92,90,51,19,10,33,29,4,1,0,2,0,1,6,6,4,3,3,0,0,0,0,0,0,0,0,0,0,0,0,0,0,0,0,0,0,0	150,105,99,63,49,52,44,47,72,88,45,44,41,15,49,18,369,87,70,33,6,3,0,0,0,0,0,0,0,0,0,0,0,0,0,0,0,0,0,0	7	4021	1515	4021	328	1516	36875	804	583,644,85,77,67,10,6,15,1,3,4,1,3,0,0,2,8,3,2,0,1,0,0,0,0,0,0,0,0,0,0,0,0,0,0,0,0,0,0,0	194,69,129,108,45,30,46,19,34,47,36,28,66,42,24,44,302,127,75,40,8,3,0,0,0,0,0,0,0,0,0,0,0,0,0,0,0,0,0,0
tb.dut.clusters[0].cluster.socket_dcr_bus_if	4	45	25	10	1	10	10	2	40886	40877	0,0,0,0,0,0,0,0,0,1,0,0,0,0,0,0,0,0,0,0,0,0,0,0,0,0,0,0,0,0,0,0,0,0,0,0,0,0,0,0	0,0,0,0,0,0,0,0,1,0,0,0,0,0,0,0,0,0,0,0,0,0,0,0,0,0,0,1,0,0,0,0,0,0,0,0,0,0,0,0	2	7	3	7	4	4	40889	40878	1,1,0,1,0,0,0,0,0,0,0,0,0,0,0,0,0,0,0,0,0,0,0,0,0,0,0,0,0,0,0,0,0,0,0,0,0,0,0,0	2,0,0,0,0,0,0,0,1,0,0,0,0,0,0,0,0,0,0,0,0,0,0,0,0,0,0,1,0,0,0,0,0,0,0,0,0,0,0,0
tb.dut.clusters[0].cluster.socket_dcr_bus_tmp_if	4	45	25	10	1	10	10	2	40886	40877	0,0,0,0,0,0,0,0,0,1,0,0,0,0,0,0,0,0,0,0,0,0,0,0,0,0,0,0,0,0,0,0,0,0,0,0,0,0,0,0	0,0,0,0,0,0,0,0,1,0,0,0,0,0,0,0,0,0,0,0,0,0,0,0,0,0,0,1,0,0,0,0,0,0,0,0,0,0,0,0	2	7	3	7	4	4	40889	40878	1,1,0,1,0,0,0,0,0,0,0,0,0,0,0,0,0,0,0,0,0,0,0,0,0,0,0,0,0,0,0,0,0,0,0,0,0,0,0,0	2,0,0,0,0,0,0,0,1,0,0,0,0,0,0,0,0,0,0,0,0,0,0,0,0,0,0,1,0,0,0,0,0,0,0,0,0,0,0,0
tb.dut.clusters[0].cluster.sockets[0]	4	401737	70515773	40885	2	40885	40866	2	11	10	0,0,0,0,0,0,0,0,0,0,0,0,0,0,0,0,1,0,0,0,0,0,0,0,0,0,0,1,0,0,0,0,0,0,0,0,0,0,0,0	1,0,0,0,0,0,0,0,0,1,0,0,0,0,0,0,0,0,0,0,0,0,0,0,0,0,0,0,0,0,0,0,0,0,0,0,0,0,0,0	2009	13257	4042	13257	122	4043	27639	374	1622,803,409,436,265,97,84,48,47,70,39,18,15,14,7,9,48,7,4,0,0,0,0,0,0,0,0,0,0,0,0,0,0,0,0,0,0,0,0,0	1349,528,471,347,186,114,141,121,105,82,59,41,35,44,38,31,249,60,29,9,4,0,0,0,0,0,0,0,0,0,0,0,0,0,0,0,0,0,0,0
tb.dut.clusters[0].cluster.sockets[0].socket	5	401736	70515771	40885	2	40885	40866	2	11	10	0,0,0,0,0,0,0,0,0,0,0,0,0,0,0,0,1,0,0,0,0,0,0,0,0,0,0,1,0,0,0,0,0,0,0,0,0,0,0,0	1,0,0,0,0,0,0,0,0,1,0,0,0,0,0,0,0,0,0,0,0,0,0,0,0,0,0,0,0,0,0,0,0,0,0,0,0,0,0,0	2009	13257	4042	13257	122	4043	27639	374	1622,803,409,436,265,97,84,48,47,70,39,18,15,14,7,9,48,7,4,0,0,0,0,0,0,0,0,0,0,0,0,0,0,0,0,0,0,0,0,0	1349,528,471,347,186,114,141,121,105,82,59,41,35,44,38,31,249,60,29,9,4,0,0,0,0,0,0,0,0,0,0,0,0,0,0,0,0,0,0,0
tb.dut.clusters[0].cluster.sockets[0].socket.core_dcr_bus_if	6	45	25	10	1	10	10	2	40886	40877	0,0,0,0,0,0,0,0,0,1,0,0,0,0,0,0,0,0,0,0,0,0,0,0,0,0,0,0,0,0,0,0,0,0,0,0,0,0,0,0	0,0,0,0,0,0,0,0,1,0,0,0,0,0,0,0,0,0,0,0,0,0,0,0,0,0,0,1,0,0,0,0,0,0,0,0,0,0,0,0	2	7	3	7	4	4	40889	40878	1,1,0,1,0,0,0,0,0,0,0,0,0,0,0,0,0,0,0,0,0,0,0,0,0,0,0,0,0,0,0,0,0,0,0,0,0,0,0,0	2,0,0,0,0,0,0,0,1,0,0,0,0,0,0,0,0,0,0,0,0,0,0,0,0,0,0,1,0,0,0,0,0,0,0,0,0,0,0,0
tb.dut.clusters[0].cluster.sockets[0].socket.cores[0]	6	263404	48000871	40884	2	40884	40865	2	12	10	0,0,0,0,0,0,0,0,0,0,0,0,0,0,0,0,1,0,0,0,0,0,0,0,0,0,0,1,0,0,0,0,0,0,0,0,0,0,0,0	0,1,0,0,0,0,0,0,0,1,0,0,0,0,0,0,0,0,0,0,0,0,0,0,0,0,0,0,0,0,0,0,0,0,0,0,0,0,0,0	1318	13564	3377	13564	95	3378	27332	903	1084,596,301,436,292,131,108,71,65,64,58,24,22,16,20,23,54,11,1,0,0,0,0,0,0,0,0,0,0,0,0,0,0,0,0,0,0,0,0,0	1144,492,353,236,129,91,132,98,108,75,64,28,29,24,25,43,153,89,51,7,5,2,0,0,0,0,0,0,0,0,0,0,0,0,0,0,0,0,0,0
tb.dut.clusters[0].cluster.sockets[0].socket.cores[0].core	7	263403	48000869	40884	2	40884	40865	2	12	10	0,0,0,0,0,0,0,0,0,0,0,0,0,0,0,0,1,0,0,0,0,0,0,0,0,0,0,1,0,0,0,0,0,0,0,0,0,0,0,0	0,1,0,0,0,0,0,0,0,1,0,0,0,0,0,0,0,0,0,0,0,0,0,0,0,0,0,0,0,0,0,0,0,0,0,0,0,0,0,0	1318	13564	3377	13564	95	3378	27332	903	1084,596,301,436,292,131,108,71,65,64,58,24,22,16,20,23,54,11,1,0,0,0,0,0,0,0,0,0,0,0,0,0,0,0,0,0,0,0,0,0	1144,492,353,236,129,91,132,98,108,75,64,28,29,24,25,43,153,89,51,7,5,2,0,0,0,0,0,0,0,0,0,0,0,0,0,0,0,0,0,0
tb.dut.clusters[0].cluster.sockets[0].socket.cores[0].core.branch_ctl_if[0]	8	35	94451	10081	3506	10081	15	3507	30815	952	77,1993,414,620,262,77,25,18,7,8,2,1,1,0,1,0,0,0,0,0,0,0,0,0,0,0,0,0,0,0,0,0,0,0,0,0,0,0,0,0	626,480,335,552,145,213,181,130,104,138,64,38,39,39,47,24,201,102,33,11,2,3,0,0,0,0,0,0,0,0,0,0,0,0,0,0,0,0,0,0	2	9287	3703	9287	13	3704	31609	952	514,1991,457,463,183,54,17,14,6,2,1,0,1,0,0,0,0,0,0,0,0,0,0,0,0,0,0,0,0,0,0,0,0,0,0,0,0,0,0,0	748,479,348,568,178,206,173,131,113,130,75,49,38,43,49,24,198,104,34,11,2,3,0,0,0,0,0,0,0,0,0,0,0,0,0,0,0,0,0,0
tb.dut.clusters[0].cluster.sockets[0].socket.cores[0].core.commit	8	2317	2438887	25637	2339	25637	231	2340	15259	301	0,2,0,0,678,172,233,174,164,150,167,57,58,49,41,29,289,63,11,2,0,0,0,0,0,0,0,0,0,0,0,0,0,0,0,0,0,0,0,0	576,196,337,232,151,124,157,43,118,40,28,49,20,40,23,15,148,39,3,0,1,0,0,0,0,0,0,0,0,0,0,0,0,0,0,0,0,0,0,0	12	19476	3555	19476	207	3556	21420	325	145,139,1262,321,560,307,185,139,179,80,52,54,15,9,11,13,59,22,1,2,0,0,0,0,0,0,0,0,0,0,0,0,0,0,0,0,0,0,0,0	862,385,543,239,242,306,156,122,147,38,74,84,28,38,25,39,179,45,3,0,1,0,0,0,0,0,0,0,0,0,0,0,0,0,0,0,0,0,0,0
tb.dut.clusters[0].cluster.sockets[0].socket.cores[0].core.commit.commit_arb_if[0]	9	242	582363	15034	4425	15034	206	4426	25862	319	6,2329,653,721,392,128,60,43,24,17,12,6,3,0,4,0,3,20,2,2,0,0,0,0,0,0,0,0,0,0,0,0,0,0,0,0,0,0,0,0	1007,648,434,577,193,337,232,151,124,158,42,119,39,28,49,20,211,53,3,0,1,0,0,0,0,0,0,0,0,0,0,0,0,0,0,0,0,0,0,0	2	14673	4741	14673	39	4742	26223	319	344,2451,663,634,330,127,57,40,22,15,11,4,3,0,2,0,15,23,0,0,0,0,0,0,0,0,0,0,0,0,0,0,0,0,0,0,0,0,0,0	1311,655,437,579,193,338,232,150,125,155,43,119,40,28,49,20,208,56,3,0,1,0,0,0,0,0,0,0,0,0,0,0,0,0,0,0,0,0,0,0
tb.dut.clusters[0].cluster.sockets[0].socket.cores[0].core.commit.commit_csr_if	9	44	17126	8557	5659	8557	16	5660	32339	329	3891,1077,445,165,39,21,4,7,3,2,1,2,0,1,0,1,0,0,0,0,0,0,0,0,0,0,0,0,0,0,0,0,0,0,0,0,0,0,0,0	1122,1021,669,453,596,197,343,237,153,126,160,42,119,39,29,49,238,63,3,0,1,0,0,0,0,0,0,0,0,0,0,0,0,0,0,0,0,0,0,0	2	4293	4271	4293	3	4272	36603	333	4252,16,3,0,0,0,0,0,0,0,0,0,0,0,0,0,0,0,0,0,0,0,0,0,0,0,0,0,0,0,0,0,0,0,0,0,0,0,0,0	559,300,353,334,470,226,256,210,206,228,231,113,76,112,107,54,301,132,3,0,1,0,0,0,0,0,0,0,0,0,0,0,0,0,0,0,0,0,0,0
tb.dut.clusters[0].cluster.sockets[0].socket.cores[0].core.commit.commit_if[0]	9	242	455047	11262	3386	11262	206	3387	29634	952	5,1921,385,616,267,88,25,27,11,10,2,3,2,0,1,0,0,19,2,2,0,0,0,0,0,0,0,0,0,0,0,0,0,0,0,0,0,0,0,0	599,475,338,522,129,208,175,123,109,141,61,38,36,36,47,25,189,87,33,11,2,3,0,0,0,0,0,0,0,0,0,0,0,0,0,0,0,0,0,0	2	10864	3767	10864	177	3768	30032	952	405,2120,376,505,206,73,23,19,8,5,0,1,1,1,1,0,6,13,2,2,0,0,0,0,0,0,0,0,0,0,0,0,0,0,0,0,0,0,0,0	971,480,339,525,129,208,175,123,109,141,61,37,37,36,47,25,189,87,33,11,2,3,0,0,0,0,0,0,0,0,0,0,0,0,0,0,0,0,0,0
tb.dut.clusters[0].cluster.sockets[0].socket.cores[0].core.commit.commit_if[1]	9	242	76759	3999	1572	3999	39	1573	36897	857	0,1176,153,169,28,22,8,5,4,4,1,0,0,0,0,0,1,1,0,0,0,0,0,0,0,0,0,0,0,0,0,0,0,0,0,0,0,0,0,0	201,61,53,117,38,197,83,67,47,35,8,20,65,10,9,10,299,122,87,34,8,2,0,0,0,0,0,0,0,0,0,0,0,0,0,0,0,0,0,0	2	3892	1679	3892	28	1680	37004	857	121,1215,147,150,19,15,7,1,0,3,0,0,0,0,0,0,1,0,0,0,0,0,0,0,0,0,0,0,0,0,0,0,0,0,0,0,0,0,0,0	308,61,53,117,38,197,83,67,47,35,8,20,65,10,9,10,299,122,87,34,8,2,0,0,0,0,0,0,0,0,0,0,0,0,0,0,0,0,0,0
tb.dut.clusters[0].cluster.sockets[0].socket.cores[0].core.commit.commit_if[2]	9	242	11100	862	351	862	9	352	40034	2516	0,287,9,24,24,6,0,0,1,0,0,0,0,0,0,0,0,0,0,0,0,0,0,0,0,0,0,0,0,0,0,0,0,0,0,0,0,0,0,0	9,4,3,5,1,3,10,4,1,1,1,1,55,2,11,6,36,67,63,39,13,12,4,1,0,0,0,0,0,0,0,0,0,0,0,0,0,0,0,0	2	799	413	799	6	414	40097	2516	89,292,6,24,0,2,0,0,0,0,0,0,0,0,0,0,0,0,0,0,0,0,0,0,0,0,0,0,0,0,0,0,0,0,0,0,0,0,0,0	70,5,3,5,1,3,10,4,1,1,1,1,55,2,11,6,36,67,63,39,13,12,4,1,0,0,0,0,0,0,0,0,0,0,0,0,0,0,0,0
tb.dut.clusters[0].cluster.sockets[0].socket.cores[0].core.commit.commit_if[3]	9	242	2	1	1	1	1	2	40895	40890	1,0,0,0,0,0,0,0,0,0,0,0,0,0,0,0,0,0,0,0,0,0,0,0,0,0,0,0,0,0,0,0,0,0,0,0,0,0,0,0	0,0,0,0,1,0,0,0,0,0,0,0,0,0,0,0,0,0,0,0,0,0,0,0,0,0,0,1,0,0,0,0,0,0,0,0,0,0,0,0	2	1	1	1	1	2	40895	40890	1,0,0,0,0,0,0,0,0,0,0,0,0,0,0,0,0,0,0,0,0,0,0,0,0,0,0,0,0,0,0,0,0,0,0,0,0,0,0,0	0,0,0,0,1,0,0,0,0,0,0,0,0,0,0,0,0,0,0,0,0,0,0,0,0,0,0,1,0,0,0,0,0,0,0,0,0,0,0,0
tb.dut.clusters[0].cluster.sockets[0].socket.cores[0].core.commit.commit_sched_if	9	4	14902	12885	5120	12885	39	5121	28011	327	966,2516,515,665,306,69,27,24,14,8,3,3,1,0,2,0,0,1,0,0,0,0,0,0,0,0,0,0,0,0,0,0,0,0,0,0,0,0,0,0	1608,678,449,600,192,340,237,144,125,161,42,116,37,26,48,23,197,92,5,0,1,0,0,0,0,0,0,0,0,0,0,0,0,0,0,0,0,0,0,0	2	2017	1350	2017	13	1351	38879	2916	886,323,112,13,8,5,2,0,0,0,0,0,1,0,0,0,0,0,0,0,0,0,0,0,0,0,0,0,0,0,0,0,0,0,0,0,0,0,0,0	54,32,25,101,113,22,20,8,25,79,112,41,27,28,17,22,339,197,64,15,6,2,0,2,0,0,0,0,0,0,0,0,0,0,0,0,0,0,0,0
tb.dut.clusters[0].cluster.sockets[0].socket.cores[0].core.commit.genblk1[0]	9	713	542910	15036	4425	15036	206	4426	25860	301	5,2329,654,721,392,128,60,43,24,17,12,6,3,0,4,0,3,20,2,2,0,0,0,0,0,0,0,0,0,0,0,0,0,0,0,0,0,0,0,0	1007,647,434,577,193,337,232,151,124,158,42,118,40,28,49,20,212,53,3,0,1,0,0,0,0,0,0,0,0,0,0,0,0,0,0,0,0,0,0,0	4	13929	4771	13929	38	4772	26967	319	580,2376,603,643,297,122,39,37,15,13,8,3,2,0,2,0,15,16,0,0,0,0,0,0,0,0,0,0,0,0,0,0,0,0,0,0,0,0,0,0	1147,796,466,561,198,310,254,173,131,157,46,84,66,35,42,25,216,61,3,0,1,0,0,0,0,0,0,0,0,0,0,0,0,0,0,0,0,0,0,0
tb.dut.clusters[0].cluster.sockets[0].socket.cores[0].core.commit.genblk2[0]	9	3	11502	11394	6265	11394	25	6266	29502	326	2843,2493,399,417,47,43,5,9,5,3,0,0,0,0,0,0,1,0,0,0,0,0,0,0,0,0,0,0,0,0,0,0,0,0,0,0,0,0,0,0	2078,1105,609,634,217,348,244,155,127,161,44,120,40,29,50,21,225,55,3,0,1,0,0,0,0,0,0,0,0,0,0,0,0,0,0,0,0,0,0,0	2	105	74	105	4	75	40791	8129	48,23,1,2,0,0,0,0,0,0,0,0,0,0,0,0,0,0,0,0,0,0,0,0,0,0,0,0,0,0,0,0,0,0,0,0,0,0,0,0	4,4,0,1,1,0,0,0,1,0,3,2,0,0,3,1,24,6,5,9,3,0,2,2,4,0,0,0,0,0,0,0,0,0,0,0,0,0,0,0
tb.dut.clusters[0].cluster.sockets[0].socket.cores[0].core.commit.writeback_if[0]	9	175	574662	15033	4424	15033	206	4425	25863	319	5,2329,653,721,392,128,60,43,24,17,12,6,3,0,4,0,3,20,2,2,0,0,0,0,0,0,0,0,0,0,0,0,0,0,0,0,0,0,0,0	1005,648,435,577,193,337,232,151,124,158,42,119,39,28,49,20,211,53,3,0,1,0,0,0,0,0,0,0,0,0,0,0,0,0,0,0,0,0,0,0	2	14673	4741	14673	39	4742	26223	319	344,2451,663,634,330,127,57,40,22,15,11,4,3,0,2,0,15,23,0,0,0,0,0,0,0,0,0,0,0,0,0,0,0,0,0,0,0,0,0,0	1311,655,437,579,193,338,232,150,125,155,43,119,40,28,49,20,208,56,3,0,1,0,0,0,0,0,0,0,0,0,0,0,0,0,0,0,0,0,0,0
tb.dut.clusters[0].cluster.sockets[0].socket.cores[0].core.commit_csr_if	8	44	17126	8557	5659	8557	16	5660	32339	329	3891,1077,445,165,39,21,4,7,3,2,1,2,0,1,0,1,0,0,0,0,0,0,0,0,0,0,0,0,0,0,0,0,0,0,0,0,0,0,0,0	1122,1021,669,453,596,197,343,237,153,126,160,42,119,39,29,49,238,63,3,0,1,0,0,0,0,0,0,0,0,0,0,0,0,0,0,0,0,0,0,0	2	4293	4271	4293	3	4272	36603	333	4252,16,3,0,0,0,0,0,0,0,0,0,0,0,0,0,0,0,0,0,0,0,0,0,0,0,0,0,0,0,0,0,0,0,0,0,0,0,0,0	559,300,353,334,470,226,256,210,206,228,231,113,76,112,107,54,301,132,3,0,1,0,0,0,0,0,0,0,0,0,0,0,0,0,0,0,0,0,0,0
tb.dut.clusters[0].cluster.sockets[0].socket.cores[0].core.commit_if[0]	8	242	455047	11262	3386	11262	206	3387	29634	952	5,1921,385,616,267,88,25,27,11,10,2,3,2,0,1,0,0,19,2,2,0,0,0,0,0,0,0,0,0,0,0,0,0,0,0,0,0,0,0,0	599,475,338,522,129,208,175,123,109,141,61,38,36,36,47,25,189,87,33,11,2,3,0,0,0,0,0,0,0,0,0,0,0,0,0,0,0,0,0,0	2	10864	3767	10864	177	3768	30032	952	405,2120,376,505,206,73,23,19,8,5,0,1,1,1,1,0,6,13,2,2,0,0,0,0,0,0,0,0,0,0,0,0,0,0,0,0,0,0,0,0	971,480,339,525,129,208,175,123,109,141,61,37,37,36,47,25,189,87,33,11,2,3,0,0,0,0,0,0,0,0,0,0,0,0,0,0,0,0,0,0
tb.dut.clusters[0].cluster.sockets[0].socket.cores[0].core.commit_if[1]	8	242	76759	3999	1572	3999	39	1573	36897	857	0,1176,153,169,28,22,8,5,4,4,1,0,0,0,0,0,1,1,0,0,0,0,0,0,0,0,0,0,0,0,0,0,0,0,0,0,0,0,0,0	201,61,53,117,38,197,83,67,47,35,8,20,65,10,9,10,299,122,87,34,8,2,0,0,0,0,0,0,0,0,0,0,0,0,0,0,0,0,0,0	2	3892	1679	3892	28	1680	37004	857	121,1215,147,150,19,15,7,1,0,3,0,0,0,0,0,0,1,0,0,0,0,0,0,0,0,0,0,0,0,0,0,0,0,0,0,0,0,0,0,0	308,61,53,117,38,197,83,67,47,35,8,20,65,10,9,10,299,122,87,34,8,2,0,0,0,0,0,0,0,0,0,0,0,0,0,0,0,0,0,0
tb.dut.clusters[0].cluster.sockets[0].socket.cores[0].core.commit_if[2]	8	242	11100	862	351	862	9	352	40034	2516	0,287,9,24,24,6,0,0,1,0,0,0,0,0,0,0,0,0,0,0,0,0,0,0,0,0,0,0,0,0,0,0,0,0,0,0,0,0,0,0	9,4,3,5,1,3,10,4,1,1,1,1,55,2,11,6,36,67,63,39,13,12,4,1,0,0,0,0,0,0,0,0,0,0,0,0,0,0,0,0	2	799	413	799	6	414	40097	2516	89,292,6,24,0,2,0,0,0,0,0,0,0,0,0,0,0,0,0,0,0,0,0,0,0,0,0,0,0,0,0,0,0,0,0,0,0,0,0,0	70,5,3,5,1,3,10,4,1,1,1,1,55,2,11,6,36,67,63,39,13,12,4,1,0,0,0,0,0,0,0,0,0,0,0,0,0,0,0,0
tb.dut.clusters[0].cluster.sockets[0].socket.cores[0].core.commit_if[3]	8	242	2	1	1	1	1	2	40895	40890	1,0,0,0,0,0,0,0,0,0,0,0,0,0,0,0,0,0,0,0,0,0,0,0,0,0,0,0,0,0,0,0,0,0,0,0,0,0,0,0	0,0,0,0,1,0,0,0,0,0,0,0,0,0,0,0,0,0,0,0,0,0,0,0,0,0,0,1,0,0,0,0,0,0,0,0,0,0,0,0	2	1	1	1	1	2	40895	40890	1,0,0,0,0,0,0,0,0,0,0,0,0,0,0,0,0,0,0,0,0,0,0,0,0,0,0,0,0,0,0,0,0,0,0,0,0,0,0,0	0,0,0,0,1,0,0,0,0,0,0,0,0,0,0,0,0,0,0,0,0,0,0,0,0,0,0,1,0,0,0,0,0,0,0,0,0,0,0,0
tb.dut.clusters[0].cluster.sockets[0].socket.cores[0].core.commit_sched_if	8	4	14902	12885	5120	12885	39	5121	28011	327	966,2516,515,665,306,69,27,24,14,8,3,3,1,0,2,0,0,1,0,0,0,0,0,0,0,0,0,0,0,0,0,0,0,0,0,0,0,0,0,0	1608,678,449,600,192,340,237,144,125,161,42,116,37,26,48,23,197,92,5,0,1,0,0,0,0,0,0,0,0,0,0,0,0,0,0,0,0,0,0,0	2	2017	1350	2017	13	1351	38879	2916	886,323,112,13,8,5,2,0,0,0,0,0,1,0,0,0,0,0,0,0,0,0,0,0,0,0,0,0,0,0,0,0,0,0,0,0,0,0,0,0	54,32,25,101,113,22,20,8,25,79,112,41,27,28,17,22,339,197,64,15,6,2,0,2,0,0,0,0,0,0,0,0,0,0,0,0,0,0,0,0
tb.dut.clusters[0].cluster.sockets[0].socket.cores[0].core.dcache_bus_if[0]	8	474	75110	7859	2228	7859	384	2229	33037	791	352,1228,170,306,7,18,42,55,8,11,0,2,0,1,3,2,11,4,2,3,3,0,0,0,0,0,0,0,0,0,0,0,0,0,0,0,0,0,0,0	367,289,495,222,40,73,27,22,17,19,24,19,71,19,17,34,273,89,69,33,8,2,0,0,0,0,0,0,0,0,0,0,0,0,0,0,0,0,0,0	3	4334	3324	4334	14	3325	36562	794	2675,479,73,61,14,2,16,1,0,0,2,0,0,1,0,0,0,0,0,0,0,0,0,0,0,0,0,0,0,0,0,0,0,0,0,0,0,0,0,0	1508,253,256,280,220,32,21,24,22,15,19,7,14,65,22,18,332,105,69,33,8,2,0,0,0,0,0,0,0,0,0,0,0,0,0,0,0,0,0,0
tb.dut.clusters[0].cluster.sockets[0].socket.cores[0].core.dcr_bus_if	8	45	25	10	1	10	10	2	40886	40877	0,0,0,0,0,0,0,0,0,1,0,0,0,0,0,0,0,0,0,0,0,0,0,0,0,0,0,0,0,0,0,0,0,0,0,0,0,0,0,0	0,0,0,0,0,0,0,0,1,0,0,0,0,0,0,0,0,0,0,0,0,0,0,0,0,0,0,1,0,0,0,0,0,0,0,0,0,0,0,0	2	7	3	7	4	4	40889	40878	1,1,0,1,0,0,0,0,0,0,0,0,0,0,0,0,0,0,0,0,0,0,0,0,0,0,0,0,0,0,0,0,0,0,0,0,0,0,0,0	2,0,0,0,0,0,0,0,1,0,0,0,0,0,0,0,0,0,0,0,0,0,0,0,0,0,0,1,0,0,0,0,0,0,0,0,0,0,0,0
tb.dut.clusters[0].cluster.sockets[0].socket.cores[0].core.dcr_data	8	190	33	12	3	12	10	4	40884	40873	2,0,0,0,0,0,0,0,0,1,0,0,0,0,0,0,0,0,0,0,0,0,0,0,0,0,0,0,0,0,0,0,0,0,0,0,0,0,0,0	0,1,1,0,0,1,0,0,0,0,0,0,0,0,0,0,0,0,0,0,0,0,0,0,0,0,0,1,0,0,0,0,0,0,0,0,0,0,0,0	2	7	3	7	4	4	40889	40878	1,1,0,1,0,0,0,0,0,0,0,0,0,0,0,0,0,0,0,0,0,0,0,0,0,0,0,0,0,0,0,0,0,0,0,0,0,0,0,0	2,0,0,0,0,0,0,0,1,0,0,0,0,0,0,0,0,0,0,0,0,0,0,0,0,0,0,1,0,0,0,0,0,0,0,0,0,0,0,0
tb.dut.clusters[0].cluster.sockets[0].socket.cores[0].core.dcr_data.dcr_bus_if	9	45	25	10	1	10	10	2	40886	40877	0,0,0,0,0,0,0,0,0,1,0,0,0,0,0,0,0,0,0,0,0,0,0,0,0,0,0,0,0,0,0,0,0,0,0,0,0,0,0,0	0,0,0,0,0,0,0,0,1,0,0,0,0,0,0,0,0,0,0,0,0,0,0,0,0,0,0,1,0,0,0,0,0,0,0,0,0,0,0,0	2	7	3	7	4	4	40889	40878	1,1,0,1,0,0,0,0,0,0,0,0,0,0,0,0,0,0,0,0,0,0,0,0,0,0,0,0,0,0,0,0,0,0,0,0,0,0,0,0	2,0,0,0,0,0,0,0,1,0,0,0,0,0,0,0,0,0,0,0,0,0,0,0,0,0,0,1,0,0,0,0,0,0,0,0,0,0,0,0
tb.dut.clusters[0].cluster.sockets[0].socket.cores[0].core.decode	8	538	1435673	16340	5559	16340	77	5560	24556	389	1071,2605,191,902,588,66,8,11,9,15,12,7,3,8,3,10,32,12,6,0,0,0,0,0,0,0,0,0,0,0,0,0,0,0,0,0,0,0,0,0	2164,1836,127,668,33,79,60,30,31,33,19,26,82,71,24,16,205,24,20,7,5,0,0,0,0,0,0,0,0,0,0,0,0,0,0,0,0,0,0,0	3	15304	5192	15304	77	5193	25592	389	587,2605,402,912,483,61,5,12,9,16,73,2,2,4,1,3,10,1,4,0,0,0,0,0,0,0,0,0,0,0,0,0,0,0,0,0,0,0,0,0	1593,1393,383,1067,33,78,59,30,30,31,18,27,70,59,37,19,213,21,18,9,5,0,0,0,0,0,0,0,0,0,0,0,0,0,0,0,0,0,0,0
tb.dut.clusters[0].cluster.sockets[0].socket.cores[0].core.decode.decode_if	9	172	262592	16338	5557	16338	77	5558	24558	389	1069,2605,191,902,588,66,8,11,9,15,12,7,3,8,3,10,32,12,6,0,0,0,0,0,0,0,0,0,0,0,0,0,0,0,0,0,0,0,0,0	2163,1835,127,668,33,79,60,30,31,33,19,26,82,71,24,16,205,24,20,7,5,0,0,0,0,0,0,0,0,0,0,0,0,0,0,0,0,0,0,0	2	14678	5739	14678	75	5740	26218	389	1157,2848,488,753,353,39,2,11,9,15,43,1,1,4,0,3,8,1,3,0,0,0,0,0,0,0,0,0,0,0,0,0,0,0,0,0,0,0,0,0	2138,1390,386,1068,34,67,63,36,25,35,18,27,66,62,39,18,214,22,18,9,5,0,0,0,0,0,0,0,0,0,0,0,0,0,0,0,0,0,0,0
tb.dut.clusters[0].cluster.sockets[0].socket.cores[0].core.decode.decode_sched_if	9	4	30428	14201	4721	14201	77	4722	26695	389	11,2619,556,993,488,17,2,6,0,3,0,2,1,4,1,3,10,1,4,0,0,0,0,0,0,0,0,0,0,0,0,0,0,0,0,0,0,0,0,0	1072,937,575,1410,16,90,65,32,33,26,8,19,22,31,57,33,209,55,17,9,6,0,0,0,0,0,0,0,0,0,0,0,0,0,0,0,0,0,0,0	2	10319	5414	10319	64	5415	30577	950	2525,1892,467,305,188,9,8,2,1,0,4,1,3,1,1,0,5,2,0,0,0,0,0,0,0,0,0,0,0,0,0,0,0,0,0,0,0,0,0,0	1890,973,524,958,181,90,85,60,60,49,31,21,20,31,63,41,224,74,23,10,6,1,0,0,0,0,0,0,0,0,0,0,0,0,0,0,0,0,0,0
tb.dut.clusters[0].cluster.sockets[0].socket.cores[0].core.decode.fetch_if	9	72	197705	16338	5557	16338	77	5558	24558	389	1069,2605,191,902,588,66,8,11,9,15,12,7,3,8,3,10,32,12,6,0,0,0,0,0,0,0,0,0,0,0,0,0,0,0,0,0,0,0,0,0	2163,1835,127,668,33,79,60,30,31,33,19,26,82,71,24,16,205,24,20,7,5,0,0,0,0,0,0,0,0,0,0,0,0,0,0,0,0,0,0,0	2	14678	5739	14678	75	5740	26218	389	1157,2848,488,753,353,39,2,11,9,15,43,1,1,4,0,3,8,1,3,0,0,0,0,0,0,0,0,0,0,0,0,0,0,0,0,0,0,0,0,0	2138,1390,386,1068,34,67,63,36,25,35,18,27,66,62,39,18,214,22,18,9,5,0,0,0,0,0,0,0,0,0,0,0,0,0,0,0,0,0,0,0
tb.dut.clusters[0].cluster.sockets[0].socket.cores[0].core.decode_if	8	172	262592	16338	5557	16338	77	5558	24558	389	1069,2605,191,902,588,66,8,11,9,15,12,7,3,8,3,10,32,12,6,0,0,0,0,0,0,0,0,0,0,0,0,0,0,0,0,0,0,0,0,0	2163,1835,127,668,33,79,60,30,31,33,19,26,82,71,24,16,205,24,20,7,5,0,0,0,0,0,0,0,0,0,0,0,0,0,0,0,0,0,0,0	2	14678	5739	14678	75	5740	26218	389	1157,2848,488,753,353,39,2,11,9,15,43,1,1,4,0,3,8,1,3,0,0,0,0,0,0,0,0,0,0,0,0,0,0,0,0,0,0,0,0,0	2138,1390,386,1068,34,67,63,36,25,35,18,27,66,62,39,18,214,22,18,9,5,0,0,0,0,0,0,0,0,0,0,0,0,0,0,0,0,0,0,0
tb.dut.clusters[0].cluster.sockets[0].socket.cores[0].core.decode_sched_if	8	4	30428	14201	4721	14201	77	4722	26695	389	11,2619,556,993,488,17,2,6,0,3,0,2,1,4,1,3,10,1,4,0,0,0,0,0,0,0,0,0,0,0,0,0,0,0,0,0,0,0,0,0	1072,937,575,1410,16,90,65,32,33,26,8,19,22,31,57,33,209,55,17,9,6,0,0,0,0,0,0,0,0,0,0,0,0,0,0,0,0,0,0,0	2	10319	5414	10319	64	5415	30577	950	2525,1892,467,305,188,9,8,2,1,0,4,1,3,1,1,0,5,2,0,0,0,0,0,0,0,0,0,0,0,0,0,0,0,0,0,0,0,0,0,0	1890,973,524,958,181,90,85,60,60,49,31,21,20,31,63,41,224,74,23,10,6,1,0,0,0,0,0,0,0,0,0,0,0,0,0,0,0,0,0,0
tb.dut.clusters[0].cluster.sockets[0].socket.cores[0].core.dispatch_if[0]	8	474	521630	10199	3491	10199	15	3491	30697	952	12,2030,416,612,267,85,24,19,9,11,2,1,2,0,1,0,0,0,0,0,0,0,0,0,0,0,0,0,0,0,0,0,0,0,0,0,0,0,0,0	611,480,338,559,132,213,182,128,108,146,55,39,39,38,49,23,213,89,33,11,2,3,0,0,0,0,0,0,0,0,0,0,0,0,0,0,0,0,0,0	3	9388	3589	9388	13	3590	31508	952	380,1937,475,486,205,56,22,14,6,6,1,0,1,0,0,0,0,0,0,0,0,0,0,0,0,0,0,0,0,0,0,0,0,0,0,0,0,0,0,0	604,541,361,555,151,199,146,139,137,144,70,35,38,37,44,22,216,99,36,11,2,3,0,0,0,0,0,0,0,0,0,0,0,0,0,0,0,0,0,0
tb.dut.clusters[0].cluster.sockets[0].socket.cores[0].core.dispatch_if[1]	8	474	117475	3450	1469	3450	39	1469	37446	818	68,1114,121,126,16,13,4,1,3,1,0,0,0,0,0,0,1,1,0,0,0,0,0,0,0,0,0,0,0,0,0,0,0,0,0,0,0,0,0,0	80,53,46,174,34,206,80,48,42,25,11,11,62,11,7,18,255,170,86,40,8,2,0,0,0,0,0,0,0,0,0,0,0,0,0,0,0,0,0,0	3	2749	1500	2749	16	1501	38147	825	566,780,62,68,8,6,4,1,3,1,0,0,0,0,0,1,0,0,0,0,0,0,0,0,0,0,0,0,0,0,0,0,0,0,0,0,0,0,0,0	131,63,49,173,28,24,197,65,57,38,19,11,62,8,9,16,241,171,88,41,8,2,0,0,0,0,0,0,0,0,0,0,0,0,0,0,0,0,0,0
tb.dut.clusters[0].cluster.sockets[0].socket.cores[0].core.dispatch_if[2]	8	474	5544	856	353	856	7	353	40040	2516	1,291,6,25,26,3,1,0,0,0,0,0,0,0,0,0,0,0,0,0,0,0,0,0,0,0,0,0,0,0,0,0,0,0,0,0,0,0,0,0	9,3,5,5,1,3,10,4,1,0,1,2,55,2,11,6,35,68,63,39,13,12,4,1,0,0,0,0,0,0,0,0,0,0,0,0,0,0,0,0	3	468	301	468	5	302	40428	2718	148,145,3,4,1,0,0,0,0,0,0,0,0,0,0,0,0,0,0,0,0,0,0,0,0,0,0,0,0,0,0,0,0,0,0,0,0,0,0,0	11,7,2,9,1,2,0,1,7,1,0,0,56,1,1,7,23,58,45,32,17,16,4,1,0,0,0,0,0,0,0,0,0,0,0,0,0,0,0,0
tb.dut.clusters[0].cluster.sockets[0].socket.cores[0].core.dispatch_if[3]	8	474	4	3	3	3	1	3	40893	40889	3,0,0,0,0,0,0,0,0,0,0,0,0,0,0,0,0,0,0,0,0,0,0,0,0,0,0,0,0,0,0,0,0,0,0,0,0,0,0,0	1,0,1,0,0,0,0,0,0,0,0,0,0,0,0,0,0,0,0,0,0,0,0,0,0,0,0,1,0,0,0,0,0,0,0,0,0,0,0,0	3	0	0	0	0	1	40896	40896	0,0,0,0,0,0,0,0,0,0,0,0,0,0,0,0,0,0,0,0,0,0,0,0,0,0,0,0,0,0,0,0,0,0,0,0,0,0,0,0	0,0,0,0,0,0,0,0,0,0,0,0,0,0,0,0,0,0,0,0,0,0,0,0,0,0,0,1,0,0,0,0,0,0,0,0,0,0,0,0
tb.dut.clusters[0].cluster.sockets[0].socket.cores[0].core.execute	8	221320	21508879	40875	4	40875	40864	4	21	10	1,1,0,0,0,0,0,1,0,0,0,0,0,0,0,0,0,0,0,0,0,0,0,0,0,0,0,1,0,0,0,0,0,0,0,0,0,0,0,0	1,0,0,1,0,1,0,0,0,1,0,0,0,0,0,0,0,0,0,0,0,0,0,0,0,0,0,0,0,0,0,0,0,0,0,0,0,0,0,0	1107	7082	3025	7082	13	3026	33814	917	1091,879,494,295,153,46,32,21,6,6,1,0,1,0,0,0,0,0,0,0,0,0,0,0,0,0,0,0,0,0,0,0,0,0,0,0,0,0,0,0	537,341,274,346,255,123,117,100,124,90,102,40,38,39,39,58,236,93,45,21,6,2,0,0,0,0,0,0,0,0,0,0,0,0,0,0,0,0,0,0
tb.dut.clusters[0].cluster.sockets[0].socket.cores[0].core.execute.alu_unit	9	13588	16865213	21800	1451	21800	318	1451	19096	948	5,0,1,3,0,424,93,161,122,76,67,58,13,43,18,12,200,127,23,2,3,0,0,0,0,0,0,0,0,0,0,0,0,0,0,0,0,0,0,0	132,202,180,126,100,142,56,43,39,37,45,22,67,11,6,9,118,73,27,11,2,3,0,0,0,0,0,0,0,0,0,0,0,0,0,0,0,0,0,0	68	16945	2661	16945	136	2662	23951	950	309,78,147,821,212,218,181,139,92,155,84,37,17,23,19,22,78,25,3,1,0,0,0,0,0,0,0,0,0,0,0,0,0,0,0,0,0,0,0,0	615,553,188,209,151,128,131,125,57,34,41,32,48,27,51,17,129,79,31,11,2,3,0,0,0,0,0,0,0,0,0,0,0,0,0,0,0,0,0,0
tb.dut.clusters[0].cluster.sockets[0].socket.cores[0].core.execute.alu_unit.branch_ctl_if[0]	10	35	94451	10081	3506	10081	15	3507	30815	952	77,1993,414,620,262,77,25,18,7,8,2,1,1,0,1,0,0,0,0,0,0,0,0,0,0,0,0,0,0,0,0,0,0,0,0,0,0,0,0,0	626,480,335,552,145,213,181,130,104,138,64,38,39,39,47,24,201,102,33,11,2,3,0,0,0,0,0,0,0,0,0,0,0,0,0,0,0,0,0,0	2	9287	3703	9287	13	3704	31609	952	514,1991,457,463,183,54,17,14,6,2,1,0,1,0,0,0,0,0,0,0,0,0,0,0,0,0,0,0,0,0,0,0,0,0,0,0,0,0,0,0	748,479,348,568,178,206,173,131,113,130,75,49,38,43,49,24,198,104,34,11,2,3,0,0,0,0,0,0,0,0,0,0,0,0,0,0,0,0,0,0
tb.dut.clusters[0].cluster.sockets[0].socket.cores[0].core.execute.alu_unit.commit_if[0]	10	242	455047	11262	3386	11262	206	3387	29634	952	5,1921,385,616,267,88,25,27,11,10,2,3,2,0,1,0,0,19,2,2,0,0,0,0,0,0,0,0,0,0,0,0,0,0,0,0,0,0,0,0	599,475,338,522,129,208,175,123,109,141,61,38,36,36,47,25,189,87,33,11,2,3,0,0,0,0,0,0,0,0,0,0,0,0,0,0,0,0,0,0	2	10864	3767	10864	177	3768	30032	952	405,2120,376,505,206,73,23,19,8,5,0,1,1,1,1,0,6,13,2,2,0,0,0,0,0,0,0,0,0,0,0,0,0,0,0,0,0,0,0,0	971,480,339,525,129,208,175,123,109,141,61,37,37,36,47,25,189,87,33,11,2,3,0,0,0,0,0,0,0,0,0,0,0,0,0,0,0,0,0,0
tb.dut.clusters[0].cluster.sockets[0].socket.cores[0].core.execute.alu_unit.dispatch_if[0]	10	474	521630	10199	3491	10199	15	3491	30697	952	12,2030,416,612,267,85,24,19,9,11,2,1,2,0,1,0,0,0,0,0,0,0,0,0,0,0,0,0,0,0,0,0,0,0,0,0,0,0,0,0	611,480,338,559,132,213,182,128,108,146,55,39,39,38,49,23,213,89,33,11,2,3,0,0,0,0,0,0,0,0,0,0,0,0,0,0,0,0,0,0	3	9388	3589	9388	13	3590	31508	952	380,1937,475,486,205,56,22,14,6,6,1,0,1,0,0,0,0,0,0,0,0,0,0,0,0,0,0,0,0,0,0,0,0,0,0,0,0,0,0,0	604,541,361,555,151,199,146,139,137,144,70,35,38,37,44,22,216,99,36,11,2,3,0,0,0,0,0,0,0,0,0,0,0,0,0,0,0,0,0,0
tb.dut.clusters[0].cluster.sockets[0].socket.cores[0].core.execute.alu_unit.dispatch_unit	10	2375	1930111	10200	3492	10200	15	3492	30696	952	13,2030,416,612,267,85,24,19,9,11,2,1,2,0,1,0,0,0,0,0,0,0,0,0,0,0,0,0,0,0,0,0,0,0,0,0,0,0,0,0	611,480,338,559,132,213,182,128,108,146,55,39,39,38,49,24,213,89,33,11,2,3,0,0,0,0,0,0,0,0,0,0,0,0,0,0,0,0,0,0	12	9388	3589	9388	13	3590	31508	952	380,1937,475,486,205,56,22,14,6,6,1,0,1,0,0,0,0,0,0,0,0,0,0,0,0,0,0,0,0,0,0,0,0,0,0,0,0,0,0,0	604,541,361,555,151,199,146,139,137,144,70,35,38,37,44,22,216,99,36,11,2,3,0,0,0,0,0,0,0,0,0,0,0,0,0,0,0,0,0,0
tb.dut.clusters[0].cluster.sockets[0].socket.cores[0].core.execute.alu_unit.dispatch_unit.dispatch_if[0]	11	474	521630	10199	3491	10199	15	3491	30697	952	12,2030,416,612,267,85,24,19,9,11,2,1,2,0,1,0,0,0,0,0,0,0,0,0,0,0,0,0,0,0,0,0,0,0,0,0,0,0,0,0	611,480,338,559,132,213,182,128,108,146,55,39,39,38,49,23,213,89,33,11,2,3,0,0,0,0,0,0,0,0,0,0,0,0,0,0,0,0,0,0	3	9388	3589	9388	13	3590	31508	952	380,1937,475,486,205,56,22,14,6,6,1,0,1,0,0,0,0,0,0,0,0,0,0,0,0,0,0,0,0,0,0,0,0,0,0,0,0,0,0,0	604,541,361,555,151,199,146,139,137,144,70,35,38,37,44,22,216,99,36,11,2,3,0,0,0,0,0,0,0,0,0,0,0,0,0,0,0,0,0,0
tb.dut.clusters[0].cluster.sockets[0].socket.cores[0].core.execute.alu_unit.dispatch_unit.execute_if[0]	11	541	521630	10199	3491	10199	15	3491	30697	952	12,2030,416,612,267,85,24,19,9,11,2,1,2,0,1,0,0,0,0,0,0,0,0,0,0,0,0,0,0,0,0,0,0,0,0,0,0,0,0,0	611,480,338,559,132,213,182,128,108,146,55,39,39,38,49,23,213,89,33,11,2,3,0,0,0,0,0,0,0,0,0,0,0,0,0,0,0,0,0,0	3	9388	3589	9388	13	3590	31508	952	380,1937,475,486,205,56,22,14,6,6,1,0,1,0,0,0,0,0,0,0,0,0,0,0,0,0,0,0,0,0,0,0,0,0,0,0,0,0,0,0	604,541,361,555,151,199,146,139,137,144,70,35,38,37,44,22,216,99,36,11,2,3,0,0,0,0,0,0,0,0,0,0,0,0,0,0,0,0,0,0
tb.dut.clusters[0].cluster.sockets[0].socket.cores[0].core.execute.alu_unit.dispatch_unit.genblk5[0]	11	7	18424	9773	3887	9773	15	3887	31123	952	506,2162,372,561,208,47,10,10,4,6,0,0,0,0,1,0,0,0,0,0,0,0,0,0,0,0,0,0,0,0,0,0,0,0,0,0,0,0,0,0	988,489,342,564,132,213,182,128,108,146,55,39,39,38,49,24,213,89,33,11,2,3,0,0,0,0,0,0,0,0,0,0,0,0,0,0,0,0,0,0	2	6610	3996	6610	9	3997	34286	2332	2185,1340,246,157,38,23,6,0,1,0,0,0,0,0,0,0,0,0,0,0,0,0,0,0,0,0,0,0,0,0,0,0,0,0,0,0,0,0,0,0	998,590,358,551,149,154,218,154,101,150,56,48,39,40,54,20,185,78,38,8,3,3,1,1,0,0,0,0,0,0,0,0,0,0,0,0,0,0,0,0
tb.dut.clusters[0].cluster.sockets[0].socket.cores[0].core.execute.alu_unit.gather_unit	10	1472	2626765	11264	3387	11264	206	3388	29632	952	6,1920,386,616,267,88,25,27,11,10,2,3,2,0,1,0,0,19,2,2,0,0,0,0,0,0,0,0,0,0,0,0,0,0,0,0,0,0,0,0	600,474,338,522,129,208,175,123,109,141,61,38,36,36,47,25,190,87,33,11,2,3,0,0,0,0,0,0,0,0,0,0,0,0,0,0,0,0,0,0	8	10864	3767	10864	177	3768	30032	952	405,2120,376,505,206,73,23,19,8,5,0,1,1,1,1,0,6,13,2,2,0,0,0,0,0,0,0,0,0,0,0,0,0,0,0,0,0,0,0,0	971,480,339,525,129,208,175,123,109,141,61,37,37,36,47,25,189,87,33,11,2,3,0,0,0,0,0,0,0,0,0,0,0,0,0,0,0,0,0,0
tb.dut.clusters[0].cluster.sockets[0].socket.cores[0].core.execute.alu_unit.gather_unit.commit_in_if[0]	11	242	455047	11262	3386	11262	206	3387	29634	952	5,1921,385,616,267,88,25,27,11,10,2,3,2,0,1,0,0,19,2,2,0,0,0,0,0,0,0,0,0,0,0,0,0,0,0,0,0,0,0,0	599,475,338,522,129,208,175,123,109,141,61,38,36,36,47,25,189,87,33,11,2,3,0,0,0,0,0,0,0,0,0,0,0,0,0,0,0,0,0,0	2	10864	3767	10864	177	3768	30032	952	405,2120,376,505,206,73,23,19,8,5,0,1,1,1,1,0,6,13,2,2,0,0,0,0,0,0,0,0,0,0,0,0,0,0,0,0,0,0,0,0	971,480,339,525,129,208,175,123,109,141,61,37,37,36,47,25,189,87,33,11,2,3,0,0,0,0,0,0,0,0,0,0,0,0,0,0,0,0,0,0
tb.dut.clusters[0].cluster.sockets[0].socket.cores[0].core.execute.alu_unit.gather_unit.commit_out_if[0]	11	242	455047	11262	3386	11262	206	3387	29634	952	5,1921,385,616,267,88,25,27,11,10,2,3,2,0,1,0,0,19,2,2,0,0,0,0,0,0,0,0,0,0,0,0,0,0,0,0,0,0,0,0	599,475,338,522,129,208,175,123,109,141,61,38,36,36,47,25,189,87,33,11,2,3,0,0,0,0,0,0,0,0,0,0,0,0,0,0,0,0,0,0	2	10864	3767	10864	177	3768	30032	952	405,2120,376,505,206,73,23,19,8,5,0,1,1,1,1,0,6,13,2,2,0,0,0,0,0,0,0,0,0,0,0,0,0,0,0,0,0,0,0,0	971,480,339,525,129,208,175,123,109,141,61,37,37,36,47,25,189,87,33,11,2,3,0,0,0,0,0,0,0,0,0,0,0,0,0,0,0,0,0,0
tb.dut.clusters[0].cluster.sockets[0].socket.cores[0].core.execute.alu_unit.gather_unit.genblk5[0]	11	374	806575	11262	3386	11262	206	3387	29634	952	5,1921,385,616,267,88,25,27,11,10,2,3,2,0,1,0,0,19,2,2,0,0,0,0,0,0,0,0,0,0,0,0,0,0,0,0,0,0,0,0	599,475,338,522,129,208,175,123,109,141,61,38,36,36,47,25,189,87,33,11,2,3,0,0,0,0,0,0,0,0,0,0,0,0,0,0,0,0,0,0	2	10885	3759	10885	177	3760	30011	952	403,2120,376,505,206,69,23,19,7,5,0,0,1,1,0,0,2,18,2,2,0,0,0,0,0,0,0,0,0,0,0,0,0,0,0,0,0,0,0,0	968,479,338,522,129,208,175,123,109,141,61,38,36,36,47,25,189,87,33,11,2,3,0,0,0,0,0,0,0,0,0,0,0,0,0,0,0,0,0,0
tb.dut.clusters[0].cluster.sockets[0].socket.cores[0].core.execute.alu_unit.gather_unit.genblk5[0].commit_tmp_if	12	242	455047	11262	3386	11262	206	3387	29634	952	5,1921,385,616,267,88,25,27,11,10,2,3,2,0,1,0,0,19,2,2,0,0,0,0,0,0,0,0,0,0,0,0,0,0,0,0,0,0,0,0	599,475,338,522,129,208,175,123,109,141,61,38,36,36,47,25,189,87,33,11,2,3,0,0,0,0,0,0,0,0,0,0,0,0,0,0,0,0,0,0	2	10864	3767	10864	177	3768	30032	952	405,2120,376,505,206,73,23,19,8,5,0,1,1,1,1,0,6,13,2,2,0,0,0,0,0,0,0,0,0,0,0,0,0,0,0,0,0,0,0,0	971,480,339,525,129,208,175,123,109,141,61,37,37,36,47,25,189,87,33,11,2,3,0,0,0,0,0,0,0,0,0,0,0,0,0,0,0,0,0,0
tb.dut.clusters[0].cluster.sockets[0].socket.cores[0].core.execute.alu_unit.genblk1[0]	10	8013	10260530	21762	1475	21762	318	1475	19134	948	6,4,7,1,2,421,94,164,126,76,70,57,14,45,19,12,205,129,18,2,3,0,0,0,0,0,0,0,0,0,0,0,0,0,0,0,0,0,0,0	154,204,180,126,100,141,57,39,39,41,45,22,67,11,6,9,118,73,27,11,2,3,0,0,0,0,0,0,0,0,0,0,0,0,0,0,0,0,0,0	41	13612	3026	13612	62	3027	27284	951	126,349,1191,345,365,209,111,80,86,50,35,18,6,2,7,0,37,9,0,0,0,0,0,0,0,0,0,0,0,0,0,0,0,0,0,0,0,0,0,0	686,420,481,178,171,134,118,96,135,73,39,39,37,27,38,57,155,95,32,11,2,3,0,0,0,0,0,0,0,0,0,0,0,0,0,0,0,0,0,0
tb.dut.clusters[0].cluster.sockets[0].socket.cores[0].core.execute.alu_unit.genblk1[0].alu_int	11	4067	7298781	16506	2402	16506	43	2402	24390	950	2,1,35,965,243,251,211,156,85,175,75,37,18,24,12,21,74,17,0,0,0,0,0,0,0,0,0,0,0,0,0,0,0,0,0,0,0,0,0,0	337,550,145,213,182,128,105,146,56,38,39,39,47,24,69,12,144,81,31,11,2,3,0,0,0,0,0,0,0,0,0,0,0,0,0,0,0,0,0,0	21	13011	2839	13011	31	2840	27885	951	16,221,1090,514,397,194,93,74,92,50,39,13,5,1,8,0,32,0,0,0,0,0,0,0,0,0,0,0,0,0,0,0,0,0,0,0,0,0,0,0	448,403,478,174,177,127,130,130,143,73,34,41,40,28,51,59,156,100,32,11,2,3,0,0,0,0,0,0,0,0,0,0,0,0,0,0,0,0,0,0
tb.dut.clusters[0].cluster.sockets[0].socket.cores[0].core.execute.alu_unit.genblk1[0].alu_int.branch_ctl_if	12	35	94451	10081	3506	10081	15	3507	30815	952	77,1993,414,620,262,77,25,18,7,8,2,1,1,0,1,0,0,0,0,0,0,0,0,0,0,0,0,0,0,0,0,0,0,0,0,0,0,0,0,0	626,480,335,552,145,213,181,130,104,138,64,38,39,39,47,24,201,102,33,11,2,3,0,0,0,0,0,0,0,0,0,0,0,0,0,0,0,0,0,0	2	9287	3703	9287	13	3704	31609	952	514,1991,457,463,183,54,17,14,6,2,1,0,1,0,0,0,0,0,0,0,0,0,0,0,0,0,0,0,0,0,0,0,0,0,0,0,0,0,0,0	748,479,348,568,178,206,173,131,113,130,75,49,38,43,49,24,198,104,34,11,2,3,0,0,0,0,0,0,0,0,0,0,0,0,0,0,0,0,0,0
tb.dut.clusters[0].cluster.sockets[0].socket.cores[0].core.execute.alu_unit.genblk1[0].alu_int.commit_if	12	242	393082	10166	3488	10166	15	3488	30730	952	20,2027,409,618,262,83,25,18,9,11,2,1,2,0,1,0,0,0,0,0,0,0,0,0,0,0,0,0,0,0,0,0,0,0,0,0,0,0,0,0	610,479,339,559,132,213,182,128,106,147,54,39,38,39,48,23,203,100,33,11,2,3,0,0,0,0,0,0,0,0,0,0,0,0,0,0,0,0,0,0	2	9933	3717	9933	13	3717	30963	952	279,2134,414,541,224,72,22,16,8,5,1,0,1,0,0,0,0,0,0,0,0,0,0,0,0,0,0,0,0,0,0,0,0,0,0,0,0,0,0,0	838,479,340,559,132,212,182,129,106,147,54,39,38,39,48,23,203,100,33,11,2,3,0,0,0,0,0,0,0,0,0,0,0,0,0,0,0,0,0,0
tb.dut.clusters[0].cluster.sockets[0].socket.cores[0].core.execute.alu_unit.genblk1[0].alu_int.execute_if	12	541	521516	10168	3489	10168	15	3489	30728	952	20,2028,409,618,262,83,25,18,9,11,2,1,2,0,1,0,0,0,0,0,0,0,0,0,0,0,0,0,0,0,0,0,0,0,0,0,0,0,0,0	611,480,338,559,132,213,182,128,106,147,54,39,38,39,48,23,203,100,33,11,2,3,0,0,0,0,0,0,0,0,0,0,0,0,0,0,0,0,0,0	3	9386	3587	9386	13	3588	31510	952	378,1937,475,486,205,56,22,14,6,6,1,0,1,0,0,0,0,0,0,0,0,0,0,0,0,0,0,0,0,0,0,0,0,0,0,0,0,0,0,0	604,540,360,554,151,199,147,138,137,144,70,36,38,37,44,22,216,99,36,11,2,3,0,0,0,0,0,0,0,0,0,0,0,0,0,0,0,0,0,0
tb.dut.clusters[0].cluster.sockets[0].socket.cores[0].core.execute.alu_unit.genblk1[0].alu_int.genblk3[0]	12	66	103805	8526	3508	8526	13	3509	32370	952	655,1722,500,377,176,43,17,8,6,2,1,0,1,0,0,0,0,0,0,0,0,0,0,0,0,0,0,0,0,0,0,0,0,0,0,0,0,0,0,0	582,480,354,476,250,173,143,118,118,148,83,32,40,46,33,40,232,106,39,11,2,3,0,0,0,0,0,0,0,0,0,0,0,0,0,0,0,0,0,0	2	7685	3359	7685	13	3360	33211	952	836,1546,462,316,137,35,15,7,2,2,0,0,1,0,0,0,0,0,0,0,0,0,0,0,0,0,0,0,0,0,0,0,0,0,0,0,0,0,0,0	565,413,326,426,255,166,127,121,117,155,84,42,43,45,38,43,231,98,43,17,2,3,0,0,0,0,0,0,0,0,0,0,0,0,0,0,0,0,0,0
tb.dut.clusters[0].cluster.sockets[0].socket.cores[0].core.execute.alu_unit.genblk1[0].alu_int.genblk3[1]	12	66	114389	8630	3480	8630	13	3481	32266	952	584,1724,506,413,170,42,22,9,4,4,1,0,1,0,0,0,0,0,0,0,0,0,0,0,0,0,0,0,0,0,0,0,0,0,0,0,0,0,0,0	568,471,352,494,221,173,137,127,125,154,83,33,40,44,40,40,214,109,40,11,2,3,0,0,0,0,0,0,0,0,0,0,0,0,0,0,0,0,0,0	2	7828	3398	7828	13	3399	33068	952	808,1593,478,316,138,34,18,8,1,3,0,0,1,0,0,0,0,0,0,0,0,0,0,0,0,0,0,0,0,0,0,0,0,0,0,0,0,0,0,0	578,401,327,461,244,159,132,129,121,155,89,35,45,44,41,49,220,108,43,13,2,3,0,0,0,0,0,0,0,0,0,0,0,0,0,0,0,0,0,0
tb.dut.clusters[0].cluster.sockets[0].socket.cores[0].core.execute.alu_unit.genblk1[0].alu_int.genblk3[2]	12	66	127201	8671	3471	8671	13	3472	32225	952	558,1729,495,439,164,45,22,10,4,3,1,0,1,0,0,0,0,0,0,0,0,0,0,0,0,0,0,0,0,0,0,0,0,0,0,0,0,0,0,0	566,474,341,491,226,166,143,132,128,151,86,26,40,41,44,39,213,109,40,11,2,3,0,0,0,0,0,0,0,0,0,0,0,0,0,0,0,0,0,0	2	7965	3414	7965	13	3415	32931	952	768,1617,481,344,140,30,19,10,2,2,0,0,1,0,0,0,0,0,0,0,0,0,0,0,0,0,0,0,0,0,0,0,0,0,0,0,0,0,0,0	578,433,324,457,246,156,137,132,120,157,80,30,45,42,47,49,214,107,43,13,2,3,0,0,0,0,0,0,0,0,0,0,0,0,0,0,0,0,0,0
tb.dut.clusters[0].cluster.sockets[0].socket.cores[0].core.execute.alu_unit.genblk1[0].alu_int.genblk3[3]	12	66	138239	8672	3479	8672	13	3480	32224	952	567,1732,504,420,168,48,19,11,4,4,1,0,1,0,0,0,0,0,0,0,0,0,0,0,0,0,0,0,0,0,0,0,0,0,0,0,0,0,0,0	563,473,355,490,224,170,146,125,129,154,83,33,36,42,37,40,215,109,40,11,2,3,0,0,0,0,0,0,0,0,0,0,0,0,0,0,0,0,0,0	2	8055	3453	8055	13	3454	32841	952	779,1626,508,330,141,35,19,9,3,2,0,0,1,0,0,0,0,0,0,0,0,0,0,0,0,0,0,0,0,0,0,0,0,0,0,0,0,0,0,0	605,422,327,459,254,157,145,135,127,156,80,35,36,46,41,47,214,107,43,13,2,3,0,0,0,0,0,0,0,0,0,0,0,0,0,0,0,0,0,0
tb.dut.clusters[0].cluster.sockets[0].socket.cores[0].core.execute.alu_unit.genblk1[0].alu_int.genblk4[0]	12	98	175414	7788	3394	7788	10	3395	33108	1030	806,1595,459,343,141,30,10,4,4,2,0,0,0,0,0,0,0,0,0,0,0,0,0,0,0,0,0,0,0,0,0,0,0,0,0,0,0,0,0,0	522,444,342,481,245,158,134,117,118,141,100,44,44,44,32,39,225,104,41,14,3,2,1,0,0,0,0,0,0,0,0,0,0,0,0,0,0,0,0,0	2	7676	3406	7676	10	3407	33220	1030	869,1574,460,321,134,29,9,4,4,2,0,0,0,0,0,0,0,0,0,0,0,0,0,0,0,0,0,0,0,0,0,0,0,0,0,0,0,0,0,0	528,443,344,475,254,159,134,117,115,127,114,44,46,45,33,39,224,105,41,14,3,2,1,0,0,0,0,0,0,0,0,0,0,0,0,0,0,0,0,0
tb.dut.clusters[0].cluster.sockets[0].socket.cores[0].core.execute.alu_unit.genblk1[0].alu_int.genblk4[1]	12	98	197718	7718	3306	7718	10	3307	33178	952	754,1538,469,350,139,29,15,5,3,4,0,0,0,0,0,0,0,0,0,0,0,0,0,0,0,0,0,0,0,0,0,0,0,0,0,0,0,0,0,0	512,422,330,486,212,153,130,123,116,131,107,38,40,44,37,46,211,105,41,17,3,3,0,0,0,0,0,0,0,0,0,0,0,0,0,0,0,0,0,0	2	7645	3308	7645	10	3309	33251	952	805,1499,468,346,136,27,15,5,3,4,0,0,0,0,0,0,0,0,0,0,0,0,0,0,0,0,0,0,0,0,0,0,0,0,0,0,0,0,0,0	510,419,335,480,220,153,128,123,115,116,120,41,38,46,38,46,212,105,41,17,3,3,0,0,0,0,0,0,0,0,0,0,0,0,0,0,0,0,0,0
tb.dut.clusters[0].cluster.sockets[0].socket.cores[0].core.execute.alu_unit.genblk1[0].alu_int.genblk4[2]	12	98	223668	7777	3314	7777	10	3315	33119	952	747,1528,473,375,134,32,16,3,3,3,0,0,0,0,0,0,0,0,0,0,0,0,0,0,0,0,0,0,0,0,0,0,0,0,0,0,0,0,0,0	506,449,318,465,223,153,137,122,129,135,101,37,41,35,43,43,210,104,41,17,3,3,0,0,0,0,0,0,0,0,0,0,0,0,0,0,0,0,0,0	2	7726	3316	7726	10	3317	33170	952	771,1520,470,368,132,30,16,3,3,3,0,0,0,0,0,0,0,0,0,0,0,0,0,0,0,0,0,0,0,0,0,0,0,0,0,0,0,0,0,0	508,449,317,465,225,150,137,122,127,128,106,41,42,35,43,43,211,104,41,17,3,3,0,0,0,0,0,0,0,0,0,0,0,0,0,0,0,0,0,0
tb.dut.clusters[0].cluster.sockets[0].socket.cores[0].core.execute.alu_unit.genblk1[0].alu_int.genblk4[3]	12	98	246186	7799	3320	7799	10	3321	33097	952	742,1551,462,361,142,37,16,3,3,3,0,0,0,0,0,0,0,0,0,0,0,0,0,0,0,0,0,0,0,0,0,0,0,0,0,0,0,0,0,0	526,426,312,471,226,156,149,121,116,135,108,42,41,38,38,42,205,105,41,17,3,3,0,0,0,0,0,0,0,0,0,0,0,0,0,0,0,0,0,0	2	7776	3320	7776	10	3321	33120	952	756,1543,459,358,142,37,16,3,3,3,0,0,0,0,0,0,0,0,0,0,0,0,0,0,0,0,0,0,0,0,0,0,0,0,0,0,0,0,0,0	526,423,315,468,229,154,149,123,115,136,107,41,41,38,38,43,206,105,41,17,3,3,0,0,0,0,0,0,0,0,0,0,0,0,0,0,0,0,0,0
tb.dut.clusters[0].cluster.sockets[0].socket.cores[0].core.execute.alu_unit.genblk1[0].alu_int.genblk6[0]	12	64	25974	5099	2916	5099	9	2917	35797	952	1358,1151,262,104,25,6,6,2,2,0,0,0,0,0,0,0,0,0,0,0,0,0,0,0,0,0,0,0,0,0,0,0,0,0,0,0,0,0,0,0	385,303,257,292,204,126,138,108,103,105,117,79,44,47,42,34,327,125,63,13,2,3,0,0,0,0,0,0,0,0,0,0,0,0,0,0,0,0,0,0	2	5027	2897	5027	9	2898	35869	952	1359,1143,260,99,23,4,6,2,1,0,0,0,0,0,0,0,0,0,0,0,0,0,0,0,0,0,0,0,0,0,0,0,0,0,0,0,0,0,0,0	381,298,256,291,199,126,138,105,105,100,116,79,48,45,41,34,326,129,63,13,2,3,0,0,0,0,0,0,0,0,0,0,0,0,0,0,0,0,0,0
tb.dut.clusters[0].cluster.sockets[0].socket.cores[0].core.execute.alu_unit.genblk1[0].alu_int.genblk6[1]	12	64	26330	5336	2973	5336	9	2974	35560	952	1323,1188,295,118,29,9,8,2,1,0,0,0,0,0,0,0,0,0,0,0,0,0,0,0,0,0,0,0,0,0,0,0,0,0,0,0,0,0,0,0	403,299,268,309,215,139,141,109,112,117,120,66,38,42,37,29,330,130,51,14,2,3,0,0,0,0,0,0,0,0,0,0,0,0,0,0,0,0,0,0	2	5248	2952	5248	8	2953	35648	952	1327,1181,290,110,27,7,8,2,0,0,0,0,0,0,0,0,0,0,0,0,0,0,0,0,0,0,0,0,0,0,0,0,0,0,0,0,0,0,0,0	401,296,267,302,213,134,139,106,113,112,118,66,42,42,37,29,331,135,51,14,2,3,0,0,0,0,0,0,0,0,0,0,0,0,0,0,0,0,0,0
tb.dut.clusters[0].cluster.sockets[0].socket.cores[0].core.execute.alu_unit.genblk1[0].alu_int.genblk6[2]	12	64	25982	5407	3003	5407	9	3004	35489	952	1368,1139,312,132,31,10,7,3,1,0,0,0,0,0,0,0,0,0,0,0,0,0,0,0,0,0,0,0,0,0,0,0,0,0,0,0,0,0,0,0	416,331,261,290,212,150,139,124,112,113,127,61,39,38,46,39,308,127,52,14,2,3,0,0,0,0,0,0,0,0,0,0,0,0,0,0,0,0,0,0	2	5323	2978	5323	8	2979	35573	952	1365,1131,309,127,28,8,7,3,0,0,0,0,0,0,0,0,0,0,0,0,0,0,0,0,0,0,0,0,0,0,0,0,0,0,0,0,0,0,0,0	408,328,260,287,205,146,142,122,112,110,122,61,41,37,46,39,310,132,52,14,2,3,0,0,0,0,0,0,0,0,0,0,0,0,0,0,0,0,0,0
tb.dut.clusters[0].cluster.sockets[0].socket.cores[0].core.execute.alu_unit.genblk1[0].alu_int.genblk6[3]	12	64	25546	5415	3008	5415	9	3009	35481	952	1341,1188,307,121,28,12,8,2,1,0,0,0,0,0,0,0,0,0,0,0,0,0,0,0,0,0,0,0,0,0,0,0,0,0,0,0,0,0,0,0	432,313,265,280,213,149,125,119,130,114,145,55,47,37,29,35,329,124,49,13,3,3,0,0,0,0,0,0,0,0,0,0,0,0,0,0,0,0,0,0	2	5351	2996	5351	8	2997	35545	952	1346,1184,305,115,25,12,7,2,0,0,0,0,0,0,0,0,0,0,0,0,0,0,0,0,0,0,0,0,0,0,0,0,0,0,0,0,0,0,0,0	430,311,264,279,209,148,126,117,131,114,138,55,48,37,31,36,327,128,49,13,3,3,0,0,0,0,0,0,0,0,0,0,0,0,0,0,0,0,0,0
tb.dut.clusters[0].cluster.sockets[0].socket.cores[0].core.execute.alu_unit.genblk1[0].int_commit_if	11	242	393082	10166	3488	10166	15	3488	30730	952	20,2027,409,618,262,83,25,18,9,11,2,1,2,0,1,0,0,0,0,0,0,0,0,0,0,0,0,0,0,0,0,0,0,0,0,0,0,0,0,0	610,479,339,559,132,213,182,128,106,147,54,39,38,39,48,23,203,100,33,11,2,3,0,0,0,0,0,0,0,0,0,0,0,0,0,0,0,0,0,0	2	9933	3717	9933	13	3717	30963	952	279,2134,414,541,224,72,22,16,8,5,1,0,1,0,0,0,0,0,0,0,0,0,0,0,0,0,0,0,0,0,0,0,0,0,0,0,0,0,0,0	838,479,340,559,132,212,182,129,106,147,54,39,38,39,48,23,203,100,33,11,2,3,0,0,0,0,0,0,0,0,0,0,0,0,0,0,0,0,0,0
tb.dut.clusters[0].cluster.sockets[0].socket.cores[0].core.execute.alu_unit.genblk1[0].int_execute_if	11	541	521516	10168	3489	10168	15	3489	30728	952	20,2028,409,618,262,83,25,18,9,11,2,1,2,0,1,0,0,0,0,0,0,0,0,0,0,0,0,0,0,0,0,0,0,0,0,0,0,0,0,0	611,480,338,559,132,213,182,128,106,147,54,39,38,39,48,23,203,100,33,11,2,3,0,0,0,0,0,0,0,0,0,0,0,0,0,0,0,0,0,0	3	9386	3587	9386	13	3588	31510	952	378,1937,475,486,205,56,22,14,6,6,1,0,1,0,0,0,0,0,0,0,0,0,0,0,0,0,0,0,0,0,0,0,0,0,0,0,0,0,0,0	604,540,360,554,151,199,147,138,137,144,70,36,38,37,44,22,216,99,36,11,2,3,0,0,0,0,0,0,0,0,0,0,0,0,0,0,0,0,0,0
tb.dut.clusters[0].cluster.sockets[0].socket.cores[0].core.execute.alu_unit.genblk1[0].muldiv_commit_if	11	242	21587	9412	4447	9412	206	4447	31484	952	1799,2017,212,343,9,32,3,6,0,3,0,0,0,0,0,0,0,19,2,2,0,0,0,0,0,0,0,0,0,0,0,0,0,0,0,0,0,0,0,0	1219,755,431,558,143,207,182,128,104,149,59,41,37,37,45,21,195,87,33,11,2,3,0,0,0,0,0,0,0,0,0,0,0,0,0,0,0,0,0,0	2	1234	93	1234	34	94	39662	7574	22,21,2,5,3,3,0,0,1,0,2,0,0,0,1,0,11,22,0,0,0,0,0,0,0,0,0,0,0,0,0,0,0,0,0,0,0,0,0,0	27,9,1,3,0,0,2,1,1,0,2,0,2,1,1,1,19,9,3,1,2,1,2,1,5,0,0,0,0,0,0,0,0,0,0,0,0,0,0,0
tb.dut.clusters[0].cluster.sockets[0].socket.cores[0].core.execute.alu_unit.genblk1[0].muldiv_execute_if	11	541	513424	10179	3494	10179	15	3495	30717	952	12,2029,418,615,277,78,25,18,8,10,1,1,1,0,1,0,0,0,0,0,0,0,0,0,0,0,0,0,0,0,0,0,0,0,0,0,0,0,0,0	616,478,338,560,132,210,184,129,108,143,58,40,37,39,48,24,213,89,33,11,2,3,0,0,0,0,0,0,0,0,0,0,0,0,0,0,0,0,0,0	3	9201	3508	9201	13	3509	31695	952	338,1901,493,484,199,48,20,13,5,5,1,0,1,0,0,0,0,0,0,0,0,0,0,0,0,0,0,0,0,0,0,0,0,0,0,0,0,0,0,0	598,485,352,539,177,182,137,128,124,149,79,34,37,39,38,37,216,106,36,11,2,3,0,0,0,0,0,0,0,0,0,0,0,0,0,0,0,0,0,0
tb.dut.clusters[0].cluster.sockets[0].socket.cores[0].core.execute.alu_unit.genblk1[0].muldiv_unit	11	2378	1511976	20199	3028	20199	317	3028	20697	948	6,798,762,74,229,68,132,231,156,111,125,37,15,44,32,17,149,35,4,2,1,0,0,0,0,0,0,0,0,0,0,0,0,0,0,0,0,0,0,0	1699,212,180,126,100,141,57,39,39,41,45,22,67,11,6,8,119,73,27,11,2,3,0,0,0,0,0,0,0,0,0,0,0,0,0,0,0,0,0,0	12	12184	3990	12184	208	3991	28712	952	711,1706,694,337,225,113,35,61,38,17,15,6,1,0,3,0,7,18,1,2,0,0,0,0,0,0,0,0,0,0,0,0,0,0,0,0,0,0,0,0	1040,932,488,313,155,155,113,91,72,96,73,23,45,42,22,18,170,91,36,11,2,3,0,0,0,0,0,0,0,0,0,0,0,0,0,0,0,0,0,0
tb.dut.clusters[0].cluster.sockets[0].socket.cores[0].core.execute.alu_unit.genblk1[0].muldiv_unit.commit_if	12	242	21587	9412	4447	9412	206	4447	31484	952	1799,2017,212,343,9,32,3,6,0,3,0,0,0,0,0,0,0,19,2,2,0,0,0,0,0,0,0,0,0,0,0,0,0,0,0,0,0,0,0,0	1219,755,431,558,143,207,182,128,104,149,59,41,37,37,45,21,195,87,33,11,2,3,0,0,0,0,0,0,0,0,0,0,0,0,0,0,0,0,0,0	2	1234	93	1234	34	94	39662	7574	22,21,2,5,3,3,0,0,1,0,2,0,0,0,1,0,11,22,0,0,0,0,0,0,0,0,0,0,0,0,0,0,0,0,0,0,0,0,0,0	27,9,1,3,0,0,2,1,1,0,2,0,2,1,1,1,19,9,3,1,2,1,2,1,5,0,0,0,0,0,0,0,0,0,0,0,0,0,0,0
tb.dut.clusters[0].cluster.sockets[0].socket.cores[0].core.execute.alu_unit.genblk1[0].muldiv_unit.execute_if	12	541	513424	10179	3494	10179	15	3495	30717	952	12,2029,418,615,277,78,25,18,8,10,1,1,1,0,1,0,0,0,0,0,0,0,0,0,0,0,0,0,0,0,0,0,0,0,0,0,0,0,0,0	616,478,338,560,132,210,184,129,108,143,58,40,37,39,48,24,213,89,33,11,2,3,0,0,0,0,0,0,0,0,0,0,0,0,0,0,0,0,0,0	3	9201	3508	9201	13	3509	31695	952	338,1901,493,484,199,48,20,13,5,5,1,0,1,0,0,0,0,0,0,0,0,0,0,0,0,0,0,0,0,0,0,0,0,0,0,0,0,0,0,0	598,485,352,539,177,182,137,128,124,149,79,34,37,39,38,37,216,106,36,11,2,3,0,0,0,0,0,0,0,0,0,0,0,0,0,0,0,0,0,0
tb.dut.clusters[0].cluster.sockets[0].socket.cores[0].core.execute.alu_unit.genblk1[0].muldiv_unit.genblk2[0]	12	66	70706	7747	3426	7747	10	3427	33149	1030	895,1546,475,318,131,38,12,4,6,1,0,0,0,0,0,0,0,0,0,0,0,0,0,0,0,0,0,0,0,0,0,0,0,0,0,0,0,0,0,0	542,440,352,460,268,168,133,110,120,121,115,45,40,46,35,40,231,101,40,14,3,2,1,0,0,0,0,0,0,0,0,0,0,0,0,0,0,0,0,0	2	6356	3118	6356	10	3119	34540	1030	1082,1324,397,207,70,20,11,4,2,1,0,0,0,0,0,0,0,0,0,0,0,0,0,0,0,0,0,0,0,0,0,0,0,0,0,0,0,0,0,0	472,366,269,379,244,139,115,113,128,109,98,60,51,53,49,48,250,110,43,16,3,3,1,0,0,0,0,0,0,0,0,0,0,0,0,0,0,0,0,0
tb.dut.clusters[0].cluster.sockets[0].socket.cores[0].core.execute.alu_unit.genblk1[0].muldiv_unit.genblk2[1]	12	66	82690	7761	3336	7761	10	3337	33135	953	800,1516,468,353,135,33,18,6,4,3,0,0,0,0,0,0,0,0,0,0,0,0,0,0,0,0,0,0,0,0,0,0,0,0,0,0,0,0,0,0	517,418,339,475,228,158,128,119,124,120,124,38,37,46,41,47,207,111,39,15,3,3,0,0,0,0,0,0,0,0,0,0,0,0,0,0,0,0,0,0	2	6635	3168	6635	10	3169	34261	953	1018,1389,411,219,90,21,11,6,1,2,0,0,0,0,0,0,0,0,0,0,0,0,0,0,0,0,0,0,0,0,0,0,0,0,0,0,0,0,0,0	487,364,277,419,229,149,137,114,119,111,105,58,51,52,49,53,217,110,48,13,3,4,0,0,0,0,0,0,0,0,0,0,0,0,0,0,0,0,0,0
tb.dut.clusters[0].cluster.sockets[0].socket.cores[0].core.execute.alu_unit.genblk1[0].muldiv_unit.genblk2[2]	12	66	97436	7806	3347	7806	10	3348	33090	953	794,1512,475,376,128,34,17,5,4,2,0,0,0,0,0,0,0,0,0,0,0,0,0,0,0,0,0,0,0,0,0,0,0,0,0,0,0,0,0,0	515,448,318,470,226,159,133,127,132,116,121,34,42,40,47,45,205,110,39,15,3,3,0,0,0,0,0,0,0,0,0,0,0,0,0,0,0,0,0,0	2	6908	3210	6908	10	3211	33988	953	977,1395,429,265,99,27,11,4,2,1,0,0,0,0,0,0,0,0,0,0,0,0,0,0,0,0,0,0,0,0,0,0,0,0,0,0,0,0,0,0	488,397,284,432,232,145,142,121,132,103,117,46,45,42,46,51,214,108,46,13,3,4,0,0,0,0,0,0,0,0,0,0,0,0,0,0,0,0,0,0
tb.dut.clusters[0].cluster.sockets[0].socket.cores[0].core.execute.alu_unit.genblk1[0].muldiv_unit.genblk2[3]	12	66	109940	7829	3356	7829	10	3357	33067	953	797,1519,480,357,138,38,16,5,4,2,0,0,0,0,0,0,0,0,0,0,0,0,0,0,0,0,0,0,0,0,0,0,0,0,0,0,0,0,0,0	525,432,325,470,231,160,145,121,124,120,124,40,40,44,38,44,203,111,39,15,3,3,0,0,0,0,0,0,0,0,0,0,0,0,0,0,0,0,0,0	2	7171	3295	7171	9	3296	33725	953	975,1426,474,258,110,32,14,4,2,0,0,0,0,0,0,0,0,0,0,0,0,0,0,0,0,0,0,0,0,0,0,0,0,0,0,0,0,0,0,0	542,392,285,431,238,156,154,122,126,124,123,47,45,46,42,47,206,105,45,14,2,4,0,0,0,0,0,0,0,0,0,0,0,0,0,0,0,0,0,0
tb.dut.clusters[0].cluster.sockets[0].socket.cores[0].core.execute.alu_unit.per_block_commit_if[0]	10	242	455047	11262	3386	11262	206	3387	29634	952	5,1921,385,616,267,88,25,27,11,10,2,3,2,0,1,0,0,19,2,2,0,0,0,0,0,0,0,0,0,0,0,0,0,0,0,0,0,0,0,0	599,475,338,522,129,208,175,123,109,141,61,38,36,36,47,25,189,87,33,11,2,3,0,0,0,0,0,0,0,0,0,0,0,0,0,0,0,0,0,0	2	10864	3767	10864	177	3768	30032	952	405,2120,376,505,206,73,23,19,8,5,0,1,1,1,1,0,6,13,2,2,0,0,0,0,0,0,0,0,0,0,0,0,0,0,0,0,0,0,0,0	971,480,339,525,129,208,175,123,109,141,61,37,37,36,47,25,189,87,33,11,2,3,0,0,0,0,0,0,0,0,0,0,0,0,0,0,0,0,0,0
tb.dut.clusters[0].cluster.sockets[0].socket.cores[0].core.execute.alu_unit.per_block_execute_if[0]	10	541	521630	10199	3491	10199	15	3491	30697	952	12,2030,416,612,267,85,24,19,9,11,2,1,2,0,1,0,0,0,0,0,0,0,0,0,0,0,0,0,0,0,0,0,0,0,0,0,0,0,0,0	611,480,338,559,132,213,182,128,108,146,55,39,39,38,49,23,213,89,33,11,2,3,0,0,0,0,0,0,0,0,0,0,0,0,0,0,0,0,0,0	3	9388	3589	9388	13	3590	31508	952	380,1937,475,486,205,56,22,14,6,6,1,0,1,0,0,0,0,0,0,0,0,0,0,0,0,0,0,0,0,0,0,0,0,0,0,0,0,0,0,0	604,541,361,555,151,199,146,139,137,144,70,35,38,37,44,22,216,99,36,11,2,3,0,0,0,0,0,0,0,0,0,0,0,0,0,0,0,0,0,0
tb.dut.clusters[0].cluster.sockets[0].socket.cores[0].core.execute.branch_ctl_if[0]	9	35	94451	10081	3506	10081	15	3507	30815	952	77,1993,414,620,262,77,25,18,7,8,2,1,1,0,1,0,0,0,0,0,0,0,0,0,0,0,0,0,0,0,0,0,0,0,0,0,0,0,0,0	626,480,335,552,145,213,181,130,104,138,64,38,39,39,47,24,201,102,33,11,2,3,0,0,0,0,0,0,0,0,0,0,0,0,0,0,0,0,0,0	2	9287	3703	9287	13	3704	31609	952	514,1991,457,463,183,54,17,14,6,2,1,0,1,0,0,0,0,0,0,0,0,0,0,0,0,0,0,0,0,0,0,0,0,0,0,0,0,0,0,0	748,479,348,568,178,206,173,131,113,130,75,49,38,43,49,24,198,104,34,11,2,3,0,0,0,0,0,0,0,0,0,0,0,0,0,0,0,0,0,0
tb.dut.clusters[0].cluster.sockets[0].socket.cores[0].core.execute.commit_csr_if	9	44	17126	8557	5659	8557	16	5660	32339	329	3891,1077,445,165,39,21,4,7,3,2,1,2,0,1,0,1,0,0,0,0,0,0,0,0,0,0,0,0,0,0,0,0,0,0,0,0,0,0,0,0	1122,1021,669,453,596,197,343,237,153,126,160,42,119,39,29,49,238,63,3,0,1,0,0,0,0,0,0,0,0,0,0,0,0,0,0,0,0,0,0,0	2	4293	4271	4293	3	4272	36603	333	4252,16,3,0,0,0,0,0,0,0,0,0,0,0,0,0,0,0,0,0,0,0,0,0,0,0,0,0,0,0,0,0,0,0,0,0,0,0,0,0	559,300,353,334,470,226,256,210,206,228,231,113,76,112,107,54,301,132,3,0,1,0,0,0,0,0,0,0,0,0,0,0,0,0,0,0,0,0,0,0
tb.dut.clusters[0].cluster.sockets[0].socket.cores[0].core.execute.commit_if[0]	9	242	455047	11262	3386	11262	206	3387	29634	952	5,1921,385,616,267,88,25,27,11,10,2,3,2,0,1,0,0,19,2,2,0,0,0,0,0,0,0,0,0,0,0,0,0,0,0,0,0,0,0,0	599,475,338,522,129,208,175,123,109,141,61,38,36,36,47,25,189,87,33,11,2,3,0,0,0,0,0,0,0,0,0,0,0,0,0,0,0,0,0,0	2	10864	3767	10864	177	3768	30032	952	405,2120,376,505,206,73,23,19,8,5,0,1,1,1,1,0,6,13,2,2,0,0,0,0,0,0,0,0,0,0,0,0,0,0,0,0,0,0,0,0	971,480,339,525,129,208,175,123,109,141,61,37,37,36,47,25,189,87,33,11,2,3,0,0,0,0,0,0,0,0,0,0,0,0,0,0,0,0,0,0
tb.dut.clusters[0].cluster.sockets[0].socket.cores[0].core.execute.commit_if[1]	9	242	76759	3999	1572	3999	39	1573	36897	857	0,1176,153,169,28,22,8,5,4,4,1,0,0,0,0,0,1,1,0,0,0,0,0,0,0,0,0,0,0,0,0,0,0,0,0,0,0,0,0,0	201,61,53,117,38,197,83,67,47,35,8,20,65,10,9,10,299,122,87,34,8,2,0,0,0,0,0,0,0,0,0,0,0,0,0,0,0,0,0,0	2	3892	1679	3892	28	1680	37004	857	121,1215,147,150,19,15,7,1,0,3,0,0,0,0,0,0,1,0,0,0,0,0,0,0,0,0,0,0,0,0,0,0,0,0,0,0,0,0,0,0	308,61,53,117,38,197,83,67,47,35,8,20,65,10,9,10,299,122,87,34,8,2,0,0,0,0,0,0,0,0,0,0,0,0,0,0,0,0,0,0
tb.dut.clusters[0].cluster.sockets[0].socket.cores[0].core.execute.commit_if[2]	9	242	11100	862	351	862	9	352	40034	2516	0,287,9,24,24,6,0,0,1,0,0,0,0,0,0,0,0,0,0,0,0,0,0,0,0,0,0,0,0,0,0,0,0,0,0,0,0,0,0,0	9,4,3,5,1,3,10,4,1,1,1,1,55,2,11,6,36,67,63,39,13,12,4,1,0,0,0,0,0,0,0,0,0,0,0,0,0,0,0,0	2	799	413	799	6	414	40097	2516	89,292,6,24,0,2,0,0,0,0,0,0,0,0,0,0,0,0,0,0,0,0,0,0,0,0,0,0,0,0,0,0,0,0,0,0,0,0,0,0	70,5,3,5,1,3,10,4,1,1,1,1,55,2,11,6,36,67,63,39,13,12,4,1,0,0,0,0,0,0,0,0,0,0,0,0,0,0,0,0
tb.dut.clusters[0].cluster.sockets[0].socket.cores[0].core.execute.commit_if[3]	9	242	2	1	1	1	1	2	40895	40890	1,0,0,0,0,0,0,0,0,0,0,0,0,0,0,0,0,0,0,0,0,0,0,0,0,0,0,0,0,0,0,0,0,0,0,0,0,0,0,0	0,0,0,0,1,0,0,0,0,0,0,0,0,0,0,0,0,0,0,0,0,0,0,0,0,0,0,1,0,0,0,0,0,0,0,0,0,0,0,0	2	1	1	1	1	2	40895	40890	1,0,0,0,0,0,0,0,0,0,0,0,0,0,0,0,0,0,0,0,0,0,0,0,0,0,0,0,0,0,0,0,0,0,0,0,0,0,0,0	0,0,0,0,1,0,0,0,0,0,0,0,0,0,0,0,0,0,0,0,0,0,0,0,0,0,0,1,0,0,0,0,0,0,0,0,0,0,0,0
tb.dut.clusters[0].cluster.sockets[0].socket.cores[0].core.execute.dispatch_if[0]	9	474	521630	10199	3491	10199	15	3491	30697	952	12,2030,416,612,267,85,24,19,9,11,2,1,2,0,1,0,0,0,0,0,0,0,0,0,0,0,0,0,0,0,0,0,0,0,0,0,0,0,0,0	611,480,338,559,132,213,182,128,108,146,55,39,39,38,49,23,213,89,33,11,2,3,0,0,0,0,0,0,0,0,0,0,0,0,0,0,0,0,0,0	3	9388	3589	9388	13	3590	31508	952	380,1937,475,486,205,56,22,14,6,6,1,0,1,0,0,0,0,0,0,0,0,0,0,0,0,0,0,0,0,0,0,0,0,0,0,0,0,0,0,0	604,541,361,555,151,199,146,139,137,144,70,35,38,37,44,22,216,99,36,11,2,3,0,0,0,0,0,0,0,0,0,0,0,0,0,0,0,0,0,0
tb.dut.clusters[0].cluster.sockets[0].socket.cores[0].core.execute.dispatch_if[1]	9	474	117475	3450	1469	3450	39	1469	37446	818	68,1114,121,126,16,13,4,1,3,1,0,0,0,0,0,0,1,1,0,0,0,0,0,0,0,0,0,0,0,0,0,0,0,0,0,0,0,0,0,0	80,53,46,174,34,206,80,48,42,25,11,11,62,11,7,18,255,170,86,40,8,2,0,0,0,0,0,0,0,0,0,0,0,0,0,0,0,0,0,0	3	2749	1500	2749	16	1501	38147	825	566,780,62,68,8,6,4,1,3,1,0,0,0,0,0,1,0,0,0,0,0,0,0,0,0,0,0,0,0,0,0,0,0,0,0,0,0,0,0,0	131,63,49,173,28,24,197,65,57,38,19,11,62,8,9,16,241,171,88,41,8,2,0,0,0,0,0,0,0,0,0,0,0,0,0,0,0,0,0,0
tb.dut.clusters[0].cluster.sockets[0].socket.cores[0].core.execute.dispatch_if[2]	9	474	5544	856	353	856	7	353	40040	2516	1,291,6,25,26,3,1,0,0,0,0,0,0,0,0,0,0,0,0,0,0,0,0,0,0,0,0,0,0,0,0,0,0,0,0,0,0,0,0,0	9,3,5,5,1,3,10,4,1,0,1,2,55,2,11,6,35,68,63,39,13,12,4,1,0,0,0,0,0,0,0,0,0,0,0,0,0,0,0,0	3	468	301	468	5	302	40428	2718	148,145,3,4,1,0,0,0,0,0,0,0,0,0,0,0,0,0,0,0,0,0,0,0,0,0,0,0,0,0,0,0,0,0,0,0,0,0,0,0	11,7,2,9,1,2,0,1,7,1,0,0,56,1,1,7,23,58,45,32,17,16,4,1,0,0,0,0,0,0,0,0,0,0,0,0,0,0,0,0
tb.dut.clusters[0].cluster.sockets[0].socket.cores[0].core.execute.dispatch_if[3]	9	474	4	3	3	3	1	3	40893	40889	3,0,0,0,0,0,0,0,0,0,0,0,0,0,0,0,0,0,0,0,0,0,0,0,0,0,0,0,0,0,0,0,0,0,0,0,0,0,0,0	1,0,1,0,0,0,0,0,0,0,0,0,0,0,0,0,0,0,0,0,0,0,0,0,0,0,0,1,0,0,0,0,0,0,0,0,0,0,0,0	3	0	0	0	0	1	40896	40896	0,0,0,0,0,0,0,0,0,0,0,0,0,0,0,0,0,0,0,0,0,0,0,0,0,0,0,0,0,0,0,0,0,0,0,0,0,0,0,0	0,0,0,0,0,0,0,0,0,0,0,0,0,0,0,0,0,0,0,0,0,0,0,0,0,0,0,1,0,0,0,0,0,0,0,0,0,0,0,0
tb.dut.clusters[0].cluster.sockets[0].socket.cores[0].core.execute.fpu_csr_if[0]	9	13	0	0	0	0	0	1	40896	40896	0,0,0,0,0,0,0,0,0,0,0,0,0,0,0,0,0,0,0,0,0,0,0,0,0,0,0,0,0,0,0,0,0,0,0,0,0,0,0,0	0,0,0,0,0,0,0,0,0,0,0,0,0,0,0,0,0,0,0,0,0,0,0,0,0,0,0,1,0,0,0,0,0,0,0,0,0,0,0,0	2	0	0	0	0	1	40896	40896	0,0,0,0,0,0,0,0,0,0,0,0,0,0,0,0,0,0,0,0,0,0,0,0,0,0,0,0,0,0,0,0,0,0,0,0,0,0,0,0	0,0,0,0,0,0,0,0,0,0,0,0,0,0,0,0,0,0,0,0,0,0,0,0,0,0,0,1,0,0,0,0,0,0,0,0,0,0,0,0
tb.dut.clusters[0].cluster.sockets[0].socket.cores[0].core.execute.fpu_unit	9	182049	620	7	3	7	5	3	40889	40872	2,0,0,0,1,0,0,0,0,0,0,0,0,0,0,0,0,0,0,0,0,0,0,0,0,0,0,0,0,0,0,0,0,0,0,0,0,0,0,0	0,1,0,0,0,0,0,0,0,0,0,0,0,0,1,0,0,0,0,0,0,0,0,0,0,0,0,1,0,0,0,0,0,0,0,0,0,0,0,0	911	0	0	0	0	1	40896	40896	0,0,0,0,0,0,0,0,0,0,0,0,0,0,0,0,0,0,0,0,0,0,0,0,0,0,0,0,0,0,0,0,0,0,0,0,0,0,0,0	0,0,0,0,0,0,0,0,0,0,0,0,0,0,0,0,0,0,0,0,0,0,0,0,0,0,0,1,0,0,0,0,0,0,0,0,0,0,0,0
tb.dut.clusters[0].cluster.sockets[0].socket.cores[0].core.execute.fpu_unit.commit_if[0]	10	242	2	1	1	1	1	2	40895	40890	1,0,0,0,0,0,0,0,0,0,0,0,0,0,0,0,0,0,0,0,0,0,0,0,0,0,0,0,0,0,0,0,0,0,0,0,0,0,0,0	0,0,0,0,1,0,0,0,0,0,0,0,0,0,0,0,0,0,0,0,0,0,0,0,0,0,0,1,0,0,0,0,0,0,0,0,0,0,0,0	2	1	1	1	1	2	40895	40890	1,0,0,0,0,0,0,0,0,0,0,0,0,0,0,0,0,0,0,0,0,0,0,0,0,0,0,0,0,0,0,0,0,0,0,0,0,0,0,0	0,0,0,0,1,0,0,0,0,0,0,0,0,0,0,0,0,0,0,0,0,0,0,0,0,0,0,1,0,0,0,0,0,0,0,0,0,0,0,0
tb.dut.clusters[0].cluster.sockets[0].socket.cores[0].core.execute.fpu_unit.dispatch_if[0]	10	474	4	3	3	3	1	3	40893	40889	3,0,0,0,0,0,0,0,0,0,0,0,0,0,0,0,0,0,0,0,0,0,0,0,0,0,0,0,0,0,0,0,0,0,0,0,0,0,0,0	1,0,1,0,0,0,0,0,0,0,0,0,0,0,0,0,0,0,0,0,0,0,0,0,0,0,0,1,0,0,0,0,0,0,0,0,0,0,0,0	3	0	0	0	0	1	40896	40896	0,0,0,0,0,0,0,0,0,0,0,0,0,0,0,0,0,0,0,0,0,0,0,0,0,0,0,0,0,0,0,0,0,0,0,0,0,0,0,0	0,0,0,0,0,0,0,0,0,0,0,0,0,0,0,0,0,0,0,0,0,0,0,0,0,0,0,1,0,0,0,0,0,0,0,0,0,0,0,0
tb.dut.clusters[0].cluster.sockets[0].socket.cores[0].core.execute.fpu_unit.dispatch_unit	10	2375	28	5	4	5	2	4	40891	40872	3,1,0,0,0,0,0,0,0,0,0,0,0,0,0,0,0,0,0,0,0,0,0,0,0,0,0,0,0,0,0,0,0,0,0,0,0,0,0,0	1,1,0,0,0,0,0,0,0,0,0,0,0,0,0,1,0,0,0,0,0,0,0,0,0,0,0,1,0,0,0,0,0,0,0,0,0,0,0,0	12	0	0	0	0	1	40896	40896	0,0,0,0,0,0,0,0,0,0,0,0,0,0,0,0,0,0,0,0,0,0,0,0,0,0,0,0,0,0,0,0,0,0,0,0,0,0,0,0	0,0,0,0,0,0,0,0,0,0,0,0,0,0,0,0,0,0,0,0,0,0,0,0,0,0,0,1,0,0,0,0,0,0,0,0,0,0,0,0
tb.dut.clusters[0].cluster.sockets[0].socket.cores[0].core.execute.fpu_unit.dispatch_unit.dispatch_if[0]	11	474	4	3	3	3	1	3	40893	40889	3,0,0,0,0,0,0,0,0,0,0,0,0,0,0,0,0,0,0,0,0,0,0,0,0,0,0,0,0,0,0,0,0,0,0,0,0,0,0,0	1,0,1,0,0,0,0,0,0,0,0,0,0,0,0,0,0,0,0,0,0,0,0,0,0,0,0,1,0,0,0,0,0,0,0,0,0,0,0,0	3	0	0	0	0	1	40896	40896	0,0,0,0,0,0,0,0,0,0,0,0,0,0,0,0,0,0,0,0,0,0,0,0,0,0,0,0,0,0,0,0,0,0,0,0,0,0,0,0	0,0,0,0,0,0,0,0,0,0,0,0,0,0,0,0,0,0,0,0,0,0,0,0,0,0,0,1,0,0,0,0,0,0,0,0,0,0,0,0
tb.dut.clusters[0].cluster.sockets[0].socket.cores[0].core.execute.fpu_unit.dispatch_unit.execute_if[0]	11	541	4	3	3	3	1	3	40893	40889	3,0,0,0,0,0,0,0,0,0,0,0,0,0,0,0,0,0,0,0,0,0,0,0,0,0,0,0,0,0,0,0,0,0,0,0,0,0,0,0	1,0,1,0,0,0,0,0,0,0,0,0,0,0,0,0,0,0,0,0,0,0,0,0,0,0,0,1,0,0,0,0,0,0,0,0,0,0,0,0	3	0	0	0	0	1	40896	40896	0,0,0,0,0,0,0,0,0,0,0,0,0,0,0,0,0,0,0,0,0,0,0,0,0,0,0,0,0,0,0,0,0,0,0,0,0,0,0,0	0,0,0,0,0,0,0,0,0,0,0,0,0,0,0,0,0,0,0,0,0,0,0,0,0,0,0,1,0,0,0,0,0,0,0,0,0,0,0,0
tb.dut.clusters[0].cluster.sockets[0].socket.cores[0].core.execute.fpu_unit.dispatch_unit.genblk5[0]	11	7	6	5	4	5	2	4	40891	40872	3,1,0,0,0,0,0,0,0,0,0,0,0,0,0,0,0,0,0,0,0,0,0,0,0,0,0,0,0,0,0,0,0,0,0,0,0,0,0,0	1,1,0,0,0,0,0,0,0,0,0,0,0,0,0,1,0,0,0,0,0,0,0,0,0,0,0,1,0,0,0,0,0,0,0,0,0,0,0,0	2	1	1	1	1	2	40895	40889	1,0,0,0,0,0,0,0,0,0,0,0,0,0,0,0,0,0,0,0,0,0,0,0,0,0,0,0,0,0,0,0,0,0,0,0,0,0,0,0	0,0,0,0,0,1,0,0,0,0,0,0,0,0,0,0,0,0,0,0,0,0,0,0,0,0,0,1,0,0,0,0,0,0,0,0,0,0,0,0
tb.dut.clusters[0].cluster.sockets[0].socket.cores[0].core.execute.fpu_unit.fpu_csr_if[0]	10	13	0	0	0	0	0	1	40896	40896	0,0,0,0,0,0,0,0,0,0,0,0,0,0,0,0,0,0,0,0,0,0,0,0,0,0,0,0,0,0,0,0,0,0,0,0,0,0,0,0	0,0,0,0,0,0,0,0,0,0,0,0,0,0,0,0,0,0,0,0,0,0,0,0,0,0,0,1,0,0,0,0,0,0,0,0,0,0,0,0	2	0	0	0	0	1	40896	40896	0,0,0,0,0,0,0,0,0,0,0,0,0,0,0,0,0,0,0,0,0,0,0,0,0,0,0,0,0,0,0,0,0,0,0,0,0,0,0,0	0,0,0,0,0,0,0,0,0,0,0,0,0,0,0,0,0,0,0,0,0,0,0,0,0,0,0,1,0,0,0,0,0,0,0,0,0,0,0,0
tb.dut.clusters[0].cluster.sockets[0].socket.cores[0].core.execute.fpu_unit.gather_unit	10	1472	12	3	3	3	1	4	40893	40872	3,0,0,0,0,0,0,0,0,0,0,0,0,0,0,0,0,0,0,0,0,0,0,0,0,0,0,0,0,0,0,0,0,0,0,0,0,0,0,0	1,0,1,0,0,0,0,0,0,0,0,0,0,0,0,0,1,0,0,0,0,0,0,0,0,0,0,1,0,0,0,0,0,0,0,0,0,0,0,0	8	1	1	1	1	2	40895	40890	1,0,0,0,0,0,0,0,0,0,0,0,0,0,0,0,0,0,0,0,0,0,0,0,0,0,0,0,0,0,0,0,0,0,0,0,0,0,0,0	0,0,0,0,1,0,0,0,0,0,0,0,0,0,0,0,0,0,0,0,0,0,0,0,0,0,0,1,0,0,0,0,0,0,0,0,0,0,0,0
tb.dut.clusters[0].cluster.sockets[0].socket.cores[0].core.execute.fpu_unit.gather_unit.commit_in_if[0]	11	242	2	1	1	1	1	2	40895	40890	1,0,0,0,0,0,0,0,0,0,0,0,0,0,0,0,0,0,0,0,0,0,0,0,0,0,0,0,0,0,0,0,0,0,0,0,0,0,0,0	0,0,0,0,1,0,0,0,0,0,0,0,0,0,0,0,0,0,0,0,0,0,0,0,0,0,0,1,0,0,0,0,0,0,0,0,0,0,0,0	2	1	1	1	1	2	40895	40890	1,0,0,0,0,0,0,0,0,0,0,0,0,0,0,0,0,0,0,0,0,0,0,0,0,0,0,0,0,0,0,0,0,0,0,0,0,0,0,0	0,0,0,0,1,0,0,0,0,0,0,0,0,0,0,0,0,0,0,0,0,0,0,0,0,0,0,1,0,0,0,0,0,0,0,0,0,0,0,0
tb.dut.clusters[0].cluster.sockets[0].socket.cores[0].core.execute.fpu_unit.gather_unit.commit_out_if[0]	11	242	2	1	1	1	1	2	40895	40890	1,0,0,0,0,0,0,0,0,0,0,0,0,0,0,0,0,0,0,0,0,0,0,0,0,0,0,0,0,0,0,0,0,0,0,0,0,0,0,0	0,0,0,0,1,0,0,0,0,0,0,0,0,0,0,0,0,0,0,0,0,0,0,0,0,0,0,1,0,0,0,0,0,0,0,0,0,0,0,0	2	1	1	1	1	2	40895	40890	1,0,0,0,0,0,0,0,0,0,0,0,0,0,0,0,0,0,0,0,0,0,0,0,0,0,0,0,0,0,0,0,0,0,0,0,0,0,0,0	0,0,0,0,1,0,0,0,0,0,0,0,0,0,0,0,0,0,0,0,0,0,0,0,0,0,0,1,0,0,0,0,0,0,0,0,0,0,0,0
tb.dut.clusters[0].cluster.sockets[0].socket.cores[0].core.execute.fpu_unit.gather_unit.genblk5[0]	11	374	2	1	1	1	1	2	40895	40890	1,0,0,0,0,0,0,0,0,0,0,0,0,0,0,0,0,0,0,0,0,0,0,0,0,0,0,0,0,0,0,0,0,0,0,0,0,0,0,0	0,0,0,0,1,0,0,0,0,0,0,0,0,0,0,0,0,0,0,0,0,0,0,0,0,0,0,1,0,0,0,0,0,0,0,0,0,0,0,0	2	1	1	1	1	2	40895	40890	1,0,0,0,0,0,0,0,0,0,0,0,0,0,0,0,0,0,0,0,0,0,0,0,0,0,0,0,0,0,0,0,0,0,0,0,0,0,0,0	0,0,0,0,1,0,0,0,0,0,0,0,0,0,0,0,0,0,0,0,0,0,0,0,0,0,0,1,0,0,0,0,0,0,0,0,0,0,0,0
tb.dut.clusters[0].cluster.sockets[0].socket.cores[0].core.execute.fpu_unit.gather_unit.genblk5[0].commit_tmp_if	12	242	2	1	1	1	1	2	40895	40890	1,0,0,0,0,0,0,0,0,0,0,0,0,0,0,0,0,0,0,0,0,0,0,0,0,0,0,0,0,0,0,0,0,0,0,0,0,0,0,0	0,0,0,0,1,0,0,0,0,0,0,0,0,0,0,0,0,0,0,0,0,0,0,0,0,0,0,1,0,0,0,0,0,0,0,0,0,0,0,0	2	1	1	1	1	2	40895	40890	1,0,0,0,0,0,0,0,0,0,0,0,0,0,0,0,0,0,0,0,0,0,0,0,0,0,0,0,0,0,0,0,0,0,0,0,0,0,0,0	0,0,0,0,1,0,0,0,0,0,0,0,0,0,0,0,0,0,0,0,0,0,0,0,0,0,0,1,0,0,0,0,0,0,0,0,0,0,0,0
tb.dut.clusters[0].cluster.sockets[0].socket.cores[0].core.execute.fpu_unit.genblk1[0]	10	176528	566	7	3	7	5	3	40889	40872	2,0,0,0,1,0,0,0,0,0,0,0,0,0,0,0,0,0,0,0,0,0,0,0,0,0,0,0,0,0,0,0,0,0,0,0,0,0,0,0	0,1,0,0,0,0,0,0,0,0,0,0,0,0,1,0,0,0,0,0,0,0,0,0,0,0,0,1,0,0,0,0,0,0,0,0,0,0,0,0	883	0	0	0	0	1	40896	40896	0,0,0,0,0,0,0,0,0,0,0,0,0,0,0,0,0,0,0,0,0,0,0,0,0,0,0,0,0,0,0,0,0,0,0,0,0,0,0,0	0,0,0,0,0,0,0,0,0,0,0,0,0,0,0,0,0,0,0,0,0,0,0,0,0,0,0,1,0,0,0,0,0,0,0,0,0,0,0,0
tb.dut.clusters[0].cluster.sockets[0].socket.cores[0].core.execute.fpu_unit.genblk1[0].fpu_fpnew	11	176324	554	6	2	6	5	3	40890	40872	1,0,0,0,1,0,0,0,0,0,0,0,0,0,0,0,0,0,0,0,0,0,0,0,0,0,0,0,0,0,0,0,0,0,0,0,0,0,0,0	0,0,1,0,0,0,0,0,0,0,0,0,0,0,1,0,0,0,0,0,0,0,0,0,0,0,0,1,0,0,0,0,0,0,0,0,0,0,0,0	882	0	0	0	0	1	40896	40896	0,0,0,0,0,0,0,0,0,0,0,0,0,0,0,0,0,0,0,0,0,0,0,0,0,0,0,0,0,0,0,0,0,0,0,0,0,0,0,0	0,0,0,0,0,0,0,0,0,0,0,0,0,0,0,0,0,0,0,0,0,0,0,0,0,0,0,1,0,0,0,0,0,0,0,0,0,0,0,0
tb.dut.clusters[0].cluster.sockets[0].socket.cores[0].core.execute.fpu_unit.genblk1[0].fpu_fpnew.genblk3[0]	12	43590	136	6	2	6	5	3	40890	40872	1,0,0,0,1,0,0,0,0,0,0,0,0,0,0,0,0,0,0,0,0,0,0,0,0,0,0,0,0,0,0,0,0,0,0,0,0,0,0,0	0,0,1,0,0,0,0,0,0,0,0,0,0,0,1,0,0,0,0,0,0,0,0,0,0,0,0,1,0,0,0,0,0,0,0,0,0,0,0,0	218	0	0	0	0	1	40896	40896	0,0,0,0,0,0,0,0,0,0,0,0,0,0,0,0,0,0,0,0,0,0,0,0,0,0,0,0,0,0,0,0,0,0,0,0,0,0,0,0	0,0,0,0,0,0,0,0,0,0,0,0,0,0,0,0,0,0,0,0,0,0,0,0,0,0,0,1,0,0,0,0,0,0,0,0,0,0,0,0
tb.dut.clusters[0].cluster.sockets[0].socket.cores[0].core.execute.fpu_unit.genblk1[0].fpu_fpnew.genblk3[0].fpnew_core	13	43581	134	6	2	6	5	3	40890	40872	1,0,0,0,1,0,0,0,0,0,0,0,0,0,0,0,0,0,0,0,0,0,0,0,0,0,0,0,0,0,0,0,0,0,0,0,0,0,0,0	0,0,1,0,0,0,0,0,0,0,0,0,0,0,1,0,0,0,0,0,0,0,0,0,0,0,0,1,0,0,0,0,0,0,0,0,0,0,0,0	218	0	0	0	0	1	40896	40896	0,0,0,0,0,0,0,0,0,0,0,0,0,0,0,0,0,0,0,0,0,0,0,0,0,0,0,0,0,0,0,0,0,0,0,0,0,0,0,0	0,0,0,0,0,0,0,0,0,0,0,0,0,0,0,0,0,0,0,0,0,0,0,0,0,0,0,1,0,0,0,0,0,0,0,0,0,0,0,0
tb.dut.clusters[0].cluster.sockets[0].socket.cores[0].core.execute.fpu_unit.genblk1[0].fpu_fpnew.genblk3[0].fpnew_core.gen_nanbox_check[0]	14	32	0	0	0	0	0	1	40896	40896	0,0,0,0,0,0,0,0,0,0,0,0,0,0,0,0,0,0,0,0,0,0,0,0,0,0,0,0,0,0,0,0,0,0,0,0,0,0,0,0	0,0,0,0,0,0,0,0,0,0,0,0,0,0,0,0,0,0,0,0,0,0,0,0,0,0,0,1,0,0,0,0,0,0,0,0,0,0,0,0	2	0	0	0	0	1	40896	40896	0,0,0,0,0,0,0,0,0,0,0,0,0,0,0,0,0,0,0,0,0,0,0,0,0,0,0,0,0,0,0,0,0,0,0,0,0,0,0,0	0,0,0,0,0,0,0,0,0,0,0,0,0,0,0,0,0,0,0,0,0,0,0,0,0,0,0,1,0,0,0,0,0,0,0,0,0,0,0,0
tb.dut.clusters[0].cluster.sockets[0].socket.cores[0].core.execute.fpu_unit.genblk1[0].fpu_fpnew.genblk3[0].fpnew_core.gen_nanbox_check[1]	14	32	0	0	0	0	0	1	40896	40896	0,0,0,0,0,0,0,0,0,0,0,0,0,0,0,0,0,0,0,0,0,0,0,0,0,0,0,0,0,0,0,0,0,0,0,0,0,0,0,0	0,0,0,0,0,0,0,0,0,0,0,0,0,0,0,0,0,0,0,0,0,0,0,0,0,0,0,1,0,0,0,0,0,0,0,0,0,0,0,0	2	0	0	0	0	1	40896	40896	0,0,0,0,0,0,0,0,0,0,0,0,0,0,0,0,0,0,0,0,0,0,0,0,0,0,0,0,0,0,0,0,0,0,0,0,0,0,0,0	0,0,0,0,0,0,0,0,0,0,0,0,0,0,0,0,0,0,0,0,0,0,0,0,0,0,0,1,0,0,0,0,0,0,0,0,0,0,0,0
tb.dut.clusters[0].cluster.sockets[0].socket.cores[0].core.execute.fpu_unit.genblk1[0].fpu_fpnew.genblk3[0].fpnew_core.gen_nanbox_check[2]	14	32	0	0	0	0	0	1	40896	40896	0,0,0,0,0,0,0,0,0,0,0,0,0,0,0,0,0,0,0,0,0,0,0,0,0,0,0,0,0,0,0,0,0,0,0,0,0,0,0,0	0,0,0,0,0,0,0,0,0,0,0,0,0,0,0,0,0,0,0,0,0,0,0,0,0,0,0,1,0,0,0,0,0,0,0,0,0,0,0,0	2	0	0	0	0	1	40896	40896	0,0,0,0,0,0,0,0,0,0,0,0,0,0,0,0,0,0,0,0,0,0,0,0,0,0,0,0,0,0,0,0,0,0,0,0,0,0,0,0	0,0,0,0,0,0,0,0,0,0,0,0,0,0,0,0,0,0,0,0,0,0,0,0,0,0,0,1,0,0,0,0,0,0,0,0,0,0,0,0
tb.dut.clusters[0].cluster.sockets[0].socket.cores[0].core.execute.fpu_unit.genblk1[0].fpu_fpnew.genblk3[0].fpnew_core.gen_nanbox_check[3]	14	32	0	0	0	0	0	1	40896	40896	0,0,0,0,0,0,0,0,0,0,0,0,0,0,0,0,0,0,0,0,0,0,0,0,0,0,0,0,0,0,0,0,0,0,0,0,0,0,0,0	0,0,0,0,0,0,0,0,0,0,0,0,0,0,0,0,0,0,0,0,0,0,0,0,0,0,0,1,0,0,0,0,0,0,0,0,0,0,0,0	2	0	0	0	0	1	40896	40896	0,0,0,0,0,0,0,0,0,0,0,0,0,0,0,0,0,0,0,0,0,0,0,0,0,0,0,0,0,0,0,0,0,0,0,0,0,0,0,0	0,0,0,0,0,0,0,0,0,0,0,0,0,0,0,0,0,0,0,0,0,0,0,0,0,0,0,1,0,0,0,0,0,0,0,0,0,0,0,0
tb.dut.clusters[0].cluster.sockets[0].socket.cores[0].core.execute.fpu_unit.genblk1[0].fpu_fpnew.genblk3[0].fpnew_core.gen_nanbox_check[4]	14	32	0	0	0	0	0	1	40896	40896	0,0,0,0,0,0,0,0,0,0,0,0,0,0,0,0,0,0,0,0,0,0,0,0,0,0,0,0,0,0,0,0,0,0,0,0,0,0,0,0	0,0,0,0,0,0,0,0,0,0,0,0,0,0,0,0,0,0,0,0,0,0,0,0,0,0,0,1,0,0,0,0,0,0,0,0,0,0,0,0	2	0	0	0	0	1	40896	40896	0,0,0,0,0,0,0,0,0,0,0,0,0,0,0,0,0,0,0,0,0,0,0,0,0,0,0,0,0,0,0,0,0,0,0,0,0,0,0,0	0,0,0,0,0,0,0,0,0,0,0,0,0,0,0,0,0,0,0,0,0,0,0,0,0,0,0,1,0,0,0,0,0,0,0,0,0,0,0,0
tb.dut.clusters[0].cluster.sockets[0].socket.cores[0].core.execute.fpu_unit.genblk1[0].fpu_fpnew.genblk3[0].fpnew_core.gen_operation_groups[0]	14	7400	44	4	3	4	2	4	40892	40872	2,1,0,0,0,0,0,0,0,0,0,0,0,0,0,0,0,0,0,0,0,0,0,0,0,0,0,0,0,0,0,0,0,0,0,0,0,0,0,0	1,0,1,0,0,0,0,0,0,0,0,0,0,0,0,1,0,0,0,0,0,0,0,0,0,0,0,1,0,0,0,0,0,0,0,0,0,0,0,0	37	0	0	0	0	1	40896	40896	0,0,0,0,0,0,0,0,0,0,0,0,0,0,0,0,0,0,0,0,0,0,0,0,0,0,0,0,0,0,0,0,0,0,0,0,0,0,0,0	0,0,0,0,0,0,0,0,0,0,0,0,0,0,0,0,0,0,0,0,0,0,0,0,0,0,0,1,0,0,0,0,0,0,0,0,0,0,0,0
tb.dut.clusters[0].cluster.sockets[0].socket.cores[0].core.execute.fpu_unit.genblk1[0].fpu_fpnew.genblk3[0].fpnew_core.gen_operation_groups[0].i_opgroup_block	15	7352	42	4	3	4	2	4	40892	40872	2,1,0,0,0,0,0,0,0,0,0,0,0,0,0,0,0,0,0,0,0,0,0,0,0,0,0,0,0,0,0,0,0,0,0,0,0,0,0,0	1,0,1,0,0,0,0,0,0,0,0,0,0,0,0,1,0,0,0,0,0,0,0,0,0,0,0,1,0,0,0,0,0,0,0,0,0,0,0,0	37	0	0	0	0	1	40896	40896	0,0,0,0,0,0,0,0,0,0,0,0,0,0,0,0,0,0,0,0,0,0,0,0,0,0,0,0,0,0,0,0,0,0,0,0,0,0,0,0	0,0,0,0,0,0,0,0,0,0,0,0,0,0,0,0,0,0,0,0,0,0,0,0,0,0,0,1,0,0,0,0,0,0,0,0,0,0,0,0
tb.dut.clusters[0].cluster.sockets[0].socket.cores[0].core.execute.fpu_unit.genblk1[0].fpu_fpnew.genblk3[0].fpnew_core.gen_operation_groups[0].i_opgroup_block.gen_parallel_slices[0]	16	5051	26	4	3	4	2	4	40892	40872	2,1,0,0,0,0,0,0,0,0,0,0,0,0,0,0,0,0,0,0,0,0,0,0,0,0,0,0,0,0,0,0,0,0,0,0,0,0,0,0	1,0,1,0,0,0,0,0,0,0,0,0,0,0,0,1,0,0,0,0,0,0,0,0,0,0,0,1,0,0,0,0,0,0,0,0,0,0,0,0	26	0	0	0	0	1	40896	40896	0,0,0,0,0,0,0,0,0,0,0,0,0,0,0,0,0,0,0,0,0,0,0,0,0,0,0,0,0,0,0,0,0,0,0,0,0,0,0,0	0,0,0,0,0,0,0,0,0,0,0,0,0,0,0,0,0,0,0,0,0,0,0,0,0,0,0,1,0,0,0,0,0,0,0,0,0,0,0,0
tb.dut.clusters[0].cluster.sockets[0].socket.cores[0].core.execute.fpu_unit.genblk1[0].fpu_fpnew.genblk3[0].fpnew_core.gen_operation_groups[0].i_opgroup_block.gen_parallel_slices[0].active_format	17	5049	26	4	3	4	2	4	40892	40872	2,1,0,0,0,0,0,0,0,0,0,0,0,0,0,0,0,0,0,0,0,0,0,0,0,0,0,0,0,0,0,0,0,0,0,0,0,0,0,0	1,0,1,0,0,0,0,0,0,0,0,0,0,0,0,1,0,0,0,0,0,0,0,0,0,0,0,1,0,0,0,0,0,0,0,0,0,0,0,0	26	0	0	0	0	1	40896	40896	0,0,0,0,0,0,0,0,0,0,0,0,0,0,0,0,0,0,0,0,0,0,0,0,0,0,0,0,0,0,0,0,0,0,0,0,0,0,0,0	0,0,0,0,0,0,0,0,0,0,0,0,0,0,0,0,0,0,0,0,0,0,0,0,0,0,0,1,0,0,0,0,0,0,0,0,0,0,0,0
tb.dut.clusters[0].cluster.sockets[0].socket.cores[0].core.execute.fpu_unit.genblk1[0].fpu_fpnew.genblk3[0].fpnew_core.gen_operation_groups[0].i_opgroup_block.gen_parallel_slices[0].active_format.i_fmt_slice	18	5015	24	4	3	4	2	4	40892	40872	2,1,0,0,0,0,0,0,0,0,0,0,0,0,0,0,0,0,0,0,0,0,0,0,0,0,0,0,0,0,0,0,0,0,0,0,0,0,0,0	1,0,1,0,0,0,0,0,0,0,0,0,0,0,0,1,0,0,0,0,0,0,0,0,0,0,0,1,0,0,0,0,0,0,0,0,0,0,0,0	26	0	0	0	0	1	40896	40896	0,0,0,0,0,0,0,0,0,0,0,0,0,0,0,0,0,0,0,0,0,0,0,0,0,0,0,0,0,0,0,0,0,0,0,0,0,0,0,0	0,0,0,0,0,0,0,0,0,0,0,0,0,0,0,0,0,0,0,0,0,0,0,0,0,0,0,1,0,0,0,0,0,0,0,0,0,0,0,0
tb.dut.clusters[0].cluster.sockets[0].socket.cores[0].core.execute.fpu_unit.genblk1[0].fpu_fpnew.genblk3[0].fpnew_core.gen_operation_groups[0].i_opgroup_block.gen_parallel_slices[0].active_format.i_fmt_slice.gen_num_lanes[0]	19	4401	14	4	3	4	2	4	40892	40872	2,1,0,0,0,0,0,0,0,0,0,0,0,0,0,0,0,0,0,0,0,0,0,0,0,0,0,0,0,0,0,0,0,0,0,0,0,0,0,0	1,0,1,0,0,0,0,0,0,0,0,0,0,0,0,1,0,0,0,0,0,0,0,0,0,0,0,1,0,0,0,0,0,0,0,0,0,0,0,0	23	0	0	0	0	1	40896	40896	0,0,0,0,0,0,0,0,0,0,0,0,0,0,0,0,0,0,0,0,0,0,0,0,0,0,0,0,0,0,0,0,0,0,0,0,0,0,0,0	0,0,0,0,0,0,0,0,0,0,0,0,0,0,0,0,0,0,0,0,0,0,0,0,0,0,0,1,0,0,0,0,0,0,0,0,0,0,0,0
tb.dut.clusters[0].cluster.sockets[0].socket.cores[0].core.execute.fpu_unit.genblk1[0].fpu_fpnew.genblk3[0].fpnew_core.gen_operation_groups[0].i_opgroup_block.gen_parallel_slices[0].active_format.i_fmt_slice.gen_num_lanes[0].active_lane	20	4368	14	4	3	4	2	4	40892	40872	2,1,0,0,0,0,0,0,0,0,0,0,0,0,0,0,0,0,0,0,0,0,0,0,0,0,0,0,0,0,0,0,0,0,0,0,0,0,0,0	1,0,1,0,0,0,0,0,0,0,0,0,0,0,0,1,0,0,0,0,0,0,0,0,0,0,0,1,0,0,0,0,0,0,0,0,0,0,0,0	22	0	0	0	0	1	40896	40896	0,0,0,0,0,0,0,0,0,0,0,0,0,0,0,0,0,0,0,0,0,0,0,0,0,0,0,0,0,0,0,0,0,0,0,0,0,0,0,0	0,0,0,0,0,0,0,0,0,0,0,0,0,0,0,0,0,0,0,0,0,0,0,0,0,0,0,1,0,0,0,0,0,0,0,0,0,0,0,0
tb.dut.clusters[0].cluster.sockets[0].socket.cores[0].core.execute.fpu_unit.genblk1[0].fpu_fpnew.genblk3[0].fpnew_core.gen_operation_groups[0].i_opgroup_block.gen_parallel_slices[0].active_format.i_fmt_slice.gen_num_lanes[0].active_lane.lane_instance	21	4232	12	4	3	4	2	4	40892	40872	2,1,0,0,0,0,0,0,0,0,0,0,0,0,0,0,0,0,0,0,0,0,0,0,0,0,0,0,0,0,0,0,0,0,0,0,0,0,0,0	1,0,1,0,0,0,0,0,0,0,0,0,0,0,0,1,0,0,0,0,0,0,0,0,0,0,0,1,0,0,0,0,0,0,0,0,0,0,0,0	22	0	0	0	0	1	40896	40896	0,0,0,0,0,0,0,0,0,0,0,0,0,0,0,0,0,0,0,0,0,0,0,0,0,0,0,0,0,0,0,0,0,0,0,0,0,0,0,0	0,0,0,0,0,0,0,0,0,0,0,0,0,0,0,0,0,0,0,0,0,0,0,0,0,0,0,1,0,0,0,0,0,0,0,0,0,0,0,0
tb.dut.clusters[0].cluster.sockets[0].socket.cores[0].core.execute.fpu_unit.genblk1[0].fpu_fpnew.genblk3[0].fpnew_core.gen_operation_groups[0].i_opgroup_block.gen_parallel_slices[0].active_format.i_fmt_slice.gen_num_lanes[0].active_lane.lane_instance.i_fma	22	4232	12	4	3	4	2	4	40892	40872	2,1,0,0,0,0,0,0,0,0,0,0,0,0,0,0,0,0,0,0,0,0,0,0,0,0,0,0,0,0,0,0,0,0,0,0,0,0,0,0	1,0,1,0,0,0,0,0,0,0,0,0,0,0,0,1,0,0,0,0,0,0,0,0,0,0,0,1,0,0,0,0,0,0,0,0,0,0,0,0	22	0	0	0	0	1	40896	40896	0,0,0,0,0,0,0,0,0,0,0,0,0,0,0,0,0,0,0,0,0,0,0,0,0,0,0,0,0,0,0,0,0,0,0,0,0,0,0,0	0,0,0,0,0,0,0,0,0,0,0,0,0,0,0,0,0,0,0,0,0,0,0,0,0,0,0,1,0,0,0,0,0,0,0,0,0,0,0,0
tb.dut.clusters[0].cluster.sockets[0].socket.cores[0].core.execute.fpu_unit.genblk1[0].fpu_fpnew.genblk3[0].fpnew_core.gen_operation_groups[0].i_opgroup_block.gen_parallel_slices[0].active_format.i_fmt_slice.gen_num_lanes[0].active_lane.lane_instance.i_fma.gen_input_pipeline[0]	23	1	2	2	2	2	1	3	40894	40889	2,0,0,0,0,0,0,0,0,0,0,0,0,0,0,0,0,0,0,0,0,0,0,0,0,0,0,0,0,0,0,0,0,0,0,0,0,0,0,0	1,0,0,1,0,0,0,0,0,0,0,0,0,0,0,0,0,0,0,0,0,0,0,0,0,0,0,1,0,0,0,0,0,0,0,0,0,0,0,0	2	0	0	0	0	1	40896	40896	0,0,0,0,0,0,0,0,0,0,0,0,0,0,0,0,0,0,0,0,0,0,0,0,0,0,0,0,0,0,0,0,0,0,0,0,0,0,0,0	0,0,0,0,0,0,0,0,0,0,0,0,0,0,0,0,0,0,0,0,0,0,0,0,0,0,0,1,0,0,0,0,0,0,0,0,0,0,0,0
tb.dut.clusters[0].cluster.sockets[0].socket.cores[0].core.execute.fpu_unit.genblk1[0].fpu_fpnew.genblk3[0].fpnew_core.gen_operation_groups[0].i_opgroup_block.gen_parallel_slices[0].active_format.i_fmt_slice.gen_num_lanes[0].active_lane.lane_instance.i_fma.gen_inside_pipeline[0]	23	1	0	0	0	0	0	1	40896	40896	0,0,0,0,0,0,0,0,0,0,0,0,0,0,0,0,0,0,0,0,0,0,0,0,0,0,0,0,0,0,0,0,0,0,0,0,0,0,0,0	0,0,0,0,0,0,0,0,0,0,0,0,0,0,0,0,0,0,0,0,0,0,0,0,0,0,0,1,0,0,0,0,0,0,0,0,0,0,0,0	2	0	0	0	0	1	40896	40896	0,0,0,0,0,0,0,0,0,0,0,0,0,0,0,0,0,0,0,0,0,0,0,0,0,0,0,0,0,0,0,0,0,0,0,0,0,0,0,0	0,0,0,0,0,0,0,0,0,0,0,0,0,0,0,0,0,0,0,0,0,0,0,0,0,0,0,1,0,0,0,0,0,0,0,0,0,0,0,0
tb.dut.clusters[0].cluster.sockets[0].socket.cores[0].core.execute.fpu_unit.genblk1[0].fpu_fpnew.genblk3[0].fpnew_core.gen_operation_groups[0].i_opgroup_block.gen_parallel_slices[0].active_format.i_fmt_slice.gen_num_lanes[0].active_lane.lane_instance.i_fma.gen_inside_pipeline[1]	23	1	0	0	0	0	0	1	40896	40896	0,0,0,0,0,0,0,0,0,0,0,0,0,0,0,0,0,0,0,0,0,0,0,0,0,0,0,0,0,0,0,0,0,0,0,0,0,0,0,0	0,0,0,0,0,0,0,0,0,0,0,0,0,0,0,0,0,0,0,0,0,0,0,0,0,0,0,1,0,0,0,0,0,0,0,0,0,0,0,0	2	0	0	0	0	1	40896	40896	0,0,0,0,0,0,0,0,0,0,0,0,0,0,0,0,0,0,0,0,0,0,0,0,0,0,0,0,0,0,0,0,0,0,0,0,0,0,0,0	0,0,0,0,0,0,0,0,0,0,0,0,0,0,0,0,0,0,0,0,0,0,0,0,0,0,0,1,0,0,0,0,0,0,0,0,0,0,0,0
tb.dut.clusters[0].cluster.sockets[0].socket.cores[0].core.execute.fpu_unit.genblk1[0].fpu_fpnew.genblk3[0].fpnew_core.gen_operation_groups[0].i_opgroup_block.gen_parallel_slices[0].active_format.i_fmt_slice.gen_num_lanes[0].active_lane.lane_instance.i_fma.gen_output_pipeline[0]	23	1	0	0	0	0	0	1	40896	40896	0,0,0,0,0,0,0,0,0,0,0,0,0,0,0,0,0,0,0,0,0,0,0,0,0,0,0,0,0,0,0,0,0,0,0,0,0,0,0,0	0,0,0,0,0,0,0,0,0,0,0,0,0,0,0,0,0,0,0,0,0,0,0,0,0,0,0,1,0,0,0,0,0,0,0,0,0,0,0,0	2	0	0	0	0	1	40896	40896	0,0,0,0,0,0,0,0,0,0,0,0,0,0,0,0,0,0,0,0,0,0,0,0,0,0,0,0,0,0,0,0,0,0,0,0,0,0,0,0	0,0,0,0,0,0,0,0,0,0,0,0,0,0,0,0,0,0,0,0,0,0,0,0,0,0,0,1,0,0,0,0,0,0,0,0,0,0,0,0
tb.dut.clusters[0].cluster.sockets[0].socket.cores[0].core.execute.fpu_unit.genblk1[0].fpu_fpnew.genblk3[0].fpnew_core.gen_operation_groups[0].i_opgroup_block.gen_parallel_slices[0].active_format.i_fmt_slice.gen_num_lanes[0].active_lane.lane_instance.i_fma.i_class_inputs	23	374	0	0	0	0	0	1	40896	40896	0,0,0,0,0,0,0,0,0,0,0,0,0,0,0,0,0,0,0,0,0,0,0,0,0,0,0,0,0,0,0,0,0,0,0,0,0,0,0,0	0,0,0,0,0,0,0,0,0,0,0,0,0,0,0,0,0,0,0,0,0,0,0,0,0,0,0,1,0,0,0,0,0,0,0,0,0,0,0,0	2	0	0	0	0	1	40896	40896	0,0,0,0,0,0,0,0,0,0,0,0,0,0,0,0,0,0,0,0,0,0,0,0,0,0,0,0,0,0,0,0,0,0,0,0,0,0,0,0	0,0,0,0,0,0,0,0,0,0,0,0,0,0,0,0,0,0,0,0,0,0,0,0,0,0,0,1,0,0,0,0,0,0,0,0,0,0,0,0
tb.dut.clusters[0].cluster.sockets[0].socket.cores[0].core.execute.fpu_unit.genblk1[0].fpu_fpnew.genblk3[0].fpnew_core.gen_operation_groups[0].i_opgroup_block.gen_parallel_slices[0].active_format.i_fmt_slice.gen_num_lanes[0].active_lane.lane_instance.i_fma.i_class_inputs.gen_num_values[0]	24	40	0	0	0	0	0	1	40896	40896	0,0,0,0,0,0,0,0,0,0,0,0,0,0,0,0,0,0,0,0,0,0,0,0,0,0,0,0,0,0,0,0,0,0,0,0,0,0,0,0	0,0,0,0,0,0,0,0,0,0,0,0,0,0,0,0,0,0,0,0,0,0,0,0,0,0,0,1,0,0,0,0,0,0,0,0,0,0,0,0	2	0	0	0	0	1	40896	40896	0,0,0,0,0,0,0,0,0,0,0,0,0,0,0,0,0,0,0,0,0,0,0,0,0,0,0,0,0,0,0,0,0,0,0,0,0,0,0,0	0,0,0,0,0,0,0,0,0,0,0,0,0,0,0,0,0,0,0,0,0,0,0,0,0,0,0,1,0,0,0,0,0,0,0,0,0,0,0,0
tb.dut.clusters[0].cluster.sockets[0].socket.cores[0].core.execute.fpu_unit.genblk1[0].fpu_fpnew.genblk3[0].fpnew_core.gen_operation_groups[0].i_opgroup_block.gen_parallel_slices[0].active_format.i_fmt_slice.gen_num_lanes[0].active_lane.lane_instance.i_fma.i_class_inputs.gen_num_values[1]	24	40	0	0	0	0	0	1	40896	40896	0,0,0,0,0,0,0,0,0,0,0,0,0,0,0,0,0,0,0,0,0,0,0,0,0,0,0,0,0,0,0,0,0,0,0,0,0,0,0,0	0,0,0,0,0,0,0,0,0,0,0,0,0,0,0,0,0,0,0,0,0,0,0,0,0,0,0,1,0,0,0,0,0,0,0,0,0,0,0,0	2	0	0	0	0	1	40896	40896	0,0,0,0,0,0,0,0,0,0,0,0,0,0,0,0,0,0,0,0,0,0,0,0,0,0,0,0,0,0,0,0,0,0,0,0,0,0,0,0	0,0,0,0,0,0,0,0,0,0,0,0,0,0,0,0,0,0,0,0,0,0,0,0,0,0,0,1,0,0,0,0,0,0,0,0,0,0,0,0
tb.dut.clusters[0].cluster.sockets[0].socket.cores[0].core.execute.fpu_unit.genblk1[0].fpu_fpnew.genblk3[0].fpnew_core.gen_operation_groups[0].i_opgroup_block.gen_parallel_slices[0].active_format.i_fmt_slice.gen_num_lanes[0].active_lane.lane_instance.i_fma.i_class_inputs.gen_num_values[2]	24	40	0	0	0	0	0	1	40896	40896	0,0,0,0,0,0,0,0,0,0,0,0,0,0,0,0,0,0,0,0,0,0,0,0,0,0,0,0,0,0,0,0,0,0,0,0,0,0,0,0	0,0,0,0,0,0,0,0,0,0,0,0,0,0,0,0,0,0,0,0,0,0,0,0,0,0,0,1,0,0,0,0,0,0,0,0,0,0,0,0	2	0	0	0	0	1	40896	40896	0,0,0,0,0,0,0,0,0,0,0,0,0,0,0,0,0,0,0,0,0,0,0,0,0,0,0,0,0,0,0,0,0,0,0,0,0,0,0,0	0,0,0,0,0,0,0,0,0,0,0,0,0,0,0,0,0,0,0,0,0,0,0,0,0,0,0,1,0,0,0,0,0,0,0,0,0,0,0,0
tb.dut.clusters[0].cluster.sockets[0].socket.cores[0].core.execute.fpu_unit.genblk1[0].fpu_fpnew.genblk3[0].fpnew_core.gen_operation_groups[0].i_opgroup_block.gen_parallel_slices[0].active_format.i_fmt_slice.gen_num_lanes[0].active_lane.lane_instance.i_fma.i_fpnew_rounding	23	104	0	0	0	0	0	1	40896	40896	0,0,0,0,0,0,0,0,0,0,0,0,0,0,0,0,0,0,0,0,0,0,0,0,0,0,0,0,0,0,0,0,0,0,0,0,0,0,0,0	0,0,0,0,0,0,0,0,0,0,0,0,0,0,0,0,0,0,0,0,0,0,0,0,0,0,0,1,0,0,0,0,0,0,0,0,0,0,0,0	2	0	0	0	0	1	40896	40896	0,0,0,0,0,0,0,0,0,0,0,0,0,0,0,0,0,0,0,0,0,0,0,0,0,0,0,0,0,0,0,0,0,0,0,0,0,0,0,0	0,0,0,0,0,0,0,0,0,0,0,0,0,0,0,0,0,0,0,0,0,0,0,0,0,0,0,1,0,0,0,0,0,0,0,0,0,0,0,0
tb.dut.clusters[0].cluster.sockets[0].socket.cores[0].core.execute.fpu_unit.genblk1[0].fpu_fpnew.genblk3[0].fpnew_core.gen_operation_groups[0].i_opgroup_block.gen_parallel_slices[0].active_format.i_fmt_slice.gen_num_lanes[0].active_lane.lane_instance.i_fma.i_lzc	23	960	0	0	0	0	0	1	40896	40896	0,0,0,0,0,0,0,0,0,0,0,0,0,0,0,0,0,0,0,0,0,0,0,0,0,0,0,0,0,0,0,0,0,0,0,0,0,0,0,0	0,0,0,0,0,0,0,0,0,0,0,0,0,0,0,0,0,0,0,0,0,0,0,0,0,0,0,1,0,0,0,0,0,0,0,0,0,0,0,0	5	0	0	0	0	1	40896	40896	0,0,0,0,0,0,0,0,0,0,0,0,0,0,0,0,0,0,0,0,0,0,0,0,0,0,0,0,0,0,0,0,0,0,0,0,0,0,0,0	0,0,0,0,0,0,0,0,0,0,0,0,0,0,0,0,0,0,0,0,0,0,0,0,0,0,0,1,0,0,0,0,0,0,0,0,0,0,0,0
tb.dut.clusters[0].cluster.sockets[0].socket.cores[0].core.execute.fpu_unit.genblk1[0].fpu_fpnew.genblk3[0].fpnew_core.gen_operation_groups[0].i_opgroup_block.gen_parallel_slices[0].active_format.i_fmt_slice.gen_num_lanes[0].active_lane.lane_instance.i_fma.i_lzc.gen_lzc	24	837	0	0	0	0	0	1	40896	40896	0,0,0,0,0,0,0,0,0,0,0,0,0,0,0,0,0,0,0,0,0,0,0,0,0,0,0,0,0,0,0,0,0,0,0,0,0,0,0,0	0,0,0,0,0,0,0,0,0,0,0,0,0,0,0,0,0,0,0,0,0,0,0,0,0,0,0,1,0,0,0,0,0,0,0,0,0,0,0,0	5	0	0	0	0	1	40896	40896	0,0,0,0,0,0,0,0,0,0,0,0,0,0,0,0,0,0,0,0,0,0,0,0,0,0,0,0,0,0,0,0,0,0,0,0,0,0,0,0	0,0,0,0,0,0,0,0,0,0,0,0,0,0,0,0,0,0,0,0,0,0,0,0,0,0,0,1,0,0,0,0,0,0,0,0,0,0,0,0
tb.dut.clusters[0].cluster.sockets[0].socket.cores[0].core.execute.fpu_unit.genblk1[0].fpu_fpnew.genblk3[0].fpnew_core.gen_operation_groups[0].i_opgroup_block.gen_parallel_slices[1]	16	2	0	0	0	0	0	1	40896	40896	0,0,0,0,0,0,0,0,0,0,0,0,0,0,0,0,0,0,0,0,0,0,0,0,0,0,0,0,0,0,0,0,0,0,0,0,0,0,0,0	0,0,0,0,0,0,0,0,0,0,0,0,0,0,0,0,0,0,0,0,0,0,0,0,0,0,0,1,0,0,0,0,0,0,0,0,0,0,0,0	2	0	0	0	0	1	40896	40896	0,0,0,0,0,0,0,0,0,0,0,0,0,0,0,0,0,0,0,0,0,0,0,0,0,0,0,0,0,0,0,0,0,0,0,0,0,0,0,0	0,0,0,0,0,0,0,0,0,0,0,0,0,0,0,0,0,0,0,0,0,0,0,0,0,0,0,1,0,0,0,0,0,0,0,0,0,0,0,0
tb.dut.clusters[0].cluster.sockets[0].socket.cores[0].core.execute.fpu_unit.genblk1[0].fpu_fpnew.genblk3[0].fpnew_core.gen_operation_groups[0].i_opgroup_block.gen_parallel_slices[2]	16	2	0	0	0	0	0	1	40896	40896	0,0,0,0,0,0,0,0,0,0,0,0,0,0,0,0,0,0,0,0,0,0,0,0,0,0,0,0,0,0,0,0,0,0,0,0,0,0,0,0	0,0,0,0,0,0,0,0,0,0,0,0,0,0,0,0,0,0,0,0,0,0,0,0,0,0,0,1,0,0,0,0,0,0,0,0,0,0,0,0	2	0	0	0	0	1	40896	40896	0,0,0,0,0,0,0,0,0,0,0,0,0,0,0,0,0,0,0,0,0,0,0,0,0,0,0,0,0,0,0,0,0,0,0,0,0,0,0,0	0,0,0,0,0,0,0,0,0,0,0,0,0,0,0,0,0,0,0,0,0,0,0,0,0,0,0,1,0,0,0,0,0,0,0,0,0,0,0,0
tb.dut.clusters[0].cluster.sockets[0].socket.cores[0].core.execute.fpu_unit.genblk1[0].fpu_fpnew.genblk3[0].fpnew_core.gen_operation_groups[0].i_opgroup_block.gen_parallel_slices[3]	16	2	0	0	0	0	0	1	40896	40896	0,0,0,0,0,0,0,0,0,0,0,0,0,0,0,0,0,0,0,0,0,0,0,0,0,0,0,0,0,0,0,0,0,0,0,0,0,0,0,0	0,0,0,0,0,0,0,0,0,0,0,0,0,0,0,0,0,0,0,0,0,0,0,0,0,0,0,1,0,0,0,0,0,0,0,0,0,0,0,0	2	0	0	0	0	1	40896	40896	0,0,0,0,0,0,0,0,0,0,0,0,0,0,0,0,0,0,0,0,0,0,0,0,0,0,0,0,0,0,0,0,0,0,0,0,0,0,0,0	0,0,0,0,0,0,0,0,0,0,0,0,0,0,0,0,0,0,0,0,0,0,0,0,0,0,0,1,0,0,0,0,0,0,0,0,0,0,0,0
tb.dut.clusters[0].cluster.sockets[0].socket.cores[0].core.execute.fpu_unit.genblk1[0].fpu_fpnew.genblk3[0].fpnew_core.gen_operation_groups[0].i_opgroup_block.gen_parallel_slices[4]	16	2	0	0	0	0	0	1	40896	40896	0,0,0,0,0,0,0,0,0,0,0,0,0,0,0,0,0,0,0,0,0,0,0,0,0,0,0,0,0,0,0,0,0,0,0,0,0,0,0,0	0,0,0,0,0,0,0,0,0,0,0,0,0,0,0,0,0,0,0,0,0,0,0,0,0,0,0,1,0,0,0,0,0,0,0,0,0,0,0,0	2	0	0	0	0	1	40896	40896	0,0,0,0,0,0,0,0,0,0,0,0,0,0,0,0,0,0,0,0,0,0,0,0,0,0,0,0,0,0,0,0,0,0,0,0,0,0,0,0	0,0,0,0,0,0,0,0,0,0,0,0,0,0,0,0,0,0,0,0,0,0,0,0,0,0,0,1,0,0,0,0,0,0,0,0,0,0,0,0
tb.dut.clusters[0].cluster.sockets[0].socket.cores[0].core.execute.fpu_unit.genblk1[0].fpu_fpnew.genblk3[0].fpnew_core.gen_operation_groups[0].i_opgroup_block.i_arbiter	16	1510	4	2	2	2	1	3	40894	40872	2,0,0,0,0,0,0,0,0,0,0,0,0,0,0,0,0,0,0,0,0,0,0,0,0,0,0,0,0,0,0,0,0,0,0,0,0,0,0,0	0,0,1,0,0,0,0,0,0,0,0,0,0,0,0,0,1,0,0,0,0,0,0,0,0,0,0,1,0,0,0,0,0,0,0,0,0,0,0,0	8	0	0	0	0	1	40896	40896	0,0,0,0,0,0,0,0,0,0,0,0,0,0,0,0,0,0,0,0,0,0,0,0,0,0,0,0,0,0,0,0,0,0,0,0,0,0,0,0	0,0,0,0,0,0,0,0,0,0,0,0,0,0,0,0,0,0,0,0,0,0,0,0,0,0,0,1,0,0,0,0,0,0,0,0,0,0,0,0
tb.dut.clusters[0].cluster.sockets[0].socket.cores[0].core.execute.fpu_unit.genblk1[0].fpu_fpnew.genblk3[0].fpnew_core.gen_operation_groups[0].i_opgroup_block.i_arbiter.gen_arbiter	17	1150	0	0	0	0	0	1	40896	40896	0,0,0,0,0,0,0,0,0,0,0,0,0,0,0,0,0,0,0,0,0,0,0,0,0,0,0,0,0,0,0,0,0,0,0,0,0,0,0,0	0,0,0,0,0,0,0,0,0,0,0,0,0,0,0,0,0,0,0,0,0,0,0,0,0,0,0,1,0,0,0,0,0,0,0,0,0,0,0,0	6	0	0	0	0	1	40896	40896	0,0,0,0,0,0,0,0,0,0,0,0,0,0,0,0,0,0,0,0,0,0,0,0,0,0,0,0,0,0,0,0,0,0,0,0,0,0,0,0	0,0,0,0,0,0,0,0,0,0,0,0,0,0,0,0,0,0,0,0,0,0,0,0,0,0,0,1,0,0,0,0,0,0,0,0,0,0,0,0
tb.dut.clusters[0].cluster.sockets[0].socket.cores[0].core.execute.fpu_unit.genblk1[0].fpu_fpnew.genblk3[0].fpnew_core.gen_operation_groups[0].i_opgroup_block.i_arbiter.gen_arbiter.gen_int_rr	18	340	0	0	0	0	0	1	40896	40896	0,0,0,0,0,0,0,0,0,0,0,0,0,0,0,0,0,0,0,0,0,0,0,0,0,0,0,0,0,0,0,0,0,0,0,0,0,0,0,0	0,0,0,0,0,0,0,0,0,0,0,0,0,0,0,0,0,0,0,0,0,0,0,0,0,0,0,1,0,0,0,0,0,0,0,0,0,0,0,0	2	0	0	0	0	1	40896	40896	0,0,0,0,0,0,0,0,0,0,0,0,0,0,0,0,0,0,0,0,0,0,0,0,0,0,0,0,0,0,0,0,0,0,0,0,0,0,0,0	0,0,0,0,0,0,0,0,0,0,0,0,0,0,0,0,0,0,0,0,0,0,0,0,0,0,0,1,0,0,0,0,0,0,0,0,0,0,0,0
tb.dut.clusters[0].cluster.sockets[0].socket.cores[0].core.execute.fpu_unit.genblk1[0].fpu_fpnew.genblk3[0].fpnew_core.gen_operation_groups[0].i_opgroup_block.i_arbiter.gen_arbiter.gen_int_rr.gen_fair_arb	19	337	0	0	0	0	0	1	40896	40896	0,0,0,0,0,0,0,0,0,0,0,0,0,0,0,0,0,0,0,0,0,0,0,0,0,0,0,0,0,0,0,0,0,0,0,0,0,0,0,0	0,0,0,0,0,0,0,0,0,0,0,0,0,0,0,0,0,0,0,0,0,0,0,0,0,0,0,1,0,0,0,0,0,0,0,0,0,0,0,0	2	0	0	0	0	1	40896	40896	0,0,0,0,0,0,0,0,0,0,0,0,0,0,0,0,0,0,0,0,0,0,0,0,0,0,0,0,0,0,0,0,0,0,0,0,0,0,0,0	0,0,0,0,0,0,0,0,0,0,0,0,0,0,0,0,0,0,0,0,0,0,0,0,0,0,0,1,0,0,0,0,0,0,0,0,0,0,0,0
tb.dut.clusters[0].cluster.sockets[0].socket.cores[0].core.execute.fpu_unit.genblk1[0].fpu_fpnew.genblk3[0].fpnew_core.gen_operation_groups[0].i_opgroup_block.i_arbiter.gen_arbiter.gen_int_rr.gen_fair_arb.i_lzc_lower	20	158	0	0	0	0	0	1	40896	40896	0,0,0,0,0,0,0,0,0,0,0,0,0,0,0,0,0,0,0,0,0,0,0,0,0,0,0,0,0,0,0,0,0,0,0,0,0,0,0,0	0,0,0,0,0,0,0,0,0,0,0,0,0,0,0,0,0,0,0,0,0,0,0,0,0,0,0,1,0,0,0,0,0,0,0,0,0,0,0,0	2	0	0	0	0	1	40896	40896	0,0,0,0,0,0,0,0,0,0,0,0,0,0,0,0,0,0,0,0,0,0,0,0,0,0,0,0,0,0,0,0,0,0,0,0,0,0,0,0	0,0,0,0,0,0,0,0,0,0,0,0,0,0,0,0,0,0,0,0,0,0,0,0,0,0,0,1,0,0,0,0,0,0,0,0,0,0,0,0
tb.dut.clusters[0].cluster.sockets[0].socket.cores[0].core.execute.fpu_unit.genblk1[0].fpu_fpnew.genblk3[0].fpnew_core.gen_operation_groups[0].i_opgroup_block.i_arbiter.gen_arbiter.gen_int_rr.gen_fair_arb.i_lzc_lower.gen_lzc	21	84	0	0	0	0	0	1	40896	40896	0,0,0,0,0,0,0,0,0,0,0,0,0,0,0,0,0,0,0,0,0,0,0,0,0,0,0,0,0,0,0,0,0,0,0,0,0,0,0,0	0,0,0,0,0,0,0,0,0,0,0,0,0,0,0,0,0,0,0,0,0,0,0,0,0,0,0,1,0,0,0,0,0,0,0,0,0,0,0,0	2	0	0	0	0	1	40896	40896	0,0,0,0,0,0,0,0,0,0,0,0,0,0,0,0,0,0,0,0,0,0,0,0,0,0,0,0,0,0,0,0,0,0,0,0,0,0,0,0	0,0,0,0,0,0,0,0,0,0,0,0,0,0,0,0,0,0,0,0,0,0,0,0,0,0,0,1,0,0,0,0,0,0,0,0,0,0,0,0
tb.dut.clusters[0].cluster.sockets[0].socket.cores[0].core.execute.fpu_unit.genblk1[0].fpu_fpnew.genblk3[0].fpnew_core.gen_operation_groups[0].i_opgroup_block.i_arbiter.gen_arbiter.gen_int_rr.gen_fair_arb.i_lzc_upper	20	158	0	0	0	0	0	1	40896	40896	0,0,0,0,0,0,0,0,0,0,0,0,0,0,0,0,0,0,0,0,0,0,0,0,0,0,0,0,0,0,0,0,0,0,0,0,0,0,0,0	0,0,0,0,0,0,0,0,0,0,0,0,0,0,0,0,0,0,0,0,0,0,0,0,0,0,0,1,0,0,0,0,0,0,0,0,0,0,0,0	2	0	0	0	0	1	40896	40896	0,0,0,0,0,0,0,0,0,0,0,0,0,0,0,0,0,0,0,0,0,0,0,0,0,0,0,0,0,0,0,0,0,0,0,0,0,0,0,0	0,0,0,0,0,0,0,0,0,0,0,0,0,0,0,0,0,0,0,0,0,0,0,0,0,0,0,1,0,0,0,0,0,0,0,0,0,0,0,0
tb.dut.clusters[0].cluster.sockets[0].socket.cores[0].core.execute.fpu_unit.genblk1[0].fpu_fpnew.genblk3[0].fpnew_core.gen_operation_groups[0].i_opgroup_block.i_arbiter.gen_arbiter.gen_int_rr.gen_fair_arb.i_lzc_upper.gen_lzc	21	84	0	0	0	0	0	1	40896	40896	0,0,0,0,0,0,0,0,0,0,0,0,0,0,0,0,0,0,0,0,0,0,0,0,0,0,0,0,0,0,0,0,0,0,0,0,0,0,0,0	0,0,0,0,0,0,0,0,0,0,0,0,0,0,0,0,0,0,0,0,0,0,0,0,0,0,0,1,0,0,0,0,0,0,0,0,0,0,0,0	2	0	0	0	0	1	40896	40896	0,0,0,0,0,0,0,0,0,0,0,0,0,0,0,0,0,0,0,0,0,0,0,0,0,0,0,0,0,0,0,0,0,0,0,0,0,0,0,0	0,0,0,0,0,0,0,0,0,0,0,0,0,0,0,0,0,0,0,0,0,0,0,0,0,0,0,1,0,0,0,0,0,0,0,0,0,0,0,0
tb.dut.clusters[0].cluster.sockets[0].socket.cores[0].core.execute.fpu_unit.genblk1[0].fpu_fpnew.genblk3[0].fpnew_core.gen_operation_groups[0].i_opgroup_block.i_arbiter.gen_arbiter.gen_levels[0]	18	65	0	0	0	0	0	1	40896	40896	0,0,0,0,0,0,0,0,0,0,0,0,0,0,0,0,0,0,0,0,0,0,0,0,0,0,0,0,0,0,0,0,0,0,0,0,0,0,0,0	0,0,0,0,0,0,0,0,0,0,0,0,0,0,0,0,0,0,0,0,0,0,0,0,0,0,0,1,0,0,0,0,0,0,0,0,0,0,0,0	2	0	0	0	0	1	40896	40896	0,0,0,0,0,0,0,0,0,0,0,0,0,0,0,0,0,0,0,0,0,0,0,0,0,0,0,0,0,0,0,0,0,0,0,0,0,0,0,0	0,0,0,0,0,0,0,0,0,0,0,0,0,0,0,0,0,0,0,0,0,0,0,0,0,0,0,1,0,0,0,0,0,0,0,0,0,0,0,0
tb.dut.clusters[0].cluster.sockets[0].socket.cores[0].core.execute.fpu_unit.genblk1[0].fpu_fpnew.genblk3[0].fpnew_core.gen_operation_groups[0].i_opgroup_block.i_arbiter.gen_arbiter.gen_levels[0].gen_level[0]	19	65	0	0	0	0	0	1	40896	40896	0,0,0,0,0,0,0,0,0,0,0,0,0,0,0,0,0,0,0,0,0,0,0,0,0,0,0,0,0,0,0,0,0,0,0,0,0,0,0,0	0,0,0,0,0,0,0,0,0,0,0,0,0,0,0,0,0,0,0,0,0,0,0,0,0,0,0,1,0,0,0,0,0,0,0,0,0,0,0,0	2	0	0	0	0	1	40896	40896	0,0,0,0,0,0,0,0,0,0,0,0,0,0,0,0,0,0,0,0,0,0,0,0,0,0,0,0,0,0,0,0,0,0,0,0,0,0,0,0	0,0,0,0,0,0,0,0,0,0,0,0,0,0,0,0,0,0,0,0,0,0,0,0,0,0,0,1,0,0,0,0,0,0,0,0,0,0,0,0
tb.dut.clusters[0].cluster.sockets[0].socket.cores[0].core.execute.fpu_unit.genblk1[0].fpu_fpnew.genblk3[0].fpnew_core.gen_operation_groups[0].i_opgroup_block.i_arbiter.gen_arbiter.gen_levels[1]	18	130	0	0	0	0	0	1	40896	40896	0,0,0,0,0,0,0,0,0,0,0,0,0,0,0,0,0,0,0,0,0,0,0,0,0,0,0,0,0,0,0,0,0,0,0,0,0,0,0,0	0,0,0,0,0,0,0,0,0,0,0,0,0,0,0,0,0,0,0,0,0,0,0,0,0,0,0,1,0,0,0,0,0,0,0,0,0,0,0,0	2	0	0	0	0	1	40896	40896	0,0,0,0,0,0,0,0,0,0,0,0,0,0,0,0,0,0,0,0,0,0,0,0,0,0,0,0,0,0,0,0,0,0,0,0,0,0,0,0	0,0,0,0,0,0,0,0,0,0,0,0,0,0,0,0,0,0,0,0,0,0,0,0,0,0,0,1,0,0,0,0,0,0,0,0,0,0,0,0
tb.dut.clusters[0].cluster.sockets[0].socket.cores[0].core.execute.fpu_unit.genblk1[0].fpu_fpnew.genblk3[0].fpnew_core.gen_operation_groups[0].i_opgroup_block.i_arbiter.gen_arbiter.gen_levels[1].gen_level[0]	19	65	0	0	0	0	0	1	40896	40896	0,0,0,0,0,0,0,0,0,0,0,0,0,0,0,0,0,0,0,0,0,0,0,0,0,0,0,0,0,0,0,0,0,0,0,0,0,0,0,0	0,0,0,0,0,0,0,0,0,0,0,0,0,0,0,0,0,0,0,0,0,0,0,0,0,0,0,1,0,0,0,0,0,0,0,0,0,0,0,0	2	0	0	0	0	1	40896	40896	0,0,0,0,0,0,0,0,0,0,0,0,0,0,0,0,0,0,0,0,0,0,0,0,0,0,0,0,0,0,0,0,0,0,0,0,0,0,0,0	0,0,0,0,0,0,0,0,0,0,0,0,0,0,0,0,0,0,0,0,0,0,0,0,0,0,0,1,0,0,0,0,0,0,0,0,0,0,0,0
tb.dut.clusters[0].cluster.sockets[0].socket.cores[0].core.execute.fpu_unit.genblk1[0].fpu_fpnew.genblk3[0].fpnew_core.gen_operation_groups[0].i_opgroup_block.i_arbiter.gen_arbiter.gen_levels[1].gen_level[1]	19	65	0	0	0	0	0	1	40896	40896	0,0,0,0,0,0,0,0,0,0,0,0,0,0,0,0,0,0,0,0,0,0,0,0,0,0,0,0,0,0,0,0,0,0,0,0,0,0,0,0	0,0,0,0,0,0,0,0,0,0,0,0,0,0,0,0,0,0,0,0,0,0,0,0,0,0,0,1,0,0,0,0,0,0,0,0,0,0,0,0	2	0	0	0	0	1	40896	40896	0,0,0,0,0,0,0,0,0,0,0,0,0,0,0,0,0,0,0,0,0,0,0,0,0,0,0,0,0,0,0,0,0,0,0,0,0,0,0,0	0,0,0,0,0,0,0,0,0,0,0,0,0,0,0,0,0,0,0,0,0,0,0,0,0,0,0,1,0,0,0,0,0,0,0,0,0,0,0,0
tb.dut.clusters[0].cluster.sockets[0].socket.cores[0].core.execute.fpu_unit.genblk1[0].fpu_fpnew.genblk3[0].fpnew_core.gen_operation_groups[0].i_opgroup_block.i_arbiter.gen_arbiter.gen_levels[2]	18	260	0	0	0	0	0	1	40896	40896	0,0,0,0,0,0,0,0,0,0,0,0,0,0,0,0,0,0,0,0,0,0,0,0,0,0,0,0,0,0,0,0,0,0,0,0,0,0,0,0	0,0,0,0,0,0,0,0,0,0,0,0,0,0,0,0,0,0,0,0,0,0,0,0,0,0,0,1,0,0,0,0,0,0,0,0,0,0,0,0	2	0	0	0	0	1	40896	40896	0,0,0,0,0,0,0,0,0,0,0,0,0,0,0,0,0,0,0,0,0,0,0,0,0,0,0,0,0,0,0,0,0,0,0,0,0,0,0,0	0,0,0,0,0,0,0,0,0,0,0,0,0,0,0,0,0,0,0,0,0,0,0,0,0,0,0,1,0,0,0,0,0,0,0,0,0,0,0,0
tb.dut.clusters[0].cluster.sockets[0].socket.cores[0].core.execute.fpu_unit.genblk1[0].fpu_fpnew.genblk3[0].fpnew_core.gen_operation_groups[0].i_opgroup_block.i_arbiter.gen_arbiter.gen_levels[2].gen_level[0]	19	65	0	0	0	0	0	1	40896	40896	0,0,0,0,0,0,0,0,0,0,0,0,0,0,0,0,0,0,0,0,0,0,0,0,0,0,0,0,0,0,0,0,0,0,0,0,0,0,0,0	0,0,0,0,0,0,0,0,0,0,0,0,0,0,0,0,0,0,0,0,0,0,0,0,0,0,0,1,0,0,0,0,0,0,0,0,0,0,0,0	2	0	0	0	0	1	40896	40896	0,0,0,0,0,0,0,0,0,0,0,0,0,0,0,0,0,0,0,0,0,0,0,0,0,0,0,0,0,0,0,0,0,0,0,0,0,0,0,0	0,0,0,0,0,0,0,0,0,0,0,0,0,0,0,0,0,0,0,0,0,0,0,0,0,0,0,1,0,0,0,0,0,0,0,0,0,0,0,0
tb.dut.clusters[0].cluster.sockets[0].socket.cores[0].core.execute.fpu_unit.genblk1[0].fpu_fpnew.genblk3[0].fpnew_core.gen_operation_groups[0].i_opgroup_block.i_arbiter.gen_arbiter.gen_levels[2].gen_level[1]	19	65	0	0	0	0	0	1	40896	40896	0,0,0,0,0,0,0,0,0,0,0,0,0,0,0,0,0,0,0,0,0,0,0,0,0,0,0,0,0,0,0,0,0,0,0,0,0,0,0,0	0,0,0,0,0,0,0,0,0,0,0,0,0,0,0,0,0,0,0,0,0,0,0,0,0,0,0,1,0,0,0,0,0,0,0,0,0,0,0,0	2	0	0	0	0	1	40896	40896	0,0,0,0,0,0,0,0,0,0,0,0,0,0,0,0,0,0,0,0,0,0,0,0,0,0,0,0,0,0,0,0,0,0,0,0,0,0,0,0	0,0,0,0,0,0,0,0,0,0,0,0,0,0,0,0,0,0,0,0,0,0,0,0,0,0,0,1,0,0,0,0,0,0,0,0,0,0,0,0
tb.dut.clusters[0].cluster.sockets[0].socket.cores[0].core.execute.fpu_unit.genblk1[0].fpu_fpnew.genblk3[0].fpnew_core.gen_operation_groups[0].i_opgroup_block.i_arbiter.gen_arbiter.gen_levels[2].gen_level[2]	19	65	0	0	0	0	0	1	40896	40896	0,0,0,0,0,0,0,0,0,0,0,0,0,0,0,0,0,0,0,0,0,0,0,0,0,0,0,0,0,0,0,0,0,0,0,0,0,0,0,0	0,0,0,0,0,0,0,0,0,0,0,0,0,0,0,0,0,0,0,0,0,0,0,0,0,0,0,1,0,0,0,0,0,0,0,0,0,0,0,0	2	0	0	0	0	1	40896	40896	0,0,0,0,0,0,0,0,0,0,0,0,0,0,0,0,0,0,0,0,0,0,0,0,0,0,0,0,0,0,0,0,0,0,0,0,0,0,0,0	0,0,0,0,0,0,0,0,0,0,0,0,0,0,0,0,0,0,0,0,0,0,0,0,0,0,0,1,0,0,0,0,0,0,0,0,0,0,0,0
tb.dut.clusters[0].cluster.sockets[0].socket.cores[0].core.execute.fpu_unit.genblk1[0].fpu_fpnew.genblk3[0].fpnew_core.gen_operation_groups[0].i_opgroup_block.i_arbiter.gen_arbiter.gen_levels[2].gen_level[3]	19	65	0	0	0	0	0	1	40896	40896	0,0,0,0,0,0,0,0,0,0,0,0,0,0,0,0,0,0,0,0,0,0,0,0,0,0,0,0,0,0,0,0,0,0,0,0,0,0,0,0	0,0,0,0,0,0,0,0,0,0,0,0,0,0,0,0,0,0,0,0,0,0,0,0,0,0,0,1,0,0,0,0,0,0,0,0,0,0,0,0	2	0	0	0	0	1	40896	40896	0,0,0,0,0,0,0,0,0,0,0,0,0,0,0,0,0,0,0,0,0,0,0,0,0,0,0,0,0,0,0,0,0,0,0,0,0,0,0,0	0,0,0,0,0,0,0,0,0,0,0,0,0,0,0,0,0,0,0,0,0,0,0,0,0,0,0,1,0,0,0,0,0,0,0,0,0,0,0,0
tb.dut.clusters[0].cluster.sockets[0].socket.cores[0].core.execute.fpu_unit.genblk1[0].fpu_fpnew.genblk3[0].fpnew_core.gen_operation_groups[1]	14	18392	35	2	2	2	1	3	40894	40872	2,0,0,0,0,0,0,0,0,0,0,0,0,0,0,0,0,0,0,0,0,0,0,0,0,0,0,0,0,0,0,0,0,0,0,0,0,0,0,0	0,0,1,0,0,0,0,0,0,0,0,0,0,0,0,0,1,0,0,0,0,0,0,0,0,0,0,1,0,0,0,0,0,0,0,0,0,0,0,0	92	0	0	0	0	1	40896	40896	0,0,0,0,0,0,0,0,0,0,0,0,0,0,0,0,0,0,0,0,0,0,0,0,0,0,0,0,0,0,0,0,0,0,0,0,0,0,0,0	0,0,0,0,0,0,0,0,0,0,0,0,0,0,0,0,0,0,0,0,0,0,0,0,0,0,0,1,0,0,0,0,0,0,0,0,0,0,0,0
tb.dut.clusters[0].cluster.sockets[0].socket.cores[0].core.execute.fpu_unit.genblk1[0].fpu_fpnew.genblk3[0].fpnew_core.gen_operation_groups[1].i_opgroup_block	15	18349	35	2	2	2	1	3	40894	40872	2,0,0,0,0,0,0,0,0,0,0,0,0,0,0,0,0,0,0,0,0,0,0,0,0,0,0,0,0,0,0,0,0,0,0,0,0,0,0,0	0,0,1,0,0,0,0,0,0,0,0,0,0,0,0,0,1,0,0,0,0,0,0,0,0,0,0,1,0,0,0,0,0,0,0,0,0,0,0,0	92	0	0	0	0	1	40896	40896	0,0,0,0,0,0,0,0,0,0,0,0,0,0,0,0,0,0,0,0,0,0,0,0,0,0,0,0,0,0,0,0,0,0,0,0,0,0,0,0	0,0,0,0,0,0,0,0,0,0,0,0,0,0,0,0,0,0,0,0,0,0,0,0,0,0,0,1,0,0,0,0,0,0,0,0,0,0,0,0
tb.dut.clusters[0].cluster.sockets[0].socket.cores[0].core.execute.fpu_unit.genblk1[0].fpu_fpnew.genblk3[0].fpnew_core.gen_operation_groups[1].i_opgroup_block.gen_merged_slice	16	16083	27	2	2	2	1	3	40894	40872	2,0,0,0,0,0,0,0,0,0,0,0,0,0,0,0,0,0,0,0,0,0,0,0,0,0,0,0,0,0,0,0,0,0,0,0,0,0,0,0	0,0,1,0,0,0,0,0,0,0,0,0,0,0,0,0,1,0,0,0,0,0,0,0,0,0,0,1,0,0,0,0,0,0,0,0,0,0,0,0	81	0	0	0	0	1	40896	40896	0,0,0,0,0,0,0,0,0,0,0,0,0,0,0,0,0,0,0,0,0,0,0,0,0,0,0,0,0,0,0,0,0,0,0,0,0,0,0,0	0,0,0,0,0,0,0,0,0,0,0,0,0,0,0,0,0,0,0,0,0,0,0,0,0,0,0,1,0,0,0,0,0,0,0,0,0,0,0,0
tb.dut.clusters[0].cluster.sockets[0].socket.cores[0].core.execute.fpu_unit.genblk1[0].fpu_fpnew.genblk3[0].fpnew_core.gen_operation_groups[1].i_opgroup_block.gen_merged_slice.i_multifmt_slice	17	16047	27	2	2	2	1	3	40894	40872	2,0,0,0,0,0,0,0,0,0,0,0,0,0,0,0,0,0,0,0,0,0,0,0,0,0,0,0,0,0,0,0,0,0,0,0,0,0,0,0	0,0,1,0,0,0,0,0,0,0,0,0,0,0,0,0,1,0,0,0,0,0,0,0,0,0,0,1,0,0,0,0,0,0,0,0,0,0,0,0	81	0	0	0	0	1	40896	40896	0,0,0,0,0,0,0,0,0,0,0,0,0,0,0,0,0,0,0,0,0,0,0,0,0,0,0,0,0,0,0,0,0,0,0,0,0,0,0,0	0,0,0,0,0,0,0,0,0,0,0,0,0,0,0,0,0,0,0,0,0,0,0,0,0,0,0,1,0,0,0,0,0,0,0,0,0,0,0,0
tb.dut.clusters[0].cluster.sockets[0].socket.cores[0].core.execute.fpu_unit.genblk1[0].fpu_fpnew.genblk3[0].fpnew_core.gen_operation_groups[1].i_opgroup_block.gen_merged_slice.i_multifmt_slice.extend_fp_result[0]	18	32	0	0	0	0	0	1	40896	40896	0,0,0,0,0,0,0,0,0,0,0,0,0,0,0,0,0,0,0,0,0,0,0,0,0,0,0,0,0,0,0,0,0,0,0,0,0,0,0,0	0,0,0,0,0,0,0,0,0,0,0,0,0,0,0,0,0,0,0,0,0,0,0,0,0,0,0,1,0,0,0,0,0,0,0,0,0,0,0,0	2	0	0	0	0	1	40896	40896	0,0,0,0,0,0,0,0,0,0,0,0,0,0,0,0,0,0,0,0,0,0,0,0,0,0,0,0,0,0,0,0,0,0,0,0,0,0,0,0	0,0,0,0,0,0,0,0,0,0,0,0,0,0,0,0,0,0,0,0,0,0,0,0,0,0,0,1,0,0,0,0,0,0,0,0,0,0,0,0
tb.dut.clusters[0].cluster.sockets[0].socket.cores[0].core.execute.fpu_unit.genblk1[0].fpu_fpnew.genblk3[0].fpnew_core.gen_operation_groups[1].i_opgroup_block.gen_merged_slice.i_multifmt_slice.extend_fp_result[1]	18	32	0	0	0	0	0	1	40896	40896	0,0,0,0,0,0,0,0,0,0,0,0,0,0,0,0,0,0,0,0,0,0,0,0,0,0,0,0,0,0,0,0,0,0,0,0,0,0,0,0	0,0,0,0,0,0,0,0,0,0,0,0,0,0,0,0,0,0,0,0,0,0,0,0,0,0,0,1,0,0,0,0,0,0,0,0,0,0,0,0	2	0	0	0	0	1	40896	40896	0,0,0,0,0,0,0,0,0,0,0,0,0,0,0,0,0,0,0,0,0,0,0,0,0,0,0,0,0,0,0,0,0,0,0,0,0,0,0,0	0,0,0,0,0,0,0,0,0,0,0,0,0,0,0,0,0,0,0,0,0,0,0,0,0,0,0,1,0,0,0,0,0,0,0,0,0,0,0,0
tb.dut.clusters[0].cluster.sockets[0].socket.cores[0].core.execute.fpu_unit.genblk1[0].fpu_fpnew.genblk3[0].fpnew_core.gen_operation_groups[1].i_opgroup_block.gen_merged_slice.i_multifmt_slice.extend_fp_result[2]	18	32	0	0	0	0	0	1	40896	40896	0,0,0,0,0,0,0,0,0,0,0,0,0,0,0,0,0,0,0,0,0,0,0,0,0,0,0,0,0,0,0,0,0,0,0,0,0,0,0,0	0,0,0,0,0,0,0,0,0,0,0,0,0,0,0,0,0,0,0,0,0,0,0,0,0,0,0,1,0,0,0,0,0,0,0,0,0,0,0,0	2	0	0	0	0	1	40896	40896	0,0,0,0,0,0,0,0,0,0,0,0,0,0,0,0,0,0,0,0,0,0,0,0,0,0,0,0,0,0,0,0,0,0,0,0,0,0,0,0	0,0,0,0,0,0,0,0,0,0,0,0,0,0,0,0,0,0,0,0,0,0,0,0,0,0,0,1,0,0,0,0,0,0,0,0,0,0,0,0
tb.dut.clusters[0].cluster.sockets[0].socket.cores[0].core.execute.fpu_unit.genblk1[0].fpu_fpnew.genblk3[0].fpnew_core.gen_operation_groups[1].i_opgroup_block.gen_merged_slice.i_multifmt_slice.extend_fp_result[3]	18	32	0	0	0	0	0	1	40896	40896	0,0,0,0,0,0,0,0,0,0,0,0,0,0,0,0,0,0,0,0,0,0,0,0,0,0,0,0,0,0,0,0,0,0,0,0,0,0,0,0	0,0,0,0,0,0,0,0,0,0,0,0,0,0,0,0,0,0,0,0,0,0,0,0,0,0,0,1,0,0,0,0,0,0,0,0,0,0,0,0	2	0	0	0	0	1	40896	40896	0,0,0,0,0,0,0,0,0,0,0,0,0,0,0,0,0,0,0,0,0,0,0,0,0,0,0,0,0,0,0,0,0,0,0,0,0,0,0,0	0,0,0,0,0,0,0,0,0,0,0,0,0,0,0,0,0,0,0,0,0,0,0,0,0,0,0,1,0,0,0,0,0,0,0,0,0,0,0,0
tb.dut.clusters[0].cluster.sockets[0].socket.cores[0].core.execute.fpu_unit.genblk1[0].fpu_fpnew.genblk3[0].fpnew_core.gen_operation_groups[1].i_opgroup_block.gen_merged_slice.i_multifmt_slice.extend_fp_result[4]	18	32	0	0	0	0	0	1	40896	40896	0,0,0,0,0,0,0,0,0,0,0,0,0,0,0,0,0,0,0,0,0,0,0,0,0,0,0,0,0,0,0,0,0,0,0,0,0,0,0,0	0,0,0,0,0,0,0,0,0,0,0,0,0,0,0,0,0,0,0,0,0,0,0,0,0,0,0,1,0,0,0,0,0,0,0,0,0,0,0,0	2	0	0	0	0	1	40896	40896	0,0,0,0,0,0,0,0,0,0,0,0,0,0,0,0,0,0,0,0,0,0,0,0,0,0,0,0,0,0,0,0,0,0,0,0,0,0,0,0	0,0,0,0,0,0,0,0,0,0,0,0,0,0,0,0,0,0,0,0,0,0,0,0,0,0,0,1,0,0,0,0,0,0,0,0,0,0,0,0
tb.dut.clusters[0].cluster.sockets[0].socket.cores[0].core.execute.fpu_unit.genblk1[0].fpu_fpnew.genblk3[0].fpnew_core.gen_operation_groups[1].i_opgroup_block.gen_merged_slice.i_multifmt_slice.gen_num_lanes[0]	18	14916	23	2	2	2	1	3	40894	40872	2,0,0,0,0,0,0,0,0,0,0,0,0,0,0,0,0,0,0,0,0,0,0,0,0,0,0,0,0,0,0,0,0,0,0,0,0,0,0,0	0,0,1,0,0,0,0,0,0,0,0,0,0,0,0,0,1,0,0,0,0,0,0,0,0,0,0,1,0,0,0,0,0,0,0,0,0,0,0,0	75	0	0	0	0	1	40896	40896	0,0,0,0,0,0,0,0,0,0,0,0,0,0,0,0,0,0,0,0,0,0,0,0,0,0,0,0,0,0,0,0,0,0,0,0,0,0,0,0	0,0,0,0,0,0,0,0,0,0,0,0,0,0,0,0,0,0,0,0,0,0,0,0,0,0,0,1,0,0,0,0,0,0,0,0,0,0,0,0
tb.dut.clusters[0].cluster.sockets[0].socket.cores[0].core.execute.fpu_unit.genblk1[0].fpu_fpnew.genblk3[0].fpnew_core.gen_operation_groups[1].i_opgroup_block.gen_merged_slice.i_multifmt_slice.gen_num_lanes[0].active_lane	19	14573	23	2	2	2	1	3	40894	40872	2,0,0,0,0,0,0,0,0,0,0,0,0,0,0,0,0,0,0,0,0,0,0,0,0,0,0,0,0,0,0,0,0,0,0,0,0,0,0,0	0,0,1,0,0,0,0,0,0,0,0,0,0,0,0,0,1,0,0,0,0,0,0,0,0,0,0,1,0,0,0,0,0,0,0,0,0,0,0,0	73	0	0	0	0	1	40896	40896	0,0,0,0,0,0,0,0,0,0,0,0,0,0,0,0,0,0,0,0,0,0,0,0,0,0,0,0,0,0,0,0,0,0,0,0,0,0,0,0	0,0,0,0,0,0,0,0,0,0,0,0,0,0,0,0,0,0,0,0,0,0,0,0,0,0,0,1,0,0,0,0,0,0,0,0,0,0,0,0
tb.dut.clusters[0].cluster.sockets[0].socket.cores[0].core.execute.fpu_unit.genblk1[0].fpu_fpnew.genblk3[0].fpnew_core.gen_operation_groups[1].i_opgroup_block.gen_merged_slice.i_multifmt_slice.gen_num_lanes[0].active_lane.lane_instance	20	14469	23	2	2	2	1	3	40894	40872	2,0,0,0,0,0,0,0,0,0,0,0,0,0,0,0,0,0,0,0,0,0,0,0,0,0,0,0,0,0,0,0,0,0,0,0,0,0,0,0	0,0,1,0,0,0,0,0,0,0,0,0,0,0,0,0,1,0,0,0,0,0,0,0,0,0,0,1,0,0,0,0,0,0,0,0,0,0,0,0	73	0	0	0	0	1	40896	40896	0,0,0,0,0,0,0,0,0,0,0,0,0,0,0,0,0,0,0,0,0,0,0,0,0,0,0,0,0,0,0,0,0,0,0,0,0,0,0,0	0,0,0,0,0,0,0,0,0,0,0,0,0,0,0,0,0,0,0,0,0,0,0,0,0,0,0,1,0,0,0,0,0,0,0,0,0,0,0,0
tb.dut.clusters[0].cluster.sockets[0].socket.cores[0].core.execute.fpu_unit.genblk1[0].fpu_fpnew.genblk3[0].fpnew_core.gen_operation_groups[1].i_opgroup_block.gen_merged_slice.i_multifmt_slice.gen_num_lanes[0].active_lane.lane_instance.genblk1	21	14469	23	2	2	2	1	3	40894	40872	2,0,0,0,0,0,0,0,0,0,0,0,0,0,0,0,0,0,0,0,0,0,0,0,0,0,0,0,0,0,0,0,0,0,0,0,0,0,0,0	0,0,1,0,0,0,0,0,0,0,0,0,0,0,0,0,1,0,0,0,0,0,0,0,0,0,0,1,0,0,0,0,0,0,0,0,0,0,0,0	73	0	0	0	0	1	40896	40896	0,0,0,0,0,0,0,0,0,0,0,0,0,0,0,0,0,0,0,0,0,0,0,0,0,0,0,0,0,0,0,0,0,0,0,0,0,0,0,0	0,0,0,0,0,0,0,0,0,0,0,0,0,0,0,0,0,0,0,0,0,0,0,0,0,0,0,1,0,0,0,0,0,0,0,0,0,0,0,0
tb.dut.clusters[0].cluster.sockets[0].socket.cores[0].core.execute.fpu_unit.genblk1[0].fpu_fpnew.genblk3[0].fpnew_core.gen_operation_groups[1].i_opgroup_block.gen_merged_slice.i_multifmt_slice.gen_num_lanes[0].active_lane.lane_instance.genblk1.i_fpnew_divsqrt_multi	22	14469	23	2	2	2	1	3	40894	40872	2,0,0,0,0,0,0,0,0,0,0,0,0,0,0,0,0,0,0,0,0,0,0,0,0,0,0,0,0,0,0,0,0,0,0,0,0,0,0,0	0,0,1,0,0,0,0,0,0,0,0,0,0,0,0,0,1,0,0,0,0,0,0,0,0,0,0,1,0,0,0,0,0,0,0,0,0,0,0,0	73	0	0	0	0	1	40896	40896	0,0,0,0,0,0,0,0,0,0,0,0,0,0,0,0,0,0,0,0,0,0,0,0,0,0,0,0,0,0,0,0,0,0,0,0,0,0,0,0	0,0,0,0,0,0,0,0,0,0,0,0,0,0,0,0,0,0,0,0,0,0,0,0,0,0,0,1,0,0,0,0,0,0,0,0,0,0,0,0
tb.dut.clusters[0].cluster.sockets[0].socket.cores[0].core.execute.fpu_unit.genblk1[0].fpu_fpnew.genblk3[0].fpnew_core.gen_operation_groups[1].i_opgroup_block.gen_merged_slice.i_multifmt_slice.gen_num_lanes[0].active_lane.lane_instance.genblk1.i_fpnew_divsqrt_multi.gen_input_pipeline[0]	23	1	0	0	0	0	0	1	40896	40896	0,0,0,0,0,0,0,0,0,0,0,0,0,0,0,0,0,0,0,0,0,0,0,0,0,0,0,0,0,0,0,0,0,0,0,0,0,0,0,0	0,0,0,0,0,0,0,0,0,0,0,0,0,0,0,0,0,0,0,0,0,0,0,0,0,0,0,1,0,0,0,0,0,0,0,0,0,0,0,0	2	0	0	0	0	1	40896	40896	0,0,0,0,0,0,0,0,0,0,0,0,0,0,0,0,0,0,0,0,0,0,0,0,0,0,0,0,0,0,0,0,0,0,0,0,0,0,0,0	0,0,0,0,0,0,0,0,0,0,0,0,0,0,0,0,0,0,0,0,0,0,0,0,0,0,0,1,0,0,0,0,0,0,0,0,0,0,0,0
tb.dut.clusters[0].cluster.sockets[0].socket.cores[0].core.execute.fpu_unit.genblk1[0].fpu_fpnew.genblk3[0].fpnew_core.gen_operation_groups[1].i_opgroup_block.gen_merged_slice.i_multifmt_slice.gen_num_lanes[0].active_lane.lane_instance.genblk1.i_fpnew_divsqrt_multi.gen_input_pipeline[1]	23	1	0	0	0	0	0	1	40896	40896	0,0,0,0,0,0,0,0,0,0,0,0,0,0,0,0,0,0,0,0,0,0,0,0,0,0,0,0,0,0,0,0,0,0,0,0,0,0,0,0	0,0,0,0,0,0,0,0,0,0,0,0,0,0,0,0,0,0,0,0,0,0,0,0,0,0,0,1,0,0,0,0,0,0,0,0,0,0,0,0	2	0	0	0	0	1	40896	40896	0,0,0,0,0,0,0,0,0,0,0,0,0,0,0,0,0,0,0,0,0,0,0,0,0,0,0,0,0,0,0,0,0,0,0,0,0,0,0,0	0,0,0,0,0,0,0,0,0,0,0,0,0,0,0,0,0,0,0,0,0,0,0,0,0,0,0,1,0,0,0,0,0,0,0,0,0,0,0,0
tb.dut.clusters[0].cluster.sockets[0].socket.cores[0].core.execute.fpu_unit.genblk1[0].fpu_fpnew.genblk3[0].fpnew_core.gen_operation_groups[1].i_opgroup_block.gen_merged_slice.i_multifmt_slice.gen_num_lanes[0].active_lane.lane_instance.genblk1.i_fpnew_divsqrt_multi.gen_input_pipeline[2]	23	1	0	0	0	0	0	1	40896	40896	0,0,0,0,0,0,0,0,0,0,0,0,0,0,0,0,0,0,0,0,0,0,0,0,0,0,0,0,0,0,0,0,0,0,0,0,0,0,0,0	0,0,0,0,0,0,0,0,0,0,0,0,0,0,0,0,0,0,0,0,0,0,0,0,0,0,0,1,0,0,0,0,0,0,0,0,0,0,0,0	2	0	0	0	0	1	40896	40896	0,0,0,0,0,0,0,0,0,0,0,0,0,0,0,0,0,0,0,0,0,0,0,0,0,0,0,0,0,0,0,0,0,0,0,0,0,0,0,0	0,0,0,0,0,0,0,0,0,0,0,0,0,0,0,0,0,0,0,0,0,0,0,0,0,0,0,1,0,0,0,0,0,0,0,0,0,0,0,0
tb.dut.clusters[0].cluster.sockets[0].socket.cores[0].core.execute.fpu_unit.genblk1[0].fpu_fpnew.genblk3[0].fpnew_core.gen_operation_groups[1].i_opgroup_block.gen_merged_slice.i_multifmt_slice.gen_num_lanes[0].active_lane.lane_instance.genblk1.i_fpnew_divsqrt_multi.gen_input_pipeline[3]	23	1	0	0	0	0	0	1	40896	40896	0,0,0,0,0,0,0,0,0,0,0,0,0,0,0,0,0,0,0,0,0,0,0,0,0,0,0,0,0,0,0,0,0,0,0,0,0,0,0,0	0,0,0,0,0,0,0,0,0,0,0,0,0,0,0,0,0,0,0,0,0,0,0,0,0,0,0,1,0,0,0,0,0,0,0,0,0,0,0,0	2	0	0	0	0	1	40896	40896	0,0,0,0,0,0,0,0,0,0,0,0,0,0,0,0,0,0,0,0,0,0,0,0,0,0,0,0,0,0,0,0,0,0,0,0,0,0,0,0	0,0,0,0,0,0,0,0,0,0,0,0,0,0,0,0,0,0,0,0,0,0,0,0,0,0,0,1,0,0,0,0,0,0,0,0,0,0,0,0
tb.dut.clusters[0].cluster.sockets[0].socket.cores[0].core.execute.fpu_unit.genblk1[0].fpu_fpnew.genblk3[0].fpnew_core.gen_operation_groups[1].i_opgroup_block.gen_merged_slice.i_multifmt_slice.gen_num_lanes[0].active_lane.lane_instance.genblk1.i_fpnew_divsqrt_multi.gen_input_pipeline[4]	23	1	0	0	0	0	0	1	40896	40896	0,0,0,0,0,0,0,0,0,0,0,0,0,0,0,0,0,0,0,0,0,0,0,0,0,0,0,0,0,0,0,0,0,0,0,0,0,0,0,0	0,0,0,0,0,0,0,0,0,0,0,0,0,0,0,0,0,0,0,0,0,0,0,0,0,0,0,1,0,0,0,0,0,0,0,0,0,0,0,0	2	0	0	0	0	1	40896	40896	0,0,0,0,0,0,0,0,0,0,0,0,0,0,0,0,0,0,0,0,0,0,0,0,0,0,0,0,0,0,0,0,0,0,0,0,0,0,0,0	0,0,0,0,0,0,0,0,0,0,0,0,0,0,0,0,0,0,0,0,0,0,0,0,0,0,0,1,0,0,0,0,0,0,0,0,0,0,0,0
tb.dut.clusters[0].cluster.sockets[0].socket.cores[0].core.execute.fpu_unit.genblk1[0].fpu_fpnew.genblk3[0].fpnew_core.gen_operation_groups[1].i_opgroup_block.gen_merged_slice.i_multifmt_slice.gen_num_lanes[0].active_lane.lane_instance.genblk1.i_fpnew_divsqrt_multi.gen_input_pipeline[5]	23	1	0	0	0	0	0	1	40896	40896	0,0,0,0,0,0,0,0,0,0,0,0,0,0,0,0,0,0,0,0,0,0,0,0,0,0,0,0,0,0,0,0,0,0,0,0,0,0,0,0	0,0,0,0,0,0,0,0,0,0,0,0,0,0,0,0,0,0,0,0,0,0,0,0,0,0,0,1,0,0,0,0,0,0,0,0,0,0,0,0	2	0	0	0	0	1	40896	40896	0,0,0,0,0,0,0,0,0,0,0,0,0,0,0,0,0,0,0,0,0,0,0,0,0,0,0,0,0,0,0,0,0,0,0,0,0,0,0,0	0,0,0,0,0,0,0,0,0,0,0,0,0,0,0,0,0,0,0,0,0,0,0,0,0,0,0,1,0,0,0,0,0,0,0,0,0,0,0,0
tb.dut.clusters[0].cluster.sockets[0].socket.cores[0].core.execute.fpu_unit.genblk1[0].fpu_fpnew.genblk3[0].fpnew_core.gen_operation_groups[1].i_opgroup_block.gen_merged_slice.i_multifmt_slice.gen_num_lanes[0].active_lane.lane_instance.genblk1.i_fpnew_divsqrt_multi.gen_input_pipeline[6]	23	1	0	0	0	0	0	1	40896	40896	0,0,0,0,0,0,0,0,0,0,0,0,0,0,0,0,0,0,0,0,0,0,0,0,0,0,0,0,0,0,0,0,0,0,0,0,0,0,0,0	0,0,0,0,0,0,0,0,0,0,0,0,0,0,0,0,0,0,0,0,0,0,0,0,0,0,0,1,0,0,0,0,0,0,0,0,0,0,0,0	2	0	0	0	0	1	40896	40896	0,0,0,0,0,0,0,0,0,0,0,0,0,0,0,0,0,0,0,0,0,0,0,0,0,0,0,0,0,0,0,0,0,0,0,0,0,0,0,0	0,0,0,0,0,0,0,0,0,0,0,0,0,0,0,0,0,0,0,0,0,0,0,0,0,0,0,1,0,0,0,0,0,0,0,0,0,0,0,0
tb.dut.clusters[0].cluster.sockets[0].socket.cores[0].core.execute.fpu_unit.genblk1[0].fpu_fpnew.genblk3[0].fpnew_core.gen_operation_groups[1].i_opgroup_block.gen_merged_slice.i_multifmt_slice.gen_num_lanes[0].active_lane.lane_instance.genblk1.i_fpnew_divsqrt_multi.gen_input_pipeline[7]	23	1	0	0	0	0	0	1	40896	40896	0,0,0,0,0,0,0,0,0,0,0,0,0,0,0,0,0,0,0,0,0,0,0,0,0,0,0,0,0,0,0,0,0,0,0,0,0,0,0,0	0,0,0,0,0,0,0,0,0,0,0,0,0,0,0,0,0,0,0,0,0,0,0,0,0,0,0,1,0,0,0,0,0,0,0,0,0,0,0,0	2	0	0	0	0	1	40896	40896	0,0,0,0,0,0,0,0,0,0,0,0,0,0,0,0,0,0,0,0,0,0,0,0,0,0,0,0,0,0,0,0,0,0,0,0,0,0,0,0	0,0,0,0,0,0,0,0,0,0,0,0,0,0,0,0,0,0,0,0,0,0,0,0,0,0,0,1,0,0,0,0,0,0,0,0,0,0,0,0
tb.dut.clusters[0].cluster.sockets[0].socket.cores[0].core.execute.fpu_unit.genblk1[0].fpu_fpnew.genblk3[0].fpnew_core.gen_operation_groups[1].i_opgroup_block.gen_merged_slice.i_multifmt_slice.gen_num_lanes[0].active_lane.lane_instance.genblk1.i_fpnew_divsqrt_multi.gen_output_pipeline[0]	23	1	0	0	0	0	0	1	40896	40896	0,0,0,0,0,0,0,0,0,0,0,0,0,0,0,0,0,0,0,0,0,0,0,0,0,0,0,0,0,0,0,0,0,0,0,0,0,0,0,0	0,0,0,0,0,0,0,0,0,0,0,0,0,0,0,0,0,0,0,0,0,0,0,0,0,0,0,1,0,0,0,0,0,0,0,0,0,0,0,0	2	0	0	0	0	1	40896	40896	0,0,0,0,0,0,0,0,0,0,0,0,0,0,0,0,0,0,0,0,0,0,0,0,0,0,0,0,0,0,0,0,0,0,0,0,0,0,0,0	0,0,0,0,0,0,0,0,0,0,0,0,0,0,0,0,0,0,0,0,0,0,0,0,0,0,0,1,0,0,0,0,0,0,0,0,0,0,0,0
tb.dut.clusters[0].cluster.sockets[0].socket.cores[0].core.execute.fpu_unit.genblk1[0].fpu_fpnew.genblk3[0].fpnew_core.gen_operation_groups[1].i_opgroup_block.gen_merged_slice.i_multifmt_slice.gen_num_lanes[0].active_lane.lane_instance.genblk1.i_fpnew_divsqrt_multi.gen_output_pipeline[1]	23	1	0	0	0	0	0	1	40896	40896	0,0,0,0,0,0,0,0,0,0,0,0,0,0,0,0,0,0,0,0,0,0,0,0,0,0,0,0,0,0,0,0,0,0,0,0,0,0,0,0	0,0,0,0,0,0,0,0,0,0,0,0,0,0,0,0,0,0,0,0,0,0,0,0,0,0,0,1,0,0,0,0,0,0,0,0,0,0,0,0	2	0	0	0	0	1	40896	40896	0,0,0,0,0,0,0,0,0,0,0,0,0,0,0,0,0,0,0,0,0,0,0,0,0,0,0,0,0,0,0,0,0,0,0,0,0,0,0,0	0,0,0,0,0,0,0,0,0,0,0,0,0,0,0,0,0,0,0,0,0,0,0,0,0,0,0,1,0,0,0,0,0,0,0,0,0,0,0,0
tb.dut.clusters[0].cluster.sockets[0].socket.cores[0].core.execute.fpu_unit.genblk1[0].fpu_fpnew.genblk3[0].fpnew_core.gen_operation_groups[1].i_opgroup_block.gen_merged_slice.i_multifmt_slice.gen_num_lanes[0].active_lane.lane_instance.genblk1.i_fpnew_divsqrt_multi.gen_output_pipeline[2]	23	1	0	0	0	0	0	1	40896	40896	0,0,0,0,0,0,0,0,0,0,0,0,0,0,0,0,0,0,0,0,0,0,0,0,0,0,0,0,0,0,0,0,0,0,0,0,0,0,0,0	0,0,0,0,0,0,0,0,0,0,0,0,0,0,0,0,0,0,0,0,0,0,0,0,0,0,0,1,0,0,0,0,0,0,0,0,0,0,0,0	2	0	0	0	0	1	40896	40896	0,0,0,0,0,0,0,0,0,0,0,0,0,0,0,0,0,0,0,0,0,0,0,0,0,0,0,0,0,0,0,0,0,0,0,0,0,0,0,0	0,0,0,0,0,0,0,0,0,0,0,0,0,0,0,0,0,0,0,0,0,0,0,0,0,0,0,1,0,0,0,0,0,0,0,0,0,0,0,0
tb.dut.clusters[0].cluster.sockets[0].socket.cores[0].core.execute.fpu_unit.genblk1[0].fpu_fpnew.genblk3[0].fpnew_core.gen_operation_groups[1].i_opgroup_block.gen_merged_slice.i_multifmt_slice.gen_num_lanes[0].active_lane.lane_instance.genblk1.i_fpnew_divsqrt_multi.gen_output_pipeline[3]	23	1	0	0	0	0	0	1	40896	40896	0,0,0,0,0,0,0,0,0,0,0,0,0,0,0,0,0,0,0,0,0,0,0,0,0,0,0,0,0,0,0,0,0,0,0,0,0,0,0,0	0,0,0,0,0,0,0,0,0,0,0,0,0,0,0,0,0,0,0,0,0,0,0,0,0,0,0,1,0,0,0,0,0,0,0,0,0,0,0,0	2	0	0	0	0	1	40896	40896	0,0,0,0,0,0,0,0,0,0,0,0,0,0,0,0,0,0,0,0,0,0,0,0,0,0,0,0,0,0,0,0,0,0,0,0,0,0,0,0	0,0,0,0,0,0,0,0,0,0,0,0,0,0,0,0,0,0,0,0,0,0,0,0,0,0,0,1,0,0,0,0,0,0,0,0,0,0,0,0
tb.dut.clusters[0].cluster.sockets[0].socket.cores[0].core.execute.fpu_unit.genblk1[0].fpu_fpnew.genblk3[0].fpnew_core.gen_operation_groups[1].i_opgroup_block.gen_merged_slice.i_multifmt_slice.gen_num_lanes[0].active_lane.lane_instance.genblk1.i_fpnew_divsqrt_multi.gen_output_pipeline[4]	23	1	0	0	0	0	0	1	40896	40896	0,0,0,0,0,0,0,0,0,0,0,0,0,0,0,0,0,0,0,0,0,0,0,0,0,0,0,0,0,0,0,0,0,0,0,0,0,0,0,0	0,0,0,0,0,0,0,0,0,0,0,0,0,0,0,0,0,0,0,0,0,0,0,0,0,0,0,1,0,0,0,0,0,0,0,0,0,0,0,0	2	0	0	0	0	1	40896	40896	0,0,0,0,0,0,0,0,0,0,0,0,0,0,0,0,0,0,0,0,0,0,0,0,0,0,0,0,0,0,0,0,0,0,0,0,0,0,0,0	0,0,0,0,0,0,0,0,0,0,0,0,0,0,0,0,0,0,0,0,0,0,0,0,0,0,0,1,0,0,0,0,0,0,0,0,0,0,0,0
tb.dut.clusters[0].cluster.sockets[0].socket.cores[0].core.execute.fpu_unit.genblk1[0].fpu_fpnew.genblk3[0].fpnew_core.gen_operation_groups[1].i_opgroup_block.gen_merged_slice.i_multifmt_slice.gen_num_lanes[0].active_lane.lane_instance.genblk1.i_fpnew_divsqrt_multi.gen_output_pipeline[5]	23	1	0	0	0	0	0	1	40896	40896	0,0,0,0,0,0,0,0,0,0,0,0,0,0,0,0,0,0,0,0,0,0,0,0,0,0,0,0,0,0,0,0,0,0,0,0,0,0,0,0	0,0,0,0,0,0,0,0,0,0,0,0,0,0,0,0,0,0,0,0,0,0,0,0,0,0,0,1,0,0,0,0,0,0,0,0,0,0,0,0	2	0	0	0	0	1	40896	40896	0,0,0,0,0,0,0,0,0,0,0,0,0,0,0,0,0,0,0,0,0,0,0,0,0,0,0,0,0,0,0,0,0,0,0,0,0,0,0,0	0,0,0,0,0,0,0,0,0,0,0,0,0,0,0,0,0,0,0,0,0,0,0,0,0,0,0,1,0,0,0,0,0,0,0,0,0,0,0,0
tb.dut.clusters[0].cluster.sockets[0].socket.cores[0].core.execute.fpu_unit.genblk1[0].fpu_fpnew.genblk3[0].fpnew_core.gen_operation_groups[1].i_opgroup_block.gen_merged_slice.i_multifmt_slice.gen_num_lanes[0].active_lane.lane_instance.genblk1.i_fpnew_divsqrt_multi.gen_output_pipeline[6]	23	1	0	0	0	0	0	1	40896	40896	0,0,0,0,0,0,0,0,0,0,0,0,0,0,0,0,0,0,0,0,0,0,0,0,0,0,0,0,0,0,0,0,0,0,0,0,0,0,0,0	0,0,0,0,0,0,0,0,0,0,0,0,0,0,0,0,0,0,0,0,0,0,0,0,0,0,0,1,0,0,0,0,0,0,0,0,0,0,0,0	2	0	0	0	0	1	40896	40896	0,0,0,0,0,0,0,0,0,0,0,0,0,0,0,0,0,0,0,0,0,0,0,0,0,0,0,0,0,0,0,0,0,0,0,0,0,0,0,0	0,0,0,0,0,0,0,0,0,0,0,0,0,0,0,0,0,0,0,0,0,0,0,0,0,0,0,1,0,0,0,0,0,0,0,0,0,0,0,0
tb.dut.clusters[0].cluster.sockets[0].socket.cores[0].core.execute.fpu_unit.genblk1[0].fpu_fpnew.genblk3[0].fpnew_core.gen_operation_groups[1].i_opgroup_block.gen_merged_slice.i_multifmt_slice.gen_num_lanes[0].active_lane.lane_instance.genblk1.i_fpnew_divsqrt_multi.gen_output_pipeline[7]	23	1	0	0	0	0	0	1	40896	40896	0,0,0,0,0,0,0,0,0,0,0,0,0,0,0,0,0,0,0,0,0,0,0,0,0,0,0,0,0,0,0,0,0,0,0,0,0,0,0,0	0,0,0,0,0,0,0,0,0,0,0,0,0,0,0,0,0,0,0,0,0,0,0,0,0,0,0,1,0,0,0,0,0,0,0,0,0,0,0,0	2	0	0	0	0	1	40896	40896	0,0,0,0,0,0,0,0,0,0,0,0,0,0,0,0,0,0,0,0,0,0,0,0,0,0,0,0,0,0,0,0,0,0,0,0,0,0,0,0	0,0,0,0,0,0,0,0,0,0,0,0,0,0,0,0,0,0,0,0,0,0,0,0,0,0,0,1,0,0,0,0,0,0,0,0,0,0,0,0
tb.dut.clusters[0].cluster.sockets[0].socket.cores[0].core.execute.fpu_unit.genblk1[0].fpu_fpnew.genblk3[0].fpnew_core.gen_operation_groups[1].i_opgroup_block.gen_merged_slice.i_multifmt_slice.gen_num_lanes[0].active_lane.lane_instance.genblk1.i_fpnew_divsqrt_multi.i_divsqrt_lei	23	12493	18	2	2	2	1	3	40894	40872	2,0,0,0,0,0,0,0,0,0,0,0,0,0,0,0,0,0,0,0,0,0,0,0,0,0,0,0,0,0,0,0,0,0,0,0,0,0,0,0	0,0,1,0,0,0,0,0,0,0,0,0,0,0,0,0,1,0,0,0,0,0,0,0,0,0,0,1,0,0,0,0,0,0,0,0,0,0,0,0	63	0	0	0	0	1	40896	40896	0,0,0,0,0,0,0,0,0,0,0,0,0,0,0,0,0,0,0,0,0,0,0,0,0,0,0,0,0,0,0,0,0,0,0,0,0,0,0,0	0,0,0,0,0,0,0,0,0,0,0,0,0,0,0,0,0,0,0,0,0,0,0,0,0,0,0,1,0,0,0,0,0,0,0,0,0,0,0,0
tb.dut.clusters[0].cluster.sockets[0].socket.cores[0].core.execute.fpu_unit.genblk1[0].fpu_fpnew.genblk3[0].fpnew_core.gen_operation_groups[1].i_opgroup_block.gen_merged_slice.i_multifmt_slice.gen_num_lanes[0].active_lane.lane_instance.genblk1.i_fpnew_divsqrt_multi.i_divsqrt_lei.fpu_norm_U0	24	752	0	0	0	0	0	1	40896	40896	0,0,0,0,0,0,0,0,0,0,0,0,0,0,0,0,0,0,0,0,0,0,0,0,0,0,0,0,0,0,0,0,0,0,0,0,0,0,0,0	0,0,0,0,0,0,0,0,0,0,0,0,0,0,0,0,0,0,0,0,0,0,0,0,0,0,0,1,0,0,0,0,0,0,0,0,0,0,0,0	4	0	0	0	0	1	40896	40896	0,0,0,0,0,0,0,0,0,0,0,0,0,0,0,0,0,0,0,0,0,0,0,0,0,0,0,0,0,0,0,0,0,0,0,0,0,0,0,0	0,0,0,0,0,0,0,0,0,0,0,0,0,0,0,0,0,0,0,0,0,0,0,0,0,0,0,1,0,0,0,0,0,0,0,0,0,0,0,0
tb.dut.clusters[0].cluster.sockets[0].socket.cores[0].core.execute.fpu_unit.genblk1[0].fpu_fpnew.genblk3[0].fpnew_core.gen_operation_groups[1].i_opgroup_block.gen_merged_slice.i_multifmt_slice.gen_num_lanes[0].active_lane.lane_instance.genblk1.i_fpnew_divsqrt_multi.i_divsqrt_lei.nrbd_nrsc_U0	24	8528	10	2	2	2	1	3	40894	40872	2,0,0,0,0,0,0,0,0,0,0,0,0,0,0,0,0,0,0,0,0,0,0,0,0,0,0,0,0,0,0,0,0,0,0,0,0,0,0,0	0,0,1,0,0,0,0,0,0,0,0,0,0,0,0,0,1,0,0,0,0,0,0,0,0,0,0,1,0,0,0,0,0,0,0,0,0,0,0,0	43	0	0	0	0	1	40896	40896	0,0,0,0,0,0,0,0,0,0,0,0,0,0,0,0,0,0,0,0,0,0,0,0,0,0,0,0,0,0,0,0,0,0,0,0,0,0,0,0	0,0,0,0,0,0,0,0,0,0,0,0,0,0,0,0,0,0,0,0,0,0,0,0,0,0,0,1,0,0,0,0,0,0,0,0,0,0,0,0
tb.dut.clusters[0].cluster.sockets[0].socket.cores[0].core.execute.fpu_unit.genblk1[0].fpu_fpnew.genblk3[0].fpnew_core.gen_operation_groups[1].i_opgroup_block.gen_merged_slice.i_multifmt_slice.gen_num_lanes[0].active_lane.lane_instance.genblk1.i_fpnew_divsqrt_multi.i_divsqrt_lei.nrbd_nrsc_U0.control_U0	25	8301	5	2	2	2	1	3	40894	40872	2,0,0,0,0,0,0,0,0,0,0,0,0,0,0,0,0,0,0,0,0,0,0,0,0,0,0,0,0,0,0,0,0,0,0,0,0,0,0,0	0,0,1,0,0,0,0,0,0,0,0,0,0,0,0,0,1,0,0,0,0,0,0,0,0,0,0,1,0,0,0,0,0,0,0,0,0,0,0,0	42	0	0	0	0	1	40896	40896	0,0,0,0,0,0,0,0,0,0,0,0,0,0,0,0,0,0,0,0,0,0,0,0,0,0,0,0,0,0,0,0,0,0,0,0,0,0,0,0	0,0,0,0,0,0,0,0,0,0,0,0,0,0,0,0,0,0,0,0,0,0,0,0,0,0,0,1,0,0,0,0,0,0,0,0,0,0,0,0
tb.dut.clusters[0].cluster.sockets[0].socket.cores[0].core.execute.fpu_unit.genblk1[0].fpu_fpnew.genblk3[0].fpnew_core.gen_operation_groups[1].i_opgroup_block.gen_merged_slice.i_multifmt_slice.gen_num_lanes[0].active_lane.lane_instance.genblk1.i_fpnew_divsqrt_multi.i_divsqrt_lei.nrbd_nrsc_U0.control_U0.genblk4[0]	26	217	0	0	0	0	0	1	40896	40896	0,0,0,0,0,0,0,0,0,0,0,0,0,0,0,0,0,0,0,0,0,0,0,0,0,0,0,0,0,0,0,0,0,0,0,0,0,0,0,0	0,0,0,0,0,0,0,0,0,0,0,0,0,0,0,0,0,0,0,0,0,0,0,0,0,0,0,1,0,0,0,0,0,0,0,0,0,0,0,0	2	0	0	0	0	1	40896	40896	0,0,0,0,0,0,0,0,0,0,0,0,0,0,0,0,0,0,0,0,0,0,0,0,0,0,0,0,0,0,0,0,0,0,0,0,0,0,0,0	0,0,0,0,0,0,0,0,0,0,0,0,0,0,0,0,0,0,0,0,0,0,0,0,0,0,0,1,0,0,0,0,0,0,0,0,0,0,0,0
tb.dut.clusters[0].cluster.sockets[0].socket.cores[0].core.execute.fpu_unit.genblk1[0].fpu_fpnew.genblk3[0].fpnew_core.gen_operation_groups[1].i_opgroup_block.gen_merged_slice.i_multifmt_slice.gen_num_lanes[0].active_lane.lane_instance.genblk1.i_fpnew_divsqrt_multi.i_divsqrt_lei.nrbd_nrsc_U0.control_U0.genblk4[0].iteration_div_sqrt	27	217	0	0	0	0	0	1	40896	40896	0,0,0,0,0,0,0,0,0,0,0,0,0,0,0,0,0,0,0,0,0,0,0,0,0,0,0,0,0,0,0,0,0,0,0,0,0,0,0,0	0,0,0,0,0,0,0,0,0,0,0,0,0,0,0,0,0,0,0,0,0,0,0,0,0,0,0,1,0,0,0,0,0,0,0,0,0,0,0,0	2	0	0	0	0	1	40896	40896	0,0,0,0,0,0,0,0,0,0,0,0,0,0,0,0,0,0,0,0,0,0,0,0,0,0,0,0,0,0,0,0,0,0,0,0,0,0,0,0	0,0,0,0,0,0,0,0,0,0,0,0,0,0,0,0,0,0,0,0,0,0,0,0,0,0,0,1,0,0,0,0,0,0,0,0,0,0,0,0
tb.dut.clusters[0].cluster.sockets[0].socket.cores[0].core.execute.fpu_unit.genblk1[0].fpu_fpnew.genblk3[0].fpnew_core.gen_operation_groups[1].i_opgroup_block.gen_merged_slice.i_multifmt_slice.gen_num_lanes[0].active_lane.lane_instance.genblk1.i_fpnew_divsqrt_multi.i_divsqrt_lei.nrbd_nrsc_U0.control_U0.genblk4[1]	26	217	0	0	0	0	0	1	40896	40896	0,0,0,0,0,0,0,0,0,0,0,0,0,0,0,0,0,0,0,0,0,0,0,0,0,0,0,0,0,0,0,0,0,0,0,0,0,0,0,0	0,0,0,0,0,0,0,0,0,0,0,0,0,0,0,0,0,0,0,0,0,0,0,0,0,0,0,1,0,0,0,0,0,0,0,0,0,0,0,0	2	0	0	0	0	1	40896	40896	0,0,0,0,0,0,0,0,0,0,0,0,0,0,0,0,0,0,0,0,0,0,0,0,0,0,0,0,0,0,0,0,0,0,0,0,0,0,0,0	0,0,0,0,0,0,0,0,0,0,0,0,0,0,0,0,0,0,0,0,0,0,0,0,0,0,0,1,0,0,0,0,0,0,0,0,0,0,0,0
tb.dut.clusters[0].cluster.sockets[0].socket.cores[0].core.execute.fpu_unit.genblk1[0].fpu_fpnew.genblk3[0].fpnew_core.gen_operation_groups[1].i_opgroup_block.gen_merged_slice.i_multifmt_slice.gen_num_lanes[0].active_lane.lane_instance.genblk1.i_fpnew_divsqrt_multi.i_divsqrt_lei.nrbd_nrsc_U0.control_U0.genblk4[1].iteration_div_sqrt	27	217	0	0	0	0	0	1	40896	40896	0,0,0,0,0,0,0,0,0,0,0,0,0,0,0,0,0,0,0,0,0,0,0,0,0,0,0,0,0,0,0,0,0,0,0,0,0,0,0,0	0,0,0,0,0,0,0,0,0,0,0,0,0,0,0,0,0,0,0,0,0,0,0,0,0,0,0,1,0,0,0,0,0,0,0,0,0,0,0,0	2	0	0	0	0	1	40896	40896	0,0,0,0,0,0,0,0,0,0,0,0,0,0,0,0,0,0,0,0,0,0,0,0,0,0,0,0,0,0,0,0,0,0,0,0,0,0,0,0	0,0,0,0,0,0,0,0,0,0,0,0,0,0,0,0,0,0,0,0,0,0,0,0,0,0,0,1,0,0,0,0,0,0,0,0,0,0,0,0
tb.dut.clusters[0].cluster.sockets[0].socket.cores[0].core.execute.fpu_unit.genblk1[0].fpu_fpnew.genblk3[0].fpnew_core.gen_operation_groups[1].i_opgroup_block.gen_merged_slice.i_multifmt_slice.gen_num_lanes[0].active_lane.lane_instance.genblk1.i_fpnew_divsqrt_multi.i_divsqrt_lei.nrbd_nrsc_U0.control_U0.genblk4[2]	26	217	0	0	0	0	0	1	40896	40896	0,0,0,0,0,0,0,0,0,0,0,0,0,0,0,0,0,0,0,0,0,0,0,0,0,0,0,0,0,0,0,0,0,0,0,0,0,0,0,0	0,0,0,0,0,0,0,0,0,0,0,0,0,0,0,0,0,0,0,0,0,0,0,0,0,0,0,1,0,0,0,0,0,0,0,0,0,0,0,0	2	0	0	0	0	1	40896	40896	0,0,0,0,0,0,0,0,0,0,0,0,0,0,0,0,0,0,0,0,0,0,0,0,0,0,0,0,0,0,0,0,0,0,0,0,0,0,0,0	0,0,0,0,0,0,0,0,0,0,0,0,0,0,0,0,0,0,0,0,0,0,0,0,0,0,0,1,0,0,0,0,0,0,0,0,0,0,0,0
tb.dut.clusters[0].cluster.sockets[0].socket.cores[0].core.execute.fpu_unit.genblk1[0].fpu_fpnew.genblk3[0].fpnew_core.gen_operation_groups[1].i_opgroup_block.gen_merged_slice.i_multifmt_slice.gen_num_lanes[0].active_lane.lane_instance.genblk1.i_fpnew_divsqrt_multi.i_divsqrt_lei.nrbd_nrsc_U0.control_U0.genblk4[2].iteration_div_sqrt	27	217	0	0	0	0	0	1	40896	40896	0,0,0,0,0,0,0,0,0,0,0,0,0,0,0,0,0,0,0,0,0,0,0,0,0,0,0,0,0,0,0,0,0,0,0,0,0,0,0,0	0,0,0,0,0,0,0,0,0,0,0,0,0,0,0,0,0,0,0,0,0,0,0,0,0,0,0,1,0,0,0,0,0,0,0,0,0,0,0,0	2	0	0	0	0	1	40896	40896	0,0,0,0,0,0,0,0,0,0,0,0,0,0,0,0,0,0,0,0,0,0,0,0,0,0,0,0,0,0,0,0,0,0,0,0,0,0,0,0	0,0,0,0,0,0,0,0,0,0,0,0,0,0,0,0,0,0,0,0,0,0,0,0,0,0,0,1,0,0,0,0,0,0,0,0,0,0,0,0
tb.dut.clusters[0].cluster.sockets[0].socket.cores[0].core.execute.fpu_unit.genblk1[0].fpu_fpnew.genblk3[0].fpnew_core.gen_operation_groups[1].i_opgroup_block.gen_merged_slice.i_multifmt_slice.gen_num_lanes[0].active_lane.lane_instance.genblk1.i_fpnew_divsqrt_multi.i_divsqrt_lei.preprocess_U0	24	2777	3	2	2	2	1	3	40894	40872	2,0,0,0,0,0,0,0,0,0,0,0,0,0,0,0,0,0,0,0,0,0,0,0,0,0,0,0,0,0,0,0,0,0,0,0,0,0,0,0	0,0,1,0,0,0,0,0,0,0,0,0,0,0,0,0,1,0,0,0,0,0,0,0,0,0,0,1,0,0,0,0,0,0,0,0,0,0,0,0	14	0	0	0	0	1	40896	40896	0,0,0,0,0,0,0,0,0,0,0,0,0,0,0,0,0,0,0,0,0,0,0,0,0,0,0,0,0,0,0,0,0,0,0,0,0,0,0,0	0,0,0,0,0,0,0,0,0,0,0,0,0,0,0,0,0,0,0,0,0,0,0,0,0,0,0,1,0,0,0,0,0,0,0,0,0,0,0,0
tb.dut.clusters[0].cluster.sockets[0].socket.cores[0].core.execute.fpu_unit.genblk1[0].fpu_fpnew.genblk3[0].fpnew_core.gen_operation_groups[1].i_opgroup_block.gen_merged_slice.i_multifmt_slice.gen_num_lanes[0].active_lane.lane_instance.genblk1.i_fpnew_divsqrt_multi.i_divsqrt_lei.preprocess_U0.LOD_Ua	25	976	0	0	0	0	0	1	40896	40896	0,0,0,0,0,0,0,0,0,0,0,0,0,0,0,0,0,0,0,0,0,0,0,0,0,0,0,0,0,0,0,0,0,0,0,0,0,0,0,0	0,0,0,0,0,0,0,0,0,0,0,0,0,0,0,0,0,0,0,0,0,0,0,0,0,0,0,1,0,0,0,0,0,0,0,0,0,0,0,0	5	0	0	0	0	1	40896	40896	0,0,0,0,0,0,0,0,0,0,0,0,0,0,0,0,0,0,0,0,0,0,0,0,0,0,0,0,0,0,0,0,0,0,0,0,0,0,0,0	0,0,0,0,0,0,0,0,0,0,0,0,0,0,0,0,0,0,0,0,0,0,0,0,0,0,0,1,0,0,0,0,0,0,0,0,0,0,0,0
tb.dut.clusters[0].cluster.sockets[0].socket.cores[0].core.execute.fpu_unit.genblk1[0].fpu_fpnew.genblk3[0].fpnew_core.gen_operation_groups[1].i_opgroup_block.gen_merged_slice.i_multifmt_slice.gen_num_lanes[0].active_lane.lane_instance.genblk1.i_fpnew_divsqrt_multi.i_divsqrt_lei.preprocess_U0.LOD_Ua.gen_lzc	26	851	0	0	0	0	0	1	40896	40896	0,0,0,0,0,0,0,0,0,0,0,0,0,0,0,0,0,0,0,0,0,0,0,0,0,0,0,0,0,0,0,0,0,0,0,0,0,0,0,0	0,0,0,0,0,0,0,0,0,0,0,0,0,0,0,0,0,0,0,0,0,0,0,0,0,0,0,1,0,0,0,0,0,0,0,0,0,0,0,0	5	0	0	0	0	1	40896	40896	0,0,0,0,0,0,0,0,0,0,0,0,0,0,0,0,0,0,0,0,0,0,0,0,0,0,0,0,0,0,0,0,0,0,0,0,0,0,0,0	0,0,0,0,0,0,0,0,0,0,0,0,0,0,0,0,0,0,0,0,0,0,0,0,0,0,0,1,0,0,0,0,0,0,0,0,0,0,0,0
tb.dut.clusters[0].cluster.sockets[0].socket.cores[0].core.execute.fpu_unit.genblk1[0].fpu_fpnew.genblk3[0].fpnew_core.gen_operation_groups[1].i_opgroup_block.gen_merged_slice.i_multifmt_slice.gen_num_lanes[0].active_lane.lane_instance.genblk1.i_fpnew_divsqrt_multi.i_divsqrt_lei.preprocess_U0.LOD_Ub	25	976	0	0	0	0	0	1	40896	40896	0,0,0,0,0,0,0,0,0,0,0,0,0,0,0,0,0,0,0,0,0,0,0,0,0,0,0,0,0,0,0,0,0,0,0,0,0,0,0,0	0,0,0,0,0,0,0,0,0,0,0,0,0,0,0,0,0,0,0,0,0,0,0,0,0,0,0,1,0,0,0,0,0,0,0,0,0,0,0,0	5	0	0	0	0	1	40896	40896	0,0,0,0,0,0,0,0,0,0,0,0,0,0,0,0,0,0,0,0,0,0,0,0,0,0,0,0,0,0,0,0,0,0,0,0,0,0,0,0	0,0,0,0,0,0,0,0,0,0,0,0,0,0,0,0,0,0,0,0,0,0,0,0,0,0,0,1,0,0,0,0,0,0,0,0,0,0,0,0
tb.dut.clusters[0].cluster.sockets[0].socket.cores[0].core.execute.fpu_unit.genblk1[0].fpu_fpnew.genblk3[0].fpnew_core.gen_operation_groups[1].i_opgroup_block.gen_merged_slice.i_multifmt_slice.gen_num_lanes[0].active_lane.lane_instance.genblk1.i_fpnew_divsqrt_multi.i_divsqrt_lei.preprocess_U0.LOD_Ub.gen_lzc	26	851	0	0	0	0	0	1	40896	40896	0,0,0,0,0,0,0,0,0,0,0,0,0,0,0,0,0,0,0,0,0,0,0,0,0,0,0,0,0,0,0,0,0,0,0,0,0,0,0,0	0,0,0,0,0,0,0,0,0,0,0,0,0,0,0,0,0,0,0,0,0,0,0,0,0,0,0,1,0,0,0,0,0,0,0,0,0,0,0,0	5	0	0	0	0	1	40896	40896	0,0,0,0,0,0,0,0,0,0,0,0,0,0,0,0,0,0,0,0,0,0,0,0,0,0,0,0,0,0,0,0,0,0,0,0,0,0,0,0	0,0,0,0,0,0,0,0,0,0,0,0,0,0,0,0,0,0,0,0,0,0,0,0,0,0,0,1,0,0,0,0,0,0,0,0,0,0,0,0
tb.dut.clusters[0].cluster.sockets[0].socket.cores[0].core.execute.fpu_unit.genblk1[0].fpu_fpnew.genblk3[0].fpnew_core.gen_operation_groups[1].i_opgroup_block.gen_merged_slice.i_multifmt_slice.gen_num_lanes[0].pack_fp_result[0]	19	32	0	0	0	0	0	1	40896	40896	0,0,0,0,0,0,0,0,0,0,0,0,0,0,0,0,0,0,0,0,0,0,0,0,0,0,0,0,0,0,0,0,0,0,0,0,0,0,0,0	0,0,0,0,0,0,0,0,0,0,0,0,0,0,0,0,0,0,0,0,0,0,0,0,0,0,0,1,0,0,0,0,0,0,0,0,0,0,0,0	2	0	0	0	0	1	40896	40896	0,0,0,0,0,0,0,0,0,0,0,0,0,0,0,0,0,0,0,0,0,0,0,0,0,0,0,0,0,0,0,0,0,0,0,0,0,0,0,0	0,0,0,0,0,0,0,0,0,0,0,0,0,0,0,0,0,0,0,0,0,0,0,0,0,0,0,1,0,0,0,0,0,0,0,0,0,0,0,0
tb.dut.clusters[0].cluster.sockets[0].socket.cores[0].core.execute.fpu_unit.genblk1[0].fpu_fpnew.genblk3[0].fpnew_core.gen_operation_groups[1].i_opgroup_block.gen_merged_slice.i_multifmt_slice.gen_num_lanes[0].pack_fp_result[1]	19	32	0	0	0	0	0	1	40896	40896	0,0,0,0,0,0,0,0,0,0,0,0,0,0,0,0,0,0,0,0,0,0,0,0,0,0,0,0,0,0,0,0,0,0,0,0,0,0,0,0	0,0,0,0,0,0,0,0,0,0,0,0,0,0,0,0,0,0,0,0,0,0,0,0,0,0,0,1,0,0,0,0,0,0,0,0,0,0,0,0	2	0	0	0	0	1	40896	40896	0,0,0,0,0,0,0,0,0,0,0,0,0,0,0,0,0,0,0,0,0,0,0,0,0,0,0,0,0,0,0,0,0,0,0,0,0,0,0,0	0,0,0,0,0,0,0,0,0,0,0,0,0,0,0,0,0,0,0,0,0,0,0,0,0,0,0,1,0,0,0,0,0,0,0,0,0,0,0,0
tb.dut.clusters[0].cluster.sockets[0].socket.cores[0].core.execute.fpu_unit.genblk1[0].fpu_fpnew.genblk3[0].fpnew_core.gen_operation_groups[1].i_opgroup_block.gen_merged_slice.i_multifmt_slice.gen_num_lanes[0].pack_fp_result[2]	19	32	0	0	0	0	0	1	40896	40896	0,0,0,0,0,0,0,0,0,0,0,0,0,0,0,0,0,0,0,0,0,0,0,0,0,0,0,0,0,0,0,0,0,0,0,0,0,0,0,0	0,0,0,0,0,0,0,0,0,0,0,0,0,0,0,0,0,0,0,0,0,0,0,0,0,0,0,1,0,0,0,0,0,0,0,0,0,0,0,0	2	0	0	0	0	1	40896	40896	0,0,0,0,0,0,0,0,0,0,0,0,0,0,0,0,0,0,0,0,0,0,0,0,0,0,0,0,0,0,0,0,0,0,0,0,0,0,0,0	0,0,0,0,0,0,0,0,0,0,0,0,0,0,0,0,0,0,0,0,0,0,0,0,0,0,0,1,0,0,0,0,0,0,0,0,0,0,0,0
tb.dut.clusters[0].cluster.sockets[0].socket.cores[0].core.execute.fpu_unit.genblk1[0].fpu_fpnew.genblk3[0].fpnew_core.gen_operation_groups[1].i_opgroup_block.gen_merged_slice.i_multifmt_slice.gen_num_lanes[0].pack_fp_result[3]	19	32	0	0	0	0	0	1	40896	40896	0,0,0,0,0,0,0,0,0,0,0,0,0,0,0,0,0,0,0,0,0,0,0,0,0,0,0,0,0,0,0,0,0,0,0,0,0,0,0,0	0,0,0,0,0,0,0,0,0,0,0,0,0,0,0,0,0,0,0,0,0,0,0,0,0,0,0,1,0,0,0,0,0,0,0,0,0,0,0,0	2	0	0	0	0	1	40896	40896	0,0,0,0,0,0,0,0,0,0,0,0,0,0,0,0,0,0,0,0,0,0,0,0,0,0,0,0,0,0,0,0,0,0,0,0,0,0,0,0	0,0,0,0,0,0,0,0,0,0,0,0,0,0,0,0,0,0,0,0,0,0,0,0,0,0,0,1,0,0,0,0,0,0,0,0,0,0,0,0
tb.dut.clusters[0].cluster.sockets[0].socket.cores[0].core.execute.fpu_unit.genblk1[0].fpu_fpnew.genblk3[0].fpnew_core.gen_operation_groups[1].i_opgroup_block.gen_merged_slice.i_multifmt_slice.gen_num_lanes[0].pack_fp_result[4]	19	32	0	0	0	0	0	1	40896	40896	0,0,0,0,0,0,0,0,0,0,0,0,0,0,0,0,0,0,0,0,0,0,0,0,0,0,0,0,0,0,0,0,0,0,0,0,0,0,0,0	0,0,0,0,0,0,0,0,0,0,0,0,0,0,0,0,0,0,0,0,0,0,0,0,0,0,0,1,0,0,0,0,0,0,0,0,0,0,0,0	2	0	0	0	0	1	40896	40896	0,0,0,0,0,0,0,0,0,0,0,0,0,0,0,0,0,0,0,0,0,0,0,0,0,0,0,0,0,0,0,0,0,0,0,0,0,0,0,0	0,0,0,0,0,0,0,0,0,0,0,0,0,0,0,0,0,0,0,0,0,0,0,0,0,0,0,1,0,0,0,0,0,0,0,0,0,0,0,0
tb.dut.clusters[0].cluster.sockets[0].socket.cores[0].core.execute.fpu_unit.genblk1[0].fpu_fpnew.genblk3[0].fpnew_core.gen_operation_groups[1].i_opgroup_block.gen_parallel_slices[0]	16	2	0	0	0	0	0	1	40896	40896	0,0,0,0,0,0,0,0,0,0,0,0,0,0,0,0,0,0,0,0,0,0,0,0,0,0,0,0,0,0,0,0,0,0,0,0,0,0,0,0	0,0,0,0,0,0,0,0,0,0,0,0,0,0,0,0,0,0,0,0,0,0,0,0,0,0,0,1,0,0,0,0,0,0,0,0,0,0,0,0	2	0	0	0	0	1	40896	40896	0,0,0,0,0,0,0,0,0,0,0,0,0,0,0,0,0,0,0,0,0,0,0,0,0,0,0,0,0,0,0,0,0,0,0,0,0,0,0,0	0,0,0,0,0,0,0,0,0,0,0,0,0,0,0,0,0,0,0,0,0,0,0,0,0,0,0,1,0,0,0,0,0,0,0,0,0,0,0,0
tb.dut.clusters[0].cluster.sockets[0].socket.cores[0].core.execute.fpu_unit.genblk1[0].fpu_fpnew.genblk3[0].fpnew_core.gen_operation_groups[1].i_opgroup_block.gen_parallel_slices[1]	16	2	0	0	0	0	0	1	40896	40896	0,0,0,0,0,0,0,0,0,0,0,0,0,0,0,0,0,0,0,0,0,0,0,0,0,0,0,0,0,0,0,0,0,0,0,0,0,0,0,0	0,0,0,0,0,0,0,0,0,0,0,0,0,0,0,0,0,0,0,0,0,0,0,0,0,0,0,1,0,0,0,0,0,0,0,0,0,0,0,0	2	0	0	0	0	1	40896	40896	0,0,0,0,0,0,0,0,0,0,0,0,0,0,0,0,0,0,0,0,0,0,0,0,0,0,0,0,0,0,0,0,0,0,0,0,0,0,0,0	0,0,0,0,0,0,0,0,0,0,0,0,0,0,0,0,0,0,0,0,0,0,0,0,0,0,0,1,0,0,0,0,0,0,0,0,0,0,0,0
tb.dut.clusters[0].cluster.sockets[0].socket.cores[0].core.execute.fpu_unit.genblk1[0].fpu_fpnew.genblk3[0].fpnew_core.gen_operation_groups[1].i_opgroup_block.gen_parallel_slices[2]	16	2	0	0	0	0	0	1	40896	40896	0,0,0,0,0,0,0,0,0,0,0,0,0,0,0,0,0,0,0,0,0,0,0,0,0,0,0,0,0,0,0,0,0,0,0,0,0,0,0,0	0,0,0,0,0,0,0,0,0,0,0,0,0,0,0,0,0,0,0,0,0,0,0,0,0,0,0,1,0,0,0,0,0,0,0,0,0,0,0,0	2	0	0	0	0	1	40896	40896	0,0,0,0,0,0,0,0,0,0,0,0,0,0,0,0,0,0,0,0,0,0,0,0,0,0,0,0,0,0,0,0,0,0,0,0,0,0,0,0	0,0,0,0,0,0,0,0,0,0,0,0,0,0,0,0,0,0,0,0,0,0,0,0,0,0,0,1,0,0,0,0,0,0,0,0,0,0,0,0
tb.dut.clusters[0].cluster.sockets[0].socket.cores[0].core.execute.fpu_unit.genblk1[0].fpu_fpnew.genblk3[0].fpnew_core.gen_operation_groups[1].i_opgroup_block.gen_parallel_slices[3]	16	2	0	0	0	0	0	1	40896	40896	0,0,0,0,0,0,0,0,0,0,0,0,0,0,0,0,0,0,0,0,0,0,0,0,0,0,0,0,0,0,0,0,0,0,0,0,0,0,0,0	0,0,0,0,0,0,0,0,0,0,0,0,0,0,0,0,0,0,0,0,0,0,0,0,0,0,0,1,0,0,0,0,0,0,0,0,0,0,0,0	2	0	0	0	0	1	40896	40896	0,0,0,0,0,0,0,0,0,0,0,0,0,0,0,0,0,0,0,0,0,0,0,0,0,0,0,0,0,0,0,0,0,0,0,0,0,0,0,0	0,0,0,0,0,0,0,0,0,0,0,0,0,0,0,0,0,0,0,0,0,0,0,0,0,0,0,1,0,0,0,0,0,0,0,0,0,0,0,0
tb.dut.clusters[0].cluster.sockets[0].socket.cores[0].core.execute.fpu_unit.genblk1[0].fpu_fpnew.genblk3[0].fpnew_core.gen_operation_groups[1].i_opgroup_block.gen_parallel_slices[4]	16	2	0	0	0	0	0	1	40896	40896	0,0,0,0,0,0,0,0,0,0,0,0,0,0,0,0,0,0,0,0,0,0,0,0,0,0,0,0,0,0,0,0,0,0,0,0,0,0,0,0	0,0,0,0,0,0,0,0,0,0,0,0,0,0,0,0,0,0,0,0,0,0,0,0,0,0,0,1,0,0,0,0,0,0,0,0,0,0,0,0	2	0	0	0	0	1	40896	40896	0,0,0,0,0,0,0,0,0,0,0,0,0,0,0,0,0,0,0,0,0,0,0,0,0,0,0,0,0,0,0,0,0,0,0,0,0,0,0,0	0,0,0,0,0,0,0,0,0,0,0,0,0,0,0,0,0,0,0,0,0,0,0,0,0,0,0,1,0,0,0,0,0,0,0,0,0,0,0,0
tb.dut.clusters[0].cluster.sockets[0].socket.cores[0].core.execute.fpu_unit.genblk1[0].fpu_fpnew.genblk3[0].fpnew_core.gen_operation_groups[1].i_opgroup_block.i_arbiter	16	1510	4	2	2	2	1	3	40894	40872	2,0,0,0,0,0,0,0,0,0,0,0,0,0,0,0,0,0,0,0,0,0,0,0,0,0,0,0,0,0,0,0,0,0,0,0,0,0,0,0	0,0,1,0,0,0,0,0,0,0,0,0,0,0,0,0,1,0,0,0,0,0,0,0,0,0,0,1,0,0,0,0,0,0,0,0,0,0,0,0	8	0	0	0	0	1	40896	40896	0,0,0,0,0,0,0,0,0,0,0,0,0,0,0,0,0,0,0,0,0,0,0,0,0,0,0,0,0,0,0,0,0,0,0,0,0,0,0,0	0,0,0,0,0,0,0,0,0,0,0,0,0,0,0,0,0,0,0,0,0,0,0,0,0,0,0,1,0,0,0,0,0,0,0,0,0,0,0,0
tb.dut.clusters[0].cluster.sockets[0].socket.cores[0].core.execute.fpu_unit.genblk1[0].fpu_fpnew.genblk3[0].fpnew_core.gen_operation_groups[1].i_opgroup_block.i_arbiter.gen_arbiter	17	1150	0	0	0	0	0	1	40896	40896	0,0,0,0,0,0,0,0,0,0,0,0,0,0,0,0,0,0,0,0,0,0,0,0,0,0,0,0,0,0,0,0,0,0,0,0,0,0,0,0	0,0,0,0,0,0,0,0,0,0,0,0,0,0,0,0,0,0,0,0,0,0,0,0,0,0,0,1,0,0,0,0,0,0,0,0,0,0,0,0	6	0	0	0	0	1	40896	40896	0,0,0,0,0,0,0,0,0,0,0,0,0,0,0,0,0,0,0,0,0,0,0,0,0,0,0,0,0,0,0,0,0,0,0,0,0,0,0,0	0,0,0,0,0,0,0,0,0,0,0,0,0,0,0,0,0,0,0,0,0,0,0,0,0,0,0,1,0,0,0,0,0,0,0,0,0,0,0,0
tb.dut.clusters[0].cluster.sockets[0].socket.cores[0].core.execute.fpu_unit.genblk1[0].fpu_fpnew.genblk3[0].fpnew_core.gen_operation_groups[1].i_opgroup_block.i_arbiter.gen_arbiter.gen_int_rr	18	340	0	0	0	0	0	1	40896	40896	0,0,0,0,0,0,0,0,0,0,0,0,0,0,0,0,0,0,0,0,0,0,0,0,0,0,0,0,0,0,0,0,0,0,0,0,0,0,0,0	0,0,0,0,0,0,0,0,0,0,0,0,0,0,0,0,0,0,0,0,0,0,0,0,0,0,0,1,0,0,0,0,0,0,0,0,0,0,0,0	2	0	0	0	0	1	40896	40896	0,0,0,0,0,0,0,0,0,0,0,0,0,0,0,0,0,0,0,0,0,0,0,0,0,0,0,0,0,0,0,0,0,0,0,0,0,0,0,0	0,0,0,0,0,0,0,0,0,0,0,0,0,0,0,0,0,0,0,0,0,0,0,0,0,0,0,1,0,0,0,0,0,0,0,0,0,0,0,0
tb.dut.clusters[0].cluster.sockets[0].socket.cores[0].core.execute.fpu_unit.genblk1[0].fpu_fpnew.genblk3[0].fpnew_core.gen_operation_groups[1].i_opgroup_block.i_arbiter.gen_arbiter.gen_int_rr.gen_fair_arb	19	337	0	0	0	0	0	1	40896	40896	0,0,0,0,0,0,0,0,0,0,0,0,0,0,0,0,0,0,0,0,0,0,0,0,0,0,0,0,0,0,0,0,0,0,0,0,0,0,0,0	0,0,0,0,0,0,0,0,0,0,0,0,0,0,0,0,0,0,0,0,0,0,0,0,0,0,0,1,0,0,0,0,0,0,0,0,0,0,0,0	2	0	0	0	0	1	40896	40896	0,0,0,0,0,0,0,0,0,0,0,0,0,0,0,0,0,0,0,0,0,0,0,0,0,0,0,0,0,0,0,0,0,0,0,0,0,0,0,0	0,0,0,0,0,0,0,0,0,0,0,0,0,0,0,0,0,0,0,0,0,0,0,0,0,0,0,1,0,0,0,0,0,0,0,0,0,0,0,0
tb.dut.clusters[0].cluster.sockets[0].socket.cores[0].core.execute.fpu_unit.genblk1[0].fpu_fpnew.genblk3[0].fpnew_core.gen_operation_groups[1].i_opgroup_block.i_arbiter.gen_arbiter.gen_int_rr.gen_fair_arb.i_lzc_lower	20	158	0	0	0	0	0	1	40896	40896	0,0,0,0,0,0,0,0,0,0,0,0,0,0,0,0,0,0,0,0,0,0,0,0,0,0,0,0,0,0,0,0,0,0,0,0,0,0,0,0	0,0,0,0,0,0,0,0,0,0,0,0,0,0,0,0,0,0,0,0,0,0,0,0,0,0,0,1,0,0,0,0,0,0,0,0,0,0,0,0	2	0	0	0	0	1	40896	40896	0,0,0,0,0,0,0,0,0,0,0,0,0,0,0,0,0,0,0,0,0,0,0,0,0,0,0,0,0,0,0,0,0,0,0,0,0,0,0,0	0,0,0,0,0,0,0,0,0,0,0,0,0,0,0,0,0,0,0,0,0,0,0,0,0,0,0,1,0,0,0,0,0,0,0,0,0,0,0,0
tb.dut.clusters[0].cluster.sockets[0].socket.cores[0].core.execute.fpu_unit.genblk1[0].fpu_fpnew.genblk3[0].fpnew_core.gen_operation_groups[1].i_opgroup_block.i_arbiter.gen_arbiter.gen_int_rr.gen_fair_arb.i_lzc_lower.gen_lzc	21	84	0	0	0	0	0	1	40896	40896	0,0,0,0,0,0,0,0,0,0,0,0,0,0,0,0,0,0,0,0,0,0,0,0,0,0,0,0,0,0,0,0,0,0,0,0,0,0,0,0	0,0,0,0,0,0,0,0,0,0,0,0,0,0,0,0,0,0,0,0,0,0,0,0,0,0,0,1,0,0,0,0,0,0,0,0,0,0,0,0	2	0	0	0	0	1	40896	40896	0,0,0,0,0,0,0,0,0,0,0,0,0,0,0,0,0,0,0,0,0,0,0,0,0,0,0,0,0,0,0,0,0,0,0,0,0,0,0,0	0,0,0,0,0,0,0,0,0,0,0,0,0,0,0,0,0,0,0,0,0,0,0,0,0,0,0,1,0,0,0,0,0,0,0,0,0,0,0,0
tb.dut.clusters[0].cluster.sockets[0].socket.cores[0].core.execute.fpu_unit.genblk1[0].fpu_fpnew.genblk3[0].fpnew_core.gen_operation_groups[1].i_opgroup_block.i_arbiter.gen_arbiter.gen_int_rr.gen_fair_arb.i_lzc_upper	20	158	0	0	0	0	0	1	40896	40896	0,0,0,0,0,0,0,0,0,0,0,0,0,0,0,0,0,0,0,0,0,0,0,0,0,0,0,0,0,0,0,0,0,0,0,0,0,0,0,0	0,0,0,0,0,0,0,0,0,0,0,0,0,0,0,0,0,0,0,0,0,0,0,0,0,0,0,1,0,0,0,0,0,0,0,0,0,0,0,0	2	0	0	0	0	1	40896	40896	0,0,0,0,0,0,0,0,0,0,0,0,0,0,0,0,0,0,0,0,0,0,0,0,0,0,0,0,0,0,0,0,0,0,0,0,0,0,0,0	0,0,0,0,0,0,0,0,0,0,0,0,0,0,0,0,0,0,0,0,0,0,0,0,0,0,0,1,0,0,0,0,0,0,0,0,0,0,0,0
tb.dut.clusters[0].cluster.sockets[0].socket.cores[0].core.execute.fpu_unit.genblk1[0].fpu_fpnew.genblk3[0].fpnew_core.gen_operation_groups[1].i_opgroup_block.i_arbiter.gen_arbiter.gen_int_rr.gen_fair_arb.i_lzc_upper.gen_lzc	21	84	0	0	0	0	0	1	40896	40896	0,0,0,0,0,0,0,0,0,0,0,0,0,0,0,0,0,0,0,0,0,0,0,0,0,0,0,0,0,0,0,0,0,0,0,0,0,0,0,0	0,0,0,0,0,0,0,0,0,0,0,0,0,0,0,0,0,0,0,0,0,0,0,0,0,0,0,1,0,0,0,0,0,0,0,0,0,0,0,0	2	0	0	0	0	1	40896	40896	0,0,0,0,0,0,0,0,0,0,0,0,0,0,0,0,0,0,0,0,0,0,0,0,0,0,0,0,0,0,0,0,0,0,0,0,0,0,0,0	0,0,0,0,0,0,0,0,0,0,0,0,0,0,0,0,0,0,0,0,0,0,0,0,0,0,0,1,0,0,0,0,0,0,0,0,0,0,0,0
tb.dut.clusters[0].cluster.sockets[0].socket.cores[0].core.execute.fpu_unit.genblk1[0].fpu_fpnew.genblk3[0].fpnew_core.gen_operation_groups[1].i_opgroup_block.i_arbiter.gen_arbiter.gen_levels[0]	18	65	0	0	0	0	0	1	40896	40896	0,0,0,0,0,0,0,0,0,0,0,0,0,0,0,0,0,0,0,0,0,0,0,0,0,0,0,0,0,0,0,0,0,0,0,0,0,0,0,0	0,0,0,0,0,0,0,0,0,0,0,0,0,0,0,0,0,0,0,0,0,0,0,0,0,0,0,1,0,0,0,0,0,0,0,0,0,0,0,0	2	0	0	0	0	1	40896	40896	0,0,0,0,0,0,0,0,0,0,0,0,0,0,0,0,0,0,0,0,0,0,0,0,0,0,0,0,0,0,0,0,0,0,0,0,0,0,0,0	0,0,0,0,0,0,0,0,0,0,0,0,0,0,0,0,0,0,0,0,0,0,0,0,0,0,0,1,0,0,0,0,0,0,0,0,0,0,0,0
tb.dut.clusters[0].cluster.sockets[0].socket.cores[0].core.execute.fpu_unit.genblk1[0].fpu_fpnew.genblk3[0].fpnew_core.gen_operation_groups[1].i_opgroup_block.i_arbiter.gen_arbiter.gen_levels[0].gen_level[0]	19	65	0	0	0	0	0	1	40896	40896	0,0,0,0,0,0,0,0,0,0,0,0,0,0,0,0,0,0,0,0,0,0,0,0,0,0,0,0,0,0,0,0,0,0,0,0,0,0,0,0	0,0,0,0,0,0,0,0,0,0,0,0,0,0,0,0,0,0,0,0,0,0,0,0,0,0,0,1,0,0,0,0,0,0,0,0,0,0,0,0	2	0	0	0	0	1	40896	40896	0,0,0,0,0,0,0,0,0,0,0,0,0,0,0,0,0,0,0,0,0,0,0,0,0,0,0,0,0,0,0,0,0,0,0,0,0,0,0,0	0,0,0,0,0,0,0,0,0,0,0,0,0,0,0,0,0,0,0,0,0,0,0,0,0,0,0,1,0,0,0,0,0,0,0,0,0,0,0,0
tb.dut.clusters[0].cluster.sockets[0].socket.cores[0].core.execute.fpu_unit.genblk1[0].fpu_fpnew.genblk3[0].fpnew_core.gen_operation_groups[1].i_opgroup_block.i_arbiter.gen_arbiter.gen_levels[1]	18	130	0	0	0	0	0	1	40896	40896	0,0,0,0,0,0,0,0,0,0,0,0,0,0,0,0,0,0,0,0,0,0,0,0,0,0,0,0,0,0,0,0,0,0,0,0,0,0,0,0	0,0,0,0,0,0,0,0,0,0,0,0,0,0,0,0,0,0,0,0,0,0,0,0,0,0,0,1,0,0,0,0,0,0,0,0,0,0,0,0	2	0	0	0	0	1	40896	40896	0,0,0,0,0,0,0,0,0,0,0,0,0,0,0,0,0,0,0,0,0,0,0,0,0,0,0,0,0,0,0,0,0,0,0,0,0,0,0,0	0,0,0,0,0,0,0,0,0,0,0,0,0,0,0,0,0,0,0,0,0,0,0,0,0,0,0,1,0,0,0,0,0,0,0,0,0,0,0,0
tb.dut.clusters[0].cluster.sockets[0].socket.cores[0].core.execute.fpu_unit.genblk1[0].fpu_fpnew.genblk3[0].fpnew_core.gen_operation_groups[1].i_opgroup_block.i_arbiter.gen_arbiter.gen_levels[1].gen_level[0]	19	65	0	0	0	0	0	1	40896	40896	0,0,0,0,0,0,0,0,0,0,0,0,0,0,0,0,0,0,0,0,0,0,0,0,0,0,0,0,0,0,0,0,0,0,0,0,0,0,0,0	0,0,0,0,0,0,0,0,0,0,0,0,0,0,0,0,0,0,0,0,0,0,0,0,0,0,0,1,0,0,0,0,0,0,0,0,0,0,0,0	2	0	0	0	0	1	40896	40896	0,0,0,0,0,0,0,0,0,0,0,0,0,0,0,0,0,0,0,0,0,0,0,0,0,0,0,0,0,0,0,0,0,0,0,0,0,0,0,0	0,0,0,0,0,0,0,0,0,0,0,0,0,0,0,0,0,0,0,0,0,0,0,0,0,0,0,1,0,0,0,0,0,0,0,0,0,0,0,0
tb.dut.clusters[0].cluster.sockets[0].socket.cores[0].core.execute.fpu_unit.genblk1[0].fpu_fpnew.genblk3[0].fpnew_core.gen_operation_groups[1].i_opgroup_block.i_arbiter.gen_arbiter.gen_levels[1].gen_level[1]	19	65	0	0	0	0	0	1	40896	40896	0,0,0,0,0,0,0,0,0,0,0,0,0,0,0,0,0,0,0,0,0,0,0,0,0,0,0,0,0,0,0,0,0,0,0,0,0,0,0,0	0,0,0,0,0,0,0,0,0,0,0,0,0,0,0,0,0,0,0,0,0,0,0,0,0,0,0,1,0,0,0,0,0,0,0,0,0,0,0,0	2	0	0	0	0	1	40896	40896	0,0,0,0,0,0,0,0,0,0,0,0,0,0,0,0,0,0,0,0,0,0,0,0,0,0,0,0,0,0,0,0,0,0,0,0,0,0,0,0	0,0,0,0,0,0,0,0,0,0,0,0,0,0,0,0,0,0,0,0,0,0,0,0,0,0,0,1,0,0,0,0,0,0,0,0,0,0,0,0
tb.dut.clusters[0].cluster.sockets[0].socket.cores[0].core.execute.fpu_unit.genblk1[0].fpu_fpnew.genblk3[0].fpnew_core.gen_operation_groups[1].i_opgroup_block.i_arbiter.gen_arbiter.gen_levels[2]	18	260	0	0	0	0	0	1	40896	40896	0,0,0,0,0,0,0,0,0,0,0,0,0,0,0,0,0,0,0,0,0,0,0,0,0,0,0,0,0,0,0,0,0,0,0,0,0,0,0,0	0,0,0,0,0,0,0,0,0,0,0,0,0,0,0,0,0,0,0,0,0,0,0,0,0,0,0,1,0,0,0,0,0,0,0,0,0,0,0,0	2	0	0	0	0	1	40896	40896	0,0,0,0,0,0,0,0,0,0,0,0,0,0,0,0,0,0,0,0,0,0,0,0,0,0,0,0,0,0,0,0,0,0,0,0,0,0,0,0	0,0,0,0,0,0,0,0,0,0,0,0,0,0,0,0,0,0,0,0,0,0,0,0,0,0,0,1,0,0,0,0,0,0,0,0,0,0,0,0
tb.dut.clusters[0].cluster.sockets[0].socket.cores[0].core.execute.fpu_unit.genblk1[0].fpu_fpnew.genblk3[0].fpnew_core.gen_operation_groups[1].i_opgroup_block.i_arbiter.gen_arbiter.gen_levels[2].gen_level[0]	19	65	0	0	0	0	0	1	40896	40896	0,0,0,0,0,0,0,0,0,0,0,0,0,0,0,0,0,0,0,0,0,0,0,0,0,0,0,0,0,0,0,0,0,0,0,0,0,0,0,0	0,0,0,0,0,0,0,0,0,0,0,0,0,0,0,0,0,0,0,0,0,0,0,0,0,0,0,1,0,0,0,0,0,0,0,0,0,0,0,0	2	0	0	0	0	1	40896	40896	0,0,0,0,0,0,0,0,0,0,0,0,0,0,0,0,0,0,0,0,0,0,0,0,0,0,0,0,0,0,0,0,0,0,0,0,0,0,0,0	0,0,0,0,0,0,0,0,0,0,0,0,0,0,0,0,0,0,0,0,0,0,0,0,0,0,0,1,0,0,0,0,0,0,0,0,0,0,0,0
tb.dut.clusters[0].cluster.sockets[0].socket.cores[0].core.execute.fpu_unit.genblk1[0].fpu_fpnew.genblk3[0].fpnew_core.gen_operation_groups[1].i_opgroup_block.i_arbiter.gen_arbiter.gen_levels[2].gen_level[1]	19	65	0	0	0	0	0	1	40896	40896	0,0,0,0,0,0,0,0,0,0,0,0,0,0,0,0,0,0,0,0,0,0,0,0,0,0,0,0,0,0,0,0,0,0,0,0,0,0,0,0	0,0,0,0,0,0,0,0,0,0,0,0,0,0,0,0,0,0,0,0,0,0,0,0,0,0,0,1,0,0,0,0,0,0,0,0,0,0,0,0	2	0	0	0	0	1	40896	40896	0,0,0,0,0,0,0,0,0,0,0,0,0,0,0,0,0,0,0,0,0,0,0,0,0,0,0,0,0,0,0,0,0,0,0,0,0,0,0,0	0,0,0,0,0,0,0,0,0,0,0,0,0,0,0,0,0,0,0,0,0,0,0,0,0,0,0,1,0,0,0,0,0,0,0,0,0,0,0,0
tb.dut.clusters[0].cluster.sockets[0].socket.cores[0].core.execute.fpu_unit.genblk1[0].fpu_fpnew.genblk3[0].fpnew_core.gen_operation_groups[1].i_opgroup_block.i_arbiter.gen_arbiter.gen_levels[2].gen_level[2]	19	65	0	0	0	0	0	1	40896	40896	0,0,0,0,0,0,0,0,0,0,0,0,0,0,0,0,0,0,0,0,0,0,0,0,0,0,0,0,0,0,0,0,0,0,0,0,0,0,0,0	0,0,0,0,0,0,0,0,0,0,0,0,0,0,0,0,0,0,0,0,0,0,0,0,0,0,0,1,0,0,0,0,0,0,0,0,0,0,0,0	2	0	0	0	0	1	40896	40896	0,0,0,0,0,0,0,0,0,0,0,0,0,0,0,0,0,0,0,0,0,0,0,0,0,0,0,0,0,0,0,0,0,0,0,0,0,0,0,0	0,0,0,0,0,0,0,0,0,0,0,0,0,0,0,0,0,0,0,0,0,0,0,0,0,0,0,1,0,0,0,0,0,0,0,0,0,0,0,0
tb.dut.clusters[0].cluster.sockets[0].socket.cores[0].core.execute.fpu_unit.genblk1[0].fpu_fpnew.genblk3[0].fpnew_core.gen_operation_groups[1].i_opgroup_block.i_arbiter.gen_arbiter.gen_levels[2].gen_level[3]	19	65	0	0	0	0	0	1	40896	40896	0,0,0,0,0,0,0,0,0,0,0,0,0,0,0,0,0,0,0,0,0,0,0,0,0,0,0,0,0,0,0,0,0,0,0,0,0,0,0,0	0,0,0,0,0,0,0,0,0,0,0,0,0,0,0,0,0,0,0,0,0,0,0,0,0,0,0,1,0,0,0,0,0,0,0,0,0,0,0,0	2	0	0	0	0	1	40896	40896	0,0,0,0,0,0,0,0,0,0,0,0,0,0,0,0,0,0,0,0,0,0,0,0,0,0,0,0,0,0,0,0,0,0,0,0,0,0,0,0	0,0,0,0,0,0,0,0,0,0,0,0,0,0,0,0,0,0,0,0,0,0,0,0,0,0,0,1,0,0,0,0,0,0,0,0,0,0,0,0
tb.dut.clusters[0].cluster.sockets[0].socket.cores[0].core.execute.fpu_unit.genblk1[0].fpu_fpnew.genblk3[0].fpnew_core.gen_operation_groups[2]	14	4265	21	2	2	2	1	3	40894	40872	2,0,0,0,0,0,0,0,0,0,0,0,0,0,0,0,0,0,0,0,0,0,0,0,0,0,0,0,0,0,0,0,0,0,0,0,0,0,0,0	0,0,1,0,0,0,0,0,0,0,0,0,0,0,0,0,1,0,0,0,0,0,0,0,0,0,0,1,0,0,0,0,0,0,0,0,0,0,0,0	22	0	0	0	0	1	40896	40896	0,0,0,0,0,0,0,0,0,0,0,0,0,0,0,0,0,0,0,0,0,0,0,0,0,0,0,0,0,0,0,0,0,0,0,0,0,0,0,0	0,0,0,0,0,0,0,0,0,0,0,0,0,0,0,0,0,0,0,0,0,0,0,0,0,0,0,1,0,0,0,0,0,0,0,0,0,0,0,0
tb.dut.clusters[0].cluster.sockets[0].socket.cores[0].core.execute.fpu_unit.genblk1[0].fpu_fpnew.genblk3[0].fpnew_core.gen_operation_groups[2].i_opgroup_block	15	4222	21	2	2	2	1	3	40894	40872	2,0,0,0,0,0,0,0,0,0,0,0,0,0,0,0,0,0,0,0,0,0,0,0,0,0,0,0,0,0,0,0,0,0,0,0,0,0,0,0	0,0,1,0,0,0,0,0,0,0,0,0,0,0,0,0,1,0,0,0,0,0,0,0,0,0,0,1,0,0,0,0,0,0,0,0,0,0,0,0	22	0	0	0	0	1	40896	40896	0,0,0,0,0,0,0,0,0,0,0,0,0,0,0,0,0,0,0,0,0,0,0,0,0,0,0,0,0,0,0,0,0,0,0,0,0,0,0,0	0,0,0,0,0,0,0,0,0,0,0,0,0,0,0,0,0,0,0,0,0,0,0,0,0,0,0,1,0,0,0,0,0,0,0,0,0,0,0,0
tb.dut.clusters[0].cluster.sockets[0].socket.cores[0].core.execute.fpu_unit.genblk1[0].fpu_fpnew.genblk3[0].fpnew_core.gen_operation_groups[2].i_opgroup_block.gen_parallel_slices[0]	16	1958	13	2	2	2	1	3	40894	40872	2,0,0,0,0,0,0,0,0,0,0,0,0,0,0,0,0,0,0,0,0,0,0,0,0,0,0,0,0,0,0,0,0,0,0,0,0,0,0,0	0,0,1,0,0,0,0,0,0,0,0,0,0,0,0,0,1,0,0,0,0,0,0,0,0,0,0,1,0,0,0,0,0,0,0,0,0,0,0,0	10	0	0	0	0	1	40896	40896	0,0,0,0,0,0,0,0,0,0,0,0,0,0,0,0,0,0,0,0,0,0,0,0,0,0,0,0,0,0,0,0,0,0,0,0,0,0,0,0	0,0,0,0,0,0,0,0,0,0,0,0,0,0,0,0,0,0,0,0,0,0,0,0,0,0,0,1,0,0,0,0,0,0,0,0,0,0,0,0
tb.dut.clusters[0].cluster.sockets[0].socket.cores[0].core.execute.fpu_unit.genblk1[0].fpu_fpnew.genblk3[0].fpnew_core.gen_operation_groups[2].i_opgroup_block.gen_parallel_slices[0].active_format	17	1956	13	2	2	2	1	3	40894	40872	2,0,0,0,0,0,0,0,0,0,0,0,0,0,0,0,0,0,0,0,0,0,0,0,0,0,0,0,0,0,0,0,0,0,0,0,0,0,0,0	0,0,1,0,0,0,0,0,0,0,0,0,0,0,0,0,1,0,0,0,0,0,0,0,0,0,0,1,0,0,0,0,0,0,0,0,0,0,0,0	10	0	0	0	0	1	40896	40896	0,0,0,0,0,0,0,0,0,0,0,0,0,0,0,0,0,0,0,0,0,0,0,0,0,0,0,0,0,0,0,0,0,0,0,0,0,0,0,0	0,0,0,0,0,0,0,0,0,0,0,0,0,0,0,0,0,0,0,0,0,0,0,0,0,0,0,1,0,0,0,0,0,0,0,0,0,0,0,0
tb.dut.clusters[0].cluster.sockets[0].socket.cores[0].core.execute.fpu_unit.genblk1[0].fpu_fpnew.genblk3[0].fpnew_core.gen_operation_groups[2].i_opgroup_block.gen_parallel_slices[0].active_format.i_fmt_slice	18	1922	13	2	2	2	1	3	40894	40872	2,0,0,0,0,0,0,0,0,0,0,0,0,0,0,0,0,0,0,0,0,0,0,0,0,0,0,0,0,0,0,0,0,0,0,0,0,0,0,0	0,0,1,0,0,0,0,0,0,0,0,0,0,0,0,0,1,0,0,0,0,0,0,0,0,0,0,1,0,0,0,0,0,0,0,0,0,0,0,0	10	0	0	0	0	1	40896	40896	0,0,0,0,0,0,0,0,0,0,0,0,0,0,0,0,0,0,0,0,0,0,0,0,0,0,0,0,0,0,0,0,0,0,0,0,0,0,0,0	0,0,0,0,0,0,0,0,0,0,0,0,0,0,0,0,0,0,0,0,0,0,0,0,0,0,0,1,0,0,0,0,0,0,0,0,0,0,0,0
tb.dut.clusters[0].cluster.sockets[0].socket.cores[0].core.execute.fpu_unit.genblk1[0].fpu_fpnew.genblk3[0].fpnew_core.gen_operation_groups[2].i_opgroup_block.gen_parallel_slices[0].active_format.i_fmt_slice.gen_num_lanes[0]	19	1343	6	2	2	2	1	3	40894	40872	2,0,0,0,0,0,0,0,0,0,0,0,0,0,0,0,0,0,0,0,0,0,0,0,0,0,0,0,0,0,0,0,0,0,0,0,0,0,0,0	0,0,1,0,0,0,0,0,0,0,0,0,0,0,0,0,1,0,0,0,0,0,0,0,0,0,0,1,0,0,0,0,0,0,0,0,0,0,0,0	7	0	0	0	0	1	40896	40896	0,0,0,0,0,0,0,0,0,0,0,0,0,0,0,0,0,0,0,0,0,0,0,0,0,0,0,0,0,0,0,0,0,0,0,0,0,0,0,0	0,0,0,0,0,0,0,0,0,0,0,0,0,0,0,0,0,0,0,0,0,0,0,0,0,0,0,1,0,0,0,0,0,0,0,0,0,0,0,0
tb.dut.clusters[0].cluster.sockets[0].socket.cores[0].core.execute.fpu_unit.genblk1[0].fpu_fpnew.genblk3[0].fpnew_core.gen_operation_groups[2].i_opgroup_block.gen_parallel_slices[0].active_format.i_fmt_slice.gen_num_lanes[0].active_lane	20	1310	6	2	2	2	1	3	40894	40872	2,0,0,0,0,0,0,0,0,0,0,0,0,0,0,0,0,0,0,0,0,0,0,0,0,0,0,0,0,0,0,0,0,0,0,0,0,0,0,0	0,0,1,0,0,0,0,0,0,0,0,0,0,0,0,0,1,0,0,0,0,0,0,0,0,0,0,1,0,0,0,0,0,0,0,0,0,0,0,0	7	0	0	0	0	1	40896	40896	0,0,0,0,0,0,0,0,0,0,0,0,0,0,0,0,0,0,0,0,0,0,0,0,0,0,0,0,0,0,0,0,0,0,0,0,0,0,0,0	0,0,0,0,0,0,0,0,0,0,0,0,0,0,0,0,0,0,0,0,0,0,0,0,0,0,0,1,0,0,0,0,0,0,0,0,0,0,0,0
tb.dut.clusters[0].cluster.sockets[0].socket.cores[0].core.execute.fpu_unit.genblk1[0].fpu_fpnew.genblk3[0].fpnew_core.gen_operation_groups[2].i_opgroup_block.gen_parallel_slices[0].active_format.i_fmt_slice.gen_num_lanes[0].active_lane.lane_instance	21	1206	6	2	2	2	1	3	40894	40872	2,0,0,0,0,0,0,0,0,0,0,0,0,0,0,0,0,0,0,0,0,0,0,0,0,0,0,0,0,0,0,0,0,0,0,0,0,0,0,0	0,0,1,0,0,0,0,0,0,0,0,0,0,0,0,0,1,0,0,0,0,0,0,0,0,0,0,1,0,0,0,0,0,0,0,0,0,0,0,0	7	0	0	0	0	1	40896	40896	0,0,0,0,0,0,0,0,0,0,0,0,0,0,0,0,0,0,0,0,0,0,0,0,0,0,0,0,0,0,0,0,0,0,0,0,0,0,0,0	0,0,0,0,0,0,0,0,0,0,0,0,0,0,0,0,0,0,0,0,0,0,0,0,0,0,0,1,0,0,0,0,0,0,0,0,0,0,0,0
tb.dut.clusters[0].cluster.sockets[0].socket.cores[0].core.execute.fpu_unit.genblk1[0].fpu_fpnew.genblk3[0].fpnew_core.gen_operation_groups[2].i_opgroup_block.gen_parallel_slices[0].active_format.i_fmt_slice.gen_num_lanes[0].active_lane.lane_instance.i_noncomp	22	1206	6	2	2	2	1	3	40894	40872	2,0,0,0,0,0,0,0,0,0,0,0,0,0,0,0,0,0,0,0,0,0,0,0,0,0,0,0,0,0,0,0,0,0,0,0,0,0,0,0	0,0,1,0,0,0,0,0,0,0,0,0,0,0,0,0,1,0,0,0,0,0,0,0,0,0,0,1,0,0,0,0,0,0,0,0,0,0,0,0	7	0	0	0	0	1	40896	40896	0,0,0,0,0,0,0,0,0,0,0,0,0,0,0,0,0,0,0,0,0,0,0,0,0,0,0,0,0,0,0,0,0,0,0,0,0,0,0,0	0,0,0,0,0,0,0,0,0,0,0,0,0,0,0,0,0,0,0,0,0,0,0,0,0,0,0,1,0,0,0,0,0,0,0,0,0,0,0,0
tb.dut.clusters[0].cluster.sockets[0].socket.cores[0].core.execute.fpu_unit.genblk1[0].fpu_fpnew.genblk3[0].fpnew_core.gen_operation_groups[2].i_opgroup_block.gen_parallel_slices[0].active_format.i_fmt_slice.gen_num_lanes[0].active_lane.lane_instance.i_noncomp.gen_input_pipeline[0]	23	1	0	0	0	0	0	1	40896	40896	0,0,0,0,0,0,0,0,0,0,0,0,0,0,0,0,0,0,0,0,0,0,0,0,0,0,0,0,0,0,0,0,0,0,0,0,0,0,0,0	0,0,0,0,0,0,0,0,0,0,0,0,0,0,0,0,0,0,0,0,0,0,0,0,0,0,0,1,0,0,0,0,0,0,0,0,0,0,0,0	2	0	0	0	0	1	40896	40896	0,0,0,0,0,0,0,0,0,0,0,0,0,0,0,0,0,0,0,0,0,0,0,0,0,0,0,0,0,0,0,0,0,0,0,0,0,0,0,0	0,0,0,0,0,0,0,0,0,0,0,0,0,0,0,0,0,0,0,0,0,0,0,0,0,0,0,1,0,0,0,0,0,0,0,0,0,0,0,0
tb.dut.clusters[0].cluster.sockets[0].socket.cores[0].core.execute.fpu_unit.genblk1[0].fpu_fpnew.genblk3[0].fpnew_core.gen_operation_groups[2].i_opgroup_block.gen_parallel_slices[0].active_format.i_fmt_slice.gen_num_lanes[0].active_lane.lane_instance.i_noncomp.gen_output_pipeline[0]	23	1	0	0	0	0	0	1	40896	40896	0,0,0,0,0,0,0,0,0,0,0,0,0,0,0,0,0,0,0,0,0,0,0,0,0,0,0,0,0,0,0,0,0,0,0,0,0,0,0,0	0,0,0,0,0,0,0,0,0,0,0,0,0,0,0,0,0,0,0,0,0,0,0,0,0,0,0,1,0,0,0,0,0,0,0,0,0,0,0,0	2	0	0	0	0	1	40896	40896	0,0,0,0,0,0,0,0,0,0,0,0,0,0,0,0,0,0,0,0,0,0,0,0,0,0,0,0,0,0,0,0,0,0,0,0,0,0,0,0	0,0,0,0,0,0,0,0,0,0,0,0,0,0,0,0,0,0,0,0,0,0,0,0,0,0,0,1,0,0,0,0,0,0,0,0,0,0,0,0
tb.dut.clusters[0].cluster.sockets[0].socket.cores[0].core.execute.fpu_unit.genblk1[0].fpu_fpnew.genblk3[0].fpnew_core.gen_operation_groups[2].i_opgroup_block.gen_parallel_slices[0].active_format.i_fmt_slice.gen_num_lanes[0].active_lane.lane_instance.i_noncomp.i_class_a	23	293	0	0	0	0	0	1	40896	40896	0,0,0,0,0,0,0,0,0,0,0,0,0,0,0,0,0,0,0,0,0,0,0,0,0,0,0,0,0,0,0,0,0,0,0,0,0,0,0,0	0,0,0,0,0,0,0,0,0,0,0,0,0,0,0,0,0,0,0,0,0,0,0,0,0,0,0,1,0,0,0,0,0,0,0,0,0,0,0,0	2	0	0	0	0	1	40896	40896	0,0,0,0,0,0,0,0,0,0,0,0,0,0,0,0,0,0,0,0,0,0,0,0,0,0,0,0,0,0,0,0,0,0,0,0,0,0,0,0	0,0,0,0,0,0,0,0,0,0,0,0,0,0,0,0,0,0,0,0,0,0,0,0,0,0,0,1,0,0,0,0,0,0,0,0,0,0,0,0
tb.dut.clusters[0].cluster.sockets[0].socket.cores[0].core.execute.fpu_unit.genblk1[0].fpu_fpnew.genblk3[0].fpnew_core.gen_operation_groups[2].i_opgroup_block.gen_parallel_slices[0].active_format.i_fmt_slice.gen_num_lanes[0].active_lane.lane_instance.i_noncomp.i_class_a.gen_num_values[0]	24	40	0	0	0	0	0	1	40896	40896	0,0,0,0,0,0,0,0,0,0,0,0,0,0,0,0,0,0,0,0,0,0,0,0,0,0,0,0,0,0,0,0,0,0,0,0,0,0,0,0	0,0,0,0,0,0,0,0,0,0,0,0,0,0,0,0,0,0,0,0,0,0,0,0,0,0,0,1,0,0,0,0,0,0,0,0,0,0,0,0	2	0	0	0	0	1	40896	40896	0,0,0,0,0,0,0,0,0,0,0,0,0,0,0,0,0,0,0,0,0,0,0,0,0,0,0,0,0,0,0,0,0,0,0,0,0,0,0,0	0,0,0,0,0,0,0,0,0,0,0,0,0,0,0,0,0,0,0,0,0,0,0,0,0,0,0,1,0,0,0,0,0,0,0,0,0,0,0,0
tb.dut.clusters[0].cluster.sockets[0].socket.cores[0].core.execute.fpu_unit.genblk1[0].fpu_fpnew.genblk3[0].fpnew_core.gen_operation_groups[2].i_opgroup_block.gen_parallel_slices[0].active_format.i_fmt_slice.gen_num_lanes[0].active_lane.lane_instance.i_noncomp.i_class_a.gen_num_values[1]	24	40	0	0	0	0	0	1	40896	40896	0,0,0,0,0,0,0,0,0,0,0,0,0,0,0,0,0,0,0,0,0,0,0,0,0,0,0,0,0,0,0,0,0,0,0,0,0,0,0,0	0,0,0,0,0,0,0,0,0,0,0,0,0,0,0,0,0,0,0,0,0,0,0,0,0,0,0,1,0,0,0,0,0,0,0,0,0,0,0,0	2	0	0	0	0	1	40896	40896	0,0,0,0,0,0,0,0,0,0,0,0,0,0,0,0,0,0,0,0,0,0,0,0,0,0,0,0,0,0,0,0,0,0,0,0,0,0,0,0	0,0,0,0,0,0,0,0,0,0,0,0,0,0,0,0,0,0,0,0,0,0,0,0,0,0,0,1,0,0,0,0,0,0,0,0,0,0,0,0
tb.dut.clusters[0].cluster.sockets[0].socket.cores[0].core.execute.fpu_unit.genblk1[0].fpu_fpnew.genblk3[0].fpnew_core.gen_operation_groups[2].i_opgroup_block.gen_parallel_slices[0].active_format.i_fmt_slice.gen_num_lanes[0].active_lane.lane_instance.i_noncomp.sign_injections	23	2	0	0	0	0	0	1	40896	40896	0,0,0,0,0,0,0,0,0,0,0,0,0,0,0,0,0,0,0,0,0,0,0,0,0,0,0,0,0,0,0,0,0,0,0,0,0,0,0,0	0,0,0,0,0,0,0,0,0,0,0,0,0,0,0,0,0,0,0,0,0,0,0,0,0,0,0,1,0,0,0,0,0,0,0,0,0,0,0,0	2	0	0	0	0	1	40896	40896	0,0,0,0,0,0,0,0,0,0,0,0,0,0,0,0,0,0,0,0,0,0,0,0,0,0,0,0,0,0,0,0,0,0,0,0,0,0,0,0	0,0,0,0,0,0,0,0,0,0,0,0,0,0,0,0,0,0,0,0,0,0,0,0,0,0,0,1,0,0,0,0,0,0,0,0,0,0,0,0
tb.dut.clusters[0].cluster.sockets[0].socket.cores[0].core.execute.fpu_unit.genblk1[0].fpu_fpnew.genblk3[0].fpnew_core.gen_operation_groups[2].i_opgroup_block.gen_parallel_slices[1]	16	2	0	0	0	0	0	1	40896	40896	0,0,0,0,0,0,0,0,0,0,0,0,0,0,0,0,0,0,0,0,0,0,0,0,0,0,0,0,0,0,0,0,0,0,0,0,0,0,0,0	0,0,0,0,0,0,0,0,0,0,0,0,0,0,0,0,0,0,0,0,0,0,0,0,0,0,0,1,0,0,0,0,0,0,0,0,0,0,0,0	2	0	0	0	0	1	40896	40896	0,0,0,0,0,0,0,0,0,0,0,0,0,0,0,0,0,0,0,0,0,0,0,0,0,0,0,0,0,0,0,0,0,0,0,0,0,0,0,0	0,0,0,0,0,0,0,0,0,0,0,0,0,0,0,0,0,0,0,0,0,0,0,0,0,0,0,1,0,0,0,0,0,0,0,0,0,0,0,0
tb.dut.clusters[0].cluster.sockets[0].socket.cores[0].core.execute.fpu_unit.genblk1[0].fpu_fpnew.genblk3[0].fpnew_core.gen_operation_groups[2].i_opgroup_block.gen_parallel_slices[2]	16	2	0	0	0	0	0	1	40896	40896	0,0,0,0,0,0,0,0,0,0,0,0,0,0,0,0,0,0,0,0,0,0,0,0,0,0,0,0,0,0,0,0,0,0,0,0,0,0,0,0	0,0,0,0,0,0,0,0,0,0,0,0,0,0,0,0,0,0,0,0,0,0,0,0,0,0,0,1,0,0,0,0,0,0,0,0,0,0,0,0	2	0	0	0	0	1	40896	40896	0,0,0,0,0,0,0,0,0,0,0,0,0,0,0,0,0,0,0,0,0,0,0,0,0,0,0,0,0,0,0,0,0,0,0,0,0,0,0,0	0,0,0,0,0,0,0,0,0,0,0,0,0,0,0,0,0,0,0,0,0,0,0,0,0,0,0,1,0,0,0,0,0,0,0,0,0,0,0,0
tb.dut.clusters[0].cluster.sockets[0].socket.cores[0].core.execute.fpu_unit.genblk1[0].fpu_fpnew.genblk3[0].fpnew_core.gen_operation_groups[2].i_opgroup_block.gen_parallel_slices[3]	16	2	0	0	0	0	0	1	40896	40896	0,0,0,0,0,0,0,0,0,0,0,0,0,0,0,0,0,0,0,0,0,0,0,0,0,0,0,0,0,0,0,0,0,0,0,0,0,0,0,0	0,0,0,0,0,0,0,0,0,0,0,0,0,0,0,0,0,0,0,0,0,0,0,0,0,0,0,1,0,0,0,0,0,0,0,0,0,0,0,0	2	0	0	0	0	1	40896	40896	0,0,0,0,0,0,0,0,0,0,0,0,0,0,0,0,0,0,0,0,0,0,0,0,0,0,0,0,0,0,0,0,0,0,0,0,0,0,0,0	0,0,0,0,0,0,0,0,0,0,0,0,0,0,0,0,0,0,0,0,0,0,0,0,0,0,0,1,0,0,0,0,0,0,0,0,0,0,0,0
tb.dut.clusters[0].cluster.sockets[0].socket.cores[0].core.execute.fpu_unit.genblk1[0].fpu_fpnew.genblk3[0].fpnew_core.gen_operation_groups[2].i_opgroup_block.gen_parallel_slices[4]	16	2	0	0	0	0	0	1	40896	40896	0,0,0,0,0,0,0,0,0,0,0,0,0,0,0,0,0,0,0,0,0,0,0,0,0,0,0,0,0,0,0,0,0,0,0,0,0,0,0,0	0,0,0,0,0,0,0,0,0,0,0,0,0,0,0,0,0,0,0,0,0,0,0,0,0,0,0,1,0,0,0,0,0,0,0,0,0,0,0,0	2	0	0	0	0	1	40896	40896	0,0,0,0,0,0,0,0,0,0,0,0,0,0,0,0,0,0,0,0,0,0,0,0,0,0,0,0,0,0,0,0,0,0,0,0,0,0,0,0	0,0,0,0,0,0,0,0,0,0,0,0,0,0,0,0,0,0,0,0,0,0,0,0,0,0,0,1,0,0,0,0,0,0,0,0,0,0,0,0
tb.dut.clusters[0].cluster.sockets[0].socket.cores[0].core.execute.fpu_unit.genblk1[0].fpu_fpnew.genblk3[0].fpnew_core.gen_operation_groups[2].i_opgroup_block.i_arbiter	16	1510	4	2	2	2	1	3	40894	40872	2,0,0,0,0,0,0,0,0,0,0,0,0,0,0,0,0,0,0,0,0,0,0,0,0,0,0,0,0,0,0,0,0,0,0,0,0,0,0,0	0,0,1,0,0,0,0,0,0,0,0,0,0,0,0,0,1,0,0,0,0,0,0,0,0,0,0,1,0,0,0,0,0,0,0,0,0,0,0,0	8	0	0	0	0	1	40896	40896	0,0,0,0,0,0,0,0,0,0,0,0,0,0,0,0,0,0,0,0,0,0,0,0,0,0,0,0,0,0,0,0,0,0,0,0,0,0,0,0	0,0,0,0,0,0,0,0,0,0,0,0,0,0,0,0,0,0,0,0,0,0,0,0,0,0,0,1,0,0,0,0,0,0,0,0,0,0,0,0
tb.dut.clusters[0].cluster.sockets[0].socket.cores[0].core.execute.fpu_unit.genblk1[0].fpu_fpnew.genblk3[0].fpnew_core.gen_operation_groups[2].i_opgroup_block.i_arbiter.gen_arbiter	17	1150	0	0	0	0	0	1	40896	40896	0,0,0,0,0,0,0,0,0,0,0,0,0,0,0,0,0,0,0,0,0,0,0,0,0,0,0,0,0,0,0,0,0,0,0,0,0,0,0,0	0,0,0,0,0,0,0,0,0,0,0,0,0,0,0,0,0,0,0,0,0,0,0,0,0,0,0,1,0,0,0,0,0,0,0,0,0,0,0,0	6	0	0	0	0	1	40896	40896	0,0,0,0,0,0,0,0,0,0,0,0,0,0,0,0,0,0,0,0,0,0,0,0,0,0,0,0,0,0,0,0,0,0,0,0,0,0,0,0	0,0,0,0,0,0,0,0,0,0,0,0,0,0,0,0,0,0,0,0,0,0,0,0,0,0,0,1,0,0,0,0,0,0,0,0,0,0,0,0
tb.dut.clusters[0].cluster.sockets[0].socket.cores[0].core.execute.fpu_unit.genblk1[0].fpu_fpnew.genblk3[0].fpnew_core.gen_operation_groups[2].i_opgroup_block.i_arbiter.gen_arbiter.gen_int_rr	18	340	0	0	0	0	0	1	40896	40896	0,0,0,0,0,0,0,0,0,0,0,0,0,0,0,0,0,0,0,0,0,0,0,0,0,0,0,0,0,0,0,0,0,0,0,0,0,0,0,0	0,0,0,0,0,0,0,0,0,0,0,0,0,0,0,0,0,0,0,0,0,0,0,0,0,0,0,1,0,0,0,0,0,0,0,0,0,0,0,0	2	0	0	0	0	1	40896	40896	0,0,0,0,0,0,0,0,0,0,0,0,0,0,0,0,0,0,0,0,0,0,0,0,0,0,0,0,0,0,0,0,0,0,0,0,0,0,0,0	0,0,0,0,0,0,0,0,0,0,0,0,0,0,0,0,0,0,0,0,0,0,0,0,0,0,0,1,0,0,0,0,0,0,0,0,0,0,0,0
tb.dut.clusters[0].cluster.sockets[0].socket.cores[0].core.execute.fpu_unit.genblk1[0].fpu_fpnew.genblk3[0].fpnew_core.gen_operation_groups[2].i_opgroup_block.i_arbiter.gen_arbiter.gen_int_rr.gen_fair_arb	19	337	0	0	0	0	0	1	40896	40896	0,0,0,0,0,0,0,0,0,0,0,0,0,0,0,0,0,0,0,0,0,0,0,0,0,0,0,0,0,0,0,0,0,0,0,0,0,0,0,0	0,0,0,0,0,0,0,0,0,0,0,0,0,0,0,0,0,0,0,0,0,0,0,0,0,0,0,1,0,0,0,0,0,0,0,0,0,0,0,0	2	0	0	0	0	1	40896	40896	0,0,0,0,0,0,0,0,0,0,0,0,0,0,0,0,0,0,0,0,0,0,0,0,0,0,0,0,0,0,0,0,0,0,0,0,0,0,0,0	0,0,0,0,0,0,0,0,0,0,0,0,0,0,0,0,0,0,0,0,0,0,0,0,0,0,0,1,0,0,0,0,0,0,0,0,0,0,0,0
tb.dut.clusters[0].cluster.sockets[0].socket.cores[0].core.execute.fpu_unit.genblk1[0].fpu_fpnew.genblk3[0].fpnew_core.gen_operation_groups[2].i_opgroup_block.i_arbiter.gen_arbiter.gen_int_rr.gen_fair_arb.i_lzc_lower	20	158	0	0	0	0	0	1	40896	40896	0,0,0,0,0,0,0,0,0,0,0,0,0,0,0,0,0,0,0,0,0,0,0,0,0,0,0,0,0,0,0,0,0,0,0,0,0,0,0,0	0,0,0,0,0,0,0,0,0,0,0,0,0,0,0,0,0,0,0,0,0,0,0,0,0,0,0,1,0,0,0,0,0,0,0,0,0,0,0,0	2	0	0	0	0	1	40896	40896	0,0,0,0,0,0,0,0,0,0,0,0,0,0,0,0,0,0,0,0,0,0,0,0,0,0,0,0,0,0,0,0,0,0,0,0,0,0,0,0	0,0,0,0,0,0,0,0,0,0,0,0,0,0,0,0,0,0,0,0,0,0,0,0,0,0,0,1,0,0,0,0,0,0,0,0,0,0,0,0
tb.dut.clusters[0].cluster.sockets[0].socket.cores[0].core.execute.fpu_unit.genblk1[0].fpu_fpnew.genblk3[0].fpnew_core.gen_operation_groups[2].i_opgroup_block.i_arbiter.gen_arbiter.gen_int_rr.gen_fair_arb.i_lzc_lower.gen_lzc	21	84	0	0	0	0	0	1	40896	40896	0,0,0,0,0,0,0,0,0,0,0,0,0,0,0,0,0,0,0,0,0,0,0,0,0,0,0,0,0,0,0,0,0,0,0,0,0,0,0,0	0,0,0,0,0,0,0,0,0,0,0,0,0,0,0,0,0,0,0,0,0,0,0,0,0,0,0,1,0,0,0,0,0,0,0,0,0,0,0,0	2	0	0	0	0	1	40896	40896	0,0,0,0,0,0,0,0,0,0,0,0,0,0,0,0,0,0,0,0,0,0,0,0,0,0,0,0,0,0,0,0,0,0,0,0,0,0,0,0	0,0,0,0,0,0,0,0,0,0,0,0,0,0,0,0,0,0,0,0,0,0,0,0,0,0,0,1,0,0,0,0,0,0,0,0,0,0,0,0
tb.dut.clusters[0].cluster.sockets[0].socket.cores[0].core.execute.fpu_unit.genblk1[0].fpu_fpnew.genblk3[0].fpnew_core.gen_operation_groups[2].i_opgroup_block.i_arbiter.gen_arbiter.gen_int_rr.gen_fair_arb.i_lzc_upper	20	158	0	0	0	0	0	1	40896	40896	0,0,0,0,0,0,0,0,0,0,0,0,0,0,0,0,0,0,0,0,0,0,0,0,0,0,0,0,0,0,0,0,0,0,0,0,0,0,0,0	0,0,0,0,0,0,0,0,0,0,0,0,0,0,0,0,0,0,0,0,0,0,0,0,0,0,0,1,0,0,0,0,0,0,0,0,0,0,0,0	2	0	0	0	0	1	40896	40896	0,0,0,0,0,0,0,0,0,0,0,0,0,0,0,0,0,0,0,0,0,0,0,0,0,0,0,0,0,0,0,0,0,0,0,0,0,0,0,0	0,0,0,0,0,0,0,0,0,0,0,0,0,0,0,0,0,0,0,0,0,0,0,0,0,0,0,1,0,0,0,0,0,0,0,0,0,0,0,0
tb.dut.clusters[0].cluster.sockets[0].socket.cores[0].core.execute.fpu_unit.genblk1[0].fpu_fpnew.genblk3[0].fpnew_core.gen_operation_groups[2].i_opgroup_block.i_arbiter.gen_arbiter.gen_int_rr.gen_fair_arb.i_lzc_upper.gen_lzc	21	84	0	0	0	0	0	1	40896	40896	0,0,0,0,0,0,0,0,0,0,0,0,0,0,0,0,0,0,0,0,0,0,0,0,0,0,0,0,0,0,0,0,0,0,0,0,0,0,0,0	0,0,0,0,0,0,0,0,0,0,0,0,0,0,0,0,0,0,0,0,0,0,0,0,0,0,0,1,0,0,0,0,0,0,0,0,0,0,0,0	2	0	0	0	0	1	40896	40896	0,0,0,0,0,0,0,0,0,0,0,0,0,0,0,0,0,0,0,0,0,0,0,0,0,0,0,0,0,0,0,0,0,0,0,0,0,0,0,0	0,0,0,0,0,0,0,0,0,0,0,0,0,0,0,0,0,0,0,0,0,0,0,0,0,0,0,1,0,0,0,0,0,0,0,0,0,0,0,0
tb.dut.clusters[0].cluster.sockets[0].socket.cores[0].core.execute.fpu_unit.genblk1[0].fpu_fpnew.genblk3[0].fpnew_core.gen_operation_groups[2].i_opgroup_block.i_arbiter.gen_arbiter.gen_levels[0]	18	65	0	0	0	0	0	1	40896	40896	0,0,0,0,0,0,0,0,0,0,0,0,0,0,0,0,0,0,0,0,0,0,0,0,0,0,0,0,0,0,0,0,0,0,0,0,0,0,0,0	0,0,0,0,0,0,0,0,0,0,0,0,0,0,0,0,0,0,0,0,0,0,0,0,0,0,0,1,0,0,0,0,0,0,0,0,0,0,0,0	2	0	0	0	0	1	40896	40896	0,0,0,0,0,0,0,0,0,0,0,0,0,0,0,0,0,0,0,0,0,0,0,0,0,0,0,0,0,0,0,0,0,0,0,0,0,0,0,0	0,0,0,0,0,0,0,0,0,0,0,0,0,0,0,0,0,0,0,0,0,0,0,0,0,0,0,1,0,0,0,0,0,0,0,0,0,0,0,0
tb.dut.clusters[0].cluster.sockets[0].socket.cores[0].core.execute.fpu_unit.genblk1[0].fpu_fpnew.genblk3[0].fpnew_core.gen_operation_groups[2].i_opgroup_block.i_arbiter.gen_arbiter.gen_levels[0].gen_level[0]	19	65	0	0	0	0	0	1	40896	40896	0,0,0,0,0,0,0,0,0,0,0,0,0,0,0,0,0,0,0,0,0,0,0,0,0,0,0,0,0,0,0,0,0,0,0,0,0,0,0,0	0,0,0,0,0,0,0,0,0,0,0,0,0,0,0,0,0,0,0,0,0,0,0,0,0,0,0,1,0,0,0,0,0,0,0,0,0,0,0,0	2	0	0	0	0	1	40896	40896	0,0,0,0,0,0,0,0,0,0,0,0,0,0,0,0,0,0,0,0,0,0,0,0,0,0,0,0,0,0,0,0,0,0,0,0,0,0,0,0	0,0,0,0,0,0,0,0,0,0,0,0,0,0,0,0,0,0,0,0,0,0,0,0,0,0,0,1,0,0,0,0,0,0,0,0,0,0,0,0
tb.dut.clusters[0].cluster.sockets[0].socket.cores[0].core.execute.fpu_unit.genblk1[0].fpu_fpnew.genblk3[0].fpnew_core.gen_operation_groups[2].i_opgroup_block.i_arbiter.gen_arbiter.gen_levels[1]	18	130	0	0	0	0	0	1	40896	40896	0,0,0,0,0,0,0,0,0,0,0,0,0,0,0,0,0,0,0,0,0,0,0,0,0,0,0,0,0,0,0,0,0,0,0,0,0,0,0,0	0,0,0,0,0,0,0,0,0,0,0,0,0,0,0,0,0,0,0,0,0,0,0,0,0,0,0,1,0,0,0,0,0,0,0,0,0,0,0,0	2	0	0	0	0	1	40896	40896	0,0,0,0,0,0,0,0,0,0,0,0,0,0,0,0,0,0,0,0,0,0,0,0,0,0,0,0,0,0,0,0,0,0,0,0,0,0,0,0	0,0,0,0,0,0,0,0,0,0,0,0,0,0,0,0,0,0,0,0,0,0,0,0,0,0,0,1,0,0,0,0,0,0,0,0,0,0,0,0
tb.dut.clusters[0].cluster.sockets[0].socket.cores[0].core.execute.fpu_unit.genblk1[0].fpu_fpnew.genblk3[0].fpnew_core.gen_operation_groups[2].i_opgroup_block.i_arbiter.gen_arbiter.gen_levels[1].gen_level[0]	19	65	0	0	0	0	0	1	40896	40896	0,0,0,0,0,0,0,0,0,0,0,0,0,0,0,0,0,0,0,0,0,0,0,0,0,0,0,0,0,0,0,0,0,0,0,0,0,0,0,0	0,0,0,0,0,0,0,0,0,0,0,0,0,0,0,0,0,0,0,0,0,0,0,0,0,0,0,1,0,0,0,0,0,0,0,0,0,0,0,0	2	0	0	0	0	1	40896	40896	0,0,0,0,0,0,0,0,0,0,0,0,0,0,0,0,0,0,0,0,0,0,0,0,0,0,0,0,0,0,0,0,0,0,0,0,0,0,0,0	0,0,0,0,0,0,0,0,0,0,0,0,0,0,0,0,0,0,0,0,0,0,0,0,0,0,0,1,0,0,0,0,0,0,0,0,0,0,0,0
tb.dut.clusters[0].cluster.sockets[0].socket.cores[0].core.execute.fpu_unit.genblk1[0].fpu_fpnew.genblk3[0].fpnew_core.gen_operation_groups[2].i_opgroup_block.i_arbiter.gen_arbiter.gen_levels[1].gen_level[1]	19	65	0	0	0	0	0	1	40896	40896	0,0,0,0,0,0,0,0,0,0,0,0,0,0,0,0,0,0,0,0,0,0,0,0,0,0,0,0,0,0,0,0,0,0,0,0,0,0,0,0	0,0,0,0,0,0,0,0,0,0,0,0,0,0,0,0,0,0,0,0,0,0,0,0,0,0,0,1,0,0,0,0,0,0,0,0,0,0,0,0	2	0	0	0	0	1	40896	40896	0,0,0,0,0,0,0,0,0,0,0,0,0,0,0,0,0,0,0,0,0,0,0,0,0,0,0,0,0,0,0,0,0,0,0,0,0,0,0,0	0,0,0,0,0,0,0,0,0,0,0,0,0,0,0,0,0,0,0,0,0,0,0,0,0,0,0,1,0,0,0,0,0,0,0,0,0,0,0,0
tb.dut.clusters[0].cluster.sockets[0].socket.cores[0].core.execute.fpu_unit.genblk1[0].fpu_fpnew.genblk3[0].fpnew_core.gen_operation_groups[2].i_opgroup_block.i_arbiter.gen_arbiter.gen_levels[2]	18	260	0	0	0	0	0	1	40896	40896	0,0,0,0,0,0,0,0,0,0,0,0,0,0,0,0,0,0,0,0,0,0,0,0,0,0,0,0,0,0,0,0,0,0,0,0,0,0,0,0	0,0,0,0,0,0,0,0,0,0,0,0,0,0,0,0,0,0,0,0,0,0,0,0,0,0,0,1,0,0,0,0,0,0,0,0,0,0,0,0	2	0	0	0	0	1	40896	40896	0,0,0,0,0,0,0,0,0,0,0,0,0,0,0,0,0,0,0,0,0,0,0,0,0,0,0,0,0,0,0,0,0,0,0,0,0,0,0,0	0,0,0,0,0,0,0,0,0,0,0,0,0,0,0,0,0,0,0,0,0,0,0,0,0,0,0,1,0,0,0,0,0,0,0,0,0,0,0,0
tb.dut.clusters[0].cluster.sockets[0].socket.cores[0].core.execute.fpu_unit.genblk1[0].fpu_fpnew.genblk3[0].fpnew_core.gen_operation_groups[2].i_opgroup_block.i_arbiter.gen_arbiter.gen_levels[2].gen_level[0]	19	65	0	0	0	0	0	1	40896	40896	0,0,0,0,0,0,0,0,0,0,0,0,0,0,0,0,0,0,0,0,0,0,0,0,0,0,0,0,0,0,0,0,0,0,0,0,0,0,0,0	0,0,0,0,0,0,0,0,0,0,0,0,0,0,0,0,0,0,0,0,0,0,0,0,0,0,0,1,0,0,0,0,0,0,0,0,0,0,0,0	2	0	0	0	0	1	40896	40896	0,0,0,0,0,0,0,0,0,0,0,0,0,0,0,0,0,0,0,0,0,0,0,0,0,0,0,0,0,0,0,0,0,0,0,0,0,0,0,0	0,0,0,0,0,0,0,0,0,0,0,0,0,0,0,0,0,0,0,0,0,0,0,0,0,0,0,1,0,0,0,0,0,0,0,0,0,0,0,0
tb.dut.clusters[0].cluster.sockets[0].socket.cores[0].core.execute.fpu_unit.genblk1[0].fpu_fpnew.genblk3[0].fpnew_core.gen_operation_groups[2].i_opgroup_block.i_arbiter.gen_arbiter.gen_levels[2].gen_level[1]	19	65	0	0	0	0	0	1	40896	40896	0,0,0,0,0,0,0,0,0,0,0,0,0,0,0,0,0,0,0,0,0,0,0,0,0,0,0,0,0,0,0,0,0,0,0,0,0,0,0,0	0,0,0,0,0,0,0,0,0,0,0,0,0,0,0,0,0,0,0,0,0,0,0,0,0,0,0,1,0,0,0,0,0,0,0,0,0,0,0,0	2	0	0	0	0	1	40896	40896	0,0,0,0,0,0,0,0,0,0,0,0,0,0,0,0,0,0,0,0,0,0,0,0,0,0,0,0,0,0,0,0,0,0,0,0,0,0,0,0	0,0,0,0,0,0,0,0,0,0,0,0,0,0,0,0,0,0,0,0,0,0,0,0,0,0,0,1,0,0,0,0,0,0,0,0,0,0,0,0
tb.dut.clusters[0].cluster.sockets[0].socket.cores[0].core.execute.fpu_unit.genblk1[0].fpu_fpnew.genblk3[0].fpnew_core.gen_operation_groups[2].i_opgroup_block.i_arbiter.gen_arbiter.gen_levels[2].gen_level[2]	19	65	0	0	0	0	0	1	40896	40896	0,0,0,0,0,0,0,0,0,0,0,0,0,0,0,0,0,0,0,0,0,0,0,0,0,0,0,0,0,0,0,0,0,0,0,0,0,0,0,0	0,0,0,0,0,0,0,0,0,0,0,0,0,0,0,0,0,0,0,0,0,0,0,0,0,0,0,1,0,0,0,0,0,0,0,0,0,0,0,0	2	0	0	0	0	1	40896	40896	0,0,0,0,0,0,0,0,0,0,0,0,0,0,0,0,0,0,0,0,0,0,0,0,0,0,0,0,0,0,0,0,0,0,0,0,0,0,0,0	0,0,0,0,0,0,0,0,0,0,0,0,0,0,0,0,0,0,0,0,0,0,0,0,0,0,0,1,0,0,0,0,0,0,0,0,0,0,0,0
tb.dut.clusters[0].cluster.sockets[0].socket.cores[0].core.execute.fpu_unit.genblk1[0].fpu_fpnew.genblk3[0].fpnew_core.gen_operation_groups[2].i_opgroup_block.i_arbiter.gen_arbiter.gen_levels[2].gen_level[3]	19	65	0	0	0	0	0	1	40896	40896	0,0,0,0,0,0,0,0,0,0,0,0,0,0,0,0,0,0,0,0,0,0,0,0,0,0,0,0,0,0,0,0,0,0,0,0,0,0,0,0	0,0,0,0,0,0,0,0,0,0,0,0,0,0,0,0,0,0,0,0,0,0,0,0,0,0,0,1,0,0,0,0,0,0,0,0,0,0,0,0	2	0	0	0	0	1	40896	40896	0,0,0,0,0,0,0,0,0,0,0,0,0,0,0,0,0,0,0,0,0,0,0,0,0,0,0,0,0,0,0,0,0,0,0,0,0,0,0,0	0,0,0,0,0,0,0,0,0,0,0,0,0,0,0,0,0,0,0,0,0,0,0,0,0,0,0,1,0,0,0,0,0,0,0,0,0,0,0,0
tb.dut.clusters[0].cluster.sockets[0].socket.cores[0].core.execute.fpu_unit.genblk1[0].fpu_fpnew.genblk3[0].fpnew_core.gen_operation_groups[3]	14	11074	16	2	2	2	1	3	40894	40872	2,0,0,0,0,0,0,0,0,0,0,0,0,0,0,0,0,0,0,0,0,0,0,0,0,0,0,0,0,0,0,0,0,0,0,0,0,0,0,0	0,0,1,0,0,0,0,0,0,0,0,0,0,0,0,0,1,0,0,0,0,0,0,0,0,0,0,1,0,0,0,0,0,0,0,0,0,0,0,0	56	0	0	0	0	1	40896	40896	0,0,0,0,0,0,0,0,0,0,0,0,0,0,0,0,0,0,0,0,0,0,0,0,0,0,0,0,0,0,0,0,0,0,0,0,0,0,0,0	0,0,0,0,0,0,0,0,0,0,0,0,0,0,0,0,0,0,0,0,0,0,0,0,0,0,0,1,0,0,0,0,0,0,0,0,0,0,0,0
tb.dut.clusters[0].cluster.sockets[0].socket.cores[0].core.execute.fpu_unit.genblk1[0].fpu_fpnew.genblk3[0].fpnew_core.gen_operation_groups[3].i_opgroup_block	15	11026	16	2	2	2	1	3	40894	40872	2,0,0,0,0,0,0,0,0,0,0,0,0,0,0,0,0,0,0,0,0,0,0,0,0,0,0,0,0,0,0,0,0,0,0,0,0,0,0,0	0,0,1,0,0,0,0,0,0,0,0,0,0,0,0,0,1,0,0,0,0,0,0,0,0,0,0,1,0,0,0,0,0,0,0,0,0,0,0,0	56	0	0	0	0	1	40896	40896	0,0,0,0,0,0,0,0,0,0,0,0,0,0,0,0,0,0,0,0,0,0,0,0,0,0,0,0,0,0,0,0,0,0,0,0,0,0,0,0	0,0,0,0,0,0,0,0,0,0,0,0,0,0,0,0,0,0,0,0,0,0,0,0,0,0,0,1,0,0,0,0,0,0,0,0,0,0,0,0
tb.dut.clusters[0].cluster.sockets[0].socket.cores[0].core.execute.fpu_unit.genblk1[0].fpu_fpnew.genblk3[0].fpnew_core.gen_operation_groups[3].i_opgroup_block.gen_merged_slice	16	8723	8	2	2	2	1	3	40894	40872	2,0,0,0,0,0,0,0,0,0,0,0,0,0,0,0,0,0,0,0,0,0,0,0,0,0,0,0,0,0,0,0,0,0,0,0,0,0,0,0	0,0,1,0,0,0,0,0,0,0,0,0,0,0,0,0,1,0,0,0,0,0,0,0,0,0,0,1,0,0,0,0,0,0,0,0,0,0,0,0	44	0	0	0	0	1	40896	40896	0,0,0,0,0,0,0,0,0,0,0,0,0,0,0,0,0,0,0,0,0,0,0,0,0,0,0,0,0,0,0,0,0,0,0,0,0,0,0,0	0,0,0,0,0,0,0,0,0,0,0,0,0,0,0,0,0,0,0,0,0,0,0,0,0,0,0,1,0,0,0,0,0,0,0,0,0,0,0,0
tb.dut.clusters[0].cluster.sockets[0].socket.cores[0].core.execute.fpu_unit.genblk1[0].fpu_fpnew.genblk3[0].fpnew_core.gen_operation_groups[3].i_opgroup_block.gen_merged_slice.i_multifmt_slice	17	8687	8	2	2	2	1	3	40894	40872	2,0,0,0,0,0,0,0,0,0,0,0,0,0,0,0,0,0,0,0,0,0,0,0,0,0,0,0,0,0,0,0,0,0,0,0,0,0,0,0	0,0,1,0,0,0,0,0,0,0,0,0,0,0,0,0,1,0,0,0,0,0,0,0,0,0,0,1,0,0,0,0,0,0,0,0,0,0,0,0	44	0	0	0	0	1	40896	40896	0,0,0,0,0,0,0,0,0,0,0,0,0,0,0,0,0,0,0,0,0,0,0,0,0,0,0,0,0,0,0,0,0,0,0,0,0,0,0,0	0,0,0,0,0,0,0,0,0,0,0,0,0,0,0,0,0,0,0,0,0,0,0,0,0,0,0,1,0,0,0,0,0,0,0,0,0,0,0,0
tb.dut.clusters[0].cluster.sockets[0].socket.cores[0].core.execute.fpu_unit.genblk1[0].fpu_fpnew.genblk3[0].fpnew_core.gen_operation_groups[3].i_opgroup_block.gen_merged_slice.i_multifmt_slice.extend_fp_result[0]	18	32	0	0	0	0	0	1	40896	40896	0,0,0,0,0,0,0,0,0,0,0,0,0,0,0,0,0,0,0,0,0,0,0,0,0,0,0,0,0,0,0,0,0,0,0,0,0,0,0,0	0,0,0,0,0,0,0,0,0,0,0,0,0,0,0,0,0,0,0,0,0,0,0,0,0,0,0,1,0,0,0,0,0,0,0,0,0,0,0,0	2	0	0	0	0	1	40896	40896	0,0,0,0,0,0,0,0,0,0,0,0,0,0,0,0,0,0,0,0,0,0,0,0,0,0,0,0,0,0,0,0,0,0,0,0,0,0,0,0	0,0,0,0,0,0,0,0,0,0,0,0,0,0,0,0,0,0,0,0,0,0,0,0,0,0,0,1,0,0,0,0,0,0,0,0,0,0,0,0
tb.dut.clusters[0].cluster.sockets[0].socket.cores[0].core.execute.fpu_unit.genblk1[0].fpu_fpnew.genblk3[0].fpnew_core.gen_operation_groups[3].i_opgroup_block.gen_merged_slice.i_multifmt_slice.extend_fp_result[1]	18	32	0	0	0	0	0	1	40896	40896	0,0,0,0,0,0,0,0,0,0,0,0,0,0,0,0,0,0,0,0,0,0,0,0,0,0,0,0,0,0,0,0,0,0,0,0,0,0,0,0	0,0,0,0,0,0,0,0,0,0,0,0,0,0,0,0,0,0,0,0,0,0,0,0,0,0,0,1,0,0,0,0,0,0,0,0,0,0,0,0	2	0	0	0	0	1	40896	40896	0,0,0,0,0,0,0,0,0,0,0,0,0,0,0,0,0,0,0,0,0,0,0,0,0,0,0,0,0,0,0,0,0,0,0,0,0,0,0,0	0,0,0,0,0,0,0,0,0,0,0,0,0,0,0,0,0,0,0,0,0,0,0,0,0,0,0,1,0,0,0,0,0,0,0,0,0,0,0,0
tb.dut.clusters[0].cluster.sockets[0].socket.cores[0].core.execute.fpu_unit.genblk1[0].fpu_fpnew.genblk3[0].fpnew_core.gen_operation_groups[3].i_opgroup_block.gen_merged_slice.i_multifmt_slice.extend_fp_result[2]	18	32	0	0	0	0	0	1	40896	40896	0,0,0,0,0,0,0,0,0,0,0,0,0,0,0,0,0,0,0,0,0,0,0,0,0,0,0,0,0,0,0,0,0,0,0,0,0,0,0,0	0,0,0,0,0,0,0,0,0,0,0,0,0,0,0,0,0,0,0,0,0,0,0,0,0,0,0,1,0,0,0,0,0,0,0,0,0,0,0,0	2	0	0	0	0	1	40896	40896	0,0,0,0,0,0,0,0,0,0,0,0,0,0,0,0,0,0,0,0,0,0,0,0,0,0,0,0,0,0,0,0,0,0,0,0,0,0,0,0	0,0,0,0,0,0,0,0,0,0,0,0,0,0,0,0,0,0,0,0,0,0,0,0,0,0,0,1,0,0,0,0,0,0,0,0,0,0,0,0
tb.dut.clusters[0].cluster.sockets[0].socket.cores[0].core.execute.fpu_unit.genblk1[0].fpu_fpnew.genblk3[0].fpnew_core.gen_operation_groups[3].i_opgroup_block.gen_merged_slice.i_multifmt_slice.extend_fp_result[3]	18	32	0	0	0	0	0	1	40896	40896	0,0,0,0,0,0,0,0,0,0,0,0,0,0,0,0,0,0,0,0,0,0,0,0,0,0,0,0,0,0,0,0,0,0,0,0,0,0,0,0	0,0,0,0,0,0,0,0,0,0,0,0,0,0,0,0,0,0,0,0,0,0,0,0,0,0,0,1,0,0,0,0,0,0,0,0,0,0,0,0	2	0	0	0	0	1	40896	40896	0,0,0,0,0,0,0,0,0,0,0,0,0,0,0,0,0,0,0,0,0,0,0,0,0,0,0,0,0,0,0,0,0,0,0,0,0,0,0,0	0,0,0,0,0,0,0,0,0,0,0,0,0,0,0,0,0,0,0,0,0,0,0,0,0,0,0,1,0,0,0,0,0,0,0,0,0,0,0,0
tb.dut.clusters[0].cluster.sockets[0].socket.cores[0].core.execute.fpu_unit.genblk1[0].fpu_fpnew.genblk3[0].fpnew_core.gen_operation_groups[3].i_opgroup_block.gen_merged_slice.i_multifmt_slice.extend_fp_result[4]	18	32	0	0	0	0	0	1	40896	40896	0,0,0,0,0,0,0,0,0,0,0,0,0,0,0,0,0,0,0,0,0,0,0,0,0,0,0,0,0,0,0,0,0,0,0,0,0,0,0,0	0,0,0,0,0,0,0,0,0,0,0,0,0,0,0,0,0,0,0,0,0,0,0,0,0,0,0,1,0,0,0,0,0,0,0,0,0,0,0,0	2	0	0	0	0	1	40896	40896	0,0,0,0,0,0,0,0,0,0,0,0,0,0,0,0,0,0,0,0,0,0,0,0,0,0,0,0,0,0,0,0,0,0,0,0,0,0,0,0	0,0,0,0,0,0,0,0,0,0,0,0,0,0,0,0,0,0,0,0,0,0,0,0,0,0,0,1,0,0,0,0,0,0,0,0,0,0,0,0
tb.dut.clusters[0].cluster.sockets[0].socket.cores[0].core.execute.fpu_unit.genblk1[0].fpu_fpnew.genblk3[0].fpnew_core.gen_operation_groups[3].i_opgroup_block.gen_merged_slice.i_multifmt_slice.extend_or_mute_int_result[0]	18	32	0	0	0	0	0	1	40896	40896	0,0,0,0,0,0,0,0,0,0,0,0,0,0,0,0,0,0,0,0,0,0,0,0,0,0,0,0,0,0,0,0,0,0,0,0,0,0,0,0	0,0,0,0,0,0,0,0,0,0,0,0,0,0,0,0,0,0,0,0,0,0,0,0,0,0,0,1,0,0,0,0,0,0,0,0,0,0,0,0	2	0	0	0	0	1	40896	40896	0,0,0,0,0,0,0,0,0,0,0,0,0,0,0,0,0,0,0,0,0,0,0,0,0,0,0,0,0,0,0,0,0,0,0,0,0,0,0,0	0,0,0,0,0,0,0,0,0,0,0,0,0,0,0,0,0,0,0,0,0,0,0,0,0,0,0,1,0,0,0,0,0,0,0,0,0,0,0,0
tb.dut.clusters[0].cluster.sockets[0].socket.cores[0].core.execute.fpu_unit.genblk1[0].fpu_fpnew.genblk3[0].fpnew_core.gen_operation_groups[3].i_opgroup_block.gen_merged_slice.i_multifmt_slice.extend_or_mute_int_result[0].extend_int_result	19	32	0	0	0	0	0	1	40896	40896	0,0,0,0,0,0,0,0,0,0,0,0,0,0,0,0,0,0,0,0,0,0,0,0,0,0,0,0,0,0,0,0,0,0,0,0,0,0,0,0	0,0,0,0,0,0,0,0,0,0,0,0,0,0,0,0,0,0,0,0,0,0,0,0,0,0,0,1,0,0,0,0,0,0,0,0,0,0,0,0	2	0	0	0	0	1	40896	40896	0,0,0,0,0,0,0,0,0,0,0,0,0,0,0,0,0,0,0,0,0,0,0,0,0,0,0,0,0,0,0,0,0,0,0,0,0,0,0,0	0,0,0,0,0,0,0,0,0,0,0,0,0,0,0,0,0,0,0,0,0,0,0,0,0,0,0,1,0,0,0,0,0,0,0,0,0,0,0,0
tb.dut.clusters[0].cluster.sockets[0].socket.cores[0].core.execute.fpu_unit.genblk1[0].fpu_fpnew.genblk3[0].fpnew_core.gen_operation_groups[3].i_opgroup_block.gen_merged_slice.i_multifmt_slice.extend_or_mute_int_result[1]	18	32	0	0	0	0	0	1	40896	40896	0,0,0,0,0,0,0,0,0,0,0,0,0,0,0,0,0,0,0,0,0,0,0,0,0,0,0,0,0,0,0,0,0,0,0,0,0,0,0,0	0,0,0,0,0,0,0,0,0,0,0,0,0,0,0,0,0,0,0,0,0,0,0,0,0,0,0,1,0,0,0,0,0,0,0,0,0,0,0,0	2	0	0	0	0	1	40896	40896	0,0,0,0,0,0,0,0,0,0,0,0,0,0,0,0,0,0,0,0,0,0,0,0,0,0,0,0,0,0,0,0,0,0,0,0,0,0,0,0	0,0,0,0,0,0,0,0,0,0,0,0,0,0,0,0,0,0,0,0,0,0,0,0,0,0,0,1,0,0,0,0,0,0,0,0,0,0,0,0
tb.dut.clusters[0].cluster.sockets[0].socket.cores[0].core.execute.fpu_unit.genblk1[0].fpu_fpnew.genblk3[0].fpnew_core.gen_operation_groups[3].i_opgroup_block.gen_merged_slice.i_multifmt_slice.extend_or_mute_int_result[1].extend_int_result	19	32	0	0	0	0	0	1	40896	40896	0,0,0,0,0,0,0,0,0,0,0,0,0,0,0,0,0,0,0,0,0,0,0,0,0,0,0,0,0,0,0,0,0,0,0,0,0,0,0,0	0,0,0,0,0,0,0,0,0,0,0,0,0,0,0,0,0,0,0,0,0,0,0,0,0,0,0,1,0,0,0,0,0,0,0,0,0,0,0,0	2	0	0	0	0	1	40896	40896	0,0,0,0,0,0,0,0,0,0,0,0,0,0,0,0,0,0,0,0,0,0,0,0,0,0,0,0,0,0,0,0,0,0,0,0,0,0,0,0	0,0,0,0,0,0,0,0,0,0,0,0,0,0,0,0,0,0,0,0,0,0,0,0,0,0,0,1,0,0,0,0,0,0,0,0,0,0,0,0
tb.dut.clusters[0].cluster.sockets[0].socket.cores[0].core.execute.fpu_unit.genblk1[0].fpu_fpnew.genblk3[0].fpnew_core.gen_operation_groups[3].i_opgroup_block.gen_merged_slice.i_multifmt_slice.extend_or_mute_int_result[2]	18	32	0	0	0	0	0	1	40896	40896	0,0,0,0,0,0,0,0,0,0,0,0,0,0,0,0,0,0,0,0,0,0,0,0,0,0,0,0,0,0,0,0,0,0,0,0,0,0,0,0	0,0,0,0,0,0,0,0,0,0,0,0,0,0,0,0,0,0,0,0,0,0,0,0,0,0,0,1,0,0,0,0,0,0,0,0,0,0,0,0	2	0	0	0	0	1	40896	40896	0,0,0,0,0,0,0,0,0,0,0,0,0,0,0,0,0,0,0,0,0,0,0,0,0,0,0,0,0,0,0,0,0,0,0,0,0,0,0,0	0,0,0,0,0,0,0,0,0,0,0,0,0,0,0,0,0,0,0,0,0,0,0,0,0,0,0,1,0,0,0,0,0,0,0,0,0,0,0,0
tb.dut.clusters[0].cluster.sockets[0].socket.cores[0].core.execute.fpu_unit.genblk1[0].fpu_fpnew.genblk3[0].fpnew_core.gen_operation_groups[3].i_opgroup_block.gen_merged_slice.i_multifmt_slice.extend_or_mute_int_result[2].extend_int_result	19	32	0	0	0	0	0	1	40896	40896	0,0,0,0,0,0,0,0,0,0,0,0,0,0,0,0,0,0,0,0,0,0,0,0,0,0,0,0,0,0,0,0,0,0,0,0,0,0,0,0	0,0,0,0,0,0,0,0,0,0,0,0,0,0,0,0,0,0,0,0,0,0,0,0,0,0,0,1,0,0,0,0,0,0,0,0,0,0,0,0	2	0	0	0	0	1	40896	40896	0,0,0,0,0,0,0,0,0,0,0,0,0,0,0,0,0,0,0,0,0,0,0,0,0,0,0,0,0,0,0,0,0,0,0,0,0,0,0,0	0,0,0,0,0,0,0,0,0,0,0,0,0,0,0,0,0,0,0,0,0,0,0,0,0,0,0,1,0,0,0,0,0,0,0,0,0,0,0,0
tb.dut.clusters[0].cluster.sockets[0].socket.cores[0].core.execute.fpu_unit.genblk1[0].fpu_fpnew.genblk3[0].fpnew_core.gen_operation_groups[3].i_opgroup_block.gen_merged_slice.i_multifmt_slice.extend_or_mute_int_result[3]	18	32	0	0	0	0	0	1	40896	40896	0,0,0,0,0,0,0,0,0,0,0,0,0,0,0,0,0,0,0,0,0,0,0,0,0,0,0,0,0,0,0,0,0,0,0,0,0,0,0,0	0,0,0,0,0,0,0,0,0,0,0,0,0,0,0,0,0,0,0,0,0,0,0,0,0,0,0,1,0,0,0,0,0,0,0,0,0,0,0,0	2	0	0	0	0	1	40896	40896	0,0,0,0,0,0,0,0,0,0,0,0,0,0,0,0,0,0,0,0,0,0,0,0,0,0,0,0,0,0,0,0,0,0,0,0,0,0,0,0	0,0,0,0,0,0,0,0,0,0,0,0,0,0,0,0,0,0,0,0,0,0,0,0,0,0,0,1,0,0,0,0,0,0,0,0,0,0,0,0
tb.dut.clusters[0].cluster.sockets[0].socket.cores[0].core.execute.fpu_unit.genblk1[0].fpu_fpnew.genblk3[0].fpnew_core.gen_operation_groups[3].i_opgroup_block.gen_merged_slice.i_multifmt_slice.extend_or_mute_int_result[3].extend_int_result	19	32	0	0	0	0	0	1	40896	40896	0,0,0,0,0,0,0,0,0,0,0,0,0,0,0,0,0,0,0,0,0,0,0,0,0,0,0,0,0,0,0,0,0,0,0,0,0,0,0,0	0,0,0,0,0,0,0,0,0,0,0,0,0,0,0,0,0,0,0,0,0,0,0,0,0,0,0,1,0,0,0,0,0,0,0,0,0,0,0,0	2	0	0	0	0	1	40896	40896	0,0,0,0,0,0,0,0,0,0,0,0,0,0,0,0,0,0,0,0,0,0,0,0,0,0,0,0,0,0,0,0,0,0,0,0,0,0,0,0	0,0,0,0,0,0,0,0,0,0,0,0,0,0,0,0,0,0,0,0,0,0,0,0,0,0,0,1,0,0,0,0,0,0,0,0,0,0,0,0
tb.dut.clusters[0].cluster.sockets[0].socket.cores[0].core.execute.fpu_unit.genblk1[0].fpu_fpnew.genblk3[0].fpnew_core.gen_operation_groups[3].i_opgroup_block.gen_merged_slice.i_multifmt_slice.gen_num_lanes[0]	18	7175	4	2	2	2	1	3	40894	40872	2,0,0,0,0,0,0,0,0,0,0,0,0,0,0,0,0,0,0,0,0,0,0,0,0,0,0,0,0,0,0,0,0,0,0,0,0,0,0,0	0,0,1,0,0,0,0,0,0,0,0,0,0,0,0,0,1,0,0,0,0,0,0,0,0,0,0,1,0,0,0,0,0,0,0,0,0,0,0,0	36	0	0	0	0	1	40896	40896	0,0,0,0,0,0,0,0,0,0,0,0,0,0,0,0,0,0,0,0,0,0,0,0,0,0,0,0,0,0,0,0,0,0,0,0,0,0,0,0	0,0,0,0,0,0,0,0,0,0,0,0,0,0,0,0,0,0,0,0,0,0,0,0,0,0,0,1,0,0,0,0,0,0,0,0,0,0,0,0
tb.dut.clusters[0].cluster.sockets[0].socket.cores[0].core.execute.fpu_unit.genblk1[0].fpu_fpnew.genblk3[0].fpnew_core.gen_operation_groups[3].i_opgroup_block.gen_merged_slice.i_multifmt_slice.gen_num_lanes[0].active_lane	19	6704	4	2	2	2	1	3	40894	40872	2,0,0,0,0,0,0,0,0,0,0,0,0,0,0,0,0,0,0,0,0,0,0,0,0,0,0,0,0,0,0,0,0,0,0,0,0,0,0,0	0,0,1,0,0,0,0,0,0,0,0,0,0,0,0,0,1,0,0,0,0,0,0,0,0,0,0,1,0,0,0,0,0,0,0,0,0,0,0,0	34	0	0	0	0	1	40896	40896	0,0,0,0,0,0,0,0,0,0,0,0,0,0,0,0,0,0,0,0,0,0,0,0,0,0,0,0,0,0,0,0,0,0,0,0,0,0,0,0	0,0,0,0,0,0,0,0,0,0,0,0,0,0,0,0,0,0,0,0,0,0,0,0,0,0,0,1,0,0,0,0,0,0,0,0,0,0,0,0
tb.dut.clusters[0].cluster.sockets[0].socket.cores[0].core.execute.fpu_unit.genblk1[0].fpu_fpnew.genblk3[0].fpnew_core.gen_operation_groups[3].i_opgroup_block.gen_merged_slice.i_multifmt_slice.gen_num_lanes[0].active_lane.lane_instance	20	6568	4	2	2	2	1	3	40894	40872	2,0,0,0,0,0,0,0,0,0,0,0,0,0,0,0,0,0,0,0,0,0,0,0,0,0,0,0,0,0,0,0,0,0,0,0,0,0,0,0	0,0,1,0,0,0,0,0,0,0,0,0,0,0,0,0,1,0,0,0,0,0,0,0,0,0,0,1,0,0,0,0,0,0,0,0,0,0,0,0	33	0	0	0	0	1	40896	40896	0,0,0,0,0,0,0,0,0,0,0,0,0,0,0,0,0,0,0,0,0,0,0,0,0,0,0,0,0,0,0,0,0,0,0,0,0,0,0,0	0,0,0,0,0,0,0,0,0,0,0,0,0,0,0,0,0,0,0,0,0,0,0,0,0,0,0,1,0,0,0,0,0,0,0,0,0,0,0,0
tb.dut.clusters[0].cluster.sockets[0].socket.cores[0].core.execute.fpu_unit.genblk1[0].fpu_fpnew.genblk3[0].fpnew_core.gen_operation_groups[3].i_opgroup_block.gen_merged_slice.i_multifmt_slice.gen_num_lanes[0].active_lane.lane_instance.i_fpnew_cast_multi	21	6568	4	2	2	2	1	3	40894	40872	2,0,0,0,0,0,0,0,0,0,0,0,0,0,0,0,0,0,0,0,0,0,0,0,0,0,0,0,0,0,0,0,0,0,0,0,0,0,0,0	0,0,1,0,0,0,0,0,0,0,0,0,0,0,0,0,1,0,0,0,0,0,0,0,0,0,0,1,0,0,0,0,0,0,0,0,0,0,0,0	33	0	0	0	0	1	40896	40896	0,0,0,0,0,0,0,0,0,0,0,0,0,0,0,0,0,0,0,0,0,0,0,0,0,0,0,0,0,0,0,0,0,0,0,0,0,0,0,0	0,0,0,0,0,0,0,0,0,0,0,0,0,0,0,0,0,0,0,0,0,0,0,0,0,0,0,1,0,0,0,0,0,0,0,0,0,0,0,0
tb.dut.clusters[0].cluster.sockets[0].socket.cores[0].core.execute.fpu_unit.genblk1[0].fpu_fpnew.genblk3[0].fpnew_core.gen_operation_groups[3].i_opgroup_block.gen_merged_slice.i_multifmt_slice.gen_num_lanes[0].active_lane.lane_instance.i_fpnew_cast_multi.fmt_init_inputs[0]	22	308	0	0	0	0	0	1	40896	40896	0,0,0,0,0,0,0,0,0,0,0,0,0,0,0,0,0,0,0,0,0,0,0,0,0,0,0,0,0,0,0,0,0,0,0,0,0,0,0,0	0,0,0,0,0,0,0,0,0,0,0,0,0,0,0,0,0,0,0,0,0,0,0,0,0,0,0,1,0,0,0,0,0,0,0,0,0,0,0,0	2	0	0	0	0	1	40896	40896	0,0,0,0,0,0,0,0,0,0,0,0,0,0,0,0,0,0,0,0,0,0,0,0,0,0,0,0,0,0,0,0,0,0,0,0,0,0,0,0	0,0,0,0,0,0,0,0,0,0,0,0,0,0,0,0,0,0,0,0,0,0,0,0,0,0,0,1,0,0,0,0,0,0,0,0,0,0,0,0
tb.dut.clusters[0].cluster.sockets[0].socket.cores[0].core.execute.fpu_unit.genblk1[0].fpu_fpnew.genblk3[0].fpnew_core.gen_operation_groups[3].i_opgroup_block.gen_merged_slice.i_multifmt_slice.gen_num_lanes[0].active_lane.lane_instance.i_fpnew_cast_multi.fmt_init_inputs[0].active_format	23	212	0	0	0	0	0	1	40896	40896	0,0,0,0,0,0,0,0,0,0,0,0,0,0,0,0,0,0,0,0,0,0,0,0,0,0,0,0,0,0,0,0,0,0,0,0,0,0,0,0	0,0,0,0,0,0,0,0,0,0,0,0,0,0,0,0,0,0,0,0,0,0,0,0,0,0,0,1,0,0,0,0,0,0,0,0,0,0,0,0	2	0	0	0	0	1	40896	40896	0,0,0,0,0,0,0,0,0,0,0,0,0,0,0,0,0,0,0,0,0,0,0,0,0,0,0,0,0,0,0,0,0,0,0,0,0,0,0,0	0,0,0,0,0,0,0,0,0,0,0,0,0,0,0,0,0,0,0,0,0,0,0,0,0,0,0,1,0,0,0,0,0,0,0,0,0,0,0,0
tb.dut.clusters[0].cluster.sockets[0].socket.cores[0].core.execute.fpu_unit.genblk1[0].fpu_fpnew.genblk3[0].fpnew_core.gen_operation_groups[3].i_opgroup_block.gen_merged_slice.i_multifmt_slice.gen_num_lanes[0].active_lane.lane_instance.i_fpnew_cast_multi.fmt_init_inputs[0].active_format.i_fpnew_classifier	24	212	0	0	0	0	0	1	40896	40896	0,0,0,0,0,0,0,0,0,0,0,0,0,0,0,0,0,0,0,0,0,0,0,0,0,0,0,0,0,0,0,0,0,0,0,0,0,0,0,0	0,0,0,0,0,0,0,0,0,0,0,0,0,0,0,0,0,0,0,0,0,0,0,0,0,0,0,1,0,0,0,0,0,0,0,0,0,0,0,0	2	0	0	0	0	1	40896	40896	0,0,0,0,0,0,0,0,0,0,0,0,0,0,0,0,0,0,0,0,0,0,0,0,0,0,0,0,0,0,0,0,0,0,0,0,0,0,0,0	0,0,0,0,0,0,0,0,0,0,0,0,0,0,0,0,0,0,0,0,0,0,0,0,0,0,0,1,0,0,0,0,0,0,0,0,0,0,0,0
tb.dut.clusters[0].cluster.sockets[0].socket.cores[0].core.execute.fpu_unit.genblk1[0].fpu_fpnew.genblk3[0].fpnew_core.gen_operation_groups[3].i_opgroup_block.gen_merged_slice.i_multifmt_slice.gen_num_lanes[0].active_lane.lane_instance.i_fpnew_cast_multi.fmt_init_inputs[0].active_format.i_fpnew_classifier.gen_num_values[0]	25	40	0	0	0	0	0	1	40896	40896	0,0,0,0,0,0,0,0,0,0,0,0,0,0,0,0,0,0,0,0,0,0,0,0,0,0,0,0,0,0,0,0,0,0,0,0,0,0,0,0	0,0,0,0,0,0,0,0,0,0,0,0,0,0,0,0,0,0,0,0,0,0,0,0,0,0,0,1,0,0,0,0,0,0,0,0,0,0,0,0	2	0	0	0	0	1	40896	40896	0,0,0,0,0,0,0,0,0,0,0,0,0,0,0,0,0,0,0,0,0,0,0,0,0,0,0,0,0,0,0,0,0,0,0,0,0,0,0,0	0,0,0,0,0,0,0,0,0,0,0,0,0,0,0,0,0,0,0,0,0,0,0,0,0,0,0,1,0,0,0,0,0,0,0,0,0,0,0,0
tb.dut.clusters[0].cluster.sockets[0].socket.cores[0].core.execute.fpu_unit.genblk1[0].fpu_fpnew.genblk3[0].fpnew_core.gen_operation_groups[3].i_opgroup_block.gen_merged_slice.i_multifmt_slice.gen_num_lanes[0].active_lane.lane_instance.i_fpnew_cast_multi.fmt_init_inputs[1]	22	96	0	0	0	0	0	1	40896	40896	0,0,0,0,0,0,0,0,0,0,0,0,0,0,0,0,0,0,0,0,0,0,0,0,0,0,0,0,0,0,0,0,0,0,0,0,0,0,0,0	0,0,0,0,0,0,0,0,0,0,0,0,0,0,0,0,0,0,0,0,0,0,0,0,0,0,0,1,0,0,0,0,0,0,0,0,0,0,0,0	2	0	0	0	0	1	40896	40896	0,0,0,0,0,0,0,0,0,0,0,0,0,0,0,0,0,0,0,0,0,0,0,0,0,0,0,0,0,0,0,0,0,0,0,0,0,0,0,0	0,0,0,0,0,0,0,0,0,0,0,0,0,0,0,0,0,0,0,0,0,0,0,0,0,0,0,1,0,0,0,0,0,0,0,0,0,0,0,0
tb.dut.clusters[0].cluster.sockets[0].socket.cores[0].core.execute.fpu_unit.genblk1[0].fpu_fpnew.genblk3[0].fpnew_core.gen_operation_groups[3].i_opgroup_block.gen_merged_slice.i_multifmt_slice.gen_num_lanes[0].active_lane.lane_instance.i_fpnew_cast_multi.fmt_init_inputs[2]	22	96	0	0	0	0	0	1	40896	40896	0,0,0,0,0,0,0,0,0,0,0,0,0,0,0,0,0,0,0,0,0,0,0,0,0,0,0,0,0,0,0,0,0,0,0,0,0,0,0,0	0,0,0,0,0,0,0,0,0,0,0,0,0,0,0,0,0,0,0,0,0,0,0,0,0,0,0,1,0,0,0,0,0,0,0,0,0,0,0,0	2	0	0	0	0	1	40896	40896	0,0,0,0,0,0,0,0,0,0,0,0,0,0,0,0,0,0,0,0,0,0,0,0,0,0,0,0,0,0,0,0,0,0,0,0,0,0,0,0	0,0,0,0,0,0,0,0,0,0,0,0,0,0,0,0,0,0,0,0,0,0,0,0,0,0,0,1,0,0,0,0,0,0,0,0,0,0,0,0
tb.dut.clusters[0].cluster.sockets[0].socket.cores[0].core.execute.fpu_unit.genblk1[0].fpu_fpnew.genblk3[0].fpnew_core.gen_operation_groups[3].i_opgroup_block.gen_merged_slice.i_multifmt_slice.gen_num_lanes[0].active_lane.lane_instance.i_fpnew_cast_multi.fmt_init_inputs[3]	22	96	0	0	0	0	0	1	40896	40896	0,0,0,0,0,0,0,0,0,0,0,0,0,0,0,0,0,0,0,0,0,0,0,0,0,0,0,0,0,0,0,0,0,0,0,0,0,0,0,0	0,0,0,0,0,0,0,0,0,0,0,0,0,0,0,0,0,0,0,0,0,0,0,0,0,0,0,1,0,0,0,0,0,0,0,0,0,0,0,0	2	0	0	0	0	1	40896	40896	0,0,0,0,0,0,0,0,0,0,0,0,0,0,0,0,0,0,0,0,0,0,0,0,0,0,0,0,0,0,0,0,0,0,0,0,0,0,0,0	0,0,0,0,0,0,0,0,0,0,0,0,0,0,0,0,0,0,0,0,0,0,0,0,0,0,0,1,0,0,0,0,0,0,0,0,0,0,0,0
tb.dut.clusters[0].cluster.sockets[0].socket.cores[0].core.execute.fpu_unit.genblk1[0].fpu_fpnew.genblk3[0].fpnew_core.gen_operation_groups[3].i_opgroup_block.gen_merged_slice.i_multifmt_slice.gen_num_lanes[0].active_lane.lane_instance.i_fpnew_cast_multi.fmt_init_inputs[4]	22	96	0	0	0	0	0	1	40896	40896	0,0,0,0,0,0,0,0,0,0,0,0,0,0,0,0,0,0,0,0,0,0,0,0,0,0,0,0,0,0,0,0,0,0,0,0,0,0,0,0	0,0,0,0,0,0,0,0,0,0,0,0,0,0,0,0,0,0,0,0,0,0,0,0,0,0,0,1,0,0,0,0,0,0,0,0,0,0,0,0	2	0	0	0	0	1	40896	40896	0,0,0,0,0,0,0,0,0,0,0,0,0,0,0,0,0,0,0,0,0,0,0,0,0,0,0,0,0,0,0,0,0,0,0,0,0,0,0,0	0,0,0,0,0,0,0,0,0,0,0,0,0,0,0,0,0,0,0,0,0,0,0,0,0,0,0,1,0,0,0,0,0,0,0,0,0,0,0,0
tb.dut.clusters[0].cluster.sockets[0].socket.cores[0].core.execute.fpu_unit.genblk1[0].fpu_fpnew.genblk3[0].fpnew_core.gen_operation_groups[3].i_opgroup_block.gen_merged_slice.i_multifmt_slice.gen_num_lanes[0].active_lane.lane_instance.i_fpnew_cast_multi.gen_input_pipeline[0]	22	1	0	0	0	0	0	1	40896	40896	0,0,0,0,0,0,0,0,0,0,0,0,0,0,0,0,0,0,0,0,0,0,0,0,0,0,0,0,0,0,0,0,0,0,0,0,0,0,0,0	0,0,0,0,0,0,0,0,0,0,0,0,0,0,0,0,0,0,0,0,0,0,0,0,0,0,0,1,0,0,0,0,0,0,0,0,0,0,0,0	2	0	0	0	0	1	40896	40896	0,0,0,0,0,0,0,0,0,0,0,0,0,0,0,0,0,0,0,0,0,0,0,0,0,0,0,0,0,0,0,0,0,0,0,0,0,0,0,0	0,0,0,0,0,0,0,0,0,0,0,0,0,0,0,0,0,0,0,0,0,0,0,0,0,0,0,1,0,0,0,0,0,0,0,0,0,0,0,0
tb.dut.clusters[0].cluster.sockets[0].socket.cores[0].core.execute.fpu_unit.genblk1[0].fpu_fpnew.genblk3[0].fpnew_core.gen_operation_groups[3].i_opgroup_block.gen_merged_slice.i_multifmt_slice.gen_num_lanes[0].active_lane.lane_instance.i_fpnew_cast_multi.gen_input_pipeline[1]	22	1	0	0	0	0	0	1	40896	40896	0,0,0,0,0,0,0,0,0,0,0,0,0,0,0,0,0,0,0,0,0,0,0,0,0,0,0,0,0,0,0,0,0,0,0,0,0,0,0,0	0,0,0,0,0,0,0,0,0,0,0,0,0,0,0,0,0,0,0,0,0,0,0,0,0,0,0,1,0,0,0,0,0,0,0,0,0,0,0,0	2	0	0	0	0	1	40896	40896	0,0,0,0,0,0,0,0,0,0,0,0,0,0,0,0,0,0,0,0,0,0,0,0,0,0,0,0,0,0,0,0,0,0,0,0,0,0,0,0	0,0,0,0,0,0,0,0,0,0,0,0,0,0,0,0,0,0,0,0,0,0,0,0,0,0,0,1,0,0,0,0,0,0,0,0,0,0,0,0
tb.dut.clusters[0].cluster.sockets[0].socket.cores[0].core.execute.fpu_unit.genblk1[0].fpu_fpnew.genblk3[0].fpnew_core.gen_operation_groups[3].i_opgroup_block.gen_merged_slice.i_multifmt_slice.gen_num_lanes[0].active_lane.lane_instance.i_fpnew_cast_multi.gen_inside_pipeline[0]	22	1	0	0	0	0	0	1	40896	40896	0,0,0,0,0,0,0,0,0,0,0,0,0,0,0,0,0,0,0,0,0,0,0,0,0,0,0,0,0,0,0,0,0,0,0,0,0,0,0,0	0,0,0,0,0,0,0,0,0,0,0,0,0,0,0,0,0,0,0,0,0,0,0,0,0,0,0,1,0,0,0,0,0,0,0,0,0,0,0,0	2	0	0	0	0	1	40896	40896	0,0,0,0,0,0,0,0,0,0,0,0,0,0,0,0,0,0,0,0,0,0,0,0,0,0,0,0,0,0,0,0,0,0,0,0,0,0,0,0	0,0,0,0,0,0,0,0,0,0,0,0,0,0,0,0,0,0,0,0,0,0,0,0,0,0,0,1,0,0,0,0,0,0,0,0,0,0,0,0
tb.dut.clusters[0].cluster.sockets[0].socket.cores[0].core.execute.fpu_unit.genblk1[0].fpu_fpnew.genblk3[0].fpnew_core.gen_operation_groups[3].i_opgroup_block.gen_merged_slice.i_multifmt_slice.gen_num_lanes[0].active_lane.lane_instance.i_fpnew_cast_multi.gen_inside_pipeline[1]	22	1	0	0	0	0	0	1	40896	40896	0,0,0,0,0,0,0,0,0,0,0,0,0,0,0,0,0,0,0,0,0,0,0,0,0,0,0,0,0,0,0,0,0,0,0,0,0,0,0,0	0,0,0,0,0,0,0,0,0,0,0,0,0,0,0,0,0,0,0,0,0,0,0,0,0,0,0,1,0,0,0,0,0,0,0,0,0,0,0,0	2	0	0	0	0	1	40896	40896	0,0,0,0,0,0,0,0,0,0,0,0,0,0,0,0,0,0,0,0,0,0,0,0,0,0,0,0,0,0,0,0,0,0,0,0,0,0,0,0	0,0,0,0,0,0,0,0,0,0,0,0,0,0,0,0,0,0,0,0,0,0,0,0,0,0,0,1,0,0,0,0,0,0,0,0,0,0,0,0
tb.dut.clusters[0].cluster.sockets[0].socket.cores[0].core.execute.fpu_unit.genblk1[0].fpu_fpnew.genblk3[0].fpnew_core.gen_operation_groups[3].i_opgroup_block.gen_merged_slice.i_multifmt_slice.gen_num_lanes[0].active_lane.lane_instance.i_fpnew_cast_multi.gen_int_overflow[0]	22	32	0	0	0	0	0	1	40896	40896	0,0,0,0,0,0,0,0,0,0,0,0,0,0,0,0,0,0,0,0,0,0,0,0,0,0,0,0,0,0,0,0,0,0,0,0,0,0,0,0	0,0,0,0,0,0,0,0,0,0,0,0,0,0,0,0,0,0,0,0,0,0,0,0,0,0,0,1,0,0,0,0,0,0,0,0,0,0,0,0	2	0	0	0	0	1	40896	40896	0,0,0,0,0,0,0,0,0,0,0,0,0,0,0,0,0,0,0,0,0,0,0,0,0,0,0,0,0,0,0,0,0,0,0,0,0,0,0,0	0,0,0,0,0,0,0,0,0,0,0,0,0,0,0,0,0,0,0,0,0,0,0,0,0,0,0,1,0,0,0,0,0,0,0,0,0,0,0,0
tb.dut.clusters[0].cluster.sockets[0].socket.cores[0].core.execute.fpu_unit.genblk1[0].fpu_fpnew.genblk3[0].fpnew_core.gen_operation_groups[3].i_opgroup_block.gen_merged_slice.i_multifmt_slice.gen_num_lanes[0].active_lane.lane_instance.i_fpnew_cast_multi.gen_int_overflow[1]	22	32	0	0	0	0	0	1	40896	40896	0,0,0,0,0,0,0,0,0,0,0,0,0,0,0,0,0,0,0,0,0,0,0,0,0,0,0,0,0,0,0,0,0,0,0,0,0,0,0,0	0,0,0,0,0,0,0,0,0,0,0,0,0,0,0,0,0,0,0,0,0,0,0,0,0,0,0,1,0,0,0,0,0,0,0,0,0,0,0,0	2	0	0	0	0	1	40896	40896	0,0,0,0,0,0,0,0,0,0,0,0,0,0,0,0,0,0,0,0,0,0,0,0,0,0,0,0,0,0,0,0,0,0,0,0,0,0,0,0	0,0,0,0,0,0,0,0,0,0,0,0,0,0,0,0,0,0,0,0,0,0,0,0,0,0,0,1,0,0,0,0,0,0,0,0,0,0,0,0
tb.dut.clusters[0].cluster.sockets[0].socket.cores[0].core.execute.fpu_unit.genblk1[0].fpu_fpnew.genblk3[0].fpnew_core.gen_operation_groups[3].i_opgroup_block.gen_merged_slice.i_multifmt_slice.gen_num_lanes[0].active_lane.lane_instance.i_fpnew_cast_multi.gen_int_overflow[2]	22	32	0	0	0	0	0	1	40896	40896	0,0,0,0,0,0,0,0,0,0,0,0,0,0,0,0,0,0,0,0,0,0,0,0,0,0,0,0,0,0,0,0,0,0,0,0,0,0,0,0	0,0,0,0,0,0,0,0,0,0,0,0,0,0,0,0,0,0,0,0,0,0,0,0,0,0,0,1,0,0,0,0,0,0,0,0,0,0,0,0	2	0	0	0	0	1	40896	40896	0,0,0,0,0,0,0,0,0,0,0,0,0,0,0,0,0,0,0,0,0,0,0,0,0,0,0,0,0,0,0,0,0,0,0,0,0,0,0,0	0,0,0,0,0,0,0,0,0,0,0,0,0,0,0,0,0,0,0,0,0,0,0,0,0,0,0,1,0,0,0,0,0,0,0,0,0,0,0,0
tb.dut.clusters[0].cluster.sockets[0].socket.cores[0].core.execute.fpu_unit.genblk1[0].fpu_fpnew.genblk3[0].fpnew_core.gen_operation_groups[3].i_opgroup_block.gen_merged_slice.i_multifmt_slice.gen_num_lanes[0].active_lane.lane_instance.i_fpnew_cast_multi.gen_int_overflow[3]	22	32	0	0	0	0	0	1	40896	40896	0,0,0,0,0,0,0,0,0,0,0,0,0,0,0,0,0,0,0,0,0,0,0,0,0,0,0,0,0,0,0,0,0,0,0,0,0,0,0,0	0,0,0,0,0,0,0,0,0,0,0,0,0,0,0,0,0,0,0,0,0,0,0,0,0,0,0,1,0,0,0,0,0,0,0,0,0,0,0,0	2	0	0	0	0	1	40896	40896	0,0,0,0,0,0,0,0,0,0,0,0,0,0,0,0,0,0,0,0,0,0,0,0,0,0,0,0,0,0,0,0,0,0,0,0,0,0,0,0	0,0,0,0,0,0,0,0,0,0,0,0,0,0,0,0,0,0,0,0,0,0,0,0,0,0,0,1,0,0,0,0,0,0,0,0,0,0,0,0
tb.dut.clusters[0].cluster.sockets[0].socket.cores[0].core.execute.fpu_unit.genblk1[0].fpu_fpnew.genblk3[0].fpnew_core.gen_operation_groups[3].i_opgroup_block.gen_merged_slice.i_multifmt_slice.gen_num_lanes[0].active_lane.lane_instance.i_fpnew_cast_multi.gen_int_res_sign_ext[0]	22	32	0	0	0	0	0	1	40896	40896	0,0,0,0,0,0,0,0,0,0,0,0,0,0,0,0,0,0,0,0,0,0,0,0,0,0,0,0,0,0,0,0,0,0,0,0,0,0,0,0	0,0,0,0,0,0,0,0,0,0,0,0,0,0,0,0,0,0,0,0,0,0,0,0,0,0,0,1,0,0,0,0,0,0,0,0,0,0,0,0	2	0	0	0	0	1	40896	40896	0,0,0,0,0,0,0,0,0,0,0,0,0,0,0,0,0,0,0,0,0,0,0,0,0,0,0,0,0,0,0,0,0,0,0,0,0,0,0,0	0,0,0,0,0,0,0,0,0,0,0,0,0,0,0,0,0,0,0,0,0,0,0,0,0,0,0,1,0,0,0,0,0,0,0,0,0,0,0,0
tb.dut.clusters[0].cluster.sockets[0].socket.cores[0].core.execute.fpu_unit.genblk1[0].fpu_fpnew.genblk3[0].fpnew_core.gen_operation_groups[3].i_opgroup_block.gen_merged_slice.i_multifmt_slice.gen_num_lanes[0].active_lane.lane_instance.i_fpnew_cast_multi.gen_int_res_sign_ext[1]	22	32	0	0	0	0	0	1	40896	40896	0,0,0,0,0,0,0,0,0,0,0,0,0,0,0,0,0,0,0,0,0,0,0,0,0,0,0,0,0,0,0,0,0,0,0,0,0,0,0,0	0,0,0,0,0,0,0,0,0,0,0,0,0,0,0,0,0,0,0,0,0,0,0,0,0,0,0,1,0,0,0,0,0,0,0,0,0,0,0,0	2	0	0	0	0	1	40896	40896	0,0,0,0,0,0,0,0,0,0,0,0,0,0,0,0,0,0,0,0,0,0,0,0,0,0,0,0,0,0,0,0,0,0,0,0,0,0,0,0	0,0,0,0,0,0,0,0,0,0,0,0,0,0,0,0,0,0,0,0,0,0,0,0,0,0,0,1,0,0,0,0,0,0,0,0,0,0,0,0
tb.dut.clusters[0].cluster.sockets[0].socket.cores[0].core.execute.fpu_unit.genblk1[0].fpu_fpnew.genblk3[0].fpnew_core.gen_operation_groups[3].i_opgroup_block.gen_merged_slice.i_multifmt_slice.gen_num_lanes[0].active_lane.lane_instance.i_fpnew_cast_multi.gen_int_res_sign_ext[2]	22	32	0	0	0	0	0	1	40896	40896	0,0,0,0,0,0,0,0,0,0,0,0,0,0,0,0,0,0,0,0,0,0,0,0,0,0,0,0,0,0,0,0,0,0,0,0,0,0,0,0	0,0,0,0,0,0,0,0,0,0,0,0,0,0,0,0,0,0,0,0,0,0,0,0,0,0,0,1,0,0,0,0,0,0,0,0,0,0,0,0	2	0	0	0	0	1	40896	40896	0,0,0,0,0,0,0,0,0,0,0,0,0,0,0,0,0,0,0,0,0,0,0,0,0,0,0,0,0,0,0,0,0,0,0,0,0,0,0,0	0,0,0,0,0,0,0,0,0,0,0,0,0,0,0,0,0,0,0,0,0,0,0,0,0,0,0,1,0,0,0,0,0,0,0,0,0,0,0,0
tb.dut.clusters[0].cluster.sockets[0].socket.cores[0].core.execute.fpu_unit.genblk1[0].fpu_fpnew.genblk3[0].fpnew_core.gen_operation_groups[3].i_opgroup_block.gen_merged_slice.i_multifmt_slice.gen_num_lanes[0].active_lane.lane_instance.i_fpnew_cast_multi.gen_int_res_sign_ext[3]	22	32	0	0	0	0	0	1	40896	40896	0,0,0,0,0,0,0,0,0,0,0,0,0,0,0,0,0,0,0,0,0,0,0,0,0,0,0,0,0,0,0,0,0,0,0,0,0,0,0,0	0,0,0,0,0,0,0,0,0,0,0,0,0,0,0,0,0,0,0,0,0,0,0,0,0,0,0,1,0,0,0,0,0,0,0,0,0,0,0,0	2	0	0	0	0	1	40896	40896	0,0,0,0,0,0,0,0,0,0,0,0,0,0,0,0,0,0,0,0,0,0,0,0,0,0,0,0,0,0,0,0,0,0,0,0,0,0,0,0	0,0,0,0,0,0,0,0,0,0,0,0,0,0,0,0,0,0,0,0,0,0,0,0,0,0,0,1,0,0,0,0,0,0,0,0,0,0,0,0
tb.dut.clusters[0].cluster.sockets[0].socket.cores[0].core.execute.fpu_unit.genblk1[0].fpu_fpnew.genblk3[0].fpnew_core.gen_operation_groups[3].i_opgroup_block.gen_merged_slice.i_multifmt_slice.gen_num_lanes[0].active_lane.lane_instance.i_fpnew_cast_multi.gen_output_pipeline[0]	22	1	0	0	0	0	0	1	40896	40896	0,0,0,0,0,0,0,0,0,0,0,0,0,0,0,0,0,0,0,0,0,0,0,0,0,0,0,0,0,0,0,0,0,0,0,0,0,0,0,0	0,0,0,0,0,0,0,0,0,0,0,0,0,0,0,0,0,0,0,0,0,0,0,0,0,0,0,1,0,0,0,0,0,0,0,0,0,0,0,0	2	0	0	0	0	1	40896	40896	0,0,0,0,0,0,0,0,0,0,0,0,0,0,0,0,0,0,0,0,0,0,0,0,0,0,0,0,0,0,0,0,0,0,0,0,0,0,0,0	0,0,0,0,0,0,0,0,0,0,0,0,0,0,0,0,0,0,0,0,0,0,0,0,0,0,0,1,0,0,0,0,0,0,0,0,0,0,0,0
tb.dut.clusters[0].cluster.sockets[0].socket.cores[0].core.execute.fpu_unit.genblk1[0].fpu_fpnew.genblk3[0].fpnew_core.gen_operation_groups[3].i_opgroup_block.gen_merged_slice.i_multifmt_slice.gen_num_lanes[0].active_lane.lane_instance.i_fpnew_cast_multi.gen_res_assemble[0]	22	64	0	0	0	0	0	1	40896	40896	0,0,0,0,0,0,0,0,0,0,0,0,0,0,0,0,0,0,0,0,0,0,0,0,0,0,0,0,0,0,0,0,0,0,0,0,0,0,0,0	0,0,0,0,0,0,0,0,0,0,0,0,0,0,0,0,0,0,0,0,0,0,0,0,0,0,0,1,0,0,0,0,0,0,0,0,0,0,0,0	2	0	0	0	0	1	40896	40896	0,0,0,0,0,0,0,0,0,0,0,0,0,0,0,0,0,0,0,0,0,0,0,0,0,0,0,0,0,0,0,0,0,0,0,0,0,0,0,0	0,0,0,0,0,0,0,0,0,0,0,0,0,0,0,0,0,0,0,0,0,0,0,0,0,0,0,1,0,0,0,0,0,0,0,0,0,0,0,0
tb.dut.clusters[0].cluster.sockets[0].socket.cores[0].core.execute.fpu_unit.genblk1[0].fpu_fpnew.genblk3[0].fpnew_core.gen_operation_groups[3].i_opgroup_block.gen_merged_slice.i_multifmt_slice.gen_num_lanes[0].active_lane.lane_instance.i_fpnew_cast_multi.gen_res_assemble[1]	22	64	0	0	0	0	0	1	40896	40896	0,0,0,0,0,0,0,0,0,0,0,0,0,0,0,0,0,0,0,0,0,0,0,0,0,0,0,0,0,0,0,0,0,0,0,0,0,0,0,0	0,0,0,0,0,0,0,0,0,0,0,0,0,0,0,0,0,0,0,0,0,0,0,0,0,0,0,1,0,0,0,0,0,0,0,0,0,0,0,0	2	0	0	0	0	1	40896	40896	0,0,0,0,0,0,0,0,0,0,0,0,0,0,0,0,0,0,0,0,0,0,0,0,0,0,0,0,0,0,0,0,0,0,0,0,0,0,0,0	0,0,0,0,0,0,0,0,0,0,0,0,0,0,0,0,0,0,0,0,0,0,0,0,0,0,0,1,0,0,0,0,0,0,0,0,0,0,0,0
tb.dut.clusters[0].cluster.sockets[0].socket.cores[0].core.execute.fpu_unit.genblk1[0].fpu_fpnew.genblk3[0].fpnew_core.gen_operation_groups[3].i_opgroup_block.gen_merged_slice.i_multifmt_slice.gen_num_lanes[0].active_lane.lane_instance.i_fpnew_cast_multi.gen_res_assemble[2]	22	64	0	0	0	0	0	1	40896	40896	0,0,0,0,0,0,0,0,0,0,0,0,0,0,0,0,0,0,0,0,0,0,0,0,0,0,0,0,0,0,0,0,0,0,0,0,0,0,0,0	0,0,0,0,0,0,0,0,0,0,0,0,0,0,0,0,0,0,0,0,0,0,0,0,0,0,0,1,0,0,0,0,0,0,0,0,0,0,0,0	2	0	0	0	0	1	40896	40896	0,0,0,0,0,0,0,0,0,0,0,0,0,0,0,0,0,0,0,0,0,0,0,0,0,0,0,0,0,0,0,0,0,0,0,0,0,0,0,0	0,0,0,0,0,0,0,0,0,0,0,0,0,0,0,0,0,0,0,0,0,0,0,0,0,0,0,1,0,0,0,0,0,0,0,0,0,0,0,0
tb.dut.clusters[0].cluster.sockets[0].socket.cores[0].core.execute.fpu_unit.genblk1[0].fpu_fpnew.genblk3[0].fpnew_core.gen_operation_groups[3].i_opgroup_block.gen_merged_slice.i_multifmt_slice.gen_num_lanes[0].active_lane.lane_instance.i_fpnew_cast_multi.gen_res_assemble[3]	22	64	0	0	0	0	0	1	40896	40896	0,0,0,0,0,0,0,0,0,0,0,0,0,0,0,0,0,0,0,0,0,0,0,0,0,0,0,0,0,0,0,0,0,0,0,0,0,0,0,0	0,0,0,0,0,0,0,0,0,0,0,0,0,0,0,0,0,0,0,0,0,0,0,0,0,0,0,1,0,0,0,0,0,0,0,0,0,0,0,0	2	0	0	0	0	1	40896	40896	0,0,0,0,0,0,0,0,0,0,0,0,0,0,0,0,0,0,0,0,0,0,0,0,0,0,0,0,0,0,0,0,0,0,0,0,0,0,0,0	0,0,0,0,0,0,0,0,0,0,0,0,0,0,0,0,0,0,0,0,0,0,0,0,0,0,0,1,0,0,0,0,0,0,0,0,0,0,0,0
tb.dut.clusters[0].cluster.sockets[0].socket.cores[0].core.execute.fpu_unit.genblk1[0].fpu_fpnew.genblk3[0].fpnew_core.gen_operation_groups[3].i_opgroup_block.gen_merged_slice.i_multifmt_slice.gen_num_lanes[0].active_lane.lane_instance.i_fpnew_cast_multi.gen_res_assemble[4]	22	64	0	0	0	0	0	1	40896	40896	0,0,0,0,0,0,0,0,0,0,0,0,0,0,0,0,0,0,0,0,0,0,0,0,0,0,0,0,0,0,0,0,0,0,0,0,0,0,0,0	0,0,0,0,0,0,0,0,0,0,0,0,0,0,0,0,0,0,0,0,0,0,0,0,0,0,0,1,0,0,0,0,0,0,0,0,0,0,0,0	2	0	0	0	0	1	40896	40896	0,0,0,0,0,0,0,0,0,0,0,0,0,0,0,0,0,0,0,0,0,0,0,0,0,0,0,0,0,0,0,0,0,0,0,0,0,0,0,0	0,0,0,0,0,0,0,0,0,0,0,0,0,0,0,0,0,0,0,0,0,0,0,0,0,0,0,1,0,0,0,0,0,0,0,0,0,0,0,0
tb.dut.clusters[0].cluster.sockets[0].socket.cores[0].core.execute.fpu_unit.genblk1[0].fpu_fpnew.genblk3[0].fpnew_core.gen_operation_groups[3].i_opgroup_block.gen_merged_slice.i_multifmt_slice.gen_num_lanes[0].active_lane.lane_instance.i_fpnew_cast_multi.gen_sign_extend_int[0]	22	32	0	0	0	0	0	1	40896	40896	0,0,0,0,0,0,0,0,0,0,0,0,0,0,0,0,0,0,0,0,0,0,0,0,0,0,0,0,0,0,0,0,0,0,0,0,0,0,0,0	0,0,0,0,0,0,0,0,0,0,0,0,0,0,0,0,0,0,0,0,0,0,0,0,0,0,0,1,0,0,0,0,0,0,0,0,0,0,0,0	2	0	0	0	0	1	40896	40896	0,0,0,0,0,0,0,0,0,0,0,0,0,0,0,0,0,0,0,0,0,0,0,0,0,0,0,0,0,0,0,0,0,0,0,0,0,0,0,0	0,0,0,0,0,0,0,0,0,0,0,0,0,0,0,0,0,0,0,0,0,0,0,0,0,0,0,1,0,0,0,0,0,0,0,0,0,0,0,0
tb.dut.clusters[0].cluster.sockets[0].socket.cores[0].core.execute.fpu_unit.genblk1[0].fpu_fpnew.genblk3[0].fpnew_core.gen_operation_groups[3].i_opgroup_block.gen_merged_slice.i_multifmt_slice.gen_num_lanes[0].active_lane.lane_instance.i_fpnew_cast_multi.gen_sign_extend_int[1]	22	32	0	0	0	0	0	1	40896	40896	0,0,0,0,0,0,0,0,0,0,0,0,0,0,0,0,0,0,0,0,0,0,0,0,0,0,0,0,0,0,0,0,0,0,0,0,0,0,0,0	0,0,0,0,0,0,0,0,0,0,0,0,0,0,0,0,0,0,0,0,0,0,0,0,0,0,0,1,0,0,0,0,0,0,0,0,0,0,0,0	2	0	0	0	0	1	40896	40896	0,0,0,0,0,0,0,0,0,0,0,0,0,0,0,0,0,0,0,0,0,0,0,0,0,0,0,0,0,0,0,0,0,0,0,0,0,0,0,0	0,0,0,0,0,0,0,0,0,0,0,0,0,0,0,0,0,0,0,0,0,0,0,0,0,0,0,1,0,0,0,0,0,0,0,0,0,0,0,0
tb.dut.clusters[0].cluster.sockets[0].socket.cores[0].core.execute.fpu_unit.genblk1[0].fpu_fpnew.genblk3[0].fpnew_core.gen_operation_groups[3].i_opgroup_block.gen_merged_slice.i_multifmt_slice.gen_num_lanes[0].active_lane.lane_instance.i_fpnew_cast_multi.gen_sign_extend_int[2]	22	32	0	0	0	0	0	1	40896	40896	0,0,0,0,0,0,0,0,0,0,0,0,0,0,0,0,0,0,0,0,0,0,0,0,0,0,0,0,0,0,0,0,0,0,0,0,0,0,0,0	0,0,0,0,0,0,0,0,0,0,0,0,0,0,0,0,0,0,0,0,0,0,0,0,0,0,0,1,0,0,0,0,0,0,0,0,0,0,0,0	2	0	0	0	0	1	40896	40896	0,0,0,0,0,0,0,0,0,0,0,0,0,0,0,0,0,0,0,0,0,0,0,0,0,0,0,0,0,0,0,0,0,0,0,0,0,0,0,0	0,0,0,0,0,0,0,0,0,0,0,0,0,0,0,0,0,0,0,0,0,0,0,0,0,0,0,1,0,0,0,0,0,0,0,0,0,0,0,0
tb.dut.clusters[0].cluster.sockets[0].socket.cores[0].core.execute.fpu_unit.genblk1[0].fpu_fpnew.genblk3[0].fpnew_core.gen_operation_groups[3].i_opgroup_block.gen_merged_slice.i_multifmt_slice.gen_num_lanes[0].active_lane.lane_instance.i_fpnew_cast_multi.gen_sign_extend_int[3]	22	32	0	0	0	0	0	1	40896	40896	0,0,0,0,0,0,0,0,0,0,0,0,0,0,0,0,0,0,0,0,0,0,0,0,0,0,0,0,0,0,0,0,0,0,0,0,0,0,0,0	0,0,0,0,0,0,0,0,0,0,0,0,0,0,0,0,0,0,0,0,0,0,0,0,0,0,0,1,0,0,0,0,0,0,0,0,0,0,0,0	2	0	0	0	0	1	40896	40896	0,0,0,0,0,0,0,0,0,0,0,0,0,0,0,0,0,0,0,0,0,0,0,0,0,0,0,0,0,0,0,0,0,0,0,0,0,0,0,0	0,0,0,0,0,0,0,0,0,0,0,0,0,0,0,0,0,0,0,0,0,0,0,0,0,0,0,1,0,0,0,0,0,0,0,0,0,0,0,0
tb.dut.clusters[0].cluster.sockets[0].socket.cores[0].core.execute.fpu_unit.genblk1[0].fpu_fpnew.genblk3[0].fpnew_core.gen_operation_groups[3].i_opgroup_block.gen_merged_slice.i_multifmt_slice.gen_num_lanes[0].active_lane.lane_instance.i_fpnew_cast_multi.gen_sign_inject[0]	22	96	0	0	0	0	0	1	40896	40896	0,0,0,0,0,0,0,0,0,0,0,0,0,0,0,0,0,0,0,0,0,0,0,0,0,0,0,0,0,0,0,0,0,0,0,0,0,0,0,0	0,0,0,0,0,0,0,0,0,0,0,0,0,0,0,0,0,0,0,0,0,0,0,0,0,0,0,1,0,0,0,0,0,0,0,0,0,0,0,0	2	0	0	0	0	1	40896	40896	0,0,0,0,0,0,0,0,0,0,0,0,0,0,0,0,0,0,0,0,0,0,0,0,0,0,0,0,0,0,0,0,0,0,0,0,0,0,0,0	0,0,0,0,0,0,0,0,0,0,0,0,0,0,0,0,0,0,0,0,0,0,0,0,0,0,0,1,0,0,0,0,0,0,0,0,0,0,0,0
tb.dut.clusters[0].cluster.sockets[0].socket.cores[0].core.execute.fpu_unit.genblk1[0].fpu_fpnew.genblk3[0].fpnew_core.gen_operation_groups[3].i_opgroup_block.gen_merged_slice.i_multifmt_slice.gen_num_lanes[0].active_lane.lane_instance.i_fpnew_cast_multi.gen_sign_inject[1]	22	96	0	0	0	0	0	1	40896	40896	0,0,0,0,0,0,0,0,0,0,0,0,0,0,0,0,0,0,0,0,0,0,0,0,0,0,0,0,0,0,0,0,0,0,0,0,0,0,0,0	0,0,0,0,0,0,0,0,0,0,0,0,0,0,0,0,0,0,0,0,0,0,0,0,0,0,0,1,0,0,0,0,0,0,0,0,0,0,0,0	2	0	0	0	0	1	40896	40896	0,0,0,0,0,0,0,0,0,0,0,0,0,0,0,0,0,0,0,0,0,0,0,0,0,0,0,0,0,0,0,0,0,0,0,0,0,0,0,0	0,0,0,0,0,0,0,0,0,0,0,0,0,0,0,0,0,0,0,0,0,0,0,0,0,0,0,1,0,0,0,0,0,0,0,0,0,0,0,0
tb.dut.clusters[0].cluster.sockets[0].socket.cores[0].core.execute.fpu_unit.genblk1[0].fpu_fpnew.genblk3[0].fpnew_core.gen_operation_groups[3].i_opgroup_block.gen_merged_slice.i_multifmt_slice.gen_num_lanes[0].active_lane.lane_instance.i_fpnew_cast_multi.gen_sign_inject[2]	22	96	0	0	0	0	0	1	40896	40896	0,0,0,0,0,0,0,0,0,0,0,0,0,0,0,0,0,0,0,0,0,0,0,0,0,0,0,0,0,0,0,0,0,0,0,0,0,0,0,0	0,0,0,0,0,0,0,0,0,0,0,0,0,0,0,0,0,0,0,0,0,0,0,0,0,0,0,1,0,0,0,0,0,0,0,0,0,0,0,0	2	0	0	0	0	1	40896	40896	0,0,0,0,0,0,0,0,0,0,0,0,0,0,0,0,0,0,0,0,0,0,0,0,0,0,0,0,0,0,0,0,0,0,0,0,0,0,0,0	0,0,0,0,0,0,0,0,0,0,0,0,0,0,0,0,0,0,0,0,0,0,0,0,0,0,0,1,0,0,0,0,0,0,0,0,0,0,0,0
tb.dut.clusters[0].cluster.sockets[0].socket.cores[0].core.execute.fpu_unit.genblk1[0].fpu_fpnew.genblk3[0].fpnew_core.gen_operation_groups[3].i_opgroup_block.gen_merged_slice.i_multifmt_slice.gen_num_lanes[0].active_lane.lane_instance.i_fpnew_cast_multi.gen_sign_inject[3]	22	96	0	0	0	0	0	1	40896	40896	0,0,0,0,0,0,0,0,0,0,0,0,0,0,0,0,0,0,0,0,0,0,0,0,0,0,0,0,0,0,0,0,0,0,0,0,0,0,0,0	0,0,0,0,0,0,0,0,0,0,0,0,0,0,0,0,0,0,0,0,0,0,0,0,0,0,0,1,0,0,0,0,0,0,0,0,0,0,0,0	2	0	0	0	0	1	40896	40896	0,0,0,0,0,0,0,0,0,0,0,0,0,0,0,0,0,0,0,0,0,0,0,0,0,0,0,0,0,0,0,0,0,0,0,0,0,0,0,0	0,0,0,0,0,0,0,0,0,0,0,0,0,0,0,0,0,0,0,0,0,0,0,0,0,0,0,1,0,0,0,0,0,0,0,0,0,0,0,0
tb.dut.clusters[0].cluster.sockets[0].socket.cores[0].core.execute.fpu_unit.genblk1[0].fpu_fpnew.genblk3[0].fpnew_core.gen_operation_groups[3].i_opgroup_block.gen_merged_slice.i_multifmt_slice.gen_num_lanes[0].active_lane.lane_instance.i_fpnew_cast_multi.gen_sign_inject[4]	22	96	0	0	0	0	0	1	40896	40896	0,0,0,0,0,0,0,0,0,0,0,0,0,0,0,0,0,0,0,0,0,0,0,0,0,0,0,0,0,0,0,0,0,0,0,0,0,0,0,0	0,0,0,0,0,0,0,0,0,0,0,0,0,0,0,0,0,0,0,0,0,0,0,0,0,0,0,1,0,0,0,0,0,0,0,0,0,0,0,0	2	0	0	0	0	1	40896	40896	0,0,0,0,0,0,0,0,0,0,0,0,0,0,0,0,0,0,0,0,0,0,0,0,0,0,0,0,0,0,0,0,0,0,0,0,0,0,0,0	0,0,0,0,0,0,0,0,0,0,0,0,0,0,0,0,0,0,0,0,0,0,0,0,0,0,0,1,0,0,0,0,0,0,0,0,0,0,0,0
tb.dut.clusters[0].cluster.sockets[0].socket.cores[0].core.execute.fpu_unit.genblk1[0].fpu_fpnew.genblk3[0].fpnew_core.gen_operation_groups[3].i_opgroup_block.gen_merged_slice.i_multifmt_slice.gen_num_lanes[0].active_lane.lane_instance.i_fpnew_cast_multi.gen_special_results[0]	22	159	0	0	0	0	0	1	40896	40896	0,0,0,0,0,0,0,0,0,0,0,0,0,0,0,0,0,0,0,0,0,0,0,0,0,0,0,0,0,0,0,0,0,0,0,0,0,0,0,0	0,0,0,0,0,0,0,0,0,0,0,0,0,0,0,0,0,0,0,0,0,0,0,0,0,0,0,1,0,0,0,0,0,0,0,0,0,0,0,0	2	0	0	0	0	1	40896	40896	0,0,0,0,0,0,0,0,0,0,0,0,0,0,0,0,0,0,0,0,0,0,0,0,0,0,0,0,0,0,0,0,0,0,0,0,0,0,0,0	0,0,0,0,0,0,0,0,0,0,0,0,0,0,0,0,0,0,0,0,0,0,0,0,0,0,0,1,0,0,0,0,0,0,0,0,0,0,0,0
tb.dut.clusters[0].cluster.sockets[0].socket.cores[0].core.execute.fpu_unit.genblk1[0].fpu_fpnew.genblk3[0].fpnew_core.gen_operation_groups[3].i_opgroup_block.gen_merged_slice.i_multifmt_slice.gen_num_lanes[0].active_lane.lane_instance.i_fpnew_cast_multi.gen_special_results[0].active_format	23	32	0	0	0	0	0	1	40896	40896	0,0,0,0,0,0,0,0,0,0,0,0,0,0,0,0,0,0,0,0,0,0,0,0,0,0,0,0,0,0,0,0,0,0,0,0,0,0,0,0	0,0,0,0,0,0,0,0,0,0,0,0,0,0,0,0,0,0,0,0,0,0,0,0,0,0,0,1,0,0,0,0,0,0,0,0,0,0,0,0	2	0	0	0	0	1	40896	40896	0,0,0,0,0,0,0,0,0,0,0,0,0,0,0,0,0,0,0,0,0,0,0,0,0,0,0,0,0,0,0,0,0,0,0,0,0,0,0,0	0,0,0,0,0,0,0,0,0,0,0,0,0,0,0,0,0,0,0,0,0,0,0,0,0,0,0,1,0,0,0,0,0,0,0,0,0,0,0,0
tb.dut.clusters[0].cluster.sockets[0].socket.cores[0].core.execute.fpu_unit.genblk1[0].fpu_fpnew.genblk3[0].fpnew_core.gen_operation_groups[3].i_opgroup_block.gen_merged_slice.i_multifmt_slice.gen_num_lanes[0].active_lane.lane_instance.i_fpnew_cast_multi.gen_special_results[0].active_format.special_results	24	32	0	0	0	0	0	1	40896	40896	0,0,0,0,0,0,0,0,0,0,0,0,0,0,0,0,0,0,0,0,0,0,0,0,0,0,0,0,0,0,0,0,0,0,0,0,0,0,0,0	0,0,0,0,0,0,0,0,0,0,0,0,0,0,0,0,0,0,0,0,0,0,0,0,0,0,0,1,0,0,0,0,0,0,0,0,0,0,0,0	2	0	0	0	0	1	40896	40896	0,0,0,0,0,0,0,0,0,0,0,0,0,0,0,0,0,0,0,0,0,0,0,0,0,0,0,0,0,0,0,0,0,0,0,0,0,0,0,0	0,0,0,0,0,0,0,0,0,0,0,0,0,0,0,0,0,0,0,0,0,0,0,0,0,0,0,1,0,0,0,0,0,0,0,0,0,0,0,0
tb.dut.clusters[0].cluster.sockets[0].socket.cores[0].core.execute.fpu_unit.genblk1[0].fpu_fpnew.genblk3[0].fpnew_core.gen_operation_groups[3].i_opgroup_block.gen_merged_slice.i_multifmt_slice.gen_num_lanes[0].active_lane.lane_instance.i_fpnew_cast_multi.gen_special_results[1]	22	159	0	0	0	0	0	1	40896	40896	0,0,0,0,0,0,0,0,0,0,0,0,0,0,0,0,0,0,0,0,0,0,0,0,0,0,0,0,0,0,0,0,0,0,0,0,0,0,0,0	0,0,0,0,0,0,0,0,0,0,0,0,0,0,0,0,0,0,0,0,0,0,0,0,0,0,0,1,0,0,0,0,0,0,0,0,0,0,0,0	2	0	0	0	0	1	40896	40896	0,0,0,0,0,0,0,0,0,0,0,0,0,0,0,0,0,0,0,0,0,0,0,0,0,0,0,0,0,0,0,0,0,0,0,0,0,0,0,0	0,0,0,0,0,0,0,0,0,0,0,0,0,0,0,0,0,0,0,0,0,0,0,0,0,0,0,1,0,0,0,0,0,0,0,0,0,0,0,0
tb.dut.clusters[0].cluster.sockets[0].socket.cores[0].core.execute.fpu_unit.genblk1[0].fpu_fpnew.genblk3[0].fpnew_core.gen_operation_groups[3].i_opgroup_block.gen_merged_slice.i_multifmt_slice.gen_num_lanes[0].active_lane.lane_instance.i_fpnew_cast_multi.gen_special_results[2]	22	111	0	0	0	0	0	1	40896	40896	0,0,0,0,0,0,0,0,0,0,0,0,0,0,0,0,0,0,0,0,0,0,0,0,0,0,0,0,0,0,0,0,0,0,0,0,0,0,0,0	0,0,0,0,0,0,0,0,0,0,0,0,0,0,0,0,0,0,0,0,0,0,0,0,0,0,0,1,0,0,0,0,0,0,0,0,0,0,0,0	2	0	0	0	0	1	40896	40896	0,0,0,0,0,0,0,0,0,0,0,0,0,0,0,0,0,0,0,0,0,0,0,0,0,0,0,0,0,0,0,0,0,0,0,0,0,0,0,0	0,0,0,0,0,0,0,0,0,0,0,0,0,0,0,0,0,0,0,0,0,0,0,0,0,0,0,1,0,0,0,0,0,0,0,0,0,0,0,0
tb.dut.clusters[0].cluster.sockets[0].socket.cores[0].core.execute.fpu_unit.genblk1[0].fpu_fpnew.genblk3[0].fpnew_core.gen_operation_groups[3].i_opgroup_block.gen_merged_slice.i_multifmt_slice.gen_num_lanes[0].active_lane.lane_instance.i_fpnew_cast_multi.gen_special_results[3]	22	103	0	0	0	0	0	1	40896	40896	0,0,0,0,0,0,0,0,0,0,0,0,0,0,0,0,0,0,0,0,0,0,0,0,0,0,0,0,0,0,0,0,0,0,0,0,0,0,0,0	0,0,0,0,0,0,0,0,0,0,0,0,0,0,0,0,0,0,0,0,0,0,0,0,0,0,0,1,0,0,0,0,0,0,0,0,0,0,0,0	2	0	0	0	0	1	40896	40896	0,0,0,0,0,0,0,0,0,0,0,0,0,0,0,0,0,0,0,0,0,0,0,0,0,0,0,0,0,0,0,0,0,0,0,0,0,0,0,0	0,0,0,0,0,0,0,0,0,0,0,0,0,0,0,0,0,0,0,0,0,0,0,0,0,0,0,1,0,0,0,0,0,0,0,0,0,0,0,0
tb.dut.clusters[0].cluster.sockets[0].socket.cores[0].core.execute.fpu_unit.genblk1[0].fpu_fpnew.genblk3[0].fpnew_core.gen_operation_groups[3].i_opgroup_block.gen_merged_slice.i_multifmt_slice.gen_num_lanes[0].active_lane.lane_instance.i_fpnew_cast_multi.gen_special_results[4]	22	111	0	0	0	0	0	1	40896	40896	0,0,0,0,0,0,0,0,0,0,0,0,0,0,0,0,0,0,0,0,0,0,0,0,0,0,0,0,0,0,0,0,0,0,0,0,0,0,0,0	0,0,0,0,0,0,0,0,0,0,0,0,0,0,0,0,0,0,0,0,0,0,0,0,0,0,0,1,0,0,0,0,0,0,0,0,0,0,0,0	2	0	0	0	0	1	40896	40896	0,0,0,0,0,0,0,0,0,0,0,0,0,0,0,0,0,0,0,0,0,0,0,0,0,0,0,0,0,0,0,0,0,0,0,0,0,0,0,0	0,0,0,0,0,0,0,0,0,0,0,0,0,0,0,0,0,0,0,0,0,0,0,0,0,0,0,1,0,0,0,0,0,0,0,0,0,0,0,0
tb.dut.clusters[0].cluster.sockets[0].socket.cores[0].core.execute.fpu_unit.genblk1[0].fpu_fpnew.genblk3[0].fpnew_core.gen_operation_groups[3].i_opgroup_block.gen_merged_slice.i_multifmt_slice.gen_num_lanes[0].active_lane.lane_instance.i_fpnew_cast_multi.gen_special_results_int[0]	22	32	0	0	0	0	0	1	40896	40896	0,0,0,0,0,0,0,0,0,0,0,0,0,0,0,0,0,0,0,0,0,0,0,0,0,0,0,0,0,0,0,0,0,0,0,0,0,0,0,0	0,0,0,0,0,0,0,0,0,0,0,0,0,0,0,0,0,0,0,0,0,0,0,0,0,0,0,1,0,0,0,0,0,0,0,0,0,0,0,0	2	0	0	0	0	1	40896	40896	0,0,0,0,0,0,0,0,0,0,0,0,0,0,0,0,0,0,0,0,0,0,0,0,0,0,0,0,0,0,0,0,0,0,0,0,0,0,0,0	0,0,0,0,0,0,0,0,0,0,0,0,0,0,0,0,0,0,0,0,0,0,0,0,0,0,0,1,0,0,0,0,0,0,0,0,0,0,0,0
tb.dut.clusters[0].cluster.sockets[0].socket.cores[0].core.execute.fpu_unit.genblk1[0].fpu_fpnew.genblk3[0].fpnew_core.gen_operation_groups[3].i_opgroup_block.gen_merged_slice.i_multifmt_slice.gen_num_lanes[0].active_lane.lane_instance.i_fpnew_cast_multi.gen_special_results_int[1]	22	32	0	0	0	0	0	1	40896	40896	0,0,0,0,0,0,0,0,0,0,0,0,0,0,0,0,0,0,0,0,0,0,0,0,0,0,0,0,0,0,0,0,0,0,0,0,0,0,0,0	0,0,0,0,0,0,0,0,0,0,0,0,0,0,0,0,0,0,0,0,0,0,0,0,0,0,0,1,0,0,0,0,0,0,0,0,0,0,0,0	2	0	0	0	0	1	40896	40896	0,0,0,0,0,0,0,0,0,0,0,0,0,0,0,0,0,0,0,0,0,0,0,0,0,0,0,0,0,0,0,0,0,0,0,0,0,0,0,0	0,0,0,0,0,0,0,0,0,0,0,0,0,0,0,0,0,0,0,0,0,0,0,0,0,0,0,1,0,0,0,0,0,0,0,0,0,0,0,0
tb.dut.clusters[0].cluster.sockets[0].socket.cores[0].core.execute.fpu_unit.genblk1[0].fpu_fpnew.genblk3[0].fpnew_core.gen_operation_groups[3].i_opgroup_block.gen_merged_slice.i_multifmt_slice.gen_num_lanes[0].active_lane.lane_instance.i_fpnew_cast_multi.gen_special_results_int[2]	22	32	0	0	0	0	0	1	40896	40896	0,0,0,0,0,0,0,0,0,0,0,0,0,0,0,0,0,0,0,0,0,0,0,0,0,0,0,0,0,0,0,0,0,0,0,0,0,0,0,0	0,0,0,0,0,0,0,0,0,0,0,0,0,0,0,0,0,0,0,0,0,0,0,0,0,0,0,1,0,0,0,0,0,0,0,0,0,0,0,0	2	0	0	0	0	1	40896	40896	0,0,0,0,0,0,0,0,0,0,0,0,0,0,0,0,0,0,0,0,0,0,0,0,0,0,0,0,0,0,0,0,0,0,0,0,0,0,0,0	0,0,0,0,0,0,0,0,0,0,0,0,0,0,0,0,0,0,0,0,0,0,0,0,0,0,0,1,0,0,0,0,0,0,0,0,0,0,0,0
tb.dut.clusters[0].cluster.sockets[0].socket.cores[0].core.execute.fpu_unit.genblk1[0].fpu_fpnew.genblk3[0].fpnew_core.gen_operation_groups[3].i_opgroup_block.gen_merged_slice.i_multifmt_slice.gen_num_lanes[0].active_lane.lane_instance.i_fpnew_cast_multi.gen_special_results_int[3]	22	32	0	0	0	0	0	1	40896	40896	0,0,0,0,0,0,0,0,0,0,0,0,0,0,0,0,0,0,0,0,0,0,0,0,0,0,0,0,0,0,0,0,0,0,0,0,0,0,0,0	0,0,0,0,0,0,0,0,0,0,0,0,0,0,0,0,0,0,0,0,0,0,0,0,0,0,0,1,0,0,0,0,0,0,0,0,0,0,0,0	2	0	0	0	0	1	40896	40896	0,0,0,0,0,0,0,0,0,0,0,0,0,0,0,0,0,0,0,0,0,0,0,0,0,0,0,0,0,0,0,0,0,0,0,0,0,0,0,0	0,0,0,0,0,0,0,0,0,0,0,0,0,0,0,0,0,0,0,0,0,0,0,0,0,0,0,1,0,0,0,0,0,0,0,0,0,0,0,0
tb.dut.clusters[0].cluster.sockets[0].socket.cores[0].core.execute.fpu_unit.genblk1[0].fpu_fpnew.genblk3[0].fpnew_core.gen_operation_groups[3].i_opgroup_block.gen_merged_slice.i_multifmt_slice.gen_num_lanes[0].active_lane.lane_instance.i_fpnew_cast_multi.i_fpnew_rounding	22	106	0	0	0	0	0	1	40896	40896	0,0,0,0,0,0,0,0,0,0,0,0,0,0,0,0,0,0,0,0,0,0,0,0,0,0,0,0,0,0,0,0,0,0,0,0,0,0,0,0	0,0,0,0,0,0,0,0,0,0,0,0,0,0,0,0,0,0,0,0,0,0,0,0,0,0,0,1,0,0,0,0,0,0,0,0,0,0,0,0	2	0	0	0	0	1	40896	40896	0,0,0,0,0,0,0,0,0,0,0,0,0,0,0,0,0,0,0,0,0,0,0,0,0,0,0,0,0,0,0,0,0,0,0,0,0,0,0,0	0,0,0,0,0,0,0,0,0,0,0,0,0,0,0,0,0,0,0,0,0,0,0,0,0,0,0,1,0,0,0,0,0,0,0,0,0,0,0,0
tb.dut.clusters[0].cluster.sockets[0].socket.cores[0].core.execute.fpu_unit.genblk1[0].fpu_fpnew.genblk3[0].fpnew_core.gen_operation_groups[3].i_opgroup_block.gen_merged_slice.i_multifmt_slice.gen_num_lanes[0].active_lane.lane_instance.i_fpnew_cast_multi.i_lzc	22	519	0	0	0	0	0	1	40896	40896	0,0,0,0,0,0,0,0,0,0,0,0,0,0,0,0,0,0,0,0,0,0,0,0,0,0,0,0,0,0,0,0,0,0,0,0,0,0,0,0	0,0,0,0,0,0,0,0,0,0,0,0,0,0,0,0,0,0,0,0,0,0,0,0,0,0,0,1,0,0,0,0,0,0,0,0,0,0,0,0	3	0	0	0	0	1	40896	40896	0,0,0,0,0,0,0,0,0,0,0,0,0,0,0,0,0,0,0,0,0,0,0,0,0,0,0,0,0,0,0,0,0,0,0,0,0,0,0,0	0,0,0,0,0,0,0,0,0,0,0,0,0,0,0,0,0,0,0,0,0,0,0,0,0,0,0,1,0,0,0,0,0,0,0,0,0,0,0,0
tb.dut.clusters[0].cluster.sockets[0].socket.cores[0].core.execute.fpu_unit.genblk1[0].fpu_fpnew.genblk3[0].fpnew_core.gen_operation_groups[3].i_opgroup_block.gen_merged_slice.i_multifmt_slice.gen_num_lanes[0].active_lane.lane_instance.i_fpnew_cast_multi.i_lzc.gen_lzc	23	416	0	0	0	0	0	1	40896	40896	0,0,0,0,0,0,0,0,0,0,0,0,0,0,0,0,0,0,0,0,0,0,0,0,0,0,0,0,0,0,0,0,0,0,0,0,0,0,0,0	0,0,0,0,0,0,0,0,0,0,0,0,0,0,0,0,0,0,0,0,0,0,0,0,0,0,0,1,0,0,0,0,0,0,0,0,0,0,0,0	3	0	0	0	0	1	40896	40896	0,0,0,0,0,0,0,0,0,0,0,0,0,0,0,0,0,0,0,0,0,0,0,0,0,0,0,0,0,0,0,0,0,0,0,0,0,0,0,0	0,0,0,0,0,0,0,0,0,0,0,0,0,0,0,0,0,0,0,0,0,0,0,0,0,0,0,1,0,0,0,0,0,0,0,0,0,0,0,0
tb.dut.clusters[0].cluster.sockets[0].socket.cores[0].core.execute.fpu_unit.genblk1[0].fpu_fpnew.genblk3[0].fpnew_core.gen_operation_groups[3].i_opgroup_block.gen_merged_slice.i_multifmt_slice.gen_num_lanes[0].int_results_enabled	19	128	0	0	0	0	0	1	40896	40896	0,0,0,0,0,0,0,0,0,0,0,0,0,0,0,0,0,0,0,0,0,0,0,0,0,0,0,0,0,0,0,0,0,0,0,0,0,0,0,0	0,0,0,0,0,0,0,0,0,0,0,0,0,0,0,0,0,0,0,0,0,0,0,0,0,0,0,1,0,0,0,0,0,0,0,0,0,0,0,0	2	0	0	0	0	1	40896	40896	0,0,0,0,0,0,0,0,0,0,0,0,0,0,0,0,0,0,0,0,0,0,0,0,0,0,0,0,0,0,0,0,0,0,0,0,0,0,0,0	0,0,0,0,0,0,0,0,0,0,0,0,0,0,0,0,0,0,0,0,0,0,0,0,0,0,0,1,0,0,0,0,0,0,0,0,0,0,0,0
tb.dut.clusters[0].cluster.sockets[0].socket.cores[0].core.execute.fpu_unit.genblk1[0].fpu_fpnew.genblk3[0].fpnew_core.gen_operation_groups[3].i_opgroup_block.gen_merged_slice.i_multifmt_slice.gen_num_lanes[0].int_results_enabled.pack_int_result[0]	20	32	0	0	0	0	0	1	40896	40896	0,0,0,0,0,0,0,0,0,0,0,0,0,0,0,0,0,0,0,0,0,0,0,0,0,0,0,0,0,0,0,0,0,0,0,0,0,0,0,0	0,0,0,0,0,0,0,0,0,0,0,0,0,0,0,0,0,0,0,0,0,0,0,0,0,0,0,1,0,0,0,0,0,0,0,0,0,0,0,0	2	0	0	0	0	1	40896	40896	0,0,0,0,0,0,0,0,0,0,0,0,0,0,0,0,0,0,0,0,0,0,0,0,0,0,0,0,0,0,0,0,0,0,0,0,0,0,0,0	0,0,0,0,0,0,0,0,0,0,0,0,0,0,0,0,0,0,0,0,0,0,0,0,0,0,0,1,0,0,0,0,0,0,0,0,0,0,0,0
tb.dut.clusters[0].cluster.sockets[0].socket.cores[0].core.execute.fpu_unit.genblk1[0].fpu_fpnew.genblk3[0].fpnew_core.gen_operation_groups[3].i_opgroup_block.gen_merged_slice.i_multifmt_slice.gen_num_lanes[0].int_results_enabled.pack_int_result[1]	20	32	0	0	0	0	0	1	40896	40896	0,0,0,0,0,0,0,0,0,0,0,0,0,0,0,0,0,0,0,0,0,0,0,0,0,0,0,0,0,0,0,0,0,0,0,0,0,0,0,0	0,0,0,0,0,0,0,0,0,0,0,0,0,0,0,0,0,0,0,0,0,0,0,0,0,0,0,1,0,0,0,0,0,0,0,0,0,0,0,0	2	0	0	0	0	1	40896	40896	0,0,0,0,0,0,0,0,0,0,0,0,0,0,0,0,0,0,0,0,0,0,0,0,0,0,0,0,0,0,0,0,0,0,0,0,0,0,0,0	0,0,0,0,0,0,0,0,0,0,0,0,0,0,0,0,0,0,0,0,0,0,0,0,0,0,0,1,0,0,0,0,0,0,0,0,0,0,0,0
tb.dut.clusters[0].cluster.sockets[0].socket.cores[0].core.execute.fpu_unit.genblk1[0].fpu_fpnew.genblk3[0].fpnew_core.gen_operation_groups[3].i_opgroup_block.gen_merged_slice.i_multifmt_slice.gen_num_lanes[0].int_results_enabled.pack_int_result[2]	20	32	0	0	0	0	0	1	40896	40896	0,0,0,0,0,0,0,0,0,0,0,0,0,0,0,0,0,0,0,0,0,0,0,0,0,0,0,0,0,0,0,0,0,0,0,0,0,0,0,0	0,0,0,0,0,0,0,0,0,0,0,0,0,0,0,0,0,0,0,0,0,0,0,0,0,0,0,1,0,0,0,0,0,0,0,0,0,0,0,0	2	0	0	0	0	1	40896	40896	0,0,0,0,0,0,0,0,0,0,0,0,0,0,0,0,0,0,0,0,0,0,0,0,0,0,0,0,0,0,0,0,0,0,0,0,0,0,0,0	0,0,0,0,0,0,0,0,0,0,0,0,0,0,0,0,0,0,0,0,0,0,0,0,0,0,0,1,0,0,0,0,0,0,0,0,0,0,0,0
tb.dut.clusters[0].cluster.sockets[0].socket.cores[0].core.execute.fpu_unit.genblk1[0].fpu_fpnew.genblk3[0].fpnew_core.gen_operation_groups[3].i_opgroup_block.gen_merged_slice.i_multifmt_slice.gen_num_lanes[0].int_results_enabled.pack_int_result[3]	20	32	0	0	0	0	0	1	40896	40896	0,0,0,0,0,0,0,0,0,0,0,0,0,0,0,0,0,0,0,0,0,0,0,0,0,0,0,0,0,0,0,0,0,0,0,0,0,0,0,0	0,0,0,0,0,0,0,0,0,0,0,0,0,0,0,0,0,0,0,0,0,0,0,0,0,0,0,1,0,0,0,0,0,0,0,0,0,0,0,0	2	0	0	0	0	1	40896	40896	0,0,0,0,0,0,0,0,0,0,0,0,0,0,0,0,0,0,0,0,0,0,0,0,0,0,0,0,0,0,0,0,0,0,0,0,0,0,0,0	0,0,0,0,0,0,0,0,0,0,0,0,0,0,0,0,0,0,0,0,0,0,0,0,0,0,0,1,0,0,0,0,0,0,0,0,0,0,0,0
tb.dut.clusters[0].cluster.sockets[0].socket.cores[0].core.execute.fpu_unit.genblk1[0].fpu_fpnew.genblk3[0].fpnew_core.gen_operation_groups[3].i_opgroup_block.gen_merged_slice.i_multifmt_slice.gen_num_lanes[0].pack_fp_result[0]	19	32	0	0	0	0	0	1	40896	40896	0,0,0,0,0,0,0,0,0,0,0,0,0,0,0,0,0,0,0,0,0,0,0,0,0,0,0,0,0,0,0,0,0,0,0,0,0,0,0,0	0,0,0,0,0,0,0,0,0,0,0,0,0,0,0,0,0,0,0,0,0,0,0,0,0,0,0,1,0,0,0,0,0,0,0,0,0,0,0,0	2	0	0	0	0	1	40896	40896	0,0,0,0,0,0,0,0,0,0,0,0,0,0,0,0,0,0,0,0,0,0,0,0,0,0,0,0,0,0,0,0,0,0,0,0,0,0,0,0	0,0,0,0,0,0,0,0,0,0,0,0,0,0,0,0,0,0,0,0,0,0,0,0,0,0,0,1,0,0,0,0,0,0,0,0,0,0,0,0
tb.dut.clusters[0].cluster.sockets[0].socket.cores[0].core.execute.fpu_unit.genblk1[0].fpu_fpnew.genblk3[0].fpnew_core.gen_operation_groups[3].i_opgroup_block.gen_merged_slice.i_multifmt_slice.gen_num_lanes[0].pack_fp_result[1]	19	32	0	0	0	0	0	1	40896	40896	0,0,0,0,0,0,0,0,0,0,0,0,0,0,0,0,0,0,0,0,0,0,0,0,0,0,0,0,0,0,0,0,0,0,0,0,0,0,0,0	0,0,0,0,0,0,0,0,0,0,0,0,0,0,0,0,0,0,0,0,0,0,0,0,0,0,0,1,0,0,0,0,0,0,0,0,0,0,0,0	2	0	0	0	0	1	40896	40896	0,0,0,0,0,0,0,0,0,0,0,0,0,0,0,0,0,0,0,0,0,0,0,0,0,0,0,0,0,0,0,0,0,0,0,0,0,0,0,0	0,0,0,0,0,0,0,0,0,0,0,0,0,0,0,0,0,0,0,0,0,0,0,0,0,0,0,1,0,0,0,0,0,0,0,0,0,0,0,0
tb.dut.clusters[0].cluster.sockets[0].socket.cores[0].core.execute.fpu_unit.genblk1[0].fpu_fpnew.genblk3[0].fpnew_core.gen_operation_groups[3].i_opgroup_block.gen_merged_slice.i_multifmt_slice.gen_num_lanes[0].pack_fp_result[2]	19	32	0	0	0	0	0	1	40896	40896	0,0,0,0,0,0,0,0,0,0,0,0,0,0,0,0,0,0,0,0,0,0,0,0,0,0,0,0,0,0,0,0,0,0,0,0,0,0,0,0	0,0,0,0,0,0,0,0,0,0,0,0,0,0,0,0,0,0,0,0,0,0,0,0,0,0,0,1,0,0,0,0,0,0,0,0,0,0,0,0	2	0	0	0	0	1	40896	40896	0,0,0,0,0,0,0,0,0,0,0,0,0,0,0,0,0,0,0,0,0,0,0,0,0,0,0,0,0,0,0,0,0,0,0,0,0,0,0,0	0,0,0,0,0,0,0,0,0,0,0,0,0,0,0,0,0,0,0,0,0,0,0,0,0,0,0,1,0,0,0,0,0,0,0,0,0,0,0,0
tb.dut.clusters[0].cluster.sockets[0].socket.cores[0].core.execute.fpu_unit.genblk1[0].fpu_fpnew.genblk3[0].fpnew_core.gen_operation_groups[3].i_opgroup_block.gen_merged_slice.i_multifmt_slice.gen_num_lanes[0].pack_fp_result[3]	19	32	0	0	0	0	0	1	40896	40896	0,0,0,0,0,0,0,0,0,0,0,0,0,0,0,0,0,0,0,0,0,0,0,0,0,0,0,0,0,0,0,0,0,0,0,0,0,0,0,0	0,0,0,0,0,0,0,0,0,0,0,0,0,0,0,0,0,0,0,0,0,0,0,0,0,0,0,1,0,0,0,0,0,0,0,0,0,0,0,0	2	0	0	0	0	1	40896	40896	0,0,0,0,0,0,0,0,0,0,0,0,0,0,0,0,0,0,0,0,0,0,0,0,0,0,0,0,0,0,0,0,0,0,0,0,0,0,0,0	0,0,0,0,0,0,0,0,0,0,0,0,0,0,0,0,0,0,0,0,0,0,0,0,0,0,0,1,0,0,0,0,0,0,0,0,0,0,0,0
tb.dut.clusters[0].cluster.sockets[0].socket.cores[0].core.execute.fpu_unit.genblk1[0].fpu_fpnew.genblk3[0].fpnew_core.gen_operation_groups[3].i_opgroup_block.gen_merged_slice.i_multifmt_slice.gen_num_lanes[0].pack_fp_result[4]	19	32	0	0	0	0	0	1	40896	40896	0,0,0,0,0,0,0,0,0,0,0,0,0,0,0,0,0,0,0,0,0,0,0,0,0,0,0,0,0,0,0,0,0,0,0,0,0,0,0,0	0,0,0,0,0,0,0,0,0,0,0,0,0,0,0,0,0,0,0,0,0,0,0,0,0,0,0,1,0,0,0,0,0,0,0,0,0,0,0,0	2	0	0	0	0	1	40896	40896	0,0,0,0,0,0,0,0,0,0,0,0,0,0,0,0,0,0,0,0,0,0,0,0,0,0,0,0,0,0,0,0,0,0,0,0,0,0,0,0	0,0,0,0,0,0,0,0,0,0,0,0,0,0,0,0,0,0,0,0,0,0,0,0,0,0,0,1,0,0,0,0,0,0,0,0,0,0,0,0
tb.dut.clusters[0].cluster.sockets[0].socket.cores[0].core.execute.fpu_unit.genblk1[0].fpu_fpnew.genblk3[0].fpnew_core.gen_operation_groups[3].i_opgroup_block.gen_merged_slice.i_multifmt_slice.target_regs	18	227	0	0	0	0	0	1	40896	40896	0,0,0,0,0,0,0,0,0,0,0,0,0,0,0,0,0,0,0,0,0,0,0,0,0,0,0,0,0,0,0,0,0,0,0,0,0,0,0,0	0,0,0,0,0,0,0,0,0,0,0,0,0,0,0,0,0,0,0,0,0,0,0,0,0,0,0,1,0,0,0,0,0,0,0,0,0,0,0,0	2	0	0	0	0	1	40896	40896	0,0,0,0,0,0,0,0,0,0,0,0,0,0,0,0,0,0,0,0,0,0,0,0,0,0,0,0,0,0,0,0,0,0,0,0,0,0,0,0	0,0,0,0,0,0,0,0,0,0,0,0,0,0,0,0,0,0,0,0,0,0,0,0,0,0,0,1,0,0,0,0,0,0,0,0,0,0,0,0
tb.dut.clusters[0].cluster.sockets[0].socket.cores[0].core.execute.fpu_unit.genblk1[0].fpu_fpnew.genblk3[0].fpnew_core.gen_operation_groups[3].i_opgroup_block.gen_merged_slice.i_multifmt_slice.target_regs.gen_bypass_pipeline[0]	19	1	0	0	0	0	0	1	40896	40896	0,0,0,0,0,0,0,0,0,0,0,0,0,0,0,0,0,0,0,0,0,0,0,0,0,0,0,0,0,0,0,0,0,0,0,0,0,0,0,0	0,0,0,0,0,0,0,0,0,0,0,0,0,0,0,0,0,0,0,0,0,0,0,0,0,0,0,1,0,0,0,0,0,0,0,0,0,0,0,0	2	0	0	0	0	1	40896	40896	0,0,0,0,0,0,0,0,0,0,0,0,0,0,0,0,0,0,0,0,0,0,0,0,0,0,0,0,0,0,0,0,0,0,0,0,0,0,0,0	0,0,0,0,0,0,0,0,0,0,0,0,0,0,0,0,0,0,0,0,0,0,0,0,0,0,0,1,0,0,0,0,0,0,0,0,0,0,0,0
tb.dut.clusters[0].cluster.sockets[0].socket.cores[0].core.execute.fpu_unit.genblk1[0].fpu_fpnew.genblk3[0].fpnew_core.gen_operation_groups[3].i_opgroup_block.gen_merged_slice.i_multifmt_slice.target_regs.gen_bypass_pipeline[1]	19	1	0	0	0	0	0	1	40896	40896	0,0,0,0,0,0,0,0,0,0,0,0,0,0,0,0,0,0,0,0,0,0,0,0,0,0,0,0,0,0,0,0,0,0,0,0,0,0,0,0	0,0,0,0,0,0,0,0,0,0,0,0,0,0,0,0,0,0,0,0,0,0,0,0,0,0,0,1,0,0,0,0,0,0,0,0,0,0,0,0	2	0	0	0	0	1	40896	40896	0,0,0,0,0,0,0,0,0,0,0,0,0,0,0,0,0,0,0,0,0,0,0,0,0,0,0,0,0,0,0,0,0,0,0,0,0,0,0,0	0,0,0,0,0,0,0,0,0,0,0,0,0,0,0,0,0,0,0,0,0,0,0,0,0,0,0,1,0,0,0,0,0,0,0,0,0,0,0,0
tb.dut.clusters[0].cluster.sockets[0].socket.cores[0].core.execute.fpu_unit.genblk1[0].fpu_fpnew.genblk3[0].fpnew_core.gen_operation_groups[3].i_opgroup_block.gen_merged_slice.i_multifmt_slice.target_regs.gen_bypass_pipeline[2]	19	1	0	0	0	0	0	1	40896	40896	0,0,0,0,0,0,0,0,0,0,0,0,0,0,0,0,0,0,0,0,0,0,0,0,0,0,0,0,0,0,0,0,0,0,0,0,0,0,0,0	0,0,0,0,0,0,0,0,0,0,0,0,0,0,0,0,0,0,0,0,0,0,0,0,0,0,0,1,0,0,0,0,0,0,0,0,0,0,0,0	2	0	0	0	0	1	40896	40896	0,0,0,0,0,0,0,0,0,0,0,0,0,0,0,0,0,0,0,0,0,0,0,0,0,0,0,0,0,0,0,0,0,0,0,0,0,0,0,0	0,0,0,0,0,0,0,0,0,0,0,0,0,0,0,0,0,0,0,0,0,0,0,0,0,0,0,1,0,0,0,0,0,0,0,0,0,0,0,0
tb.dut.clusters[0].cluster.sockets[0].socket.cores[0].core.execute.fpu_unit.genblk1[0].fpu_fpnew.genblk3[0].fpnew_core.gen_operation_groups[3].i_opgroup_block.gen_merged_slice.i_multifmt_slice.target_regs.gen_bypass_pipeline[3]	19	1	0	0	0	0	0	1	40896	40896	0,0,0,0,0,0,0,0,0,0,0,0,0,0,0,0,0,0,0,0,0,0,0,0,0,0,0,0,0,0,0,0,0,0,0,0,0,0,0,0	0,0,0,0,0,0,0,0,0,0,0,0,0,0,0,0,0,0,0,0,0,0,0,0,0,0,0,1,0,0,0,0,0,0,0,0,0,0,0,0	2	0	0	0	0	1	40896	40896	0,0,0,0,0,0,0,0,0,0,0,0,0,0,0,0,0,0,0,0,0,0,0,0,0,0,0,0,0,0,0,0,0,0,0,0,0,0,0,0	0,0,0,0,0,0,0,0,0,0,0,0,0,0,0,0,0,0,0,0,0,0,0,0,0,0,0,1,0,0,0,0,0,0,0,0,0,0,0,0
tb.dut.clusters[0].cluster.sockets[0].socket.cores[0].core.execute.fpu_unit.genblk1[0].fpu_fpnew.genblk3[0].fpnew_core.gen_operation_groups[3].i_opgroup_block.gen_merged_slice.i_multifmt_slice.target_regs.gen_bypass_pipeline[4]	19	1	0	0	0	0	0	1	40896	40896	0,0,0,0,0,0,0,0,0,0,0,0,0,0,0,0,0,0,0,0,0,0,0,0,0,0,0,0,0,0,0,0,0,0,0,0,0,0,0,0	0,0,0,0,0,0,0,0,0,0,0,0,0,0,0,0,0,0,0,0,0,0,0,0,0,0,0,1,0,0,0,0,0,0,0,0,0,0,0,0	2	0	0	0	0	1	40896	40896	0,0,0,0,0,0,0,0,0,0,0,0,0,0,0,0,0,0,0,0,0,0,0,0,0,0,0,0,0,0,0,0,0,0,0,0,0,0,0,0	0,0,0,0,0,0,0,0,0,0,0,0,0,0,0,0,0,0,0,0,0,0,0,0,0,0,0,1,0,0,0,0,0,0,0,0,0,0,0,0
tb.dut.clusters[0].cluster.sockets[0].socket.cores[0].core.execute.fpu_unit.genblk1[0].fpu_fpnew.genblk3[0].fpnew_core.gen_operation_groups[3].i_opgroup_block.gen_parallel_slices[0]	16	2	0	0	0	0	0	1	40896	40896	0,0,0,0,0,0,0,0,0,0,0,0,0,0,0,0,0,0,0,0,0,0,0,0,0,0,0,0,0,0,0,0,0,0,0,0,0,0,0,0	0,0,0,0,0,0,0,0,0,0,0,0,0,0,0,0,0,0,0,0,0,0,0,0,0,0,0,1,0,0,0,0,0,0,0,0,0,0,0,0	2	0	0	0	0	1	40896	40896	0,0,0,0,0,0,0,0,0,0,0,0,0,0,0,0,0,0,0,0,0,0,0,0,0,0,0,0,0,0,0,0,0,0,0,0,0,0,0,0	0,0,0,0,0,0,0,0,0,0,0,0,0,0,0,0,0,0,0,0,0,0,0,0,0,0,0,1,0,0,0,0,0,0,0,0,0,0,0,0
tb.dut.clusters[0].cluster.sockets[0].socket.cores[0].core.execute.fpu_unit.genblk1[0].fpu_fpnew.genblk3[0].fpnew_core.gen_operation_groups[3].i_opgroup_block.gen_parallel_slices[1]	16	2	0	0	0	0	0	1	40896	40896	0,0,0,0,0,0,0,0,0,0,0,0,0,0,0,0,0,0,0,0,0,0,0,0,0,0,0,0,0,0,0,0,0,0,0,0,0,0,0,0	0,0,0,0,0,0,0,0,0,0,0,0,0,0,0,0,0,0,0,0,0,0,0,0,0,0,0,1,0,0,0,0,0,0,0,0,0,0,0,0	2	0	0	0	0	1	40896	40896	0,0,0,0,0,0,0,0,0,0,0,0,0,0,0,0,0,0,0,0,0,0,0,0,0,0,0,0,0,0,0,0,0,0,0,0,0,0,0,0	0,0,0,0,0,0,0,0,0,0,0,0,0,0,0,0,0,0,0,0,0,0,0,0,0,0,0,1,0,0,0,0,0,0,0,0,0,0,0,0
tb.dut.clusters[0].cluster.sockets[0].socket.cores[0].core.execute.fpu_unit.genblk1[0].fpu_fpnew.genblk3[0].fpnew_core.gen_operation_groups[3].i_opgroup_block.gen_parallel_slices[2]	16	2	0	0	0	0	0	1	40896	40896	0,0,0,0,0,0,0,0,0,0,0,0,0,0,0,0,0,0,0,0,0,0,0,0,0,0,0,0,0,0,0,0,0,0,0,0,0,0,0,0	0,0,0,0,0,0,0,0,0,0,0,0,0,0,0,0,0,0,0,0,0,0,0,0,0,0,0,1,0,0,0,0,0,0,0,0,0,0,0,0	2	0	0	0	0	1	40896	40896	0,0,0,0,0,0,0,0,0,0,0,0,0,0,0,0,0,0,0,0,0,0,0,0,0,0,0,0,0,0,0,0,0,0,0,0,0,0,0,0	0,0,0,0,0,0,0,0,0,0,0,0,0,0,0,0,0,0,0,0,0,0,0,0,0,0,0,1,0,0,0,0,0,0,0,0,0,0,0,0
tb.dut.clusters[0].cluster.sockets[0].socket.cores[0].core.execute.fpu_unit.genblk1[0].fpu_fpnew.genblk3[0].fpnew_core.gen_operation_groups[3].i_opgroup_block.gen_parallel_slices[3]	16	2	0	0	0	0	0	1	40896	40896	0,0,0,0,0,0,0,0,0,0,0,0,0,0,0,0,0,0,0,0,0,0,0,0,0,0,0,0,0,0,0,0,0,0,0,0,0,0,0,0	0,0,0,0,0,0,0,0,0,0,0,0,0,0,0,0,0,0,0,0,0,0,0,0,0,0,0,1,0,0,0,0,0,0,0,0,0,0,0,0	2	0	0	0	0	1	40896	40896	0,0,0,0,0,0,0,0,0,0,0,0,0,0,0,0,0,0,0,0,0,0,0,0,0,0,0,0,0,0,0,0,0,0,0,0,0,0,0,0	0,0,0,0,0,0,0,0,0,0,0,0,0,0,0,0,0,0,0,0,0,0,0,0,0,0,0,1,0,0,0,0,0,0,0,0,0,0,0,0
tb.dut.clusters[0].cluster.sockets[0].socket.cores[0].core.execute.fpu_unit.genblk1[0].fpu_fpnew.genblk3[0].fpnew_core.gen_operation_groups[3].i_opgroup_block.gen_parallel_slices[4]	16	2	0	0	0	0	0	1	40896	40896	0,0,0,0,0,0,0,0,0,0,0,0,0,0,0,0,0,0,0,0,0,0,0,0,0,0,0,0,0,0,0,0,0,0,0,0,0,0,0,0	0,0,0,0,0,0,0,0,0,0,0,0,0,0,0,0,0,0,0,0,0,0,0,0,0,0,0,1,0,0,0,0,0,0,0,0,0,0,0,0	2	0	0	0	0	1	40896	40896	0,0,0,0,0,0,0,0,0,0,0,0,0,0,0,0,0,0,0,0,0,0,0,0,0,0,0,0,0,0,0,0,0,0,0,0,0,0,0,0	0,0,0,0,0,0,0,0,0,0,0,0,0,0,0,0,0,0,0,0,0,0,0,0,0,0,0,1,0,0,0,0,0,0,0,0,0,0,0,0
tb.dut.clusters[0].cluster.sockets[0].socket.cores[0].core.execute.fpu_unit.genblk1[0].fpu_fpnew.genblk3[0].fpnew_core.gen_operation_groups[3].i_opgroup_block.i_arbiter	16	1510	4	2	2	2	1	3	40894	40872	2,0,0,0,0,0,0,0,0,0,0,0,0,0,0,0,0,0,0,0,0,0,0,0,0,0,0,0,0,0,0,0,0,0,0,0,0,0,0,0	0,0,1,0,0,0,0,0,0,0,0,0,0,0,0,0,1,0,0,0,0,0,0,0,0,0,0,1,0,0,0,0,0,0,0,0,0,0,0,0	8	0	0	0	0	1	40896	40896	0,0,0,0,0,0,0,0,0,0,0,0,0,0,0,0,0,0,0,0,0,0,0,0,0,0,0,0,0,0,0,0,0,0,0,0,0,0,0,0	0,0,0,0,0,0,0,0,0,0,0,0,0,0,0,0,0,0,0,0,0,0,0,0,0,0,0,1,0,0,0,0,0,0,0,0,0,0,0,0
tb.dut.clusters[0].cluster.sockets[0].socket.cores[0].core.execute.fpu_unit.genblk1[0].fpu_fpnew.genblk3[0].fpnew_core.gen_operation_groups[3].i_opgroup_block.i_arbiter.gen_arbiter	17	1150	0	0	0	0	0	1	40896	40896	0,0,0,0,0,0,0,0,0,0,0,0,0,0,0,0,0,0,0,0,0,0,0,0,0,0,0,0,0,0,0,0,0,0,0,0,0,0,0,0	0,0,0,0,0,0,0,0,0,0,0,0,0,0,0,0,0,0,0,0,0,0,0,0,0,0,0,1,0,0,0,0,0,0,0,0,0,0,0,0	6	0	0	0	0	1	40896	40896	0,0,0,0,0,0,0,0,0,0,0,0,0,0,0,0,0,0,0,0,0,0,0,0,0,0,0,0,0,0,0,0,0,0,0,0,0,0,0,0	0,0,0,0,0,0,0,0,0,0,0,0,0,0,0,0,0,0,0,0,0,0,0,0,0,0,0,1,0,0,0,0,0,0,0,0,0,0,0,0
tb.dut.clusters[0].cluster.sockets[0].socket.cores[0].core.execute.fpu_unit.genblk1[0].fpu_fpnew.genblk3[0].fpnew_core.gen_operation_groups[3].i_opgroup_block.i_arbiter.gen_arbiter.gen_int_rr	18	340	0	0	0	0	0	1	40896	40896	0,0,0,0,0,0,0,0,0,0,0,0,0,0,0,0,0,0,0,0,0,0,0,0,0,0,0,0,0,0,0,0,0,0,0,0,0,0,0,0	0,0,0,0,0,0,0,0,0,0,0,0,0,0,0,0,0,0,0,0,0,0,0,0,0,0,0,1,0,0,0,0,0,0,0,0,0,0,0,0	2	0	0	0	0	1	40896	40896	0,0,0,0,0,0,0,0,0,0,0,0,0,0,0,0,0,0,0,0,0,0,0,0,0,0,0,0,0,0,0,0,0,0,0,0,0,0,0,0	0,0,0,0,0,0,0,0,0,0,0,0,0,0,0,0,0,0,0,0,0,0,0,0,0,0,0,1,0,0,0,0,0,0,0,0,0,0,0,0
tb.dut.clusters[0].cluster.sockets[0].socket.cores[0].core.execute.fpu_unit.genblk1[0].fpu_fpnew.genblk3[0].fpnew_core.gen_operation_groups[3].i_opgroup_block.i_arbiter.gen_arbiter.gen_int_rr.gen_fair_arb	19	337	0	0	0	0	0	1	40896	40896	0,0,0,0,0,0,0,0,0,0,0,0,0,0,0,0,0,0,0,0,0,0,0,0,0,0,0,0,0,0,0,0,0,0,0,0,0,0,0,0	0,0,0,0,0,0,0,0,0,0,0,0,0,0,0,0,0,0,0,0,0,0,0,0,0,0,0,1,0,0,0,0,0,0,0,0,0,0,0,0	2	0	0	0	0	1	40896	40896	0,0,0,0,0,0,0,0,0,0,0,0,0,0,0,0,0,0,0,0,0,0,0,0,0,0,0,0,0,0,0,0,0,0,0,0,0,0,0,0	0,0,0,0,0,0,0,0,0,0,0,0,0,0,0,0,0,0,0,0,0,0,0,0,0,0,0,1,0,0,0,0,0,0,0,0,0,0,0,0
tb.dut.clusters[0].cluster.sockets[0].socket.cores[0].core.execute.fpu_unit.genblk1[0].fpu_fpnew.genblk3[0].fpnew_core.gen_operation_groups[3].i_opgroup_block.i_arbiter.gen_arbiter.gen_int_rr.gen_fair_arb.i_lzc_lower	20	158	0	0	0	0	0	1	40896	40896	0,0,0,0,0,0,0,0,0,0,0,0,0,0,0,0,0,0,0,0,0,0,0,0,0,0,0,0,0,0,0,0,0,0,0,0,0,0,0,0	0,0,0,0,0,0,0,0,0,0,0,0,0,0,0,0,0,0,0,0,0,0,0,0,0,0,0,1,0,0,0,0,0,0,0,0,0,0,0,0	2	0	0	0	0	1	40896	40896	0,0,0,0,0,0,0,0,0,0,0,0,0,0,0,0,0,0,0,0,0,0,0,0,0,0,0,0,0,0,0,0,0,0,0,0,0,0,0,0	0,0,0,0,0,0,0,0,0,0,0,0,0,0,0,0,0,0,0,0,0,0,0,0,0,0,0,1,0,0,0,0,0,0,0,0,0,0,0,0
tb.dut.clusters[0].cluster.sockets[0].socket.cores[0].core.execute.fpu_unit.genblk1[0].fpu_fpnew.genblk3[0].fpnew_core.gen_operation_groups[3].i_opgroup_block.i_arbiter.gen_arbiter.gen_int_rr.gen_fair_arb.i_lzc_lower.gen_lzc	21	84	0	0	0	0	0	1	40896	40896	0,0,0,0,0,0,0,0,0,0,0,0,0,0,0,0,0,0,0,0,0,0,0,0,0,0,0,0,0,0,0,0,0,0,0,0,0,0,0,0	0,0,0,0,0,0,0,0,0,0,0,0,0,0,0,0,0,0,0,0,0,0,0,0,0,0,0,1,0,0,0,0,0,0,0,0,0,0,0,0	2	0	0	0	0	1	40896	40896	0,0,0,0,0,0,0,0,0,0,0,0,0,0,0,0,0,0,0,0,0,0,0,0,0,0,0,0,0,0,0,0,0,0,0,0,0,0,0,0	0,0,0,0,0,0,0,0,0,0,0,0,0,0,0,0,0,0,0,0,0,0,0,0,0,0,0,1,0,0,0,0,0,0,0,0,0,0,0,0
tb.dut.clusters[0].cluster.sockets[0].socket.cores[0].core.execute.fpu_unit.genblk1[0].fpu_fpnew.genblk3[0].fpnew_core.gen_operation_groups[3].i_opgroup_block.i_arbiter.gen_arbiter.gen_int_rr.gen_fair_arb.i_lzc_upper	20	158	0	0	0	0	0	1	40896	40896	0,0,0,0,0,0,0,0,0,0,0,0,0,0,0,0,0,0,0,0,0,0,0,0,0,0,0,0,0,0,0,0,0,0,0,0,0,0,0,0	0,0,0,0,0,0,0,0,0,0,0,0,0,0,0,0,0,0,0,0,0,0,0,0,0,0,0,1,0,0,0,0,0,0,0,0,0,0,0,0	2	0	0	0	0	1	40896	40896	0,0,0,0,0,0,0,0,0,0,0,0,0,0,0,0,0,0,0,0,0,0,0,0,0,0,0,0,0,0,0,0,0,0,0,0,0,0,0,0	0,0,0,0,0,0,0,0,0,0,0,0,0,0,0,0,0,0,0,0,0,0,0,0,0,0,0,1,0,0,0,0,0,0,0,0,0,0,0,0
tb.dut.clusters[0].cluster.sockets[0].socket.cores[0].core.execute.fpu_unit.genblk1[0].fpu_fpnew.genblk3[0].fpnew_core.gen_operation_groups[3].i_opgroup_block.i_arbiter.gen_arbiter.gen_int_rr.gen_fair_arb.i_lzc_upper.gen_lzc	21	84	0	0	0	0	0	1	40896	40896	0,0,0,0,0,0,0,0,0,0,0,0,0,0,0,0,0,0,0,0,0,0,0,0,0,0,0,0,0,0,0,0,0,0,0,0,0,0,0,0	0,0,0,0,0,0,0,0,0,0,0,0,0,0,0,0,0,0,0,0,0,0,0,0,0,0,0,1,0,0,0,0,0,0,0,0,0,0,0,0	2	0	0	0	0	1	40896	40896	0,0,0,0,0,0,0,0,0,0,0,0,0,0,0,0,0,0,0,0,0,0,0,0,0,0,0,0,0,0,0,0,0,0,0,0,0,0,0,0	0,0,0,0,0,0,0,0,0,0,0,0,0,0,0,0,0,0,0,0,0,0,0,0,0,0,0,1,0,0,0,0,0,0,0,0,0,0,0,0
tb.dut.clusters[0].cluster.sockets[0].socket.cores[0].core.execute.fpu_unit.genblk1[0].fpu_fpnew.genblk3[0].fpnew_core.gen_operation_groups[3].i_opgroup_block.i_arbiter.gen_arbiter.gen_levels[0]	18	65	0	0	0	0	0	1	40896	40896	0,0,0,0,0,0,0,0,0,0,0,0,0,0,0,0,0,0,0,0,0,0,0,0,0,0,0,0,0,0,0,0,0,0,0,0,0,0,0,0	0,0,0,0,0,0,0,0,0,0,0,0,0,0,0,0,0,0,0,0,0,0,0,0,0,0,0,1,0,0,0,0,0,0,0,0,0,0,0,0	2	0	0	0	0	1	40896	40896	0,0,0,0,0,0,0,0,0,0,0,0,0,0,0,0,0,0,0,0,0,0,0,0,0,0,0,0,0,0,0,0,0,0,0,0,0,0,0,0	0,0,0,0,0,0,0,0,0,0,0,0,0,0,0,0,0,0,0,0,0,0,0,0,0,0,0,1,0,0,0,0,0,0,0,0,0,0,0,0
tb.dut.clusters[0].cluster.sockets[0].socket.cores[0].core.execute.fpu_unit.genblk1[0].fpu_fpnew.genblk3[0].fpnew_core.gen_operation_groups[3].i_opgroup_block.i_arbiter.gen_arbiter.gen_levels[0].gen_level[0]	19	65	0	0	0	0	0	1	40896	40896	0,0,0,0,0,0,0,0,0,0,0,0,0,0,0,0,0,0,0,0,0,0,0,0,0,0,0,0,0,0,0,0,0,0,0,0,0,0,0,0	0,0,0,0,0,0,0,0,0,0,0,0,0,0,0,0,0,0,0,0,0,0,0,0,0,0,0,1,0,0,0,0,0,0,0,0,0,0,0,0	2	0	0	0	0	1	40896	40896	0,0,0,0,0,0,0,0,0,0,0,0,0,0,0,0,0,0,0,0,0,0,0,0,0,0,0,0,0,0,0,0,0,0,0,0,0,0,0,0	0,0,0,0,0,0,0,0,0,0,0,0,0,0,0,0,0,0,0,0,0,0,0,0,0,0,0,1,0,0,0,0,0,0,0,0,0,0,0,0
tb.dut.clusters[0].cluster.sockets[0].socket.cores[0].core.execute.fpu_unit.genblk1[0].fpu_fpnew.genblk3[0].fpnew_core.gen_operation_groups[3].i_opgroup_block.i_arbiter.gen_arbiter.gen_levels[1]	18	130	0	0	0	0	0	1	40896	40896	0,0,0,0,0,0,0,0,0,0,0,0,0,0,0,0,0,0,0,0,0,0,0,0,0,0,0,0,0,0,0,0,0,0,0,0,0,0,0,0	0,0,0,0,0,0,0,0,0,0,0,0,0,0,0,0,0,0,0,0,0,0,0,0,0,0,0,1,0,0,0,0,0,0,0,0,0,0,0,0	2	0	0	0	0	1	40896	40896	0,0,0,0,0,0,0,0,0,0,0,0,0,0,0,0,0,0,0,0,0,0,0,0,0,0,0,0,0,0,0,0,0,0,0,0,0,0,0,0	0,0,0,0,0,0,0,0,0,0,0,0,0,0,0,0,0,0,0,0,0,0,0,0,0,0,0,1,0,0,0,0,0,0,0,0,0,0,0,0
tb.dut.clusters[0].cluster.sockets[0].socket.cores[0].core.execute.fpu_unit.genblk1[0].fpu_fpnew.genblk3[0].fpnew_core.gen_operation_groups[3].i_opgroup_block.i_arbiter.gen_arbiter.gen_levels[1].gen_level[0]	19	65	0	0	0	0	0	1	40896	40896	0,0,0,0,0,0,0,0,0,0,0,0,0,0,0,0,0,0,0,0,0,0,0,0,0,0,0,0,0,0,0,0,0,0,0,0,0,0,0,0	0,0,0,0,0,0,0,0,0,0,0,0,0,0,0,0,0,0,0,0,0,0,0,0,0,0,0,1,0,0,0,0,0,0,0,0,0,0,0,0	2	0	0	0	0	1	40896	40896	0,0,0,0,0,0,0,0,0,0,0,0,0,0,0,0,0,0,0,0,0,0,0,0,0,0,0,0,0,0,0,0,0,0,0,0,0,0,0,0	0,0,0,0,0,0,0,0,0,0,0,0,0,0,0,0,0,0,0,0,0,0,0,0,0,0,0,1,0,0,0,0,0,0,0,0,0,0,0,0
tb.dut.clusters[0].cluster.sockets[0].socket.cores[0].core.execute.fpu_unit.genblk1[0].fpu_fpnew.genblk3[0].fpnew_core.gen_operation_groups[3].i_opgroup_block.i_arbiter.gen_arbiter.gen_levels[1].gen_level[1]	19	65	0	0	0	0	0	1	40896	40896	0,0,0,0,0,0,0,0,0,0,0,0,0,0,0,0,0,0,0,0,0,0,0,0,0,0,0,0,0,0,0,0,0,0,0,0,0,0,0,0	0,0,0,0,0,0,0,0,0,0,0,0,0,0,0,0,0,0,0,0,0,0,0,0,0,0,0,1,0,0,0,0,0,0,0,0,0,0,0,0	2	0	0	0	0	1	40896	40896	0,0,0,0,0,0,0,0,0,0,0,0,0,0,0,0,0,0,0,0,0,0,0,0,0,0,0,0,0,0,0,0,0,0,0,0,0,0,0,0	0,0,0,0,0,0,0,0,0,0,0,0,0,0,0,0,0,0,0,0,0,0,0,0,0,0,0,1,0,0,0,0,0,0,0,0,0,0,0,0
tb.dut.clusters[0].cluster.sockets[0].socket.cores[0].core.execute.fpu_unit.genblk1[0].fpu_fpnew.genblk3[0].fpnew_core.gen_operation_groups[3].i_opgroup_block.i_arbiter.gen_arbiter.gen_levels[2]	18	260	0	0	0	0	0	1	40896	40896	0,0,0,0,0,0,0,0,0,0,0,0,0,0,0,0,0,0,0,0,0,0,0,0,0,0,0,0,0,0,0,0,0,0,0,0,0,0,0,0	0,0,0,0,0,0,0,0,0,0,0,0,0,0,0,0,0,0,0,0,0,0,0,0,0,0,0,1,0,0,0,0,0,0,0,0,0,0,0,0	2	0	0	0	0	1	40896	40896	0,0,0,0,0,0,0,0,0,0,0,0,0,0,0,0,0,0,0,0,0,0,0,0,0,0,0,0,0,0,0,0,0,0,0,0,0,0,0,0	0,0,0,0,0,0,0,0,0,0,0,0,0,0,0,0,0,0,0,0,0,0,0,0,0,0,0,1,0,0,0,0,0,0,0,0,0,0,0,0
tb.dut.clusters[0].cluster.sockets[0].socket.cores[0].core.execute.fpu_unit.genblk1[0].fpu_fpnew.genblk3[0].fpnew_core.gen_operation_groups[3].i_opgroup_block.i_arbiter.gen_arbiter.gen_levels[2].gen_level[0]	19	65	0	0	0	0	0	1	40896	40896	0,0,0,0,0,0,0,0,0,0,0,0,0,0,0,0,0,0,0,0,0,0,0,0,0,0,0,0,0,0,0,0,0,0,0,0,0,0,0,0	0,0,0,0,0,0,0,0,0,0,0,0,0,0,0,0,0,0,0,0,0,0,0,0,0,0,0,1,0,0,0,0,0,0,0,0,0,0,0,0	2	0	0	0	0	1	40896	40896	0,0,0,0,0,0,0,0,0,0,0,0,0,0,0,0,0,0,0,0,0,0,0,0,0,0,0,0,0,0,0,0,0,0,0,0,0,0,0,0	0,0,0,0,0,0,0,0,0,0,0,0,0,0,0,0,0,0,0,0,0,0,0,0,0,0,0,1,0,0,0,0,0,0,0,0,0,0,0,0
tb.dut.clusters[0].cluster.sockets[0].socket.cores[0].core.execute.fpu_unit.genblk1[0].fpu_fpnew.genblk3[0].fpnew_core.gen_operation_groups[3].i_opgroup_block.i_arbiter.gen_arbiter.gen_levels[2].gen_level[1]	19	65	0	0	0	0	0	1	40896	40896	0,0,0,0,0,0,0,0,0,0,0,0,0,0,0,0,0,0,0,0,0,0,0,0,0,0,0,0,0,0,0,0,0,0,0,0,0,0,0,0	0,0,0,0,0,0,0,0,0,0,0,0,0,0,0,0,0,0,0,0,0,0,0,0,0,0,0,1,0,0,0,0,0,0,0,0,0,0,0,0	2	0	0	0	0	1	40896	40896	0,0,0,0,0,0,0,0,0,0,0,0,0,0,0,0,0,0,0,0,0,0,0,0,0,0,0,0,0,0,0,0,0,0,0,0,0,0,0,0	0,0,0,0,0,0,0,0,0,0,0,0,0,0,0,0,0,0,0,0,0,0,0,0,0,0,0,1,0,0,0,0,0,0,0,0,0,0,0,0
tb.dut.clusters[0].cluster.sockets[0].socket.cores[0].core.execute.fpu_unit.genblk1[0].fpu_fpnew.genblk3[0].fpnew_core.gen_operation_groups[3].i_opgroup_block.i_arbiter.gen_arbiter.gen_levels[2].gen_level[2]	19	65	0	0	0	0	0	1	40896	40896	0,0,0,0,0,0,0,0,0,0,0,0,0,0,0,0,0,0,0,0,0,0,0,0,0,0,0,0,0,0,0,0,0,0,0,0,0,0,0,0	0,0,0,0,0,0,0,0,0,0,0,0,0,0,0,0,0,0,0,0,0,0,0,0,0,0,0,1,0,0,0,0,0,0,0,0,0,0,0,0	2	0	0	0	0	1	40896	40896	0,0,0,0,0,0,0,0,0,0,0,0,0,0,0,0,0,0,0,0,0,0,0,0,0,0,0,0,0,0,0,0,0,0,0,0,0,0,0,0	0,0,0,0,0,0,0,0,0,0,0,0,0,0,0,0,0,0,0,0,0,0,0,0,0,0,0,1,0,0,0,0,0,0,0,0,0,0,0,0
tb.dut.clusters[0].cluster.sockets[0].socket.cores[0].core.execute.fpu_unit.genblk1[0].fpu_fpnew.genblk3[0].fpnew_core.gen_operation_groups[3].i_opgroup_block.i_arbiter.gen_arbiter.gen_levels[2].gen_level[3]	19	65	0	0	0	0	0	1	40896	40896	0,0,0,0,0,0,0,0,0,0,0,0,0,0,0,0,0,0,0,0,0,0,0,0,0,0,0,0,0,0,0,0,0,0,0,0,0,0,0,0	0,0,0,0,0,0,0,0,0,0,0,0,0,0,0,0,0,0,0,0,0,0,0,0,0,0,0,1,0,0,0,0,0,0,0,0,0,0,0,0	2	0	0	0	0	1	40896	40896	0,0,0,0,0,0,0,0,0,0,0,0,0,0,0,0,0,0,0,0,0,0,0,0,0,0,0,0,0,0,0,0,0,0,0,0,0,0,0,0	0,0,0,0,0,0,0,0,0,0,0,0,0,0,0,0,0,0,0,0,0,0,0,0,0,0,0,1,0,0,0,0,0,0,0,0,0,0,0,0
tb.dut.clusters[0].cluster.sockets[0].socket.cores[0].core.execute.fpu_unit.genblk1[0].fpu_fpnew.genblk3[0].fpnew_core.i_arbiter	14	947	4	2	2	2	1	3	40894	40872	2,0,0,0,0,0,0,0,0,0,0,0,0,0,0,0,0,0,0,0,0,0,0,0,0,0,0,0,0,0,0,0,0,0,0,0,0,0,0,0	0,0,1,0,0,0,0,0,0,0,0,0,0,0,0,0,1,0,0,0,0,0,0,0,0,0,0,1,0,0,0,0,0,0,0,0,0,0,0,0	5	0	0	0	0	1	40896	40896	0,0,0,0,0,0,0,0,0,0,0,0,0,0,0,0,0,0,0,0,0,0,0,0,0,0,0,0,0,0,0,0,0,0,0,0,0,0,0,0	0,0,0,0,0,0,0,0,0,0,0,0,0,0,0,0,0,0,0,0,0,0,0,0,0,0,0,1,0,0,0,0,0,0,0,0,0,0,0,0
tb.dut.clusters[0].cluster.sockets[0].socket.cores[0].core.execute.fpu_unit.genblk1[0].fpu_fpnew.genblk3[0].fpnew_core.i_arbiter.gen_arbiter	15	636	0	0	0	0	0	1	40896	40896	0,0,0,0,0,0,0,0,0,0,0,0,0,0,0,0,0,0,0,0,0,0,0,0,0,0,0,0,0,0,0,0,0,0,0,0,0,0,0,0	0,0,0,0,0,0,0,0,0,0,0,0,0,0,0,0,0,0,0,0,0,0,0,0,0,0,0,1,0,0,0,0,0,0,0,0,0,0,0,0	4	0	0	0	0	1	40896	40896	0,0,0,0,0,0,0,0,0,0,0,0,0,0,0,0,0,0,0,0,0,0,0,0,0,0,0,0,0,0,0,0,0,0,0,0,0,0,0,0	0,0,0,0,0,0,0,0,0,0,0,0,0,0,0,0,0,0,0,0,0,0,0,0,0,0,0,1,0,0,0,0,0,0,0,0,0,0,0,0
tb.dut.clusters[0].cluster.sockets[0].socket.cores[0].core.execute.fpu_unit.genblk1[0].fpu_fpnew.genblk3[0].fpnew_core.i_arbiter.gen_arbiter.gen_int_rr	16	274	0	0	0	0	0	1	40896	40896	0,0,0,0,0,0,0,0,0,0,0,0,0,0,0,0,0,0,0,0,0,0,0,0,0,0,0,0,0,0,0,0,0,0,0,0,0,0,0,0	0,0,0,0,0,0,0,0,0,0,0,0,0,0,0,0,0,0,0,0,0,0,0,0,0,0,0,1,0,0,0,0,0,0,0,0,0,0,0,0	2	0	0	0	0	1	40896	40896	0,0,0,0,0,0,0,0,0,0,0,0,0,0,0,0,0,0,0,0,0,0,0,0,0,0,0,0,0,0,0,0,0,0,0,0,0,0,0,0	0,0,0,0,0,0,0,0,0,0,0,0,0,0,0,0,0,0,0,0,0,0,0,0,0,0,0,1,0,0,0,0,0,0,0,0,0,0,0,0
tb.dut.clusters[0].cluster.sockets[0].socket.cores[0].core.execute.fpu_unit.genblk1[0].fpu_fpnew.genblk3[0].fpnew_core.i_arbiter.gen_arbiter.gen_int_rr.gen_fair_arb	17	272	0	0	0	0	0	1	40896	40896	0,0,0,0,0,0,0,0,0,0,0,0,0,0,0,0,0,0,0,0,0,0,0,0,0,0,0,0,0,0,0,0,0,0,0,0,0,0,0,0	0,0,0,0,0,0,0,0,0,0,0,0,0,0,0,0,0,0,0,0,0,0,0,0,0,0,0,1,0,0,0,0,0,0,0,0,0,0,0,0	2	0	0	0	0	1	40896	40896	0,0,0,0,0,0,0,0,0,0,0,0,0,0,0,0,0,0,0,0,0,0,0,0,0,0,0,0,0,0,0,0,0,0,0,0,0,0,0,0	0,0,0,0,0,0,0,0,0,0,0,0,0,0,0,0,0,0,0,0,0,0,0,0,0,0,0,1,0,0,0,0,0,0,0,0,0,0,0,0
tb.dut.clusters[0].cluster.sockets[0].socket.cores[0].core.execute.fpu_unit.genblk1[0].fpu_fpnew.genblk3[0].fpnew_core.i_arbiter.gen_arbiter.gen_int_rr.gen_fair_arb.i_lzc_lower	18	128	0	0	0	0	0	1	40896	40896	0,0,0,0,0,0,0,0,0,0,0,0,0,0,0,0,0,0,0,0,0,0,0,0,0,0,0,0,0,0,0,0,0,0,0,0,0,0,0,0	0,0,0,0,0,0,0,0,0,0,0,0,0,0,0,0,0,0,0,0,0,0,0,0,0,0,0,1,0,0,0,0,0,0,0,0,0,0,0,0	2	0	0	0	0	1	40896	40896	0,0,0,0,0,0,0,0,0,0,0,0,0,0,0,0,0,0,0,0,0,0,0,0,0,0,0,0,0,0,0,0,0,0,0,0,0,0,0,0	0,0,0,0,0,0,0,0,0,0,0,0,0,0,0,0,0,0,0,0,0,0,0,0,0,0,0,1,0,0,0,0,0,0,0,0,0,0,0,0
tb.dut.clusters[0].cluster.sockets[0].socket.cores[0].core.execute.fpu_unit.genblk1[0].fpu_fpnew.genblk3[0].fpnew_core.i_arbiter.gen_arbiter.gen_int_rr.gen_fair_arb.i_lzc_lower.gen_lzc	19	56	0	0	0	0	0	1	40896	40896	0,0,0,0,0,0,0,0,0,0,0,0,0,0,0,0,0,0,0,0,0,0,0,0,0,0,0,0,0,0,0,0,0,0,0,0,0,0,0,0	0,0,0,0,0,0,0,0,0,0,0,0,0,0,0,0,0,0,0,0,0,0,0,0,0,0,0,1,0,0,0,0,0,0,0,0,0,0,0,0	2	0	0	0	0	1	40896	40896	0,0,0,0,0,0,0,0,0,0,0,0,0,0,0,0,0,0,0,0,0,0,0,0,0,0,0,0,0,0,0,0,0,0,0,0,0,0,0,0	0,0,0,0,0,0,0,0,0,0,0,0,0,0,0,0,0,0,0,0,0,0,0,0,0,0,0,1,0,0,0,0,0,0,0,0,0,0,0,0
tb.dut.clusters[0].cluster.sockets[0].socket.cores[0].core.execute.fpu_unit.genblk1[0].fpu_fpnew.genblk3[0].fpnew_core.i_arbiter.gen_arbiter.gen_int_rr.gen_fair_arb.i_lzc_upper	18	128	0	0	0	0	0	1	40896	40896	0,0,0,0,0,0,0,0,0,0,0,0,0,0,0,0,0,0,0,0,0,0,0,0,0,0,0,0,0,0,0,0,0,0,0,0,0,0,0,0	0,0,0,0,0,0,0,0,0,0,0,0,0,0,0,0,0,0,0,0,0,0,0,0,0,0,0,1,0,0,0,0,0,0,0,0,0,0,0,0	2	0	0	0	0	1	40896	40896	0,0,0,0,0,0,0,0,0,0,0,0,0,0,0,0,0,0,0,0,0,0,0,0,0,0,0,0,0,0,0,0,0,0,0,0,0,0,0,0	0,0,0,0,0,0,0,0,0,0,0,0,0,0,0,0,0,0,0,0,0,0,0,0,0,0,0,1,0,0,0,0,0,0,0,0,0,0,0,0
tb.dut.clusters[0].cluster.sockets[0].socket.cores[0].core.execute.fpu_unit.genblk1[0].fpu_fpnew.genblk3[0].fpnew_core.i_arbiter.gen_arbiter.gen_int_rr.gen_fair_arb.i_lzc_upper.gen_lzc	19	56	0	0	0	0	0	1	40896	40896	0,0,0,0,0,0,0,0,0,0,0,0,0,0,0,0,0,0,0,0,0,0,0,0,0,0,0,0,0,0,0,0,0,0,0,0,0,0,0,0	0,0,0,0,0,0,0,0,0,0,0,0,0,0,0,0,0,0,0,0,0,0,0,0,0,0,0,1,0,0,0,0,0,0,0,0,0,0,0,0	2	0	0	0	0	1	40896	40896	0,0,0,0,0,0,0,0,0,0,0,0,0,0,0,0,0,0,0,0,0,0,0,0,0,0,0,0,0,0,0,0,0,0,0,0,0,0,0,0	0,0,0,0,0,0,0,0,0,0,0,0,0,0,0,0,0,0,0,0,0,0,0,0,0,0,0,1,0,0,0,0,0,0,0,0,0,0,0,0
tb.dut.clusters[0].cluster.sockets[0].socket.cores[0].core.execute.fpu_unit.genblk1[0].fpu_fpnew.genblk3[0].fpnew_core.i_arbiter.gen_arbiter.gen_levels[0]	16	65	0	0	0	0	0	1	40896	40896	0,0,0,0,0,0,0,0,0,0,0,0,0,0,0,0,0,0,0,0,0,0,0,0,0,0,0,0,0,0,0,0,0,0,0,0,0,0,0,0	0,0,0,0,0,0,0,0,0,0,0,0,0,0,0,0,0,0,0,0,0,0,0,0,0,0,0,1,0,0,0,0,0,0,0,0,0,0,0,0	2	0	0	0	0	1	40896	40896	0,0,0,0,0,0,0,0,0,0,0,0,0,0,0,0,0,0,0,0,0,0,0,0,0,0,0,0,0,0,0,0,0,0,0,0,0,0,0,0	0,0,0,0,0,0,0,0,0,0,0,0,0,0,0,0,0,0,0,0,0,0,0,0,0,0,0,1,0,0,0,0,0,0,0,0,0,0,0,0
tb.dut.clusters[0].cluster.sockets[0].socket.cores[0].core.execute.fpu_unit.genblk1[0].fpu_fpnew.genblk3[0].fpnew_core.i_arbiter.gen_arbiter.gen_levels[0].gen_level[0]	17	65	0	0	0	0	0	1	40896	40896	0,0,0,0,0,0,0,0,0,0,0,0,0,0,0,0,0,0,0,0,0,0,0,0,0,0,0,0,0,0,0,0,0,0,0,0,0,0,0,0	0,0,0,0,0,0,0,0,0,0,0,0,0,0,0,0,0,0,0,0,0,0,0,0,0,0,0,1,0,0,0,0,0,0,0,0,0,0,0,0	2	0	0	0	0	1	40896	40896	0,0,0,0,0,0,0,0,0,0,0,0,0,0,0,0,0,0,0,0,0,0,0,0,0,0,0,0,0,0,0,0,0,0,0,0,0,0,0,0	0,0,0,0,0,0,0,0,0,0,0,0,0,0,0,0,0,0,0,0,0,0,0,0,0,0,0,1,0,0,0,0,0,0,0,0,0,0,0,0
tb.dut.clusters[0].cluster.sockets[0].socket.cores[0].core.execute.fpu_unit.genblk1[0].fpu_fpnew.genblk3[0].fpnew_core.i_arbiter.gen_arbiter.gen_levels[1]	16	130	0	0	0	0	0	1	40896	40896	0,0,0,0,0,0,0,0,0,0,0,0,0,0,0,0,0,0,0,0,0,0,0,0,0,0,0,0,0,0,0,0,0,0,0,0,0,0,0,0	0,0,0,0,0,0,0,0,0,0,0,0,0,0,0,0,0,0,0,0,0,0,0,0,0,0,0,1,0,0,0,0,0,0,0,0,0,0,0,0	2	0	0	0	0	1	40896	40896	0,0,0,0,0,0,0,0,0,0,0,0,0,0,0,0,0,0,0,0,0,0,0,0,0,0,0,0,0,0,0,0,0,0,0,0,0,0,0,0	0,0,0,0,0,0,0,0,0,0,0,0,0,0,0,0,0,0,0,0,0,0,0,0,0,0,0,1,0,0,0,0,0,0,0,0,0,0,0,0
tb.dut.clusters[0].cluster.sockets[0].socket.cores[0].core.execute.fpu_unit.genblk1[0].fpu_fpnew.genblk3[0].fpnew_core.i_arbiter.gen_arbiter.gen_levels[1].gen_level[0]	17	65	0	0	0	0	0	1	40896	40896	0,0,0,0,0,0,0,0,0,0,0,0,0,0,0,0,0,0,0,0,0,0,0,0,0,0,0,0,0,0,0,0,0,0,0,0,0,0,0,0	0,0,0,0,0,0,0,0,0,0,0,0,0,0,0,0,0,0,0,0,0,0,0,0,0,0,0,1,0,0,0,0,0,0,0,0,0,0,0,0	2	0	0	0	0	1	40896	40896	0,0,0,0,0,0,0,0,0,0,0,0,0,0,0,0,0,0,0,0,0,0,0,0,0,0,0,0,0,0,0,0,0,0,0,0,0,0,0,0	0,0,0,0,0,0,0,0,0,0,0,0,0,0,0,0,0,0,0,0,0,0,0,0,0,0,0,1,0,0,0,0,0,0,0,0,0,0,0,0
tb.dut.clusters[0].cluster.sockets[0].socket.cores[0].core.execute.fpu_unit.genblk1[0].fpu_fpnew.genblk3[0].fpnew_core.i_arbiter.gen_arbiter.gen_levels[1].gen_level[1]	17	65	0	0	0	0	0	1	40896	40896	0,0,0,0,0,0,0,0,0,0,0,0,0,0,0,0,0,0,0,0,0,0,0,0,0,0,0,0,0,0,0,0,0,0,0,0,0,0,0,0	0,0,0,0,0,0,0,0,0,0,0,0,0,0,0,0,0,0,0,0,0,0,0,0,0,0,0,1,0,0,0,0,0,0,0,0,0,0,0,0	2	0	0	0	0	1	40896	40896	0,0,0,0,0,0,0,0,0,0,0,0,0,0,0,0,0,0,0,0,0,0,0,0,0,0,0,0,0,0,0,0,0,0,0,0,0,0,0,0	0,0,0,0,0,0,0,0,0,0,0,0,0,0,0,0,0,0,0,0,0,0,0,0,0,0,0,1,0,0,0,0,0,0,0,0,0,0,0,0
tb.dut.clusters[0].cluster.sockets[0].socket.cores[0].core.execute.fpu_unit.genblk1[0].fpu_fpnew.genblk3[1]	12	43590	136	6	2	6	5	3	40890	40872	1,0,0,0,1,0,0,0,0,0,0,0,0,0,0,0,0,0,0,0,0,0,0,0,0,0,0,0,0,0,0,0,0,0,0,0,0,0,0,0	0,0,1,0,0,0,0,0,0,0,0,0,0,0,1,0,0,0,0,0,0,0,0,0,0,0,0,1,0,0,0,0,0,0,0,0,0,0,0,0	218	0	0	0	0	1	40896	40896	0,0,0,0,0,0,0,0,0,0,0,0,0,0,0,0,0,0,0,0,0,0,0,0,0,0,0,0,0,0,0,0,0,0,0,0,0,0,0,0	0,0,0,0,0,0,0,0,0,0,0,0,0,0,0,0,0,0,0,0,0,0,0,0,0,0,0,1,0,0,0,0,0,0,0,0,0,0,0,0
tb.dut.clusters[0].cluster.sockets[0].socket.cores[0].core.execute.fpu_unit.genblk1[0].fpu_fpnew.genblk3[1].fpnew_core	13	43581	134	6	2	6	5	3	40890	40872	1,0,0,0,1,0,0,0,0,0,0,0,0,0,0,0,0,0,0,0,0,0,0,0,0,0,0,0,0,0,0,0,0,0,0,0,0,0,0,0	0,0,1,0,0,0,0,0,0,0,0,0,0,0,1,0,0,0,0,0,0,0,0,0,0,0,0,1,0,0,0,0,0,0,0,0,0,0,0,0	218	0	0	0	0	1	40896	40896	0,0,0,0,0,0,0,0,0,0,0,0,0,0,0,0,0,0,0,0,0,0,0,0,0,0,0,0,0,0,0,0,0,0,0,0,0,0,0,0	0,0,0,0,0,0,0,0,0,0,0,0,0,0,0,0,0,0,0,0,0,0,0,0,0,0,0,1,0,0,0,0,0,0,0,0,0,0,0,0
tb.dut.clusters[0].cluster.sockets[0].socket.cores[0].core.execute.fpu_unit.genblk1[0].fpu_fpnew.genblk3[1].fpnew_core.gen_nanbox_check[0]	14	32	0	0	0	0	0	1	40896	40896	0,0,0,0,0,0,0,0,0,0,0,0,0,0,0,0,0,0,0,0,0,0,0,0,0,0,0,0,0,0,0,0,0,0,0,0,0,0,0,0	0,0,0,0,0,0,0,0,0,0,0,0,0,0,0,0,0,0,0,0,0,0,0,0,0,0,0,1,0,0,0,0,0,0,0,0,0,0,0,0	2	0	0	0	0	1	40896	40896	0,0,0,0,0,0,0,0,0,0,0,0,0,0,0,0,0,0,0,0,0,0,0,0,0,0,0,0,0,0,0,0,0,0,0,0,0,0,0,0	0,0,0,0,0,0,0,0,0,0,0,0,0,0,0,0,0,0,0,0,0,0,0,0,0,0,0,1,0,0,0,0,0,0,0,0,0,0,0,0
tb.dut.clusters[0].cluster.sockets[0].socket.cores[0].core.execute.fpu_unit.genblk1[0].fpu_fpnew.genblk3[1].fpnew_core.gen_nanbox_check[1]	14	32	0	0	0	0	0	1	40896	40896	0,0,0,0,0,0,0,0,0,0,0,0,0,0,0,0,0,0,0,0,0,0,0,0,0,0,0,0,0,0,0,0,0,0,0,0,0,0,0,0	0,0,0,0,0,0,0,0,0,0,0,0,0,0,0,0,0,0,0,0,0,0,0,0,0,0,0,1,0,0,0,0,0,0,0,0,0,0,0,0	2	0	0	0	0	1	40896	40896	0,0,0,0,0,0,0,0,0,0,0,0,0,0,0,0,0,0,0,0,0,0,0,0,0,0,0,0,0,0,0,0,0,0,0,0,0,0,0,0	0,0,0,0,0,0,0,0,0,0,0,0,0,0,0,0,0,0,0,0,0,0,0,0,0,0,0,1,0,0,0,0,0,0,0,0,0,0,0,0
tb.dut.clusters[0].cluster.sockets[0].socket.cores[0].core.execute.fpu_unit.genblk1[0].fpu_fpnew.genblk3[1].fpnew_core.gen_nanbox_check[2]	14	32	0	0	0	0	0	1	40896	40896	0,0,0,0,0,0,0,0,0,0,0,0,0,0,0,0,0,0,0,0,0,0,0,0,0,0,0,0,0,0,0,0,0,0,0,0,0,0,0,0	0,0,0,0,0,0,0,0,0,0,0,0,0,0,0,0,0,0,0,0,0,0,0,0,0,0,0,1,0,0,0,0,0,0,0,0,0,0,0,0	2	0	0	0	0	1	40896	40896	0,0,0,0,0,0,0,0,0,0,0,0,0,0,0,0,0,0,0,0,0,0,0,0,0,0,0,0,0,0,0,0,0,0,0,0,0,0,0,0	0,0,0,0,0,0,0,0,0,0,0,0,0,0,0,0,0,0,0,0,0,0,0,0,0,0,0,1,0,0,0,0,0,0,0,0,0,0,0,0
tb.dut.clusters[0].cluster.sockets[0].socket.cores[0].core.execute.fpu_unit.genblk1[0].fpu_fpnew.genblk3[1].fpnew_core.gen_nanbox_check[3]	14	32	0	0	0	0	0	1	40896	40896	0,0,0,0,0,0,0,0,0,0,0,0,0,0,0,0,0,0,0,0,0,0,0,0,0,0,0,0,0,0,0,0,0,0,0,0,0,0,0,0	0,0,0,0,0,0,0,0,0,0,0,0,0,0,0,0,0,0,0,0,0,0,0,0,0,0,0,1,0,0,0,0,0,0,0,0,0,0,0,0	2	0	0	0	0	1	40896	40896	0,0,0,0,0,0,0,0,0,0,0,0,0,0,0,0,0,0,0,0,0,0,0,0,0,0,0,0,0,0,0,0,0,0,0,0,0,0,0,0	0,0,0,0,0,0,0,0,0,0,0,0,0,0,0,0,0,0,0,0,0,0,0,0,0,0,0,1,0,0,0,0,0,0,0,0,0,0,0,0
tb.dut.clusters[0].cluster.sockets[0].socket.cores[0].core.execute.fpu_unit.genblk1[0].fpu_fpnew.genblk3[1].fpnew_core.gen_nanbox_check[4]	14	32	0	0	0	0	0	1	40896	40896	0,0,0,0,0,0,0,0,0,0,0,0,0,0,0,0,0,0,0,0,0,0,0,0,0,0,0,0,0,0,0,0,0,0,0,0,0,0,0,0	0,0,0,0,0,0,0,0,0,0,0,0,0,0,0,0,0,0,0,0,0,0,0,0,0,0,0,1,0,0,0,0,0,0,0,0,0,0,0,0	2	0	0	0	0	1	40896	40896	0,0,0,0,0,0,0,0,0,0,0,0,0,0,0,0,0,0,0,0,0,0,0,0,0,0,0,0,0,0,0,0,0,0,0,0,0,0,0,0	0,0,0,0,0,0,0,0,0,0,0,0,0,0,0,0,0,0,0,0,0,0,0,0,0,0,0,1,0,0,0,0,0,0,0,0,0,0,0,0
tb.dut.clusters[0].cluster.sockets[0].socket.cores[0].core.execute.fpu_unit.genblk1[0].fpu_fpnew.genblk3[1].fpnew_core.gen_operation_groups[0]	14	7400	44	4	3	4	2	4	40892	40872	2,1,0,0,0,0,0,0,0,0,0,0,0,0,0,0,0,0,0,0,0,0,0,0,0,0,0,0,0,0,0,0,0,0,0,0,0,0,0,0	1,0,1,0,0,0,0,0,0,0,0,0,0,0,0,1,0,0,0,0,0,0,0,0,0,0,0,1,0,0,0,0,0,0,0,0,0,0,0,0	37	0	0	0	0	1	40896	40896	0,0,0,0,0,0,0,0,0,0,0,0,0,0,0,0,0,0,0,0,0,0,0,0,0,0,0,0,0,0,0,0,0,0,0,0,0,0,0,0	0,0,0,0,0,0,0,0,0,0,0,0,0,0,0,0,0,0,0,0,0,0,0,0,0,0,0,1,0,0,0,0,0,0,0,0,0,0,0,0
tb.dut.clusters[0].cluster.sockets[0].socket.cores[0].core.execute.fpu_unit.genblk1[0].fpu_fpnew.genblk3[1].fpnew_core.gen_operation_groups[0].i_opgroup_block	15	7352	42	4	3	4	2	4	40892	40872	2,1,0,0,0,0,0,0,0,0,0,0,0,0,0,0,0,0,0,0,0,0,0,0,0,0,0,0,0,0,0,0,0,0,0,0,0,0,0,0	1,0,1,0,0,0,0,0,0,0,0,0,0,0,0,1,0,0,0,0,0,0,0,0,0,0,0,1,0,0,0,0,0,0,0,0,0,0,0,0	37	0	0	0	0	1	40896	40896	0,0,0,0,0,0,0,0,0,0,0,0,0,0,0,0,0,0,0,0,0,0,0,0,0,0,0,0,0,0,0,0,0,0,0,0,0,0,0,0	0,0,0,0,0,0,0,0,0,0,0,0,0,0,0,0,0,0,0,0,0,0,0,0,0,0,0,1,0,0,0,0,0,0,0,0,0,0,0,0
tb.dut.clusters[0].cluster.sockets[0].socket.cores[0].core.execute.fpu_unit.genblk1[0].fpu_fpnew.genblk3[1].fpnew_core.gen_operation_groups[0].i_opgroup_block.gen_parallel_slices[0]	16	5051	26	4	3	4	2	4	40892	40872	2,1,0,0,0,0,0,0,0,0,0,0,0,0,0,0,0,0,0,0,0,0,0,0,0,0,0,0,0,0,0,0,0,0,0,0,0,0,0,0	1,0,1,0,0,0,0,0,0,0,0,0,0,0,0,1,0,0,0,0,0,0,0,0,0,0,0,1,0,0,0,0,0,0,0,0,0,0,0,0	26	0	0	0	0	1	40896	40896	0,0,0,0,0,0,0,0,0,0,0,0,0,0,0,0,0,0,0,0,0,0,0,0,0,0,0,0,0,0,0,0,0,0,0,0,0,0,0,0	0,0,0,0,0,0,0,0,0,0,0,0,0,0,0,0,0,0,0,0,0,0,0,0,0,0,0,1,0,0,0,0,0,0,0,0,0,0,0,0
tb.dut.clusters[0].cluster.sockets[0].socket.cores[0].core.execute.fpu_unit.genblk1[0].fpu_fpnew.genblk3[1].fpnew_core.gen_operation_groups[0].i_opgroup_block.gen_parallel_slices[0].active_format	17	5049	26	4	3	4	2	4	40892	40872	2,1,0,0,0,0,0,0,0,0,0,0,0,0,0,0,0,0,0,0,0,0,0,0,0,0,0,0,0,0,0,0,0,0,0,0,0,0,0,0	1,0,1,0,0,0,0,0,0,0,0,0,0,0,0,1,0,0,0,0,0,0,0,0,0,0,0,1,0,0,0,0,0,0,0,0,0,0,0,0	26	0	0	0	0	1	40896	40896	0,0,0,0,0,0,0,0,0,0,0,0,0,0,0,0,0,0,0,0,0,0,0,0,0,0,0,0,0,0,0,0,0,0,0,0,0,0,0,0	0,0,0,0,0,0,0,0,0,0,0,0,0,0,0,0,0,0,0,0,0,0,0,0,0,0,0,1,0,0,0,0,0,0,0,0,0,0,0,0
tb.dut.clusters[0].cluster.sockets[0].socket.cores[0].core.execute.fpu_unit.genblk1[0].fpu_fpnew.genblk3[1].fpnew_core.gen_operation_groups[0].i_opgroup_block.gen_parallel_slices[0].active_format.i_fmt_slice	18	5015	24	4	3	4	2	4	40892	40872	2,1,0,0,0,0,0,0,0,0,0,0,0,0,0,0,0,0,0,0,0,0,0,0,0,0,0,0,0,0,0,0,0,0,0,0,0,0,0,0	1,0,1,0,0,0,0,0,0,0,0,0,0,0,0,1,0,0,0,0,0,0,0,0,0,0,0,1,0,0,0,0,0,0,0,0,0,0,0,0	26	0	0	0	0	1	40896	40896	0,0,0,0,0,0,0,0,0,0,0,0,0,0,0,0,0,0,0,0,0,0,0,0,0,0,0,0,0,0,0,0,0,0,0,0,0,0,0,0	0,0,0,0,0,0,0,0,0,0,0,0,0,0,0,0,0,0,0,0,0,0,0,0,0,0,0,1,0,0,0,0,0,0,0,0,0,0,0,0
tb.dut.clusters[0].cluster.sockets[0].socket.cores[0].core.execute.fpu_unit.genblk1[0].fpu_fpnew.genblk3[1].fpnew_core.gen_operation_groups[0].i_opgroup_block.gen_parallel_slices[0].active_format.i_fmt_slice.gen_num_lanes[0]	19	4401	14	4	3	4	2	4	40892	40872	2,1,0,0,0,0,0,0,0,0,0,0,0,0,0,0,0,0,0,0,0,0,0,0,0,0,0,0,0,0,0,0,0,0,0,0,0,0,0,0	1,0,1,0,0,0,0,0,0,0,0,0,0,0,0,1,0,0,0,0,0,0,0,0,0,0,0,1,0,0,0,0,0,0,0,0,0,0,0,0	23	0	0	0	0	1	40896	40896	0,0,0,0,0,0,0,0,0,0,0,0,0,0,0,0,0,0,0,0,0,0,0,0,0,0,0,0,0,0,0,0,0,0,0,0,0,0,0,0	0,0,0,0,0,0,0,0,0,0,0,0,0,0,0,0,0,0,0,0,0,0,0,0,0,0,0,1,0,0,0,0,0,0,0,0,0,0,0,0
tb.dut.clusters[0].cluster.sockets[0].socket.cores[0].core.execute.fpu_unit.genblk1[0].fpu_fpnew.genblk3[1].fpnew_core.gen_operation_groups[0].i_opgroup_block.gen_parallel_slices[0].active_format.i_fmt_slice.gen_num_lanes[0].active_lane	20	4368	14	4	3	4	2	4	40892	40872	2,1,0,0,0,0,0,0,0,0,0,0,0,0,0,0,0,0,0,0,0,0,0,0,0,0,0,0,0,0,0,0,0,0,0,0,0,0,0,0	1,0,1,0,0,0,0,0,0,0,0,0,0,0,0,1,0,0,0,0,0,0,0,0,0,0,0,1,0,0,0,0,0,0,0,0,0,0,0,0	22	0	0	0	0	1	40896	40896	0,0,0,0,0,0,0,0,0,0,0,0,0,0,0,0,0,0,0,0,0,0,0,0,0,0,0,0,0,0,0,0,0,0,0,0,0,0,0,0	0,0,0,0,0,0,0,0,0,0,0,0,0,0,0,0,0,0,0,0,0,0,0,0,0,0,0,1,0,0,0,0,0,0,0,0,0,0,0,0
tb.dut.clusters[0].cluster.sockets[0].socket.cores[0].core.execute.fpu_unit.genblk1[0].fpu_fpnew.genblk3[1].fpnew_core.gen_operation_groups[0].i_opgroup_block.gen_parallel_slices[0].active_format.i_fmt_slice.gen_num_lanes[0].active_lane.lane_instance	21	4232	12	4	3	4	2	4	40892	40872	2,1,0,0,0,0,0,0,0,0,0,0,0,0,0,0,0,0,0,0,0,0,0,0,0,0,0,0,0,0,0,0,0,0,0,0,0,0,0,0	1,0,1,0,0,0,0,0,0,0,0,0,0,0,0,1,0,0,0,0,0,0,0,0,0,0,0,1,0,0,0,0,0,0,0,0,0,0,0,0	22	0	0	0	0	1	40896	40896	0,0,0,0,0,0,0,0,0,0,0,0,0,0,0,0,0,0,0,0,0,0,0,0,0,0,0,0,0,0,0,0,0,0,0,0,0,0,0,0	0,0,0,0,0,0,0,0,0,0,0,0,0,0,0,0,0,0,0,0,0,0,0,0,0,0,0,1,0,0,0,0,0,0,0,0,0,0,0,0
tb.dut.clusters[0].cluster.sockets[0].socket.cores[0].core.execute.fpu_unit.genblk1[0].fpu_fpnew.genblk3[1].fpnew_core.gen_operation_groups[0].i_opgroup_block.gen_parallel_slices[0].active_format.i_fmt_slice.gen_num_lanes[0].active_lane.lane_instance.i_fma	22	4232	12	4	3	4	2	4	40892	40872	2,1,0,0,0,0,0,0,0,0,0,0,0,0,0,0,0,0,0,0,0,0,0,0,0,0,0,0,0,0,0,0,0,0,0,0,0,0,0,0	1,0,1,0,0,0,0,0,0,0,0,0,0,0,0,1,0,0,0,0,0,0,0,0,0,0,0,1,0,0,0,0,0,0,0,0,0,0,0,0	22	0	0	0	0	1	40896	40896	0,0,0,0,0,0,0,0,0,0,0,0,0,0,0,0,0,0,0,0,0,0,0,0,0,0,0,0,0,0,0,0,0,0,0,0,0,0,0,0	0,0,0,0,0,0,0,0,0,0,0,0,0,0,0,0,0,0,0,0,0,0,0,0,0,0,0,1,0,0,0,0,0,0,0,0,0,0,0,0
tb.dut.clusters[0].cluster.sockets[0].socket.cores[0].core.execute.fpu_unit.genblk1[0].fpu_fpnew.genblk3[1].fpnew_core.gen_operation_groups[0].i_opgroup_block.gen_parallel_slices[0].active_format.i_fmt_slice.gen_num_lanes[0].active_lane.lane_instance.i_fma.gen_input_pipeline[0]	23	1	2	2	2	2	1	3	40894	40889	2,0,0,0,0,0,0,0,0,0,0,0,0,0,0,0,0,0,0,0,0,0,0,0,0,0,0,0,0,0,0,0,0,0,0,0,0,0,0,0	1,0,0,1,0,0,0,0,0,0,0,0,0,0,0,0,0,0,0,0,0,0,0,0,0,0,0,1,0,0,0,0,0,0,0,0,0,0,0,0	2	0	0	0	0	1	40896	40896	0,0,0,0,0,0,0,0,0,0,0,0,0,0,0,0,0,0,0,0,0,0,0,0,0,0,0,0,0,0,0,0,0,0,0,0,0,0,0,0	0,0,0,0,0,0,0,0,0,0,0,0,0,0,0,0,0,0,0,0,0,0,0,0,0,0,0,1,0,0,0,0,0,0,0,0,0,0,0,0
tb.dut.clusters[0].cluster.sockets[0].socket.cores[0].core.execute.fpu_unit.genblk1[0].fpu_fpnew.genblk3[1].fpnew_core.gen_operation_groups[0].i_opgroup_block.gen_parallel_slices[0].active_format.i_fmt_slice.gen_num_lanes[0].active_lane.lane_instance.i_fma.gen_inside_pipeline[0]	23	1	0	0	0	0	0	1	40896	40896	0,0,0,0,0,0,0,0,0,0,0,0,0,0,0,0,0,0,0,0,0,0,0,0,0,0,0,0,0,0,0,0,0,0,0,0,0,0,0,0	0,0,0,0,0,0,0,0,0,0,0,0,0,0,0,0,0,0,0,0,0,0,0,0,0,0,0,1,0,0,0,0,0,0,0,0,0,0,0,0	2	0	0	0	0	1	40896	40896	0,0,0,0,0,0,0,0,0,0,0,0,0,0,0,0,0,0,0,0,0,0,0,0,0,0,0,0,0,0,0,0,0,0,0,0,0,0,0,0	0,0,0,0,0,0,0,0,0,0,0,0,0,0,0,0,0,0,0,0,0,0,0,0,0,0,0,1,0,0,0,0,0,0,0,0,0,0,0,0
tb.dut.clusters[0].cluster.sockets[0].socket.cores[0].core.execute.fpu_unit.genblk1[0].fpu_fpnew.genblk3[1].fpnew_core.gen_operation_groups[0].i_opgroup_block.gen_parallel_slices[0].active_format.i_fmt_slice.gen_num_lanes[0].active_lane.lane_instance.i_fma.gen_inside_pipeline[1]	23	1	0	0	0	0	0	1	40896	40896	0,0,0,0,0,0,0,0,0,0,0,0,0,0,0,0,0,0,0,0,0,0,0,0,0,0,0,0,0,0,0,0,0,0,0,0,0,0,0,0	0,0,0,0,0,0,0,0,0,0,0,0,0,0,0,0,0,0,0,0,0,0,0,0,0,0,0,1,0,0,0,0,0,0,0,0,0,0,0,0	2	0	0	0	0	1	40896	40896	0,0,0,0,0,0,0,0,0,0,0,0,0,0,0,0,0,0,0,0,0,0,0,0,0,0,0,0,0,0,0,0,0,0,0,0,0,0,0,0	0,0,0,0,0,0,0,0,0,0,0,0,0,0,0,0,0,0,0,0,0,0,0,0,0,0,0,1,0,0,0,0,0,0,0,0,0,0,0,0
tb.dut.clusters[0].cluster.sockets[0].socket.cores[0].core.execute.fpu_unit.genblk1[0].fpu_fpnew.genblk3[1].fpnew_core.gen_operation_groups[0].i_opgroup_block.gen_parallel_slices[0].active_format.i_fmt_slice.gen_num_lanes[0].active_lane.lane_instance.i_fma.gen_output_pipeline[0]	23	1	0	0	0	0	0	1	40896	40896	0,0,0,0,0,0,0,0,0,0,0,0,0,0,0,0,0,0,0,0,0,0,0,0,0,0,0,0,0,0,0,0,0,0,0,0,0,0,0,0	0,0,0,0,0,0,0,0,0,0,0,0,0,0,0,0,0,0,0,0,0,0,0,0,0,0,0,1,0,0,0,0,0,0,0,0,0,0,0,0	2	0	0	0	0	1	40896	40896	0,0,0,0,0,0,0,0,0,0,0,0,0,0,0,0,0,0,0,0,0,0,0,0,0,0,0,0,0,0,0,0,0,0,0,0,0,0,0,0	0,0,0,0,0,0,0,0,0,0,0,0,0,0,0,0,0,0,0,0,0,0,0,0,0,0,0,1,0,0,0,0,0,0,0,0,0,0,0,0
tb.dut.clusters[0].cluster.sockets[0].socket.cores[0].core.execute.fpu_unit.genblk1[0].fpu_fpnew.genblk3[1].fpnew_core.gen_operation_groups[0].i_opgroup_block.gen_parallel_slices[0].active_format.i_fmt_slice.gen_num_lanes[0].active_lane.lane_instance.i_fma.i_class_inputs	23	374	0	0	0	0	0	1	40896	40896	0,0,0,0,0,0,0,0,0,0,0,0,0,0,0,0,0,0,0,0,0,0,0,0,0,0,0,0,0,0,0,0,0,0,0,0,0,0,0,0	0,0,0,0,0,0,0,0,0,0,0,0,0,0,0,0,0,0,0,0,0,0,0,0,0,0,0,1,0,0,0,0,0,0,0,0,0,0,0,0	2	0	0	0	0	1	40896	40896	0,0,0,0,0,0,0,0,0,0,0,0,0,0,0,0,0,0,0,0,0,0,0,0,0,0,0,0,0,0,0,0,0,0,0,0,0,0,0,0	0,0,0,0,0,0,0,0,0,0,0,0,0,0,0,0,0,0,0,0,0,0,0,0,0,0,0,1,0,0,0,0,0,0,0,0,0,0,0,0
tb.dut.clusters[0].cluster.sockets[0].socket.cores[0].core.execute.fpu_unit.genblk1[0].fpu_fpnew.genblk3[1].fpnew_core.gen_operation_groups[0].i_opgroup_block.gen_parallel_slices[0].active_format.i_fmt_slice.gen_num_lanes[0].active_lane.lane_instance.i_fma.i_class_inputs.gen_num_values[0]	24	40	0	0	0	0	0	1	40896	40896	0,0,0,0,0,0,0,0,0,0,0,0,0,0,0,0,0,0,0,0,0,0,0,0,0,0,0,0,0,0,0,0,0,0,0,0,0,0,0,0	0,0,0,0,0,0,0,0,0,0,0,0,0,0,0,0,0,0,0,0,0,0,0,0,0,0,0,1,0,0,0,0,0,0,0,0,0,0,0,0	2	0	0	0	0	1	40896	40896	0,0,0,0,0,0,0,0,0,0,0,0,0,0,0,0,0,0,0,0,0,0,0,0,0,0,0,0,0,0,0,0,0,0,0,0,0,0,0,0	0,0,0,0,0,0,0,0,0,0,0,0,0,0,0,0,0,0,0,0,0,0,0,0,0,0,0,1,0,0,0,0,0,0,0,0,0,0,0,0
tb.dut.clusters[0].cluster.sockets[0].socket.cores[0].core.execute.fpu_unit.genblk1[0].fpu_fpnew.genblk3[1].fpnew_core.gen_operation_groups[0].i_opgroup_block.gen_parallel_slices[0].active_format.i_fmt_slice.gen_num_lanes[0].active_lane.lane_instance.i_fma.i_class_inputs.gen_num_values[1]	24	40	0	0	0	0	0	1	40896	40896	0,0,0,0,0,0,0,0,0,0,0,0,0,0,0,0,0,0,0,0,0,0,0,0,0,0,0,0,0,0,0,0,0,0,0,0,0,0,0,0	0,0,0,0,0,0,0,0,0,0,0,0,0,0,0,0,0,0,0,0,0,0,0,0,0,0,0,1,0,0,0,0,0,0,0,0,0,0,0,0	2	0	0	0	0	1	40896	40896	0,0,0,0,0,0,0,0,0,0,0,0,0,0,0,0,0,0,0,0,0,0,0,0,0,0,0,0,0,0,0,0,0,0,0,0,0,0,0,0	0,0,0,0,0,0,0,0,0,0,0,0,0,0,0,0,0,0,0,0,0,0,0,0,0,0,0,1,0,0,0,0,0,0,0,0,0,0,0,0
tb.dut.clusters[0].cluster.sockets[0].socket.cores[0].core.execute.fpu_unit.genblk1[0].fpu_fpnew.genblk3[1].fpnew_core.gen_operation_groups[0].i_opgroup_block.gen_parallel_slices[0].active_format.i_fmt_slice.gen_num_lanes[0].active_lane.lane_instance.i_fma.i_class_inputs.gen_num_values[2]	24	40	0	0	0	0	0	1	40896	40896	0,0,0,0,0,0,0,0,0,0,0,0,0,0,0,0,0,0,0,0,0,0,0,0,0,0,0,0,0,0,0,0,0,0,0,0,0,0,0,0	0,0,0,0,0,0,0,0,0,0,0,0,0,0,0,0,0,0,0,0,0,0,0,0,0,0,0,1,0,0,0,0,0,0,0,0,0,0,0,0	2	0	0	0	0	1	40896	40896	0,0,0,0,0,0,0,0,0,0,0,0,0,0,0,0,0,0,0,0,0,0,0,0,0,0,0,0,0,0,0,0,0,0,0,0,0,0,0,0	0,0,0,0,0,0,0,0,0,0,0,0,0,0,0,0,0,0,0,0,0,0,0,0,0,0,0,1,0,0,0,0,0,0,0,0,0,0,0,0
tb.dut.clusters[0].cluster.sockets[0].socket.cores[0].core.execute.fpu_unit.genblk1[0].fpu_fpnew.genblk3[1].fpnew_core.gen_operation_groups[0].i_opgroup_block.gen_parallel_slices[0].active_format.i_fmt_slice.gen_num_lanes[0].active_lane.lane_instance.i_fma.i_fpnew_rounding	23	104	0	0	0	0	0	1	40896	40896	0,0,0,0,0,0,0,0,0,0,0,0,0,0,0,0,0,0,0,0,0,0,0,0,0,0,0,0,0,0,0,0,0,0,0,0,0,0,0,0	0,0,0,0,0,0,0,0,0,0,0,0,0,0,0,0,0,0,0,0,0,0,0,0,0,0,0,1,0,0,0,0,0,0,0,0,0,0,0,0	2	0	0	0	0	1	40896	40896	0,0,0,0,0,0,0,0,0,0,0,0,0,0,0,0,0,0,0,0,0,0,0,0,0,0,0,0,0,0,0,0,0,0,0,0,0,0,0,0	0,0,0,0,0,0,0,0,0,0,0,0,0,0,0,0,0,0,0,0,0,0,0,0,0,0,0,1,0,0,0,0,0,0,0,0,0,0,0,0
tb.dut.clusters[0].cluster.sockets[0].socket.cores[0].core.execute.fpu_unit.genblk1[0].fpu_fpnew.genblk3[1].fpnew_core.gen_operation_groups[0].i_opgroup_block.gen_parallel_slices[0].active_format.i_fmt_slice.gen_num_lanes[0].active_lane.lane_instance.i_fma.i_lzc	23	960	0	0	0	0	0	1	40896	40896	0,0,0,0,0,0,0,0,0,0,0,0,0,0,0,0,0,0,0,0,0,0,0,0,0,0,0,0,0,0,0,0,0,0,0,0,0,0,0,0	0,0,0,0,0,0,0,0,0,0,0,0,0,0,0,0,0,0,0,0,0,0,0,0,0,0,0,1,0,0,0,0,0,0,0,0,0,0,0,0	5	0	0	0	0	1	40896	40896	0,0,0,0,0,0,0,0,0,0,0,0,0,0,0,0,0,0,0,0,0,0,0,0,0,0,0,0,0,0,0,0,0,0,0,0,0,0,0,0	0,0,0,0,0,0,0,0,0,0,0,0,0,0,0,0,0,0,0,0,0,0,0,0,0,0,0,1,0,0,0,0,0,0,0,0,0,0,0,0
tb.dut.clusters[0].cluster.sockets[0].socket.cores[0].core.execute.fpu_unit.genblk1[0].fpu_fpnew.genblk3[1].fpnew_core.gen_operation_groups[0].i_opgroup_block.gen_parallel_slices[0].active_format.i_fmt_slice.gen_num_lanes[0].active_lane.lane_instance.i_fma.i_lzc.gen_lzc	24	837	0	0	0	0	0	1	40896	40896	0,0,0,0,0,0,0,0,0,0,0,0,0,0,0,0,0,0,0,0,0,0,0,0,0,0,0,0,0,0,0,0,0,0,0,0,0,0,0,0	0,0,0,0,0,0,0,0,0,0,0,0,0,0,0,0,0,0,0,0,0,0,0,0,0,0,0,1,0,0,0,0,0,0,0,0,0,0,0,0	5	0	0	0	0	1	40896	40896	0,0,0,0,0,0,0,0,0,0,0,0,0,0,0,0,0,0,0,0,0,0,0,0,0,0,0,0,0,0,0,0,0,0,0,0,0,0,0,0	0,0,0,0,0,0,0,0,0,0,0,0,0,0,0,0,0,0,0,0,0,0,0,0,0,0,0,1,0,0,0,0,0,0,0,0,0,0,0,0
tb.dut.clusters[0].cluster.sockets[0].socket.cores[0].core.execute.fpu_unit.genblk1[0].fpu_fpnew.genblk3[1].fpnew_core.gen_operation_groups[0].i_opgroup_block.gen_parallel_slices[1]	16	2	0	0	0	0	0	1	40896	40896	0,0,0,0,0,0,0,0,0,0,0,0,0,0,0,0,0,0,0,0,0,0,0,0,0,0,0,0,0,0,0,0,0,0,0,0,0,0,0,0	0,0,0,0,0,0,0,0,0,0,0,0,0,0,0,0,0,0,0,0,0,0,0,0,0,0,0,1,0,0,0,0,0,0,0,0,0,0,0,0	2	0	0	0	0	1	40896	40896	0,0,0,0,0,0,0,0,0,0,0,0,0,0,0,0,0,0,0,0,0,0,0,0,0,0,0,0,0,0,0,0,0,0,0,0,0,0,0,0	0,0,0,0,0,0,0,0,0,0,0,0,0,0,0,0,0,0,0,0,0,0,0,0,0,0,0,1,0,0,0,0,0,0,0,0,0,0,0,0
tb.dut.clusters[0].cluster.sockets[0].socket.cores[0].core.execute.fpu_unit.genblk1[0].fpu_fpnew.genblk3[1].fpnew_core.gen_operation_groups[0].i_opgroup_block.gen_parallel_slices[2]	16	2	0	0	0	0	0	1	40896	40896	0,0,0,0,0,0,0,0,0,0,0,0,0,0,0,0,0,0,0,0,0,0,0,0,0,0,0,0,0,0,0,0,0,0,0,0,0,0,0,0	0,0,0,0,0,0,0,0,0,0,0,0,0,0,0,0,0,0,0,0,0,0,0,0,0,0,0,1,0,0,0,0,0,0,0,0,0,0,0,0	2	0	0	0	0	1	40896	40896	0,0,0,0,0,0,0,0,0,0,0,0,0,0,0,0,0,0,0,0,0,0,0,0,0,0,0,0,0,0,0,0,0,0,0,0,0,0,0,0	0,0,0,0,0,0,0,0,0,0,0,0,0,0,0,0,0,0,0,0,0,0,0,0,0,0,0,1,0,0,0,0,0,0,0,0,0,0,0,0
tb.dut.clusters[0].cluster.sockets[0].socket.cores[0].core.execute.fpu_unit.genblk1[0].fpu_fpnew.genblk3[1].fpnew_core.gen_operation_groups[0].i_opgroup_block.gen_parallel_slices[3]	16	2	0	0	0	0	0	1	40896	40896	0,0,0,0,0,0,0,0,0,0,0,0,0,0,0,0,0,0,0,0,0,0,0,0,0,0,0,0,0,0,0,0,0,0,0,0,0,0,0,0	0,0,0,0,0,0,0,0,0,0,0,0,0,0,0,0,0,0,0,0,0,0,0,0,0,0,0,1,0,0,0,0,0,0,0,0,0,0,0,0	2	0	0	0	0	1	40896	40896	0,0,0,0,0,0,0,0,0,0,0,0,0,0,0,0,0,0,0,0,0,0,0,0,0,0,0,0,0,0,0,0,0,0,0,0,0,0,0,0	0,0,0,0,0,0,0,0,0,0,0,0,0,0,0,0,0,0,0,0,0,0,0,0,0,0,0,1,0,0,0,0,0,0,0,0,0,0,0,0
tb.dut.clusters[0].cluster.sockets[0].socket.cores[0].core.execute.fpu_unit.genblk1[0].fpu_fpnew.genblk3[1].fpnew_core.gen_operation_groups[0].i_opgroup_block.gen_parallel_slices[4]	16	2	0	0	0	0	0	1	40896	40896	0,0,0,0,0,0,0,0,0,0,0,0,0,0,0,0,0,0,0,0,0,0,0,0,0,0,0,0,0,0,0,0,0,0,0,0,0,0,0,0	0,0,0,0,0,0,0,0,0,0,0,0,0,0,0,0,0,0,0,0,0,0,0,0,0,0,0,1,0,0,0,0,0,0,0,0,0,0,0,0	2	0	0	0	0	1	40896	40896	0,0,0,0,0,0,0,0,0,0,0,0,0,0,0,0,0,0,0,0,0,0,0,0,0,0,0,0,0,0,0,0,0,0,0,0,0,0,0,0	0,0,0,0,0,0,0,0,0,0,0,0,0,0,0,0,0,0,0,0,0,0,0,0,0,0,0,1,0,0,0,0,0,0,0,0,0,0,0,0
tb.dut.clusters[0].cluster.sockets[0].socket.cores[0].core.execute.fpu_unit.genblk1[0].fpu_fpnew.genblk3[1].fpnew_core.gen_operation_groups[0].i_opgroup_block.i_arbiter	16	1510	4	2	2	2	1	3	40894	40872	2,0,0,0,0,0,0,0,0,0,0,0,0,0,0,0,0,0,0,0,0,0,0,0,0,0,0,0,0,0,0,0,0,0,0,0,0,0,0,0	0,0,1,0,0,0,0,0,0,0,0,0,0,0,0,0,1,0,0,0,0,0,0,0,0,0,0,1,0,0,0,0,0,0,0,0,0,0,0,0	8	0	0	0	0	1	40896	40896	0,0,0,0,0,0,0,0,0,0,0,0,0,0,0,0,0,0,0,0,0,0,0,0,0,0,0,0,0,0,0,0,0,0,0,0,0,0,0,0	0,0,0,0,0,0,0,0,0,0,0,0,0,0,0,0,0,0,0,0,0,0,0,0,0,0,0,1,0,0,0,0,0,0,0,0,0,0,0,0
tb.dut.clusters[0].cluster.sockets[0].socket.cores[0].core.execute.fpu_unit.genblk1[0].fpu_fpnew.genblk3[1].fpnew_core.gen_operation_groups[0].i_opgroup_block.i_arbiter.gen_arbiter	17	1150	0	0	0	0	0	1	40896	40896	0,0,0,0,0,0,0,0,0,0,0,0,0,0,0,0,0,0,0,0,0,0,0,0,0,0,0,0,0,0,0,0,0,0,0,0,0,0,0,0	0,0,0,0,0,0,0,0,0,0,0,0,0,0,0,0,0,0,0,0,0,0,0,0,0,0,0,1,0,0,0,0,0,0,0,0,0,0,0,0	6	0	0	0	0	1	40896	40896	0,0,0,0,0,0,0,0,0,0,0,0,0,0,0,0,0,0,0,0,0,0,0,0,0,0,0,0,0,0,0,0,0,0,0,0,0,0,0,0	0,0,0,0,0,0,0,0,0,0,0,0,0,0,0,0,0,0,0,0,0,0,0,0,0,0,0,1,0,0,0,0,0,0,0,0,0,0,0,0
tb.dut.clusters[0].cluster.sockets[0].socket.cores[0].core.execute.fpu_unit.genblk1[0].fpu_fpnew.genblk3[1].fpnew_core.gen_operation_groups[0].i_opgroup_block.i_arbiter.gen_arbiter.gen_int_rr	18	340	0	0	0	0	0	1	40896	40896	0,0,0,0,0,0,0,0,0,0,0,0,0,0,0,0,0,0,0,0,0,0,0,0,0,0,0,0,0,0,0,0,0,0,0,0,0,0,0,0	0,0,0,0,0,0,0,0,0,0,0,0,0,0,0,0,0,0,0,0,0,0,0,0,0,0,0,1,0,0,0,0,0,0,0,0,0,0,0,0	2	0	0	0	0	1	40896	40896	0,0,0,0,0,0,0,0,0,0,0,0,0,0,0,0,0,0,0,0,0,0,0,0,0,0,0,0,0,0,0,0,0,0,0,0,0,0,0,0	0,0,0,0,0,0,0,0,0,0,0,0,0,0,0,0,0,0,0,0,0,0,0,0,0,0,0,1,0,0,0,0,0,0,0,0,0,0,0,0
tb.dut.clusters[0].cluster.sockets[0].socket.cores[0].core.execute.fpu_unit.genblk1[0].fpu_fpnew.genblk3[1].fpnew_core.gen_operation_groups[0].i_opgroup_block.i_arbiter.gen_arbiter.gen_int_rr.gen_fair_arb	19	337	0	0	0	0	0	1	40896	40896	0,0,0,0,0,0,0,0,0,0,0,0,0,0,0,0,0,0,0,0,0,0,0,0,0,0,0,0,0,0,0,0,0,0,0,0,0,0,0,0	0,0,0,0,0,0,0,0,0,0,0,0,0,0,0,0,0,0,0,0,0,0,0,0,0,0,0,1,0,0,0,0,0,0,0,0,0,0,0,0	2	0	0	0	0	1	40896	40896	0,0,0,0,0,0,0,0,0,0,0,0,0,0,0,0,0,0,0,0,0,0,0,0,0,0,0,0,0,0,0,0,0,0,0,0,0,0,0,0	0,0,0,0,0,0,0,0,0,0,0,0,0,0,0,0,0,0,0,0,0,0,0,0,0,0,0,1,0,0,0,0,0,0,0,0,0,0,0,0
tb.dut.clusters[0].cluster.sockets[0].socket.cores[0].core.execute.fpu_unit.genblk1[0].fpu_fpnew.genblk3[1].fpnew_core.gen_operation_groups[0].i_opgroup_block.i_arbiter.gen_arbiter.gen_int_rr.gen_fair_arb.i_lzc_lower	20	158	0	0	0	0	0	1	40896	40896	0,0,0,0,0,0,0,0,0,0,0,0,0,0,0,0,0,0,0,0,0,0,0,0,0,0,0,0,0,0,0,0,0,0,0,0,0,0,0,0	0,0,0,0,0,0,0,0,0,0,0,0,0,0,0,0,0,0,0,0,0,0,0,0,0,0,0,1,0,0,0,0,0,0,0,0,0,0,0,0	2	0	0	0	0	1	40896	40896	0,0,0,0,0,0,0,0,0,0,0,0,0,0,0,0,0,0,0,0,0,0,0,0,0,0,0,0,0,0,0,0,0,0,0,0,0,0,0,0	0,0,0,0,0,0,0,0,0,0,0,0,0,0,0,0,0,0,0,0,0,0,0,0,0,0,0,1,0,0,0,0,0,0,0,0,0,0,0,0
tb.dut.clusters[0].cluster.sockets[0].socket.cores[0].core.execute.fpu_unit.genblk1[0].fpu_fpnew.genblk3[1].fpnew_core.gen_operation_groups[0].i_opgroup_block.i_arbiter.gen_arbiter.gen_int_rr.gen_fair_arb.i_lzc_lower.gen_lzc	21	84	0	0	0	0	0	1	40896	40896	0,0,0,0,0,0,0,0,0,0,0,0,0,0,0,0,0,0,0,0,0,0,0,0,0,0,0,0,0,0,0,0,0,0,0,0,0,0,0,0	0,0,0,0,0,0,0,0,0,0,0,0,0,0,0,0,0,0,0,0,0,0,0,0,0,0,0,1,0,0,0,0,0,0,0,0,0,0,0,0	2	0	0	0	0	1	40896	40896	0,0,0,0,0,0,0,0,0,0,0,0,0,0,0,0,0,0,0,0,0,0,0,0,0,0,0,0,0,0,0,0,0,0,0,0,0,0,0,0	0,0,0,0,0,0,0,0,0,0,0,0,0,0,0,0,0,0,0,0,0,0,0,0,0,0,0,1,0,0,0,0,0,0,0,0,0,0,0,0
tb.dut.clusters[0].cluster.sockets[0].socket.cores[0].core.execute.fpu_unit.genblk1[0].fpu_fpnew.genblk3[1].fpnew_core.gen_operation_groups[0].i_opgroup_block.i_arbiter.gen_arbiter.gen_int_rr.gen_fair_arb.i_lzc_upper	20	158	0	0	0	0	0	1	40896	40896	0,0,0,0,0,0,0,0,0,0,0,0,0,0,0,0,0,0,0,0,0,0,0,0,0,0,0,0,0,0,0,0,0,0,0,0,0,0,0,0	0,0,0,0,0,0,0,0,0,0,0,0,0,0,0,0,0,0,0,0,0,0,0,0,0,0,0,1,0,0,0,0,0,0,0,0,0,0,0,0	2	0	0	0	0	1	40896	40896	0,0,0,0,0,0,0,0,0,0,0,0,0,0,0,0,0,0,0,0,0,0,0,0,0,0,0,0,0,0,0,0,0,0,0,0,0,0,0,0	0,0,0,0,0,0,0,0,0,0,0,0,0,0,0,0,0,0,0,0,0,0,0,0,0,0,0,1,0,0,0,0,0,0,0,0,0,0,0,0
tb.dut.clusters[0].cluster.sockets[0].socket.cores[0].core.execute.fpu_unit.genblk1[0].fpu_fpnew.genblk3[1].fpnew_core.gen_operation_groups[0].i_opgroup_block.i_arbiter.gen_arbiter.gen_int_rr.gen_fair_arb.i_lzc_upper.gen_lzc	21	84	0	0	0	0	0	1	40896	40896	0,0,0,0,0,0,0,0,0,0,0,0,0,0,0,0,0,0,0,0,0,0,0,0,0,0,0,0,0,0,0,0,0,0,0,0,0,0,0,0	0,0,0,0,0,0,0,0,0,0,0,0,0,0,0,0,0,0,0,0,0,0,0,0,0,0,0,1,0,0,0,0,0,0,0,0,0,0,0,0	2	0	0	0	0	1	40896	40896	0,0,0,0,0,0,0,0,0,0,0,0,0,0,0,0,0,0,0,0,0,0,0,0,0,0,0,0,0,0,0,0,0,0,0,0,0,0,0,0	0,0,0,0,0,0,0,0,0,0,0,0,0,0,0,0,0,0,0,0,0,0,0,0,0,0,0,1,0,0,0,0,0,0,0,0,0,0,0,0
tb.dut.clusters[0].cluster.sockets[0].socket.cores[0].core.execute.fpu_unit.genblk1[0].fpu_fpnew.genblk3[1].fpnew_core.gen_operation_groups[0].i_opgroup_block.i_arbiter.gen_arbiter.gen_levels[0]	18	65	0	0	0	0	0	1	40896	40896	0,0,0,0,0,0,0,0,0,0,0,0,0,0,0,0,0,0,0,0,0,0,0,0,0,0,0,0,0,0,0,0,0,0,0,0,0,0,0,0	0,0,0,0,0,0,0,0,0,0,0,0,0,0,0,0,0,0,0,0,0,0,0,0,0,0,0,1,0,0,0,0,0,0,0,0,0,0,0,0	2	0	0	0	0	1	40896	40896	0,0,0,0,0,0,0,0,0,0,0,0,0,0,0,0,0,0,0,0,0,0,0,0,0,0,0,0,0,0,0,0,0,0,0,0,0,0,0,0	0,0,0,0,0,0,0,0,0,0,0,0,0,0,0,0,0,0,0,0,0,0,0,0,0,0,0,1,0,0,0,0,0,0,0,0,0,0,0,0
tb.dut.clusters[0].cluster.sockets[0].socket.cores[0].core.execute.fpu_unit.genblk1[0].fpu_fpnew.genblk3[1].fpnew_core.gen_operation_groups[0].i_opgroup_block.i_arbiter.gen_arbiter.gen_levels[0].gen_level[0]	19	65	0	0	0	0	0	1	40896	40896	0,0,0,0,0,0,0,0,0,0,0,0,0,0,0,0,0,0,0,0,0,0,0,0,0,0,0,0,0,0,0,0,0,0,0,0,0,0,0,0	0,0,0,0,0,0,0,0,0,0,0,0,0,0,0,0,0,0,0,0,0,0,0,0,0,0,0,1,0,0,0,0,0,0,0,0,0,0,0,0	2	0	0	0	0	1	40896	40896	0,0,0,0,0,0,0,0,0,0,0,0,0,0,0,0,0,0,0,0,0,0,0,0,0,0,0,0,0,0,0,0,0,0,0,0,0,0,0,0	0,0,0,0,0,0,0,0,0,0,0,0,0,0,0,0,0,0,0,0,0,0,0,0,0,0,0,1,0,0,0,0,0,0,0,0,0,0,0,0
tb.dut.clusters[0].cluster.sockets[0].socket.cores[0].core.execute.fpu_unit.genblk1[0].fpu_fpnew.genblk3[1].fpnew_core.gen_operation_groups[0].i_opgroup_block.i_arbiter.gen_arbiter.gen_levels[1]	18	130	0	0	0	0	0	1	40896	40896	0,0,0,0,0,0,0,0,0,0,0,0,0,0,0,0,0,0,0,0,0,0,0,0,0,0,0,0,0,0,0,0,0,0,0,0,0,0,0,0	0,0,0,0,0,0,0,0,0,0,0,0,0,0,0,0,0,0,0,0,0,0,0,0,0,0,0,1,0,0,0,0,0,0,0,0,0,0,0,0	2	0	0	0	0	1	40896	40896	0,0,0,0,0,0,0,0,0,0,0,0,0,0,0,0,0,0,0,0,0,0,0,0,0,0,0,0,0,0,0,0,0,0,0,0,0,0,0,0	0,0,0,0,0,0,0,0,0,0,0,0,0,0,0,0,0,0,0,0,0,0,0,0,0,0,0,1,0,0,0,0,0,0,0,0,0,0,0,0
tb.dut.clusters[0].cluster.sockets[0].socket.cores[0].core.execute.fpu_unit.genblk1[0].fpu_fpnew.genblk3[1].fpnew_core.gen_operation_groups[0].i_opgroup_block.i_arbiter.gen_arbiter.gen_levels[1].gen_level[0]	19	65	0	0	0	0	0	1	40896	40896	0,0,0,0,0,0,0,0,0,0,0,0,0,0,0,0,0,0,0,0,0,0,0,0,0,0,0,0,0,0,0,0,0,0,0,0,0,0,0,0	0,0,0,0,0,0,0,0,0,0,0,0,0,0,0,0,0,0,0,0,0,0,0,0,0,0,0,1,0,0,0,0,0,0,0,0,0,0,0,0	2	0	0	0	0	1	40896	40896	0,0,0,0,0,0,0,0,0,0,0,0,0,0,0,0,0,0,0,0,0,0,0,0,0,0,0,0,0,0,0,0,0,0,0,0,0,0,0,0	0,0,0,0,0,0,0,0,0,0,0,0,0,0,0,0,0,0,0,0,0,0,0,0,0,0,0,1,0,0,0,0,0,0,0,0,0,0,0,0
tb.dut.clusters[0].cluster.sockets[0].socket.cores[0].core.execute.fpu_unit.genblk1[0].fpu_fpnew.genblk3[1].fpnew_core.gen_operation_groups[0].i_opgroup_block.i_arbiter.gen_arbiter.gen_levels[1].gen_level[1]	19	65	0	0	0	0	0	1	40896	40896	0,0,0,0,0,0,0,0,0,0,0,0,0,0,0,0,0,0,0,0,0,0,0,0,0,0,0,0,0,0,0,0,0,0,0,0,0,0,0,0	0,0,0,0,0,0,0,0,0,0,0,0,0,0,0,0,0,0,0,0,0,0,0,0,0,0,0,1,0,0,0,0,0,0,0,0,0,0,0,0	2	0	0	0	0	1	40896	40896	0,0,0,0,0,0,0,0,0,0,0,0,0,0,0,0,0,0,0,0,0,0,0,0,0,0,0,0,0,0,0,0,0,0,0,0,0,0,0,0	0,0,0,0,0,0,0,0,0,0,0,0,0,0,0,0,0,0,0,0,0,0,0,0,0,0,0,1,0,0,0,0,0,0,0,0,0,0,0,0
tb.dut.clusters[0].cluster.sockets[0].socket.cores[0].core.execute.fpu_unit.genblk1[0].fpu_fpnew.genblk3[1].fpnew_core.gen_operation_groups[0].i_opgroup_block.i_arbiter.gen_arbiter.gen_levels[2]	18	260	0	0	0	0	0	1	40896	40896	0,0,0,0,0,0,0,0,0,0,0,0,0,0,0,0,0,0,0,0,0,0,0,0,0,0,0,0,0,0,0,0,0,0,0,0,0,0,0,0	0,0,0,0,0,0,0,0,0,0,0,0,0,0,0,0,0,0,0,0,0,0,0,0,0,0,0,1,0,0,0,0,0,0,0,0,0,0,0,0	2	0	0	0	0	1	40896	40896	0,0,0,0,0,0,0,0,0,0,0,0,0,0,0,0,0,0,0,0,0,0,0,0,0,0,0,0,0,0,0,0,0,0,0,0,0,0,0,0	0,0,0,0,0,0,0,0,0,0,0,0,0,0,0,0,0,0,0,0,0,0,0,0,0,0,0,1,0,0,0,0,0,0,0,0,0,0,0,0
tb.dut.clusters[0].cluster.sockets[0].socket.cores[0].core.execute.fpu_unit.genblk1[0].fpu_fpnew.genblk3[1].fpnew_core.gen_operation_groups[0].i_opgroup_block.i_arbiter.gen_arbiter.gen_levels[2].gen_level[0]	19	65	0	0	0	0	0	1	40896	40896	0,0,0,0,0,0,0,0,0,0,0,0,0,0,0,0,0,0,0,0,0,0,0,0,0,0,0,0,0,0,0,0,0,0,0,0,0,0,0,0	0,0,0,0,0,0,0,0,0,0,0,0,0,0,0,0,0,0,0,0,0,0,0,0,0,0,0,1,0,0,0,0,0,0,0,0,0,0,0,0	2	0	0	0	0	1	40896	40896	0,0,0,0,0,0,0,0,0,0,0,0,0,0,0,0,0,0,0,0,0,0,0,0,0,0,0,0,0,0,0,0,0,0,0,0,0,0,0,0	0,0,0,0,0,0,0,0,0,0,0,0,0,0,0,0,0,0,0,0,0,0,0,0,0,0,0,1,0,0,0,0,0,0,0,0,0,0,0,0
tb.dut.clusters[0].cluster.sockets[0].socket.cores[0].core.execute.fpu_unit.genblk1[0].fpu_fpnew.genblk3[1].fpnew_core.gen_operation_groups[0].i_opgroup_block.i_arbiter.gen_arbiter.gen_levels[2].gen_level[1]	19	65	0	0	0	0	0	1	40896	40896	0,0,0,0,0,0,0,0,0,0,0,0,0,0,0,0,0,0,0,0,0,0,0,0,0,0,0,0,0,0,0,0,0,0,0,0,0,0,0,0	0,0,0,0,0,0,0,0,0,0,0,0,0,0,0,0,0,0,0,0,0,0,0,0,0,0,0,1,0,0,0,0,0,0,0,0,0,0,0,0	2	0	0	0	0	1	40896	40896	0,0,0,0,0,0,0,0,0,0,0,0,0,0,0,0,0,0,0,0,0,0,0,0,0,0,0,0,0,0,0,0,0,0,0,0,0,0,0,0	0,0,0,0,0,0,0,0,0,0,0,0,0,0,0,0,0,0,0,0,0,0,0,0,0,0,0,1,0,0,0,0,0,0,0,0,0,0,0,0
tb.dut.clusters[0].cluster.sockets[0].socket.cores[0].core.execute.fpu_unit.genblk1[0].fpu_fpnew.genblk3[1].fpnew_core.gen_operation_groups[0].i_opgroup_block.i_arbiter.gen_arbiter.gen_levels[2].gen_level[2]	19	65	0	0	0	0	0	1	40896	40896	0,0,0,0,0,0,0,0,0,0,0,0,0,0,0,0,0,0,0,0,0,0,0,0,0,0,0,0,0,0,0,0,0,0,0,0,0,0,0,0	0,0,0,0,0,0,0,0,0,0,0,0,0,0,0,0,0,0,0,0,0,0,0,0,0,0,0,1,0,0,0,0,0,0,0,0,0,0,0,0	2	0	0	0	0	1	40896	40896	0,0,0,0,0,0,0,0,0,0,0,0,0,0,0,0,0,0,0,0,0,0,0,0,0,0,0,0,0,0,0,0,0,0,0,0,0,0,0,0	0,0,0,0,0,0,0,0,0,0,0,0,0,0,0,0,0,0,0,0,0,0,0,0,0,0,0,1,0,0,0,0,0,0,0,0,0,0,0,0
tb.dut.clusters[0].cluster.sockets[0].socket.cores[0].core.execute.fpu_unit.genblk1[0].fpu_fpnew.genblk3[1].fpnew_core.gen_operation_groups[0].i_opgroup_block.i_arbiter.gen_arbiter.gen_levels[2].gen_level[3]	19	65	0	0	0	0	0	1	40896	40896	0,0,0,0,0,0,0,0,0,0,0,0,0,0,0,0,0,0,0,0,0,0,0,0,0,0,0,0,0,0,0,0,0,0,0,0,0,0,0,0	0,0,0,0,0,0,0,0,0,0,0,0,0,0,0,0,0,0,0,0,0,0,0,0,0,0,0,1,0,0,0,0,0,0,0,0,0,0,0,0	2	0	0	0	0	1	40896	40896	0,0,0,0,0,0,0,0,0,0,0,0,0,0,0,0,0,0,0,0,0,0,0,0,0,0,0,0,0,0,0,0,0,0,0,0,0,0,0,0	0,0,0,0,0,0,0,0,0,0,0,0,0,0,0,0,0,0,0,0,0,0,0,0,0,0,0,1,0,0,0,0,0,0,0,0,0,0,0,0
tb.dut.clusters[0].cluster.sockets[0].socket.cores[0].core.execute.fpu_unit.genblk1[0].fpu_fpnew.genblk3[1].fpnew_core.gen_operation_groups[1]	14	18392	35	2	2	2	1	3	40894	40872	2,0,0,0,0,0,0,0,0,0,0,0,0,0,0,0,0,0,0,0,0,0,0,0,0,0,0,0,0,0,0,0,0,0,0,0,0,0,0,0	0,0,1,0,0,0,0,0,0,0,0,0,0,0,0,0,1,0,0,0,0,0,0,0,0,0,0,1,0,0,0,0,0,0,0,0,0,0,0,0	92	0	0	0	0	1	40896	40896	0,0,0,0,0,0,0,0,0,0,0,0,0,0,0,0,0,0,0,0,0,0,0,0,0,0,0,0,0,0,0,0,0,0,0,0,0,0,0,0	0,0,0,0,0,0,0,0,0,0,0,0,0,0,0,0,0,0,0,0,0,0,0,0,0,0,0,1,0,0,0,0,0,0,0,0,0,0,0,0
tb.dut.clusters[0].cluster.sockets[0].socket.cores[0].core.execute.fpu_unit.genblk1[0].fpu_fpnew.genblk3[1].fpnew_core.gen_operation_groups[1].i_opgroup_block	15	18349	35	2	2	2	1	3	40894	40872	2,0,0,0,0,0,0,0,0,0,0,0,0,0,0,0,0,0,0,0,0,0,0,0,0,0,0,0,0,0,0,0,0,0,0,0,0,0,0,0	0,0,1,0,0,0,0,0,0,0,0,0,0,0,0,0,1,0,0,0,0,0,0,0,0,0,0,1,0,0,0,0,0,0,0,0,0,0,0,0	92	0	0	0	0	1	40896	40896	0,0,0,0,0,0,0,0,0,0,0,0,0,0,0,0,0,0,0,0,0,0,0,0,0,0,0,0,0,0,0,0,0,0,0,0,0,0,0,0	0,0,0,0,0,0,0,0,0,0,0,0,0,0,0,0,0,0,0,0,0,0,0,0,0,0,0,1,0,0,0,0,0,0,0,0,0,0,0,0
tb.dut.clusters[0].cluster.sockets[0].socket.cores[0].core.execute.fpu_unit.genblk1[0].fpu_fpnew.genblk3[1].fpnew_core.gen_operation_groups[1].i_opgroup_block.gen_merged_slice	16	16083	27	2	2	2	1	3	40894	40872	2,0,0,0,0,0,0,0,0,0,0,0,0,0,0,0,0,0,0,0,0,0,0,0,0,0,0,0,0,0,0,0,0,0,0,0,0,0,0,0	0,0,1,0,0,0,0,0,0,0,0,0,0,0,0,0,1,0,0,0,0,0,0,0,0,0,0,1,0,0,0,0,0,0,0,0,0,0,0,0	81	0	0	0	0	1	40896	40896	0,0,0,0,0,0,0,0,0,0,0,0,0,0,0,0,0,0,0,0,0,0,0,0,0,0,0,0,0,0,0,0,0,0,0,0,0,0,0,0	0,0,0,0,0,0,0,0,0,0,0,0,0,0,0,0,0,0,0,0,0,0,0,0,0,0,0,1,0,0,0,0,0,0,0,0,0,0,0,0
tb.dut.clusters[0].cluster.sockets[0].socket.cores[0].core.execute.fpu_unit.genblk1[0].fpu_fpnew.genblk3[1].fpnew_core.gen_operation_groups[1].i_opgroup_block.gen_merged_slice.i_multifmt_slice	17	16047	27	2	2	2	1	3	40894	40872	2,0,0,0,0,0,0,0,0,0,0,0,0,0,0,0,0,0,0,0,0,0,0,0,0,0,0,0,0,0,0,0,0,0,0,0,0,0,0,0	0,0,1,0,0,0,0,0,0,0,0,0,0,0,0,0,1,0,0,0,0,0,0,0,0,0,0,1,0,0,0,0,0,0,0,0,0,0,0,0	81	0	0	0	0	1	40896	40896	0,0,0,0,0,0,0,0,0,0,0,0,0,0,0,0,0,0,0,0,0,0,0,0,0,0,0,0,0,0,0,0,0,0,0,0,0,0,0,0	0,0,0,0,0,0,0,0,0,0,0,0,0,0,0,0,0,0,0,0,0,0,0,0,0,0,0,1,0,0,0,0,0,0,0,0,0,0,0,0
tb.dut.clusters[0].cluster.sockets[0].socket.cores[0].core.execute.fpu_unit.genblk1[0].fpu_fpnew.genblk3[1].fpnew_core.gen_operation_groups[1].i_opgroup_block.gen_merged_slice.i_multifmt_slice.extend_fp_result[0]	18	32	0	0	0	0	0	1	40896	40896	0,0,0,0,0,0,0,0,0,0,0,0,0,0,0,0,0,0,0,0,0,0,0,0,0,0,0,0,0,0,0,0,0,0,0,0,0,0,0,0	0,0,0,0,0,0,0,0,0,0,0,0,0,0,0,0,0,0,0,0,0,0,0,0,0,0,0,1,0,0,0,0,0,0,0,0,0,0,0,0	2	0	0	0	0	1	40896	40896	0,0,0,0,0,0,0,0,0,0,0,0,0,0,0,0,0,0,0,0,0,0,0,0,0,0,0,0,0,0,0,0,0,0,0,0,0,0,0,0	0,0,0,0,0,0,0,0,0,0,0,0,0,0,0,0,0,0,0,0,0,0,0,0,0,0,0,1,0,0,0,0,0,0,0,0,0,0,0,0
tb.dut.clusters[0].cluster.sockets[0].socket.cores[0].core.execute.fpu_unit.genblk1[0].fpu_fpnew.genblk3[1].fpnew_core.gen_operation_groups[1].i_opgroup_block.gen_merged_slice.i_multifmt_slice.extend_fp_result[1]	18	32	0	0	0	0	0	1	40896	40896	0,0,0,0,0,0,0,0,0,0,0,0,0,0,0,0,0,0,0,0,0,0,0,0,0,0,0,0,0,0,0,0,0,0,0,0,0,0,0,0	0,0,0,0,0,0,0,0,0,0,0,0,0,0,0,0,0,0,0,0,0,0,0,0,0,0,0,1,0,0,0,0,0,0,0,0,0,0,0,0	2	0	0	0	0	1	40896	40896	0,0,0,0,0,0,0,0,0,0,0,0,0,0,0,0,0,0,0,0,0,0,0,0,0,0,0,0,0,0,0,0,0,0,0,0,0,0,0,0	0,0,0,0,0,0,0,0,0,0,0,0,0,0,0,0,0,0,0,0,0,0,0,0,0,0,0,1,0,0,0,0,0,0,0,0,0,0,0,0
tb.dut.clusters[0].cluster.sockets[0].socket.cores[0].core.execute.fpu_unit.genblk1[0].fpu_fpnew.genblk3[1].fpnew_core.gen_operation_groups[1].i_opgroup_block.gen_merged_slice.i_multifmt_slice.extend_fp_result[2]	18	32	0	0	0	0	0	1	40896	40896	0,0,0,0,0,0,0,0,0,0,0,0,0,0,0,0,0,0,0,0,0,0,0,0,0,0,0,0,0,0,0,0,0,0,0,0,0,0,0,0	0,0,0,0,0,0,0,0,0,0,0,0,0,0,0,0,0,0,0,0,0,0,0,0,0,0,0,1,0,0,0,0,0,0,0,0,0,0,0,0	2	0	0	0	0	1	40896	40896	0,0,0,0,0,0,0,0,0,0,0,0,0,0,0,0,0,0,0,0,0,0,0,0,0,0,0,0,0,0,0,0,0,0,0,0,0,0,0,0	0,0,0,0,0,0,0,0,0,0,0,0,0,0,0,0,0,0,0,0,0,0,0,0,0,0,0,1,0,0,0,0,0,0,0,0,0,0,0,0
tb.dut.clusters[0].cluster.sockets[0].socket.cores[0].core.execute.fpu_unit.genblk1[0].fpu_fpnew.genblk3[1].fpnew_core.gen_operation_groups[1].i_opgroup_block.gen_merged_slice.i_multifmt_slice.extend_fp_result[3]	18	32	0	0	0	0	0	1	40896	40896	0,0,0,0,0,0,0,0,0,0,0,0,0,0,0,0,0,0,0,0,0,0,0,0,0,0,0,0,0,0,0,0,0,0,0,0,0,0,0,0	0,0,0,0,0,0,0,0,0,0,0,0,0,0,0,0,0,0,0,0,0,0,0,0,0,0,0,1,0,0,0,0,0,0,0,0,0,0,0,0	2	0	0	0	0	1	40896	40896	0,0,0,0,0,0,0,0,0,0,0,0,0,0,0,0,0,0,0,0,0,0,0,0,0,0,0,0,0,0,0,0,0,0,0,0,0,0,0,0	0,0,0,0,0,0,0,0,0,0,0,0,0,0,0,0,0,0,0,0,0,0,0,0,0,0,0,1,0,0,0,0,0,0,0,0,0,0,0,0
tb.dut.clusters[0].cluster.sockets[0].socket.cores[0].core.execute.fpu_unit.genblk1[0].fpu_fpnew.genblk3[1].fpnew_core.gen_operation_groups[1].i_opgroup_block.gen_merged_slice.i_multifmt_slice.extend_fp_result[4]	18	32	0	0	0	0	0	1	40896	40896	0,0,0,0,0,0,0,0,0,0,0,0,0,0,0,0,0,0,0,0,0,0,0,0,0,0,0,0,0,0,0,0,0,0,0,0,0,0,0,0	0,0,0,0,0,0,0,0,0,0,0,0,0,0,0,0,0,0,0,0,0,0,0,0,0,0,0,1,0,0,0,0,0,0,0,0,0,0,0,0	2	0	0	0	0	1	40896	40896	0,0,0,0,0,0,0,0,0,0,0,0,0,0,0,0,0,0,0,0,0,0,0,0,0,0,0,0,0,0,0,0,0,0,0,0,0,0,0,0	0,0,0,0,0,0,0,0,0,0,0,0,0,0,0,0,0,0,0,0,0,0,0,0,0,0,0,1,0,0,0,0,0,0,0,0,0,0,0,0
tb.dut.clusters[0].cluster.sockets[0].socket.cores[0].core.execute.fpu_unit.genblk1[0].fpu_fpnew.genblk3[1].fpnew_core.gen_operation_groups[1].i_opgroup_block.gen_merged_slice.i_multifmt_slice.gen_num_lanes[0]	18	14916	23	2	2	2	1	3	40894	40872	2,0,0,0,0,0,0,0,0,0,0,0,0,0,0,0,0,0,0,0,0,0,0,0,0,0,0,0,0,0,0,0,0,0,0,0,0,0,0,0	0,0,1,0,0,0,0,0,0,0,0,0,0,0,0,0,1,0,0,0,0,0,0,0,0,0,0,1,0,0,0,0,0,0,0,0,0,0,0,0	75	0	0	0	0	1	40896	40896	0,0,0,0,0,0,0,0,0,0,0,0,0,0,0,0,0,0,0,0,0,0,0,0,0,0,0,0,0,0,0,0,0,0,0,0,0,0,0,0	0,0,0,0,0,0,0,0,0,0,0,0,0,0,0,0,0,0,0,0,0,0,0,0,0,0,0,1,0,0,0,0,0,0,0,0,0,0,0,0
tb.dut.clusters[0].cluster.sockets[0].socket.cores[0].core.execute.fpu_unit.genblk1[0].fpu_fpnew.genblk3[1].fpnew_core.gen_operation_groups[1].i_opgroup_block.gen_merged_slice.i_multifmt_slice.gen_num_lanes[0].active_lane	19	14573	23	2	2	2	1	3	40894	40872	2,0,0,0,0,0,0,0,0,0,0,0,0,0,0,0,0,0,0,0,0,0,0,0,0,0,0,0,0,0,0,0,0,0,0,0,0,0,0,0	0,0,1,0,0,0,0,0,0,0,0,0,0,0,0,0,1,0,0,0,0,0,0,0,0,0,0,1,0,0,0,0,0,0,0,0,0,0,0,0	73	0	0	0	0	1	40896	40896	0,0,0,0,0,0,0,0,0,0,0,0,0,0,0,0,0,0,0,0,0,0,0,0,0,0,0,0,0,0,0,0,0,0,0,0,0,0,0,0	0,0,0,0,0,0,0,0,0,0,0,0,0,0,0,0,0,0,0,0,0,0,0,0,0,0,0,1,0,0,0,0,0,0,0,0,0,0,0,0
tb.dut.clusters[0].cluster.sockets[0].socket.cores[0].core.execute.fpu_unit.genblk1[0].fpu_fpnew.genblk3[1].fpnew_core.gen_operation_groups[1].i_opgroup_block.gen_merged_slice.i_multifmt_slice.gen_num_lanes[0].active_lane.lane_instance	20	14469	23	2	2	2	1	3	40894	40872	2,0,0,0,0,0,0,0,0,0,0,0,0,0,0,0,0,0,0,0,0,0,0,0,0,0,0,0,0,0,0,0,0,0,0,0,0,0,0,0	0,0,1,0,0,0,0,0,0,0,0,0,0,0,0,0,1,0,0,0,0,0,0,0,0,0,0,1,0,0,0,0,0,0,0,0,0,0,0,0	73	0	0	0	0	1	40896	40896	0,0,0,0,0,0,0,0,0,0,0,0,0,0,0,0,0,0,0,0,0,0,0,0,0,0,0,0,0,0,0,0,0,0,0,0,0,0,0,0	0,0,0,0,0,0,0,0,0,0,0,0,0,0,0,0,0,0,0,0,0,0,0,0,0,0,0,1,0,0,0,0,0,0,0,0,0,0,0,0
tb.dut.clusters[0].cluster.sockets[0].socket.cores[0].core.execute.fpu_unit.genblk1[0].fpu_fpnew.genblk3[1].fpnew_core.gen_operation_groups[1].i_opgroup_block.gen_merged_slice.i_multifmt_slice.gen_num_lanes[0].active_lane.lane_instance.genblk1	21	14469	23	2	2	2	1	3	40894	40872	2,0,0,0,0,0,0,0,0,0,0,0,0,0,0,0,0,0,0,0,0,0,0,0,0,0,0,0,0,0,0,0,0,0,0,0,0,0,0,0	0,0,1,0,0,0,0,0,0,0,0,0,0,0,0,0,1,0,0,0,0,0,0,0,0,0,0,1,0,0,0,0,0,0,0,0,0,0,0,0	73	0	0	0	0	1	40896	40896	0,0,0,0,0,0,0,0,0,0,0,0,0,0,0,0,0,0,0,0,0,0,0,0,0,0,0,0,0,0,0,0,0,0,0,0,0,0,0,0	0,0,0,0,0,0,0,0,0,0,0,0,0,0,0,0,0,0,0,0,0,0,0,0,0,0,0,1,0,0,0,0,0,0,0,0,0,0,0,0
tb.dut.clusters[0].cluster.sockets[0].socket.cores[0].core.execute.fpu_unit.genblk1[0].fpu_fpnew.genblk3[1].fpnew_core.gen_operation_groups[1].i_opgroup_block.gen_merged_slice.i_multifmt_slice.gen_num_lanes[0].active_lane.lane_instance.genblk1.i_fpnew_divsqrt_multi	22	14469	23	2	2	2	1	3	40894	40872	2,0,0,0,0,0,0,0,0,0,0,0,0,0,0,0,0,0,0,0,0,0,0,0,0,0,0,0,0,0,0,0,0,0,0,0,0,0,0,0	0,0,1,0,0,0,0,0,0,0,0,0,0,0,0,0,1,0,0,0,0,0,0,0,0,0,0,1,0,0,0,0,0,0,0,0,0,0,0,0	73	0	0	0	0	1	40896	40896	0,0,0,0,0,0,0,0,0,0,0,0,0,0,0,0,0,0,0,0,0,0,0,0,0,0,0,0,0,0,0,0,0,0,0,0,0,0,0,0	0,0,0,0,0,0,0,0,0,0,0,0,0,0,0,0,0,0,0,0,0,0,0,0,0,0,0,1,0,0,0,0,0,0,0,0,0,0,0,0
tb.dut.clusters[0].cluster.sockets[0].socket.cores[0].core.execute.fpu_unit.genblk1[0].fpu_fpnew.genblk3[1].fpnew_core.gen_operation_groups[1].i_opgroup_block.gen_merged_slice.i_multifmt_slice.gen_num_lanes[0].active_lane.lane_instance.genblk1.i_fpnew_divsqrt_multi.gen_input_pipeline[0]	23	1	0	0	0	0	0	1	40896	40896	0,0,0,0,0,0,0,0,0,0,0,0,0,0,0,0,0,0,0,0,0,0,0,0,0,0,0,0,0,0,0,0,0,0,0,0,0,0,0,0	0,0,0,0,0,0,0,0,0,0,0,0,0,0,0,0,0,0,0,0,0,0,0,0,0,0,0,1,0,0,0,0,0,0,0,0,0,0,0,0	2	0	0	0	0	1	40896	40896	0,0,0,0,0,0,0,0,0,0,0,0,0,0,0,0,0,0,0,0,0,0,0,0,0,0,0,0,0,0,0,0,0,0,0,0,0,0,0,0	0,0,0,0,0,0,0,0,0,0,0,0,0,0,0,0,0,0,0,0,0,0,0,0,0,0,0,1,0,0,0,0,0,0,0,0,0,0,0,0
tb.dut.clusters[0].cluster.sockets[0].socket.cores[0].core.execute.fpu_unit.genblk1[0].fpu_fpnew.genblk3[1].fpnew_core.gen_operation_groups[1].i_opgroup_block.gen_merged_slice.i_multifmt_slice.gen_num_lanes[0].active_lane.lane_instance.genblk1.i_fpnew_divsqrt_multi.gen_input_pipeline[1]	23	1	0	0	0	0	0	1	40896	40896	0,0,0,0,0,0,0,0,0,0,0,0,0,0,0,0,0,0,0,0,0,0,0,0,0,0,0,0,0,0,0,0,0,0,0,0,0,0,0,0	0,0,0,0,0,0,0,0,0,0,0,0,0,0,0,0,0,0,0,0,0,0,0,0,0,0,0,1,0,0,0,0,0,0,0,0,0,0,0,0	2	0	0	0	0	1	40896	40896	0,0,0,0,0,0,0,0,0,0,0,0,0,0,0,0,0,0,0,0,0,0,0,0,0,0,0,0,0,0,0,0,0,0,0,0,0,0,0,0	0,0,0,0,0,0,0,0,0,0,0,0,0,0,0,0,0,0,0,0,0,0,0,0,0,0,0,1,0,0,0,0,0,0,0,0,0,0,0,0
tb.dut.clusters[0].cluster.sockets[0].socket.cores[0].core.execute.fpu_unit.genblk1[0].fpu_fpnew.genblk3[1].fpnew_core.gen_operation_groups[1].i_opgroup_block.gen_merged_slice.i_multifmt_slice.gen_num_lanes[0].active_lane.lane_instance.genblk1.i_fpnew_divsqrt_multi.gen_input_pipeline[2]	23	1	0	0	0	0	0	1	40896	40896	0,0,0,0,0,0,0,0,0,0,0,0,0,0,0,0,0,0,0,0,0,0,0,0,0,0,0,0,0,0,0,0,0,0,0,0,0,0,0,0	0,0,0,0,0,0,0,0,0,0,0,0,0,0,0,0,0,0,0,0,0,0,0,0,0,0,0,1,0,0,0,0,0,0,0,0,0,0,0,0	2	0	0	0	0	1	40896	40896	0,0,0,0,0,0,0,0,0,0,0,0,0,0,0,0,0,0,0,0,0,0,0,0,0,0,0,0,0,0,0,0,0,0,0,0,0,0,0,0	0,0,0,0,0,0,0,0,0,0,0,0,0,0,0,0,0,0,0,0,0,0,0,0,0,0,0,1,0,0,0,0,0,0,0,0,0,0,0,0
tb.dut.clusters[0].cluster.sockets[0].socket.cores[0].core.execute.fpu_unit.genblk1[0].fpu_fpnew.genblk3[1].fpnew_core.gen_operation_groups[1].i_opgroup_block.gen_merged_slice.i_multifmt_slice.gen_num_lanes[0].active_lane.lane_instance.genblk1.i_fpnew_divsqrt_multi.gen_input_pipeline[3]	23	1	0	0	0	0	0	1	40896	40896	0,0,0,0,0,0,0,0,0,0,0,0,0,0,0,0,0,0,0,0,0,0,0,0,0,0,0,0,0,0,0,0,0,0,0,0,0,0,0,0	0,0,0,0,0,0,0,0,0,0,0,0,0,0,0,0,0,0,0,0,0,0,0,0,0,0,0,1,0,0,0,0,0,0,0,0,0,0,0,0	2	0	0	0	0	1	40896	40896	0,0,0,0,0,0,0,0,0,0,0,0,0,0,0,0,0,0,0,0,0,0,0,0,0,0,0,0,0,0,0,0,0,0,0,0,0,0,0,0	0,0,0,0,0,0,0,0,0,0,0,0,0,0,0,0,0,0,0,0,0,0,0,0,0,0,0,1,0,0,0,0,0,0,0,0,0,0,0,0
tb.dut.clusters[0].cluster.sockets[0].socket.cores[0].core.execute.fpu_unit.genblk1[0].fpu_fpnew.genblk3[1].fpnew_core.gen_operation_groups[1].i_opgroup_block.gen_merged_slice.i_multifmt_slice.gen_num_lanes[0].active_lane.lane_instance.genblk1.i_fpnew_divsqrt_multi.gen_input_pipeline[4]	23	1	0	0	0	0	0	1	40896	40896	0,0,0,0,0,0,0,0,0,0,0,0,0,0,0,0,0,0,0,0,0,0,0,0,0,0,0,0,0,0,0,0,0,0,0,0,0,0,0,0	0,0,0,0,0,0,0,0,0,0,0,0,0,0,0,0,0,0,0,0,0,0,0,0,0,0,0,1,0,0,0,0,0,0,0,0,0,0,0,0	2	0	0	0	0	1	40896	40896	0,0,0,0,0,0,0,0,0,0,0,0,0,0,0,0,0,0,0,0,0,0,0,0,0,0,0,0,0,0,0,0,0,0,0,0,0,0,0,0	0,0,0,0,0,0,0,0,0,0,0,0,0,0,0,0,0,0,0,0,0,0,0,0,0,0,0,1,0,0,0,0,0,0,0,0,0,0,0,0
tb.dut.clusters[0].cluster.sockets[0].socket.cores[0].core.execute.fpu_unit.genblk1[0].fpu_fpnew.genblk3[1].fpnew_core.gen_operation_groups[1].i_opgroup_block.gen_merged_slice.i_multifmt_slice.gen_num_lanes[0].active_lane.lane_instance.genblk1.i_fpnew_divsqrt_multi.gen_input_pipeline[5]	23	1	0	0	0	0	0	1	40896	40896	0,0,0,0,0,0,0,0,0,0,0,0,0,0,0,0,0,0,0,0,0,0,0,0,0,0,0,0,0,0,0,0,0,0,0,0,0,0,0,0	0,0,0,0,0,0,0,0,0,0,0,0,0,0,0,0,0,0,0,0,0,0,0,0,0,0,0,1,0,0,0,0,0,0,0,0,0,0,0,0	2	0	0	0	0	1	40896	40896	0,0,0,0,0,0,0,0,0,0,0,0,0,0,0,0,0,0,0,0,0,0,0,0,0,0,0,0,0,0,0,0,0,0,0,0,0,0,0,0	0,0,0,0,0,0,0,0,0,0,0,0,0,0,0,0,0,0,0,0,0,0,0,0,0,0,0,1,0,0,0,0,0,0,0,0,0,0,0,0
tb.dut.clusters[0].cluster.sockets[0].socket.cores[0].core.execute.fpu_unit.genblk1[0].fpu_fpnew.genblk3[1].fpnew_core.gen_operation_groups[1].i_opgroup_block.gen_merged_slice.i_multifmt_slice.gen_num_lanes[0].active_lane.lane_instance.genblk1.i_fpnew_divsqrt_multi.gen_input_pipeline[6]	23	1	0	0	0	0	0	1	40896	40896	0,0,0,0,0,0,0,0,0,0,0,0,0,0,0,0,0,0,0,0,0,0,0,0,0,0,0,0,0,0,0,0,0,0,0,0,0,0,0,0	0,0,0,0,0,0,0,0,0,0,0,0,0,0,0,0,0,0,0,0,0,0,0,0,0,0,0,1,0,0,0,0,0,0,0,0,0,0,0,0	2	0	0	0	0	1	40896	40896	0,0,0,0,0,0,0,0,0,0,0,0,0,0,0,0,0,0,0,0,0,0,0,0,0,0,0,0,0,0,0,0,0,0,0,0,0,0,0,0	0,0,0,0,0,0,0,0,0,0,0,0,0,0,0,0,0,0,0,0,0,0,0,0,0,0,0,1,0,0,0,0,0,0,0,0,0,0,0,0
tb.dut.clusters[0].cluster.sockets[0].socket.cores[0].core.execute.fpu_unit.genblk1[0].fpu_fpnew.genblk3[1].fpnew_core.gen_operation_groups[1].i_opgroup_block.gen_merged_slice.i_multifmt_slice.gen_num_lanes[0].active_lane.lane_instance.genblk1.i_fpnew_divsqrt_multi.gen_input_pipeline[7]	23	1	0	0	0	0	0	1	40896	40896	0,0,0,0,0,0,0,0,0,0,0,0,0,0,0,0,0,0,0,0,0,0,0,0,0,0,0,0,0,0,0,0,0,0,0,0,0,0,0,0	0,0,0,0,0,0,0,0,0,0,0,0,0,0,0,0,0,0,0,0,0,0,0,0,0,0,0,1,0,0,0,0,0,0,0,0,0,0,0,0	2	0	0	0	0	1	40896	40896	0,0,0,0,0,0,0,0,0,0,0,0,0,0,0,0,0,0,0,0,0,0,0,0,0,0,0,0,0,0,0,0,0,0,0,0,0,0,0,0	0,0,0,0,0,0,0,0,0,0,0,0,0,0,0,0,0,0,0,0,0,0,0,0,0,0,0,1,0,0,0,0,0,0,0,0,0,0,0,0
tb.dut.clusters[0].cluster.sockets[0].socket.cores[0].core.execute.fpu_unit.genblk1[0].fpu_fpnew.genblk3[1].fpnew_core.gen_operation_groups[1].i_opgroup_block.gen_merged_slice.i_multifmt_slice.gen_num_lanes[0].active_lane.lane_instance.genblk1.i_fpnew_divsqrt_multi.gen_output_pipeline[0]	23	1	0	0	0	0	0	1	40896	40896	0,0,0,0,0,0,0,0,0,0,0,0,0,0,0,0,0,0,0,0,0,0,0,0,0,0,0,0,0,0,0,0,0,0,0,0,0,0,0,0	0,0,0,0,0,0,0,0,0,0,0,0,0,0,0,0,0,0,0,0,0,0,0,0,0,0,0,1,0,0,0,0,0,0,0,0,0,0,0,0	2	0	0	0	0	1	40896	40896	0,0,0,0,0,0,0,0,0,0,0,0,0,0,0,0,0,0,0,0,0,0,0,0,0,0,0,0,0,0,0,0,0,0,0,0,0,0,0,0	0,0,0,0,0,0,0,0,0,0,0,0,0,0,0,0,0,0,0,0,0,0,0,0,0,0,0,1,0,0,0,0,0,0,0,0,0,0,0,0
tb.dut.clusters[0].cluster.sockets[0].socket.cores[0].core.execute.fpu_unit.genblk1[0].fpu_fpnew.genblk3[1].fpnew_core.gen_operation_groups[1].i_opgroup_block.gen_merged_slice.i_multifmt_slice.gen_num_lanes[0].active_lane.lane_instance.genblk1.i_fpnew_divsqrt_multi.gen_output_pipeline[1]	23	1	0	0	0	0	0	1	40896	40896	0,0,0,0,0,0,0,0,0,0,0,0,0,0,0,0,0,0,0,0,0,0,0,0,0,0,0,0,0,0,0,0,0,0,0,0,0,0,0,0	0,0,0,0,0,0,0,0,0,0,0,0,0,0,0,0,0,0,0,0,0,0,0,0,0,0,0,1,0,0,0,0,0,0,0,0,0,0,0,0	2	0	0	0	0	1	40896	40896	0,0,0,0,0,0,0,0,0,0,0,0,0,0,0,0,0,0,0,0,0,0,0,0,0,0,0,0,0,0,0,0,0,0,0,0,0,0,0,0	0,0,0,0,0,0,0,0,0,0,0,0,0,0,0,0,0,0,0,0,0,0,0,0,0,0,0,1,0,0,0,0,0,0,0,0,0,0,0,0
tb.dut.clusters[0].cluster.sockets[0].socket.cores[0].core.execute.fpu_unit.genblk1[0].fpu_fpnew.genblk3[1].fpnew_core.gen_operation_groups[1].i_opgroup_block.gen_merged_slice.i_multifmt_slice.gen_num_lanes[0].active_lane.lane_instance.genblk1.i_fpnew_divsqrt_multi.gen_output_pipeline[2]	23	1	0	0	0	0	0	1	40896	40896	0,0,0,0,0,0,0,0,0,0,0,0,0,0,0,0,0,0,0,0,0,0,0,0,0,0,0,0,0,0,0,0,0,0,0,0,0,0,0,0	0,0,0,0,0,0,0,0,0,0,0,0,0,0,0,0,0,0,0,0,0,0,0,0,0,0,0,1,0,0,0,0,0,0,0,0,0,0,0,0	2	0	0	0	0	1	40896	40896	0,0,0,0,0,0,0,0,0,0,0,0,0,0,0,0,0,0,0,0,0,0,0,0,0,0,0,0,0,0,0,0,0,0,0,0,0,0,0,0	0,0,0,0,0,0,0,0,0,0,0,0,0,0,0,0,0,0,0,0,0,0,0,0,0,0,0,1,0,0,0,0,0,0,0,0,0,0,0,0
tb.dut.clusters[0].cluster.sockets[0].socket.cores[0].core.execute.fpu_unit.genblk1[0].fpu_fpnew.genblk3[1].fpnew_core.gen_operation_groups[1].i_opgroup_block.gen_merged_slice.i_multifmt_slice.gen_num_lanes[0].active_lane.lane_instance.genblk1.i_fpnew_divsqrt_multi.gen_output_pipeline[3]	23	1	0	0	0	0	0	1	40896	40896	0,0,0,0,0,0,0,0,0,0,0,0,0,0,0,0,0,0,0,0,0,0,0,0,0,0,0,0,0,0,0,0,0,0,0,0,0,0,0,0	0,0,0,0,0,0,0,0,0,0,0,0,0,0,0,0,0,0,0,0,0,0,0,0,0,0,0,1,0,0,0,0,0,0,0,0,0,0,0,0	2	0	0	0	0	1	40896	40896	0,0,0,0,0,0,0,0,0,0,0,0,0,0,0,0,0,0,0,0,0,0,0,0,0,0,0,0,0,0,0,0,0,0,0,0,0,0,0,0	0,0,0,0,0,0,0,0,0,0,0,0,0,0,0,0,0,0,0,0,0,0,0,0,0,0,0,1,0,0,0,0,0,0,0,0,0,0,0,0
tb.dut.clusters[0].cluster.sockets[0].socket.cores[0].core.execute.fpu_unit.genblk1[0].fpu_fpnew.genblk3[1].fpnew_core.gen_operation_groups[1].i_opgroup_block.gen_merged_slice.i_multifmt_slice.gen_num_lanes[0].active_lane.lane_instance.genblk1.i_fpnew_divsqrt_multi.gen_output_pipeline[4]	23	1	0	0	0	0	0	1	40896	40896	0,0,0,0,0,0,0,0,0,0,0,0,0,0,0,0,0,0,0,0,0,0,0,0,0,0,0,0,0,0,0,0,0,0,0,0,0,0,0,0	0,0,0,0,0,0,0,0,0,0,0,0,0,0,0,0,0,0,0,0,0,0,0,0,0,0,0,1,0,0,0,0,0,0,0,0,0,0,0,0	2	0	0	0	0	1	40896	40896	0,0,0,0,0,0,0,0,0,0,0,0,0,0,0,0,0,0,0,0,0,0,0,0,0,0,0,0,0,0,0,0,0,0,0,0,0,0,0,0	0,0,0,0,0,0,0,0,0,0,0,0,0,0,0,0,0,0,0,0,0,0,0,0,0,0,0,1,0,0,0,0,0,0,0,0,0,0,0,0
tb.dut.clusters[0].cluster.sockets[0].socket.cores[0].core.execute.fpu_unit.genblk1[0].fpu_fpnew.genblk3[1].fpnew_core.gen_operation_groups[1].i_opgroup_block.gen_merged_slice.i_multifmt_slice.gen_num_lanes[0].active_lane.lane_instance.genblk1.i_fpnew_divsqrt_multi.gen_output_pipeline[5]	23	1	0	0	0	0	0	1	40896	40896	0,0,0,0,0,0,0,0,0,0,0,0,0,0,0,0,0,0,0,0,0,0,0,0,0,0,0,0,0,0,0,0,0,0,0,0,0,0,0,0	0,0,0,0,0,0,0,0,0,0,0,0,0,0,0,0,0,0,0,0,0,0,0,0,0,0,0,1,0,0,0,0,0,0,0,0,0,0,0,0	2	0	0	0	0	1	40896	40896	0,0,0,0,0,0,0,0,0,0,0,0,0,0,0,0,0,0,0,0,0,0,0,0,0,0,0,0,0,0,0,0,0,0,0,0,0,0,0,0	0,0,0,0,0,0,0,0,0,0,0,0,0,0,0,0,0,0,0,0,0,0,0,0,0,0,0,1,0,0,0,0,0,0,0,0,0,0,0,0
tb.dut.clusters[0].cluster.sockets[0].socket.cores[0].core.execute.fpu_unit.genblk1[0].fpu_fpnew.genblk3[1].fpnew_core.gen_operation_groups[1].i_opgroup_block.gen_merged_slice.i_multifmt_slice.gen_num_lanes[0].active_lane.lane_instance.genblk1.i_fpnew_divsqrt_multi.gen_output_pipeline[6]	23	1	0	0	0	0	0	1	40896	40896	0,0,0,0,0,0,0,0,0,0,0,0,0,0,0,0,0,0,0,0,0,0,0,0,0,0,0,0,0,0,0,0,0,0,0,0,0,0,0,0	0,0,0,0,0,0,0,0,0,0,0,0,0,0,0,0,0,0,0,0,0,0,0,0,0,0,0,1,0,0,0,0,0,0,0,0,0,0,0,0	2	0	0	0	0	1	40896	40896	0,0,0,0,0,0,0,0,0,0,0,0,0,0,0,0,0,0,0,0,0,0,0,0,0,0,0,0,0,0,0,0,0,0,0,0,0,0,0,0	0,0,0,0,0,0,0,0,0,0,0,0,0,0,0,0,0,0,0,0,0,0,0,0,0,0,0,1,0,0,0,0,0,0,0,0,0,0,0,0
tb.dut.clusters[0].cluster.sockets[0].socket.cores[0].core.execute.fpu_unit.genblk1[0].fpu_fpnew.genblk3[1].fpnew_core.gen_operation_groups[1].i_opgroup_block.gen_merged_slice.i_multifmt_slice.gen_num_lanes[0].active_lane.lane_instance.genblk1.i_fpnew_divsqrt_multi.gen_output_pipeline[7]	23	1	0	0	0	0	0	1	40896	40896	0,0,0,0,0,0,0,0,0,0,0,0,0,0,0,0,0,0,0,0,0,0,0,0,0,0,0,0,0,0,0,0,0,0,0,0,0,0,0,0	0,0,0,0,0,0,0,0,0,0,0,0,0,0,0,0,0,0,0,0,0,0,0,0,0,0,0,1,0,0,0,0,0,0,0,0,0,0,0,0	2	0	0	0	0	1	40896	40896	0,0,0,0,0,0,0,0,0,0,0,0,0,0,0,0,0,0,0,0,0,0,0,0,0,0,0,0,0,0,0,0,0,0,0,0,0,0,0,0	0,0,0,0,0,0,0,0,0,0,0,0,0,0,0,0,0,0,0,0,0,0,0,0,0,0,0,1,0,0,0,0,0,0,0,0,0,0,0,0
tb.dut.clusters[0].cluster.sockets[0].socket.cores[0].core.execute.fpu_unit.genblk1[0].fpu_fpnew.genblk3[1].fpnew_core.gen_operation_groups[1].i_opgroup_block.gen_merged_slice.i_multifmt_slice.gen_num_lanes[0].active_lane.lane_instance.genblk1.i_fpnew_divsqrt_multi.i_divsqrt_lei	23	12493	18	2	2	2	1	3	40894	40872	2,0,0,0,0,0,0,0,0,0,0,0,0,0,0,0,0,0,0,0,0,0,0,0,0,0,0,0,0,0,0,0,0,0,0,0,0,0,0,0	0,0,1,0,0,0,0,0,0,0,0,0,0,0,0,0,1,0,0,0,0,0,0,0,0,0,0,1,0,0,0,0,0,0,0,0,0,0,0,0	63	0	0	0	0	1	40896	40896	0,0,0,0,0,0,0,0,0,0,0,0,0,0,0,0,0,0,0,0,0,0,0,0,0,0,0,0,0,0,0,0,0,0,0,0,0,0,0,0	0,0,0,0,0,0,0,0,0,0,0,0,0,0,0,0,0,0,0,0,0,0,0,0,0,0,0,1,0,0,0,0,0,0,0,0,0,0,0,0
tb.dut.clusters[0].cluster.sockets[0].socket.cores[0].core.execute.fpu_unit.genblk1[0].fpu_fpnew.genblk3[1].fpnew_core.gen_operation_groups[1].i_opgroup_block.gen_merged_slice.i_multifmt_slice.gen_num_lanes[0].active_lane.lane_instance.genblk1.i_fpnew_divsqrt_multi.i_divsqrt_lei.fpu_norm_U0	24	752	0	0	0	0	0	1	40896	40896	0,0,0,0,0,0,0,0,0,0,0,0,0,0,0,0,0,0,0,0,0,0,0,0,0,0,0,0,0,0,0,0,0,0,0,0,0,0,0,0	0,0,0,0,0,0,0,0,0,0,0,0,0,0,0,0,0,0,0,0,0,0,0,0,0,0,0,1,0,0,0,0,0,0,0,0,0,0,0,0	4	0	0	0	0	1	40896	40896	0,0,0,0,0,0,0,0,0,0,0,0,0,0,0,0,0,0,0,0,0,0,0,0,0,0,0,0,0,0,0,0,0,0,0,0,0,0,0,0	0,0,0,0,0,0,0,0,0,0,0,0,0,0,0,0,0,0,0,0,0,0,0,0,0,0,0,1,0,0,0,0,0,0,0,0,0,0,0,0
tb.dut.clusters[0].cluster.sockets[0].socket.cores[0].core.execute.fpu_unit.genblk1[0].fpu_fpnew.genblk3[1].fpnew_core.gen_operation_groups[1].i_opgroup_block.gen_merged_slice.i_multifmt_slice.gen_num_lanes[0].active_lane.lane_instance.genblk1.i_fpnew_divsqrt_multi.i_divsqrt_lei.nrbd_nrsc_U0	24	8528	10	2	2	2	1	3	40894	40872	2,0,0,0,0,0,0,0,0,0,0,0,0,0,0,0,0,0,0,0,0,0,0,0,0,0,0,0,0,0,0,0,0,0,0,0,0,0,0,0	0,0,1,0,0,0,0,0,0,0,0,0,0,0,0,0,1,0,0,0,0,0,0,0,0,0,0,1,0,0,0,0,0,0,0,0,0,0,0,0	43	0	0	0	0	1	40896	40896	0,0,0,0,0,0,0,0,0,0,0,0,0,0,0,0,0,0,0,0,0,0,0,0,0,0,0,0,0,0,0,0,0,0,0,0,0,0,0,0	0,0,0,0,0,0,0,0,0,0,0,0,0,0,0,0,0,0,0,0,0,0,0,0,0,0,0,1,0,0,0,0,0,0,0,0,0,0,0,0
tb.dut.clusters[0].cluster.sockets[0].socket.cores[0].core.execute.fpu_unit.genblk1[0].fpu_fpnew.genblk3[1].fpnew_core.gen_operation_groups[1].i_opgroup_block.gen_merged_slice.i_multifmt_slice.gen_num_lanes[0].active_lane.lane_instance.genblk1.i_fpnew_divsqrt_multi.i_divsqrt_lei.nrbd_nrsc_U0.control_U0	25	8301	5	2	2	2	1	3	40894	40872	2,0,0,0,0,0,0,0,0,0,0,0,0,0,0,0,0,0,0,0,0,0,0,0,0,0,0,0,0,0,0,0,0,0,0,0,0,0,0,0	0,0,1,0,0,0,0,0,0,0,0,0,0,0,0,0,1,0,0,0,0,0,0,0,0,0,0,1,0,0,0,0,0,0,0,0,0,0,0,0	42	0	0	0	0	1	40896	40896	0,0,0,0,0,0,0,0,0,0,0,0,0,0,0,0,0,0,0,0,0,0,0,0,0,0,0,0,0,0,0,0,0,0,0,0,0,0,0,0	0,0,0,0,0,0,0,0,0,0,0,0,0,0,0,0,0,0,0,0,0,0,0,0,0,0,0,1,0,0,0,0,0,0,0,0,0,0,0,0
tb.dut.clusters[0].cluster.sockets[0].socket.cores[0].core.execute.fpu_unit.genblk1[0].fpu_fpnew.genblk3[1].fpnew_core.gen_operation_groups[1].i_opgroup_block.gen_merged_slice.i_multifmt_slice.gen_num_lanes[0].active_lane.lane_instance.genblk1.i_fpnew_divsqrt_multi.i_divsqrt_lei.nrbd_nrsc_U0.control_U0.genblk4[0]	26	217	0	0	0	0	0	1	40896	40896	0,0,0,0,0,0,0,0,0,0,0,0,0,0,0,0,0,0,0,0,0,0,0,0,0,0,0,0,0,0,0,0,0,0,0,0,0,0,0,0	0,0,0,0,0,0,0,0,0,0,0,0,0,0,0,0,0,0,0,0,0,0,0,0,0,0,0,1,0,0,0,0,0,0,0,0,0,0,0,0	2	0	0	0	0	1	40896	40896	0,0,0,0,0,0,0,0,0,0,0,0,0,0,0,0,0,0,0,0,0,0,0,0,0,0,0,0,0,0,0,0,0,0,0,0,0,0,0,0	0,0,0,0,0,0,0,0,0,0,0,0,0,0,0,0,0,0,0,0,0,0,0,0,0,0,0,1,0,0,0,0,0,0,0,0,0,0,0,0
tb.dut.clusters[0].cluster.sockets[0].socket.cores[0].core.execute.fpu_unit.genblk1[0].fpu_fpnew.genblk3[1].fpnew_core.gen_operation_groups[1].i_opgroup_block.gen_merged_slice.i_multifmt_slice.gen_num_lanes[0].active_lane.lane_instance.genblk1.i_fpnew_divsqrt_multi.i_divsqrt_lei.nrbd_nrsc_U0.control_U0.genblk4[0].iteration_div_sqrt	27	217	0	0	0	0	0	1	40896	40896	0,0,0,0,0,0,0,0,0,0,0,0,0,0,0,0,0,0,0,0,0,0,0,0,0,0,0,0,0,0,0,0,0,0,0,0,0,0,0,0	0,0,0,0,0,0,0,0,0,0,0,0,0,0,0,0,0,0,0,0,0,0,0,0,0,0,0,1,0,0,0,0,0,0,0,0,0,0,0,0	2	0	0	0	0	1	40896	40896	0,0,0,0,0,0,0,0,0,0,0,0,0,0,0,0,0,0,0,0,0,0,0,0,0,0,0,0,0,0,0,0,0,0,0,0,0,0,0,0	0,0,0,0,0,0,0,0,0,0,0,0,0,0,0,0,0,0,0,0,0,0,0,0,0,0,0,1,0,0,0,0,0,0,0,0,0,0,0,0
tb.dut.clusters[0].cluster.sockets[0].socket.cores[0].core.execute.fpu_unit.genblk1[0].fpu_fpnew.genblk3[1].fpnew_core.gen_operation_groups[1].i_opgroup_block.gen_merged_slice.i_multifmt_slice.gen_num_lanes[0].active_lane.lane_instance.genblk1.i_fpnew_divsqrt_multi.i_divsqrt_lei.nrbd_nrsc_U0.control_U0.genblk4[1]	26	217	0	0	0	0	0	1	40896	40896	0,0,0,0,0,0,0,0,0,0,0,0,0,0,0,0,0,0,0,0,0,0,0,0,0,0,0,0,0,0,0,0,0,0,0,0,0,0,0,0	0,0,0,0,0,0,0,0,0,0,0,0,0,0,0,0,0,0,0,0,0,0,0,0,0,0,0,1,0,0,0,0,0,0,0,0,0,0,0,0	2	0	0	0	0	1	40896	40896	0,0,0,0,0,0,0,0,0,0,0,0,0,0,0,0,0,0,0,0,0,0,0,0,0,0,0,0,0,0,0,0,0,0,0,0,0,0,0,0	0,0,0,0,0,0,0,0,0,0,0,0,0,0,0,0,0,0,0,0,0,0,0,0,0,0,0,1,0,0,0,0,0,0,0,0,0,0,0,0
tb.dut.clusters[0].cluster.sockets[0].socket.cores[0].core.execute.fpu_unit.genblk1[0].fpu_fpnew.genblk3[1].fpnew_core.gen_operation_groups[1].i_opgroup_block.gen_merged_slice.i_multifmt_slice.gen_num_lanes[0].active_lane.lane_instance.genblk1.i_fpnew_divsqrt_multi.i_divsqrt_lei.nrbd_nrsc_U0.control_U0.genblk4[1].iteration_div_sqrt	27	217	0	0	0	0	0	1	40896	40896	0,0,0,0,0,0,0,0,0,0,0,0,0,0,0,0,0,0,0,0,0,0,0,0,0,0,0,0,0,0,0,0,0,0,0,0,0,0,0,0	0,0,0,0,0,0,0,0,0,0,0,0,0,0,0,0,0,0,0,0,0,0,0,0,0,0,0,1,0,0,0,0,0,0,0,0,0,0,0,0	2	0	0	0	0	1	40896	40896	0,0,0,0,0,0,0,0,0,0,0,0,0,0,0,0,0,0,0,0,0,0,0,0,0,0,0,0,0,0,0,0,0,0,0,0,0,0,0,0	0,0,0,0,0,0,0,0,0,0,0,0,0,0,0,0,0,0,0,0,0,0,0,0,0,0,0,1,0,0,0,0,0,0,0,0,0,0,0,0
tb.dut.clusters[0].cluster.sockets[0].socket.cores[0].core.execute.fpu_unit.genblk1[0].fpu_fpnew.genblk3[1].fpnew_core.gen_operation_groups[1].i_opgroup_block.gen_merged_slice.i_multifmt_slice.gen_num_lanes[0].active_lane.lane_instance.genblk1.i_fpnew_divsqrt_multi.i_divsqrt_lei.nrbd_nrsc_U0.control_U0.genblk4[2]	26	217	0	0	0	0	0	1	40896	40896	0,0,0,0,0,0,0,0,0,0,0,0,0,0,0,0,0,0,0,0,0,0,0,0,0,0,0,0,0,0,0,0,0,0,0,0,0,0,0,0	0,0,0,0,0,0,0,0,0,0,0,0,0,0,0,0,0,0,0,0,0,0,0,0,0,0,0,1,0,0,0,0,0,0,0,0,0,0,0,0	2	0	0	0	0	1	40896	40896	0,0,0,0,0,0,0,0,0,0,0,0,0,0,0,0,0,0,0,0,0,0,0,0,0,0,0,0,0,0,0,0,0,0,0,0,0,0,0,0	0,0,0,0,0,0,0,0,0,0,0,0,0,0,0,0,0,0,0,0,0,0,0,0,0,0,0,1,0,0,0,0,0,0,0,0,0,0,0,0
tb.dut.clusters[0].cluster.sockets[0].socket.cores[0].core.execute.fpu_unit.genblk1[0].fpu_fpnew.genblk3[1].fpnew_core.gen_operation_groups[1].i_opgroup_block.gen_merged_slice.i_multifmt_slice.gen_num_lanes[0].active_lane.lane_instance.genblk1.i_fpnew_divsqrt_multi.i_divsqrt_lei.nrbd_nrsc_U0.control_U0.genblk4[2].iteration_div_sqrt	27	217	0	0	0	0	0	1	40896	40896	0,0,0,0,0,0,0,0,0,0,0,0,0,0,0,0,0,0,0,0,0,0,0,0,0,0,0,0,0,0,0,0,0,0,0,0,0,0,0,0	0,0,0,0,0,0,0,0,0,0,0,0,0,0,0,0,0,0,0,0,0,0,0,0,0,0,0,1,0,0,0,0,0,0,0,0,0,0,0,0	2	0	0	0	0	1	40896	40896	0,0,0,0,0,0,0,0,0,0,0,0,0,0,0,0,0,0,0,0,0,0,0,0,0,0,0,0,0,0,0,0,0,0,0,0,0,0,0,0	0,0,0,0,0,0,0,0,0,0,0,0,0,0,0,0,0,0,0,0,0,0,0,0,0,0,0,1,0,0,0,0,0,0,0,0,0,0,0,0
tb.dut.clusters[0].cluster.sockets[0].socket.cores[0].core.execute.fpu_unit.genblk1[0].fpu_fpnew.genblk3[1].fpnew_core.gen_operation_groups[1].i_opgroup_block.gen_merged_slice.i_multifmt_slice.gen_num_lanes[0].active_lane.lane_instance.genblk1.i_fpnew_divsqrt_multi.i_divsqrt_lei.preprocess_U0	24	2777	3	2	2	2	1	3	40894	40872	2,0,0,0,0,0,0,0,0,0,0,0,0,0,0,0,0,0,0,0,0,0,0,0,0,0,0,0,0,0,0,0,0,0,0,0,0,0,0,0	0,0,1,0,0,0,0,0,0,0,0,0,0,0,0,0,1,0,0,0,0,0,0,0,0,0,0,1,0,0,0,0,0,0,0,0,0,0,0,0	14	0	0	0	0	1	40896	40896	0,0,0,0,0,0,0,0,0,0,0,0,0,0,0,0,0,0,0,0,0,0,0,0,0,0,0,0,0,0,0,0,0,0,0,0,0,0,0,0	0,0,0,0,0,0,0,0,0,0,0,0,0,0,0,0,0,0,0,0,0,0,0,0,0,0,0,1,0,0,0,0,0,0,0,0,0,0,0,0
tb.dut.clusters[0].cluster.sockets[0].socket.cores[0].core.execute.fpu_unit.genblk1[0].fpu_fpnew.genblk3[1].fpnew_core.gen_operation_groups[1].i_opgroup_block.gen_merged_slice.i_multifmt_slice.gen_num_lanes[0].active_lane.lane_instance.genblk1.i_fpnew_divsqrt_multi.i_divsqrt_lei.preprocess_U0.LOD_Ua	25	976	0	0	0	0	0	1	40896	40896	0,0,0,0,0,0,0,0,0,0,0,0,0,0,0,0,0,0,0,0,0,0,0,0,0,0,0,0,0,0,0,0,0,0,0,0,0,0,0,0	0,0,0,0,0,0,0,0,0,0,0,0,0,0,0,0,0,0,0,0,0,0,0,0,0,0,0,1,0,0,0,0,0,0,0,0,0,0,0,0	5	0	0	0	0	1	40896	40896	0,0,0,0,0,0,0,0,0,0,0,0,0,0,0,0,0,0,0,0,0,0,0,0,0,0,0,0,0,0,0,0,0,0,0,0,0,0,0,0	0,0,0,0,0,0,0,0,0,0,0,0,0,0,0,0,0,0,0,0,0,0,0,0,0,0,0,1,0,0,0,0,0,0,0,0,0,0,0,0
tb.dut.clusters[0].cluster.sockets[0].socket.cores[0].core.execute.fpu_unit.genblk1[0].fpu_fpnew.genblk3[1].fpnew_core.gen_operation_groups[1].i_opgroup_block.gen_merged_slice.i_multifmt_slice.gen_num_lanes[0].active_lane.lane_instance.genblk1.i_fpnew_divsqrt_multi.i_divsqrt_lei.preprocess_U0.LOD_Ua.gen_lzc	26	851	0	0	0	0	0	1	40896	40896	0,0,0,0,0,0,0,0,0,0,0,0,0,0,0,0,0,0,0,0,0,0,0,0,0,0,0,0,0,0,0,0,0,0,0,0,0,0,0,0	0,0,0,0,0,0,0,0,0,0,0,0,0,0,0,0,0,0,0,0,0,0,0,0,0,0,0,1,0,0,0,0,0,0,0,0,0,0,0,0	5	0	0	0	0	1	40896	40896	0,0,0,0,0,0,0,0,0,0,0,0,0,0,0,0,0,0,0,0,0,0,0,0,0,0,0,0,0,0,0,0,0,0,0,0,0,0,0,0	0,0,0,0,0,0,0,0,0,0,0,0,0,0,0,0,0,0,0,0,0,0,0,0,0,0,0,1,0,0,0,0,0,0,0,0,0,0,0,0
tb.dut.clusters[0].cluster.sockets[0].socket.cores[0].core.execute.fpu_unit.genblk1[0].fpu_fpnew.genblk3[1].fpnew_core.gen_operation_groups[1].i_opgroup_block.gen_merged_slice.i_multifmt_slice.gen_num_lanes[0].active_lane.lane_instance.genblk1.i_fpnew_divsqrt_multi.i_divsqrt_lei.preprocess_U0.LOD_Ub	25	976	0	0	0	0	0	1	40896	40896	0,0,0,0,0,0,0,0,0,0,0,0,0,0,0,0,0,0,0,0,0,0,0,0,0,0,0,0,0,0,0,0,0,0,0,0,0,0,0,0	0,0,0,0,0,0,0,0,0,0,0,0,0,0,0,0,0,0,0,0,0,0,0,0,0,0,0,1,0,0,0,0,0,0,0,0,0,0,0,0	5	0	0	0	0	1	40896	40896	0,0,0,0,0,0,0,0,0,0,0,0,0,0,0,0,0,0,0,0,0,0,0,0,0,0,0,0,0,0,0,0,0,0,0,0,0,0,0,0	0,0,0,0,0,0,0,0,0,0,0,0,0,0,0,0,0,0,0,0,0,0,0,0,0,0,0,1,0,0,0,0,0,0,0,0,0,0,0,0
tb.dut.clusters[0].cluster.sockets[0].socket.cores[0].core.execute.fpu_unit.genblk1[0].fpu_fpnew.genblk3[1].fpnew_core.gen_operation_groups[1].i_opgroup_block.gen_merged_slice.i_multifmt_slice.gen_num_lanes[0].active_lane.lane_instance.genblk1.i_fpnew_divsqrt_multi.i_divsqrt_lei.preprocess_U0.LOD_Ub.gen_lzc	26	851	0	0	0	0	0	1	40896	40896	0,0,0,0,0,0,0,0,0,0,0,0,0,0,0,0,0,0,0,0,0,0,0,0,0,0,0,0,0,0,0,0,0,0,0,0,0,0,0,0	0,0,0,0,0,0,0,0,0,0,0,0,0,0,0,0,0,0,0,0,0,0,0,0,0,0,0,1,0,0,0,0,0,0,0,0,0,0,0,0	5	0	0	0	0	1	40896	40896	0,0,0,0,0,0,0,0,0,0,0,0,0,0,0,0,0,0,0,0,0,0,0,0,0,0,0,0,0,0,0,0,0,0,0,0,0,0,0,0	0,0,0,0,0,0,0,0,0,0,0,0,0,0,0,0,0,0,0,0,0,0,0,0,0,0,0,1,0,0,0,0,0,0,0,0,0,0,0,0
tb.dut.clusters[0].cluster.sockets[0].socket.cores[0].core.execute.fpu_unit.genblk1[0].fpu_fpnew.genblk3[1].fpnew_core.gen_operation_groups[1].i_opgroup_block.gen_merged_slice.i_multifmt_slice.gen_num_lanes[0].pack_fp_result[0]	19	32	0	0	0	0	0	1	40896	40896	0,0,0,0,0,0,0,0,0,0,0,0,0,0,0,0,0,0,0,0,0,0,0,0,0,0,0,0,0,0,0,0,0,0,0,0,0,0,0,0	0,0,0,0,0,0,0,0,0,0,0,0,0,0,0,0,0,0,0,0,0,0,0,0,0,0,0,1,0,0,0,0,0,0,0,0,0,0,0,0	2	0	0	0	0	1	40896	40896	0,0,0,0,0,0,0,0,0,0,0,0,0,0,0,0,0,0,0,0,0,0,0,0,0,0,0,0,0,0,0,0,0,0,0,0,0,0,0,0	0,0,0,0,0,0,0,0,0,0,0,0,0,0,0,0,0,0,0,0,0,0,0,0,0,0,0,1,0,0,0,0,0,0,0,0,0,0,0,0
tb.dut.clusters[0].cluster.sockets[0].socket.cores[0].core.execute.fpu_unit.genblk1[0].fpu_fpnew.genblk3[1].fpnew_core.gen_operation_groups[1].i_opgroup_block.gen_merged_slice.i_multifmt_slice.gen_num_lanes[0].pack_fp_result[1]	19	32	0	0	0	0	0	1	40896	40896	0,0,0,0,0,0,0,0,0,0,0,0,0,0,0,0,0,0,0,0,0,0,0,0,0,0,0,0,0,0,0,0,0,0,0,0,0,0,0,0	0,0,0,0,0,0,0,0,0,0,0,0,0,0,0,0,0,0,0,0,0,0,0,0,0,0,0,1,0,0,0,0,0,0,0,0,0,0,0,0	2	0	0	0	0	1	40896	40896	0,0,0,0,0,0,0,0,0,0,0,0,0,0,0,0,0,0,0,0,0,0,0,0,0,0,0,0,0,0,0,0,0,0,0,0,0,0,0,0	0,0,0,0,0,0,0,0,0,0,0,0,0,0,0,0,0,0,0,0,0,0,0,0,0,0,0,1,0,0,0,0,0,0,0,0,0,0,0,0
tb.dut.clusters[0].cluster.sockets[0].socket.cores[0].core.execute.fpu_unit.genblk1[0].fpu_fpnew.genblk3[1].fpnew_core.gen_operation_groups[1].i_opgroup_block.gen_merged_slice.i_multifmt_slice.gen_num_lanes[0].pack_fp_result[2]	19	32	0	0	0	0	0	1	40896	40896	0,0,0,0,0,0,0,0,0,0,0,0,0,0,0,0,0,0,0,0,0,0,0,0,0,0,0,0,0,0,0,0,0,0,0,0,0,0,0,0	0,0,0,0,0,0,0,0,0,0,0,0,0,0,0,0,0,0,0,0,0,0,0,0,0,0,0,1,0,0,0,0,0,0,0,0,0,0,0,0	2	0	0	0	0	1	40896	40896	0,0,0,0,0,0,0,0,0,0,0,0,0,0,0,0,0,0,0,0,0,0,0,0,0,0,0,0,0,0,0,0,0,0,0,0,0,0,0,0	0,0,0,0,0,0,0,0,0,0,0,0,0,0,0,0,0,0,0,0,0,0,0,0,0,0,0,1,0,0,0,0,0,0,0,0,0,0,0,0
tb.dut.clusters[0].cluster.sockets[0].socket.cores[0].core.execute.fpu_unit.genblk1[0].fpu_fpnew.genblk3[1].fpnew_core.gen_operation_groups[1].i_opgroup_block.gen_merged_slice.i_multifmt_slice.gen_num_lanes[0].pack_fp_result[3]	19	32	0	0	0	0	0	1	40896	40896	0,0,0,0,0,0,0,0,0,0,0,0,0,0,0,0,0,0,0,0,0,0,0,0,0,0,0,0,0,0,0,0,0,0,0,0,0,0,0,0	0,0,0,0,0,0,0,0,0,0,0,0,0,0,0,0,0,0,0,0,0,0,0,0,0,0,0,1,0,0,0,0,0,0,0,0,0,0,0,0	2	0	0	0	0	1	40896	40896	0,0,0,0,0,0,0,0,0,0,0,0,0,0,0,0,0,0,0,0,0,0,0,0,0,0,0,0,0,0,0,0,0,0,0,0,0,0,0,0	0,0,0,0,0,0,0,0,0,0,0,0,0,0,0,0,0,0,0,0,0,0,0,0,0,0,0,1,0,0,0,0,0,0,0,0,0,0,0,0
tb.dut.clusters[0].cluster.sockets[0].socket.cores[0].core.execute.fpu_unit.genblk1[0].fpu_fpnew.genblk3[1].fpnew_core.gen_operation_groups[1].i_opgroup_block.gen_merged_slice.i_multifmt_slice.gen_num_lanes[0].pack_fp_result[4]	19	32	0	0	0	0	0	1	40896	40896	0,0,0,0,0,0,0,0,0,0,0,0,0,0,0,0,0,0,0,0,0,0,0,0,0,0,0,0,0,0,0,0,0,0,0,0,0,0,0,0	0,0,0,0,0,0,0,0,0,0,0,0,0,0,0,0,0,0,0,0,0,0,0,0,0,0,0,1,0,0,0,0,0,0,0,0,0,0,0,0	2	0	0	0	0	1	40896	40896	0,0,0,0,0,0,0,0,0,0,0,0,0,0,0,0,0,0,0,0,0,0,0,0,0,0,0,0,0,0,0,0,0,0,0,0,0,0,0,0	0,0,0,0,0,0,0,0,0,0,0,0,0,0,0,0,0,0,0,0,0,0,0,0,0,0,0,1,0,0,0,0,0,0,0,0,0,0,0,0
tb.dut.clusters[0].cluster.sockets[0].socket.cores[0].core.execute.fpu_unit.genblk1[0].fpu_fpnew.genblk3[1].fpnew_core.gen_operation_groups[1].i_opgroup_block.gen_parallel_slices[0]	16	2	0	0	0	0	0	1	40896	40896	0,0,0,0,0,0,0,0,0,0,0,0,0,0,0,0,0,0,0,0,0,0,0,0,0,0,0,0,0,0,0,0,0,0,0,0,0,0,0,0	0,0,0,0,0,0,0,0,0,0,0,0,0,0,0,0,0,0,0,0,0,0,0,0,0,0,0,1,0,0,0,0,0,0,0,0,0,0,0,0	2	0	0	0	0	1	40896	40896	0,0,0,0,0,0,0,0,0,0,0,0,0,0,0,0,0,0,0,0,0,0,0,0,0,0,0,0,0,0,0,0,0,0,0,0,0,0,0,0	0,0,0,0,0,0,0,0,0,0,0,0,0,0,0,0,0,0,0,0,0,0,0,0,0,0,0,1,0,0,0,0,0,0,0,0,0,0,0,0
tb.dut.clusters[0].cluster.sockets[0].socket.cores[0].core.execute.fpu_unit.genblk1[0].fpu_fpnew.genblk3[1].fpnew_core.gen_operation_groups[1].i_opgroup_block.gen_parallel_slices[1]	16	2	0	0	0	0	0	1	40896	40896	0,0,0,0,0,0,0,0,0,0,0,0,0,0,0,0,0,0,0,0,0,0,0,0,0,0,0,0,0,0,0,0,0,0,0,0,0,0,0,0	0,0,0,0,0,0,0,0,0,0,0,0,0,0,0,0,0,0,0,0,0,0,0,0,0,0,0,1,0,0,0,0,0,0,0,0,0,0,0,0	2	0	0	0	0	1	40896	40896	0,0,0,0,0,0,0,0,0,0,0,0,0,0,0,0,0,0,0,0,0,0,0,0,0,0,0,0,0,0,0,0,0,0,0,0,0,0,0,0	0,0,0,0,0,0,0,0,0,0,0,0,0,0,0,0,0,0,0,0,0,0,0,0,0,0,0,1,0,0,0,0,0,0,0,0,0,0,0,0
tb.dut.clusters[0].cluster.sockets[0].socket.cores[0].core.execute.fpu_unit.genblk1[0].fpu_fpnew.genblk3[1].fpnew_core.gen_operation_groups[1].i_opgroup_block.gen_parallel_slices[2]	16	2	0	0	0	0	0	1	40896	40896	0,0,0,0,0,0,0,0,0,0,0,0,0,0,0,0,0,0,0,0,0,0,0,0,0,0,0,0,0,0,0,0,0,0,0,0,0,0,0,0	0,0,0,0,0,0,0,0,0,0,0,0,0,0,0,0,0,0,0,0,0,0,0,0,0,0,0,1,0,0,0,0,0,0,0,0,0,0,0,0	2	0	0	0	0	1	40896	40896	0,0,0,0,0,0,0,0,0,0,0,0,0,0,0,0,0,0,0,0,0,0,0,0,0,0,0,0,0,0,0,0,0,0,0,0,0,0,0,0	0,0,0,0,0,0,0,0,0,0,0,0,0,0,0,0,0,0,0,0,0,0,0,0,0,0,0,1,0,0,0,0,0,0,0,0,0,0,0,0
tb.dut.clusters[0].cluster.sockets[0].socket.cores[0].core.execute.fpu_unit.genblk1[0].fpu_fpnew.genblk3[1].fpnew_core.gen_operation_groups[1].i_opgroup_block.gen_parallel_slices[3]	16	2	0	0	0	0	0	1	40896	40896	0,0,0,0,0,0,0,0,0,0,0,0,0,0,0,0,0,0,0,0,0,0,0,0,0,0,0,0,0,0,0,0,0,0,0,0,0,0,0,0	0,0,0,0,0,0,0,0,0,0,0,0,0,0,0,0,0,0,0,0,0,0,0,0,0,0,0,1,0,0,0,0,0,0,0,0,0,0,0,0	2	0	0	0	0	1	40896	40896	0,0,0,0,0,0,0,0,0,0,0,0,0,0,0,0,0,0,0,0,0,0,0,0,0,0,0,0,0,0,0,0,0,0,0,0,0,0,0,0	0,0,0,0,0,0,0,0,0,0,0,0,0,0,0,0,0,0,0,0,0,0,0,0,0,0,0,1,0,0,0,0,0,0,0,0,0,0,0,0
tb.dut.clusters[0].cluster.sockets[0].socket.cores[0].core.execute.fpu_unit.genblk1[0].fpu_fpnew.genblk3[1].fpnew_core.gen_operation_groups[1].i_opgroup_block.gen_parallel_slices[4]	16	2	0	0	0	0	0	1	40896	40896	0,0,0,0,0,0,0,0,0,0,0,0,0,0,0,0,0,0,0,0,0,0,0,0,0,0,0,0,0,0,0,0,0,0,0,0,0,0,0,0	0,0,0,0,0,0,0,0,0,0,0,0,0,0,0,0,0,0,0,0,0,0,0,0,0,0,0,1,0,0,0,0,0,0,0,0,0,0,0,0	2	0	0	0	0	1	40896	40896	0,0,0,0,0,0,0,0,0,0,0,0,0,0,0,0,0,0,0,0,0,0,0,0,0,0,0,0,0,0,0,0,0,0,0,0,0,0,0,0	0,0,0,0,0,0,0,0,0,0,0,0,0,0,0,0,0,0,0,0,0,0,0,0,0,0,0,1,0,0,0,0,0,0,0,0,0,0,0,0
tb.dut.clusters[0].cluster.sockets[0].socket.cores[0].core.execute.fpu_unit.genblk1[0].fpu_fpnew.genblk3[1].fpnew_core.gen_operation_groups[1].i_opgroup_block.i_arbiter	16	1510	4	2	2	2	1	3	40894	40872	2,0,0,0,0,0,0,0,0,0,0,0,0,0,0,0,0,0,0,0,0,0,0,0,0,0,0,0,0,0,0,0,0,0,0,0,0,0,0,0	0,0,1,0,0,0,0,0,0,0,0,0,0,0,0,0,1,0,0,0,0,0,0,0,0,0,0,1,0,0,0,0,0,0,0,0,0,0,0,0	8	0	0	0	0	1	40896	40896	0,0,0,0,0,0,0,0,0,0,0,0,0,0,0,0,0,0,0,0,0,0,0,0,0,0,0,0,0,0,0,0,0,0,0,0,0,0,0,0	0,0,0,0,0,0,0,0,0,0,0,0,0,0,0,0,0,0,0,0,0,0,0,0,0,0,0,1,0,0,0,0,0,0,0,0,0,0,0,0
tb.dut.clusters[0].cluster.sockets[0].socket.cores[0].core.execute.fpu_unit.genblk1[0].fpu_fpnew.genblk3[1].fpnew_core.gen_operation_groups[1].i_opgroup_block.i_arbiter.gen_arbiter	17	1150	0	0	0	0	0	1	40896	40896	0,0,0,0,0,0,0,0,0,0,0,0,0,0,0,0,0,0,0,0,0,0,0,0,0,0,0,0,0,0,0,0,0,0,0,0,0,0,0,0	0,0,0,0,0,0,0,0,0,0,0,0,0,0,0,0,0,0,0,0,0,0,0,0,0,0,0,1,0,0,0,0,0,0,0,0,0,0,0,0	6	0	0	0	0	1	40896	40896	0,0,0,0,0,0,0,0,0,0,0,0,0,0,0,0,0,0,0,0,0,0,0,0,0,0,0,0,0,0,0,0,0,0,0,0,0,0,0,0	0,0,0,0,0,0,0,0,0,0,0,0,0,0,0,0,0,0,0,0,0,0,0,0,0,0,0,1,0,0,0,0,0,0,0,0,0,0,0,0
tb.dut.clusters[0].cluster.sockets[0].socket.cores[0].core.execute.fpu_unit.genblk1[0].fpu_fpnew.genblk3[1].fpnew_core.gen_operation_groups[1].i_opgroup_block.i_arbiter.gen_arbiter.gen_int_rr	18	340	0	0	0	0	0	1	40896	40896	0,0,0,0,0,0,0,0,0,0,0,0,0,0,0,0,0,0,0,0,0,0,0,0,0,0,0,0,0,0,0,0,0,0,0,0,0,0,0,0	0,0,0,0,0,0,0,0,0,0,0,0,0,0,0,0,0,0,0,0,0,0,0,0,0,0,0,1,0,0,0,0,0,0,0,0,0,0,0,0	2	0	0	0	0	1	40896	40896	0,0,0,0,0,0,0,0,0,0,0,0,0,0,0,0,0,0,0,0,0,0,0,0,0,0,0,0,0,0,0,0,0,0,0,0,0,0,0,0	0,0,0,0,0,0,0,0,0,0,0,0,0,0,0,0,0,0,0,0,0,0,0,0,0,0,0,1,0,0,0,0,0,0,0,0,0,0,0,0
tb.dut.clusters[0].cluster.sockets[0].socket.cores[0].core.execute.fpu_unit.genblk1[0].fpu_fpnew.genblk3[1].fpnew_core.gen_operation_groups[1].i_opgroup_block.i_arbiter.gen_arbiter.gen_int_rr.gen_fair_arb	19	337	0	0	0	0	0	1	40896	40896	0,0,0,0,0,0,0,0,0,0,0,0,0,0,0,0,0,0,0,0,0,0,0,0,0,0,0,0,0,0,0,0,0,0,0,0,0,0,0,0	0,0,0,0,0,0,0,0,0,0,0,0,0,0,0,0,0,0,0,0,0,0,0,0,0,0,0,1,0,0,0,0,0,0,0,0,0,0,0,0	2	0	0	0	0	1	40896	40896	0,0,0,0,0,0,0,0,0,0,0,0,0,0,0,0,0,0,0,0,0,0,0,0,0,0,0,0,0,0,0,0,0,0,0,0,0,0,0,0	0,0,0,0,0,0,0,0,0,0,0,0,0,0,0,0,0,0,0,0,0,0,0,0,0,0,0,1,0,0,0,0,0,0,0,0,0,0,0,0
tb.dut.clusters[0].cluster.sockets[0].socket.cores[0].core.execute.fpu_unit.genblk1[0].fpu_fpnew.genblk3[1].fpnew_core.gen_operation_groups[1].i_opgroup_block.i_arbiter.gen_arbiter.gen_int_rr.gen_fair_arb.i_lzc_lower	20	158	0	0	0	0	0	1	40896	40896	0,0,0,0,0,0,0,0,0,0,0,0,0,0,0,0,0,0,0,0,0,0,0,0,0,0,0,0,0,0,0,0,0,0,0,0,0,0,0,0	0,0,0,0,0,0,0,0,0,0,0,0,0,0,0,0,0,0,0,0,0,0,0,0,0,0,0,1,0,0,0,0,0,0,0,0,0,0,0,0	2	0	0	0	0	1	40896	40896	0,0,0,0,0,0,0,0,0,0,0,0,0,0,0,0,0,0,0,0,0,0,0,0,0,0,0,0,0,0,0,0,0,0,0,0,0,0,0,0	0,0,0,0,0,0,0,0,0,0,0,0,0,0,0,0,0,0,0,0,0,0,0,0,0,0,0,1,0,0,0,0,0,0,0,0,0,0,0,0
tb.dut.clusters[0].cluster.sockets[0].socket.cores[0].core.execute.fpu_unit.genblk1[0].fpu_fpnew.genblk3[1].fpnew_core.gen_operation_groups[1].i_opgroup_block.i_arbiter.gen_arbiter.gen_int_rr.gen_fair_arb.i_lzc_lower.gen_lzc	21	84	0	0	0	0	0	1	40896	40896	0,0,0,0,0,0,0,0,0,0,0,0,0,0,0,0,0,0,0,0,0,0,0,0,0,0,0,0,0,0,0,0,0,0,0,0,0,0,0,0	0,0,0,0,0,0,0,0,0,0,0,0,0,0,0,0,0,0,0,0,0,0,0,0,0,0,0,1,0,0,0,0,0,0,0,0,0,0,0,0	2	0	0	0	0	1	40896	40896	0,0,0,0,0,0,0,0,0,0,0,0,0,0,0,0,0,0,0,0,0,0,0,0,0,0,0,0,0,0,0,0,0,0,0,0,0,0,0,0	0,0,0,0,0,0,0,0,0,0,0,0,0,0,0,0,0,0,0,0,0,0,0,0,0,0,0,1,0,0,0,0,0,0,0,0,0,0,0,0
tb.dut.clusters[0].cluster.sockets[0].socket.cores[0].core.execute.fpu_unit.genblk1[0].fpu_fpnew.genblk3[1].fpnew_core.gen_operation_groups[1].i_opgroup_block.i_arbiter.gen_arbiter.gen_int_rr.gen_fair_arb.i_lzc_upper	20	158	0	0	0	0	0	1	40896	40896	0,0,0,0,0,0,0,0,0,0,0,0,0,0,0,0,0,0,0,0,0,0,0,0,0,0,0,0,0,0,0,0,0,0,0,0,0,0,0,0	0,0,0,0,0,0,0,0,0,0,0,0,0,0,0,0,0,0,0,0,0,0,0,0,0,0,0,1,0,0,0,0,0,0,0,0,0,0,0,0	2	0	0	0	0	1	40896	40896	0,0,0,0,0,0,0,0,0,0,0,0,0,0,0,0,0,0,0,0,0,0,0,0,0,0,0,0,0,0,0,0,0,0,0,0,0,0,0,0	0,0,0,0,0,0,0,0,0,0,0,0,0,0,0,0,0,0,0,0,0,0,0,0,0,0,0,1,0,0,0,0,0,0,0,0,0,0,0,0
tb.dut.clusters[0].cluster.sockets[0].socket.cores[0].core.execute.fpu_unit.genblk1[0].fpu_fpnew.genblk3[1].fpnew_core.gen_operation_groups[1].i_opgroup_block.i_arbiter.gen_arbiter.gen_int_rr.gen_fair_arb.i_lzc_upper.gen_lzc	21	84	0	0	0	0	0	1	40896	40896	0,0,0,0,0,0,0,0,0,0,0,0,0,0,0,0,0,0,0,0,0,0,0,0,0,0,0,0,0,0,0,0,0,0,0,0,0,0,0,0	0,0,0,0,0,0,0,0,0,0,0,0,0,0,0,0,0,0,0,0,0,0,0,0,0,0,0,1,0,0,0,0,0,0,0,0,0,0,0,0	2	0	0	0	0	1	40896	40896	0,0,0,0,0,0,0,0,0,0,0,0,0,0,0,0,0,0,0,0,0,0,0,0,0,0,0,0,0,0,0,0,0,0,0,0,0,0,0,0	0,0,0,0,0,0,0,0,0,0,0,0,0,0,0,0,0,0,0,0,0,0,0,0,0,0,0,1,0,0,0,0,0,0,0,0,0,0,0,0
tb.dut.clusters[0].cluster.sockets[0].socket.cores[0].core.execute.fpu_unit.genblk1[0].fpu_fpnew.genblk3[1].fpnew_core.gen_operation_groups[1].i_opgroup_block.i_arbiter.gen_arbiter.gen_levels[0]	18	65	0	0	0	0	0	1	40896	40896	0,0,0,0,0,0,0,0,0,0,0,0,0,0,0,0,0,0,0,0,0,0,0,0,0,0,0,0,0,0,0,0,0,0,0,0,0,0,0,0	0,0,0,0,0,0,0,0,0,0,0,0,0,0,0,0,0,0,0,0,0,0,0,0,0,0,0,1,0,0,0,0,0,0,0,0,0,0,0,0	2	0	0	0	0	1	40896	40896	0,0,0,0,0,0,0,0,0,0,0,0,0,0,0,0,0,0,0,0,0,0,0,0,0,0,0,0,0,0,0,0,0,0,0,0,0,0,0,0	0,0,0,0,0,0,0,0,0,0,0,0,0,0,0,0,0,0,0,0,0,0,0,0,0,0,0,1,0,0,0,0,0,0,0,0,0,0,0,0
tb.dut.clusters[0].cluster.sockets[0].socket.cores[0].core.execute.fpu_unit.genblk1[0].fpu_fpnew.genblk3[1].fpnew_core.gen_operation_groups[1].i_opgroup_block.i_arbiter.gen_arbiter.gen_levels[0].gen_level[0]	19	65	0	0	0	0	0	1	40896	40896	0,0,0,0,0,0,0,0,0,0,0,0,0,0,0,0,0,0,0,0,0,0,0,0,0,0,0,0,0,0,0,0,0,0,0,0,0,0,0,0	0,0,0,0,0,0,0,0,0,0,0,0,0,0,0,0,0,0,0,0,0,0,0,0,0,0,0,1,0,0,0,0,0,0,0,0,0,0,0,0	2	0	0	0	0	1	40896	40896	0,0,0,0,0,0,0,0,0,0,0,0,0,0,0,0,0,0,0,0,0,0,0,0,0,0,0,0,0,0,0,0,0,0,0,0,0,0,0,0	0,0,0,0,0,0,0,0,0,0,0,0,0,0,0,0,0,0,0,0,0,0,0,0,0,0,0,1,0,0,0,0,0,0,0,0,0,0,0,0
tb.dut.clusters[0].cluster.sockets[0].socket.cores[0].core.execute.fpu_unit.genblk1[0].fpu_fpnew.genblk3[1].fpnew_core.gen_operation_groups[1].i_opgroup_block.i_arbiter.gen_arbiter.gen_levels[1]	18	130	0	0	0	0	0	1	40896	40896	0,0,0,0,0,0,0,0,0,0,0,0,0,0,0,0,0,0,0,0,0,0,0,0,0,0,0,0,0,0,0,0,0,0,0,0,0,0,0,0	0,0,0,0,0,0,0,0,0,0,0,0,0,0,0,0,0,0,0,0,0,0,0,0,0,0,0,1,0,0,0,0,0,0,0,0,0,0,0,0	2	0	0	0	0	1	40896	40896	0,0,0,0,0,0,0,0,0,0,0,0,0,0,0,0,0,0,0,0,0,0,0,0,0,0,0,0,0,0,0,0,0,0,0,0,0,0,0,0	0,0,0,0,0,0,0,0,0,0,0,0,0,0,0,0,0,0,0,0,0,0,0,0,0,0,0,1,0,0,0,0,0,0,0,0,0,0,0,0
tb.dut.clusters[0].cluster.sockets[0].socket.cores[0].core.execute.fpu_unit.genblk1[0].fpu_fpnew.genblk3[1].fpnew_core.gen_operation_groups[1].i_opgroup_block.i_arbiter.gen_arbiter.gen_levels[1].gen_level[0]	19	65	0	0	0	0	0	1	40896	40896	0,0,0,0,0,0,0,0,0,0,0,0,0,0,0,0,0,0,0,0,0,0,0,0,0,0,0,0,0,0,0,0,0,0,0,0,0,0,0,0	0,0,0,0,0,0,0,0,0,0,0,0,0,0,0,0,0,0,0,0,0,0,0,0,0,0,0,1,0,0,0,0,0,0,0,0,0,0,0,0	2	0	0	0	0	1	40896	40896	0,0,0,0,0,0,0,0,0,0,0,0,0,0,0,0,0,0,0,0,0,0,0,0,0,0,0,0,0,0,0,0,0,0,0,0,0,0,0,0	0,0,0,0,0,0,0,0,0,0,0,0,0,0,0,0,0,0,0,0,0,0,0,0,0,0,0,1,0,0,0,0,0,0,0,0,0,0,0,0
tb.dut.clusters[0].cluster.sockets[0].socket.cores[0].core.execute.fpu_unit.genblk1[0].fpu_fpnew.genblk3[1].fpnew_core.gen_operation_groups[1].i_opgroup_block.i_arbiter.gen_arbiter.gen_levels[1].gen_level[1]	19	65	0	0	0	0	0	1	40896	40896	0,0,0,0,0,0,0,0,0,0,0,0,0,0,0,0,0,0,0,0,0,0,0,0,0,0,0,0,0,0,0,0,0,0,0,0,0,0,0,0	0,0,0,0,0,0,0,0,0,0,0,0,0,0,0,0,0,0,0,0,0,0,0,0,0,0,0,1,0,0,0,0,0,0,0,0,0,0,0,0	2	0	0	0	0	1	40896	40896	0,0,0,0,0,0,0,0,0,0,0,0,0,0,0,0,0,0,0,0,0,0,0,0,0,0,0,0,0,0,0,0,0,0,0,0,0,0,0,0	0,0,0,0,0,0,0,0,0,0,0,0,0,0,0,0,0,0,0,0,0,0,0,0,0,0,0,1,0,0,0,0,0,0,0,0,0,0,0,0
tb.dut.clusters[0].cluster.sockets[0].socket.cores[0].core.execute.fpu_unit.genblk1[0].fpu_fpnew.genblk3[1].fpnew_core.gen_operation_groups[1].i_opgroup_block.i_arbiter.gen_arbiter.gen_levels[2]	18	260	0	0	0	0	0	1	40896	40896	0,0,0,0,0,0,0,0,0,0,0,0,0,0,0,0,0,0,0,0,0,0,0,0,0,0,0,0,0,0,0,0,0,0,0,0,0,0,0,0	0,0,0,0,0,0,0,0,0,0,0,0,0,0,0,0,0,0,0,0,0,0,0,0,0,0,0,1,0,0,0,0,0,0,0,0,0,0,0,0	2	0	0	0	0	1	40896	40896	0,0,0,0,0,0,0,0,0,0,0,0,0,0,0,0,0,0,0,0,0,0,0,0,0,0,0,0,0,0,0,0,0,0,0,0,0,0,0,0	0,0,0,0,0,0,0,0,0,0,0,0,0,0,0,0,0,0,0,0,0,0,0,0,0,0,0,1,0,0,0,0,0,0,0,0,0,0,0,0
tb.dut.clusters[0].cluster.sockets[0].socket.cores[0].core.execute.fpu_unit.genblk1[0].fpu_fpnew.genblk3[1].fpnew_core.gen_operation_groups[1].i_opgroup_block.i_arbiter.gen_arbiter.gen_levels[2].gen_level[0]	19	65	0	0	0	0	0	1	40896	40896	0,0,0,0,0,0,0,0,0,0,0,0,0,0,0,0,0,0,0,0,0,0,0,0,0,0,0,0,0,0,0,0,0,0,0,0,0,0,0,0	0,0,0,0,0,0,0,0,0,0,0,0,0,0,0,0,0,0,0,0,0,0,0,0,0,0,0,1,0,0,0,0,0,0,0,0,0,0,0,0	2	0	0	0	0	1	40896	40896	0,0,0,0,0,0,0,0,0,0,0,0,0,0,0,0,0,0,0,0,0,0,0,0,0,0,0,0,0,0,0,0,0,0,0,0,0,0,0,0	0,0,0,0,0,0,0,0,0,0,0,0,0,0,0,0,0,0,0,0,0,0,0,0,0,0,0,1,0,0,0,0,0,0,0,0,0,0,0,0
tb.dut.clusters[0].cluster.sockets[0].socket.cores[0].core.execute.fpu_unit.genblk1[0].fpu_fpnew.genblk3[1].fpnew_core.gen_operation_groups[1].i_opgroup_block.i_arbiter.gen_arbiter.gen_levels[2].gen_level[1]	19	65	0	0	0	0	0	1	40896	40896	0,0,0,0,0,0,0,0,0,0,0,0,0,0,0,0,0,0,0,0,0,0,0,0,0,0,0,0,0,0,0,0,0,0,0,0,0,0,0,0	0,0,0,0,0,0,0,0,0,0,0,0,0,0,0,0,0,0,0,0,0,0,0,0,0,0,0,1,0,0,0,0,0,0,0,0,0,0,0,0	2	0	0	0	0	1	40896	40896	0,0,0,0,0,0,0,0,0,0,0,0,0,0,0,0,0,0,0,0,0,0,0,0,0,0,0,0,0,0,0,0,0,0,0,0,0,0,0,0	0,0,0,0,0,0,0,0,0,0,0,0,0,0,0,0,0,0,0,0,0,0,0,0,0,0,0,1,0,0,0,0,0,0,0,0,0,0,0,0
tb.dut.clusters[0].cluster.sockets[0].socket.cores[0].core.execute.fpu_unit.genblk1[0].fpu_fpnew.genblk3[1].fpnew_core.gen_operation_groups[1].i_opgroup_block.i_arbiter.gen_arbiter.gen_levels[2].gen_level[2]	19	65	0	0	0	0	0	1	40896	40896	0,0,0,0,0,0,0,0,0,0,0,0,0,0,0,0,0,0,0,0,0,0,0,0,0,0,0,0,0,0,0,0,0,0,0,0,0,0,0,0	0,0,0,0,0,0,0,0,0,0,0,0,0,0,0,0,0,0,0,0,0,0,0,0,0,0,0,1,0,0,0,0,0,0,0,0,0,0,0,0	2	0	0	0	0	1	40896	40896	0,0,0,0,0,0,0,0,0,0,0,0,0,0,0,0,0,0,0,0,0,0,0,0,0,0,0,0,0,0,0,0,0,0,0,0,0,0,0,0	0,0,0,0,0,0,0,0,0,0,0,0,0,0,0,0,0,0,0,0,0,0,0,0,0,0,0,1,0,0,0,0,0,0,0,0,0,0,0,0
tb.dut.clusters[0].cluster.sockets[0].socket.cores[0].core.execute.fpu_unit.genblk1[0].fpu_fpnew.genblk3[1].fpnew_core.gen_operation_groups[1].i_opgroup_block.i_arbiter.gen_arbiter.gen_levels[2].gen_level[3]	19	65	0	0	0	0	0	1	40896	40896	0,0,0,0,0,0,0,0,0,0,0,0,0,0,0,0,0,0,0,0,0,0,0,0,0,0,0,0,0,0,0,0,0,0,0,0,0,0,0,0	0,0,0,0,0,0,0,0,0,0,0,0,0,0,0,0,0,0,0,0,0,0,0,0,0,0,0,1,0,0,0,0,0,0,0,0,0,0,0,0	2	0	0	0	0	1	40896	40896	0,0,0,0,0,0,0,0,0,0,0,0,0,0,0,0,0,0,0,0,0,0,0,0,0,0,0,0,0,0,0,0,0,0,0,0,0,0,0,0	0,0,0,0,0,0,0,0,0,0,0,0,0,0,0,0,0,0,0,0,0,0,0,0,0,0,0,1,0,0,0,0,0,0,0,0,0,0,0,0
tb.dut.clusters[0].cluster.sockets[0].socket.cores[0].core.execute.fpu_unit.genblk1[0].fpu_fpnew.genblk3[1].fpnew_core.gen_operation_groups[2]	14	4265	21	2	2	2	1	3	40894	40872	2,0,0,0,0,0,0,0,0,0,0,0,0,0,0,0,0,0,0,0,0,0,0,0,0,0,0,0,0,0,0,0,0,0,0,0,0,0,0,0	0,0,1,0,0,0,0,0,0,0,0,0,0,0,0,0,1,0,0,0,0,0,0,0,0,0,0,1,0,0,0,0,0,0,0,0,0,0,0,0	22	0	0	0	0	1	40896	40896	0,0,0,0,0,0,0,0,0,0,0,0,0,0,0,0,0,0,0,0,0,0,0,0,0,0,0,0,0,0,0,0,0,0,0,0,0,0,0,0	0,0,0,0,0,0,0,0,0,0,0,0,0,0,0,0,0,0,0,0,0,0,0,0,0,0,0,1,0,0,0,0,0,0,0,0,0,0,0,0
tb.dut.clusters[0].cluster.sockets[0].socket.cores[0].core.execute.fpu_unit.genblk1[0].fpu_fpnew.genblk3[1].fpnew_core.gen_operation_groups[2].i_opgroup_block	15	4222	21	2	2	2	1	3	40894	40872	2,0,0,0,0,0,0,0,0,0,0,0,0,0,0,0,0,0,0,0,0,0,0,0,0,0,0,0,0,0,0,0,0,0,0,0,0,0,0,0	0,0,1,0,0,0,0,0,0,0,0,0,0,0,0,0,1,0,0,0,0,0,0,0,0,0,0,1,0,0,0,0,0,0,0,0,0,0,0,0	22	0	0	0	0	1	40896	40896	0,0,0,0,0,0,0,0,0,0,0,0,0,0,0,0,0,0,0,0,0,0,0,0,0,0,0,0,0,0,0,0,0,0,0,0,0,0,0,0	0,0,0,0,0,0,0,0,0,0,0,0,0,0,0,0,0,0,0,0,0,0,0,0,0,0,0,1,0,0,0,0,0,0,0,0,0,0,0,0
tb.dut.clusters[0].cluster.sockets[0].socket.cores[0].core.execute.fpu_unit.genblk1[0].fpu_fpnew.genblk3[1].fpnew_core.gen_operation_groups[2].i_opgroup_block.gen_parallel_slices[0]	16	1958	13	2	2	2	1	3	40894	40872	2,0,0,0,0,0,0,0,0,0,0,0,0,0,0,0,0,0,0,0,0,0,0,0,0,0,0,0,0,0,0,0,0,0,0,0,0,0,0,0	0,0,1,0,0,0,0,0,0,0,0,0,0,0,0,0,1,0,0,0,0,0,0,0,0,0,0,1,0,0,0,0,0,0,0,0,0,0,0,0	10	0	0	0	0	1	40896	40896	0,0,0,0,0,0,0,0,0,0,0,0,0,0,0,0,0,0,0,0,0,0,0,0,0,0,0,0,0,0,0,0,0,0,0,0,0,0,0,0	0,0,0,0,0,0,0,0,0,0,0,0,0,0,0,0,0,0,0,0,0,0,0,0,0,0,0,1,0,0,0,0,0,0,0,0,0,0,0,0
tb.dut.clusters[0].cluster.sockets[0].socket.cores[0].core.execute.fpu_unit.genblk1[0].fpu_fpnew.genblk3[1].fpnew_core.gen_operation_groups[2].i_opgroup_block.gen_parallel_slices[0].active_format	17	1956	13	2	2	2	1	3	40894	40872	2,0,0,0,0,0,0,0,0,0,0,0,0,0,0,0,0,0,0,0,0,0,0,0,0,0,0,0,0,0,0,0,0,0,0,0,0,0,0,0	0,0,1,0,0,0,0,0,0,0,0,0,0,0,0,0,1,0,0,0,0,0,0,0,0,0,0,1,0,0,0,0,0,0,0,0,0,0,0,0	10	0	0	0	0	1	40896	40896	0,0,0,0,0,0,0,0,0,0,0,0,0,0,0,0,0,0,0,0,0,0,0,0,0,0,0,0,0,0,0,0,0,0,0,0,0,0,0,0	0,0,0,0,0,0,0,0,0,0,0,0,0,0,0,0,0,0,0,0,0,0,0,0,0,0,0,1,0,0,0,0,0,0,0,0,0,0,0,0
tb.dut.clusters[0].cluster.sockets[0].socket.cores[0].core.execute.fpu_unit.genblk1[0].fpu_fpnew.genblk3[1].fpnew_core.gen_operation_groups[2].i_opgroup_block.gen_parallel_slices[0].active_format.i_fmt_slice	18	1922	13	2	2	2	1	3	40894	40872	2,0,0,0,0,0,0,0,0,0,0,0,0,0,0,0,0,0,0,0,0,0,0,0,0,0,0,0,0,0,0,0,0,0,0,0,0,0,0,0	0,0,1,0,0,0,0,0,0,0,0,0,0,0,0,0,1,0,0,0,0,0,0,0,0,0,0,1,0,0,0,0,0,0,0,0,0,0,0,0	10	0	0	0	0	1	40896	40896	0,0,0,0,0,0,0,0,0,0,0,0,0,0,0,0,0,0,0,0,0,0,0,0,0,0,0,0,0,0,0,0,0,0,0,0,0,0,0,0	0,0,0,0,0,0,0,0,0,0,0,0,0,0,0,0,0,0,0,0,0,0,0,0,0,0,0,1,0,0,0,0,0,0,0,0,0,0,0,0
tb.dut.clusters[0].cluster.sockets[0].socket.cores[0].core.execute.fpu_unit.genblk1[0].fpu_fpnew.genblk3[1].fpnew_core.gen_operation_groups[2].i_opgroup_block.gen_parallel_slices[0].active_format.i_fmt_slice.gen_num_lanes[0]	19	1343	6	2	2	2	1	3	40894	40872	2,0,0,0,0,0,0,0,0,0,0,0,0,0,0,0,0,0,0,0,0,0,0,0,0,0,0,0,0,0,0,0,0,0,0,0,0,0,0,0	0,0,1,0,0,0,0,0,0,0,0,0,0,0,0,0,1,0,0,0,0,0,0,0,0,0,0,1,0,0,0,0,0,0,0,0,0,0,0,0	7	0	0	0	0	1	40896	40896	0,0,0,0,0,0,0,0,0,0,0,0,0,0,0,0,0,0,0,0,0,0,0,0,0,0,0,0,0,0,0,0,0,0,0,0,0,0,0,0	0,0,0,0,0,0,0,0,0,0,0,0,0,0,0,0,0,0,0,0,0,0,0,0,0,0,0,1,0,0,0,0,0,0,0,0,0,0,0,0
tb.dut.clusters[0].cluster.sockets[0].socket.cores[0].core.execute.fpu_unit.genblk1[0].fpu_fpnew.genblk3[1].fpnew_core.gen_operation_groups[2].i_opgroup_block.gen_parallel_slices[0].active_format.i_fmt_slice.gen_num_lanes[0].active_lane	20	1310	6	2	2	2	1	3	40894	40872	2,0,0,0,0,0,0,0,0,0,0,0,0,0,0,0,0,0,0,0,0,0,0,0,0,0,0,0,0,0,0,0,0,0,0,0,0,0,0,0	0,0,1,0,0,0,0,0,0,0,0,0,0,0,0,0,1,0,0,0,0,0,0,0,0,0,0,1,0,0,0,0,0,0,0,0,0,0,0,0	7	0	0	0	0	1	40896	40896	0,0,0,0,0,0,0,0,0,0,0,0,0,0,0,0,0,0,0,0,0,0,0,0,0,0,0,0,0,0,0,0,0,0,0,0,0,0,0,0	0,0,0,0,0,0,0,0,0,0,0,0,0,0,0,0,0,0,0,0,0,0,0,0,0,0,0,1,0,0,0,0,0,0,0,0,0,0,0,0
tb.dut.clusters[0].cluster.sockets[0].socket.cores[0].core.execute.fpu_unit.genblk1[0].fpu_fpnew.genblk3[1].fpnew_core.gen_operation_groups[2].i_opgroup_block.gen_parallel_slices[0].active_format.i_fmt_slice.gen_num_lanes[0].active_lane.lane_instance	21	1206	6	2	2	2	1	3	40894	40872	2,0,0,0,0,0,0,0,0,0,0,0,0,0,0,0,0,0,0,0,0,0,0,0,0,0,0,0,0,0,0,0,0,0,0,0,0,0,0,0	0,0,1,0,0,0,0,0,0,0,0,0,0,0,0,0,1,0,0,0,0,0,0,0,0,0,0,1,0,0,0,0,0,0,0,0,0,0,0,0	7	0	0	0	0	1	40896	40896	0,0,0,0,0,0,0,0,0,0,0,0,0,0,0,0,0,0,0,0,0,0,0,0,0,0,0,0,0,0,0,0,0,0,0,0,0,0,0,0	0,0,0,0,0,0,0,0,0,0,0,0,0,0,0,0,0,0,0,0,0,0,0,0,0,0,0,1,0,0,0,0,0,0,0,0,0,0,0,0
tb.dut.clusters[0].cluster.sockets[0].socket.cores[0].core.execute.fpu_unit.genblk1[0].fpu_fpnew.genblk3[1].fpnew_core.gen_operation_groups[2].i_opgroup_block.gen_parallel_slices[0].active_format.i_fmt_slice.gen_num_lanes[0].active_lane.lane_instance.i_noncomp	22	1206	6	2	2	2	1	3	40894	40872	2,0,0,0,0,0,0,0,0,0,0,0,0,0,0,0,0,0,0,0,0,0,0,0,0,0,0,0,0,0,0,0,0,0,0,0,0,0,0,0	0,0,1,0,0,0,0,0,0,0,0,0,0,0,0,0,1,0,0,0,0,0,0,0,0,0,0,1,0,0,0,0,0,0,0,0,0,0,0,0	7	0	0	0	0	1	40896	40896	0,0,0,0,0,0,0,0,0,0,0,0,0,0,0,0,0,0,0,0,0,0,0,0,0,0,0,0,0,0,0,0,0,0,0,0,0,0,0,0	0,0,0,0,0,0,0,0,0,0,0,0,0,0,0,0,0,0,0,0,0,0,0,0,0,0,0,1,0,0,0,0,0,0,0,0,0,0,0,0
tb.dut.clusters[0].cluster.sockets[0].socket.cores[0].core.execute.fpu_unit.genblk1[0].fpu_fpnew.genblk3[1].fpnew_core.gen_operation_groups[2].i_opgroup_block.gen_parallel_slices[0].active_format.i_fmt_slice.gen_num_lanes[0].active_lane.lane_instance.i_noncomp.gen_input_pipeline[0]	23	1	0	0	0	0	0	1	40896	40896	0,0,0,0,0,0,0,0,0,0,0,0,0,0,0,0,0,0,0,0,0,0,0,0,0,0,0,0,0,0,0,0,0,0,0,0,0,0,0,0	0,0,0,0,0,0,0,0,0,0,0,0,0,0,0,0,0,0,0,0,0,0,0,0,0,0,0,1,0,0,0,0,0,0,0,0,0,0,0,0	2	0	0	0	0	1	40896	40896	0,0,0,0,0,0,0,0,0,0,0,0,0,0,0,0,0,0,0,0,0,0,0,0,0,0,0,0,0,0,0,0,0,0,0,0,0,0,0,0	0,0,0,0,0,0,0,0,0,0,0,0,0,0,0,0,0,0,0,0,0,0,0,0,0,0,0,1,0,0,0,0,0,0,0,0,0,0,0,0
tb.dut.clusters[0].cluster.sockets[0].socket.cores[0].core.execute.fpu_unit.genblk1[0].fpu_fpnew.genblk3[1].fpnew_core.gen_operation_groups[2].i_opgroup_block.gen_parallel_slices[0].active_format.i_fmt_slice.gen_num_lanes[0].active_lane.lane_instance.i_noncomp.gen_output_pipeline[0]	23	1	0	0	0	0	0	1	40896	40896	0,0,0,0,0,0,0,0,0,0,0,0,0,0,0,0,0,0,0,0,0,0,0,0,0,0,0,0,0,0,0,0,0,0,0,0,0,0,0,0	0,0,0,0,0,0,0,0,0,0,0,0,0,0,0,0,0,0,0,0,0,0,0,0,0,0,0,1,0,0,0,0,0,0,0,0,0,0,0,0	2	0	0	0	0	1	40896	40896	0,0,0,0,0,0,0,0,0,0,0,0,0,0,0,0,0,0,0,0,0,0,0,0,0,0,0,0,0,0,0,0,0,0,0,0,0,0,0,0	0,0,0,0,0,0,0,0,0,0,0,0,0,0,0,0,0,0,0,0,0,0,0,0,0,0,0,1,0,0,0,0,0,0,0,0,0,0,0,0
tb.dut.clusters[0].cluster.sockets[0].socket.cores[0].core.execute.fpu_unit.genblk1[0].fpu_fpnew.genblk3[1].fpnew_core.gen_operation_groups[2].i_opgroup_block.gen_parallel_slices[0].active_format.i_fmt_slice.gen_num_lanes[0].active_lane.lane_instance.i_noncomp.i_class_a	23	293	0	0	0	0	0	1	40896	40896	0,0,0,0,0,0,0,0,0,0,0,0,0,0,0,0,0,0,0,0,0,0,0,0,0,0,0,0,0,0,0,0,0,0,0,0,0,0,0,0	0,0,0,0,0,0,0,0,0,0,0,0,0,0,0,0,0,0,0,0,0,0,0,0,0,0,0,1,0,0,0,0,0,0,0,0,0,0,0,0	2	0	0	0	0	1	40896	40896	0,0,0,0,0,0,0,0,0,0,0,0,0,0,0,0,0,0,0,0,0,0,0,0,0,0,0,0,0,0,0,0,0,0,0,0,0,0,0,0	0,0,0,0,0,0,0,0,0,0,0,0,0,0,0,0,0,0,0,0,0,0,0,0,0,0,0,1,0,0,0,0,0,0,0,0,0,0,0,0
tb.dut.clusters[0].cluster.sockets[0].socket.cores[0].core.execute.fpu_unit.genblk1[0].fpu_fpnew.genblk3[1].fpnew_core.gen_operation_groups[2].i_opgroup_block.gen_parallel_slices[0].active_format.i_fmt_slice.gen_num_lanes[0].active_lane.lane_instance.i_noncomp.i_class_a.gen_num_values[0]	24	40	0	0	0	0	0	1	40896	40896	0,0,0,0,0,0,0,0,0,0,0,0,0,0,0,0,0,0,0,0,0,0,0,0,0,0,0,0,0,0,0,0,0,0,0,0,0,0,0,0	0,0,0,0,0,0,0,0,0,0,0,0,0,0,0,0,0,0,0,0,0,0,0,0,0,0,0,1,0,0,0,0,0,0,0,0,0,0,0,0	2	0	0	0	0	1	40896	40896	0,0,0,0,0,0,0,0,0,0,0,0,0,0,0,0,0,0,0,0,0,0,0,0,0,0,0,0,0,0,0,0,0,0,0,0,0,0,0,0	0,0,0,0,0,0,0,0,0,0,0,0,0,0,0,0,0,0,0,0,0,0,0,0,0,0,0,1,0,0,0,0,0,0,0,0,0,0,0,0
tb.dut.clusters[0].cluster.sockets[0].socket.cores[0].core.execute.fpu_unit.genblk1[0].fpu_fpnew.genblk3[1].fpnew_core.gen_operation_groups[2].i_opgroup_block.gen_parallel_slices[0].active_format.i_fmt_slice.gen_num_lanes[0].active_lane.lane_instance.i_noncomp.i_class_a.gen_num_values[1]	24	40	0	0	0	0	0	1	40896	40896	0,0,0,0,0,0,0,0,0,0,0,0,0,0,0,0,0,0,0,0,0,0,0,0,0,0,0,0,0,0,0,0,0,0,0,0,0,0,0,0	0,0,0,0,0,0,0,0,0,0,0,0,0,0,0,0,0,0,0,0,0,0,0,0,0,0,0,1,0,0,0,0,0,0,0,0,0,0,0,0	2	0	0	0	0	1	40896	40896	0,0,0,0,0,0,0,0,0,0,0,0,0,0,0,0,0,0,0,0,0,0,0,0,0,0,0,0,0,0,0,0,0,0,0,0,0,0,0,0	0,0,0,0,0,0,0,0,0,0,0,0,0,0,0,0,0,0,0,0,0,0,0,0,0,0,0,1,0,0,0,0,0,0,0,0,0,0,0,0
tb.dut.clusters[0].cluster.sockets[0].socket.cores[0].core.execute.fpu_unit.genblk1[0].fpu_fpnew.genblk3[1].fpnew_core.gen_operation_groups[2].i_opgroup_block.gen_parallel_slices[0].active_format.i_fmt_slice.gen_num_lanes[0].active_lane.lane_instance.i_noncomp.sign_injections	23	2	0	0	0	0	0	1	40896	40896	0,0,0,0,0,0,0,0,0,0,0,0,0,0,0,0,0,0,0,0,0,0,0,0,0,0,0,0,0,0,0,0,0,0,0,0,0,0,0,0	0,0,0,0,0,0,0,0,0,0,0,0,0,0,0,0,0,0,0,0,0,0,0,0,0,0,0,1,0,0,0,0,0,0,0,0,0,0,0,0	2	0	0	0	0	1	40896	40896	0,0,0,0,0,0,0,0,0,0,0,0,0,0,0,0,0,0,0,0,0,0,0,0,0,0,0,0,0,0,0,0,0,0,0,0,0,0,0,0	0,0,0,0,0,0,0,0,0,0,0,0,0,0,0,0,0,0,0,0,0,0,0,0,0,0,0,1,0,0,0,0,0,0,0,0,0,0,0,0
tb.dut.clusters[0].cluster.sockets[0].socket.cores[0].core.execute.fpu_unit.genblk1[0].fpu_fpnew.genblk3[1].fpnew_core.gen_operation_groups[2].i_opgroup_block.gen_parallel_slices[1]	16	2	0	0	0	0	0	1	40896	40896	0,0,0,0,0,0,0,0,0,0,0,0,0,0,0,0,0,0,0,0,0,0,0,0,0,0,0,0,0,0,0,0,0,0,0,0,0,0,0,0	0,0,0,0,0,0,0,0,0,0,0,0,0,0,0,0,0,0,0,0,0,0,0,0,0,0,0,1,0,0,0,0,0,0,0,0,0,0,0,0	2	0	0	0	0	1	40896	40896	0,0,0,0,0,0,0,0,0,0,0,0,0,0,0,0,0,0,0,0,0,0,0,0,0,0,0,0,0,0,0,0,0,0,0,0,0,0,0,0	0,0,0,0,0,0,0,0,0,0,0,0,0,0,0,0,0,0,0,0,0,0,0,0,0,0,0,1,0,0,0,0,0,0,0,0,0,0,0,0
tb.dut.clusters[0].cluster.sockets[0].socket.cores[0].core.execute.fpu_unit.genblk1[0].fpu_fpnew.genblk3[1].fpnew_core.gen_operation_groups[2].i_opgroup_block.gen_parallel_slices[2]	16	2	0	0	0	0	0	1	40896	40896	0,0,0,0,0,0,0,0,0,0,0,0,0,0,0,0,0,0,0,0,0,0,0,0,0,0,0,0,0,0,0,0,0,0,0,0,0,0,0,0	0,0,0,0,0,0,0,0,0,0,0,0,0,0,0,0,0,0,0,0,0,0,0,0,0,0,0,1,0,0,0,0,0,0,0,0,0,0,0,0	2	0	0	0	0	1	40896	40896	0,0,0,0,0,0,0,0,0,0,0,0,0,0,0,0,0,0,0,0,0,0,0,0,0,0,0,0,0,0,0,0,0,0,0,0,0,0,0,0	0,0,0,0,0,0,0,0,0,0,0,0,0,0,0,0,0,0,0,0,0,0,0,0,0,0,0,1,0,0,0,0,0,0,0,0,0,0,0,0
tb.dut.clusters[0].cluster.sockets[0].socket.cores[0].core.execute.fpu_unit.genblk1[0].fpu_fpnew.genblk3[1].fpnew_core.gen_operation_groups[2].i_opgroup_block.gen_parallel_slices[3]	16	2	0	0	0	0	0	1	40896	40896	0,0,0,0,0,0,0,0,0,0,0,0,0,0,0,0,0,0,0,0,0,0,0,0,0,0,0,0,0,0,0,0,0,0,0,0,0,0,0,0	0,0,0,0,0,0,0,0,0,0,0,0,0,0,0,0,0,0,0,0,0,0,0,0,0,0,0,1,0,0,0,0,0,0,0,0,0,0,0,0	2	0	0	0	0	1	40896	40896	0,0,0,0,0,0,0,0,0,0,0,0,0,0,0,0,0,0,0,0,0,0,0,0,0,0,0,0,0,0,0,0,0,0,0,0,0,0,0,0	0,0,0,0,0,0,0,0,0,0,0,0,0,0,0,0,0,0,0,0,0,0,0,0,0,0,0,1,0,0,0,0,0,0,0,0,0,0,0,0
tb.dut.clusters[0].cluster.sockets[0].socket.cores[0].core.execute.fpu_unit.genblk1[0].fpu_fpnew.genblk3[1].fpnew_core.gen_operation_groups[2].i_opgroup_block.gen_parallel_slices[4]	16	2	0	0	0	0	0	1	40896	40896	0,0,0,0,0,0,0,0,0,0,0,0,0,0,0,0,0,0,0,0,0,0,0,0,0,0,0,0,0,0,0,0,0,0,0,0,0,0,0,0	0,0,0,0,0,0,0,0,0,0,0,0,0,0,0,0,0,0,0,0,0,0,0,0,0,0,0,1,0,0,0,0,0,0,0,0,0,0,0,0	2	0	0	0	0	1	40896	40896	0,0,0,0,0,0,0,0,0,0,0,0,0,0,0,0,0,0,0,0,0,0,0,0,0,0,0,0,0,0,0,0,0,0,0,0,0,0,0,0	0,0,0,0,0,0,0,0,0,0,0,0,0,0,0,0,0,0,0,0,0,0,0,0,0,0,0,1,0,0,0,0,0,0,0,0,0,0,0,0
tb.dut.clusters[0].cluster.sockets[0].socket.cores[0].core.execute.fpu_unit.genblk1[0].fpu_fpnew.genblk3[1].fpnew_core.gen_operation_groups[2].i_opgroup_block.i_arbiter	16	1510	4	2	2	2	1	3	40894	40872	2,0,0,0,0,0,0,0,0,0,0,0,0,0,0,0,0,0,0,0,0,0,0,0,0,0,0,0,0,0,0,0,0,0,0,0,0,0,0,0	0,0,1,0,0,0,0,0,0,0,0,0,0,0,0,0,1,0,0,0,0,0,0,0,0,0,0,1,0,0,0,0,0,0,0,0,0,0,0,0	8	0	0	0	0	1	40896	40896	0,0,0,0,0,0,0,0,0,0,0,0,0,0,0,0,0,0,0,0,0,0,0,0,0,0,0,0,0,0,0,0,0,0,0,0,0,0,0,0	0,0,0,0,0,0,0,0,0,0,0,0,0,0,0,0,0,0,0,0,0,0,0,0,0,0,0,1,0,0,0,0,0,0,0,0,0,0,0,0
tb.dut.clusters[0].cluster.sockets[0].socket.cores[0].core.execute.fpu_unit.genblk1[0].fpu_fpnew.genblk3[1].fpnew_core.gen_operation_groups[2].i_opgroup_block.i_arbiter.gen_arbiter	17	1150	0	0	0	0	0	1	40896	40896	0,0,0,0,0,0,0,0,0,0,0,0,0,0,0,0,0,0,0,0,0,0,0,0,0,0,0,0,0,0,0,0,0,0,0,0,0,0,0,0	0,0,0,0,0,0,0,0,0,0,0,0,0,0,0,0,0,0,0,0,0,0,0,0,0,0,0,1,0,0,0,0,0,0,0,0,0,0,0,0	6	0	0	0	0	1	40896	40896	0,0,0,0,0,0,0,0,0,0,0,0,0,0,0,0,0,0,0,0,0,0,0,0,0,0,0,0,0,0,0,0,0,0,0,0,0,0,0,0	0,0,0,0,0,0,0,0,0,0,0,0,0,0,0,0,0,0,0,0,0,0,0,0,0,0,0,1,0,0,0,0,0,0,0,0,0,0,0,0
tb.dut.clusters[0].cluster.sockets[0].socket.cores[0].core.execute.fpu_unit.genblk1[0].fpu_fpnew.genblk3[1].fpnew_core.gen_operation_groups[2].i_opgroup_block.i_arbiter.gen_arbiter.gen_int_rr	18	340	0	0	0	0	0	1	40896	40896	0,0,0,0,0,0,0,0,0,0,0,0,0,0,0,0,0,0,0,0,0,0,0,0,0,0,0,0,0,0,0,0,0,0,0,0,0,0,0,0	0,0,0,0,0,0,0,0,0,0,0,0,0,0,0,0,0,0,0,0,0,0,0,0,0,0,0,1,0,0,0,0,0,0,0,0,0,0,0,0	2	0	0	0	0	1	40896	40896	0,0,0,0,0,0,0,0,0,0,0,0,0,0,0,0,0,0,0,0,0,0,0,0,0,0,0,0,0,0,0,0,0,0,0,0,0,0,0,0	0,0,0,0,0,0,0,0,0,0,0,0,0,0,0,0,0,0,0,0,0,0,0,0,0,0,0,1,0,0,0,0,0,0,0,0,0,0,0,0
tb.dut.clusters[0].cluster.sockets[0].socket.cores[0].core.execute.fpu_unit.genblk1[0].fpu_fpnew.genblk3[1].fpnew_core.gen_operation_groups[2].i_opgroup_block.i_arbiter.gen_arbiter.gen_int_rr.gen_fair_arb	19	337	0	0	0	0	0	1	40896	40896	0,0,0,0,0,0,0,0,0,0,0,0,0,0,0,0,0,0,0,0,0,0,0,0,0,0,0,0,0,0,0,0,0,0,0,0,0,0,0,0	0,0,0,0,0,0,0,0,0,0,0,0,0,0,0,0,0,0,0,0,0,0,0,0,0,0,0,1,0,0,0,0,0,0,0,0,0,0,0,0	2	0	0	0	0	1	40896	40896	0,0,0,0,0,0,0,0,0,0,0,0,0,0,0,0,0,0,0,0,0,0,0,0,0,0,0,0,0,0,0,0,0,0,0,0,0,0,0,0	0,0,0,0,0,0,0,0,0,0,0,0,0,0,0,0,0,0,0,0,0,0,0,0,0,0,0,1,0,0,0,0,0,0,0,0,0,0,0,0
tb.dut.clusters[0].cluster.sockets[0].socket.cores[0].core.execute.fpu_unit.genblk1[0].fpu_fpnew.genblk3[1].fpnew_core.gen_operation_groups[2].i_opgroup_block.i_arbiter.gen_arbiter.gen_int_rr.gen_fair_arb.i_lzc_lower	20	158	0	0	0	0	0	1	40896	40896	0,0,0,0,0,0,0,0,0,0,0,0,0,0,0,0,0,0,0,0,0,0,0,0,0,0,0,0,0,0,0,0,0,0,0,0,0,0,0,0	0,0,0,0,0,0,0,0,0,0,0,0,0,0,0,0,0,0,0,0,0,0,0,0,0,0,0,1,0,0,0,0,0,0,0,0,0,0,0,0	2	0	0	0	0	1	40896	40896	0,0,0,0,0,0,0,0,0,0,0,0,0,0,0,0,0,0,0,0,0,0,0,0,0,0,0,0,0,0,0,0,0,0,0,0,0,0,0,0	0,0,0,0,0,0,0,0,0,0,0,0,0,0,0,0,0,0,0,0,0,0,0,0,0,0,0,1,0,0,0,0,0,0,0,0,0,0,0,0
tb.dut.clusters[0].cluster.sockets[0].socket.cores[0].core.execute.fpu_unit.genblk1[0].fpu_fpnew.genblk3[1].fpnew_core.gen_operation_groups[2].i_opgroup_block.i_arbiter.gen_arbiter.gen_int_rr.gen_fair_arb.i_lzc_lower.gen_lzc	21	84	0	0	0	0	0	1	40896	40896	0,0,0,0,0,0,0,0,0,0,0,0,0,0,0,0,0,0,0,0,0,0,0,0,0,0,0,0,0,0,0,0,0,0,0,0,0,0,0,0	0,0,0,0,0,0,0,0,0,0,0,0,0,0,0,0,0,0,0,0,0,0,0,0,0,0,0,1,0,0,0,0,0,0,0,0,0,0,0,0	2	0	0	0	0	1	40896	40896	0,0,0,0,0,0,0,0,0,0,0,0,0,0,0,0,0,0,0,0,0,0,0,0,0,0,0,0,0,0,0,0,0,0,0,0,0,0,0,0	0,0,0,0,0,0,0,0,0,0,0,0,0,0,0,0,0,0,0,0,0,0,0,0,0,0,0,1,0,0,0,0,0,0,0,0,0,0,0,0
tb.dut.clusters[0].cluster.sockets[0].socket.cores[0].core.execute.fpu_unit.genblk1[0].fpu_fpnew.genblk3[1].fpnew_core.gen_operation_groups[2].i_opgroup_block.i_arbiter.gen_arbiter.gen_int_rr.gen_fair_arb.i_lzc_upper	20	158	0	0	0	0	0	1	40896	40896	0,0,0,0,0,0,0,0,0,0,0,0,0,0,0,0,0,0,0,0,0,0,0,0,0,0,0,0,0,0,0,0,0,0,0,0,0,0,0,0	0,0,0,0,0,0,0,0,0,0,0,0,0,0,0,0,0,0,0,0,0,0,0,0,0,0,0,1,0,0,0,0,0,0,0,0,0,0,0,0	2	0	0	0	0	1	40896	40896	0,0,0,0,0,0,0,0,0,0,0,0,0,0,0,0,0,0,0,0,0,0,0,0,0,0,0,0,0,0,0,0,0,0,0,0,0,0,0,0	0,0,0,0,0,0,0,0,0,0,0,0,0,0,0,0,0,0,0,0,0,0,0,0,0,0,0,1,0,0,0,0,0,0,0,0,0,0,0,0
tb.dut.clusters[0].cluster.sockets[0].socket.cores[0].core.execute.fpu_unit.genblk1[0].fpu_fpnew.genblk3[1].fpnew_core.gen_operation_groups[2].i_opgroup_block.i_arbiter.gen_arbiter.gen_int_rr.gen_fair_arb.i_lzc_upper.gen_lzc	21	84	0	0	0	0	0	1	40896	40896	0,0,0,0,0,0,0,0,0,0,0,0,0,0,0,0,0,0,0,0,0,0,0,0,0,0,0,0,0,0,0,0,0,0,0,0,0,0,0,0	0,0,0,0,0,0,0,0,0,0,0,0,0,0,0,0,0,0,0,0,0,0,0,0,0,0,0,1,0,0,0,0,0,0,0,0,0,0,0,0	2	0	0	0	0	1	40896	40896	0,0,0,0,0,0,0,0,0,0,0,0,0,0,0,0,0,0,0,0,0,0,0,0,0,0,0,0,0,0,0,0,0,0,0,0,0,0,0,0	0,0,0,0,0,0,0,0,0,0,0,0,0,0,0,0,0,0,0,0,0,0,0,0,0,0,0,1,0,0,0,0,0,0,0,0,0,0,0,0
tb.dut.clusters[0].cluster.sockets[0].socket.cores[0].core.execute.fpu_unit.genblk1[0].fpu_fpnew.genblk3[1].fpnew_core.gen_operation_groups[2].i_opgroup_block.i_arbiter.gen_arbiter.gen_levels[0]	18	65	0	0	0	0	0	1	40896	40896	0,0,0,0,0,0,0,0,0,0,0,0,0,0,0,0,0,0,0,0,0,0,0,0,0,0,0,0,0,0,0,0,0,0,0,0,0,0,0,0	0,0,0,0,0,0,0,0,0,0,0,0,0,0,0,0,0,0,0,0,0,0,0,0,0,0,0,1,0,0,0,0,0,0,0,0,0,0,0,0	2	0	0	0	0	1	40896	40896	0,0,0,0,0,0,0,0,0,0,0,0,0,0,0,0,0,0,0,0,0,0,0,0,0,0,0,0,0,0,0,0,0,0,0,0,0,0,0,0	0,0,0,0,0,0,0,0,0,0,0,0,0,0,0,0,0,0,0,0,0,0,0,0,0,0,0,1,0,0,0,0,0,0,0,0,0,0,0,0
tb.dut.clusters[0].cluster.sockets[0].socket.cores[0].core.execute.fpu_unit.genblk1[0].fpu_fpnew.genblk3[1].fpnew_core.gen_operation_groups[2].i_opgroup_block.i_arbiter.gen_arbiter.gen_levels[0].gen_level[0]	19	65	0	0	0	0	0	1	40896	40896	0,0,0,0,0,0,0,0,0,0,0,0,0,0,0,0,0,0,0,0,0,0,0,0,0,0,0,0,0,0,0,0,0,0,0,0,0,0,0,0	0,0,0,0,0,0,0,0,0,0,0,0,0,0,0,0,0,0,0,0,0,0,0,0,0,0,0,1,0,0,0,0,0,0,0,0,0,0,0,0	2	0	0	0	0	1	40896	40896	0,0,0,0,0,0,0,0,0,0,0,0,0,0,0,0,0,0,0,0,0,0,0,0,0,0,0,0,0,0,0,0,0,0,0,0,0,0,0,0	0,0,0,0,0,0,0,0,0,0,0,0,0,0,0,0,0,0,0,0,0,0,0,0,0,0,0,1,0,0,0,0,0,0,0,0,0,0,0,0
tb.dut.clusters[0].cluster.sockets[0].socket.cores[0].core.execute.fpu_unit.genblk1[0].fpu_fpnew.genblk3[1].fpnew_core.gen_operation_groups[2].i_opgroup_block.i_arbiter.gen_arbiter.gen_levels[1]	18	130	0	0	0	0	0	1	40896	40896	0,0,0,0,0,0,0,0,0,0,0,0,0,0,0,0,0,0,0,0,0,0,0,0,0,0,0,0,0,0,0,0,0,0,0,0,0,0,0,0	0,0,0,0,0,0,0,0,0,0,0,0,0,0,0,0,0,0,0,0,0,0,0,0,0,0,0,1,0,0,0,0,0,0,0,0,0,0,0,0	2	0	0	0	0	1	40896	40896	0,0,0,0,0,0,0,0,0,0,0,0,0,0,0,0,0,0,0,0,0,0,0,0,0,0,0,0,0,0,0,0,0,0,0,0,0,0,0,0	0,0,0,0,0,0,0,0,0,0,0,0,0,0,0,0,0,0,0,0,0,0,0,0,0,0,0,1,0,0,0,0,0,0,0,0,0,0,0,0
tb.dut.clusters[0].cluster.sockets[0].socket.cores[0].core.execute.fpu_unit.genblk1[0].fpu_fpnew.genblk3[1].fpnew_core.gen_operation_groups[2].i_opgroup_block.i_arbiter.gen_arbiter.gen_levels[1].gen_level[0]	19	65	0	0	0	0	0	1	40896	40896	0,0,0,0,0,0,0,0,0,0,0,0,0,0,0,0,0,0,0,0,0,0,0,0,0,0,0,0,0,0,0,0,0,0,0,0,0,0,0,0	0,0,0,0,0,0,0,0,0,0,0,0,0,0,0,0,0,0,0,0,0,0,0,0,0,0,0,1,0,0,0,0,0,0,0,0,0,0,0,0	2	0	0	0	0	1	40896	40896	0,0,0,0,0,0,0,0,0,0,0,0,0,0,0,0,0,0,0,0,0,0,0,0,0,0,0,0,0,0,0,0,0,0,0,0,0,0,0,0	0,0,0,0,0,0,0,0,0,0,0,0,0,0,0,0,0,0,0,0,0,0,0,0,0,0,0,1,0,0,0,0,0,0,0,0,0,0,0,0
tb.dut.clusters[0].cluster.sockets[0].socket.cores[0].core.execute.fpu_unit.genblk1[0].fpu_fpnew.genblk3[1].fpnew_core.gen_operation_groups[2].i_opgroup_block.i_arbiter.gen_arbiter.gen_levels[1].gen_level[1]	19	65	0	0	0	0	0	1	40896	40896	0,0,0,0,0,0,0,0,0,0,0,0,0,0,0,0,0,0,0,0,0,0,0,0,0,0,0,0,0,0,0,0,0,0,0,0,0,0,0,0	0,0,0,0,0,0,0,0,0,0,0,0,0,0,0,0,0,0,0,0,0,0,0,0,0,0,0,1,0,0,0,0,0,0,0,0,0,0,0,0	2	0	0	0	0	1	40896	40896	0,0,0,0,0,0,0,0,0,0,0,0,0,0,0,0,0,0,0,0,0,0,0,0,0,0,0,0,0,0,0,0,0,0,0,0,0,0,0,0	0,0,0,0,0,0,0,0,0,0,0,0,0,0,0,0,0,0,0,0,0,0,0,0,0,0,0,1,0,0,0,0,0,0,0,0,0,0,0,0
tb.dut.clusters[0].cluster.sockets[0].socket.cores[0].core.execute.fpu_unit.genblk1[0].fpu_fpnew.genblk3[1].fpnew_core.gen_operation_groups[2].i_opgroup_block.i_arbiter.gen_arbiter.gen_levels[2]	18	260	0	0	0	0	0	1	40896	40896	0,0,0,0,0,0,0,0,0,0,0,0,0,0,0,0,0,0,0,0,0,0,0,0,0,0,0,0,0,0,0,0,0,0,0,0,0,0,0,0	0,0,0,0,0,0,0,0,0,0,0,0,0,0,0,0,0,0,0,0,0,0,0,0,0,0,0,1,0,0,0,0,0,0,0,0,0,0,0,0	2	0	0	0	0	1	40896	40896	0,0,0,0,0,0,0,0,0,0,0,0,0,0,0,0,0,0,0,0,0,0,0,0,0,0,0,0,0,0,0,0,0,0,0,0,0,0,0,0	0,0,0,0,0,0,0,0,0,0,0,0,0,0,0,0,0,0,0,0,0,0,0,0,0,0,0,1,0,0,0,0,0,0,0,0,0,0,0,0
tb.dut.clusters[0].cluster.sockets[0].socket.cores[0].core.execute.fpu_unit.genblk1[0].fpu_fpnew.genblk3[1].fpnew_core.gen_operation_groups[2].i_opgroup_block.i_arbiter.gen_arbiter.gen_levels[2].gen_level[0]	19	65	0	0	0	0	0	1	40896	40896	0,0,0,0,0,0,0,0,0,0,0,0,0,0,0,0,0,0,0,0,0,0,0,0,0,0,0,0,0,0,0,0,0,0,0,0,0,0,0,0	0,0,0,0,0,0,0,0,0,0,0,0,0,0,0,0,0,0,0,0,0,0,0,0,0,0,0,1,0,0,0,0,0,0,0,0,0,0,0,0	2	0	0	0	0	1	40896	40896	0,0,0,0,0,0,0,0,0,0,0,0,0,0,0,0,0,0,0,0,0,0,0,0,0,0,0,0,0,0,0,0,0,0,0,0,0,0,0,0	0,0,0,0,0,0,0,0,0,0,0,0,0,0,0,0,0,0,0,0,0,0,0,0,0,0,0,1,0,0,0,0,0,0,0,0,0,0,0,0
tb.dut.clusters[0].cluster.sockets[0].socket.cores[0].core.execute.fpu_unit.genblk1[0].fpu_fpnew.genblk3[1].fpnew_core.gen_operation_groups[2].i_opgroup_block.i_arbiter.gen_arbiter.gen_levels[2].gen_level[1]	19	65	0	0	0	0	0	1	40896	40896	0,0,0,0,0,0,0,0,0,0,0,0,0,0,0,0,0,0,0,0,0,0,0,0,0,0,0,0,0,0,0,0,0,0,0,0,0,0,0,0	0,0,0,0,0,0,0,0,0,0,0,0,0,0,0,0,0,0,0,0,0,0,0,0,0,0,0,1,0,0,0,0,0,0,0,0,0,0,0,0	2	0	0	0	0	1	40896	40896	0,0,0,0,0,0,0,0,0,0,0,0,0,0,0,0,0,0,0,0,0,0,0,0,0,0,0,0,0,0,0,0,0,0,0,0,0,0,0,0	0,0,0,0,0,0,0,0,0,0,0,0,0,0,0,0,0,0,0,0,0,0,0,0,0,0,0,1,0,0,0,0,0,0,0,0,0,0,0,0
tb.dut.clusters[0].cluster.sockets[0].socket.cores[0].core.execute.fpu_unit.genblk1[0].fpu_fpnew.genblk3[1].fpnew_core.gen_operation_groups[2].i_opgroup_block.i_arbiter.gen_arbiter.gen_levels[2].gen_level[2]	19	65	0	0	0	0	0	1	40896	40896	0,0,0,0,0,0,0,0,0,0,0,0,0,0,0,0,0,0,0,0,0,0,0,0,0,0,0,0,0,0,0,0,0,0,0,0,0,0,0,0	0,0,0,0,0,0,0,0,0,0,0,0,0,0,0,0,0,0,0,0,0,0,0,0,0,0,0,1,0,0,0,0,0,0,0,0,0,0,0,0	2	0	0	0	0	1	40896	40896	0,0,0,0,0,0,0,0,0,0,0,0,0,0,0,0,0,0,0,0,0,0,0,0,0,0,0,0,0,0,0,0,0,0,0,0,0,0,0,0	0,0,0,0,0,0,0,0,0,0,0,0,0,0,0,0,0,0,0,0,0,0,0,0,0,0,0,1,0,0,0,0,0,0,0,0,0,0,0,0
tb.dut.clusters[0].cluster.sockets[0].socket.cores[0].core.execute.fpu_unit.genblk1[0].fpu_fpnew.genblk3[1].fpnew_core.gen_operation_groups[2].i_opgroup_block.i_arbiter.gen_arbiter.gen_levels[2].gen_level[3]	19	65	0	0	0	0	0	1	40896	40896	0,0,0,0,0,0,0,0,0,0,0,0,0,0,0,0,0,0,0,0,0,0,0,0,0,0,0,0,0,0,0,0,0,0,0,0,0,0,0,0	0,0,0,0,0,0,0,0,0,0,0,0,0,0,0,0,0,0,0,0,0,0,0,0,0,0,0,1,0,0,0,0,0,0,0,0,0,0,0,0	2	0	0	0	0	1	40896	40896	0,0,0,0,0,0,0,0,0,0,0,0,0,0,0,0,0,0,0,0,0,0,0,0,0,0,0,0,0,0,0,0,0,0,0,0,0,0,0,0	0,0,0,0,0,0,0,0,0,0,0,0,0,0,0,0,0,0,0,0,0,0,0,0,0,0,0,1,0,0,0,0,0,0,0,0,0,0,0,0
tb.dut.clusters[0].cluster.sockets[0].socket.cores[0].core.execute.fpu_unit.genblk1[0].fpu_fpnew.genblk3[1].fpnew_core.gen_operation_groups[3]	14	11074	16	2	2	2	1	3	40894	40872	2,0,0,0,0,0,0,0,0,0,0,0,0,0,0,0,0,0,0,0,0,0,0,0,0,0,0,0,0,0,0,0,0,0,0,0,0,0,0,0	0,0,1,0,0,0,0,0,0,0,0,0,0,0,0,0,1,0,0,0,0,0,0,0,0,0,0,1,0,0,0,0,0,0,0,0,0,0,0,0	56	0	0	0	0	1	40896	40896	0,0,0,0,0,0,0,0,0,0,0,0,0,0,0,0,0,0,0,0,0,0,0,0,0,0,0,0,0,0,0,0,0,0,0,0,0,0,0,0	0,0,0,0,0,0,0,0,0,0,0,0,0,0,0,0,0,0,0,0,0,0,0,0,0,0,0,1,0,0,0,0,0,0,0,0,0,0,0,0
tb.dut.clusters[0].cluster.sockets[0].socket.cores[0].core.execute.fpu_unit.genblk1[0].fpu_fpnew.genblk3[1].fpnew_core.gen_operation_groups[3].i_opgroup_block	15	11026	16	2	2	2	1	3	40894	40872	2,0,0,0,0,0,0,0,0,0,0,0,0,0,0,0,0,0,0,0,0,0,0,0,0,0,0,0,0,0,0,0,0,0,0,0,0,0,0,0	0,0,1,0,0,0,0,0,0,0,0,0,0,0,0,0,1,0,0,0,0,0,0,0,0,0,0,1,0,0,0,0,0,0,0,0,0,0,0,0	56	0	0	0	0	1	40896	40896	0,0,0,0,0,0,0,0,0,0,0,0,0,0,0,0,0,0,0,0,0,0,0,0,0,0,0,0,0,0,0,0,0,0,0,0,0,0,0,0	0,0,0,0,0,0,0,0,0,0,0,0,0,0,0,0,0,0,0,0,0,0,0,0,0,0,0,1,0,0,0,0,0,0,0,0,0,0,0,0
tb.dut.clusters[0].cluster.sockets[0].socket.cores[0].core.execute.fpu_unit.genblk1[0].fpu_fpnew.genblk3[1].fpnew_core.gen_operation_groups[3].i_opgroup_block.gen_merged_slice	16	8723	8	2	2	2	1	3	40894	40872	2,0,0,0,0,0,0,0,0,0,0,0,0,0,0,0,0,0,0,0,0,0,0,0,0,0,0,0,0,0,0,0,0,0,0,0,0,0,0,0	0,0,1,0,0,0,0,0,0,0,0,0,0,0,0,0,1,0,0,0,0,0,0,0,0,0,0,1,0,0,0,0,0,0,0,0,0,0,0,0	44	0	0	0	0	1	40896	40896	0,0,0,0,0,0,0,0,0,0,0,0,0,0,0,0,0,0,0,0,0,0,0,0,0,0,0,0,0,0,0,0,0,0,0,0,0,0,0,0	0,0,0,0,0,0,0,0,0,0,0,0,0,0,0,0,0,0,0,0,0,0,0,0,0,0,0,1,0,0,0,0,0,0,0,0,0,0,0,0
tb.dut.clusters[0].cluster.sockets[0].socket.cores[0].core.execute.fpu_unit.genblk1[0].fpu_fpnew.genblk3[1].fpnew_core.gen_operation_groups[3].i_opgroup_block.gen_merged_slice.i_multifmt_slice	17	8687	8	2	2	2	1	3	40894	40872	2,0,0,0,0,0,0,0,0,0,0,0,0,0,0,0,0,0,0,0,0,0,0,0,0,0,0,0,0,0,0,0,0,0,0,0,0,0,0,0	0,0,1,0,0,0,0,0,0,0,0,0,0,0,0,0,1,0,0,0,0,0,0,0,0,0,0,1,0,0,0,0,0,0,0,0,0,0,0,0	44	0	0	0	0	1	40896	40896	0,0,0,0,0,0,0,0,0,0,0,0,0,0,0,0,0,0,0,0,0,0,0,0,0,0,0,0,0,0,0,0,0,0,0,0,0,0,0,0	0,0,0,0,0,0,0,0,0,0,0,0,0,0,0,0,0,0,0,0,0,0,0,0,0,0,0,1,0,0,0,0,0,0,0,0,0,0,0,0
tb.dut.clusters[0].cluster.sockets[0].socket.cores[0].core.execute.fpu_unit.genblk1[0].fpu_fpnew.genblk3[1].fpnew_core.gen_operation_groups[3].i_opgroup_block.gen_merged_slice.i_multifmt_slice.extend_fp_result[0]	18	32	0	0	0	0	0	1	40896	40896	0,0,0,0,0,0,0,0,0,0,0,0,0,0,0,0,0,0,0,0,0,0,0,0,0,0,0,0,0,0,0,0,0,0,0,0,0,0,0,0	0,0,0,0,0,0,0,0,0,0,0,0,0,0,0,0,0,0,0,0,0,0,0,0,0,0,0,1,0,0,0,0,0,0,0,0,0,0,0,0	2	0	0	0	0	1	40896	40896	0,0,0,0,0,0,0,0,0,0,0,0,0,0,0,0,0,0,0,0,0,0,0,0,0,0,0,0,0,0,0,0,0,0,0,0,0,0,0,0	0,0,0,0,0,0,0,0,0,0,0,0,0,0,0,0,0,0,0,0,0,0,0,0,0,0,0,1,0,0,0,0,0,0,0,0,0,0,0,0
tb.dut.clusters[0].cluster.sockets[0].socket.cores[0].core.execute.fpu_unit.genblk1[0].fpu_fpnew.genblk3[1].fpnew_core.gen_operation_groups[3].i_opgroup_block.gen_merged_slice.i_multifmt_slice.extend_fp_result[1]	18	32	0	0	0	0	0	1	40896	40896	0,0,0,0,0,0,0,0,0,0,0,0,0,0,0,0,0,0,0,0,0,0,0,0,0,0,0,0,0,0,0,0,0,0,0,0,0,0,0,0	0,0,0,0,0,0,0,0,0,0,0,0,0,0,0,0,0,0,0,0,0,0,0,0,0,0,0,1,0,0,0,0,0,0,0,0,0,0,0,0	2	0	0	0	0	1	40896	40896	0,0,0,0,0,0,0,0,0,0,0,0,0,0,0,0,0,0,0,0,0,0,0,0,0,0,0,0,0,0,0,0,0,0,0,0,0,0,0,0	0,0,0,0,0,0,0,0,0,0,0,0,0,0,0,0,0,0,0,0,0,0,0,0,0,0,0,1,0,0,0,0,0,0,0,0,0,0,0,0
tb.dut.clusters[0].cluster.sockets[0].socket.cores[0].core.execute.fpu_unit.genblk1[0].fpu_fpnew.genblk3[1].fpnew_core.gen_operation_groups[3].i_opgroup_block.gen_merged_slice.i_multifmt_slice.extend_fp_result[2]	18	32	0	0	0	0	0	1	40896	40896	0,0,0,0,0,0,0,0,0,0,0,0,0,0,0,0,0,0,0,0,0,0,0,0,0,0,0,0,0,0,0,0,0,0,0,0,0,0,0,0	0,0,0,0,0,0,0,0,0,0,0,0,0,0,0,0,0,0,0,0,0,0,0,0,0,0,0,1,0,0,0,0,0,0,0,0,0,0,0,0	2	0	0	0	0	1	40896	40896	0,0,0,0,0,0,0,0,0,0,0,0,0,0,0,0,0,0,0,0,0,0,0,0,0,0,0,0,0,0,0,0,0,0,0,0,0,0,0,0	0,0,0,0,0,0,0,0,0,0,0,0,0,0,0,0,0,0,0,0,0,0,0,0,0,0,0,1,0,0,0,0,0,0,0,0,0,0,0,0
tb.dut.clusters[0].cluster.sockets[0].socket.cores[0].core.execute.fpu_unit.genblk1[0].fpu_fpnew.genblk3[1].fpnew_core.gen_operation_groups[3].i_opgroup_block.gen_merged_slice.i_multifmt_slice.extend_fp_result[3]	18	32	0	0	0	0	0	1	40896	40896	0,0,0,0,0,0,0,0,0,0,0,0,0,0,0,0,0,0,0,0,0,0,0,0,0,0,0,0,0,0,0,0,0,0,0,0,0,0,0,0	0,0,0,0,0,0,0,0,0,0,0,0,0,0,0,0,0,0,0,0,0,0,0,0,0,0,0,1,0,0,0,0,0,0,0,0,0,0,0,0	2	0	0	0	0	1	40896	40896	0,0,0,0,0,0,0,0,0,0,0,0,0,0,0,0,0,0,0,0,0,0,0,0,0,0,0,0,0,0,0,0,0,0,0,0,0,0,0,0	0,0,0,0,0,0,0,0,0,0,0,0,0,0,0,0,0,0,0,0,0,0,0,0,0,0,0,1,0,0,0,0,0,0,0,0,0,0,0,0
tb.dut.clusters[0].cluster.sockets[0].socket.cores[0].core.execute.fpu_unit.genblk1[0].fpu_fpnew.genblk3[1].fpnew_core.gen_operation_groups[3].i_opgroup_block.gen_merged_slice.i_multifmt_slice.extend_fp_result[4]	18	32	0	0	0	0	0	1	40896	40896	0,0,0,0,0,0,0,0,0,0,0,0,0,0,0,0,0,0,0,0,0,0,0,0,0,0,0,0,0,0,0,0,0,0,0,0,0,0,0,0	0,0,0,0,0,0,0,0,0,0,0,0,0,0,0,0,0,0,0,0,0,0,0,0,0,0,0,1,0,0,0,0,0,0,0,0,0,0,0,0	2	0	0	0	0	1	40896	40896	0,0,0,0,0,0,0,0,0,0,0,0,0,0,0,0,0,0,0,0,0,0,0,0,0,0,0,0,0,0,0,0,0,0,0,0,0,0,0,0	0,0,0,0,0,0,0,0,0,0,0,0,0,0,0,0,0,0,0,0,0,0,0,0,0,0,0,1,0,0,0,0,0,0,0,0,0,0,0,0
tb.dut.clusters[0].cluster.sockets[0].socket.cores[0].core.execute.fpu_unit.genblk1[0].fpu_fpnew.genblk3[1].fpnew_core.gen_operation_groups[3].i_opgroup_block.gen_merged_slice.i_multifmt_slice.extend_or_mute_int_result[0]	18	32	0	0	0	0	0	1	40896	40896	0,0,0,0,0,0,0,0,0,0,0,0,0,0,0,0,0,0,0,0,0,0,0,0,0,0,0,0,0,0,0,0,0,0,0,0,0,0,0,0	0,0,0,0,0,0,0,0,0,0,0,0,0,0,0,0,0,0,0,0,0,0,0,0,0,0,0,1,0,0,0,0,0,0,0,0,0,0,0,0	2	0	0	0	0	1	40896	40896	0,0,0,0,0,0,0,0,0,0,0,0,0,0,0,0,0,0,0,0,0,0,0,0,0,0,0,0,0,0,0,0,0,0,0,0,0,0,0,0	0,0,0,0,0,0,0,0,0,0,0,0,0,0,0,0,0,0,0,0,0,0,0,0,0,0,0,1,0,0,0,0,0,0,0,0,0,0,0,0
tb.dut.clusters[0].cluster.sockets[0].socket.cores[0].core.execute.fpu_unit.genblk1[0].fpu_fpnew.genblk3[1].fpnew_core.gen_operation_groups[3].i_opgroup_block.gen_merged_slice.i_multifmt_slice.extend_or_mute_int_result[0].extend_int_result	19	32	0	0	0	0	0	1	40896	40896	0,0,0,0,0,0,0,0,0,0,0,0,0,0,0,0,0,0,0,0,0,0,0,0,0,0,0,0,0,0,0,0,0,0,0,0,0,0,0,0	0,0,0,0,0,0,0,0,0,0,0,0,0,0,0,0,0,0,0,0,0,0,0,0,0,0,0,1,0,0,0,0,0,0,0,0,0,0,0,0	2	0	0	0	0	1	40896	40896	0,0,0,0,0,0,0,0,0,0,0,0,0,0,0,0,0,0,0,0,0,0,0,0,0,0,0,0,0,0,0,0,0,0,0,0,0,0,0,0	0,0,0,0,0,0,0,0,0,0,0,0,0,0,0,0,0,0,0,0,0,0,0,0,0,0,0,1,0,0,0,0,0,0,0,0,0,0,0,0
tb.dut.clusters[0].cluster.sockets[0].socket.cores[0].core.execute.fpu_unit.genblk1[0].fpu_fpnew.genblk3[1].fpnew_core.gen_operation_groups[3].i_opgroup_block.gen_merged_slice.i_multifmt_slice.extend_or_mute_int_result[1]	18	32	0	0	0	0	0	1	40896	40896	0,0,0,0,0,0,0,0,0,0,0,0,0,0,0,0,0,0,0,0,0,0,0,0,0,0,0,0,0,0,0,0,0,0,0,0,0,0,0,0	0,0,0,0,0,0,0,0,0,0,0,0,0,0,0,0,0,0,0,0,0,0,0,0,0,0,0,1,0,0,0,0,0,0,0,0,0,0,0,0	2	0	0	0	0	1	40896	40896	0,0,0,0,0,0,0,0,0,0,0,0,0,0,0,0,0,0,0,0,0,0,0,0,0,0,0,0,0,0,0,0,0,0,0,0,0,0,0,0	0,0,0,0,0,0,0,0,0,0,0,0,0,0,0,0,0,0,0,0,0,0,0,0,0,0,0,1,0,0,0,0,0,0,0,0,0,0,0,0
tb.dut.clusters[0].cluster.sockets[0].socket.cores[0].core.execute.fpu_unit.genblk1[0].fpu_fpnew.genblk3[1].fpnew_core.gen_operation_groups[3].i_opgroup_block.gen_merged_slice.i_multifmt_slice.extend_or_mute_int_result[1].extend_int_result	19	32	0	0	0	0	0	1	40896	40896	0,0,0,0,0,0,0,0,0,0,0,0,0,0,0,0,0,0,0,0,0,0,0,0,0,0,0,0,0,0,0,0,0,0,0,0,0,0,0,0	0,0,0,0,0,0,0,0,0,0,0,0,0,0,0,0,0,0,0,0,0,0,0,0,0,0,0,1,0,0,0,0,0,0,0,0,0,0,0,0	2	0	0	0	0	1	40896	40896	0,0,0,0,0,0,0,0,0,0,0,0,0,0,0,0,0,0,0,0,0,0,0,0,0,0,0,0,0,0,0,0,0,0,0,0,0,0,0,0	0,0,0,0,0,0,0,0,0,0,0,0,0,0,0,0,0,0,0,0,0,0,0,0,0,0,0,1,0,0,0,0,0,0,0,0,0,0,0,0
tb.dut.clusters[0].cluster.sockets[0].socket.cores[0].core.execute.fpu_unit.genblk1[0].fpu_fpnew.genblk3[1].fpnew_core.gen_operation_groups[3].i_opgroup_block.gen_merged_slice.i_multifmt_slice.extend_or_mute_int_result[2]	18	32	0	0	0	0	0	1	40896	40896	0,0,0,0,0,0,0,0,0,0,0,0,0,0,0,0,0,0,0,0,0,0,0,0,0,0,0,0,0,0,0,0,0,0,0,0,0,0,0,0	0,0,0,0,0,0,0,0,0,0,0,0,0,0,0,0,0,0,0,0,0,0,0,0,0,0,0,1,0,0,0,0,0,0,0,0,0,0,0,0	2	0	0	0	0	1	40896	40896	0,0,0,0,0,0,0,0,0,0,0,0,0,0,0,0,0,0,0,0,0,0,0,0,0,0,0,0,0,0,0,0,0,0,0,0,0,0,0,0	0,0,0,0,0,0,0,0,0,0,0,0,0,0,0,0,0,0,0,0,0,0,0,0,0,0,0,1,0,0,0,0,0,0,0,0,0,0,0,0
tb.dut.clusters[0].cluster.sockets[0].socket.cores[0].core.execute.fpu_unit.genblk1[0].fpu_fpnew.genblk3[1].fpnew_core.gen_operation_groups[3].i_opgroup_block.gen_merged_slice.i_multifmt_slice.extend_or_mute_int_result[2].extend_int_result	19	32	0	0	0	0	0	1	40896	40896	0,0,0,0,0,0,0,0,0,0,0,0,0,0,0,0,0,0,0,0,0,0,0,0,0,0,0,0,0,0,0,0,0,0,0,0,0,0,0,0	0,0,0,0,0,0,0,0,0,0,0,0,0,0,0,0,0,0,0,0,0,0,0,0,0,0,0,1,0,0,0,0,0,0,0,0,0,0,0,0	2	0	0	0	0	1	40896	40896	0,0,0,0,0,0,0,0,0,0,0,0,0,0,0,0,0,0,0,0,0,0,0,0,0,0,0,0,0,0,0,0,0,0,0,0,0,0,0,0	0,0,0,0,0,0,0,0,0,0,0,0,0,0,0,0,0,0,0,0,0,0,0,0,0,0,0,1,0,0,0,0,0,0,0,0,0,0,0,0
tb.dut.clusters[0].cluster.sockets[0].socket.cores[0].core.execute.fpu_unit.genblk1[0].fpu_fpnew.genblk3[1].fpnew_core.gen_operation_groups[3].i_opgroup_block.gen_merged_slice.i_multifmt_slice.extend_or_mute_int_result[3]	18	32	0	0	0	0	0	1	40896	40896	0,0,0,0,0,0,0,0,0,0,0,0,0,0,0,0,0,0,0,0,0,0,0,0,0,0,0,0,0,0,0,0,0,0,0,0,0,0,0,0	0,0,0,0,0,0,0,0,0,0,0,0,0,0,0,0,0,0,0,0,0,0,0,0,0,0,0,1,0,0,0,0,0,0,0,0,0,0,0,0	2	0	0	0	0	1	40896	40896	0,0,0,0,0,0,0,0,0,0,0,0,0,0,0,0,0,0,0,0,0,0,0,0,0,0,0,0,0,0,0,0,0,0,0,0,0,0,0,0	0,0,0,0,0,0,0,0,0,0,0,0,0,0,0,0,0,0,0,0,0,0,0,0,0,0,0,1,0,0,0,0,0,0,0,0,0,0,0,0
tb.dut.clusters[0].cluster.sockets[0].socket.cores[0].core.execute.fpu_unit.genblk1[0].fpu_fpnew.genblk3[1].fpnew_core.gen_operation_groups[3].i_opgroup_block.gen_merged_slice.i_multifmt_slice.extend_or_mute_int_result[3].extend_int_result	19	32	0	0	0	0	0	1	40896	40896	0,0,0,0,0,0,0,0,0,0,0,0,0,0,0,0,0,0,0,0,0,0,0,0,0,0,0,0,0,0,0,0,0,0,0,0,0,0,0,0	0,0,0,0,0,0,0,0,0,0,0,0,0,0,0,0,0,0,0,0,0,0,0,0,0,0,0,1,0,0,0,0,0,0,0,0,0,0,0,0	2	0	0	0	0	1	40896	40896	0,0,0,0,0,0,0,0,0,0,0,0,0,0,0,0,0,0,0,0,0,0,0,0,0,0,0,0,0,0,0,0,0,0,0,0,0,0,0,0	0,0,0,0,0,0,0,0,0,0,0,0,0,0,0,0,0,0,0,0,0,0,0,0,0,0,0,1,0,0,0,0,0,0,0,0,0,0,0,0
tb.dut.clusters[0].cluster.sockets[0].socket.cores[0].core.execute.fpu_unit.genblk1[0].fpu_fpnew.genblk3[1].fpnew_core.gen_operation_groups[3].i_opgroup_block.gen_merged_slice.i_multifmt_slice.gen_num_lanes[0]	18	7175	4	2	2	2	1	3	40894	40872	2,0,0,0,0,0,0,0,0,0,0,0,0,0,0,0,0,0,0,0,0,0,0,0,0,0,0,0,0,0,0,0,0,0,0,0,0,0,0,0	0,0,1,0,0,0,0,0,0,0,0,0,0,0,0,0,1,0,0,0,0,0,0,0,0,0,0,1,0,0,0,0,0,0,0,0,0,0,0,0	36	0	0	0	0	1	40896	40896	0,0,0,0,0,0,0,0,0,0,0,0,0,0,0,0,0,0,0,0,0,0,0,0,0,0,0,0,0,0,0,0,0,0,0,0,0,0,0,0	0,0,0,0,0,0,0,0,0,0,0,0,0,0,0,0,0,0,0,0,0,0,0,0,0,0,0,1,0,0,0,0,0,0,0,0,0,0,0,0
tb.dut.clusters[0].cluster.sockets[0].socket.cores[0].core.execute.fpu_unit.genblk1[0].fpu_fpnew.genblk3[1].fpnew_core.gen_operation_groups[3].i_opgroup_block.gen_merged_slice.i_multifmt_slice.gen_num_lanes[0].active_lane	19	6704	4	2	2	2	1	3	40894	40872	2,0,0,0,0,0,0,0,0,0,0,0,0,0,0,0,0,0,0,0,0,0,0,0,0,0,0,0,0,0,0,0,0,0,0,0,0,0,0,0	0,0,1,0,0,0,0,0,0,0,0,0,0,0,0,0,1,0,0,0,0,0,0,0,0,0,0,1,0,0,0,0,0,0,0,0,0,0,0,0	34	0	0	0	0	1	40896	40896	0,0,0,0,0,0,0,0,0,0,0,0,0,0,0,0,0,0,0,0,0,0,0,0,0,0,0,0,0,0,0,0,0,0,0,0,0,0,0,0	0,0,0,0,0,0,0,0,0,0,0,0,0,0,0,0,0,0,0,0,0,0,0,0,0,0,0,1,0,0,0,0,0,0,0,0,0,0,0,0
tb.dut.clusters[0].cluster.sockets[0].socket.cores[0].core.execute.fpu_unit.genblk1[0].fpu_fpnew.genblk3[1].fpnew_core.gen_operation_groups[3].i_opgroup_block.gen_merged_slice.i_multifmt_slice.gen_num_lanes[0].active_lane.lane_instance	20	6568	4	2	2	2	1	3	40894	40872	2,0,0,0,0,0,0,0,0,0,0,0,0,0,0,0,0,0,0,0,0,0,0,0,0,0,0,0,0,0,0,0,0,0,0,0,0,0,0,0	0,0,1,0,0,0,0,0,0,0,0,0,0,0,0,0,1,0,0,0,0,0,0,0,0,0,0,1,0,0,0,0,0,0,0,0,0,0,0,0	33	0	0	0	0	1	40896	40896	0,0,0,0,0,0,0,0,0,0,0,0,0,0,0,0,0,0,0,0,0,0,0,0,0,0,0,0,0,0,0,0,0,0,0,0,0,0,0,0	0,0,0,0,0,0,0,0,0,0,0,0,0,0,0,0,0,0,0,0,0,0,0,0,0,0,0,1,0,0,0,0,0,0,0,0,0,0,0,0
tb.dut.clusters[0].cluster.sockets[0].socket.cores[0].core.execute.fpu_unit.genblk1[0].fpu_fpnew.genblk3[1].fpnew_core.gen_operation_groups[3].i_opgroup_block.gen_merged_slice.i_multifmt_slice.gen_num_lanes[0].active_lane.lane_instance.i_fpnew_cast_multi	21	6568	4	2	2	2	1	3	40894	40872	2,0,0,0,0,0,0,0,0,0,0,0,0,0,0,0,0,0,0,0,0,0,0,0,0,0,0,0,0,0,0,0,0,0,0,0,0,0,0,0	0,0,1,0,0,0,0,0,0,0,0,0,0,0,0,0,1,0,0,0,0,0,0,0,0,0,0,1,0,0,0,0,0,0,0,0,0,0,0,0	33	0	0	0	0	1	40896	40896	0,0,0,0,0,0,0,0,0,0,0,0,0,0,0,0,0,0,0,0,0,0,0,0,0,0,0,0,0,0,0,0,0,0,0,0,0,0,0,0	0,0,0,0,0,0,0,0,0,0,0,0,0,0,0,0,0,0,0,0,0,0,0,0,0,0,0,1,0,0,0,0,0,0,0,0,0,0,0,0
tb.dut.clusters[0].cluster.sockets[0].socket.cores[0].core.execute.fpu_unit.genblk1[0].fpu_fpnew.genblk3[1].fpnew_core.gen_operation_groups[3].i_opgroup_block.gen_merged_slice.i_multifmt_slice.gen_num_lanes[0].active_lane.lane_instance.i_fpnew_cast_multi.fmt_init_inputs[0]	22	308	0	0	0	0	0	1	40896	40896	0,0,0,0,0,0,0,0,0,0,0,0,0,0,0,0,0,0,0,0,0,0,0,0,0,0,0,0,0,0,0,0,0,0,0,0,0,0,0,0	0,0,0,0,0,0,0,0,0,0,0,0,0,0,0,0,0,0,0,0,0,0,0,0,0,0,0,1,0,0,0,0,0,0,0,0,0,0,0,0	2	0	0	0	0	1	40896	40896	0,0,0,0,0,0,0,0,0,0,0,0,0,0,0,0,0,0,0,0,0,0,0,0,0,0,0,0,0,0,0,0,0,0,0,0,0,0,0,0	0,0,0,0,0,0,0,0,0,0,0,0,0,0,0,0,0,0,0,0,0,0,0,0,0,0,0,1,0,0,0,0,0,0,0,0,0,0,0,0
tb.dut.clusters[0].cluster.sockets[0].socket.cores[0].core.execute.fpu_unit.genblk1[0].fpu_fpnew.genblk3[1].fpnew_core.gen_operation_groups[3].i_opgroup_block.gen_merged_slice.i_multifmt_slice.gen_num_lanes[0].active_lane.lane_instance.i_fpnew_cast_multi.fmt_init_inputs[0].active_format	23	212	0	0	0	0	0	1	40896	40896	0,0,0,0,0,0,0,0,0,0,0,0,0,0,0,0,0,0,0,0,0,0,0,0,0,0,0,0,0,0,0,0,0,0,0,0,0,0,0,0	0,0,0,0,0,0,0,0,0,0,0,0,0,0,0,0,0,0,0,0,0,0,0,0,0,0,0,1,0,0,0,0,0,0,0,0,0,0,0,0	2	0	0	0	0	1	40896	40896	0,0,0,0,0,0,0,0,0,0,0,0,0,0,0,0,0,0,0,0,0,0,0,0,0,0,0,0,0,0,0,0,0,0,0,0,0,0,0,0	0,0,0,0,0,0,0,0,0,0,0,0,0,0,0,0,0,0,0,0,0,0,0,0,0,0,0,1,0,0,0,0,0,0,0,0,0,0,0,0
tb.dut.clusters[0].cluster.sockets[0].socket.cores[0].core.execute.fpu_unit.genblk1[0].fpu_fpnew.genblk3[1].fpnew_core.gen_operation_groups[3].i_opgroup_block.gen_merged_slice.i_multifmt_slice.gen_num_lanes[0].active_lane.lane_instance.i_fpnew_cast_multi.fmt_init_inputs[0].active_format.i_fpnew_classifier	24	212	0	0	0	0	0	1	40896	40896	0,0,0,0,0,0,0,0,0,0,0,0,0,0,0,0,0,0,0,0,0,0,0,0,0,0,0,0,0,0,0,0,0,0,0,0,0,0,0,0	0,0,0,0,0,0,0,0,0,0,0,0,0,0,0,0,0,0,0,0,0,0,0,0,0,0,0,1,0,0,0,0,0,0,0,0,0,0,0,0	2	0	0	0	0	1	40896	40896	0,0,0,0,0,0,0,0,0,0,0,0,0,0,0,0,0,0,0,0,0,0,0,0,0,0,0,0,0,0,0,0,0,0,0,0,0,0,0,0	0,0,0,0,0,0,0,0,0,0,0,0,0,0,0,0,0,0,0,0,0,0,0,0,0,0,0,1,0,0,0,0,0,0,0,0,0,0,0,0
tb.dut.clusters[0].cluster.sockets[0].socket.cores[0].core.execute.fpu_unit.genblk1[0].fpu_fpnew.genblk3[1].fpnew_core.gen_operation_groups[3].i_opgroup_block.gen_merged_slice.i_multifmt_slice.gen_num_lanes[0].active_lane.lane_instance.i_fpnew_cast_multi.fmt_init_inputs[0].active_format.i_fpnew_classifier.gen_num_values[0]	25	40	0	0	0	0	0	1	40896	40896	0,0,0,0,0,0,0,0,0,0,0,0,0,0,0,0,0,0,0,0,0,0,0,0,0,0,0,0,0,0,0,0,0,0,0,0,0,0,0,0	0,0,0,0,0,0,0,0,0,0,0,0,0,0,0,0,0,0,0,0,0,0,0,0,0,0,0,1,0,0,0,0,0,0,0,0,0,0,0,0	2	0	0	0	0	1	40896	40896	0,0,0,0,0,0,0,0,0,0,0,0,0,0,0,0,0,0,0,0,0,0,0,0,0,0,0,0,0,0,0,0,0,0,0,0,0,0,0,0	0,0,0,0,0,0,0,0,0,0,0,0,0,0,0,0,0,0,0,0,0,0,0,0,0,0,0,1,0,0,0,0,0,0,0,0,0,0,0,0
tb.dut.clusters[0].cluster.sockets[0].socket.cores[0].core.execute.fpu_unit.genblk1[0].fpu_fpnew.genblk3[1].fpnew_core.gen_operation_groups[3].i_opgroup_block.gen_merged_slice.i_multifmt_slice.gen_num_lanes[0].active_lane.lane_instance.i_fpnew_cast_multi.fmt_init_inputs[1]	22	96	0	0	0	0	0	1	40896	40896	0,0,0,0,0,0,0,0,0,0,0,0,0,0,0,0,0,0,0,0,0,0,0,0,0,0,0,0,0,0,0,0,0,0,0,0,0,0,0,0	0,0,0,0,0,0,0,0,0,0,0,0,0,0,0,0,0,0,0,0,0,0,0,0,0,0,0,1,0,0,0,0,0,0,0,0,0,0,0,0	2	0	0	0	0	1	40896	40896	0,0,0,0,0,0,0,0,0,0,0,0,0,0,0,0,0,0,0,0,0,0,0,0,0,0,0,0,0,0,0,0,0,0,0,0,0,0,0,0	0,0,0,0,0,0,0,0,0,0,0,0,0,0,0,0,0,0,0,0,0,0,0,0,0,0,0,1,0,0,0,0,0,0,0,0,0,0,0,0
tb.dut.clusters[0].cluster.sockets[0].socket.cores[0].core.execute.fpu_unit.genblk1[0].fpu_fpnew.genblk3[1].fpnew_core.gen_operation_groups[3].i_opgroup_block.gen_merged_slice.i_multifmt_slice.gen_num_lanes[0].active_lane.lane_instance.i_fpnew_cast_multi.fmt_init_inputs[2]	22	96	0	0	0	0	0	1	40896	40896	0,0,0,0,0,0,0,0,0,0,0,0,0,0,0,0,0,0,0,0,0,0,0,0,0,0,0,0,0,0,0,0,0,0,0,0,0,0,0,0	0,0,0,0,0,0,0,0,0,0,0,0,0,0,0,0,0,0,0,0,0,0,0,0,0,0,0,1,0,0,0,0,0,0,0,0,0,0,0,0	2	0	0	0	0	1	40896	40896	0,0,0,0,0,0,0,0,0,0,0,0,0,0,0,0,0,0,0,0,0,0,0,0,0,0,0,0,0,0,0,0,0,0,0,0,0,0,0,0	0,0,0,0,0,0,0,0,0,0,0,0,0,0,0,0,0,0,0,0,0,0,0,0,0,0,0,1,0,0,0,0,0,0,0,0,0,0,0,0
tb.dut.clusters[0].cluster.sockets[0].socket.cores[0].core.execute.fpu_unit.genblk1[0].fpu_fpnew.genblk3[1].fpnew_core.gen_operation_groups[3].i_opgroup_block.gen_merged_slice.i_multifmt_slice.gen_num_lanes[0].active_lane.lane_instance.i_fpnew_cast_multi.fmt_init_inputs[3]	22	96	0	0	0	0	0	1	40896	40896	0,0,0,0,0,0,0,0,0,0,0,0,0,0,0,0,0,0,0,0,0,0,0,0,0,0,0,0,0,0,0,0,0,0,0,0,0,0,0,0	0,0,0,0,0,0,0,0,0,0,0,0,0,0,0,0,0,0,0,0,0,0,0,0,0,0,0,1,0,0,0,0,0,0,0,0,0,0,0,0	2	0	0	0	0	1	40896	40896	0,0,0,0,0,0,0,0,0,0,0,0,0,0,0,0,0,0,0,0,0,0,0,0,0,0,0,0,0,0,0,0,0,0,0,0,0,0,0,0	0,0,0,0,0,0,0,0,0,0,0,0,0,0,0,0,0,0,0,0,0,0,0,0,0,0,0,1,0,0,0,0,0,0,0,0,0,0,0,0
tb.dut.clusters[0].cluster.sockets[0].socket.cores[0].core.execute.fpu_unit.genblk1[0].fpu_fpnew.genblk3[1].fpnew_core.gen_operation_groups[3].i_opgroup_block.gen_merged_slice.i_multifmt_slice.gen_num_lanes[0].active_lane.lane_instance.i_fpnew_cast_multi.fmt_init_inputs[4]	22	96	0	0	0	0	0	1	40896	40896	0,0,0,0,0,0,0,0,0,0,0,0,0,0,0,0,0,0,0,0,0,0,0,0,0,0,0,0,0,0,0,0,0,0,0,0,0,0,0,0	0,0,0,0,0,0,0,0,0,0,0,0,0,0,0,0,0,0,0,0,0,0,0,0,0,0,0,1,0,0,0,0,0,0,0,0,0,0,0,0	2	0	0	0	0	1	40896	40896	0,0,0,0,0,0,0,0,0,0,0,0,0,0,0,0,0,0,0,0,0,0,0,0,0,0,0,0,0,0,0,0,0,0,0,0,0,0,0,0	0,0,0,0,0,0,0,0,0,0,0,0,0,0,0,0,0,0,0,0,0,0,0,0,0,0,0,1,0,0,0,0,0,0,0,0,0,0,0,0
tb.dut.clusters[0].cluster.sockets[0].socket.cores[0].core.execute.fpu_unit.genblk1[0].fpu_fpnew.genblk3[1].fpnew_core.gen_operation_groups[3].i_opgroup_block.gen_merged_slice.i_multifmt_slice.gen_num_lanes[0].active_lane.lane_instance.i_fpnew_cast_multi.gen_input_pipeline[0]	22	1	0	0	0	0	0	1	40896	40896	0,0,0,0,0,0,0,0,0,0,0,0,0,0,0,0,0,0,0,0,0,0,0,0,0,0,0,0,0,0,0,0,0,0,0,0,0,0,0,0	0,0,0,0,0,0,0,0,0,0,0,0,0,0,0,0,0,0,0,0,0,0,0,0,0,0,0,1,0,0,0,0,0,0,0,0,0,0,0,0	2	0	0	0	0	1	40896	40896	0,0,0,0,0,0,0,0,0,0,0,0,0,0,0,0,0,0,0,0,0,0,0,0,0,0,0,0,0,0,0,0,0,0,0,0,0,0,0,0	0,0,0,0,0,0,0,0,0,0,0,0,0,0,0,0,0,0,0,0,0,0,0,0,0,0,0,1,0,0,0,0,0,0,0,0,0,0,0,0
tb.dut.clusters[0].cluster.sockets[0].socket.cores[0].core.execute.fpu_unit.genblk1[0].fpu_fpnew.genblk3[1].fpnew_core.gen_operation_groups[3].i_opgroup_block.gen_merged_slice.i_multifmt_slice.gen_num_lanes[0].active_lane.lane_instance.i_fpnew_cast_multi.gen_input_pipeline[1]	22	1	0	0	0	0	0	1	40896	40896	0,0,0,0,0,0,0,0,0,0,0,0,0,0,0,0,0,0,0,0,0,0,0,0,0,0,0,0,0,0,0,0,0,0,0,0,0,0,0,0	0,0,0,0,0,0,0,0,0,0,0,0,0,0,0,0,0,0,0,0,0,0,0,0,0,0,0,1,0,0,0,0,0,0,0,0,0,0,0,0	2	0	0	0	0	1	40896	40896	0,0,0,0,0,0,0,0,0,0,0,0,0,0,0,0,0,0,0,0,0,0,0,0,0,0,0,0,0,0,0,0,0,0,0,0,0,0,0,0	0,0,0,0,0,0,0,0,0,0,0,0,0,0,0,0,0,0,0,0,0,0,0,0,0,0,0,1,0,0,0,0,0,0,0,0,0,0,0,0
tb.dut.clusters[0].cluster.sockets[0].socket.cores[0].core.execute.fpu_unit.genblk1[0].fpu_fpnew.genblk3[1].fpnew_core.gen_operation_groups[3].i_opgroup_block.gen_merged_slice.i_multifmt_slice.gen_num_lanes[0].active_lane.lane_instance.i_fpnew_cast_multi.gen_inside_pipeline[0]	22	1	0	0	0	0	0	1	40896	40896	0,0,0,0,0,0,0,0,0,0,0,0,0,0,0,0,0,0,0,0,0,0,0,0,0,0,0,0,0,0,0,0,0,0,0,0,0,0,0,0	0,0,0,0,0,0,0,0,0,0,0,0,0,0,0,0,0,0,0,0,0,0,0,0,0,0,0,1,0,0,0,0,0,0,0,0,0,0,0,0	2	0	0	0	0	1	40896	40896	0,0,0,0,0,0,0,0,0,0,0,0,0,0,0,0,0,0,0,0,0,0,0,0,0,0,0,0,0,0,0,0,0,0,0,0,0,0,0,0	0,0,0,0,0,0,0,0,0,0,0,0,0,0,0,0,0,0,0,0,0,0,0,0,0,0,0,1,0,0,0,0,0,0,0,0,0,0,0,0
tb.dut.clusters[0].cluster.sockets[0].socket.cores[0].core.execute.fpu_unit.genblk1[0].fpu_fpnew.genblk3[1].fpnew_core.gen_operation_groups[3].i_opgroup_block.gen_merged_slice.i_multifmt_slice.gen_num_lanes[0].active_lane.lane_instance.i_fpnew_cast_multi.gen_inside_pipeline[1]	22	1	0	0	0	0	0	1	40896	40896	0,0,0,0,0,0,0,0,0,0,0,0,0,0,0,0,0,0,0,0,0,0,0,0,0,0,0,0,0,0,0,0,0,0,0,0,0,0,0,0	0,0,0,0,0,0,0,0,0,0,0,0,0,0,0,0,0,0,0,0,0,0,0,0,0,0,0,1,0,0,0,0,0,0,0,0,0,0,0,0	2	0	0	0	0	1	40896	40896	0,0,0,0,0,0,0,0,0,0,0,0,0,0,0,0,0,0,0,0,0,0,0,0,0,0,0,0,0,0,0,0,0,0,0,0,0,0,0,0	0,0,0,0,0,0,0,0,0,0,0,0,0,0,0,0,0,0,0,0,0,0,0,0,0,0,0,1,0,0,0,0,0,0,0,0,0,0,0,0
tb.dut.clusters[0].cluster.sockets[0].socket.cores[0].core.execute.fpu_unit.genblk1[0].fpu_fpnew.genblk3[1].fpnew_core.gen_operation_groups[3].i_opgroup_block.gen_merged_slice.i_multifmt_slice.gen_num_lanes[0].active_lane.lane_instance.i_fpnew_cast_multi.gen_int_overflow[0]	22	32	0	0	0	0	0	1	40896	40896	0,0,0,0,0,0,0,0,0,0,0,0,0,0,0,0,0,0,0,0,0,0,0,0,0,0,0,0,0,0,0,0,0,0,0,0,0,0,0,0	0,0,0,0,0,0,0,0,0,0,0,0,0,0,0,0,0,0,0,0,0,0,0,0,0,0,0,1,0,0,0,0,0,0,0,0,0,0,0,0	2	0	0	0	0	1	40896	40896	0,0,0,0,0,0,0,0,0,0,0,0,0,0,0,0,0,0,0,0,0,0,0,0,0,0,0,0,0,0,0,0,0,0,0,0,0,0,0,0	0,0,0,0,0,0,0,0,0,0,0,0,0,0,0,0,0,0,0,0,0,0,0,0,0,0,0,1,0,0,0,0,0,0,0,0,0,0,0,0
tb.dut.clusters[0].cluster.sockets[0].socket.cores[0].core.execute.fpu_unit.genblk1[0].fpu_fpnew.genblk3[1].fpnew_core.gen_operation_groups[3].i_opgroup_block.gen_merged_slice.i_multifmt_slice.gen_num_lanes[0].active_lane.lane_instance.i_fpnew_cast_multi.gen_int_overflow[1]	22	32	0	0	0	0	0	1	40896	40896	0,0,0,0,0,0,0,0,0,0,0,0,0,0,0,0,0,0,0,0,0,0,0,0,0,0,0,0,0,0,0,0,0,0,0,0,0,0,0,0	0,0,0,0,0,0,0,0,0,0,0,0,0,0,0,0,0,0,0,0,0,0,0,0,0,0,0,1,0,0,0,0,0,0,0,0,0,0,0,0	2	0	0	0	0	1	40896	40896	0,0,0,0,0,0,0,0,0,0,0,0,0,0,0,0,0,0,0,0,0,0,0,0,0,0,0,0,0,0,0,0,0,0,0,0,0,0,0,0	0,0,0,0,0,0,0,0,0,0,0,0,0,0,0,0,0,0,0,0,0,0,0,0,0,0,0,1,0,0,0,0,0,0,0,0,0,0,0,0
tb.dut.clusters[0].cluster.sockets[0].socket.cores[0].core.execute.fpu_unit.genblk1[0].fpu_fpnew.genblk3[1].fpnew_core.gen_operation_groups[3].i_opgroup_block.gen_merged_slice.i_multifmt_slice.gen_num_lanes[0].active_lane.lane_instance.i_fpnew_cast_multi.gen_int_overflow[2]	22	32	0	0	0	0	0	1	40896	40896	0,0,0,0,0,0,0,0,0,0,0,0,0,0,0,0,0,0,0,0,0,0,0,0,0,0,0,0,0,0,0,0,0,0,0,0,0,0,0,0	0,0,0,0,0,0,0,0,0,0,0,0,0,0,0,0,0,0,0,0,0,0,0,0,0,0,0,1,0,0,0,0,0,0,0,0,0,0,0,0	2	0	0	0	0	1	40896	40896	0,0,0,0,0,0,0,0,0,0,0,0,0,0,0,0,0,0,0,0,0,0,0,0,0,0,0,0,0,0,0,0,0,0,0,0,0,0,0,0	0,0,0,0,0,0,0,0,0,0,0,0,0,0,0,0,0,0,0,0,0,0,0,0,0,0,0,1,0,0,0,0,0,0,0,0,0,0,0,0
tb.dut.clusters[0].cluster.sockets[0].socket.cores[0].core.execute.fpu_unit.genblk1[0].fpu_fpnew.genblk3[1].fpnew_core.gen_operation_groups[3].i_opgroup_block.gen_merged_slice.i_multifmt_slice.gen_num_lanes[0].active_lane.lane_instance.i_fpnew_cast_multi.gen_int_overflow[3]	22	32	0	0	0	0	0	1	40896	40896	0,0,0,0,0,0,0,0,0,0,0,0,0,0,0,0,0,0,0,0,0,0,0,0,0,0,0,0,0,0,0,0,0,0,0,0,0,0,0,0	0,0,0,0,0,0,0,0,0,0,0,0,0,0,0,0,0,0,0,0,0,0,0,0,0,0,0,1,0,0,0,0,0,0,0,0,0,0,0,0	2	0	0	0	0	1	40896	40896	0,0,0,0,0,0,0,0,0,0,0,0,0,0,0,0,0,0,0,0,0,0,0,0,0,0,0,0,0,0,0,0,0,0,0,0,0,0,0,0	0,0,0,0,0,0,0,0,0,0,0,0,0,0,0,0,0,0,0,0,0,0,0,0,0,0,0,1,0,0,0,0,0,0,0,0,0,0,0,0
tb.dut.clusters[0].cluster.sockets[0].socket.cores[0].core.execute.fpu_unit.genblk1[0].fpu_fpnew.genblk3[1].fpnew_core.gen_operation_groups[3].i_opgroup_block.gen_merged_slice.i_multifmt_slice.gen_num_lanes[0].active_lane.lane_instance.i_fpnew_cast_multi.gen_int_res_sign_ext[0]	22	32	0	0	0	0	0	1	40896	40896	0,0,0,0,0,0,0,0,0,0,0,0,0,0,0,0,0,0,0,0,0,0,0,0,0,0,0,0,0,0,0,0,0,0,0,0,0,0,0,0	0,0,0,0,0,0,0,0,0,0,0,0,0,0,0,0,0,0,0,0,0,0,0,0,0,0,0,1,0,0,0,0,0,0,0,0,0,0,0,0	2	0	0	0	0	1	40896	40896	0,0,0,0,0,0,0,0,0,0,0,0,0,0,0,0,0,0,0,0,0,0,0,0,0,0,0,0,0,0,0,0,0,0,0,0,0,0,0,0	0,0,0,0,0,0,0,0,0,0,0,0,0,0,0,0,0,0,0,0,0,0,0,0,0,0,0,1,0,0,0,0,0,0,0,0,0,0,0,0
tb.dut.clusters[0].cluster.sockets[0].socket.cores[0].core.execute.fpu_unit.genblk1[0].fpu_fpnew.genblk3[1].fpnew_core.gen_operation_groups[3].i_opgroup_block.gen_merged_slice.i_multifmt_slice.gen_num_lanes[0].active_lane.lane_instance.i_fpnew_cast_multi.gen_int_res_sign_ext[1]	22	32	0	0	0	0	0	1	40896	40896	0,0,0,0,0,0,0,0,0,0,0,0,0,0,0,0,0,0,0,0,0,0,0,0,0,0,0,0,0,0,0,0,0,0,0,0,0,0,0,0	0,0,0,0,0,0,0,0,0,0,0,0,0,0,0,0,0,0,0,0,0,0,0,0,0,0,0,1,0,0,0,0,0,0,0,0,0,0,0,0	2	0	0	0	0	1	40896	40896	0,0,0,0,0,0,0,0,0,0,0,0,0,0,0,0,0,0,0,0,0,0,0,0,0,0,0,0,0,0,0,0,0,0,0,0,0,0,0,0	0,0,0,0,0,0,0,0,0,0,0,0,0,0,0,0,0,0,0,0,0,0,0,0,0,0,0,1,0,0,0,0,0,0,0,0,0,0,0,0
tb.dut.clusters[0].cluster.sockets[0].socket.cores[0].core.execute.fpu_unit.genblk1[0].fpu_fpnew.genblk3[1].fpnew_core.gen_operation_groups[3].i_opgroup_block.gen_merged_slice.i_multifmt_slice.gen_num_lanes[0].active_lane.lane_instance.i_fpnew_cast_multi.gen_int_res_sign_ext[2]	22	32	0	0	0	0	0	1	40896	40896	0,0,0,0,0,0,0,0,0,0,0,0,0,0,0,0,0,0,0,0,0,0,0,0,0,0,0,0,0,0,0,0,0,0,0,0,0,0,0,0	0,0,0,0,0,0,0,0,0,0,0,0,0,0,0,0,0,0,0,0,0,0,0,0,0,0,0,1,0,0,0,0,0,0,0,0,0,0,0,0	2	0	0	0	0	1	40896	40896	0,0,0,0,0,0,0,0,0,0,0,0,0,0,0,0,0,0,0,0,0,0,0,0,0,0,0,0,0,0,0,0,0,0,0,0,0,0,0,0	0,0,0,0,0,0,0,0,0,0,0,0,0,0,0,0,0,0,0,0,0,0,0,0,0,0,0,1,0,0,0,0,0,0,0,0,0,0,0,0
tb.dut.clusters[0].cluster.sockets[0].socket.cores[0].core.execute.fpu_unit.genblk1[0].fpu_fpnew.genblk3[1].fpnew_core.gen_operation_groups[3].i_opgroup_block.gen_merged_slice.i_multifmt_slice.gen_num_lanes[0].active_lane.lane_instance.i_fpnew_cast_multi.gen_int_res_sign_ext[3]	22	32	0	0	0	0	0	1	40896	40896	0,0,0,0,0,0,0,0,0,0,0,0,0,0,0,0,0,0,0,0,0,0,0,0,0,0,0,0,0,0,0,0,0,0,0,0,0,0,0,0	0,0,0,0,0,0,0,0,0,0,0,0,0,0,0,0,0,0,0,0,0,0,0,0,0,0,0,1,0,0,0,0,0,0,0,0,0,0,0,0	2	0	0	0	0	1	40896	40896	0,0,0,0,0,0,0,0,0,0,0,0,0,0,0,0,0,0,0,0,0,0,0,0,0,0,0,0,0,0,0,0,0,0,0,0,0,0,0,0	0,0,0,0,0,0,0,0,0,0,0,0,0,0,0,0,0,0,0,0,0,0,0,0,0,0,0,1,0,0,0,0,0,0,0,0,0,0,0,0
tb.dut.clusters[0].cluster.sockets[0].socket.cores[0].core.execute.fpu_unit.genblk1[0].fpu_fpnew.genblk3[1].fpnew_core.gen_operation_groups[3].i_opgroup_block.gen_merged_slice.i_multifmt_slice.gen_num_lanes[0].active_lane.lane_instance.i_fpnew_cast_multi.gen_output_pipeline[0]	22	1	0	0	0	0	0	1	40896	40896	0,0,0,0,0,0,0,0,0,0,0,0,0,0,0,0,0,0,0,0,0,0,0,0,0,0,0,0,0,0,0,0,0,0,0,0,0,0,0,0	0,0,0,0,0,0,0,0,0,0,0,0,0,0,0,0,0,0,0,0,0,0,0,0,0,0,0,1,0,0,0,0,0,0,0,0,0,0,0,0	2	0	0	0	0	1	40896	40896	0,0,0,0,0,0,0,0,0,0,0,0,0,0,0,0,0,0,0,0,0,0,0,0,0,0,0,0,0,0,0,0,0,0,0,0,0,0,0,0	0,0,0,0,0,0,0,0,0,0,0,0,0,0,0,0,0,0,0,0,0,0,0,0,0,0,0,1,0,0,0,0,0,0,0,0,0,0,0,0
tb.dut.clusters[0].cluster.sockets[0].socket.cores[0].core.execute.fpu_unit.genblk1[0].fpu_fpnew.genblk3[1].fpnew_core.gen_operation_groups[3].i_opgroup_block.gen_merged_slice.i_multifmt_slice.gen_num_lanes[0].active_lane.lane_instance.i_fpnew_cast_multi.gen_res_assemble[0]	22	64	0	0	0	0	0	1	40896	40896	0,0,0,0,0,0,0,0,0,0,0,0,0,0,0,0,0,0,0,0,0,0,0,0,0,0,0,0,0,0,0,0,0,0,0,0,0,0,0,0	0,0,0,0,0,0,0,0,0,0,0,0,0,0,0,0,0,0,0,0,0,0,0,0,0,0,0,1,0,0,0,0,0,0,0,0,0,0,0,0	2	0	0	0	0	1	40896	40896	0,0,0,0,0,0,0,0,0,0,0,0,0,0,0,0,0,0,0,0,0,0,0,0,0,0,0,0,0,0,0,0,0,0,0,0,0,0,0,0	0,0,0,0,0,0,0,0,0,0,0,0,0,0,0,0,0,0,0,0,0,0,0,0,0,0,0,1,0,0,0,0,0,0,0,0,0,0,0,0
tb.dut.clusters[0].cluster.sockets[0].socket.cores[0].core.execute.fpu_unit.genblk1[0].fpu_fpnew.genblk3[1].fpnew_core.gen_operation_groups[3].i_opgroup_block.gen_merged_slice.i_multifmt_slice.gen_num_lanes[0].active_lane.lane_instance.i_fpnew_cast_multi.gen_res_assemble[1]	22	64	0	0	0	0	0	1	40896	40896	0,0,0,0,0,0,0,0,0,0,0,0,0,0,0,0,0,0,0,0,0,0,0,0,0,0,0,0,0,0,0,0,0,0,0,0,0,0,0,0	0,0,0,0,0,0,0,0,0,0,0,0,0,0,0,0,0,0,0,0,0,0,0,0,0,0,0,1,0,0,0,0,0,0,0,0,0,0,0,0	2	0	0	0	0	1	40896	40896	0,0,0,0,0,0,0,0,0,0,0,0,0,0,0,0,0,0,0,0,0,0,0,0,0,0,0,0,0,0,0,0,0,0,0,0,0,0,0,0	0,0,0,0,0,0,0,0,0,0,0,0,0,0,0,0,0,0,0,0,0,0,0,0,0,0,0,1,0,0,0,0,0,0,0,0,0,0,0,0
tb.dut.clusters[0].cluster.sockets[0].socket.cores[0].core.execute.fpu_unit.genblk1[0].fpu_fpnew.genblk3[1].fpnew_core.gen_operation_groups[3].i_opgroup_block.gen_merged_slice.i_multifmt_slice.gen_num_lanes[0].active_lane.lane_instance.i_fpnew_cast_multi.gen_res_assemble[2]	22	64	0	0	0	0	0	1	40896	40896	0,0,0,0,0,0,0,0,0,0,0,0,0,0,0,0,0,0,0,0,0,0,0,0,0,0,0,0,0,0,0,0,0,0,0,0,0,0,0,0	0,0,0,0,0,0,0,0,0,0,0,0,0,0,0,0,0,0,0,0,0,0,0,0,0,0,0,1,0,0,0,0,0,0,0,0,0,0,0,0	2	0	0	0	0	1	40896	40896	0,0,0,0,0,0,0,0,0,0,0,0,0,0,0,0,0,0,0,0,0,0,0,0,0,0,0,0,0,0,0,0,0,0,0,0,0,0,0,0	0,0,0,0,0,0,0,0,0,0,0,0,0,0,0,0,0,0,0,0,0,0,0,0,0,0,0,1,0,0,0,0,0,0,0,0,0,0,0,0
tb.dut.clusters[0].cluster.sockets[0].socket.cores[0].core.execute.fpu_unit.genblk1[0].fpu_fpnew.genblk3[1].fpnew_core.gen_operation_groups[3].i_opgroup_block.gen_merged_slice.i_multifmt_slice.gen_num_lanes[0].active_lane.lane_instance.i_fpnew_cast_multi.gen_res_assemble[3]	22	64	0	0	0	0	0	1	40896	40896	0,0,0,0,0,0,0,0,0,0,0,0,0,0,0,0,0,0,0,0,0,0,0,0,0,0,0,0,0,0,0,0,0,0,0,0,0,0,0,0	0,0,0,0,0,0,0,0,0,0,0,0,0,0,0,0,0,0,0,0,0,0,0,0,0,0,0,1,0,0,0,0,0,0,0,0,0,0,0,0	2	0	0	0	0	1	40896	40896	0,0,0,0,0,0,0,0,0,0,0,0,0,0,0,0,0,0,0,0,0,0,0,0,0,0,0,0,0,0,0,0,0,0,0,0,0,0,0,0	0,0,0,0,0,0,0,0,0,0,0,0,0,0,0,0,0,0,0,0,0,0,0,0,0,0,0,1,0,0,0,0,0,0,0,0,0,0,0,0
tb.dut.clusters[0].cluster.sockets[0].socket.cores[0].core.execute.fpu_unit.genblk1[0].fpu_fpnew.genblk3[1].fpnew_core.gen_operation_groups[3].i_opgroup_block.gen_merged_slice.i_multifmt_slice.gen_num_lanes[0].active_lane.lane_instance.i_fpnew_cast_multi.gen_res_assemble[4]	22	64	0	0	0	0	0	1	40896	40896	0,0,0,0,0,0,0,0,0,0,0,0,0,0,0,0,0,0,0,0,0,0,0,0,0,0,0,0,0,0,0,0,0,0,0,0,0,0,0,0	0,0,0,0,0,0,0,0,0,0,0,0,0,0,0,0,0,0,0,0,0,0,0,0,0,0,0,1,0,0,0,0,0,0,0,0,0,0,0,0	2	0	0	0	0	1	40896	40896	0,0,0,0,0,0,0,0,0,0,0,0,0,0,0,0,0,0,0,0,0,0,0,0,0,0,0,0,0,0,0,0,0,0,0,0,0,0,0,0	0,0,0,0,0,0,0,0,0,0,0,0,0,0,0,0,0,0,0,0,0,0,0,0,0,0,0,1,0,0,0,0,0,0,0,0,0,0,0,0
tb.dut.clusters[0].cluster.sockets[0].socket.cores[0].core.execute.fpu_unit.genblk1[0].fpu_fpnew.genblk3[1].fpnew_core.gen_operation_groups[3].i_opgroup_block.gen_merged_slice.i_multifmt_slice.gen_num_lanes[0].active_lane.lane_instance.i_fpnew_cast_multi.gen_sign_extend_int[0]	22	32	0	0	0	0	0	1	40896	40896	0,0,0,0,0,0,0,0,0,0,0,0,0,0,0,0,0,0,0,0,0,0,0,0,0,0,0,0,0,0,0,0,0,0,0,0,0,0,0,0	0,0,0,0,0,0,0,0,0,0,0,0,0,0,0,0,0,0,0,0,0,0,0,0,0,0,0,1,0,0,0,0,0,0,0,0,0,0,0,0	2	0	0	0	0	1	40896	40896	0,0,0,0,0,0,0,0,0,0,0,0,0,0,0,0,0,0,0,0,0,0,0,0,0,0,0,0,0,0,0,0,0,0,0,0,0,0,0,0	0,0,0,0,0,0,0,0,0,0,0,0,0,0,0,0,0,0,0,0,0,0,0,0,0,0,0,1,0,0,0,0,0,0,0,0,0,0,0,0
tb.dut.clusters[0].cluster.sockets[0].socket.cores[0].core.execute.fpu_unit.genblk1[0].fpu_fpnew.genblk3[1].fpnew_core.gen_operation_groups[3].i_opgroup_block.gen_merged_slice.i_multifmt_slice.gen_num_lanes[0].active_lane.lane_instance.i_fpnew_cast_multi.gen_sign_extend_int[1]	22	32	0	0	0	0	0	1	40896	40896	0,0,0,0,0,0,0,0,0,0,0,0,0,0,0,0,0,0,0,0,0,0,0,0,0,0,0,0,0,0,0,0,0,0,0,0,0,0,0,0	0,0,0,0,0,0,0,0,0,0,0,0,0,0,0,0,0,0,0,0,0,0,0,0,0,0,0,1,0,0,0,0,0,0,0,0,0,0,0,0	2	0	0	0	0	1	40896	40896	0,0,0,0,0,0,0,0,0,0,0,0,0,0,0,0,0,0,0,0,0,0,0,0,0,0,0,0,0,0,0,0,0,0,0,0,0,0,0,0	0,0,0,0,0,0,0,0,0,0,0,0,0,0,0,0,0,0,0,0,0,0,0,0,0,0,0,1,0,0,0,0,0,0,0,0,0,0,0,0
tb.dut.clusters[0].cluster.sockets[0].socket.cores[0].core.execute.fpu_unit.genblk1[0].fpu_fpnew.genblk3[1].fpnew_core.gen_operation_groups[3].i_opgroup_block.gen_merged_slice.i_multifmt_slice.gen_num_lanes[0].active_lane.lane_instance.i_fpnew_cast_multi.gen_sign_extend_int[2]	22	32	0	0	0	0	0	1	40896	40896	0,0,0,0,0,0,0,0,0,0,0,0,0,0,0,0,0,0,0,0,0,0,0,0,0,0,0,0,0,0,0,0,0,0,0,0,0,0,0,0	0,0,0,0,0,0,0,0,0,0,0,0,0,0,0,0,0,0,0,0,0,0,0,0,0,0,0,1,0,0,0,0,0,0,0,0,0,0,0,0	2	0	0	0	0	1	40896	40896	0,0,0,0,0,0,0,0,0,0,0,0,0,0,0,0,0,0,0,0,0,0,0,0,0,0,0,0,0,0,0,0,0,0,0,0,0,0,0,0	0,0,0,0,0,0,0,0,0,0,0,0,0,0,0,0,0,0,0,0,0,0,0,0,0,0,0,1,0,0,0,0,0,0,0,0,0,0,0,0
tb.dut.clusters[0].cluster.sockets[0].socket.cores[0].core.execute.fpu_unit.genblk1[0].fpu_fpnew.genblk3[1].fpnew_core.gen_operation_groups[3].i_opgroup_block.gen_merged_slice.i_multifmt_slice.gen_num_lanes[0].active_lane.lane_instance.i_fpnew_cast_multi.gen_sign_extend_int[3]	22	32	0	0	0	0	0	1	40896	40896	0,0,0,0,0,0,0,0,0,0,0,0,0,0,0,0,0,0,0,0,0,0,0,0,0,0,0,0,0,0,0,0,0,0,0,0,0,0,0,0	0,0,0,0,0,0,0,0,0,0,0,0,0,0,0,0,0,0,0,0,0,0,0,0,0,0,0,1,0,0,0,0,0,0,0,0,0,0,0,0	2	0	0	0	0	1	40896	40896	0,0,0,0,0,0,0,0,0,0,0,0,0,0,0,0,0,0,0,0,0,0,0,0,0,0,0,0,0,0,0,0,0,0,0,0,0,0,0,0	0,0,0,0,0,0,0,0,0,0,0,0,0,0,0,0,0,0,0,0,0,0,0,0,0,0,0,1,0,0,0,0,0,0,0,0,0,0,0,0
tb.dut.clusters[0].cluster.sockets[0].socket.cores[0].core.execute.fpu_unit.genblk1[0].fpu_fpnew.genblk3[1].fpnew_core.gen_operation_groups[3].i_opgroup_block.gen_merged_slice.i_multifmt_slice.gen_num_lanes[0].active_lane.lane_instance.i_fpnew_cast_multi.gen_sign_inject[0]	22	96	0	0	0	0	0	1	40896	40896	0,0,0,0,0,0,0,0,0,0,0,0,0,0,0,0,0,0,0,0,0,0,0,0,0,0,0,0,0,0,0,0,0,0,0,0,0,0,0,0	0,0,0,0,0,0,0,0,0,0,0,0,0,0,0,0,0,0,0,0,0,0,0,0,0,0,0,1,0,0,0,0,0,0,0,0,0,0,0,0	2	0	0	0	0	1	40896	40896	0,0,0,0,0,0,0,0,0,0,0,0,0,0,0,0,0,0,0,0,0,0,0,0,0,0,0,0,0,0,0,0,0,0,0,0,0,0,0,0	0,0,0,0,0,0,0,0,0,0,0,0,0,0,0,0,0,0,0,0,0,0,0,0,0,0,0,1,0,0,0,0,0,0,0,0,0,0,0,0
tb.dut.clusters[0].cluster.sockets[0].socket.cores[0].core.execute.fpu_unit.genblk1[0].fpu_fpnew.genblk3[1].fpnew_core.gen_operation_groups[3].i_opgroup_block.gen_merged_slice.i_multifmt_slice.gen_num_lanes[0].active_lane.lane_instance.i_fpnew_cast_multi.gen_sign_inject[1]	22	96	0	0	0	0	0	1	40896	40896	0,0,0,0,0,0,0,0,0,0,0,0,0,0,0,0,0,0,0,0,0,0,0,0,0,0,0,0,0,0,0,0,0,0,0,0,0,0,0,0	0,0,0,0,0,0,0,0,0,0,0,0,0,0,0,0,0,0,0,0,0,0,0,0,0,0,0,1,0,0,0,0,0,0,0,0,0,0,0,0	2	0	0	0	0	1	40896	40896	0,0,0,0,0,0,0,0,0,0,0,0,0,0,0,0,0,0,0,0,0,0,0,0,0,0,0,0,0,0,0,0,0,0,0,0,0,0,0,0	0,0,0,0,0,0,0,0,0,0,0,0,0,0,0,0,0,0,0,0,0,0,0,0,0,0,0,1,0,0,0,0,0,0,0,0,0,0,0,0
tb.dut.clusters[0].cluster.sockets[0].socket.cores[0].core.execute.fpu_unit.genblk1[0].fpu_fpnew.genblk3[1].fpnew_core.gen_operation_groups[3].i_opgroup_block.gen_merged_slice.i_multifmt_slice.gen_num_lanes[0].active_lane.lane_instance.i_fpnew_cast_multi.gen_sign_inject[2]	22	96	0	0	0	0	0	1	40896	40896	0,0,0,0,0,0,0,0,0,0,0,0,0,0,0,0,0,0,0,0,0,0,0,0,0,0,0,0,0,0,0,0,0,0,0,0,0,0,0,0	0,0,0,0,0,0,0,0,0,0,0,0,0,0,0,0,0,0,0,0,0,0,0,0,0,0,0,1,0,0,0,0,0,0,0,0,0,0,0,0	2	0	0	0	0	1	40896	40896	0,0,0,0,0,0,0,0,0,0,0,0,0,0,0,0,0,0,0,0,0,0,0,0,0,0,0,0,0,0,0,0,0,0,0,0,0,0,0,0	0,0,0,0,0,0,0,0,0,0,0,0,0,0,0,0,0,0,0,0,0,0,0,0,0,0,0,1,0,0,0,0,0,0,0,0,0,0,0,0
tb.dut.clusters[0].cluster.sockets[0].socket.cores[0].core.execute.fpu_unit.genblk1[0].fpu_fpnew.genblk3[1].fpnew_core.gen_operation_groups[3].i_opgroup_block.gen_merged_slice.i_multifmt_slice.gen_num_lanes[0].active_lane.lane_instance.i_fpnew_cast_multi.gen_sign_inject[3]	22	96	0	0	0	0	0	1	40896	40896	0,0,0,0,0,0,0,0,0,0,0,0,0,0,0,0,0,0,0,0,0,0,0,0,0,0,0,0,0,0,0,0,0,0,0,0,0,0,0,0	0,0,0,0,0,0,0,0,0,0,0,0,0,0,0,0,0,0,0,0,0,0,0,0,0,0,0,1,0,0,0,0,0,0,0,0,0,0,0,0	2	0	0	0	0	1	40896	40896	0,0,0,0,0,0,0,0,0,0,0,0,0,0,0,0,0,0,0,0,0,0,0,0,0,0,0,0,0,0,0,0,0,0,0,0,0,0,0,0	0,0,0,0,0,0,0,0,0,0,0,0,0,0,0,0,0,0,0,0,0,0,0,0,0,0,0,1,0,0,0,0,0,0,0,0,0,0,0,0
tb.dut.clusters[0].cluster.sockets[0].socket.cores[0].core.execute.fpu_unit.genblk1[0].fpu_fpnew.genblk3[1].fpnew_core.gen_operation_groups[3].i_opgroup_block.gen_merged_slice.i_multifmt_slice.gen_num_lanes[0].active_lane.lane_instance.i_fpnew_cast_multi.gen_sign_inject[4]	22	96	0	0	0	0	0	1	40896	40896	0,0,0,0,0,0,0,0,0,0,0,0,0,0,0,0,0,0,0,0,0,0,0,0,0,0,0,0,0,0,0,0,0,0,0,0,0,0,0,0	0,0,0,0,0,0,0,0,0,0,0,0,0,0,0,0,0,0,0,0,0,0,0,0,0,0,0,1,0,0,0,0,0,0,0,0,0,0,0,0	2	0	0	0	0	1	40896	40896	0,0,0,0,0,0,0,0,0,0,0,0,0,0,0,0,0,0,0,0,0,0,0,0,0,0,0,0,0,0,0,0,0,0,0,0,0,0,0,0	0,0,0,0,0,0,0,0,0,0,0,0,0,0,0,0,0,0,0,0,0,0,0,0,0,0,0,1,0,0,0,0,0,0,0,0,0,0,0,0
tb.dut.clusters[0].cluster.sockets[0].socket.cores[0].core.execute.fpu_unit.genblk1[0].fpu_fpnew.genblk3[1].fpnew_core.gen_operation_groups[3].i_opgroup_block.gen_merged_slice.i_multifmt_slice.gen_num_lanes[0].active_lane.lane_instance.i_fpnew_cast_multi.gen_special_results[0]	22	159	0	0	0	0	0	1	40896	40896	0,0,0,0,0,0,0,0,0,0,0,0,0,0,0,0,0,0,0,0,0,0,0,0,0,0,0,0,0,0,0,0,0,0,0,0,0,0,0,0	0,0,0,0,0,0,0,0,0,0,0,0,0,0,0,0,0,0,0,0,0,0,0,0,0,0,0,1,0,0,0,0,0,0,0,0,0,0,0,0	2	0	0	0	0	1	40896	40896	0,0,0,0,0,0,0,0,0,0,0,0,0,0,0,0,0,0,0,0,0,0,0,0,0,0,0,0,0,0,0,0,0,0,0,0,0,0,0,0	0,0,0,0,0,0,0,0,0,0,0,0,0,0,0,0,0,0,0,0,0,0,0,0,0,0,0,1,0,0,0,0,0,0,0,0,0,0,0,0
tb.dut.clusters[0].cluster.sockets[0].socket.cores[0].core.execute.fpu_unit.genblk1[0].fpu_fpnew.genblk3[1].fpnew_core.gen_operation_groups[3].i_opgroup_block.gen_merged_slice.i_multifmt_slice.gen_num_lanes[0].active_lane.lane_instance.i_fpnew_cast_multi.gen_special_results[0].active_format	23	32	0	0	0	0	0	1	40896	40896	0,0,0,0,0,0,0,0,0,0,0,0,0,0,0,0,0,0,0,0,0,0,0,0,0,0,0,0,0,0,0,0,0,0,0,0,0,0,0,0	0,0,0,0,0,0,0,0,0,0,0,0,0,0,0,0,0,0,0,0,0,0,0,0,0,0,0,1,0,0,0,0,0,0,0,0,0,0,0,0	2	0	0	0	0	1	40896	40896	0,0,0,0,0,0,0,0,0,0,0,0,0,0,0,0,0,0,0,0,0,0,0,0,0,0,0,0,0,0,0,0,0,0,0,0,0,0,0,0	0,0,0,0,0,0,0,0,0,0,0,0,0,0,0,0,0,0,0,0,0,0,0,0,0,0,0,1,0,0,0,0,0,0,0,0,0,0,0,0
tb.dut.clusters[0].cluster.sockets[0].socket.cores[0].core.execute.fpu_unit.genblk1[0].fpu_fpnew.genblk3[1].fpnew_core.gen_operation_groups[3].i_opgroup_block.gen_merged_slice.i_multifmt_slice.gen_num_lanes[0].active_lane.lane_instance.i_fpnew_cast_multi.gen_special_results[0].active_format.special_results	24	32	0	0	0	0	0	1	40896	40896	0,0,0,0,0,0,0,0,0,0,0,0,0,0,0,0,0,0,0,0,0,0,0,0,0,0,0,0,0,0,0,0,0,0,0,0,0,0,0,0	0,0,0,0,0,0,0,0,0,0,0,0,0,0,0,0,0,0,0,0,0,0,0,0,0,0,0,1,0,0,0,0,0,0,0,0,0,0,0,0	2	0	0	0	0	1	40896	40896	0,0,0,0,0,0,0,0,0,0,0,0,0,0,0,0,0,0,0,0,0,0,0,0,0,0,0,0,0,0,0,0,0,0,0,0,0,0,0,0	0,0,0,0,0,0,0,0,0,0,0,0,0,0,0,0,0,0,0,0,0,0,0,0,0,0,0,1,0,0,0,0,0,0,0,0,0,0,0,0
tb.dut.clusters[0].cluster.sockets[0].socket.cores[0].core.execute.fpu_unit.genblk1[0].fpu_fpnew.genblk3[1].fpnew_core.gen_operation_groups[3].i_opgroup_block.gen_merged_slice.i_multifmt_slice.gen_num_lanes[0].active_lane.lane_instance.i_fpnew_cast_multi.gen_special_results[1]	22	159	0	0	0	0	0	1	40896	40896	0,0,0,0,0,0,0,0,0,0,0,0,0,0,0,0,0,0,0,0,0,0,0,0,0,0,0,0,0,0,0,0,0,0,0,0,0,0,0,0	0,0,0,0,0,0,0,0,0,0,0,0,0,0,0,0,0,0,0,0,0,0,0,0,0,0,0,1,0,0,0,0,0,0,0,0,0,0,0,0	2	0	0	0	0	1	40896	40896	0,0,0,0,0,0,0,0,0,0,0,0,0,0,0,0,0,0,0,0,0,0,0,0,0,0,0,0,0,0,0,0,0,0,0,0,0,0,0,0	0,0,0,0,0,0,0,0,0,0,0,0,0,0,0,0,0,0,0,0,0,0,0,0,0,0,0,1,0,0,0,0,0,0,0,0,0,0,0,0
tb.dut.clusters[0].cluster.sockets[0].socket.cores[0].core.execute.fpu_unit.genblk1[0].fpu_fpnew.genblk3[1].fpnew_core.gen_operation_groups[3].i_opgroup_block.gen_merged_slice.i_multifmt_slice.gen_num_lanes[0].active_lane.lane_instance.i_fpnew_cast_multi.gen_special_results[2]	22	111	0	0	0	0	0	1	40896	40896	0,0,0,0,0,0,0,0,0,0,0,0,0,0,0,0,0,0,0,0,0,0,0,0,0,0,0,0,0,0,0,0,0,0,0,0,0,0,0,0	0,0,0,0,0,0,0,0,0,0,0,0,0,0,0,0,0,0,0,0,0,0,0,0,0,0,0,1,0,0,0,0,0,0,0,0,0,0,0,0	2	0	0	0	0	1	40896	40896	0,0,0,0,0,0,0,0,0,0,0,0,0,0,0,0,0,0,0,0,0,0,0,0,0,0,0,0,0,0,0,0,0,0,0,0,0,0,0,0	0,0,0,0,0,0,0,0,0,0,0,0,0,0,0,0,0,0,0,0,0,0,0,0,0,0,0,1,0,0,0,0,0,0,0,0,0,0,0,0
tb.dut.clusters[0].cluster.sockets[0].socket.cores[0].core.execute.fpu_unit.genblk1[0].fpu_fpnew.genblk3[1].fpnew_core.gen_operation_groups[3].i_opgroup_block.gen_merged_slice.i_multifmt_slice.gen_num_lanes[0].active_lane.lane_instance.i_fpnew_cast_multi.gen_special_results[3]	22	103	0	0	0	0	0	1	40896	40896	0,0,0,0,0,0,0,0,0,0,0,0,0,0,0,0,0,0,0,0,0,0,0,0,0,0,0,0,0,0,0,0,0,0,0,0,0,0,0,0	0,0,0,0,0,0,0,0,0,0,0,0,0,0,0,0,0,0,0,0,0,0,0,0,0,0,0,1,0,0,0,0,0,0,0,0,0,0,0,0	2	0	0	0	0	1	40896	40896	0,0,0,0,0,0,0,0,0,0,0,0,0,0,0,0,0,0,0,0,0,0,0,0,0,0,0,0,0,0,0,0,0,0,0,0,0,0,0,0	0,0,0,0,0,0,0,0,0,0,0,0,0,0,0,0,0,0,0,0,0,0,0,0,0,0,0,1,0,0,0,0,0,0,0,0,0,0,0,0
tb.dut.clusters[0].cluster.sockets[0].socket.cores[0].core.execute.fpu_unit.genblk1[0].fpu_fpnew.genblk3[1].fpnew_core.gen_operation_groups[3].i_opgroup_block.gen_merged_slice.i_multifmt_slice.gen_num_lanes[0].active_lane.lane_instance.i_fpnew_cast_multi.gen_special_results[4]	22	111	0	0	0	0	0	1	40896	40896	0,0,0,0,0,0,0,0,0,0,0,0,0,0,0,0,0,0,0,0,0,0,0,0,0,0,0,0,0,0,0,0,0,0,0,0,0,0,0,0	0,0,0,0,0,0,0,0,0,0,0,0,0,0,0,0,0,0,0,0,0,0,0,0,0,0,0,1,0,0,0,0,0,0,0,0,0,0,0,0	2	0	0	0	0	1	40896	40896	0,0,0,0,0,0,0,0,0,0,0,0,0,0,0,0,0,0,0,0,0,0,0,0,0,0,0,0,0,0,0,0,0,0,0,0,0,0,0,0	0,0,0,0,0,0,0,0,0,0,0,0,0,0,0,0,0,0,0,0,0,0,0,0,0,0,0,1,0,0,0,0,0,0,0,0,0,0,0,0
tb.dut.clusters[0].cluster.sockets[0].socket.cores[0].core.execute.fpu_unit.genblk1[0].fpu_fpnew.genblk3[1].fpnew_core.gen_operation_groups[3].i_opgroup_block.gen_merged_slice.i_multifmt_slice.gen_num_lanes[0].active_lane.lane_instance.i_fpnew_cast_multi.gen_special_results_int[0]	22	32	0	0	0	0	0	1	40896	40896	0,0,0,0,0,0,0,0,0,0,0,0,0,0,0,0,0,0,0,0,0,0,0,0,0,0,0,0,0,0,0,0,0,0,0,0,0,0,0,0	0,0,0,0,0,0,0,0,0,0,0,0,0,0,0,0,0,0,0,0,0,0,0,0,0,0,0,1,0,0,0,0,0,0,0,0,0,0,0,0	2	0	0	0	0	1	40896	40896	0,0,0,0,0,0,0,0,0,0,0,0,0,0,0,0,0,0,0,0,0,0,0,0,0,0,0,0,0,0,0,0,0,0,0,0,0,0,0,0	0,0,0,0,0,0,0,0,0,0,0,0,0,0,0,0,0,0,0,0,0,0,0,0,0,0,0,1,0,0,0,0,0,0,0,0,0,0,0,0
tb.dut.clusters[0].cluster.sockets[0].socket.cores[0].core.execute.fpu_unit.genblk1[0].fpu_fpnew.genblk3[1].fpnew_core.gen_operation_groups[3].i_opgroup_block.gen_merged_slice.i_multifmt_slice.gen_num_lanes[0].active_lane.lane_instance.i_fpnew_cast_multi.gen_special_results_int[1]	22	32	0	0	0	0	0	1	40896	40896	0,0,0,0,0,0,0,0,0,0,0,0,0,0,0,0,0,0,0,0,0,0,0,0,0,0,0,0,0,0,0,0,0,0,0,0,0,0,0,0	0,0,0,0,0,0,0,0,0,0,0,0,0,0,0,0,0,0,0,0,0,0,0,0,0,0,0,1,0,0,0,0,0,0,0,0,0,0,0,0	2	0	0	0	0	1	40896	40896	0,0,0,0,0,0,0,0,0,0,0,0,0,0,0,0,0,0,0,0,0,0,0,0,0,0,0,0,0,0,0,0,0,0,0,0,0,0,0,0	0,0,0,0,0,0,0,0,0,0,0,0,0,0,0,0,0,0,0,0,0,0,0,0,0,0,0,1,0,0,0,0,0,0,0,0,0,0,0,0
tb.dut.clusters[0].cluster.sockets[0].socket.cores[0].core.execute.fpu_unit.genblk1[0].fpu_fpnew.genblk3[1].fpnew_core.gen_operation_groups[3].i_opgroup_block.gen_merged_slice.i_multifmt_slice.gen_num_lanes[0].active_lane.lane_instance.i_fpnew_cast_multi.gen_special_results_int[2]	22	32	0	0	0	0	0	1	40896	40896	0,0,0,0,0,0,0,0,0,0,0,0,0,0,0,0,0,0,0,0,0,0,0,0,0,0,0,0,0,0,0,0,0,0,0,0,0,0,0,0	0,0,0,0,0,0,0,0,0,0,0,0,0,0,0,0,0,0,0,0,0,0,0,0,0,0,0,1,0,0,0,0,0,0,0,0,0,0,0,0	2	0	0	0	0	1	40896	40896	0,0,0,0,0,0,0,0,0,0,0,0,0,0,0,0,0,0,0,0,0,0,0,0,0,0,0,0,0,0,0,0,0,0,0,0,0,0,0,0	0,0,0,0,0,0,0,0,0,0,0,0,0,0,0,0,0,0,0,0,0,0,0,0,0,0,0,1,0,0,0,0,0,0,0,0,0,0,0,0
tb.dut.clusters[0].cluster.sockets[0].socket.cores[0].core.execute.fpu_unit.genblk1[0].fpu_fpnew.genblk3[1].fpnew_core.gen_operation_groups[3].i_opgroup_block.gen_merged_slice.i_multifmt_slice.gen_num_lanes[0].active_lane.lane_instance.i_fpnew_cast_multi.gen_special_results_int[3]	22	32	0	0	0	0	0	1	40896	40896	0,0,0,0,0,0,0,0,0,0,0,0,0,0,0,0,0,0,0,0,0,0,0,0,0,0,0,0,0,0,0,0,0,0,0,0,0,0,0,0	0,0,0,0,0,0,0,0,0,0,0,0,0,0,0,0,0,0,0,0,0,0,0,0,0,0,0,1,0,0,0,0,0,0,0,0,0,0,0,0	2	0	0	0	0	1	40896	40896	0,0,0,0,0,0,0,0,0,0,0,0,0,0,0,0,0,0,0,0,0,0,0,0,0,0,0,0,0,0,0,0,0,0,0,0,0,0,0,0	0,0,0,0,0,0,0,0,0,0,0,0,0,0,0,0,0,0,0,0,0,0,0,0,0,0,0,1,0,0,0,0,0,0,0,0,0,0,0,0
tb.dut.clusters[0].cluster.sockets[0].socket.cores[0].core.execute.fpu_unit.genblk1[0].fpu_fpnew.genblk3[1].fpnew_core.gen_operation_groups[3].i_opgroup_block.gen_merged_slice.i_multifmt_slice.gen_num_lanes[0].active_lane.lane_instance.i_fpnew_cast_multi.i_fpnew_rounding	22	106	0	0	0	0	0	1	40896	40896	0,0,0,0,0,0,0,0,0,0,0,0,0,0,0,0,0,0,0,0,0,0,0,0,0,0,0,0,0,0,0,0,0,0,0,0,0,0,0,0	0,0,0,0,0,0,0,0,0,0,0,0,0,0,0,0,0,0,0,0,0,0,0,0,0,0,0,1,0,0,0,0,0,0,0,0,0,0,0,0	2	0	0	0	0	1	40896	40896	0,0,0,0,0,0,0,0,0,0,0,0,0,0,0,0,0,0,0,0,0,0,0,0,0,0,0,0,0,0,0,0,0,0,0,0,0,0,0,0	0,0,0,0,0,0,0,0,0,0,0,0,0,0,0,0,0,0,0,0,0,0,0,0,0,0,0,1,0,0,0,0,0,0,0,0,0,0,0,0
tb.dut.clusters[0].cluster.sockets[0].socket.cores[0].core.execute.fpu_unit.genblk1[0].fpu_fpnew.genblk3[1].fpnew_core.gen_operation_groups[3].i_opgroup_block.gen_merged_slice.i_multifmt_slice.gen_num_lanes[0].active_lane.lane_instance.i_fpnew_cast_multi.i_lzc	22	519	0	0	0	0	0	1	40896	40896	0,0,0,0,0,0,0,0,0,0,0,0,0,0,0,0,0,0,0,0,0,0,0,0,0,0,0,0,0,0,0,0,0,0,0,0,0,0,0,0	0,0,0,0,0,0,0,0,0,0,0,0,0,0,0,0,0,0,0,0,0,0,0,0,0,0,0,1,0,0,0,0,0,0,0,0,0,0,0,0	3	0	0	0	0	1	40896	40896	0,0,0,0,0,0,0,0,0,0,0,0,0,0,0,0,0,0,0,0,0,0,0,0,0,0,0,0,0,0,0,0,0,0,0,0,0,0,0,0	0,0,0,0,0,0,0,0,0,0,0,0,0,0,0,0,0,0,0,0,0,0,0,0,0,0,0,1,0,0,0,0,0,0,0,0,0,0,0,0
tb.dut.clusters[0].cluster.sockets[0].socket.cores[0].core.execute.fpu_unit.genblk1[0].fpu_fpnew.genblk3[1].fpnew_core.gen_operation_groups[3].i_opgroup_block.gen_merged_slice.i_multifmt_slice.gen_num_lanes[0].active_lane.lane_instance.i_fpnew_cast_multi.i_lzc.gen_lzc	23	416	0	0	0	0	0	1	40896	40896	0,0,0,0,0,0,0,0,0,0,0,0,0,0,0,0,0,0,0,0,0,0,0,0,0,0,0,0,0,0,0,0,0,0,0,0,0,0,0,0	0,0,0,0,0,0,0,0,0,0,0,0,0,0,0,0,0,0,0,0,0,0,0,0,0,0,0,1,0,0,0,0,0,0,0,0,0,0,0,0	3	0	0	0	0	1	40896	40896	0,0,0,0,0,0,0,0,0,0,0,0,0,0,0,0,0,0,0,0,0,0,0,0,0,0,0,0,0,0,0,0,0,0,0,0,0,0,0,0	0,0,0,0,0,0,0,0,0,0,0,0,0,0,0,0,0,0,0,0,0,0,0,0,0,0,0,1,0,0,0,0,0,0,0,0,0,0,0,0
tb.dut.clusters[0].cluster.sockets[0].socket.cores[0].core.execute.fpu_unit.genblk1[0].fpu_fpnew.genblk3[1].fpnew_core.gen_operation_groups[3].i_opgroup_block.gen_merged_slice.i_multifmt_slice.gen_num_lanes[0].int_results_enabled	19	128	0	0	0	0	0	1	40896	40896	0,0,0,0,0,0,0,0,0,0,0,0,0,0,0,0,0,0,0,0,0,0,0,0,0,0,0,0,0,0,0,0,0,0,0,0,0,0,0,0	0,0,0,0,0,0,0,0,0,0,0,0,0,0,0,0,0,0,0,0,0,0,0,0,0,0,0,1,0,0,0,0,0,0,0,0,0,0,0,0	2	0	0	0	0	1	40896	40896	0,0,0,0,0,0,0,0,0,0,0,0,0,0,0,0,0,0,0,0,0,0,0,0,0,0,0,0,0,0,0,0,0,0,0,0,0,0,0,0	0,0,0,0,0,0,0,0,0,0,0,0,0,0,0,0,0,0,0,0,0,0,0,0,0,0,0,1,0,0,0,0,0,0,0,0,0,0,0,0
tb.dut.clusters[0].cluster.sockets[0].socket.cores[0].core.execute.fpu_unit.genblk1[0].fpu_fpnew.genblk3[1].fpnew_core.gen_operation_groups[3].i_opgroup_block.gen_merged_slice.i_multifmt_slice.gen_num_lanes[0].int_results_enabled.pack_int_result[0]	20	32	0	0	0	0	0	1	40896	40896	0,0,0,0,0,0,0,0,0,0,0,0,0,0,0,0,0,0,0,0,0,0,0,0,0,0,0,0,0,0,0,0,0,0,0,0,0,0,0,0	0,0,0,0,0,0,0,0,0,0,0,0,0,0,0,0,0,0,0,0,0,0,0,0,0,0,0,1,0,0,0,0,0,0,0,0,0,0,0,0	2	0	0	0	0	1	40896	40896	0,0,0,0,0,0,0,0,0,0,0,0,0,0,0,0,0,0,0,0,0,0,0,0,0,0,0,0,0,0,0,0,0,0,0,0,0,0,0,0	0,0,0,0,0,0,0,0,0,0,0,0,0,0,0,0,0,0,0,0,0,0,0,0,0,0,0,1,0,0,0,0,0,0,0,0,0,0,0,0
tb.dut.clusters[0].cluster.sockets[0].socket.cores[0].core.execute.fpu_unit.genblk1[0].fpu_fpnew.genblk3[1].fpnew_core.gen_operation_groups[3].i_opgroup_block.gen_merged_slice.i_multifmt_slice.gen_num_lanes[0].int_results_enabled.pack_int_result[1]	20	32	0	0	0	0	0	1	40896	40896	0,0,0,0,0,0,0,0,0,0,0,0,0,0,0,0,0,0,0,0,0,0,0,0,0,0,0,0,0,0,0,0,0,0,0,0,0,0,0,0	0,0,0,0,0,0,0,0,0,0,0,0,0,0,0,0,0,0,0,0,0,0,0,0,0,0,0,1,0,0,0,0,0,0,0,0,0,0,0,0	2	0	0	0	0	1	40896	40896	0,0,0,0,0,0,0,0,0,0,0,0,0,0,0,0,0,0,0,0,0,0,0,0,0,0,0,0,0,0,0,0,0,0,0,0,0,0,0,0	0,0,0,0,0,0,0,0,0,0,0,0,0,0,0,0,0,0,0,0,0,0,0,0,0,0,0,1,0,0,0,0,0,0,0,0,0,0,0,0
tb.dut.clusters[0].cluster.sockets[0].socket.cores[0].core.execute.fpu_unit.genblk1[0].fpu_fpnew.genblk3[1].fpnew_core.gen_operation_groups[3].i_opgroup_block.gen_merged_slice.i_multifmt_slice.gen_num_lanes[0].int_results_enabled.pack_int_result[2]	20	32	0	0	0	0	0	1	40896	40896	0,0,0,0,0,0,0,0,0,0,0,0,0,0,0,0,0,0,0,0,0,0,0,0,0,0,0,0,0,0,0,0,0,0,0,0,0,0,0,0	0,0,0,0,0,0,0,0,0,0,0,0,0,0,0,0,0,0,0,0,0,0,0,0,0,0,0,1,0,0,0,0,0,0,0,0,0,0,0,0	2	0	0	0	0	1	40896	40896	0,0,0,0,0,0,0,0,0,0,0,0,0,0,0,0,0,0,0,0,0,0,0,0,0,0,0,0,0,0,0,0,0,0,0,0,0,0,0,0	0,0,0,0,0,0,0,0,0,0,0,0,0,0,0,0,0,0,0,0,0,0,0,0,0,0,0,1,0,0,0,0,0,0,0,0,0,0,0,0
tb.dut.clusters[0].cluster.sockets[0].socket.cores[0].core.execute.fpu_unit.genblk1[0].fpu_fpnew.genblk3[1].fpnew_core.gen_operation_groups[3].i_opgroup_block.gen_merged_slice.i_multifmt_slice.gen_num_lanes[0].int_results_enabled.pack_int_result[3]	20	32	0	0	0	0	0	1	40896	40896	0,0,0,0,0,0,0,0,0,0,0,0,0,0,0,0,0,0,0,0,0,0,0,0,0,0,0,0,0,0,0,0,0,0,0,0,0,0,0,0	0,0,0,0,0,0,0,0,0,0,0,0,0,0,0,0,0,0,0,0,0,0,0,0,0,0,0,1,0,0,0,0,0,0,0,0,0,0,0,0	2	0	0	0	0	1	40896	40896	0,0,0,0,0,0,0,0,0,0,0,0,0,0,0,0,0,0,0,0,0,0,0,0,0,0,0,0,0,0,0,0,0,0,0,0,0,0,0,0	0,0,0,0,0,0,0,0,0,0,0,0,0,0,0,0,0,0,0,0,0,0,0,0,0,0,0,1,0,0,0,0,0,0,0,0,0,0,0,0
tb.dut.clusters[0].cluster.sockets[0].socket.cores[0].core.execute.fpu_unit.genblk1[0].fpu_fpnew.genblk3[1].fpnew_core.gen_operation_groups[3].i_opgroup_block.gen_merged_slice.i_multifmt_slice.gen_num_lanes[0].pack_fp_result[0]	19	32	0	0	0	0	0	1	40896	40896	0,0,0,0,0,0,0,0,0,0,0,0,0,0,0,0,0,0,0,0,0,0,0,0,0,0,0,0,0,0,0,0,0,0,0,0,0,0,0,0	0,0,0,0,0,0,0,0,0,0,0,0,0,0,0,0,0,0,0,0,0,0,0,0,0,0,0,1,0,0,0,0,0,0,0,0,0,0,0,0	2	0	0	0	0	1	40896	40896	0,0,0,0,0,0,0,0,0,0,0,0,0,0,0,0,0,0,0,0,0,0,0,0,0,0,0,0,0,0,0,0,0,0,0,0,0,0,0,0	0,0,0,0,0,0,0,0,0,0,0,0,0,0,0,0,0,0,0,0,0,0,0,0,0,0,0,1,0,0,0,0,0,0,0,0,0,0,0,0
tb.dut.clusters[0].cluster.sockets[0].socket.cores[0].core.execute.fpu_unit.genblk1[0].fpu_fpnew.genblk3[1].fpnew_core.gen_operation_groups[3].i_opgroup_block.gen_merged_slice.i_multifmt_slice.gen_num_lanes[0].pack_fp_result[1]	19	32	0	0	0	0	0	1	40896	40896	0,0,0,0,0,0,0,0,0,0,0,0,0,0,0,0,0,0,0,0,0,0,0,0,0,0,0,0,0,0,0,0,0,0,0,0,0,0,0,0	0,0,0,0,0,0,0,0,0,0,0,0,0,0,0,0,0,0,0,0,0,0,0,0,0,0,0,1,0,0,0,0,0,0,0,0,0,0,0,0	2	0	0	0	0	1	40896	40896	0,0,0,0,0,0,0,0,0,0,0,0,0,0,0,0,0,0,0,0,0,0,0,0,0,0,0,0,0,0,0,0,0,0,0,0,0,0,0,0	0,0,0,0,0,0,0,0,0,0,0,0,0,0,0,0,0,0,0,0,0,0,0,0,0,0,0,1,0,0,0,0,0,0,0,0,0,0,0,0
tb.dut.clusters[0].cluster.sockets[0].socket.cores[0].core.execute.fpu_unit.genblk1[0].fpu_fpnew.genblk3[1].fpnew_core.gen_operation_groups[3].i_opgroup_block.gen_merged_slice.i_multifmt_slice.gen_num_lanes[0].pack_fp_result[2]	19	32	0	0	0	0	0	1	40896	40896	0,0,0,0,0,0,0,0,0,0,0,0,0,0,0,0,0,0,0,0,0,0,0,0,0,0,0,0,0,0,0,0,0,0,0,0,0,0,0,0	0,0,0,0,0,0,0,0,0,0,0,0,0,0,0,0,0,0,0,0,0,0,0,0,0,0,0,1,0,0,0,0,0,0,0,0,0,0,0,0	2	0	0	0	0	1	40896	40896	0,0,0,0,0,0,0,0,0,0,0,0,0,0,0,0,0,0,0,0,0,0,0,0,0,0,0,0,0,0,0,0,0,0,0,0,0,0,0,0	0,0,0,0,0,0,0,0,0,0,0,0,0,0,0,0,0,0,0,0,0,0,0,0,0,0,0,1,0,0,0,0,0,0,0,0,0,0,0,0
tb.dut.clusters[0].cluster.sockets[0].socket.cores[0].core.execute.fpu_unit.genblk1[0].fpu_fpnew.genblk3[1].fpnew_core.gen_operation_groups[3].i_opgroup_block.gen_merged_slice.i_multifmt_slice.gen_num_lanes[0].pack_fp_result[3]	19	32	0	0	0	0	0	1	40896	40896	0,0,0,0,0,0,0,0,0,0,0,0,0,0,0,0,0,0,0,0,0,0,0,0,0,0,0,0,0,0,0,0,0,0,0,0,0,0,0,0	0,0,0,0,0,0,0,0,0,0,0,0,0,0,0,0,0,0,0,0,0,0,0,0,0,0,0,1,0,0,0,0,0,0,0,0,0,0,0,0	2	0	0	0	0	1	40896	40896	0,0,0,0,0,0,0,0,0,0,0,0,0,0,0,0,0,0,0,0,0,0,0,0,0,0,0,0,0,0,0,0,0,0,0,0,0,0,0,0	0,0,0,0,0,0,0,0,0,0,0,0,0,0,0,0,0,0,0,0,0,0,0,0,0,0,0,1,0,0,0,0,0,0,0,0,0,0,0,0
tb.dut.clusters[0].cluster.sockets[0].socket.cores[0].core.execute.fpu_unit.genblk1[0].fpu_fpnew.genblk3[1].fpnew_core.gen_operation_groups[3].i_opgroup_block.gen_merged_slice.i_multifmt_slice.gen_num_lanes[0].pack_fp_result[4]	19	32	0	0	0	0	0	1	40896	40896	0,0,0,0,0,0,0,0,0,0,0,0,0,0,0,0,0,0,0,0,0,0,0,0,0,0,0,0,0,0,0,0,0,0,0,0,0,0,0,0	0,0,0,0,0,0,0,0,0,0,0,0,0,0,0,0,0,0,0,0,0,0,0,0,0,0,0,1,0,0,0,0,0,0,0,0,0,0,0,0	2	0	0	0	0	1	40896	40896	0,0,0,0,0,0,0,0,0,0,0,0,0,0,0,0,0,0,0,0,0,0,0,0,0,0,0,0,0,0,0,0,0,0,0,0,0,0,0,0	0,0,0,0,0,0,0,0,0,0,0,0,0,0,0,0,0,0,0,0,0,0,0,0,0,0,0,1,0,0,0,0,0,0,0,0,0,0,0,0
tb.dut.clusters[0].cluster.sockets[0].socket.cores[0].core.execute.fpu_unit.genblk1[0].fpu_fpnew.genblk3[1].fpnew_core.gen_operation_groups[3].i_opgroup_block.gen_merged_slice.i_multifmt_slice.target_regs	18	227	0	0	0	0	0	1	40896	40896	0,0,0,0,0,0,0,0,0,0,0,0,0,0,0,0,0,0,0,0,0,0,0,0,0,0,0,0,0,0,0,0,0,0,0,0,0,0,0,0	0,0,0,0,0,0,0,0,0,0,0,0,0,0,0,0,0,0,0,0,0,0,0,0,0,0,0,1,0,0,0,0,0,0,0,0,0,0,0,0	2	0	0	0	0	1	40896	40896	0,0,0,0,0,0,0,0,0,0,0,0,0,0,0,0,0,0,0,0,0,0,0,0,0,0,0,0,0,0,0,0,0,0,0,0,0,0,0,0	0,0,0,0,0,0,0,0,0,0,0,0,0,0,0,0,0,0,0,0,0,0,0,0,0,0,0,1,0,0,0,0,0,0,0,0,0,0,0,0
tb.dut.clusters[0].cluster.sockets[0].socket.cores[0].core.execute.fpu_unit.genblk1[0].fpu_fpnew.genblk3[1].fpnew_core.gen_operation_groups[3].i_opgroup_block.gen_merged_slice.i_multifmt_slice.target_regs.gen_bypass_pipeline[0]	19	1	0	0	0	0	0	1	40896	40896	0,0,0,0,0,0,0,0,0,0,0,0,0,0,0,0,0,0,0,0,0,0,0,0,0,0,0,0,0,0,0,0,0,0,0,0,0,0,0,0	0,0,0,0,0,0,0,0,0,0,0,0,0,0,0,0,0,0,0,0,0,0,0,0,0,0,0,1,0,0,0,0,0,0,0,0,0,0,0,0	2	0	0	0	0	1	40896	40896	0,0,0,0,0,0,0,0,0,0,0,0,0,0,0,0,0,0,0,0,0,0,0,0,0,0,0,0,0,0,0,0,0,0,0,0,0,0,0,0	0,0,0,0,0,0,0,0,0,0,0,0,0,0,0,0,0,0,0,0,0,0,0,0,0,0,0,1,0,0,0,0,0,0,0,0,0,0,0,0
tb.dut.clusters[0].cluster.sockets[0].socket.cores[0].core.execute.fpu_unit.genblk1[0].fpu_fpnew.genblk3[1].fpnew_core.gen_operation_groups[3].i_opgroup_block.gen_merged_slice.i_multifmt_slice.target_regs.gen_bypass_pipeline[1]	19	1	0	0	0	0	0	1	40896	40896	0,0,0,0,0,0,0,0,0,0,0,0,0,0,0,0,0,0,0,0,0,0,0,0,0,0,0,0,0,0,0,0,0,0,0,0,0,0,0,0	0,0,0,0,0,0,0,0,0,0,0,0,0,0,0,0,0,0,0,0,0,0,0,0,0,0,0,1,0,0,0,0,0,0,0,0,0,0,0,0	2	0	0	0	0	1	40896	40896	0,0,0,0,0,0,0,0,0,0,0,0,0,0,0,0,0,0,0,0,0,0,0,0,0,0,0,0,0,0,0,0,0,0,0,0,0,0,0,0	0,0,0,0,0,0,0,0,0,0,0,0,0,0,0,0,0,0,0,0,0,0,0,0,0,0,0,1,0,0,0,0,0,0,0,0,0,0,0,0
tb.dut.clusters[0].cluster.sockets[0].socket.cores[0].core.execute.fpu_unit.genblk1[0].fpu_fpnew.genblk3[1].fpnew_core.gen_operation_groups[3].i_opgroup_block.gen_merged_slice.i_multifmt_slice.target_regs.gen_bypass_pipeline[2]	19	1	0	0	0	0	0	1	40896	40896	0,0,0,0,0,0,0,0,0,0,0,0,0,0,0,0,0,0,0,0,0,0,0,0,0,0,0,0,0,0,0,0,0,0,0,0,0,0,0,0	0,0,0,0,0,0,0,0,0,0,0,0,0,0,0,0,0,0,0,0,0,0,0,0,0,0,0,1,0,0,0,0,0,0,0,0,0,0,0,0	2	0	0	0	0	1	40896	40896	0,0,0,0,0,0,0,0,0,0,0,0,0,0,0,0,0,0,0,0,0,0,0,0,0,0,0,0,0,0,0,0,0,0,0,0,0,0,0,0	0,0,0,0,0,0,0,0,0,0,0,0,0,0,0,0,0,0,0,0,0,0,0,0,0,0,0,1,0,0,0,0,0,0,0,0,0,0,0,0
tb.dut.clusters[0].cluster.sockets[0].socket.cores[0].core.execute.fpu_unit.genblk1[0].fpu_fpnew.genblk3[1].fpnew_core.gen_operation_groups[3].i_opgroup_block.gen_merged_slice.i_multifmt_slice.target_regs.gen_bypass_pipeline[3]	19	1	0	0	0	0	0	1	40896	40896	0,0,0,0,0,0,0,0,0,0,0,0,0,0,0,0,0,0,0,0,0,0,0,0,0,0,0,0,0,0,0,0,0,0,0,0,0,0,0,0	0,0,0,0,0,0,0,0,0,0,0,0,0,0,0,0,0,0,0,0,0,0,0,0,0,0,0,1,0,0,0,0,0,0,0,0,0,0,0,0	2	0	0	0	0	1	40896	40896	0,0,0,0,0,0,0,0,0,0,0,0,0,0,0,0,0,0,0,0,0,0,0,0,0,0,0,0,0,0,0,0,0,0,0,0,0,0,0,0	0,0,0,0,0,0,0,0,0,0,0,0,0,0,0,0,0,0,0,0,0,0,0,0,0,0,0,1,0,0,0,0,0,0,0,0,0,0,0,0
tb.dut.clusters[0].cluster.sockets[0].socket.cores[0].core.execute.fpu_unit.genblk1[0].fpu_fpnew.genblk3[1].fpnew_core.gen_operation_groups[3].i_opgroup_block.gen_merged_slice.i_multifmt_slice.target_regs.gen_bypass_pipeline[4]	19	1	0	0	0	0	0	1	40896	40896	0,0,0,0,0,0,0,0,0,0,0,0,0,0,0,0,0,0,0,0,0,0,0,0,0,0,0,0,0,0,0,0,0,0,0,0,0,0,0,0	0,0,0,0,0,0,0,0,0,0,0,0,0,0,0,0,0,0,0,0,0,0,0,0,0,0,0,1,0,0,0,0,0,0,0,0,0,0,0,0	2	0	0	0	0	1	40896	40896	0,0,0,0,0,0,0,0,0,0,0,0,0,0,0,0,0,0,0,0,0,0,0,0,0,0,0,0,0,0,0,0,0,0,0,0,0,0,0,0	0,0,0,0,0,0,0,0,0,0,0,0,0,0,0,0,0,0,0,0,0,0,0,0,0,0,0,1,0,0,0,0,0,0,0,0,0,0,0,0
tb.dut.clusters[0].cluster.sockets[0].socket.cores[0].core.execute.fpu_unit.genblk1[0].fpu_fpnew.genblk3[1].fpnew_core.gen_operation_groups[3].i_opgroup_block.gen_parallel_slices[0]	16	2	0	0	0	0	0	1	40896	40896	0,0,0,0,0,0,0,0,0,0,0,0,0,0,0,0,0,0,0,0,0,0,0,0,0,0,0,0,0,0,0,0,0,0,0,0,0,0,0,0	0,0,0,0,0,0,0,0,0,0,0,0,0,0,0,0,0,0,0,0,0,0,0,0,0,0,0,1,0,0,0,0,0,0,0,0,0,0,0,0	2	0	0	0	0	1	40896	40896	0,0,0,0,0,0,0,0,0,0,0,0,0,0,0,0,0,0,0,0,0,0,0,0,0,0,0,0,0,0,0,0,0,0,0,0,0,0,0,0	0,0,0,0,0,0,0,0,0,0,0,0,0,0,0,0,0,0,0,0,0,0,0,0,0,0,0,1,0,0,0,0,0,0,0,0,0,0,0,0
tb.dut.clusters[0].cluster.sockets[0].socket.cores[0].core.execute.fpu_unit.genblk1[0].fpu_fpnew.genblk3[1].fpnew_core.gen_operation_groups[3].i_opgroup_block.gen_parallel_slices[1]	16	2	0	0	0	0	0	1	40896	40896	0,0,0,0,0,0,0,0,0,0,0,0,0,0,0,0,0,0,0,0,0,0,0,0,0,0,0,0,0,0,0,0,0,0,0,0,0,0,0,0	0,0,0,0,0,0,0,0,0,0,0,0,0,0,0,0,0,0,0,0,0,0,0,0,0,0,0,1,0,0,0,0,0,0,0,0,0,0,0,0	2	0	0	0	0	1	40896	40896	0,0,0,0,0,0,0,0,0,0,0,0,0,0,0,0,0,0,0,0,0,0,0,0,0,0,0,0,0,0,0,0,0,0,0,0,0,0,0,0	0,0,0,0,0,0,0,0,0,0,0,0,0,0,0,0,0,0,0,0,0,0,0,0,0,0,0,1,0,0,0,0,0,0,0,0,0,0,0,0
tb.dut.clusters[0].cluster.sockets[0].socket.cores[0].core.execute.fpu_unit.genblk1[0].fpu_fpnew.genblk3[1].fpnew_core.gen_operation_groups[3].i_opgroup_block.gen_parallel_slices[2]	16	2	0	0	0	0	0	1	40896	40896	0,0,0,0,0,0,0,0,0,0,0,0,0,0,0,0,0,0,0,0,0,0,0,0,0,0,0,0,0,0,0,0,0,0,0,0,0,0,0,0	0,0,0,0,0,0,0,0,0,0,0,0,0,0,0,0,0,0,0,0,0,0,0,0,0,0,0,1,0,0,0,0,0,0,0,0,0,0,0,0	2	0	0	0	0	1	40896	40896	0,0,0,0,0,0,0,0,0,0,0,0,0,0,0,0,0,0,0,0,0,0,0,0,0,0,0,0,0,0,0,0,0,0,0,0,0,0,0,0	0,0,0,0,0,0,0,0,0,0,0,0,0,0,0,0,0,0,0,0,0,0,0,0,0,0,0,1,0,0,0,0,0,0,0,0,0,0,0,0
tb.dut.clusters[0].cluster.sockets[0].socket.cores[0].core.execute.fpu_unit.genblk1[0].fpu_fpnew.genblk3[1].fpnew_core.gen_operation_groups[3].i_opgroup_block.gen_parallel_slices[3]	16	2	0	0	0	0	0	1	40896	40896	0,0,0,0,0,0,0,0,0,0,0,0,0,0,0,0,0,0,0,0,0,0,0,0,0,0,0,0,0,0,0,0,0,0,0,0,0,0,0,0	0,0,0,0,0,0,0,0,0,0,0,0,0,0,0,0,0,0,0,0,0,0,0,0,0,0,0,1,0,0,0,0,0,0,0,0,0,0,0,0	2	0	0	0	0	1	40896	40896	0,0,0,0,0,0,0,0,0,0,0,0,0,0,0,0,0,0,0,0,0,0,0,0,0,0,0,0,0,0,0,0,0,0,0,0,0,0,0,0	0,0,0,0,0,0,0,0,0,0,0,0,0,0,0,0,0,0,0,0,0,0,0,0,0,0,0,1,0,0,0,0,0,0,0,0,0,0,0,0
tb.dut.clusters[0].cluster.sockets[0].socket.cores[0].core.execute.fpu_unit.genblk1[0].fpu_fpnew.genblk3[1].fpnew_core.gen_operation_groups[3].i_opgroup_block.gen_parallel_slices[4]	16	2	0	0	0	0	0	1	40896	40896	0,0,0,0,0,0,0,0,0,0,0,0,0,0,0,0,0,0,0,0,0,0,0,0,0,0,0,0,0,0,0,0,0,0,0,0,0,0,0,0	0,0,0,0,0,0,0,0,0,0,0,0,0,0,0,0,0,0,0,0,0,0,0,0,0,0,0,1,0,0,0,0,0,0,0,0,0,0,0,0	2	0	0	0	0	1	40896	40896	0,0,0,0,0,0,0,0,0,0,0,0,0,0,0,0,0,0,0,0,0,0,0,0,0,0,0,0,0,0,0,0,0,0,0,0,0,0,0,0	0,0,0,0,0,0,0,0,0,0,0,0,0,0,0,0,0,0,0,0,0,0,0,0,0,0,0,1,0,0,0,0,0,0,0,0,0,0,0,0
tb.dut.clusters[0].cluster.sockets[0].socket.cores[0].core.execute.fpu_unit.genblk1[0].fpu_fpnew.genblk3[1].fpnew_core.gen_operation_groups[3].i_opgroup_block.i_arbiter	16	1510	4	2	2	2	1	3	40894	40872	2,0,0,0,0,0,0,0,0,0,0,0,0,0,0,0,0,0,0,0,0,0,0,0,0,0,0,0,0,0,0,0,0,0,0,0,0,0,0,0	0,0,1,0,0,0,0,0,0,0,0,0,0,0,0,0,1,0,0,0,0,0,0,0,0,0,0,1,0,0,0,0,0,0,0,0,0,0,0,0	8	0	0	0	0	1	40896	40896	0,0,0,0,0,0,0,0,0,0,0,0,0,0,0,0,0,0,0,0,0,0,0,0,0,0,0,0,0,0,0,0,0,0,0,0,0,0,0,0	0,0,0,0,0,0,0,0,0,0,0,0,0,0,0,0,0,0,0,0,0,0,0,0,0,0,0,1,0,0,0,0,0,0,0,0,0,0,0,0
tb.dut.clusters[0].cluster.sockets[0].socket.cores[0].core.execute.fpu_unit.genblk1[0].fpu_fpnew.genblk3[1].fpnew_core.gen_operation_groups[3].i_opgroup_block.i_arbiter.gen_arbiter	17	1150	0	0	0	0	0	1	40896	40896	0,0,0,0,0,0,0,0,0,0,0,0,0,0,0,0,0,0,0,0,0,0,0,0,0,0,0,0,0,0,0,0,0,0,0,0,0,0,0,0	0,0,0,0,0,0,0,0,0,0,0,0,0,0,0,0,0,0,0,0,0,0,0,0,0,0,0,1,0,0,0,0,0,0,0,0,0,0,0,0	6	0	0	0	0	1	40896	40896	0,0,0,0,0,0,0,0,0,0,0,0,0,0,0,0,0,0,0,0,0,0,0,0,0,0,0,0,0,0,0,0,0,0,0,0,0,0,0,0	0,0,0,0,0,0,0,0,0,0,0,0,0,0,0,0,0,0,0,0,0,0,0,0,0,0,0,1,0,0,0,0,0,0,0,0,0,0,0,0
tb.dut.clusters[0].cluster.sockets[0].socket.cores[0].core.execute.fpu_unit.genblk1[0].fpu_fpnew.genblk3[1].fpnew_core.gen_operation_groups[3].i_opgroup_block.i_arbiter.gen_arbiter.gen_int_rr	18	340	0	0	0	0	0	1	40896	40896	0,0,0,0,0,0,0,0,0,0,0,0,0,0,0,0,0,0,0,0,0,0,0,0,0,0,0,0,0,0,0,0,0,0,0,0,0,0,0,0	0,0,0,0,0,0,0,0,0,0,0,0,0,0,0,0,0,0,0,0,0,0,0,0,0,0,0,1,0,0,0,0,0,0,0,0,0,0,0,0	2	0	0	0	0	1	40896	40896	0,0,0,0,0,0,0,0,0,0,0,0,0,0,0,0,0,0,0,0,0,0,0,0,0,0,0,0,0,0,0,0,0,0,0,0,0,0,0,0	0,0,0,0,0,0,0,0,0,0,0,0,0,0,0,0,0,0,0,0,0,0,0,0,0,0,0,1,0,0,0,0,0,0,0,0,0,0,0,0
tb.dut.clusters[0].cluster.sockets[0].socket.cores[0].core.execute.fpu_unit.genblk1[0].fpu_fpnew.genblk3[1].fpnew_core.gen_operation_groups[3].i_opgroup_block.i_arbiter.gen_arbiter.gen_int_rr.gen_fair_arb	19	337	0	0	0	0	0	1	40896	40896	0,0,0,0,0,0,0,0,0,0,0,0,0,0,0,0,0,0,0,0,0,0,0,0,0,0,0,0,0,0,0,0,0,0,0,0,0,0,0,0	0,0,0,0,0,0,0,0,0,0,0,0,0,0,0,0,0,0,0,0,0,0,0,0,0,0,0,1,0,0,0,0,0,0,0,0,0,0,0,0	2	0	0	0	0	1	40896	40896	0,0,0,0,0,0,0,0,0,0,0,0,0,0,0,0,0,0,0,0,0,0,0,0,0,0,0,0,0,0,0,0,0,0,0,0,0,0,0,0	0,0,0,0,0,0,0,0,0,0,0,0,0,0,0,0,0,0,0,0,0,0,0,0,0,0,0,1,0,0,0,0,0,0,0,0,0,0,0,0
tb.dut.clusters[0].cluster.sockets[0].socket.cores[0].core.execute.fpu_unit.genblk1[0].fpu_fpnew.genblk3[1].fpnew_core.gen_operation_groups[3].i_opgroup_block.i_arbiter.gen_arbiter.gen_int_rr.gen_fair_arb.i_lzc_lower	20	158	0	0	0	0	0	1	40896	40896	0,0,0,0,0,0,0,0,0,0,0,0,0,0,0,0,0,0,0,0,0,0,0,0,0,0,0,0,0,0,0,0,0,0,0,0,0,0,0,0	0,0,0,0,0,0,0,0,0,0,0,0,0,0,0,0,0,0,0,0,0,0,0,0,0,0,0,1,0,0,0,0,0,0,0,0,0,0,0,0	2	0	0	0	0	1	40896	40896	0,0,0,0,0,0,0,0,0,0,0,0,0,0,0,0,0,0,0,0,0,0,0,0,0,0,0,0,0,0,0,0,0,0,0,0,0,0,0,0	0,0,0,0,0,0,0,0,0,0,0,0,0,0,0,0,0,0,0,0,0,0,0,0,0,0,0,1,0,0,0,0,0,0,0,0,0,0,0,0
tb.dut.clusters[0].cluster.sockets[0].socket.cores[0].core.execute.fpu_unit.genblk1[0].fpu_fpnew.genblk3[1].fpnew_core.gen_operation_groups[3].i_opgroup_block.i_arbiter.gen_arbiter.gen_int_rr.gen_fair_arb.i_lzc_lower.gen_lzc	21	84	0	0	0	0	0	1	40896	40896	0,0,0,0,0,0,0,0,0,0,0,0,0,0,0,0,0,0,0,0,0,0,0,0,0,0,0,0,0,0,0,0,0,0,0,0,0,0,0,0	0,0,0,0,0,0,0,0,0,0,0,0,0,0,0,0,0,0,0,0,0,0,0,0,0,0,0,1,0,0,0,0,0,0,0,0,0,0,0,0	2	0	0	0	0	1	40896	40896	0,0,0,0,0,0,0,0,0,0,0,0,0,0,0,0,0,0,0,0,0,0,0,0,0,0,0,0,0,0,0,0,0,0,0,0,0,0,0,0	0,0,0,0,0,0,0,0,0,0,0,0,0,0,0,0,0,0,0,0,0,0,0,0,0,0,0,1,0,0,0,0,0,0,0,0,0,0,0,0
tb.dut.clusters[0].cluster.sockets[0].socket.cores[0].core.execute.fpu_unit.genblk1[0].fpu_fpnew.genblk3[1].fpnew_core.gen_operation_groups[3].i_opgroup_block.i_arbiter.gen_arbiter.gen_int_rr.gen_fair_arb.i_lzc_upper	20	158	0	0	0	0	0	1	40896	40896	0,0,0,0,0,0,0,0,0,0,0,0,0,0,0,0,0,0,0,0,0,0,0,0,0,0,0,0,0,0,0,0,0,0,0,0,0,0,0,0	0,0,0,0,0,0,0,0,0,0,0,0,0,0,0,0,0,0,0,0,0,0,0,0,0,0,0,1,0,0,0,0,0,0,0,0,0,0,0,0	2	0	0	0	0	1	40896	40896	0,0,0,0,0,0,0,0,0,0,0,0,0,0,0,0,0,0,0,0,0,0,0,0,0,0,0,0,0,0,0,0,0,0,0,0,0,0,0,0	0,0,0,0,0,0,0,0,0,0,0,0,0,0,0,0,0,0,0,0,0,0,0,0,0,0,0,1,0,0,0,0,0,0,0,0,0,0,0,0
tb.dut.clusters[0].cluster.sockets[0].socket.cores[0].core.execute.fpu_unit.genblk1[0].fpu_fpnew.genblk3[1].fpnew_core.gen_operation_groups[3].i_opgroup_block.i_arbiter.gen_arbiter.gen_int_rr.gen_fair_arb.i_lzc_upper.gen_lzc	21	84	0	0	0	0	0	1	40896	40896	0,0,0,0,0,0,0,0,0,0,0,0,0,0,0,0,0,0,0,0,0,0,0,0,0,0,0,0,0,0,0,0,0,0,0,0,0,0,0,0	0,0,0,0,0,0,0,0,0,0,0,0,0,0,0,0,0,0,0,0,0,0,0,0,0,0,0,1,0,0,0,0,0,0,0,0,0,0,0,0	2	0	0	0	0	1	40896	40896	0,0,0,0,0,0,0,0,0,0,0,0,0,0,0,0,0,0,0,0,0,0,0,0,0,0,0,0,0,0,0,0,0,0,0,0,0,0,0,0	0,0,0,0,0,0,0,0,0,0,0,0,0,0,0,0,0,0,0,0,0,0,0,0,0,0,0,1,0,0,0,0,0,0,0,0,0,0,0,0
tb.dut.clusters[0].cluster.sockets[0].socket.cores[0].core.execute.fpu_unit.genblk1[0].fpu_fpnew.genblk3[1].fpnew_core.gen_operation_groups[3].i_opgroup_block.i_arbiter.gen_arbiter.gen_levels[0]	18	65	0	0	0	0	0	1	40896	40896	0,0,0,0,0,0,0,0,0,0,0,0,0,0,0,0,0,0,0,0,0,0,0,0,0,0,0,0,0,0,0,0,0,0,0,0,0,0,0,0	0,0,0,0,0,0,0,0,0,0,0,0,0,0,0,0,0,0,0,0,0,0,0,0,0,0,0,1,0,0,0,0,0,0,0,0,0,0,0,0	2	0	0	0	0	1	40896	40896	0,0,0,0,0,0,0,0,0,0,0,0,0,0,0,0,0,0,0,0,0,0,0,0,0,0,0,0,0,0,0,0,0,0,0,0,0,0,0,0	0,0,0,0,0,0,0,0,0,0,0,0,0,0,0,0,0,0,0,0,0,0,0,0,0,0,0,1,0,0,0,0,0,0,0,0,0,0,0,0
tb.dut.clusters[0].cluster.sockets[0].socket.cores[0].core.execute.fpu_unit.genblk1[0].fpu_fpnew.genblk3[1].fpnew_core.gen_operation_groups[3].i_opgroup_block.i_arbiter.gen_arbiter.gen_levels[0].gen_level[0]	19	65	0	0	0	0	0	1	40896	40896	0,0,0,0,0,0,0,0,0,0,0,0,0,0,0,0,0,0,0,0,0,0,0,0,0,0,0,0,0,0,0,0,0,0,0,0,0,0,0,0	0,0,0,0,0,0,0,0,0,0,0,0,0,0,0,0,0,0,0,0,0,0,0,0,0,0,0,1,0,0,0,0,0,0,0,0,0,0,0,0	2	0	0	0	0	1	40896	40896	0,0,0,0,0,0,0,0,0,0,0,0,0,0,0,0,0,0,0,0,0,0,0,0,0,0,0,0,0,0,0,0,0,0,0,0,0,0,0,0	0,0,0,0,0,0,0,0,0,0,0,0,0,0,0,0,0,0,0,0,0,0,0,0,0,0,0,1,0,0,0,0,0,0,0,0,0,0,0,0
tb.dut.clusters[0].cluster.sockets[0].socket.cores[0].core.execute.fpu_unit.genblk1[0].fpu_fpnew.genblk3[1].fpnew_core.gen_operation_groups[3].i_opgroup_block.i_arbiter.gen_arbiter.gen_levels[1]	18	130	0	0	0	0	0	1	40896	40896	0,0,0,0,0,0,0,0,0,0,0,0,0,0,0,0,0,0,0,0,0,0,0,0,0,0,0,0,0,0,0,0,0,0,0,0,0,0,0,0	0,0,0,0,0,0,0,0,0,0,0,0,0,0,0,0,0,0,0,0,0,0,0,0,0,0,0,1,0,0,0,0,0,0,0,0,0,0,0,0	2	0	0	0	0	1	40896	40896	0,0,0,0,0,0,0,0,0,0,0,0,0,0,0,0,0,0,0,0,0,0,0,0,0,0,0,0,0,0,0,0,0,0,0,0,0,0,0,0	0,0,0,0,0,0,0,0,0,0,0,0,0,0,0,0,0,0,0,0,0,0,0,0,0,0,0,1,0,0,0,0,0,0,0,0,0,0,0,0
tb.dut.clusters[0].cluster.sockets[0].socket.cores[0].core.execute.fpu_unit.genblk1[0].fpu_fpnew.genblk3[1].fpnew_core.gen_operation_groups[3].i_opgroup_block.i_arbiter.gen_arbiter.gen_levels[1].gen_level[0]	19	65	0	0	0	0	0	1	40896	40896	0,0,0,0,0,0,0,0,0,0,0,0,0,0,0,0,0,0,0,0,0,0,0,0,0,0,0,0,0,0,0,0,0,0,0,0,0,0,0,0	0,0,0,0,0,0,0,0,0,0,0,0,0,0,0,0,0,0,0,0,0,0,0,0,0,0,0,1,0,0,0,0,0,0,0,0,0,0,0,0	2	0	0	0	0	1	40896	40896	0,0,0,0,0,0,0,0,0,0,0,0,0,0,0,0,0,0,0,0,0,0,0,0,0,0,0,0,0,0,0,0,0,0,0,0,0,0,0,0	0,0,0,0,0,0,0,0,0,0,0,0,0,0,0,0,0,0,0,0,0,0,0,0,0,0,0,1,0,0,0,0,0,0,0,0,0,0,0,0
tb.dut.clusters[0].cluster.sockets[0].socket.cores[0].core.execute.fpu_unit.genblk1[0].fpu_fpnew.genblk3[1].fpnew_core.gen_operation_groups[3].i_opgroup_block.i_arbiter.gen_arbiter.gen_levels[1].gen_level[1]	19	65	0	0	0	0	0	1	40896	40896	0,0,0,0,0,0,0,0,0,0,0,0,0,0,0,0,0,0,0,0,0,0,0,0,0,0,0,0,0,0,0,0,0,0,0,0,0,0,0,0	0,0,0,0,0,0,0,0,0,0,0,0,0,0,0,0,0,0,0,0,0,0,0,0,0,0,0,1,0,0,0,0,0,0,0,0,0,0,0,0	2	0	0	0	0	1	40896	40896	0,0,0,0,0,0,0,0,0,0,0,0,0,0,0,0,0,0,0,0,0,0,0,0,0,0,0,0,0,0,0,0,0,0,0,0,0,0,0,0	0,0,0,0,0,0,0,0,0,0,0,0,0,0,0,0,0,0,0,0,0,0,0,0,0,0,0,1,0,0,0,0,0,0,0,0,0,0,0,0
tb.dut.clusters[0].cluster.sockets[0].socket.cores[0].core.execute.fpu_unit.genblk1[0].fpu_fpnew.genblk3[1].fpnew_core.gen_operation_groups[3].i_opgroup_block.i_arbiter.gen_arbiter.gen_levels[2]	18	260	0	0	0	0	0	1	40896	40896	0,0,0,0,0,0,0,0,0,0,0,0,0,0,0,0,0,0,0,0,0,0,0,0,0,0,0,0,0,0,0,0,0,0,0,0,0,0,0,0	0,0,0,0,0,0,0,0,0,0,0,0,0,0,0,0,0,0,0,0,0,0,0,0,0,0,0,1,0,0,0,0,0,0,0,0,0,0,0,0	2	0	0	0	0	1	40896	40896	0,0,0,0,0,0,0,0,0,0,0,0,0,0,0,0,0,0,0,0,0,0,0,0,0,0,0,0,0,0,0,0,0,0,0,0,0,0,0,0	0,0,0,0,0,0,0,0,0,0,0,0,0,0,0,0,0,0,0,0,0,0,0,0,0,0,0,1,0,0,0,0,0,0,0,0,0,0,0,0
tb.dut.clusters[0].cluster.sockets[0].socket.cores[0].core.execute.fpu_unit.genblk1[0].fpu_fpnew.genblk3[1].fpnew_core.gen_operation_groups[3].i_opgroup_block.i_arbiter.gen_arbiter.gen_levels[2].gen_level[0]	19	65	0	0	0	0	0	1	40896	40896	0,0,0,0,0,0,0,0,0,0,0,0,0,0,0,0,0,0,0,0,0,0,0,0,0,0,0,0,0,0,0,0,0,0,0,0,0,0,0,0	0,0,0,0,0,0,0,0,0,0,0,0,0,0,0,0,0,0,0,0,0,0,0,0,0,0,0,1,0,0,0,0,0,0,0,0,0,0,0,0	2	0	0	0	0	1	40896	40896	0,0,0,0,0,0,0,0,0,0,0,0,0,0,0,0,0,0,0,0,0,0,0,0,0,0,0,0,0,0,0,0,0,0,0,0,0,0,0,0	0,0,0,0,0,0,0,0,0,0,0,0,0,0,0,0,0,0,0,0,0,0,0,0,0,0,0,1,0,0,0,0,0,0,0,0,0,0,0,0
tb.dut.clusters[0].cluster.sockets[0].socket.cores[0].core.execute.fpu_unit.genblk1[0].fpu_fpnew.genblk3[1].fpnew_core.gen_operation_groups[3].i_opgroup_block.i_arbiter.gen_arbiter.gen_levels[2].gen_level[1]	19	65	0	0	0	0	0	1	40896	40896	0,0,0,0,0,0,0,0,0,0,0,0,0,0,0,0,0,0,0,0,0,0,0,0,0,0,0,0,0,0,0,0,0,0,0,0,0,0,0,0	0,0,0,0,0,0,0,0,0,0,0,0,0,0,0,0,0,0,0,0,0,0,0,0,0,0,0,1,0,0,0,0,0,0,0,0,0,0,0,0	2	0	0	0	0	1	40896	40896	0,0,0,0,0,0,0,0,0,0,0,0,0,0,0,0,0,0,0,0,0,0,0,0,0,0,0,0,0,0,0,0,0,0,0,0,0,0,0,0	0,0,0,0,0,0,0,0,0,0,0,0,0,0,0,0,0,0,0,0,0,0,0,0,0,0,0,1,0,0,0,0,0,0,0,0,0,0,0,0
tb.dut.clusters[0].cluster.sockets[0].socket.cores[0].core.execute.fpu_unit.genblk1[0].fpu_fpnew.genblk3[1].fpnew_core.gen_operation_groups[3].i_opgroup_block.i_arbiter.gen_arbiter.gen_levels[2].gen_level[2]	19	65	0	0	0	0	0	1	40896	40896	0,0,0,0,0,0,0,0,0,0,0,0,0,0,0,0,0,0,0,0,0,0,0,0,0,0,0,0,0,0,0,0,0,0,0,0,0,0,0,0	0,0,0,0,0,0,0,0,0,0,0,0,0,0,0,0,0,0,0,0,0,0,0,0,0,0,0,1,0,0,0,0,0,0,0,0,0,0,0,0	2	0	0	0	0	1	40896	40896	0,0,0,0,0,0,0,0,0,0,0,0,0,0,0,0,0,0,0,0,0,0,0,0,0,0,0,0,0,0,0,0,0,0,0,0,0,0,0,0	0,0,0,0,0,0,0,0,0,0,0,0,0,0,0,0,0,0,0,0,0,0,0,0,0,0,0,1,0,0,0,0,0,0,0,0,0,0,0,0
tb.dut.clusters[0].cluster.sockets[0].socket.cores[0].core.execute.fpu_unit.genblk1[0].fpu_fpnew.genblk3[1].fpnew_core.gen_operation_groups[3].i_opgroup_block.i_arbiter.gen_arbiter.gen_levels[2].gen_level[3]	19	65	0	0	0	0	0	1	40896	40896	0,0,0,0,0,0,0,0,0,0,0,0,0,0,0,0,0,0,0,0,0,0,0,0,0,0,0,0,0,0,0,0,0,0,0,0,0,0,0,0	0,0,0,0,0,0,0,0,0,0,0,0,0,0,0,0,0,0,0,0,0,0,0,0,0,0,0,1,0,0,0,0,0,0,0,0,0,0,0,0	2	0	0	0	0	1	40896	40896	0,0,0,0,0,0,0,0,0,0,0,0,0,0,0,0,0,0,0,0,0,0,0,0,0,0,0,0,0,0,0,0,0,0,0,0,0,0,0,0	0,0,0,0,0,0,0,0,0,0,0,0,0,0,0,0,0,0,0,0,0,0,0,0,0,0,0,1,0,0,0,0,0,0,0,0,0,0,0,0
tb.dut.clusters[0].cluster.sockets[0].socket.cores[0].core.execute.fpu_unit.genblk1[0].fpu_fpnew.genblk3[1].fpnew_core.i_arbiter	14	947	4	2	2	2	1	3	40894	40872	2,0,0,0,0,0,0,0,0,0,0,0,0,0,0,0,0,0,0,0,0,0,0,0,0,0,0,0,0,0,0,0,0,0,0,0,0,0,0,0	0,0,1,0,0,0,0,0,0,0,0,0,0,0,0,0,1,0,0,0,0,0,0,0,0,0,0,1,0,0,0,0,0,0,0,0,0,0,0,0	5	0	0	0	0	1	40896	40896	0,0,0,0,0,0,0,0,0,0,0,0,0,0,0,0,0,0,0,0,0,0,0,0,0,0,0,0,0,0,0,0,0,0,0,0,0,0,0,0	0,0,0,0,0,0,0,0,0,0,0,0,0,0,0,0,0,0,0,0,0,0,0,0,0,0,0,1,0,0,0,0,0,0,0,0,0,0,0,0
tb.dut.clusters[0].cluster.sockets[0].socket.cores[0].core.execute.fpu_unit.genblk1[0].fpu_fpnew.genblk3[1].fpnew_core.i_arbiter.gen_arbiter	15	636	0	0	0	0	0	1	40896	40896	0,0,0,0,0,0,0,0,0,0,0,0,0,0,0,0,0,0,0,0,0,0,0,0,0,0,0,0,0,0,0,0,0,0,0,0,0,0,0,0	0,0,0,0,0,0,0,0,0,0,0,0,0,0,0,0,0,0,0,0,0,0,0,0,0,0,0,1,0,0,0,0,0,0,0,0,0,0,0,0	4	0	0	0	0	1	40896	40896	0,0,0,0,0,0,0,0,0,0,0,0,0,0,0,0,0,0,0,0,0,0,0,0,0,0,0,0,0,0,0,0,0,0,0,0,0,0,0,0	0,0,0,0,0,0,0,0,0,0,0,0,0,0,0,0,0,0,0,0,0,0,0,0,0,0,0,1,0,0,0,0,0,0,0,0,0,0,0,0
tb.dut.clusters[0].cluster.sockets[0].socket.cores[0].core.execute.fpu_unit.genblk1[0].fpu_fpnew.genblk3[1].fpnew_core.i_arbiter.gen_arbiter.gen_int_rr	16	274	0	0	0	0	0	1	40896	40896	0,0,0,0,0,0,0,0,0,0,0,0,0,0,0,0,0,0,0,0,0,0,0,0,0,0,0,0,0,0,0,0,0,0,0,0,0,0,0,0	0,0,0,0,0,0,0,0,0,0,0,0,0,0,0,0,0,0,0,0,0,0,0,0,0,0,0,1,0,0,0,0,0,0,0,0,0,0,0,0	2	0	0	0	0	1	40896	40896	0,0,0,0,0,0,0,0,0,0,0,0,0,0,0,0,0,0,0,0,0,0,0,0,0,0,0,0,0,0,0,0,0,0,0,0,0,0,0,0	0,0,0,0,0,0,0,0,0,0,0,0,0,0,0,0,0,0,0,0,0,0,0,0,0,0,0,1,0,0,0,0,0,0,0,0,0,0,0,0
tb.dut.clusters[0].cluster.sockets[0].socket.cores[0].core.execute.fpu_unit.genblk1[0].fpu_fpnew.genblk3[1].fpnew_core.i_arbiter.gen_arbiter.gen_int_rr.gen_fair_arb	17	272	0	0	0	0	0	1	40896	40896	0,0,0,0,0,0,0,0,0,0,0,0,0,0,0,0,0,0,0,0,0,0,0,0,0,0,0,0,0,0,0,0,0,0,0,0,0,0,0,0	0,0,0,0,0,0,0,0,0,0,0,0,0,0,0,0,0,0,0,0,0,0,0,0,0,0,0,1,0,0,0,0,0,0,0,0,0,0,0,0	2	0	0	0	0	1	40896	40896	0,0,0,0,0,0,0,0,0,0,0,0,0,0,0,0,0,0,0,0,0,0,0,0,0,0,0,0,0,0,0,0,0,0,0,0,0,0,0,0	0,0,0,0,0,0,0,0,0,0,0,0,0,0,0,0,0,0,0,0,0,0,0,0,0,0,0,1,0,0,0,0,0,0,0,0,0,0,0,0
tb.dut.clusters[0].cluster.sockets[0].socket.cores[0].core.execute.fpu_unit.genblk1[0].fpu_fpnew.genblk3[1].fpnew_core.i_arbiter.gen_arbiter.gen_int_rr.gen_fair_arb.i_lzc_lower	18	128	0	0	0	0	0	1	40896	40896	0,0,0,0,0,0,0,0,0,0,0,0,0,0,0,0,0,0,0,0,0,0,0,0,0,0,0,0,0,0,0,0,0,0,0,0,0,0,0,0	0,0,0,0,0,0,0,0,0,0,0,0,0,0,0,0,0,0,0,0,0,0,0,0,0,0,0,1,0,0,0,0,0,0,0,0,0,0,0,0	2	0	0	0	0	1	40896	40896	0,0,0,0,0,0,0,0,0,0,0,0,0,0,0,0,0,0,0,0,0,0,0,0,0,0,0,0,0,0,0,0,0,0,0,0,0,0,0,0	0,0,0,0,0,0,0,0,0,0,0,0,0,0,0,0,0,0,0,0,0,0,0,0,0,0,0,1,0,0,0,0,0,0,0,0,0,0,0,0
tb.dut.clusters[0].cluster.sockets[0].socket.cores[0].core.execute.fpu_unit.genblk1[0].fpu_fpnew.genblk3[1].fpnew_core.i_arbiter.gen_arbiter.gen_int_rr.gen_fair_arb.i_lzc_lower.gen_lzc	19	56	0	0	0	0	0	1	40896	40896	0,0,0,0,0,0,0,0,0,0,0,0,0,0,0,0,0,0,0,0,0,0,0,0,0,0,0,0,0,0,0,0,0,0,0,0,0,0,0,0	0,0,0,0,0,0,0,0,0,0,0,0,0,0,0,0,0,0,0,0,0,0,0,0,0,0,0,1,0,0,0,0,0,0,0,0,0,0,0,0	2	0	0	0	0	1	40896	40896	0,0,0,0,0,0,0,0,0,0,0,0,0,0,0,0,0,0,0,0,0,0,0,0,0,0,0,0,0,0,0,0,0,0,0,0,0,0,0,0	0,0,0,0,0,0,0,0,0,0,0,0,0,0,0,0,0,0,0,0,0,0,0,0,0,0,0,1,0,0,0,0,0,0,0,0,0,0,0,0
tb.dut.clusters[0].cluster.sockets[0].socket.cores[0].core.execute.fpu_unit.genblk1[0].fpu_fpnew.genblk3[1].fpnew_core.i_arbiter.gen_arbiter.gen_int_rr.gen_fair_arb.i_lzc_upper	18	128	0	0	0	0	0	1	40896	40896	0,0,0,0,0,0,0,0,0,0,0,0,0,0,0,0,0,0,0,0,0,0,0,0,0,0,0,0,0,0,0,0,0,0,0,0,0,0,0,0	0,0,0,0,0,0,0,0,0,0,0,0,0,0,0,0,0,0,0,0,0,0,0,0,0,0,0,1,0,0,0,0,0,0,0,0,0,0,0,0	2	0	0	0	0	1	40896	40896	0,0,0,0,0,0,0,0,0,0,0,0,0,0,0,0,0,0,0,0,0,0,0,0,0,0,0,0,0,0,0,0,0,0,0,0,0,0,0,0	0,0,0,0,0,0,0,0,0,0,0,0,0,0,0,0,0,0,0,0,0,0,0,0,0,0,0,1,0,0,0,0,0,0,0,0,0,0,0,0
tb.dut.clusters[0].cluster.sockets[0].socket.cores[0].core.execute.fpu_unit.genblk1[0].fpu_fpnew.genblk3[1].fpnew_core.i_arbiter.gen_arbiter.gen_int_rr.gen_fair_arb.i_lzc_upper.gen_lzc	19	56	0	0	0	0	0	1	40896	40896	0,0,0,0,0,0,0,0,0,0,0,0,0,0,0,0,0,0,0,0,0,0,0,0,0,0,0,0,0,0,0,0,0,0,0,0,0,0,0,0	0,0,0,0,0,0,0,0,0,0,0,0,0,0,0,0,0,0,0,0,0,0,0,0,0,0,0,1,0,0,0,0,0,0,0,0,0,0,0,0	2	0	0	0	0	1	40896	40896	0,0,0,0,0,0,0,0,0,0,0,0,0,0,0,0,0,0,0,0,0,0,0,0,0,0,0,0,0,0,0,0,0,0,0,0,0,0,0,0	0,0,0,0,0,0,0,0,0,0,0,0,0,0,0,0,0,0,0,0,0,0,0,0,0,0,0,1,0,0,0,0,0,0,0,0,0,0,0,0
tb.dut.clusters[0].cluster.sockets[0].socket.cores[0].core.execute.fpu_unit.genblk1[0].fpu_fpnew.genblk3[1].fpnew_core.i_arbiter.gen_arbiter.gen_levels[0]	16	65	0	0	0	0	0	1	40896	40896	0,0,0,0,0,0,0,0,0,0,0,0,0,0,0,0,0,0,0,0,0,0,0,0,0,0,0,0,0,0,0,0,0,0,0,0,0,0,0,0	0,0,0,0,0,0,0,0,0,0,0,0,0,0,0,0,0,0,0,0,0,0,0,0,0,0,0,1,0,0,0,0,0,0,0,0,0,0,0,0	2	0	0	0	0	1	40896	40896	0,0,0,0,0,0,0,0,0,0,0,0,0,0,0,0,0,0,0,0,0,0,0,0,0,0,0,0,0,0,0,0,0,0,0,0,0,0,0,0	0,0,0,0,0,0,0,0,0,0,0,0,0,0,0,0,0,0,0,0,0,0,0,0,0,0,0,1,0,0,0,0,0,0,0,0,0,0,0,0
tb.dut.clusters[0].cluster.sockets[0].socket.cores[0].core.execute.fpu_unit.genblk1[0].fpu_fpnew.genblk3[1].fpnew_core.i_arbiter.gen_arbiter.gen_levels[0].gen_level[0]	17	65	0	0	0	0	0	1	40896	40896	0,0,0,0,0,0,0,0,0,0,0,0,0,0,0,0,0,0,0,0,0,0,0,0,0,0,0,0,0,0,0,0,0,0,0,0,0,0,0,0	0,0,0,0,0,0,0,0,0,0,0,0,0,0,0,0,0,0,0,0,0,0,0,0,0,0,0,1,0,0,0,0,0,0,0,0,0,0,0,0	2	0	0	0	0	1	40896	40896	0,0,0,0,0,0,0,0,0,0,0,0,0,0,0,0,0,0,0,0,0,0,0,0,0,0,0,0,0,0,0,0,0,0,0,0,0,0,0,0	0,0,0,0,0,0,0,0,0,0,0,0,0,0,0,0,0,0,0,0,0,0,0,0,0,0,0,1,0,0,0,0,0,0,0,0,0,0,0,0
tb.dut.clusters[0].cluster.sockets[0].socket.cores[0].core.execute.fpu_unit.genblk1[0].fpu_fpnew.genblk3[1].fpnew_core.i_arbiter.gen_arbiter.gen_levels[1]	16	130	0	0	0	0	0	1	40896	40896	0,0,0,0,0,0,0,0,0,0,0,0,0,0,0,0,0,0,0,0,0,0,0,0,0,0,0,0,0,0,0,0,0,0,0,0,0,0,0,0	0,0,0,0,0,0,0,0,0,0,0,0,0,0,0,0,0,0,0,0,0,0,0,0,0,0,0,1,0,0,0,0,0,0,0,0,0,0,0,0	2	0	0	0	0	1	40896	40896	0,0,0,0,0,0,0,0,0,0,0,0,0,0,0,0,0,0,0,0,0,0,0,0,0,0,0,0,0,0,0,0,0,0,0,0,0,0,0,0	0,0,0,0,0,0,0,0,0,0,0,0,0,0,0,0,0,0,0,0,0,0,0,0,0,0,0,1,0,0,0,0,0,0,0,0,0,0,0,0
tb.dut.clusters[0].cluster.sockets[0].socket.cores[0].core.execute.fpu_unit.genblk1[0].fpu_fpnew.genblk3[1].fpnew_core.i_arbiter.gen_arbiter.gen_levels[1].gen_level[0]	17	65	0	0	0	0	0	1	40896	40896	0,0,0,0,0,0,0,0,0,0,0,0,0,0,0,0,0,0,0,0,0,0,0,0,0,0,0,0,0,0,0,0,0,0,0,0,0,0,0,0	0,0,0,0,0,0,0,0,0,0,0,0,0,0,0,0,0,0,0,0,0,0,0,0,0,0,0,1,0,0,0,0,0,0,0,0,0,0,0,0	2	0	0	0	0	1	40896	40896	0,0,0,0,0,0,0,0,0,0,0,0,0,0,0,0,0,0,0,0,0,0,0,0,0,0,0,0,0,0,0,0,0,0,0,0,0,0,0,0	0,0,0,0,0,0,0,0,0,0,0,0,0,0,0,0,0,0,0,0,0,0,0,0,0,0,0,1,0,0,0,0,0,0,0,0,0,0,0,0
tb.dut.clusters[0].cluster.sockets[0].socket.cores[0].core.execute.fpu_unit.genblk1[0].fpu_fpnew.genblk3[1].fpnew_core.i_arbiter.gen_arbiter.gen_levels[1].gen_level[1]	17	65	0	0	0	0	0	1	40896	40896	0,0,0,0,0,0,0,0,0,0,0,0,0,0,0,0,0,0,0,0,0,0,0,0,0,0,0,0,0,0,0,0,0,0,0,0,0,0,0,0	0,0,0,0,0,0,0,0,0,0,0,0,0,0,0,0,0,0,0,0,0,0,0,0,0,0,0,1,0,0,0,0,0,0,0,0,0,0,0,0	2	0	0	0	0	1	40896	40896	0,0,0,0,0,0,0,0,0,0,0,0,0,0,0,0,0,0,0,0,0,0,0,0,0,0,0,0,0,0,0,0,0,0,0,0,0,0,0,0	0,0,0,0,0,0,0,0,0,0,0,0,0,0,0,0,0,0,0,0,0,0,0,0,0,0,0,1,0,0,0,0,0,0,0,0,0,0,0,0
tb.dut.clusters[0].cluster.sockets[0].socket.cores[0].core.execute.fpu_unit.genblk1[0].fpu_fpnew.genblk3[2]	12	43590	136	6	2	6	5	3	40890	40872	1,0,0,0,1,0,0,0,0,0,0,0,0,0,0,0,0,0,0,0,0,0,0,0,0,0,0,0,0,0,0,0,0,0,0,0,0,0,0,0	0,0,1,0,0,0,0,0,0,0,0,0,0,0,1,0,0,0,0,0,0,0,0,0,0,0,0,1,0,0,0,0,0,0,0,0,0,0,0,0	218	0	0	0	0	1	40896	40896	0,0,0,0,0,0,0,0,0,0,0,0,0,0,0,0,0,0,0,0,0,0,0,0,0,0,0,0,0,0,0,0,0,0,0,0,0,0,0,0	0,0,0,0,0,0,0,0,0,0,0,0,0,0,0,0,0,0,0,0,0,0,0,0,0,0,0,1,0,0,0,0,0,0,0,0,0,0,0,0
tb.dut.clusters[0].cluster.sockets[0].socket.cores[0].core.execute.fpu_unit.genblk1[0].fpu_fpnew.genblk3[2].fpnew_core	13	43581	134	6	2	6	5	3	40890	40872	1,0,0,0,1,0,0,0,0,0,0,0,0,0,0,0,0,0,0,0,0,0,0,0,0,0,0,0,0,0,0,0,0,0,0,0,0,0,0,0	0,0,1,0,0,0,0,0,0,0,0,0,0,0,1,0,0,0,0,0,0,0,0,0,0,0,0,1,0,0,0,0,0,0,0,0,0,0,0,0	218	0	0	0	0	1	40896	40896	0,0,0,0,0,0,0,0,0,0,0,0,0,0,0,0,0,0,0,0,0,0,0,0,0,0,0,0,0,0,0,0,0,0,0,0,0,0,0,0	0,0,0,0,0,0,0,0,0,0,0,0,0,0,0,0,0,0,0,0,0,0,0,0,0,0,0,1,0,0,0,0,0,0,0,0,0,0,0,0
tb.dut.clusters[0].cluster.sockets[0].socket.cores[0].core.execute.fpu_unit.genblk1[0].fpu_fpnew.genblk3[2].fpnew_core.gen_nanbox_check[0]	14	32	0	0	0	0	0	1	40896	40896	0,0,0,0,0,0,0,0,0,0,0,0,0,0,0,0,0,0,0,0,0,0,0,0,0,0,0,0,0,0,0,0,0,0,0,0,0,0,0,0	0,0,0,0,0,0,0,0,0,0,0,0,0,0,0,0,0,0,0,0,0,0,0,0,0,0,0,1,0,0,0,0,0,0,0,0,0,0,0,0	2	0	0	0	0	1	40896	40896	0,0,0,0,0,0,0,0,0,0,0,0,0,0,0,0,0,0,0,0,0,0,0,0,0,0,0,0,0,0,0,0,0,0,0,0,0,0,0,0	0,0,0,0,0,0,0,0,0,0,0,0,0,0,0,0,0,0,0,0,0,0,0,0,0,0,0,1,0,0,0,0,0,0,0,0,0,0,0,0
tb.dut.clusters[0].cluster.sockets[0].socket.cores[0].core.execute.fpu_unit.genblk1[0].fpu_fpnew.genblk3[2].fpnew_core.gen_nanbox_check[1]	14	32	0	0	0	0	0	1	40896	40896	0,0,0,0,0,0,0,0,0,0,0,0,0,0,0,0,0,0,0,0,0,0,0,0,0,0,0,0,0,0,0,0,0,0,0,0,0,0,0,0	0,0,0,0,0,0,0,0,0,0,0,0,0,0,0,0,0,0,0,0,0,0,0,0,0,0,0,1,0,0,0,0,0,0,0,0,0,0,0,0	2	0	0	0	0	1	40896	40896	0,0,0,0,0,0,0,0,0,0,0,0,0,0,0,0,0,0,0,0,0,0,0,0,0,0,0,0,0,0,0,0,0,0,0,0,0,0,0,0	0,0,0,0,0,0,0,0,0,0,0,0,0,0,0,0,0,0,0,0,0,0,0,0,0,0,0,1,0,0,0,0,0,0,0,0,0,0,0,0
tb.dut.clusters[0].cluster.sockets[0].socket.cores[0].core.execute.fpu_unit.genblk1[0].fpu_fpnew.genblk3[2].fpnew_core.gen_nanbox_check[2]	14	32	0	0	0	0	0	1	40896	40896	0,0,0,0,0,0,0,0,0,0,0,0,0,0,0,0,0,0,0,0,0,0,0,0,0,0,0,0,0,0,0,0,0,0,0,0,0,0,0,0	0,0,0,0,0,0,0,0,0,0,0,0,0,0,0,0,0,0,0,0,0,0,0,0,0,0,0,1,0,0,0,0,0,0,0,0,0,0,0,0	2	0	0	0	0	1	40896	40896	0,0,0,0,0,0,0,0,0,0,0,0,0,0,0,0,0,0,0,0,0,0,0,0,0,0,0,0,0,0,0,0,0,0,0,0,0,0,0,0	0,0,0,0,0,0,0,0,0,0,0,0,0,0,0,0,0,0,0,0,0,0,0,0,0,0,0,1,0,0,0,0,0,0,0,0,0,0,0,0
tb.dut.clusters[0].cluster.sockets[0].socket.cores[0].core.execute.fpu_unit.genblk1[0].fpu_fpnew.genblk3[2].fpnew_core.gen_nanbox_check[3]	14	32	0	0	0	0	0	1	40896	40896	0,0,0,0,0,0,0,0,0,0,0,0,0,0,0,0,0,0,0,0,0,0,0,0,0,0,0,0,0,0,0,0,0,0,0,0,0,0,0,0	0,0,0,0,0,0,0,0,0,0,0,0,0,0,0,0,0,0,0,0,0,0,0,0,0,0,0,1,0,0,0,0,0,0,0,0,0,0,0,0	2	0	0	0	0	1	40896	40896	0,0,0,0,0,0,0,0,0,0,0,0,0,0,0,0,0,0,0,0,0,0,0,0,0,0,0,0,0,0,0,0,0,0,0,0,0,0,0,0	0,0,0,0,0,0,0,0,0,0,0,0,0,0,0,0,0,0,0,0,0,0,0,0,0,0,0,1,0,0,0,0,0,0,0,0,0,0,0,0
tb.dut.clusters[0].cluster.sockets[0].socket.cores[0].core.execute.fpu_unit.genblk1[0].fpu_fpnew.genblk3[2].fpnew_core.gen_nanbox_check[4]	14	32	0	0	0	0	0	1	40896	40896	0,0,0,0,0,0,0,0,0,0,0,0,0,0,0,0,0,0,0,0,0,0,0,0,0,0,0,0,0,0,0,0,0,0,0,0,0,0,0,0	0,0,0,0,0,0,0,0,0,0,0,0,0,0,0,0,0,0,0,0,0,0,0,0,0,0,0,1,0,0,0,0,0,0,0,0,0,0,0,0	2	0	0	0	0	1	40896	40896	0,0,0,0,0,0,0,0,0,0,0,0,0,0,0,0,0,0,0,0,0,0,0,0,0,0,0,0,0,0,0,0,0,0,0,0,0,0,0,0	0,0,0,0,0,0,0,0,0,0,0,0,0,0,0,0,0,0,0,0,0,0,0,0,0,0,0,1,0,0,0,0,0,0,0,0,0,0,0,0
tb.dut.clusters[0].cluster.sockets[0].socket.cores[0].core.execute.fpu_unit.genblk1[0].fpu_fpnew.genblk3[2].fpnew_core.gen_operation_groups[0]	14	7400	44	4	3	4	2	4	40892	40872	2,1,0,0,0,0,0,0,0,0,0,0,0,0,0,0,0,0,0,0,0,0,0,0,0,0,0,0,0,0,0,0,0,0,0,0,0,0,0,0	1,0,1,0,0,0,0,0,0,0,0,0,0,0,0,1,0,0,0,0,0,0,0,0,0,0,0,1,0,0,0,0,0,0,0,0,0,0,0,0	37	0	0	0	0	1	40896	40896	0,0,0,0,0,0,0,0,0,0,0,0,0,0,0,0,0,0,0,0,0,0,0,0,0,0,0,0,0,0,0,0,0,0,0,0,0,0,0,0	0,0,0,0,0,0,0,0,0,0,0,0,0,0,0,0,0,0,0,0,0,0,0,0,0,0,0,1,0,0,0,0,0,0,0,0,0,0,0,0
tb.dut.clusters[0].cluster.sockets[0].socket.cores[0].core.execute.fpu_unit.genblk1[0].fpu_fpnew.genblk3[2].fpnew_core.gen_operation_groups[0].i_opgroup_block	15	7352	42	4	3	4	2	4	40892	40872	2,1,0,0,0,0,0,0,0,0,0,0,0,0,0,0,0,0,0,0,0,0,0,0,0,0,0,0,0,0,0,0,0,0,0,0,0,0,0,0	1,0,1,0,0,0,0,0,0,0,0,0,0,0,0,1,0,0,0,0,0,0,0,0,0,0,0,1,0,0,0,0,0,0,0,0,0,0,0,0	37	0	0	0	0	1	40896	40896	0,0,0,0,0,0,0,0,0,0,0,0,0,0,0,0,0,0,0,0,0,0,0,0,0,0,0,0,0,0,0,0,0,0,0,0,0,0,0,0	0,0,0,0,0,0,0,0,0,0,0,0,0,0,0,0,0,0,0,0,0,0,0,0,0,0,0,1,0,0,0,0,0,0,0,0,0,0,0,0
tb.dut.clusters[0].cluster.sockets[0].socket.cores[0].core.execute.fpu_unit.genblk1[0].fpu_fpnew.genblk3[2].fpnew_core.gen_operation_groups[0].i_opgroup_block.gen_parallel_slices[0]	16	5051	26	4	3	4	2	4	40892	40872	2,1,0,0,0,0,0,0,0,0,0,0,0,0,0,0,0,0,0,0,0,0,0,0,0,0,0,0,0,0,0,0,0,0,0,0,0,0,0,0	1,0,1,0,0,0,0,0,0,0,0,0,0,0,0,1,0,0,0,0,0,0,0,0,0,0,0,1,0,0,0,0,0,0,0,0,0,0,0,0	26	0	0	0	0	1	40896	40896	0,0,0,0,0,0,0,0,0,0,0,0,0,0,0,0,0,0,0,0,0,0,0,0,0,0,0,0,0,0,0,0,0,0,0,0,0,0,0,0	0,0,0,0,0,0,0,0,0,0,0,0,0,0,0,0,0,0,0,0,0,0,0,0,0,0,0,1,0,0,0,0,0,0,0,0,0,0,0,0
tb.dut.clusters[0].cluster.sockets[0].socket.cores[0].core.execute.fpu_unit.genblk1[0].fpu_fpnew.genblk3[2].fpnew_core.gen_operation_groups[0].i_opgroup_block.gen_parallel_slices[0].active_format	17	5049	26	4	3	4	2	4	40892	40872	2,1,0,0,0,0,0,0,0,0,0,0,0,0,0,0,0,0,0,0,0,0,0,0,0,0,0,0,0,0,0,0,0,0,0,0,0,0,0,0	1,0,1,0,0,0,0,0,0,0,0,0,0,0,0,1,0,0,0,0,0,0,0,0,0,0,0,1,0,0,0,0,0,0,0,0,0,0,0,0	26	0	0	0	0	1	40896	40896	0,0,0,0,0,0,0,0,0,0,0,0,0,0,0,0,0,0,0,0,0,0,0,0,0,0,0,0,0,0,0,0,0,0,0,0,0,0,0,0	0,0,0,0,0,0,0,0,0,0,0,0,0,0,0,0,0,0,0,0,0,0,0,0,0,0,0,1,0,0,0,0,0,0,0,0,0,0,0,0
tb.dut.clusters[0].cluster.sockets[0].socket.cores[0].core.execute.fpu_unit.genblk1[0].fpu_fpnew.genblk3[2].fpnew_core.gen_operation_groups[0].i_opgroup_block.gen_parallel_slices[0].active_format.i_fmt_slice	18	5015	24	4	3	4	2	4	40892	40872	2,1,0,0,0,0,0,0,0,0,0,0,0,0,0,0,0,0,0,0,0,0,0,0,0,0,0,0,0,0,0,0,0,0,0,0,0,0,0,0	1,0,1,0,0,0,0,0,0,0,0,0,0,0,0,1,0,0,0,0,0,0,0,0,0,0,0,1,0,0,0,0,0,0,0,0,0,0,0,0	26	0	0	0	0	1	40896	40896	0,0,0,0,0,0,0,0,0,0,0,0,0,0,0,0,0,0,0,0,0,0,0,0,0,0,0,0,0,0,0,0,0,0,0,0,0,0,0,0	0,0,0,0,0,0,0,0,0,0,0,0,0,0,0,0,0,0,0,0,0,0,0,0,0,0,0,1,0,0,0,0,0,0,0,0,0,0,0,0
tb.dut.clusters[0].cluster.sockets[0].socket.cores[0].core.execute.fpu_unit.genblk1[0].fpu_fpnew.genblk3[2].fpnew_core.gen_operation_groups[0].i_opgroup_block.gen_parallel_slices[0].active_format.i_fmt_slice.gen_num_lanes[0]	19	4401	14	4	3	4	2	4	40892	40872	2,1,0,0,0,0,0,0,0,0,0,0,0,0,0,0,0,0,0,0,0,0,0,0,0,0,0,0,0,0,0,0,0,0,0,0,0,0,0,0	1,0,1,0,0,0,0,0,0,0,0,0,0,0,0,1,0,0,0,0,0,0,0,0,0,0,0,1,0,0,0,0,0,0,0,0,0,0,0,0	23	0	0	0	0	1	40896	40896	0,0,0,0,0,0,0,0,0,0,0,0,0,0,0,0,0,0,0,0,0,0,0,0,0,0,0,0,0,0,0,0,0,0,0,0,0,0,0,0	0,0,0,0,0,0,0,0,0,0,0,0,0,0,0,0,0,0,0,0,0,0,0,0,0,0,0,1,0,0,0,0,0,0,0,0,0,0,0,0
tb.dut.clusters[0].cluster.sockets[0].socket.cores[0].core.execute.fpu_unit.genblk1[0].fpu_fpnew.genblk3[2].fpnew_core.gen_operation_groups[0].i_opgroup_block.gen_parallel_slices[0].active_format.i_fmt_slice.gen_num_lanes[0].active_lane	20	4368	14	4	3	4	2	4	40892	40872	2,1,0,0,0,0,0,0,0,0,0,0,0,0,0,0,0,0,0,0,0,0,0,0,0,0,0,0,0,0,0,0,0,0,0,0,0,0,0,0	1,0,1,0,0,0,0,0,0,0,0,0,0,0,0,1,0,0,0,0,0,0,0,0,0,0,0,1,0,0,0,0,0,0,0,0,0,0,0,0	22	0	0	0	0	1	40896	40896	0,0,0,0,0,0,0,0,0,0,0,0,0,0,0,0,0,0,0,0,0,0,0,0,0,0,0,0,0,0,0,0,0,0,0,0,0,0,0,0	0,0,0,0,0,0,0,0,0,0,0,0,0,0,0,0,0,0,0,0,0,0,0,0,0,0,0,1,0,0,0,0,0,0,0,0,0,0,0,0
tb.dut.clusters[0].cluster.sockets[0].socket.cores[0].core.execute.fpu_unit.genblk1[0].fpu_fpnew.genblk3[2].fpnew_core.gen_operation_groups[0].i_opgroup_block.gen_parallel_slices[0].active_format.i_fmt_slice.gen_num_lanes[0].active_lane.lane_instance	21	4232	12	4	3	4	2	4	40892	40872	2,1,0,0,0,0,0,0,0,0,0,0,0,0,0,0,0,0,0,0,0,0,0,0,0,0,0,0,0,0,0,0,0,0,0,0,0,0,0,0	1,0,1,0,0,0,0,0,0,0,0,0,0,0,0,1,0,0,0,0,0,0,0,0,0,0,0,1,0,0,0,0,0,0,0,0,0,0,0,0	22	0	0	0	0	1	40896	40896	0,0,0,0,0,0,0,0,0,0,0,0,0,0,0,0,0,0,0,0,0,0,0,0,0,0,0,0,0,0,0,0,0,0,0,0,0,0,0,0	0,0,0,0,0,0,0,0,0,0,0,0,0,0,0,0,0,0,0,0,0,0,0,0,0,0,0,1,0,0,0,0,0,0,0,0,0,0,0,0
tb.dut.clusters[0].cluster.sockets[0].socket.cores[0].core.execute.fpu_unit.genblk1[0].fpu_fpnew.genblk3[2].fpnew_core.gen_operation_groups[0].i_opgroup_block.gen_parallel_slices[0].active_format.i_fmt_slice.gen_num_lanes[0].active_lane.lane_instance.i_fma	22	4232	12	4	3	4	2	4	40892	40872	2,1,0,0,0,0,0,0,0,0,0,0,0,0,0,0,0,0,0,0,0,0,0,0,0,0,0,0,0,0,0,0,0,0,0,0,0,0,0,0	1,0,1,0,0,0,0,0,0,0,0,0,0,0,0,1,0,0,0,0,0,0,0,0,0,0,0,1,0,0,0,0,0,0,0,0,0,0,0,0	22	0	0	0	0	1	40896	40896	0,0,0,0,0,0,0,0,0,0,0,0,0,0,0,0,0,0,0,0,0,0,0,0,0,0,0,0,0,0,0,0,0,0,0,0,0,0,0,0	0,0,0,0,0,0,0,0,0,0,0,0,0,0,0,0,0,0,0,0,0,0,0,0,0,0,0,1,0,0,0,0,0,0,0,0,0,0,0,0
tb.dut.clusters[0].cluster.sockets[0].socket.cores[0].core.execute.fpu_unit.genblk1[0].fpu_fpnew.genblk3[2].fpnew_core.gen_operation_groups[0].i_opgroup_block.gen_parallel_slices[0].active_format.i_fmt_slice.gen_num_lanes[0].active_lane.lane_instance.i_fma.gen_input_pipeline[0]	23	1	2	2	2	2	1	3	40894	40889	2,0,0,0,0,0,0,0,0,0,0,0,0,0,0,0,0,0,0,0,0,0,0,0,0,0,0,0,0,0,0,0,0,0,0,0,0,0,0,0	1,0,0,1,0,0,0,0,0,0,0,0,0,0,0,0,0,0,0,0,0,0,0,0,0,0,0,1,0,0,0,0,0,0,0,0,0,0,0,0	2	0	0	0	0	1	40896	40896	0,0,0,0,0,0,0,0,0,0,0,0,0,0,0,0,0,0,0,0,0,0,0,0,0,0,0,0,0,0,0,0,0,0,0,0,0,0,0,0	0,0,0,0,0,0,0,0,0,0,0,0,0,0,0,0,0,0,0,0,0,0,0,0,0,0,0,1,0,0,0,0,0,0,0,0,0,0,0,0
tb.dut.clusters[0].cluster.sockets[0].socket.cores[0].core.execute.fpu_unit.genblk1[0].fpu_fpnew.genblk3[2].fpnew_core.gen_operation_groups[0].i_opgroup_block.gen_parallel_slices[0].active_format.i_fmt_slice.gen_num_lanes[0].active_lane.lane_instance.i_fma.gen_inside_pipeline[0]	23	1	0	0	0	0	0	1	40896	40896	0,0,0,0,0,0,0,0,0,0,0,0,0,0,0,0,0,0,0,0,0,0,0,0,0,0,0,0,0,0,0,0,0,0,0,0,0,0,0,0	0,0,0,0,0,0,0,0,0,0,0,0,0,0,0,0,0,0,0,0,0,0,0,0,0,0,0,1,0,0,0,0,0,0,0,0,0,0,0,0	2	0	0	0	0	1	40896	40896	0,0,0,0,0,0,0,0,0,0,0,0,0,0,0,0,0,0,0,0,0,0,0,0,0,0,0,0,0,0,0,0,0,0,0,0,0,0,0,0	0,0,0,0,0,0,0,0,0,0,0,0,0,0,0,0,0,0,0,0,0,0,0,0,0,0,0,1,0,0,0,0,0,0,0,0,0,0,0,0
tb.dut.clusters[0].cluster.sockets[0].socket.cores[0].core.execute.fpu_unit.genblk1[0].fpu_fpnew.genblk3[2].fpnew_core.gen_operation_groups[0].i_opgroup_block.gen_parallel_slices[0].active_format.i_fmt_slice.gen_num_lanes[0].active_lane.lane_instance.i_fma.gen_inside_pipeline[1]	23	1	0	0	0	0	0	1	40896	40896	0,0,0,0,0,0,0,0,0,0,0,0,0,0,0,0,0,0,0,0,0,0,0,0,0,0,0,0,0,0,0,0,0,0,0,0,0,0,0,0	0,0,0,0,0,0,0,0,0,0,0,0,0,0,0,0,0,0,0,0,0,0,0,0,0,0,0,1,0,0,0,0,0,0,0,0,0,0,0,0	2	0	0	0	0	1	40896	40896	0,0,0,0,0,0,0,0,0,0,0,0,0,0,0,0,0,0,0,0,0,0,0,0,0,0,0,0,0,0,0,0,0,0,0,0,0,0,0,0	0,0,0,0,0,0,0,0,0,0,0,0,0,0,0,0,0,0,0,0,0,0,0,0,0,0,0,1,0,0,0,0,0,0,0,0,0,0,0,0
tb.dut.clusters[0].cluster.sockets[0].socket.cores[0].core.execute.fpu_unit.genblk1[0].fpu_fpnew.genblk3[2].fpnew_core.gen_operation_groups[0].i_opgroup_block.gen_parallel_slices[0].active_format.i_fmt_slice.gen_num_lanes[0].active_lane.lane_instance.i_fma.gen_output_pipeline[0]	23	1	0	0	0	0	0	1	40896	40896	0,0,0,0,0,0,0,0,0,0,0,0,0,0,0,0,0,0,0,0,0,0,0,0,0,0,0,0,0,0,0,0,0,0,0,0,0,0,0,0	0,0,0,0,0,0,0,0,0,0,0,0,0,0,0,0,0,0,0,0,0,0,0,0,0,0,0,1,0,0,0,0,0,0,0,0,0,0,0,0	2	0	0	0	0	1	40896	40896	0,0,0,0,0,0,0,0,0,0,0,0,0,0,0,0,0,0,0,0,0,0,0,0,0,0,0,0,0,0,0,0,0,0,0,0,0,0,0,0	0,0,0,0,0,0,0,0,0,0,0,0,0,0,0,0,0,0,0,0,0,0,0,0,0,0,0,1,0,0,0,0,0,0,0,0,0,0,0,0
tb.dut.clusters[0].cluster.sockets[0].socket.cores[0].core.execute.fpu_unit.genblk1[0].fpu_fpnew.genblk3[2].fpnew_core.gen_operation_groups[0].i_opgroup_block.gen_parallel_slices[0].active_format.i_fmt_slice.gen_num_lanes[0].active_lane.lane_instance.i_fma.i_class_inputs	23	374	0	0	0	0	0	1	40896	40896	0,0,0,0,0,0,0,0,0,0,0,0,0,0,0,0,0,0,0,0,0,0,0,0,0,0,0,0,0,0,0,0,0,0,0,0,0,0,0,0	0,0,0,0,0,0,0,0,0,0,0,0,0,0,0,0,0,0,0,0,0,0,0,0,0,0,0,1,0,0,0,0,0,0,0,0,0,0,0,0	2	0	0	0	0	1	40896	40896	0,0,0,0,0,0,0,0,0,0,0,0,0,0,0,0,0,0,0,0,0,0,0,0,0,0,0,0,0,0,0,0,0,0,0,0,0,0,0,0	0,0,0,0,0,0,0,0,0,0,0,0,0,0,0,0,0,0,0,0,0,0,0,0,0,0,0,1,0,0,0,0,0,0,0,0,0,0,0,0
tb.dut.clusters[0].cluster.sockets[0].socket.cores[0].core.execute.fpu_unit.genblk1[0].fpu_fpnew.genblk3[2].fpnew_core.gen_operation_groups[0].i_opgroup_block.gen_parallel_slices[0].active_format.i_fmt_slice.gen_num_lanes[0].active_lane.lane_instance.i_fma.i_class_inputs.gen_num_values[0]	24	40	0	0	0	0	0	1	40896	40896	0,0,0,0,0,0,0,0,0,0,0,0,0,0,0,0,0,0,0,0,0,0,0,0,0,0,0,0,0,0,0,0,0,0,0,0,0,0,0,0	0,0,0,0,0,0,0,0,0,0,0,0,0,0,0,0,0,0,0,0,0,0,0,0,0,0,0,1,0,0,0,0,0,0,0,0,0,0,0,0	2	0	0	0	0	1	40896	40896	0,0,0,0,0,0,0,0,0,0,0,0,0,0,0,0,0,0,0,0,0,0,0,0,0,0,0,0,0,0,0,0,0,0,0,0,0,0,0,0	0,0,0,0,0,0,0,0,0,0,0,0,0,0,0,0,0,0,0,0,0,0,0,0,0,0,0,1,0,0,0,0,0,0,0,0,0,0,0,0
tb.dut.clusters[0].cluster.sockets[0].socket.cores[0].core.execute.fpu_unit.genblk1[0].fpu_fpnew.genblk3[2].fpnew_core.gen_operation_groups[0].i_opgroup_block.gen_parallel_slices[0].active_format.i_fmt_slice.gen_num_lanes[0].active_lane.lane_instance.i_fma.i_class_inputs.gen_num_values[1]	24	40	0	0	0	0	0	1	40896	40896	0,0,0,0,0,0,0,0,0,0,0,0,0,0,0,0,0,0,0,0,0,0,0,0,0,0,0,0,0,0,0,0,0,0,0,0,0,0,0,0	0,0,0,0,0,0,0,0,0,0,0,0,0,0,0,0,0,0,0,0,0,0,0,0,0,0,0,1,0,0,0,0,0,0,0,0,0,0,0,0	2	0	0	0	0	1	40896	40896	0,0,0,0,0,0,0,0,0,0,0,0,0,0,0,0,0,0,0,0,0,0,0,0,0,0,0,0,0,0,0,0,0,0,0,0,0,0,0,0	0,0,0,0,0,0,0,0,0,0,0,0,0,0,0,0,0,0,0,0,0,0,0,0,0,0,0,1,0,0,0,0,0,0,0,0,0,0,0,0
tb.dut.clusters[0].cluster.sockets[0].socket.cores[0].core.execute.fpu_unit.genblk1[0].fpu_fpnew.genblk3[2].fpnew_core.gen_operation_groups[0].i_opgroup_block.gen_parallel_slices[0].active_format.i_fmt_slice.gen_num_lanes[0].active_lane.lane_instance.i_fma.i_class_inputs.gen_num_values[2]	24	40	0	0	0	0	0	1	40896	40896	0,0,0,0,0,0,0,0,0,0,0,0,0,0,0,0,0,0,0,0,0,0,0,0,0,0,0,0,0,0,0,0,0,0,0,0,0,0,0,0	0,0,0,0,0,0,0,0,0,0,0,0,0,0,0,0,0,0,0,0,0,0,0,0,0,0,0,1,0,0,0,0,0,0,0,0,0,0,0,0	2	0	0	0	0	1	40896	40896	0,0,0,0,0,0,0,0,0,0,0,0,0,0,0,0,0,0,0,0,0,0,0,0,0,0,0,0,0,0,0,0,0,0,0,0,0,0,0,0	0,0,0,0,0,0,0,0,0,0,0,0,0,0,0,0,0,0,0,0,0,0,0,0,0,0,0,1,0,0,0,0,0,0,0,0,0,0,0,0
tb.dut.clusters[0].cluster.sockets[0].socket.cores[0].core.execute.fpu_unit.genblk1[0].fpu_fpnew.genblk3[2].fpnew_core.gen_operation_groups[0].i_opgroup_block.gen_parallel_slices[0].active_format.i_fmt_slice.gen_num_lanes[0].active_lane.lane_instance.i_fma.i_fpnew_rounding	23	104	0	0	0	0	0	1	40896	40896	0,0,0,0,0,0,0,0,0,0,0,0,0,0,0,0,0,0,0,0,0,0,0,0,0,0,0,0,0,0,0,0,0,0,0,0,0,0,0,0	0,0,0,0,0,0,0,0,0,0,0,0,0,0,0,0,0,0,0,0,0,0,0,0,0,0,0,1,0,0,0,0,0,0,0,0,0,0,0,0	2	0	0	0	0	1	40896	40896	0,0,0,0,0,0,0,0,0,0,0,0,0,0,0,0,0,0,0,0,0,0,0,0,0,0,0,0,0,0,0,0,0,0,0,0,0,0,0,0	0,0,0,0,0,0,0,0,0,0,0,0,0,0,0,0,0,0,0,0,0,0,0,0,0,0,0,1,0,0,0,0,0,0,0,0,0,0,0,0
tb.dut.clusters[0].cluster.sockets[0].socket.cores[0].core.execute.fpu_unit.genblk1[0].fpu_fpnew.genblk3[2].fpnew_core.gen_operation_groups[0].i_opgroup_block.gen_parallel_slices[0].active_format.i_fmt_slice.gen_num_lanes[0].active_lane.lane_instance.i_fma.i_lzc	23	960	0	0	0	0	0	1	40896	40896	0,0,0,0,0,0,0,0,0,0,0,0,0,0,0,0,0,0,0,0,0,0,0,0,0,0,0,0,0,0,0,0,0,0,0,0,0,0,0,0	0,0,0,0,0,0,0,0,0,0,0,0,0,0,0,0,0,0,0,0,0,0,0,0,0,0,0,1,0,0,0,0,0,0,0,0,0,0,0,0	5	0	0	0	0	1	40896	40896	0,0,0,0,0,0,0,0,0,0,0,0,0,0,0,0,0,0,0,0,0,0,0,0,0,0,0,0,0,0,0,0,0,0,0,0,0,0,0,0	0,0,0,0,0,0,0,0,0,0,0,0,0,0,0,0,0,0,0,0,0,0,0,0,0,0,0,1,0,0,0,0,0,0,0,0,0,0,0,0
tb.dut.clusters[0].cluster.sockets[0].socket.cores[0].core.execute.fpu_unit.genblk1[0].fpu_fpnew.genblk3[2].fpnew_core.gen_operation_groups[0].i_opgroup_block.gen_parallel_slices[0].active_format.i_fmt_slice.gen_num_lanes[0].active_lane.lane_instance.i_fma.i_lzc.gen_lzc	24	837	0	0	0	0	0	1	40896	40896	0,0,0,0,0,0,0,0,0,0,0,0,0,0,0,0,0,0,0,0,0,0,0,0,0,0,0,0,0,0,0,0,0,0,0,0,0,0,0,0	0,0,0,0,0,0,0,0,0,0,0,0,0,0,0,0,0,0,0,0,0,0,0,0,0,0,0,1,0,0,0,0,0,0,0,0,0,0,0,0	5	0	0	0	0	1	40896	40896	0,0,0,0,0,0,0,0,0,0,0,0,0,0,0,0,0,0,0,0,0,0,0,0,0,0,0,0,0,0,0,0,0,0,0,0,0,0,0,0	0,0,0,0,0,0,0,0,0,0,0,0,0,0,0,0,0,0,0,0,0,0,0,0,0,0,0,1,0,0,0,0,0,0,0,0,0,0,0,0
tb.dut.clusters[0].cluster.sockets[0].socket.cores[0].core.execute.fpu_unit.genblk1[0].fpu_fpnew.genblk3[2].fpnew_core.gen_operation_groups[0].i_opgroup_block.gen_parallel_slices[1]	16	2	0	0	0	0	0	1	40896	40896	0,0,0,0,0,0,0,0,0,0,0,0,0,0,0,0,0,0,0,0,0,0,0,0,0,0,0,0,0,0,0,0,0,0,0,0,0,0,0,0	0,0,0,0,0,0,0,0,0,0,0,0,0,0,0,0,0,0,0,0,0,0,0,0,0,0,0,1,0,0,0,0,0,0,0,0,0,0,0,0	2	0	0	0	0	1	40896	40896	0,0,0,0,0,0,0,0,0,0,0,0,0,0,0,0,0,0,0,0,0,0,0,0,0,0,0,0,0,0,0,0,0,0,0,0,0,0,0,0	0,0,0,0,0,0,0,0,0,0,0,0,0,0,0,0,0,0,0,0,0,0,0,0,0,0,0,1,0,0,0,0,0,0,0,0,0,0,0,0
tb.dut.clusters[0].cluster.sockets[0].socket.cores[0].core.execute.fpu_unit.genblk1[0].fpu_fpnew.genblk3[2].fpnew_core.gen_operation_groups[0].i_opgroup_block.gen_parallel_slices[2]	16	2	0	0	0	0	0	1	40896	40896	0,0,0,0,0,0,0,0,0,0,0,0,0,0,0,0,0,0,0,0,0,0,0,0,0,0,0,0,0,0,0,0,0,0,0,0,0,0,0,0	0,0,0,0,0,0,0,0,0,0,0,0,0,0,0,0,0,0,0,0,0,0,0,0,0,0,0,1,0,0,0,0,0,0,0,0,0,0,0,0	2	0	0	0	0	1	40896	40896	0,0,0,0,0,0,0,0,0,0,0,0,0,0,0,0,0,0,0,0,0,0,0,0,0,0,0,0,0,0,0,0,0,0,0,0,0,0,0,0	0,0,0,0,0,0,0,0,0,0,0,0,0,0,0,0,0,0,0,0,0,0,0,0,0,0,0,1,0,0,0,0,0,0,0,0,0,0,0,0
tb.dut.clusters[0].cluster.sockets[0].socket.cores[0].core.execute.fpu_unit.genblk1[0].fpu_fpnew.genblk3[2].fpnew_core.gen_operation_groups[0].i_opgroup_block.gen_parallel_slices[3]	16	2	0	0	0	0	0	1	40896	40896	0,0,0,0,0,0,0,0,0,0,0,0,0,0,0,0,0,0,0,0,0,0,0,0,0,0,0,0,0,0,0,0,0,0,0,0,0,0,0,0	0,0,0,0,0,0,0,0,0,0,0,0,0,0,0,0,0,0,0,0,0,0,0,0,0,0,0,1,0,0,0,0,0,0,0,0,0,0,0,0	2	0	0	0	0	1	40896	40896	0,0,0,0,0,0,0,0,0,0,0,0,0,0,0,0,0,0,0,0,0,0,0,0,0,0,0,0,0,0,0,0,0,0,0,0,0,0,0,0	0,0,0,0,0,0,0,0,0,0,0,0,0,0,0,0,0,0,0,0,0,0,0,0,0,0,0,1,0,0,0,0,0,0,0,0,0,0,0,0
tb.dut.clusters[0].cluster.sockets[0].socket.cores[0].core.execute.fpu_unit.genblk1[0].fpu_fpnew.genblk3[2].fpnew_core.gen_operation_groups[0].i_opgroup_block.gen_parallel_slices[4]	16	2	0	0	0	0	0	1	40896	40896	0,0,0,0,0,0,0,0,0,0,0,0,0,0,0,0,0,0,0,0,0,0,0,0,0,0,0,0,0,0,0,0,0,0,0,0,0,0,0,0	0,0,0,0,0,0,0,0,0,0,0,0,0,0,0,0,0,0,0,0,0,0,0,0,0,0,0,1,0,0,0,0,0,0,0,0,0,0,0,0	2	0	0	0	0	1	40896	40896	0,0,0,0,0,0,0,0,0,0,0,0,0,0,0,0,0,0,0,0,0,0,0,0,0,0,0,0,0,0,0,0,0,0,0,0,0,0,0,0	0,0,0,0,0,0,0,0,0,0,0,0,0,0,0,0,0,0,0,0,0,0,0,0,0,0,0,1,0,0,0,0,0,0,0,0,0,0,0,0
tb.dut.clusters[0].cluster.sockets[0].socket.cores[0].core.execute.fpu_unit.genblk1[0].fpu_fpnew.genblk3[2].fpnew_core.gen_operation_groups[0].i_opgroup_block.i_arbiter	16	1510	4	2	2	2	1	3	40894	40872	2,0,0,0,0,0,0,0,0,0,0,0,0,0,0,0,0,0,0,0,0,0,0,0,0,0,0,0,0,0,0,0,0,0,0,0,0,0,0,0	0,0,1,0,0,0,0,0,0,0,0,0,0,0,0,0,1,0,0,0,0,0,0,0,0,0,0,1,0,0,0,0,0,0,0,0,0,0,0,0	8	0	0	0	0	1	40896	40896	0,0,0,0,0,0,0,0,0,0,0,0,0,0,0,0,0,0,0,0,0,0,0,0,0,0,0,0,0,0,0,0,0,0,0,0,0,0,0,0	0,0,0,0,0,0,0,0,0,0,0,0,0,0,0,0,0,0,0,0,0,0,0,0,0,0,0,1,0,0,0,0,0,0,0,0,0,0,0,0
tb.dut.clusters[0].cluster.sockets[0].socket.cores[0].core.execute.fpu_unit.genblk1[0].fpu_fpnew.genblk3[2].fpnew_core.gen_operation_groups[0].i_opgroup_block.i_arbiter.gen_arbiter	17	1150	0	0	0	0	0	1	40896	40896	0,0,0,0,0,0,0,0,0,0,0,0,0,0,0,0,0,0,0,0,0,0,0,0,0,0,0,0,0,0,0,0,0,0,0,0,0,0,0,0	0,0,0,0,0,0,0,0,0,0,0,0,0,0,0,0,0,0,0,0,0,0,0,0,0,0,0,1,0,0,0,0,0,0,0,0,0,0,0,0	6	0	0	0	0	1	40896	40896	0,0,0,0,0,0,0,0,0,0,0,0,0,0,0,0,0,0,0,0,0,0,0,0,0,0,0,0,0,0,0,0,0,0,0,0,0,0,0,0	0,0,0,0,0,0,0,0,0,0,0,0,0,0,0,0,0,0,0,0,0,0,0,0,0,0,0,1,0,0,0,0,0,0,0,0,0,0,0,0
tb.dut.clusters[0].cluster.sockets[0].socket.cores[0].core.execute.fpu_unit.genblk1[0].fpu_fpnew.genblk3[2].fpnew_core.gen_operation_groups[0].i_opgroup_block.i_arbiter.gen_arbiter.gen_int_rr	18	340	0	0	0	0	0	1	40896	40896	0,0,0,0,0,0,0,0,0,0,0,0,0,0,0,0,0,0,0,0,0,0,0,0,0,0,0,0,0,0,0,0,0,0,0,0,0,0,0,0	0,0,0,0,0,0,0,0,0,0,0,0,0,0,0,0,0,0,0,0,0,0,0,0,0,0,0,1,0,0,0,0,0,0,0,0,0,0,0,0	2	0	0	0	0	1	40896	40896	0,0,0,0,0,0,0,0,0,0,0,0,0,0,0,0,0,0,0,0,0,0,0,0,0,0,0,0,0,0,0,0,0,0,0,0,0,0,0,0	0,0,0,0,0,0,0,0,0,0,0,0,0,0,0,0,0,0,0,0,0,0,0,0,0,0,0,1,0,0,0,0,0,0,0,0,0,0,0,0
tb.dut.clusters[0].cluster.sockets[0].socket.cores[0].core.execute.fpu_unit.genblk1[0].fpu_fpnew.genblk3[2].fpnew_core.gen_operation_groups[0].i_opgroup_block.i_arbiter.gen_arbiter.gen_int_rr.gen_fair_arb	19	337	0	0	0	0	0	1	40896	40896	0,0,0,0,0,0,0,0,0,0,0,0,0,0,0,0,0,0,0,0,0,0,0,0,0,0,0,0,0,0,0,0,0,0,0,0,0,0,0,0	0,0,0,0,0,0,0,0,0,0,0,0,0,0,0,0,0,0,0,0,0,0,0,0,0,0,0,1,0,0,0,0,0,0,0,0,0,0,0,0	2	0	0	0	0	1	40896	40896	0,0,0,0,0,0,0,0,0,0,0,0,0,0,0,0,0,0,0,0,0,0,0,0,0,0,0,0,0,0,0,0,0,0,0,0,0,0,0,0	0,0,0,0,0,0,0,0,0,0,0,0,0,0,0,0,0,0,0,0,0,0,0,0,0,0,0,1,0,0,0,0,0,0,0,0,0,0,0,0
tb.dut.clusters[0].cluster.sockets[0].socket.cores[0].core.execute.fpu_unit.genblk1[0].fpu_fpnew.genblk3[2].fpnew_core.gen_operation_groups[0].i_opgroup_block.i_arbiter.gen_arbiter.gen_int_rr.gen_fair_arb.i_lzc_lower	20	158	0	0	0	0	0	1	40896	40896	0,0,0,0,0,0,0,0,0,0,0,0,0,0,0,0,0,0,0,0,0,0,0,0,0,0,0,0,0,0,0,0,0,0,0,0,0,0,0,0	0,0,0,0,0,0,0,0,0,0,0,0,0,0,0,0,0,0,0,0,0,0,0,0,0,0,0,1,0,0,0,0,0,0,0,0,0,0,0,0	2	0	0	0	0	1	40896	40896	0,0,0,0,0,0,0,0,0,0,0,0,0,0,0,0,0,0,0,0,0,0,0,0,0,0,0,0,0,0,0,0,0,0,0,0,0,0,0,0	0,0,0,0,0,0,0,0,0,0,0,0,0,0,0,0,0,0,0,0,0,0,0,0,0,0,0,1,0,0,0,0,0,0,0,0,0,0,0,0
tb.dut.clusters[0].cluster.sockets[0].socket.cores[0].core.execute.fpu_unit.genblk1[0].fpu_fpnew.genblk3[2].fpnew_core.gen_operation_groups[0].i_opgroup_block.i_arbiter.gen_arbiter.gen_int_rr.gen_fair_arb.i_lzc_lower.gen_lzc	21	84	0	0	0	0	0	1	40896	40896	0,0,0,0,0,0,0,0,0,0,0,0,0,0,0,0,0,0,0,0,0,0,0,0,0,0,0,0,0,0,0,0,0,0,0,0,0,0,0,0	0,0,0,0,0,0,0,0,0,0,0,0,0,0,0,0,0,0,0,0,0,0,0,0,0,0,0,1,0,0,0,0,0,0,0,0,0,0,0,0	2	0	0	0	0	1	40896	40896	0,0,0,0,0,0,0,0,0,0,0,0,0,0,0,0,0,0,0,0,0,0,0,0,0,0,0,0,0,0,0,0,0,0,0,0,0,0,0,0	0,0,0,0,0,0,0,0,0,0,0,0,0,0,0,0,0,0,0,0,0,0,0,0,0,0,0,1,0,0,0,0,0,0,0,0,0,0,0,0
tb.dut.clusters[0].cluster.sockets[0].socket.cores[0].core.execute.fpu_unit.genblk1[0].fpu_fpnew.genblk3[2].fpnew_core.gen_operation_groups[0].i_opgroup_block.i_arbiter.gen_arbiter.gen_int_rr.gen_fair_arb.i_lzc_upper	20	158	0	0	0	0	0	1	40896	40896	0,0,0,0,0,0,0,0,0,0,0,0,0,0,0,0,0,0,0,0,0,0,0,0,0,0,0,0,0,0,0,0,0,0,0,0,0,0,0,0	0,0,0,0,0,0,0,0,0,0,0,0,0,0,0,0,0,0,0,0,0,0,0,0,0,0,0,1,0,0,0,0,0,0,0,0,0,0,0,0	2	0	0	0	0	1	40896	40896	0,0,0,0,0,0,0,0,0,0,0,0,0,0,0,0,0,0,0,0,0,0,0,0,0,0,0,0,0,0,0,0,0,0,0,0,0,0,0,0	0,0,0,0,0,0,0,0,0,0,0,0,0,0,0,0,0,0,0,0,0,0,0,0,0,0,0,1,0,0,0,0,0,0,0,0,0,0,0,0
tb.dut.clusters[0].cluster.sockets[0].socket.cores[0].core.execute.fpu_unit.genblk1[0].fpu_fpnew.genblk3[2].fpnew_core.gen_operation_groups[0].i_opgroup_block.i_arbiter.gen_arbiter.gen_int_rr.gen_fair_arb.i_lzc_upper.gen_lzc	21	84	0	0	0	0	0	1	40896	40896	0,0,0,0,0,0,0,0,0,0,0,0,0,0,0,0,0,0,0,0,0,0,0,0,0,0,0,0,0,0,0,0,0,0,0,0,0,0,0,0	0,0,0,0,0,0,0,0,0,0,0,0,0,0,0,0,0,0,0,0,0,0,0,0,0,0,0,1,0,0,0,0,0,0,0,0,0,0,0,0	2	0	0	0	0	1	40896	40896	0,0,0,0,0,0,0,0,0,0,0,0,0,0,0,0,0,0,0,0,0,0,0,0,0,0,0,0,0,0,0,0,0,0,0,0,0,0,0,0	0,0,0,0,0,0,0,0,0,0,0,0,0,0,0,0,0,0,0,0,0,0,0,0,0,0,0,1,0,0,0,0,0,0,0,0,0,0,0,0
tb.dut.clusters[0].cluster.sockets[0].socket.cores[0].core.execute.fpu_unit.genblk1[0].fpu_fpnew.genblk3[2].fpnew_core.gen_operation_groups[0].i_opgroup_block.i_arbiter.gen_arbiter.gen_levels[0]	18	65	0	0	0	0	0	1	40896	40896	0,0,0,0,0,0,0,0,0,0,0,0,0,0,0,0,0,0,0,0,0,0,0,0,0,0,0,0,0,0,0,0,0,0,0,0,0,0,0,0	0,0,0,0,0,0,0,0,0,0,0,0,0,0,0,0,0,0,0,0,0,0,0,0,0,0,0,1,0,0,0,0,0,0,0,0,0,0,0,0	2	0	0	0	0	1	40896	40896	0,0,0,0,0,0,0,0,0,0,0,0,0,0,0,0,0,0,0,0,0,0,0,0,0,0,0,0,0,0,0,0,0,0,0,0,0,0,0,0	0,0,0,0,0,0,0,0,0,0,0,0,0,0,0,0,0,0,0,0,0,0,0,0,0,0,0,1,0,0,0,0,0,0,0,0,0,0,0,0
tb.dut.clusters[0].cluster.sockets[0].socket.cores[0].core.execute.fpu_unit.genblk1[0].fpu_fpnew.genblk3[2].fpnew_core.gen_operation_groups[0].i_opgroup_block.i_arbiter.gen_arbiter.gen_levels[0].gen_level[0]	19	65	0	0	0	0	0	1	40896	40896	0,0,0,0,0,0,0,0,0,0,0,0,0,0,0,0,0,0,0,0,0,0,0,0,0,0,0,0,0,0,0,0,0,0,0,0,0,0,0,0	0,0,0,0,0,0,0,0,0,0,0,0,0,0,0,0,0,0,0,0,0,0,0,0,0,0,0,1,0,0,0,0,0,0,0,0,0,0,0,0	2	0	0	0	0	1	40896	40896	0,0,0,0,0,0,0,0,0,0,0,0,0,0,0,0,0,0,0,0,0,0,0,0,0,0,0,0,0,0,0,0,0,0,0,0,0,0,0,0	0,0,0,0,0,0,0,0,0,0,0,0,0,0,0,0,0,0,0,0,0,0,0,0,0,0,0,1,0,0,0,0,0,0,0,0,0,0,0,0
tb.dut.clusters[0].cluster.sockets[0].socket.cores[0].core.execute.fpu_unit.genblk1[0].fpu_fpnew.genblk3[2].fpnew_core.gen_operation_groups[0].i_opgroup_block.i_arbiter.gen_arbiter.gen_levels[1]	18	130	0	0	0	0	0	1	40896	40896	0,0,0,0,0,0,0,0,0,0,0,0,0,0,0,0,0,0,0,0,0,0,0,0,0,0,0,0,0,0,0,0,0,0,0,0,0,0,0,0	0,0,0,0,0,0,0,0,0,0,0,0,0,0,0,0,0,0,0,0,0,0,0,0,0,0,0,1,0,0,0,0,0,0,0,0,0,0,0,0	2	0	0	0	0	1	40896	40896	0,0,0,0,0,0,0,0,0,0,0,0,0,0,0,0,0,0,0,0,0,0,0,0,0,0,0,0,0,0,0,0,0,0,0,0,0,0,0,0	0,0,0,0,0,0,0,0,0,0,0,0,0,0,0,0,0,0,0,0,0,0,0,0,0,0,0,1,0,0,0,0,0,0,0,0,0,0,0,0
tb.dut.clusters[0].cluster.sockets[0].socket.cores[0].core.execute.fpu_unit.genblk1[0].fpu_fpnew.genblk3[2].fpnew_core.gen_operation_groups[0].i_opgroup_block.i_arbiter.gen_arbiter.gen_levels[1].gen_level[0]	19	65	0	0	0	0	0	1	40896	40896	0,0,0,0,0,0,0,0,0,0,0,0,0,0,0,0,0,0,0,0,0,0,0,0,0,0,0,0,0,0,0,0,0,0,0,0,0,0,0,0	0,0,0,0,0,0,0,0,0,0,0,0,0,0,0,0,0,0,0,0,0,0,0,0,0,0,0,1,0,0,0,0,0,0,0,0,0,0,0,0	2	0	0	0	0	1	40896	40896	0,0,0,0,0,0,0,0,0,0,0,0,0,0,0,0,0,0,0,0,0,0,0,0,0,0,0,0,0,0,0,0,0,0,0,0,0,0,0,0	0,0,0,0,0,0,0,0,0,0,0,0,0,0,0,0,0,0,0,0,0,0,0,0,0,0,0,1,0,0,0,0,0,0,0,0,0,0,0,0
tb.dut.clusters[0].cluster.sockets[0].socket.cores[0].core.execute.fpu_unit.genblk1[0].fpu_fpnew.genblk3[2].fpnew_core.gen_operation_groups[0].i_opgroup_block.i_arbiter.gen_arbiter.gen_levels[1].gen_level[1]	19	65	0	0	0	0	0	1	40896	40896	0,0,0,0,0,0,0,0,0,0,0,0,0,0,0,0,0,0,0,0,0,0,0,0,0,0,0,0,0,0,0,0,0,0,0,0,0,0,0,0	0,0,0,0,0,0,0,0,0,0,0,0,0,0,0,0,0,0,0,0,0,0,0,0,0,0,0,1,0,0,0,0,0,0,0,0,0,0,0,0	2	0	0	0	0	1	40896	40896	0,0,0,0,0,0,0,0,0,0,0,0,0,0,0,0,0,0,0,0,0,0,0,0,0,0,0,0,0,0,0,0,0,0,0,0,0,0,0,0	0,0,0,0,0,0,0,0,0,0,0,0,0,0,0,0,0,0,0,0,0,0,0,0,0,0,0,1,0,0,0,0,0,0,0,0,0,0,0,0
tb.dut.clusters[0].cluster.sockets[0].socket.cores[0].core.execute.fpu_unit.genblk1[0].fpu_fpnew.genblk3[2].fpnew_core.gen_operation_groups[0].i_opgroup_block.i_arbiter.gen_arbiter.gen_levels[2]	18	260	0	0	0	0	0	1	40896	40896	0,0,0,0,0,0,0,0,0,0,0,0,0,0,0,0,0,0,0,0,0,0,0,0,0,0,0,0,0,0,0,0,0,0,0,0,0,0,0,0	0,0,0,0,0,0,0,0,0,0,0,0,0,0,0,0,0,0,0,0,0,0,0,0,0,0,0,1,0,0,0,0,0,0,0,0,0,0,0,0	2	0	0	0	0	1	40896	40896	0,0,0,0,0,0,0,0,0,0,0,0,0,0,0,0,0,0,0,0,0,0,0,0,0,0,0,0,0,0,0,0,0,0,0,0,0,0,0,0	0,0,0,0,0,0,0,0,0,0,0,0,0,0,0,0,0,0,0,0,0,0,0,0,0,0,0,1,0,0,0,0,0,0,0,0,0,0,0,0
tb.dut.clusters[0].cluster.sockets[0].socket.cores[0].core.execute.fpu_unit.genblk1[0].fpu_fpnew.genblk3[2].fpnew_core.gen_operation_groups[0].i_opgroup_block.i_arbiter.gen_arbiter.gen_levels[2].gen_level[0]	19	65	0	0	0	0	0	1	40896	40896	0,0,0,0,0,0,0,0,0,0,0,0,0,0,0,0,0,0,0,0,0,0,0,0,0,0,0,0,0,0,0,0,0,0,0,0,0,0,0,0	0,0,0,0,0,0,0,0,0,0,0,0,0,0,0,0,0,0,0,0,0,0,0,0,0,0,0,1,0,0,0,0,0,0,0,0,0,0,0,0	2	0	0	0	0	1	40896	40896	0,0,0,0,0,0,0,0,0,0,0,0,0,0,0,0,0,0,0,0,0,0,0,0,0,0,0,0,0,0,0,0,0,0,0,0,0,0,0,0	0,0,0,0,0,0,0,0,0,0,0,0,0,0,0,0,0,0,0,0,0,0,0,0,0,0,0,1,0,0,0,0,0,0,0,0,0,0,0,0
tb.dut.clusters[0].cluster.sockets[0].socket.cores[0].core.execute.fpu_unit.genblk1[0].fpu_fpnew.genblk3[2].fpnew_core.gen_operation_groups[0].i_opgroup_block.i_arbiter.gen_arbiter.gen_levels[2].gen_level[1]	19	65	0	0	0	0	0	1	40896	40896	0,0,0,0,0,0,0,0,0,0,0,0,0,0,0,0,0,0,0,0,0,0,0,0,0,0,0,0,0,0,0,0,0,0,0,0,0,0,0,0	0,0,0,0,0,0,0,0,0,0,0,0,0,0,0,0,0,0,0,0,0,0,0,0,0,0,0,1,0,0,0,0,0,0,0,0,0,0,0,0	2	0	0	0	0	1	40896	40896	0,0,0,0,0,0,0,0,0,0,0,0,0,0,0,0,0,0,0,0,0,0,0,0,0,0,0,0,0,0,0,0,0,0,0,0,0,0,0,0	0,0,0,0,0,0,0,0,0,0,0,0,0,0,0,0,0,0,0,0,0,0,0,0,0,0,0,1,0,0,0,0,0,0,0,0,0,0,0,0
tb.dut.clusters[0].cluster.sockets[0].socket.cores[0].core.execute.fpu_unit.genblk1[0].fpu_fpnew.genblk3[2].fpnew_core.gen_operation_groups[0].i_opgroup_block.i_arbiter.gen_arbiter.gen_levels[2].gen_level[2]	19	65	0	0	0	0	0	1	40896	40896	0,0,0,0,0,0,0,0,0,0,0,0,0,0,0,0,0,0,0,0,0,0,0,0,0,0,0,0,0,0,0,0,0,0,0,0,0,0,0,0	0,0,0,0,0,0,0,0,0,0,0,0,0,0,0,0,0,0,0,0,0,0,0,0,0,0,0,1,0,0,0,0,0,0,0,0,0,0,0,0	2	0	0	0	0	1	40896	40896	0,0,0,0,0,0,0,0,0,0,0,0,0,0,0,0,0,0,0,0,0,0,0,0,0,0,0,0,0,0,0,0,0,0,0,0,0,0,0,0	0,0,0,0,0,0,0,0,0,0,0,0,0,0,0,0,0,0,0,0,0,0,0,0,0,0,0,1,0,0,0,0,0,0,0,0,0,0,0,0
tb.dut.clusters[0].cluster.sockets[0].socket.cores[0].core.execute.fpu_unit.genblk1[0].fpu_fpnew.genblk3[2].fpnew_core.gen_operation_groups[0].i_opgroup_block.i_arbiter.gen_arbiter.gen_levels[2].gen_level[3]	19	65	0	0	0	0	0	1	40896	40896	0,0,0,0,0,0,0,0,0,0,0,0,0,0,0,0,0,0,0,0,0,0,0,0,0,0,0,0,0,0,0,0,0,0,0,0,0,0,0,0	0,0,0,0,0,0,0,0,0,0,0,0,0,0,0,0,0,0,0,0,0,0,0,0,0,0,0,1,0,0,0,0,0,0,0,0,0,0,0,0	2	0	0	0	0	1	40896	40896	0,0,0,0,0,0,0,0,0,0,0,0,0,0,0,0,0,0,0,0,0,0,0,0,0,0,0,0,0,0,0,0,0,0,0,0,0,0,0,0	0,0,0,0,0,0,0,0,0,0,0,0,0,0,0,0,0,0,0,0,0,0,0,0,0,0,0,1,0,0,0,0,0,0,0,0,0,0,0,0
tb.dut.clusters[0].cluster.sockets[0].socket.cores[0].core.execute.fpu_unit.genblk1[0].fpu_fpnew.genblk3[2].fpnew_core.gen_operation_groups[1]	14	18392	35	2	2	2	1	3	40894	40872	2,0,0,0,0,0,0,0,0,0,0,0,0,0,0,0,0,0,0,0,0,0,0,0,0,0,0,0,0,0,0,0,0,0,0,0,0,0,0,0	0,0,1,0,0,0,0,0,0,0,0,0,0,0,0,0,1,0,0,0,0,0,0,0,0,0,0,1,0,0,0,0,0,0,0,0,0,0,0,0	92	0	0	0	0	1	40896	40896	0,0,0,0,0,0,0,0,0,0,0,0,0,0,0,0,0,0,0,0,0,0,0,0,0,0,0,0,0,0,0,0,0,0,0,0,0,0,0,0	0,0,0,0,0,0,0,0,0,0,0,0,0,0,0,0,0,0,0,0,0,0,0,0,0,0,0,1,0,0,0,0,0,0,0,0,0,0,0,0
tb.dut.clusters[0].cluster.sockets[0].socket.cores[0].core.execute.fpu_unit.genblk1[0].fpu_fpnew.genblk3[2].fpnew_core.gen_operation_groups[1].i_opgroup_block	15	18349	35	2	2	2	1	3	40894	40872	2,0,0,0,0,0,0,0,0,0,0,0,0,0,0,0,0,0,0,0,0,0,0,0,0,0,0,0,0,0,0,0,0,0,0,0,0,0,0,0	0,0,1,0,0,0,0,0,0,0,0,0,0,0,0,0,1,0,0,0,0,0,0,0,0,0,0,1,0,0,0,0,0,0,0,0,0,0,0,0	92	0	0	0	0	1	40896	40896	0,0,0,0,0,0,0,0,0,0,0,0,0,0,0,0,0,0,0,0,0,0,0,0,0,0,0,0,0,0,0,0,0,0,0,0,0,0,0,0	0,0,0,0,0,0,0,0,0,0,0,0,0,0,0,0,0,0,0,0,0,0,0,0,0,0,0,1,0,0,0,0,0,0,0,0,0,0,0,0
tb.dut.clusters[0].cluster.sockets[0].socket.cores[0].core.execute.fpu_unit.genblk1[0].fpu_fpnew.genblk3[2].fpnew_core.gen_operation_groups[1].i_opgroup_block.gen_merged_slice	16	16083	27	2	2	2	1	3	40894	40872	2,0,0,0,0,0,0,0,0,0,0,0,0,0,0,0,0,0,0,0,0,0,0,0,0,0,0,0,0,0,0,0,0,0,0,0,0,0,0,0	0,0,1,0,0,0,0,0,0,0,0,0,0,0,0,0,1,0,0,0,0,0,0,0,0,0,0,1,0,0,0,0,0,0,0,0,0,0,0,0	81	0	0	0	0	1	40896	40896	0,0,0,0,0,0,0,0,0,0,0,0,0,0,0,0,0,0,0,0,0,0,0,0,0,0,0,0,0,0,0,0,0,0,0,0,0,0,0,0	0,0,0,0,0,0,0,0,0,0,0,0,0,0,0,0,0,0,0,0,0,0,0,0,0,0,0,1,0,0,0,0,0,0,0,0,0,0,0,0
tb.dut.clusters[0].cluster.sockets[0].socket.cores[0].core.execute.fpu_unit.genblk1[0].fpu_fpnew.genblk3[2].fpnew_core.gen_operation_groups[1].i_opgroup_block.gen_merged_slice.i_multifmt_slice	17	16047	27	2	2	2	1	3	40894	40872	2,0,0,0,0,0,0,0,0,0,0,0,0,0,0,0,0,0,0,0,0,0,0,0,0,0,0,0,0,0,0,0,0,0,0,0,0,0,0,0	0,0,1,0,0,0,0,0,0,0,0,0,0,0,0,0,1,0,0,0,0,0,0,0,0,0,0,1,0,0,0,0,0,0,0,0,0,0,0,0	81	0	0	0	0	1	40896	40896	0,0,0,0,0,0,0,0,0,0,0,0,0,0,0,0,0,0,0,0,0,0,0,0,0,0,0,0,0,0,0,0,0,0,0,0,0,0,0,0	0,0,0,0,0,0,0,0,0,0,0,0,0,0,0,0,0,0,0,0,0,0,0,0,0,0,0,1,0,0,0,0,0,0,0,0,0,0,0,0
tb.dut.clusters[0].cluster.sockets[0].socket.cores[0].core.execute.fpu_unit.genblk1[0].fpu_fpnew.genblk3[2].fpnew_core.gen_operation_groups[1].i_opgroup_block.gen_merged_slice.i_multifmt_slice.extend_fp_result[0]	18	32	0	0	0	0	0	1	40896	40896	0,0,0,0,0,0,0,0,0,0,0,0,0,0,0,0,0,0,0,0,0,0,0,0,0,0,0,0,0,0,0,0,0,0,0,0,0,0,0,0	0,0,0,0,0,0,0,0,0,0,0,0,0,0,0,0,0,0,0,0,0,0,0,0,0,0,0,1,0,0,0,0,0,0,0,0,0,0,0,0	2	0	0	0	0	1	40896	40896	0,0,0,0,0,0,0,0,0,0,0,0,0,0,0,0,0,0,0,0,0,0,0,0,0,0,0,0,0,0,0,0,0,0,0,0,0,0,0,0	0,0,0,0,0,0,0,0,0,0,0,0,0,0,0,0,0,0,0,0,0,0,0,0,0,0,0,1,0,0,0,0,0,0,0,0,0,0,0,0
tb.dut.clusters[0].cluster.sockets[0].socket.cores[0].core.execute.fpu_unit.genblk1[0].fpu_fpnew.genblk3[2].fpnew_core.gen_operation_groups[1].i_opgroup_block.gen_merged_slice.i_multifmt_slice.extend_fp_result[1]	18	32	0	0	0	0	0	1	40896	40896	0,0,0,0,0,0,0,0,0,0,0,0,0,0,0,0,0,0,0,0,0,0,0,0,0,0,0,0,0,0,0,0,0,0,0,0,0,0,0,0	0,0,0,0,0,0,0,0,0,0,0,0,0,0,0,0,0,0,0,0,0,0,0,0,0,0,0,1,0,0,0,0,0,0,0,0,0,0,0,0	2	0	0	0	0	1	40896	40896	0,0,0,0,0,0,0,0,0,0,0,0,0,0,0,0,0,0,0,0,0,0,0,0,0,0,0,0,0,0,0,0,0,0,0,0,0,0,0,0	0,0,0,0,0,0,0,0,0,0,0,0,0,0,0,0,0,0,0,0,0,0,0,0,0,0,0,1,0,0,0,0,0,0,0,0,0,0,0,0
tb.dut.clusters[0].cluster.sockets[0].socket.cores[0].core.execute.fpu_unit.genblk1[0].fpu_fpnew.genblk3[2].fpnew_core.gen_operation_groups[1].i_opgroup_block.gen_merged_slice.i_multifmt_slice.extend_fp_result[2]	18	32	0	0	0	0	0	1	40896	40896	0,0,0,0,0,0,0,0,0,0,0,0,0,0,0,0,0,0,0,0,0,0,0,0,0,0,0,0,0,0,0,0,0,0,0,0,0,0,0,0	0,0,0,0,0,0,0,0,0,0,0,0,0,0,0,0,0,0,0,0,0,0,0,0,0,0,0,1,0,0,0,0,0,0,0,0,0,0,0,0	2	0	0	0	0	1	40896	40896	0,0,0,0,0,0,0,0,0,0,0,0,0,0,0,0,0,0,0,0,0,0,0,0,0,0,0,0,0,0,0,0,0,0,0,0,0,0,0,0	0,0,0,0,0,0,0,0,0,0,0,0,0,0,0,0,0,0,0,0,0,0,0,0,0,0,0,1,0,0,0,0,0,0,0,0,0,0,0,0
tb.dut.clusters[0].cluster.sockets[0].socket.cores[0].core.execute.fpu_unit.genblk1[0].fpu_fpnew.genblk3[2].fpnew_core.gen_operation_groups[1].i_opgroup_block.gen_merged_slice.i_multifmt_slice.extend_fp_result[3]	18	32	0	0	0	0	0	1	40896	40896	0,0,0,0,0,0,0,0,0,0,0,0,0,0,0,0,0,0,0,0,0,0,0,0,0,0,0,0,0,0,0,0,0,0,0,0,0,0,0,0	0,0,0,0,0,0,0,0,0,0,0,0,0,0,0,0,0,0,0,0,0,0,0,0,0,0,0,1,0,0,0,0,0,0,0,0,0,0,0,0	2	0	0	0	0	1	40896	40896	0,0,0,0,0,0,0,0,0,0,0,0,0,0,0,0,0,0,0,0,0,0,0,0,0,0,0,0,0,0,0,0,0,0,0,0,0,0,0,0	0,0,0,0,0,0,0,0,0,0,0,0,0,0,0,0,0,0,0,0,0,0,0,0,0,0,0,1,0,0,0,0,0,0,0,0,0,0,0,0
tb.dut.clusters[0].cluster.sockets[0].socket.cores[0].core.execute.fpu_unit.genblk1[0].fpu_fpnew.genblk3[2].fpnew_core.gen_operation_groups[1].i_opgroup_block.gen_merged_slice.i_multifmt_slice.extend_fp_result[4]	18	32	0	0	0	0	0	1	40896	40896	0,0,0,0,0,0,0,0,0,0,0,0,0,0,0,0,0,0,0,0,0,0,0,0,0,0,0,0,0,0,0,0,0,0,0,0,0,0,0,0	0,0,0,0,0,0,0,0,0,0,0,0,0,0,0,0,0,0,0,0,0,0,0,0,0,0,0,1,0,0,0,0,0,0,0,0,0,0,0,0	2	0	0	0	0	1	40896	40896	0,0,0,0,0,0,0,0,0,0,0,0,0,0,0,0,0,0,0,0,0,0,0,0,0,0,0,0,0,0,0,0,0,0,0,0,0,0,0,0	0,0,0,0,0,0,0,0,0,0,0,0,0,0,0,0,0,0,0,0,0,0,0,0,0,0,0,1,0,0,0,0,0,0,0,0,0,0,0,0
tb.dut.clusters[0].cluster.sockets[0].socket.cores[0].core.execute.fpu_unit.genblk1[0].fpu_fpnew.genblk3[2].fpnew_core.gen_operation_groups[1].i_opgroup_block.gen_merged_slice.i_multifmt_slice.gen_num_lanes[0]	18	14916	23	2	2	2	1	3	40894	40872	2,0,0,0,0,0,0,0,0,0,0,0,0,0,0,0,0,0,0,0,0,0,0,0,0,0,0,0,0,0,0,0,0,0,0,0,0,0,0,0	0,0,1,0,0,0,0,0,0,0,0,0,0,0,0,0,1,0,0,0,0,0,0,0,0,0,0,1,0,0,0,0,0,0,0,0,0,0,0,0	75	0	0	0	0	1	40896	40896	0,0,0,0,0,0,0,0,0,0,0,0,0,0,0,0,0,0,0,0,0,0,0,0,0,0,0,0,0,0,0,0,0,0,0,0,0,0,0,0	0,0,0,0,0,0,0,0,0,0,0,0,0,0,0,0,0,0,0,0,0,0,0,0,0,0,0,1,0,0,0,0,0,0,0,0,0,0,0,0
tb.dut.clusters[0].cluster.sockets[0].socket.cores[0].core.execute.fpu_unit.genblk1[0].fpu_fpnew.genblk3[2].fpnew_core.gen_operation_groups[1].i_opgroup_block.gen_merged_slice.i_multifmt_slice.gen_num_lanes[0].active_lane	19	14573	23	2	2	2	1	3	40894	40872	2,0,0,0,0,0,0,0,0,0,0,0,0,0,0,0,0,0,0,0,0,0,0,0,0,0,0,0,0,0,0,0,0,0,0,0,0,0,0,0	0,0,1,0,0,0,0,0,0,0,0,0,0,0,0,0,1,0,0,0,0,0,0,0,0,0,0,1,0,0,0,0,0,0,0,0,0,0,0,0	73	0	0	0	0	1	40896	40896	0,0,0,0,0,0,0,0,0,0,0,0,0,0,0,0,0,0,0,0,0,0,0,0,0,0,0,0,0,0,0,0,0,0,0,0,0,0,0,0	0,0,0,0,0,0,0,0,0,0,0,0,0,0,0,0,0,0,0,0,0,0,0,0,0,0,0,1,0,0,0,0,0,0,0,0,0,0,0,0
tb.dut.clusters[0].cluster.sockets[0].socket.cores[0].core.execute.fpu_unit.genblk1[0].fpu_fpnew.genblk3[2].fpnew_core.gen_operation_groups[1].i_opgroup_block.gen_merged_slice.i_multifmt_slice.gen_num_lanes[0].active_lane.lane_instance	20	14469	23	2	2	2	1	3	40894	40872	2,0,0,0,0,0,0,0,0,0,0,0,0,0,0,0,0,0,0,0,0,0,0,0,0,0,0,0,0,0,0,0,0,0,0,0,0,0,0,0	0,0,1,0,0,0,0,0,0,0,0,0,0,0,0,0,1,0,0,0,0,0,0,0,0,0,0,1,0,0,0,0,0,0,0,0,0,0,0,0	73	0	0	0	0	1	40896	40896	0,0,0,0,0,0,0,0,0,0,0,0,0,0,0,0,0,0,0,0,0,0,0,0,0,0,0,0,0,0,0,0,0,0,0,0,0,0,0,0	0,0,0,0,0,0,0,0,0,0,0,0,0,0,0,0,0,0,0,0,0,0,0,0,0,0,0,1,0,0,0,0,0,0,0,0,0,0,0,0
tb.dut.clusters[0].cluster.sockets[0].socket.cores[0].core.execute.fpu_unit.genblk1[0].fpu_fpnew.genblk3[2].fpnew_core.gen_operation_groups[1].i_opgroup_block.gen_merged_slice.i_multifmt_slice.gen_num_lanes[0].active_lane.lane_instance.genblk1	21	14469	23	2	2	2	1	3	40894	40872	2,0,0,0,0,0,0,0,0,0,0,0,0,0,0,0,0,0,0,0,0,0,0,0,0,0,0,0,0,0,0,0,0,0,0,0,0,0,0,0	0,0,1,0,0,0,0,0,0,0,0,0,0,0,0,0,1,0,0,0,0,0,0,0,0,0,0,1,0,0,0,0,0,0,0,0,0,0,0,0	73	0	0	0	0	1	40896	40896	0,0,0,0,0,0,0,0,0,0,0,0,0,0,0,0,0,0,0,0,0,0,0,0,0,0,0,0,0,0,0,0,0,0,0,0,0,0,0,0	0,0,0,0,0,0,0,0,0,0,0,0,0,0,0,0,0,0,0,0,0,0,0,0,0,0,0,1,0,0,0,0,0,0,0,0,0,0,0,0
tb.dut.clusters[0].cluster.sockets[0].socket.cores[0].core.execute.fpu_unit.genblk1[0].fpu_fpnew.genblk3[2].fpnew_core.gen_operation_groups[1].i_opgroup_block.gen_merged_slice.i_multifmt_slice.gen_num_lanes[0].active_lane.lane_instance.genblk1.i_fpnew_divsqrt_multi	22	14469	23	2	2	2	1	3	40894	40872	2,0,0,0,0,0,0,0,0,0,0,0,0,0,0,0,0,0,0,0,0,0,0,0,0,0,0,0,0,0,0,0,0,0,0,0,0,0,0,0	0,0,1,0,0,0,0,0,0,0,0,0,0,0,0,0,1,0,0,0,0,0,0,0,0,0,0,1,0,0,0,0,0,0,0,0,0,0,0,0	73	0	0	0	0	1	40896	40896	0,0,0,0,0,0,0,0,0,0,0,0,0,0,0,0,0,0,0,0,0,0,0,0,0,0,0,0,0,0,0,0,0,0,0,0,0,0,0,0	0,0,0,0,0,0,0,0,0,0,0,0,0,0,0,0,0,0,0,0,0,0,0,0,0,0,0,1,0,0,0,0,0,0,0,0,0,0,0,0
tb.dut.clusters[0].cluster.sockets[0].socket.cores[0].core.execute.fpu_unit.genblk1[0].fpu_fpnew.genblk3[2].fpnew_core.gen_operation_groups[1].i_opgroup_block.gen_merged_slice.i_multifmt_slice.gen_num_lanes[0].active_lane.lane_instance.genblk1.i_fpnew_divsqrt_multi.gen_input_pipeline[0]	23	1	0	0	0	0	0	1	40896	40896	0,0,0,0,0,0,0,0,0,0,0,0,0,0,0,0,0,0,0,0,0,0,0,0,0,0,0,0,0,0,0,0,0,0,0,0,0,0,0,0	0,0,0,0,0,0,0,0,0,0,0,0,0,0,0,0,0,0,0,0,0,0,0,0,0,0,0,1,0,0,0,0,0,0,0,0,0,0,0,0	2	0	0	0	0	1	40896	40896	0,0,0,0,0,0,0,0,0,0,0,0,0,0,0,0,0,0,0,0,0,0,0,0,0,0,0,0,0,0,0,0,0,0,0,0,0,0,0,0	0,0,0,0,0,0,0,0,0,0,0,0,0,0,0,0,0,0,0,0,0,0,0,0,0,0,0,1,0,0,0,0,0,0,0,0,0,0,0,0
tb.dut.clusters[0].cluster.sockets[0].socket.cores[0].core.execute.fpu_unit.genblk1[0].fpu_fpnew.genblk3[2].fpnew_core.gen_operation_groups[1].i_opgroup_block.gen_merged_slice.i_multifmt_slice.gen_num_lanes[0].active_lane.lane_instance.genblk1.i_fpnew_divsqrt_multi.gen_input_pipeline[1]	23	1	0	0	0	0	0	1	40896	40896	0,0,0,0,0,0,0,0,0,0,0,0,0,0,0,0,0,0,0,0,0,0,0,0,0,0,0,0,0,0,0,0,0,0,0,0,0,0,0,0	0,0,0,0,0,0,0,0,0,0,0,0,0,0,0,0,0,0,0,0,0,0,0,0,0,0,0,1,0,0,0,0,0,0,0,0,0,0,0,0	2	0	0	0	0	1	40896	40896	0,0,0,0,0,0,0,0,0,0,0,0,0,0,0,0,0,0,0,0,0,0,0,0,0,0,0,0,0,0,0,0,0,0,0,0,0,0,0,0	0,0,0,0,0,0,0,0,0,0,0,0,0,0,0,0,0,0,0,0,0,0,0,0,0,0,0,1,0,0,0,0,0,0,0,0,0,0,0,0
tb.dut.clusters[0].cluster.sockets[0].socket.cores[0].core.execute.fpu_unit.genblk1[0].fpu_fpnew.genblk3[2].fpnew_core.gen_operation_groups[1].i_opgroup_block.gen_merged_slice.i_multifmt_slice.gen_num_lanes[0].active_lane.lane_instance.genblk1.i_fpnew_divsqrt_multi.gen_input_pipeline[2]	23	1	0	0	0	0	0	1	40896	40896	0,0,0,0,0,0,0,0,0,0,0,0,0,0,0,0,0,0,0,0,0,0,0,0,0,0,0,0,0,0,0,0,0,0,0,0,0,0,0,0	0,0,0,0,0,0,0,0,0,0,0,0,0,0,0,0,0,0,0,0,0,0,0,0,0,0,0,1,0,0,0,0,0,0,0,0,0,0,0,0	2	0	0	0	0	1	40896	40896	0,0,0,0,0,0,0,0,0,0,0,0,0,0,0,0,0,0,0,0,0,0,0,0,0,0,0,0,0,0,0,0,0,0,0,0,0,0,0,0	0,0,0,0,0,0,0,0,0,0,0,0,0,0,0,0,0,0,0,0,0,0,0,0,0,0,0,1,0,0,0,0,0,0,0,0,0,0,0,0
tb.dut.clusters[0].cluster.sockets[0].socket.cores[0].core.execute.fpu_unit.genblk1[0].fpu_fpnew.genblk3[2].fpnew_core.gen_operation_groups[1].i_opgroup_block.gen_merged_slice.i_multifmt_slice.gen_num_lanes[0].active_lane.lane_instance.genblk1.i_fpnew_divsqrt_multi.gen_input_pipeline[3]	23	1	0	0	0	0	0	1	40896	40896	0,0,0,0,0,0,0,0,0,0,0,0,0,0,0,0,0,0,0,0,0,0,0,0,0,0,0,0,0,0,0,0,0,0,0,0,0,0,0,0	0,0,0,0,0,0,0,0,0,0,0,0,0,0,0,0,0,0,0,0,0,0,0,0,0,0,0,1,0,0,0,0,0,0,0,0,0,0,0,0	2	0	0	0	0	1	40896	40896	0,0,0,0,0,0,0,0,0,0,0,0,0,0,0,0,0,0,0,0,0,0,0,0,0,0,0,0,0,0,0,0,0,0,0,0,0,0,0,0	0,0,0,0,0,0,0,0,0,0,0,0,0,0,0,0,0,0,0,0,0,0,0,0,0,0,0,1,0,0,0,0,0,0,0,0,0,0,0,0
tb.dut.clusters[0].cluster.sockets[0].socket.cores[0].core.execute.fpu_unit.genblk1[0].fpu_fpnew.genblk3[2].fpnew_core.gen_operation_groups[1].i_opgroup_block.gen_merged_slice.i_multifmt_slice.gen_num_lanes[0].active_lane.lane_instance.genblk1.i_fpnew_divsqrt_multi.gen_input_pipeline[4]	23	1	0	0	0	0	0	1	40896	40896	0,0,0,0,0,0,0,0,0,0,0,0,0,0,0,0,0,0,0,0,0,0,0,0,0,0,0,0,0,0,0,0,0,0,0,0,0,0,0,0	0,0,0,0,0,0,0,0,0,0,0,0,0,0,0,0,0,0,0,0,0,0,0,0,0,0,0,1,0,0,0,0,0,0,0,0,0,0,0,0	2	0	0	0	0	1	40896	40896	0,0,0,0,0,0,0,0,0,0,0,0,0,0,0,0,0,0,0,0,0,0,0,0,0,0,0,0,0,0,0,0,0,0,0,0,0,0,0,0	0,0,0,0,0,0,0,0,0,0,0,0,0,0,0,0,0,0,0,0,0,0,0,0,0,0,0,1,0,0,0,0,0,0,0,0,0,0,0,0
tb.dut.clusters[0].cluster.sockets[0].socket.cores[0].core.execute.fpu_unit.genblk1[0].fpu_fpnew.genblk3[2].fpnew_core.gen_operation_groups[1].i_opgroup_block.gen_merged_slice.i_multifmt_slice.gen_num_lanes[0].active_lane.lane_instance.genblk1.i_fpnew_divsqrt_multi.gen_input_pipeline[5]	23	1	0	0	0	0	0	1	40896	40896	0,0,0,0,0,0,0,0,0,0,0,0,0,0,0,0,0,0,0,0,0,0,0,0,0,0,0,0,0,0,0,0,0,0,0,0,0,0,0,0	0,0,0,0,0,0,0,0,0,0,0,0,0,0,0,0,0,0,0,0,0,0,0,0,0,0,0,1,0,0,0,0,0,0,0,0,0,0,0,0	2	0	0	0	0	1	40896	40896	0,0,0,0,0,0,0,0,0,0,0,0,0,0,0,0,0,0,0,0,0,0,0,0,0,0,0,0,0,0,0,0,0,0,0,0,0,0,0,0	0,0,0,0,0,0,0,0,0,0,0,0,0,0,0,0,0,0,0,0,0,0,0,0,0,0,0,1,0,0,0,0,0,0,0,0,0,0,0,0
tb.dut.clusters[0].cluster.sockets[0].socket.cores[0].core.execute.fpu_unit.genblk1[0].fpu_fpnew.genblk3[2].fpnew_core.gen_operation_groups[1].i_opgroup_block.gen_merged_slice.i_multifmt_slice.gen_num_lanes[0].active_lane.lane_instance.genblk1.i_fpnew_divsqrt_multi.gen_input_pipeline[6]	23	1	0	0	0	0	0	1	40896	40896	0,0,0,0,0,0,0,0,0,0,0,0,0,0,0,0,0,0,0,0,0,0,0,0,0,0,0,0,0,0,0,0,0,0,0,0,0,0,0,0	0,0,0,0,0,0,0,0,0,0,0,0,0,0,0,0,0,0,0,0,0,0,0,0,0,0,0,1,0,0,0,0,0,0,0,0,0,0,0,0	2	0	0	0	0	1	40896	40896	0,0,0,0,0,0,0,0,0,0,0,0,0,0,0,0,0,0,0,0,0,0,0,0,0,0,0,0,0,0,0,0,0,0,0,0,0,0,0,0	0,0,0,0,0,0,0,0,0,0,0,0,0,0,0,0,0,0,0,0,0,0,0,0,0,0,0,1,0,0,0,0,0,0,0,0,0,0,0,0
tb.dut.clusters[0].cluster.sockets[0].socket.cores[0].core.execute.fpu_unit.genblk1[0].fpu_fpnew.genblk3[2].fpnew_core.gen_operation_groups[1].i_opgroup_block.gen_merged_slice.i_multifmt_slice.gen_num_lanes[0].active_lane.lane_instance.genblk1.i_fpnew_divsqrt_multi.gen_input_pipeline[7]	23	1	0	0	0	0	0	1	40896	40896	0,0,0,0,0,0,0,0,0,0,0,0,0,0,0,0,0,0,0,0,0,0,0,0,0,0,0,0,0,0,0,0,0,0,0,0,0,0,0,0	0,0,0,0,0,0,0,0,0,0,0,0,0,0,0,0,0,0,0,0,0,0,0,0,0,0,0,1,0,0,0,0,0,0,0,0,0,0,0,0	2	0	0	0	0	1	40896	40896	0,0,0,0,0,0,0,0,0,0,0,0,0,0,0,0,0,0,0,0,0,0,0,0,0,0,0,0,0,0,0,0,0,0,0,0,0,0,0,0	0,0,0,0,0,0,0,0,0,0,0,0,0,0,0,0,0,0,0,0,0,0,0,0,0,0,0,1,0,0,0,0,0,0,0,0,0,0,0,0
tb.dut.clusters[0].cluster.sockets[0].socket.cores[0].core.execute.fpu_unit.genblk1[0].fpu_fpnew.genblk3[2].fpnew_core.gen_operation_groups[1].i_opgroup_block.gen_merged_slice.i_multifmt_slice.gen_num_lanes[0].active_lane.lane_instance.genblk1.i_fpnew_divsqrt_multi.gen_output_pipeline[0]	23	1	0	0	0	0	0	1	40896	40896	0,0,0,0,0,0,0,0,0,0,0,0,0,0,0,0,0,0,0,0,0,0,0,0,0,0,0,0,0,0,0,0,0,0,0,0,0,0,0,0	0,0,0,0,0,0,0,0,0,0,0,0,0,0,0,0,0,0,0,0,0,0,0,0,0,0,0,1,0,0,0,0,0,0,0,0,0,0,0,0	2	0	0	0	0	1	40896	40896	0,0,0,0,0,0,0,0,0,0,0,0,0,0,0,0,0,0,0,0,0,0,0,0,0,0,0,0,0,0,0,0,0,0,0,0,0,0,0,0	0,0,0,0,0,0,0,0,0,0,0,0,0,0,0,0,0,0,0,0,0,0,0,0,0,0,0,1,0,0,0,0,0,0,0,0,0,0,0,0
tb.dut.clusters[0].cluster.sockets[0].socket.cores[0].core.execute.fpu_unit.genblk1[0].fpu_fpnew.genblk3[2].fpnew_core.gen_operation_groups[1].i_opgroup_block.gen_merged_slice.i_multifmt_slice.gen_num_lanes[0].active_lane.lane_instance.genblk1.i_fpnew_divsqrt_multi.gen_output_pipeline[1]	23	1	0	0	0	0	0	1	40896	40896	0,0,0,0,0,0,0,0,0,0,0,0,0,0,0,0,0,0,0,0,0,0,0,0,0,0,0,0,0,0,0,0,0,0,0,0,0,0,0,0	0,0,0,0,0,0,0,0,0,0,0,0,0,0,0,0,0,0,0,0,0,0,0,0,0,0,0,1,0,0,0,0,0,0,0,0,0,0,0,0	2	0	0	0	0	1	40896	40896	0,0,0,0,0,0,0,0,0,0,0,0,0,0,0,0,0,0,0,0,0,0,0,0,0,0,0,0,0,0,0,0,0,0,0,0,0,0,0,0	0,0,0,0,0,0,0,0,0,0,0,0,0,0,0,0,0,0,0,0,0,0,0,0,0,0,0,1,0,0,0,0,0,0,0,0,0,0,0,0
tb.dut.clusters[0].cluster.sockets[0].socket.cores[0].core.execute.fpu_unit.genblk1[0].fpu_fpnew.genblk3[2].fpnew_core.gen_operation_groups[1].i_opgroup_block.gen_merged_slice.i_multifmt_slice.gen_num_lanes[0].active_lane.lane_instance.genblk1.i_fpnew_divsqrt_multi.gen_output_pipeline[2]	23	1	0	0	0	0	0	1	40896	40896	0,0,0,0,0,0,0,0,0,0,0,0,0,0,0,0,0,0,0,0,0,0,0,0,0,0,0,0,0,0,0,0,0,0,0,0,0,0,0,0	0,0,0,0,0,0,0,0,0,0,0,0,0,0,0,0,0,0,0,0,0,0,0,0,0,0,0,1,0,0,0,0,0,0,0,0,0,0,0,0	2	0	0	0	0	1	40896	40896	0,0,0,0,0,0,0,0,0,0,0,0,0,0,0,0,0,0,0,0,0,0,0,0,0,0,0,0,0,0,0,0,0,0,0,0,0,0,0,0	0,0,0,0,0,0,0,0,0,0,0,0,0,0,0,0,0,0,0,0,0,0,0,0,0,0,0,1,0,0,0,0,0,0,0,0,0,0,0,0
tb.dut.clusters[0].cluster.sockets[0].socket.cores[0].core.execute.fpu_unit.genblk1[0].fpu_fpnew.genblk3[2].fpnew_core.gen_operation_groups[1].i_opgroup_block.gen_merged_slice.i_multifmt_slice.gen_num_lanes[0].active_lane.lane_instance.genblk1.i_fpnew_divsqrt_multi.gen_output_pipeline[3]	23	1	0	0	0	0	0	1	40896	40896	0,0,0,0,0,0,0,0,0,0,0,0,0,0,0,0,0,0,0,0,0,0,0,0,0,0,0,0,0,0,0,0,0,0,0,0,0,0,0,0	0,0,0,0,0,0,0,0,0,0,0,0,0,0,0,0,0,0,0,0,0,0,0,0,0,0,0,1,0,0,0,0,0,0,0,0,0,0,0,0	2	0	0	0	0	1	40896	40896	0,0,0,0,0,0,0,0,0,0,0,0,0,0,0,0,0,0,0,0,0,0,0,0,0,0,0,0,0,0,0,0,0,0,0,0,0,0,0,0	0,0,0,0,0,0,0,0,0,0,0,0,0,0,0,0,0,0,0,0,0,0,0,0,0,0,0,1,0,0,0,0,0,0,0,0,0,0,0,0
tb.dut.clusters[0].cluster.sockets[0].socket.cores[0].core.execute.fpu_unit.genblk1[0].fpu_fpnew.genblk3[2].fpnew_core.gen_operation_groups[1].i_opgroup_block.gen_merged_slice.i_multifmt_slice.gen_num_lanes[0].active_lane.lane_instance.genblk1.i_fpnew_divsqrt_multi.gen_output_pipeline[4]	23	1	0	0	0	0	0	1	40896	40896	0,0,0,0,0,0,0,0,0,0,0,0,0,0,0,0,0,0,0,0,0,0,0,0,0,0,0,0,0,0,0,0,0,0,0,0,0,0,0,0	0,0,0,0,0,0,0,0,0,0,0,0,0,0,0,0,0,0,0,0,0,0,0,0,0,0,0,1,0,0,0,0,0,0,0,0,0,0,0,0	2	0	0	0	0	1	40896	40896	0,0,0,0,0,0,0,0,0,0,0,0,0,0,0,0,0,0,0,0,0,0,0,0,0,0,0,0,0,0,0,0,0,0,0,0,0,0,0,0	0,0,0,0,0,0,0,0,0,0,0,0,0,0,0,0,0,0,0,0,0,0,0,0,0,0,0,1,0,0,0,0,0,0,0,0,0,0,0,0
tb.dut.clusters[0].cluster.sockets[0].socket.cores[0].core.execute.fpu_unit.genblk1[0].fpu_fpnew.genblk3[2].fpnew_core.gen_operation_groups[1].i_opgroup_block.gen_merged_slice.i_multifmt_slice.gen_num_lanes[0].active_lane.lane_instance.genblk1.i_fpnew_divsqrt_multi.gen_output_pipeline[5]	23	1	0	0	0	0	0	1	40896	40896	0,0,0,0,0,0,0,0,0,0,0,0,0,0,0,0,0,0,0,0,0,0,0,0,0,0,0,0,0,0,0,0,0,0,0,0,0,0,0,0	0,0,0,0,0,0,0,0,0,0,0,0,0,0,0,0,0,0,0,0,0,0,0,0,0,0,0,1,0,0,0,0,0,0,0,0,0,0,0,0	2	0	0	0	0	1	40896	40896	0,0,0,0,0,0,0,0,0,0,0,0,0,0,0,0,0,0,0,0,0,0,0,0,0,0,0,0,0,0,0,0,0,0,0,0,0,0,0,0	0,0,0,0,0,0,0,0,0,0,0,0,0,0,0,0,0,0,0,0,0,0,0,0,0,0,0,1,0,0,0,0,0,0,0,0,0,0,0,0
tb.dut.clusters[0].cluster.sockets[0].socket.cores[0].core.execute.fpu_unit.genblk1[0].fpu_fpnew.genblk3[2].fpnew_core.gen_operation_groups[1].i_opgroup_block.gen_merged_slice.i_multifmt_slice.gen_num_lanes[0].active_lane.lane_instance.genblk1.i_fpnew_divsqrt_multi.gen_output_pipeline[6]	23	1	0	0	0	0	0	1	40896	40896	0,0,0,0,0,0,0,0,0,0,0,0,0,0,0,0,0,0,0,0,0,0,0,0,0,0,0,0,0,0,0,0,0,0,0,0,0,0,0,0	0,0,0,0,0,0,0,0,0,0,0,0,0,0,0,0,0,0,0,0,0,0,0,0,0,0,0,1,0,0,0,0,0,0,0,0,0,0,0,0	2	0	0	0	0	1	40896	40896	0,0,0,0,0,0,0,0,0,0,0,0,0,0,0,0,0,0,0,0,0,0,0,0,0,0,0,0,0,0,0,0,0,0,0,0,0,0,0,0	0,0,0,0,0,0,0,0,0,0,0,0,0,0,0,0,0,0,0,0,0,0,0,0,0,0,0,1,0,0,0,0,0,0,0,0,0,0,0,0
tb.dut.clusters[0].cluster.sockets[0].socket.cores[0].core.execute.fpu_unit.genblk1[0].fpu_fpnew.genblk3[2].fpnew_core.gen_operation_groups[1].i_opgroup_block.gen_merged_slice.i_multifmt_slice.gen_num_lanes[0].active_lane.lane_instance.genblk1.i_fpnew_divsqrt_multi.gen_output_pipeline[7]	23	1	0	0	0	0	0	1	40896	40896	0,0,0,0,0,0,0,0,0,0,0,0,0,0,0,0,0,0,0,0,0,0,0,0,0,0,0,0,0,0,0,0,0,0,0,0,0,0,0,0	0,0,0,0,0,0,0,0,0,0,0,0,0,0,0,0,0,0,0,0,0,0,0,0,0,0,0,1,0,0,0,0,0,0,0,0,0,0,0,0	2	0	0	0	0	1	40896	40896	0,0,0,0,0,0,0,0,0,0,0,0,0,0,0,0,0,0,0,0,0,0,0,0,0,0,0,0,0,0,0,0,0,0,0,0,0,0,0,0	0,0,0,0,0,0,0,0,0,0,0,0,0,0,0,0,0,0,0,0,0,0,0,0,0,0,0,1,0,0,0,0,0,0,0,0,0,0,0,0
tb.dut.clusters[0].cluster.sockets[0].socket.cores[0].core.execute.fpu_unit.genblk1[0].fpu_fpnew.genblk3[2].fpnew_core.gen_operation_groups[1].i_opgroup_block.gen_merged_slice.i_multifmt_slice.gen_num_lanes[0].active_lane.lane_instance.genblk1.i_fpnew_divsqrt_multi.i_divsqrt_lei	23	12493	18	2	2	2	1	3	40894	40872	2,0,0,0,0,0,0,0,0,0,0,0,0,0,0,0,0,0,0,0,0,0,0,0,0,0,0,0,0,0,0,0,0,0,0,0,0,0,0,0	0,0,1,0,0,0,0,0,0,0,0,0,0,0,0,0,1,0,0,0,0,0,0,0,0,0,0,1,0,0,0,0,0,0,0,0,0,0,0,0	63	0	0	0	0	1	40896	40896	0,0,0,0,0,0,0,0,0,0,0,0,0,0,0,0,0,0,0,0,0,0,0,0,0,0,0,0,0,0,0,0,0,0,0,0,0,0,0,0	0,0,0,0,0,0,0,0,0,0,0,0,0,0,0,0,0,0,0,0,0,0,0,0,0,0,0,1,0,0,0,0,0,0,0,0,0,0,0,0
tb.dut.clusters[0].cluster.sockets[0].socket.cores[0].core.execute.fpu_unit.genblk1[0].fpu_fpnew.genblk3[2].fpnew_core.gen_operation_groups[1].i_opgroup_block.gen_merged_slice.i_multifmt_slice.gen_num_lanes[0].active_lane.lane_instance.genblk1.i_fpnew_divsqrt_multi.i_divsqrt_lei.fpu_norm_U0	24	752	0	0	0	0	0	1	40896	40896	0,0,0,0,0,0,0,0,0,0,0,0,0,0,0,0,0,0,0,0,0,0,0,0,0,0,0,0,0,0,0,0,0,0,0,0,0,0,0,0	0,0,0,0,0,0,0,0,0,0,0,0,0,0,0,0,0,0,0,0,0,0,0,0,0,0,0,1,0,0,0,0,0,0,0,0,0,0,0,0	4	0	0	0	0	1	40896	40896	0,0,0,0,0,0,0,0,0,0,0,0,0,0,0,0,0,0,0,0,0,0,0,0,0,0,0,0,0,0,0,0,0,0,0,0,0,0,0,0	0,0,0,0,0,0,0,0,0,0,0,0,0,0,0,0,0,0,0,0,0,0,0,0,0,0,0,1,0,0,0,0,0,0,0,0,0,0,0,0
tb.dut.clusters[0].cluster.sockets[0].socket.cores[0].core.execute.fpu_unit.genblk1[0].fpu_fpnew.genblk3[2].fpnew_core.gen_operation_groups[1].i_opgroup_block.gen_merged_slice.i_multifmt_slice.gen_num_lanes[0].active_lane.lane_instance.genblk1.i_fpnew_divsqrt_multi.i_divsqrt_lei.nrbd_nrsc_U0	24	8528	10	2	2	2	1	3	40894	40872	2,0,0,0,0,0,0,0,0,0,0,0,0,0,0,0,0,0,0,0,0,0,0,0,0,0,0,0,0,0,0,0,0,0,0,0,0,0,0,0	0,0,1,0,0,0,0,0,0,0,0,0,0,0,0,0,1,0,0,0,0,0,0,0,0,0,0,1,0,0,0,0,0,0,0,0,0,0,0,0	43	0	0	0	0	1	40896	40896	0,0,0,0,0,0,0,0,0,0,0,0,0,0,0,0,0,0,0,0,0,0,0,0,0,0,0,0,0,0,0,0,0,0,0,0,0,0,0,0	0,0,0,0,0,0,0,0,0,0,0,0,0,0,0,0,0,0,0,0,0,0,0,0,0,0,0,1,0,0,0,0,0,0,0,0,0,0,0,0
tb.dut.clusters[0].cluster.sockets[0].socket.cores[0].core.execute.fpu_unit.genblk1[0].fpu_fpnew.genblk3[2].fpnew_core.gen_operation_groups[1].i_opgroup_block.gen_merged_slice.i_multifmt_slice.gen_num_lanes[0].active_lane.lane_instance.genblk1.i_fpnew_divsqrt_multi.i_divsqrt_lei.nrbd_nrsc_U0.control_U0	25	8301	5	2	2	2	1	3	40894	40872	2,0,0,0,0,0,0,0,0,0,0,0,0,0,0,0,0,0,0,0,0,0,0,0,0,0,0,0,0,0,0,0,0,0,0,0,0,0,0,0	0,0,1,0,0,0,0,0,0,0,0,0,0,0,0,0,1,0,0,0,0,0,0,0,0,0,0,1,0,0,0,0,0,0,0,0,0,0,0,0	42	0	0	0	0	1	40896	40896	0,0,0,0,0,0,0,0,0,0,0,0,0,0,0,0,0,0,0,0,0,0,0,0,0,0,0,0,0,0,0,0,0,0,0,0,0,0,0,0	0,0,0,0,0,0,0,0,0,0,0,0,0,0,0,0,0,0,0,0,0,0,0,0,0,0,0,1,0,0,0,0,0,0,0,0,0,0,0,0
tb.dut.clusters[0].cluster.sockets[0].socket.cores[0].core.execute.fpu_unit.genblk1[0].fpu_fpnew.genblk3[2].fpnew_core.gen_operation_groups[1].i_opgroup_block.gen_merged_slice.i_multifmt_slice.gen_num_lanes[0].active_lane.lane_instance.genblk1.i_fpnew_divsqrt_multi.i_divsqrt_lei.nrbd_nrsc_U0.control_U0.genblk4[0]	26	217	0	0	0	0	0	1	40896	40896	0,0,0,0,0,0,0,0,0,0,0,0,0,0,0,0,0,0,0,0,0,0,0,0,0,0,0,0,0,0,0,0,0,0,0,0,0,0,0,0	0,0,0,0,0,0,0,0,0,0,0,0,0,0,0,0,0,0,0,0,0,0,0,0,0,0,0,1,0,0,0,0,0,0,0,0,0,0,0,0	2	0	0	0	0	1	40896	40896	0,0,0,0,0,0,0,0,0,0,0,0,0,0,0,0,0,0,0,0,0,0,0,0,0,0,0,0,0,0,0,0,0,0,0,0,0,0,0,0	0,0,0,0,0,0,0,0,0,0,0,0,0,0,0,0,0,0,0,0,0,0,0,0,0,0,0,1,0,0,0,0,0,0,0,0,0,0,0,0
tb.dut.clusters[0].cluster.sockets[0].socket.cores[0].core.execute.fpu_unit.genblk1[0].fpu_fpnew.genblk3[2].fpnew_core.gen_operation_groups[1].i_opgroup_block.gen_merged_slice.i_multifmt_slice.gen_num_lanes[0].active_lane.lane_instance.genblk1.i_fpnew_divsqrt_multi.i_divsqrt_lei.nrbd_nrsc_U0.control_U0.genblk4[0].iteration_div_sqrt	27	217	0	0	0	0	0	1	40896	40896	0,0,0,0,0,0,0,0,0,0,0,0,0,0,0,0,0,0,0,0,0,0,0,0,0,0,0,0,0,0,0,0,0,0,0,0,0,0,0,0	0,0,0,0,0,0,0,0,0,0,0,0,0,0,0,0,0,0,0,0,0,0,0,0,0,0,0,1,0,0,0,0,0,0,0,0,0,0,0,0	2	0	0	0	0	1	40896	40896	0,0,0,0,0,0,0,0,0,0,0,0,0,0,0,0,0,0,0,0,0,0,0,0,0,0,0,0,0,0,0,0,0,0,0,0,0,0,0,0	0,0,0,0,0,0,0,0,0,0,0,0,0,0,0,0,0,0,0,0,0,0,0,0,0,0,0,1,0,0,0,0,0,0,0,0,0,0,0,0
tb.dut.clusters[0].cluster.sockets[0].socket.cores[0].core.execute.fpu_unit.genblk1[0].fpu_fpnew.genblk3[2].fpnew_core.gen_operation_groups[1].i_opgroup_block.gen_merged_slice.i_multifmt_slice.gen_num_lanes[0].active_lane.lane_instance.genblk1.i_fpnew_divsqrt_multi.i_divsqrt_lei.nrbd_nrsc_U0.control_U0.genblk4[1]	26	217	0	0	0	0	0	1	40896	40896	0,0,0,0,0,0,0,0,0,0,0,0,0,0,0,0,0,0,0,0,0,0,0,0,0,0,0,0,0,0,0,0,0,0,0,0,0,0,0,0	0,0,0,0,0,0,0,0,0,0,0,0,0,0,0,0,0,0,0,0,0,0,0,0,0,0,0,1,0,0,0,0,0,0,0,0,0,0,0,0	2	0	0	0	0	1	40896	40896	0,0,0,0,0,0,0,0,0,0,0,0,0,0,0,0,0,0,0,0,0,0,0,0,0,0,0,0,0,0,0,0,0,0,0,0,0,0,0,0	0,0,0,0,0,0,0,0,0,0,0,0,0,0,0,0,0,0,0,0,0,0,0,0,0,0,0,1,0,0,0,0,0,0,0,0,0,0,0,0
tb.dut.clusters[0].cluster.sockets[0].socket.cores[0].core.execute.fpu_unit.genblk1[0].fpu_fpnew.genblk3[2].fpnew_core.gen_operation_groups[1].i_opgroup_block.gen_merged_slice.i_multifmt_slice.gen_num_lanes[0].active_lane.lane_instance.genblk1.i_fpnew_divsqrt_multi.i_divsqrt_lei.nrbd_nrsc_U0.control_U0.genblk4[1].iteration_div_sqrt	27	217	0	0	0	0	0	1	40896	40896	0,0,0,0,0,0,0,0,0,0,0,0,0,0,0,0,0,0,0,0,0,0,0,0,0,0,0,0,0,0,0,0,0,0,0,0,0,0,0,0	0,0,0,0,0,0,0,0,0,0,0,0,0,0,0,0,0,0,0,0,0,0,0,0,0,0,0,1,0,0,0,0,0,0,0,0,0,0,0,0	2	0	0	0	0	1	40896	40896	0,0,0,0,0,0,0,0,0,0,0,0,0,0,0,0,0,0,0,0,0,0,0,0,0,0,0,0,0,0,0,0,0,0,0,0,0,0,0,0	0,0,0,0,0,0,0,0,0,0,0,0,0,0,0,0,0,0,0,0,0,0,0,0,0,0,0,1,0,0,0,0,0,0,0,0,0,0,0,0
tb.dut.clusters[0].cluster.sockets[0].socket.cores[0].core.execute.fpu_unit.genblk1[0].fpu_fpnew.genblk3[2].fpnew_core.gen_operation_groups[1].i_opgroup_block.gen_merged_slice.i_multifmt_slice.gen_num_lanes[0].active_lane.lane_instance.genblk1.i_fpnew_divsqrt_multi.i_divsqrt_lei.nrbd_nrsc_U0.control_U0.genblk4[2]	26	217	0	0	0	0	0	1	40896	40896	0,0,0,0,0,0,0,0,0,0,0,0,0,0,0,0,0,0,0,0,0,0,0,0,0,0,0,0,0,0,0,0,0,0,0,0,0,0,0,0	0,0,0,0,0,0,0,0,0,0,0,0,0,0,0,0,0,0,0,0,0,0,0,0,0,0,0,1,0,0,0,0,0,0,0,0,0,0,0,0	2	0	0	0	0	1	40896	40896	0,0,0,0,0,0,0,0,0,0,0,0,0,0,0,0,0,0,0,0,0,0,0,0,0,0,0,0,0,0,0,0,0,0,0,0,0,0,0,0	0,0,0,0,0,0,0,0,0,0,0,0,0,0,0,0,0,0,0,0,0,0,0,0,0,0,0,1,0,0,0,0,0,0,0,0,0,0,0,0
tb.dut.clusters[0].cluster.sockets[0].socket.cores[0].core.execute.fpu_unit.genblk1[0].fpu_fpnew.genblk3[2].fpnew_core.gen_operation_groups[1].i_opgroup_block.gen_merged_slice.i_multifmt_slice.gen_num_lanes[0].active_lane.lane_instance.genblk1.i_fpnew_divsqrt_multi.i_divsqrt_lei.nrbd_nrsc_U0.control_U0.genblk4[2].iteration_div_sqrt	27	217	0	0	0	0	0	1	40896	40896	0,0,0,0,0,0,0,0,0,0,0,0,0,0,0,0,0,0,0,0,0,0,0,0,0,0,0,0,0,0,0,0,0,0,0,0,0,0,0,0	0,0,0,0,0,0,0,0,0,0,0,0,0,0,0,0,0,0,0,0,0,0,0,0,0,0,0,1,0,0,0,0,0,0,0,0,0,0,0,0	2	0	0	0	0	1	40896	40896	0,0,0,0,0,0,0,0,0,0,0,0,0,0,0,0,0,0,0,0,0,0,0,0,0,0,0,0,0,0,0,0,0,0,0,0,0,0,0,0	0,0,0,0,0,0,0,0,0,0,0,0,0,0,0,0,0,0,0,0,0,0,0,0,0,0,0,1,0,0,0,0,0,0,0,0,0,0,0,0
tb.dut.clusters[0].cluster.sockets[0].socket.cores[0].core.execute.fpu_unit.genblk1[0].fpu_fpnew.genblk3[2].fpnew_core.gen_operation_groups[1].i_opgroup_block.gen_merged_slice.i_multifmt_slice.gen_num_lanes[0].active_lane.lane_instance.genblk1.i_fpnew_divsqrt_multi.i_divsqrt_lei.preprocess_U0	24	2777	3	2	2	2	1	3	40894	40872	2,0,0,0,0,0,0,0,0,0,0,0,0,0,0,0,0,0,0,0,0,0,0,0,0,0,0,0,0,0,0,0,0,0,0,0,0,0,0,0	0,0,1,0,0,0,0,0,0,0,0,0,0,0,0,0,1,0,0,0,0,0,0,0,0,0,0,1,0,0,0,0,0,0,0,0,0,0,0,0	14	0	0	0	0	1	40896	40896	0,0,0,0,0,0,0,0,0,0,0,0,0,0,0,0,0,0,0,0,0,0,0,0,0,0,0,0,0,0,0,0,0,0,0,0,0,0,0,0	0,0,0,0,0,0,0,0,0,0,0,0,0,0,0,0,0,0,0,0,0,0,0,0,0,0,0,1,0,0,0,0,0,0,0,0,0,0,0,0
tb.dut.clusters[0].cluster.sockets[0].socket.cores[0].core.execute.fpu_unit.genblk1[0].fpu_fpnew.genblk3[2].fpnew_core.gen_operation_groups[1].i_opgroup_block.gen_merged_slice.i_multifmt_slice.gen_num_lanes[0].active_lane.lane_instance.genblk1.i_fpnew_divsqrt_multi.i_divsqrt_lei.preprocess_U0.LOD_Ua	25	976	0	0	0	0	0	1	40896	40896	0,0,0,0,0,0,0,0,0,0,0,0,0,0,0,0,0,0,0,0,0,0,0,0,0,0,0,0,0,0,0,0,0,0,0,0,0,0,0,0	0,0,0,0,0,0,0,0,0,0,0,0,0,0,0,0,0,0,0,0,0,0,0,0,0,0,0,1,0,0,0,0,0,0,0,0,0,0,0,0	5	0	0	0	0	1	40896	40896	0,0,0,0,0,0,0,0,0,0,0,0,0,0,0,0,0,0,0,0,0,0,0,0,0,0,0,0,0,0,0,0,0,0,0,0,0,0,0,0	0,0,0,0,0,0,0,0,0,0,0,0,0,0,0,0,0,0,0,0,0,0,0,0,0,0,0,1,0,0,0,0,0,0,0,0,0,0,0,0
tb.dut.clusters[0].cluster.sockets[0].socket.cores[0].core.execute.fpu_unit.genblk1[0].fpu_fpnew.genblk3[2].fpnew_core.gen_operation_groups[1].i_opgroup_block.gen_merged_slice.i_multifmt_slice.gen_num_lanes[0].active_lane.lane_instance.genblk1.i_fpnew_divsqrt_multi.i_divsqrt_lei.preprocess_U0.LOD_Ua.gen_lzc	26	851	0	0	0	0	0	1	40896	40896	0,0,0,0,0,0,0,0,0,0,0,0,0,0,0,0,0,0,0,0,0,0,0,0,0,0,0,0,0,0,0,0,0,0,0,0,0,0,0,0	0,0,0,0,0,0,0,0,0,0,0,0,0,0,0,0,0,0,0,0,0,0,0,0,0,0,0,1,0,0,0,0,0,0,0,0,0,0,0,0	5	0	0	0	0	1	40896	40896	0,0,0,0,0,0,0,0,0,0,0,0,0,0,0,0,0,0,0,0,0,0,0,0,0,0,0,0,0,0,0,0,0,0,0,0,0,0,0,0	0,0,0,0,0,0,0,0,0,0,0,0,0,0,0,0,0,0,0,0,0,0,0,0,0,0,0,1,0,0,0,0,0,0,0,0,0,0,0,0
tb.dut.clusters[0].cluster.sockets[0].socket.cores[0].core.execute.fpu_unit.genblk1[0].fpu_fpnew.genblk3[2].fpnew_core.gen_operation_groups[1].i_opgroup_block.gen_merged_slice.i_multifmt_slice.gen_num_lanes[0].active_lane.lane_instance.genblk1.i_fpnew_divsqrt_multi.i_divsqrt_lei.preprocess_U0.LOD_Ub	25	976	0	0	0	0	0	1	40896	40896	0,0,0,0,0,0,0,0,0,0,0,0,0,0,0,0,0,0,0,0,0,0,0,0,0,0,0,0,0,0,0,0,0,0,0,0,0,0,0,0	0,0,0,0,0,0,0,0,0,0,0,0,0,0,0,0,0,0,0,0,0,0,0,0,0,0,0,1,0,0,0,0,0,0,0,0,0,0,0,0	5	0	0	0	0	1	40896	40896	0,0,0,0,0,0,0,0,0,0,0,0,0,0,0,0,0,0,0,0,0,0,0,0,0,0,0,0,0,0,0,0,0,0,0,0,0,0,0,0	0,0,0,0,0,0,0,0,0,0,0,0,0,0,0,0,0,0,0,0,0,0,0,0,0,0,0,1,0,0,0,0,0,0,0,0,0,0,0,0
tb.dut.clusters[0].cluster.sockets[0].socket.cores[0].core.execute.fpu_unit.genblk1[0].fpu_fpnew.genblk3[2].fpnew_core.gen_operation_groups[1].i_opgroup_block.gen_merged_slice.i_multifmt_slice.gen_num_lanes[0].active_lane.lane_instance.genblk1.i_fpnew_divsqrt_multi.i_divsqrt_lei.preprocess_U0.LOD_Ub.gen_lzc	26	851	0	0	0	0	0	1	40896	40896	0,0,0,0,0,0,0,0,0,0,0,0,0,0,0,0,0,0,0,0,0,0,0,0,0,0,0,0,0,0,0,0,0,0,0,0,0,0,0,0	0,0,0,0,0,0,0,0,0,0,0,0,0,0,0,0,0,0,0,0,0,0,0,0,0,0,0,1,0,0,0,0,0,0,0,0,0,0,0,0	5	0	0	0	0	1	40896	40896	0,0,0,0,0,0,0,0,0,0,0,0,0,0,0,0,0,0,0,0,0,0,0,0,0,0,0,0,0,0,0,0,0,0,0,0,0,0,0,0	0,0,0,0,0,0,0,0,0,0,0,0,0,0,0,0,0,0,0,0,0,0,0,0,0,0,0,1,0,0,0,0,0,0,0,0,0,0,0,0
tb.dut.clusters[0].cluster.sockets[0].socket.cores[0].core.execute.fpu_unit.genblk1[0].fpu_fpnew.genblk3[2].fpnew_core.gen_operation_groups[1].i_opgroup_block.gen_merged_slice.i_multifmt_slice.gen_num_lanes[0].pack_fp_result[0]	19	32	0	0	0	0	0	1	40896	40896	0,0,0,0,0,0,0,0,0,0,0,0,0,0,0,0,0,0,0,0,0,0,0,0,0,0,0,0,0,0,0,0,0,0,0,0,0,0,0,0	0,0,0,0,0,0,0,0,0,0,0,0,0,0,0,0,0,0,0,0,0,0,0,0,0,0,0,1,0,0,0,0,0,0,0,0,0,0,0,0	2	0	0	0	0	1	40896	40896	0,0,0,0,0,0,0,0,0,0,0,0,0,0,0,0,0,0,0,0,0,0,0,0,0,0,0,0,0,0,0,0,0,0,0,0,0,0,0,0	0,0,0,0,0,0,0,0,0,0,0,0,0,0,0,0,0,0,0,0,0,0,0,0,0,0,0,1,0,0,0,0,0,0,0,0,0,0,0,0
tb.dut.clusters[0].cluster.sockets[0].socket.cores[0].core.execute.fpu_unit.genblk1[0].fpu_fpnew.genblk3[2].fpnew_core.gen_operation_groups[1].i_opgroup_block.gen_merged_slice.i_multifmt_slice.gen_num_lanes[0].pack_fp_result[1]	19	32	0	0	0	0	0	1	40896	40896	0,0,0,0,0,0,0,0,0,0,0,0,0,0,0,0,0,0,0,0,0,0,0,0,0,0,0,0,0,0,0,0,0,0,0,0,0,0,0,0	0,0,0,0,0,0,0,0,0,0,0,0,0,0,0,0,0,0,0,0,0,0,0,0,0,0,0,1,0,0,0,0,0,0,0,0,0,0,0,0	2	0	0	0	0	1	40896	40896	0,0,0,0,0,0,0,0,0,0,0,0,0,0,0,0,0,0,0,0,0,0,0,0,0,0,0,0,0,0,0,0,0,0,0,0,0,0,0,0	0,0,0,0,0,0,0,0,0,0,0,0,0,0,0,0,0,0,0,0,0,0,0,0,0,0,0,1,0,0,0,0,0,0,0,0,0,0,0,0
tb.dut.clusters[0].cluster.sockets[0].socket.cores[0].core.execute.fpu_unit.genblk1[0].fpu_fpnew.genblk3[2].fpnew_core.gen_operation_groups[1].i_opgroup_block.gen_merged_slice.i_multifmt_slice.gen_num_lanes[0].pack_fp_result[2]	19	32	0	0	0	0	0	1	40896	40896	0,0,0,0,0,0,0,0,0,0,0,0,0,0,0,0,0,0,0,0,0,0,0,0,0,0,0,0,0,0,0,0,0,0,0,0,0,0,0,0	0,0,0,0,0,0,0,0,0,0,0,0,0,0,0,0,0,0,0,0,0,0,0,0,0,0,0,1,0,0,0,0,0,0,0,0,0,0,0,0	2	0	0	0	0	1	40896	40896	0,0,0,0,0,0,0,0,0,0,0,0,0,0,0,0,0,0,0,0,0,0,0,0,0,0,0,0,0,0,0,0,0,0,0,0,0,0,0,0	0,0,0,0,0,0,0,0,0,0,0,0,0,0,0,0,0,0,0,0,0,0,0,0,0,0,0,1,0,0,0,0,0,0,0,0,0,0,0,0
tb.dut.clusters[0].cluster.sockets[0].socket.cores[0].core.execute.fpu_unit.genblk1[0].fpu_fpnew.genblk3[2].fpnew_core.gen_operation_groups[1].i_opgroup_block.gen_merged_slice.i_multifmt_slice.gen_num_lanes[0].pack_fp_result[3]	19	32	0	0	0	0	0	1	40896	40896	0,0,0,0,0,0,0,0,0,0,0,0,0,0,0,0,0,0,0,0,0,0,0,0,0,0,0,0,0,0,0,0,0,0,0,0,0,0,0,0	0,0,0,0,0,0,0,0,0,0,0,0,0,0,0,0,0,0,0,0,0,0,0,0,0,0,0,1,0,0,0,0,0,0,0,0,0,0,0,0	2	0	0	0	0	1	40896	40896	0,0,0,0,0,0,0,0,0,0,0,0,0,0,0,0,0,0,0,0,0,0,0,0,0,0,0,0,0,0,0,0,0,0,0,0,0,0,0,0	0,0,0,0,0,0,0,0,0,0,0,0,0,0,0,0,0,0,0,0,0,0,0,0,0,0,0,1,0,0,0,0,0,0,0,0,0,0,0,0
tb.dut.clusters[0].cluster.sockets[0].socket.cores[0].core.execute.fpu_unit.genblk1[0].fpu_fpnew.genblk3[2].fpnew_core.gen_operation_groups[1].i_opgroup_block.gen_merged_slice.i_multifmt_slice.gen_num_lanes[0].pack_fp_result[4]	19	32	0	0	0	0	0	1	40896	40896	0,0,0,0,0,0,0,0,0,0,0,0,0,0,0,0,0,0,0,0,0,0,0,0,0,0,0,0,0,0,0,0,0,0,0,0,0,0,0,0	0,0,0,0,0,0,0,0,0,0,0,0,0,0,0,0,0,0,0,0,0,0,0,0,0,0,0,1,0,0,0,0,0,0,0,0,0,0,0,0	2	0	0	0	0	1	40896	40896	0,0,0,0,0,0,0,0,0,0,0,0,0,0,0,0,0,0,0,0,0,0,0,0,0,0,0,0,0,0,0,0,0,0,0,0,0,0,0,0	0,0,0,0,0,0,0,0,0,0,0,0,0,0,0,0,0,0,0,0,0,0,0,0,0,0,0,1,0,0,0,0,0,0,0,0,0,0,0,0
tb.dut.clusters[0].cluster.sockets[0].socket.cores[0].core.execute.fpu_unit.genblk1[0].fpu_fpnew.genblk3[2].fpnew_core.gen_operation_groups[1].i_opgroup_block.gen_parallel_slices[0]	16	2	0	0	0	0	0	1	40896	40896	0,0,0,0,0,0,0,0,0,0,0,0,0,0,0,0,0,0,0,0,0,0,0,0,0,0,0,0,0,0,0,0,0,0,0,0,0,0,0,0	0,0,0,0,0,0,0,0,0,0,0,0,0,0,0,0,0,0,0,0,0,0,0,0,0,0,0,1,0,0,0,0,0,0,0,0,0,0,0,0	2	0	0	0	0	1	40896	40896	0,0,0,0,0,0,0,0,0,0,0,0,0,0,0,0,0,0,0,0,0,0,0,0,0,0,0,0,0,0,0,0,0,0,0,0,0,0,0,0	0,0,0,0,0,0,0,0,0,0,0,0,0,0,0,0,0,0,0,0,0,0,0,0,0,0,0,1,0,0,0,0,0,0,0,0,0,0,0,0
tb.dut.clusters[0].cluster.sockets[0].socket.cores[0].core.execute.fpu_unit.genblk1[0].fpu_fpnew.genblk3[2].fpnew_core.gen_operation_groups[1].i_opgroup_block.gen_parallel_slices[1]	16	2	0	0	0	0	0	1	40896	40896	0,0,0,0,0,0,0,0,0,0,0,0,0,0,0,0,0,0,0,0,0,0,0,0,0,0,0,0,0,0,0,0,0,0,0,0,0,0,0,0	0,0,0,0,0,0,0,0,0,0,0,0,0,0,0,0,0,0,0,0,0,0,0,0,0,0,0,1,0,0,0,0,0,0,0,0,0,0,0,0	2	0	0	0	0	1	40896	40896	0,0,0,0,0,0,0,0,0,0,0,0,0,0,0,0,0,0,0,0,0,0,0,0,0,0,0,0,0,0,0,0,0,0,0,0,0,0,0,0	0,0,0,0,0,0,0,0,0,0,0,0,0,0,0,0,0,0,0,0,0,0,0,0,0,0,0,1,0,0,0,0,0,0,0,0,0,0,0,0
tb.dut.clusters[0].cluster.sockets[0].socket.cores[0].core.execute.fpu_unit.genblk1[0].fpu_fpnew.genblk3[2].fpnew_core.gen_operation_groups[1].i_opgroup_block.gen_parallel_slices[2]	16	2	0	0	0	0	0	1	40896	40896	0,0,0,0,0,0,0,0,0,0,0,0,0,0,0,0,0,0,0,0,0,0,0,0,0,0,0,0,0,0,0,0,0,0,0,0,0,0,0,0	0,0,0,0,0,0,0,0,0,0,0,0,0,0,0,0,0,0,0,0,0,0,0,0,0,0,0,1,0,0,0,0,0,0,0,0,0,0,0,0	2	0	0	0	0	1	40896	40896	0,0,0,0,0,0,0,0,0,0,0,0,0,0,0,0,0,0,0,0,0,0,0,0,0,0,0,0,0,0,0,0,0,0,0,0,0,0,0,0	0,0,0,0,0,0,0,0,0,0,0,0,0,0,0,0,0,0,0,0,0,0,0,0,0,0,0,1,0,0,0,0,0,0,0,0,0,0,0,0
tb.dut.clusters[0].cluster.sockets[0].socket.cores[0].core.execute.fpu_unit.genblk1[0].fpu_fpnew.genblk3[2].fpnew_core.gen_operation_groups[1].i_opgroup_block.gen_parallel_slices[3]	16	2	0	0	0	0	0	1	40896	40896	0,0,0,0,0,0,0,0,0,0,0,0,0,0,0,0,0,0,0,0,0,0,0,0,0,0,0,0,0,0,0,0,0,0,0,0,0,0,0,0	0,0,0,0,0,0,0,0,0,0,0,0,0,0,0,0,0,0,0,0,0,0,0,0,0,0,0,1,0,0,0,0,0,0,0,0,0,0,0,0	2	0	0	0	0	1	40896	40896	0,0,0,0,0,0,0,0,0,0,0,0,0,0,0,0,0,0,0,0,0,0,0,0,0,0,0,0,0,0,0,0,0,0,0,0,0,0,0,0	0,0,0,0,0,0,0,0,0,0,0,0,0,0,0,0,0,0,0,0,0,0,0,0,0,0,0,1,0,0,0,0,0,0,0,0,0,0,0,0
tb.dut.clusters[0].cluster.sockets[0].socket.cores[0].core.execute.fpu_unit.genblk1[0].fpu_fpnew.genblk3[2].fpnew_core.gen_operation_groups[1].i_opgroup_block.gen_parallel_slices[4]	16	2	0	0	0	0	0	1	40896	40896	0,0,0,0,0,0,0,0,0,0,0,0,0,0,0,0,0,0,0,0,0,0,0,0,0,0,0,0,0,0,0,0,0,0,0,0,0,0,0,0	0,0,0,0,0,0,0,0,0,0,0,0,0,0,0,0,0,0,0,0,0,0,0,0,0,0,0,1,0,0,0,0,0,0,0,0,0,0,0,0	2	0	0	0	0	1	40896	40896	0,0,0,0,0,0,0,0,0,0,0,0,0,0,0,0,0,0,0,0,0,0,0,0,0,0,0,0,0,0,0,0,0,0,0,0,0,0,0,0	0,0,0,0,0,0,0,0,0,0,0,0,0,0,0,0,0,0,0,0,0,0,0,0,0,0,0,1,0,0,0,0,0,0,0,0,0,0,0,0
tb.dut.clusters[0].cluster.sockets[0].socket.cores[0].core.execute.fpu_unit.genblk1[0].fpu_fpnew.genblk3[2].fpnew_core.gen_operation_groups[1].i_opgroup_block.i_arbiter	16	1510	4	2	2	2	1	3	40894	40872	2,0,0,0,0,0,0,0,0,0,0,0,0,0,0,0,0,0,0,0,0,0,0,0,0,0,0,0,0,0,0,0,0,0,0,0,0,0,0,0	0,0,1,0,0,0,0,0,0,0,0,0,0,0,0,0,1,0,0,0,0,0,0,0,0,0,0,1,0,0,0,0,0,0,0,0,0,0,0,0	8	0	0	0	0	1	40896	40896	0,0,0,0,0,0,0,0,0,0,0,0,0,0,0,0,0,0,0,0,0,0,0,0,0,0,0,0,0,0,0,0,0,0,0,0,0,0,0,0	0,0,0,0,0,0,0,0,0,0,0,0,0,0,0,0,0,0,0,0,0,0,0,0,0,0,0,1,0,0,0,0,0,0,0,0,0,0,0,0
tb.dut.clusters[0].cluster.sockets[0].socket.cores[0].core.execute.fpu_unit.genblk1[0].fpu_fpnew.genblk3[2].fpnew_core.gen_operation_groups[1].i_opgroup_block.i_arbiter.gen_arbiter	17	1150	0	0	0	0	0	1	40896	40896	0,0,0,0,0,0,0,0,0,0,0,0,0,0,0,0,0,0,0,0,0,0,0,0,0,0,0,0,0,0,0,0,0,0,0,0,0,0,0,0	0,0,0,0,0,0,0,0,0,0,0,0,0,0,0,0,0,0,0,0,0,0,0,0,0,0,0,1,0,0,0,0,0,0,0,0,0,0,0,0	6	0	0	0	0	1	40896	40896	0,0,0,0,0,0,0,0,0,0,0,0,0,0,0,0,0,0,0,0,0,0,0,0,0,0,0,0,0,0,0,0,0,0,0,0,0,0,0,0	0,0,0,0,0,0,0,0,0,0,0,0,0,0,0,0,0,0,0,0,0,0,0,0,0,0,0,1,0,0,0,0,0,0,0,0,0,0,0,0
tb.dut.clusters[0].cluster.sockets[0].socket.cores[0].core.execute.fpu_unit.genblk1[0].fpu_fpnew.genblk3[2].fpnew_core.gen_operation_groups[1].i_opgroup_block.i_arbiter.gen_arbiter.gen_int_rr	18	340	0	0	0	0	0	1	40896	40896	0,0,0,0,0,0,0,0,0,0,0,0,0,0,0,0,0,0,0,0,0,0,0,0,0,0,0,0,0,0,0,0,0,0,0,0,0,0,0,0	0,0,0,0,0,0,0,0,0,0,0,0,0,0,0,0,0,0,0,0,0,0,0,0,0,0,0,1,0,0,0,0,0,0,0,0,0,0,0,0	2	0	0	0	0	1	40896	40896	0,0,0,0,0,0,0,0,0,0,0,0,0,0,0,0,0,0,0,0,0,0,0,0,0,0,0,0,0,0,0,0,0,0,0,0,0,0,0,0	0,0,0,0,0,0,0,0,0,0,0,0,0,0,0,0,0,0,0,0,0,0,0,0,0,0,0,1,0,0,0,0,0,0,0,0,0,0,0,0
tb.dut.clusters[0].cluster.sockets[0].socket.cores[0].core.execute.fpu_unit.genblk1[0].fpu_fpnew.genblk3[2].fpnew_core.gen_operation_groups[1].i_opgroup_block.i_arbiter.gen_arbiter.gen_int_rr.gen_fair_arb	19	337	0	0	0	0	0	1	40896	40896	0,0,0,0,0,0,0,0,0,0,0,0,0,0,0,0,0,0,0,0,0,0,0,0,0,0,0,0,0,0,0,0,0,0,0,0,0,0,0,0	0,0,0,0,0,0,0,0,0,0,0,0,0,0,0,0,0,0,0,0,0,0,0,0,0,0,0,1,0,0,0,0,0,0,0,0,0,0,0,0	2	0	0	0	0	1	40896	40896	0,0,0,0,0,0,0,0,0,0,0,0,0,0,0,0,0,0,0,0,0,0,0,0,0,0,0,0,0,0,0,0,0,0,0,0,0,0,0,0	0,0,0,0,0,0,0,0,0,0,0,0,0,0,0,0,0,0,0,0,0,0,0,0,0,0,0,1,0,0,0,0,0,0,0,0,0,0,0,0
tb.dut.clusters[0].cluster.sockets[0].socket.cores[0].core.execute.fpu_unit.genblk1[0].fpu_fpnew.genblk3[2].fpnew_core.gen_operation_groups[1].i_opgroup_block.i_arbiter.gen_arbiter.gen_int_rr.gen_fair_arb.i_lzc_lower	20	158	0	0	0	0	0	1	40896	40896	0,0,0,0,0,0,0,0,0,0,0,0,0,0,0,0,0,0,0,0,0,0,0,0,0,0,0,0,0,0,0,0,0,0,0,0,0,0,0,0	0,0,0,0,0,0,0,0,0,0,0,0,0,0,0,0,0,0,0,0,0,0,0,0,0,0,0,1,0,0,0,0,0,0,0,0,0,0,0,0	2	0	0	0	0	1	40896	40896	0,0,0,0,0,0,0,0,0,0,0,0,0,0,0,0,0,0,0,0,0,0,0,0,0,0,0,0,0,0,0,0,0,0,0,0,0,0,0,0	0,0,0,0,0,0,0,0,0,0,0,0,0,0,0,0,0,0,0,0,0,0,0,0,0,0,0,1,0,0,0,0,0,0,0,0,0,0,0,0
tb.dut.clusters[0].cluster.sockets[0].socket.cores[0].core.execute.fpu_unit.genblk1[0].fpu_fpnew.genblk3[2].fpnew_core.gen_operation_groups[1].i_opgroup_block.i_arbiter.gen_arbiter.gen_int_rr.gen_fair_arb.i_lzc_lower.gen_lzc	21	84	0	0	0	0	0	1	40896	40896	0,0,0,0,0,0,0,0,0,0,0,0,0,0,0,0,0,0,0,0,0,0,0,0,0,0,0,0,0,0,0,0,0,0,0,0,0,0,0,0	0,0,0,0,0,0,0,0,0,0,0,0,0,0,0,0,0,0,0,0,0,0,0,0,0,0,0,1,0,0,0,0,0,0,0,0,0,0,0,0	2	0	0	0	0	1	40896	40896	0,0,0,0,0,0,0,0,0,0,0,0,0,0,0,0,0,0,0,0,0,0,0,0,0,0,0,0,0,0,0,0,0,0,0,0,0,0,0,0	0,0,0,0,0,0,0,0,0,0,0,0,0,0,0,0,0,0,0,0,0,0,0,0,0,0,0,1,0,0,0,0,0,0,0,0,0,0,0,0
tb.dut.clusters[0].cluster.sockets[0].socket.cores[0].core.execute.fpu_unit.genblk1[0].fpu_fpnew.genblk3[2].fpnew_core.gen_operation_groups[1].i_opgroup_block.i_arbiter.gen_arbiter.gen_int_rr.gen_fair_arb.i_lzc_upper	20	158	0	0	0	0	0	1	40896	40896	0,0,0,0,0,0,0,0,0,0,0,0,0,0,0,0,0,0,0,0,0,0,0,0,0,0,0,0,0,0,0,0,0,0,0,0,0,0,0,0	0,0,0,0,0,0,0,0,0,0,0,0,0,0,0,0,0,0,0,0,0,0,0,0,0,0,0,1,0,0,0,0,0,0,0,0,0,0,0,0	2	0	0	0	0	1	40896	40896	0,0,0,0,0,0,0,0,0,0,0,0,0,0,0,0,0,0,0,0,0,0,0,0,0,0,0,0,0,0,0,0,0,0,0,0,0,0,0,0	0,0,0,0,0,0,0,0,0,0,0,0,0,0,0,0,0,0,0,0,0,0,0,0,0,0,0,1,0,0,0,0,0,0,0,0,0,0,0,0
tb.dut.clusters[0].cluster.sockets[0].socket.cores[0].core.execute.fpu_unit.genblk1[0].fpu_fpnew.genblk3[2].fpnew_core.gen_operation_groups[1].i_opgroup_block.i_arbiter.gen_arbiter.gen_int_rr.gen_fair_arb.i_lzc_upper.gen_lzc	21	84	0	0	0	0	0	1	40896	40896	0,0,0,0,0,0,0,0,0,0,0,0,0,0,0,0,0,0,0,0,0,0,0,0,0,0,0,0,0,0,0,0,0,0,0,0,0,0,0,0	0,0,0,0,0,0,0,0,0,0,0,0,0,0,0,0,0,0,0,0,0,0,0,0,0,0,0,1,0,0,0,0,0,0,0,0,0,0,0,0	2	0	0	0	0	1	40896	40896	0,0,0,0,0,0,0,0,0,0,0,0,0,0,0,0,0,0,0,0,0,0,0,0,0,0,0,0,0,0,0,0,0,0,0,0,0,0,0,0	0,0,0,0,0,0,0,0,0,0,0,0,0,0,0,0,0,0,0,0,0,0,0,0,0,0,0,1,0,0,0,0,0,0,0,0,0,0,0,0
tb.dut.clusters[0].cluster.sockets[0].socket.cores[0].core.execute.fpu_unit.genblk1[0].fpu_fpnew.genblk3[2].fpnew_core.gen_operation_groups[1].i_opgroup_block.i_arbiter.gen_arbiter.gen_levels[0]	18	65	0	0	0	0	0	1	40896	40896	0,0,0,0,0,0,0,0,0,0,0,0,0,0,0,0,0,0,0,0,0,0,0,0,0,0,0,0,0,0,0,0,0,0,0,0,0,0,0,0	0,0,0,0,0,0,0,0,0,0,0,0,0,0,0,0,0,0,0,0,0,0,0,0,0,0,0,1,0,0,0,0,0,0,0,0,0,0,0,0	2	0	0	0	0	1	40896	40896	0,0,0,0,0,0,0,0,0,0,0,0,0,0,0,0,0,0,0,0,0,0,0,0,0,0,0,0,0,0,0,0,0,0,0,0,0,0,0,0	0,0,0,0,0,0,0,0,0,0,0,0,0,0,0,0,0,0,0,0,0,0,0,0,0,0,0,1,0,0,0,0,0,0,0,0,0,0,0,0
tb.dut.clusters[0].cluster.sockets[0].socket.cores[0].core.execute.fpu_unit.genblk1[0].fpu_fpnew.genblk3[2].fpnew_core.gen_operation_groups[1].i_opgroup_block.i_arbiter.gen_arbiter.gen_levels[0].gen_level[0]	19	65	0	0	0	0	0	1	40896	40896	0,0,0,0,0,0,0,0,0,0,0,0,0,0,0,0,0,0,0,0,0,0,0,0,0,0,0,0,0,0,0,0,0,0,0,0,0,0,0,0	0,0,0,0,0,0,0,0,0,0,0,0,0,0,0,0,0,0,0,0,0,0,0,0,0,0,0,1,0,0,0,0,0,0,0,0,0,0,0,0	2	0	0	0	0	1	40896	40896	0,0,0,0,0,0,0,0,0,0,0,0,0,0,0,0,0,0,0,0,0,0,0,0,0,0,0,0,0,0,0,0,0,0,0,0,0,0,0,0	0,0,0,0,0,0,0,0,0,0,0,0,0,0,0,0,0,0,0,0,0,0,0,0,0,0,0,1,0,0,0,0,0,0,0,0,0,0,0,0
tb.dut.clusters[0].cluster.sockets[0].socket.cores[0].core.execute.fpu_unit.genblk1[0].fpu_fpnew.genblk3[2].fpnew_core.gen_operation_groups[1].i_opgroup_block.i_arbiter.gen_arbiter.gen_levels[1]	18	130	0	0	0	0	0	1	40896	40896	0,0,0,0,0,0,0,0,0,0,0,0,0,0,0,0,0,0,0,0,0,0,0,0,0,0,0,0,0,0,0,0,0,0,0,0,0,0,0,0	0,0,0,0,0,0,0,0,0,0,0,0,0,0,0,0,0,0,0,0,0,0,0,0,0,0,0,1,0,0,0,0,0,0,0,0,0,0,0,0	2	0	0	0	0	1	40896	40896	0,0,0,0,0,0,0,0,0,0,0,0,0,0,0,0,0,0,0,0,0,0,0,0,0,0,0,0,0,0,0,0,0,0,0,0,0,0,0,0	0,0,0,0,0,0,0,0,0,0,0,0,0,0,0,0,0,0,0,0,0,0,0,0,0,0,0,1,0,0,0,0,0,0,0,0,0,0,0,0
tb.dut.clusters[0].cluster.sockets[0].socket.cores[0].core.execute.fpu_unit.genblk1[0].fpu_fpnew.genblk3[2].fpnew_core.gen_operation_groups[1].i_opgroup_block.i_arbiter.gen_arbiter.gen_levels[1].gen_level[0]	19	65	0	0	0	0	0	1	40896	40896	0,0,0,0,0,0,0,0,0,0,0,0,0,0,0,0,0,0,0,0,0,0,0,0,0,0,0,0,0,0,0,0,0,0,0,0,0,0,0,0	0,0,0,0,0,0,0,0,0,0,0,0,0,0,0,0,0,0,0,0,0,0,0,0,0,0,0,1,0,0,0,0,0,0,0,0,0,0,0,0	2	0	0	0	0	1	40896	40896	0,0,0,0,0,0,0,0,0,0,0,0,0,0,0,0,0,0,0,0,0,0,0,0,0,0,0,0,0,0,0,0,0,0,0,0,0,0,0,0	0,0,0,0,0,0,0,0,0,0,0,0,0,0,0,0,0,0,0,0,0,0,0,0,0,0,0,1,0,0,0,0,0,0,0,0,0,0,0,0
tb.dut.clusters[0].cluster.sockets[0].socket.cores[0].core.execute.fpu_unit.genblk1[0].fpu_fpnew.genblk3[2].fpnew_core.gen_operation_groups[1].i_opgroup_block.i_arbiter.gen_arbiter.gen_levels[1].gen_level[1]	19	65	0	0	0	0	0	1	40896	40896	0,0,0,0,0,0,0,0,0,0,0,0,0,0,0,0,0,0,0,0,0,0,0,0,0,0,0,0,0,0,0,0,0,0,0,0,0,0,0,0	0,0,0,0,0,0,0,0,0,0,0,0,0,0,0,0,0,0,0,0,0,0,0,0,0,0,0,1,0,0,0,0,0,0,0,0,0,0,0,0	2	0	0	0	0	1	40896	40896	0,0,0,0,0,0,0,0,0,0,0,0,0,0,0,0,0,0,0,0,0,0,0,0,0,0,0,0,0,0,0,0,0,0,0,0,0,0,0,0	0,0,0,0,0,0,0,0,0,0,0,0,0,0,0,0,0,0,0,0,0,0,0,0,0,0,0,1,0,0,0,0,0,0,0,0,0,0,0,0
tb.dut.clusters[0].cluster.sockets[0].socket.cores[0].core.execute.fpu_unit.genblk1[0].fpu_fpnew.genblk3[2].fpnew_core.gen_operation_groups[1].i_opgroup_block.i_arbiter.gen_arbiter.gen_levels[2]	18	260	0	0	0	0	0	1	40896	40896	0,0,0,0,0,0,0,0,0,0,0,0,0,0,0,0,0,0,0,0,0,0,0,0,0,0,0,0,0,0,0,0,0,0,0,0,0,0,0,0	0,0,0,0,0,0,0,0,0,0,0,0,0,0,0,0,0,0,0,0,0,0,0,0,0,0,0,1,0,0,0,0,0,0,0,0,0,0,0,0	2	0	0	0	0	1	40896	40896	0,0,0,0,0,0,0,0,0,0,0,0,0,0,0,0,0,0,0,0,0,0,0,0,0,0,0,0,0,0,0,0,0,0,0,0,0,0,0,0	0,0,0,0,0,0,0,0,0,0,0,0,0,0,0,0,0,0,0,0,0,0,0,0,0,0,0,1,0,0,0,0,0,0,0,0,0,0,0,0
tb.dut.clusters[0].cluster.sockets[0].socket.cores[0].core.execute.fpu_unit.genblk1[0].fpu_fpnew.genblk3[2].fpnew_core.gen_operation_groups[1].i_opgroup_block.i_arbiter.gen_arbiter.gen_levels[2].gen_level[0]	19	65	0	0	0	0	0	1	40896	40896	0,0,0,0,0,0,0,0,0,0,0,0,0,0,0,0,0,0,0,0,0,0,0,0,0,0,0,0,0,0,0,0,0,0,0,0,0,0,0,0	0,0,0,0,0,0,0,0,0,0,0,0,0,0,0,0,0,0,0,0,0,0,0,0,0,0,0,1,0,0,0,0,0,0,0,0,0,0,0,0	2	0	0	0	0	1	40896	40896	0,0,0,0,0,0,0,0,0,0,0,0,0,0,0,0,0,0,0,0,0,0,0,0,0,0,0,0,0,0,0,0,0,0,0,0,0,0,0,0	0,0,0,0,0,0,0,0,0,0,0,0,0,0,0,0,0,0,0,0,0,0,0,0,0,0,0,1,0,0,0,0,0,0,0,0,0,0,0,0
tb.dut.clusters[0].cluster.sockets[0].socket.cores[0].core.execute.fpu_unit.genblk1[0].fpu_fpnew.genblk3[2].fpnew_core.gen_operation_groups[1].i_opgroup_block.i_arbiter.gen_arbiter.gen_levels[2].gen_level[1]	19	65	0	0	0	0	0	1	40896	40896	0,0,0,0,0,0,0,0,0,0,0,0,0,0,0,0,0,0,0,0,0,0,0,0,0,0,0,0,0,0,0,0,0,0,0,0,0,0,0,0	0,0,0,0,0,0,0,0,0,0,0,0,0,0,0,0,0,0,0,0,0,0,0,0,0,0,0,1,0,0,0,0,0,0,0,0,0,0,0,0	2	0	0	0	0	1	40896	40896	0,0,0,0,0,0,0,0,0,0,0,0,0,0,0,0,0,0,0,0,0,0,0,0,0,0,0,0,0,0,0,0,0,0,0,0,0,0,0,0	0,0,0,0,0,0,0,0,0,0,0,0,0,0,0,0,0,0,0,0,0,0,0,0,0,0,0,1,0,0,0,0,0,0,0,0,0,0,0,0
tb.dut.clusters[0].cluster.sockets[0].socket.cores[0].core.execute.fpu_unit.genblk1[0].fpu_fpnew.genblk3[2].fpnew_core.gen_operation_groups[1].i_opgroup_block.i_arbiter.gen_arbiter.gen_levels[2].gen_level[2]	19	65	0	0	0	0	0	1	40896	40896	0,0,0,0,0,0,0,0,0,0,0,0,0,0,0,0,0,0,0,0,0,0,0,0,0,0,0,0,0,0,0,0,0,0,0,0,0,0,0,0	0,0,0,0,0,0,0,0,0,0,0,0,0,0,0,0,0,0,0,0,0,0,0,0,0,0,0,1,0,0,0,0,0,0,0,0,0,0,0,0	2	0	0	0	0	1	40896	40896	0,0,0,0,0,0,0,0,0,0,0,0,0,0,0,0,0,0,0,0,0,0,0,0,0,0,0,0,0,0,0,0,0,0,0,0,0,0,0,0	0,0,0,0,0,0,0,0,0,0,0,0,0,0,0,0,0,0,0,0,0,0,0,0,0,0,0,1,0,0,0,0,0,0,0,0,0,0,0,0
tb.dut.clusters[0].cluster.sockets[0].socket.cores[0].core.execute.fpu_unit.genblk1[0].fpu_fpnew.genblk3[2].fpnew_core.gen_operation_groups[1].i_opgroup_block.i_arbiter.gen_arbiter.gen_levels[2].gen_level[3]	19	65	0	0	0	0	0	1	40896	40896	0,0,0,0,0,0,0,0,0,0,0,0,0,0,0,0,0,0,0,0,0,0,0,0,0,0,0,0,0,0,0,0,0,0,0,0,0,0,0,0	0,0,0,0,0,0,0,0,0,0,0,0,0,0,0,0,0,0,0,0,0,0,0,0,0,0,0,1,0,0,0,0,0,0,0,0,0,0,0,0	2	0	0	0	0	1	40896	40896	0,0,0,0,0,0,0,0,0,0,0,0,0,0,0,0,0,0,0,0,0,0,0,0,0,0,0,0,0,0,0,0,0,0,0,0,0,0,0,0	0,0,0,0,0,0,0,0,0,0,0,0,0,0,0,0,0,0,0,0,0,0,0,0,0,0,0,1,0,0,0,0,0,0,0,0,0,0,0,0
tb.dut.clusters[0].cluster.sockets[0].socket.cores[0].core.execute.fpu_unit.genblk1[0].fpu_fpnew.genblk3[2].fpnew_core.gen_operation_groups[2]	14	4265	21	2	2	2	1	3	40894	40872	2,0,0,0,0,0,0,0,0,0,0,0,0,0,0,0,0,0,0,0,0,0,0,0,0,0,0,0,0,0,0,0,0,0,0,0,0,0,0,0	0,0,1,0,0,0,0,0,0,0,0,0,0,0,0,0,1,0,0,0,0,0,0,0,0,0,0,1,0,0,0,0,0,0,0,0,0,0,0,0	22	0	0	0	0	1	40896	40896	0,0,0,0,0,0,0,0,0,0,0,0,0,0,0,0,0,0,0,0,0,0,0,0,0,0,0,0,0,0,0,0,0,0,0,0,0,0,0,0	0,0,0,0,0,0,0,0,0,0,0,0,0,0,0,0,0,0,0,0,0,0,0,0,0,0,0,1,0,0,0,0,0,0,0,0,0,0,0,0
tb.dut.clusters[0].cluster.sockets[0].socket.cores[0].core.execute.fpu_unit.genblk1[0].fpu_fpnew.genblk3[2].fpnew_core.gen_operation_groups[2].i_opgroup_block	15	4222	21	2	2	2	1	3	40894	40872	2,0,0,0,0,0,0,0,0,0,0,0,0,0,0,0,0,0,0,0,0,0,0,0,0,0,0,0,0,0,0,0,0,0,0,0,0,0,0,0	0,0,1,0,0,0,0,0,0,0,0,0,0,0,0,0,1,0,0,0,0,0,0,0,0,0,0,1,0,0,0,0,0,0,0,0,0,0,0,0	22	0	0	0	0	1	40896	40896	0,0,0,0,0,0,0,0,0,0,0,0,0,0,0,0,0,0,0,0,0,0,0,0,0,0,0,0,0,0,0,0,0,0,0,0,0,0,0,0	0,0,0,0,0,0,0,0,0,0,0,0,0,0,0,0,0,0,0,0,0,0,0,0,0,0,0,1,0,0,0,0,0,0,0,0,0,0,0,0
tb.dut.clusters[0].cluster.sockets[0].socket.cores[0].core.execute.fpu_unit.genblk1[0].fpu_fpnew.genblk3[2].fpnew_core.gen_operation_groups[2].i_opgroup_block.gen_parallel_slices[0]	16	1958	13	2	2	2	1	3	40894	40872	2,0,0,0,0,0,0,0,0,0,0,0,0,0,0,0,0,0,0,0,0,0,0,0,0,0,0,0,0,0,0,0,0,0,0,0,0,0,0,0	0,0,1,0,0,0,0,0,0,0,0,0,0,0,0,0,1,0,0,0,0,0,0,0,0,0,0,1,0,0,0,0,0,0,0,0,0,0,0,0	10	0	0	0	0	1	40896	40896	0,0,0,0,0,0,0,0,0,0,0,0,0,0,0,0,0,0,0,0,0,0,0,0,0,0,0,0,0,0,0,0,0,0,0,0,0,0,0,0	0,0,0,0,0,0,0,0,0,0,0,0,0,0,0,0,0,0,0,0,0,0,0,0,0,0,0,1,0,0,0,0,0,0,0,0,0,0,0,0
tb.dut.clusters[0].cluster.sockets[0].socket.cores[0].core.execute.fpu_unit.genblk1[0].fpu_fpnew.genblk3[2].fpnew_core.gen_operation_groups[2].i_opgroup_block.gen_parallel_slices[0].active_format	17	1956	13	2	2	2	1	3	40894	40872	2,0,0,0,0,0,0,0,0,0,0,0,0,0,0,0,0,0,0,0,0,0,0,0,0,0,0,0,0,0,0,0,0,0,0,0,0,0,0,0	0,0,1,0,0,0,0,0,0,0,0,0,0,0,0,0,1,0,0,0,0,0,0,0,0,0,0,1,0,0,0,0,0,0,0,0,0,0,0,0	10	0	0	0	0	1	40896	40896	0,0,0,0,0,0,0,0,0,0,0,0,0,0,0,0,0,0,0,0,0,0,0,0,0,0,0,0,0,0,0,0,0,0,0,0,0,0,0,0	0,0,0,0,0,0,0,0,0,0,0,0,0,0,0,0,0,0,0,0,0,0,0,0,0,0,0,1,0,0,0,0,0,0,0,0,0,0,0,0
tb.dut.clusters[0].cluster.sockets[0].socket.cores[0].core.execute.fpu_unit.genblk1[0].fpu_fpnew.genblk3[2].fpnew_core.gen_operation_groups[2].i_opgroup_block.gen_parallel_slices[0].active_format.i_fmt_slice	18	1922	13	2	2	2	1	3	40894	40872	2,0,0,0,0,0,0,0,0,0,0,0,0,0,0,0,0,0,0,0,0,0,0,0,0,0,0,0,0,0,0,0,0,0,0,0,0,0,0,0	0,0,1,0,0,0,0,0,0,0,0,0,0,0,0,0,1,0,0,0,0,0,0,0,0,0,0,1,0,0,0,0,0,0,0,0,0,0,0,0	10	0	0	0	0	1	40896	40896	0,0,0,0,0,0,0,0,0,0,0,0,0,0,0,0,0,0,0,0,0,0,0,0,0,0,0,0,0,0,0,0,0,0,0,0,0,0,0,0	0,0,0,0,0,0,0,0,0,0,0,0,0,0,0,0,0,0,0,0,0,0,0,0,0,0,0,1,0,0,0,0,0,0,0,0,0,0,0,0
tb.dut.clusters[0].cluster.sockets[0].socket.cores[0].core.execute.fpu_unit.genblk1[0].fpu_fpnew.genblk3[2].fpnew_core.gen_operation_groups[2].i_opgroup_block.gen_parallel_slices[0].active_format.i_fmt_slice.gen_num_lanes[0]	19	1343	6	2	2	2	1	3	40894	40872	2,0,0,0,0,0,0,0,0,0,0,0,0,0,0,0,0,0,0,0,0,0,0,0,0,0,0,0,0,0,0,0,0,0,0,0,0,0,0,0	0,0,1,0,0,0,0,0,0,0,0,0,0,0,0,0,1,0,0,0,0,0,0,0,0,0,0,1,0,0,0,0,0,0,0,0,0,0,0,0	7	0	0	0	0	1	40896	40896	0,0,0,0,0,0,0,0,0,0,0,0,0,0,0,0,0,0,0,0,0,0,0,0,0,0,0,0,0,0,0,0,0,0,0,0,0,0,0,0	0,0,0,0,0,0,0,0,0,0,0,0,0,0,0,0,0,0,0,0,0,0,0,0,0,0,0,1,0,0,0,0,0,0,0,0,0,0,0,0
tb.dut.clusters[0].cluster.sockets[0].socket.cores[0].core.execute.fpu_unit.genblk1[0].fpu_fpnew.genblk3[2].fpnew_core.gen_operation_groups[2].i_opgroup_block.gen_parallel_slices[0].active_format.i_fmt_slice.gen_num_lanes[0].active_lane	20	1310	6	2	2	2	1	3	40894	40872	2,0,0,0,0,0,0,0,0,0,0,0,0,0,0,0,0,0,0,0,0,0,0,0,0,0,0,0,0,0,0,0,0,0,0,0,0,0,0,0	0,0,1,0,0,0,0,0,0,0,0,0,0,0,0,0,1,0,0,0,0,0,0,0,0,0,0,1,0,0,0,0,0,0,0,0,0,0,0,0	7	0	0	0	0	1	40896	40896	0,0,0,0,0,0,0,0,0,0,0,0,0,0,0,0,0,0,0,0,0,0,0,0,0,0,0,0,0,0,0,0,0,0,0,0,0,0,0,0	0,0,0,0,0,0,0,0,0,0,0,0,0,0,0,0,0,0,0,0,0,0,0,0,0,0,0,1,0,0,0,0,0,0,0,0,0,0,0,0
tb.dut.clusters[0].cluster.sockets[0].socket.cores[0].core.execute.fpu_unit.genblk1[0].fpu_fpnew.genblk3[2].fpnew_core.gen_operation_groups[2].i_opgroup_block.gen_parallel_slices[0].active_format.i_fmt_slice.gen_num_lanes[0].active_lane.lane_instance	21	1206	6	2	2	2	1	3	40894	40872	2,0,0,0,0,0,0,0,0,0,0,0,0,0,0,0,0,0,0,0,0,0,0,0,0,0,0,0,0,0,0,0,0,0,0,0,0,0,0,0	0,0,1,0,0,0,0,0,0,0,0,0,0,0,0,0,1,0,0,0,0,0,0,0,0,0,0,1,0,0,0,0,0,0,0,0,0,0,0,0	7	0	0	0	0	1	40896	40896	0,0,0,0,0,0,0,0,0,0,0,0,0,0,0,0,0,0,0,0,0,0,0,0,0,0,0,0,0,0,0,0,0,0,0,0,0,0,0,0	0,0,0,0,0,0,0,0,0,0,0,0,0,0,0,0,0,0,0,0,0,0,0,0,0,0,0,1,0,0,0,0,0,0,0,0,0,0,0,0
tb.dut.clusters[0].cluster.sockets[0].socket.cores[0].core.execute.fpu_unit.genblk1[0].fpu_fpnew.genblk3[2].fpnew_core.gen_operation_groups[2].i_opgroup_block.gen_parallel_slices[0].active_format.i_fmt_slice.gen_num_lanes[0].active_lane.lane_instance.i_noncomp	22	1206	6	2	2	2	1	3	40894	40872	2,0,0,0,0,0,0,0,0,0,0,0,0,0,0,0,0,0,0,0,0,0,0,0,0,0,0,0,0,0,0,0,0,0,0,0,0,0,0,0	0,0,1,0,0,0,0,0,0,0,0,0,0,0,0,0,1,0,0,0,0,0,0,0,0,0,0,1,0,0,0,0,0,0,0,0,0,0,0,0	7	0	0	0	0	1	40896	40896	0,0,0,0,0,0,0,0,0,0,0,0,0,0,0,0,0,0,0,0,0,0,0,0,0,0,0,0,0,0,0,0,0,0,0,0,0,0,0,0	0,0,0,0,0,0,0,0,0,0,0,0,0,0,0,0,0,0,0,0,0,0,0,0,0,0,0,1,0,0,0,0,0,0,0,0,0,0,0,0
tb.dut.clusters[0].cluster.sockets[0].socket.cores[0].core.execute.fpu_unit.genblk1[0].fpu_fpnew.genblk3[2].fpnew_core.gen_operation_groups[2].i_opgroup_block.gen_parallel_slices[0].active_format.i_fmt_slice.gen_num_lanes[0].active_lane.lane_instance.i_noncomp.gen_input_pipeline[0]	23	1	0	0	0	0	0	1	40896	40896	0,0,0,0,0,0,0,0,0,0,0,0,0,0,0,0,0,0,0,0,0,0,0,0,0,0,0,0,0,0,0,0,0,0,0,0,0,0,0,0	0,0,0,0,0,0,0,0,0,0,0,0,0,0,0,0,0,0,0,0,0,0,0,0,0,0,0,1,0,0,0,0,0,0,0,0,0,0,0,0	2	0	0	0	0	1	40896	40896	0,0,0,0,0,0,0,0,0,0,0,0,0,0,0,0,0,0,0,0,0,0,0,0,0,0,0,0,0,0,0,0,0,0,0,0,0,0,0,0	0,0,0,0,0,0,0,0,0,0,0,0,0,0,0,0,0,0,0,0,0,0,0,0,0,0,0,1,0,0,0,0,0,0,0,0,0,0,0,0
tb.dut.clusters[0].cluster.sockets[0].socket.cores[0].core.execute.fpu_unit.genblk1[0].fpu_fpnew.genblk3[2].fpnew_core.gen_operation_groups[2].i_opgroup_block.gen_parallel_slices[0].active_format.i_fmt_slice.gen_num_lanes[0].active_lane.lane_instance.i_noncomp.gen_output_pipeline[0]	23	1	0	0	0	0	0	1	40896	40896	0,0,0,0,0,0,0,0,0,0,0,0,0,0,0,0,0,0,0,0,0,0,0,0,0,0,0,0,0,0,0,0,0,0,0,0,0,0,0,0	0,0,0,0,0,0,0,0,0,0,0,0,0,0,0,0,0,0,0,0,0,0,0,0,0,0,0,1,0,0,0,0,0,0,0,0,0,0,0,0	2	0	0	0	0	1	40896	40896	0,0,0,0,0,0,0,0,0,0,0,0,0,0,0,0,0,0,0,0,0,0,0,0,0,0,0,0,0,0,0,0,0,0,0,0,0,0,0,0	0,0,0,0,0,0,0,0,0,0,0,0,0,0,0,0,0,0,0,0,0,0,0,0,0,0,0,1,0,0,0,0,0,0,0,0,0,0,0,0
tb.dut.clusters[0].cluster.sockets[0].socket.cores[0].core.execute.fpu_unit.genblk1[0].fpu_fpnew.genblk3[2].fpnew_core.gen_operation_groups[2].i_opgroup_block.gen_parallel_slices[0].active_format.i_fmt_slice.gen_num_lanes[0].active_lane.lane_instance.i_noncomp.i_class_a	23	293	0	0	0	0	0	1	40896	40896	0,0,0,0,0,0,0,0,0,0,0,0,0,0,0,0,0,0,0,0,0,0,0,0,0,0,0,0,0,0,0,0,0,0,0,0,0,0,0,0	0,0,0,0,0,0,0,0,0,0,0,0,0,0,0,0,0,0,0,0,0,0,0,0,0,0,0,1,0,0,0,0,0,0,0,0,0,0,0,0	2	0	0	0	0	1	40896	40896	0,0,0,0,0,0,0,0,0,0,0,0,0,0,0,0,0,0,0,0,0,0,0,0,0,0,0,0,0,0,0,0,0,0,0,0,0,0,0,0	0,0,0,0,0,0,0,0,0,0,0,0,0,0,0,0,0,0,0,0,0,0,0,0,0,0,0,1,0,0,0,0,0,0,0,0,0,0,0,0
tb.dut.clusters[0].cluster.sockets[0].socket.cores[0].core.execute.fpu_unit.genblk1[0].fpu_fpnew.genblk3[2].fpnew_core.gen_operation_groups[2].i_opgroup_block.gen_parallel_slices[0].active_format.i_fmt_slice.gen_num_lanes[0].active_lane.lane_instance.i_noncomp.i_class_a.gen_num_values[0]	24	40	0	0	0	0	0	1	40896	40896	0,0,0,0,0,0,0,0,0,0,0,0,0,0,0,0,0,0,0,0,0,0,0,0,0,0,0,0,0,0,0,0,0,0,0,0,0,0,0,0	0,0,0,0,0,0,0,0,0,0,0,0,0,0,0,0,0,0,0,0,0,0,0,0,0,0,0,1,0,0,0,0,0,0,0,0,0,0,0,0	2	0	0	0	0	1	40896	40896	0,0,0,0,0,0,0,0,0,0,0,0,0,0,0,0,0,0,0,0,0,0,0,0,0,0,0,0,0,0,0,0,0,0,0,0,0,0,0,0	0,0,0,0,0,0,0,0,0,0,0,0,0,0,0,0,0,0,0,0,0,0,0,0,0,0,0,1,0,0,0,0,0,0,0,0,0,0,0,0
tb.dut.clusters[0].cluster.sockets[0].socket.cores[0].core.execute.fpu_unit.genblk1[0].fpu_fpnew.genblk3[2].fpnew_core.gen_operation_groups[2].i_opgroup_block.gen_parallel_slices[0].active_format.i_fmt_slice.gen_num_lanes[0].active_lane.lane_instance.i_noncomp.i_class_a.gen_num_values[1]	24	40	0	0	0	0	0	1	40896	40896	0,0,0,0,0,0,0,0,0,0,0,0,0,0,0,0,0,0,0,0,0,0,0,0,0,0,0,0,0,0,0,0,0,0,0,0,0,0,0,0	0,0,0,0,0,0,0,0,0,0,0,0,0,0,0,0,0,0,0,0,0,0,0,0,0,0,0,1,0,0,0,0,0,0,0,0,0,0,0,0	2	0	0	0	0	1	40896	40896	0,0,0,0,0,0,0,0,0,0,0,0,0,0,0,0,0,0,0,0,0,0,0,0,0,0,0,0,0,0,0,0,0,0,0,0,0,0,0,0	0,0,0,0,0,0,0,0,0,0,0,0,0,0,0,0,0,0,0,0,0,0,0,0,0,0,0,1,0,0,0,0,0,0,0,0,0,0,0,0
tb.dut.clusters[0].cluster.sockets[0].socket.cores[0].core.execute.fpu_unit.genblk1[0].fpu_fpnew.genblk3[2].fpnew_core.gen_operation_groups[2].i_opgroup_block.gen_parallel_slices[0].active_format.i_fmt_slice.gen_num_lanes[0].active_lane.lane_instance.i_noncomp.sign_injections	23	2	0	0	0	0	0	1	40896	40896	0,0,0,0,0,0,0,0,0,0,0,0,0,0,0,0,0,0,0,0,0,0,0,0,0,0,0,0,0,0,0,0,0,0,0,0,0,0,0,0	0,0,0,0,0,0,0,0,0,0,0,0,0,0,0,0,0,0,0,0,0,0,0,0,0,0,0,1,0,0,0,0,0,0,0,0,0,0,0,0	2	0	0	0	0	1	40896	40896	0,0,0,0,0,0,0,0,0,0,0,0,0,0,0,0,0,0,0,0,0,0,0,0,0,0,0,0,0,0,0,0,0,0,0,0,0,0,0,0	0,0,0,0,0,0,0,0,0,0,0,0,0,0,0,0,0,0,0,0,0,0,0,0,0,0,0,1,0,0,0,0,0,0,0,0,0,0,0,0
tb.dut.clusters[0].cluster.sockets[0].socket.cores[0].core.execute.fpu_unit.genblk1[0].fpu_fpnew.genblk3[2].fpnew_core.gen_operation_groups[2].i_opgroup_block.gen_parallel_slices[1]	16	2	0	0	0	0	0	1	40896	40896	0,0,0,0,0,0,0,0,0,0,0,0,0,0,0,0,0,0,0,0,0,0,0,0,0,0,0,0,0,0,0,0,0,0,0,0,0,0,0,0	0,0,0,0,0,0,0,0,0,0,0,0,0,0,0,0,0,0,0,0,0,0,0,0,0,0,0,1,0,0,0,0,0,0,0,0,0,0,0,0	2	0	0	0	0	1	40896	40896	0,0,0,0,0,0,0,0,0,0,0,0,0,0,0,0,0,0,0,0,0,0,0,0,0,0,0,0,0,0,0,0,0,0,0,0,0,0,0,0	0,0,0,0,0,0,0,0,0,0,0,0,0,0,0,0,0,0,0,0,0,0,0,0,0,0,0,1,0,0,0,0,0,0,0,0,0,0,0,0
tb.dut.clusters[0].cluster.sockets[0].socket.cores[0].core.execute.fpu_unit.genblk1[0].fpu_fpnew.genblk3[2].fpnew_core.gen_operation_groups[2].i_opgroup_block.gen_parallel_slices[2]	16	2	0	0	0	0	0	1	40896	40896	0,0,0,0,0,0,0,0,0,0,0,0,0,0,0,0,0,0,0,0,0,0,0,0,0,0,0,0,0,0,0,0,0,0,0,0,0,0,0,0	0,0,0,0,0,0,0,0,0,0,0,0,0,0,0,0,0,0,0,0,0,0,0,0,0,0,0,1,0,0,0,0,0,0,0,0,0,0,0,0	2	0	0	0	0	1	40896	40896	0,0,0,0,0,0,0,0,0,0,0,0,0,0,0,0,0,0,0,0,0,0,0,0,0,0,0,0,0,0,0,0,0,0,0,0,0,0,0,0	0,0,0,0,0,0,0,0,0,0,0,0,0,0,0,0,0,0,0,0,0,0,0,0,0,0,0,1,0,0,0,0,0,0,0,0,0,0,0,0
tb.dut.clusters[0].cluster.sockets[0].socket.cores[0].core.execute.fpu_unit.genblk1[0].fpu_fpnew.genblk3[2].fpnew_core.gen_operation_groups[2].i_opgroup_block.gen_parallel_slices[3]	16	2	0	0	0	0	0	1	40896	40896	0,0,0,0,0,0,0,0,0,0,0,0,0,0,0,0,0,0,0,0,0,0,0,0,0,0,0,0,0,0,0,0,0,0,0,0,0,0,0,0	0,0,0,0,0,0,0,0,0,0,0,0,0,0,0,0,0,0,0,0,0,0,0,0,0,0,0,1,0,0,0,0,0,0,0,0,0,0,0,0	2	0	0	0	0	1	40896	40896	0,0,0,0,0,0,0,0,0,0,0,0,0,0,0,0,0,0,0,0,0,0,0,0,0,0,0,0,0,0,0,0,0,0,0,0,0,0,0,0	0,0,0,0,0,0,0,0,0,0,0,0,0,0,0,0,0,0,0,0,0,0,0,0,0,0,0,1,0,0,0,0,0,0,0,0,0,0,0,0
tb.dut.clusters[0].cluster.sockets[0].socket.cores[0].core.execute.fpu_unit.genblk1[0].fpu_fpnew.genblk3[2].fpnew_core.gen_operation_groups[2].i_opgroup_block.gen_parallel_slices[4]	16	2	0	0	0	0	0	1	40896	40896	0,0,0,0,0,0,0,0,0,0,0,0,0,0,0,0,0,0,0,0,0,0,0,0,0,0,0,0,0,0,0,0,0,0,0,0,0,0,0,0	0,0,0,0,0,0,0,0,0,0,0,0,0,0,0,0,0,0,0,0,0,0,0,0,0,0,0,1,0,0,0,0,0,0,0,0,0,0,0,0	2	0	0	0	0	1	40896	40896	0,0,0,0,0,0,0,0,0,0,0,0,0,0,0,0,0,0,0,0,0,0,0,0,0,0,0,0,0,0,0,0,0,0,0,0,0,0,0,0	0,0,0,0,0,0,0,0,0,0,0,0,0,0,0,0,0,0,0,0,0,0,0,0,0,0,0,1,0,0,0,0,0,0,0,0,0,0,0,0
tb.dut.clusters[0].cluster.sockets[0].socket.cores[0].core.execute.fpu_unit.genblk1[0].fpu_fpnew.genblk3[2].fpnew_core.gen_operation_groups[2].i_opgroup_block.i_arbiter	16	1510	4	2	2	2	1	3	40894	40872	2,0,0,0,0,0,0,0,0,0,0,0,0,0,0,0,0,0,0,0,0,0,0,0,0,0,0,0,0,0,0,0,0,0,0,0,0,0,0,0	0,0,1,0,0,0,0,0,0,0,0,0,0,0,0,0,1,0,0,0,0,0,0,0,0,0,0,1,0,0,0,0,0,0,0,0,0,0,0,0	8	0	0	0	0	1	40896	40896	0,0,0,0,0,0,0,0,0,0,0,0,0,0,0,0,0,0,0,0,0,0,0,0,0,0,0,0,0,0,0,0,0,0,0,0,0,0,0,0	0,0,0,0,0,0,0,0,0,0,0,0,0,0,0,0,0,0,0,0,0,0,0,0,0,0,0,1,0,0,0,0,0,0,0,0,0,0,0,0
tb.dut.clusters[0].cluster.sockets[0].socket.cores[0].core.execute.fpu_unit.genblk1[0].fpu_fpnew.genblk3[2].fpnew_core.gen_operation_groups[2].i_opgroup_block.i_arbiter.gen_arbiter	17	1150	0	0	0	0	0	1	40896	40896	0,0,0,0,0,0,0,0,0,0,0,0,0,0,0,0,0,0,0,0,0,0,0,0,0,0,0,0,0,0,0,0,0,0,0,0,0,0,0,0	0,0,0,0,0,0,0,0,0,0,0,0,0,0,0,0,0,0,0,0,0,0,0,0,0,0,0,1,0,0,0,0,0,0,0,0,0,0,0,0	6	0	0	0	0	1	40896	40896	0,0,0,0,0,0,0,0,0,0,0,0,0,0,0,0,0,0,0,0,0,0,0,0,0,0,0,0,0,0,0,0,0,0,0,0,0,0,0,0	0,0,0,0,0,0,0,0,0,0,0,0,0,0,0,0,0,0,0,0,0,0,0,0,0,0,0,1,0,0,0,0,0,0,0,0,0,0,0,0
tb.dut.clusters[0].cluster.sockets[0].socket.cores[0].core.execute.fpu_unit.genblk1[0].fpu_fpnew.genblk3[2].fpnew_core.gen_operation_groups[2].i_opgroup_block.i_arbiter.gen_arbiter.gen_int_rr	18	340	0	0	0	0	0	1	40896	40896	0,0,0,0,0,0,0,0,0,0,0,0,0,0,0,0,0,0,0,0,0,0,0,0,0,0,0,0,0,0,0,0,0,0,0,0,0,0,0,0	0,0,0,0,0,0,0,0,0,0,0,0,0,0,0,0,0,0,0,0,0,0,0,0,0,0,0,1,0,0,0,0,0,0,0,0,0,0,0,0	2	0	0	0	0	1	40896	40896	0,0,0,0,0,0,0,0,0,0,0,0,0,0,0,0,0,0,0,0,0,0,0,0,0,0,0,0,0,0,0,0,0,0,0,0,0,0,0,0	0,0,0,0,0,0,0,0,0,0,0,0,0,0,0,0,0,0,0,0,0,0,0,0,0,0,0,1,0,0,0,0,0,0,0,0,0,0,0,0
tb.dut.clusters[0].cluster.sockets[0].socket.cores[0].core.execute.fpu_unit.genblk1[0].fpu_fpnew.genblk3[2].fpnew_core.gen_operation_groups[2].i_opgroup_block.i_arbiter.gen_arbiter.gen_int_rr.gen_fair_arb	19	337	0	0	0	0	0	1	40896	40896	0,0,0,0,0,0,0,0,0,0,0,0,0,0,0,0,0,0,0,0,0,0,0,0,0,0,0,0,0,0,0,0,0,0,0,0,0,0,0,0	0,0,0,0,0,0,0,0,0,0,0,0,0,0,0,0,0,0,0,0,0,0,0,0,0,0,0,1,0,0,0,0,0,0,0,0,0,0,0,0	2	0	0	0	0	1	40896	40896	0,0,0,0,0,0,0,0,0,0,0,0,0,0,0,0,0,0,0,0,0,0,0,0,0,0,0,0,0,0,0,0,0,0,0,0,0,0,0,0	0,0,0,0,0,0,0,0,0,0,0,0,0,0,0,0,0,0,0,0,0,0,0,0,0,0,0,1,0,0,0,0,0,0,0,0,0,0,0,0
tb.dut.clusters[0].cluster.sockets[0].socket.cores[0].core.execute.fpu_unit.genblk1[0].fpu_fpnew.genblk3[2].fpnew_core.gen_operation_groups[2].i_opgroup_block.i_arbiter.gen_arbiter.gen_int_rr.gen_fair_arb.i_lzc_lower	20	158	0	0	0	0	0	1	40896	40896	0,0,0,0,0,0,0,0,0,0,0,0,0,0,0,0,0,0,0,0,0,0,0,0,0,0,0,0,0,0,0,0,0,0,0,0,0,0,0,0	0,0,0,0,0,0,0,0,0,0,0,0,0,0,0,0,0,0,0,0,0,0,0,0,0,0,0,1,0,0,0,0,0,0,0,0,0,0,0,0	2	0	0	0	0	1	40896	40896	0,0,0,0,0,0,0,0,0,0,0,0,0,0,0,0,0,0,0,0,0,0,0,0,0,0,0,0,0,0,0,0,0,0,0,0,0,0,0,0	0,0,0,0,0,0,0,0,0,0,0,0,0,0,0,0,0,0,0,0,0,0,0,0,0,0,0,1,0,0,0,0,0,0,0,0,0,0,0,0
tb.dut.clusters[0].cluster.sockets[0].socket.cores[0].core.execute.fpu_unit.genblk1[0].fpu_fpnew.genblk3[2].fpnew_core.gen_operation_groups[2].i_opgroup_block.i_arbiter.gen_arbiter.gen_int_rr.gen_fair_arb.i_lzc_lower.gen_lzc	21	84	0	0	0	0	0	1	40896	40896	0,0,0,0,0,0,0,0,0,0,0,0,0,0,0,0,0,0,0,0,0,0,0,0,0,0,0,0,0,0,0,0,0,0,0,0,0,0,0,0	0,0,0,0,0,0,0,0,0,0,0,0,0,0,0,0,0,0,0,0,0,0,0,0,0,0,0,1,0,0,0,0,0,0,0,0,0,0,0,0	2	0	0	0	0	1	40896	40896	0,0,0,0,0,0,0,0,0,0,0,0,0,0,0,0,0,0,0,0,0,0,0,0,0,0,0,0,0,0,0,0,0,0,0,0,0,0,0,0	0,0,0,0,0,0,0,0,0,0,0,0,0,0,0,0,0,0,0,0,0,0,0,0,0,0,0,1,0,0,0,0,0,0,0,0,0,0,0,0
tb.dut.clusters[0].cluster.sockets[0].socket.cores[0].core.execute.fpu_unit.genblk1[0].fpu_fpnew.genblk3[2].fpnew_core.gen_operation_groups[2].i_opgroup_block.i_arbiter.gen_arbiter.gen_int_rr.gen_fair_arb.i_lzc_upper	20	158	0	0	0	0	0	1	40896	40896	0,0,0,0,0,0,0,0,0,0,0,0,0,0,0,0,0,0,0,0,0,0,0,0,0,0,0,0,0,0,0,0,0,0,0,0,0,0,0,0	0,0,0,0,0,0,0,0,0,0,0,0,0,0,0,0,0,0,0,0,0,0,0,0,0,0,0,1,0,0,0,0,0,0,0,0,0,0,0,0	2	0	0	0	0	1	40896	40896	0,0,0,0,0,0,0,0,0,0,0,0,0,0,0,0,0,0,0,0,0,0,0,0,0,0,0,0,0,0,0,0,0,0,0,0,0,0,0,0	0,0,0,0,0,0,0,0,0,0,0,0,0,0,0,0,0,0,0,0,0,0,0,0,0,0,0,1,0,0,0,0,0,0,0,0,0,0,0,0
tb.dut.clusters[0].cluster.sockets[0].socket.cores[0].core.execute.fpu_unit.genblk1[0].fpu_fpnew.genblk3[2].fpnew_core.gen_operation_groups[2].i_opgroup_block.i_arbiter.gen_arbiter.gen_int_rr.gen_fair_arb.i_lzc_upper.gen_lzc	21	84	0	0	0	0	0	1	40896	40896	0,0,0,0,0,0,0,0,0,0,0,0,0,0,0,0,0,0,0,0,0,0,0,0,0,0,0,0,0,0,0,0,0,0,0,0,0,0,0,0	0,0,0,0,0,0,0,0,0,0,0,0,0,0,0,0,0,0,0,0,0,0,0,0,0,0,0,1,0,0,0,0,0,0,0,0,0,0,0,0	2	0	0	0	0	1	40896	40896	0,0,0,0,0,0,0,0,0,0,0,0,0,0,0,0,0,0,0,0,0,0,0,0,0,0,0,0,0,0,0,0,0,0,0,0,0,0,0,0	0,0,0,0,0,0,0,0,0,0,0,0,0,0,0,0,0,0,0,0,0,0,0,0,0,0,0,1,0,0,0,0,0,0,0,0,0,0,0,0
tb.dut.clusters[0].cluster.sockets[0].socket.cores[0].core.execute.fpu_unit.genblk1[0].fpu_fpnew.genblk3[2].fpnew_core.gen_operation_groups[2].i_opgroup_block.i_arbiter.gen_arbiter.gen_levels[0]	18	65	0	0	0	0	0	1	40896	40896	0,0,0,0,0,0,0,0,0,0,0,0,0,0,0,0,0,0,0,0,0,0,0,0,0,0,0,0,0,0,0,0,0,0,0,0,0,0,0,0	0,0,0,0,0,0,0,0,0,0,0,0,0,0,0,0,0,0,0,0,0,0,0,0,0,0,0,1,0,0,0,0,0,0,0,0,0,0,0,0	2	0	0	0	0	1	40896	40896	0,0,0,0,0,0,0,0,0,0,0,0,0,0,0,0,0,0,0,0,0,0,0,0,0,0,0,0,0,0,0,0,0,0,0,0,0,0,0,0	0,0,0,0,0,0,0,0,0,0,0,0,0,0,0,0,0,0,0,0,0,0,0,0,0,0,0,1,0,0,0,0,0,0,0,0,0,0,0,0
tb.dut.clusters[0].cluster.sockets[0].socket.cores[0].core.execute.fpu_unit.genblk1[0].fpu_fpnew.genblk3[2].fpnew_core.gen_operation_groups[2].i_opgroup_block.i_arbiter.gen_arbiter.gen_levels[0].gen_level[0]	19	65	0	0	0	0	0	1	40896	40896	0,0,0,0,0,0,0,0,0,0,0,0,0,0,0,0,0,0,0,0,0,0,0,0,0,0,0,0,0,0,0,0,0,0,0,0,0,0,0,0	0,0,0,0,0,0,0,0,0,0,0,0,0,0,0,0,0,0,0,0,0,0,0,0,0,0,0,1,0,0,0,0,0,0,0,0,0,0,0,0	2	0	0	0	0	1	40896	40896	0,0,0,0,0,0,0,0,0,0,0,0,0,0,0,0,0,0,0,0,0,0,0,0,0,0,0,0,0,0,0,0,0,0,0,0,0,0,0,0	0,0,0,0,0,0,0,0,0,0,0,0,0,0,0,0,0,0,0,0,0,0,0,0,0,0,0,1,0,0,0,0,0,0,0,0,0,0,0,0
tb.dut.clusters[0].cluster.sockets[0].socket.cores[0].core.execute.fpu_unit.genblk1[0].fpu_fpnew.genblk3[2].fpnew_core.gen_operation_groups[2].i_opgroup_block.i_arbiter.gen_arbiter.gen_levels[1]	18	130	0	0	0	0	0	1	40896	40896	0,0,0,0,0,0,0,0,0,0,0,0,0,0,0,0,0,0,0,0,0,0,0,0,0,0,0,0,0,0,0,0,0,0,0,0,0,0,0,0	0,0,0,0,0,0,0,0,0,0,0,0,0,0,0,0,0,0,0,0,0,0,0,0,0,0,0,1,0,0,0,0,0,0,0,0,0,0,0,0	2	0	0	0	0	1	40896	40896	0,0,0,0,0,0,0,0,0,0,0,0,0,0,0,0,0,0,0,0,0,0,0,0,0,0,0,0,0,0,0,0,0,0,0,0,0,0,0,0	0,0,0,0,0,0,0,0,0,0,0,0,0,0,0,0,0,0,0,0,0,0,0,0,0,0,0,1,0,0,0,0,0,0,0,0,0,0,0,0
tb.dut.clusters[0].cluster.sockets[0].socket.cores[0].core.execute.fpu_unit.genblk1[0].fpu_fpnew.genblk3[2].fpnew_core.gen_operation_groups[2].i_opgroup_block.i_arbiter.gen_arbiter.gen_levels[1].gen_level[0]	19	65	0	0	0	0	0	1	40896	40896	0,0,0,0,0,0,0,0,0,0,0,0,0,0,0,0,0,0,0,0,0,0,0,0,0,0,0,0,0,0,0,0,0,0,0,0,0,0,0,0	0,0,0,0,0,0,0,0,0,0,0,0,0,0,0,0,0,0,0,0,0,0,0,0,0,0,0,1,0,0,0,0,0,0,0,0,0,0,0,0	2	0	0	0	0	1	40896	40896	0,0,0,0,0,0,0,0,0,0,0,0,0,0,0,0,0,0,0,0,0,0,0,0,0,0,0,0,0,0,0,0,0,0,0,0,0,0,0,0	0,0,0,0,0,0,0,0,0,0,0,0,0,0,0,0,0,0,0,0,0,0,0,0,0,0,0,1,0,0,0,0,0,0,0,0,0,0,0,0
tb.dut.clusters[0].cluster.sockets[0].socket.cores[0].core.execute.fpu_unit.genblk1[0].fpu_fpnew.genblk3[2].fpnew_core.gen_operation_groups[2].i_opgroup_block.i_arbiter.gen_arbiter.gen_levels[1].gen_level[1]	19	65	0	0	0	0	0	1	40896	40896	0,0,0,0,0,0,0,0,0,0,0,0,0,0,0,0,0,0,0,0,0,0,0,0,0,0,0,0,0,0,0,0,0,0,0,0,0,0,0,0	0,0,0,0,0,0,0,0,0,0,0,0,0,0,0,0,0,0,0,0,0,0,0,0,0,0,0,1,0,0,0,0,0,0,0,0,0,0,0,0	2	0	0	0	0	1	40896	40896	0,0,0,0,0,0,0,0,0,0,0,0,0,0,0,0,0,0,0,0,0,0,0,0,0,0,0,0,0,0,0,0,0,0,0,0,0,0,0,0	0,0,0,0,0,0,0,0,0,0,0,0,0,0,0,0,0,0,0,0,0,0,0,0,0,0,0,1,0,0,0,0,0,0,0,0,0,0,0,0
tb.dut.clusters[0].cluster.sockets[0].socket.cores[0].core.execute.fpu_unit.genblk1[0].fpu_fpnew.genblk3[2].fpnew_core.gen_operation_groups[2].i_opgroup_block.i_arbiter.gen_arbiter.gen_levels[2]	18	260	0	0	0	0	0	1	40896	40896	0,0,0,0,0,0,0,0,0,0,0,0,0,0,0,0,0,0,0,0,0,0,0,0,0,0,0,0,0,0,0,0,0,0,0,0,0,0,0,0	0,0,0,0,0,0,0,0,0,0,0,0,0,0,0,0,0,0,0,0,0,0,0,0,0,0,0,1,0,0,0,0,0,0,0,0,0,0,0,0	2	0	0	0	0	1	40896	40896	0,0,0,0,0,0,0,0,0,0,0,0,0,0,0,0,0,0,0,0,0,0,0,0,0,0,0,0,0,0,0,0,0,0,0,0,0,0,0,0	0,0,0,0,0,0,0,0,0,0,0,0,0,0,0,0,0,0,0,0,0,0,0,0,0,0,0,1,0,0,0,0,0,0,0,0,0,0,0,0
tb.dut.clusters[0].cluster.sockets[0].socket.cores[0].core.execute.fpu_unit.genblk1[0].fpu_fpnew.genblk3[2].fpnew_core.gen_operation_groups[2].i_opgroup_block.i_arbiter.gen_arbiter.gen_levels[2].gen_level[0]	19	65	0	0	0	0	0	1	40896	40896	0,0,0,0,0,0,0,0,0,0,0,0,0,0,0,0,0,0,0,0,0,0,0,0,0,0,0,0,0,0,0,0,0,0,0,0,0,0,0,0	0,0,0,0,0,0,0,0,0,0,0,0,0,0,0,0,0,0,0,0,0,0,0,0,0,0,0,1,0,0,0,0,0,0,0,0,0,0,0,0	2	0	0	0	0	1	40896	40896	0,0,0,0,0,0,0,0,0,0,0,0,0,0,0,0,0,0,0,0,0,0,0,0,0,0,0,0,0,0,0,0,0,0,0,0,0,0,0,0	0,0,0,0,0,0,0,0,0,0,0,0,0,0,0,0,0,0,0,0,0,0,0,0,0,0,0,1,0,0,0,0,0,0,0,0,0,0,0,0
tb.dut.clusters[0].cluster.sockets[0].socket.cores[0].core.execute.fpu_unit.genblk1[0].fpu_fpnew.genblk3[2].fpnew_core.gen_operation_groups[2].i_opgroup_block.i_arbiter.gen_arbiter.gen_levels[2].gen_level[1]	19	65	0	0	0	0	0	1	40896	40896	0,0,0,0,0,0,0,0,0,0,0,0,0,0,0,0,0,0,0,0,0,0,0,0,0,0,0,0,0,0,0,0,0,0,0,0,0,0,0,0	0,0,0,0,0,0,0,0,0,0,0,0,0,0,0,0,0,0,0,0,0,0,0,0,0,0,0,1,0,0,0,0,0,0,0,0,0,0,0,0	2	0	0	0	0	1	40896	40896	0,0,0,0,0,0,0,0,0,0,0,0,0,0,0,0,0,0,0,0,0,0,0,0,0,0,0,0,0,0,0,0,0,0,0,0,0,0,0,0	0,0,0,0,0,0,0,0,0,0,0,0,0,0,0,0,0,0,0,0,0,0,0,0,0,0,0,1,0,0,0,0,0,0,0,0,0,0,0,0
tb.dut.clusters[0].cluster.sockets[0].socket.cores[0].core.execute.fpu_unit.genblk1[0].fpu_fpnew.genblk3[2].fpnew_core.gen_operation_groups[2].i_opgroup_block.i_arbiter.gen_arbiter.gen_levels[2].gen_level[2]	19	65	0	0	0	0	0	1	40896	40896	0,0,0,0,0,0,0,0,0,0,0,0,0,0,0,0,0,0,0,0,0,0,0,0,0,0,0,0,0,0,0,0,0,0,0,0,0,0,0,0	0,0,0,0,0,0,0,0,0,0,0,0,0,0,0,0,0,0,0,0,0,0,0,0,0,0,0,1,0,0,0,0,0,0,0,0,0,0,0,0	2	0	0	0	0	1	40896	40896	0,0,0,0,0,0,0,0,0,0,0,0,0,0,0,0,0,0,0,0,0,0,0,0,0,0,0,0,0,0,0,0,0,0,0,0,0,0,0,0	0,0,0,0,0,0,0,0,0,0,0,0,0,0,0,0,0,0,0,0,0,0,0,0,0,0,0,1,0,0,0,0,0,0,0,0,0,0,0,0
tb.dut.clusters[0].cluster.sockets[0].socket.cores[0].core.execute.fpu_unit.genblk1[0].fpu_fpnew.genblk3[2].fpnew_core.gen_operation_groups[2].i_opgroup_block.i_arbiter.gen_arbiter.gen_levels[2].gen_level[3]	19	65	0	0	0	0	0	1	40896	40896	0,0,0,0,0,0,0,0,0,0,0,0,0,0,0,0,0,0,0,0,0,0,0,0,0,0,0,0,0,0,0,0,0,0,0,0,0,0,0,0	0,0,0,0,0,0,0,0,0,0,0,0,0,0,0,0,0,0,0,0,0,0,0,0,0,0,0,1,0,0,0,0,0,0,0,0,0,0,0,0	2	0	0	0	0	1	40896	40896	0,0,0,0,0,0,0,0,0,0,0,0,0,0,0,0,0,0,0,0,0,0,0,0,0,0,0,0,0,0,0,0,0,0,0,0,0,0,0,0	0,0,0,0,0,0,0,0,0,0,0,0,0,0,0,0,0,0,0,0,0,0,0,0,0,0,0,1,0,0,0,0,0,0,0,0,0,0,0,0
tb.dut.clusters[0].cluster.sockets[0].socket.cores[0].core.execute.fpu_unit.genblk1[0].fpu_fpnew.genblk3[2].fpnew_core.gen_operation_groups[3]	14	11074	16	2	2	2	1	3	40894	40872	2,0,0,0,0,0,0,0,0,0,0,0,0,0,0,0,0,0,0,0,0,0,0,0,0,0,0,0,0,0,0,0,0,0,0,0,0,0,0,0	0,0,1,0,0,0,0,0,0,0,0,0,0,0,0,0,1,0,0,0,0,0,0,0,0,0,0,1,0,0,0,0,0,0,0,0,0,0,0,0	56	0	0	0	0	1	40896	40896	0,0,0,0,0,0,0,0,0,0,0,0,0,0,0,0,0,0,0,0,0,0,0,0,0,0,0,0,0,0,0,0,0,0,0,0,0,0,0,0	0,0,0,0,0,0,0,0,0,0,0,0,0,0,0,0,0,0,0,0,0,0,0,0,0,0,0,1,0,0,0,0,0,0,0,0,0,0,0,0
tb.dut.clusters[0].cluster.sockets[0].socket.cores[0].core.execute.fpu_unit.genblk1[0].fpu_fpnew.genblk3[2].fpnew_core.gen_operation_groups[3].i_opgroup_block	15	11026	16	2	2	2	1	3	40894	40872	2,0,0,0,0,0,0,0,0,0,0,0,0,0,0,0,0,0,0,0,0,0,0,0,0,0,0,0,0,0,0,0,0,0,0,0,0,0,0,0	0,0,1,0,0,0,0,0,0,0,0,0,0,0,0,0,1,0,0,0,0,0,0,0,0,0,0,1,0,0,0,0,0,0,0,0,0,0,0,0	56	0	0	0	0	1	40896	40896	0,0,0,0,0,0,0,0,0,0,0,0,0,0,0,0,0,0,0,0,0,0,0,0,0,0,0,0,0,0,0,0,0,0,0,0,0,0,0,0	0,0,0,0,0,0,0,0,0,0,0,0,0,0,0,0,0,0,0,0,0,0,0,0,0,0,0,1,0,0,0,0,0,0,0,0,0,0,0,0
tb.dut.clusters[0].cluster.sockets[0].socket.cores[0].core.execute.fpu_unit.genblk1[0].fpu_fpnew.genblk3[2].fpnew_core.gen_operation_groups[3].i_opgroup_block.gen_merged_slice	16	8723	8	2	2	2	1	3	40894	40872	2,0,0,0,0,0,0,0,0,0,0,0,0,0,0,0,0,0,0,0,0,0,0,0,0,0,0,0,0,0,0,0,0,0,0,0,0,0,0,0	0,0,1,0,0,0,0,0,0,0,0,0,0,0,0,0,1,0,0,0,0,0,0,0,0,0,0,1,0,0,0,0,0,0,0,0,0,0,0,0	44	0	0	0	0	1	40896	40896	0,0,0,0,0,0,0,0,0,0,0,0,0,0,0,0,0,0,0,0,0,0,0,0,0,0,0,0,0,0,0,0,0,0,0,0,0,0,0,0	0,0,0,0,0,0,0,0,0,0,0,0,0,0,0,0,0,0,0,0,0,0,0,0,0,0,0,1,0,0,0,0,0,0,0,0,0,0,0,0
tb.dut.clusters[0].cluster.sockets[0].socket.cores[0].core.execute.fpu_unit.genblk1[0].fpu_fpnew.genblk3[2].fpnew_core.gen_operation_groups[3].i_opgroup_block.gen_merged_slice.i_multifmt_slice	17	8687	8	2	2	2	1	3	40894	40872	2,0,0,0,0,0,0,0,0,0,0,0,0,0,0,0,0,0,0,0,0,0,0,0,0,0,0,0,0,0,0,0,0,0,0,0,0,0,0,0	0,0,1,0,0,0,0,0,0,0,0,0,0,0,0,0,1,0,0,0,0,0,0,0,0,0,0,1,0,0,0,0,0,0,0,0,0,0,0,0	44	0	0	0	0	1	40896	40896	0,0,0,0,0,0,0,0,0,0,0,0,0,0,0,0,0,0,0,0,0,0,0,0,0,0,0,0,0,0,0,0,0,0,0,0,0,0,0,0	0,0,0,0,0,0,0,0,0,0,0,0,0,0,0,0,0,0,0,0,0,0,0,0,0,0,0,1,0,0,0,0,0,0,0,0,0,0,0,0
tb.dut.clusters[0].cluster.sockets[0].socket.cores[0].core.execute.fpu_unit.genblk1[0].fpu_fpnew.genblk3[2].fpnew_core.gen_operation_groups[3].i_opgroup_block.gen_merged_slice.i_multifmt_slice.extend_fp_result[0]	18	32	0	0	0	0	0	1	40896	40896	0,0,0,0,0,0,0,0,0,0,0,0,0,0,0,0,0,0,0,0,0,0,0,0,0,0,0,0,0,0,0,0,0,0,0,0,0,0,0,0	0,0,0,0,0,0,0,0,0,0,0,0,0,0,0,0,0,0,0,0,0,0,0,0,0,0,0,1,0,0,0,0,0,0,0,0,0,0,0,0	2	0	0	0	0	1	40896	40896	0,0,0,0,0,0,0,0,0,0,0,0,0,0,0,0,0,0,0,0,0,0,0,0,0,0,0,0,0,0,0,0,0,0,0,0,0,0,0,0	0,0,0,0,0,0,0,0,0,0,0,0,0,0,0,0,0,0,0,0,0,0,0,0,0,0,0,1,0,0,0,0,0,0,0,0,0,0,0,0
tb.dut.clusters[0].cluster.sockets[0].socket.cores[0].core.execute.fpu_unit.genblk1[0].fpu_fpnew.genblk3[2].fpnew_core.gen_operation_groups[3].i_opgroup_block.gen_merged_slice.i_multifmt_slice.extend_fp_result[1]	18	32	0	0	0	0	0	1	40896	40896	0,0,0,0,0,0,0,0,0,0,0,0,0,0,0,0,0,0,0,0,0,0,0,0,0,0,0,0,0,0,0,0,0,0,0,0,0,0,0,0	0,0,0,0,0,0,0,0,0,0,0,0,0,0,0,0,0,0,0,0,0,0,0,0,0,0,0,1,0,0,0,0,0,0,0,0,0,0,0,0	2	0	0	0	0	1	40896	40896	0,0,0,0,0,0,0,0,0,0,0,0,0,0,0,0,0,0,0,0,0,0,0,0,0,0,0,0,0,0,0,0,0,0,0,0,0,0,0,0	0,0,0,0,0,0,0,0,0,0,0,0,0,0,0,0,0,0,0,0,0,0,0,0,0,0,0,1,0,0,0,0,0,0,0,0,0,0,0,0
tb.dut.clusters[0].cluster.sockets[0].socket.cores[0].core.execute.fpu_unit.genblk1[0].fpu_fpnew.genblk3[2].fpnew_core.gen_operation_groups[3].i_opgroup_block.gen_merged_slice.i_multifmt_slice.extend_fp_result[2]	18	32	0	0	0	0	0	1	40896	40896	0,0,0,0,0,0,0,0,0,0,0,0,0,0,0,0,0,0,0,0,0,0,0,0,0,0,0,0,0,0,0,0,0,0,0,0,0,0,0,0	0,0,0,0,0,0,0,0,0,0,0,0,0,0,0,0,0,0,0,0,0,0,0,0,0,0,0,1,0,0,0,0,0,0,0,0,0,0,0,0	2	0	0	0	0	1	40896	40896	0,0,0,0,0,0,0,0,0,0,0,0,0,0,0,0,0,0,0,0,0,0,0,0,0,0,0,0,0,0,0,0,0,0,0,0,0,0,0,0	0,0,0,0,0,0,0,0,0,0,0,0,0,0,0,0,0,0,0,0,0,0,0,0,0,0,0,1,0,0,0,0,0,0,0,0,0,0,0,0
tb.dut.clusters[0].cluster.sockets[0].socket.cores[0].core.execute.fpu_unit.genblk1[0].fpu_fpnew.genblk3[2].fpnew_core.gen_operation_groups[3].i_opgroup_block.gen_merged_slice.i_multifmt_slice.extend_fp_result[3]	18	32	0	0	0	0	0	1	40896	40896	0,0,0,0,0,0,0,0,0,0,0,0,0,0,0,0,0,0,0,0,0,0,0,0,0,0,0,0,0,0,0,0,0,0,0,0,0,0,0,0	0,0,0,0,0,0,0,0,0,0,0,0,0,0,0,0,0,0,0,0,0,0,0,0,0,0,0,1,0,0,0,0,0,0,0,0,0,0,0,0	2	0	0	0	0	1	40896	40896	0,0,0,0,0,0,0,0,0,0,0,0,0,0,0,0,0,0,0,0,0,0,0,0,0,0,0,0,0,0,0,0,0,0,0,0,0,0,0,0	0,0,0,0,0,0,0,0,0,0,0,0,0,0,0,0,0,0,0,0,0,0,0,0,0,0,0,1,0,0,0,0,0,0,0,0,0,0,0,0
tb.dut.clusters[0].cluster.sockets[0].socket.cores[0].core.execute.fpu_unit.genblk1[0].fpu_fpnew.genblk3[2].fpnew_core.gen_operation_groups[3].i_opgroup_block.gen_merged_slice.i_multifmt_slice.extend_fp_result[4]	18	32	0	0	0	0	0	1	40896	40896	0,0,0,0,0,0,0,0,0,0,0,0,0,0,0,0,0,0,0,0,0,0,0,0,0,0,0,0,0,0,0,0,0,0,0,0,0,0,0,0	0,0,0,0,0,0,0,0,0,0,0,0,0,0,0,0,0,0,0,0,0,0,0,0,0,0,0,1,0,0,0,0,0,0,0,0,0,0,0,0	2	0	0	0	0	1	40896	40896	0,0,0,0,0,0,0,0,0,0,0,0,0,0,0,0,0,0,0,0,0,0,0,0,0,0,0,0,0,0,0,0,0,0,0,0,0,0,0,0	0,0,0,0,0,0,0,0,0,0,0,0,0,0,0,0,0,0,0,0,0,0,0,0,0,0,0,1,0,0,0,0,0,0,0,0,0,0,0,0
tb.dut.clusters[0].cluster.sockets[0].socket.cores[0].core.execute.fpu_unit.genblk1[0].fpu_fpnew.genblk3[2].fpnew_core.gen_operation_groups[3].i_opgroup_block.gen_merged_slice.i_multifmt_slice.extend_or_mute_int_result[0]	18	32	0	0	0	0	0	1	40896	40896	0,0,0,0,0,0,0,0,0,0,0,0,0,0,0,0,0,0,0,0,0,0,0,0,0,0,0,0,0,0,0,0,0,0,0,0,0,0,0,0	0,0,0,0,0,0,0,0,0,0,0,0,0,0,0,0,0,0,0,0,0,0,0,0,0,0,0,1,0,0,0,0,0,0,0,0,0,0,0,0	2	0	0	0	0	1	40896	40896	0,0,0,0,0,0,0,0,0,0,0,0,0,0,0,0,0,0,0,0,0,0,0,0,0,0,0,0,0,0,0,0,0,0,0,0,0,0,0,0	0,0,0,0,0,0,0,0,0,0,0,0,0,0,0,0,0,0,0,0,0,0,0,0,0,0,0,1,0,0,0,0,0,0,0,0,0,0,0,0
tb.dut.clusters[0].cluster.sockets[0].socket.cores[0].core.execute.fpu_unit.genblk1[0].fpu_fpnew.genblk3[2].fpnew_core.gen_operation_groups[3].i_opgroup_block.gen_merged_slice.i_multifmt_slice.extend_or_mute_int_result[0].extend_int_result	19	32	0	0	0	0	0	1	40896	40896	0,0,0,0,0,0,0,0,0,0,0,0,0,0,0,0,0,0,0,0,0,0,0,0,0,0,0,0,0,0,0,0,0,0,0,0,0,0,0,0	0,0,0,0,0,0,0,0,0,0,0,0,0,0,0,0,0,0,0,0,0,0,0,0,0,0,0,1,0,0,0,0,0,0,0,0,0,0,0,0	2	0	0	0	0	1	40896	40896	0,0,0,0,0,0,0,0,0,0,0,0,0,0,0,0,0,0,0,0,0,0,0,0,0,0,0,0,0,0,0,0,0,0,0,0,0,0,0,0	0,0,0,0,0,0,0,0,0,0,0,0,0,0,0,0,0,0,0,0,0,0,0,0,0,0,0,1,0,0,0,0,0,0,0,0,0,0,0,0
tb.dut.clusters[0].cluster.sockets[0].socket.cores[0].core.execute.fpu_unit.genblk1[0].fpu_fpnew.genblk3[2].fpnew_core.gen_operation_groups[3].i_opgroup_block.gen_merged_slice.i_multifmt_slice.extend_or_mute_int_result[1]	18	32	0	0	0	0	0	1	40896	40896	0,0,0,0,0,0,0,0,0,0,0,0,0,0,0,0,0,0,0,0,0,0,0,0,0,0,0,0,0,0,0,0,0,0,0,0,0,0,0,0	0,0,0,0,0,0,0,0,0,0,0,0,0,0,0,0,0,0,0,0,0,0,0,0,0,0,0,1,0,0,0,0,0,0,0,0,0,0,0,0	2	0	0	0	0	1	40896	40896	0,0,0,0,0,0,0,0,0,0,0,0,0,0,0,0,0,0,0,0,0,0,0,0,0,0,0,0,0,0,0,0,0,0,0,0,0,0,0,0	0,0,0,0,0,0,0,0,0,0,0,0,0,0,0,0,0,0,0,0,0,0,0,0,0,0,0,1,0,0,0,0,0,0,0,0,0,0,0,0
tb.dut.clusters[0].cluster.sockets[0].socket.cores[0].core.execute.fpu_unit.genblk1[0].fpu_fpnew.genblk3[2].fpnew_core.gen_operation_groups[3].i_opgroup_block.gen_merged_slice.i_multifmt_slice.extend_or_mute_int_result[1].extend_int_result	19	32	0	0	0	0	0	1	40896	40896	0,0,0,0,0,0,0,0,0,0,0,0,0,0,0,0,0,0,0,0,0,0,0,0,0,0,0,0,0,0,0,0,0,0,0,0,0,0,0,0	0,0,0,0,0,0,0,0,0,0,0,0,0,0,0,0,0,0,0,0,0,0,0,0,0,0,0,1,0,0,0,0,0,0,0,0,0,0,0,0	2	0	0	0	0	1	40896	40896	0,0,0,0,0,0,0,0,0,0,0,0,0,0,0,0,0,0,0,0,0,0,0,0,0,0,0,0,0,0,0,0,0,0,0,0,0,0,0,0	0,0,0,0,0,0,0,0,0,0,0,0,0,0,0,0,0,0,0,0,0,0,0,0,0,0,0,1,0,0,0,0,0,0,0,0,0,0,0,0
tb.dut.clusters[0].cluster.sockets[0].socket.cores[0].core.execute.fpu_unit.genblk1[0].fpu_fpnew.genblk3[2].fpnew_core.gen_operation_groups[3].i_opgroup_block.gen_merged_slice.i_multifmt_slice.extend_or_mute_int_result[2]	18	32	0	0	0	0	0	1	40896	40896	0,0,0,0,0,0,0,0,0,0,0,0,0,0,0,0,0,0,0,0,0,0,0,0,0,0,0,0,0,0,0,0,0,0,0,0,0,0,0,0	0,0,0,0,0,0,0,0,0,0,0,0,0,0,0,0,0,0,0,0,0,0,0,0,0,0,0,1,0,0,0,0,0,0,0,0,0,0,0,0	2	0	0	0	0	1	40896	40896	0,0,0,0,0,0,0,0,0,0,0,0,0,0,0,0,0,0,0,0,0,0,0,0,0,0,0,0,0,0,0,0,0,0,0,0,0,0,0,0	0,0,0,0,0,0,0,0,0,0,0,0,0,0,0,0,0,0,0,0,0,0,0,0,0,0,0,1,0,0,0,0,0,0,0,0,0,0,0,0
tb.dut.clusters[0].cluster.sockets[0].socket.cores[0].core.execute.fpu_unit.genblk1[0].fpu_fpnew.genblk3[2].fpnew_core.gen_operation_groups[3].i_opgroup_block.gen_merged_slice.i_multifmt_slice.extend_or_mute_int_result[2].extend_int_result	19	32	0	0	0	0	0	1	40896	40896	0,0,0,0,0,0,0,0,0,0,0,0,0,0,0,0,0,0,0,0,0,0,0,0,0,0,0,0,0,0,0,0,0,0,0,0,0,0,0,0	0,0,0,0,0,0,0,0,0,0,0,0,0,0,0,0,0,0,0,0,0,0,0,0,0,0,0,1,0,0,0,0,0,0,0,0,0,0,0,0	2	0	0	0	0	1	40896	40896	0,0,0,0,0,0,0,0,0,0,0,0,0,0,0,0,0,0,0,0,0,0,0,0,0,0,0,0,0,0,0,0,0,0,0,0,0,0,0,0	0,0,0,0,0,0,0,0,0,0,0,0,0,0,0,0,0,0,0,0,0,0,0,0,0,0,0,1,0,0,0,0,0,0,0,0,0,0,0,0
tb.dut.clusters[0].cluster.sockets[0].socket.cores[0].core.execute.fpu_unit.genblk1[0].fpu_fpnew.genblk3[2].fpnew_core.gen_operation_groups[3].i_opgroup_block.gen_merged_slice.i_multifmt_slice.extend_or_mute_int_result[3]	18	32	0	0	0	0	0	1	40896	40896	0,0,0,0,0,0,0,0,0,0,0,0,0,0,0,0,0,0,0,0,0,0,0,0,0,0,0,0,0,0,0,0,0,0,0,0,0,0,0,0	0,0,0,0,0,0,0,0,0,0,0,0,0,0,0,0,0,0,0,0,0,0,0,0,0,0,0,1,0,0,0,0,0,0,0,0,0,0,0,0	2	0	0	0	0	1	40896	40896	0,0,0,0,0,0,0,0,0,0,0,0,0,0,0,0,0,0,0,0,0,0,0,0,0,0,0,0,0,0,0,0,0,0,0,0,0,0,0,0	0,0,0,0,0,0,0,0,0,0,0,0,0,0,0,0,0,0,0,0,0,0,0,0,0,0,0,1,0,0,0,0,0,0,0,0,0,0,0,0
tb.dut.clusters[0].cluster.sockets[0].socket.cores[0].core.execute.fpu_unit.genblk1[0].fpu_fpnew.genblk3[2].fpnew_core.gen_operation_groups[3].i_opgroup_block.gen_merged_slice.i_multifmt_slice.extend_or_mute_int_result[3].extend_int_result	19	32	0	0	0	0	0	1	40896	40896	0,0,0,0,0,0,0,0,0,0,0,0,0,0,0,0,0,0,0,0,0,0,0,0,0,0,0,0,0,0,0,0,0,0,0,0,0,0,0,0	0,0,0,0,0,0,0,0,0,0,0,0,0,0,0,0,0,0,0,0,0,0,0,0,0,0,0,1,0,0,0,0,0,0,0,0,0,0,0,0	2	0	0	0	0	1	40896	40896	0,0,0,0,0,0,0,0,0,0,0,0,0,0,0,0,0,0,0,0,0,0,0,0,0,0,0,0,0,0,0,0,0,0,0,0,0,0,0,0	0,0,0,0,0,0,0,0,0,0,0,0,0,0,0,0,0,0,0,0,0,0,0,0,0,0,0,1,0,0,0,0,0,0,0,0,0,0,0,0
tb.dut.clusters[0].cluster.sockets[0].socket.cores[0].core.execute.fpu_unit.genblk1[0].fpu_fpnew.genblk3[2].fpnew_core.gen_operation_groups[3].i_opgroup_block.gen_merged_slice.i_multifmt_slice.gen_num_lanes[0]	18	7175	4	2	2	2	1	3	40894	40872	2,0,0,0,0,0,0,0,0,0,0,0,0,0,0,0,0,0,0,0,0,0,0,0,0,0,0,0,0,0,0,0,0,0,0,0,0,0,0,0	0,0,1,0,0,0,0,0,0,0,0,0,0,0,0,0,1,0,0,0,0,0,0,0,0,0,0,1,0,0,0,0,0,0,0,0,0,0,0,0	36	0	0	0	0	1	40896	40896	0,0,0,0,0,0,0,0,0,0,0,0,0,0,0,0,0,0,0,0,0,0,0,0,0,0,0,0,0,0,0,0,0,0,0,0,0,0,0,0	0,0,0,0,0,0,0,0,0,0,0,0,0,0,0,0,0,0,0,0,0,0,0,0,0,0,0,1,0,0,0,0,0,0,0,0,0,0,0,0
tb.dut.clusters[0].cluster.sockets[0].socket.cores[0].core.execute.fpu_unit.genblk1[0].fpu_fpnew.genblk3[2].fpnew_core.gen_operation_groups[3].i_opgroup_block.gen_merged_slice.i_multifmt_slice.gen_num_lanes[0].active_lane	19	6704	4	2	2	2	1	3	40894	40872	2,0,0,0,0,0,0,0,0,0,0,0,0,0,0,0,0,0,0,0,0,0,0,0,0,0,0,0,0,0,0,0,0,0,0,0,0,0,0,0	0,0,1,0,0,0,0,0,0,0,0,0,0,0,0,0,1,0,0,0,0,0,0,0,0,0,0,1,0,0,0,0,0,0,0,0,0,0,0,0	34	0	0	0	0	1	40896	40896	0,0,0,0,0,0,0,0,0,0,0,0,0,0,0,0,0,0,0,0,0,0,0,0,0,0,0,0,0,0,0,0,0,0,0,0,0,0,0,0	0,0,0,0,0,0,0,0,0,0,0,0,0,0,0,0,0,0,0,0,0,0,0,0,0,0,0,1,0,0,0,0,0,0,0,0,0,0,0,0
tb.dut.clusters[0].cluster.sockets[0].socket.cores[0].core.execute.fpu_unit.genblk1[0].fpu_fpnew.genblk3[2].fpnew_core.gen_operation_groups[3].i_opgroup_block.gen_merged_slice.i_multifmt_slice.gen_num_lanes[0].active_lane.lane_instance	20	6568	4	2	2	2	1	3	40894	40872	2,0,0,0,0,0,0,0,0,0,0,0,0,0,0,0,0,0,0,0,0,0,0,0,0,0,0,0,0,0,0,0,0,0,0,0,0,0,0,0	0,0,1,0,0,0,0,0,0,0,0,0,0,0,0,0,1,0,0,0,0,0,0,0,0,0,0,1,0,0,0,0,0,0,0,0,0,0,0,0	33	0	0	0	0	1	40896	40896	0,0,0,0,0,0,0,0,0,0,0,0,0,0,0,0,0,0,0,0,0,0,0,0,0,0,0,0,0,0,0,0,0,0,0,0,0,0,0,0	0,0,0,0,0,0,0,0,0,0,0,0,0,0,0,0,0,0,0,0,0,0,0,0,0,0,0,1,0,0,0,0,0,0,0,0,0,0,0,0
tb.dut.clusters[0].cluster.sockets[0].socket.cores[0].core.execute.fpu_unit.genblk1[0].fpu_fpnew.genblk3[2].fpnew_core.gen_operation_groups[3].i_opgroup_block.gen_merged_slice.i_multifmt_slice.gen_num_lanes[0].active_lane.lane_instance.i_fpnew_cast_multi	21	6568	4	2	2	2	1	3	40894	40872	2,0,0,0,0,0,0,0,0,0,0,0,0,0,0,0,0,0,0,0,0,0,0,0,0,0,0,0,0,0,0,0,0,0,0,0,0,0,0,0	0,0,1,0,0,0,0,0,0,0,0,0,0,0,0,0,1,0,0,0,0,0,0,0,0,0,0,1,0,0,0,0,0,0,0,0,0,0,0,0	33	0	0	0	0	1	40896	40896	0,0,0,0,0,0,0,0,0,0,0,0,0,0,0,0,0,0,0,0,0,0,0,0,0,0,0,0,0,0,0,0,0,0,0,0,0,0,0,0	0,0,0,0,0,0,0,0,0,0,0,0,0,0,0,0,0,0,0,0,0,0,0,0,0,0,0,1,0,0,0,0,0,0,0,0,0,0,0,0
tb.dut.clusters[0].cluster.sockets[0].socket.cores[0].core.execute.fpu_unit.genblk1[0].fpu_fpnew.genblk3[2].fpnew_core.gen_operation_groups[3].i_opgroup_block.gen_merged_slice.i_multifmt_slice.gen_num_lanes[0].active_lane.lane_instance.i_fpnew_cast_multi.fmt_init_inputs[0]	22	308	0	0	0	0	0	1	40896	40896	0,0,0,0,0,0,0,0,0,0,0,0,0,0,0,0,0,0,0,0,0,0,0,0,0,0,0,0,0,0,0,0,0,0,0,0,0,0,0,0	0,0,0,0,0,0,0,0,0,0,0,0,0,0,0,0,0,0,0,0,0,0,0,0,0,0,0,1,0,0,0,0,0,0,0,0,0,0,0,0	2	0	0	0	0	1	40896	40896	0,0,0,0,0,0,0,0,0,0,0,0,0,0,0,0,0,0,0,0,0,0,0,0,0,0,0,0,0,0,0,0,0,0,0,0,0,0,0,0	0,0,0,0,0,0,0,0,0,0,0,0,0,0,0,0,0,0,0,0,0,0,0,0,0,0,0,1,0,0,0,0,0,0,0,0,0,0,0,0
tb.dut.clusters[0].cluster.sockets[0].socket.cores[0].core.execute.fpu_unit.genblk1[0].fpu_fpnew.genblk3[2].fpnew_core.gen_operation_groups[3].i_opgroup_block.gen_merged_slice.i_multifmt_slice.gen_num_lanes[0].active_lane.lane_instance.i_fpnew_cast_multi.fmt_init_inputs[0].active_format	23	212	0	0	0	0	0	1	40896	40896	0,0,0,0,0,0,0,0,0,0,0,0,0,0,0,0,0,0,0,0,0,0,0,0,0,0,0,0,0,0,0,0,0,0,0,0,0,0,0,0	0,0,0,0,0,0,0,0,0,0,0,0,0,0,0,0,0,0,0,0,0,0,0,0,0,0,0,1,0,0,0,0,0,0,0,0,0,0,0,0	2	0	0	0	0	1	40896	40896	0,0,0,0,0,0,0,0,0,0,0,0,0,0,0,0,0,0,0,0,0,0,0,0,0,0,0,0,0,0,0,0,0,0,0,0,0,0,0,0	0,0,0,0,0,0,0,0,0,0,0,0,0,0,0,0,0,0,0,0,0,0,0,0,0,0,0,1,0,0,0,0,0,0,0,0,0,0,0,0
tb.dut.clusters[0].cluster.sockets[0].socket.cores[0].core.execute.fpu_unit.genblk1[0].fpu_fpnew.genblk3[2].fpnew_core.gen_operation_groups[3].i_opgroup_block.gen_merged_slice.i_multifmt_slice.gen_num_lanes[0].active_lane.lane_instance.i_fpnew_cast_multi.fmt_init_inputs[0].active_format.i_fpnew_classifier	24	212	0	0	0	0	0	1	40896	40896	0,0,0,0,0,0,0,0,0,0,0,0,0,0,0,0,0,0,0,0,0,0,0,0,0,0,0,0,0,0,0,0,0,0,0,0,0,0,0,0	0,0,0,0,0,0,0,0,0,0,0,0,0,0,0,0,0,0,0,0,0,0,0,0,0,0,0,1,0,0,0,0,0,0,0,0,0,0,0,0	2	0	0	0	0	1	40896	40896	0,0,0,0,0,0,0,0,0,0,0,0,0,0,0,0,0,0,0,0,0,0,0,0,0,0,0,0,0,0,0,0,0,0,0,0,0,0,0,0	0,0,0,0,0,0,0,0,0,0,0,0,0,0,0,0,0,0,0,0,0,0,0,0,0,0,0,1,0,0,0,0,0,0,0,0,0,0,0,0
tb.dut.clusters[0].cluster.sockets[0].socket.cores[0].core.execute.fpu_unit.genblk1[0].fpu_fpnew.genblk3[2].fpnew_core.gen_operation_groups[3].i_opgroup_block.gen_merged_slice.i_multifmt_slice.gen_num_lanes[0].active_lane.lane_instance.i_fpnew_cast_multi.fmt_init_inputs[0].active_format.i_fpnew_classifier.gen_num_values[0]	25	40	0	0	0	0	0	1	40896	40896	0,0,0,0,0,0,0,0,0,0,0,0,0,0,0,0,0,0,0,0,0,0,0,0,0,0,0,0,0,0,0,0,0,0,0,0,0,0,0,0	0,0,0,0,0,0,0,0,0,0,0,0,0,0,0,0,0,0,0,0,0,0,0,0,0,0,0,1,0,0,0,0,0,0,0,0,0,0,0,0	2	0	0	0	0	1	40896	40896	0,0,0,0,0,0,0,0,0,0,0,0,0,0,0,0,0,0,0,0,0,0,0,0,0,0,0,0,0,0,0,0,0,0,0,0,0,0,0,0	0,0,0,0,0,0,0,0,0,0,0,0,0,0,0,0,0,0,0,0,0,0,0,0,0,0,0,1,0,0,0,0,0,0,0,0,0,0,0,0
tb.dut.clusters[0].cluster.sockets[0].socket.cores[0].core.execute.fpu_unit.genblk1[0].fpu_fpnew.genblk3[2].fpnew_core.gen_operation_groups[3].i_opgroup_block.gen_merged_slice.i_multifmt_slice.gen_num_lanes[0].active_lane.lane_instance.i_fpnew_cast_multi.fmt_init_inputs[1]	22	96	0	0	0	0	0	1	40896	40896	0,0,0,0,0,0,0,0,0,0,0,0,0,0,0,0,0,0,0,0,0,0,0,0,0,0,0,0,0,0,0,0,0,0,0,0,0,0,0,0	0,0,0,0,0,0,0,0,0,0,0,0,0,0,0,0,0,0,0,0,0,0,0,0,0,0,0,1,0,0,0,0,0,0,0,0,0,0,0,0	2	0	0	0	0	1	40896	40896	0,0,0,0,0,0,0,0,0,0,0,0,0,0,0,0,0,0,0,0,0,0,0,0,0,0,0,0,0,0,0,0,0,0,0,0,0,0,0,0	0,0,0,0,0,0,0,0,0,0,0,0,0,0,0,0,0,0,0,0,0,0,0,0,0,0,0,1,0,0,0,0,0,0,0,0,0,0,0,0
tb.dut.clusters[0].cluster.sockets[0].socket.cores[0].core.execute.fpu_unit.genblk1[0].fpu_fpnew.genblk3[2].fpnew_core.gen_operation_groups[3].i_opgroup_block.gen_merged_slice.i_multifmt_slice.gen_num_lanes[0].active_lane.lane_instance.i_fpnew_cast_multi.fmt_init_inputs[2]	22	96	0	0	0	0	0	1	40896	40896	0,0,0,0,0,0,0,0,0,0,0,0,0,0,0,0,0,0,0,0,0,0,0,0,0,0,0,0,0,0,0,0,0,0,0,0,0,0,0,0	0,0,0,0,0,0,0,0,0,0,0,0,0,0,0,0,0,0,0,0,0,0,0,0,0,0,0,1,0,0,0,0,0,0,0,0,0,0,0,0	2	0	0	0	0	1	40896	40896	0,0,0,0,0,0,0,0,0,0,0,0,0,0,0,0,0,0,0,0,0,0,0,0,0,0,0,0,0,0,0,0,0,0,0,0,0,0,0,0	0,0,0,0,0,0,0,0,0,0,0,0,0,0,0,0,0,0,0,0,0,0,0,0,0,0,0,1,0,0,0,0,0,0,0,0,0,0,0,0
tb.dut.clusters[0].cluster.sockets[0].socket.cores[0].core.execute.fpu_unit.genblk1[0].fpu_fpnew.genblk3[2].fpnew_core.gen_operation_groups[3].i_opgroup_block.gen_merged_slice.i_multifmt_slice.gen_num_lanes[0].active_lane.lane_instance.i_fpnew_cast_multi.fmt_init_inputs[3]	22	96	0	0	0	0	0	1	40896	40896	0,0,0,0,0,0,0,0,0,0,0,0,0,0,0,0,0,0,0,0,0,0,0,0,0,0,0,0,0,0,0,0,0,0,0,0,0,0,0,0	0,0,0,0,0,0,0,0,0,0,0,0,0,0,0,0,0,0,0,0,0,0,0,0,0,0,0,1,0,0,0,0,0,0,0,0,0,0,0,0	2	0	0	0	0	1	40896	40896	0,0,0,0,0,0,0,0,0,0,0,0,0,0,0,0,0,0,0,0,0,0,0,0,0,0,0,0,0,0,0,0,0,0,0,0,0,0,0,0	0,0,0,0,0,0,0,0,0,0,0,0,0,0,0,0,0,0,0,0,0,0,0,0,0,0,0,1,0,0,0,0,0,0,0,0,0,0,0,0
tb.dut.clusters[0].cluster.sockets[0].socket.cores[0].core.execute.fpu_unit.genblk1[0].fpu_fpnew.genblk3[2].fpnew_core.gen_operation_groups[3].i_opgroup_block.gen_merged_slice.i_multifmt_slice.gen_num_lanes[0].active_lane.lane_instance.i_fpnew_cast_multi.fmt_init_inputs[4]	22	96	0	0	0	0	0	1	40896	40896	0,0,0,0,0,0,0,0,0,0,0,0,0,0,0,0,0,0,0,0,0,0,0,0,0,0,0,0,0,0,0,0,0,0,0,0,0,0,0,0	0,0,0,0,0,0,0,0,0,0,0,0,0,0,0,0,0,0,0,0,0,0,0,0,0,0,0,1,0,0,0,0,0,0,0,0,0,0,0,0	2	0	0	0	0	1	40896	40896	0,0,0,0,0,0,0,0,0,0,0,0,0,0,0,0,0,0,0,0,0,0,0,0,0,0,0,0,0,0,0,0,0,0,0,0,0,0,0,0	0,0,0,0,0,0,0,0,0,0,0,0,0,0,0,0,0,0,0,0,0,0,0,0,0,0,0,1,0,0,0,0,0,0,0,0,0,0,0,0
tb.dut.clusters[0].cluster.sockets[0].socket.cores[0].core.execute.fpu_unit.genblk1[0].fpu_fpnew.genblk3[2].fpnew_core.gen_operation_groups[3].i_opgroup_block.gen_merged_slice.i_multifmt_slice.gen_num_lanes[0].active_lane.lane_instance.i_fpnew_cast_multi.gen_input_pipeline[0]	22	1	0	0	0	0	0	1	40896	40896	0,0,0,0,0,0,0,0,0,0,0,0,0,0,0,0,0,0,0,0,0,0,0,0,0,0,0,0,0,0,0,0,0,0,0,0,0,0,0,0	0,0,0,0,0,0,0,0,0,0,0,0,0,0,0,0,0,0,0,0,0,0,0,0,0,0,0,1,0,0,0,0,0,0,0,0,0,0,0,0	2	0	0	0	0	1	40896	40896	0,0,0,0,0,0,0,0,0,0,0,0,0,0,0,0,0,0,0,0,0,0,0,0,0,0,0,0,0,0,0,0,0,0,0,0,0,0,0,0	0,0,0,0,0,0,0,0,0,0,0,0,0,0,0,0,0,0,0,0,0,0,0,0,0,0,0,1,0,0,0,0,0,0,0,0,0,0,0,0
tb.dut.clusters[0].cluster.sockets[0].socket.cores[0].core.execute.fpu_unit.genblk1[0].fpu_fpnew.genblk3[2].fpnew_core.gen_operation_groups[3].i_opgroup_block.gen_merged_slice.i_multifmt_slice.gen_num_lanes[0].active_lane.lane_instance.i_fpnew_cast_multi.gen_input_pipeline[1]	22	1	0	0	0	0	0	1	40896	40896	0,0,0,0,0,0,0,0,0,0,0,0,0,0,0,0,0,0,0,0,0,0,0,0,0,0,0,0,0,0,0,0,0,0,0,0,0,0,0,0	0,0,0,0,0,0,0,0,0,0,0,0,0,0,0,0,0,0,0,0,0,0,0,0,0,0,0,1,0,0,0,0,0,0,0,0,0,0,0,0	2	0	0	0	0	1	40896	40896	0,0,0,0,0,0,0,0,0,0,0,0,0,0,0,0,0,0,0,0,0,0,0,0,0,0,0,0,0,0,0,0,0,0,0,0,0,0,0,0	0,0,0,0,0,0,0,0,0,0,0,0,0,0,0,0,0,0,0,0,0,0,0,0,0,0,0,1,0,0,0,0,0,0,0,0,0,0,0,0
tb.dut.clusters[0].cluster.sockets[0].socket.cores[0].core.execute.fpu_unit.genblk1[0].fpu_fpnew.genblk3[2].fpnew_core.gen_operation_groups[3].i_opgroup_block.gen_merged_slice.i_multifmt_slice.gen_num_lanes[0].active_lane.lane_instance.i_fpnew_cast_multi.gen_inside_pipeline[0]	22	1	0	0	0	0	0	1	40896	40896	0,0,0,0,0,0,0,0,0,0,0,0,0,0,0,0,0,0,0,0,0,0,0,0,0,0,0,0,0,0,0,0,0,0,0,0,0,0,0,0	0,0,0,0,0,0,0,0,0,0,0,0,0,0,0,0,0,0,0,0,0,0,0,0,0,0,0,1,0,0,0,0,0,0,0,0,0,0,0,0	2	0	0	0	0	1	40896	40896	0,0,0,0,0,0,0,0,0,0,0,0,0,0,0,0,0,0,0,0,0,0,0,0,0,0,0,0,0,0,0,0,0,0,0,0,0,0,0,0	0,0,0,0,0,0,0,0,0,0,0,0,0,0,0,0,0,0,0,0,0,0,0,0,0,0,0,1,0,0,0,0,0,0,0,0,0,0,0,0
tb.dut.clusters[0].cluster.sockets[0].socket.cores[0].core.execute.fpu_unit.genblk1[0].fpu_fpnew.genblk3[2].fpnew_core.gen_operation_groups[3].i_opgroup_block.gen_merged_slice.i_multifmt_slice.gen_num_lanes[0].active_lane.lane_instance.i_fpnew_cast_multi.gen_inside_pipeline[1]	22	1	0	0	0	0	0	1	40896	40896	0,0,0,0,0,0,0,0,0,0,0,0,0,0,0,0,0,0,0,0,0,0,0,0,0,0,0,0,0,0,0,0,0,0,0,0,0,0,0,0	0,0,0,0,0,0,0,0,0,0,0,0,0,0,0,0,0,0,0,0,0,0,0,0,0,0,0,1,0,0,0,0,0,0,0,0,0,0,0,0	2	0	0	0	0	1	40896	40896	0,0,0,0,0,0,0,0,0,0,0,0,0,0,0,0,0,0,0,0,0,0,0,0,0,0,0,0,0,0,0,0,0,0,0,0,0,0,0,0	0,0,0,0,0,0,0,0,0,0,0,0,0,0,0,0,0,0,0,0,0,0,0,0,0,0,0,1,0,0,0,0,0,0,0,0,0,0,0,0
tb.dut.clusters[0].cluster.sockets[0].socket.cores[0].core.execute.fpu_unit.genblk1[0].fpu_fpnew.genblk3[2].fpnew_core.gen_operation_groups[3].i_opgroup_block.gen_merged_slice.i_multifmt_slice.gen_num_lanes[0].active_lane.lane_instance.i_fpnew_cast_multi.gen_int_overflow[0]	22	32	0	0	0	0	0	1	40896	40896	0,0,0,0,0,0,0,0,0,0,0,0,0,0,0,0,0,0,0,0,0,0,0,0,0,0,0,0,0,0,0,0,0,0,0,0,0,0,0,0	0,0,0,0,0,0,0,0,0,0,0,0,0,0,0,0,0,0,0,0,0,0,0,0,0,0,0,1,0,0,0,0,0,0,0,0,0,0,0,0	2	0	0	0	0	1	40896	40896	0,0,0,0,0,0,0,0,0,0,0,0,0,0,0,0,0,0,0,0,0,0,0,0,0,0,0,0,0,0,0,0,0,0,0,0,0,0,0,0	0,0,0,0,0,0,0,0,0,0,0,0,0,0,0,0,0,0,0,0,0,0,0,0,0,0,0,1,0,0,0,0,0,0,0,0,0,0,0,0
tb.dut.clusters[0].cluster.sockets[0].socket.cores[0].core.execute.fpu_unit.genblk1[0].fpu_fpnew.genblk3[2].fpnew_core.gen_operation_groups[3].i_opgroup_block.gen_merged_slice.i_multifmt_slice.gen_num_lanes[0].active_lane.lane_instance.i_fpnew_cast_multi.gen_int_overflow[1]	22	32	0	0	0	0	0	1	40896	40896	0,0,0,0,0,0,0,0,0,0,0,0,0,0,0,0,0,0,0,0,0,0,0,0,0,0,0,0,0,0,0,0,0,0,0,0,0,0,0,0	0,0,0,0,0,0,0,0,0,0,0,0,0,0,0,0,0,0,0,0,0,0,0,0,0,0,0,1,0,0,0,0,0,0,0,0,0,0,0,0	2	0	0	0	0	1	40896	40896	0,0,0,0,0,0,0,0,0,0,0,0,0,0,0,0,0,0,0,0,0,0,0,0,0,0,0,0,0,0,0,0,0,0,0,0,0,0,0,0	0,0,0,0,0,0,0,0,0,0,0,0,0,0,0,0,0,0,0,0,0,0,0,0,0,0,0,1,0,0,0,0,0,0,0,0,0,0,0,0
tb.dut.clusters[0].cluster.sockets[0].socket.cores[0].core.execute.fpu_unit.genblk1[0].fpu_fpnew.genblk3[2].fpnew_core.gen_operation_groups[3].i_opgroup_block.gen_merged_slice.i_multifmt_slice.gen_num_lanes[0].active_lane.lane_instance.i_fpnew_cast_multi.gen_int_overflow[2]	22	32	0	0	0	0	0	1	40896	40896	0,0,0,0,0,0,0,0,0,0,0,0,0,0,0,0,0,0,0,0,0,0,0,0,0,0,0,0,0,0,0,0,0,0,0,0,0,0,0,0	0,0,0,0,0,0,0,0,0,0,0,0,0,0,0,0,0,0,0,0,0,0,0,0,0,0,0,1,0,0,0,0,0,0,0,0,0,0,0,0	2	0	0	0	0	1	40896	40896	0,0,0,0,0,0,0,0,0,0,0,0,0,0,0,0,0,0,0,0,0,0,0,0,0,0,0,0,0,0,0,0,0,0,0,0,0,0,0,0	0,0,0,0,0,0,0,0,0,0,0,0,0,0,0,0,0,0,0,0,0,0,0,0,0,0,0,1,0,0,0,0,0,0,0,0,0,0,0,0
tb.dut.clusters[0].cluster.sockets[0].socket.cores[0].core.execute.fpu_unit.genblk1[0].fpu_fpnew.genblk3[2].fpnew_core.gen_operation_groups[3].i_opgroup_block.gen_merged_slice.i_multifmt_slice.gen_num_lanes[0].active_lane.lane_instance.i_fpnew_cast_multi.gen_int_overflow[3]	22	32	0	0	0	0	0	1	40896	40896	0,0,0,0,0,0,0,0,0,0,0,0,0,0,0,0,0,0,0,0,0,0,0,0,0,0,0,0,0,0,0,0,0,0,0,0,0,0,0,0	0,0,0,0,0,0,0,0,0,0,0,0,0,0,0,0,0,0,0,0,0,0,0,0,0,0,0,1,0,0,0,0,0,0,0,0,0,0,0,0	2	0	0	0	0	1	40896	40896	0,0,0,0,0,0,0,0,0,0,0,0,0,0,0,0,0,0,0,0,0,0,0,0,0,0,0,0,0,0,0,0,0,0,0,0,0,0,0,0	0,0,0,0,0,0,0,0,0,0,0,0,0,0,0,0,0,0,0,0,0,0,0,0,0,0,0,1,0,0,0,0,0,0,0,0,0,0,0,0
tb.dut.clusters[0].cluster.sockets[0].socket.cores[0].core.execute.fpu_unit.genblk1[0].fpu_fpnew.genblk3[2].fpnew_core.gen_operation_groups[3].i_opgroup_block.gen_merged_slice.i_multifmt_slice.gen_num_lanes[0].active_lane.lane_instance.i_fpnew_cast_multi.gen_int_res_sign_ext[0]	22	32	0	0	0	0	0	1	40896	40896	0,0,0,0,0,0,0,0,0,0,0,0,0,0,0,0,0,0,0,0,0,0,0,0,0,0,0,0,0,0,0,0,0,0,0,0,0,0,0,0	0,0,0,0,0,0,0,0,0,0,0,0,0,0,0,0,0,0,0,0,0,0,0,0,0,0,0,1,0,0,0,0,0,0,0,0,0,0,0,0	2	0	0	0	0	1	40896	40896	0,0,0,0,0,0,0,0,0,0,0,0,0,0,0,0,0,0,0,0,0,0,0,0,0,0,0,0,0,0,0,0,0,0,0,0,0,0,0,0	0,0,0,0,0,0,0,0,0,0,0,0,0,0,0,0,0,0,0,0,0,0,0,0,0,0,0,1,0,0,0,0,0,0,0,0,0,0,0,0
tb.dut.clusters[0].cluster.sockets[0].socket.cores[0].core.execute.fpu_unit.genblk1[0].fpu_fpnew.genblk3[2].fpnew_core.gen_operation_groups[3].i_opgroup_block.gen_merged_slice.i_multifmt_slice.gen_num_lanes[0].active_lane.lane_instance.i_fpnew_cast_multi.gen_int_res_sign_ext[1]	22	32	0	0	0	0	0	1	40896	40896	0,0,0,0,0,0,0,0,0,0,0,0,0,0,0,0,0,0,0,0,0,0,0,0,0,0,0,0,0,0,0,0,0,0,0,0,0,0,0,0	0,0,0,0,0,0,0,0,0,0,0,0,0,0,0,0,0,0,0,0,0,0,0,0,0,0,0,1,0,0,0,0,0,0,0,0,0,0,0,0	2	0	0	0	0	1	40896	40896	0,0,0,0,0,0,0,0,0,0,0,0,0,0,0,0,0,0,0,0,0,0,0,0,0,0,0,0,0,0,0,0,0,0,0,0,0,0,0,0	0,0,0,0,0,0,0,0,0,0,0,0,0,0,0,0,0,0,0,0,0,0,0,0,0,0,0,1,0,0,0,0,0,0,0,0,0,0,0,0
tb.dut.clusters[0].cluster.sockets[0].socket.cores[0].core.execute.fpu_unit.genblk1[0].fpu_fpnew.genblk3[2].fpnew_core.gen_operation_groups[3].i_opgroup_block.gen_merged_slice.i_multifmt_slice.gen_num_lanes[0].active_lane.lane_instance.i_fpnew_cast_multi.gen_int_res_sign_ext[2]	22	32	0	0	0	0	0	1	40896	40896	0,0,0,0,0,0,0,0,0,0,0,0,0,0,0,0,0,0,0,0,0,0,0,0,0,0,0,0,0,0,0,0,0,0,0,0,0,0,0,0	0,0,0,0,0,0,0,0,0,0,0,0,0,0,0,0,0,0,0,0,0,0,0,0,0,0,0,1,0,0,0,0,0,0,0,0,0,0,0,0	2	0	0	0	0	1	40896	40896	0,0,0,0,0,0,0,0,0,0,0,0,0,0,0,0,0,0,0,0,0,0,0,0,0,0,0,0,0,0,0,0,0,0,0,0,0,0,0,0	0,0,0,0,0,0,0,0,0,0,0,0,0,0,0,0,0,0,0,0,0,0,0,0,0,0,0,1,0,0,0,0,0,0,0,0,0,0,0,0
tb.dut.clusters[0].cluster.sockets[0].socket.cores[0].core.execute.fpu_unit.genblk1[0].fpu_fpnew.genblk3[2].fpnew_core.gen_operation_groups[3].i_opgroup_block.gen_merged_slice.i_multifmt_slice.gen_num_lanes[0].active_lane.lane_instance.i_fpnew_cast_multi.gen_int_res_sign_ext[3]	22	32	0	0	0	0	0	1	40896	40896	0,0,0,0,0,0,0,0,0,0,0,0,0,0,0,0,0,0,0,0,0,0,0,0,0,0,0,0,0,0,0,0,0,0,0,0,0,0,0,0	0,0,0,0,0,0,0,0,0,0,0,0,0,0,0,0,0,0,0,0,0,0,0,0,0,0,0,1,0,0,0,0,0,0,0,0,0,0,0,0	2	0	0	0	0	1	40896	40896	0,0,0,0,0,0,0,0,0,0,0,0,0,0,0,0,0,0,0,0,0,0,0,0,0,0,0,0,0,0,0,0,0,0,0,0,0,0,0,0	0,0,0,0,0,0,0,0,0,0,0,0,0,0,0,0,0,0,0,0,0,0,0,0,0,0,0,1,0,0,0,0,0,0,0,0,0,0,0,0
tb.dut.clusters[0].cluster.sockets[0].socket.cores[0].core.execute.fpu_unit.genblk1[0].fpu_fpnew.genblk3[2].fpnew_core.gen_operation_groups[3].i_opgroup_block.gen_merged_slice.i_multifmt_slice.gen_num_lanes[0].active_lane.lane_instance.i_fpnew_cast_multi.gen_output_pipeline[0]	22	1	0	0	0	0	0	1	40896	40896	0,0,0,0,0,0,0,0,0,0,0,0,0,0,0,0,0,0,0,0,0,0,0,0,0,0,0,0,0,0,0,0,0,0,0,0,0,0,0,0	0,0,0,0,0,0,0,0,0,0,0,0,0,0,0,0,0,0,0,0,0,0,0,0,0,0,0,1,0,0,0,0,0,0,0,0,0,0,0,0	2	0	0	0	0	1	40896	40896	0,0,0,0,0,0,0,0,0,0,0,0,0,0,0,0,0,0,0,0,0,0,0,0,0,0,0,0,0,0,0,0,0,0,0,0,0,0,0,0	0,0,0,0,0,0,0,0,0,0,0,0,0,0,0,0,0,0,0,0,0,0,0,0,0,0,0,1,0,0,0,0,0,0,0,0,0,0,0,0
tb.dut.clusters[0].cluster.sockets[0].socket.cores[0].core.execute.fpu_unit.genblk1[0].fpu_fpnew.genblk3[2].fpnew_core.gen_operation_groups[3].i_opgroup_block.gen_merged_slice.i_multifmt_slice.gen_num_lanes[0].active_lane.lane_instance.i_fpnew_cast_multi.gen_res_assemble[0]	22	64	0	0	0	0	0	1	40896	40896	0,0,0,0,0,0,0,0,0,0,0,0,0,0,0,0,0,0,0,0,0,0,0,0,0,0,0,0,0,0,0,0,0,0,0,0,0,0,0,0	0,0,0,0,0,0,0,0,0,0,0,0,0,0,0,0,0,0,0,0,0,0,0,0,0,0,0,1,0,0,0,0,0,0,0,0,0,0,0,0	2	0	0	0	0	1	40896	40896	0,0,0,0,0,0,0,0,0,0,0,0,0,0,0,0,0,0,0,0,0,0,0,0,0,0,0,0,0,0,0,0,0,0,0,0,0,0,0,0	0,0,0,0,0,0,0,0,0,0,0,0,0,0,0,0,0,0,0,0,0,0,0,0,0,0,0,1,0,0,0,0,0,0,0,0,0,0,0,0
tb.dut.clusters[0].cluster.sockets[0].socket.cores[0].core.execute.fpu_unit.genblk1[0].fpu_fpnew.genblk3[2].fpnew_core.gen_operation_groups[3].i_opgroup_block.gen_merged_slice.i_multifmt_slice.gen_num_lanes[0].active_lane.lane_instance.i_fpnew_cast_multi.gen_res_assemble[1]	22	64	0	0	0	0	0	1	40896	40896	0,0,0,0,0,0,0,0,0,0,0,0,0,0,0,0,0,0,0,0,0,0,0,0,0,0,0,0,0,0,0,0,0,0,0,0,0,0,0,0	0,0,0,0,0,0,0,0,0,0,0,0,0,0,0,0,0,0,0,0,0,0,0,0,0,0,0,1,0,0,0,0,0,0,0,0,0,0,0,0	2	0	0	0	0	1	40896	40896	0,0,0,0,0,0,0,0,0,0,0,0,0,0,0,0,0,0,0,0,0,0,0,0,0,0,0,0,0,0,0,0,0,0,0,0,0,0,0,0	0,0,0,0,0,0,0,0,0,0,0,0,0,0,0,0,0,0,0,0,0,0,0,0,0,0,0,1,0,0,0,0,0,0,0,0,0,0,0,0
tb.dut.clusters[0].cluster.sockets[0].socket.cores[0].core.execute.fpu_unit.genblk1[0].fpu_fpnew.genblk3[2].fpnew_core.gen_operation_groups[3].i_opgroup_block.gen_merged_slice.i_multifmt_slice.gen_num_lanes[0].active_lane.lane_instance.i_fpnew_cast_multi.gen_res_assemble[2]	22	64	0	0	0	0	0	1	40896	40896	0,0,0,0,0,0,0,0,0,0,0,0,0,0,0,0,0,0,0,0,0,0,0,0,0,0,0,0,0,0,0,0,0,0,0,0,0,0,0,0	0,0,0,0,0,0,0,0,0,0,0,0,0,0,0,0,0,0,0,0,0,0,0,0,0,0,0,1,0,0,0,0,0,0,0,0,0,0,0,0	2	0	0	0	0	1	40896	40896	0,0,0,0,0,0,0,0,0,0,0,0,0,0,0,0,0,0,0,0,0,0,0,0,0,0,0,0,0,0,0,0,0,0,0,0,0,0,0,0	0,0,0,0,0,0,0,0,0,0,0,0,0,0,0,0,0,0,0,0,0,0,0,0,0,0,0,1,0,0,0,0,0,0,0,0,0,0,0,0
tb.dut.clusters[0].cluster.sockets[0].socket.cores[0].core.execute.fpu_unit.genblk1[0].fpu_fpnew.genblk3[2].fpnew_core.gen_operation_groups[3].i_opgroup_block.gen_merged_slice.i_multifmt_slice.gen_num_lanes[0].active_lane.lane_instance.i_fpnew_cast_multi.gen_res_assemble[3]	22	64	0	0	0	0	0	1	40896	40896	0,0,0,0,0,0,0,0,0,0,0,0,0,0,0,0,0,0,0,0,0,0,0,0,0,0,0,0,0,0,0,0,0,0,0,0,0,0,0,0	0,0,0,0,0,0,0,0,0,0,0,0,0,0,0,0,0,0,0,0,0,0,0,0,0,0,0,1,0,0,0,0,0,0,0,0,0,0,0,0	2	0	0	0	0	1	40896	40896	0,0,0,0,0,0,0,0,0,0,0,0,0,0,0,0,0,0,0,0,0,0,0,0,0,0,0,0,0,0,0,0,0,0,0,0,0,0,0,0	0,0,0,0,0,0,0,0,0,0,0,0,0,0,0,0,0,0,0,0,0,0,0,0,0,0,0,1,0,0,0,0,0,0,0,0,0,0,0,0
tb.dut.clusters[0].cluster.sockets[0].socket.cores[0].core.execute.fpu_unit.genblk1[0].fpu_fpnew.genblk3[2].fpnew_core.gen_operation_groups[3].i_opgroup_block.gen_merged_slice.i_multifmt_slice.gen_num_lanes[0].active_lane.lane_instance.i_fpnew_cast_multi.gen_res_assemble[4]	22	64	0	0	0	0	0	1	40896	40896	0,0,0,0,0,0,0,0,0,0,0,0,0,0,0,0,0,0,0,0,0,0,0,0,0,0,0,0,0,0,0,0,0,0,0,0,0,0,0,0	0,0,0,0,0,0,0,0,0,0,0,0,0,0,0,0,0,0,0,0,0,0,0,0,0,0,0,1,0,0,0,0,0,0,0,0,0,0,0,0	2	0	0	0	0	1	40896	40896	0,0,0,0,0,0,0,0,0,0,0,0,0,0,0,0,0,0,0,0,0,0,0,0,0,0,0,0,0,0,0,0,0,0,0,0,0,0,0,0	0,0,0,0,0,0,0,0,0,0,0,0,0,0,0,0,0,0,0,0,0,0,0,0,0,0,0,1,0,0,0,0,0,0,0,0,0,0,0,0
tb.dut.clusters[0].cluster.sockets[0].socket.cores[0].core.execute.fpu_unit.genblk1[0].fpu_fpnew.genblk3[2].fpnew_core.gen_operation_groups[3].i_opgroup_block.gen_merged_slice.i_multifmt_slice.gen_num_lanes[0].active_lane.lane_instance.i_fpnew_cast_multi.gen_sign_extend_int[0]	22	32	0	0	0	0	0	1	40896	40896	0,0,0,0,0,0,0,0,0,0,0,0,0,0,0,0,0,0,0,0,0,0,0,0,0,0,0,0,0,0,0,0,0,0,0,0,0,0,0,0	0,0,0,0,0,0,0,0,0,0,0,0,0,0,0,0,0,0,0,0,0,0,0,0,0,0,0,1,0,0,0,0,0,0,0,0,0,0,0,0	2	0	0	0	0	1	40896	40896	0,0,0,0,0,0,0,0,0,0,0,0,0,0,0,0,0,0,0,0,0,0,0,0,0,0,0,0,0,0,0,0,0,0,0,0,0,0,0,0	0,0,0,0,0,0,0,0,0,0,0,0,0,0,0,0,0,0,0,0,0,0,0,0,0,0,0,1,0,0,0,0,0,0,0,0,0,0,0,0
tb.dut.clusters[0].cluster.sockets[0].socket.cores[0].core.execute.fpu_unit.genblk1[0].fpu_fpnew.genblk3[2].fpnew_core.gen_operation_groups[3].i_opgroup_block.gen_merged_slice.i_multifmt_slice.gen_num_lanes[0].active_lane.lane_instance.i_fpnew_cast_multi.gen_sign_extend_int[1]	22	32	0	0	0	0	0	1	40896	40896	0,0,0,0,0,0,0,0,0,0,0,0,0,0,0,0,0,0,0,0,0,0,0,0,0,0,0,0,0,0,0,0,0,0,0,0,0,0,0,0	0,0,0,0,0,0,0,0,0,0,0,0,0,0,0,0,0,0,0,0,0,0,0,0,0,0,0,1,0,0,0,0,0,0,0,0,0,0,0,0	2	0	0	0	0	1	40896	40896	0,0,0,0,0,0,0,0,0,0,0,0,0,0,0,0,0,0,0,0,0,0,0,0,0,0,0,0,0,0,0,0,0,0,0,0,0,0,0,0	0,0,0,0,0,0,0,0,0,0,0,0,0,0,0,0,0,0,0,0,0,0,0,0,0,0,0,1,0,0,0,0,0,0,0,0,0,0,0,0
tb.dut.clusters[0].cluster.sockets[0].socket.cores[0].core.execute.fpu_unit.genblk1[0].fpu_fpnew.genblk3[2].fpnew_core.gen_operation_groups[3].i_opgroup_block.gen_merged_slice.i_multifmt_slice.gen_num_lanes[0].active_lane.lane_instance.i_fpnew_cast_multi.gen_sign_extend_int[2]	22	32	0	0	0	0	0	1	40896	40896	0,0,0,0,0,0,0,0,0,0,0,0,0,0,0,0,0,0,0,0,0,0,0,0,0,0,0,0,0,0,0,0,0,0,0,0,0,0,0,0	0,0,0,0,0,0,0,0,0,0,0,0,0,0,0,0,0,0,0,0,0,0,0,0,0,0,0,1,0,0,0,0,0,0,0,0,0,0,0,0	2	0	0	0	0	1	40896	40896	0,0,0,0,0,0,0,0,0,0,0,0,0,0,0,0,0,0,0,0,0,0,0,0,0,0,0,0,0,0,0,0,0,0,0,0,0,0,0,0	0,0,0,0,0,0,0,0,0,0,0,0,0,0,0,0,0,0,0,0,0,0,0,0,0,0,0,1,0,0,0,0,0,0,0,0,0,0,0,0
tb.dut.clusters[0].cluster.sockets[0].socket.cores[0].core.execute.fpu_unit.genblk1[0].fpu_fpnew.genblk3[2].fpnew_core.gen_operation_groups[3].i_opgroup_block.gen_merged_slice.i_multifmt_slice.gen_num_lanes[0].active_lane.lane_instance.i_fpnew_cast_multi.gen_sign_extend_int[3]	22	32	0	0	0	0	0	1	40896	40896	0,0,0,0,0,0,0,0,0,0,0,0,0,0,0,0,0,0,0,0,0,0,0,0,0,0,0,0,0,0,0,0,0,0,0,0,0,0,0,0	0,0,0,0,0,0,0,0,0,0,0,0,0,0,0,0,0,0,0,0,0,0,0,0,0,0,0,1,0,0,0,0,0,0,0,0,0,0,0,0	2	0	0	0	0	1	40896	40896	0,0,0,0,0,0,0,0,0,0,0,0,0,0,0,0,0,0,0,0,0,0,0,0,0,0,0,0,0,0,0,0,0,0,0,0,0,0,0,0	0,0,0,0,0,0,0,0,0,0,0,0,0,0,0,0,0,0,0,0,0,0,0,0,0,0,0,1,0,0,0,0,0,0,0,0,0,0,0,0
tb.dut.clusters[0].cluster.sockets[0].socket.cores[0].core.execute.fpu_unit.genblk1[0].fpu_fpnew.genblk3[2].fpnew_core.gen_operation_groups[3].i_opgroup_block.gen_merged_slice.i_multifmt_slice.gen_num_lanes[0].active_lane.lane_instance.i_fpnew_cast_multi.gen_sign_inject[0]	22	96	0	0	0	0	0	1	40896	40896	0,0,0,0,0,0,0,0,0,0,0,0,0,0,0,0,0,0,0,0,0,0,0,0,0,0,0,0,0,0,0,0,0,0,0,0,0,0,0,0	0,0,0,0,0,0,0,0,0,0,0,0,0,0,0,0,0,0,0,0,0,0,0,0,0,0,0,1,0,0,0,0,0,0,0,0,0,0,0,0	2	0	0	0	0	1	40896	40896	0,0,0,0,0,0,0,0,0,0,0,0,0,0,0,0,0,0,0,0,0,0,0,0,0,0,0,0,0,0,0,0,0,0,0,0,0,0,0,0	0,0,0,0,0,0,0,0,0,0,0,0,0,0,0,0,0,0,0,0,0,0,0,0,0,0,0,1,0,0,0,0,0,0,0,0,0,0,0,0
tb.dut.clusters[0].cluster.sockets[0].socket.cores[0].core.execute.fpu_unit.genblk1[0].fpu_fpnew.genblk3[2].fpnew_core.gen_operation_groups[3].i_opgroup_block.gen_merged_slice.i_multifmt_slice.gen_num_lanes[0].active_lane.lane_instance.i_fpnew_cast_multi.gen_sign_inject[1]	22	96	0	0	0	0	0	1	40896	40896	0,0,0,0,0,0,0,0,0,0,0,0,0,0,0,0,0,0,0,0,0,0,0,0,0,0,0,0,0,0,0,0,0,0,0,0,0,0,0,0	0,0,0,0,0,0,0,0,0,0,0,0,0,0,0,0,0,0,0,0,0,0,0,0,0,0,0,1,0,0,0,0,0,0,0,0,0,0,0,0	2	0	0	0	0	1	40896	40896	0,0,0,0,0,0,0,0,0,0,0,0,0,0,0,0,0,0,0,0,0,0,0,0,0,0,0,0,0,0,0,0,0,0,0,0,0,0,0,0	0,0,0,0,0,0,0,0,0,0,0,0,0,0,0,0,0,0,0,0,0,0,0,0,0,0,0,1,0,0,0,0,0,0,0,0,0,0,0,0
tb.dut.clusters[0].cluster.sockets[0].socket.cores[0].core.execute.fpu_unit.genblk1[0].fpu_fpnew.genblk3[2].fpnew_core.gen_operation_groups[3].i_opgroup_block.gen_merged_slice.i_multifmt_slice.gen_num_lanes[0].active_lane.lane_instance.i_fpnew_cast_multi.gen_sign_inject[2]	22	96	0	0	0	0	0	1	40896	40896	0,0,0,0,0,0,0,0,0,0,0,0,0,0,0,0,0,0,0,0,0,0,0,0,0,0,0,0,0,0,0,0,0,0,0,0,0,0,0,0	0,0,0,0,0,0,0,0,0,0,0,0,0,0,0,0,0,0,0,0,0,0,0,0,0,0,0,1,0,0,0,0,0,0,0,0,0,0,0,0	2	0	0	0	0	1	40896	40896	0,0,0,0,0,0,0,0,0,0,0,0,0,0,0,0,0,0,0,0,0,0,0,0,0,0,0,0,0,0,0,0,0,0,0,0,0,0,0,0	0,0,0,0,0,0,0,0,0,0,0,0,0,0,0,0,0,0,0,0,0,0,0,0,0,0,0,1,0,0,0,0,0,0,0,0,0,0,0,0
tb.dut.clusters[0].cluster.sockets[0].socket.cores[0].core.execute.fpu_unit.genblk1[0].fpu_fpnew.genblk3[2].fpnew_core.gen_operation_groups[3].i_opgroup_block.gen_merged_slice.i_multifmt_slice.gen_num_lanes[0].active_lane.lane_instance.i_fpnew_cast_multi.gen_sign_inject[3]	22	96	0	0	0	0	0	1	40896	40896	0,0,0,0,0,0,0,0,0,0,0,0,0,0,0,0,0,0,0,0,0,0,0,0,0,0,0,0,0,0,0,0,0,0,0,0,0,0,0,0	0,0,0,0,0,0,0,0,0,0,0,0,0,0,0,0,0,0,0,0,0,0,0,0,0,0,0,1,0,0,0,0,0,0,0,0,0,0,0,0	2	0	0	0	0	1	40896	40896	0,0,0,0,0,0,0,0,0,0,0,0,0,0,0,0,0,0,0,0,0,0,0,0,0,0,0,0,0,0,0,0,0,0,0,0,0,0,0,0	0,0,0,0,0,0,0,0,0,0,0,0,0,0,0,0,0,0,0,0,0,0,0,0,0,0,0,1,0,0,0,0,0,0,0,0,0,0,0,0
tb.dut.clusters[0].cluster.sockets[0].socket.cores[0].core.execute.fpu_unit.genblk1[0].fpu_fpnew.genblk3[2].fpnew_core.gen_operation_groups[3].i_opgroup_block.gen_merged_slice.i_multifmt_slice.gen_num_lanes[0].active_lane.lane_instance.i_fpnew_cast_multi.gen_sign_inject[4]	22	96	0	0	0	0	0	1	40896	40896	0,0,0,0,0,0,0,0,0,0,0,0,0,0,0,0,0,0,0,0,0,0,0,0,0,0,0,0,0,0,0,0,0,0,0,0,0,0,0,0	0,0,0,0,0,0,0,0,0,0,0,0,0,0,0,0,0,0,0,0,0,0,0,0,0,0,0,1,0,0,0,0,0,0,0,0,0,0,0,0	2	0	0	0	0	1	40896	40896	0,0,0,0,0,0,0,0,0,0,0,0,0,0,0,0,0,0,0,0,0,0,0,0,0,0,0,0,0,0,0,0,0,0,0,0,0,0,0,0	0,0,0,0,0,0,0,0,0,0,0,0,0,0,0,0,0,0,0,0,0,0,0,0,0,0,0,1,0,0,0,0,0,0,0,0,0,0,0,0
tb.dut.clusters[0].cluster.sockets[0].socket.cores[0].core.execute.fpu_unit.genblk1[0].fpu_fpnew.genblk3[2].fpnew_core.gen_operation_groups[3].i_opgroup_block.gen_merged_slice.i_multifmt_slice.gen_num_lanes[0].active_lane.lane_instance.i_fpnew_cast_multi.gen_special_results[0]	22	159	0	0	0	0	0	1	40896	40896	0,0,0,0,0,0,0,0,0,0,0,0,0,0,0,0,0,0,0,0,0,0,0,0,0,0,0,0,0,0,0,0,0,0,0,0,0,0,0,0	0,0,0,0,0,0,0,0,0,0,0,0,0,0,0,0,0,0,0,0,0,0,0,0,0,0,0,1,0,0,0,0,0,0,0,0,0,0,0,0	2	0	0	0	0	1	40896	40896	0,0,0,0,0,0,0,0,0,0,0,0,0,0,0,0,0,0,0,0,0,0,0,0,0,0,0,0,0,0,0,0,0,0,0,0,0,0,0,0	0,0,0,0,0,0,0,0,0,0,0,0,0,0,0,0,0,0,0,0,0,0,0,0,0,0,0,1,0,0,0,0,0,0,0,0,0,0,0,0
tb.dut.clusters[0].cluster.sockets[0].socket.cores[0].core.execute.fpu_unit.genblk1[0].fpu_fpnew.genblk3[2].fpnew_core.gen_operation_groups[3].i_opgroup_block.gen_merged_slice.i_multifmt_slice.gen_num_lanes[0].active_lane.lane_instance.i_fpnew_cast_multi.gen_special_results[0].active_format	23	32	0	0	0	0	0	1	40896	40896	0,0,0,0,0,0,0,0,0,0,0,0,0,0,0,0,0,0,0,0,0,0,0,0,0,0,0,0,0,0,0,0,0,0,0,0,0,0,0,0	0,0,0,0,0,0,0,0,0,0,0,0,0,0,0,0,0,0,0,0,0,0,0,0,0,0,0,1,0,0,0,0,0,0,0,0,0,0,0,0	2	0	0	0	0	1	40896	40896	0,0,0,0,0,0,0,0,0,0,0,0,0,0,0,0,0,0,0,0,0,0,0,0,0,0,0,0,0,0,0,0,0,0,0,0,0,0,0,0	0,0,0,0,0,0,0,0,0,0,0,0,0,0,0,0,0,0,0,0,0,0,0,0,0,0,0,1,0,0,0,0,0,0,0,0,0,0,0,0
tb.dut.clusters[0].cluster.sockets[0].socket.cores[0].core.execute.fpu_unit.genblk1[0].fpu_fpnew.genblk3[2].fpnew_core.gen_operation_groups[3].i_opgroup_block.gen_merged_slice.i_multifmt_slice.gen_num_lanes[0].active_lane.lane_instance.i_fpnew_cast_multi.gen_special_results[0].active_format.special_results	24	32	0	0	0	0	0	1	40896	40896	0,0,0,0,0,0,0,0,0,0,0,0,0,0,0,0,0,0,0,0,0,0,0,0,0,0,0,0,0,0,0,0,0,0,0,0,0,0,0,0	0,0,0,0,0,0,0,0,0,0,0,0,0,0,0,0,0,0,0,0,0,0,0,0,0,0,0,1,0,0,0,0,0,0,0,0,0,0,0,0	2	0	0	0	0	1	40896	40896	0,0,0,0,0,0,0,0,0,0,0,0,0,0,0,0,0,0,0,0,0,0,0,0,0,0,0,0,0,0,0,0,0,0,0,0,0,0,0,0	0,0,0,0,0,0,0,0,0,0,0,0,0,0,0,0,0,0,0,0,0,0,0,0,0,0,0,1,0,0,0,0,0,0,0,0,0,0,0,0
tb.dut.clusters[0].cluster.sockets[0].socket.cores[0].core.execute.fpu_unit.genblk1[0].fpu_fpnew.genblk3[2].fpnew_core.gen_operation_groups[3].i_opgroup_block.gen_merged_slice.i_multifmt_slice.gen_num_lanes[0].active_lane.lane_instance.i_fpnew_cast_multi.gen_special_results[1]	22	159	0	0	0	0	0	1	40896	40896	0,0,0,0,0,0,0,0,0,0,0,0,0,0,0,0,0,0,0,0,0,0,0,0,0,0,0,0,0,0,0,0,0,0,0,0,0,0,0,0	0,0,0,0,0,0,0,0,0,0,0,0,0,0,0,0,0,0,0,0,0,0,0,0,0,0,0,1,0,0,0,0,0,0,0,0,0,0,0,0	2	0	0	0	0	1	40896	40896	0,0,0,0,0,0,0,0,0,0,0,0,0,0,0,0,0,0,0,0,0,0,0,0,0,0,0,0,0,0,0,0,0,0,0,0,0,0,0,0	0,0,0,0,0,0,0,0,0,0,0,0,0,0,0,0,0,0,0,0,0,0,0,0,0,0,0,1,0,0,0,0,0,0,0,0,0,0,0,0
tb.dut.clusters[0].cluster.sockets[0].socket.cores[0].core.execute.fpu_unit.genblk1[0].fpu_fpnew.genblk3[2].fpnew_core.gen_operation_groups[3].i_opgroup_block.gen_merged_slice.i_multifmt_slice.gen_num_lanes[0].active_lane.lane_instance.i_fpnew_cast_multi.gen_special_results[2]	22	111	0	0	0	0	0	1	40896	40896	0,0,0,0,0,0,0,0,0,0,0,0,0,0,0,0,0,0,0,0,0,0,0,0,0,0,0,0,0,0,0,0,0,0,0,0,0,0,0,0	0,0,0,0,0,0,0,0,0,0,0,0,0,0,0,0,0,0,0,0,0,0,0,0,0,0,0,1,0,0,0,0,0,0,0,0,0,0,0,0	2	0	0	0	0	1	40896	40896	0,0,0,0,0,0,0,0,0,0,0,0,0,0,0,0,0,0,0,0,0,0,0,0,0,0,0,0,0,0,0,0,0,0,0,0,0,0,0,0	0,0,0,0,0,0,0,0,0,0,0,0,0,0,0,0,0,0,0,0,0,0,0,0,0,0,0,1,0,0,0,0,0,0,0,0,0,0,0,0
tb.dut.clusters[0].cluster.sockets[0].socket.cores[0].core.execute.fpu_unit.genblk1[0].fpu_fpnew.genblk3[2].fpnew_core.gen_operation_groups[3].i_opgroup_block.gen_merged_slice.i_multifmt_slice.gen_num_lanes[0].active_lane.lane_instance.i_fpnew_cast_multi.gen_special_results[3]	22	103	0	0	0	0	0	1	40896	40896	0,0,0,0,0,0,0,0,0,0,0,0,0,0,0,0,0,0,0,0,0,0,0,0,0,0,0,0,0,0,0,0,0,0,0,0,0,0,0,0	0,0,0,0,0,0,0,0,0,0,0,0,0,0,0,0,0,0,0,0,0,0,0,0,0,0,0,1,0,0,0,0,0,0,0,0,0,0,0,0	2	0	0	0	0	1	40896	40896	0,0,0,0,0,0,0,0,0,0,0,0,0,0,0,0,0,0,0,0,0,0,0,0,0,0,0,0,0,0,0,0,0,0,0,0,0,0,0,0	0,0,0,0,0,0,0,0,0,0,0,0,0,0,0,0,0,0,0,0,0,0,0,0,0,0,0,1,0,0,0,0,0,0,0,0,0,0,0,0
tb.dut.clusters[0].cluster.sockets[0].socket.cores[0].core.execute.fpu_unit.genblk1[0].fpu_fpnew.genblk3[2].fpnew_core.gen_operation_groups[3].i_opgroup_block.gen_merged_slice.i_multifmt_slice.gen_num_lanes[0].active_lane.lane_instance.i_fpnew_cast_multi.gen_special_results[4]	22	111	0	0	0	0	0	1	40896	40896	0,0,0,0,0,0,0,0,0,0,0,0,0,0,0,0,0,0,0,0,0,0,0,0,0,0,0,0,0,0,0,0,0,0,0,0,0,0,0,0	0,0,0,0,0,0,0,0,0,0,0,0,0,0,0,0,0,0,0,0,0,0,0,0,0,0,0,1,0,0,0,0,0,0,0,0,0,0,0,0	2	0	0	0	0	1	40896	40896	0,0,0,0,0,0,0,0,0,0,0,0,0,0,0,0,0,0,0,0,0,0,0,0,0,0,0,0,0,0,0,0,0,0,0,0,0,0,0,0	0,0,0,0,0,0,0,0,0,0,0,0,0,0,0,0,0,0,0,0,0,0,0,0,0,0,0,1,0,0,0,0,0,0,0,0,0,0,0,0
tb.dut.clusters[0].cluster.sockets[0].socket.cores[0].core.execute.fpu_unit.genblk1[0].fpu_fpnew.genblk3[2].fpnew_core.gen_operation_groups[3].i_opgroup_block.gen_merged_slice.i_multifmt_slice.gen_num_lanes[0].active_lane.lane_instance.i_fpnew_cast_multi.gen_special_results_int[0]	22	32	0	0	0	0	0	1	40896	40896	0,0,0,0,0,0,0,0,0,0,0,0,0,0,0,0,0,0,0,0,0,0,0,0,0,0,0,0,0,0,0,0,0,0,0,0,0,0,0,0	0,0,0,0,0,0,0,0,0,0,0,0,0,0,0,0,0,0,0,0,0,0,0,0,0,0,0,1,0,0,0,0,0,0,0,0,0,0,0,0	2	0	0	0	0	1	40896	40896	0,0,0,0,0,0,0,0,0,0,0,0,0,0,0,0,0,0,0,0,0,0,0,0,0,0,0,0,0,0,0,0,0,0,0,0,0,0,0,0	0,0,0,0,0,0,0,0,0,0,0,0,0,0,0,0,0,0,0,0,0,0,0,0,0,0,0,1,0,0,0,0,0,0,0,0,0,0,0,0
tb.dut.clusters[0].cluster.sockets[0].socket.cores[0].core.execute.fpu_unit.genblk1[0].fpu_fpnew.genblk3[2].fpnew_core.gen_operation_groups[3].i_opgroup_block.gen_merged_slice.i_multifmt_slice.gen_num_lanes[0].active_lane.lane_instance.i_fpnew_cast_multi.gen_special_results_int[1]	22	32	0	0	0	0	0	1	40896	40896	0,0,0,0,0,0,0,0,0,0,0,0,0,0,0,0,0,0,0,0,0,0,0,0,0,0,0,0,0,0,0,0,0,0,0,0,0,0,0,0	0,0,0,0,0,0,0,0,0,0,0,0,0,0,0,0,0,0,0,0,0,0,0,0,0,0,0,1,0,0,0,0,0,0,0,0,0,0,0,0	2	0	0	0	0	1	40896	40896	0,0,0,0,0,0,0,0,0,0,0,0,0,0,0,0,0,0,0,0,0,0,0,0,0,0,0,0,0,0,0,0,0,0,0,0,0,0,0,0	0,0,0,0,0,0,0,0,0,0,0,0,0,0,0,0,0,0,0,0,0,0,0,0,0,0,0,1,0,0,0,0,0,0,0,0,0,0,0,0
tb.dut.clusters[0].cluster.sockets[0].socket.cores[0].core.execute.fpu_unit.genblk1[0].fpu_fpnew.genblk3[2].fpnew_core.gen_operation_groups[3].i_opgroup_block.gen_merged_slice.i_multifmt_slice.gen_num_lanes[0].active_lane.lane_instance.i_fpnew_cast_multi.gen_special_results_int[2]	22	32	0	0	0	0	0	1	40896	40896	0,0,0,0,0,0,0,0,0,0,0,0,0,0,0,0,0,0,0,0,0,0,0,0,0,0,0,0,0,0,0,0,0,0,0,0,0,0,0,0	0,0,0,0,0,0,0,0,0,0,0,0,0,0,0,0,0,0,0,0,0,0,0,0,0,0,0,1,0,0,0,0,0,0,0,0,0,0,0,0	2	0	0	0	0	1	40896	40896	0,0,0,0,0,0,0,0,0,0,0,0,0,0,0,0,0,0,0,0,0,0,0,0,0,0,0,0,0,0,0,0,0,0,0,0,0,0,0,0	0,0,0,0,0,0,0,0,0,0,0,0,0,0,0,0,0,0,0,0,0,0,0,0,0,0,0,1,0,0,0,0,0,0,0,0,0,0,0,0
tb.dut.clusters[0].cluster.sockets[0].socket.cores[0].core.execute.fpu_unit.genblk1[0].fpu_fpnew.genblk3[2].fpnew_core.gen_operation_groups[3].i_opgroup_block.gen_merged_slice.i_multifmt_slice.gen_num_lanes[0].active_lane.lane_instance.i_fpnew_cast_multi.gen_special_results_int[3]	22	32	0	0	0	0	0	1	40896	40896	0,0,0,0,0,0,0,0,0,0,0,0,0,0,0,0,0,0,0,0,0,0,0,0,0,0,0,0,0,0,0,0,0,0,0,0,0,0,0,0	0,0,0,0,0,0,0,0,0,0,0,0,0,0,0,0,0,0,0,0,0,0,0,0,0,0,0,1,0,0,0,0,0,0,0,0,0,0,0,0	2	0	0	0	0	1	40896	40896	0,0,0,0,0,0,0,0,0,0,0,0,0,0,0,0,0,0,0,0,0,0,0,0,0,0,0,0,0,0,0,0,0,0,0,0,0,0,0,0	0,0,0,0,0,0,0,0,0,0,0,0,0,0,0,0,0,0,0,0,0,0,0,0,0,0,0,1,0,0,0,0,0,0,0,0,0,0,0,0
tb.dut.clusters[0].cluster.sockets[0].socket.cores[0].core.execute.fpu_unit.genblk1[0].fpu_fpnew.genblk3[2].fpnew_core.gen_operation_groups[3].i_opgroup_block.gen_merged_slice.i_multifmt_slice.gen_num_lanes[0].active_lane.lane_instance.i_fpnew_cast_multi.i_fpnew_rounding	22	106	0	0	0	0	0	1	40896	40896	0,0,0,0,0,0,0,0,0,0,0,0,0,0,0,0,0,0,0,0,0,0,0,0,0,0,0,0,0,0,0,0,0,0,0,0,0,0,0,0	0,0,0,0,0,0,0,0,0,0,0,0,0,0,0,0,0,0,0,0,0,0,0,0,0,0,0,1,0,0,0,0,0,0,0,0,0,0,0,0	2	0	0	0	0	1	40896	40896	0,0,0,0,0,0,0,0,0,0,0,0,0,0,0,0,0,0,0,0,0,0,0,0,0,0,0,0,0,0,0,0,0,0,0,0,0,0,0,0	0,0,0,0,0,0,0,0,0,0,0,0,0,0,0,0,0,0,0,0,0,0,0,0,0,0,0,1,0,0,0,0,0,0,0,0,0,0,0,0
tb.dut.clusters[0].cluster.sockets[0].socket.cores[0].core.execute.fpu_unit.genblk1[0].fpu_fpnew.genblk3[2].fpnew_core.gen_operation_groups[3].i_opgroup_block.gen_merged_slice.i_multifmt_slice.gen_num_lanes[0].active_lane.lane_instance.i_fpnew_cast_multi.i_lzc	22	519	0	0	0	0	0	1	40896	40896	0,0,0,0,0,0,0,0,0,0,0,0,0,0,0,0,0,0,0,0,0,0,0,0,0,0,0,0,0,0,0,0,0,0,0,0,0,0,0,0	0,0,0,0,0,0,0,0,0,0,0,0,0,0,0,0,0,0,0,0,0,0,0,0,0,0,0,1,0,0,0,0,0,0,0,0,0,0,0,0	3	0	0	0	0	1	40896	40896	0,0,0,0,0,0,0,0,0,0,0,0,0,0,0,0,0,0,0,0,0,0,0,0,0,0,0,0,0,0,0,0,0,0,0,0,0,0,0,0	0,0,0,0,0,0,0,0,0,0,0,0,0,0,0,0,0,0,0,0,0,0,0,0,0,0,0,1,0,0,0,0,0,0,0,0,0,0,0,0
tb.dut.clusters[0].cluster.sockets[0].socket.cores[0].core.execute.fpu_unit.genblk1[0].fpu_fpnew.genblk3[2].fpnew_core.gen_operation_groups[3].i_opgroup_block.gen_merged_slice.i_multifmt_slice.gen_num_lanes[0].active_lane.lane_instance.i_fpnew_cast_multi.i_lzc.gen_lzc	23	416	0	0	0	0	0	1	40896	40896	0,0,0,0,0,0,0,0,0,0,0,0,0,0,0,0,0,0,0,0,0,0,0,0,0,0,0,0,0,0,0,0,0,0,0,0,0,0,0,0	0,0,0,0,0,0,0,0,0,0,0,0,0,0,0,0,0,0,0,0,0,0,0,0,0,0,0,1,0,0,0,0,0,0,0,0,0,0,0,0	3	0	0	0	0	1	40896	40896	0,0,0,0,0,0,0,0,0,0,0,0,0,0,0,0,0,0,0,0,0,0,0,0,0,0,0,0,0,0,0,0,0,0,0,0,0,0,0,0	0,0,0,0,0,0,0,0,0,0,0,0,0,0,0,0,0,0,0,0,0,0,0,0,0,0,0,1,0,0,0,0,0,0,0,0,0,0,0,0
tb.dut.clusters[0].cluster.sockets[0].socket.cores[0].core.execute.fpu_unit.genblk1[0].fpu_fpnew.genblk3[2].fpnew_core.gen_operation_groups[3].i_opgroup_block.gen_merged_slice.i_multifmt_slice.gen_num_lanes[0].int_results_enabled	19	128	0	0	0	0	0	1	40896	40896	0,0,0,0,0,0,0,0,0,0,0,0,0,0,0,0,0,0,0,0,0,0,0,0,0,0,0,0,0,0,0,0,0,0,0,0,0,0,0,0	0,0,0,0,0,0,0,0,0,0,0,0,0,0,0,0,0,0,0,0,0,0,0,0,0,0,0,1,0,0,0,0,0,0,0,0,0,0,0,0	2	0	0	0	0	1	40896	40896	0,0,0,0,0,0,0,0,0,0,0,0,0,0,0,0,0,0,0,0,0,0,0,0,0,0,0,0,0,0,0,0,0,0,0,0,0,0,0,0	0,0,0,0,0,0,0,0,0,0,0,0,0,0,0,0,0,0,0,0,0,0,0,0,0,0,0,1,0,0,0,0,0,0,0,0,0,0,0,0
tb.dut.clusters[0].cluster.sockets[0].socket.cores[0].core.execute.fpu_unit.genblk1[0].fpu_fpnew.genblk3[2].fpnew_core.gen_operation_groups[3].i_opgroup_block.gen_merged_slice.i_multifmt_slice.gen_num_lanes[0].int_results_enabled.pack_int_result[0]	20	32	0	0	0	0	0	1	40896	40896	0,0,0,0,0,0,0,0,0,0,0,0,0,0,0,0,0,0,0,0,0,0,0,0,0,0,0,0,0,0,0,0,0,0,0,0,0,0,0,0	0,0,0,0,0,0,0,0,0,0,0,0,0,0,0,0,0,0,0,0,0,0,0,0,0,0,0,1,0,0,0,0,0,0,0,0,0,0,0,0	2	0	0	0	0	1	40896	40896	0,0,0,0,0,0,0,0,0,0,0,0,0,0,0,0,0,0,0,0,0,0,0,0,0,0,0,0,0,0,0,0,0,0,0,0,0,0,0,0	0,0,0,0,0,0,0,0,0,0,0,0,0,0,0,0,0,0,0,0,0,0,0,0,0,0,0,1,0,0,0,0,0,0,0,0,0,0,0,0
tb.dut.clusters[0].cluster.sockets[0].socket.cores[0].core.execute.fpu_unit.genblk1[0].fpu_fpnew.genblk3[2].fpnew_core.gen_operation_groups[3].i_opgroup_block.gen_merged_slice.i_multifmt_slice.gen_num_lanes[0].int_results_enabled.pack_int_result[1]	20	32	0	0	0	0	0	1	40896	40896	0,0,0,0,0,0,0,0,0,0,0,0,0,0,0,0,0,0,0,0,0,0,0,0,0,0,0,0,0,0,0,0,0,0,0,0,0,0,0,0	0,0,0,0,0,0,0,0,0,0,0,0,0,0,0,0,0,0,0,0,0,0,0,0,0,0,0,1,0,0,0,0,0,0,0,0,0,0,0,0	2	0	0	0	0	1	40896	40896	0,0,0,0,0,0,0,0,0,0,0,0,0,0,0,0,0,0,0,0,0,0,0,0,0,0,0,0,0,0,0,0,0,0,0,0,0,0,0,0	0,0,0,0,0,0,0,0,0,0,0,0,0,0,0,0,0,0,0,0,0,0,0,0,0,0,0,1,0,0,0,0,0,0,0,0,0,0,0,0
tb.dut.clusters[0].cluster.sockets[0].socket.cores[0].core.execute.fpu_unit.genblk1[0].fpu_fpnew.genblk3[2].fpnew_core.gen_operation_groups[3].i_opgroup_block.gen_merged_slice.i_multifmt_slice.gen_num_lanes[0].int_results_enabled.pack_int_result[2]	20	32	0	0	0	0	0	1	40896	40896	0,0,0,0,0,0,0,0,0,0,0,0,0,0,0,0,0,0,0,0,0,0,0,0,0,0,0,0,0,0,0,0,0,0,0,0,0,0,0,0	0,0,0,0,0,0,0,0,0,0,0,0,0,0,0,0,0,0,0,0,0,0,0,0,0,0,0,1,0,0,0,0,0,0,0,0,0,0,0,0	2	0	0	0	0	1	40896	40896	0,0,0,0,0,0,0,0,0,0,0,0,0,0,0,0,0,0,0,0,0,0,0,0,0,0,0,0,0,0,0,0,0,0,0,0,0,0,0,0	0,0,0,0,0,0,0,0,0,0,0,0,0,0,0,0,0,0,0,0,0,0,0,0,0,0,0,1,0,0,0,0,0,0,0,0,0,0,0,0
tb.dut.clusters[0].cluster.sockets[0].socket.cores[0].core.execute.fpu_unit.genblk1[0].fpu_fpnew.genblk3[2].fpnew_core.gen_operation_groups[3].i_opgroup_block.gen_merged_slice.i_multifmt_slice.gen_num_lanes[0].int_results_enabled.pack_int_result[3]	20	32	0	0	0	0	0	1	40896	40896	0,0,0,0,0,0,0,0,0,0,0,0,0,0,0,0,0,0,0,0,0,0,0,0,0,0,0,0,0,0,0,0,0,0,0,0,0,0,0,0	0,0,0,0,0,0,0,0,0,0,0,0,0,0,0,0,0,0,0,0,0,0,0,0,0,0,0,1,0,0,0,0,0,0,0,0,0,0,0,0	2	0	0	0	0	1	40896	40896	0,0,0,0,0,0,0,0,0,0,0,0,0,0,0,0,0,0,0,0,0,0,0,0,0,0,0,0,0,0,0,0,0,0,0,0,0,0,0,0	0,0,0,0,0,0,0,0,0,0,0,0,0,0,0,0,0,0,0,0,0,0,0,0,0,0,0,1,0,0,0,0,0,0,0,0,0,0,0,0
tb.dut.clusters[0].cluster.sockets[0].socket.cores[0].core.execute.fpu_unit.genblk1[0].fpu_fpnew.genblk3[2].fpnew_core.gen_operation_groups[3].i_opgroup_block.gen_merged_slice.i_multifmt_slice.gen_num_lanes[0].pack_fp_result[0]	19	32	0	0	0	0	0	1	40896	40896	0,0,0,0,0,0,0,0,0,0,0,0,0,0,0,0,0,0,0,0,0,0,0,0,0,0,0,0,0,0,0,0,0,0,0,0,0,0,0,0	0,0,0,0,0,0,0,0,0,0,0,0,0,0,0,0,0,0,0,0,0,0,0,0,0,0,0,1,0,0,0,0,0,0,0,0,0,0,0,0	2	0	0	0	0	1	40896	40896	0,0,0,0,0,0,0,0,0,0,0,0,0,0,0,0,0,0,0,0,0,0,0,0,0,0,0,0,0,0,0,0,0,0,0,0,0,0,0,0	0,0,0,0,0,0,0,0,0,0,0,0,0,0,0,0,0,0,0,0,0,0,0,0,0,0,0,1,0,0,0,0,0,0,0,0,0,0,0,0
tb.dut.clusters[0].cluster.sockets[0].socket.cores[0].core.execute.fpu_unit.genblk1[0].fpu_fpnew.genblk3[2].fpnew_core.gen_operation_groups[3].i_opgroup_block.gen_merged_slice.i_multifmt_slice.gen_num_lanes[0].pack_fp_result[1]	19	32	0	0	0	0	0	1	40896	40896	0,0,0,0,0,0,0,0,0,0,0,0,0,0,0,0,0,0,0,0,0,0,0,0,0,0,0,0,0,0,0,0,0,0,0,0,0,0,0,0	0,0,0,0,0,0,0,0,0,0,0,0,0,0,0,0,0,0,0,0,0,0,0,0,0,0,0,1,0,0,0,0,0,0,0,0,0,0,0,0	2	0	0	0	0	1	40896	40896	0,0,0,0,0,0,0,0,0,0,0,0,0,0,0,0,0,0,0,0,0,0,0,0,0,0,0,0,0,0,0,0,0,0,0,0,0,0,0,0	0,0,0,0,0,0,0,0,0,0,0,0,0,0,0,0,0,0,0,0,0,0,0,0,0,0,0,1,0,0,0,0,0,0,0,0,0,0,0,0
tb.dut.clusters[0].cluster.sockets[0].socket.cores[0].core.execute.fpu_unit.genblk1[0].fpu_fpnew.genblk3[2].fpnew_core.gen_operation_groups[3].i_opgroup_block.gen_merged_slice.i_multifmt_slice.gen_num_lanes[0].pack_fp_result[2]	19	32	0	0	0	0	0	1	40896	40896	0,0,0,0,0,0,0,0,0,0,0,0,0,0,0,0,0,0,0,0,0,0,0,0,0,0,0,0,0,0,0,0,0,0,0,0,0,0,0,0	0,0,0,0,0,0,0,0,0,0,0,0,0,0,0,0,0,0,0,0,0,0,0,0,0,0,0,1,0,0,0,0,0,0,0,0,0,0,0,0	2	0	0	0	0	1	40896	40896	0,0,0,0,0,0,0,0,0,0,0,0,0,0,0,0,0,0,0,0,0,0,0,0,0,0,0,0,0,0,0,0,0,0,0,0,0,0,0,0	0,0,0,0,0,0,0,0,0,0,0,0,0,0,0,0,0,0,0,0,0,0,0,0,0,0,0,1,0,0,0,0,0,0,0,0,0,0,0,0
tb.dut.clusters[0].cluster.sockets[0].socket.cores[0].core.execute.fpu_unit.genblk1[0].fpu_fpnew.genblk3[2].fpnew_core.gen_operation_groups[3].i_opgroup_block.gen_merged_slice.i_multifmt_slice.gen_num_lanes[0].pack_fp_result[3]	19	32	0	0	0	0	0	1	40896	40896	0,0,0,0,0,0,0,0,0,0,0,0,0,0,0,0,0,0,0,0,0,0,0,0,0,0,0,0,0,0,0,0,0,0,0,0,0,0,0,0	0,0,0,0,0,0,0,0,0,0,0,0,0,0,0,0,0,0,0,0,0,0,0,0,0,0,0,1,0,0,0,0,0,0,0,0,0,0,0,0	2	0	0	0	0	1	40896	40896	0,0,0,0,0,0,0,0,0,0,0,0,0,0,0,0,0,0,0,0,0,0,0,0,0,0,0,0,0,0,0,0,0,0,0,0,0,0,0,0	0,0,0,0,0,0,0,0,0,0,0,0,0,0,0,0,0,0,0,0,0,0,0,0,0,0,0,1,0,0,0,0,0,0,0,0,0,0,0,0
tb.dut.clusters[0].cluster.sockets[0].socket.cores[0].core.execute.fpu_unit.genblk1[0].fpu_fpnew.genblk3[2].fpnew_core.gen_operation_groups[3].i_opgroup_block.gen_merged_slice.i_multifmt_slice.gen_num_lanes[0].pack_fp_result[4]	19	32	0	0	0	0	0	1	40896	40896	0,0,0,0,0,0,0,0,0,0,0,0,0,0,0,0,0,0,0,0,0,0,0,0,0,0,0,0,0,0,0,0,0,0,0,0,0,0,0,0	0,0,0,0,0,0,0,0,0,0,0,0,0,0,0,0,0,0,0,0,0,0,0,0,0,0,0,1,0,0,0,0,0,0,0,0,0,0,0,0	2	0	0	0	0	1	40896	40896	0,0,0,0,0,0,0,0,0,0,0,0,0,0,0,0,0,0,0,0,0,0,0,0,0,0,0,0,0,0,0,0,0,0,0,0,0,0,0,0	0,0,0,0,0,0,0,0,0,0,0,0,0,0,0,0,0,0,0,0,0,0,0,0,0,0,0,1,0,0,0,0,0,0,0,0,0,0,0,0
tb.dut.clusters[0].cluster.sockets[0].socket.cores[0].core.execute.fpu_unit.genblk1[0].fpu_fpnew.genblk3[2].fpnew_core.gen_operation_groups[3].i_opgroup_block.gen_merged_slice.i_multifmt_slice.target_regs	18	227	0	0	0	0	0	1	40896	40896	0,0,0,0,0,0,0,0,0,0,0,0,0,0,0,0,0,0,0,0,0,0,0,0,0,0,0,0,0,0,0,0,0,0,0,0,0,0,0,0	0,0,0,0,0,0,0,0,0,0,0,0,0,0,0,0,0,0,0,0,0,0,0,0,0,0,0,1,0,0,0,0,0,0,0,0,0,0,0,0	2	0	0	0	0	1	40896	40896	0,0,0,0,0,0,0,0,0,0,0,0,0,0,0,0,0,0,0,0,0,0,0,0,0,0,0,0,0,0,0,0,0,0,0,0,0,0,0,0	0,0,0,0,0,0,0,0,0,0,0,0,0,0,0,0,0,0,0,0,0,0,0,0,0,0,0,1,0,0,0,0,0,0,0,0,0,0,0,0
tb.dut.clusters[0].cluster.sockets[0].socket.cores[0].core.execute.fpu_unit.genblk1[0].fpu_fpnew.genblk3[2].fpnew_core.gen_operation_groups[3].i_opgroup_block.gen_merged_slice.i_multifmt_slice.target_regs.gen_bypass_pipeline[0]	19	1	0	0	0	0	0	1	40896	40896	0,0,0,0,0,0,0,0,0,0,0,0,0,0,0,0,0,0,0,0,0,0,0,0,0,0,0,0,0,0,0,0,0,0,0,0,0,0,0,0	0,0,0,0,0,0,0,0,0,0,0,0,0,0,0,0,0,0,0,0,0,0,0,0,0,0,0,1,0,0,0,0,0,0,0,0,0,0,0,0	2	0	0	0	0	1	40896	40896	0,0,0,0,0,0,0,0,0,0,0,0,0,0,0,0,0,0,0,0,0,0,0,0,0,0,0,0,0,0,0,0,0,0,0,0,0,0,0,0	0,0,0,0,0,0,0,0,0,0,0,0,0,0,0,0,0,0,0,0,0,0,0,0,0,0,0,1,0,0,0,0,0,0,0,0,0,0,0,0
tb.dut.clusters[0].cluster.sockets[0].socket.cores[0].core.execute.fpu_unit.genblk1[0].fpu_fpnew.genblk3[2].fpnew_core.gen_operation_groups[3].i_opgroup_block.gen_merged_slice.i_multifmt_slice.target_regs.gen_bypass_pipeline[1]	19	1	0	0	0	0	0	1	40896	40896	0,0,0,0,0,0,0,0,0,0,0,0,0,0,0,0,0,0,0,0,0,0,0,0,0,0,0,0,0,0,0,0,0,0,0,0,0,0,0,0	0,0,0,0,0,0,0,0,0,0,0,0,0,0,0,0,0,0,0,0,0,0,0,0,0,0,0,1,0,0,0,0,0,0,0,0,0,0,0,0	2	0	0	0	0	1	40896	40896	0,0,0,0,0,0,0,0,0,0,0,0,0,0,0,0,0,0,0,0,0,0,0,0,0,0,0,0,0,0,0,0,0,0,0,0,0,0,0,0	0,0,0,0,0,0,0,0,0,0,0,0,0,0,0,0,0,0,0,0,0,0,0,0,0,0,0,1,0,0,0,0,0,0,0,0,0,0,0,0
tb.dut.clusters[0].cluster.sockets[0].socket.cores[0].core.execute.fpu_unit.genblk1[0].fpu_fpnew.genblk3[2].fpnew_core.gen_operation_groups[3].i_opgroup_block.gen_merged_slice.i_multifmt_slice.target_regs.gen_bypass_pipeline[2]	19	1	0	0	0	0	0	1	40896	40896	0,0,0,0,0,0,0,0,0,0,0,0,0,0,0,0,0,0,0,0,0,0,0,0,0,0,0,0,0,0,0,0,0,0,0,0,0,0,0,0	0,0,0,0,0,0,0,0,0,0,0,0,0,0,0,0,0,0,0,0,0,0,0,0,0,0,0,1,0,0,0,0,0,0,0,0,0,0,0,0	2	0	0	0	0	1	40896	40896	0,0,0,0,0,0,0,0,0,0,0,0,0,0,0,0,0,0,0,0,0,0,0,0,0,0,0,0,0,0,0,0,0,0,0,0,0,0,0,0	0,0,0,0,0,0,0,0,0,0,0,0,0,0,0,0,0,0,0,0,0,0,0,0,0,0,0,1,0,0,0,0,0,0,0,0,0,0,0,0
tb.dut.clusters[0].cluster.sockets[0].socket.cores[0].core.execute.fpu_unit.genblk1[0].fpu_fpnew.genblk3[2].fpnew_core.gen_operation_groups[3].i_opgroup_block.gen_merged_slice.i_multifmt_slice.target_regs.gen_bypass_pipeline[3]	19	1	0	0	0	0	0	1	40896	40896	0,0,0,0,0,0,0,0,0,0,0,0,0,0,0,0,0,0,0,0,0,0,0,0,0,0,0,0,0,0,0,0,0,0,0,0,0,0,0,0	0,0,0,0,0,0,0,0,0,0,0,0,0,0,0,0,0,0,0,0,0,0,0,0,0,0,0,1,0,0,0,0,0,0,0,0,0,0,0,0	2	0	0	0	0	1	40896	40896	0,0,0,0,0,0,0,0,0,0,0,0,0,0,0,0,0,0,0,0,0,0,0,0,0,0,0,0,0,0,0,0,0,0,0,0,0,0,0,0	0,0,0,0,0,0,0,0,0,0,0,0,0,0,0,0,0,0,0,0,0,0,0,0,0,0,0,1,0,0,0,0,0,0,0,0,0,0,0,0
tb.dut.clusters[0].cluster.sockets[0].socket.cores[0].core.execute.fpu_unit.genblk1[0].fpu_fpnew.genblk3[2].fpnew_core.gen_operation_groups[3].i_opgroup_block.gen_merged_slice.i_multifmt_slice.target_regs.gen_bypass_pipeline[4]	19	1	0	0	0	0	0	1	40896	40896	0,0,0,0,0,0,0,0,0,0,0,0,0,0,0,0,0,0,0,0,0,0,0,0,0,0,0,0,0,0,0,0,0,0,0,0,0,0,0,0	0,0,0,0,0,0,0,0,0,0,0,0,0,0,0,0,0,0,0,0,0,0,0,0,0,0,0,1,0,0,0,0,0,0,0,0,0,0,0,0	2	0	0	0	0	1	40896	40896	0,0,0,0,0,0,0,0,0,0,0,0,0,0,0,0,0,0,0,0,0,0,0,0,0,0,0,0,0,0,0,0,0,0,0,0,0,0,0,0	0,0,0,0,0,0,0,0,0,0,0,0,0,0,0,0,0,0,0,0,0,0,0,0,0,0,0,1,0,0,0,0,0,0,0,0,0,0,0,0
tb.dut.clusters[0].cluster.sockets[0].socket.cores[0].core.execute.fpu_unit.genblk1[0].fpu_fpnew.genblk3[2].fpnew_core.gen_operation_groups[3].i_opgroup_block.gen_parallel_slices[0]	16	2	0	0	0	0	0	1	40896	40896	0,0,0,0,0,0,0,0,0,0,0,0,0,0,0,0,0,0,0,0,0,0,0,0,0,0,0,0,0,0,0,0,0,0,0,0,0,0,0,0	0,0,0,0,0,0,0,0,0,0,0,0,0,0,0,0,0,0,0,0,0,0,0,0,0,0,0,1,0,0,0,0,0,0,0,0,0,0,0,0	2	0	0	0	0	1	40896	40896	0,0,0,0,0,0,0,0,0,0,0,0,0,0,0,0,0,0,0,0,0,0,0,0,0,0,0,0,0,0,0,0,0,0,0,0,0,0,0,0	0,0,0,0,0,0,0,0,0,0,0,0,0,0,0,0,0,0,0,0,0,0,0,0,0,0,0,1,0,0,0,0,0,0,0,0,0,0,0,0
tb.dut.clusters[0].cluster.sockets[0].socket.cores[0].core.execute.fpu_unit.genblk1[0].fpu_fpnew.genblk3[2].fpnew_core.gen_operation_groups[3].i_opgroup_block.gen_parallel_slices[1]	16	2	0	0	0	0	0	1	40896	40896	0,0,0,0,0,0,0,0,0,0,0,0,0,0,0,0,0,0,0,0,0,0,0,0,0,0,0,0,0,0,0,0,0,0,0,0,0,0,0,0	0,0,0,0,0,0,0,0,0,0,0,0,0,0,0,0,0,0,0,0,0,0,0,0,0,0,0,1,0,0,0,0,0,0,0,0,0,0,0,0	2	0	0	0	0	1	40896	40896	0,0,0,0,0,0,0,0,0,0,0,0,0,0,0,0,0,0,0,0,0,0,0,0,0,0,0,0,0,0,0,0,0,0,0,0,0,0,0,0	0,0,0,0,0,0,0,0,0,0,0,0,0,0,0,0,0,0,0,0,0,0,0,0,0,0,0,1,0,0,0,0,0,0,0,0,0,0,0,0
tb.dut.clusters[0].cluster.sockets[0].socket.cores[0].core.execute.fpu_unit.genblk1[0].fpu_fpnew.genblk3[2].fpnew_core.gen_operation_groups[3].i_opgroup_block.gen_parallel_slices[2]	16	2	0	0	0	0	0	1	40896	40896	0,0,0,0,0,0,0,0,0,0,0,0,0,0,0,0,0,0,0,0,0,0,0,0,0,0,0,0,0,0,0,0,0,0,0,0,0,0,0,0	0,0,0,0,0,0,0,0,0,0,0,0,0,0,0,0,0,0,0,0,0,0,0,0,0,0,0,1,0,0,0,0,0,0,0,0,0,0,0,0	2	0	0	0	0	1	40896	40896	0,0,0,0,0,0,0,0,0,0,0,0,0,0,0,0,0,0,0,0,0,0,0,0,0,0,0,0,0,0,0,0,0,0,0,0,0,0,0,0	0,0,0,0,0,0,0,0,0,0,0,0,0,0,0,0,0,0,0,0,0,0,0,0,0,0,0,1,0,0,0,0,0,0,0,0,0,0,0,0
tb.dut.clusters[0].cluster.sockets[0].socket.cores[0].core.execute.fpu_unit.genblk1[0].fpu_fpnew.genblk3[2].fpnew_core.gen_operation_groups[3].i_opgroup_block.gen_parallel_slices[3]	16	2	0	0	0	0	0	1	40896	40896	0,0,0,0,0,0,0,0,0,0,0,0,0,0,0,0,0,0,0,0,0,0,0,0,0,0,0,0,0,0,0,0,0,0,0,0,0,0,0,0	0,0,0,0,0,0,0,0,0,0,0,0,0,0,0,0,0,0,0,0,0,0,0,0,0,0,0,1,0,0,0,0,0,0,0,0,0,0,0,0	2	0	0	0	0	1	40896	40896	0,0,0,0,0,0,0,0,0,0,0,0,0,0,0,0,0,0,0,0,0,0,0,0,0,0,0,0,0,0,0,0,0,0,0,0,0,0,0,0	0,0,0,0,0,0,0,0,0,0,0,0,0,0,0,0,0,0,0,0,0,0,0,0,0,0,0,1,0,0,0,0,0,0,0,0,0,0,0,0
tb.dut.clusters[0].cluster.sockets[0].socket.cores[0].core.execute.fpu_unit.genblk1[0].fpu_fpnew.genblk3[2].fpnew_core.gen_operation_groups[3].i_opgroup_block.gen_parallel_slices[4]	16	2	0	0	0	0	0	1	40896	40896	0,0,0,0,0,0,0,0,0,0,0,0,0,0,0,0,0,0,0,0,0,0,0,0,0,0,0,0,0,0,0,0,0,0,0,0,0,0,0,0	0,0,0,0,0,0,0,0,0,0,0,0,0,0,0,0,0,0,0,0,0,0,0,0,0,0,0,1,0,0,0,0,0,0,0,0,0,0,0,0	2	0	0	0	0	1	40896	40896	0,0,0,0,0,0,0,0,0,0,0,0,0,0,0,0,0,0,0,0,0,0,0,0,0,0,0,0,0,0,0,0,0,0,0,0,0,0,0,0	0,0,0,0,0,0,0,0,0,0,0,0,0,0,0,0,0,0,0,0,0,0,0,0,0,0,0,1,0,0,0,0,0,0,0,0,0,0,0,0
tb.dut.clusters[0].cluster.sockets[0].socket.cores[0].core.execute.fpu_unit.genblk1[0].fpu_fpnew.genblk3[2].fpnew_core.gen_operation_groups[3].i_opgroup_block.i_arbiter	16	1510	4	2	2	2	1	3	40894	40872	2,0,0,0,0,0,0,0,0,0,0,0,0,0,0,0,0,0,0,0,0,0,0,0,0,0,0,0,0,0,0,0,0,0,0,0,0,0,0,0	0,0,1,0,0,0,0,0,0,0,0,0,0,0,0,0,1,0,0,0,0,0,0,0,0,0,0,1,0,0,0,0,0,0,0,0,0,0,0,0	8	0	0	0	0	1	40896	40896	0,0,0,0,0,0,0,0,0,0,0,0,0,0,0,0,0,0,0,0,0,0,0,0,0,0,0,0,0,0,0,0,0,0,0,0,0,0,0,0	0,0,0,0,0,0,0,0,0,0,0,0,0,0,0,0,0,0,0,0,0,0,0,0,0,0,0,1,0,0,0,0,0,0,0,0,0,0,0,0
tb.dut.clusters[0].cluster.sockets[0].socket.cores[0].core.execute.fpu_unit.genblk1[0].fpu_fpnew.genblk3[2].fpnew_core.gen_operation_groups[3].i_opgroup_block.i_arbiter.gen_arbiter	17	1150	0	0	0	0	0	1	40896	40896	0,0,0,0,0,0,0,0,0,0,0,0,0,0,0,0,0,0,0,0,0,0,0,0,0,0,0,0,0,0,0,0,0,0,0,0,0,0,0,0	0,0,0,0,0,0,0,0,0,0,0,0,0,0,0,0,0,0,0,0,0,0,0,0,0,0,0,1,0,0,0,0,0,0,0,0,0,0,0,0	6	0	0	0	0	1	40896	40896	0,0,0,0,0,0,0,0,0,0,0,0,0,0,0,0,0,0,0,0,0,0,0,0,0,0,0,0,0,0,0,0,0,0,0,0,0,0,0,0	0,0,0,0,0,0,0,0,0,0,0,0,0,0,0,0,0,0,0,0,0,0,0,0,0,0,0,1,0,0,0,0,0,0,0,0,0,0,0,0
tb.dut.clusters[0].cluster.sockets[0].socket.cores[0].core.execute.fpu_unit.genblk1[0].fpu_fpnew.genblk3[2].fpnew_core.gen_operation_groups[3].i_opgroup_block.i_arbiter.gen_arbiter.gen_int_rr	18	340	0	0	0	0	0	1	40896	40896	0,0,0,0,0,0,0,0,0,0,0,0,0,0,0,0,0,0,0,0,0,0,0,0,0,0,0,0,0,0,0,0,0,0,0,0,0,0,0,0	0,0,0,0,0,0,0,0,0,0,0,0,0,0,0,0,0,0,0,0,0,0,0,0,0,0,0,1,0,0,0,0,0,0,0,0,0,0,0,0	2	0	0	0	0	1	40896	40896	0,0,0,0,0,0,0,0,0,0,0,0,0,0,0,0,0,0,0,0,0,0,0,0,0,0,0,0,0,0,0,0,0,0,0,0,0,0,0,0	0,0,0,0,0,0,0,0,0,0,0,0,0,0,0,0,0,0,0,0,0,0,0,0,0,0,0,1,0,0,0,0,0,0,0,0,0,0,0,0
tb.dut.clusters[0].cluster.sockets[0].socket.cores[0].core.execute.fpu_unit.genblk1[0].fpu_fpnew.genblk3[2].fpnew_core.gen_operation_groups[3].i_opgroup_block.i_arbiter.gen_arbiter.gen_int_rr.gen_fair_arb	19	337	0	0	0	0	0	1	40896	40896	0,0,0,0,0,0,0,0,0,0,0,0,0,0,0,0,0,0,0,0,0,0,0,0,0,0,0,0,0,0,0,0,0,0,0,0,0,0,0,0	0,0,0,0,0,0,0,0,0,0,0,0,0,0,0,0,0,0,0,0,0,0,0,0,0,0,0,1,0,0,0,0,0,0,0,0,0,0,0,0	2	0	0	0	0	1	40896	40896	0,0,0,0,0,0,0,0,0,0,0,0,0,0,0,0,0,0,0,0,0,0,0,0,0,0,0,0,0,0,0,0,0,0,0,0,0,0,0,0	0,0,0,0,0,0,0,0,0,0,0,0,0,0,0,0,0,0,0,0,0,0,0,0,0,0,0,1,0,0,0,0,0,0,0,0,0,0,0,0
tb.dut.clusters[0].cluster.sockets[0].socket.cores[0].core.execute.fpu_unit.genblk1[0].fpu_fpnew.genblk3[2].fpnew_core.gen_operation_groups[3].i_opgroup_block.i_arbiter.gen_arbiter.gen_int_rr.gen_fair_arb.i_lzc_lower	20	158	0	0	0	0	0	1	40896	40896	0,0,0,0,0,0,0,0,0,0,0,0,0,0,0,0,0,0,0,0,0,0,0,0,0,0,0,0,0,0,0,0,0,0,0,0,0,0,0,0	0,0,0,0,0,0,0,0,0,0,0,0,0,0,0,0,0,0,0,0,0,0,0,0,0,0,0,1,0,0,0,0,0,0,0,0,0,0,0,0	2	0	0	0	0	1	40896	40896	0,0,0,0,0,0,0,0,0,0,0,0,0,0,0,0,0,0,0,0,0,0,0,0,0,0,0,0,0,0,0,0,0,0,0,0,0,0,0,0	0,0,0,0,0,0,0,0,0,0,0,0,0,0,0,0,0,0,0,0,0,0,0,0,0,0,0,1,0,0,0,0,0,0,0,0,0,0,0,0
tb.dut.clusters[0].cluster.sockets[0].socket.cores[0].core.execute.fpu_unit.genblk1[0].fpu_fpnew.genblk3[2].fpnew_core.gen_operation_groups[3].i_opgroup_block.i_arbiter.gen_arbiter.gen_int_rr.gen_fair_arb.i_lzc_lower.gen_lzc	21	84	0	0	0	0	0	1	40896	40896	0,0,0,0,0,0,0,0,0,0,0,0,0,0,0,0,0,0,0,0,0,0,0,0,0,0,0,0,0,0,0,0,0,0,0,0,0,0,0,0	0,0,0,0,0,0,0,0,0,0,0,0,0,0,0,0,0,0,0,0,0,0,0,0,0,0,0,1,0,0,0,0,0,0,0,0,0,0,0,0	2	0	0	0	0	1	40896	40896	0,0,0,0,0,0,0,0,0,0,0,0,0,0,0,0,0,0,0,0,0,0,0,0,0,0,0,0,0,0,0,0,0,0,0,0,0,0,0,0	0,0,0,0,0,0,0,0,0,0,0,0,0,0,0,0,0,0,0,0,0,0,0,0,0,0,0,1,0,0,0,0,0,0,0,0,0,0,0,0
tb.dut.clusters[0].cluster.sockets[0].socket.cores[0].core.execute.fpu_unit.genblk1[0].fpu_fpnew.genblk3[2].fpnew_core.gen_operation_groups[3].i_opgroup_block.i_arbiter.gen_arbiter.gen_int_rr.gen_fair_arb.i_lzc_upper	20	158	0	0	0	0	0	1	40896	40896	0,0,0,0,0,0,0,0,0,0,0,0,0,0,0,0,0,0,0,0,0,0,0,0,0,0,0,0,0,0,0,0,0,0,0,0,0,0,0,0	0,0,0,0,0,0,0,0,0,0,0,0,0,0,0,0,0,0,0,0,0,0,0,0,0,0,0,1,0,0,0,0,0,0,0,0,0,0,0,0	2	0	0	0	0	1	40896	40896	0,0,0,0,0,0,0,0,0,0,0,0,0,0,0,0,0,0,0,0,0,0,0,0,0,0,0,0,0,0,0,0,0,0,0,0,0,0,0,0	0,0,0,0,0,0,0,0,0,0,0,0,0,0,0,0,0,0,0,0,0,0,0,0,0,0,0,1,0,0,0,0,0,0,0,0,0,0,0,0
tb.dut.clusters[0].cluster.sockets[0].socket.cores[0].core.execute.fpu_unit.genblk1[0].fpu_fpnew.genblk3[2].fpnew_core.gen_operation_groups[3].i_opgroup_block.i_arbiter.gen_arbiter.gen_int_rr.gen_fair_arb.i_lzc_upper.gen_lzc	21	84	0	0	0	0	0	1	40896	40896	0,0,0,0,0,0,0,0,0,0,0,0,0,0,0,0,0,0,0,0,0,0,0,0,0,0,0,0,0,0,0,0,0,0,0,0,0,0,0,0	0,0,0,0,0,0,0,0,0,0,0,0,0,0,0,0,0,0,0,0,0,0,0,0,0,0,0,1,0,0,0,0,0,0,0,0,0,0,0,0	2	0	0	0	0	1	40896	40896	0,0,0,0,0,0,0,0,0,0,0,0,0,0,0,0,0,0,0,0,0,0,0,0,0,0,0,0,0,0,0,0,0,0,0,0,0,0,0,0	0,0,0,0,0,0,0,0,0,0,0,0,0,0,0,0,0,0,0,0,0,0,0,0,0,0,0,1,0,0,0,0,0,0,0,0,0,0,0,0
tb.dut.clusters[0].cluster.sockets[0].socket.cores[0].core.execute.fpu_unit.genblk1[0].fpu_fpnew.genblk3[2].fpnew_core.gen_operation_groups[3].i_opgroup_block.i_arbiter.gen_arbiter.gen_levels[0]	18	65	0	0	0	0	0	1	40896	40896	0,0,0,0,0,0,0,0,0,0,0,0,0,0,0,0,0,0,0,0,0,0,0,0,0,0,0,0,0,0,0,0,0,0,0,0,0,0,0,0	0,0,0,0,0,0,0,0,0,0,0,0,0,0,0,0,0,0,0,0,0,0,0,0,0,0,0,1,0,0,0,0,0,0,0,0,0,0,0,0	2	0	0	0	0	1	40896	40896	0,0,0,0,0,0,0,0,0,0,0,0,0,0,0,0,0,0,0,0,0,0,0,0,0,0,0,0,0,0,0,0,0,0,0,0,0,0,0,0	0,0,0,0,0,0,0,0,0,0,0,0,0,0,0,0,0,0,0,0,0,0,0,0,0,0,0,1,0,0,0,0,0,0,0,0,0,0,0,0
tb.dut.clusters[0].cluster.sockets[0].socket.cores[0].core.execute.fpu_unit.genblk1[0].fpu_fpnew.genblk3[2].fpnew_core.gen_operation_groups[3].i_opgroup_block.i_arbiter.gen_arbiter.gen_levels[0].gen_level[0]	19	65	0	0	0	0	0	1	40896	40896	0,0,0,0,0,0,0,0,0,0,0,0,0,0,0,0,0,0,0,0,0,0,0,0,0,0,0,0,0,0,0,0,0,0,0,0,0,0,0,0	0,0,0,0,0,0,0,0,0,0,0,0,0,0,0,0,0,0,0,0,0,0,0,0,0,0,0,1,0,0,0,0,0,0,0,0,0,0,0,0	2	0	0	0	0	1	40896	40896	0,0,0,0,0,0,0,0,0,0,0,0,0,0,0,0,0,0,0,0,0,0,0,0,0,0,0,0,0,0,0,0,0,0,0,0,0,0,0,0	0,0,0,0,0,0,0,0,0,0,0,0,0,0,0,0,0,0,0,0,0,0,0,0,0,0,0,1,0,0,0,0,0,0,0,0,0,0,0,0
tb.dut.clusters[0].cluster.sockets[0].socket.cores[0].core.execute.fpu_unit.genblk1[0].fpu_fpnew.genblk3[2].fpnew_core.gen_operation_groups[3].i_opgroup_block.i_arbiter.gen_arbiter.gen_levels[1]	18	130	0	0	0	0	0	1	40896	40896	0,0,0,0,0,0,0,0,0,0,0,0,0,0,0,0,0,0,0,0,0,0,0,0,0,0,0,0,0,0,0,0,0,0,0,0,0,0,0,0	0,0,0,0,0,0,0,0,0,0,0,0,0,0,0,0,0,0,0,0,0,0,0,0,0,0,0,1,0,0,0,0,0,0,0,0,0,0,0,0	2	0	0	0	0	1	40896	40896	0,0,0,0,0,0,0,0,0,0,0,0,0,0,0,0,0,0,0,0,0,0,0,0,0,0,0,0,0,0,0,0,0,0,0,0,0,0,0,0	0,0,0,0,0,0,0,0,0,0,0,0,0,0,0,0,0,0,0,0,0,0,0,0,0,0,0,1,0,0,0,0,0,0,0,0,0,0,0,0
tb.dut.clusters[0].cluster.sockets[0].socket.cores[0].core.execute.fpu_unit.genblk1[0].fpu_fpnew.genblk3[2].fpnew_core.gen_operation_groups[3].i_opgroup_block.i_arbiter.gen_arbiter.gen_levels[1].gen_level[0]	19	65	0	0	0	0	0	1	40896	40896	0,0,0,0,0,0,0,0,0,0,0,0,0,0,0,0,0,0,0,0,0,0,0,0,0,0,0,0,0,0,0,0,0,0,0,0,0,0,0,0	0,0,0,0,0,0,0,0,0,0,0,0,0,0,0,0,0,0,0,0,0,0,0,0,0,0,0,1,0,0,0,0,0,0,0,0,0,0,0,0	2	0	0	0	0	1	40896	40896	0,0,0,0,0,0,0,0,0,0,0,0,0,0,0,0,0,0,0,0,0,0,0,0,0,0,0,0,0,0,0,0,0,0,0,0,0,0,0,0	0,0,0,0,0,0,0,0,0,0,0,0,0,0,0,0,0,0,0,0,0,0,0,0,0,0,0,1,0,0,0,0,0,0,0,0,0,0,0,0
tb.dut.clusters[0].cluster.sockets[0].socket.cores[0].core.execute.fpu_unit.genblk1[0].fpu_fpnew.genblk3[2].fpnew_core.gen_operation_groups[3].i_opgroup_block.i_arbiter.gen_arbiter.gen_levels[1].gen_level[1]	19	65	0	0	0	0	0	1	40896	40896	0,0,0,0,0,0,0,0,0,0,0,0,0,0,0,0,0,0,0,0,0,0,0,0,0,0,0,0,0,0,0,0,0,0,0,0,0,0,0,0	0,0,0,0,0,0,0,0,0,0,0,0,0,0,0,0,0,0,0,0,0,0,0,0,0,0,0,1,0,0,0,0,0,0,0,0,0,0,0,0	2	0	0	0	0	1	40896	40896	0,0,0,0,0,0,0,0,0,0,0,0,0,0,0,0,0,0,0,0,0,0,0,0,0,0,0,0,0,0,0,0,0,0,0,0,0,0,0,0	0,0,0,0,0,0,0,0,0,0,0,0,0,0,0,0,0,0,0,0,0,0,0,0,0,0,0,1,0,0,0,0,0,0,0,0,0,0,0,0
tb.dut.clusters[0].cluster.sockets[0].socket.cores[0].core.execute.fpu_unit.genblk1[0].fpu_fpnew.genblk3[2].fpnew_core.gen_operation_groups[3].i_opgroup_block.i_arbiter.gen_arbiter.gen_levels[2]	18	260	0	0	0	0	0	1	40896	40896	0,0,0,0,0,0,0,0,0,0,0,0,0,0,0,0,0,0,0,0,0,0,0,0,0,0,0,0,0,0,0,0,0,0,0,0,0,0,0,0	0,0,0,0,0,0,0,0,0,0,0,0,0,0,0,0,0,0,0,0,0,0,0,0,0,0,0,1,0,0,0,0,0,0,0,0,0,0,0,0	2	0	0	0	0	1	40896	40896	0,0,0,0,0,0,0,0,0,0,0,0,0,0,0,0,0,0,0,0,0,0,0,0,0,0,0,0,0,0,0,0,0,0,0,0,0,0,0,0	0,0,0,0,0,0,0,0,0,0,0,0,0,0,0,0,0,0,0,0,0,0,0,0,0,0,0,1,0,0,0,0,0,0,0,0,0,0,0,0
tb.dut.clusters[0].cluster.sockets[0].socket.cores[0].core.execute.fpu_unit.genblk1[0].fpu_fpnew.genblk3[2].fpnew_core.gen_operation_groups[3].i_opgroup_block.i_arbiter.gen_arbiter.gen_levels[2].gen_level[0]	19	65	0	0	0	0	0	1	40896	40896	0,0,0,0,0,0,0,0,0,0,0,0,0,0,0,0,0,0,0,0,0,0,0,0,0,0,0,0,0,0,0,0,0,0,0,0,0,0,0,0	0,0,0,0,0,0,0,0,0,0,0,0,0,0,0,0,0,0,0,0,0,0,0,0,0,0,0,1,0,0,0,0,0,0,0,0,0,0,0,0	2	0	0	0	0	1	40896	40896	0,0,0,0,0,0,0,0,0,0,0,0,0,0,0,0,0,0,0,0,0,0,0,0,0,0,0,0,0,0,0,0,0,0,0,0,0,0,0,0	0,0,0,0,0,0,0,0,0,0,0,0,0,0,0,0,0,0,0,0,0,0,0,0,0,0,0,1,0,0,0,0,0,0,0,0,0,0,0,0
tb.dut.clusters[0].cluster.sockets[0].socket.cores[0].core.execute.fpu_unit.genblk1[0].fpu_fpnew.genblk3[2].fpnew_core.gen_operation_groups[3].i_opgroup_block.i_arbiter.gen_arbiter.gen_levels[2].gen_level[1]	19	65	0	0	0	0	0	1	40896	40896	0,0,0,0,0,0,0,0,0,0,0,0,0,0,0,0,0,0,0,0,0,0,0,0,0,0,0,0,0,0,0,0,0,0,0,0,0,0,0,0	0,0,0,0,0,0,0,0,0,0,0,0,0,0,0,0,0,0,0,0,0,0,0,0,0,0,0,1,0,0,0,0,0,0,0,0,0,0,0,0	2	0	0	0	0	1	40896	40896	0,0,0,0,0,0,0,0,0,0,0,0,0,0,0,0,0,0,0,0,0,0,0,0,0,0,0,0,0,0,0,0,0,0,0,0,0,0,0,0	0,0,0,0,0,0,0,0,0,0,0,0,0,0,0,0,0,0,0,0,0,0,0,0,0,0,0,1,0,0,0,0,0,0,0,0,0,0,0,0
tb.dut.clusters[0].cluster.sockets[0].socket.cores[0].core.execute.fpu_unit.genblk1[0].fpu_fpnew.genblk3[2].fpnew_core.gen_operation_groups[3].i_opgroup_block.i_arbiter.gen_arbiter.gen_levels[2].gen_level[2]	19	65	0	0	0	0	0	1	40896	40896	0,0,0,0,0,0,0,0,0,0,0,0,0,0,0,0,0,0,0,0,0,0,0,0,0,0,0,0,0,0,0,0,0,0,0,0,0,0,0,0	0,0,0,0,0,0,0,0,0,0,0,0,0,0,0,0,0,0,0,0,0,0,0,0,0,0,0,1,0,0,0,0,0,0,0,0,0,0,0,0	2	0	0	0	0	1	40896	40896	0,0,0,0,0,0,0,0,0,0,0,0,0,0,0,0,0,0,0,0,0,0,0,0,0,0,0,0,0,0,0,0,0,0,0,0,0,0,0,0	0,0,0,0,0,0,0,0,0,0,0,0,0,0,0,0,0,0,0,0,0,0,0,0,0,0,0,1,0,0,0,0,0,0,0,0,0,0,0,0
tb.dut.clusters[0].cluster.sockets[0].socket.cores[0].core.execute.fpu_unit.genblk1[0].fpu_fpnew.genblk3[2].fpnew_core.gen_operation_groups[3].i_opgroup_block.i_arbiter.gen_arbiter.gen_levels[2].gen_level[3]	19	65	0	0	0	0	0	1	40896	40896	0,0,0,0,0,0,0,0,0,0,0,0,0,0,0,0,0,0,0,0,0,0,0,0,0,0,0,0,0,0,0,0,0,0,0,0,0,0,0,0	0,0,0,0,0,0,0,0,0,0,0,0,0,0,0,0,0,0,0,0,0,0,0,0,0,0,0,1,0,0,0,0,0,0,0,0,0,0,0,0	2	0	0	0	0	1	40896	40896	0,0,0,0,0,0,0,0,0,0,0,0,0,0,0,0,0,0,0,0,0,0,0,0,0,0,0,0,0,0,0,0,0,0,0,0,0,0,0,0	0,0,0,0,0,0,0,0,0,0,0,0,0,0,0,0,0,0,0,0,0,0,0,0,0,0,0,1,0,0,0,0,0,0,0,0,0,0,0,0
tb.dut.clusters[0].cluster.sockets[0].socket.cores[0].core.execute.fpu_unit.genblk1[0].fpu_fpnew.genblk3[2].fpnew_core.i_arbiter	14	947	4	2	2	2	1	3	40894	40872	2,0,0,0,0,0,0,0,0,0,0,0,0,0,0,0,0,0,0,0,0,0,0,0,0,0,0,0,0,0,0,0,0,0,0,0,0,0,0,0	0,0,1,0,0,0,0,0,0,0,0,0,0,0,0,0,1,0,0,0,0,0,0,0,0,0,0,1,0,0,0,0,0,0,0,0,0,0,0,0	5	0	0	0	0	1	40896	40896	0,0,0,0,0,0,0,0,0,0,0,0,0,0,0,0,0,0,0,0,0,0,0,0,0,0,0,0,0,0,0,0,0,0,0,0,0,0,0,0	0,0,0,0,0,0,0,0,0,0,0,0,0,0,0,0,0,0,0,0,0,0,0,0,0,0,0,1,0,0,0,0,0,0,0,0,0,0,0,0
tb.dut.clusters[0].cluster.sockets[0].socket.cores[0].core.execute.fpu_unit.genblk1[0].fpu_fpnew.genblk3[2].fpnew_core.i_arbiter.gen_arbiter	15	636	0	0	0	0	0	1	40896	40896	0,0,0,0,0,0,0,0,0,0,0,0,0,0,0,0,0,0,0,0,0,0,0,0,0,0,0,0,0,0,0,0,0,0,0,0,0,0,0,0	0,0,0,0,0,0,0,0,0,0,0,0,0,0,0,0,0,0,0,0,0,0,0,0,0,0,0,1,0,0,0,0,0,0,0,0,0,0,0,0	4	0	0	0	0	1	40896	40896	0,0,0,0,0,0,0,0,0,0,0,0,0,0,0,0,0,0,0,0,0,0,0,0,0,0,0,0,0,0,0,0,0,0,0,0,0,0,0,0	0,0,0,0,0,0,0,0,0,0,0,0,0,0,0,0,0,0,0,0,0,0,0,0,0,0,0,1,0,0,0,0,0,0,0,0,0,0,0,0
tb.dut.clusters[0].cluster.sockets[0].socket.cores[0].core.execute.fpu_unit.genblk1[0].fpu_fpnew.genblk3[2].fpnew_core.i_arbiter.gen_arbiter.gen_int_rr	16	274	0	0	0	0	0	1	40896	40896	0,0,0,0,0,0,0,0,0,0,0,0,0,0,0,0,0,0,0,0,0,0,0,0,0,0,0,0,0,0,0,0,0,0,0,0,0,0,0,0	0,0,0,0,0,0,0,0,0,0,0,0,0,0,0,0,0,0,0,0,0,0,0,0,0,0,0,1,0,0,0,0,0,0,0,0,0,0,0,0	2	0	0	0	0	1	40896	40896	0,0,0,0,0,0,0,0,0,0,0,0,0,0,0,0,0,0,0,0,0,0,0,0,0,0,0,0,0,0,0,0,0,0,0,0,0,0,0,0	0,0,0,0,0,0,0,0,0,0,0,0,0,0,0,0,0,0,0,0,0,0,0,0,0,0,0,1,0,0,0,0,0,0,0,0,0,0,0,0
tb.dut.clusters[0].cluster.sockets[0].socket.cores[0].core.execute.fpu_unit.genblk1[0].fpu_fpnew.genblk3[2].fpnew_core.i_arbiter.gen_arbiter.gen_int_rr.gen_fair_arb	17	272	0	0	0	0	0	1	40896	40896	0,0,0,0,0,0,0,0,0,0,0,0,0,0,0,0,0,0,0,0,0,0,0,0,0,0,0,0,0,0,0,0,0,0,0,0,0,0,0,0	0,0,0,0,0,0,0,0,0,0,0,0,0,0,0,0,0,0,0,0,0,0,0,0,0,0,0,1,0,0,0,0,0,0,0,0,0,0,0,0	2	0	0	0	0	1	40896	40896	0,0,0,0,0,0,0,0,0,0,0,0,0,0,0,0,0,0,0,0,0,0,0,0,0,0,0,0,0,0,0,0,0,0,0,0,0,0,0,0	0,0,0,0,0,0,0,0,0,0,0,0,0,0,0,0,0,0,0,0,0,0,0,0,0,0,0,1,0,0,0,0,0,0,0,0,0,0,0,0
tb.dut.clusters[0].cluster.sockets[0].socket.cores[0].core.execute.fpu_unit.genblk1[0].fpu_fpnew.genblk3[2].fpnew_core.i_arbiter.gen_arbiter.gen_int_rr.gen_fair_arb.i_lzc_lower	18	128	0	0	0	0	0	1	40896	40896	0,0,0,0,0,0,0,0,0,0,0,0,0,0,0,0,0,0,0,0,0,0,0,0,0,0,0,0,0,0,0,0,0,0,0,0,0,0,0,0	0,0,0,0,0,0,0,0,0,0,0,0,0,0,0,0,0,0,0,0,0,0,0,0,0,0,0,1,0,0,0,0,0,0,0,0,0,0,0,0	2	0	0	0	0	1	40896	40896	0,0,0,0,0,0,0,0,0,0,0,0,0,0,0,0,0,0,0,0,0,0,0,0,0,0,0,0,0,0,0,0,0,0,0,0,0,0,0,0	0,0,0,0,0,0,0,0,0,0,0,0,0,0,0,0,0,0,0,0,0,0,0,0,0,0,0,1,0,0,0,0,0,0,0,0,0,0,0,0
tb.dut.clusters[0].cluster.sockets[0].socket.cores[0].core.execute.fpu_unit.genblk1[0].fpu_fpnew.genblk3[2].fpnew_core.i_arbiter.gen_arbiter.gen_int_rr.gen_fair_arb.i_lzc_lower.gen_lzc	19	56	0	0	0	0	0	1	40896	40896	0,0,0,0,0,0,0,0,0,0,0,0,0,0,0,0,0,0,0,0,0,0,0,0,0,0,0,0,0,0,0,0,0,0,0,0,0,0,0,0	0,0,0,0,0,0,0,0,0,0,0,0,0,0,0,0,0,0,0,0,0,0,0,0,0,0,0,1,0,0,0,0,0,0,0,0,0,0,0,0	2	0	0	0	0	1	40896	40896	0,0,0,0,0,0,0,0,0,0,0,0,0,0,0,0,0,0,0,0,0,0,0,0,0,0,0,0,0,0,0,0,0,0,0,0,0,0,0,0	0,0,0,0,0,0,0,0,0,0,0,0,0,0,0,0,0,0,0,0,0,0,0,0,0,0,0,1,0,0,0,0,0,0,0,0,0,0,0,0
tb.dut.clusters[0].cluster.sockets[0].socket.cores[0].core.execute.fpu_unit.genblk1[0].fpu_fpnew.genblk3[2].fpnew_core.i_arbiter.gen_arbiter.gen_int_rr.gen_fair_arb.i_lzc_upper	18	128	0	0	0	0	0	1	40896	40896	0,0,0,0,0,0,0,0,0,0,0,0,0,0,0,0,0,0,0,0,0,0,0,0,0,0,0,0,0,0,0,0,0,0,0,0,0,0,0,0	0,0,0,0,0,0,0,0,0,0,0,0,0,0,0,0,0,0,0,0,0,0,0,0,0,0,0,1,0,0,0,0,0,0,0,0,0,0,0,0	2	0	0	0	0	1	40896	40896	0,0,0,0,0,0,0,0,0,0,0,0,0,0,0,0,0,0,0,0,0,0,0,0,0,0,0,0,0,0,0,0,0,0,0,0,0,0,0,0	0,0,0,0,0,0,0,0,0,0,0,0,0,0,0,0,0,0,0,0,0,0,0,0,0,0,0,1,0,0,0,0,0,0,0,0,0,0,0,0
tb.dut.clusters[0].cluster.sockets[0].socket.cores[0].core.execute.fpu_unit.genblk1[0].fpu_fpnew.genblk3[2].fpnew_core.i_arbiter.gen_arbiter.gen_int_rr.gen_fair_arb.i_lzc_upper.gen_lzc	19	56	0	0	0	0	0	1	40896	40896	0,0,0,0,0,0,0,0,0,0,0,0,0,0,0,0,0,0,0,0,0,0,0,0,0,0,0,0,0,0,0,0,0,0,0,0,0,0,0,0	0,0,0,0,0,0,0,0,0,0,0,0,0,0,0,0,0,0,0,0,0,0,0,0,0,0,0,1,0,0,0,0,0,0,0,0,0,0,0,0	2	0	0	0	0	1	40896	40896	0,0,0,0,0,0,0,0,0,0,0,0,0,0,0,0,0,0,0,0,0,0,0,0,0,0,0,0,0,0,0,0,0,0,0,0,0,0,0,0	0,0,0,0,0,0,0,0,0,0,0,0,0,0,0,0,0,0,0,0,0,0,0,0,0,0,0,1,0,0,0,0,0,0,0,0,0,0,0,0
tb.dut.clusters[0].cluster.sockets[0].socket.cores[0].core.execute.fpu_unit.genblk1[0].fpu_fpnew.genblk3[2].fpnew_core.i_arbiter.gen_arbiter.gen_levels[0]	16	65	0	0	0	0	0	1	40896	40896	0,0,0,0,0,0,0,0,0,0,0,0,0,0,0,0,0,0,0,0,0,0,0,0,0,0,0,0,0,0,0,0,0,0,0,0,0,0,0,0	0,0,0,0,0,0,0,0,0,0,0,0,0,0,0,0,0,0,0,0,0,0,0,0,0,0,0,1,0,0,0,0,0,0,0,0,0,0,0,0	2	0	0	0	0	1	40896	40896	0,0,0,0,0,0,0,0,0,0,0,0,0,0,0,0,0,0,0,0,0,0,0,0,0,0,0,0,0,0,0,0,0,0,0,0,0,0,0,0	0,0,0,0,0,0,0,0,0,0,0,0,0,0,0,0,0,0,0,0,0,0,0,0,0,0,0,1,0,0,0,0,0,0,0,0,0,0,0,0
tb.dut.clusters[0].cluster.sockets[0].socket.cores[0].core.execute.fpu_unit.genblk1[0].fpu_fpnew.genblk3[2].fpnew_core.i_arbiter.gen_arbiter.gen_levels[0].gen_level[0]	17	65	0	0	0	0	0	1	40896	40896	0,0,0,0,0,0,0,0,0,0,0,0,0,0,0,0,0,0,0,0,0,0,0,0,0,0,0,0,0,0,0,0,0,0,0,0,0,0,0,0	0,0,0,0,0,0,0,0,0,0,0,0,0,0,0,0,0,0,0,0,0,0,0,0,0,0,0,1,0,0,0,0,0,0,0,0,0,0,0,0	2	0	0	0	0	1	40896	40896	0,0,0,0,0,0,0,0,0,0,0,0,0,0,0,0,0,0,0,0,0,0,0,0,0,0,0,0,0,0,0,0,0,0,0,0,0,0,0,0	0,0,0,0,0,0,0,0,0,0,0,0,0,0,0,0,0,0,0,0,0,0,0,0,0,0,0,1,0,0,0,0,0,0,0,0,0,0,0,0
tb.dut.clusters[0].cluster.sockets[0].socket.cores[0].core.execute.fpu_unit.genblk1[0].fpu_fpnew.genblk3[2].fpnew_core.i_arbiter.gen_arbiter.gen_levels[1]	16	130	0	0	0	0	0	1	40896	40896	0,0,0,0,0,0,0,0,0,0,0,0,0,0,0,0,0,0,0,0,0,0,0,0,0,0,0,0,0,0,0,0,0,0,0,0,0,0,0,0	0,0,0,0,0,0,0,0,0,0,0,0,0,0,0,0,0,0,0,0,0,0,0,0,0,0,0,1,0,0,0,0,0,0,0,0,0,0,0,0	2	0	0	0	0	1	40896	40896	0,0,0,0,0,0,0,0,0,0,0,0,0,0,0,0,0,0,0,0,0,0,0,0,0,0,0,0,0,0,0,0,0,0,0,0,0,0,0,0	0,0,0,0,0,0,0,0,0,0,0,0,0,0,0,0,0,0,0,0,0,0,0,0,0,0,0,1,0,0,0,0,0,0,0,0,0,0,0,0
tb.dut.clusters[0].cluster.sockets[0].socket.cores[0].core.execute.fpu_unit.genblk1[0].fpu_fpnew.genblk3[2].fpnew_core.i_arbiter.gen_arbiter.gen_levels[1].gen_level[0]	17	65	0	0	0	0	0	1	40896	40896	0,0,0,0,0,0,0,0,0,0,0,0,0,0,0,0,0,0,0,0,0,0,0,0,0,0,0,0,0,0,0,0,0,0,0,0,0,0,0,0	0,0,0,0,0,0,0,0,0,0,0,0,0,0,0,0,0,0,0,0,0,0,0,0,0,0,0,1,0,0,0,0,0,0,0,0,0,0,0,0	2	0	0	0	0	1	40896	40896	0,0,0,0,0,0,0,0,0,0,0,0,0,0,0,0,0,0,0,0,0,0,0,0,0,0,0,0,0,0,0,0,0,0,0,0,0,0,0,0	0,0,0,0,0,0,0,0,0,0,0,0,0,0,0,0,0,0,0,0,0,0,0,0,0,0,0,1,0,0,0,0,0,0,0,0,0,0,0,0
tb.dut.clusters[0].cluster.sockets[0].socket.cores[0].core.execute.fpu_unit.genblk1[0].fpu_fpnew.genblk3[2].fpnew_core.i_arbiter.gen_arbiter.gen_levels[1].gen_level[1]	17	65	0	0	0	0	0	1	40896	40896	0,0,0,0,0,0,0,0,0,0,0,0,0,0,0,0,0,0,0,0,0,0,0,0,0,0,0,0,0,0,0,0,0,0,0,0,0,0,0,0	0,0,0,0,0,0,0,0,0,0,0,0,0,0,0,0,0,0,0,0,0,0,0,0,0,0,0,1,0,0,0,0,0,0,0,0,0,0,0,0	2	0	0	0	0	1	40896	40896	0,0,0,0,0,0,0,0,0,0,0,0,0,0,0,0,0,0,0,0,0,0,0,0,0,0,0,0,0,0,0,0,0,0,0,0,0,0,0,0	0,0,0,0,0,0,0,0,0,0,0,0,0,0,0,0,0,0,0,0,0,0,0,0,0,0,0,1,0,0,0,0,0,0,0,0,0,0,0,0
tb.dut.clusters[0].cluster.sockets[0].socket.cores[0].core.execute.fpu_unit.genblk1[0].fpu_fpnew.genblk3[3]	12	43590	136	6	2	6	5	3	40890	40872	1,0,0,0,1,0,0,0,0,0,0,0,0,0,0,0,0,0,0,0,0,0,0,0,0,0,0,0,0,0,0,0,0,0,0,0,0,0,0,0	0,0,1,0,0,0,0,0,0,0,0,0,0,0,1,0,0,0,0,0,0,0,0,0,0,0,0,1,0,0,0,0,0,0,0,0,0,0,0,0	218	0	0	0	0	1	40896	40896	0,0,0,0,0,0,0,0,0,0,0,0,0,0,0,0,0,0,0,0,0,0,0,0,0,0,0,0,0,0,0,0,0,0,0,0,0,0,0,0	0,0,0,0,0,0,0,0,0,0,0,0,0,0,0,0,0,0,0,0,0,0,0,0,0,0,0,1,0,0,0,0,0,0,0,0,0,0,0,0
tb.dut.clusters[0].cluster.sockets[0].socket.cores[0].core.execute.fpu_unit.genblk1[0].fpu_fpnew.genblk3[3].fpnew_core	13	43581	134	6	2	6	5	3	40890	40872	1,0,0,0,1,0,0,0,0,0,0,0,0,0,0,0,0,0,0,0,0,0,0,0,0,0,0,0,0,0,0,0,0,0,0,0,0,0,0,0	0,0,1,0,0,0,0,0,0,0,0,0,0,0,1,0,0,0,0,0,0,0,0,0,0,0,0,1,0,0,0,0,0,0,0,0,0,0,0,0	218	0	0	0	0	1	40896	40896	0,0,0,0,0,0,0,0,0,0,0,0,0,0,0,0,0,0,0,0,0,0,0,0,0,0,0,0,0,0,0,0,0,0,0,0,0,0,0,0	0,0,0,0,0,0,0,0,0,0,0,0,0,0,0,0,0,0,0,0,0,0,0,0,0,0,0,1,0,0,0,0,0,0,0,0,0,0,0,0
tb.dut.clusters[0].cluster.sockets[0].socket.cores[0].core.execute.fpu_unit.genblk1[0].fpu_fpnew.genblk3[3].fpnew_core.gen_nanbox_check[0]	14	32	0	0	0	0	0	1	40896	40896	0,0,0,0,0,0,0,0,0,0,0,0,0,0,0,0,0,0,0,0,0,0,0,0,0,0,0,0,0,0,0,0,0,0,0,0,0,0,0,0	0,0,0,0,0,0,0,0,0,0,0,0,0,0,0,0,0,0,0,0,0,0,0,0,0,0,0,1,0,0,0,0,0,0,0,0,0,0,0,0	2	0	0	0	0	1	40896	40896	0,0,0,0,0,0,0,0,0,0,0,0,0,0,0,0,0,0,0,0,0,0,0,0,0,0,0,0,0,0,0,0,0,0,0,0,0,0,0,0	0,0,0,0,0,0,0,0,0,0,0,0,0,0,0,0,0,0,0,0,0,0,0,0,0,0,0,1,0,0,0,0,0,0,0,0,0,0,0,0
tb.dut.clusters[0].cluster.sockets[0].socket.cores[0].core.execute.fpu_unit.genblk1[0].fpu_fpnew.genblk3[3].fpnew_core.gen_nanbox_check[1]	14	32	0	0	0	0	0	1	40896	40896	0,0,0,0,0,0,0,0,0,0,0,0,0,0,0,0,0,0,0,0,0,0,0,0,0,0,0,0,0,0,0,0,0,0,0,0,0,0,0,0	0,0,0,0,0,0,0,0,0,0,0,0,0,0,0,0,0,0,0,0,0,0,0,0,0,0,0,1,0,0,0,0,0,0,0,0,0,0,0,0	2	0	0	0	0	1	40896	40896	0,0,0,0,0,0,0,0,0,0,0,0,0,0,0,0,0,0,0,0,0,0,0,0,0,0,0,0,0,0,0,0,0,0,0,0,0,0,0,0	0,0,0,0,0,0,0,0,0,0,0,0,0,0,0,0,0,0,0,0,0,0,0,0,0,0,0,1,0,0,0,0,0,0,0,0,0,0,0,0
tb.dut.clusters[0].cluster.sockets[0].socket.cores[0].core.execute.fpu_unit.genblk1[0].fpu_fpnew.genblk3[3].fpnew_core.gen_nanbox_check[2]	14	32	0	0	0	0	0	1	40896	40896	0,0,0,0,0,0,0,0,0,0,0,0,0,0,0,0,0,0,0,0,0,0,0,0,0,0,0,0,0,0,0,0,0,0,0,0,0,0,0,0	0,0,0,0,0,0,0,0,0,0,0,0,0,0,0,0,0,0,0,0,0,0,0,0,0,0,0,1,0,0,0,0,0,0,0,0,0,0,0,0	2	0	0	0	0	1	40896	40896	0,0,0,0,0,0,0,0,0,0,0,0,0,0,0,0,0,0,0,0,0,0,0,0,0,0,0,0,0,0,0,0,0,0,0,0,0,0,0,0	0,0,0,0,0,0,0,0,0,0,0,0,0,0,0,0,0,0,0,0,0,0,0,0,0,0,0,1,0,0,0,0,0,0,0,0,0,0,0,0
tb.dut.clusters[0].cluster.sockets[0].socket.cores[0].core.execute.fpu_unit.genblk1[0].fpu_fpnew.genblk3[3].fpnew_core.gen_nanbox_check[3]	14	32	0	0	0	0	0	1	40896	40896	0,0,0,0,0,0,0,0,0,0,0,0,0,0,0,0,0,0,0,0,0,0,0,0,0,0,0,0,0,0,0,0,0,0,0,0,0,0,0,0	0,0,0,0,0,0,0,0,0,0,0,0,0,0,0,0,0,0,0,0,0,0,0,0,0,0,0,1,0,0,0,0,0,0,0,0,0,0,0,0	2	0	0	0	0	1	40896	40896	0,0,0,0,0,0,0,0,0,0,0,0,0,0,0,0,0,0,0,0,0,0,0,0,0,0,0,0,0,0,0,0,0,0,0,0,0,0,0,0	0,0,0,0,0,0,0,0,0,0,0,0,0,0,0,0,0,0,0,0,0,0,0,0,0,0,0,1,0,0,0,0,0,0,0,0,0,0,0,0
tb.dut.clusters[0].cluster.sockets[0].socket.cores[0].core.execute.fpu_unit.genblk1[0].fpu_fpnew.genblk3[3].fpnew_core.gen_nanbox_check[4]	14	32	0	0	0	0	0	1	40896	40896	0,0,0,0,0,0,0,0,0,0,0,0,0,0,0,0,0,0,0,0,0,0,0,0,0,0,0,0,0,0,0,0,0,0,0,0,0,0,0,0	0,0,0,0,0,0,0,0,0,0,0,0,0,0,0,0,0,0,0,0,0,0,0,0,0,0,0,1,0,0,0,0,0,0,0,0,0,0,0,0	2	0	0	0	0	1	40896	40896	0,0,0,0,0,0,0,0,0,0,0,0,0,0,0,0,0,0,0,0,0,0,0,0,0,0,0,0,0,0,0,0,0,0,0,0,0,0,0,0	0,0,0,0,0,0,0,0,0,0,0,0,0,0,0,0,0,0,0,0,0,0,0,0,0,0,0,1,0,0,0,0,0,0,0,0,0,0,0,0
tb.dut.clusters[0].cluster.sockets[0].socket.cores[0].core.execute.fpu_unit.genblk1[0].fpu_fpnew.genblk3[3].fpnew_core.gen_operation_groups[0]	14	7400	44	4	3	4	2	4	40892	40872	2,1,0,0,0,0,0,0,0,0,0,0,0,0,0,0,0,0,0,0,0,0,0,0,0,0,0,0,0,0,0,0,0,0,0,0,0,0,0,0	1,0,1,0,0,0,0,0,0,0,0,0,0,0,0,1,0,0,0,0,0,0,0,0,0,0,0,1,0,0,0,0,0,0,0,0,0,0,0,0	37	0	0	0	0	1	40896	40896	0,0,0,0,0,0,0,0,0,0,0,0,0,0,0,0,0,0,0,0,0,0,0,0,0,0,0,0,0,0,0,0,0,0,0,0,0,0,0,0	0,0,0,0,0,0,0,0,0,0,0,0,0,0,0,0,0,0,0,0,0,0,0,0,0,0,0,1,0,0,0,0,0,0,0,0,0,0,0,0
tb.dut.clusters[0].cluster.sockets[0].socket.cores[0].core.execute.fpu_unit.genblk1[0].fpu_fpnew.genblk3[3].fpnew_core.gen_operation_groups[0].i_opgroup_block	15	7352	42	4	3	4	2	4	40892	40872	2,1,0,0,0,0,0,0,0,0,0,0,0,0,0,0,0,0,0,0,0,0,0,0,0,0,0,0,0,0,0,0,0,0,0,0,0,0,0,0	1,0,1,0,0,0,0,0,0,0,0,0,0,0,0,1,0,0,0,0,0,0,0,0,0,0,0,1,0,0,0,0,0,0,0,0,0,0,0,0	37	0	0	0	0	1	40896	40896	0,0,0,0,0,0,0,0,0,0,0,0,0,0,0,0,0,0,0,0,0,0,0,0,0,0,0,0,0,0,0,0,0,0,0,0,0,0,0,0	0,0,0,0,0,0,0,0,0,0,0,0,0,0,0,0,0,0,0,0,0,0,0,0,0,0,0,1,0,0,0,0,0,0,0,0,0,0,0,0
tb.dut.clusters[0].cluster.sockets[0].socket.cores[0].core.execute.fpu_unit.genblk1[0].fpu_fpnew.genblk3[3].fpnew_core.gen_operation_groups[0].i_opgroup_block.gen_parallel_slices[0]	16	5051	26	4	3	4	2	4	40892	40872	2,1,0,0,0,0,0,0,0,0,0,0,0,0,0,0,0,0,0,0,0,0,0,0,0,0,0,0,0,0,0,0,0,0,0,0,0,0,0,0	1,0,1,0,0,0,0,0,0,0,0,0,0,0,0,1,0,0,0,0,0,0,0,0,0,0,0,1,0,0,0,0,0,0,0,0,0,0,0,0	26	0	0	0	0	1	40896	40896	0,0,0,0,0,0,0,0,0,0,0,0,0,0,0,0,0,0,0,0,0,0,0,0,0,0,0,0,0,0,0,0,0,0,0,0,0,0,0,0	0,0,0,0,0,0,0,0,0,0,0,0,0,0,0,0,0,0,0,0,0,0,0,0,0,0,0,1,0,0,0,0,0,0,0,0,0,0,0,0
tb.dut.clusters[0].cluster.sockets[0].socket.cores[0].core.execute.fpu_unit.genblk1[0].fpu_fpnew.genblk3[3].fpnew_core.gen_operation_groups[0].i_opgroup_block.gen_parallel_slices[0].active_format	17	5049	26	4	3	4	2	4	40892	40872	2,1,0,0,0,0,0,0,0,0,0,0,0,0,0,0,0,0,0,0,0,0,0,0,0,0,0,0,0,0,0,0,0,0,0,0,0,0,0,0	1,0,1,0,0,0,0,0,0,0,0,0,0,0,0,1,0,0,0,0,0,0,0,0,0,0,0,1,0,0,0,0,0,0,0,0,0,0,0,0	26	0	0	0	0	1	40896	40896	0,0,0,0,0,0,0,0,0,0,0,0,0,0,0,0,0,0,0,0,0,0,0,0,0,0,0,0,0,0,0,0,0,0,0,0,0,0,0,0	0,0,0,0,0,0,0,0,0,0,0,0,0,0,0,0,0,0,0,0,0,0,0,0,0,0,0,1,0,0,0,0,0,0,0,0,0,0,0,0
tb.dut.clusters[0].cluster.sockets[0].socket.cores[0].core.execute.fpu_unit.genblk1[0].fpu_fpnew.genblk3[3].fpnew_core.gen_operation_groups[0].i_opgroup_block.gen_parallel_slices[0].active_format.i_fmt_slice	18	5015	24	4	3	4	2	4	40892	40872	2,1,0,0,0,0,0,0,0,0,0,0,0,0,0,0,0,0,0,0,0,0,0,0,0,0,0,0,0,0,0,0,0,0,0,0,0,0,0,0	1,0,1,0,0,0,0,0,0,0,0,0,0,0,0,1,0,0,0,0,0,0,0,0,0,0,0,1,0,0,0,0,0,0,0,0,0,0,0,0	26	0	0	0	0	1	40896	40896	0,0,0,0,0,0,0,0,0,0,0,0,0,0,0,0,0,0,0,0,0,0,0,0,0,0,0,0,0,0,0,0,0,0,0,0,0,0,0,0	0,0,0,0,0,0,0,0,0,0,0,0,0,0,0,0,0,0,0,0,0,0,0,0,0,0,0,1,0,0,0,0,0,0,0,0,0,0,0,0
tb.dut.clusters[0].cluster.sockets[0].socket.cores[0].core.execute.fpu_unit.genblk1[0].fpu_fpnew.genblk3[3].fpnew_core.gen_operation_groups[0].i_opgroup_block.gen_parallel_slices[0].active_format.i_fmt_slice.gen_num_lanes[0]	19	4401	14	4	3	4	2	4	40892	40872	2,1,0,0,0,0,0,0,0,0,0,0,0,0,0,0,0,0,0,0,0,0,0,0,0,0,0,0,0,0,0,0,0,0,0,0,0,0,0,0	1,0,1,0,0,0,0,0,0,0,0,0,0,0,0,1,0,0,0,0,0,0,0,0,0,0,0,1,0,0,0,0,0,0,0,0,0,0,0,0	23	0	0	0	0	1	40896	40896	0,0,0,0,0,0,0,0,0,0,0,0,0,0,0,0,0,0,0,0,0,0,0,0,0,0,0,0,0,0,0,0,0,0,0,0,0,0,0,0	0,0,0,0,0,0,0,0,0,0,0,0,0,0,0,0,0,0,0,0,0,0,0,0,0,0,0,1,0,0,0,0,0,0,0,0,0,0,0,0
tb.dut.clusters[0].cluster.sockets[0].socket.cores[0].core.execute.fpu_unit.genblk1[0].fpu_fpnew.genblk3[3].fpnew_core.gen_operation_groups[0].i_opgroup_block.gen_parallel_slices[0].active_format.i_fmt_slice.gen_num_lanes[0].active_lane	20	4368	14	4	3	4	2	4	40892	40872	2,1,0,0,0,0,0,0,0,0,0,0,0,0,0,0,0,0,0,0,0,0,0,0,0,0,0,0,0,0,0,0,0,0,0,0,0,0,0,0	1,0,1,0,0,0,0,0,0,0,0,0,0,0,0,1,0,0,0,0,0,0,0,0,0,0,0,1,0,0,0,0,0,0,0,0,0,0,0,0	22	0	0	0	0	1	40896	40896	0,0,0,0,0,0,0,0,0,0,0,0,0,0,0,0,0,0,0,0,0,0,0,0,0,0,0,0,0,0,0,0,0,0,0,0,0,0,0,0	0,0,0,0,0,0,0,0,0,0,0,0,0,0,0,0,0,0,0,0,0,0,0,0,0,0,0,1,0,0,0,0,0,0,0,0,0,0,0,0
tb.dut.clusters[0].cluster.sockets[0].socket.cores[0].core.execute.fpu_unit.genblk1[0].fpu_fpnew.genblk3[3].fpnew_core.gen_operation_groups[0].i_opgroup_block.gen_parallel_slices[0].active_format.i_fmt_slice.gen_num_lanes[0].active_lane.lane_instance	21	4232	12	4	3	4	2	4	40892	40872	2,1,0,0,0,0,0,0,0,0,0,0,0,0,0,0,0,0,0,0,0,0,0,0,0,0,0,0,0,0,0,0,0,0,0,0,0,0,0,0	1,0,1,0,0,0,0,0,0,0,0,0,0,0,0,1,0,0,0,0,0,0,0,0,0,0,0,1,0,0,0,0,0,0,0,0,0,0,0,0	22	0	0	0	0	1	40896	40896	0,0,0,0,0,0,0,0,0,0,0,0,0,0,0,0,0,0,0,0,0,0,0,0,0,0,0,0,0,0,0,0,0,0,0,0,0,0,0,0	0,0,0,0,0,0,0,0,0,0,0,0,0,0,0,0,0,0,0,0,0,0,0,0,0,0,0,1,0,0,0,0,0,0,0,0,0,0,0,0
tb.dut.clusters[0].cluster.sockets[0].socket.cores[0].core.execute.fpu_unit.genblk1[0].fpu_fpnew.genblk3[3].fpnew_core.gen_operation_groups[0].i_opgroup_block.gen_parallel_slices[0].active_format.i_fmt_slice.gen_num_lanes[0].active_lane.lane_instance.i_fma	22	4232	12	4	3	4	2	4	40892	40872	2,1,0,0,0,0,0,0,0,0,0,0,0,0,0,0,0,0,0,0,0,0,0,0,0,0,0,0,0,0,0,0,0,0,0,0,0,0,0,0	1,0,1,0,0,0,0,0,0,0,0,0,0,0,0,1,0,0,0,0,0,0,0,0,0,0,0,1,0,0,0,0,0,0,0,0,0,0,0,0	22	0	0	0	0	1	40896	40896	0,0,0,0,0,0,0,0,0,0,0,0,0,0,0,0,0,0,0,0,0,0,0,0,0,0,0,0,0,0,0,0,0,0,0,0,0,0,0,0	0,0,0,0,0,0,0,0,0,0,0,0,0,0,0,0,0,0,0,0,0,0,0,0,0,0,0,1,0,0,0,0,0,0,0,0,0,0,0,0
tb.dut.clusters[0].cluster.sockets[0].socket.cores[0].core.execute.fpu_unit.genblk1[0].fpu_fpnew.genblk3[3].fpnew_core.gen_operation_groups[0].i_opgroup_block.gen_parallel_slices[0].active_format.i_fmt_slice.gen_num_lanes[0].active_lane.lane_instance.i_fma.gen_input_pipeline[0]	23	1	2	2	2	2	1	3	40894	40889	2,0,0,0,0,0,0,0,0,0,0,0,0,0,0,0,0,0,0,0,0,0,0,0,0,0,0,0,0,0,0,0,0,0,0,0,0,0,0,0	1,0,0,1,0,0,0,0,0,0,0,0,0,0,0,0,0,0,0,0,0,0,0,0,0,0,0,1,0,0,0,0,0,0,0,0,0,0,0,0	2	0	0	0	0	1	40896	40896	0,0,0,0,0,0,0,0,0,0,0,0,0,0,0,0,0,0,0,0,0,0,0,0,0,0,0,0,0,0,0,0,0,0,0,0,0,0,0,0	0,0,0,0,0,0,0,0,0,0,0,0,0,0,0,0,0,0,0,0,0,0,0,0,0,0,0,1,0,0,0,0,0,0,0,0,0,0,0,0
tb.dut.clusters[0].cluster.sockets[0].socket.cores[0].core.execute.fpu_unit.genblk1[0].fpu_fpnew.genblk3[3].fpnew_core.gen_operation_groups[0].i_opgroup_block.gen_parallel_slices[0].active_format.i_fmt_slice.gen_num_lanes[0].active_lane.lane_instance.i_fma.gen_inside_pipeline[0]	23	1	0	0	0	0	0	1	40896	40896	0,0,0,0,0,0,0,0,0,0,0,0,0,0,0,0,0,0,0,0,0,0,0,0,0,0,0,0,0,0,0,0,0,0,0,0,0,0,0,0	0,0,0,0,0,0,0,0,0,0,0,0,0,0,0,0,0,0,0,0,0,0,0,0,0,0,0,1,0,0,0,0,0,0,0,0,0,0,0,0	2	0	0	0	0	1	40896	40896	0,0,0,0,0,0,0,0,0,0,0,0,0,0,0,0,0,0,0,0,0,0,0,0,0,0,0,0,0,0,0,0,0,0,0,0,0,0,0,0	0,0,0,0,0,0,0,0,0,0,0,0,0,0,0,0,0,0,0,0,0,0,0,0,0,0,0,1,0,0,0,0,0,0,0,0,0,0,0,0
tb.dut.clusters[0].cluster.sockets[0].socket.cores[0].core.execute.fpu_unit.genblk1[0].fpu_fpnew.genblk3[3].fpnew_core.gen_operation_groups[0].i_opgroup_block.gen_parallel_slices[0].active_format.i_fmt_slice.gen_num_lanes[0].active_lane.lane_instance.i_fma.gen_inside_pipeline[1]	23	1	0	0	0	0	0	1	40896	40896	0,0,0,0,0,0,0,0,0,0,0,0,0,0,0,0,0,0,0,0,0,0,0,0,0,0,0,0,0,0,0,0,0,0,0,0,0,0,0,0	0,0,0,0,0,0,0,0,0,0,0,0,0,0,0,0,0,0,0,0,0,0,0,0,0,0,0,1,0,0,0,0,0,0,0,0,0,0,0,0	2	0	0	0	0	1	40896	40896	0,0,0,0,0,0,0,0,0,0,0,0,0,0,0,0,0,0,0,0,0,0,0,0,0,0,0,0,0,0,0,0,0,0,0,0,0,0,0,0	0,0,0,0,0,0,0,0,0,0,0,0,0,0,0,0,0,0,0,0,0,0,0,0,0,0,0,1,0,0,0,0,0,0,0,0,0,0,0,0
tb.dut.clusters[0].cluster.sockets[0].socket.cores[0].core.execute.fpu_unit.genblk1[0].fpu_fpnew.genblk3[3].fpnew_core.gen_operation_groups[0].i_opgroup_block.gen_parallel_slices[0].active_format.i_fmt_slice.gen_num_lanes[0].active_lane.lane_instance.i_fma.gen_output_pipeline[0]	23	1	0	0	0	0	0	1	40896	40896	0,0,0,0,0,0,0,0,0,0,0,0,0,0,0,0,0,0,0,0,0,0,0,0,0,0,0,0,0,0,0,0,0,0,0,0,0,0,0,0	0,0,0,0,0,0,0,0,0,0,0,0,0,0,0,0,0,0,0,0,0,0,0,0,0,0,0,1,0,0,0,0,0,0,0,0,0,0,0,0	2	0	0	0	0	1	40896	40896	0,0,0,0,0,0,0,0,0,0,0,0,0,0,0,0,0,0,0,0,0,0,0,0,0,0,0,0,0,0,0,0,0,0,0,0,0,0,0,0	0,0,0,0,0,0,0,0,0,0,0,0,0,0,0,0,0,0,0,0,0,0,0,0,0,0,0,1,0,0,0,0,0,0,0,0,0,0,0,0
tb.dut.clusters[0].cluster.sockets[0].socket.cores[0].core.execute.fpu_unit.genblk1[0].fpu_fpnew.genblk3[3].fpnew_core.gen_operation_groups[0].i_opgroup_block.gen_parallel_slices[0].active_format.i_fmt_slice.gen_num_lanes[0].active_lane.lane_instance.i_fma.i_class_inputs	23	374	0	0	0	0	0	1	40896	40896	0,0,0,0,0,0,0,0,0,0,0,0,0,0,0,0,0,0,0,0,0,0,0,0,0,0,0,0,0,0,0,0,0,0,0,0,0,0,0,0	0,0,0,0,0,0,0,0,0,0,0,0,0,0,0,0,0,0,0,0,0,0,0,0,0,0,0,1,0,0,0,0,0,0,0,0,0,0,0,0	2	0	0	0	0	1	40896	40896	0,0,0,0,0,0,0,0,0,0,0,0,0,0,0,0,0,0,0,0,0,0,0,0,0,0,0,0,0,0,0,0,0,0,0,0,0,0,0,0	0,0,0,0,0,0,0,0,0,0,0,0,0,0,0,0,0,0,0,0,0,0,0,0,0,0,0,1,0,0,0,0,0,0,0,0,0,0,0,0
tb.dut.clusters[0].cluster.sockets[0].socket.cores[0].core.execute.fpu_unit.genblk1[0].fpu_fpnew.genblk3[3].fpnew_core.gen_operation_groups[0].i_opgroup_block.gen_parallel_slices[0].active_format.i_fmt_slice.gen_num_lanes[0].active_lane.lane_instance.i_fma.i_class_inputs.gen_num_values[0]	24	40	0	0	0	0	0	1	40896	40896	0,0,0,0,0,0,0,0,0,0,0,0,0,0,0,0,0,0,0,0,0,0,0,0,0,0,0,0,0,0,0,0,0,0,0,0,0,0,0,0	0,0,0,0,0,0,0,0,0,0,0,0,0,0,0,0,0,0,0,0,0,0,0,0,0,0,0,1,0,0,0,0,0,0,0,0,0,0,0,0	2	0	0	0	0	1	40896	40896	0,0,0,0,0,0,0,0,0,0,0,0,0,0,0,0,0,0,0,0,0,0,0,0,0,0,0,0,0,0,0,0,0,0,0,0,0,0,0,0	0,0,0,0,0,0,0,0,0,0,0,0,0,0,0,0,0,0,0,0,0,0,0,0,0,0,0,1,0,0,0,0,0,0,0,0,0,0,0,0
tb.dut.clusters[0].cluster.sockets[0].socket.cores[0].core.execute.fpu_unit.genblk1[0].fpu_fpnew.genblk3[3].fpnew_core.gen_operation_groups[0].i_opgroup_block.gen_parallel_slices[0].active_format.i_fmt_slice.gen_num_lanes[0].active_lane.lane_instance.i_fma.i_class_inputs.gen_num_values[1]	24	40	0	0	0	0	0	1	40896	40896	0,0,0,0,0,0,0,0,0,0,0,0,0,0,0,0,0,0,0,0,0,0,0,0,0,0,0,0,0,0,0,0,0,0,0,0,0,0,0,0	0,0,0,0,0,0,0,0,0,0,0,0,0,0,0,0,0,0,0,0,0,0,0,0,0,0,0,1,0,0,0,0,0,0,0,0,0,0,0,0	2	0	0	0	0	1	40896	40896	0,0,0,0,0,0,0,0,0,0,0,0,0,0,0,0,0,0,0,0,0,0,0,0,0,0,0,0,0,0,0,0,0,0,0,0,0,0,0,0	0,0,0,0,0,0,0,0,0,0,0,0,0,0,0,0,0,0,0,0,0,0,0,0,0,0,0,1,0,0,0,0,0,0,0,0,0,0,0,0
tb.dut.clusters[0].cluster.sockets[0].socket.cores[0].core.execute.fpu_unit.genblk1[0].fpu_fpnew.genblk3[3].fpnew_core.gen_operation_groups[0].i_opgroup_block.gen_parallel_slices[0].active_format.i_fmt_slice.gen_num_lanes[0].active_lane.lane_instance.i_fma.i_class_inputs.gen_num_values[2]	24	40	0	0	0	0	0	1	40896	40896	0,0,0,0,0,0,0,0,0,0,0,0,0,0,0,0,0,0,0,0,0,0,0,0,0,0,0,0,0,0,0,0,0,0,0,0,0,0,0,0	0,0,0,0,0,0,0,0,0,0,0,0,0,0,0,0,0,0,0,0,0,0,0,0,0,0,0,1,0,0,0,0,0,0,0,0,0,0,0,0	2	0	0	0	0	1	40896	40896	0,0,0,0,0,0,0,0,0,0,0,0,0,0,0,0,0,0,0,0,0,0,0,0,0,0,0,0,0,0,0,0,0,0,0,0,0,0,0,0	0,0,0,0,0,0,0,0,0,0,0,0,0,0,0,0,0,0,0,0,0,0,0,0,0,0,0,1,0,0,0,0,0,0,0,0,0,0,0,0
tb.dut.clusters[0].cluster.sockets[0].socket.cores[0].core.execute.fpu_unit.genblk1[0].fpu_fpnew.genblk3[3].fpnew_core.gen_operation_groups[0].i_opgroup_block.gen_parallel_slices[0].active_format.i_fmt_slice.gen_num_lanes[0].active_lane.lane_instance.i_fma.i_fpnew_rounding	23	104	0	0	0	0	0	1	40896	40896	0,0,0,0,0,0,0,0,0,0,0,0,0,0,0,0,0,0,0,0,0,0,0,0,0,0,0,0,0,0,0,0,0,0,0,0,0,0,0,0	0,0,0,0,0,0,0,0,0,0,0,0,0,0,0,0,0,0,0,0,0,0,0,0,0,0,0,1,0,0,0,0,0,0,0,0,0,0,0,0	2	0	0	0	0	1	40896	40896	0,0,0,0,0,0,0,0,0,0,0,0,0,0,0,0,0,0,0,0,0,0,0,0,0,0,0,0,0,0,0,0,0,0,0,0,0,0,0,0	0,0,0,0,0,0,0,0,0,0,0,0,0,0,0,0,0,0,0,0,0,0,0,0,0,0,0,1,0,0,0,0,0,0,0,0,0,0,0,0
tb.dut.clusters[0].cluster.sockets[0].socket.cores[0].core.execute.fpu_unit.genblk1[0].fpu_fpnew.genblk3[3].fpnew_core.gen_operation_groups[0].i_opgroup_block.gen_parallel_slices[0].active_format.i_fmt_slice.gen_num_lanes[0].active_lane.lane_instance.i_fma.i_lzc	23	960	0	0	0	0	0	1	40896	40896	0,0,0,0,0,0,0,0,0,0,0,0,0,0,0,0,0,0,0,0,0,0,0,0,0,0,0,0,0,0,0,0,0,0,0,0,0,0,0,0	0,0,0,0,0,0,0,0,0,0,0,0,0,0,0,0,0,0,0,0,0,0,0,0,0,0,0,1,0,0,0,0,0,0,0,0,0,0,0,0	5	0	0	0	0	1	40896	40896	0,0,0,0,0,0,0,0,0,0,0,0,0,0,0,0,0,0,0,0,0,0,0,0,0,0,0,0,0,0,0,0,0,0,0,0,0,0,0,0	0,0,0,0,0,0,0,0,0,0,0,0,0,0,0,0,0,0,0,0,0,0,0,0,0,0,0,1,0,0,0,0,0,0,0,0,0,0,0,0
tb.dut.clusters[0].cluster.sockets[0].socket.cores[0].core.execute.fpu_unit.genblk1[0].fpu_fpnew.genblk3[3].fpnew_core.gen_operation_groups[0].i_opgroup_block.gen_parallel_slices[0].active_format.i_fmt_slice.gen_num_lanes[0].active_lane.lane_instance.i_fma.i_lzc.gen_lzc	24	837	0	0	0	0	0	1	40896	40896	0,0,0,0,0,0,0,0,0,0,0,0,0,0,0,0,0,0,0,0,0,0,0,0,0,0,0,0,0,0,0,0,0,0,0,0,0,0,0,0	0,0,0,0,0,0,0,0,0,0,0,0,0,0,0,0,0,0,0,0,0,0,0,0,0,0,0,1,0,0,0,0,0,0,0,0,0,0,0,0	5	0	0	0	0	1	40896	40896	0,0,0,0,0,0,0,0,0,0,0,0,0,0,0,0,0,0,0,0,0,0,0,0,0,0,0,0,0,0,0,0,0,0,0,0,0,0,0,0	0,0,0,0,0,0,0,0,0,0,0,0,0,0,0,0,0,0,0,0,0,0,0,0,0,0,0,1,0,0,0,0,0,0,0,0,0,0,0,0
tb.dut.clusters[0].cluster.sockets[0].socket.cores[0].core.execute.fpu_unit.genblk1[0].fpu_fpnew.genblk3[3].fpnew_core.gen_operation_groups[0].i_opgroup_block.gen_parallel_slices[1]	16	2	0	0	0	0	0	1	40896	40896	0,0,0,0,0,0,0,0,0,0,0,0,0,0,0,0,0,0,0,0,0,0,0,0,0,0,0,0,0,0,0,0,0,0,0,0,0,0,0,0	0,0,0,0,0,0,0,0,0,0,0,0,0,0,0,0,0,0,0,0,0,0,0,0,0,0,0,1,0,0,0,0,0,0,0,0,0,0,0,0	2	0	0	0	0	1	40896	40896	0,0,0,0,0,0,0,0,0,0,0,0,0,0,0,0,0,0,0,0,0,0,0,0,0,0,0,0,0,0,0,0,0,0,0,0,0,0,0,0	0,0,0,0,0,0,0,0,0,0,0,0,0,0,0,0,0,0,0,0,0,0,0,0,0,0,0,1,0,0,0,0,0,0,0,0,0,0,0,0
tb.dut.clusters[0].cluster.sockets[0].socket.cores[0].core.execute.fpu_unit.genblk1[0].fpu_fpnew.genblk3[3].fpnew_core.gen_operation_groups[0].i_opgroup_block.gen_parallel_slices[2]	16	2	0	0	0	0	0	1	40896	40896	0,0,0,0,0,0,0,0,0,0,0,0,0,0,0,0,0,0,0,0,0,0,0,0,0,0,0,0,0,0,0,0,0,0,0,0,0,0,0,0	0,0,0,0,0,0,0,0,0,0,0,0,0,0,0,0,0,0,0,0,0,0,0,0,0,0,0,1,0,0,0,0,0,0,0,0,0,0,0,0	2	0	0	0	0	1	40896	40896	0,0,0,0,0,0,0,0,0,0,0,0,0,0,0,0,0,0,0,0,0,0,0,0,0,0,0,0,0,0,0,0,0,0,0,0,0,0,0,0	0,0,0,0,0,0,0,0,0,0,0,0,0,0,0,0,0,0,0,0,0,0,0,0,0,0,0,1,0,0,0,0,0,0,0,0,0,0,0,0
tb.dut.clusters[0].cluster.sockets[0].socket.cores[0].core.execute.fpu_unit.genblk1[0].fpu_fpnew.genblk3[3].fpnew_core.gen_operation_groups[0].i_opgroup_block.gen_parallel_slices[3]	16	2	0	0	0	0	0	1	40896	40896	0,0,0,0,0,0,0,0,0,0,0,0,0,0,0,0,0,0,0,0,0,0,0,0,0,0,0,0,0,0,0,0,0,0,0,0,0,0,0,0	0,0,0,0,0,0,0,0,0,0,0,0,0,0,0,0,0,0,0,0,0,0,0,0,0,0,0,1,0,0,0,0,0,0,0,0,0,0,0,0	2	0	0	0	0	1	40896	40896	0,0,0,0,0,0,0,0,0,0,0,0,0,0,0,0,0,0,0,0,0,0,0,0,0,0,0,0,0,0,0,0,0,0,0,0,0,0,0,0	0,0,0,0,0,0,0,0,0,0,0,0,0,0,0,0,0,0,0,0,0,0,0,0,0,0,0,1,0,0,0,0,0,0,0,0,0,0,0,0
tb.dut.clusters[0].cluster.sockets[0].socket.cores[0].core.execute.fpu_unit.genblk1[0].fpu_fpnew.genblk3[3].fpnew_core.gen_operation_groups[0].i_opgroup_block.gen_parallel_slices[4]	16	2	0	0	0	0	0	1	40896	40896	0,0,0,0,0,0,0,0,0,0,0,0,0,0,0,0,0,0,0,0,0,0,0,0,0,0,0,0,0,0,0,0,0,0,0,0,0,0,0,0	0,0,0,0,0,0,0,0,0,0,0,0,0,0,0,0,0,0,0,0,0,0,0,0,0,0,0,1,0,0,0,0,0,0,0,0,0,0,0,0	2	0	0	0	0	1	40896	40896	0,0,0,0,0,0,0,0,0,0,0,0,0,0,0,0,0,0,0,0,0,0,0,0,0,0,0,0,0,0,0,0,0,0,0,0,0,0,0,0	0,0,0,0,0,0,0,0,0,0,0,0,0,0,0,0,0,0,0,0,0,0,0,0,0,0,0,1,0,0,0,0,0,0,0,0,0,0,0,0
tb.dut.clusters[0].cluster.sockets[0].socket.cores[0].core.execute.fpu_unit.genblk1[0].fpu_fpnew.genblk3[3].fpnew_core.gen_operation_groups[0].i_opgroup_block.i_arbiter	16	1510	4	2	2	2	1	3	40894	40872	2,0,0,0,0,0,0,0,0,0,0,0,0,0,0,0,0,0,0,0,0,0,0,0,0,0,0,0,0,0,0,0,0,0,0,0,0,0,0,0	0,0,1,0,0,0,0,0,0,0,0,0,0,0,0,0,1,0,0,0,0,0,0,0,0,0,0,1,0,0,0,0,0,0,0,0,0,0,0,0	8	0	0	0	0	1	40896	40896	0,0,0,0,0,0,0,0,0,0,0,0,0,0,0,0,0,0,0,0,0,0,0,0,0,0,0,0,0,0,0,0,0,0,0,0,0,0,0,0	0,0,0,0,0,0,0,0,0,0,0,0,0,0,0,0,0,0,0,0,0,0,0,0,0,0,0,1,0,0,0,0,0,0,0,0,0,0,0,0
tb.dut.clusters[0].cluster.sockets[0].socket.cores[0].core.execute.fpu_unit.genblk1[0].fpu_fpnew.genblk3[3].fpnew_core.gen_operation_groups[0].i_opgroup_block.i_arbiter.gen_arbiter	17	1150	0	0	0	0	0	1	40896	40896	0,0,0,0,0,0,0,0,0,0,0,0,0,0,0,0,0,0,0,0,0,0,0,0,0,0,0,0,0,0,0,0,0,0,0,0,0,0,0,0	0,0,0,0,0,0,0,0,0,0,0,0,0,0,0,0,0,0,0,0,0,0,0,0,0,0,0,1,0,0,0,0,0,0,0,0,0,0,0,0	6	0	0	0	0	1	40896	40896	0,0,0,0,0,0,0,0,0,0,0,0,0,0,0,0,0,0,0,0,0,0,0,0,0,0,0,0,0,0,0,0,0,0,0,0,0,0,0,0	0,0,0,0,0,0,0,0,0,0,0,0,0,0,0,0,0,0,0,0,0,0,0,0,0,0,0,1,0,0,0,0,0,0,0,0,0,0,0,0
tb.dut.clusters[0].cluster.sockets[0].socket.cores[0].core.execute.fpu_unit.genblk1[0].fpu_fpnew.genblk3[3].fpnew_core.gen_operation_groups[0].i_opgroup_block.i_arbiter.gen_arbiter.gen_int_rr	18	340	0	0	0	0	0	1	40896	40896	0,0,0,0,0,0,0,0,0,0,0,0,0,0,0,0,0,0,0,0,0,0,0,0,0,0,0,0,0,0,0,0,0,0,0,0,0,0,0,0	0,0,0,0,0,0,0,0,0,0,0,0,0,0,0,0,0,0,0,0,0,0,0,0,0,0,0,1,0,0,0,0,0,0,0,0,0,0,0,0	2	0	0	0	0	1	40896	40896	0,0,0,0,0,0,0,0,0,0,0,0,0,0,0,0,0,0,0,0,0,0,0,0,0,0,0,0,0,0,0,0,0,0,0,0,0,0,0,0	0,0,0,0,0,0,0,0,0,0,0,0,0,0,0,0,0,0,0,0,0,0,0,0,0,0,0,1,0,0,0,0,0,0,0,0,0,0,0,0
tb.dut.clusters[0].cluster.sockets[0].socket.cores[0].core.execute.fpu_unit.genblk1[0].fpu_fpnew.genblk3[3].fpnew_core.gen_operation_groups[0].i_opgroup_block.i_arbiter.gen_arbiter.gen_int_rr.gen_fair_arb	19	337	0	0	0	0	0	1	40896	40896	0,0,0,0,0,0,0,0,0,0,0,0,0,0,0,0,0,0,0,0,0,0,0,0,0,0,0,0,0,0,0,0,0,0,0,0,0,0,0,0	0,0,0,0,0,0,0,0,0,0,0,0,0,0,0,0,0,0,0,0,0,0,0,0,0,0,0,1,0,0,0,0,0,0,0,0,0,0,0,0	2	0	0	0	0	1	40896	40896	0,0,0,0,0,0,0,0,0,0,0,0,0,0,0,0,0,0,0,0,0,0,0,0,0,0,0,0,0,0,0,0,0,0,0,0,0,0,0,0	0,0,0,0,0,0,0,0,0,0,0,0,0,0,0,0,0,0,0,0,0,0,0,0,0,0,0,1,0,0,0,0,0,0,0,0,0,0,0,0
tb.dut.clusters[0].cluster.sockets[0].socket.cores[0].core.execute.fpu_unit.genblk1[0].fpu_fpnew.genblk3[3].fpnew_core.gen_operation_groups[0].i_opgroup_block.i_arbiter.gen_arbiter.gen_int_rr.gen_fair_arb.i_lzc_lower	20	158	0	0	0	0	0	1	40896	40896	0,0,0,0,0,0,0,0,0,0,0,0,0,0,0,0,0,0,0,0,0,0,0,0,0,0,0,0,0,0,0,0,0,0,0,0,0,0,0,0	0,0,0,0,0,0,0,0,0,0,0,0,0,0,0,0,0,0,0,0,0,0,0,0,0,0,0,1,0,0,0,0,0,0,0,0,0,0,0,0	2	0	0	0	0	1	40896	40896	0,0,0,0,0,0,0,0,0,0,0,0,0,0,0,0,0,0,0,0,0,0,0,0,0,0,0,0,0,0,0,0,0,0,0,0,0,0,0,0	0,0,0,0,0,0,0,0,0,0,0,0,0,0,0,0,0,0,0,0,0,0,0,0,0,0,0,1,0,0,0,0,0,0,0,0,0,0,0,0
tb.dut.clusters[0].cluster.sockets[0].socket.cores[0].core.execute.fpu_unit.genblk1[0].fpu_fpnew.genblk3[3].fpnew_core.gen_operation_groups[0].i_opgroup_block.i_arbiter.gen_arbiter.gen_int_rr.gen_fair_arb.i_lzc_lower.gen_lzc	21	84	0	0	0	0	0	1	40896	40896	0,0,0,0,0,0,0,0,0,0,0,0,0,0,0,0,0,0,0,0,0,0,0,0,0,0,0,0,0,0,0,0,0,0,0,0,0,0,0,0	0,0,0,0,0,0,0,0,0,0,0,0,0,0,0,0,0,0,0,0,0,0,0,0,0,0,0,1,0,0,0,0,0,0,0,0,0,0,0,0	2	0	0	0	0	1	40896	40896	0,0,0,0,0,0,0,0,0,0,0,0,0,0,0,0,0,0,0,0,0,0,0,0,0,0,0,0,0,0,0,0,0,0,0,0,0,0,0,0	0,0,0,0,0,0,0,0,0,0,0,0,0,0,0,0,0,0,0,0,0,0,0,0,0,0,0,1,0,0,0,0,0,0,0,0,0,0,0,0
tb.dut.clusters[0].cluster.sockets[0].socket.cores[0].core.execute.fpu_unit.genblk1[0].fpu_fpnew.genblk3[3].fpnew_core.gen_operation_groups[0].i_opgroup_block.i_arbiter.gen_arbiter.gen_int_rr.gen_fair_arb.i_lzc_upper	20	158	0	0	0	0	0	1	40896	40896	0,0,0,0,0,0,0,0,0,0,0,0,0,0,0,0,0,0,0,0,0,0,0,0,0,0,0,0,0,0,0,0,0,0,0,0,0,0,0,0	0,0,0,0,0,0,0,0,0,0,0,0,0,0,0,0,0,0,0,0,0,0,0,0,0,0,0,1,0,0,0,0,0,0,0,0,0,0,0,0	2	0	0	0	0	1	40896	40896	0,0,0,0,0,0,0,0,0,0,0,0,0,0,0,0,0,0,0,0,0,0,0,0,0,0,0,0,0,0,0,0,0,0,0,0,0,0,0,0	0,0,0,0,0,0,0,0,0,0,0,0,0,0,0,0,0,0,0,0,0,0,0,0,0,0,0,1,0,0,0,0,0,0,0,0,0,0,0,0
tb.dut.clusters[0].cluster.sockets[0].socket.cores[0].core.execute.fpu_unit.genblk1[0].fpu_fpnew.genblk3[3].fpnew_core.gen_operation_groups[0].i_opgroup_block.i_arbiter.gen_arbiter.gen_int_rr.gen_fair_arb.i_lzc_upper.gen_lzc	21	84	0	0	0	0	0	1	40896	40896	0,0,0,0,0,0,0,0,0,0,0,0,0,0,0,0,0,0,0,0,0,0,0,0,0,0,0,0,0,0,0,0,0,0,0,0,0,0,0,0	0,0,0,0,0,0,0,0,0,0,0,0,0,0,0,0,0,0,0,0,0,0,0,0,0,0,0,1,0,0,0,0,0,0,0,0,0,0,0,0	2	0	0	0	0	1	40896	40896	0,0,0,0,0,0,0,0,0,0,0,0,0,0,0,0,0,0,0,0,0,0,0,0,0,0,0,0,0,0,0,0,0,0,0,0,0,0,0,0	0,0,0,0,0,0,0,0,0,0,0,0,0,0,0,0,0,0,0,0,0,0,0,0,0,0,0,1,0,0,0,0,0,0,0,0,0,0,0,0
tb.dut.clusters[0].cluster.sockets[0].socket.cores[0].core.execute.fpu_unit.genblk1[0].fpu_fpnew.genblk3[3].fpnew_core.gen_operation_groups[0].i_opgroup_block.i_arbiter.gen_arbiter.gen_levels[0]	18	65	0	0	0	0	0	1	40896	40896	0,0,0,0,0,0,0,0,0,0,0,0,0,0,0,0,0,0,0,0,0,0,0,0,0,0,0,0,0,0,0,0,0,0,0,0,0,0,0,0	0,0,0,0,0,0,0,0,0,0,0,0,0,0,0,0,0,0,0,0,0,0,0,0,0,0,0,1,0,0,0,0,0,0,0,0,0,0,0,0	2	0	0	0	0	1	40896	40896	0,0,0,0,0,0,0,0,0,0,0,0,0,0,0,0,0,0,0,0,0,0,0,0,0,0,0,0,0,0,0,0,0,0,0,0,0,0,0,0	0,0,0,0,0,0,0,0,0,0,0,0,0,0,0,0,0,0,0,0,0,0,0,0,0,0,0,1,0,0,0,0,0,0,0,0,0,0,0,0
tb.dut.clusters[0].cluster.sockets[0].socket.cores[0].core.execute.fpu_unit.genblk1[0].fpu_fpnew.genblk3[3].fpnew_core.gen_operation_groups[0].i_opgroup_block.i_arbiter.gen_arbiter.gen_levels[0].gen_level[0]	19	65	0	0	0	0	0	1	40896	40896	0,0,0,0,0,0,0,0,0,0,0,0,0,0,0,0,0,0,0,0,0,0,0,0,0,0,0,0,0,0,0,0,0,0,0,0,0,0,0,0	0,0,0,0,0,0,0,0,0,0,0,0,0,0,0,0,0,0,0,0,0,0,0,0,0,0,0,1,0,0,0,0,0,0,0,0,0,0,0,0	2	0	0	0	0	1	40896	40896	0,0,0,0,0,0,0,0,0,0,0,0,0,0,0,0,0,0,0,0,0,0,0,0,0,0,0,0,0,0,0,0,0,0,0,0,0,0,0,0	0,0,0,0,0,0,0,0,0,0,0,0,0,0,0,0,0,0,0,0,0,0,0,0,0,0,0,1,0,0,0,0,0,0,0,0,0,0,0,0
tb.dut.clusters[0].cluster.sockets[0].socket.cores[0].core.execute.fpu_unit.genblk1[0].fpu_fpnew.genblk3[3].fpnew_core.gen_operation_groups[0].i_opgroup_block.i_arbiter.gen_arbiter.gen_levels[1]	18	130	0	0	0	0	0	1	40896	40896	0,0,0,0,0,0,0,0,0,0,0,0,0,0,0,0,0,0,0,0,0,0,0,0,0,0,0,0,0,0,0,0,0,0,0,0,0,0,0,0	0,0,0,0,0,0,0,0,0,0,0,0,0,0,0,0,0,0,0,0,0,0,0,0,0,0,0,1,0,0,0,0,0,0,0,0,0,0,0,0	2	0	0	0	0	1	40896	40896	0,0,0,0,0,0,0,0,0,0,0,0,0,0,0,0,0,0,0,0,0,0,0,0,0,0,0,0,0,0,0,0,0,0,0,0,0,0,0,0	0,0,0,0,0,0,0,0,0,0,0,0,0,0,0,0,0,0,0,0,0,0,0,0,0,0,0,1,0,0,0,0,0,0,0,0,0,0,0,0
tb.dut.clusters[0].cluster.sockets[0].socket.cores[0].core.execute.fpu_unit.genblk1[0].fpu_fpnew.genblk3[3].fpnew_core.gen_operation_groups[0].i_opgroup_block.i_arbiter.gen_arbiter.gen_levels[1].gen_level[0]	19	65	0	0	0	0	0	1	40896	40896	0,0,0,0,0,0,0,0,0,0,0,0,0,0,0,0,0,0,0,0,0,0,0,0,0,0,0,0,0,0,0,0,0,0,0,0,0,0,0,0	0,0,0,0,0,0,0,0,0,0,0,0,0,0,0,0,0,0,0,0,0,0,0,0,0,0,0,1,0,0,0,0,0,0,0,0,0,0,0,0	2	0	0	0	0	1	40896	40896	0,0,0,0,0,0,0,0,0,0,0,0,0,0,0,0,0,0,0,0,0,0,0,0,0,0,0,0,0,0,0,0,0,0,0,0,0,0,0,0	0,0,0,0,0,0,0,0,0,0,0,0,0,0,0,0,0,0,0,0,0,0,0,0,0,0,0,1,0,0,0,0,0,0,0,0,0,0,0,0
tb.dut.clusters[0].cluster.sockets[0].socket.cores[0].core.execute.fpu_unit.genblk1[0].fpu_fpnew.genblk3[3].fpnew_core.gen_operation_groups[0].i_opgroup_block.i_arbiter.gen_arbiter.gen_levels[1].gen_level[1]	19	65	0	0	0	0	0	1	40896	40896	0,0,0,0,0,0,0,0,0,0,0,0,0,0,0,0,0,0,0,0,0,0,0,0,0,0,0,0,0,0,0,0,0,0,0,0,0,0,0,0	0,0,0,0,0,0,0,0,0,0,0,0,0,0,0,0,0,0,0,0,0,0,0,0,0,0,0,1,0,0,0,0,0,0,0,0,0,0,0,0	2	0	0	0	0	1	40896	40896	0,0,0,0,0,0,0,0,0,0,0,0,0,0,0,0,0,0,0,0,0,0,0,0,0,0,0,0,0,0,0,0,0,0,0,0,0,0,0,0	0,0,0,0,0,0,0,0,0,0,0,0,0,0,0,0,0,0,0,0,0,0,0,0,0,0,0,1,0,0,0,0,0,0,0,0,0,0,0,0
tb.dut.clusters[0].cluster.sockets[0].socket.cores[0].core.execute.fpu_unit.genblk1[0].fpu_fpnew.genblk3[3].fpnew_core.gen_operation_groups[0].i_opgroup_block.i_arbiter.gen_arbiter.gen_levels[2]	18	260	0	0	0	0	0	1	40896	40896	0,0,0,0,0,0,0,0,0,0,0,0,0,0,0,0,0,0,0,0,0,0,0,0,0,0,0,0,0,0,0,0,0,0,0,0,0,0,0,0	0,0,0,0,0,0,0,0,0,0,0,0,0,0,0,0,0,0,0,0,0,0,0,0,0,0,0,1,0,0,0,0,0,0,0,0,0,0,0,0	2	0	0	0	0	1	40896	40896	0,0,0,0,0,0,0,0,0,0,0,0,0,0,0,0,0,0,0,0,0,0,0,0,0,0,0,0,0,0,0,0,0,0,0,0,0,0,0,0	0,0,0,0,0,0,0,0,0,0,0,0,0,0,0,0,0,0,0,0,0,0,0,0,0,0,0,1,0,0,0,0,0,0,0,0,0,0,0,0
tb.dut.clusters[0].cluster.sockets[0].socket.cores[0].core.execute.fpu_unit.genblk1[0].fpu_fpnew.genblk3[3].fpnew_core.gen_operation_groups[0].i_opgroup_block.i_arbiter.gen_arbiter.gen_levels[2].gen_level[0]	19	65	0	0	0	0	0	1	40896	40896	0,0,0,0,0,0,0,0,0,0,0,0,0,0,0,0,0,0,0,0,0,0,0,0,0,0,0,0,0,0,0,0,0,0,0,0,0,0,0,0	0,0,0,0,0,0,0,0,0,0,0,0,0,0,0,0,0,0,0,0,0,0,0,0,0,0,0,1,0,0,0,0,0,0,0,0,0,0,0,0	2	0	0	0	0	1	40896	40896	0,0,0,0,0,0,0,0,0,0,0,0,0,0,0,0,0,0,0,0,0,0,0,0,0,0,0,0,0,0,0,0,0,0,0,0,0,0,0,0	0,0,0,0,0,0,0,0,0,0,0,0,0,0,0,0,0,0,0,0,0,0,0,0,0,0,0,1,0,0,0,0,0,0,0,0,0,0,0,0
tb.dut.clusters[0].cluster.sockets[0].socket.cores[0].core.execute.fpu_unit.genblk1[0].fpu_fpnew.genblk3[3].fpnew_core.gen_operation_groups[0].i_opgroup_block.i_arbiter.gen_arbiter.gen_levels[2].gen_level[1]	19	65	0	0	0	0	0	1	40896	40896	0,0,0,0,0,0,0,0,0,0,0,0,0,0,0,0,0,0,0,0,0,0,0,0,0,0,0,0,0,0,0,0,0,0,0,0,0,0,0,0	0,0,0,0,0,0,0,0,0,0,0,0,0,0,0,0,0,0,0,0,0,0,0,0,0,0,0,1,0,0,0,0,0,0,0,0,0,0,0,0	2	0	0	0	0	1	40896	40896	0,0,0,0,0,0,0,0,0,0,0,0,0,0,0,0,0,0,0,0,0,0,0,0,0,0,0,0,0,0,0,0,0,0,0,0,0,0,0,0	0,0,0,0,0,0,0,0,0,0,0,0,0,0,0,0,0,0,0,0,0,0,0,0,0,0,0,1,0,0,0,0,0,0,0,0,0,0,0,0
tb.dut.clusters[0].cluster.sockets[0].socket.cores[0].core.execute.fpu_unit.genblk1[0].fpu_fpnew.genblk3[3].fpnew_core.gen_operation_groups[0].i_opgroup_block.i_arbiter.gen_arbiter.gen_levels[2].gen_level[2]	19	65	0	0	0	0	0	1	40896	40896	0,0,0,0,0,0,0,0,0,0,0,0,0,0,0,0,0,0,0,0,0,0,0,0,0,0,0,0,0,0,0,0,0,0,0,0,0,0,0,0	0,0,0,0,0,0,0,0,0,0,0,0,0,0,0,0,0,0,0,0,0,0,0,0,0,0,0,1,0,0,0,0,0,0,0,0,0,0,0,0	2	0	0	0	0	1	40896	40896	0,0,0,0,0,0,0,0,0,0,0,0,0,0,0,0,0,0,0,0,0,0,0,0,0,0,0,0,0,0,0,0,0,0,0,0,0,0,0,0	0,0,0,0,0,0,0,0,0,0,0,0,0,0,0,0,0,0,0,0,0,0,0,0,0,0,0,1,0,0,0,0,0,0,0,0,0,0,0,0
tb.dut.clusters[0].cluster.sockets[0].socket.cores[0].core.execute.fpu_unit.genblk1[0].fpu_fpnew.genblk3[3].fpnew_core.gen_operation_groups[0].i_opgroup_block.i_arbiter.gen_arbiter.gen_levels[2].gen_level[3]	19	65	0	0	0	0	0	1	40896	40896	0,0,0,0,0,0,0,0,0,0,0,0,0,0,0,0,0,0,0,0,0,0,0,0,0,0,0,0,0,0,0,0,0,0,0,0,0,0,0,0	0,0,0,0,0,0,0,0,0,0,0,0,0,0,0,0,0,0,0,0,0,0,0,0,0,0,0,1,0,0,0,0,0,0,0,0,0,0,0,0	2	0	0	0	0	1	40896	40896	0,0,0,0,0,0,0,0,0,0,0,0,0,0,0,0,0,0,0,0,0,0,0,0,0,0,0,0,0,0,0,0,0,0,0,0,0,0,0,0	0,0,0,0,0,0,0,0,0,0,0,0,0,0,0,0,0,0,0,0,0,0,0,0,0,0,0,1,0,0,0,0,0,0,0,0,0,0,0,0
tb.dut.clusters[0].cluster.sockets[0].socket.cores[0].core.execute.fpu_unit.genblk1[0].fpu_fpnew.genblk3[3].fpnew_core.gen_operation_groups[1]	14	18392	35	2	2	2	1	3	40894	40872	2,0,0,0,0,0,0,0,0,0,0,0,0,0,0,0,0,0,0,0,0,0,0,0,0,0,0,0,0,0,0,0,0,0,0,0,0,0,0,0	0,0,1,0,0,0,0,0,0,0,0,0,0,0,0,0,1,0,0,0,0,0,0,0,0,0,0,1,0,0,0,0,0,0,0,0,0,0,0,0	92	0	0	0	0	1	40896	40896	0,0,0,0,0,0,0,0,0,0,0,0,0,0,0,0,0,0,0,0,0,0,0,0,0,0,0,0,0,0,0,0,0,0,0,0,0,0,0,0	0,0,0,0,0,0,0,0,0,0,0,0,0,0,0,0,0,0,0,0,0,0,0,0,0,0,0,1,0,0,0,0,0,0,0,0,0,0,0,0
tb.dut.clusters[0].cluster.sockets[0].socket.cores[0].core.execute.fpu_unit.genblk1[0].fpu_fpnew.genblk3[3].fpnew_core.gen_operation_groups[1].i_opgroup_block	15	18349	35	2	2	2	1	3	40894	40872	2,0,0,0,0,0,0,0,0,0,0,0,0,0,0,0,0,0,0,0,0,0,0,0,0,0,0,0,0,0,0,0,0,0,0,0,0,0,0,0	0,0,1,0,0,0,0,0,0,0,0,0,0,0,0,0,1,0,0,0,0,0,0,0,0,0,0,1,0,0,0,0,0,0,0,0,0,0,0,0	92	0	0	0	0	1	40896	40896	0,0,0,0,0,0,0,0,0,0,0,0,0,0,0,0,0,0,0,0,0,0,0,0,0,0,0,0,0,0,0,0,0,0,0,0,0,0,0,0	0,0,0,0,0,0,0,0,0,0,0,0,0,0,0,0,0,0,0,0,0,0,0,0,0,0,0,1,0,0,0,0,0,0,0,0,0,0,0,0
tb.dut.clusters[0].cluster.sockets[0].socket.cores[0].core.execute.fpu_unit.genblk1[0].fpu_fpnew.genblk3[3].fpnew_core.gen_operation_groups[1].i_opgroup_block.gen_merged_slice	16	16083	27	2	2	2	1	3	40894	40872	2,0,0,0,0,0,0,0,0,0,0,0,0,0,0,0,0,0,0,0,0,0,0,0,0,0,0,0,0,0,0,0,0,0,0,0,0,0,0,0	0,0,1,0,0,0,0,0,0,0,0,0,0,0,0,0,1,0,0,0,0,0,0,0,0,0,0,1,0,0,0,0,0,0,0,0,0,0,0,0	81	0	0	0	0	1	40896	40896	0,0,0,0,0,0,0,0,0,0,0,0,0,0,0,0,0,0,0,0,0,0,0,0,0,0,0,0,0,0,0,0,0,0,0,0,0,0,0,0	0,0,0,0,0,0,0,0,0,0,0,0,0,0,0,0,0,0,0,0,0,0,0,0,0,0,0,1,0,0,0,0,0,0,0,0,0,0,0,0
tb.dut.clusters[0].cluster.sockets[0].socket.cores[0].core.execute.fpu_unit.genblk1[0].fpu_fpnew.genblk3[3].fpnew_core.gen_operation_groups[1].i_opgroup_block.gen_merged_slice.i_multifmt_slice	17	16047	27	2	2	2	1	3	40894	40872	2,0,0,0,0,0,0,0,0,0,0,0,0,0,0,0,0,0,0,0,0,0,0,0,0,0,0,0,0,0,0,0,0,0,0,0,0,0,0,0	0,0,1,0,0,0,0,0,0,0,0,0,0,0,0,0,1,0,0,0,0,0,0,0,0,0,0,1,0,0,0,0,0,0,0,0,0,0,0,0	81	0	0	0	0	1	40896	40896	0,0,0,0,0,0,0,0,0,0,0,0,0,0,0,0,0,0,0,0,0,0,0,0,0,0,0,0,0,0,0,0,0,0,0,0,0,0,0,0	0,0,0,0,0,0,0,0,0,0,0,0,0,0,0,0,0,0,0,0,0,0,0,0,0,0,0,1,0,0,0,0,0,0,0,0,0,0,0,0
tb.dut.clusters[0].cluster.sockets[0].socket.cores[0].core.execute.fpu_unit.genblk1[0].fpu_fpnew.genblk3[3].fpnew_core.gen_operation_groups[1].i_opgroup_block.gen_merged_slice.i_multifmt_slice.extend_fp_result[0]	18	32	0	0	0	0	0	1	40896	40896	0,0,0,0,0,0,0,0,0,0,0,0,0,0,0,0,0,0,0,0,0,0,0,0,0,0,0,0,0,0,0,0,0,0,0,0,0,0,0,0	0,0,0,0,0,0,0,0,0,0,0,0,0,0,0,0,0,0,0,0,0,0,0,0,0,0,0,1,0,0,0,0,0,0,0,0,0,0,0,0	2	0	0	0	0	1	40896	40896	0,0,0,0,0,0,0,0,0,0,0,0,0,0,0,0,0,0,0,0,0,0,0,0,0,0,0,0,0,0,0,0,0,0,0,0,0,0,0,0	0,0,0,0,0,0,0,0,0,0,0,0,0,0,0,0,0,0,0,0,0,0,0,0,0,0,0,1,0,0,0,0,0,0,0,0,0,0,0,0
tb.dut.clusters[0].cluster.sockets[0].socket.cores[0].core.execute.fpu_unit.genblk1[0].fpu_fpnew.genblk3[3].fpnew_core.gen_operation_groups[1].i_opgroup_block.gen_merged_slice.i_multifmt_slice.extend_fp_result[1]	18	32	0	0	0	0	0	1	40896	40896	0,0,0,0,0,0,0,0,0,0,0,0,0,0,0,0,0,0,0,0,0,0,0,0,0,0,0,0,0,0,0,0,0,0,0,0,0,0,0,0	0,0,0,0,0,0,0,0,0,0,0,0,0,0,0,0,0,0,0,0,0,0,0,0,0,0,0,1,0,0,0,0,0,0,0,0,0,0,0,0	2	0	0	0	0	1	40896	40896	0,0,0,0,0,0,0,0,0,0,0,0,0,0,0,0,0,0,0,0,0,0,0,0,0,0,0,0,0,0,0,0,0,0,0,0,0,0,0,0	0,0,0,0,0,0,0,0,0,0,0,0,0,0,0,0,0,0,0,0,0,0,0,0,0,0,0,1,0,0,0,0,0,0,0,0,0,0,0,0
tb.dut.clusters[0].cluster.sockets[0].socket.cores[0].core.execute.fpu_unit.genblk1[0].fpu_fpnew.genblk3[3].fpnew_core.gen_operation_groups[1].i_opgroup_block.gen_merged_slice.i_multifmt_slice.extend_fp_result[2]	18	32	0	0	0	0	0	1	40896	40896	0,0,0,0,0,0,0,0,0,0,0,0,0,0,0,0,0,0,0,0,0,0,0,0,0,0,0,0,0,0,0,0,0,0,0,0,0,0,0,0	0,0,0,0,0,0,0,0,0,0,0,0,0,0,0,0,0,0,0,0,0,0,0,0,0,0,0,1,0,0,0,0,0,0,0,0,0,0,0,0	2	0	0	0	0	1	40896	40896	0,0,0,0,0,0,0,0,0,0,0,0,0,0,0,0,0,0,0,0,0,0,0,0,0,0,0,0,0,0,0,0,0,0,0,0,0,0,0,0	0,0,0,0,0,0,0,0,0,0,0,0,0,0,0,0,0,0,0,0,0,0,0,0,0,0,0,1,0,0,0,0,0,0,0,0,0,0,0,0
tb.dut.clusters[0].cluster.sockets[0].socket.cores[0].core.execute.fpu_unit.genblk1[0].fpu_fpnew.genblk3[3].fpnew_core.gen_operation_groups[1].i_opgroup_block.gen_merged_slice.i_multifmt_slice.extend_fp_result[3]	18	32	0	0	0	0	0	1	40896	40896	0,0,0,0,0,0,0,0,0,0,0,0,0,0,0,0,0,0,0,0,0,0,0,0,0,0,0,0,0,0,0,0,0,0,0,0,0,0,0,0	0,0,0,0,0,0,0,0,0,0,0,0,0,0,0,0,0,0,0,0,0,0,0,0,0,0,0,1,0,0,0,0,0,0,0,0,0,0,0,0	2	0	0	0	0	1	40896	40896	0,0,0,0,0,0,0,0,0,0,0,0,0,0,0,0,0,0,0,0,0,0,0,0,0,0,0,0,0,0,0,0,0,0,0,0,0,0,0,0	0,0,0,0,0,0,0,0,0,0,0,0,0,0,0,0,0,0,0,0,0,0,0,0,0,0,0,1,0,0,0,0,0,0,0,0,0,0,0,0
tb.dut.clusters[0].cluster.sockets[0].socket.cores[0].core.execute.fpu_unit.genblk1[0].fpu_fpnew.genblk3[3].fpnew_core.gen_operation_groups[1].i_opgroup_block.gen_merged_slice.i_multifmt_slice.extend_fp_result[4]	18	32	0	0	0	0	0	1	40896	40896	0,0,0,0,0,0,0,0,0,0,0,0,0,0,0,0,0,0,0,0,0,0,0,0,0,0,0,0,0,0,0,0,0,0,0,0,0,0,0,0	0,0,0,0,0,0,0,0,0,0,0,0,0,0,0,0,0,0,0,0,0,0,0,0,0,0,0,1,0,0,0,0,0,0,0,0,0,0,0,0	2	0	0	0	0	1	40896	40896	0,0,0,0,0,0,0,0,0,0,0,0,0,0,0,0,0,0,0,0,0,0,0,0,0,0,0,0,0,0,0,0,0,0,0,0,0,0,0,0	0,0,0,0,0,0,0,0,0,0,0,0,0,0,0,0,0,0,0,0,0,0,0,0,0,0,0,1,0,0,0,0,0,0,0,0,0,0,0,0
tb.dut.clusters[0].cluster.sockets[0].socket.cores[0].core.execute.fpu_unit.genblk1[0].fpu_fpnew.genblk3[3].fpnew_core.gen_operation_groups[1].i_opgroup_block.gen_merged_slice.i_multifmt_slice.gen_num_lanes[0]	18	14916	23	2	2	2	1	3	40894	40872	2,0,0,0,0,0,0,0,0,0,0,0,0,0,0,0,0,0,0,0,0,0,0,0,0,0,0,0,0,0,0,0,0,0,0,0,0,0,0,0	0,0,1,0,0,0,0,0,0,0,0,0,0,0,0,0,1,0,0,0,0,0,0,0,0,0,0,1,0,0,0,0,0,0,0,0,0,0,0,0	75	0	0	0	0	1	40896	40896	0,0,0,0,0,0,0,0,0,0,0,0,0,0,0,0,0,0,0,0,0,0,0,0,0,0,0,0,0,0,0,0,0,0,0,0,0,0,0,0	0,0,0,0,0,0,0,0,0,0,0,0,0,0,0,0,0,0,0,0,0,0,0,0,0,0,0,1,0,0,0,0,0,0,0,0,0,0,0,0
tb.dut.clusters[0].cluster.sockets[0].socket.cores[0].core.execute.fpu_unit.genblk1[0].fpu_fpnew.genblk3[3].fpnew_core.gen_operation_groups[1].i_opgroup_block.gen_merged_slice.i_multifmt_slice.gen_num_lanes[0].active_lane	19	14573	23	2	2	2	1	3	40894	40872	2,0,0,0,0,0,0,0,0,0,0,0,0,0,0,0,0,0,0,0,0,0,0,0,0,0,0,0,0,0,0,0,0,0,0,0,0,0,0,0	0,0,1,0,0,0,0,0,0,0,0,0,0,0,0,0,1,0,0,0,0,0,0,0,0,0,0,1,0,0,0,0,0,0,0,0,0,0,0,0	73	0	0	0	0	1	40896	40896	0,0,0,0,0,0,0,0,0,0,0,0,0,0,0,0,0,0,0,0,0,0,0,0,0,0,0,0,0,0,0,0,0,0,0,0,0,0,0,0	0,0,0,0,0,0,0,0,0,0,0,0,0,0,0,0,0,0,0,0,0,0,0,0,0,0,0,1,0,0,0,0,0,0,0,0,0,0,0,0
tb.dut.clusters[0].cluster.sockets[0].socket.cores[0].core.execute.fpu_unit.genblk1[0].fpu_fpnew.genblk3[3].fpnew_core.gen_operation_groups[1].i_opgroup_block.gen_merged_slice.i_multifmt_slice.gen_num_lanes[0].active_lane.lane_instance	20	14469	23	2	2	2	1	3	40894	40872	2,0,0,0,0,0,0,0,0,0,0,0,0,0,0,0,0,0,0,0,0,0,0,0,0,0,0,0,0,0,0,0,0,0,0,0,0,0,0,0	0,0,1,0,0,0,0,0,0,0,0,0,0,0,0,0,1,0,0,0,0,0,0,0,0,0,0,1,0,0,0,0,0,0,0,0,0,0,0,0	73	0	0	0	0	1	40896	40896	0,0,0,0,0,0,0,0,0,0,0,0,0,0,0,0,0,0,0,0,0,0,0,0,0,0,0,0,0,0,0,0,0,0,0,0,0,0,0,0	0,0,0,0,0,0,0,0,0,0,0,0,0,0,0,0,0,0,0,0,0,0,0,0,0,0,0,1,0,0,0,0,0,0,0,0,0,0,0,0
tb.dut.clusters[0].cluster.sockets[0].socket.cores[0].core.execute.fpu_unit.genblk1[0].fpu_fpnew.genblk3[3].fpnew_core.gen_operation_groups[1].i_opgroup_block.gen_merged_slice.i_multifmt_slice.gen_num_lanes[0].active_lane.lane_instance.genblk1	21	14469	23	2	2	2	1	3	40894	40872	2,0,0,0,0,0,0,0,0,0,0,0,0,0,0,0,0,0,0,0,0,0,0,0,0,0,0,0,0,0,0,0,0,0,0,0,0,0,0,0	0,0,1,0,0,0,0,0,0,0,0,0,0,0,0,0,1,0,0,0,0,0,0,0,0,0,0,1,0,0,0,0,0,0,0,0,0,0,0,0	73	0	0	0	0	1	40896	40896	0,0,0,0,0,0,0,0,0,0,0,0,0,0,0,0,0,0,0,0,0,0,0,0,0,0,0,0,0,0,0,0,0,0,0,0,0,0,0,0	0,0,0,0,0,0,0,0,0,0,0,0,0,0,0,0,0,0,0,0,0,0,0,0,0,0,0,1,0,0,0,0,0,0,0,0,0,0,0,0
tb.dut.clusters[0].cluster.sockets[0].socket.cores[0].core.execute.fpu_unit.genblk1[0].fpu_fpnew.genblk3[3].fpnew_core.gen_operation_groups[1].i_opgroup_block.gen_merged_slice.i_multifmt_slice.gen_num_lanes[0].active_lane.lane_instance.genblk1.i_fpnew_divsqrt_multi	22	14469	23	2	2	2	1	3	40894	40872	2,0,0,0,0,0,0,0,0,0,0,0,0,0,0,0,0,0,0,0,0,0,0,0,0,0,0,0,0,0,0,0,0,0,0,0,0,0,0,0	0,0,1,0,0,0,0,0,0,0,0,0,0,0,0,0,1,0,0,0,0,0,0,0,0,0,0,1,0,0,0,0,0,0,0,0,0,0,0,0	73	0	0	0	0	1	40896	40896	0,0,0,0,0,0,0,0,0,0,0,0,0,0,0,0,0,0,0,0,0,0,0,0,0,0,0,0,0,0,0,0,0,0,0,0,0,0,0,0	0,0,0,0,0,0,0,0,0,0,0,0,0,0,0,0,0,0,0,0,0,0,0,0,0,0,0,1,0,0,0,0,0,0,0,0,0,0,0,0
tb.dut.clusters[0].cluster.sockets[0].socket.cores[0].core.execute.fpu_unit.genblk1[0].fpu_fpnew.genblk3[3].fpnew_core.gen_operation_groups[1].i_opgroup_block.gen_merged_slice.i_multifmt_slice.gen_num_lanes[0].active_lane.lane_instance.genblk1.i_fpnew_divsqrt_multi.gen_input_pipeline[0]	23	1	0	0	0	0	0	1	40896	40896	0,0,0,0,0,0,0,0,0,0,0,0,0,0,0,0,0,0,0,0,0,0,0,0,0,0,0,0,0,0,0,0,0,0,0,0,0,0,0,0	0,0,0,0,0,0,0,0,0,0,0,0,0,0,0,0,0,0,0,0,0,0,0,0,0,0,0,1,0,0,0,0,0,0,0,0,0,0,0,0	2	0	0	0	0	1	40896	40896	0,0,0,0,0,0,0,0,0,0,0,0,0,0,0,0,0,0,0,0,0,0,0,0,0,0,0,0,0,0,0,0,0,0,0,0,0,0,0,0	0,0,0,0,0,0,0,0,0,0,0,0,0,0,0,0,0,0,0,0,0,0,0,0,0,0,0,1,0,0,0,0,0,0,0,0,0,0,0,0
tb.dut.clusters[0].cluster.sockets[0].socket.cores[0].core.execute.fpu_unit.genblk1[0].fpu_fpnew.genblk3[3].fpnew_core.gen_operation_groups[1].i_opgroup_block.gen_merged_slice.i_multifmt_slice.gen_num_lanes[0].active_lane.lane_instance.genblk1.i_fpnew_divsqrt_multi.gen_input_pipeline[1]	23	1	0	0	0	0	0	1	40896	40896	0,0,0,0,0,0,0,0,0,0,0,0,0,0,0,0,0,0,0,0,0,0,0,0,0,0,0,0,0,0,0,0,0,0,0,0,0,0,0,0	0,0,0,0,0,0,0,0,0,0,0,0,0,0,0,0,0,0,0,0,0,0,0,0,0,0,0,1,0,0,0,0,0,0,0,0,0,0,0,0	2	0	0	0	0	1	40896	40896	0,0,0,0,0,0,0,0,0,0,0,0,0,0,0,0,0,0,0,0,0,0,0,0,0,0,0,0,0,0,0,0,0,0,0,0,0,0,0,0	0,0,0,0,0,0,0,0,0,0,0,0,0,0,0,0,0,0,0,0,0,0,0,0,0,0,0,1,0,0,0,0,0,0,0,0,0,0,0,0
tb.dut.clusters[0].cluster.sockets[0].socket.cores[0].core.execute.fpu_unit.genblk1[0].fpu_fpnew.genblk3[3].fpnew_core.gen_operation_groups[1].i_opgroup_block.gen_merged_slice.i_multifmt_slice.gen_num_lanes[0].active_lane.lane_instance.genblk1.i_fpnew_divsqrt_multi.gen_input_pipeline[2]	23	1	0	0	0	0	0	1	40896	40896	0,0,0,0,0,0,0,0,0,0,0,0,0,0,0,0,0,0,0,0,0,0,0,0,0,0,0,0,0,0,0,0,0,0,0,0,0,0,0,0	0,0,0,0,0,0,0,0,0,0,0,0,0,0,0,0,0,0,0,0,0,0,0,0,0,0,0,1,0,0,0,0,0,0,0,0,0,0,0,0	2	0	0	0	0	1	40896	40896	0,0,0,0,0,0,0,0,0,0,0,0,0,0,0,0,0,0,0,0,0,0,0,0,0,0,0,0,0,0,0,0,0,0,0,0,0,0,0,0	0,0,0,0,0,0,0,0,0,0,0,0,0,0,0,0,0,0,0,0,0,0,0,0,0,0,0,1,0,0,0,0,0,0,0,0,0,0,0,0
tb.dut.clusters[0].cluster.sockets[0].socket.cores[0].core.execute.fpu_unit.genblk1[0].fpu_fpnew.genblk3[3].fpnew_core.gen_operation_groups[1].i_opgroup_block.gen_merged_slice.i_multifmt_slice.gen_num_lanes[0].active_lane.lane_instance.genblk1.i_fpnew_divsqrt_multi.gen_input_pipeline[3]	23	1	0	0	0	0	0	1	40896	40896	0,0,0,0,0,0,0,0,0,0,0,0,0,0,0,0,0,0,0,0,0,0,0,0,0,0,0,0,0,0,0,0,0,0,0,0,0,0,0,0	0,0,0,0,0,0,0,0,0,0,0,0,0,0,0,0,0,0,0,0,0,0,0,0,0,0,0,1,0,0,0,0,0,0,0,0,0,0,0,0	2	0	0	0	0	1	40896	40896	0,0,0,0,0,0,0,0,0,0,0,0,0,0,0,0,0,0,0,0,0,0,0,0,0,0,0,0,0,0,0,0,0,0,0,0,0,0,0,0	0,0,0,0,0,0,0,0,0,0,0,0,0,0,0,0,0,0,0,0,0,0,0,0,0,0,0,1,0,0,0,0,0,0,0,0,0,0,0,0
tb.dut.clusters[0].cluster.sockets[0].socket.cores[0].core.execute.fpu_unit.genblk1[0].fpu_fpnew.genblk3[3].fpnew_core.gen_operation_groups[1].i_opgroup_block.gen_merged_slice.i_multifmt_slice.gen_num_lanes[0].active_lane.lane_instance.genblk1.i_fpnew_divsqrt_multi.gen_input_pipeline[4]	23	1	0	0	0	0	0	1	40896	40896	0,0,0,0,0,0,0,0,0,0,0,0,0,0,0,0,0,0,0,0,0,0,0,0,0,0,0,0,0,0,0,0,0,0,0,0,0,0,0,0	0,0,0,0,0,0,0,0,0,0,0,0,0,0,0,0,0,0,0,0,0,0,0,0,0,0,0,1,0,0,0,0,0,0,0,0,0,0,0,0	2	0	0	0	0	1	40896	40896	0,0,0,0,0,0,0,0,0,0,0,0,0,0,0,0,0,0,0,0,0,0,0,0,0,0,0,0,0,0,0,0,0,0,0,0,0,0,0,0	0,0,0,0,0,0,0,0,0,0,0,0,0,0,0,0,0,0,0,0,0,0,0,0,0,0,0,1,0,0,0,0,0,0,0,0,0,0,0,0
tb.dut.clusters[0].cluster.sockets[0].socket.cores[0].core.execute.fpu_unit.genblk1[0].fpu_fpnew.genblk3[3].fpnew_core.gen_operation_groups[1].i_opgroup_block.gen_merged_slice.i_multifmt_slice.gen_num_lanes[0].active_lane.lane_instance.genblk1.i_fpnew_divsqrt_multi.gen_input_pipeline[5]	23	1	0	0	0	0	0	1	40896	40896	0,0,0,0,0,0,0,0,0,0,0,0,0,0,0,0,0,0,0,0,0,0,0,0,0,0,0,0,0,0,0,0,0,0,0,0,0,0,0,0	0,0,0,0,0,0,0,0,0,0,0,0,0,0,0,0,0,0,0,0,0,0,0,0,0,0,0,1,0,0,0,0,0,0,0,0,0,0,0,0	2	0	0	0	0	1	40896	40896	0,0,0,0,0,0,0,0,0,0,0,0,0,0,0,0,0,0,0,0,0,0,0,0,0,0,0,0,0,0,0,0,0,0,0,0,0,0,0,0	0,0,0,0,0,0,0,0,0,0,0,0,0,0,0,0,0,0,0,0,0,0,0,0,0,0,0,1,0,0,0,0,0,0,0,0,0,0,0,0
tb.dut.clusters[0].cluster.sockets[0].socket.cores[0].core.execute.fpu_unit.genblk1[0].fpu_fpnew.genblk3[3].fpnew_core.gen_operation_groups[1].i_opgroup_block.gen_merged_slice.i_multifmt_slice.gen_num_lanes[0].active_lane.lane_instance.genblk1.i_fpnew_divsqrt_multi.gen_input_pipeline[6]	23	1	0	0	0	0	0	1	40896	40896	0,0,0,0,0,0,0,0,0,0,0,0,0,0,0,0,0,0,0,0,0,0,0,0,0,0,0,0,0,0,0,0,0,0,0,0,0,0,0,0	0,0,0,0,0,0,0,0,0,0,0,0,0,0,0,0,0,0,0,0,0,0,0,0,0,0,0,1,0,0,0,0,0,0,0,0,0,0,0,0	2	0	0	0	0	1	40896	40896	0,0,0,0,0,0,0,0,0,0,0,0,0,0,0,0,0,0,0,0,0,0,0,0,0,0,0,0,0,0,0,0,0,0,0,0,0,0,0,0	0,0,0,0,0,0,0,0,0,0,0,0,0,0,0,0,0,0,0,0,0,0,0,0,0,0,0,1,0,0,0,0,0,0,0,0,0,0,0,0
tb.dut.clusters[0].cluster.sockets[0].socket.cores[0].core.execute.fpu_unit.genblk1[0].fpu_fpnew.genblk3[3].fpnew_core.gen_operation_groups[1].i_opgroup_block.gen_merged_slice.i_multifmt_slice.gen_num_lanes[0].active_lane.lane_instance.genblk1.i_fpnew_divsqrt_multi.gen_input_pipeline[7]	23	1	0	0	0	0	0	1	40896	40896	0,0,0,0,0,0,0,0,0,0,0,0,0,0,0,0,0,0,0,0,0,0,0,0,0,0,0,0,0,0,0,0,0,0,0,0,0,0,0,0	0,0,0,0,0,0,0,0,0,0,0,0,0,0,0,0,0,0,0,0,0,0,0,0,0,0,0,1,0,0,0,0,0,0,0,0,0,0,0,0	2	0	0	0	0	1	40896	40896	0,0,0,0,0,0,0,0,0,0,0,0,0,0,0,0,0,0,0,0,0,0,0,0,0,0,0,0,0,0,0,0,0,0,0,0,0,0,0,0	0,0,0,0,0,0,0,0,0,0,0,0,0,0,0,0,0,0,0,0,0,0,0,0,0,0,0,1,0,0,0,0,0,0,0,0,0,0,0,0
tb.dut.clusters[0].cluster.sockets[0].socket.cores[0].core.execute.fpu_unit.genblk1[0].fpu_fpnew.genblk3[3].fpnew_core.gen_operation_groups[1].i_opgroup_block.gen_merged_slice.i_multifmt_slice.gen_num_lanes[0].active_lane.lane_instance.genblk1.i_fpnew_divsqrt_multi.gen_output_pipeline[0]	23	1	0	0	0	0	0	1	40896	40896	0,0,0,0,0,0,0,0,0,0,0,0,0,0,0,0,0,0,0,0,0,0,0,0,0,0,0,0,0,0,0,0,0,0,0,0,0,0,0,0	0,0,0,0,0,0,0,0,0,0,0,0,0,0,0,0,0,0,0,0,0,0,0,0,0,0,0,1,0,0,0,0,0,0,0,0,0,0,0,0	2	0	0	0	0	1	40896	40896	0,0,0,0,0,0,0,0,0,0,0,0,0,0,0,0,0,0,0,0,0,0,0,0,0,0,0,0,0,0,0,0,0,0,0,0,0,0,0,0	0,0,0,0,0,0,0,0,0,0,0,0,0,0,0,0,0,0,0,0,0,0,0,0,0,0,0,1,0,0,0,0,0,0,0,0,0,0,0,0
tb.dut.clusters[0].cluster.sockets[0].socket.cores[0].core.execute.fpu_unit.genblk1[0].fpu_fpnew.genblk3[3].fpnew_core.gen_operation_groups[1].i_opgroup_block.gen_merged_slice.i_multifmt_slice.gen_num_lanes[0].active_lane.lane_instance.genblk1.i_fpnew_divsqrt_multi.gen_output_pipeline[1]	23	1	0	0	0	0	0	1	40896	40896	0,0,0,0,0,0,0,0,0,0,0,0,0,0,0,0,0,0,0,0,0,0,0,0,0,0,0,0,0,0,0,0,0,0,0,0,0,0,0,0	0,0,0,0,0,0,0,0,0,0,0,0,0,0,0,0,0,0,0,0,0,0,0,0,0,0,0,1,0,0,0,0,0,0,0,0,0,0,0,0	2	0	0	0	0	1	40896	40896	0,0,0,0,0,0,0,0,0,0,0,0,0,0,0,0,0,0,0,0,0,0,0,0,0,0,0,0,0,0,0,0,0,0,0,0,0,0,0,0	0,0,0,0,0,0,0,0,0,0,0,0,0,0,0,0,0,0,0,0,0,0,0,0,0,0,0,1,0,0,0,0,0,0,0,0,0,0,0,0
tb.dut.clusters[0].cluster.sockets[0].socket.cores[0].core.execute.fpu_unit.genblk1[0].fpu_fpnew.genblk3[3].fpnew_core.gen_operation_groups[1].i_opgroup_block.gen_merged_slice.i_multifmt_slice.gen_num_lanes[0].active_lane.lane_instance.genblk1.i_fpnew_divsqrt_multi.gen_output_pipeline[2]	23	1	0	0	0	0	0	1	40896	40896	0,0,0,0,0,0,0,0,0,0,0,0,0,0,0,0,0,0,0,0,0,0,0,0,0,0,0,0,0,0,0,0,0,0,0,0,0,0,0,0	0,0,0,0,0,0,0,0,0,0,0,0,0,0,0,0,0,0,0,0,0,0,0,0,0,0,0,1,0,0,0,0,0,0,0,0,0,0,0,0	2	0	0	0	0	1	40896	40896	0,0,0,0,0,0,0,0,0,0,0,0,0,0,0,0,0,0,0,0,0,0,0,0,0,0,0,0,0,0,0,0,0,0,0,0,0,0,0,0	0,0,0,0,0,0,0,0,0,0,0,0,0,0,0,0,0,0,0,0,0,0,0,0,0,0,0,1,0,0,0,0,0,0,0,0,0,0,0,0
tb.dut.clusters[0].cluster.sockets[0].socket.cores[0].core.execute.fpu_unit.genblk1[0].fpu_fpnew.genblk3[3].fpnew_core.gen_operation_groups[1].i_opgroup_block.gen_merged_slice.i_multifmt_slice.gen_num_lanes[0].active_lane.lane_instance.genblk1.i_fpnew_divsqrt_multi.gen_output_pipeline[3]	23	1	0	0	0	0	0	1	40896	40896	0,0,0,0,0,0,0,0,0,0,0,0,0,0,0,0,0,0,0,0,0,0,0,0,0,0,0,0,0,0,0,0,0,0,0,0,0,0,0,0	0,0,0,0,0,0,0,0,0,0,0,0,0,0,0,0,0,0,0,0,0,0,0,0,0,0,0,1,0,0,0,0,0,0,0,0,0,0,0,0	2	0	0	0	0	1	40896	40896	0,0,0,0,0,0,0,0,0,0,0,0,0,0,0,0,0,0,0,0,0,0,0,0,0,0,0,0,0,0,0,0,0,0,0,0,0,0,0,0	0,0,0,0,0,0,0,0,0,0,0,0,0,0,0,0,0,0,0,0,0,0,0,0,0,0,0,1,0,0,0,0,0,0,0,0,0,0,0,0
tb.dut.clusters[0].cluster.sockets[0].socket.cores[0].core.execute.fpu_unit.genblk1[0].fpu_fpnew.genblk3[3].fpnew_core.gen_operation_groups[1].i_opgroup_block.gen_merged_slice.i_multifmt_slice.gen_num_lanes[0].active_lane.lane_instance.genblk1.i_fpnew_divsqrt_multi.gen_output_pipeline[4]	23	1	0	0	0	0	0	1	40896	40896	0,0,0,0,0,0,0,0,0,0,0,0,0,0,0,0,0,0,0,0,0,0,0,0,0,0,0,0,0,0,0,0,0,0,0,0,0,0,0,0	0,0,0,0,0,0,0,0,0,0,0,0,0,0,0,0,0,0,0,0,0,0,0,0,0,0,0,1,0,0,0,0,0,0,0,0,0,0,0,0	2	0	0	0	0	1	40896	40896	0,0,0,0,0,0,0,0,0,0,0,0,0,0,0,0,0,0,0,0,0,0,0,0,0,0,0,0,0,0,0,0,0,0,0,0,0,0,0,0	0,0,0,0,0,0,0,0,0,0,0,0,0,0,0,0,0,0,0,0,0,0,0,0,0,0,0,1,0,0,0,0,0,0,0,0,0,0,0,0
tb.dut.clusters[0].cluster.sockets[0].socket.cores[0].core.execute.fpu_unit.genblk1[0].fpu_fpnew.genblk3[3].fpnew_core.gen_operation_groups[1].i_opgroup_block.gen_merged_slice.i_multifmt_slice.gen_num_lanes[0].active_lane.lane_instance.genblk1.i_fpnew_divsqrt_multi.gen_output_pipeline[5]	23	1	0	0	0	0	0	1	40896	40896	0,0,0,0,0,0,0,0,0,0,0,0,0,0,0,0,0,0,0,0,0,0,0,0,0,0,0,0,0,0,0,0,0,0,0,0,0,0,0,0	0,0,0,0,0,0,0,0,0,0,0,0,0,0,0,0,0,0,0,0,0,0,0,0,0,0,0,1,0,0,0,0,0,0,0,0,0,0,0,0	2	0	0	0	0	1	40896	40896	0,0,0,0,0,0,0,0,0,0,0,0,0,0,0,0,0,0,0,0,0,0,0,0,0,0,0,0,0,0,0,0,0,0,0,0,0,0,0,0	0,0,0,0,0,0,0,0,0,0,0,0,0,0,0,0,0,0,0,0,0,0,0,0,0,0,0,1,0,0,0,0,0,0,0,0,0,0,0,0
tb.dut.clusters[0].cluster.sockets[0].socket.cores[0].core.execute.fpu_unit.genblk1[0].fpu_fpnew.genblk3[3].fpnew_core.gen_operation_groups[1].i_opgroup_block.gen_merged_slice.i_multifmt_slice.gen_num_lanes[0].active_lane.lane_instance.genblk1.i_fpnew_divsqrt_multi.gen_output_pipeline[6]	23	1	0	0	0	0	0	1	40896	40896	0,0,0,0,0,0,0,0,0,0,0,0,0,0,0,0,0,0,0,0,0,0,0,0,0,0,0,0,0,0,0,0,0,0,0,0,0,0,0,0	0,0,0,0,0,0,0,0,0,0,0,0,0,0,0,0,0,0,0,0,0,0,0,0,0,0,0,1,0,0,0,0,0,0,0,0,0,0,0,0	2	0	0	0	0	1	40896	40896	0,0,0,0,0,0,0,0,0,0,0,0,0,0,0,0,0,0,0,0,0,0,0,0,0,0,0,0,0,0,0,0,0,0,0,0,0,0,0,0	0,0,0,0,0,0,0,0,0,0,0,0,0,0,0,0,0,0,0,0,0,0,0,0,0,0,0,1,0,0,0,0,0,0,0,0,0,0,0,0
tb.dut.clusters[0].cluster.sockets[0].socket.cores[0].core.execute.fpu_unit.genblk1[0].fpu_fpnew.genblk3[3].fpnew_core.gen_operation_groups[1].i_opgroup_block.gen_merged_slice.i_multifmt_slice.gen_num_lanes[0].active_lane.lane_instance.genblk1.i_fpnew_divsqrt_multi.gen_output_pipeline[7]	23	1	0	0	0	0	0	1	40896	40896	0,0,0,0,0,0,0,0,0,0,0,0,0,0,0,0,0,0,0,0,0,0,0,0,0,0,0,0,0,0,0,0,0,0,0,0,0,0,0,0	0,0,0,0,0,0,0,0,0,0,0,0,0,0,0,0,0,0,0,0,0,0,0,0,0,0,0,1,0,0,0,0,0,0,0,0,0,0,0,0	2	0	0	0	0	1	40896	40896	0,0,0,0,0,0,0,0,0,0,0,0,0,0,0,0,0,0,0,0,0,0,0,0,0,0,0,0,0,0,0,0,0,0,0,0,0,0,0,0	0,0,0,0,0,0,0,0,0,0,0,0,0,0,0,0,0,0,0,0,0,0,0,0,0,0,0,1,0,0,0,0,0,0,0,0,0,0,0,0
tb.dut.clusters[0].cluster.sockets[0].socket.cores[0].core.execute.fpu_unit.genblk1[0].fpu_fpnew.genblk3[3].fpnew_core.gen_operation_groups[1].i_opgroup_block.gen_merged_slice.i_multifmt_slice.gen_num_lanes[0].active_lane.lane_instance.genblk1.i_fpnew_divsqrt_multi.i_divsqrt_lei	23	12493	18	2	2	2	1	3	40894	40872	2,0,0,0,0,0,0,0,0,0,0,0,0,0,0,0,0,0,0,0,0,0,0,0,0,0,0,0,0,0,0,0,0,0,0,0,0,0,0,0	0,0,1,0,0,0,0,0,0,0,0,0,0,0,0,0,1,0,0,0,0,0,0,0,0,0,0,1,0,0,0,0,0,0,0,0,0,0,0,0	63	0	0	0	0	1	40896	40896	0,0,0,0,0,0,0,0,0,0,0,0,0,0,0,0,0,0,0,0,0,0,0,0,0,0,0,0,0,0,0,0,0,0,0,0,0,0,0,0	0,0,0,0,0,0,0,0,0,0,0,0,0,0,0,0,0,0,0,0,0,0,0,0,0,0,0,1,0,0,0,0,0,0,0,0,0,0,0,0
tb.dut.clusters[0].cluster.sockets[0].socket.cores[0].core.execute.fpu_unit.genblk1[0].fpu_fpnew.genblk3[3].fpnew_core.gen_operation_groups[1].i_opgroup_block.gen_merged_slice.i_multifmt_slice.gen_num_lanes[0].active_lane.lane_instance.genblk1.i_fpnew_divsqrt_multi.i_divsqrt_lei.fpu_norm_U0	24	752	0	0	0	0	0	1	40896	40896	0,0,0,0,0,0,0,0,0,0,0,0,0,0,0,0,0,0,0,0,0,0,0,0,0,0,0,0,0,0,0,0,0,0,0,0,0,0,0,0	0,0,0,0,0,0,0,0,0,0,0,0,0,0,0,0,0,0,0,0,0,0,0,0,0,0,0,1,0,0,0,0,0,0,0,0,0,0,0,0	4	0	0	0	0	1	40896	40896	0,0,0,0,0,0,0,0,0,0,0,0,0,0,0,0,0,0,0,0,0,0,0,0,0,0,0,0,0,0,0,0,0,0,0,0,0,0,0,0	0,0,0,0,0,0,0,0,0,0,0,0,0,0,0,0,0,0,0,0,0,0,0,0,0,0,0,1,0,0,0,0,0,0,0,0,0,0,0,0
tb.dut.clusters[0].cluster.sockets[0].socket.cores[0].core.execute.fpu_unit.genblk1[0].fpu_fpnew.genblk3[3].fpnew_core.gen_operation_groups[1].i_opgroup_block.gen_merged_slice.i_multifmt_slice.gen_num_lanes[0].active_lane.lane_instance.genblk1.i_fpnew_divsqrt_multi.i_divsqrt_lei.nrbd_nrsc_U0	24	8528	10	2	2	2	1	3	40894	40872	2,0,0,0,0,0,0,0,0,0,0,0,0,0,0,0,0,0,0,0,0,0,0,0,0,0,0,0,0,0,0,0,0,0,0,0,0,0,0,0	0,0,1,0,0,0,0,0,0,0,0,0,0,0,0,0,1,0,0,0,0,0,0,0,0,0,0,1,0,0,0,0,0,0,0,0,0,0,0,0	43	0	0	0	0	1	40896	40896	0,0,0,0,0,0,0,0,0,0,0,0,0,0,0,0,0,0,0,0,0,0,0,0,0,0,0,0,0,0,0,0,0,0,0,0,0,0,0,0	0,0,0,0,0,0,0,0,0,0,0,0,0,0,0,0,0,0,0,0,0,0,0,0,0,0,0,1,0,0,0,0,0,0,0,0,0,0,0,0
tb.dut.clusters[0].cluster.sockets[0].socket.cores[0].core.execute.fpu_unit.genblk1[0].fpu_fpnew.genblk3[3].fpnew_core.gen_operation_groups[1].i_opgroup_block.gen_merged_slice.i_multifmt_slice.gen_num_lanes[0].active_lane.lane_instance.genblk1.i_fpnew_divsqrt_multi.i_divsqrt_lei.nrbd_nrsc_U0.control_U0	25	8301	5	2	2	2	1	3	40894	40872	2,0,0,0,0,0,0,0,0,0,0,0,0,0,0,0,0,0,0,0,0,0,0,0,0,0,0,0,0,0,0,0,0,0,0,0,0,0,0,0	0,0,1,0,0,0,0,0,0,0,0,0,0,0,0,0,1,0,0,0,0,0,0,0,0,0,0,1,0,0,0,0,0,0,0,0,0,0,0,0	42	0	0	0	0	1	40896	40896	0,0,0,0,0,0,0,0,0,0,0,0,0,0,0,0,0,0,0,0,0,0,0,0,0,0,0,0,0,0,0,0,0,0,0,0,0,0,0,0	0,0,0,0,0,0,0,0,0,0,0,0,0,0,0,0,0,0,0,0,0,0,0,0,0,0,0,1,0,0,0,0,0,0,0,0,0,0,0,0
tb.dut.clusters[0].cluster.sockets[0].socket.cores[0].core.execute.fpu_unit.genblk1[0].fpu_fpnew.genblk3[3].fpnew_core.gen_operation_groups[1].i_opgroup_block.gen_merged_slice.i_multifmt_slice.gen_num_lanes[0].active_lane.lane_instance.genblk1.i_fpnew_divsqrt_multi.i_divsqrt_lei.nrbd_nrsc_U0.control_U0.genblk4[0]	26	217	0	0	0	0	0	1	40896	40896	0,0,0,0,0,0,0,0,0,0,0,0,0,0,0,0,0,0,0,0,0,0,0,0,0,0,0,0,0,0,0,0,0,0,0,0,0,0,0,0	0,0,0,0,0,0,0,0,0,0,0,0,0,0,0,0,0,0,0,0,0,0,0,0,0,0,0,1,0,0,0,0,0,0,0,0,0,0,0,0	2	0	0	0	0	1	40896	40896	0,0,0,0,0,0,0,0,0,0,0,0,0,0,0,0,0,0,0,0,0,0,0,0,0,0,0,0,0,0,0,0,0,0,0,0,0,0,0,0	0,0,0,0,0,0,0,0,0,0,0,0,0,0,0,0,0,0,0,0,0,0,0,0,0,0,0,1,0,0,0,0,0,0,0,0,0,0,0,0
tb.dut.clusters[0].cluster.sockets[0].socket.cores[0].core.execute.fpu_unit.genblk1[0].fpu_fpnew.genblk3[3].fpnew_core.gen_operation_groups[1].i_opgroup_block.gen_merged_slice.i_multifmt_slice.gen_num_lanes[0].active_lane.lane_instance.genblk1.i_fpnew_divsqrt_multi.i_divsqrt_lei.nrbd_nrsc_U0.control_U0.genblk4[0].iteration_div_sqrt	27	217	0	0	0	0	0	1	40896	40896	0,0,0,0,0,0,0,0,0,0,0,0,0,0,0,0,0,0,0,0,0,0,0,0,0,0,0,0,0,0,0,0,0,0,0,0,0,0,0,0	0,0,0,0,0,0,0,0,0,0,0,0,0,0,0,0,0,0,0,0,0,0,0,0,0,0,0,1,0,0,0,0,0,0,0,0,0,0,0,0	2	0	0	0	0	1	40896	40896	0,0,0,0,0,0,0,0,0,0,0,0,0,0,0,0,0,0,0,0,0,0,0,0,0,0,0,0,0,0,0,0,0,0,0,0,0,0,0,0	0,0,0,0,0,0,0,0,0,0,0,0,0,0,0,0,0,0,0,0,0,0,0,0,0,0,0,1,0,0,0,0,0,0,0,0,0,0,0,0
tb.dut.clusters[0].cluster.sockets[0].socket.cores[0].core.execute.fpu_unit.genblk1[0].fpu_fpnew.genblk3[3].fpnew_core.gen_operation_groups[1].i_opgroup_block.gen_merged_slice.i_multifmt_slice.gen_num_lanes[0].active_lane.lane_instance.genblk1.i_fpnew_divsqrt_multi.i_divsqrt_lei.nrbd_nrsc_U0.control_U0.genblk4[1]	26	217	0	0	0	0	0	1	40896	40896	0,0,0,0,0,0,0,0,0,0,0,0,0,0,0,0,0,0,0,0,0,0,0,0,0,0,0,0,0,0,0,0,0,0,0,0,0,0,0,0	0,0,0,0,0,0,0,0,0,0,0,0,0,0,0,0,0,0,0,0,0,0,0,0,0,0,0,1,0,0,0,0,0,0,0,0,0,0,0,0	2	0	0	0	0	1	40896	40896	0,0,0,0,0,0,0,0,0,0,0,0,0,0,0,0,0,0,0,0,0,0,0,0,0,0,0,0,0,0,0,0,0,0,0,0,0,0,0,0	0,0,0,0,0,0,0,0,0,0,0,0,0,0,0,0,0,0,0,0,0,0,0,0,0,0,0,1,0,0,0,0,0,0,0,0,0,0,0,0
tb.dut.clusters[0].cluster.sockets[0].socket.cores[0].core.execute.fpu_unit.genblk1[0].fpu_fpnew.genblk3[3].fpnew_core.gen_operation_groups[1].i_opgroup_block.gen_merged_slice.i_multifmt_slice.gen_num_lanes[0].active_lane.lane_instance.genblk1.i_fpnew_divsqrt_multi.i_divsqrt_lei.nrbd_nrsc_U0.control_U0.genblk4[1].iteration_div_sqrt	27	217	0	0	0	0	0	1	40896	40896	0,0,0,0,0,0,0,0,0,0,0,0,0,0,0,0,0,0,0,0,0,0,0,0,0,0,0,0,0,0,0,0,0,0,0,0,0,0,0,0	0,0,0,0,0,0,0,0,0,0,0,0,0,0,0,0,0,0,0,0,0,0,0,0,0,0,0,1,0,0,0,0,0,0,0,0,0,0,0,0	2	0	0	0	0	1	40896	40896	0,0,0,0,0,0,0,0,0,0,0,0,0,0,0,0,0,0,0,0,0,0,0,0,0,0,0,0,0,0,0,0,0,0,0,0,0,0,0,0	0,0,0,0,0,0,0,0,0,0,0,0,0,0,0,0,0,0,0,0,0,0,0,0,0,0,0,1,0,0,0,0,0,0,0,0,0,0,0,0
tb.dut.clusters[0].cluster.sockets[0].socket.cores[0].core.execute.fpu_unit.genblk1[0].fpu_fpnew.genblk3[3].fpnew_core.gen_operation_groups[1].i_opgroup_block.gen_merged_slice.i_multifmt_slice.gen_num_lanes[0].active_lane.lane_instance.genblk1.i_fpnew_divsqrt_multi.i_divsqrt_lei.nrbd_nrsc_U0.control_U0.genblk4[2]	26	217	0	0	0	0	0	1	40896	40896	0,0,0,0,0,0,0,0,0,0,0,0,0,0,0,0,0,0,0,0,0,0,0,0,0,0,0,0,0,0,0,0,0,0,0,0,0,0,0,0	0,0,0,0,0,0,0,0,0,0,0,0,0,0,0,0,0,0,0,0,0,0,0,0,0,0,0,1,0,0,0,0,0,0,0,0,0,0,0,0	2	0	0	0	0	1	40896	40896	0,0,0,0,0,0,0,0,0,0,0,0,0,0,0,0,0,0,0,0,0,0,0,0,0,0,0,0,0,0,0,0,0,0,0,0,0,0,0,0	0,0,0,0,0,0,0,0,0,0,0,0,0,0,0,0,0,0,0,0,0,0,0,0,0,0,0,1,0,0,0,0,0,0,0,0,0,0,0,0
tb.dut.clusters[0].cluster.sockets[0].socket.cores[0].core.execute.fpu_unit.genblk1[0].fpu_fpnew.genblk3[3].fpnew_core.gen_operation_groups[1].i_opgroup_block.gen_merged_slice.i_multifmt_slice.gen_num_lanes[0].active_lane.lane_instance.genblk1.i_fpnew_divsqrt_multi.i_divsqrt_lei.nrbd_nrsc_U0.control_U0.genblk4[2].iteration_div_sqrt	27	217	0	0	0	0	0	1	40896	40896	0,0,0,0,0,0,0,0,0,0,0,0,0,0,0,0,0,0,0,0,0,0,0,0,0,0,0,0,0,0,0,0,0,0,0,0,0,0,0,0	0,0,0,0,0,0,0,0,0,0,0,0,0,0,0,0,0,0,0,0,0,0,0,0,0,0,0,1,0,0,0,0,0,0,0,0,0,0,0,0	2	0	0	0	0	1	40896	40896	0,0,0,0,0,0,0,0,0,0,0,0,0,0,0,0,0,0,0,0,0,0,0,0,0,0,0,0,0,0,0,0,0,0,0,0,0,0,0,0	0,0,0,0,0,0,0,0,0,0,0,0,0,0,0,0,0,0,0,0,0,0,0,0,0,0,0,1,0,0,0,0,0,0,0,0,0,0,0,0
tb.dut.clusters[0].cluster.sockets[0].socket.cores[0].core.execute.fpu_unit.genblk1[0].fpu_fpnew.genblk3[3].fpnew_core.gen_operation_groups[1].i_opgroup_block.gen_merged_slice.i_multifmt_slice.gen_num_lanes[0].active_lane.lane_instance.genblk1.i_fpnew_divsqrt_multi.i_divsqrt_lei.preprocess_U0	24	2777	3	2	2	2	1	3	40894	40872	2,0,0,0,0,0,0,0,0,0,0,0,0,0,0,0,0,0,0,0,0,0,0,0,0,0,0,0,0,0,0,0,0,0,0,0,0,0,0,0	0,0,1,0,0,0,0,0,0,0,0,0,0,0,0,0,1,0,0,0,0,0,0,0,0,0,0,1,0,0,0,0,0,0,0,0,0,0,0,0	14	0	0	0	0	1	40896	40896	0,0,0,0,0,0,0,0,0,0,0,0,0,0,0,0,0,0,0,0,0,0,0,0,0,0,0,0,0,0,0,0,0,0,0,0,0,0,0,0	0,0,0,0,0,0,0,0,0,0,0,0,0,0,0,0,0,0,0,0,0,0,0,0,0,0,0,1,0,0,0,0,0,0,0,0,0,0,0,0
tb.dut.clusters[0].cluster.sockets[0].socket.cores[0].core.execute.fpu_unit.genblk1[0].fpu_fpnew.genblk3[3].fpnew_core.gen_operation_groups[1].i_opgroup_block.gen_merged_slice.i_multifmt_slice.gen_num_lanes[0].active_lane.lane_instance.genblk1.i_fpnew_divsqrt_multi.i_divsqrt_lei.preprocess_U0.LOD_Ua	25	976	0	0	0	0	0	1	40896	40896	0,0,0,0,0,0,0,0,0,0,0,0,0,0,0,0,0,0,0,0,0,0,0,0,0,0,0,0,0,0,0,0,0,0,0,0,0,0,0,0	0,0,0,0,0,0,0,0,0,0,0,0,0,0,0,0,0,0,0,0,0,0,0,0,0,0,0,1,0,0,0,0,0,0,0,0,0,0,0,0	5	0	0	0	0	1	40896	40896	0,0,0,0,0,0,0,0,0,0,0,0,0,0,0,0,0,0,0,0,0,0,0,0,0,0,0,0,0,0,0,0,0,0,0,0,0,0,0,0	0,0,0,0,0,0,0,0,0,0,0,0,0,0,0,0,0,0,0,0,0,0,0,0,0,0,0,1,0,0,0,0,0,0,0,0,0,0,0,0
tb.dut.clusters[0].cluster.sockets[0].socket.cores[0].core.execute.fpu_unit.genblk1[0].fpu_fpnew.genblk3[3].fpnew_core.gen_operation_groups[1].i_opgroup_block.gen_merged_slice.i_multifmt_slice.gen_num_lanes[0].active_lane.lane_instance.genblk1.i_fpnew_divsqrt_multi.i_divsqrt_lei.preprocess_U0.LOD_Ua.gen_lzc	26	851	0	0	0	0	0	1	40896	40896	0,0,0,0,0,0,0,0,0,0,0,0,0,0,0,0,0,0,0,0,0,0,0,0,0,0,0,0,0,0,0,0,0,0,0,0,0,0,0,0	0,0,0,0,0,0,0,0,0,0,0,0,0,0,0,0,0,0,0,0,0,0,0,0,0,0,0,1,0,0,0,0,0,0,0,0,0,0,0,0	5	0	0	0	0	1	40896	40896	0,0,0,0,0,0,0,0,0,0,0,0,0,0,0,0,0,0,0,0,0,0,0,0,0,0,0,0,0,0,0,0,0,0,0,0,0,0,0,0	0,0,0,0,0,0,0,0,0,0,0,0,0,0,0,0,0,0,0,0,0,0,0,0,0,0,0,1,0,0,0,0,0,0,0,0,0,0,0,0
tb.dut.clusters[0].cluster.sockets[0].socket.cores[0].core.execute.fpu_unit.genblk1[0].fpu_fpnew.genblk3[3].fpnew_core.gen_operation_groups[1].i_opgroup_block.gen_merged_slice.i_multifmt_slice.gen_num_lanes[0].active_lane.lane_instance.genblk1.i_fpnew_divsqrt_multi.i_divsqrt_lei.preprocess_U0.LOD_Ub	25	976	0	0	0	0	0	1	40896	40896	0,0,0,0,0,0,0,0,0,0,0,0,0,0,0,0,0,0,0,0,0,0,0,0,0,0,0,0,0,0,0,0,0,0,0,0,0,0,0,0	0,0,0,0,0,0,0,0,0,0,0,0,0,0,0,0,0,0,0,0,0,0,0,0,0,0,0,1,0,0,0,0,0,0,0,0,0,0,0,0	5	0	0	0	0	1	40896	40896	0,0,0,0,0,0,0,0,0,0,0,0,0,0,0,0,0,0,0,0,0,0,0,0,0,0,0,0,0,0,0,0,0,0,0,0,0,0,0,0	0,0,0,0,0,0,0,0,0,0,0,0,0,0,0,0,0,0,0,0,0,0,0,0,0,0,0,1,0,0,0,0,0,0,0,0,0,0,0,0
tb.dut.clusters[0].cluster.sockets[0].socket.cores[0].core.execute.fpu_unit.genblk1[0].fpu_fpnew.genblk3[3].fpnew_core.gen_operation_groups[1].i_opgroup_block.gen_merged_slice.i_multifmt_slice.gen_num_lanes[0].active_lane.lane_instance.genblk1.i_fpnew_divsqrt_multi.i_divsqrt_lei.preprocess_U0.LOD_Ub.gen_lzc	26	851	0	0	0	0	0	1	40896	40896	0,0,0,0,0,0,0,0,0,0,0,0,0,0,0,0,0,0,0,0,0,0,0,0,0,0,0,0,0,0,0,0,0,0,0,0,0,0,0,0	0,0,0,0,0,0,0,0,0,0,0,0,0,0,0,0,0,0,0,0,0,0,0,0,0,0,0,1,0,0,0,0,0,0,0,0,0,0,0,0	5	0	0	0	0	1	40896	40896	0,0,0,0,0,0,0,0,0,0,0,0,0,0,0,0,0,0,0,0,0,0,0,0,0,0,0,0,0,0,0,0,0,0,0,0,0,0,0,0	0,0,0,0,0,0,0,0,0,0,0,0,0,0,0,0,0,0,0,0,0,0,0,0,0,0,0,1,0,0,0,0,0,0,0,0,0,0,0,0
tb.dut.clusters[0].cluster.sockets[0].socket.cores[0].core.execute.fpu_unit.genblk1[0].fpu_fpnew.genblk3[3].fpnew_core.gen_operation_groups[1].i_opgroup_block.gen_merged_slice.i_multifmt_slice.gen_num_lanes[0].pack_fp_result[0]	19	32	0	0	0	0	0	1	40896	40896	0,0,0,0,0,0,0,0,0,0,0,0,0,0,0,0,0,0,0,0,0,0,0,0,0,0,0,0,0,0,0,0,0,0,0,0,0,0,0,0	0,0,0,0,0,0,0,0,0,0,0,0,0,0,0,0,0,0,0,0,0,0,0,0,0,0,0,1,0,0,0,0,0,0,0,0,0,0,0,0	2	0	0	0	0	1	40896	40896	0,0,0,0,0,0,0,0,0,0,0,0,0,0,0,0,0,0,0,0,0,0,0,0,0,0,0,0,0,0,0,0,0,0,0,0,0,0,0,0	0,0,0,0,0,0,0,0,0,0,0,0,0,0,0,0,0,0,0,0,0,0,0,0,0,0,0,1,0,0,0,0,0,0,0,0,0,0,0,0
tb.dut.clusters[0].cluster.sockets[0].socket.cores[0].core.execute.fpu_unit.genblk1[0].fpu_fpnew.genblk3[3].fpnew_core.gen_operation_groups[1].i_opgroup_block.gen_merged_slice.i_multifmt_slice.gen_num_lanes[0].pack_fp_result[1]	19	32	0	0	0	0	0	1	40896	40896	0,0,0,0,0,0,0,0,0,0,0,0,0,0,0,0,0,0,0,0,0,0,0,0,0,0,0,0,0,0,0,0,0,0,0,0,0,0,0,0	0,0,0,0,0,0,0,0,0,0,0,0,0,0,0,0,0,0,0,0,0,0,0,0,0,0,0,1,0,0,0,0,0,0,0,0,0,0,0,0	2	0	0	0	0	1	40896	40896	0,0,0,0,0,0,0,0,0,0,0,0,0,0,0,0,0,0,0,0,0,0,0,0,0,0,0,0,0,0,0,0,0,0,0,0,0,0,0,0	0,0,0,0,0,0,0,0,0,0,0,0,0,0,0,0,0,0,0,0,0,0,0,0,0,0,0,1,0,0,0,0,0,0,0,0,0,0,0,0
tb.dut.clusters[0].cluster.sockets[0].socket.cores[0].core.execute.fpu_unit.genblk1[0].fpu_fpnew.genblk3[3].fpnew_core.gen_operation_groups[1].i_opgroup_block.gen_merged_slice.i_multifmt_slice.gen_num_lanes[0].pack_fp_result[2]	19	32	0	0	0	0	0	1	40896	40896	0,0,0,0,0,0,0,0,0,0,0,0,0,0,0,0,0,0,0,0,0,0,0,0,0,0,0,0,0,0,0,0,0,0,0,0,0,0,0,0	0,0,0,0,0,0,0,0,0,0,0,0,0,0,0,0,0,0,0,0,0,0,0,0,0,0,0,1,0,0,0,0,0,0,0,0,0,0,0,0	2	0	0	0	0	1	40896	40896	0,0,0,0,0,0,0,0,0,0,0,0,0,0,0,0,0,0,0,0,0,0,0,0,0,0,0,0,0,0,0,0,0,0,0,0,0,0,0,0	0,0,0,0,0,0,0,0,0,0,0,0,0,0,0,0,0,0,0,0,0,0,0,0,0,0,0,1,0,0,0,0,0,0,0,0,0,0,0,0
tb.dut.clusters[0].cluster.sockets[0].socket.cores[0].core.execute.fpu_unit.genblk1[0].fpu_fpnew.genblk3[3].fpnew_core.gen_operation_groups[1].i_opgroup_block.gen_merged_slice.i_multifmt_slice.gen_num_lanes[0].pack_fp_result[3]	19	32	0	0	0	0	0	1	40896	40896	0,0,0,0,0,0,0,0,0,0,0,0,0,0,0,0,0,0,0,0,0,0,0,0,0,0,0,0,0,0,0,0,0,0,0,0,0,0,0,0	0,0,0,0,0,0,0,0,0,0,0,0,0,0,0,0,0,0,0,0,0,0,0,0,0,0,0,1,0,0,0,0,0,0,0,0,0,0,0,0	2	0	0	0	0	1	40896	40896	0,0,0,0,0,0,0,0,0,0,0,0,0,0,0,0,0,0,0,0,0,0,0,0,0,0,0,0,0,0,0,0,0,0,0,0,0,0,0,0	0,0,0,0,0,0,0,0,0,0,0,0,0,0,0,0,0,0,0,0,0,0,0,0,0,0,0,1,0,0,0,0,0,0,0,0,0,0,0,0
tb.dut.clusters[0].cluster.sockets[0].socket.cores[0].core.execute.fpu_unit.genblk1[0].fpu_fpnew.genblk3[3].fpnew_core.gen_operation_groups[1].i_opgroup_block.gen_merged_slice.i_multifmt_slice.gen_num_lanes[0].pack_fp_result[4]	19	32	0	0	0	0	0	1	40896	40896	0,0,0,0,0,0,0,0,0,0,0,0,0,0,0,0,0,0,0,0,0,0,0,0,0,0,0,0,0,0,0,0,0,0,0,0,0,0,0,0	0,0,0,0,0,0,0,0,0,0,0,0,0,0,0,0,0,0,0,0,0,0,0,0,0,0,0,1,0,0,0,0,0,0,0,0,0,0,0,0	2	0	0	0	0	1	40896	40896	0,0,0,0,0,0,0,0,0,0,0,0,0,0,0,0,0,0,0,0,0,0,0,0,0,0,0,0,0,0,0,0,0,0,0,0,0,0,0,0	0,0,0,0,0,0,0,0,0,0,0,0,0,0,0,0,0,0,0,0,0,0,0,0,0,0,0,1,0,0,0,0,0,0,0,0,0,0,0,0
tb.dut.clusters[0].cluster.sockets[0].socket.cores[0].core.execute.fpu_unit.genblk1[0].fpu_fpnew.genblk3[3].fpnew_core.gen_operation_groups[1].i_opgroup_block.gen_parallel_slices[0]	16	2	0	0	0	0	0	1	40896	40896	0,0,0,0,0,0,0,0,0,0,0,0,0,0,0,0,0,0,0,0,0,0,0,0,0,0,0,0,0,0,0,0,0,0,0,0,0,0,0,0	0,0,0,0,0,0,0,0,0,0,0,0,0,0,0,0,0,0,0,0,0,0,0,0,0,0,0,1,0,0,0,0,0,0,0,0,0,0,0,0	2	0	0	0	0	1	40896	40896	0,0,0,0,0,0,0,0,0,0,0,0,0,0,0,0,0,0,0,0,0,0,0,0,0,0,0,0,0,0,0,0,0,0,0,0,0,0,0,0	0,0,0,0,0,0,0,0,0,0,0,0,0,0,0,0,0,0,0,0,0,0,0,0,0,0,0,1,0,0,0,0,0,0,0,0,0,0,0,0
tb.dut.clusters[0].cluster.sockets[0].socket.cores[0].core.execute.fpu_unit.genblk1[0].fpu_fpnew.genblk3[3].fpnew_core.gen_operation_groups[1].i_opgroup_block.gen_parallel_slices[1]	16	2	0	0	0	0	0	1	40896	40896	0,0,0,0,0,0,0,0,0,0,0,0,0,0,0,0,0,0,0,0,0,0,0,0,0,0,0,0,0,0,0,0,0,0,0,0,0,0,0,0	0,0,0,0,0,0,0,0,0,0,0,0,0,0,0,0,0,0,0,0,0,0,0,0,0,0,0,1,0,0,0,0,0,0,0,0,0,0,0,0	2	0	0	0	0	1	40896	40896	0,0,0,0,0,0,0,0,0,0,0,0,0,0,0,0,0,0,0,0,0,0,0,0,0,0,0,0,0,0,0,0,0,0,0,0,0,0,0,0	0,0,0,0,0,0,0,0,0,0,0,0,0,0,0,0,0,0,0,0,0,0,0,0,0,0,0,1,0,0,0,0,0,0,0,0,0,0,0,0
tb.dut.clusters[0].cluster.sockets[0].socket.cores[0].core.execute.fpu_unit.genblk1[0].fpu_fpnew.genblk3[3].fpnew_core.gen_operation_groups[1].i_opgroup_block.gen_parallel_slices[2]	16	2	0	0	0	0	0	1	40896	40896	0,0,0,0,0,0,0,0,0,0,0,0,0,0,0,0,0,0,0,0,0,0,0,0,0,0,0,0,0,0,0,0,0,0,0,0,0,0,0,0	0,0,0,0,0,0,0,0,0,0,0,0,0,0,0,0,0,0,0,0,0,0,0,0,0,0,0,1,0,0,0,0,0,0,0,0,0,0,0,0	2	0	0	0	0	1	40896	40896	0,0,0,0,0,0,0,0,0,0,0,0,0,0,0,0,0,0,0,0,0,0,0,0,0,0,0,0,0,0,0,0,0,0,0,0,0,0,0,0	0,0,0,0,0,0,0,0,0,0,0,0,0,0,0,0,0,0,0,0,0,0,0,0,0,0,0,1,0,0,0,0,0,0,0,0,0,0,0,0
tb.dut.clusters[0].cluster.sockets[0].socket.cores[0].core.execute.fpu_unit.genblk1[0].fpu_fpnew.genblk3[3].fpnew_core.gen_operation_groups[1].i_opgroup_block.gen_parallel_slices[3]	16	2	0	0	0	0	0	1	40896	40896	0,0,0,0,0,0,0,0,0,0,0,0,0,0,0,0,0,0,0,0,0,0,0,0,0,0,0,0,0,0,0,0,0,0,0,0,0,0,0,0	0,0,0,0,0,0,0,0,0,0,0,0,0,0,0,0,0,0,0,0,0,0,0,0,0,0,0,1,0,0,0,0,0,0,0,0,0,0,0,0	2	0	0	0	0	1	40896	40896	0,0,0,0,0,0,0,0,0,0,0,0,0,0,0,0,0,0,0,0,0,0,0,0,0,0,0,0,0,0,0,0,0,0,0,0,0,0,0,0	0,0,0,0,0,0,0,0,0,0,0,0,0,0,0,0,0,0,0,0,0,0,0,0,0,0,0,1,0,0,0,0,0,0,0,0,0,0,0,0
tb.dut.clusters[0].cluster.sockets[0].socket.cores[0].core.execute.fpu_unit.genblk1[0].fpu_fpnew.genblk3[3].fpnew_core.gen_operation_groups[1].i_opgroup_block.gen_parallel_slices[4]	16	2	0	0	0	0	0	1	40896	40896	0,0,0,0,0,0,0,0,0,0,0,0,0,0,0,0,0,0,0,0,0,0,0,0,0,0,0,0,0,0,0,0,0,0,0,0,0,0,0,0	0,0,0,0,0,0,0,0,0,0,0,0,0,0,0,0,0,0,0,0,0,0,0,0,0,0,0,1,0,0,0,0,0,0,0,0,0,0,0,0	2	0	0	0	0	1	40896	40896	0,0,0,0,0,0,0,0,0,0,0,0,0,0,0,0,0,0,0,0,0,0,0,0,0,0,0,0,0,0,0,0,0,0,0,0,0,0,0,0	0,0,0,0,0,0,0,0,0,0,0,0,0,0,0,0,0,0,0,0,0,0,0,0,0,0,0,1,0,0,0,0,0,0,0,0,0,0,0,0
tb.dut.clusters[0].cluster.sockets[0].socket.cores[0].core.execute.fpu_unit.genblk1[0].fpu_fpnew.genblk3[3].fpnew_core.gen_operation_groups[1].i_opgroup_block.i_arbiter	16	1510	4	2	2	2	1	3	40894	40872	2,0,0,0,0,0,0,0,0,0,0,0,0,0,0,0,0,0,0,0,0,0,0,0,0,0,0,0,0,0,0,0,0,0,0,0,0,0,0,0	0,0,1,0,0,0,0,0,0,0,0,0,0,0,0,0,1,0,0,0,0,0,0,0,0,0,0,1,0,0,0,0,0,0,0,0,0,0,0,0	8	0	0	0	0	1	40896	40896	0,0,0,0,0,0,0,0,0,0,0,0,0,0,0,0,0,0,0,0,0,0,0,0,0,0,0,0,0,0,0,0,0,0,0,0,0,0,0,0	0,0,0,0,0,0,0,0,0,0,0,0,0,0,0,0,0,0,0,0,0,0,0,0,0,0,0,1,0,0,0,0,0,0,0,0,0,0,0,0
tb.dut.clusters[0].cluster.sockets[0].socket.cores[0].core.execute.fpu_unit.genblk1[0].fpu_fpnew.genblk3[3].fpnew_core.gen_operation_groups[1].i_opgroup_block.i_arbiter.gen_arbiter	17	1150	0	0	0	0	0	1	40896	40896	0,0,0,0,0,0,0,0,0,0,0,0,0,0,0,0,0,0,0,0,0,0,0,0,0,0,0,0,0,0,0,0,0,0,0,0,0,0,0,0	0,0,0,0,0,0,0,0,0,0,0,0,0,0,0,0,0,0,0,0,0,0,0,0,0,0,0,1,0,0,0,0,0,0,0,0,0,0,0,0	6	0	0	0	0	1	40896	40896	0,0,0,0,0,0,0,0,0,0,0,0,0,0,0,0,0,0,0,0,0,0,0,0,0,0,0,0,0,0,0,0,0,0,0,0,0,0,0,0	0,0,0,0,0,0,0,0,0,0,0,0,0,0,0,0,0,0,0,0,0,0,0,0,0,0,0,1,0,0,0,0,0,0,0,0,0,0,0,0
tb.dut.clusters[0].cluster.sockets[0].socket.cores[0].core.execute.fpu_unit.genblk1[0].fpu_fpnew.genblk3[3].fpnew_core.gen_operation_groups[1].i_opgroup_block.i_arbiter.gen_arbiter.gen_int_rr	18	340	0	0	0	0	0	1	40896	40896	0,0,0,0,0,0,0,0,0,0,0,0,0,0,0,0,0,0,0,0,0,0,0,0,0,0,0,0,0,0,0,0,0,0,0,0,0,0,0,0	0,0,0,0,0,0,0,0,0,0,0,0,0,0,0,0,0,0,0,0,0,0,0,0,0,0,0,1,0,0,0,0,0,0,0,0,0,0,0,0	2	0	0	0	0	1	40896	40896	0,0,0,0,0,0,0,0,0,0,0,0,0,0,0,0,0,0,0,0,0,0,0,0,0,0,0,0,0,0,0,0,0,0,0,0,0,0,0,0	0,0,0,0,0,0,0,0,0,0,0,0,0,0,0,0,0,0,0,0,0,0,0,0,0,0,0,1,0,0,0,0,0,0,0,0,0,0,0,0
tb.dut.clusters[0].cluster.sockets[0].socket.cores[0].core.execute.fpu_unit.genblk1[0].fpu_fpnew.genblk3[3].fpnew_core.gen_operation_groups[1].i_opgroup_block.i_arbiter.gen_arbiter.gen_int_rr.gen_fair_arb	19	337	0	0	0	0	0	1	40896	40896	0,0,0,0,0,0,0,0,0,0,0,0,0,0,0,0,0,0,0,0,0,0,0,0,0,0,0,0,0,0,0,0,0,0,0,0,0,0,0,0	0,0,0,0,0,0,0,0,0,0,0,0,0,0,0,0,0,0,0,0,0,0,0,0,0,0,0,1,0,0,0,0,0,0,0,0,0,0,0,0	2	0	0	0	0	1	40896	40896	0,0,0,0,0,0,0,0,0,0,0,0,0,0,0,0,0,0,0,0,0,0,0,0,0,0,0,0,0,0,0,0,0,0,0,0,0,0,0,0	0,0,0,0,0,0,0,0,0,0,0,0,0,0,0,0,0,0,0,0,0,0,0,0,0,0,0,1,0,0,0,0,0,0,0,0,0,0,0,0
tb.dut.clusters[0].cluster.sockets[0].socket.cores[0].core.execute.fpu_unit.genblk1[0].fpu_fpnew.genblk3[3].fpnew_core.gen_operation_groups[1].i_opgroup_block.i_arbiter.gen_arbiter.gen_int_rr.gen_fair_arb.i_lzc_lower	20	158	0	0	0	0	0	1	40896	40896	0,0,0,0,0,0,0,0,0,0,0,0,0,0,0,0,0,0,0,0,0,0,0,0,0,0,0,0,0,0,0,0,0,0,0,0,0,0,0,0	0,0,0,0,0,0,0,0,0,0,0,0,0,0,0,0,0,0,0,0,0,0,0,0,0,0,0,1,0,0,0,0,0,0,0,0,0,0,0,0	2	0	0	0	0	1	40896	40896	0,0,0,0,0,0,0,0,0,0,0,0,0,0,0,0,0,0,0,0,0,0,0,0,0,0,0,0,0,0,0,0,0,0,0,0,0,0,0,0	0,0,0,0,0,0,0,0,0,0,0,0,0,0,0,0,0,0,0,0,0,0,0,0,0,0,0,1,0,0,0,0,0,0,0,0,0,0,0,0
tb.dut.clusters[0].cluster.sockets[0].socket.cores[0].core.execute.fpu_unit.genblk1[0].fpu_fpnew.genblk3[3].fpnew_core.gen_operation_groups[1].i_opgroup_block.i_arbiter.gen_arbiter.gen_int_rr.gen_fair_arb.i_lzc_lower.gen_lzc	21	84	0	0	0	0	0	1	40896	40896	0,0,0,0,0,0,0,0,0,0,0,0,0,0,0,0,0,0,0,0,0,0,0,0,0,0,0,0,0,0,0,0,0,0,0,0,0,0,0,0	0,0,0,0,0,0,0,0,0,0,0,0,0,0,0,0,0,0,0,0,0,0,0,0,0,0,0,1,0,0,0,0,0,0,0,0,0,0,0,0	2	0	0	0	0	1	40896	40896	0,0,0,0,0,0,0,0,0,0,0,0,0,0,0,0,0,0,0,0,0,0,0,0,0,0,0,0,0,0,0,0,0,0,0,0,0,0,0,0	0,0,0,0,0,0,0,0,0,0,0,0,0,0,0,0,0,0,0,0,0,0,0,0,0,0,0,1,0,0,0,0,0,0,0,0,0,0,0,0
tb.dut.clusters[0].cluster.sockets[0].socket.cores[0].core.execute.fpu_unit.genblk1[0].fpu_fpnew.genblk3[3].fpnew_core.gen_operation_groups[1].i_opgroup_block.i_arbiter.gen_arbiter.gen_int_rr.gen_fair_arb.i_lzc_upper	20	158	0	0	0	0	0	1	40896	40896	0,0,0,0,0,0,0,0,0,0,0,0,0,0,0,0,0,0,0,0,0,0,0,0,0,0,0,0,0,0,0,0,0,0,0,0,0,0,0,0	0,0,0,0,0,0,0,0,0,0,0,0,0,0,0,0,0,0,0,0,0,0,0,0,0,0,0,1,0,0,0,0,0,0,0,0,0,0,0,0	2	0	0	0	0	1	40896	40896	0,0,0,0,0,0,0,0,0,0,0,0,0,0,0,0,0,0,0,0,0,0,0,0,0,0,0,0,0,0,0,0,0,0,0,0,0,0,0,0	0,0,0,0,0,0,0,0,0,0,0,0,0,0,0,0,0,0,0,0,0,0,0,0,0,0,0,1,0,0,0,0,0,0,0,0,0,0,0,0
tb.dut.clusters[0].cluster.sockets[0].socket.cores[0].core.execute.fpu_unit.genblk1[0].fpu_fpnew.genblk3[3].fpnew_core.gen_operation_groups[1].i_opgroup_block.i_arbiter.gen_arbiter.gen_int_rr.gen_fair_arb.i_lzc_upper.gen_lzc	21	84	0	0	0	0	0	1	40896	40896	0,0,0,0,0,0,0,0,0,0,0,0,0,0,0,0,0,0,0,0,0,0,0,0,0,0,0,0,0,0,0,0,0,0,0,0,0,0,0,0	0,0,0,0,0,0,0,0,0,0,0,0,0,0,0,0,0,0,0,0,0,0,0,0,0,0,0,1,0,0,0,0,0,0,0,0,0,0,0,0	2	0	0	0	0	1	40896	40896	0,0,0,0,0,0,0,0,0,0,0,0,0,0,0,0,0,0,0,0,0,0,0,0,0,0,0,0,0,0,0,0,0,0,0,0,0,0,0,0	0,0,0,0,0,0,0,0,0,0,0,0,0,0,0,0,0,0,0,0,0,0,0,0,0,0,0,1,0,0,0,0,0,0,0,0,0,0,0,0
tb.dut.clusters[0].cluster.sockets[0].socket.cores[0].core.execute.fpu_unit.genblk1[0].fpu_fpnew.genblk3[3].fpnew_core.gen_operation_groups[1].i_opgroup_block.i_arbiter.gen_arbiter.gen_levels[0]	18	65	0	0	0	0	0	1	40896	40896	0,0,0,0,0,0,0,0,0,0,0,0,0,0,0,0,0,0,0,0,0,0,0,0,0,0,0,0,0,0,0,0,0,0,0,0,0,0,0,0	0,0,0,0,0,0,0,0,0,0,0,0,0,0,0,0,0,0,0,0,0,0,0,0,0,0,0,1,0,0,0,0,0,0,0,0,0,0,0,0	2	0	0	0	0	1	40896	40896	0,0,0,0,0,0,0,0,0,0,0,0,0,0,0,0,0,0,0,0,0,0,0,0,0,0,0,0,0,0,0,0,0,0,0,0,0,0,0,0	0,0,0,0,0,0,0,0,0,0,0,0,0,0,0,0,0,0,0,0,0,0,0,0,0,0,0,1,0,0,0,0,0,0,0,0,0,0,0,0
tb.dut.clusters[0].cluster.sockets[0].socket.cores[0].core.execute.fpu_unit.genblk1[0].fpu_fpnew.genblk3[3].fpnew_core.gen_operation_groups[1].i_opgroup_block.i_arbiter.gen_arbiter.gen_levels[0].gen_level[0]	19	65	0	0	0	0	0	1	40896	40896	0,0,0,0,0,0,0,0,0,0,0,0,0,0,0,0,0,0,0,0,0,0,0,0,0,0,0,0,0,0,0,0,0,0,0,0,0,0,0,0	0,0,0,0,0,0,0,0,0,0,0,0,0,0,0,0,0,0,0,0,0,0,0,0,0,0,0,1,0,0,0,0,0,0,0,0,0,0,0,0	2	0	0	0	0	1	40896	40896	0,0,0,0,0,0,0,0,0,0,0,0,0,0,0,0,0,0,0,0,0,0,0,0,0,0,0,0,0,0,0,0,0,0,0,0,0,0,0,0	0,0,0,0,0,0,0,0,0,0,0,0,0,0,0,0,0,0,0,0,0,0,0,0,0,0,0,1,0,0,0,0,0,0,0,0,0,0,0,0
tb.dut.clusters[0].cluster.sockets[0].socket.cores[0].core.execute.fpu_unit.genblk1[0].fpu_fpnew.genblk3[3].fpnew_core.gen_operation_groups[1].i_opgroup_block.i_arbiter.gen_arbiter.gen_levels[1]	18	130	0	0	0	0	0	1	40896	40896	0,0,0,0,0,0,0,0,0,0,0,0,0,0,0,0,0,0,0,0,0,0,0,0,0,0,0,0,0,0,0,0,0,0,0,0,0,0,0,0	0,0,0,0,0,0,0,0,0,0,0,0,0,0,0,0,0,0,0,0,0,0,0,0,0,0,0,1,0,0,0,0,0,0,0,0,0,0,0,0	2	0	0	0	0	1	40896	40896	0,0,0,0,0,0,0,0,0,0,0,0,0,0,0,0,0,0,0,0,0,0,0,0,0,0,0,0,0,0,0,0,0,0,0,0,0,0,0,0	0,0,0,0,0,0,0,0,0,0,0,0,0,0,0,0,0,0,0,0,0,0,0,0,0,0,0,1,0,0,0,0,0,0,0,0,0,0,0,0
tb.dut.clusters[0].cluster.sockets[0].socket.cores[0].core.execute.fpu_unit.genblk1[0].fpu_fpnew.genblk3[3].fpnew_core.gen_operation_groups[1].i_opgroup_block.i_arbiter.gen_arbiter.gen_levels[1].gen_level[0]	19	65	0	0	0	0	0	1	40896	40896	0,0,0,0,0,0,0,0,0,0,0,0,0,0,0,0,0,0,0,0,0,0,0,0,0,0,0,0,0,0,0,0,0,0,0,0,0,0,0,0	0,0,0,0,0,0,0,0,0,0,0,0,0,0,0,0,0,0,0,0,0,0,0,0,0,0,0,1,0,0,0,0,0,0,0,0,0,0,0,0	2	0	0	0	0	1	40896	40896	0,0,0,0,0,0,0,0,0,0,0,0,0,0,0,0,0,0,0,0,0,0,0,0,0,0,0,0,0,0,0,0,0,0,0,0,0,0,0,0	0,0,0,0,0,0,0,0,0,0,0,0,0,0,0,0,0,0,0,0,0,0,0,0,0,0,0,1,0,0,0,0,0,0,0,0,0,0,0,0
tb.dut.clusters[0].cluster.sockets[0].socket.cores[0].core.execute.fpu_unit.genblk1[0].fpu_fpnew.genblk3[3].fpnew_core.gen_operation_groups[1].i_opgroup_block.i_arbiter.gen_arbiter.gen_levels[1].gen_level[1]	19	65	0	0	0	0	0	1	40896	40896	0,0,0,0,0,0,0,0,0,0,0,0,0,0,0,0,0,0,0,0,0,0,0,0,0,0,0,0,0,0,0,0,0,0,0,0,0,0,0,0	0,0,0,0,0,0,0,0,0,0,0,0,0,0,0,0,0,0,0,0,0,0,0,0,0,0,0,1,0,0,0,0,0,0,0,0,0,0,0,0	2	0	0	0	0	1	40896	40896	0,0,0,0,0,0,0,0,0,0,0,0,0,0,0,0,0,0,0,0,0,0,0,0,0,0,0,0,0,0,0,0,0,0,0,0,0,0,0,0	0,0,0,0,0,0,0,0,0,0,0,0,0,0,0,0,0,0,0,0,0,0,0,0,0,0,0,1,0,0,0,0,0,0,0,0,0,0,0,0
tb.dut.clusters[0].cluster.sockets[0].socket.cores[0].core.execute.fpu_unit.genblk1[0].fpu_fpnew.genblk3[3].fpnew_core.gen_operation_groups[1].i_opgroup_block.i_arbiter.gen_arbiter.gen_levels[2]	18	260	0	0	0	0	0	1	40896	40896	0,0,0,0,0,0,0,0,0,0,0,0,0,0,0,0,0,0,0,0,0,0,0,0,0,0,0,0,0,0,0,0,0,0,0,0,0,0,0,0	0,0,0,0,0,0,0,0,0,0,0,0,0,0,0,0,0,0,0,0,0,0,0,0,0,0,0,1,0,0,0,0,0,0,0,0,0,0,0,0	2	0	0	0	0	1	40896	40896	0,0,0,0,0,0,0,0,0,0,0,0,0,0,0,0,0,0,0,0,0,0,0,0,0,0,0,0,0,0,0,0,0,0,0,0,0,0,0,0	0,0,0,0,0,0,0,0,0,0,0,0,0,0,0,0,0,0,0,0,0,0,0,0,0,0,0,1,0,0,0,0,0,0,0,0,0,0,0,0
tb.dut.clusters[0].cluster.sockets[0].socket.cores[0].core.execute.fpu_unit.genblk1[0].fpu_fpnew.genblk3[3].fpnew_core.gen_operation_groups[1].i_opgroup_block.i_arbiter.gen_arbiter.gen_levels[2].gen_level[0]	19	65	0	0	0	0	0	1	40896	40896	0,0,0,0,0,0,0,0,0,0,0,0,0,0,0,0,0,0,0,0,0,0,0,0,0,0,0,0,0,0,0,0,0,0,0,0,0,0,0,0	0,0,0,0,0,0,0,0,0,0,0,0,0,0,0,0,0,0,0,0,0,0,0,0,0,0,0,1,0,0,0,0,0,0,0,0,0,0,0,0	2	0	0	0	0	1	40896	40896	0,0,0,0,0,0,0,0,0,0,0,0,0,0,0,0,0,0,0,0,0,0,0,0,0,0,0,0,0,0,0,0,0,0,0,0,0,0,0,0	0,0,0,0,0,0,0,0,0,0,0,0,0,0,0,0,0,0,0,0,0,0,0,0,0,0,0,1,0,0,0,0,0,0,0,0,0,0,0,0
tb.dut.clusters[0].cluster.sockets[0].socket.cores[0].core.execute.fpu_unit.genblk1[0].fpu_fpnew.genblk3[3].fpnew_core.gen_operation_groups[1].i_opgroup_block.i_arbiter.gen_arbiter.gen_levels[2].gen_level[1]	19	65	0	0	0	0	0	1	40896	40896	0,0,0,0,0,0,0,0,0,0,0,0,0,0,0,0,0,0,0,0,0,0,0,0,0,0,0,0,0,0,0,0,0,0,0,0,0,0,0,0	0,0,0,0,0,0,0,0,0,0,0,0,0,0,0,0,0,0,0,0,0,0,0,0,0,0,0,1,0,0,0,0,0,0,0,0,0,0,0,0	2	0	0	0	0	1	40896	40896	0,0,0,0,0,0,0,0,0,0,0,0,0,0,0,0,0,0,0,0,0,0,0,0,0,0,0,0,0,0,0,0,0,0,0,0,0,0,0,0	0,0,0,0,0,0,0,0,0,0,0,0,0,0,0,0,0,0,0,0,0,0,0,0,0,0,0,1,0,0,0,0,0,0,0,0,0,0,0,0
tb.dut.clusters[0].cluster.sockets[0].socket.cores[0].core.execute.fpu_unit.genblk1[0].fpu_fpnew.genblk3[3].fpnew_core.gen_operation_groups[1].i_opgroup_block.i_arbiter.gen_arbiter.gen_levels[2].gen_level[2]	19	65	0	0	0	0	0	1	40896	40896	0,0,0,0,0,0,0,0,0,0,0,0,0,0,0,0,0,0,0,0,0,0,0,0,0,0,0,0,0,0,0,0,0,0,0,0,0,0,0,0	0,0,0,0,0,0,0,0,0,0,0,0,0,0,0,0,0,0,0,0,0,0,0,0,0,0,0,1,0,0,0,0,0,0,0,0,0,0,0,0	2	0	0	0	0	1	40896	40896	0,0,0,0,0,0,0,0,0,0,0,0,0,0,0,0,0,0,0,0,0,0,0,0,0,0,0,0,0,0,0,0,0,0,0,0,0,0,0,0	0,0,0,0,0,0,0,0,0,0,0,0,0,0,0,0,0,0,0,0,0,0,0,0,0,0,0,1,0,0,0,0,0,0,0,0,0,0,0,0
tb.dut.clusters[0].cluster.sockets[0].socket.cores[0].core.execute.fpu_unit.genblk1[0].fpu_fpnew.genblk3[3].fpnew_core.gen_operation_groups[1].i_opgroup_block.i_arbiter.gen_arbiter.gen_levels[2].gen_level[3]	19	65	0	0	0	0	0	1	40896	40896	0,0,0,0,0,0,0,0,0,0,0,0,0,0,0,0,0,0,0,0,0,0,0,0,0,0,0,0,0,0,0,0,0,0,0,0,0,0,0,0	0,0,0,0,0,0,0,0,0,0,0,0,0,0,0,0,0,0,0,0,0,0,0,0,0,0,0,1,0,0,0,0,0,0,0,0,0,0,0,0	2	0	0	0	0	1	40896	40896	0,0,0,0,0,0,0,0,0,0,0,0,0,0,0,0,0,0,0,0,0,0,0,0,0,0,0,0,0,0,0,0,0,0,0,0,0,0,0,0	0,0,0,0,0,0,0,0,0,0,0,0,0,0,0,0,0,0,0,0,0,0,0,0,0,0,0,1,0,0,0,0,0,0,0,0,0,0,0,0
tb.dut.clusters[0].cluster.sockets[0].socket.cores[0].core.execute.fpu_unit.genblk1[0].fpu_fpnew.genblk3[3].fpnew_core.gen_operation_groups[2]	14	4265	21	2	2	2	1	3	40894	40872	2,0,0,0,0,0,0,0,0,0,0,0,0,0,0,0,0,0,0,0,0,0,0,0,0,0,0,0,0,0,0,0,0,0,0,0,0,0,0,0	0,0,1,0,0,0,0,0,0,0,0,0,0,0,0,0,1,0,0,0,0,0,0,0,0,0,0,1,0,0,0,0,0,0,0,0,0,0,0,0	22	0	0	0	0	1	40896	40896	0,0,0,0,0,0,0,0,0,0,0,0,0,0,0,0,0,0,0,0,0,0,0,0,0,0,0,0,0,0,0,0,0,0,0,0,0,0,0,0	0,0,0,0,0,0,0,0,0,0,0,0,0,0,0,0,0,0,0,0,0,0,0,0,0,0,0,1,0,0,0,0,0,0,0,0,0,0,0,0
tb.dut.clusters[0].cluster.sockets[0].socket.cores[0].core.execute.fpu_unit.genblk1[0].fpu_fpnew.genblk3[3].fpnew_core.gen_operation_groups[2].i_opgroup_block	15	4222	21	2	2	2	1	3	40894	40872	2,0,0,0,0,0,0,0,0,0,0,0,0,0,0,0,0,0,0,0,0,0,0,0,0,0,0,0,0,0,0,0,0,0,0,0,0,0,0,0	0,0,1,0,0,0,0,0,0,0,0,0,0,0,0,0,1,0,0,0,0,0,0,0,0,0,0,1,0,0,0,0,0,0,0,0,0,0,0,0	22	0	0	0	0	1	40896	40896	0,0,0,0,0,0,0,0,0,0,0,0,0,0,0,0,0,0,0,0,0,0,0,0,0,0,0,0,0,0,0,0,0,0,0,0,0,0,0,0	0,0,0,0,0,0,0,0,0,0,0,0,0,0,0,0,0,0,0,0,0,0,0,0,0,0,0,1,0,0,0,0,0,0,0,0,0,0,0,0
tb.dut.clusters[0].cluster.sockets[0].socket.cores[0].core.execute.fpu_unit.genblk1[0].fpu_fpnew.genblk3[3].fpnew_core.gen_operation_groups[2].i_opgroup_block.gen_parallel_slices[0]	16	1958	13	2	2	2	1	3	40894	40872	2,0,0,0,0,0,0,0,0,0,0,0,0,0,0,0,0,0,0,0,0,0,0,0,0,0,0,0,0,0,0,0,0,0,0,0,0,0,0,0	0,0,1,0,0,0,0,0,0,0,0,0,0,0,0,0,1,0,0,0,0,0,0,0,0,0,0,1,0,0,0,0,0,0,0,0,0,0,0,0	10	0	0	0	0	1	40896	40896	0,0,0,0,0,0,0,0,0,0,0,0,0,0,0,0,0,0,0,0,0,0,0,0,0,0,0,0,0,0,0,0,0,0,0,0,0,0,0,0	0,0,0,0,0,0,0,0,0,0,0,0,0,0,0,0,0,0,0,0,0,0,0,0,0,0,0,1,0,0,0,0,0,0,0,0,0,0,0,0
tb.dut.clusters[0].cluster.sockets[0].socket.cores[0].core.execute.fpu_unit.genblk1[0].fpu_fpnew.genblk3[3].fpnew_core.gen_operation_groups[2].i_opgroup_block.gen_parallel_slices[0].active_format	17	1956	13	2	2	2	1	3	40894	40872	2,0,0,0,0,0,0,0,0,0,0,0,0,0,0,0,0,0,0,0,0,0,0,0,0,0,0,0,0,0,0,0,0,0,0,0,0,0,0,0	0,0,1,0,0,0,0,0,0,0,0,0,0,0,0,0,1,0,0,0,0,0,0,0,0,0,0,1,0,0,0,0,0,0,0,0,0,0,0,0	10	0	0	0	0	1	40896	40896	0,0,0,0,0,0,0,0,0,0,0,0,0,0,0,0,0,0,0,0,0,0,0,0,0,0,0,0,0,0,0,0,0,0,0,0,0,0,0,0	0,0,0,0,0,0,0,0,0,0,0,0,0,0,0,0,0,0,0,0,0,0,0,0,0,0,0,1,0,0,0,0,0,0,0,0,0,0,0,0
tb.dut.clusters[0].cluster.sockets[0].socket.cores[0].core.execute.fpu_unit.genblk1[0].fpu_fpnew.genblk3[3].fpnew_core.gen_operation_groups[2].i_opgroup_block.gen_parallel_slices[0].active_format.i_fmt_slice	18	1922	13	2	2	2	1	3	40894	40872	2,0,0,0,0,0,0,0,0,0,0,0,0,0,0,0,0,0,0,0,0,0,0,0,0,0,0,0,0,0,0,0,0,0,0,0,0,0,0,0	0,0,1,0,0,0,0,0,0,0,0,0,0,0,0,0,1,0,0,0,0,0,0,0,0,0,0,1,0,0,0,0,0,0,0,0,0,0,0,0	10	0	0	0	0	1	40896	40896	0,0,0,0,0,0,0,0,0,0,0,0,0,0,0,0,0,0,0,0,0,0,0,0,0,0,0,0,0,0,0,0,0,0,0,0,0,0,0,0	0,0,0,0,0,0,0,0,0,0,0,0,0,0,0,0,0,0,0,0,0,0,0,0,0,0,0,1,0,0,0,0,0,0,0,0,0,0,0,0
tb.dut.clusters[0].cluster.sockets[0].socket.cores[0].core.execute.fpu_unit.genblk1[0].fpu_fpnew.genblk3[3].fpnew_core.gen_operation_groups[2].i_opgroup_block.gen_parallel_slices[0].active_format.i_fmt_slice.gen_num_lanes[0]	19	1343	6	2	2	2	1	3	40894	40872	2,0,0,0,0,0,0,0,0,0,0,0,0,0,0,0,0,0,0,0,0,0,0,0,0,0,0,0,0,0,0,0,0,0,0,0,0,0,0,0	0,0,1,0,0,0,0,0,0,0,0,0,0,0,0,0,1,0,0,0,0,0,0,0,0,0,0,1,0,0,0,0,0,0,0,0,0,0,0,0	7	0	0	0	0	1	40896	40896	0,0,0,0,0,0,0,0,0,0,0,0,0,0,0,0,0,0,0,0,0,0,0,0,0,0,0,0,0,0,0,0,0,0,0,0,0,0,0,0	0,0,0,0,0,0,0,0,0,0,0,0,0,0,0,0,0,0,0,0,0,0,0,0,0,0,0,1,0,0,0,0,0,0,0,0,0,0,0,0
tb.dut.clusters[0].cluster.sockets[0].socket.cores[0].core.execute.fpu_unit.genblk1[0].fpu_fpnew.genblk3[3].fpnew_core.gen_operation_groups[2].i_opgroup_block.gen_parallel_slices[0].active_format.i_fmt_slice.gen_num_lanes[0].active_lane	20	1310	6	2	2	2	1	3	40894	40872	2,0,0,0,0,0,0,0,0,0,0,0,0,0,0,0,0,0,0,0,0,0,0,0,0,0,0,0,0,0,0,0,0,0,0,0,0,0,0,0	0,0,1,0,0,0,0,0,0,0,0,0,0,0,0,0,1,0,0,0,0,0,0,0,0,0,0,1,0,0,0,0,0,0,0,0,0,0,0,0	7	0	0	0	0	1	40896	40896	0,0,0,0,0,0,0,0,0,0,0,0,0,0,0,0,0,0,0,0,0,0,0,0,0,0,0,0,0,0,0,0,0,0,0,0,0,0,0,0	0,0,0,0,0,0,0,0,0,0,0,0,0,0,0,0,0,0,0,0,0,0,0,0,0,0,0,1,0,0,0,0,0,0,0,0,0,0,0,0
tb.dut.clusters[0].cluster.sockets[0].socket.cores[0].core.execute.fpu_unit.genblk1[0].fpu_fpnew.genblk3[3].fpnew_core.gen_operation_groups[2].i_opgroup_block.gen_parallel_slices[0].active_format.i_fmt_slice.gen_num_lanes[0].active_lane.lane_instance	21	1206	6	2	2	2	1	3	40894	40872	2,0,0,0,0,0,0,0,0,0,0,0,0,0,0,0,0,0,0,0,0,0,0,0,0,0,0,0,0,0,0,0,0,0,0,0,0,0,0,0	0,0,1,0,0,0,0,0,0,0,0,0,0,0,0,0,1,0,0,0,0,0,0,0,0,0,0,1,0,0,0,0,0,0,0,0,0,0,0,0	7	0	0	0	0	1	40896	40896	0,0,0,0,0,0,0,0,0,0,0,0,0,0,0,0,0,0,0,0,0,0,0,0,0,0,0,0,0,0,0,0,0,0,0,0,0,0,0,0	0,0,0,0,0,0,0,0,0,0,0,0,0,0,0,0,0,0,0,0,0,0,0,0,0,0,0,1,0,0,0,0,0,0,0,0,0,0,0,0
tb.dut.clusters[0].cluster.sockets[0].socket.cores[0].core.execute.fpu_unit.genblk1[0].fpu_fpnew.genblk3[3].fpnew_core.gen_operation_groups[2].i_opgroup_block.gen_parallel_slices[0].active_format.i_fmt_slice.gen_num_lanes[0].active_lane.lane_instance.i_noncomp	22	1206	6	2	2	2	1	3	40894	40872	2,0,0,0,0,0,0,0,0,0,0,0,0,0,0,0,0,0,0,0,0,0,0,0,0,0,0,0,0,0,0,0,0,0,0,0,0,0,0,0	0,0,1,0,0,0,0,0,0,0,0,0,0,0,0,0,1,0,0,0,0,0,0,0,0,0,0,1,0,0,0,0,0,0,0,0,0,0,0,0	7	0	0	0	0	1	40896	40896	0,0,0,0,0,0,0,0,0,0,0,0,0,0,0,0,0,0,0,0,0,0,0,0,0,0,0,0,0,0,0,0,0,0,0,0,0,0,0,0	0,0,0,0,0,0,0,0,0,0,0,0,0,0,0,0,0,0,0,0,0,0,0,0,0,0,0,1,0,0,0,0,0,0,0,0,0,0,0,0
tb.dut.clusters[0].cluster.sockets[0].socket.cores[0].core.execute.fpu_unit.genblk1[0].fpu_fpnew.genblk3[3].fpnew_core.gen_operation_groups[2].i_opgroup_block.gen_parallel_slices[0].active_format.i_fmt_slice.gen_num_lanes[0].active_lane.lane_instance.i_noncomp.gen_input_pipeline[0]	23	1	0	0	0	0	0	1	40896	40896	0,0,0,0,0,0,0,0,0,0,0,0,0,0,0,0,0,0,0,0,0,0,0,0,0,0,0,0,0,0,0,0,0,0,0,0,0,0,0,0	0,0,0,0,0,0,0,0,0,0,0,0,0,0,0,0,0,0,0,0,0,0,0,0,0,0,0,1,0,0,0,0,0,0,0,0,0,0,0,0	2	0	0	0	0	1	40896	40896	0,0,0,0,0,0,0,0,0,0,0,0,0,0,0,0,0,0,0,0,0,0,0,0,0,0,0,0,0,0,0,0,0,0,0,0,0,0,0,0	0,0,0,0,0,0,0,0,0,0,0,0,0,0,0,0,0,0,0,0,0,0,0,0,0,0,0,1,0,0,0,0,0,0,0,0,0,0,0,0
tb.dut.clusters[0].cluster.sockets[0].socket.cores[0].core.execute.fpu_unit.genblk1[0].fpu_fpnew.genblk3[3].fpnew_core.gen_operation_groups[2].i_opgroup_block.gen_parallel_slices[0].active_format.i_fmt_slice.gen_num_lanes[0].active_lane.lane_instance.i_noncomp.gen_output_pipeline[0]	23	1	0	0	0	0	0	1	40896	40896	0,0,0,0,0,0,0,0,0,0,0,0,0,0,0,0,0,0,0,0,0,0,0,0,0,0,0,0,0,0,0,0,0,0,0,0,0,0,0,0	0,0,0,0,0,0,0,0,0,0,0,0,0,0,0,0,0,0,0,0,0,0,0,0,0,0,0,1,0,0,0,0,0,0,0,0,0,0,0,0	2	0	0	0	0	1	40896	40896	0,0,0,0,0,0,0,0,0,0,0,0,0,0,0,0,0,0,0,0,0,0,0,0,0,0,0,0,0,0,0,0,0,0,0,0,0,0,0,0	0,0,0,0,0,0,0,0,0,0,0,0,0,0,0,0,0,0,0,0,0,0,0,0,0,0,0,1,0,0,0,0,0,0,0,0,0,0,0,0
tb.dut.clusters[0].cluster.sockets[0].socket.cores[0].core.execute.fpu_unit.genblk1[0].fpu_fpnew.genblk3[3].fpnew_core.gen_operation_groups[2].i_opgroup_block.gen_parallel_slices[0].active_format.i_fmt_slice.gen_num_lanes[0].active_lane.lane_instance.i_noncomp.i_class_a	23	293	0	0	0	0	0	1	40896	40896	0,0,0,0,0,0,0,0,0,0,0,0,0,0,0,0,0,0,0,0,0,0,0,0,0,0,0,0,0,0,0,0,0,0,0,0,0,0,0,0	0,0,0,0,0,0,0,0,0,0,0,0,0,0,0,0,0,0,0,0,0,0,0,0,0,0,0,1,0,0,0,0,0,0,0,0,0,0,0,0	2	0	0	0	0	1	40896	40896	0,0,0,0,0,0,0,0,0,0,0,0,0,0,0,0,0,0,0,0,0,0,0,0,0,0,0,0,0,0,0,0,0,0,0,0,0,0,0,0	0,0,0,0,0,0,0,0,0,0,0,0,0,0,0,0,0,0,0,0,0,0,0,0,0,0,0,1,0,0,0,0,0,0,0,0,0,0,0,0
tb.dut.clusters[0].cluster.sockets[0].socket.cores[0].core.execute.fpu_unit.genblk1[0].fpu_fpnew.genblk3[3].fpnew_core.gen_operation_groups[2].i_opgroup_block.gen_parallel_slices[0].active_format.i_fmt_slice.gen_num_lanes[0].active_lane.lane_instance.i_noncomp.i_class_a.gen_num_values[0]	24	40	0	0	0	0	0	1	40896	40896	0,0,0,0,0,0,0,0,0,0,0,0,0,0,0,0,0,0,0,0,0,0,0,0,0,0,0,0,0,0,0,0,0,0,0,0,0,0,0,0	0,0,0,0,0,0,0,0,0,0,0,0,0,0,0,0,0,0,0,0,0,0,0,0,0,0,0,1,0,0,0,0,0,0,0,0,0,0,0,0	2	0	0	0	0	1	40896	40896	0,0,0,0,0,0,0,0,0,0,0,0,0,0,0,0,0,0,0,0,0,0,0,0,0,0,0,0,0,0,0,0,0,0,0,0,0,0,0,0	0,0,0,0,0,0,0,0,0,0,0,0,0,0,0,0,0,0,0,0,0,0,0,0,0,0,0,1,0,0,0,0,0,0,0,0,0,0,0,0
tb.dut.clusters[0].cluster.sockets[0].socket.cores[0].core.execute.fpu_unit.genblk1[0].fpu_fpnew.genblk3[3].fpnew_core.gen_operation_groups[2].i_opgroup_block.gen_parallel_slices[0].active_format.i_fmt_slice.gen_num_lanes[0].active_lane.lane_instance.i_noncomp.i_class_a.gen_num_values[1]	24	40	0	0	0	0	0	1	40896	40896	0,0,0,0,0,0,0,0,0,0,0,0,0,0,0,0,0,0,0,0,0,0,0,0,0,0,0,0,0,0,0,0,0,0,0,0,0,0,0,0	0,0,0,0,0,0,0,0,0,0,0,0,0,0,0,0,0,0,0,0,0,0,0,0,0,0,0,1,0,0,0,0,0,0,0,0,0,0,0,0	2	0	0	0	0	1	40896	40896	0,0,0,0,0,0,0,0,0,0,0,0,0,0,0,0,0,0,0,0,0,0,0,0,0,0,0,0,0,0,0,0,0,0,0,0,0,0,0,0	0,0,0,0,0,0,0,0,0,0,0,0,0,0,0,0,0,0,0,0,0,0,0,0,0,0,0,1,0,0,0,0,0,0,0,0,0,0,0,0
tb.dut.clusters[0].cluster.sockets[0].socket.cores[0].core.execute.fpu_unit.genblk1[0].fpu_fpnew.genblk3[3].fpnew_core.gen_operation_groups[2].i_opgroup_block.gen_parallel_slices[0].active_format.i_fmt_slice.gen_num_lanes[0].active_lane.lane_instance.i_noncomp.sign_injections	23	2	0	0	0	0	0	1	40896	40896	0,0,0,0,0,0,0,0,0,0,0,0,0,0,0,0,0,0,0,0,0,0,0,0,0,0,0,0,0,0,0,0,0,0,0,0,0,0,0,0	0,0,0,0,0,0,0,0,0,0,0,0,0,0,0,0,0,0,0,0,0,0,0,0,0,0,0,1,0,0,0,0,0,0,0,0,0,0,0,0	2	0	0	0	0	1	40896	40896	0,0,0,0,0,0,0,0,0,0,0,0,0,0,0,0,0,0,0,0,0,0,0,0,0,0,0,0,0,0,0,0,0,0,0,0,0,0,0,0	0,0,0,0,0,0,0,0,0,0,0,0,0,0,0,0,0,0,0,0,0,0,0,0,0,0,0,1,0,0,0,0,0,0,0,0,0,0,0,0
tb.dut.clusters[0].cluster.sockets[0].socket.cores[0].core.execute.fpu_unit.genblk1[0].fpu_fpnew.genblk3[3].fpnew_core.gen_operation_groups[2].i_opgroup_block.gen_parallel_slices[1]	16	2	0	0	0	0	0	1	40896	40896	0,0,0,0,0,0,0,0,0,0,0,0,0,0,0,0,0,0,0,0,0,0,0,0,0,0,0,0,0,0,0,0,0,0,0,0,0,0,0,0	0,0,0,0,0,0,0,0,0,0,0,0,0,0,0,0,0,0,0,0,0,0,0,0,0,0,0,1,0,0,0,0,0,0,0,0,0,0,0,0	2	0	0	0	0	1	40896	40896	0,0,0,0,0,0,0,0,0,0,0,0,0,0,0,0,0,0,0,0,0,0,0,0,0,0,0,0,0,0,0,0,0,0,0,0,0,0,0,0	0,0,0,0,0,0,0,0,0,0,0,0,0,0,0,0,0,0,0,0,0,0,0,0,0,0,0,1,0,0,0,0,0,0,0,0,0,0,0,0
tb.dut.clusters[0].cluster.sockets[0].socket.cores[0].core.execute.fpu_unit.genblk1[0].fpu_fpnew.genblk3[3].fpnew_core.gen_operation_groups[2].i_opgroup_block.gen_parallel_slices[2]	16	2	0	0	0	0	0	1	40896	40896	0,0,0,0,0,0,0,0,0,0,0,0,0,0,0,0,0,0,0,0,0,0,0,0,0,0,0,0,0,0,0,0,0,0,0,0,0,0,0,0	0,0,0,0,0,0,0,0,0,0,0,0,0,0,0,0,0,0,0,0,0,0,0,0,0,0,0,1,0,0,0,0,0,0,0,0,0,0,0,0	2	0	0	0	0	1	40896	40896	0,0,0,0,0,0,0,0,0,0,0,0,0,0,0,0,0,0,0,0,0,0,0,0,0,0,0,0,0,0,0,0,0,0,0,0,0,0,0,0	0,0,0,0,0,0,0,0,0,0,0,0,0,0,0,0,0,0,0,0,0,0,0,0,0,0,0,1,0,0,0,0,0,0,0,0,0,0,0,0
tb.dut.clusters[0].cluster.sockets[0].socket.cores[0].core.execute.fpu_unit.genblk1[0].fpu_fpnew.genblk3[3].fpnew_core.gen_operation_groups[2].i_opgroup_block.gen_parallel_slices[3]	16	2	0	0	0	0	0	1	40896	40896	0,0,0,0,0,0,0,0,0,0,0,0,0,0,0,0,0,0,0,0,0,0,0,0,0,0,0,0,0,0,0,0,0,0,0,0,0,0,0,0	0,0,0,0,0,0,0,0,0,0,0,0,0,0,0,0,0,0,0,0,0,0,0,0,0,0,0,1,0,0,0,0,0,0,0,0,0,0,0,0	2	0	0	0	0	1	40896	40896	0,0,0,0,0,0,0,0,0,0,0,0,0,0,0,0,0,0,0,0,0,0,0,0,0,0,0,0,0,0,0,0,0,0,0,0,0,0,0,0	0,0,0,0,0,0,0,0,0,0,0,0,0,0,0,0,0,0,0,0,0,0,0,0,0,0,0,1,0,0,0,0,0,0,0,0,0,0,0,0
tb.dut.clusters[0].cluster.sockets[0].socket.cores[0].core.execute.fpu_unit.genblk1[0].fpu_fpnew.genblk3[3].fpnew_core.gen_operation_groups[2].i_opgroup_block.gen_parallel_slices[4]	16	2	0	0	0	0	0	1	40896	40896	0,0,0,0,0,0,0,0,0,0,0,0,0,0,0,0,0,0,0,0,0,0,0,0,0,0,0,0,0,0,0,0,0,0,0,0,0,0,0,0	0,0,0,0,0,0,0,0,0,0,0,0,0,0,0,0,0,0,0,0,0,0,0,0,0,0,0,1,0,0,0,0,0,0,0,0,0,0,0,0	2	0	0	0	0	1	40896	40896	0,0,0,0,0,0,0,0,0,0,0,0,0,0,0,0,0,0,0,0,0,0,0,0,0,0,0,0,0,0,0,0,0,0,0,0,0,0,0,0	0,0,0,0,0,0,0,0,0,0,0,0,0,0,0,0,0,0,0,0,0,0,0,0,0,0,0,1,0,0,0,0,0,0,0,0,0,0,0,0
tb.dut.clusters[0].cluster.sockets[0].socket.cores[0].core.execute.fpu_unit.genblk1[0].fpu_fpnew.genblk3[3].fpnew_core.gen_operation_groups[2].i_opgroup_block.i_arbiter	16	1510	4	2	2	2	1	3	40894	40872	2,0,0,0,0,0,0,0,0,0,0,0,0,0,0,0,0,0,0,0,0,0,0,0,0,0,0,0,0,0,0,0,0,0,0,0,0,0,0,0	0,0,1,0,0,0,0,0,0,0,0,0,0,0,0,0,1,0,0,0,0,0,0,0,0,0,0,1,0,0,0,0,0,0,0,0,0,0,0,0	8	0	0	0	0	1	40896	40896	0,0,0,0,0,0,0,0,0,0,0,0,0,0,0,0,0,0,0,0,0,0,0,0,0,0,0,0,0,0,0,0,0,0,0,0,0,0,0,0	0,0,0,0,0,0,0,0,0,0,0,0,0,0,0,0,0,0,0,0,0,0,0,0,0,0,0,1,0,0,0,0,0,0,0,0,0,0,0,0
tb.dut.clusters[0].cluster.sockets[0].socket.cores[0].core.execute.fpu_unit.genblk1[0].fpu_fpnew.genblk3[3].fpnew_core.gen_operation_groups[2].i_opgroup_block.i_arbiter.gen_arbiter	17	1150	0	0	0	0	0	1	40896	40896	0,0,0,0,0,0,0,0,0,0,0,0,0,0,0,0,0,0,0,0,0,0,0,0,0,0,0,0,0,0,0,0,0,0,0,0,0,0,0,0	0,0,0,0,0,0,0,0,0,0,0,0,0,0,0,0,0,0,0,0,0,0,0,0,0,0,0,1,0,0,0,0,0,0,0,0,0,0,0,0	6	0	0	0	0	1	40896	40896	0,0,0,0,0,0,0,0,0,0,0,0,0,0,0,0,0,0,0,0,0,0,0,0,0,0,0,0,0,0,0,0,0,0,0,0,0,0,0,0	0,0,0,0,0,0,0,0,0,0,0,0,0,0,0,0,0,0,0,0,0,0,0,0,0,0,0,1,0,0,0,0,0,0,0,0,0,0,0,0
tb.dut.clusters[0].cluster.sockets[0].socket.cores[0].core.execute.fpu_unit.genblk1[0].fpu_fpnew.genblk3[3].fpnew_core.gen_operation_groups[2].i_opgroup_block.i_arbiter.gen_arbiter.gen_int_rr	18	340	0	0	0	0	0	1	40896	40896	0,0,0,0,0,0,0,0,0,0,0,0,0,0,0,0,0,0,0,0,0,0,0,0,0,0,0,0,0,0,0,0,0,0,0,0,0,0,0,0	0,0,0,0,0,0,0,0,0,0,0,0,0,0,0,0,0,0,0,0,0,0,0,0,0,0,0,1,0,0,0,0,0,0,0,0,0,0,0,0	2	0	0	0	0	1	40896	40896	0,0,0,0,0,0,0,0,0,0,0,0,0,0,0,0,0,0,0,0,0,0,0,0,0,0,0,0,0,0,0,0,0,0,0,0,0,0,0,0	0,0,0,0,0,0,0,0,0,0,0,0,0,0,0,0,0,0,0,0,0,0,0,0,0,0,0,1,0,0,0,0,0,0,0,0,0,0,0,0
tb.dut.clusters[0].cluster.sockets[0].socket.cores[0].core.execute.fpu_unit.genblk1[0].fpu_fpnew.genblk3[3].fpnew_core.gen_operation_groups[2].i_opgroup_block.i_arbiter.gen_arbiter.gen_int_rr.gen_fair_arb	19	337	0	0	0	0	0	1	40896	40896	0,0,0,0,0,0,0,0,0,0,0,0,0,0,0,0,0,0,0,0,0,0,0,0,0,0,0,0,0,0,0,0,0,0,0,0,0,0,0,0	0,0,0,0,0,0,0,0,0,0,0,0,0,0,0,0,0,0,0,0,0,0,0,0,0,0,0,1,0,0,0,0,0,0,0,0,0,0,0,0	2	0	0	0	0	1	40896	40896	0,0,0,0,0,0,0,0,0,0,0,0,0,0,0,0,0,0,0,0,0,0,0,0,0,0,0,0,0,0,0,0,0,0,0,0,0,0,0,0	0,0,0,0,0,0,0,0,0,0,0,0,0,0,0,0,0,0,0,0,0,0,0,0,0,0,0,1,0,0,0,0,0,0,0,0,0,0,0,0
tb.dut.clusters[0].cluster.sockets[0].socket.cores[0].core.execute.fpu_unit.genblk1[0].fpu_fpnew.genblk3[3].fpnew_core.gen_operation_groups[2].i_opgroup_block.i_arbiter.gen_arbiter.gen_int_rr.gen_fair_arb.i_lzc_lower	20	158	0	0	0	0	0	1	40896	40896	0,0,0,0,0,0,0,0,0,0,0,0,0,0,0,0,0,0,0,0,0,0,0,0,0,0,0,0,0,0,0,0,0,0,0,0,0,0,0,0	0,0,0,0,0,0,0,0,0,0,0,0,0,0,0,0,0,0,0,0,0,0,0,0,0,0,0,1,0,0,0,0,0,0,0,0,0,0,0,0	2	0	0	0	0	1	40896	40896	0,0,0,0,0,0,0,0,0,0,0,0,0,0,0,0,0,0,0,0,0,0,0,0,0,0,0,0,0,0,0,0,0,0,0,0,0,0,0,0	0,0,0,0,0,0,0,0,0,0,0,0,0,0,0,0,0,0,0,0,0,0,0,0,0,0,0,1,0,0,0,0,0,0,0,0,0,0,0,0
tb.dut.clusters[0].cluster.sockets[0].socket.cores[0].core.execute.fpu_unit.genblk1[0].fpu_fpnew.genblk3[3].fpnew_core.gen_operation_groups[2].i_opgroup_block.i_arbiter.gen_arbiter.gen_int_rr.gen_fair_arb.i_lzc_lower.gen_lzc	21	84	0	0	0	0	0	1	40896	40896	0,0,0,0,0,0,0,0,0,0,0,0,0,0,0,0,0,0,0,0,0,0,0,0,0,0,0,0,0,0,0,0,0,0,0,0,0,0,0,0	0,0,0,0,0,0,0,0,0,0,0,0,0,0,0,0,0,0,0,0,0,0,0,0,0,0,0,1,0,0,0,0,0,0,0,0,0,0,0,0	2	0	0	0	0	1	40896	40896	0,0,0,0,0,0,0,0,0,0,0,0,0,0,0,0,0,0,0,0,0,0,0,0,0,0,0,0,0,0,0,0,0,0,0,0,0,0,0,0	0,0,0,0,0,0,0,0,0,0,0,0,0,0,0,0,0,0,0,0,0,0,0,0,0,0,0,1,0,0,0,0,0,0,0,0,0,0,0,0
tb.dut.clusters[0].cluster.sockets[0].socket.cores[0].core.execute.fpu_unit.genblk1[0].fpu_fpnew.genblk3[3].fpnew_core.gen_operation_groups[2].i_opgroup_block.i_arbiter.gen_arbiter.gen_int_rr.gen_fair_arb.i_lzc_upper	20	158	0	0	0	0	0	1	40896	40896	0,0,0,0,0,0,0,0,0,0,0,0,0,0,0,0,0,0,0,0,0,0,0,0,0,0,0,0,0,0,0,0,0,0,0,0,0,0,0,0	0,0,0,0,0,0,0,0,0,0,0,0,0,0,0,0,0,0,0,0,0,0,0,0,0,0,0,1,0,0,0,0,0,0,0,0,0,0,0,0	2	0	0	0	0	1	40896	40896	0,0,0,0,0,0,0,0,0,0,0,0,0,0,0,0,0,0,0,0,0,0,0,0,0,0,0,0,0,0,0,0,0,0,0,0,0,0,0,0	0,0,0,0,0,0,0,0,0,0,0,0,0,0,0,0,0,0,0,0,0,0,0,0,0,0,0,1,0,0,0,0,0,0,0,0,0,0,0,0
tb.dut.clusters[0].cluster.sockets[0].socket.cores[0].core.execute.fpu_unit.genblk1[0].fpu_fpnew.genblk3[3].fpnew_core.gen_operation_groups[2].i_opgroup_block.i_arbiter.gen_arbiter.gen_int_rr.gen_fair_arb.i_lzc_upper.gen_lzc	21	84	0	0	0	0	0	1	40896	40896	0,0,0,0,0,0,0,0,0,0,0,0,0,0,0,0,0,0,0,0,0,0,0,0,0,0,0,0,0,0,0,0,0,0,0,0,0,0,0,0	0,0,0,0,0,0,0,0,0,0,0,0,0,0,0,0,0,0,0,0,0,0,0,0,0,0,0,1,0,0,0,0,0,0,0,0,0,0,0,0	2	0	0	0	0	1	40896	40896	0,0,0,0,0,0,0,0,0,0,0,0,0,0,0,0,0,0,0,0,0,0,0,0,0,0,0,0,0,0,0,0,0,0,0,0,0,0,0,0	0,0,0,0,0,0,0,0,0,0,0,0,0,0,0,0,0,0,0,0,0,0,0,0,0,0,0,1,0,0,0,0,0,0,0,0,0,0,0,0
tb.dut.clusters[0].cluster.sockets[0].socket.cores[0].core.execute.fpu_unit.genblk1[0].fpu_fpnew.genblk3[3].fpnew_core.gen_operation_groups[2].i_opgroup_block.i_arbiter.gen_arbiter.gen_levels[0]	18	65	0	0	0	0	0	1	40896	40896	0,0,0,0,0,0,0,0,0,0,0,0,0,0,0,0,0,0,0,0,0,0,0,0,0,0,0,0,0,0,0,0,0,0,0,0,0,0,0,0	0,0,0,0,0,0,0,0,0,0,0,0,0,0,0,0,0,0,0,0,0,0,0,0,0,0,0,1,0,0,0,0,0,0,0,0,0,0,0,0	2	0	0	0	0	1	40896	40896	0,0,0,0,0,0,0,0,0,0,0,0,0,0,0,0,0,0,0,0,0,0,0,0,0,0,0,0,0,0,0,0,0,0,0,0,0,0,0,0	0,0,0,0,0,0,0,0,0,0,0,0,0,0,0,0,0,0,0,0,0,0,0,0,0,0,0,1,0,0,0,0,0,0,0,0,0,0,0,0
tb.dut.clusters[0].cluster.sockets[0].socket.cores[0].core.execute.fpu_unit.genblk1[0].fpu_fpnew.genblk3[3].fpnew_core.gen_operation_groups[2].i_opgroup_block.i_arbiter.gen_arbiter.gen_levels[0].gen_level[0]	19	65	0	0	0	0	0	1	40896	40896	0,0,0,0,0,0,0,0,0,0,0,0,0,0,0,0,0,0,0,0,0,0,0,0,0,0,0,0,0,0,0,0,0,0,0,0,0,0,0,0	0,0,0,0,0,0,0,0,0,0,0,0,0,0,0,0,0,0,0,0,0,0,0,0,0,0,0,1,0,0,0,0,0,0,0,0,0,0,0,0	2	0	0	0	0	1	40896	40896	0,0,0,0,0,0,0,0,0,0,0,0,0,0,0,0,0,0,0,0,0,0,0,0,0,0,0,0,0,0,0,0,0,0,0,0,0,0,0,0	0,0,0,0,0,0,0,0,0,0,0,0,0,0,0,0,0,0,0,0,0,0,0,0,0,0,0,1,0,0,0,0,0,0,0,0,0,0,0,0
tb.dut.clusters[0].cluster.sockets[0].socket.cores[0].core.execute.fpu_unit.genblk1[0].fpu_fpnew.genblk3[3].fpnew_core.gen_operation_groups[2].i_opgroup_block.i_arbiter.gen_arbiter.gen_levels[1]	18	130	0	0	0	0	0	1	40896	40896	0,0,0,0,0,0,0,0,0,0,0,0,0,0,0,0,0,0,0,0,0,0,0,0,0,0,0,0,0,0,0,0,0,0,0,0,0,0,0,0	0,0,0,0,0,0,0,0,0,0,0,0,0,0,0,0,0,0,0,0,0,0,0,0,0,0,0,1,0,0,0,0,0,0,0,0,0,0,0,0	2	0	0	0	0	1	40896	40896	0,0,0,0,0,0,0,0,0,0,0,0,0,0,0,0,0,0,0,0,0,0,0,0,0,0,0,0,0,0,0,0,0,0,0,0,0,0,0,0	0,0,0,0,0,0,0,0,0,0,0,0,0,0,0,0,0,0,0,0,0,0,0,0,0,0,0,1,0,0,0,0,0,0,0,0,0,0,0,0
tb.dut.clusters[0].cluster.sockets[0].socket.cores[0].core.execute.fpu_unit.genblk1[0].fpu_fpnew.genblk3[3].fpnew_core.gen_operation_groups[2].i_opgroup_block.i_arbiter.gen_arbiter.gen_levels[1].gen_level[0]	19	65	0	0	0	0	0	1	40896	40896	0,0,0,0,0,0,0,0,0,0,0,0,0,0,0,0,0,0,0,0,0,0,0,0,0,0,0,0,0,0,0,0,0,0,0,0,0,0,0,0	0,0,0,0,0,0,0,0,0,0,0,0,0,0,0,0,0,0,0,0,0,0,0,0,0,0,0,1,0,0,0,0,0,0,0,0,0,0,0,0	2	0	0	0	0	1	40896	40896	0,0,0,0,0,0,0,0,0,0,0,0,0,0,0,0,0,0,0,0,0,0,0,0,0,0,0,0,0,0,0,0,0,0,0,0,0,0,0,0	0,0,0,0,0,0,0,0,0,0,0,0,0,0,0,0,0,0,0,0,0,0,0,0,0,0,0,1,0,0,0,0,0,0,0,0,0,0,0,0
tb.dut.clusters[0].cluster.sockets[0].socket.cores[0].core.execute.fpu_unit.genblk1[0].fpu_fpnew.genblk3[3].fpnew_core.gen_operation_groups[2].i_opgroup_block.i_arbiter.gen_arbiter.gen_levels[1].gen_level[1]	19	65	0	0	0	0	0	1	40896	40896	0,0,0,0,0,0,0,0,0,0,0,0,0,0,0,0,0,0,0,0,0,0,0,0,0,0,0,0,0,0,0,0,0,0,0,0,0,0,0,0	0,0,0,0,0,0,0,0,0,0,0,0,0,0,0,0,0,0,0,0,0,0,0,0,0,0,0,1,0,0,0,0,0,0,0,0,0,0,0,0	2	0	0	0	0	1	40896	40896	0,0,0,0,0,0,0,0,0,0,0,0,0,0,0,0,0,0,0,0,0,0,0,0,0,0,0,0,0,0,0,0,0,0,0,0,0,0,0,0	0,0,0,0,0,0,0,0,0,0,0,0,0,0,0,0,0,0,0,0,0,0,0,0,0,0,0,1,0,0,0,0,0,0,0,0,0,0,0,0
tb.dut.clusters[0].cluster.sockets[0].socket.cores[0].core.execute.fpu_unit.genblk1[0].fpu_fpnew.genblk3[3].fpnew_core.gen_operation_groups[2].i_opgroup_block.i_arbiter.gen_arbiter.gen_levels[2]	18	260	0	0	0	0	0	1	40896	40896	0,0,0,0,0,0,0,0,0,0,0,0,0,0,0,0,0,0,0,0,0,0,0,0,0,0,0,0,0,0,0,0,0,0,0,0,0,0,0,0	0,0,0,0,0,0,0,0,0,0,0,0,0,0,0,0,0,0,0,0,0,0,0,0,0,0,0,1,0,0,0,0,0,0,0,0,0,0,0,0	2	0	0	0	0	1	40896	40896	0,0,0,0,0,0,0,0,0,0,0,0,0,0,0,0,0,0,0,0,0,0,0,0,0,0,0,0,0,0,0,0,0,0,0,0,0,0,0,0	0,0,0,0,0,0,0,0,0,0,0,0,0,0,0,0,0,0,0,0,0,0,0,0,0,0,0,1,0,0,0,0,0,0,0,0,0,0,0,0
tb.dut.clusters[0].cluster.sockets[0].socket.cores[0].core.execute.fpu_unit.genblk1[0].fpu_fpnew.genblk3[3].fpnew_core.gen_operation_groups[2].i_opgroup_block.i_arbiter.gen_arbiter.gen_levels[2].gen_level[0]	19	65	0	0	0	0	0	1	40896	40896	0,0,0,0,0,0,0,0,0,0,0,0,0,0,0,0,0,0,0,0,0,0,0,0,0,0,0,0,0,0,0,0,0,0,0,0,0,0,0,0	0,0,0,0,0,0,0,0,0,0,0,0,0,0,0,0,0,0,0,0,0,0,0,0,0,0,0,1,0,0,0,0,0,0,0,0,0,0,0,0	2	0	0	0	0	1	40896	40896	0,0,0,0,0,0,0,0,0,0,0,0,0,0,0,0,0,0,0,0,0,0,0,0,0,0,0,0,0,0,0,0,0,0,0,0,0,0,0,0	0,0,0,0,0,0,0,0,0,0,0,0,0,0,0,0,0,0,0,0,0,0,0,0,0,0,0,1,0,0,0,0,0,0,0,0,0,0,0,0
tb.dut.clusters[0].cluster.sockets[0].socket.cores[0].core.execute.fpu_unit.genblk1[0].fpu_fpnew.genblk3[3].fpnew_core.gen_operation_groups[2].i_opgroup_block.i_arbiter.gen_arbiter.gen_levels[2].gen_level[1]	19	65	0	0	0	0	0	1	40896	40896	0,0,0,0,0,0,0,0,0,0,0,0,0,0,0,0,0,0,0,0,0,0,0,0,0,0,0,0,0,0,0,0,0,0,0,0,0,0,0,0	0,0,0,0,0,0,0,0,0,0,0,0,0,0,0,0,0,0,0,0,0,0,0,0,0,0,0,1,0,0,0,0,0,0,0,0,0,0,0,0	2	0	0	0	0	1	40896	40896	0,0,0,0,0,0,0,0,0,0,0,0,0,0,0,0,0,0,0,0,0,0,0,0,0,0,0,0,0,0,0,0,0,0,0,0,0,0,0,0	0,0,0,0,0,0,0,0,0,0,0,0,0,0,0,0,0,0,0,0,0,0,0,0,0,0,0,1,0,0,0,0,0,0,0,0,0,0,0,0
tb.dut.clusters[0].cluster.sockets[0].socket.cores[0].core.execute.fpu_unit.genblk1[0].fpu_fpnew.genblk3[3].fpnew_core.gen_operation_groups[2].i_opgroup_block.i_arbiter.gen_arbiter.gen_levels[2].gen_level[2]	19	65	0	0	0	0	0	1	40896	40896	0,0,0,0,0,0,0,0,0,0,0,0,0,0,0,0,0,0,0,0,0,0,0,0,0,0,0,0,0,0,0,0,0,0,0,0,0,0,0,0	0,0,0,0,0,0,0,0,0,0,0,0,0,0,0,0,0,0,0,0,0,0,0,0,0,0,0,1,0,0,0,0,0,0,0,0,0,0,0,0	2	0	0	0	0	1	40896	40896	0,0,0,0,0,0,0,0,0,0,0,0,0,0,0,0,0,0,0,0,0,0,0,0,0,0,0,0,0,0,0,0,0,0,0,0,0,0,0,0	0,0,0,0,0,0,0,0,0,0,0,0,0,0,0,0,0,0,0,0,0,0,0,0,0,0,0,1,0,0,0,0,0,0,0,0,0,0,0,0
tb.dut.clusters[0].cluster.sockets[0].socket.cores[0].core.execute.fpu_unit.genblk1[0].fpu_fpnew.genblk3[3].fpnew_core.gen_operation_groups[2].i_opgroup_block.i_arbiter.gen_arbiter.gen_levels[2].gen_level[3]	19	65	0	0	0	0	0	1	40896	40896	0,0,0,0,0,0,0,0,0,0,0,0,0,0,0,0,0,0,0,0,0,0,0,0,0,0,0,0,0,0,0,0,0,0,0,0,0,0,0,0	0,0,0,0,0,0,0,0,0,0,0,0,0,0,0,0,0,0,0,0,0,0,0,0,0,0,0,1,0,0,0,0,0,0,0,0,0,0,0,0	2	0	0	0	0	1	40896	40896	0,0,0,0,0,0,0,0,0,0,0,0,0,0,0,0,0,0,0,0,0,0,0,0,0,0,0,0,0,0,0,0,0,0,0,0,0,0,0,0	0,0,0,0,0,0,0,0,0,0,0,0,0,0,0,0,0,0,0,0,0,0,0,0,0,0,0,1,0,0,0,0,0,0,0,0,0,0,0,0
tb.dut.clusters[0].cluster.sockets[0].socket.cores[0].core.execute.fpu_unit.genblk1[0].fpu_fpnew.genblk3[3].fpnew_core.gen_operation_groups[3]	14	11074	16	2	2	2	1	3	40894	40872	2,0,0,0,0,0,0,0,0,0,0,0,0,0,0,0,0,0,0,0,0,0,0,0,0,0,0,0,0,0,0,0,0,0,0,0,0,0,0,0	0,0,1,0,0,0,0,0,0,0,0,0,0,0,0,0,1,0,0,0,0,0,0,0,0,0,0,1,0,0,0,0,0,0,0,0,0,0,0,0	56	0	0	0	0	1	40896	40896	0,0,0,0,0,0,0,0,0,0,0,0,0,0,0,0,0,0,0,0,0,0,0,0,0,0,0,0,0,0,0,0,0,0,0,0,0,0,0,0	0,0,0,0,0,0,0,0,0,0,0,0,0,0,0,0,0,0,0,0,0,0,0,0,0,0,0,1,0,0,0,0,0,0,0,0,0,0,0,0
tb.dut.clusters[0].cluster.sockets[0].socket.cores[0].core.execute.fpu_unit.genblk1[0].fpu_fpnew.genblk3[3].fpnew_core.gen_operation_groups[3].i_opgroup_block	15	11026	16	2	2	2	1	3	40894	40872	2,0,0,0,0,0,0,0,0,0,0,0,0,0,0,0,0,0,0,0,0,0,0,0,0,0,0,0,0,0,0,0,0,0,0,0,0,0,0,0	0,0,1,0,0,0,0,0,0,0,0,0,0,0,0,0,1,0,0,0,0,0,0,0,0,0,0,1,0,0,0,0,0,0,0,0,0,0,0,0	56	0	0	0	0	1	40896	40896	0,0,0,0,0,0,0,0,0,0,0,0,0,0,0,0,0,0,0,0,0,0,0,0,0,0,0,0,0,0,0,0,0,0,0,0,0,0,0,0	0,0,0,0,0,0,0,0,0,0,0,0,0,0,0,0,0,0,0,0,0,0,0,0,0,0,0,1,0,0,0,0,0,0,0,0,0,0,0,0
tb.dut.clusters[0].cluster.sockets[0].socket.cores[0].core.execute.fpu_unit.genblk1[0].fpu_fpnew.genblk3[3].fpnew_core.gen_operation_groups[3].i_opgroup_block.gen_merged_slice	16	8723	8	2	2	2	1	3	40894	40872	2,0,0,0,0,0,0,0,0,0,0,0,0,0,0,0,0,0,0,0,0,0,0,0,0,0,0,0,0,0,0,0,0,0,0,0,0,0,0,0	0,0,1,0,0,0,0,0,0,0,0,0,0,0,0,0,1,0,0,0,0,0,0,0,0,0,0,1,0,0,0,0,0,0,0,0,0,0,0,0	44	0	0	0	0	1	40896	40896	0,0,0,0,0,0,0,0,0,0,0,0,0,0,0,0,0,0,0,0,0,0,0,0,0,0,0,0,0,0,0,0,0,0,0,0,0,0,0,0	0,0,0,0,0,0,0,0,0,0,0,0,0,0,0,0,0,0,0,0,0,0,0,0,0,0,0,1,0,0,0,0,0,0,0,0,0,0,0,0
tb.dut.clusters[0].cluster.sockets[0].socket.cores[0].core.execute.fpu_unit.genblk1[0].fpu_fpnew.genblk3[3].fpnew_core.gen_operation_groups[3].i_opgroup_block.gen_merged_slice.i_multifmt_slice	17	8687	8	2	2	2	1	3	40894	40872	2,0,0,0,0,0,0,0,0,0,0,0,0,0,0,0,0,0,0,0,0,0,0,0,0,0,0,0,0,0,0,0,0,0,0,0,0,0,0,0	0,0,1,0,0,0,0,0,0,0,0,0,0,0,0,0,1,0,0,0,0,0,0,0,0,0,0,1,0,0,0,0,0,0,0,0,0,0,0,0	44	0	0	0	0	1	40896	40896	0,0,0,0,0,0,0,0,0,0,0,0,0,0,0,0,0,0,0,0,0,0,0,0,0,0,0,0,0,0,0,0,0,0,0,0,0,0,0,0	0,0,0,0,0,0,0,0,0,0,0,0,0,0,0,0,0,0,0,0,0,0,0,0,0,0,0,1,0,0,0,0,0,0,0,0,0,0,0,0
tb.dut.clusters[0].cluster.sockets[0].socket.cores[0].core.execute.fpu_unit.genblk1[0].fpu_fpnew.genblk3[3].fpnew_core.gen_operation_groups[3].i_opgroup_block.gen_merged_slice.i_multifmt_slice.extend_fp_result[0]	18	32	0	0	0	0	0	1	40896	40896	0,0,0,0,0,0,0,0,0,0,0,0,0,0,0,0,0,0,0,0,0,0,0,0,0,0,0,0,0,0,0,0,0,0,0,0,0,0,0,0	0,0,0,0,0,0,0,0,0,0,0,0,0,0,0,0,0,0,0,0,0,0,0,0,0,0,0,1,0,0,0,0,0,0,0,0,0,0,0,0	2	0	0	0	0	1	40896	40896	0,0,0,0,0,0,0,0,0,0,0,0,0,0,0,0,0,0,0,0,0,0,0,0,0,0,0,0,0,0,0,0,0,0,0,0,0,0,0,0	0,0,0,0,0,0,0,0,0,0,0,0,0,0,0,0,0,0,0,0,0,0,0,0,0,0,0,1,0,0,0,0,0,0,0,0,0,0,0,0
tb.dut.clusters[0].cluster.sockets[0].socket.cores[0].core.execute.fpu_unit.genblk1[0].fpu_fpnew.genblk3[3].fpnew_core.gen_operation_groups[3].i_opgroup_block.gen_merged_slice.i_multifmt_slice.extend_fp_result[1]	18	32	0	0	0	0	0	1	40896	40896	0,0,0,0,0,0,0,0,0,0,0,0,0,0,0,0,0,0,0,0,0,0,0,0,0,0,0,0,0,0,0,0,0,0,0,0,0,0,0,0	0,0,0,0,0,0,0,0,0,0,0,0,0,0,0,0,0,0,0,0,0,0,0,0,0,0,0,1,0,0,0,0,0,0,0,0,0,0,0,0	2	0	0	0	0	1	40896	40896	0,0,0,0,0,0,0,0,0,0,0,0,0,0,0,0,0,0,0,0,0,0,0,0,0,0,0,0,0,0,0,0,0,0,0,0,0,0,0,0	0,0,0,0,0,0,0,0,0,0,0,0,0,0,0,0,0,0,0,0,0,0,0,0,0,0,0,1,0,0,0,0,0,0,0,0,0,0,0,0
tb.dut.clusters[0].cluster.sockets[0].socket.cores[0].core.execute.fpu_unit.genblk1[0].fpu_fpnew.genblk3[3].fpnew_core.gen_operation_groups[3].i_opgroup_block.gen_merged_slice.i_multifmt_slice.extend_fp_result[2]	18	32	0	0	0	0	0	1	40896	40896	0,0,0,0,0,0,0,0,0,0,0,0,0,0,0,0,0,0,0,0,0,0,0,0,0,0,0,0,0,0,0,0,0,0,0,0,0,0,0,0	0,0,0,0,0,0,0,0,0,0,0,0,0,0,0,0,0,0,0,0,0,0,0,0,0,0,0,1,0,0,0,0,0,0,0,0,0,0,0,0	2	0	0	0	0	1	40896	40896	0,0,0,0,0,0,0,0,0,0,0,0,0,0,0,0,0,0,0,0,0,0,0,0,0,0,0,0,0,0,0,0,0,0,0,0,0,0,0,0	0,0,0,0,0,0,0,0,0,0,0,0,0,0,0,0,0,0,0,0,0,0,0,0,0,0,0,1,0,0,0,0,0,0,0,0,0,0,0,0
tb.dut.clusters[0].cluster.sockets[0].socket.cores[0].core.execute.fpu_unit.genblk1[0].fpu_fpnew.genblk3[3].fpnew_core.gen_operation_groups[3].i_opgroup_block.gen_merged_slice.i_multifmt_slice.extend_fp_result[3]	18	32	0	0	0	0	0	1	40896	40896	0,0,0,0,0,0,0,0,0,0,0,0,0,0,0,0,0,0,0,0,0,0,0,0,0,0,0,0,0,0,0,0,0,0,0,0,0,0,0,0	0,0,0,0,0,0,0,0,0,0,0,0,0,0,0,0,0,0,0,0,0,0,0,0,0,0,0,1,0,0,0,0,0,0,0,0,0,0,0,0	2	0	0	0	0	1	40896	40896	0,0,0,0,0,0,0,0,0,0,0,0,0,0,0,0,0,0,0,0,0,0,0,0,0,0,0,0,0,0,0,0,0,0,0,0,0,0,0,0	0,0,0,0,0,0,0,0,0,0,0,0,0,0,0,0,0,0,0,0,0,0,0,0,0,0,0,1,0,0,0,0,0,0,0,0,0,0,0,0
tb.dut.clusters[0].cluster.sockets[0].socket.cores[0].core.execute.fpu_unit.genblk1[0].fpu_fpnew.genblk3[3].fpnew_core.gen_operation_groups[3].i_opgroup_block.gen_merged_slice.i_multifmt_slice.extend_fp_result[4]	18	32	0	0	0	0	0	1	40896	40896	0,0,0,0,0,0,0,0,0,0,0,0,0,0,0,0,0,0,0,0,0,0,0,0,0,0,0,0,0,0,0,0,0,0,0,0,0,0,0,0	0,0,0,0,0,0,0,0,0,0,0,0,0,0,0,0,0,0,0,0,0,0,0,0,0,0,0,1,0,0,0,0,0,0,0,0,0,0,0,0	2	0	0	0	0	1	40896	40896	0,0,0,0,0,0,0,0,0,0,0,0,0,0,0,0,0,0,0,0,0,0,0,0,0,0,0,0,0,0,0,0,0,0,0,0,0,0,0,0	0,0,0,0,0,0,0,0,0,0,0,0,0,0,0,0,0,0,0,0,0,0,0,0,0,0,0,1,0,0,0,0,0,0,0,0,0,0,0,0
tb.dut.clusters[0].cluster.sockets[0].socket.cores[0].core.execute.fpu_unit.genblk1[0].fpu_fpnew.genblk3[3].fpnew_core.gen_operation_groups[3].i_opgroup_block.gen_merged_slice.i_multifmt_slice.extend_or_mute_int_result[0]	18	32	0	0	0	0	0	1	40896	40896	0,0,0,0,0,0,0,0,0,0,0,0,0,0,0,0,0,0,0,0,0,0,0,0,0,0,0,0,0,0,0,0,0,0,0,0,0,0,0,0	0,0,0,0,0,0,0,0,0,0,0,0,0,0,0,0,0,0,0,0,0,0,0,0,0,0,0,1,0,0,0,0,0,0,0,0,0,0,0,0	2	0	0	0	0	1	40896	40896	0,0,0,0,0,0,0,0,0,0,0,0,0,0,0,0,0,0,0,0,0,0,0,0,0,0,0,0,0,0,0,0,0,0,0,0,0,0,0,0	0,0,0,0,0,0,0,0,0,0,0,0,0,0,0,0,0,0,0,0,0,0,0,0,0,0,0,1,0,0,0,0,0,0,0,0,0,0,0,0
tb.dut.clusters[0].cluster.sockets[0].socket.cores[0].core.execute.fpu_unit.genblk1[0].fpu_fpnew.genblk3[3].fpnew_core.gen_operation_groups[3].i_opgroup_block.gen_merged_slice.i_multifmt_slice.extend_or_mute_int_result[0].extend_int_result	19	32	0	0	0	0	0	1	40896	40896	0,0,0,0,0,0,0,0,0,0,0,0,0,0,0,0,0,0,0,0,0,0,0,0,0,0,0,0,0,0,0,0,0,0,0,0,0,0,0,0	0,0,0,0,0,0,0,0,0,0,0,0,0,0,0,0,0,0,0,0,0,0,0,0,0,0,0,1,0,0,0,0,0,0,0,0,0,0,0,0	2	0	0	0	0	1	40896	40896	0,0,0,0,0,0,0,0,0,0,0,0,0,0,0,0,0,0,0,0,0,0,0,0,0,0,0,0,0,0,0,0,0,0,0,0,0,0,0,0	0,0,0,0,0,0,0,0,0,0,0,0,0,0,0,0,0,0,0,0,0,0,0,0,0,0,0,1,0,0,0,0,0,0,0,0,0,0,0,0
tb.dut.clusters[0].cluster.sockets[0].socket.cores[0].core.execute.fpu_unit.genblk1[0].fpu_fpnew.genblk3[3].fpnew_core.gen_operation_groups[3].i_opgroup_block.gen_merged_slice.i_multifmt_slice.extend_or_mute_int_result[1]	18	32	0	0	0	0	0	1	40896	40896	0,0,0,0,0,0,0,0,0,0,0,0,0,0,0,0,0,0,0,0,0,0,0,0,0,0,0,0,0,0,0,0,0,0,0,0,0,0,0,0	0,0,0,0,0,0,0,0,0,0,0,0,0,0,0,0,0,0,0,0,0,0,0,0,0,0,0,1,0,0,0,0,0,0,0,0,0,0,0,0	2	0	0	0	0	1	40896	40896	0,0,0,0,0,0,0,0,0,0,0,0,0,0,0,0,0,0,0,0,0,0,0,0,0,0,0,0,0,0,0,0,0,0,0,0,0,0,0,0	0,0,0,0,0,0,0,0,0,0,0,0,0,0,0,0,0,0,0,0,0,0,0,0,0,0,0,1,0,0,0,0,0,0,0,0,0,0,0,0
tb.dut.clusters[0].cluster.sockets[0].socket.cores[0].core.execute.fpu_unit.genblk1[0].fpu_fpnew.genblk3[3].fpnew_core.gen_operation_groups[3].i_opgroup_block.gen_merged_slice.i_multifmt_slice.extend_or_mute_int_result[1].extend_int_result	19	32	0	0	0	0	0	1	40896	40896	0,0,0,0,0,0,0,0,0,0,0,0,0,0,0,0,0,0,0,0,0,0,0,0,0,0,0,0,0,0,0,0,0,0,0,0,0,0,0,0	0,0,0,0,0,0,0,0,0,0,0,0,0,0,0,0,0,0,0,0,0,0,0,0,0,0,0,1,0,0,0,0,0,0,0,0,0,0,0,0	2	0	0	0	0	1	40896	40896	0,0,0,0,0,0,0,0,0,0,0,0,0,0,0,0,0,0,0,0,0,0,0,0,0,0,0,0,0,0,0,0,0,0,0,0,0,0,0,0	0,0,0,0,0,0,0,0,0,0,0,0,0,0,0,0,0,0,0,0,0,0,0,0,0,0,0,1,0,0,0,0,0,0,0,0,0,0,0,0
tb.dut.clusters[0].cluster.sockets[0].socket.cores[0].core.execute.fpu_unit.genblk1[0].fpu_fpnew.genblk3[3].fpnew_core.gen_operation_groups[3].i_opgroup_block.gen_merged_slice.i_multifmt_slice.extend_or_mute_int_result[2]	18	32	0	0	0	0	0	1	40896	40896	0,0,0,0,0,0,0,0,0,0,0,0,0,0,0,0,0,0,0,0,0,0,0,0,0,0,0,0,0,0,0,0,0,0,0,0,0,0,0,0	0,0,0,0,0,0,0,0,0,0,0,0,0,0,0,0,0,0,0,0,0,0,0,0,0,0,0,1,0,0,0,0,0,0,0,0,0,0,0,0	2	0	0	0	0	1	40896	40896	0,0,0,0,0,0,0,0,0,0,0,0,0,0,0,0,0,0,0,0,0,0,0,0,0,0,0,0,0,0,0,0,0,0,0,0,0,0,0,0	0,0,0,0,0,0,0,0,0,0,0,0,0,0,0,0,0,0,0,0,0,0,0,0,0,0,0,1,0,0,0,0,0,0,0,0,0,0,0,0
tb.dut.clusters[0].cluster.sockets[0].socket.cores[0].core.execute.fpu_unit.genblk1[0].fpu_fpnew.genblk3[3].fpnew_core.gen_operation_groups[3].i_opgroup_block.gen_merged_slice.i_multifmt_slice.extend_or_mute_int_result[2].extend_int_result	19	32	0	0	0	0	0	1	40896	40896	0,0,0,0,0,0,0,0,0,0,0,0,0,0,0,0,0,0,0,0,0,0,0,0,0,0,0,0,0,0,0,0,0,0,0,0,0,0,0,0	0,0,0,0,0,0,0,0,0,0,0,0,0,0,0,0,0,0,0,0,0,0,0,0,0,0,0,1,0,0,0,0,0,0,0,0,0,0,0,0	2	0	0	0	0	1	40896	40896	0,0,0,0,0,0,0,0,0,0,0,0,0,0,0,0,0,0,0,0,0,0,0,0,0,0,0,0,0,0,0,0,0,0,0,0,0,0,0,0	0,0,0,0,0,0,0,0,0,0,0,0,0,0,0,0,0,0,0,0,0,0,0,0,0,0,0,1,0,0,0,0,0,0,0,0,0,0,0,0
tb.dut.clusters[0].cluster.sockets[0].socket.cores[0].core.execute.fpu_unit.genblk1[0].fpu_fpnew.genblk3[3].fpnew_core.gen_operation_groups[3].i_opgroup_block.gen_merged_slice.i_multifmt_slice.extend_or_mute_int_result[3]	18	32	0	0	0	0	0	1	40896	40896	0,0,0,0,0,0,0,0,0,0,0,0,0,0,0,0,0,0,0,0,0,0,0,0,0,0,0,0,0,0,0,0,0,0,0,0,0,0,0,0	0,0,0,0,0,0,0,0,0,0,0,0,0,0,0,0,0,0,0,0,0,0,0,0,0,0,0,1,0,0,0,0,0,0,0,0,0,0,0,0	2	0	0	0	0	1	40896	40896	0,0,0,0,0,0,0,0,0,0,0,0,0,0,0,0,0,0,0,0,0,0,0,0,0,0,0,0,0,0,0,0,0,0,0,0,0,0,0,0	0,0,0,0,0,0,0,0,0,0,0,0,0,0,0,0,0,0,0,0,0,0,0,0,0,0,0,1,0,0,0,0,0,0,0,0,0,0,0,0
tb.dut.clusters[0].cluster.sockets[0].socket.cores[0].core.execute.fpu_unit.genblk1[0].fpu_fpnew.genblk3[3].fpnew_core.gen_operation_groups[3].i_opgroup_block.gen_merged_slice.i_multifmt_slice.extend_or_mute_int_result[3].extend_int_result	19	32	0	0	0	0	0	1	40896	40896	0,0,0,0,0,0,0,0,0,0,0,0,0,0,0,0,0,0,0,0,0,0,0,0,0,0,0,0,0,0,0,0,0,0,0,0,0,0,0,0	0,0,0,0,0,0,0,0,0,0,0,0,0,0,0,0,0,0,0,0,0,0,0,0,0,0,0,1,0,0,0,0,0,0,0,0,0,0,0,0	2	0	0	0	0	1	40896	40896	0,0,0,0,0,0,0,0,0,0,0,0,0,0,0,0,0,0,0,0,0,0,0,0,0,0,0,0,0,0,0,0,0,0,0,0,0,0,0,0	0,0,0,0,0,0,0,0,0,0,0,0,0,0,0,0,0,0,0,0,0,0,0,0,0,0,0,1,0,0,0,0,0,0,0,0,0,0,0,0
tb.dut.clusters[0].cluster.sockets[0].socket.cores[0].core.execute.fpu_unit.genblk1[0].fpu_fpnew.genblk3[3].fpnew_core.gen_operation_groups[3].i_opgroup_block.gen_merged_slice.i_multifmt_slice.gen_num_lanes[0]	18	7175	4	2	2	2	1	3	40894	40872	2,0,0,0,0,0,0,0,0,0,0,0,0,0,0,0,0,0,0,0,0,0,0,0,0,0,0,0,0,0,0,0,0,0,0,0,0,0,0,0	0,0,1,0,0,0,0,0,0,0,0,0,0,0,0,0,1,0,0,0,0,0,0,0,0,0,0,1,0,0,0,0,0,0,0,0,0,0,0,0	36	0	0	0	0	1	40896	40896	0,0,0,0,0,0,0,0,0,0,0,0,0,0,0,0,0,0,0,0,0,0,0,0,0,0,0,0,0,0,0,0,0,0,0,0,0,0,0,0	0,0,0,0,0,0,0,0,0,0,0,0,0,0,0,0,0,0,0,0,0,0,0,0,0,0,0,1,0,0,0,0,0,0,0,0,0,0,0,0
tb.dut.clusters[0].cluster.sockets[0].socket.cores[0].core.execute.fpu_unit.genblk1[0].fpu_fpnew.genblk3[3].fpnew_core.gen_operation_groups[3].i_opgroup_block.gen_merged_slice.i_multifmt_slice.gen_num_lanes[0].active_lane	19	6704	4	2	2	2	1	3	40894	40872	2,0,0,0,0,0,0,0,0,0,0,0,0,0,0,0,0,0,0,0,0,0,0,0,0,0,0,0,0,0,0,0,0,0,0,0,0,0,0,0	0,0,1,0,0,0,0,0,0,0,0,0,0,0,0,0,1,0,0,0,0,0,0,0,0,0,0,1,0,0,0,0,0,0,0,0,0,0,0,0	34	0	0	0	0	1	40896	40896	0,0,0,0,0,0,0,0,0,0,0,0,0,0,0,0,0,0,0,0,0,0,0,0,0,0,0,0,0,0,0,0,0,0,0,0,0,0,0,0	0,0,0,0,0,0,0,0,0,0,0,0,0,0,0,0,0,0,0,0,0,0,0,0,0,0,0,1,0,0,0,0,0,0,0,0,0,0,0,0
tb.dut.clusters[0].cluster.sockets[0].socket.cores[0].core.execute.fpu_unit.genblk1[0].fpu_fpnew.genblk3[3].fpnew_core.gen_operation_groups[3].i_opgroup_block.gen_merged_slice.i_multifmt_slice.gen_num_lanes[0].active_lane.lane_instance	20	6568	4	2	2	2	1	3	40894	40872	2,0,0,0,0,0,0,0,0,0,0,0,0,0,0,0,0,0,0,0,0,0,0,0,0,0,0,0,0,0,0,0,0,0,0,0,0,0,0,0	0,0,1,0,0,0,0,0,0,0,0,0,0,0,0,0,1,0,0,0,0,0,0,0,0,0,0,1,0,0,0,0,0,0,0,0,0,0,0,0	33	0	0	0	0	1	40896	40896	0,0,0,0,0,0,0,0,0,0,0,0,0,0,0,0,0,0,0,0,0,0,0,0,0,0,0,0,0,0,0,0,0,0,0,0,0,0,0,0	0,0,0,0,0,0,0,0,0,0,0,0,0,0,0,0,0,0,0,0,0,0,0,0,0,0,0,1,0,0,0,0,0,0,0,0,0,0,0,0
tb.dut.clusters[0].cluster.sockets[0].socket.cores[0].core.execute.fpu_unit.genblk1[0].fpu_fpnew.genblk3[3].fpnew_core.gen_operation_groups[3].i_opgroup_block.gen_merged_slice.i_multifmt_slice.gen_num_lanes[0].active_lane.lane_instance.i_fpnew_cast_multi	21	6568	4	2	2	2	1	3	40894	40872	2,0,0,0,0,0,0,0,0,0,0,0,0,0,0,0,0,0,0,0,0,0,0,0,0,0,0,0,0,0,0,0,0,0,0,0,0,0,0,0	0,0,1,0,0,0,0,0,0,0,0,0,0,0,0,0,1,0,0,0,0,0,0,0,0,0,0,1,0,0,0,0,0,0,0,0,0,0,0,0	33	0	0	0	0	1	40896	40896	0,0,0,0,0,0,0,0,0,0,0,0,0,0,0,0,0,0,0,0,0,0,0,0,0,0,0,0,0,0,0,0,0,0,0,0,0,0,0,0	0,0,0,0,0,0,0,0,0,0,0,0,0,0,0,0,0,0,0,0,0,0,0,0,0,0,0,1,0,0,0,0,0,0,0,0,0,0,0,0
tb.dut.clusters[0].cluster.sockets[0].socket.cores[0].core.execute.fpu_unit.genblk1[0].fpu_fpnew.genblk3[3].fpnew_core.gen_operation_groups[3].i_opgroup_block.gen_merged_slice.i_multifmt_slice.gen_num_lanes[0].active_lane.lane_instance.i_fpnew_cast_multi.fmt_init_inputs[0]	22	308	0	0	0	0	0	1	40896	40896	0,0,0,0,0,0,0,0,0,0,0,0,0,0,0,0,0,0,0,0,0,0,0,0,0,0,0,0,0,0,0,0,0,0,0,0,0,0,0,0	0,0,0,0,0,0,0,0,0,0,0,0,0,0,0,0,0,0,0,0,0,0,0,0,0,0,0,1,0,0,0,0,0,0,0,0,0,0,0,0	2	0	0	0	0	1	40896	40896	0,0,0,0,0,0,0,0,0,0,0,0,0,0,0,0,0,0,0,0,0,0,0,0,0,0,0,0,0,0,0,0,0,0,0,0,0,0,0,0	0,0,0,0,0,0,0,0,0,0,0,0,0,0,0,0,0,0,0,0,0,0,0,0,0,0,0,1,0,0,0,0,0,0,0,0,0,0,0,0
tb.dut.clusters[0].cluster.sockets[0].socket.cores[0].core.execute.fpu_unit.genblk1[0].fpu_fpnew.genblk3[3].fpnew_core.gen_operation_groups[3].i_opgroup_block.gen_merged_slice.i_multifmt_slice.gen_num_lanes[0].active_lane.lane_instance.i_fpnew_cast_multi.fmt_init_inputs[0].active_format	23	212	0	0	0	0	0	1	40896	40896	0,0,0,0,0,0,0,0,0,0,0,0,0,0,0,0,0,0,0,0,0,0,0,0,0,0,0,0,0,0,0,0,0,0,0,0,0,0,0,0	0,0,0,0,0,0,0,0,0,0,0,0,0,0,0,0,0,0,0,0,0,0,0,0,0,0,0,1,0,0,0,0,0,0,0,0,0,0,0,0	2	0	0	0	0	1	40896	40896	0,0,0,0,0,0,0,0,0,0,0,0,0,0,0,0,0,0,0,0,0,0,0,0,0,0,0,0,0,0,0,0,0,0,0,0,0,0,0,0	0,0,0,0,0,0,0,0,0,0,0,0,0,0,0,0,0,0,0,0,0,0,0,0,0,0,0,1,0,0,0,0,0,0,0,0,0,0,0,0
tb.dut.clusters[0].cluster.sockets[0].socket.cores[0].core.execute.fpu_unit.genblk1[0].fpu_fpnew.genblk3[3].fpnew_core.gen_operation_groups[3].i_opgroup_block.gen_merged_slice.i_multifmt_slice.gen_num_lanes[0].active_lane.lane_instance.i_fpnew_cast_multi.fmt_init_inputs[0].active_format.i_fpnew_classifier	24	212	0	0	0	0	0	1	40896	40896	0,0,0,0,0,0,0,0,0,0,0,0,0,0,0,0,0,0,0,0,0,0,0,0,0,0,0,0,0,0,0,0,0,0,0,0,0,0,0,0	0,0,0,0,0,0,0,0,0,0,0,0,0,0,0,0,0,0,0,0,0,0,0,0,0,0,0,1,0,0,0,0,0,0,0,0,0,0,0,0	2	0	0	0	0	1	40896	40896	0,0,0,0,0,0,0,0,0,0,0,0,0,0,0,0,0,0,0,0,0,0,0,0,0,0,0,0,0,0,0,0,0,0,0,0,0,0,0,0	0,0,0,0,0,0,0,0,0,0,0,0,0,0,0,0,0,0,0,0,0,0,0,0,0,0,0,1,0,0,0,0,0,0,0,0,0,0,0,0
tb.dut.clusters[0].cluster.sockets[0].socket.cores[0].core.execute.fpu_unit.genblk1[0].fpu_fpnew.genblk3[3].fpnew_core.gen_operation_groups[3].i_opgroup_block.gen_merged_slice.i_multifmt_slice.gen_num_lanes[0].active_lane.lane_instance.i_fpnew_cast_multi.fmt_init_inputs[0].active_format.i_fpnew_classifier.gen_num_values[0]	25	40	0	0	0	0	0	1	40896	40896	0,0,0,0,0,0,0,0,0,0,0,0,0,0,0,0,0,0,0,0,0,0,0,0,0,0,0,0,0,0,0,0,0,0,0,0,0,0,0,0	0,0,0,0,0,0,0,0,0,0,0,0,0,0,0,0,0,0,0,0,0,0,0,0,0,0,0,1,0,0,0,0,0,0,0,0,0,0,0,0	2	0	0	0	0	1	40896	40896	0,0,0,0,0,0,0,0,0,0,0,0,0,0,0,0,0,0,0,0,0,0,0,0,0,0,0,0,0,0,0,0,0,0,0,0,0,0,0,0	0,0,0,0,0,0,0,0,0,0,0,0,0,0,0,0,0,0,0,0,0,0,0,0,0,0,0,1,0,0,0,0,0,0,0,0,0,0,0,0
tb.dut.clusters[0].cluster.sockets[0].socket.cores[0].core.execute.fpu_unit.genblk1[0].fpu_fpnew.genblk3[3].fpnew_core.gen_operation_groups[3].i_opgroup_block.gen_merged_slice.i_multifmt_slice.gen_num_lanes[0].active_lane.lane_instance.i_fpnew_cast_multi.fmt_init_inputs[1]	22	96	0	0	0	0	0	1	40896	40896	0,0,0,0,0,0,0,0,0,0,0,0,0,0,0,0,0,0,0,0,0,0,0,0,0,0,0,0,0,0,0,0,0,0,0,0,0,0,0,0	0,0,0,0,0,0,0,0,0,0,0,0,0,0,0,0,0,0,0,0,0,0,0,0,0,0,0,1,0,0,0,0,0,0,0,0,0,0,0,0	2	0	0	0	0	1	40896	40896	0,0,0,0,0,0,0,0,0,0,0,0,0,0,0,0,0,0,0,0,0,0,0,0,0,0,0,0,0,0,0,0,0,0,0,0,0,0,0,0	0,0,0,0,0,0,0,0,0,0,0,0,0,0,0,0,0,0,0,0,0,0,0,0,0,0,0,1,0,0,0,0,0,0,0,0,0,0,0,0
tb.dut.clusters[0].cluster.sockets[0].socket.cores[0].core.execute.fpu_unit.genblk1[0].fpu_fpnew.genblk3[3].fpnew_core.gen_operation_groups[3].i_opgroup_block.gen_merged_slice.i_multifmt_slice.gen_num_lanes[0].active_lane.lane_instance.i_fpnew_cast_multi.fmt_init_inputs[2]	22	96	0	0	0	0	0	1	40896	40896	0,0,0,0,0,0,0,0,0,0,0,0,0,0,0,0,0,0,0,0,0,0,0,0,0,0,0,0,0,0,0,0,0,0,0,0,0,0,0,0	0,0,0,0,0,0,0,0,0,0,0,0,0,0,0,0,0,0,0,0,0,0,0,0,0,0,0,1,0,0,0,0,0,0,0,0,0,0,0,0	2	0	0	0	0	1	40896	40896	0,0,0,0,0,0,0,0,0,0,0,0,0,0,0,0,0,0,0,0,0,0,0,0,0,0,0,0,0,0,0,0,0,0,0,0,0,0,0,0	0,0,0,0,0,0,0,0,0,0,0,0,0,0,0,0,0,0,0,0,0,0,0,0,0,0,0,1,0,0,0,0,0,0,0,0,0,0,0,0
tb.dut.clusters[0].cluster.sockets[0].socket.cores[0].core.execute.fpu_unit.genblk1[0].fpu_fpnew.genblk3[3].fpnew_core.gen_operation_groups[3].i_opgroup_block.gen_merged_slice.i_multifmt_slice.gen_num_lanes[0].active_lane.lane_instance.i_fpnew_cast_multi.fmt_init_inputs[3]	22	96	0	0	0	0	0	1	40896	40896	0,0,0,0,0,0,0,0,0,0,0,0,0,0,0,0,0,0,0,0,0,0,0,0,0,0,0,0,0,0,0,0,0,0,0,0,0,0,0,0	0,0,0,0,0,0,0,0,0,0,0,0,0,0,0,0,0,0,0,0,0,0,0,0,0,0,0,1,0,0,0,0,0,0,0,0,0,0,0,0	2	0	0	0	0	1	40896	40896	0,0,0,0,0,0,0,0,0,0,0,0,0,0,0,0,0,0,0,0,0,0,0,0,0,0,0,0,0,0,0,0,0,0,0,0,0,0,0,0	0,0,0,0,0,0,0,0,0,0,0,0,0,0,0,0,0,0,0,0,0,0,0,0,0,0,0,1,0,0,0,0,0,0,0,0,0,0,0,0
tb.dut.clusters[0].cluster.sockets[0].socket.cores[0].core.execute.fpu_unit.genblk1[0].fpu_fpnew.genblk3[3].fpnew_core.gen_operation_groups[3].i_opgroup_block.gen_merged_slice.i_multifmt_slice.gen_num_lanes[0].active_lane.lane_instance.i_fpnew_cast_multi.fmt_init_inputs[4]	22	96	0	0	0	0	0	1	40896	40896	0,0,0,0,0,0,0,0,0,0,0,0,0,0,0,0,0,0,0,0,0,0,0,0,0,0,0,0,0,0,0,0,0,0,0,0,0,0,0,0	0,0,0,0,0,0,0,0,0,0,0,0,0,0,0,0,0,0,0,0,0,0,0,0,0,0,0,1,0,0,0,0,0,0,0,0,0,0,0,0	2	0	0	0	0	1	40896	40896	0,0,0,0,0,0,0,0,0,0,0,0,0,0,0,0,0,0,0,0,0,0,0,0,0,0,0,0,0,0,0,0,0,0,0,0,0,0,0,0	0,0,0,0,0,0,0,0,0,0,0,0,0,0,0,0,0,0,0,0,0,0,0,0,0,0,0,1,0,0,0,0,0,0,0,0,0,0,0,0
tb.dut.clusters[0].cluster.sockets[0].socket.cores[0].core.execute.fpu_unit.genblk1[0].fpu_fpnew.genblk3[3].fpnew_core.gen_operation_groups[3].i_opgroup_block.gen_merged_slice.i_multifmt_slice.gen_num_lanes[0].active_lane.lane_instance.i_fpnew_cast_multi.gen_input_pipeline[0]	22	1	0	0	0	0	0	1	40896	40896	0,0,0,0,0,0,0,0,0,0,0,0,0,0,0,0,0,0,0,0,0,0,0,0,0,0,0,0,0,0,0,0,0,0,0,0,0,0,0,0	0,0,0,0,0,0,0,0,0,0,0,0,0,0,0,0,0,0,0,0,0,0,0,0,0,0,0,1,0,0,0,0,0,0,0,0,0,0,0,0	2	0	0	0	0	1	40896	40896	0,0,0,0,0,0,0,0,0,0,0,0,0,0,0,0,0,0,0,0,0,0,0,0,0,0,0,0,0,0,0,0,0,0,0,0,0,0,0,0	0,0,0,0,0,0,0,0,0,0,0,0,0,0,0,0,0,0,0,0,0,0,0,0,0,0,0,1,0,0,0,0,0,0,0,0,0,0,0,0
tb.dut.clusters[0].cluster.sockets[0].socket.cores[0].core.execute.fpu_unit.genblk1[0].fpu_fpnew.genblk3[3].fpnew_core.gen_operation_groups[3].i_opgroup_block.gen_merged_slice.i_multifmt_slice.gen_num_lanes[0].active_lane.lane_instance.i_fpnew_cast_multi.gen_input_pipeline[1]	22	1	0	0	0	0	0	1	40896	40896	0,0,0,0,0,0,0,0,0,0,0,0,0,0,0,0,0,0,0,0,0,0,0,0,0,0,0,0,0,0,0,0,0,0,0,0,0,0,0,0	0,0,0,0,0,0,0,0,0,0,0,0,0,0,0,0,0,0,0,0,0,0,0,0,0,0,0,1,0,0,0,0,0,0,0,0,0,0,0,0	2	0	0	0	0	1	40896	40896	0,0,0,0,0,0,0,0,0,0,0,0,0,0,0,0,0,0,0,0,0,0,0,0,0,0,0,0,0,0,0,0,0,0,0,0,0,0,0,0	0,0,0,0,0,0,0,0,0,0,0,0,0,0,0,0,0,0,0,0,0,0,0,0,0,0,0,1,0,0,0,0,0,0,0,0,0,0,0,0
tb.dut.clusters[0].cluster.sockets[0].socket.cores[0].core.execute.fpu_unit.genblk1[0].fpu_fpnew.genblk3[3].fpnew_core.gen_operation_groups[3].i_opgroup_block.gen_merged_slice.i_multifmt_slice.gen_num_lanes[0].active_lane.lane_instance.i_fpnew_cast_multi.gen_inside_pipeline[0]	22	1	0	0	0	0	0	1	40896	40896	0,0,0,0,0,0,0,0,0,0,0,0,0,0,0,0,0,0,0,0,0,0,0,0,0,0,0,0,0,0,0,0,0,0,0,0,0,0,0,0	0,0,0,0,0,0,0,0,0,0,0,0,0,0,0,0,0,0,0,0,0,0,0,0,0,0,0,1,0,0,0,0,0,0,0,0,0,0,0,0	2	0	0	0	0	1	40896	40896	0,0,0,0,0,0,0,0,0,0,0,0,0,0,0,0,0,0,0,0,0,0,0,0,0,0,0,0,0,0,0,0,0,0,0,0,0,0,0,0	0,0,0,0,0,0,0,0,0,0,0,0,0,0,0,0,0,0,0,0,0,0,0,0,0,0,0,1,0,0,0,0,0,0,0,0,0,0,0,0
tb.dut.clusters[0].cluster.sockets[0].socket.cores[0].core.execute.fpu_unit.genblk1[0].fpu_fpnew.genblk3[3].fpnew_core.gen_operation_groups[3].i_opgroup_block.gen_merged_slice.i_multifmt_slice.gen_num_lanes[0].active_lane.lane_instance.i_fpnew_cast_multi.gen_inside_pipeline[1]	22	1	0	0	0	0	0	1	40896	40896	0,0,0,0,0,0,0,0,0,0,0,0,0,0,0,0,0,0,0,0,0,0,0,0,0,0,0,0,0,0,0,0,0,0,0,0,0,0,0,0	0,0,0,0,0,0,0,0,0,0,0,0,0,0,0,0,0,0,0,0,0,0,0,0,0,0,0,1,0,0,0,0,0,0,0,0,0,0,0,0	2	0	0	0	0	1	40896	40896	0,0,0,0,0,0,0,0,0,0,0,0,0,0,0,0,0,0,0,0,0,0,0,0,0,0,0,0,0,0,0,0,0,0,0,0,0,0,0,0	0,0,0,0,0,0,0,0,0,0,0,0,0,0,0,0,0,0,0,0,0,0,0,0,0,0,0,1,0,0,0,0,0,0,0,0,0,0,0,0
tb.dut.clusters[0].cluster.sockets[0].socket.cores[0].core.execute.fpu_unit.genblk1[0].fpu_fpnew.genblk3[3].fpnew_core.gen_operation_groups[3].i_opgroup_block.gen_merged_slice.i_multifmt_slice.gen_num_lanes[0].active_lane.lane_instance.i_fpnew_cast_multi.gen_int_overflow[0]	22	32	0	0	0	0	0	1	40896	40896	0,0,0,0,0,0,0,0,0,0,0,0,0,0,0,0,0,0,0,0,0,0,0,0,0,0,0,0,0,0,0,0,0,0,0,0,0,0,0,0	0,0,0,0,0,0,0,0,0,0,0,0,0,0,0,0,0,0,0,0,0,0,0,0,0,0,0,1,0,0,0,0,0,0,0,0,0,0,0,0	2	0	0	0	0	1	40896	40896	0,0,0,0,0,0,0,0,0,0,0,0,0,0,0,0,0,0,0,0,0,0,0,0,0,0,0,0,0,0,0,0,0,0,0,0,0,0,0,0	0,0,0,0,0,0,0,0,0,0,0,0,0,0,0,0,0,0,0,0,0,0,0,0,0,0,0,1,0,0,0,0,0,0,0,0,0,0,0,0
tb.dut.clusters[0].cluster.sockets[0].socket.cores[0].core.execute.fpu_unit.genblk1[0].fpu_fpnew.genblk3[3].fpnew_core.gen_operation_groups[3].i_opgroup_block.gen_merged_slice.i_multifmt_slice.gen_num_lanes[0].active_lane.lane_instance.i_fpnew_cast_multi.gen_int_overflow[1]	22	32	0	0	0	0	0	1	40896	40896	0,0,0,0,0,0,0,0,0,0,0,0,0,0,0,0,0,0,0,0,0,0,0,0,0,0,0,0,0,0,0,0,0,0,0,0,0,0,0,0	0,0,0,0,0,0,0,0,0,0,0,0,0,0,0,0,0,0,0,0,0,0,0,0,0,0,0,1,0,0,0,0,0,0,0,0,0,0,0,0	2	0	0	0	0	1	40896	40896	0,0,0,0,0,0,0,0,0,0,0,0,0,0,0,0,0,0,0,0,0,0,0,0,0,0,0,0,0,0,0,0,0,0,0,0,0,0,0,0	0,0,0,0,0,0,0,0,0,0,0,0,0,0,0,0,0,0,0,0,0,0,0,0,0,0,0,1,0,0,0,0,0,0,0,0,0,0,0,0
tb.dut.clusters[0].cluster.sockets[0].socket.cores[0].core.execute.fpu_unit.genblk1[0].fpu_fpnew.genblk3[3].fpnew_core.gen_operation_groups[3].i_opgroup_block.gen_merged_slice.i_multifmt_slice.gen_num_lanes[0].active_lane.lane_instance.i_fpnew_cast_multi.gen_int_overflow[2]	22	32	0	0	0	0	0	1	40896	40896	0,0,0,0,0,0,0,0,0,0,0,0,0,0,0,0,0,0,0,0,0,0,0,0,0,0,0,0,0,0,0,0,0,0,0,0,0,0,0,0	0,0,0,0,0,0,0,0,0,0,0,0,0,0,0,0,0,0,0,0,0,0,0,0,0,0,0,1,0,0,0,0,0,0,0,0,0,0,0,0	2	0	0	0	0	1	40896	40896	0,0,0,0,0,0,0,0,0,0,0,0,0,0,0,0,0,0,0,0,0,0,0,0,0,0,0,0,0,0,0,0,0,0,0,0,0,0,0,0	0,0,0,0,0,0,0,0,0,0,0,0,0,0,0,0,0,0,0,0,0,0,0,0,0,0,0,1,0,0,0,0,0,0,0,0,0,0,0,0
tb.dut.clusters[0].cluster.sockets[0].socket.cores[0].core.execute.fpu_unit.genblk1[0].fpu_fpnew.genblk3[3].fpnew_core.gen_operation_groups[3].i_opgroup_block.gen_merged_slice.i_multifmt_slice.gen_num_lanes[0].active_lane.lane_instance.i_fpnew_cast_multi.gen_int_overflow[3]	22	32	0	0	0	0	0	1	40896	40896	0,0,0,0,0,0,0,0,0,0,0,0,0,0,0,0,0,0,0,0,0,0,0,0,0,0,0,0,0,0,0,0,0,0,0,0,0,0,0,0	0,0,0,0,0,0,0,0,0,0,0,0,0,0,0,0,0,0,0,0,0,0,0,0,0,0,0,1,0,0,0,0,0,0,0,0,0,0,0,0	2	0	0	0	0	1	40896	40896	0,0,0,0,0,0,0,0,0,0,0,0,0,0,0,0,0,0,0,0,0,0,0,0,0,0,0,0,0,0,0,0,0,0,0,0,0,0,0,0	0,0,0,0,0,0,0,0,0,0,0,0,0,0,0,0,0,0,0,0,0,0,0,0,0,0,0,1,0,0,0,0,0,0,0,0,0,0,0,0
tb.dut.clusters[0].cluster.sockets[0].socket.cores[0].core.execute.fpu_unit.genblk1[0].fpu_fpnew.genblk3[3].fpnew_core.gen_operation_groups[3].i_opgroup_block.gen_merged_slice.i_multifmt_slice.gen_num_lanes[0].active_lane.lane_instance.i_fpnew_cast_multi.gen_int_res_sign_ext[0]	22	32	0	0	0	0	0	1	40896	40896	0,0,0,0,0,0,0,0,0,0,0,0,0,0,0,0,0,0,0,0,0,0,0,0,0,0,0,0,0,0,0,0,0,0,0,0,0,0,0,0	0,0,0,0,0,0,0,0,0,0,0,0,0,0,0,0,0,0,0,0,0,0,0,0,0,0,0,1,0,0,0,0,0,0,0,0,0,0,0,0	2	0	0	0	0	1	40896	40896	0,0,0,0,0,0,0,0,0,0,0,0,0,0,0,0,0,0,0,0,0,0,0,0,0,0,0,0,0,0,0,0,0,0,0,0,0,0,0,0	0,0,0,0,0,0,0,0,0,0,0,0,0,0,0,0,0,0,0,0,0,0,0,0,0,0,0,1,0,0,0,0,0,0,0,0,0,0,0,0
tb.dut.clusters[0].cluster.sockets[0].socket.cores[0].core.execute.fpu_unit.genblk1[0].fpu_fpnew.genblk3[3].fpnew_core.gen_operation_groups[3].i_opgroup_block.gen_merged_slice.i_multifmt_slice.gen_num_lanes[0].active_lane.lane_instance.i_fpnew_cast_multi.gen_int_res_sign_ext[1]	22	32	0	0	0	0	0	1	40896	40896	0,0,0,0,0,0,0,0,0,0,0,0,0,0,0,0,0,0,0,0,0,0,0,0,0,0,0,0,0,0,0,0,0,0,0,0,0,0,0,0	0,0,0,0,0,0,0,0,0,0,0,0,0,0,0,0,0,0,0,0,0,0,0,0,0,0,0,1,0,0,0,0,0,0,0,0,0,0,0,0	2	0	0	0	0	1	40896	40896	0,0,0,0,0,0,0,0,0,0,0,0,0,0,0,0,0,0,0,0,0,0,0,0,0,0,0,0,0,0,0,0,0,0,0,0,0,0,0,0	0,0,0,0,0,0,0,0,0,0,0,0,0,0,0,0,0,0,0,0,0,0,0,0,0,0,0,1,0,0,0,0,0,0,0,0,0,0,0,0
tb.dut.clusters[0].cluster.sockets[0].socket.cores[0].core.execute.fpu_unit.genblk1[0].fpu_fpnew.genblk3[3].fpnew_core.gen_operation_groups[3].i_opgroup_block.gen_merged_slice.i_multifmt_slice.gen_num_lanes[0].active_lane.lane_instance.i_fpnew_cast_multi.gen_int_res_sign_ext[2]	22	32	0	0	0	0	0	1	40896	40896	0,0,0,0,0,0,0,0,0,0,0,0,0,0,0,0,0,0,0,0,0,0,0,0,0,0,0,0,0,0,0,0,0,0,0,0,0,0,0,0	0,0,0,0,0,0,0,0,0,0,0,0,0,0,0,0,0,0,0,0,0,0,0,0,0,0,0,1,0,0,0,0,0,0,0,0,0,0,0,0	2	0	0	0	0	1	40896	40896	0,0,0,0,0,0,0,0,0,0,0,0,0,0,0,0,0,0,0,0,0,0,0,0,0,0,0,0,0,0,0,0,0,0,0,0,0,0,0,0	0,0,0,0,0,0,0,0,0,0,0,0,0,0,0,0,0,0,0,0,0,0,0,0,0,0,0,1,0,0,0,0,0,0,0,0,0,0,0,0
tb.dut.clusters[0].cluster.sockets[0].socket.cores[0].core.execute.fpu_unit.genblk1[0].fpu_fpnew.genblk3[3].fpnew_core.gen_operation_groups[3].i_opgroup_block.gen_merged_slice.i_multifmt_slice.gen_num_lanes[0].active_lane.lane_instance.i_fpnew_cast_multi.gen_int_res_sign_ext[3]	22	32	0	0	0	0	0	1	40896	40896	0,0,0,0,0,0,0,0,0,0,0,0,0,0,0,0,0,0,0,0,0,0,0,0,0,0,0,0,0,0,0,0,0,0,0,0,0,0,0,0	0,0,0,0,0,0,0,0,0,0,0,0,0,0,0,0,0,0,0,0,0,0,0,0,0,0,0,1,0,0,0,0,0,0,0,0,0,0,0,0	2	0	0	0	0	1	40896	40896	0,0,0,0,0,0,0,0,0,0,0,0,0,0,0,0,0,0,0,0,0,0,0,0,0,0,0,0,0,0,0,0,0,0,0,0,0,0,0,0	0,0,0,0,0,0,0,0,0,0,0,0,0,0,0,0,0,0,0,0,0,0,0,0,0,0,0,1,0,0,0,0,0,0,0,0,0,0,0,0
tb.dut.clusters[0].cluster.sockets[0].socket.cores[0].core.execute.fpu_unit.genblk1[0].fpu_fpnew.genblk3[3].fpnew_core.gen_operation_groups[3].i_opgroup_block.gen_merged_slice.i_multifmt_slice.gen_num_lanes[0].active_lane.lane_instance.i_fpnew_cast_multi.gen_output_pipeline[0]	22	1	0	0	0	0	0	1	40896	40896	0,0,0,0,0,0,0,0,0,0,0,0,0,0,0,0,0,0,0,0,0,0,0,0,0,0,0,0,0,0,0,0,0,0,0,0,0,0,0,0	0,0,0,0,0,0,0,0,0,0,0,0,0,0,0,0,0,0,0,0,0,0,0,0,0,0,0,1,0,0,0,0,0,0,0,0,0,0,0,0	2	0	0	0	0	1	40896	40896	0,0,0,0,0,0,0,0,0,0,0,0,0,0,0,0,0,0,0,0,0,0,0,0,0,0,0,0,0,0,0,0,0,0,0,0,0,0,0,0	0,0,0,0,0,0,0,0,0,0,0,0,0,0,0,0,0,0,0,0,0,0,0,0,0,0,0,1,0,0,0,0,0,0,0,0,0,0,0,0
tb.dut.clusters[0].cluster.sockets[0].socket.cores[0].core.execute.fpu_unit.genblk1[0].fpu_fpnew.genblk3[3].fpnew_core.gen_operation_groups[3].i_opgroup_block.gen_merged_slice.i_multifmt_slice.gen_num_lanes[0].active_lane.lane_instance.i_fpnew_cast_multi.gen_res_assemble[0]	22	64	0	0	0	0	0	1	40896	40896	0,0,0,0,0,0,0,0,0,0,0,0,0,0,0,0,0,0,0,0,0,0,0,0,0,0,0,0,0,0,0,0,0,0,0,0,0,0,0,0	0,0,0,0,0,0,0,0,0,0,0,0,0,0,0,0,0,0,0,0,0,0,0,0,0,0,0,1,0,0,0,0,0,0,0,0,0,0,0,0	2	0	0	0	0	1	40896	40896	0,0,0,0,0,0,0,0,0,0,0,0,0,0,0,0,0,0,0,0,0,0,0,0,0,0,0,0,0,0,0,0,0,0,0,0,0,0,0,0	0,0,0,0,0,0,0,0,0,0,0,0,0,0,0,0,0,0,0,0,0,0,0,0,0,0,0,1,0,0,0,0,0,0,0,0,0,0,0,0
tb.dut.clusters[0].cluster.sockets[0].socket.cores[0].core.execute.fpu_unit.genblk1[0].fpu_fpnew.genblk3[3].fpnew_core.gen_operation_groups[3].i_opgroup_block.gen_merged_slice.i_multifmt_slice.gen_num_lanes[0].active_lane.lane_instance.i_fpnew_cast_multi.gen_res_assemble[1]	22	64	0	0	0	0	0	1	40896	40896	0,0,0,0,0,0,0,0,0,0,0,0,0,0,0,0,0,0,0,0,0,0,0,0,0,0,0,0,0,0,0,0,0,0,0,0,0,0,0,0	0,0,0,0,0,0,0,0,0,0,0,0,0,0,0,0,0,0,0,0,0,0,0,0,0,0,0,1,0,0,0,0,0,0,0,0,0,0,0,0	2	0	0	0	0	1	40896	40896	0,0,0,0,0,0,0,0,0,0,0,0,0,0,0,0,0,0,0,0,0,0,0,0,0,0,0,0,0,0,0,0,0,0,0,0,0,0,0,0	0,0,0,0,0,0,0,0,0,0,0,0,0,0,0,0,0,0,0,0,0,0,0,0,0,0,0,1,0,0,0,0,0,0,0,0,0,0,0,0
tb.dut.clusters[0].cluster.sockets[0].socket.cores[0].core.execute.fpu_unit.genblk1[0].fpu_fpnew.genblk3[3].fpnew_core.gen_operation_groups[3].i_opgroup_block.gen_merged_slice.i_multifmt_slice.gen_num_lanes[0].active_lane.lane_instance.i_fpnew_cast_multi.gen_res_assemble[2]	22	64	0	0	0	0	0	1	40896	40896	0,0,0,0,0,0,0,0,0,0,0,0,0,0,0,0,0,0,0,0,0,0,0,0,0,0,0,0,0,0,0,0,0,0,0,0,0,0,0,0	0,0,0,0,0,0,0,0,0,0,0,0,0,0,0,0,0,0,0,0,0,0,0,0,0,0,0,1,0,0,0,0,0,0,0,0,0,0,0,0	2	0	0	0	0	1	40896	40896	0,0,0,0,0,0,0,0,0,0,0,0,0,0,0,0,0,0,0,0,0,0,0,0,0,0,0,0,0,0,0,0,0,0,0,0,0,0,0,0	0,0,0,0,0,0,0,0,0,0,0,0,0,0,0,0,0,0,0,0,0,0,0,0,0,0,0,1,0,0,0,0,0,0,0,0,0,0,0,0
tb.dut.clusters[0].cluster.sockets[0].socket.cores[0].core.execute.fpu_unit.genblk1[0].fpu_fpnew.genblk3[3].fpnew_core.gen_operation_groups[3].i_opgroup_block.gen_merged_slice.i_multifmt_slice.gen_num_lanes[0].active_lane.lane_instance.i_fpnew_cast_multi.gen_res_assemble[3]	22	64	0	0	0	0	0	1	40896	40896	0,0,0,0,0,0,0,0,0,0,0,0,0,0,0,0,0,0,0,0,0,0,0,0,0,0,0,0,0,0,0,0,0,0,0,0,0,0,0,0	0,0,0,0,0,0,0,0,0,0,0,0,0,0,0,0,0,0,0,0,0,0,0,0,0,0,0,1,0,0,0,0,0,0,0,0,0,0,0,0	2	0	0	0	0	1	40896	40896	0,0,0,0,0,0,0,0,0,0,0,0,0,0,0,0,0,0,0,0,0,0,0,0,0,0,0,0,0,0,0,0,0,0,0,0,0,0,0,0	0,0,0,0,0,0,0,0,0,0,0,0,0,0,0,0,0,0,0,0,0,0,0,0,0,0,0,1,0,0,0,0,0,0,0,0,0,0,0,0
tb.dut.clusters[0].cluster.sockets[0].socket.cores[0].core.execute.fpu_unit.genblk1[0].fpu_fpnew.genblk3[3].fpnew_core.gen_operation_groups[3].i_opgroup_block.gen_merged_slice.i_multifmt_slice.gen_num_lanes[0].active_lane.lane_instance.i_fpnew_cast_multi.gen_res_assemble[4]	22	64	0	0	0	0	0	1	40896	40896	0,0,0,0,0,0,0,0,0,0,0,0,0,0,0,0,0,0,0,0,0,0,0,0,0,0,0,0,0,0,0,0,0,0,0,0,0,0,0,0	0,0,0,0,0,0,0,0,0,0,0,0,0,0,0,0,0,0,0,0,0,0,0,0,0,0,0,1,0,0,0,0,0,0,0,0,0,0,0,0	2	0	0	0	0	1	40896	40896	0,0,0,0,0,0,0,0,0,0,0,0,0,0,0,0,0,0,0,0,0,0,0,0,0,0,0,0,0,0,0,0,0,0,0,0,0,0,0,0	0,0,0,0,0,0,0,0,0,0,0,0,0,0,0,0,0,0,0,0,0,0,0,0,0,0,0,1,0,0,0,0,0,0,0,0,0,0,0,0
tb.dut.clusters[0].cluster.sockets[0].socket.cores[0].core.execute.fpu_unit.genblk1[0].fpu_fpnew.genblk3[3].fpnew_core.gen_operation_groups[3].i_opgroup_block.gen_merged_slice.i_multifmt_slice.gen_num_lanes[0].active_lane.lane_instance.i_fpnew_cast_multi.gen_sign_extend_int[0]	22	32	0	0	0	0	0	1	40896	40896	0,0,0,0,0,0,0,0,0,0,0,0,0,0,0,0,0,0,0,0,0,0,0,0,0,0,0,0,0,0,0,0,0,0,0,0,0,0,0,0	0,0,0,0,0,0,0,0,0,0,0,0,0,0,0,0,0,0,0,0,0,0,0,0,0,0,0,1,0,0,0,0,0,0,0,0,0,0,0,0	2	0	0	0	0	1	40896	40896	0,0,0,0,0,0,0,0,0,0,0,0,0,0,0,0,0,0,0,0,0,0,0,0,0,0,0,0,0,0,0,0,0,0,0,0,0,0,0,0	0,0,0,0,0,0,0,0,0,0,0,0,0,0,0,0,0,0,0,0,0,0,0,0,0,0,0,1,0,0,0,0,0,0,0,0,0,0,0,0
tb.dut.clusters[0].cluster.sockets[0].socket.cores[0].core.execute.fpu_unit.genblk1[0].fpu_fpnew.genblk3[3].fpnew_core.gen_operation_groups[3].i_opgroup_block.gen_merged_slice.i_multifmt_slice.gen_num_lanes[0].active_lane.lane_instance.i_fpnew_cast_multi.gen_sign_extend_int[1]	22	32	0	0	0	0	0	1	40896	40896	0,0,0,0,0,0,0,0,0,0,0,0,0,0,0,0,0,0,0,0,0,0,0,0,0,0,0,0,0,0,0,0,0,0,0,0,0,0,0,0	0,0,0,0,0,0,0,0,0,0,0,0,0,0,0,0,0,0,0,0,0,0,0,0,0,0,0,1,0,0,0,0,0,0,0,0,0,0,0,0	2	0	0	0	0	1	40896	40896	0,0,0,0,0,0,0,0,0,0,0,0,0,0,0,0,0,0,0,0,0,0,0,0,0,0,0,0,0,0,0,0,0,0,0,0,0,0,0,0	0,0,0,0,0,0,0,0,0,0,0,0,0,0,0,0,0,0,0,0,0,0,0,0,0,0,0,1,0,0,0,0,0,0,0,0,0,0,0,0
tb.dut.clusters[0].cluster.sockets[0].socket.cores[0].core.execute.fpu_unit.genblk1[0].fpu_fpnew.genblk3[3].fpnew_core.gen_operation_groups[3].i_opgroup_block.gen_merged_slice.i_multifmt_slice.gen_num_lanes[0].active_lane.lane_instance.i_fpnew_cast_multi.gen_sign_extend_int[2]	22	32	0	0	0	0	0	1	40896	40896	0,0,0,0,0,0,0,0,0,0,0,0,0,0,0,0,0,0,0,0,0,0,0,0,0,0,0,0,0,0,0,0,0,0,0,0,0,0,0,0	0,0,0,0,0,0,0,0,0,0,0,0,0,0,0,0,0,0,0,0,0,0,0,0,0,0,0,1,0,0,0,0,0,0,0,0,0,0,0,0	2	0	0	0	0	1	40896	40896	0,0,0,0,0,0,0,0,0,0,0,0,0,0,0,0,0,0,0,0,0,0,0,0,0,0,0,0,0,0,0,0,0,0,0,0,0,0,0,0	0,0,0,0,0,0,0,0,0,0,0,0,0,0,0,0,0,0,0,0,0,0,0,0,0,0,0,1,0,0,0,0,0,0,0,0,0,0,0,0
tb.dut.clusters[0].cluster.sockets[0].socket.cores[0].core.execute.fpu_unit.genblk1[0].fpu_fpnew.genblk3[3].fpnew_core.gen_operation_groups[3].i_opgroup_block.gen_merged_slice.i_multifmt_slice.gen_num_lanes[0].active_lane.lane_instance.i_fpnew_cast_multi.gen_sign_extend_int[3]	22	32	0	0	0	0	0	1	40896	40896	0,0,0,0,0,0,0,0,0,0,0,0,0,0,0,0,0,0,0,0,0,0,0,0,0,0,0,0,0,0,0,0,0,0,0,0,0,0,0,0	0,0,0,0,0,0,0,0,0,0,0,0,0,0,0,0,0,0,0,0,0,0,0,0,0,0,0,1,0,0,0,0,0,0,0,0,0,0,0,0	2	0	0	0	0	1	40896	40896	0,0,0,0,0,0,0,0,0,0,0,0,0,0,0,0,0,0,0,0,0,0,0,0,0,0,0,0,0,0,0,0,0,0,0,0,0,0,0,0	0,0,0,0,0,0,0,0,0,0,0,0,0,0,0,0,0,0,0,0,0,0,0,0,0,0,0,1,0,0,0,0,0,0,0,0,0,0,0,0
tb.dut.clusters[0].cluster.sockets[0].socket.cores[0].core.execute.fpu_unit.genblk1[0].fpu_fpnew.genblk3[3].fpnew_core.gen_operation_groups[3].i_opgroup_block.gen_merged_slice.i_multifmt_slice.gen_num_lanes[0].active_lane.lane_instance.i_fpnew_cast_multi.gen_sign_inject[0]	22	96	0	0	0	0	0	1	40896	40896	0,0,0,0,0,0,0,0,0,0,0,0,0,0,0,0,0,0,0,0,0,0,0,0,0,0,0,0,0,0,0,0,0,0,0,0,0,0,0,0	0,0,0,0,0,0,0,0,0,0,0,0,0,0,0,0,0,0,0,0,0,0,0,0,0,0,0,1,0,0,0,0,0,0,0,0,0,0,0,0	2	0	0	0	0	1	40896	40896	0,0,0,0,0,0,0,0,0,0,0,0,0,0,0,0,0,0,0,0,0,0,0,0,0,0,0,0,0,0,0,0,0,0,0,0,0,0,0,0	0,0,0,0,0,0,0,0,0,0,0,0,0,0,0,0,0,0,0,0,0,0,0,0,0,0,0,1,0,0,0,0,0,0,0,0,0,0,0,0
tb.dut.clusters[0].cluster.sockets[0].socket.cores[0].core.execute.fpu_unit.genblk1[0].fpu_fpnew.genblk3[3].fpnew_core.gen_operation_groups[3].i_opgroup_block.gen_merged_slice.i_multifmt_slice.gen_num_lanes[0].active_lane.lane_instance.i_fpnew_cast_multi.gen_sign_inject[1]	22	96	0	0	0	0	0	1	40896	40896	0,0,0,0,0,0,0,0,0,0,0,0,0,0,0,0,0,0,0,0,0,0,0,0,0,0,0,0,0,0,0,0,0,0,0,0,0,0,0,0	0,0,0,0,0,0,0,0,0,0,0,0,0,0,0,0,0,0,0,0,0,0,0,0,0,0,0,1,0,0,0,0,0,0,0,0,0,0,0,0	2	0	0	0	0	1	40896	40896	0,0,0,0,0,0,0,0,0,0,0,0,0,0,0,0,0,0,0,0,0,0,0,0,0,0,0,0,0,0,0,0,0,0,0,0,0,0,0,0	0,0,0,0,0,0,0,0,0,0,0,0,0,0,0,0,0,0,0,0,0,0,0,0,0,0,0,1,0,0,0,0,0,0,0,0,0,0,0,0
tb.dut.clusters[0].cluster.sockets[0].socket.cores[0].core.execute.fpu_unit.genblk1[0].fpu_fpnew.genblk3[3].fpnew_core.gen_operation_groups[3].i_opgroup_block.gen_merged_slice.i_multifmt_slice.gen_num_lanes[0].active_lane.lane_instance.i_fpnew_cast_multi.gen_sign_inject[2]	22	96	0	0	0	0	0	1	40896	40896	0,0,0,0,0,0,0,0,0,0,0,0,0,0,0,0,0,0,0,0,0,0,0,0,0,0,0,0,0,0,0,0,0,0,0,0,0,0,0,0	0,0,0,0,0,0,0,0,0,0,0,0,0,0,0,0,0,0,0,0,0,0,0,0,0,0,0,1,0,0,0,0,0,0,0,0,0,0,0,0	2	0	0	0	0	1	40896	40896	0,0,0,0,0,0,0,0,0,0,0,0,0,0,0,0,0,0,0,0,0,0,0,0,0,0,0,0,0,0,0,0,0,0,0,0,0,0,0,0	0,0,0,0,0,0,0,0,0,0,0,0,0,0,0,0,0,0,0,0,0,0,0,0,0,0,0,1,0,0,0,0,0,0,0,0,0,0,0,0
tb.dut.clusters[0].cluster.sockets[0].socket.cores[0].core.execute.fpu_unit.genblk1[0].fpu_fpnew.genblk3[3].fpnew_core.gen_operation_groups[3].i_opgroup_block.gen_merged_slice.i_multifmt_slice.gen_num_lanes[0].active_lane.lane_instance.i_fpnew_cast_multi.gen_sign_inject[3]	22	96	0	0	0	0	0	1	40896	40896	0,0,0,0,0,0,0,0,0,0,0,0,0,0,0,0,0,0,0,0,0,0,0,0,0,0,0,0,0,0,0,0,0,0,0,0,0,0,0,0	0,0,0,0,0,0,0,0,0,0,0,0,0,0,0,0,0,0,0,0,0,0,0,0,0,0,0,1,0,0,0,0,0,0,0,0,0,0,0,0	2	0	0	0	0	1	40896	40896	0,0,0,0,0,0,0,0,0,0,0,0,0,0,0,0,0,0,0,0,0,0,0,0,0,0,0,0,0,0,0,0,0,0,0,0,0,0,0,0	0,0,0,0,0,0,0,0,0,0,0,0,0,0,0,0,0,0,0,0,0,0,0,0,0,0,0,1,0,0,0,0,0,0,0,0,0,0,0,0
tb.dut.clusters[0].cluster.sockets[0].socket.cores[0].core.execute.fpu_unit.genblk1[0].fpu_fpnew.genblk3[3].fpnew_core.gen_operation_groups[3].i_opgroup_block.gen_merged_slice.i_multifmt_slice.gen_num_lanes[0].active_lane.lane_instance.i_fpnew_cast_multi.gen_sign_inject[4]	22	96	0	0	0	0	0	1	40896	40896	0,0,0,0,0,0,0,0,0,0,0,0,0,0,0,0,0,0,0,0,0,0,0,0,0,0,0,0,0,0,0,0,0,0,0,0,0,0,0,0	0,0,0,0,0,0,0,0,0,0,0,0,0,0,0,0,0,0,0,0,0,0,0,0,0,0,0,1,0,0,0,0,0,0,0,0,0,0,0,0	2	0	0	0	0	1	40896	40896	0,0,0,0,0,0,0,0,0,0,0,0,0,0,0,0,0,0,0,0,0,0,0,0,0,0,0,0,0,0,0,0,0,0,0,0,0,0,0,0	0,0,0,0,0,0,0,0,0,0,0,0,0,0,0,0,0,0,0,0,0,0,0,0,0,0,0,1,0,0,0,0,0,0,0,0,0,0,0,0
tb.dut.clusters[0].cluster.sockets[0].socket.cores[0].core.execute.fpu_unit.genblk1[0].fpu_fpnew.genblk3[3].fpnew_core.gen_operation_groups[3].i_opgroup_block.gen_merged_slice.i_multifmt_slice.gen_num_lanes[0].active_lane.lane_instance.i_fpnew_cast_multi.gen_special_results[0]	22	159	0	0	0	0	0	1	40896	40896	0,0,0,0,0,0,0,0,0,0,0,0,0,0,0,0,0,0,0,0,0,0,0,0,0,0,0,0,0,0,0,0,0,0,0,0,0,0,0,0	0,0,0,0,0,0,0,0,0,0,0,0,0,0,0,0,0,0,0,0,0,0,0,0,0,0,0,1,0,0,0,0,0,0,0,0,0,0,0,0	2	0	0	0	0	1	40896	40896	0,0,0,0,0,0,0,0,0,0,0,0,0,0,0,0,0,0,0,0,0,0,0,0,0,0,0,0,0,0,0,0,0,0,0,0,0,0,0,0	0,0,0,0,0,0,0,0,0,0,0,0,0,0,0,0,0,0,0,0,0,0,0,0,0,0,0,1,0,0,0,0,0,0,0,0,0,0,0,0
tb.dut.clusters[0].cluster.sockets[0].socket.cores[0].core.execute.fpu_unit.genblk1[0].fpu_fpnew.genblk3[3].fpnew_core.gen_operation_groups[3].i_opgroup_block.gen_merged_slice.i_multifmt_slice.gen_num_lanes[0].active_lane.lane_instance.i_fpnew_cast_multi.gen_special_results[0].active_format	23	32	0	0	0	0	0	1	40896	40896	0,0,0,0,0,0,0,0,0,0,0,0,0,0,0,0,0,0,0,0,0,0,0,0,0,0,0,0,0,0,0,0,0,0,0,0,0,0,0,0	0,0,0,0,0,0,0,0,0,0,0,0,0,0,0,0,0,0,0,0,0,0,0,0,0,0,0,1,0,0,0,0,0,0,0,0,0,0,0,0	2	0	0	0	0	1	40896	40896	0,0,0,0,0,0,0,0,0,0,0,0,0,0,0,0,0,0,0,0,0,0,0,0,0,0,0,0,0,0,0,0,0,0,0,0,0,0,0,0	0,0,0,0,0,0,0,0,0,0,0,0,0,0,0,0,0,0,0,0,0,0,0,0,0,0,0,1,0,0,0,0,0,0,0,0,0,0,0,0
tb.dut.clusters[0].cluster.sockets[0].socket.cores[0].core.execute.fpu_unit.genblk1[0].fpu_fpnew.genblk3[3].fpnew_core.gen_operation_groups[3].i_opgroup_block.gen_merged_slice.i_multifmt_slice.gen_num_lanes[0].active_lane.lane_instance.i_fpnew_cast_multi.gen_special_results[0].active_format.special_results	24	32	0	0	0	0	0	1	40896	40896	0,0,0,0,0,0,0,0,0,0,0,0,0,0,0,0,0,0,0,0,0,0,0,0,0,0,0,0,0,0,0,0,0,0,0,0,0,0,0,0	0,0,0,0,0,0,0,0,0,0,0,0,0,0,0,0,0,0,0,0,0,0,0,0,0,0,0,1,0,0,0,0,0,0,0,0,0,0,0,0	2	0	0	0	0	1	40896	40896	0,0,0,0,0,0,0,0,0,0,0,0,0,0,0,0,0,0,0,0,0,0,0,0,0,0,0,0,0,0,0,0,0,0,0,0,0,0,0,0	0,0,0,0,0,0,0,0,0,0,0,0,0,0,0,0,0,0,0,0,0,0,0,0,0,0,0,1,0,0,0,0,0,0,0,0,0,0,0,0
tb.dut.clusters[0].cluster.sockets[0].socket.cores[0].core.execute.fpu_unit.genblk1[0].fpu_fpnew.genblk3[3].fpnew_core.gen_operation_groups[3].i_opgroup_block.gen_merged_slice.i_multifmt_slice.gen_num_lanes[0].active_lane.lane_instance.i_fpnew_cast_multi.gen_special_results[1]	22	159	0	0	0	0	0	1	40896	40896	0,0,0,0,0,0,0,0,0,0,0,0,0,0,0,0,0,0,0,0,0,0,0,0,0,0,0,0,0,0,0,0,0,0,0,0,0,0,0,0	0,0,0,0,0,0,0,0,0,0,0,0,0,0,0,0,0,0,0,0,0,0,0,0,0,0,0,1,0,0,0,0,0,0,0,0,0,0,0,0	2	0	0	0	0	1	40896	40896	0,0,0,0,0,0,0,0,0,0,0,0,0,0,0,0,0,0,0,0,0,0,0,0,0,0,0,0,0,0,0,0,0,0,0,0,0,0,0,0	0,0,0,0,0,0,0,0,0,0,0,0,0,0,0,0,0,0,0,0,0,0,0,0,0,0,0,1,0,0,0,0,0,0,0,0,0,0,0,0
tb.dut.clusters[0].cluster.sockets[0].socket.cores[0].core.execute.fpu_unit.genblk1[0].fpu_fpnew.genblk3[3].fpnew_core.gen_operation_groups[3].i_opgroup_block.gen_merged_slice.i_multifmt_slice.gen_num_lanes[0].active_lane.lane_instance.i_fpnew_cast_multi.gen_special_results[2]	22	111	0	0	0	0	0	1	40896	40896	0,0,0,0,0,0,0,0,0,0,0,0,0,0,0,0,0,0,0,0,0,0,0,0,0,0,0,0,0,0,0,0,0,0,0,0,0,0,0,0	0,0,0,0,0,0,0,0,0,0,0,0,0,0,0,0,0,0,0,0,0,0,0,0,0,0,0,1,0,0,0,0,0,0,0,0,0,0,0,0	2	0	0	0	0	1	40896	40896	0,0,0,0,0,0,0,0,0,0,0,0,0,0,0,0,0,0,0,0,0,0,0,0,0,0,0,0,0,0,0,0,0,0,0,0,0,0,0,0	0,0,0,0,0,0,0,0,0,0,0,0,0,0,0,0,0,0,0,0,0,0,0,0,0,0,0,1,0,0,0,0,0,0,0,0,0,0,0,0
tb.dut.clusters[0].cluster.sockets[0].socket.cores[0].core.execute.fpu_unit.genblk1[0].fpu_fpnew.genblk3[3].fpnew_core.gen_operation_groups[3].i_opgroup_block.gen_merged_slice.i_multifmt_slice.gen_num_lanes[0].active_lane.lane_instance.i_fpnew_cast_multi.gen_special_results[3]	22	103	0	0	0	0	0	1	40896	40896	0,0,0,0,0,0,0,0,0,0,0,0,0,0,0,0,0,0,0,0,0,0,0,0,0,0,0,0,0,0,0,0,0,0,0,0,0,0,0,0	0,0,0,0,0,0,0,0,0,0,0,0,0,0,0,0,0,0,0,0,0,0,0,0,0,0,0,1,0,0,0,0,0,0,0,0,0,0,0,0	2	0	0	0	0	1	40896	40896	0,0,0,0,0,0,0,0,0,0,0,0,0,0,0,0,0,0,0,0,0,0,0,0,0,0,0,0,0,0,0,0,0,0,0,0,0,0,0,0	0,0,0,0,0,0,0,0,0,0,0,0,0,0,0,0,0,0,0,0,0,0,0,0,0,0,0,1,0,0,0,0,0,0,0,0,0,0,0,0
tb.dut.clusters[0].cluster.sockets[0].socket.cores[0].core.execute.fpu_unit.genblk1[0].fpu_fpnew.genblk3[3].fpnew_core.gen_operation_groups[3].i_opgroup_block.gen_merged_slice.i_multifmt_slice.gen_num_lanes[0].active_lane.lane_instance.i_fpnew_cast_multi.gen_special_results[4]	22	111	0	0	0	0	0	1	40896	40896	0,0,0,0,0,0,0,0,0,0,0,0,0,0,0,0,0,0,0,0,0,0,0,0,0,0,0,0,0,0,0,0,0,0,0,0,0,0,0,0	0,0,0,0,0,0,0,0,0,0,0,0,0,0,0,0,0,0,0,0,0,0,0,0,0,0,0,1,0,0,0,0,0,0,0,0,0,0,0,0	2	0	0	0	0	1	40896	40896	0,0,0,0,0,0,0,0,0,0,0,0,0,0,0,0,0,0,0,0,0,0,0,0,0,0,0,0,0,0,0,0,0,0,0,0,0,0,0,0	0,0,0,0,0,0,0,0,0,0,0,0,0,0,0,0,0,0,0,0,0,0,0,0,0,0,0,1,0,0,0,0,0,0,0,0,0,0,0,0
tb.dut.clusters[0].cluster.sockets[0].socket.cores[0].core.execute.fpu_unit.genblk1[0].fpu_fpnew.genblk3[3].fpnew_core.gen_operation_groups[3].i_opgroup_block.gen_merged_slice.i_multifmt_slice.gen_num_lanes[0].active_lane.lane_instance.i_fpnew_cast_multi.gen_special_results_int[0]	22	32	0	0	0	0	0	1	40896	40896	0,0,0,0,0,0,0,0,0,0,0,0,0,0,0,0,0,0,0,0,0,0,0,0,0,0,0,0,0,0,0,0,0,0,0,0,0,0,0,0	0,0,0,0,0,0,0,0,0,0,0,0,0,0,0,0,0,0,0,0,0,0,0,0,0,0,0,1,0,0,0,0,0,0,0,0,0,0,0,0	2	0	0	0	0	1	40896	40896	0,0,0,0,0,0,0,0,0,0,0,0,0,0,0,0,0,0,0,0,0,0,0,0,0,0,0,0,0,0,0,0,0,0,0,0,0,0,0,0	0,0,0,0,0,0,0,0,0,0,0,0,0,0,0,0,0,0,0,0,0,0,0,0,0,0,0,1,0,0,0,0,0,0,0,0,0,0,0,0
tb.dut.clusters[0].cluster.sockets[0].socket.cores[0].core.execute.fpu_unit.genblk1[0].fpu_fpnew.genblk3[3].fpnew_core.gen_operation_groups[3].i_opgroup_block.gen_merged_slice.i_multifmt_slice.gen_num_lanes[0].active_lane.lane_instance.i_fpnew_cast_multi.gen_special_results_int[1]	22	32	0	0	0	0	0	1	40896	40896	0,0,0,0,0,0,0,0,0,0,0,0,0,0,0,0,0,0,0,0,0,0,0,0,0,0,0,0,0,0,0,0,0,0,0,0,0,0,0,0	0,0,0,0,0,0,0,0,0,0,0,0,0,0,0,0,0,0,0,0,0,0,0,0,0,0,0,1,0,0,0,0,0,0,0,0,0,0,0,0	2	0	0	0	0	1	40896	40896	0,0,0,0,0,0,0,0,0,0,0,0,0,0,0,0,0,0,0,0,0,0,0,0,0,0,0,0,0,0,0,0,0,0,0,0,0,0,0,0	0,0,0,0,0,0,0,0,0,0,0,0,0,0,0,0,0,0,0,0,0,0,0,0,0,0,0,1,0,0,0,0,0,0,0,0,0,0,0,0
tb.dut.clusters[0].cluster.sockets[0].socket.cores[0].core.execute.fpu_unit.genblk1[0].fpu_fpnew.genblk3[3].fpnew_core.gen_operation_groups[3].i_opgroup_block.gen_merged_slice.i_multifmt_slice.gen_num_lanes[0].active_lane.lane_instance.i_fpnew_cast_multi.gen_special_results_int[2]	22	32	0	0	0	0	0	1	40896	40896	0,0,0,0,0,0,0,0,0,0,0,0,0,0,0,0,0,0,0,0,0,0,0,0,0,0,0,0,0,0,0,0,0,0,0,0,0,0,0,0	0,0,0,0,0,0,0,0,0,0,0,0,0,0,0,0,0,0,0,0,0,0,0,0,0,0,0,1,0,0,0,0,0,0,0,0,0,0,0,0	2	0	0	0	0	1	40896	40896	0,0,0,0,0,0,0,0,0,0,0,0,0,0,0,0,0,0,0,0,0,0,0,0,0,0,0,0,0,0,0,0,0,0,0,0,0,0,0,0	0,0,0,0,0,0,0,0,0,0,0,0,0,0,0,0,0,0,0,0,0,0,0,0,0,0,0,1,0,0,0,0,0,0,0,0,0,0,0,0
tb.dut.clusters[0].cluster.sockets[0].socket.cores[0].core.execute.fpu_unit.genblk1[0].fpu_fpnew.genblk3[3].fpnew_core.gen_operation_groups[3].i_opgroup_block.gen_merged_slice.i_multifmt_slice.gen_num_lanes[0].active_lane.lane_instance.i_fpnew_cast_multi.gen_special_results_int[3]	22	32	0	0	0	0	0	1	40896	40896	0,0,0,0,0,0,0,0,0,0,0,0,0,0,0,0,0,0,0,0,0,0,0,0,0,0,0,0,0,0,0,0,0,0,0,0,0,0,0,0	0,0,0,0,0,0,0,0,0,0,0,0,0,0,0,0,0,0,0,0,0,0,0,0,0,0,0,1,0,0,0,0,0,0,0,0,0,0,0,0	2	0	0	0	0	1	40896	40896	0,0,0,0,0,0,0,0,0,0,0,0,0,0,0,0,0,0,0,0,0,0,0,0,0,0,0,0,0,0,0,0,0,0,0,0,0,0,0,0	0,0,0,0,0,0,0,0,0,0,0,0,0,0,0,0,0,0,0,0,0,0,0,0,0,0,0,1,0,0,0,0,0,0,0,0,0,0,0,0
tb.dut.clusters[0].cluster.sockets[0].socket.cores[0].core.execute.fpu_unit.genblk1[0].fpu_fpnew.genblk3[3].fpnew_core.gen_operation_groups[3].i_opgroup_block.gen_merged_slice.i_multifmt_slice.gen_num_lanes[0].active_lane.lane_instance.i_fpnew_cast_multi.i_fpnew_rounding	22	106	0	0	0	0	0	1	40896	40896	0,0,0,0,0,0,0,0,0,0,0,0,0,0,0,0,0,0,0,0,0,0,0,0,0,0,0,0,0,0,0,0,0,0,0,0,0,0,0,0	0,0,0,0,0,0,0,0,0,0,0,0,0,0,0,0,0,0,0,0,0,0,0,0,0,0,0,1,0,0,0,0,0,0,0,0,0,0,0,0	2	0	0	0	0	1	40896	40896	0,0,0,0,0,0,0,0,0,0,0,0,0,0,0,0,0,0,0,0,0,0,0,0,0,0,0,0,0,0,0,0,0,0,0,0,0,0,0,0	0,0,0,0,0,0,0,0,0,0,0,0,0,0,0,0,0,0,0,0,0,0,0,0,0,0,0,1,0,0,0,0,0,0,0,0,0,0,0,0
tb.dut.clusters[0].cluster.sockets[0].socket.cores[0].core.execute.fpu_unit.genblk1[0].fpu_fpnew.genblk3[3].fpnew_core.gen_operation_groups[3].i_opgroup_block.gen_merged_slice.i_multifmt_slice.gen_num_lanes[0].active_lane.lane_instance.i_fpnew_cast_multi.i_lzc	22	519	0	0	0	0	0	1	40896	40896	0,0,0,0,0,0,0,0,0,0,0,0,0,0,0,0,0,0,0,0,0,0,0,0,0,0,0,0,0,0,0,0,0,0,0,0,0,0,0,0	0,0,0,0,0,0,0,0,0,0,0,0,0,0,0,0,0,0,0,0,0,0,0,0,0,0,0,1,0,0,0,0,0,0,0,0,0,0,0,0	3	0	0	0	0	1	40896	40896	0,0,0,0,0,0,0,0,0,0,0,0,0,0,0,0,0,0,0,0,0,0,0,0,0,0,0,0,0,0,0,0,0,0,0,0,0,0,0,0	0,0,0,0,0,0,0,0,0,0,0,0,0,0,0,0,0,0,0,0,0,0,0,0,0,0,0,1,0,0,0,0,0,0,0,0,0,0,0,0
tb.dut.clusters[0].cluster.sockets[0].socket.cores[0].core.execute.fpu_unit.genblk1[0].fpu_fpnew.genblk3[3].fpnew_core.gen_operation_groups[3].i_opgroup_block.gen_merged_slice.i_multifmt_slice.gen_num_lanes[0].active_lane.lane_instance.i_fpnew_cast_multi.i_lzc.gen_lzc	23	416	0	0	0	0	0	1	40896	40896	0,0,0,0,0,0,0,0,0,0,0,0,0,0,0,0,0,0,0,0,0,0,0,0,0,0,0,0,0,0,0,0,0,0,0,0,0,0,0,0	0,0,0,0,0,0,0,0,0,0,0,0,0,0,0,0,0,0,0,0,0,0,0,0,0,0,0,1,0,0,0,0,0,0,0,0,0,0,0,0	3	0	0	0	0	1	40896	40896	0,0,0,0,0,0,0,0,0,0,0,0,0,0,0,0,0,0,0,0,0,0,0,0,0,0,0,0,0,0,0,0,0,0,0,0,0,0,0,0	0,0,0,0,0,0,0,0,0,0,0,0,0,0,0,0,0,0,0,0,0,0,0,0,0,0,0,1,0,0,0,0,0,0,0,0,0,0,0,0
tb.dut.clusters[0].cluster.sockets[0].socket.cores[0].core.execute.fpu_unit.genblk1[0].fpu_fpnew.genblk3[3].fpnew_core.gen_operation_groups[3].i_opgroup_block.gen_merged_slice.i_multifmt_slice.gen_num_lanes[0].int_results_enabled	19	128	0	0	0	0	0	1	40896	40896	0,0,0,0,0,0,0,0,0,0,0,0,0,0,0,0,0,0,0,0,0,0,0,0,0,0,0,0,0,0,0,0,0,0,0,0,0,0,0,0	0,0,0,0,0,0,0,0,0,0,0,0,0,0,0,0,0,0,0,0,0,0,0,0,0,0,0,1,0,0,0,0,0,0,0,0,0,0,0,0	2	0	0	0	0	1	40896	40896	0,0,0,0,0,0,0,0,0,0,0,0,0,0,0,0,0,0,0,0,0,0,0,0,0,0,0,0,0,0,0,0,0,0,0,0,0,0,0,0	0,0,0,0,0,0,0,0,0,0,0,0,0,0,0,0,0,0,0,0,0,0,0,0,0,0,0,1,0,0,0,0,0,0,0,0,0,0,0,0
tb.dut.clusters[0].cluster.sockets[0].socket.cores[0].core.execute.fpu_unit.genblk1[0].fpu_fpnew.genblk3[3].fpnew_core.gen_operation_groups[3].i_opgroup_block.gen_merged_slice.i_multifmt_slice.gen_num_lanes[0].int_results_enabled.pack_int_result[0]	20	32	0	0	0	0	0	1	40896	40896	0,0,0,0,0,0,0,0,0,0,0,0,0,0,0,0,0,0,0,0,0,0,0,0,0,0,0,0,0,0,0,0,0,0,0,0,0,0,0,0	0,0,0,0,0,0,0,0,0,0,0,0,0,0,0,0,0,0,0,0,0,0,0,0,0,0,0,1,0,0,0,0,0,0,0,0,0,0,0,0	2	0	0	0	0	1	40896	40896	0,0,0,0,0,0,0,0,0,0,0,0,0,0,0,0,0,0,0,0,0,0,0,0,0,0,0,0,0,0,0,0,0,0,0,0,0,0,0,0	0,0,0,0,0,0,0,0,0,0,0,0,0,0,0,0,0,0,0,0,0,0,0,0,0,0,0,1,0,0,0,0,0,0,0,0,0,0,0,0
tb.dut.clusters[0].cluster.sockets[0].socket.cores[0].core.execute.fpu_unit.genblk1[0].fpu_fpnew.genblk3[3].fpnew_core.gen_operation_groups[3].i_opgroup_block.gen_merged_slice.i_multifmt_slice.gen_num_lanes[0].int_results_enabled.pack_int_result[1]	20	32	0	0	0	0	0	1	40896	40896	0,0,0,0,0,0,0,0,0,0,0,0,0,0,0,0,0,0,0,0,0,0,0,0,0,0,0,0,0,0,0,0,0,0,0,0,0,0,0,0	0,0,0,0,0,0,0,0,0,0,0,0,0,0,0,0,0,0,0,0,0,0,0,0,0,0,0,1,0,0,0,0,0,0,0,0,0,0,0,0	2	0	0	0	0	1	40896	40896	0,0,0,0,0,0,0,0,0,0,0,0,0,0,0,0,0,0,0,0,0,0,0,0,0,0,0,0,0,0,0,0,0,0,0,0,0,0,0,0	0,0,0,0,0,0,0,0,0,0,0,0,0,0,0,0,0,0,0,0,0,0,0,0,0,0,0,1,0,0,0,0,0,0,0,0,0,0,0,0
tb.dut.clusters[0].cluster.sockets[0].socket.cores[0].core.execute.fpu_unit.genblk1[0].fpu_fpnew.genblk3[3].fpnew_core.gen_operation_groups[3].i_opgroup_block.gen_merged_slice.i_multifmt_slice.gen_num_lanes[0].int_results_enabled.pack_int_result[2]	20	32	0	0	0	0	0	1	40896	40896	0,0,0,0,0,0,0,0,0,0,0,0,0,0,0,0,0,0,0,0,0,0,0,0,0,0,0,0,0,0,0,0,0,0,0,0,0,0,0,0	0,0,0,0,0,0,0,0,0,0,0,0,0,0,0,0,0,0,0,0,0,0,0,0,0,0,0,1,0,0,0,0,0,0,0,0,0,0,0,0	2	0	0	0	0	1	40896	40896	0,0,0,0,0,0,0,0,0,0,0,0,0,0,0,0,0,0,0,0,0,0,0,0,0,0,0,0,0,0,0,0,0,0,0,0,0,0,0,0	0,0,0,0,0,0,0,0,0,0,0,0,0,0,0,0,0,0,0,0,0,0,0,0,0,0,0,1,0,0,0,0,0,0,0,0,0,0,0,0
tb.dut.clusters[0].cluster.sockets[0].socket.cores[0].core.execute.fpu_unit.genblk1[0].fpu_fpnew.genblk3[3].fpnew_core.gen_operation_groups[3].i_opgroup_block.gen_merged_slice.i_multifmt_slice.gen_num_lanes[0].int_results_enabled.pack_int_result[3]	20	32	0	0	0	0	0	1	40896	40896	0,0,0,0,0,0,0,0,0,0,0,0,0,0,0,0,0,0,0,0,0,0,0,0,0,0,0,0,0,0,0,0,0,0,0,0,0,0,0,0	0,0,0,0,0,0,0,0,0,0,0,0,0,0,0,0,0,0,0,0,0,0,0,0,0,0,0,1,0,0,0,0,0,0,0,0,0,0,0,0	2	0	0	0	0	1	40896	40896	0,0,0,0,0,0,0,0,0,0,0,0,0,0,0,0,0,0,0,0,0,0,0,0,0,0,0,0,0,0,0,0,0,0,0,0,0,0,0,0	0,0,0,0,0,0,0,0,0,0,0,0,0,0,0,0,0,0,0,0,0,0,0,0,0,0,0,1,0,0,0,0,0,0,0,0,0,0,0,0
tb.dut.clusters[0].cluster.sockets[0].socket.cores[0].core.execute.fpu_unit.genblk1[0].fpu_fpnew.genblk3[3].fpnew_core.gen_operation_groups[3].i_opgroup_block.gen_merged_slice.i_multifmt_slice.gen_num_lanes[0].pack_fp_result[0]	19	32	0	0	0	0	0	1	40896	40896	0,0,0,0,0,0,0,0,0,0,0,0,0,0,0,0,0,0,0,0,0,0,0,0,0,0,0,0,0,0,0,0,0,0,0,0,0,0,0,0	0,0,0,0,0,0,0,0,0,0,0,0,0,0,0,0,0,0,0,0,0,0,0,0,0,0,0,1,0,0,0,0,0,0,0,0,0,0,0,0	2	0	0	0	0	1	40896	40896	0,0,0,0,0,0,0,0,0,0,0,0,0,0,0,0,0,0,0,0,0,0,0,0,0,0,0,0,0,0,0,0,0,0,0,0,0,0,0,0	0,0,0,0,0,0,0,0,0,0,0,0,0,0,0,0,0,0,0,0,0,0,0,0,0,0,0,1,0,0,0,0,0,0,0,0,0,0,0,0
tb.dut.clusters[0].cluster.sockets[0].socket.cores[0].core.execute.fpu_unit.genblk1[0].fpu_fpnew.genblk3[3].fpnew_core.gen_operation_groups[3].i_opgroup_block.gen_merged_slice.i_multifmt_slice.gen_num_lanes[0].pack_fp_result[1]	19	32	0	0	0	0	0	1	40896	40896	0,0,0,0,0,0,0,0,0,0,0,0,0,0,0,0,0,0,0,0,0,0,0,0,0,0,0,0,0,0,0,0,0,0,0,0,0,0,0,0	0,0,0,0,0,0,0,0,0,0,0,0,0,0,0,0,0,0,0,0,0,0,0,0,0,0,0,1,0,0,0,0,0,0,0,0,0,0,0,0	2	0	0	0	0	1	40896	40896	0,0,0,0,0,0,0,0,0,0,0,0,0,0,0,0,0,0,0,0,0,0,0,0,0,0,0,0,0,0,0,0,0,0,0,0,0,0,0,0	0,0,0,0,0,0,0,0,0,0,0,0,0,0,0,0,0,0,0,0,0,0,0,0,0,0,0,1,0,0,0,0,0,0,0,0,0,0,0,0
tb.dut.clusters[0].cluster.sockets[0].socket.cores[0].core.execute.fpu_unit.genblk1[0].fpu_fpnew.genblk3[3].fpnew_core.gen_operation_groups[3].i_opgroup_block.gen_merged_slice.i_multifmt_slice.gen_num_lanes[0].pack_fp_result[2]	19	32	0	0	0	0	0	1	40896	40896	0,0,0,0,0,0,0,0,0,0,0,0,0,0,0,0,0,0,0,0,0,0,0,0,0,0,0,0,0,0,0,0,0,0,0,0,0,0,0,0	0,0,0,0,0,0,0,0,0,0,0,0,0,0,0,0,0,0,0,0,0,0,0,0,0,0,0,1,0,0,0,0,0,0,0,0,0,0,0,0	2	0	0	0	0	1	40896	40896	0,0,0,0,0,0,0,0,0,0,0,0,0,0,0,0,0,0,0,0,0,0,0,0,0,0,0,0,0,0,0,0,0,0,0,0,0,0,0,0	0,0,0,0,0,0,0,0,0,0,0,0,0,0,0,0,0,0,0,0,0,0,0,0,0,0,0,1,0,0,0,0,0,0,0,0,0,0,0,0
tb.dut.clusters[0].cluster.sockets[0].socket.cores[0].core.execute.fpu_unit.genblk1[0].fpu_fpnew.genblk3[3].fpnew_core.gen_operation_groups[3].i_opgroup_block.gen_merged_slice.i_multifmt_slice.gen_num_lanes[0].pack_fp_result[3]	19	32	0	0	0	0	0	1	40896	40896	0,0,0,0,0,0,0,0,0,0,0,0,0,0,0,0,0,0,0,0,0,0,0,0,0,0,0,0,0,0,0,0,0,0,0,0,0,0,0,0	0,0,0,0,0,0,0,0,0,0,0,0,0,0,0,0,0,0,0,0,0,0,0,0,0,0,0,1,0,0,0,0,0,0,0,0,0,0,0,0	2	0	0	0	0	1	40896	40896	0,0,0,0,0,0,0,0,0,0,0,0,0,0,0,0,0,0,0,0,0,0,0,0,0,0,0,0,0,0,0,0,0,0,0,0,0,0,0,0	0,0,0,0,0,0,0,0,0,0,0,0,0,0,0,0,0,0,0,0,0,0,0,0,0,0,0,1,0,0,0,0,0,0,0,0,0,0,0,0
tb.dut.clusters[0].cluster.sockets[0].socket.cores[0].core.execute.fpu_unit.genblk1[0].fpu_fpnew.genblk3[3].fpnew_core.gen_operation_groups[3].i_opgroup_block.gen_merged_slice.i_multifmt_slice.gen_num_lanes[0].pack_fp_result[4]	19	32	0	0	0	0	0	1	40896	40896	0,0,0,0,0,0,0,0,0,0,0,0,0,0,0,0,0,0,0,0,0,0,0,0,0,0,0,0,0,0,0,0,0,0,0,0,0,0,0,0	0,0,0,0,0,0,0,0,0,0,0,0,0,0,0,0,0,0,0,0,0,0,0,0,0,0,0,1,0,0,0,0,0,0,0,0,0,0,0,0	2	0	0	0	0	1	40896	40896	0,0,0,0,0,0,0,0,0,0,0,0,0,0,0,0,0,0,0,0,0,0,0,0,0,0,0,0,0,0,0,0,0,0,0,0,0,0,0,0	0,0,0,0,0,0,0,0,0,0,0,0,0,0,0,0,0,0,0,0,0,0,0,0,0,0,0,1,0,0,0,0,0,0,0,0,0,0,0,0
tb.dut.clusters[0].cluster.sockets[0].socket.cores[0].core.execute.fpu_unit.genblk1[0].fpu_fpnew.genblk3[3].fpnew_core.gen_operation_groups[3].i_opgroup_block.gen_merged_slice.i_multifmt_slice.target_regs	18	227	0	0	0	0	0	1	40896	40896	0,0,0,0,0,0,0,0,0,0,0,0,0,0,0,0,0,0,0,0,0,0,0,0,0,0,0,0,0,0,0,0,0,0,0,0,0,0,0,0	0,0,0,0,0,0,0,0,0,0,0,0,0,0,0,0,0,0,0,0,0,0,0,0,0,0,0,1,0,0,0,0,0,0,0,0,0,0,0,0	2	0	0	0	0	1	40896	40896	0,0,0,0,0,0,0,0,0,0,0,0,0,0,0,0,0,0,0,0,0,0,0,0,0,0,0,0,0,0,0,0,0,0,0,0,0,0,0,0	0,0,0,0,0,0,0,0,0,0,0,0,0,0,0,0,0,0,0,0,0,0,0,0,0,0,0,1,0,0,0,0,0,0,0,0,0,0,0,0
tb.dut.clusters[0].cluster.sockets[0].socket.cores[0].core.execute.fpu_unit.genblk1[0].fpu_fpnew.genblk3[3].fpnew_core.gen_operation_groups[3].i_opgroup_block.gen_merged_slice.i_multifmt_slice.target_regs.gen_bypass_pipeline[0]	19	1	0	0	0	0	0	1	40896	40896	0,0,0,0,0,0,0,0,0,0,0,0,0,0,0,0,0,0,0,0,0,0,0,0,0,0,0,0,0,0,0,0,0,0,0,0,0,0,0,0	0,0,0,0,0,0,0,0,0,0,0,0,0,0,0,0,0,0,0,0,0,0,0,0,0,0,0,1,0,0,0,0,0,0,0,0,0,0,0,0	2	0	0	0	0	1	40896	40896	0,0,0,0,0,0,0,0,0,0,0,0,0,0,0,0,0,0,0,0,0,0,0,0,0,0,0,0,0,0,0,0,0,0,0,0,0,0,0,0	0,0,0,0,0,0,0,0,0,0,0,0,0,0,0,0,0,0,0,0,0,0,0,0,0,0,0,1,0,0,0,0,0,0,0,0,0,0,0,0
tb.dut.clusters[0].cluster.sockets[0].socket.cores[0].core.execute.fpu_unit.genblk1[0].fpu_fpnew.genblk3[3].fpnew_core.gen_operation_groups[3].i_opgroup_block.gen_merged_slice.i_multifmt_slice.target_regs.gen_bypass_pipeline[1]	19	1	0	0	0	0	0	1	40896	40896	0,0,0,0,0,0,0,0,0,0,0,0,0,0,0,0,0,0,0,0,0,0,0,0,0,0,0,0,0,0,0,0,0,0,0,0,0,0,0,0	0,0,0,0,0,0,0,0,0,0,0,0,0,0,0,0,0,0,0,0,0,0,0,0,0,0,0,1,0,0,0,0,0,0,0,0,0,0,0,0	2	0	0	0	0	1	40896	40896	0,0,0,0,0,0,0,0,0,0,0,0,0,0,0,0,0,0,0,0,0,0,0,0,0,0,0,0,0,0,0,0,0,0,0,0,0,0,0,0	0,0,0,0,0,0,0,0,0,0,0,0,0,0,0,0,0,0,0,0,0,0,0,0,0,0,0,1,0,0,0,0,0,0,0,0,0,0,0,0
tb.dut.clusters[0].cluster.sockets[0].socket.cores[0].core.execute.fpu_unit.genblk1[0].fpu_fpnew.genblk3[3].fpnew_core.gen_operation_groups[3].i_opgroup_block.gen_merged_slice.i_multifmt_slice.target_regs.gen_bypass_pipeline[2]	19	1	0	0	0	0	0	1	40896	40896	0,0,0,0,0,0,0,0,0,0,0,0,0,0,0,0,0,0,0,0,0,0,0,0,0,0,0,0,0,0,0,0,0,0,0,0,0,0,0,0	0,0,0,0,0,0,0,0,0,0,0,0,0,0,0,0,0,0,0,0,0,0,0,0,0,0,0,1,0,0,0,0,0,0,0,0,0,0,0,0	2	0	0	0	0	1	40896	40896	0,0,0,0,0,0,0,0,0,0,0,0,0,0,0,0,0,0,0,0,0,0,0,0,0,0,0,0,0,0,0,0,0,0,0,0,0,0,0,0	0,0,0,0,0,0,0,0,0,0,0,0,0,0,0,0,0,0,0,0,0,0,0,0,0,0,0,1,0,0,0,0,0,0,0,0,0,0,0,0
tb.dut.clusters[0].cluster.sockets[0].socket.cores[0].core.execute.fpu_unit.genblk1[0].fpu_fpnew.genblk3[3].fpnew_core.gen_operation_groups[3].i_opgroup_block.gen_merged_slice.i_multifmt_slice.target_regs.gen_bypass_pipeline[3]	19	1	0	0	0	0	0	1	40896	40896	0,0,0,0,0,0,0,0,0,0,0,0,0,0,0,0,0,0,0,0,0,0,0,0,0,0,0,0,0,0,0,0,0,0,0,0,0,0,0,0	0,0,0,0,0,0,0,0,0,0,0,0,0,0,0,0,0,0,0,0,0,0,0,0,0,0,0,1,0,0,0,0,0,0,0,0,0,0,0,0	2	0	0	0	0	1	40896	40896	0,0,0,0,0,0,0,0,0,0,0,0,0,0,0,0,0,0,0,0,0,0,0,0,0,0,0,0,0,0,0,0,0,0,0,0,0,0,0,0	0,0,0,0,0,0,0,0,0,0,0,0,0,0,0,0,0,0,0,0,0,0,0,0,0,0,0,1,0,0,0,0,0,0,0,0,0,0,0,0
tb.dut.clusters[0].cluster.sockets[0].socket.cores[0].core.execute.fpu_unit.genblk1[0].fpu_fpnew.genblk3[3].fpnew_core.gen_operation_groups[3].i_opgroup_block.gen_merged_slice.i_multifmt_slice.target_regs.gen_bypass_pipeline[4]	19	1	0	0	0	0	0	1	40896	40896	0,0,0,0,0,0,0,0,0,0,0,0,0,0,0,0,0,0,0,0,0,0,0,0,0,0,0,0,0,0,0,0,0,0,0,0,0,0,0,0	0,0,0,0,0,0,0,0,0,0,0,0,0,0,0,0,0,0,0,0,0,0,0,0,0,0,0,1,0,0,0,0,0,0,0,0,0,0,0,0	2	0	0	0	0	1	40896	40896	0,0,0,0,0,0,0,0,0,0,0,0,0,0,0,0,0,0,0,0,0,0,0,0,0,0,0,0,0,0,0,0,0,0,0,0,0,0,0,0	0,0,0,0,0,0,0,0,0,0,0,0,0,0,0,0,0,0,0,0,0,0,0,0,0,0,0,1,0,0,0,0,0,0,0,0,0,0,0,0
tb.dut.clusters[0].cluster.sockets[0].socket.cores[0].core.execute.fpu_unit.genblk1[0].fpu_fpnew.genblk3[3].fpnew_core.gen_operation_groups[3].i_opgroup_block.gen_parallel_slices[0]	16	2	0	0	0	0	0	1	40896	40896	0,0,0,0,0,0,0,0,0,0,0,0,0,0,0,0,0,0,0,0,0,0,0,0,0,0,0,0,0,0,0,0,0,0,0,0,0,0,0,0	0,0,0,0,0,0,0,0,0,0,0,0,0,0,0,0,0,0,0,0,0,0,0,0,0,0,0,1,0,0,0,0,0,0,0,0,0,0,0,0	2	0	0	0	0	1	40896	40896	0,0,0,0,0,0,0,0,0,0,0,0,0,0,0,0,0,0,0,0,0,0,0,0,0,0,0,0,0,0,0,0,0,0,0,0,0,0,0,0	0,0,0,0,0,0,0,0,0,0,0,0,0,0,0,0,0,0,0,0,0,0,0,0,0,0,0,1,0,0,0,0,0,0,0,0,0,0,0,0
tb.dut.clusters[0].cluster.sockets[0].socket.cores[0].core.execute.fpu_unit.genblk1[0].fpu_fpnew.genblk3[3].fpnew_core.gen_operation_groups[3].i_opgroup_block.gen_parallel_slices[1]	16	2	0	0	0	0	0	1	40896	40896	0,0,0,0,0,0,0,0,0,0,0,0,0,0,0,0,0,0,0,0,0,0,0,0,0,0,0,0,0,0,0,0,0,0,0,0,0,0,0,0	0,0,0,0,0,0,0,0,0,0,0,0,0,0,0,0,0,0,0,0,0,0,0,0,0,0,0,1,0,0,0,0,0,0,0,0,0,0,0,0	2	0	0	0	0	1	40896	40896	0,0,0,0,0,0,0,0,0,0,0,0,0,0,0,0,0,0,0,0,0,0,0,0,0,0,0,0,0,0,0,0,0,0,0,0,0,0,0,0	0,0,0,0,0,0,0,0,0,0,0,0,0,0,0,0,0,0,0,0,0,0,0,0,0,0,0,1,0,0,0,0,0,0,0,0,0,0,0,0
tb.dut.clusters[0].cluster.sockets[0].socket.cores[0].core.execute.fpu_unit.genblk1[0].fpu_fpnew.genblk3[3].fpnew_core.gen_operation_groups[3].i_opgroup_block.gen_parallel_slices[2]	16	2	0	0	0	0	0	1	40896	40896	0,0,0,0,0,0,0,0,0,0,0,0,0,0,0,0,0,0,0,0,0,0,0,0,0,0,0,0,0,0,0,0,0,0,0,0,0,0,0,0	0,0,0,0,0,0,0,0,0,0,0,0,0,0,0,0,0,0,0,0,0,0,0,0,0,0,0,1,0,0,0,0,0,0,0,0,0,0,0,0	2	0	0	0	0	1	40896	40896	0,0,0,0,0,0,0,0,0,0,0,0,0,0,0,0,0,0,0,0,0,0,0,0,0,0,0,0,0,0,0,0,0,0,0,0,0,0,0,0	0,0,0,0,0,0,0,0,0,0,0,0,0,0,0,0,0,0,0,0,0,0,0,0,0,0,0,1,0,0,0,0,0,0,0,0,0,0,0,0
tb.dut.clusters[0].cluster.sockets[0].socket.cores[0].core.execute.fpu_unit.genblk1[0].fpu_fpnew.genblk3[3].fpnew_core.gen_operation_groups[3].i_opgroup_block.gen_parallel_slices[3]	16	2	0	0	0	0	0	1	40896	40896	0,0,0,0,0,0,0,0,0,0,0,0,0,0,0,0,0,0,0,0,0,0,0,0,0,0,0,0,0,0,0,0,0,0,0,0,0,0,0,0	0,0,0,0,0,0,0,0,0,0,0,0,0,0,0,0,0,0,0,0,0,0,0,0,0,0,0,1,0,0,0,0,0,0,0,0,0,0,0,0	2	0	0	0	0	1	40896	40896	0,0,0,0,0,0,0,0,0,0,0,0,0,0,0,0,0,0,0,0,0,0,0,0,0,0,0,0,0,0,0,0,0,0,0,0,0,0,0,0	0,0,0,0,0,0,0,0,0,0,0,0,0,0,0,0,0,0,0,0,0,0,0,0,0,0,0,1,0,0,0,0,0,0,0,0,0,0,0,0
tb.dut.clusters[0].cluster.sockets[0].socket.cores[0].core.execute.fpu_unit.genblk1[0].fpu_fpnew.genblk3[3].fpnew_core.gen_operation_groups[3].i_opgroup_block.gen_parallel_slices[4]	16	2	0	0	0	0	0	1	40896	40896	0,0,0,0,0,0,0,0,0,0,0,0,0,0,0,0,0,0,0,0,0,0,0,0,0,0,0,0,0,0,0,0,0,0,0,0,0,0,0,0	0,0,0,0,0,0,0,0,0,0,0,0,0,0,0,0,0,0,0,0,0,0,0,0,0,0,0,1,0,0,0,0,0,0,0,0,0,0,0,0	2	0	0	0	0	1	40896	40896	0,0,0,0,0,0,0,0,0,0,0,0,0,0,0,0,0,0,0,0,0,0,0,0,0,0,0,0,0,0,0,0,0,0,0,0,0,0,0,0	0,0,0,0,0,0,0,0,0,0,0,0,0,0,0,0,0,0,0,0,0,0,0,0,0,0,0,1,0,0,0,0,0,0,0,0,0,0,0,0
tb.dut.clusters[0].cluster.sockets[0].socket.cores[0].core.execute.fpu_unit.genblk1[0].fpu_fpnew.genblk3[3].fpnew_core.gen_operation_groups[3].i_opgroup_block.i_arbiter	16	1510	4	2	2	2	1	3	40894	40872	2,0,0,0,0,0,0,0,0,0,0,0,0,0,0,0,0,0,0,0,0,0,0,0,0,0,0,0,0,0,0,0,0,0,0,0,0,0,0,0	0,0,1,0,0,0,0,0,0,0,0,0,0,0,0,0,1,0,0,0,0,0,0,0,0,0,0,1,0,0,0,0,0,0,0,0,0,0,0,0	8	0	0	0	0	1	40896	40896	0,0,0,0,0,0,0,0,0,0,0,0,0,0,0,0,0,0,0,0,0,0,0,0,0,0,0,0,0,0,0,0,0,0,0,0,0,0,0,0	0,0,0,0,0,0,0,0,0,0,0,0,0,0,0,0,0,0,0,0,0,0,0,0,0,0,0,1,0,0,0,0,0,0,0,0,0,0,0,0
tb.dut.clusters[0].cluster.sockets[0].socket.cores[0].core.execute.fpu_unit.genblk1[0].fpu_fpnew.genblk3[3].fpnew_core.gen_operation_groups[3].i_opgroup_block.i_arbiter.gen_arbiter	17	1150	0	0	0	0	0	1	40896	40896	0,0,0,0,0,0,0,0,0,0,0,0,0,0,0,0,0,0,0,0,0,0,0,0,0,0,0,0,0,0,0,0,0,0,0,0,0,0,0,0	0,0,0,0,0,0,0,0,0,0,0,0,0,0,0,0,0,0,0,0,0,0,0,0,0,0,0,1,0,0,0,0,0,0,0,0,0,0,0,0	6	0	0	0	0	1	40896	40896	0,0,0,0,0,0,0,0,0,0,0,0,0,0,0,0,0,0,0,0,0,0,0,0,0,0,0,0,0,0,0,0,0,0,0,0,0,0,0,0	0,0,0,0,0,0,0,0,0,0,0,0,0,0,0,0,0,0,0,0,0,0,0,0,0,0,0,1,0,0,0,0,0,0,0,0,0,0,0,0
tb.dut.clusters[0].cluster.sockets[0].socket.cores[0].core.execute.fpu_unit.genblk1[0].fpu_fpnew.genblk3[3].fpnew_core.gen_operation_groups[3].i_opgroup_block.i_arbiter.gen_arbiter.gen_int_rr	18	340	0	0	0	0	0	1	40896	40896	0,0,0,0,0,0,0,0,0,0,0,0,0,0,0,0,0,0,0,0,0,0,0,0,0,0,0,0,0,0,0,0,0,0,0,0,0,0,0,0	0,0,0,0,0,0,0,0,0,0,0,0,0,0,0,0,0,0,0,0,0,0,0,0,0,0,0,1,0,0,0,0,0,0,0,0,0,0,0,0	2	0	0	0	0	1	40896	40896	0,0,0,0,0,0,0,0,0,0,0,0,0,0,0,0,0,0,0,0,0,0,0,0,0,0,0,0,0,0,0,0,0,0,0,0,0,0,0,0	0,0,0,0,0,0,0,0,0,0,0,0,0,0,0,0,0,0,0,0,0,0,0,0,0,0,0,1,0,0,0,0,0,0,0,0,0,0,0,0
tb.dut.clusters[0].cluster.sockets[0].socket.cores[0].core.execute.fpu_unit.genblk1[0].fpu_fpnew.genblk3[3].fpnew_core.gen_operation_groups[3].i_opgroup_block.i_arbiter.gen_arbiter.gen_int_rr.gen_fair_arb	19	337	0	0	0	0	0	1	40896	40896	0,0,0,0,0,0,0,0,0,0,0,0,0,0,0,0,0,0,0,0,0,0,0,0,0,0,0,0,0,0,0,0,0,0,0,0,0,0,0,0	0,0,0,0,0,0,0,0,0,0,0,0,0,0,0,0,0,0,0,0,0,0,0,0,0,0,0,1,0,0,0,0,0,0,0,0,0,0,0,0	2	0	0	0	0	1	40896	40896	0,0,0,0,0,0,0,0,0,0,0,0,0,0,0,0,0,0,0,0,0,0,0,0,0,0,0,0,0,0,0,0,0,0,0,0,0,0,0,0	0,0,0,0,0,0,0,0,0,0,0,0,0,0,0,0,0,0,0,0,0,0,0,0,0,0,0,1,0,0,0,0,0,0,0,0,0,0,0,0
tb.dut.clusters[0].cluster.sockets[0].socket.cores[0].core.execute.fpu_unit.genblk1[0].fpu_fpnew.genblk3[3].fpnew_core.gen_operation_groups[3].i_opgroup_block.i_arbiter.gen_arbiter.gen_int_rr.gen_fair_arb.i_lzc_lower	20	158	0	0	0	0	0	1	40896	40896	0,0,0,0,0,0,0,0,0,0,0,0,0,0,0,0,0,0,0,0,0,0,0,0,0,0,0,0,0,0,0,0,0,0,0,0,0,0,0,0	0,0,0,0,0,0,0,0,0,0,0,0,0,0,0,0,0,0,0,0,0,0,0,0,0,0,0,1,0,0,0,0,0,0,0,0,0,0,0,0	2	0	0	0	0	1	40896	40896	0,0,0,0,0,0,0,0,0,0,0,0,0,0,0,0,0,0,0,0,0,0,0,0,0,0,0,0,0,0,0,0,0,0,0,0,0,0,0,0	0,0,0,0,0,0,0,0,0,0,0,0,0,0,0,0,0,0,0,0,0,0,0,0,0,0,0,1,0,0,0,0,0,0,0,0,0,0,0,0
tb.dut.clusters[0].cluster.sockets[0].socket.cores[0].core.execute.fpu_unit.genblk1[0].fpu_fpnew.genblk3[3].fpnew_core.gen_operation_groups[3].i_opgroup_block.i_arbiter.gen_arbiter.gen_int_rr.gen_fair_arb.i_lzc_lower.gen_lzc	21	84	0	0	0	0	0	1	40896	40896	0,0,0,0,0,0,0,0,0,0,0,0,0,0,0,0,0,0,0,0,0,0,0,0,0,0,0,0,0,0,0,0,0,0,0,0,0,0,0,0	0,0,0,0,0,0,0,0,0,0,0,0,0,0,0,0,0,0,0,0,0,0,0,0,0,0,0,1,0,0,0,0,0,0,0,0,0,0,0,0	2	0	0	0	0	1	40896	40896	0,0,0,0,0,0,0,0,0,0,0,0,0,0,0,0,0,0,0,0,0,0,0,0,0,0,0,0,0,0,0,0,0,0,0,0,0,0,0,0	0,0,0,0,0,0,0,0,0,0,0,0,0,0,0,0,0,0,0,0,0,0,0,0,0,0,0,1,0,0,0,0,0,0,0,0,0,0,0,0
tb.dut.clusters[0].cluster.sockets[0].socket.cores[0].core.execute.fpu_unit.genblk1[0].fpu_fpnew.genblk3[3].fpnew_core.gen_operation_groups[3].i_opgroup_block.i_arbiter.gen_arbiter.gen_int_rr.gen_fair_arb.i_lzc_upper	20	158	0	0	0	0	0	1	40896	40896	0,0,0,0,0,0,0,0,0,0,0,0,0,0,0,0,0,0,0,0,0,0,0,0,0,0,0,0,0,0,0,0,0,0,0,0,0,0,0,0	0,0,0,0,0,0,0,0,0,0,0,0,0,0,0,0,0,0,0,0,0,0,0,0,0,0,0,1,0,0,0,0,0,0,0,0,0,0,0,0	2	0	0	0	0	1	40896	40896	0,0,0,0,0,0,0,0,0,0,0,0,0,0,0,0,0,0,0,0,0,0,0,0,0,0,0,0,0,0,0,0,0,0,0,0,0,0,0,0	0,0,0,0,0,0,0,0,0,0,0,0,0,0,0,0,0,0,0,0,0,0,0,0,0,0,0,1,0,0,0,0,0,0,0,0,0,0,0,0
tb.dut.clusters[0].cluster.sockets[0].socket.cores[0].core.execute.fpu_unit.genblk1[0].fpu_fpnew.genblk3[3].fpnew_core.gen_operation_groups[3].i_opgroup_block.i_arbiter.gen_arbiter.gen_int_rr.gen_fair_arb.i_lzc_upper.gen_lzc	21	84	0	0	0	0	0	1	40896	40896	0,0,0,0,0,0,0,0,0,0,0,0,0,0,0,0,0,0,0,0,0,0,0,0,0,0,0,0,0,0,0,0,0,0,0,0,0,0,0,0	0,0,0,0,0,0,0,0,0,0,0,0,0,0,0,0,0,0,0,0,0,0,0,0,0,0,0,1,0,0,0,0,0,0,0,0,0,0,0,0	2	0	0	0	0	1	40896	40896	0,0,0,0,0,0,0,0,0,0,0,0,0,0,0,0,0,0,0,0,0,0,0,0,0,0,0,0,0,0,0,0,0,0,0,0,0,0,0,0	0,0,0,0,0,0,0,0,0,0,0,0,0,0,0,0,0,0,0,0,0,0,0,0,0,0,0,1,0,0,0,0,0,0,0,0,0,0,0,0
tb.dut.clusters[0].cluster.sockets[0].socket.cores[0].core.execute.fpu_unit.genblk1[0].fpu_fpnew.genblk3[3].fpnew_core.gen_operation_groups[3].i_opgroup_block.i_arbiter.gen_arbiter.gen_levels[0]	18	65	0	0	0	0	0	1	40896	40896	0,0,0,0,0,0,0,0,0,0,0,0,0,0,0,0,0,0,0,0,0,0,0,0,0,0,0,0,0,0,0,0,0,0,0,0,0,0,0,0	0,0,0,0,0,0,0,0,0,0,0,0,0,0,0,0,0,0,0,0,0,0,0,0,0,0,0,1,0,0,0,0,0,0,0,0,0,0,0,0	2	0	0	0	0	1	40896	40896	0,0,0,0,0,0,0,0,0,0,0,0,0,0,0,0,0,0,0,0,0,0,0,0,0,0,0,0,0,0,0,0,0,0,0,0,0,0,0,0	0,0,0,0,0,0,0,0,0,0,0,0,0,0,0,0,0,0,0,0,0,0,0,0,0,0,0,1,0,0,0,0,0,0,0,0,0,0,0,0
tb.dut.clusters[0].cluster.sockets[0].socket.cores[0].core.execute.fpu_unit.genblk1[0].fpu_fpnew.genblk3[3].fpnew_core.gen_operation_groups[3].i_opgroup_block.i_arbiter.gen_arbiter.gen_levels[0].gen_level[0]	19	65	0	0	0	0	0	1	40896	40896	0,0,0,0,0,0,0,0,0,0,0,0,0,0,0,0,0,0,0,0,0,0,0,0,0,0,0,0,0,0,0,0,0,0,0,0,0,0,0,0	0,0,0,0,0,0,0,0,0,0,0,0,0,0,0,0,0,0,0,0,0,0,0,0,0,0,0,1,0,0,0,0,0,0,0,0,0,0,0,0	2	0	0	0	0	1	40896	40896	0,0,0,0,0,0,0,0,0,0,0,0,0,0,0,0,0,0,0,0,0,0,0,0,0,0,0,0,0,0,0,0,0,0,0,0,0,0,0,0	0,0,0,0,0,0,0,0,0,0,0,0,0,0,0,0,0,0,0,0,0,0,0,0,0,0,0,1,0,0,0,0,0,0,0,0,0,0,0,0
tb.dut.clusters[0].cluster.sockets[0].socket.cores[0].core.execute.fpu_unit.genblk1[0].fpu_fpnew.genblk3[3].fpnew_core.gen_operation_groups[3].i_opgroup_block.i_arbiter.gen_arbiter.gen_levels[1]	18	130	0	0	0	0	0	1	40896	40896	0,0,0,0,0,0,0,0,0,0,0,0,0,0,0,0,0,0,0,0,0,0,0,0,0,0,0,0,0,0,0,0,0,0,0,0,0,0,0,0	0,0,0,0,0,0,0,0,0,0,0,0,0,0,0,0,0,0,0,0,0,0,0,0,0,0,0,1,0,0,0,0,0,0,0,0,0,0,0,0	2	0	0	0	0	1	40896	40896	0,0,0,0,0,0,0,0,0,0,0,0,0,0,0,0,0,0,0,0,0,0,0,0,0,0,0,0,0,0,0,0,0,0,0,0,0,0,0,0	0,0,0,0,0,0,0,0,0,0,0,0,0,0,0,0,0,0,0,0,0,0,0,0,0,0,0,1,0,0,0,0,0,0,0,0,0,0,0,0
tb.dut.clusters[0].cluster.sockets[0].socket.cores[0].core.execute.fpu_unit.genblk1[0].fpu_fpnew.genblk3[3].fpnew_core.gen_operation_groups[3].i_opgroup_block.i_arbiter.gen_arbiter.gen_levels[1].gen_level[0]	19	65	0	0	0	0	0	1	40896	40896	0,0,0,0,0,0,0,0,0,0,0,0,0,0,0,0,0,0,0,0,0,0,0,0,0,0,0,0,0,0,0,0,0,0,0,0,0,0,0,0	0,0,0,0,0,0,0,0,0,0,0,0,0,0,0,0,0,0,0,0,0,0,0,0,0,0,0,1,0,0,0,0,0,0,0,0,0,0,0,0	2	0	0	0	0	1	40896	40896	0,0,0,0,0,0,0,0,0,0,0,0,0,0,0,0,0,0,0,0,0,0,0,0,0,0,0,0,0,0,0,0,0,0,0,0,0,0,0,0	0,0,0,0,0,0,0,0,0,0,0,0,0,0,0,0,0,0,0,0,0,0,0,0,0,0,0,1,0,0,0,0,0,0,0,0,0,0,0,0
tb.dut.clusters[0].cluster.sockets[0].socket.cores[0].core.execute.fpu_unit.genblk1[0].fpu_fpnew.genblk3[3].fpnew_core.gen_operation_groups[3].i_opgroup_block.i_arbiter.gen_arbiter.gen_levels[1].gen_level[1]	19	65	0	0	0	0	0	1	40896	40896	0,0,0,0,0,0,0,0,0,0,0,0,0,0,0,0,0,0,0,0,0,0,0,0,0,0,0,0,0,0,0,0,0,0,0,0,0,0,0,0	0,0,0,0,0,0,0,0,0,0,0,0,0,0,0,0,0,0,0,0,0,0,0,0,0,0,0,1,0,0,0,0,0,0,0,0,0,0,0,0	2	0	0	0	0	1	40896	40896	0,0,0,0,0,0,0,0,0,0,0,0,0,0,0,0,0,0,0,0,0,0,0,0,0,0,0,0,0,0,0,0,0,0,0,0,0,0,0,0	0,0,0,0,0,0,0,0,0,0,0,0,0,0,0,0,0,0,0,0,0,0,0,0,0,0,0,1,0,0,0,0,0,0,0,0,0,0,0,0
tb.dut.clusters[0].cluster.sockets[0].socket.cores[0].core.execute.fpu_unit.genblk1[0].fpu_fpnew.genblk3[3].fpnew_core.gen_operation_groups[3].i_opgroup_block.i_arbiter.gen_arbiter.gen_levels[2]	18	260	0	0	0	0	0	1	40896	40896	0,0,0,0,0,0,0,0,0,0,0,0,0,0,0,0,0,0,0,0,0,0,0,0,0,0,0,0,0,0,0,0,0,0,0,0,0,0,0,0	0,0,0,0,0,0,0,0,0,0,0,0,0,0,0,0,0,0,0,0,0,0,0,0,0,0,0,1,0,0,0,0,0,0,0,0,0,0,0,0	2	0	0	0	0	1	40896	40896	0,0,0,0,0,0,0,0,0,0,0,0,0,0,0,0,0,0,0,0,0,0,0,0,0,0,0,0,0,0,0,0,0,0,0,0,0,0,0,0	0,0,0,0,0,0,0,0,0,0,0,0,0,0,0,0,0,0,0,0,0,0,0,0,0,0,0,1,0,0,0,0,0,0,0,0,0,0,0,0
tb.dut.clusters[0].cluster.sockets[0].socket.cores[0].core.execute.fpu_unit.genblk1[0].fpu_fpnew.genblk3[3].fpnew_core.gen_operation_groups[3].i_opgroup_block.i_arbiter.gen_arbiter.gen_levels[2].gen_level[0]	19	65	0	0	0	0	0	1	40896	40896	0,0,0,0,0,0,0,0,0,0,0,0,0,0,0,0,0,0,0,0,0,0,0,0,0,0,0,0,0,0,0,0,0,0,0,0,0,0,0,0	0,0,0,0,0,0,0,0,0,0,0,0,0,0,0,0,0,0,0,0,0,0,0,0,0,0,0,1,0,0,0,0,0,0,0,0,0,0,0,0	2	0	0	0	0	1	40896	40896	0,0,0,0,0,0,0,0,0,0,0,0,0,0,0,0,0,0,0,0,0,0,0,0,0,0,0,0,0,0,0,0,0,0,0,0,0,0,0,0	0,0,0,0,0,0,0,0,0,0,0,0,0,0,0,0,0,0,0,0,0,0,0,0,0,0,0,1,0,0,0,0,0,0,0,0,0,0,0,0
tb.dut.clusters[0].cluster.sockets[0].socket.cores[0].core.execute.fpu_unit.genblk1[0].fpu_fpnew.genblk3[3].fpnew_core.gen_operation_groups[3].i_opgroup_block.i_arbiter.gen_arbiter.gen_levels[2].gen_level[1]	19	65	0	0	0	0	0	1	40896	40896	0,0,0,0,0,0,0,0,0,0,0,0,0,0,0,0,0,0,0,0,0,0,0,0,0,0,0,0,0,0,0,0,0,0,0,0,0,0,0,0	0,0,0,0,0,0,0,0,0,0,0,0,0,0,0,0,0,0,0,0,0,0,0,0,0,0,0,1,0,0,0,0,0,0,0,0,0,0,0,0	2	0	0	0	0	1	40896	40896	0,0,0,0,0,0,0,0,0,0,0,0,0,0,0,0,0,0,0,0,0,0,0,0,0,0,0,0,0,0,0,0,0,0,0,0,0,0,0,0	0,0,0,0,0,0,0,0,0,0,0,0,0,0,0,0,0,0,0,0,0,0,0,0,0,0,0,1,0,0,0,0,0,0,0,0,0,0,0,0
tb.dut.clusters[0].cluster.sockets[0].socket.cores[0].core.execute.fpu_unit.genblk1[0].fpu_fpnew.genblk3[3].fpnew_core.gen_operation_groups[3].i_opgroup_block.i_arbiter.gen_arbiter.gen_levels[2].gen_level[2]	19	65	0	0	0	0	0	1	40896	40896	0,0,0,0,0,0,0,0,0,0,0,0,0,0,0,0,0,0,0,0,0,0,0,0,0,0,0,0,0,0,0,0,0,0,0,0,0,0,0,0	0,0,0,0,0,0,0,0,0,0,0,0,0,0,0,0,0,0,0,0,0,0,0,0,0,0,0,1,0,0,0,0,0,0,0,0,0,0,0,0	2	0	0	0	0	1	40896	40896	0,0,0,0,0,0,0,0,0,0,0,0,0,0,0,0,0,0,0,0,0,0,0,0,0,0,0,0,0,0,0,0,0,0,0,0,0,0,0,0	0,0,0,0,0,0,0,0,0,0,0,0,0,0,0,0,0,0,0,0,0,0,0,0,0,0,0,1,0,0,0,0,0,0,0,0,0,0,0,0
tb.dut.clusters[0].cluster.sockets[0].socket.cores[0].core.execute.fpu_unit.genblk1[0].fpu_fpnew.genblk3[3].fpnew_core.gen_operation_groups[3].i_opgroup_block.i_arbiter.gen_arbiter.gen_levels[2].gen_level[3]	19	65	0	0	0	0	0	1	40896	40896	0,0,0,0,0,0,0,0,0,0,0,0,0,0,0,0,0,0,0,0,0,0,0,0,0,0,0,0,0,0,0,0,0,0,0,0,0,0,0,0	0,0,0,0,0,0,0,0,0,0,0,0,0,0,0,0,0,0,0,0,0,0,0,0,0,0,0,1,0,0,0,0,0,0,0,0,0,0,0,0	2	0	0	0	0	1	40896	40896	0,0,0,0,0,0,0,0,0,0,0,0,0,0,0,0,0,0,0,0,0,0,0,0,0,0,0,0,0,0,0,0,0,0,0,0,0,0,0,0	0,0,0,0,0,0,0,0,0,0,0,0,0,0,0,0,0,0,0,0,0,0,0,0,0,0,0,1,0,0,0,0,0,0,0,0,0,0,0,0
tb.dut.clusters[0].cluster.sockets[0].socket.cores[0].core.execute.fpu_unit.genblk1[0].fpu_fpnew.genblk3[3].fpnew_core.i_arbiter	14	947	4	2	2	2	1	3	40894	40872	2,0,0,0,0,0,0,0,0,0,0,0,0,0,0,0,0,0,0,0,0,0,0,0,0,0,0,0,0,0,0,0,0,0,0,0,0,0,0,0	0,0,1,0,0,0,0,0,0,0,0,0,0,0,0,0,1,0,0,0,0,0,0,0,0,0,0,1,0,0,0,0,0,0,0,0,0,0,0,0	5	0	0	0	0	1	40896	40896	0,0,0,0,0,0,0,0,0,0,0,0,0,0,0,0,0,0,0,0,0,0,0,0,0,0,0,0,0,0,0,0,0,0,0,0,0,0,0,0	0,0,0,0,0,0,0,0,0,0,0,0,0,0,0,0,0,0,0,0,0,0,0,0,0,0,0,1,0,0,0,0,0,0,0,0,0,0,0,0
tb.dut.clusters[0].cluster.sockets[0].socket.cores[0].core.execute.fpu_unit.genblk1[0].fpu_fpnew.genblk3[3].fpnew_core.i_arbiter.gen_arbiter	15	636	0	0	0	0	0	1	40896	40896	0,0,0,0,0,0,0,0,0,0,0,0,0,0,0,0,0,0,0,0,0,0,0,0,0,0,0,0,0,0,0,0,0,0,0,0,0,0,0,0	0,0,0,0,0,0,0,0,0,0,0,0,0,0,0,0,0,0,0,0,0,0,0,0,0,0,0,1,0,0,0,0,0,0,0,0,0,0,0,0	4	0	0	0	0	1	40896	40896	0,0,0,0,0,0,0,0,0,0,0,0,0,0,0,0,0,0,0,0,0,0,0,0,0,0,0,0,0,0,0,0,0,0,0,0,0,0,0,0	0,0,0,0,0,0,0,0,0,0,0,0,0,0,0,0,0,0,0,0,0,0,0,0,0,0,0,1,0,0,0,0,0,0,0,0,0,0,0,0
tb.dut.clusters[0].cluster.sockets[0].socket.cores[0].core.execute.fpu_unit.genblk1[0].fpu_fpnew.genblk3[3].fpnew_core.i_arbiter.gen_arbiter.gen_int_rr	16	274	0	0	0	0	0	1	40896	40896	0,0,0,0,0,0,0,0,0,0,0,0,0,0,0,0,0,0,0,0,0,0,0,0,0,0,0,0,0,0,0,0,0,0,0,0,0,0,0,0	0,0,0,0,0,0,0,0,0,0,0,0,0,0,0,0,0,0,0,0,0,0,0,0,0,0,0,1,0,0,0,0,0,0,0,0,0,0,0,0	2	0	0	0	0	1	40896	40896	0,0,0,0,0,0,0,0,0,0,0,0,0,0,0,0,0,0,0,0,0,0,0,0,0,0,0,0,0,0,0,0,0,0,0,0,0,0,0,0	0,0,0,0,0,0,0,0,0,0,0,0,0,0,0,0,0,0,0,0,0,0,0,0,0,0,0,1,0,0,0,0,0,0,0,0,0,0,0,0
tb.dut.clusters[0].cluster.sockets[0].socket.cores[0].core.execute.fpu_unit.genblk1[0].fpu_fpnew.genblk3[3].fpnew_core.i_arbiter.gen_arbiter.gen_int_rr.gen_fair_arb	17	272	0	0	0	0	0	1	40896	40896	0,0,0,0,0,0,0,0,0,0,0,0,0,0,0,0,0,0,0,0,0,0,0,0,0,0,0,0,0,0,0,0,0,0,0,0,0,0,0,0	0,0,0,0,0,0,0,0,0,0,0,0,0,0,0,0,0,0,0,0,0,0,0,0,0,0,0,1,0,0,0,0,0,0,0,0,0,0,0,0	2	0	0	0	0	1	40896	40896	0,0,0,0,0,0,0,0,0,0,0,0,0,0,0,0,0,0,0,0,0,0,0,0,0,0,0,0,0,0,0,0,0,0,0,0,0,0,0,0	0,0,0,0,0,0,0,0,0,0,0,0,0,0,0,0,0,0,0,0,0,0,0,0,0,0,0,1,0,0,0,0,0,0,0,0,0,0,0,0
tb.dut.clusters[0].cluster.sockets[0].socket.cores[0].core.execute.fpu_unit.genblk1[0].fpu_fpnew.genblk3[3].fpnew_core.i_arbiter.gen_arbiter.gen_int_rr.gen_fair_arb.i_lzc_lower	18	128	0	0	0	0	0	1	40896	40896	0,0,0,0,0,0,0,0,0,0,0,0,0,0,0,0,0,0,0,0,0,0,0,0,0,0,0,0,0,0,0,0,0,0,0,0,0,0,0,0	0,0,0,0,0,0,0,0,0,0,0,0,0,0,0,0,0,0,0,0,0,0,0,0,0,0,0,1,0,0,0,0,0,0,0,0,0,0,0,0	2	0	0	0	0	1	40896	40896	0,0,0,0,0,0,0,0,0,0,0,0,0,0,0,0,0,0,0,0,0,0,0,0,0,0,0,0,0,0,0,0,0,0,0,0,0,0,0,0	0,0,0,0,0,0,0,0,0,0,0,0,0,0,0,0,0,0,0,0,0,0,0,0,0,0,0,1,0,0,0,0,0,0,0,0,0,0,0,0
tb.dut.clusters[0].cluster.sockets[0].socket.cores[0].core.execute.fpu_unit.genblk1[0].fpu_fpnew.genblk3[3].fpnew_core.i_arbiter.gen_arbiter.gen_int_rr.gen_fair_arb.i_lzc_lower.gen_lzc	19	56	0	0	0	0	0	1	40896	40896	0,0,0,0,0,0,0,0,0,0,0,0,0,0,0,0,0,0,0,0,0,0,0,0,0,0,0,0,0,0,0,0,0,0,0,0,0,0,0,0	0,0,0,0,0,0,0,0,0,0,0,0,0,0,0,0,0,0,0,0,0,0,0,0,0,0,0,1,0,0,0,0,0,0,0,0,0,0,0,0	2	0	0	0	0	1	40896	40896	0,0,0,0,0,0,0,0,0,0,0,0,0,0,0,0,0,0,0,0,0,0,0,0,0,0,0,0,0,0,0,0,0,0,0,0,0,0,0,0	0,0,0,0,0,0,0,0,0,0,0,0,0,0,0,0,0,0,0,0,0,0,0,0,0,0,0,1,0,0,0,0,0,0,0,0,0,0,0,0
tb.dut.clusters[0].cluster.sockets[0].socket.cores[0].core.execute.fpu_unit.genblk1[0].fpu_fpnew.genblk3[3].fpnew_core.i_arbiter.gen_arbiter.gen_int_rr.gen_fair_arb.i_lzc_upper	18	128	0	0	0	0	0	1	40896	40896	0,0,0,0,0,0,0,0,0,0,0,0,0,0,0,0,0,0,0,0,0,0,0,0,0,0,0,0,0,0,0,0,0,0,0,0,0,0,0,0	0,0,0,0,0,0,0,0,0,0,0,0,0,0,0,0,0,0,0,0,0,0,0,0,0,0,0,1,0,0,0,0,0,0,0,0,0,0,0,0	2	0	0	0	0	1	40896	40896	0,0,0,0,0,0,0,0,0,0,0,0,0,0,0,0,0,0,0,0,0,0,0,0,0,0,0,0,0,0,0,0,0,0,0,0,0,0,0,0	0,0,0,0,0,0,0,0,0,0,0,0,0,0,0,0,0,0,0,0,0,0,0,0,0,0,0,1,0,0,0,0,0,0,0,0,0,0,0,0
tb.dut.clusters[0].cluster.sockets[0].socket.cores[0].core.execute.fpu_unit.genblk1[0].fpu_fpnew.genblk3[3].fpnew_core.i_arbiter.gen_arbiter.gen_int_rr.gen_fair_arb.i_lzc_upper.gen_lzc	19	56	0	0	0	0	0	1	40896	40896	0,0,0,0,0,0,0,0,0,0,0,0,0,0,0,0,0,0,0,0,0,0,0,0,0,0,0,0,0,0,0,0,0,0,0,0,0,0,0,0	0,0,0,0,0,0,0,0,0,0,0,0,0,0,0,0,0,0,0,0,0,0,0,0,0,0,0,1,0,0,0,0,0,0,0,0,0,0,0,0	2	0	0	0	0	1	40896	40896	0,0,0,0,0,0,0,0,0,0,0,0,0,0,0,0,0,0,0,0,0,0,0,0,0,0,0,0,0,0,0,0,0,0,0,0,0,0,0,0	0,0,0,0,0,0,0,0,0,0,0,0,0,0,0,0,0,0,0,0,0,0,0,0,0,0,0,1,0,0,0,0,0,0,0,0,0,0,0,0
tb.dut.clusters[0].cluster.sockets[0].socket.cores[0].core.execute.fpu_unit.genblk1[0].fpu_fpnew.genblk3[3].fpnew_core.i_arbiter.gen_arbiter.gen_levels[0]	16	65	0	0	0	0	0	1	40896	40896	0,0,0,0,0,0,0,0,0,0,0,0,0,0,0,0,0,0,0,0,0,0,0,0,0,0,0,0,0,0,0,0,0,0,0,0,0,0,0,0	0,0,0,0,0,0,0,0,0,0,0,0,0,0,0,0,0,0,0,0,0,0,0,0,0,0,0,1,0,0,0,0,0,0,0,0,0,0,0,0	2	0	0	0	0	1	40896	40896	0,0,0,0,0,0,0,0,0,0,0,0,0,0,0,0,0,0,0,0,0,0,0,0,0,0,0,0,0,0,0,0,0,0,0,0,0,0,0,0	0,0,0,0,0,0,0,0,0,0,0,0,0,0,0,0,0,0,0,0,0,0,0,0,0,0,0,1,0,0,0,0,0,0,0,0,0,0,0,0
tb.dut.clusters[0].cluster.sockets[0].socket.cores[0].core.execute.fpu_unit.genblk1[0].fpu_fpnew.genblk3[3].fpnew_core.i_arbiter.gen_arbiter.gen_levels[0].gen_level[0]	17	65	0	0	0	0	0	1	40896	40896	0,0,0,0,0,0,0,0,0,0,0,0,0,0,0,0,0,0,0,0,0,0,0,0,0,0,0,0,0,0,0,0,0,0,0,0,0,0,0,0	0,0,0,0,0,0,0,0,0,0,0,0,0,0,0,0,0,0,0,0,0,0,0,0,0,0,0,1,0,0,0,0,0,0,0,0,0,0,0,0	2	0	0	0	0	1	40896	40896	0,0,0,0,0,0,0,0,0,0,0,0,0,0,0,0,0,0,0,0,0,0,0,0,0,0,0,0,0,0,0,0,0,0,0,0,0,0,0,0	0,0,0,0,0,0,0,0,0,0,0,0,0,0,0,0,0,0,0,0,0,0,0,0,0,0,0,1,0,0,0,0,0,0,0,0,0,0,0,0
tb.dut.clusters[0].cluster.sockets[0].socket.cores[0].core.execute.fpu_unit.genblk1[0].fpu_fpnew.genblk3[3].fpnew_core.i_arbiter.gen_arbiter.gen_levels[1]	16	130	0	0	0	0	0	1	40896	40896	0,0,0,0,0,0,0,0,0,0,0,0,0,0,0,0,0,0,0,0,0,0,0,0,0,0,0,0,0,0,0,0,0,0,0,0,0,0,0,0	0,0,0,0,0,0,0,0,0,0,0,0,0,0,0,0,0,0,0,0,0,0,0,0,0,0,0,1,0,0,0,0,0,0,0,0,0,0,0,0	2	0	0	0	0	1	40896	40896	0,0,0,0,0,0,0,0,0,0,0,0,0,0,0,0,0,0,0,0,0,0,0,0,0,0,0,0,0,0,0,0,0,0,0,0,0,0,0,0	0,0,0,0,0,0,0,0,0,0,0,0,0,0,0,0,0,0,0,0,0,0,0,0,0,0,0,1,0,0,0,0,0,0,0,0,0,0,0,0
tb.dut.clusters[0].cluster.sockets[0].socket.cores[0].core.execute.fpu_unit.genblk1[0].fpu_fpnew.genblk3[3].fpnew_core.i_arbiter.gen_arbiter.gen_levels[1].gen_level[0]	17	65	0	0	0	0	0	1	40896	40896	0,0,0,0,0,0,0,0,0,0,0,0,0,0,0,0,0,0,0,0,0,0,0,0,0,0,0,0,0,0,0,0,0,0,0,0,0,0,0,0	0,0,0,0,0,0,0,0,0,0,0,0,0,0,0,0,0,0,0,0,0,0,0,0,0,0,0,1,0,0,0,0,0,0,0,0,0,0,0,0	2	0	0	0	0	1	40896	40896	0,0,0,0,0,0,0,0,0,0,0,0,0,0,0,0,0,0,0,0,0,0,0,0,0,0,0,0,0,0,0,0,0,0,0,0,0,0,0,0	0,0,0,0,0,0,0,0,0,0,0,0,0,0,0,0,0,0,0,0,0,0,0,0,0,0,0,1,0,0,0,0,0,0,0,0,0,0,0,0
tb.dut.clusters[0].cluster.sockets[0].socket.cores[0].core.execute.fpu_unit.genblk1[0].fpu_fpnew.genblk3[3].fpnew_core.i_arbiter.gen_arbiter.gen_levels[1].gen_level[1]	17	65	0	0	0	0	0	1	40896	40896	0,0,0,0,0,0,0,0,0,0,0,0,0,0,0,0,0,0,0,0,0,0,0,0,0,0,0,0,0,0,0,0,0,0,0,0,0,0,0,0	0,0,0,0,0,0,0,0,0,0,0,0,0,0,0,0,0,0,0,0,0,0,0,0,0,0,0,1,0,0,0,0,0,0,0,0,0,0,0,0	2	0	0	0	0	1	40896	40896	0,0,0,0,0,0,0,0,0,0,0,0,0,0,0,0,0,0,0,0,0,0,0,0,0,0,0,0,0,0,0,0,0,0,0,0,0,0,0,0	0,0,0,0,0,0,0,0,0,0,0,0,0,0,0,0,0,0,0,0,0,0,0,0,0,0,0,1,0,0,0,0,0,0,0,0,0,0,0,0
tb.dut.clusters[0].cluster.sockets[0].socket.cores[0].core.execute.fpu_unit.per_block_commit_if[0]	10	242	2	1	1	1	1	2	40895	40890	1,0,0,0,0,0,0,0,0,0,0,0,0,0,0,0,0,0,0,0,0,0,0,0,0,0,0,0,0,0,0,0,0,0,0,0,0,0,0,0	0,0,0,0,1,0,0,0,0,0,0,0,0,0,0,0,0,0,0,0,0,0,0,0,0,0,0,1,0,0,0,0,0,0,0,0,0,0,0,0	2	1	1	1	1	2	40895	40890	1,0,0,0,0,0,0,0,0,0,0,0,0,0,0,0,0,0,0,0,0,0,0,0,0,0,0,0,0,0,0,0,0,0,0,0,0,0,0,0	0,0,0,0,1,0,0,0,0,0,0,0,0,0,0,0,0,0,0,0,0,0,0,0,0,0,0,1,0,0,0,0,0,0,0,0,0,0,0,0
tb.dut.clusters[0].cluster.sockets[0].socket.cores[0].core.execute.fpu_unit.per_block_execute_if[0]	10	541	4	3	3	3	1	3	40893	40889	3,0,0,0,0,0,0,0,0,0,0,0,0,0,0,0,0,0,0,0,0,0,0,0,0,0,0,0,0,0,0,0,0,0,0,0,0,0,0,0	1,0,1,0,0,0,0,0,0,0,0,0,0,0,0,0,0,0,0,0,0,0,0,0,0,0,0,1,0,0,0,0,0,0,0,0,0,0,0,0	3	0	0	0	0	1	40896	40896	0,0,0,0,0,0,0,0,0,0,0,0,0,0,0,0,0,0,0,0,0,0,0,0,0,0,0,0,0,0,0,0,0,0,0,0,0,0,0,0	0,0,0,0,0,0,0,0,0,0,0,0,0,0,0,0,0,0,0,0,0,0,0,0,0,0,0,1,0,0,0,0,0,0,0,0,0,0,0,0
tb.dut.clusters[0].cluster.sockets[0].socket.cores[0].core.execute.lsu_mem_if[0]	9	613	175600	5827	2127	5827	42	2127	35069	797	276,1261,69,279,46,117,28,28,3,6,1,3,2,1,0,2,4,1,0,0,0,0,0,0,0,0,0,0,0,0,0,0,0,0,0,0,0,0,0,0	253,329,70,243,100,245,162,16,27,22,17,8,74,6,4,19,318,107,66,31,8,2,0,0,0,0,0,0,0,0,0,0,0,0,0,0,0,0,0,0	4	3991	2258	3991	11	2258	36905	804	1082,895,136,67,55,8,5,7,2,0,1,0,0,0,0,0,0,0,0,0,0,0,0,0,0,0,0,0,0,0,0,0,0,0,0,0,0,0,0,0	510,261,95,195,91,64,244,46,41,20,18,7,75,6,7,19,327,114,73,35,8,2,0,0,0,0,0,0,0,0,0,0,0,0,0,0,0,0,0,0
tb.dut.clusters[0].cluster.sockets[0].socket.cores[0].core.execute.lsu_unit	9	10274	2596480	10495	1702	10495	111	1702	30401	795	237,35,29,212,328,455,139,56,28,37,18,24,7,28,3,5,45,13,3,0,0,0,0,0,0,0,0,0,0,0,0,0,0,0,0,0,0,0,0,0	187,373,66,163,66,74,116,13,70,9,11,21,16,60,24,11,225,97,61,29,8,2,0,0,0,0,0,0,0,0,0,0,0,0,0,0,0,0,0,0	52	7112	1798	7112	41	1799	33784	818	311,298,312,308,223,116,99,19,23,24,17,12,12,9,5,2,6,2,0,0,0,0,0,0,0,0,0,0,0,0,0,0,0,0,0,0,0,0,0,0	186,219,102,113,85,185,102,66,65,37,19,19,16,24,24,8,316,110,64,29,8,2,0,0,0,0,0,0,0,0,0,0,0,0,0,0,0,0,0,0
tb.dut.clusters[0].cluster.sockets[0].socket.cores[0].core.execute.lsu_unit.commit_if[0]	10	242	76759	3999	1572	3999	39	1573	36897	857	0,1176,153,169,28,22,8,5,4,4,1,0,0,0,0,0,1,1,0,0,0,0,0,0,0,0,0,0,0,0,0,0,0,0,0,0,0,0,0,0	201,61,53,117,38,197,83,67,47,35,8,20,65,10,9,10,299,122,87,34,8,2,0,0,0,0,0,0,0,0,0,0,0,0,0,0,0,0,0,0	2	3892	1679	3892	28	1680	37004	857	121,1215,147,150,19,15,7,1,0,3,0,0,0,0,0,0,1,0,0,0,0,0,0,0,0,0,0,0,0,0,0,0,0,0,0,0,0,0,0,0	308,61,53,117,38,197,83,67,47,35,8,20,65,10,9,10,299,122,87,34,8,2,0,0,0,0,0,0,0,0,0,0,0,0,0,0,0,0,0,0
tb.dut.clusters[0].cluster.sockets[0].socket.cores[0].core.execute.lsu_unit.dispatch_if[0]	10	474	117475	3450	1469	3450	39	1469	37446	818	68,1114,121,126,16,13,4,1,3,1,0,0,0,0,0,0,1,1,0,0,0,0,0,0,0,0,0,0,0,0,0,0,0,0,0,0,0,0,0,0	80,53,46,174,34,206,80,48,42,25,11,11,62,11,7,18,255,170,86,40,8,2,0,0,0,0,0,0,0,0,0,0,0,0,0,0,0,0,0,0	3	2749	1500	2749	16	1501	38147	825	566,780,62,68,8,6,4,1,3,1,0,0,0,0,0,1,0,0,0,0,0,0,0,0,0,0,0,0,0,0,0,0,0,0,0,0,0,0,0,0	131,63,49,173,28,24,197,65,57,38,19,11,62,8,9,16,241,171,88,41,8,2,0,0,0,0,0,0,0,0,0,0,0,0,0,0,0,0,0,0
tb.dut.clusters[0].cluster.sockets[0].socket.cores[0].core.execute.lsu_unit.dispatch_unit	10	2375	455792	4447	1468	4447	41	1468	36449	810	101,400,721,117,55,29,11,11,10,4,2,0,0,2,0,0,4,1,0,0,0,0,0,0,0,0,0,0,0,0,0,0,0,0,0,0,0,0,0,0	61,54,166,48,25,237,71,56,44,21,12,65,8,12,19,9,264,172,75,39,8,2,0,0,0,0,0,0,0,0,0,0,0,0,0,0,0,0,0,0	12	3253	1471	3253	17	1471	37643	825	603,325,392,68,40,12,9,7,5,5,3,0,0,0,0,1,1,0,0,0,0,0,0,0,0,0,0,0,0,0,0,0,0,0,0,0,0,0,0,0	125,56,131,62,32,23,205,80,42,36,19,15,18,52,14,9,245,173,83,41,8,2,0,0,0,0,0,0,0,0,0,0,0,0,0,0,0,0,0,0
tb.dut.clusters[0].cluster.sockets[0].socket.cores[0].core.execute.lsu_unit.dispatch_unit.dispatch_if[0]	11	474	117475	3450	1469	3450	39	1469	37446	818	68,1114,121,126,16,13,4,1,3,1,0,0,0,0,0,0,1,1,0,0,0,0,0,0,0,0,0,0,0,0,0,0,0,0,0,0,0,0,0,0	80,53,46,174,34,206,80,48,42,25,11,11,62,11,7,18,255,170,86,40,8,2,0,0,0,0,0,0,0,0,0,0,0,0,0,0,0,0,0,0	3	2749	1500	2749	16	1501	38147	825	566,780,62,68,8,6,4,1,3,1,0,0,0,0,0,1,0,0,0,0,0,0,0,0,0,0,0,0,0,0,0,0,0,0,0,0,0,0,0,0	131,63,49,173,28,24,197,65,57,38,19,11,62,8,9,16,241,171,88,41,8,2,0,0,0,0,0,0,0,0,0,0,0,0,0,0,0,0,0,0
tb.dut.clusters[0].cluster.sockets[0].socket.cores[0].core.execute.lsu_unit.dispatch_unit.execute_if[0]	11	541	116213	3507	1504	3507	40	1504	37389	811	103,1100,136,120,23,11,1,4,1,3,0,0,0,0,0,0,1,1,0,0,0,0,0,0,0,0,0,0,0,0,0,0,0,0,0,0,0,0,0,0	87,47,52,158,32,223,88,51,48,28,13,7,65,9,9,20,259,181,78,39,8,2,0,0,0,0,0,0,0,0,0,0,0,0,0,0,0,0,0,0	3	2735	1513	2735	15	1513	38161	818	594,768,58,72,8,6,1,1,3,1,0,0,0,0,1,0,0,0,0,0,0,0,0,0,0,0,0,0,0,0,0,0,0,0,0,0,0,0,0,0	147,54,42,158,30,20,218,66,50,41,17,12,59,10,12,17,243,181,85,41,8,2,0,0,0,0,0,0,0,0,0,0,0,0,0,0,0,0,0,0
tb.dut.clusters[0].cluster.sockets[0].socket.cores[0].core.execute.lsu_unit.dispatch_unit.genblk5[0]	11	7	5574	3374	1544	3374	39	1544	37522	818	194,1125,76,119,12,9,3,1,3,0,0,0,0,0,0,0,1,1,0,0,0,0,0,0,0,0,0,0,0,0,0,0,0,0,0,0,0,0,0,0	151,56,46,174,34,206,80,48,42,25,11,11,62,11,7,18,256,170,86,40,8,2,0,0,0,0,0,0,0,0,0,0,0,0,0,0,0,0,0,0	2	1635	1128	1635	7	1128	39261	1812	738,328,29,21,3,8,1,0,0,0,0,0,0,0,0,0,0,0,0,0,0,0,0,0,0,0,0,0,0,0,0,0,0,0,0,0,0,0,0,0	115,64,38,46,17,14,180,38,24,30,15,9,8,8,14,9,224,126,93,43,8,3,2,0,0,0,0,0,0,0,0,0,0,0,0,0,0,0,0,0
tb.dut.clusters[0].cluster.sockets[0].socket.cores[0].core.execute.lsu_unit.gather_unit	10	1472	417320	5573	1373	5573	40	1374	35323	856	2,0,936,101,153,57,20,33,15,8,5,31,1,5,2,0,3,1,0,0,0,0,0,0,0,0,0,0,0,0,0,0,0,0,0,0,0,0,0,0	61,53,118,38,197,83,67,47,35,8,20,64,11,9,10,13,291,120,85,34,8,2,0,0,0,0,0,0,0,0,0,0,0,0,0,0,0,0,0,0	8	4946	1448	4946	29	1449	35950	857	150,281,645,94,132,47,19,26,8,6,3,30,1,3,1,1,1,0,0,0,0,0,0,0,0,0,0,0,0,0,0,0,0,0,0,0,0,0,0,0	109,49,75,90,145,131,81,50,31,22,19,16,45,23,9,12,292,120,86,34,8,2,0,0,0,0,0,0,0,0,0,0,0,0,0,0,0,0,0,0
tb.dut.clusters[0].cluster.sockets[0].socket.cores[0].core.execute.lsu_unit.gather_unit.commit_in_if[0]	11	242	73233	3946	1580	3946	39	1581	36950	857	0,1207,143,169,23,20,4,4,4,4,0,0,0,0,0,0,1,1,0,0,0,0,0,0,0,0,0,0,0,0,0,0,0,0,0,0,0,0,0,0	206,60,49,122,39,198,82,68,46,36,9,20,64,11,9,10,298,123,87,34,8,2,0,0,0,0,0,0,0,0,0,0,0,0,0,0,0,0,0,0	2	3884	1622	3884	28	1623	37012	857	55,1215,146,157,17,18,6,1,1,4,0,0,1,0,0,0,1,0,0,0,0,0,0,0,0,0,0,0,0,0,0,0,0,0,0,0,0,0,0,0	247,61,50,122,39,197,83,68,46,36,8,20,64,11,9,10,297,124,87,34,8,2,0,0,0,0,0,0,0,0,0,0,0,0,0,0,0,0,0,0
tb.dut.clusters[0].cluster.sockets[0].socket.cores[0].core.execute.lsu_unit.gather_unit.commit_out_if[0]	11	242	76759	3999	1572	3999	39	1573	36897	857	0,1176,153,169,28,22,8,5,4,4,1,0,0,0,0,0,1,1,0,0,0,0,0,0,0,0,0,0,0,0,0,0,0,0,0,0,0,0,0,0	201,61,53,117,38,197,83,67,47,35,8,20,65,10,9,10,299,122,87,34,8,2,0,0,0,0,0,0,0,0,0,0,0,0,0,0,0,0,0,0	2	3892	1679	3892	28	1680	37004	857	121,1215,147,150,19,15,7,1,0,3,0,0,0,0,0,0,1,0,0,0,0,0,0,0,0,0,0,0,0,0,0,0,0,0,0,0,0,0,0,0	308,61,53,117,38,197,83,67,47,35,8,20,65,10,9,10,299,122,87,34,8,2,0,0,0,0,0,0,0,0,0,0,0,0,0,0,0,0,0,0
tb.dut.clusters[0].cluster.sockets[0].socket.cores[0].core.execute.lsu_unit.gather_unit.genblk5[0]	11	374	120860	3999	1572	3999	39	1573	36897	857	0,1176,153,169,28,22,8,5,4,4,1,0,0,0,0,0,1,1,0,0,0,0,0,0,0,0,0,0,0,0,0,0,0,0,0,0,0,0,0,0	201,61,53,117,38,197,83,67,47,35,8,20,65,10,9,10,299,122,87,34,8,2,0,0,0,0,0,0,0,0,0,0,0,0,0,0,0,0,0,0	2	3892	1679	3892	28	1680	37004	857	121,1215,147,150,19,15,7,1,0,3,0,0,0,0,0,0,1,0,0,0,0,0,0,0,0,0,0,0,0,0,0,0,0,0,0,0,0,0,0,0	308,61,53,117,38,197,83,67,47,35,8,20,65,10,9,10,299,122,87,34,8,2,0,0,0,0,0,0,0,0,0,0,0,0,0,0,0,0,0,0
tb.dut.clusters[0].cluster.sockets[0].socket.cores[0].core.execute.lsu_unit.gather_unit.genblk5[0].commit_tmp_if	12	242	76759	3999	1572	3999	39	1573	36897	857	0,1176,153,169,28,22,8,5,4,4,1,0,0,0,0,0,1,1,0,0,0,0,0,0,0,0,0,0,0,0,0,0,0,0,0,0,0,0,0,0	201,61,53,117,38,197,83,67,47,35,8,20,65,10,9,10,299,122,87,34,8,2,0,0,0,0,0,0,0,0,0,0,0,0,0,0,0,0,0,0	2	3892	1679	3892	28	1680	37004	857	121,1215,147,150,19,15,7,1,0,3,0,0,0,0,0,0,1,0,0,0,0,0,0,0,0,0,0,0,0,0,0,0,0,0,0,0,0,0,0,0	308,61,53,117,38,197,83,67,47,35,8,20,65,10,9,10,299,122,87,34,8,2,0,0,0,0,0,0,0,0,0,0,0,0,0,0,0,0,0,0
tb.dut.clusters[0].cluster.sockets[0].socket.cores[0].core.execute.lsu_unit.lsu_mem_if[0]	10	613	175600	5827	2127	5827	42	2127	35069	797	276,1261,69,279,46,117,28,28,3,6,1,3,2,1,0,2,4,1,0,0,0,0,0,0,0,0,0,0,0,0,0,0,0,0,0,0,0,0,0,0	253,329,70,243,100,245,162,16,27,22,17,8,74,6,4,19,318,107,66,31,8,2,0,0,0,0,0,0,0,0,0,0,0,0,0,0,0,0,0,0	4	3991	2258	3991	11	2258	36905	804	1082,895,136,67,55,8,5,7,2,0,1,0,0,0,0,0,0,0,0,0,0,0,0,0,0,0,0,0,0,0,0,0,0,0,0,0,0,0,0,0	510,261,95,195,91,64,244,46,41,20,18,7,75,6,7,19,327,114,73,35,8,2,0,0,0,0,0,0,0,0,0,0,0,0,0,0,0,0,0,0
tb.dut.clusters[0].cluster.sockets[0].socket.cores[0].core.execute.lsu_unit.lsu_slices[0]	10	4250	1164086	8519	1856	8519	43	1856	32377	796	226,57,235,701,237,172,58,28,39,25,7,10,32,5,7,6,6,5,0,0,0,0,0,0,0,0,0,0,0,0,0,0,0,0,0,0,0,0,0,0	102,373,257,116,110,71,138,29,15,12,66,7,9,19,13,72,241,104,62,30,8,2,0,0,0,0,0,0,0,0,0,0,0,0,0,0,0,0,0,0	22	5990	1859	5990	40	1860	34906	818	313,465,506,223,158,82,35,21,20,9,8,5,6,3,1,2,1,1,0,0,0,0,0,0,0,0,0,0,0,0,0,0,0,0,0,0,0,0,0,0	158,208,192,97,81,234,83,80,42,25,16,26,41,15,15,14,312,111,66,34,8,2,0,0,0,0,0,0,0,0,0,0,0,0,0,0,0,0,0,0
tb.dut.clusters[0].cluster.sockets[0].socket.cores[0].core.execute.lsu_unit.lsu_slices[0].lsu_slice	11	4249	1164084	8519	1856	8519	43	1856	32377	796	226,57,235,701,237,172,58,28,39,25,7,10,32,5,7,6,6,5,0,0,0,0,0,0,0,0,0,0,0,0,0,0,0,0,0,0,0,0,0,0	102,373,257,116,110,71,138,29,15,12,66,7,9,19,13,72,241,104,62,30,8,2,0,0,0,0,0,0,0,0,0,0,0,0,0,0,0,0,0,0	22	5990	1859	5990	40	1860	34906	818	313,465,506,223,158,82,35,21,20,9,8,5,6,3,1,2,1,1,0,0,0,0,0,0,0,0,0,0,0,0,0,0,0,0,0,0,0,0,0,0	158,208,192,97,81,234,83,80,42,25,16,26,41,15,15,14,312,111,66,34,8,2,0,0,0,0,0,0,0,0,0,0,0,0,0,0,0,0,0,0
tb.dut.clusters[0].cluster.sockets[0].socket.cores[0].core.execute.lsu_unit.lsu_slices[0].lsu_slice.commit_if	12	242	73233	3946	1580	3946	39	1581	36950	857	0,1207,143,169,23,20,4,4,4,4,0,0,0,0,0,0,1,1,0,0,0,0,0,0,0,0,0,0,0,0,0,0,0,0,0,0,0,0,0,0	206,60,49,122,39,198,82,68,46,36,9,20,64,11,9,10,298,123,87,34,8,2,0,0,0,0,0,0,0,0,0,0,0,0,0,0,0,0,0,0	2	3884	1622	3884	28	1623	37012	857	55,1215,146,157,17,18,6,1,1,4,0,0,1,0,0,0,1,0,0,0,0,0,0,0,0,0,0,0,0,0,0,0,0,0,0,0,0,0,0,0	247,61,50,122,39,197,83,68,46,36,8,20,64,11,9,10,297,124,87,34,8,2,0,0,0,0,0,0,0,0,0,0,0,0,0,0,0,0,0,0
tb.dut.clusters[0].cluster.sockets[0].socket.cores[0].core.execute.lsu_unit.lsu_slices[0].lsu_slice.commit_no_rsp_if	12	242	51391	3890	1630	3890	39	1631	37006	857	90,1208,109,169,18,21,5,1,3,4,0,0,0,0,0,1,0,1,0,0,0,0,0,0,0,0,0,0,0,0,0,0,0,0,0,0,0,0,0,0	256,59,50,122,39,197,83,68,46,36,9,20,64,10,10,10,298,123,87,34,8,2,0,0,0,0,0,0,0,0,0,0,0,0,0,0,0,0,0,0	2	3056	1412	3056	28	1413	37840	857	221,958,121,75,13,13,6,1,1,1,0,0,0,0,0,1,1,0,0,0,0,0,0,0,0,0,0,0,0,0,0,0,0,0,0,0,0,0,0,0	153,60,45,122,44,184,49,61,34,37,16,15,65,5,14,9,214,139,88,46,10,3,0,0,0,0,0,0,0,0,0,0,0,0,0,0,0,0,0,0
tb.dut.clusters[0].cluster.sockets[0].socket.cores[0].core.execute.lsu_unit.lsu_slices[0].lsu_slice.commit_rsp_if	12	242	56982	2174	883	2174	10	884	38722	2243	0,632,131,106,3,8,0,0,0,3,0,0,0,0,0,0,0,0,0,0,0,0,0,0,0,0,0,0,0,0,0,0,0,0,0,0,0,0,0,0	163,18,10,15,9,28,68,69,33,13,8,18,4,8,3,4,183,93,71,50,9,3,3,1,0,0,0,0,0,0,0,0,0,0,0,0,0,0,0,0	2	2171	886	2171	10	887	38725	2243	6,632,128,106,3,8,0,0,0,3,0,0,0,0,0,0,0,0,0,0,0,0,0,0,0,0,0,0,0,0,0,0,0,0,0,0,0,0,0,0	166,18,10,15,9,28,68,69,33,13,8,18,4,8,3,4,183,93,71,50,9,3,3,1,0,0,0,0,0,0,0,0,0,0,0,0,0,0,0,0
tb.dut.clusters[0].cluster.sockets[0].socket.cores[0].core.execute.lsu_unit.lsu_slices[0].lsu_slice.execute_if	12	541	116213	3507	1504	3507	40	1504	37389	811	103,1100,136,120,23,11,1,4,1,3,0,0,0,0,0,0,1,1,0,0,0,0,0,0,0,0,0,0,0,0,0,0,0,0,0,0,0,0,0,0	87,47,52,158,32,223,88,51,48,28,13,7,65,9,9,20,259,181,78,39,8,2,0,0,0,0,0,0,0,0,0,0,0,0,0,0,0,0,0,0	3	2735	1513	2735	15	1513	38161	818	594,768,58,72,8,6,1,1,3,1,0,0,0,0,1,0,0,0,0,0,0,0,0,0,0,0,0,0,0,0,0,0,0,0,0,0,0,0,0,0	147,54,42,158,30,20,218,66,50,41,17,12,59,10,12,17,243,181,85,41,8,2,0,0,0,0,0,0,0,0,0,0,0,0,0,0,0,0,0,0
tb.dut.clusters[0].cluster.sockets[0].socket.cores[0].core.execute.lsu_unit.lsu_slices[0].lsu_slice.genblk13[0]	12	56	24830	1368	800	1368	7	801	39528	2321	412,264,90,24,3,2,5,0,0,0,0,0,0,0,0,0,0,0,0,0,0,0,0,0,0,0,0,0,0,0,0,0,0,0,0,0,0,0,0,0	102,35,31,84,61,16,40,52,24,16,7,6,10,2,3,3,119,89,36,42,8,8,6,1,0,0,0,0,0,0,0,0,0,0,0,0,0,0,0,0	2	1360	793	1360	7	794	39536	2321	406,263,90,24,3,2,5,0,0,0,0,0,0,0,0,0,0,0,0,0,0,0,0,0,0,0,0,0,0,0,0,0,0,0,0,0,0,0,0,0	102,35,30,83,61,16,40,51,24,16,6,6,8,2,3,3,121,86,35,43,8,8,6,1,0,0,0,0,0,0,0,0,0,0,0,0,0,0,0,0
tb.dut.clusters[0].cluster.sockets[0].socket.cores[0].core.execute.lsu_unit.lsu_slices[0].lsu_slice.genblk13[1]	12	56	25214	1391	819	1391	7	820	39505	2321	430,264,90,24,4,2,5,0,0,0,0,0,0,0,0,0,0,0,0,0,0,0,0,0,0,0,0,0,0,0,0,0,0,0,0,0,0,0,0,0	106,33,37,83,60,16,39,52,28,15,7,7,11,1,4,3,133,83,41,38,8,8,6,1,0,0,0,0,0,0,0,0,0,0,0,0,0,0,0,0	2	1383	812	1383	7	813	39513	2321	424,263,90,24,4,2,5,0,0,0,0,0,0,0,0,0,0,0,0,0,0,0,0,0,0,0,0,0,0,0,0,0,0,0,0,0,0,0,0,0	106,33,35,82,60,16,39,51,28,15,6,7,9,1,4,3,134,82,41,38,8,8,6,1,0,0,0,0,0,0,0,0,0,0,0,0,0,0,0,0
tb.dut.clusters[0].cluster.sockets[0].socket.cores[0].core.execute.lsu_unit.lsu_slices[0].lsu_slice.genblk13[2]	12	56	25562	1376	806	1376	7	807	39520	2321	419,262,90,24,4,2,5,0,0,0,0,0,0,0,0,0,0,0,0,0,0,0,0,0,0,0,0,0,0,0,0,0,0,0,0,0,0,0,0,0	102,34,36,89,58,12,42,47,28,15,7,8,10,0,3,3,127,79,51,34,7,8,6,1,0,0,0,0,0,0,0,0,0,0,0,0,0,0,0,0	2	1369	800	1369	7	801	39527	2321	414,261,90,24,4,2,5,0,0,0,0,0,0,0,0,0,0,0,0,0,0,0,0,0,0,0,0,0,0,0,0,0,0,0,0,0,0,0,0,0	102,34,34,88,58,12,42,46,28,15,6,8,9,0,3,3,127,79,50,35,7,8,6,1,0,0,0,0,0,0,0,0,0,0,0,0,0,0,0,0
tb.dut.clusters[0].cluster.sockets[0].socket.cores[0].core.execute.lsu_unit.lsu_slices[0].lsu_slice.genblk13[3]	12	56	25856	1372	807	1372	7	808	39524	2321	422,262,88,25,3,2,5,0,0,0,0,0,0,0,0,0,0,0,0,0,0,0,0,0,0,0,0,0,0,0,0,0,0,0,0,0,0,0,0,0	103,37,31,93,57,12,39,44,32,14,6,5,6,1,3,4,135,83,45,36,7,8,6,1,0,0,0,0,0,0,0,0,0,0,0,0,0,0,0,0	2	1366	802	1366	7	803	39530	2321	418,261,88,25,3,2,5,0,0,0,0,0,0,0,0,0,0,0,0,0,0,0,0,0,0,0,0,0,0,0,0,0,0,0,0,0,0,0,0,0	103,37,30,92,57,12,39,43,32,14,6,5,6,1,3,4,134,83,43,37,7,8,6,1,0,0,0,0,0,0,0,0,0,0,0,0,0,0,0,0
tb.dut.clusters[0].cluster.sockets[0].socket.cores[0].core.execute.lsu_unit.lsu_slices[0].lsu_slice.genblk4[0]	12	130	10089	1344	886	1344	11	887	39552	1604	588,203,60,25,2,4,1,0,2,0,1,0,0,0,0,0,0,0,0,0,0,0,0,0,0,0,0,0,0,0,0,0,0,0,0,0,0,0,0,0	76,46,31,61,24,6,162,23,22,30,13,7,11,7,14,11,115,111,50,44,13,4,6,0,0,0,0,0,0,0,0,0,0,0,0,0,0,0,0,0	2	1085	737	1085	9	738	39811	1604	489,176,54,14,1,2,0,0,1,0,0,0,0,0,0,0,0,0,0,0,0,0,0,0,0,0,0,0,0,0,0,0,0,0,0,0,0,0,0,0	65,47,26,54,16,5,90,14,15,26,9,5,8,6,32,9,96,95,52,41,15,6,6,0,0,0,0,0,0,0,0,0,0,0,0,0,0,0,0,0
tb.dut.clusters[0].cluster.sockets[0].socket.cores[0].core.execute.lsu_unit.lsu_slices[0].lsu_slice.genblk4[1]	12	130	12082	1489	988	1489	9	989	39407	1513	648,241,62,27,2,5,1,0,2,0,0,0,0,0,0,0,0,0,0,0,0,0,0,0,0,0,0,0,0,0,0,0,0,0,0,0,0,0,0,0	76,45,32,69,33,7,169,37,28,34,13,10,13,9,14,10,152,119,49,45,18,3,4,0,0,0,0,0,0,0,0,0,0,0,0,0,0,0,0,0	2	1195	821	1195	6	822	39701	1513	534,219,52,14,1,1,0,0,0,0,0,0,0,0,0,0,0,0,0,0,0,0,0,0,0,0,0,0,0,0,0,0,0,0,0,0,0,0,0,0	65,39,34,62,24,5,49,24,25,25,10,12,12,7,36,12,147,98,67,41,20,4,4,0,0,0,0,0,0,0,0,0,0,0,0,0,0,0,0,0
tb.dut.clusters[0].cluster.sockets[0].socket.cores[0].core.execute.lsu_unit.lsu_slices[0].lsu_slice.genblk4[2]	12	130	13930	1598	1072	1598	9	1073	39298	1315	709,261,66,26,2,5,1,0,2,0,0,0,0,0,0,0,0,0,0,0,0,0,0,0,0,0,0,0,0,0,0,0,0,0,0,0,0,0,0,0	78,47,30,70,33,9,168,41,24,36,12,12,12,10,14,10,201,131,68,44,18,3,2,0,0,0,0,0,0,0,0,0,0,0,0,0,0,0,0,0	2	1303	915	1303	6	916	39593	1315	610,238,54,11,1,1,0,0,0,0,0,0,0,0,0,0,0,0,0,0,0,0,0,0,0,0,0,0,0,0,0,0,0,0,0,0,0,0,0,0	66,39,34,64,27,7,51,30,20,26,10,14,12,7,34,11,200,117,81,39,21,4,2,0,0,0,0,0,0,0,0,0,0,0,0,0,0,0,0,0
tb.dut.clusters[0].cluster.sockets[0].socket.cores[0].core.execute.lsu_unit.lsu_slices[0].lsu_slice.genblk4[3]	12	130	15569	1703	1147	1703	9	1148	39193	818	757,285,70,24,3,5,1,0,2,0,0,0,0,0,0,0,0,0,0,0,0,0,0,0,0,0,0,0,0,0,0,0,0,0,0,0,0,0,0,0	90,47,33,75,31,11,170,42,24,35,13,13,14,11,17,10,222,142,80,48,17,3,0,0,0,0,0,0,0,0,0,0,0,0,0,0,0,0,0,0	2	1401	988	1401	6	989	39495	834	660,259,57,9,2,1,0,0,0,0,0,0,0,0,0,0,0,0,0,0,0,0,0,0,0,0,0,0,0,0,0,0,0,0,0,0,0,0,0,0	79,38,31,73,28,11,43,32,21,26,9,15,14,8,54,12,211,120,97,43,19,5,0,0,0,0,0,0,0,0,0,0,0,0,0,0,0,0,0,0
tb.dut.clusters[0].cluster.sockets[0].socket.cores[0].core.execute.lsu_unit.lsu_slices[0].lsu_slice.genblk8[0]	12	4	1489	618	439	618	4	440	40278	4099	286,128,24,1,0,0,0,0,0,0,0,0,0,0,0,0,0,0,0,0,0,0,0,0,0,0,0,0,0,0,0,0,0,0,0,0,0,0,0,0	16,15,7,22,5,5,12,13,5,6,2,7,6,4,3,5,141,46,61,33,13,7,4,1,1,0,0,0,0,0,0,0,0,0,0,0,0,0,0,0	2	618	439	618	4	440	40278	4099	286,128,24,1,0,0,0,0,0,0,0,0,0,0,0,0,0,0,0,0,0,0,0,0,0,0,0,0,0,0,0,0,0,0,0,0,0,0,0,0	16,15,7,22,5,5,12,13,5,6,2,7,6,4,3,5,141,46,61,33,13,7,4,1,1,0,0,0,0,0,0,0,0,0,0,0,0,0,0,0
tb.dut.clusters[0].cluster.sockets[0].socket.cores[0].core.execute.lsu_unit.lsu_slices[0].lsu_slice.genblk8[1]	12	4	1495	621	432	621	4	433	40275	4099	270,136,25,1,0,0,0,0,0,0,0,0,0,0,0,0,0,0,0,0,0,0,0,0,0,0,0,0,0,0,0,0,0,0,0,0,0,0,0,0	15,16,7,22,5,3,11,12,4,5,1,7,7,4,4,5,137,48,58,38,10,8,4,1,1,0,0,0,0,0,0,0,0,0,0,0,0,0,0,0	2	621	432	621	4	433	40275	4099	270,136,25,1,0,0,0,0,0,0,0,0,0,0,0,0,0,0,0,0,0,0,0,0,0,0,0,0,0,0,0,0,0,0,0,0,0,0,0,0	15,16,7,22,5,3,11,12,4,5,1,7,7,4,4,5,137,48,58,38,10,8,4,1,1,0,0,0,0,0,0,0,0,0,0,0,0,0,0,0
tb.dut.clusters[0].cluster.sockets[0].socket.cores[0].core.execute.lsu_unit.lsu_slices[0].lsu_slice.genblk8[2]	12	4	1543	645	441	645	4	442	40251	4099	267,146,26,2,0,0,0,0,0,0,0,0,0,0,0,0,0,0,0,0,0,0,0,0,0,0,0,0,0,0,0,0,0,0,0,0,0,0,0,0	16,17,7,23,4,4,12,13,5,6,2,6,8,4,4,5,136,49,62,35,10,8,4,1,1,0,0,0,0,0,0,0,0,0,0,0,0,0,0,0	2	645	441	645	4	442	40251	4099	267,146,26,2,0,0,0,0,0,0,0,0,0,0,0,0,0,0,0,0,0,0,0,0,0,0,0,0,0,0,0,0,0,0,0,0,0,0,0,0	16,17,7,23,4,4,12,13,5,6,2,6,8,4,4,5,136,49,62,35,10,8,4,1,1,0,0,0,0,0,0,0,0,0,0,0,0,0,0,0
tb.dut.clusters[0].cluster.sockets[0].socket.cores[0].core.execute.lsu_unit.lsu_slices[0].lsu_slice.genblk8[3]	12	4	1539	643	445	643	4	446	40253	4099	273,147,24,1,0,0,0,0,0,0,0,0,0,0,0,0,0,0,0,0,0,0,0,0,0,0,0,0,0,0,0,0,0,0,0,0,0,0,0,0	18,16,7,22,5,4,12,13,5,6,1,8,6,4,4,5,144,44,66,31,11,8,4,1,1,0,0,0,0,0,0,0,0,0,0,0,0,0,0,0	2	643	445	643	4	446	40253	4099	273,147,24,1,0,0,0,0,0,0,0,0,0,0,0,0,0,0,0,0,0,0,0,0,0,0,0,0,0,0,0,0,0,0,0,0,0,0,0,0	18,16,7,22,5,4,12,13,5,6,1,8,6,4,4,5,144,44,66,31,11,8,4,1,1,0,0,0,0,0,0,0,0,0,0,0,0,0,0,0
tb.dut.clusters[0].cluster.sockets[0].socket.cores[0].core.execute.lsu_unit.lsu_slices[0].lsu_slice.genblk9[0]	12	1	3138	3138	1571	3138	25	1572	37758	818	312,1129,12,102,4,7,1,1,1,0,0,0,1,0,0,0,1,0,0,0,0,0,0,0,0,0,0,0,0,0,0,0,0,0,0,0,0,0,0,0	196,73,53,138,30,206,81,47,44,25,9,7,63,10,7,18,248,181,86,40,8,2,0,0,0,0,0,0,0,0,0,0,0,0,0,0,0,0,0,0	2	0	0	0	0	1	40896	40896	0,0,0,0,0,0,0,0,0,0,0,0,0,0,0,0,0,0,0,0,0,0,0,0,0,0,0,0,0,0,0,0,0,0,0,0,0,0,0,0	0,0,0,0,0,0,0,0,0,0,0,0,0,0,0,0,0,0,0,0,0,0,0,0,0,0,0,1,0,0,0,0,0,0,0,0,0,0,0,0
tb.dut.clusters[0].cluster.sockets[0].socket.cores[0].core.execute.lsu_unit.lsu_slices[0].lsu_slice.genblk9[1]	12	1	3138	3138	1571	3138	25	1572	37758	818	312,1129,12,102,4,7,1,1,1,0,0,0,1,0,0,0,1,0,0,0,0,0,0,0,0,0,0,0,0,0,0,0,0,0,0,0,0,0,0,0	196,73,53,138,30,206,81,47,44,25,9,7,63,10,7,18,248,181,86,40,8,2,0,0,0,0,0,0,0,0,0,0,0,0,0,0,0,0,0,0	2	0	0	0	0	1	40896	40896	0,0,0,0,0,0,0,0,0,0,0,0,0,0,0,0,0,0,0,0,0,0,0,0,0,0,0,0,0,0,0,0,0,0,0,0,0,0,0,0	0,0,0,0,0,0,0,0,0,0,0,0,0,0,0,0,0,0,0,0,0,0,0,0,0,0,0,1,0,0,0,0,0,0,0,0,0,0,0,0
tb.dut.clusters[0].cluster.sockets[0].socket.cores[0].core.execute.lsu_unit.lsu_slices[0].lsu_slice.genblk9[2]	12	1	3138	3138	1571	3138	25	1572	37758	818	312,1129,12,102,4,7,1,1,1,0,0,0,1,0,0,0,1,0,0,0,0,0,0,0,0,0,0,0,0,0,0,0,0,0,0,0,0,0,0,0	196,73,53,138,30,206,81,47,44,25,9,7,63,10,7,18,248,181,86,40,8,2,0,0,0,0,0,0,0,0,0,0,0,0,0,0,0,0,0,0	2	0	0	0	0	1	40896	40896	0,0,0,0,0,0,0,0,0,0,0,0,0,0,0,0,0,0,0,0,0,0,0,0,0,0,0,0,0,0,0,0,0,0,0,0,0,0,0,0	0,0,0,0,0,0,0,0,0,0,0,0,0,0,0,0,0,0,0,0,0,0,0,0,0,0,0,1,0,0,0,0,0,0,0,0,0,0,0,0
tb.dut.clusters[0].cluster.sockets[0].socket.cores[0].core.execute.lsu_unit.lsu_slices[0].lsu_slice.genblk9[3]	12	1	3138	3138	1571	3138	25	1572	37758	818	312,1129,12,102,4,7,1,1,1,0,0,0,1,0,0,0,1,0,0,0,0,0,0,0,0,0,0,0,0,0,0,0,0,0,0,0,0,0,0,0	196,73,53,138,30,206,81,47,44,25,9,7,63,10,7,18,248,181,86,40,8,2,0,0,0,0,0,0,0,0,0,0,0,0,0,0,0,0,0,0	2	0	0	0	0	1	40896	40896	0,0,0,0,0,0,0,0,0,0,0,0,0,0,0,0,0,0,0,0,0,0,0,0,0,0,0,0,0,0,0,0,0,0,0,0,0,0,0,0	0,0,0,0,0,0,0,0,0,0,0,0,0,0,0,0,0,0,0,0,0,0,0,0,0,0,0,1,0,0,0,0,0,0,0,0,0,0,0,0
tb.dut.clusters[0].cluster.sockets[0].socket.cores[0].core.execute.lsu_unit.lsu_slices[0].lsu_slice.lsu_mem_if	12	613	175600	5827	2127	5827	42	2127	35069	797	276,1261,69,279,46,117,28,28,3,6,1,3,2,1,0,2,4,1,0,0,0,0,0,0,0,0,0,0,0,0,0,0,0,0,0,0,0,0,0,0	253,329,70,243,100,245,162,16,27,22,17,8,74,6,4,19,318,107,66,31,8,2,0,0,0,0,0,0,0,0,0,0,0,0,0,0,0,0,0,0	4	3991	2258	3991	11	2258	36905	804	1082,895,136,67,55,8,5,7,2,0,1,0,0,0,0,0,0,0,0,0,0,0,0,0,0,0,0,0,0,0,0,0,0,0,0,0,0,0,0,0	510,261,95,195,91,64,244,46,41,20,18,7,75,6,7,19,327,114,73,35,8,2,0,0,0,0,0,0,0,0,0,0,0,0,0,0,0,0,0,0
tb.dut.clusters[0].cluster.sockets[0].socket.cores[0].core.execute.lsu_unit.per_block_commit_if[0]	10	242	73233	3946	1580	3946	39	1581	36950	857	0,1207,143,169,23,20,4,4,4,4,0,0,0,0,0,0,1,1,0,0,0,0,0,0,0,0,0,0,0,0,0,0,0,0,0,0,0,0,0,0	206,60,49,122,39,198,82,68,46,36,9,20,64,11,9,10,298,123,87,34,8,2,0,0,0,0,0,0,0,0,0,0,0,0,0,0,0,0,0,0	2	3884	1622	3884	28	1623	37012	857	55,1215,146,157,17,18,6,1,1,4,0,0,1,0,0,0,1,0,0,0,0,0,0,0,0,0,0,0,0,0,0,0,0,0,0,0,0,0,0,0	247,61,50,122,39,197,83,68,46,36,8,20,64,11,9,10,297,124,87,34,8,2,0,0,0,0,0,0,0,0,0,0,0,0,0,0,0,0,0,0
tb.dut.clusters[0].cluster.sockets[0].socket.cores[0].core.execute.lsu_unit.per_block_execute_if[0]	10	541	116213	3507	1504	3507	40	1504	37389	811	103,1100,136,120,23,11,1,4,1,3,0,0,0,0,0,0,1,1,0,0,0,0,0,0,0,0,0,0,0,0,0,0,0,0,0,0,0,0,0,0	87,47,52,158,32,223,88,51,48,28,13,7,65,9,9,20,259,181,78,39,8,2,0,0,0,0,0,0,0,0,0,0,0,0,0,0,0,0,0,0	3	2735	1513	2735	15	1513	38161	818	594,768,58,72,8,6,1,1,3,1,0,0,0,0,1,0,0,0,0,0,0,0,0,0,0,0,0,0,0,0,0,0,0,0,0,0,0,0,0,0	147,54,42,158,30,20,218,66,50,41,17,12,59,10,12,17,243,181,85,41,8,2,0,0,0,0,0,0,0,0,0,0,0,0,0,0,0,0,0,0
tb.dut.clusters[0].cluster.sockets[0].socket.cores[0].core.execute.sched_csr_if	9	70	84942	40866	2	40866	40862	2	30	20	0,0,0,1,0,0,0,0,0,0,0,0,0,0,0,0,0,0,0,0,0,0,0,0,0,0,0,1,0,0,0,0,0,0,0,0,0,0,0,0	0,0,0,0,0,0,0,0,0,1,0,0,0,0,0,0,1,0,0,0,0,0,0,0,0,0,0,0,0,0,0,0,0,0,0,0,0,0,0,0	2	21359	19507	21359	11	19508	19537	21	18715,0,703,0,65,0,12,0,3,0,9,0,0,0,0,0,0,0,0,0,0,0,0,0,0,0,0,0,0,0,0,0,0,0,0,0,0,0,0,0	19506,0,0,0,0,0,0,0,0,1,0,0,0,0,0,0,1,0,0,0,0,0,0,0,0,0,0,0,0,0,0,0,0,0,0,0,0,0,0,0
tb.dut.clusters[0].cluster.sockets[0].socket.cores[0].core.execute.sfu_unit	9	11563	483992	40872	4	40872	40863	4	24	10	1,1,0,0,0,1,0,0,0,0,0,0,0,0,0,0,0,0,0,0,0,0,0,0,0,0,0,1,0,0,0,0,0,0,0,0,0,0,0,0	0,0,1,0,1,1,0,0,0,1,0,0,0,0,0,0,0,0,0,0,0,0,0,0,0,0,0,0,0,0,0,0,0,0,0,0,0,0,0,0	58	1370	340	1370	15	341	39526	2515	13,56,54,99,73,25,10,4,1,1,2,0,0,1,1,0,0,0,0,0,0,0,0,0,0,0,0,0,0,0,0,0,0,0,0,0,0,0,0,0	14,2,1,2,9,4,2,2,0,3,20,16,24,5,1,4,34,66,63,39,12,13,4,1,0,0,0,0,0,0,0,0,0,0,0,0,0,0,0,0
tb.dut.clusters[0].cluster.sockets[0].socket.cores[0].core.execute.sfu_unit.arb_commit_if[0]	10	242	10364	857	351	857	11	352	40039	2516	1,289,6,24,27,3,0,0,0,0,1,0,0,0,0,0,0,0,0,0,0,0,0,0,0,0,0,0,0,0,0,0,0,0,0,0,0,0,0,0	9,3,4,5,1,3,10,4,1,0,2,1,55,2,11,6,36,67,63,39,13,12,4,1,0,0,0,0,0,0,0,0,0,0,0,0,0,0,0,0	2	798	407	798	6	408	40098	2516	81,292,8,23,1,2,0,0,0,0,0,0,0,0,0,0,0,0,0,0,0,0,0,0,0,0,0,0,0,0,0,0,0,0,0,0,0,0,0,0	65,3,4,5,1,3,10,4,1,0,1,2,55,2,11,6,36,67,63,39,13,12,4,1,0,0,0,0,0,0,0,0,0,0,0,0,0,0,0,0
tb.dut.clusters[0].cluster.sockets[0].socket.cores[0].core.execute.sfu_unit.commit_csr_if	10	44	17126	8557	5659	8557	16	5660	32339	329	3891,1077,445,165,39,21,4,7,3,2,1,2,0,1,0,1,0,0,0,0,0,0,0,0,0,0,0,0,0,0,0,0,0,0,0,0,0,0,0,0	1122,1021,669,453,596,197,343,237,153,126,160,42,119,39,29,49,238,63,3,0,1,0,0,0,0,0,0,0,0,0,0,0,0,0,0,0,0,0,0,0	2	4293	4271	4293	3	4272	36603	333	4252,16,3,0,0,0,0,0,0,0,0,0,0,0,0,0,0,0,0,0,0,0,0,0,0,0,0,0,0,0,0,0,0,0,0,0,0,0,0,0	559,300,353,334,470,226,256,210,206,228,231,113,76,112,107,54,301,132,3,0,1,0,0,0,0,0,0,0,0,0,0,0,0,0,0,0,0,0,0,0
tb.dut.clusters[0].cluster.sockets[0].socket.cores[0].core.execute.sfu_unit.commit_if[0]	10	242	11100	862	351	862	9	352	40034	2516	0,287,9,24,24,6,0,0,1,0,0,0,0,0,0,0,0,0,0,0,0,0,0,0,0,0,0,0,0,0,0,0,0,0,0,0,0,0,0,0	9,4,3,5,1,3,10,4,1,1,1,1,55,2,11,6,36,67,63,39,13,12,4,1,0,0,0,0,0,0,0,0,0,0,0,0,0,0,0,0	2	799	413	799	6	414	40097	2516	89,292,6,24,0,2,0,0,0,0,0,0,0,0,0,0,0,0,0,0,0,0,0,0,0,0,0,0,0,0,0,0,0,0,0,0,0,0,0,0	70,5,3,5,1,3,10,4,1,1,1,1,55,2,11,6,36,67,63,39,13,12,4,1,0,0,0,0,0,0,0,0,0,0,0,0,0,0,0,0
tb.dut.clusters[0].cluster.sockets[0].socket.cores[0].core.execute.sfu_unit.csr_commit_if	10	242	5029	510	236	510	7	237	40386	4471	0,218,2,14,1,0,1,0,0,0,0,0,0,0,0,0,0,0,0,0,0,0,0,0,0,0,0,0,0,0,0,0,0,0,0,0,0,0,0,0	4,1,1,4,1,1,8,2,1,0,1,2,55,1,2,6,21,28,46,30,5,8,5,3,1,0,0,0,0,0,0,0,0,0,0,0,0,0,0,0	2	508	238	508	5	239	40388	4471	1,220,2,14,1,0,0,0,0,0,0,0,0,0,0,0,0,0,0,0,0,0,0,0,0,0,0,0,0,0,0,0,0,0,0,0,0,0,0,0	6,1,1,4,1,1,8,2,1,0,1,2,55,1,2,6,21,28,46,30,5,8,5,3,1,0,0,0,0,0,0,0,0,0,0,0,0,0,0,0
tb.dut.clusters[0].cluster.sockets[0].socket.cores[0].core.execute.sfu_unit.csr_execute_if	10	541	5653	1161	607	1161	8	607	39735	2516	218,323,10,23,28,1,3,1,0,0,0,0,0,0,0,0,0,0,0,0,0,0,0,0,0,0,0,0,0,0,0,0,0,0,0,0,0,0,0,0	56,34,18,25,9,12,25,9,5,1,19,18,64,4,3,6,99,67,67,45,7,9,4,1,0,0,0,0,0,0,0,0,0,0,0,0,0,0,0,0	3	448	289	448	5	290	40448	2718	142,139,5,2,1,0,0,0,0,0,0,0,0,0,0,0,0,0,0,0,0,0,0,0,0,0,0,0,0,0,0,0,0,0,0,0,0,0,0,0	10,3,2,8,0,3,0,1,6,1,0,0,56,1,0,7,17,60,45,32,17,16,4,1,0,0,0,0,0,0,0,0,0,0,0,0,0,0,0,0
tb.dut.clusters[0].cluster.sockets[0].socket.cores[0].core.execute.sfu_unit.csr_unit	10	2330	226806	40871	4	40871	40862	4	25	10	1,1,0,0,0,1,0,0,0,0,0,0,0,0,0,0,0,0,0,0,0,0,0,0,0,0,0,1,0,0,0,0,0,0,0,0,0,0,0,0	0,0,1,0,0,2,0,0,0,1,0,0,0,0,0,0,0,0,0,0,0,0,0,0,0,0,0,0,0,0,0,0,0,0,0,0,0,0,0,0	12	3453	2888	3453	12	2889	37443	55	2546,190,112,24,9,5,0,1,0,0,0,1,0,0,0,0,0,0,0,0,0,0,0,0,0,0,0,0,0,0,0,0,0,0,0,0,0,0,0,0	214,98,218,89,143,76,303,66,90,65,171,58,112,43,288,27,826,2,0,0,0,0,0,0,0,0,0,0,0,0,0,0,0,0,0,0,0,0,0,0
tb.dut.clusters[0].cluster.sockets[0].socket.cores[0].core.execute.sfu_unit.csr_unit.commit_csr_if	11	44	17126	8557	5659	8557	16	5660	32339	329	3891,1077,445,165,39,21,4,7,3,2,1,2,0,1,0,1,0,0,0,0,0,0,0,0,0,0,0,0,0,0,0,0,0,0,0,0,0,0,0,0	1122,1021,669,453,596,197,343,237,153,126,160,42,119,39,29,49,238,63,3,0,1,0,0,0,0,0,0,0,0,0,0,0,0,0,0,0,0,0,0,0	2	4293	4271	4293	3	4272	36603	333	4252,16,3,0,0,0,0,0,0,0,0,0,0,0,0,0,0,0,0,0,0,0,0,0,0,0,0,0,0,0,0,0,0,0,0,0,0,0,0,0	559,300,353,334,470,226,256,210,206,228,231,113,76,112,107,54,301,132,3,0,1,0,0,0,0,0,0,0,0,0,0,0,0,0,0,0,0,0,0,0
tb.dut.clusters[0].cluster.sockets[0].socket.cores[0].core.execute.sfu_unit.csr_unit.commit_if	11	242	5029	510	236	510	7	237	40386	4471	0,218,2,14,1,0,1,0,0,0,0,0,0,0,0,0,0,0,0,0,0,0,0,0,0,0,0,0,0,0,0,0,0,0,0,0,0,0,0,0	4,1,1,4,1,1,8,2,1,0,1,2,55,1,2,6,21,28,46,30,5,8,5,3,1,0,0,0,0,0,0,0,0,0,0,0,0,0,0,0	2	508	238	508	5	239	40388	4471	1,220,2,14,1,0,0,0,0,0,0,0,0,0,0,0,0,0,0,0,0,0,0,0,0,0,0,0,0,0,0,0,0,0,0,0,0,0,0,0	6,1,1,4,1,1,8,2,1,0,1,2,55,1,2,6,21,28,46,30,5,8,5,3,1,0,0,0,0,0,0,0,0,0,0,0,0,0,0,0
tb.dut.clusters[0].cluster.sockets[0].socket.cores[0].core.execute.sfu_unit.csr_unit.csr_data	11	523	103347	40870	4	40870	40862	4	26	10	1,1,0,0,1,0,0,0,0,0,0,0,0,0,0,0,0,0,0,0,0,0,0,0,0,0,0,1,0,0,0,0,0,0,0,0,0,0,0,0	0,0,0,1,0,2,0,0,0,1,0,0,0,0,0,0,0,0,0,0,0,0,0,0,0,0,0,0,0,0,0,0,0,0,0,0,0,0,0,0	3	15066	11526	15066	18	11527	25830	23	9381,1336,542,58,161,27,9,3,2,2,3,1,0,0,0,0,1,0,0,0,0,0,0,0,0,0,0,0,0,0,0,0,0,0,0,0,0,0,0,0	3626,1526,6373,0,0,0,0,0,0,1,0,0,0,0,0,0,1,0,0,0,0,0,0,0,0,0,0,0,0,0,0,0,0,0,0,0,0,0,0,0
tb.dut.clusters[0].cluster.sockets[0].socket.cores[0].core.execute.sfu_unit.csr_unit.csr_data.commit_csr_if	12	44	17126	8557	5659	8557	16	5660	32339	329	3891,1077,445,165,39,21,4,7,3,2,1,2,0,1,0,1,0,0,0,0,0,0,0,0,0,0,0,0,0,0,0,0,0,0,0,0,0,0,0,0	1122,1021,669,453,596,197,343,237,153,126,160,42,119,39,29,49,238,63,3,0,1,0,0,0,0,0,0,0,0,0,0,0,0,0,0,0,0,0,0,0	2	4293	4271	4293	3	4272	36603	333	4252,16,3,0,0,0,0,0,0,0,0,0,0,0,0,0,0,0,0,0,0,0,0,0,0,0,0,0,0,0,0,0,0,0,0,0,0,0,0,0	559,300,353,334,470,226,256,210,206,228,231,113,76,112,107,54,301,132,3,0,1,0,0,0,0,0,0,0,0,0,0,0,0,0,0,0,0,0,0,0
tb.dut.clusters[0].cluster.sockets[0].socket.cores[0].core.execute.sfu_unit.csr_unit.csr_data.fpu_csr_if[0]	12	13	0	0	0	0	0	1	40896	40896	0,0,0,0,0,0,0,0,0,0,0,0,0,0,0,0,0,0,0,0,0,0,0,0,0,0,0,0,0,0,0,0,0,0,0,0,0,0,0,0	0,0,0,0,0,0,0,0,0,0,0,0,0,0,0,0,0,0,0,0,0,0,0,0,0,0,0,1,0,0,0,0,0,0,0,0,0,0,0,0	2	0	0	0	0	1	40896	40896	0,0,0,0,0,0,0,0,0,0,0,0,0,0,0,0,0,0,0,0,0,0,0,0,0,0,0,0,0,0,0,0,0,0,0,0,0,0,0,0	0,0,0,0,0,0,0,0,0,0,0,0,0,0,0,0,0,0,0,0,0,0,0,0,0,0,0,1,0,0,0,0,0,0,0,0,0,0,0,0
tb.dut.clusters[0].cluster.sockets[0].socket.cores[0].core.execute.sfu_unit.csr_unit.execute_if	11	541	5653	1161	607	1161	8	607	39735	2516	218,323,10,23,28,1,3,1,0,0,0,0,0,0,0,0,0,0,0,0,0,0,0,0,0,0,0,0,0,0,0,0,0,0,0,0,0,0,0,0	56,34,18,25,9,12,25,9,5,1,19,18,64,4,3,6,99,67,67,45,7,9,4,1,0,0,0,0,0,0,0,0,0,0,0,0,0,0,0,0	3	448	289	448	5	290	40448	2718	142,139,5,2,1,0,0,0,0,0,0,0,0,0,0,0,0,0,0,0,0,0,0,0,0,0,0,0,0,0,0,0,0,0,0,0,0,0,0,0	10,3,2,8,0,3,0,1,6,1,0,0,56,1,0,7,17,60,45,32,17,16,4,1,0,0,0,0,0,0,0,0,0,0,0,0,0,0,0,0
tb.dut.clusters[0].cluster.sockets[0].socket.cores[0].core.execute.sfu_unit.csr_unit.fpu_csr_if[0]	11	13	0	0	0	0	0	1	40896	40896	0,0,0,0,0,0,0,0,0,0,0,0,0,0,0,0,0,0,0,0,0,0,0,0,0,0,0,0,0,0,0,0,0,0,0,0,0,0,0,0	0,0,0,0,0,0,0,0,0,0,0,0,0,0,0,0,0,0,0,0,0,0,0,0,0,0,0,1,0,0,0,0,0,0,0,0,0,0,0,0	2	0	0	0	0	1	40896	40896	0,0,0,0,0,0,0,0,0,0,0,0,0,0,0,0,0,0,0,0,0,0,0,0,0,0,0,0,0,0,0,0,0,0,0,0,0,0,0,0	0,0,0,0,0,0,0,0,0,0,0,0,0,0,0,0,0,0,0,0,0,0,0,0,0,0,0,1,0,0,0,0,0,0,0,0,0,0,0,0
tb.dut.clusters[0].cluster.sockets[0].socket.cores[0].core.execute.sfu_unit.csr_unit.sched_csr_if	11	70	84942	40866	2	40866	40862	2	30	20	0,0,0,1,0,0,0,0,0,0,0,0,0,0,0,0,0,0,0,0,0,0,0,0,0,0,0,1,0,0,0,0,0,0,0,0,0,0,0,0	0,0,0,0,0,0,0,0,0,1,0,0,0,0,0,0,1,0,0,0,0,0,0,0,0,0,0,0,0,0,0,0,0,0,0,0,0,0,0,0	2	21359	19507	21359	11	19508	19537	21	18715,0,703,0,65,0,12,0,3,0,9,0,0,0,0,0,0,0,0,0,0,0,0,0,0,0,0,0,0,0,0,0,0,0,0,0,0,0,0,0	19506,0,0,0,0,0,0,0,0,1,0,0,0,0,0,0,1,0,0,0,0,0,0,0,0,0,0,0,0,0,0,0,0,0,0,0,0,0,0,0
tb.dut.clusters[0].cluster.sockets[0].socket.cores[0].core.execute.sfu_unit.dispatch_if[0]	10	474	5544	856	353	856	7	353	40040	2516	1,291,6,25,26,3,1,0,0,0,0,0,0,0,0,0,0,0,0,0,0,0,0,0,0,0,0,0,0,0,0,0,0,0,0,0,0,0,0,0	9,3,5,5,1,3,10,4,1,0,1,2,55,2,11,6,35,68,63,39,13,12,4,1,0,0,0,0,0,0,0,0,0,0,0,0,0,0,0,0	3	468	301	468	5	302	40428	2718	148,145,3,4,1,0,0,0,0,0,0,0,0,0,0,0,0,0,0,0,0,0,0,0,0,0,0,0,0,0,0,0,0,0,0,0,0,0,0,0	11,7,2,9,1,2,0,1,7,1,0,0,56,1,1,7,23,58,45,32,17,16,4,1,0,0,0,0,0,0,0,0,0,0,0,0,0,0,0,0
tb.dut.clusters[0].cluster.sockets[0].socket.cores[0].core.execute.sfu_unit.dispatch_unit	10	2375	19596	1209	345	1209	11	345	39687	2515	2,0,282,3,21,28,3,2,2,1,1,0,0,0,0,0,0,0,0,0,0,0,0,0,0,0,0,0,0,0,0,0,0,0,0,0,0,0,0,0	3,5,5,1,3,10,4,1,0,1,2,55,2,11,6,2,39,65,61,39,13,12,4,1,0,0,0,0,0,0,0,0,0,0,0,0,0,0,0,0	12	378	177	378	5	177	40518	7330	48,74,42,9,4,0,0,0,0,0,0,0,0,0,0,0,0,0,0,0,0,0,0,0,0,0,0,0,0,0,0,0,0,0,0,0,0,0,0,0	3,1,4,1,4,1,1,0,1,0,0,1,8,17,0,4,32,43,23,9,9,8,3,2,2,0,0,0,0,0,0,0,0,0,0,0,0,0,0,0
tb.dut.clusters[0].cluster.sockets[0].socket.cores[0].core.execute.sfu_unit.dispatch_unit.dispatch_if[0]	11	474	5544	856	353	856	7	353	40040	2516	1,291,6,25,26,3,1,0,0,0,0,0,0,0,0,0,0,0,0,0,0,0,0,0,0,0,0,0,0,0,0,0,0,0,0,0,0,0,0,0	9,3,5,5,1,3,10,4,1,0,1,2,55,2,11,6,35,68,63,39,13,12,4,1,0,0,0,0,0,0,0,0,0,0,0,0,0,0,0,0	3	468	301	468	5	302	40428	2718	148,145,3,4,1,0,0,0,0,0,0,0,0,0,0,0,0,0,0,0,0,0,0,0,0,0,0,0,0,0,0,0,0,0,0,0,0,0,0,0	11,7,2,9,1,2,0,1,7,1,0,0,56,1,1,7,23,58,45,32,17,16,4,1,0,0,0,0,0,0,0,0,0,0,0,0,0,0,0,0
tb.dut.clusters[0].cluster.sockets[0].socket.cores[0].core.execute.sfu_unit.dispatch_unit.execute_if[0]	11	541	5545	856	353	856	7	353	40040	2516	1,291,6,25,26,3,1,0,0,0,0,0,0,0,0,0,0,0,0,0,0,0,0,0,0,0,0,0,0,0,0,0,0,0,0,0,0,0,0,0	9,3,5,5,1,3,10,4,1,0,1,2,55,2,11,6,35,68,63,39,13,12,4,1,0,0,0,0,0,0,0,0,0,0,0,0,0,0,0,0	3	469	302	469	5	302	40427	2718	149,145,3,4,1,0,0,0,0,0,0,0,0,0,0,0,0,0,0,0,0,0,0,0,0,0,0,0,0,0,0,0,0,0,0,0,0,0,0,0	11,7,2,9,1,2,0,1,7,1,0,0,56,1,1,7,23,58,45,32,17,16,4,1,0,0,0,0,0,0,0,0,0,0,0,0,0,0,0,0
tb.dut.clusters[0].cluster.sockets[0].socket.cores[0].core.execute.sfu_unit.dispatch_unit.genblk5[0]	11	7	1560	858	354	858	7	354	40038	2516	2,290,7,25,26,3,1,0,0,0,0,0,0,0,0,0,0,0,0,0,0,0,0,0,0,0,0,0,0,0,0,0,0,0,0,0,0,0,0,0	9,4,4,5,1,3,10,4,1,0,1,2,55,2,11,6,36,68,63,39,13,12,4,1,0,0,0,0,0,0,0,0,0,0,0,0,0,0,0,0	2	553	323	553	6	323	40343	2817	134,168,5,14,0,2,0,0,0,0,0,0,0,0,0,0,0,0,0,0,0,0,0,0,0,0,0,0,0,0,0,0,0,0,0,0,0,0,0,0	74,5,3,4,1,3,10,4,1,0,1,2,0,1,12,0,24,59,55,34,12,11,5,2,0,0,0,0,0,0,0,0,0,0,0,0,0,0,0,0
tb.dut.clusters[0].cluster.sockets[0].socket.cores[0].core.execute.sfu_unit.fpu_csr_if[0]	10	13	0	0	0	0	0	1	40896	40896	0,0,0,0,0,0,0,0,0,0,0,0,0,0,0,0,0,0,0,0,0,0,0,0,0,0,0,0,0,0,0,0,0,0,0,0,0,0,0,0	0,0,0,0,0,0,0,0,0,0,0,0,0,0,0,0,0,0,0,0,0,0,0,0,0,0,0,1,0,0,0,0,0,0,0,0,0,0,0,0	2	0	0	0	0	1	40896	40896	0,0,0,0,0,0,0,0,0,0,0,0,0,0,0,0,0,0,0,0,0,0,0,0,0,0,0,0,0,0,0,0,0,0,0,0,0,0,0,0	0,0,0,0,0,0,0,0,0,0,0,0,0,0,0,0,0,0,0,0,0,0,0,0,0,0,0,1,0,0,0,0,0,0,0,0,0,0,0,0
tb.dut.clusters[0].cluster.sockets[0].socket.cores[0].core.execute.sfu_unit.gather_unit	10	1472	58276	1215	344	1215	14	345	39681	2515	2,0,279,5,20,26,6,2,2,1,0,0,0,1,0,0,0,0,0,0,0,0,0,0,0,0,0,0,0,0,0,0,0,0,0,0,0,0,0,0	4,3,6,1,3,10,4,1,1,1,1,55,2,11,6,2,39,65,61,39,13,12,4,1,0,0,0,0,0,0,0,0,0,0,0,0,0,0,0,0	8	1118	375	1118	8	376	39778	2515	34,20,285,6,21,5,2,2,0,0,0,0,0,0,0,0,0,0,0,0,0,0,0,0,0,0,0,0,0,0,0,0,0,0,0,0,0,0,0,0	34,2,8,2,3,8,5,1,2,1,1,55,2,2,15,2,36,66,62,39,13,12,4,1,0,0,0,0,0,0,0,0,0,0,0,0,0,0,0,0
tb.dut.clusters[0].cluster.sockets[0].socket.cores[0].core.execute.sfu_unit.gather_unit.commit_in_if[0]	11	242	10364	857	351	857	11	352	40039	2516	1,289,6,24,27,3,0,0,0,0,1,0,0,0,0,0,0,0,0,0,0,0,0,0,0,0,0,0,0,0,0,0,0,0,0,0,0,0,0,0	9,3,4,5,1,3,10,4,1,0,2,1,55,2,11,6,36,67,63,39,13,12,4,1,0,0,0,0,0,0,0,0,0,0,0,0,0,0,0,0	2	798	407	798	6	408	40098	2516	81,292,8,23,1,2,0,0,0,0,0,0,0,0,0,0,0,0,0,0,0,0,0,0,0,0,0,0,0,0,0,0,0,0,0,0,0,0,0,0	65,3,4,5,1,3,10,4,1,0,1,2,55,2,11,6,36,67,63,39,13,12,4,1,0,0,0,0,0,0,0,0,0,0,0,0,0,0,0,0
tb.dut.clusters[0].cluster.sockets[0].socket.cores[0].core.execute.sfu_unit.gather_unit.commit_out_if[0]	11	242	11100	862	351	862	9	352	40034	2516	0,287,9,24,24,6,0,0,1,0,0,0,0,0,0,0,0,0,0,0,0,0,0,0,0,0,0,0,0,0,0,0,0,0,0,0,0,0,0,0	9,4,3,5,1,3,10,4,1,1,1,1,55,2,11,6,36,67,63,39,13,12,4,1,0,0,0,0,0,0,0,0,0,0,0,0,0,0,0,0	2	799	413	799	6	414	40097	2516	89,292,6,24,0,2,0,0,0,0,0,0,0,0,0,0,0,0,0,0,0,0,0,0,0,0,0,0,0,0,0,0,0,0,0,0,0,0,0,0	70,5,3,5,1,3,10,4,1,1,1,1,55,2,11,6,36,67,63,39,13,12,4,1,0,0,0,0,0,0,0,0,0,0,0,0,0,0,0,0
tb.dut.clusters[0].cluster.sockets[0].socket.cores[0].core.execute.sfu_unit.gather_unit.genblk5[0]	11	374	16082	862	351	862	9	352	40034	2516	0,287,9,24,24,6,0,0,1,0,0,0,0,0,0,0,0,0,0,0,0,0,0,0,0,0,0,0,0,0,0,0,0,0,0,0,0,0,0,0	9,4,3,5,1,3,10,4,1,1,1,1,55,2,11,6,36,67,63,39,13,12,4,1,0,0,0,0,0,0,0,0,0,0,0,0,0,0,0,0	2	799	413	799	6	414	40097	2516	89,292,6,24,0,2,0,0,0,0,0,0,0,0,0,0,0,0,0,0,0,0,0,0,0,0,0,0,0,0,0,0,0,0,0,0,0,0,0,0	70,5,3,5,1,3,10,4,1,1,1,1,55,2,11,6,36,67,63,39,13,12,4,1,0,0,0,0,0,0,0,0,0,0,0,0,0,0,0,0
tb.dut.clusters[0].cluster.sockets[0].socket.cores[0].core.execute.sfu_unit.gather_unit.genblk5[0].commit_tmp_if	12	242	11100	862	351	862	9	352	40034	2516	0,287,9,24,24,6,0,0,1,0,0,0,0,0,0,0,0,0,0,0,0,0,0,0,0,0,0,0,0,0,0,0,0,0,0,0,0,0,0,0	9,4,3,5,1,3,10,4,1,1,1,1,55,2,11,6,36,67,63,39,13,12,4,1,0,0,0,0,0,0,0,0,0,0,0,0,0,0,0,0	2	799	413	799	6	414	40097	2516	89,292,6,24,0,2,0,0,0,0,0,0,0,0,0,0,0,0,0,0,0,0,0,0,0,0,0,0,0,0,0,0,0,0,0,0,0,0,0,0	70,5,3,5,1,3,10,4,1,1,1,1,55,2,11,6,36,67,63,39,13,12,4,1,0,0,0,0,0,0,0,0,0,0,0,0,0,0,0,0
tb.dut.clusters[0].cluster.sockets[0].socket.cores[0].core.execute.sfu_unit.per_block_execute_if[0]	10	541	5545	856	353	856	7	353	40040	2516	1,291,6,25,26,3,1,0,0,0,0,0,0,0,0,0,0,0,0,0,0,0,0,0,0,0,0,0,0,0,0,0,0,0,0,0,0,0,0,0	9,3,5,5,1,3,10,4,1,0,1,2,55,2,11,6,35,68,63,39,13,12,4,1,0,0,0,0,0,0,0,0,0,0,0,0,0,0,0,0	3	469	302	469	5	302	40427	2718	149,145,3,4,1,0,0,0,0,0,0,0,0,0,0,0,0,0,0,0,0,0,0,0,0,0,0,0,0,0,0,0,0,0,0,0,0,0,0,0	11,7,2,9,1,2,0,1,7,1,0,0,56,1,1,7,23,58,45,32,17,16,4,1,0,0,0,0,0,0,0,0,0,0,0,0,0,0,0,0
tb.dut.clusters[0].cluster.sockets[0].socket.cores[0].core.execute.sfu_unit.sched_csr_if	10	70	84942	40866	2	40866	40862	2	30	20	0,0,0,1,0,0,0,0,0,0,0,0,0,0,0,0,0,0,0,0,0,0,0,0,0,0,0,1,0,0,0,0,0,0,0,0,0,0,0,0	0,0,0,0,0,0,0,0,0,1,0,0,0,0,0,0,1,0,0,0,0,0,0,0,0,0,0,0,0,0,0,0,0,0,0,0,0,0,0,0	2	21359	19507	21359	11	19508	19537	21	18715,0,703,0,65,0,12,0,3,0,9,0,0,0,0,0,0,0,0,0,0,0,0,0,0,0,0,0,0,0,0,0,0,0,0,0,0,0,0,0	19506,0,0,0,0,0,0,0,0,1,0,0,0,0,0,0,1,0,0,0,0,0,0,0,0,0,0,0,0,0,0,0,0,0,0,0,0,0,0,0
tb.dut.clusters[0].cluster.sockets[0].socket.cores[0].core.execute.sfu_unit.warp_ctl_if	10	98	2881	770	279	770	10	280	40126	2517	23,161,42,13,8,25,3,1,2,1,0,0,0,0,0,0,0,0,0,0,0,0,0,0,0,0,0,0,0,0,0,0,0,0,0,0,0,0,0,0	7,5,2,2,3,3,10,2,1,0,1,2,0,10,3,1,34,66,60,37,14,11,5,1,0,0,0,0,0,0,0,0,0,0,0,0,0,0,0,0	2	479	220	479	6	221	40417	2517	92,72,16,9,27,4,0,0,0,0,0,0,0,0,0,0,0,0,0,0,0,0,0,0,0,0,0,0,0,0,0,0,0,0,0,0,0,0,0,0	7,2,2,3,1,4,2,2,6,0,0,0,0,0,9,3,16,53,40,33,18,13,6,1,0,0,0,0,0,0,0,0,0,0,0,0,0,0,0,0
tb.dut.clusters[0].cluster.sockets[0].socket.cores[0].core.execute.sfu_unit.wctl_commit_if	10	242	2194	343	115	343	6	116	40553	8110	0,72,4,11,25,3,0,0,0,0,0,0,0,0,0,0,0,0,0,0,0,0,0,0,0,0,0,0,0,0,0,0,0,0,0,0,0,0,0,0	5,2,2,1,0,2,2,2,0,0,0,0,0,0,9,0,11,39,17,7,8,2,3,0,4,0,0,0,0,0,0,0,0,0,0,0,0,0,0,0	2	290	168	290	6	169	40606	8110	77,75,5,9,0,2,0,0,0,0,0,0,0,0,0,0,0,0,0,0,0,0,0,0,0,0,0,0,0,0,0,0,0,0,0,0,0,0,0,0	58,2,2,1,0,2,2,2,0,0,0,0,0,0,9,0,11,39,17,7,8,2,3,0,4,0,0,0,0,0,0,0,0,0,0,0,0,0,0,0
tb.dut.clusters[0].cluster.sockets[0].socket.cores[0].core.execute.sfu_unit.wctl_execute_if	10	541	5055	835	353	835	7	353	40061	2517	19,274,7,23,26,3,1,0,0,0,0,0,0,0,0,0,0,0,0,0,0,0,0,0,0,0,0,0,0,0,0,0,0,0,0,0,0,0,0,0	9,4,5,5,1,3,10,4,1,0,1,2,55,2,11,6,35,68,63,37,14,12,4,1,0,0,0,0,0,0,0,0,0,0,0,0,0,0,0,0	3	342	210	342	5	210	40554	7331	92,110,3,4,1,0,0,0,0,0,0,0,0,0,0,0,0,0,0,0,0,0,0,0,0,0,0,0,0,0,0,0,0,0,0,0,0,0,0,0	8,7,1,7,1,3,0,1,1,1,0,0,32,23,1,0,28,45,21,9,9,7,1,0,4,0,0,0,0,0,0,0,0,0,0,0,0,0,0,0
tb.dut.clusters[0].cluster.sockets[0].socket.cores[0].core.execute.sfu_unit.wctl_unit	10	1376	16648	951	349	951	10	349	39945	2517	20,202,72,13,9,25,4,1,2,1,0,0,0,0,0,0,0,0,0,0,0,0,0,0,0,0,0,0,0,0,0,0,0,0,0,0,0,0,0,0	6,5,3,4,3,3,10,2,1,0,1,2,55,11,2,7,38,66,62,37,14,12,4,1,0,0,0,0,0,0,0,0,0,0,0,0,0,0,0,0	7	417	171	417	7	172	40479	7331	29,71,54,9,3,2,3,0,0,0,0,0,0,0,0,0,0,0,0,0,0,0,0,0,0,0,0,0,0,0,0,0,0,0,0,0,0,0,0,0	9,4,4,4,2,1,3,1,0,0,0,0,9,3,0,4,28,43,27,9,9,7,1,0,4,0,0,0,0,0,0,0,0,0,0,0,0,0,0,0
tb.dut.clusters[0].cluster.sockets[0].socket.cores[0].core.execute.sfu_unit.wctl_unit.commit_if	11	242	2194	343	115	343	6	116	40553	8110	0,72,4,11,25,3,0,0,0,0,0,0,0,0,0,0,0,0,0,0,0,0,0,0,0,0,0,0,0,0,0,0,0,0,0,0,0,0,0,0	5,2,2,1,0,2,2,2,0,0,0,0,0,0,9,0,11,39,17,7,8,2,3,0,4,0,0,0,0,0,0,0,0,0,0,0,0,0,0,0	2	290	168	290	6	169	40606	8110	77,75,5,9,0,2,0,0,0,0,0,0,0,0,0,0,0,0,0,0,0,0,0,0,0,0,0,0,0,0,0,0,0,0,0,0,0,0,0,0	58,2,2,1,0,2,2,2,0,0,0,0,0,0,9,0,11,39,17,7,8,2,3,0,4,0,0,0,0,0,0,0,0,0,0,0,0,0,0,0
tb.dut.clusters[0].cluster.sockets[0].socket.cores[0].core.execute.sfu_unit.wctl_unit.execute_if	11	541	5055	835	353	835	7	353	40061	2517	19,274,7,23,26,3,1,0,0,0,0,0,0,0,0,0,0,0,0,0,0,0,0,0,0,0,0,0,0,0,0,0,0,0,0,0,0,0,0,0	9,4,5,5,1,3,10,4,1,0,1,2,55,2,11,6,35,68,63,37,14,12,4,1,0,0,0,0,0,0,0,0,0,0,0,0,0,0,0,0	3	342	210	342	5	210	40554	7331	92,110,3,4,1,0,0,0,0,0,0,0,0,0,0,0,0,0,0,0,0,0,0,0,0,0,0,0,0,0,0,0,0,0,0,0,0,0,0,0	8,7,1,7,1,3,0,1,1,1,0,0,32,23,1,0,28,45,21,9,9,7,1,0,4,0,0,0,0,0,0,0,0,0,0,0,0,0,0,0
tb.dut.clusters[0].cluster.sockets[0].socket.cores[0].core.execute.sfu_unit.wctl_unit.warp_ctl_if	11	98	2881	770	279	770	10	280	40126	2517	23,161,42,13,8,25,3,1,2,1,0,0,0,0,0,0,0,0,0,0,0,0,0,0,0,0,0,0,0,0,0,0,0,0,0,0,0,0,0,0	7,5,2,2,3,3,10,2,1,0,1,2,0,10,3,1,34,66,60,37,14,11,5,1,0,0,0,0,0,0,0,0,0,0,0,0,0,0,0,0	2	479	220	479	6	221	40417	2517	92,72,16,9,27,4,0,0,0,0,0,0,0,0,0,0,0,0,0,0,0,0,0,0,0,0,0,0,0,0,0,0,0,0,0,0,0,0,0,0	7,2,2,3,1,4,2,2,6,0,0,0,0,0,9,3,16,53,40,33,18,13,6,1,0,0,0,0,0,0,0,0,0,0,0,0,0,0,0,0
tb.dut.clusters[0].cluster.sockets[0].socket.cores[0].core.execute.warp_ctl_if	9	98	2881	770	279	770	10	280	40126	2517	23,161,42,13,8,25,3,1,2,1,0,0,0,0,0,0,0,0,0,0,0,0,0,0,0,0,0,0,0,0,0,0,0,0,0,0,0,0,0,0	7,5,2,2,3,3,10,2,1,0,1,2,0,10,3,1,34,66,60,37,14,11,5,1,0,0,0,0,0,0,0,0,0,0,0,0,0,0,0,0	2	479	220	479	6	221	40417	2517	92,72,16,9,27,4,0,0,0,0,0,0,0,0,0,0,0,0,0,0,0,0,0,0,0,0,0,0,0,0,0,0,0,0,0,0,0,0,0,0	7,2,2,3,1,4,2,2,6,0,0,0,0,0,9,3,16,53,40,33,18,13,6,1,0,0,0,0,0,0,0,0,0,0,0,0,0,0,0,0
tb.dut.clusters[0].cluster.sockets[0].socket.cores[0].core.fetch	8	462	744181	25563	2830	25563	188	2830	15333	385	130,408,405,51,990,35,21,75,62,34,61,13,17,58,28,30,261,124,26,1,0,0,0,0,0,0,0,0,0,0,0,0,0,0,0,0,0,0,0,0	1971,114,69,89,37,30,13,22,27,44,68,38,66,24,7,5,151,25,18,8,4,0,0,0,0,0,0,0,0,0,0,0,0,0,0,0,0,0,0,0	3	25285	2737	25285	188	2737	15611	385	32,401,414,76,990,27,14,72,60,35,63,12,17,57,28,30,259,123,26,1,0,0,0,0,0,0,0,0,0,0,0,0,0,0,0,0,0,0,0,0	1960,83,65,38,37,27,18,25,20,37,72,38,68,21,6,6,162,24,17,9,4,0,0,0,0,0,0,0,0,0,0,0,0,0,0,0,0,0,0,0
tb.dut.clusters[0].cluster.sockets[0].socket.cores[0].core.fetch.fetch_if	9	72	197705	16338	5557	16338	77	5558	24558	389	1069,2605,191,902,588,66,8,11,9,15,12,7,3,8,3,10,32,12,6,0,0,0,0,0,0,0,0,0,0,0,0,0,0,0,0,0,0,0,0,0	2163,1835,127,668,33,79,60,30,31,33,19,26,82,71,24,16,205,24,20,7,5,0,0,0,0,0,0,0,0,0,0,0,0,0,0,0,0,0,0,0	2	14678	5739	14678	75	5740	26218	389	1157,2848,488,753,353,39,2,11,9,15,43,1,1,4,0,3,8,1,3,0,0,0,0,0,0,0,0,0,0,0,0,0,0,0,0,0,0,0,0,0	2138,1390,386,1068,34,67,63,36,25,35,18,27,66,62,39,18,214,22,18,9,5,0,0,0,0,0,0,0,0,0,0,0,0,0,0,0,0,0,0,0
tb.dut.clusters[0].cluster.sockets[0].socket.cores[0].core.fetch.icache_bus_if	9	272	253491	22863	4889	22863	124	4889	18033	386	136,3781,83,67,32,38,71,147,23,39,10,26,42,73,14,16,190,81,20,0,0,0,0,0,0,0,0,0,0,0,0,0,0,0,0,0,0,0,0,0	4010,57,87,116,38,38,29,10,27,26,42,68,34,68,24,3,157,25,18,8,4,0,0,0,0,0,0,0,0,0,0,0,0,0,0,0,0,0,0,0	2	21848	5451	21848	123	5451	19048	386	263,4339,83,68,12,35,57,119,29,28,5,26,37,72,14,19,164,68,13,0,0,0,0,0,0,0,0,0,0,0,0,0,0,0,0,0,0,0,0,0	4637,31,95,66,39,36,32,13,21,21,42,69,35,67,22,5,167,23,17,8,5,0,0,0,0,0,0,0,0,0,0,0,0,0,0,0,0,0,0,0
tb.dut.clusters[0].cluster.sockets[0].socket.cores[0].core.fetch.schedule_if	9	40	109249	14374	4660	14374	80	4660	26522	472	6,2611,574,976,387,47,3,7,1,4,0,6,1,4,1,3,19,6,4,0,0,0,0,0,0,0,0,0,0,0,0,0,0,0,0,0,0,0,0,0	1028,918,579,1381,24,84,64,35,37,26,11,22,35,33,43,36,237,37,17,7,6,0,0,0,0,0,0,0,0,0,0,0,0,0,0,0,0,0,0,0	2	13519	5197	13519	80	5197	27377	472	552,2959,556,716,373,14,1,4,0,3,1,2,0,4,0,3,6,0,3,0,0,0,0,0,0,0,0,0,0,0,0,0,0,0,0,0,0,0,0,0	1475,991,588,1379,27,83,66,36,36,25,12,24,27,29,44,44,243,37,18,7,6,0,0,0,0,0,0,0,0,0,0,0,0,0,0,0,0,0,0,0
tb.dut.clusters[0].cluster.sockets[0].socket.cores[0].core.fetch_if	8	72	197705	16338	5557	16338	77	5558	24558	389	1069,2605,191,902,588,66,8,11,9,15,12,7,3,8,3,10,32,12,6,0,0,0,0,0,0,0,0,0,0,0,0,0,0,0,0,0,0,0,0,0	2163,1835,127,668,33,79,60,30,31,33,19,26,82,71,24,16,205,24,20,7,5,0,0,0,0,0,0,0,0,0,0,0,0,0,0,0,0,0,0,0	2	14678	5739	14678	75	5740	26218	389	1157,2848,488,753,353,39,2,11,9,15,43,1,1,4,0,3,8,1,3,0,0,0,0,0,0,0,0,0,0,0,0,0,0,0,0,0,0,0,0,0	2138,1390,386,1068,34,67,63,36,25,35,18,27,66,62,39,18,214,22,18,9,5,0,0,0,0,0,0,0,0,0,0,0,0,0,0,0,0,0,0,0
tb.dut.clusters[0].cluster.sockets[0].socket.cores[0].core.genblk1[0]	8	2745	403033	7861	2230	7861	384	2231	33035	791	354,1228,170,306,7,18,42,55,8,11,0,2,0,1,3,2,11,4,2,3,3,0,0,0,0,0,0,0,0,0,0,0,0,0,0,0,0,0,0,0	367,291,495,222,39,73,27,22,17,19,24,19,71,19,17,35,273,89,69,33,8,2,0,0,0,0,0,0,0,0,0,0,0,0,0,0,0,0,0,0	14	4334	3324	4334	14	3325	36562	794	2675,479,73,61,14,2,16,1,0,0,2,0,0,1,0,0,0,0,0,0,0,0,0,0,0,0,0,0,0,0,0,0,0,0,0,0,0,0,0,0	1508,253,256,280,220,32,21,24,22,15,19,7,14,65,22,18,332,105,69,33,8,2,0,0,0,0,0,0,0,0,0,0,0,0,0,0,0,0,0,0
tb.dut.clusters[0].cluster.sockets[0].socket.cores[0].core.genblk1[0].dcache_bus_tmp_if[0]	9	474	75110	7859	2228	7859	384	2229	33037	791	352,1228,170,306,7,18,42,55,8,11,0,2,0,1,3,2,11,4,2,3,3,0,0,0,0,0,0,0,0,0,0,0,0,0,0,0,0,0,0,0	367,289,495,222,40,73,27,22,17,19,24,19,71,19,17,34,273,89,69,33,8,2,0,0,0,0,0,0,0,0,0,0,0,0,0,0,0,0,0,0	3	4334	3324	4334	14	3325	36562	794	2675,479,73,61,14,2,16,1,0,0,2,0,0,1,0,0,0,0,0,0,0,0,0,0,0,0,0,0,0,0,0,0,0,0,0,0,0,0,0,0	1508,253,256,280,220,32,21,24,22,15,19,7,14,65,22,18,332,105,69,33,8,2,0,0,0,0,0,0,0,0,0,0,0,0,0,0,0,0,0,0
tb.dut.clusters[0].cluster.sockets[0].socket.cores[0].core.genblk1[0].dcache_coalesced_if	9	508	75111	7859	2228	7859	384	2229	33037	791	352,1228,170,306,7,18,42,55,8,11,0,2,0,1,3,2,11,4,2,3,3,0,0,0,0,0,0,0,0,0,0,0,0,0,0,0,0,0,0,0	367,289,495,222,40,73,27,22,17,19,24,19,71,19,17,34,273,89,69,33,8,2,0,0,0,0,0,0,0,0,0,0,0,0,0,0,0,0,0,0	3	4334	3324	4334	14	3325	36562	794	2675,479,73,61,14,2,16,1,0,0,2,0,0,1,0,0,0,0,0,0,0,0,0,0,0,0,0,0,0,0,0,0,0,0,0,0,0,0,0,0	1508,253,256,280,220,32,21,24,22,15,19,7,14,65,22,18,332,105,69,33,8,2,0,0,0,0,0,0,0,0,0,0,0,0,0,0,0,0,0,0
tb.dut.clusters[0].cluster.sockets[0].socket.cores[0].core.genblk1[0].genblk1	9	1	2	2	2	2	1	3	40894	40873	2,0,0,0,0,0,0,0,0,0,0,0,0,0,0,0,0,0,0,0,0,0,0,0,0,0,0,0,0,0,0,0,0,0,0,0,0,0,0,0	0,1,0,0,0,0,0,0,0,0,0,0,0,0,0,0,1,0,0,0,0,0,0,0,0,0,0,1,0,0,0,0,0,0,0,0,0,0,0,0	2	0	0	0	0	1	40896	40896	0,0,0,0,0,0,0,0,0,0,0,0,0,0,0,0,0,0,0,0,0,0,0,0,0,0,0,0,0,0,0,0,0,0,0,0,0,0,0,0	0,0,0,0,0,0,0,0,0,0,0,0,0,0,0,0,0,0,0,0,0,0,0,0,0,0,0,1,0,0,0,0,0,0,0,0,0,0,0,0
tb.dut.clusters[0].cluster.sockets[0].socket.cores[0].core.genblk1[0].lsu_adapter	9	1761	252808	7861	2230	7861	384	2231	33035	791	354,1228,170,306,7,18,42,55,8,11,0,2,0,1,3,2,11,4,2,3,3,0,0,0,0,0,0,0,0,0,0,0,0,0,0,0,0,0,0,0	367,291,495,222,39,73,27,22,17,19,24,19,71,19,17,35,273,89,69,33,8,2,0,0,0,0,0,0,0,0,0,0,0,0,0,0,0,0,0,0	9	4334	3324	4334	14	3325	36562	794	2675,479,73,61,14,2,16,1,0,0,2,0,0,1,0,0,0,0,0,0,0,0,0,0,0,0,0,0,0,0,0,0,0,0,0,0,0,0,0,0	1508,253,256,280,220,32,21,24,22,15,19,7,14,65,22,18,332,105,69,33,8,2,0,0,0,0,0,0,0,0,0,0,0,0,0,0,0,0,0,0
tb.dut.clusters[0].cluster.sockets[0].socket.cores[0].core.genblk1[0].lsu_adapter.lsu_mem_if	10	508	75111	7859	2228	7859	384	2229	33037	791	352,1228,170,306,7,18,42,55,8,11,0,2,0,1,3,2,11,4,2,3,3,0,0,0,0,0,0,0,0,0,0,0,0,0,0,0,0,0,0,0	367,289,495,222,40,73,27,22,17,19,24,19,71,19,17,34,273,89,69,33,8,2,0,0,0,0,0,0,0,0,0,0,0,0,0,0,0,0,0,0	3	4334	3324	4334	14	3325	36562	794	2675,479,73,61,14,2,16,1,0,0,2,0,0,1,0,0,0,0,0,0,0,0,0,0,0,0,0,0,0,0,0,0,0,0,0,0,0,0,0,0	1508,253,256,280,220,32,21,24,22,15,19,7,14,65,22,18,332,105,69,33,8,2,0,0,0,0,0,0,0,0,0,0,0,0,0,0,0,0,0,0
tb.dut.clusters[0].cluster.sockets[0].socket.cores[0].core.genblk1[0].lsu_adapter.mem_bus_if[0]	10	474	75110	7859	2228	7859	384	2229	33037	791	352,1228,170,306,7,18,42,55,8,11,0,2,0,1,3,2,11,4,2,3,3,0,0,0,0,0,0,0,0,0,0,0,0,0,0,0,0,0,0,0	367,289,495,222,40,73,27,22,17,19,24,19,71,19,17,34,273,89,69,33,8,2,0,0,0,0,0,0,0,0,0,0,0,0,0,0,0,0,0,0	3	4334	3324	4334	14	3325	36562	794	2675,479,73,61,14,2,16,1,0,0,2,0,0,1,0,0,0,0,0,0,0,0,0,0,0,0,0,0,0,0,0,0,0,0,0,0,0,0,0,0	1508,253,256,280,220,32,21,24,22,15,19,7,14,65,22,18,332,105,69,33,8,2,0,0,0,0,0,0,0,0,0,0,0,0,0,0,0,0,0,0
tb.dut.clusters[0].cluster.sockets[0].socket.cores[0].core.icache_bus_if	8	272	253491	22863	4889	22863	124	4889	18033	386	136,3781,83,67,32,38,71,147,23,39,10,26,42,73,14,16,190,81,20,0,0,0,0,0,0,0,0,0,0,0,0,0,0,0,0,0,0,0,0,0	4010,57,87,116,38,38,29,10,27,26,42,68,34,68,24,3,157,25,18,8,4,0,0,0,0,0,0,0,0,0,0,0,0,0,0,0,0,0,0,0	2	21848	5451	21848	123	5451	19048	386	263,4339,83,68,12,35,57,119,29,28,5,26,37,72,14,19,164,68,13,0,0,0,0,0,0,0,0,0,0,0,0,0,0,0,0,0,0,0,0,0	4637,31,95,66,39,36,32,13,21,21,42,69,35,67,22,5,167,23,17,8,5,0,0,0,0,0,0,0,0,0,0,0,0,0,0,0,0,0,0,0
tb.dut.clusters[0].cluster.sockets[0].socket.cores[0].core.issue	8	16589	15624154	38802	305	38802	4624	305	2094	284	0,53,46,8,4,2,3,0,1,0,0,1,30,0,3,3,61,30,22,14,9,4,6,4,1,0,0,0,0,0,0,0,0,0,0,0,0,0,0,0	128,65,40,1,1,2,3,0,3,4,2,1,3,3,9,1,37,0,1,0,1,0,0,0,0,0,0,0,0,0,0,0,0,0,0,0,0,0,0,0	83	30787	2298	30787	497	2299	10109	307	697,365,191,184,136,55,31,37,64,48,42,20,23,13,15,16,138,96,90,27,10,0,0,0,0,0,0,0,0,0,0,0,0,0,0,0,0,0,0,0	1134,395,177,154,68,50,29,37,18,15,5,16,6,12,6,6,147,22,1,0,1,0,0,0,0,0,0,0,0,0,0,0,0,0,0,0,0,0,0,0
tb.dut.clusters[0].cluster.sockets[0].socket.cores[0].core.issue.decode_if	9	172	262592	16338	5557	16338	77	5558	24558	389	1069,2605,191,902,588,66,8,11,9,15,12,7,3,8,3,10,32,12,6,0,0,0,0,0,0,0,0,0,0,0,0,0,0,0,0,0,0,0,0,0	2163,1835,127,668,33,79,60,30,31,33,19,26,82,71,24,16,205,24,20,7,5,0,0,0,0,0,0,0,0,0,0,0,0,0,0,0,0,0,0,0	2	14678	5739	14678	75	5740	26218	389	1157,2848,488,753,353,39,2,11,9,15,43,1,1,4,0,3,8,1,3,0,0,0,0,0,0,0,0,0,0,0,0,0,0,0,0,0,0,0,0,0	2138,1390,386,1068,34,67,63,36,25,35,18,27,66,62,39,18,214,22,18,9,5,0,0,0,0,0,0,0,0,0,0,0,0,0,0,0,0,0,0,0
tb.dut.clusters[0].cluster.sockets[0].socket.cores[0].core.issue.dispatch_if[0]	9	474	521630	10199	3491	10199	15	3491	30697	952	12,2030,416,612,267,85,24,19,9,11,2,1,2,0,1,0,0,0,0,0,0,0,0,0,0,0,0,0,0,0,0,0,0,0,0,0,0,0,0,0	611,480,338,559,132,213,182,128,108,146,55,39,39,38,49,23,213,89,33,11,2,3,0,0,0,0,0,0,0,0,0,0,0,0,0,0,0,0,0,0	3	9388	3589	9388	13	3590	31508	952	380,1937,475,486,205,56,22,14,6,6,1,0,1,0,0,0,0,0,0,0,0,0,0,0,0,0,0,0,0,0,0,0,0,0,0,0,0,0,0,0	604,541,361,555,151,199,146,139,137,144,70,35,38,37,44,22,216,99,36,11,2,3,0,0,0,0,0,0,0,0,0,0,0,0,0,0,0,0,0,0
tb.dut.clusters[0].cluster.sockets[0].socket.cores[0].core.issue.dispatch_if[1]	9	474	117475	3450	1469	3450	39	1469	37446	818	68,1114,121,126,16,13,4,1,3,1,0,0,0,0,0,0,1,1,0,0,0,0,0,0,0,0,0,0,0,0,0,0,0,0,0,0,0,0,0,0	80,53,46,174,34,206,80,48,42,25,11,11,62,11,7,18,255,170,86,40,8,2,0,0,0,0,0,0,0,0,0,0,0,0,0,0,0,0,0,0	3	2749	1500	2749	16	1501	38147	825	566,780,62,68,8,6,4,1,3,1,0,0,0,0,0,1,0,0,0,0,0,0,0,0,0,0,0,0,0,0,0,0,0,0,0,0,0,0,0,0	131,63,49,173,28,24,197,65,57,38,19,11,62,8,9,16,241,171,88,41,8,2,0,0,0,0,0,0,0,0,0,0,0,0,0,0,0,0,0,0
tb.dut.clusters[0].cluster.sockets[0].socket.cores[0].core.issue.dispatch_if[2]	9	474	5544	856	353	856	7	353	40040	2516	1,291,6,25,26,3,1,0,0,0,0,0,0,0,0,0,0,0,0,0,0,0,0,0,0,0,0,0,0,0,0,0,0,0,0,0,0,0,0,0	9,3,5,5,1,3,10,4,1,0,1,2,55,2,11,6,35,68,63,39,13,12,4,1,0,0,0,0,0,0,0,0,0,0,0,0,0,0,0,0	3	468	301	468	5	302	40428	2718	148,145,3,4,1,0,0,0,0,0,0,0,0,0,0,0,0,0,0,0,0,0,0,0,0,0,0,0,0,0,0,0,0,0,0,0,0,0,0,0	11,7,2,9,1,2,0,1,7,1,0,0,56,1,1,7,23,58,45,32,17,16,4,1,0,0,0,0,0,0,0,0,0,0,0,0,0,0,0,0
tb.dut.clusters[0].cluster.sockets[0].socket.cores[0].core.issue.dispatch_if[3]	9	474	4	3	3	3	1	3	40893	40889	3,0,0,0,0,0,0,0,0,0,0,0,0,0,0,0,0,0,0,0,0,0,0,0,0,0,0,0,0,0,0,0,0,0,0,0,0,0,0,0	1,0,1,0,0,0,0,0,0,0,0,0,0,0,0,0,0,0,0,0,0,0,0,0,0,0,0,1,0,0,0,0,0,0,0,0,0,0,0,0	3	0	0	0	0	1	40896	40896	0,0,0,0,0,0,0,0,0,0,0,0,0,0,0,0,0,0,0,0,0,0,0,0,0,0,0,0,0,0,0,0,0,0,0,0,0,0,0,0	0,0,0,0,0,0,0,0,0,0,0,0,0,0,0,0,0,0,0,0,0,0,0,0,0,0,0,1,0,0,0,0,0,0,0,0,0,0,0,0
tb.dut.clusters[0].cluster.sockets[0].socket.cores[0].core.issue.issue_slices[0]	9	14341	14128277	38801	305	38801	4624	305	2095	284	0,53,47,7,4,2,3,0,1,0,0,1,30,0,3,3,61,30,22,14,9,4,6,4,1,0,0,0,0,0,0,0,0,0,0,0,0,0,0,0	128,65,40,1,1,2,3,0,3,4,2,1,2,4,9,1,37,0,1,0,1,0,0,0,0,0,0,0,0,0,0,0,0,0,0,0,0,0,0,0	72	30813	2214	30813	548	2215	10083	307	666,343,182,167,118,59,37,34,60,47,48,29,28,15,10,14,138,96,84,29,9,1,0,0,0,0,0,0,0,0,0,0,0,0,0,0,0,0,0,0	1079,362,151,171,77,58,25,37,18,13,6,15,9,8,9,9,141,25,1,0,1,0,0,0,0,0,0,0,0,0,0,0,0,0,0,0,0,0,0,0
tb.dut.clusters[0].cluster.sockets[0].socket.cores[0].core.issue.issue_slices[0].issue_slice	10	12272	13221030	38801	305	38801	4624	305	2095	284	0,53,47,7,4,2,3,0,1,0,0,1,30,0,3,3,61,30,22,14,9,4,6,4,1,0,0,0,0,0,0,0,0,0,0,0,0,0,0,0	128,65,40,1,1,2,3,0,3,4,2,1,2,4,9,1,37,0,1,0,1,0,0,0,0,0,0,0,0,0,0,0,0,0,0,0,0,0,0,0	62	31020	2140	31020	475	2140	9876	307	617,343,176,161,102,79,33,29,64,40,60,33,18,13,13,17,126,87,88,30,11,0,0,0,0,0,0,0,0,0,0,0,0,0,0,0,0,0,0,0	1011,330,156,201,77,55,21,39,20,10,8,15,6,7,10,9,143,20,1,0,1,0,0,0,0,0,0,0,0,0,0,0,0,0,0,0,0,0,0,0
tb.dut.clusters[0].cluster.sockets[0].socket.cores[0].core.issue.issue_slices[0].issue_slice.decode_if	11	172	262592	16338	5557	16338	77	5558	24558	389	1069,2605,191,902,588,66,8,11,9,15,12,7,3,8,3,10,32,12,6,0,0,0,0,0,0,0,0,0,0,0,0,0,0,0,0,0,0,0,0,0	2163,1835,127,668,33,79,60,30,31,33,19,26,82,71,24,16,205,24,20,7,5,0,0,0,0,0,0,0,0,0,0,0,0,0,0,0,0,0,0,0	2	14678	5739	14678	75	5740	26218	389	1157,2848,488,753,353,39,2,11,9,15,43,1,1,4,0,3,8,1,3,0,0,0,0,0,0,0,0,0,0,0,0,0,0,0,0,0,0,0,0,0	2138,1390,386,1068,34,67,63,36,25,35,18,27,66,62,39,18,214,22,18,9,5,0,0,0,0,0,0,0,0,0,0,0,0,0,0,0,0,0,0,0
tb.dut.clusters[0].cluster.sockets[0].socket.cores[0].core.issue.issue_slices[0].issue_slice.dispatch	11	2421	1361127	21223	2959	21223	87	2959	19673	293	43,66,219,831,316,298,230,202,124,221,92,56,26,27,25,34,116,30,3,0,0,0,0,0,0,0,0,0,0,0,0,0,0,0,0,0,0,0,0,0	453,712,163,273,303,189,108,156,48,111,37,41,54,12,63,25,124,85,1,0,1,0,0,0,0,0,0,0,0,0,0,0,0,0,0,0,0,0,0,0	13	17479	3761	17479	66	3762	23417	319	1021,412,88,752,449,222,172,122,101,161,72,28,29,23,8,31,65,4,1,0,0,0,0,0,0,0,0,0,0,0,0,0,0,0,0,0,0,0,0,0	1169,654,272,221,165,240,163,163,86,39,54,46,81,37,62,58,149,91,9,2,1,0,0,0,0,0,0,0,0,0,0,0,0,0,0,0,0,0,0,0
tb.dut.clusters[0].cluster.sockets[0].socket.cores[0].core.issue.issue_slices[0].issue_slice.dispatch.dispatch_if[0]	12	474	521630	10199	3491	10199	15	3491	30697	952	12,2030,416,612,267,85,24,19,9,11,2,1,2,0,1,0,0,0,0,0,0,0,0,0,0,0,0,0,0,0,0,0,0,0,0,0,0,0,0,0	611,480,338,559,132,213,182,128,108,146,55,39,39,38,49,23,213,89,33,11,2,3,0,0,0,0,0,0,0,0,0,0,0,0,0,0,0,0,0,0	3	9388	3589	9388	13	3590	31508	952	380,1937,475,486,205,56,22,14,6,6,1,0,1,0,0,0,0,0,0,0,0,0,0,0,0,0,0,0,0,0,0,0,0,0,0,0,0,0,0,0	604,541,361,555,151,199,146,139,137,144,70,35,38,37,44,22,216,99,36,11,2,3,0,0,0,0,0,0,0,0,0,0,0,0,0,0,0,0,0,0
tb.dut.clusters[0].cluster.sockets[0].socket.cores[0].core.issue.issue_slices[0].issue_slice.dispatch.dispatch_if[1]	12	474	117475	3450	1469	3450	39	1469	37446	818	68,1114,121,126,16,13,4,1,3,1,0,0,0,0,0,0,1,1,0,0,0,0,0,0,0,0,0,0,0,0,0,0,0,0,0,0,0,0,0,0	80,53,46,174,34,206,80,48,42,25,11,11,62,11,7,18,255,170,86,40,8,2,0,0,0,0,0,0,0,0,0,0,0,0,0,0,0,0,0,0	3	2749	1500	2749	16	1501	38147	825	566,780,62,68,8,6,4,1,3,1,0,0,0,0,0,1,0,0,0,0,0,0,0,0,0,0,0,0,0,0,0,0,0,0,0,0,0,0,0,0	131,63,49,173,28,24,197,65,57,38,19,11,62,8,9,16,241,171,88,41,8,2,0,0,0,0,0,0,0,0,0,0,0,0,0,0,0,0,0,0
tb.dut.clusters[0].cluster.sockets[0].socket.cores[0].core.issue.issue_slices[0].issue_slice.dispatch.dispatch_if[2]	12	474	5544	856	353	856	7	353	40040	2516	1,291,6,25,26,3,1,0,0,0,0,0,0,0,0,0,0,0,0,0,0,0,0,0,0,0,0,0,0,0,0,0,0,0,0,0,0,0,0,0	9,3,5,5,1,3,10,4,1,0,1,2,55,2,11,6,35,68,63,39,13,12,4,1,0,0,0,0,0,0,0,0,0,0,0,0,0,0,0,0	3	468	301	468	5	302	40428	2718	148,145,3,4,1,0,0,0,0,0,0,0,0,0,0,0,0,0,0,0,0,0,0,0,0,0,0,0,0,0,0,0,0,0,0,0,0,0,0,0	11,7,2,9,1,2,0,1,7,1,0,0,56,1,1,7,23,58,45,32,17,16,4,1,0,0,0,0,0,0,0,0,0,0,0,0,0,0,0,0
tb.dut.clusters[0].cluster.sockets[0].socket.cores[0].core.issue.issue_slices[0].issue_slice.dispatch.dispatch_if[3]	12	474	4	3	3	3	1	3	40893	40889	3,0,0,0,0,0,0,0,0,0,0,0,0,0,0,0,0,0,0,0,0,0,0,0,0,0,0,0,0,0,0,0,0,0,0,0,0,0,0,0	1,0,1,0,0,0,0,0,0,0,0,0,0,0,0,0,0,0,0,0,0,0,0,0,0,0,0,1,0,0,0,0,0,0,0,0,0,0,0,0	3	0	0	0	0	1	40896	40896	0,0,0,0,0,0,0,0,0,0,0,0,0,0,0,0,0,0,0,0,0,0,0,0,0,0,0,0,0,0,0,0,0,0,0,0,0,0,0,0	0,0,0,0,0,0,0,0,0,0,0,0,0,0,0,0,0,0,0,0,0,0,0,0,0,0,0,1,0,0,0,0,0,0,0,0,0,0,0,0
tb.dut.clusters[0].cluster.sockets[0].socket.cores[0].core.issue.issue_slices[0].issue_slice.dispatch.genblk2[0]	12	1	2	2	2	2	1	3	40894	40870	2,0,0,0,0,0,0,0,0,0,0,0,0,0,0,0,0,0,0,0,0,0,0,0,0,0,0,0,0,0,0,0,0,0,0,0,0,0,0,0	0,0,0,0,1,0,0,0,0,0,0,0,0,0,0,0,1,0,0,0,0,0,0,0,0,0,0,1,0,0,0,0,0,0,0,0,0,0,0,0	2	0	0	0	0	1	40896	40896	0,0,0,0,0,0,0,0,0,0,0,0,0,0,0,0,0,0,0,0,0,0,0,0,0,0,0,0,0,0,0,0,0,0,0,0,0,0,0,0	0,0,0,0,0,0,0,0,0,0,0,0,0,0,0,0,0,0,0,0,0,0,0,0,0,0,0,1,0,0,0,0,0,0,0,0,0,0,0,0
tb.dut.clusters[0].cluster.sockets[0].socket.cores[0].core.issue.issue_slices[0].issue_slice.dispatch.genblk2[1]	12	1	2	2	2	2	1	3	40894	40870	2,0,0,0,0,0,0,0,0,0,0,0,0,0,0,0,0,0,0,0,0,0,0,0,0,0,0,0,0,0,0,0,0,0,0,0,0,0,0,0	0,0,0,0,1,0,0,0,0,0,0,0,0,0,0,0,1,0,0,0,0,0,0,0,0,0,0,1,0,0,0,0,0,0,0,0,0,0,0,0	2	0	0	0	0	1	40896	40896	0,0,0,0,0,0,0,0,0,0,0,0,0,0,0,0,0,0,0,0,0,0,0,0,0,0,0,0,0,0,0,0,0,0,0,0,0,0,0,0	0,0,0,0,0,0,0,0,0,0,0,0,0,0,0,0,0,0,0,0,0,0,0,0,0,0,0,1,0,0,0,0,0,0,0,0,0,0,0,0
tb.dut.clusters[0].cluster.sockets[0].socket.cores[0].core.issue.issue_slices[0].issue_slice.dispatch.genblk2[2]	12	1	2	2	2	2	1	3	40894	40870	2,0,0,0,0,0,0,0,0,0,0,0,0,0,0,0,0,0,0,0,0,0,0,0,0,0,0,0,0,0,0,0,0,0,0,0,0,0,0,0	0,0,0,0,1,0,0,0,0,0,0,0,0,0,0,0,1,0,0,0,0,0,0,0,0,0,0,1,0,0,0,0,0,0,0,0,0,0,0,0	2	0	0	0	0	1	40896	40896	0,0,0,0,0,0,0,0,0,0,0,0,0,0,0,0,0,0,0,0,0,0,0,0,0,0,0,0,0,0,0,0,0,0,0,0,0,0,0,0	0,0,0,0,0,0,0,0,0,0,0,0,0,0,0,0,0,0,0,0,0,0,0,0,0,0,0,1,0,0,0,0,0,0,0,0,0,0,0,0
tb.dut.clusters[0].cluster.sockets[0].socket.cores[0].core.issue.issue_slices[0].issue_slice.dispatch.genblk2[3]	12	1	2	2	2	2	1	3	40894	40870	2,0,0,0,0,0,0,0,0,0,0,0,0,0,0,0,0,0,0,0,0,0,0,0,0,0,0,0,0,0,0,0,0,0,0,0,0,0,0,0	0,0,0,0,1,0,0,0,0,0,0,0,0,0,0,0,1,0,0,0,0,0,0,0,0,0,0,1,0,0,0,0,0,0,0,0,0,0,0,0	2	0	0	0	0	1	40896	40896	0,0,0,0,0,0,0,0,0,0,0,0,0,0,0,0,0,0,0,0,0,0,0,0,0,0,0,0,0,0,0,0,0,0,0,0,0,0,0,0	0,0,0,0,0,0,0,0,0,0,0,0,0,0,0,0,0,0,0,0,0,0,0,0,0,0,0,1,0,0,0,0,0,0,0,0,0,0,0,0
tb.dut.clusters[0].cluster.sockets[0].socket.cores[0].core.issue.issue_slices[0].issue_slice.dispatch.operands_if	12	474	715202	13541	4341	13541	36	4341	27355	311	53,2244,598,782,377,132,47,47,23,16,7,3,2,0,2,3,4,1,0,0,0,0,0,0,0,0,0,0,0,0,0,0,0,0,0,0,0,0,0,0	805,645,431,720,160,353,226,150,110,138,36,108,37,41,62,13,209,93,2,1,1,0,0,0,0,0,0,0,0,0,0,0,0,0,0,0,0,0,0,0	3	12213	4469	12213	20	4470	28683	319	677,2019,664,604,276,102,48,35,17,11,7,1,2,0,2,1,3,0,0,0,0,0,0,0,0,0,0,0,0,0,0,0,0,0,0,0,0,0,0,0	818,713,452,709,161,243,258,186,138,151,56,104,42,39,37,17,241,101,2,1,1,0,0,0,0,0,0,0,0,0,0,0,0,0,0,0,0,0,0,0
tb.dut.clusters[0].cluster.sockets[0].socket.cores[0].core.issue.issue_slices[0].issue_slice.dispatch_if[0]	11	474	521630	10199	3491	10199	15	3491	30697	952	12,2030,416,612,267,85,24,19,9,11,2,1,2,0,1,0,0,0,0,0,0,0,0,0,0,0,0,0,0,0,0,0,0,0,0,0,0,0,0,0	611,480,338,559,132,213,182,128,108,146,55,39,39,38,49,23,213,89,33,11,2,3,0,0,0,0,0,0,0,0,0,0,0,0,0,0,0,0,0,0	3	9388	3589	9388	13	3590	31508	952	380,1937,475,486,205,56,22,14,6,6,1,0,1,0,0,0,0,0,0,0,0,0,0,0,0,0,0,0,0,0,0,0,0,0,0,0,0,0,0,0	604,541,361,555,151,199,146,139,137,144,70,35,38,37,44,22,216,99,36,11,2,3,0,0,0,0,0,0,0,0,0,0,0,0,0,0,0,0,0,0
tb.dut.clusters[0].cluster.sockets[0].socket.cores[0].core.issue.issue_slices[0].issue_slice.dispatch_if[1]	11	474	117475	3450	1469	3450	39	1469	37446	818	68,1114,121,126,16,13,4,1,3,1,0,0,0,0,0,0,1,1,0,0,0,0,0,0,0,0,0,0,0,0,0,0,0,0,0,0,0,0,0,0	80,53,46,174,34,206,80,48,42,25,11,11,62,11,7,18,255,170,86,40,8,2,0,0,0,0,0,0,0,0,0,0,0,0,0,0,0,0,0,0	3	2749	1500	2749	16	1501	38147	825	566,780,62,68,8,6,4,1,3,1,0,0,0,0,0,1,0,0,0,0,0,0,0,0,0,0,0,0,0,0,0,0,0,0,0,0,0,0,0,0	131,63,49,173,28,24,197,65,57,38,19,11,62,8,9,16,241,171,88,41,8,2,0,0,0,0,0,0,0,0,0,0,0,0,0,0,0,0,0,0
tb.dut.clusters[0].cluster.sockets[0].socket.cores[0].core.issue.issue_slices[0].issue_slice.dispatch_if[2]	11	474	5544	856	353	856	7	353	40040	2516	1,291,6,25,26,3,1,0,0,0,0,0,0,0,0,0,0,0,0,0,0,0,0,0,0,0,0,0,0,0,0,0,0,0,0,0,0,0,0,0	9,3,5,5,1,3,10,4,1,0,1,2,55,2,11,6,35,68,63,39,13,12,4,1,0,0,0,0,0,0,0,0,0,0,0,0,0,0,0,0	3	468	301	468	5	302	40428	2718	148,145,3,4,1,0,0,0,0,0,0,0,0,0,0,0,0,0,0,0,0,0,0,0,0,0,0,0,0,0,0,0,0,0,0,0,0,0,0,0	11,7,2,9,1,2,0,1,7,1,0,0,56,1,1,7,23,58,45,32,17,16,4,1,0,0,0,0,0,0,0,0,0,0,0,0,0,0,0,0
tb.dut.clusters[0].cluster.sockets[0].socket.cores[0].core.issue.issue_slices[0].issue_slice.dispatch_if[3]	11	474	4	3	3	3	1	3	40893	40889	3,0,0,0,0,0,0,0,0,0,0,0,0,0,0,0,0,0,0,0,0,0,0,0,0,0,0,0,0,0,0,0,0,0,0,0,0,0,0,0	1,0,1,0,0,0,0,0,0,0,0,0,0,0,0,0,0,0,0,0,0,0,0,0,0,0,0,1,0,0,0,0,0,0,0,0,0,0,0,0	3	0	0	0	0	1	40896	40896	0,0,0,0,0,0,0,0,0,0,0,0,0,0,0,0,0,0,0,0,0,0,0,0,0,0,0,0,0,0,0,0,0,0,0,0,0,0,0,0	0,0,0,0,0,0,0,0,0,0,0,0,0,0,0,0,0,0,0,0,0,0,0,0,0,0,0,1,0,0,0,0,0,0,0,0,0,0,0,0
tb.dut.clusters[0].cluster.sockets[0].socket.cores[0].core.issue.issue_slices[0].issue_slice.ibuffer	11	633	596974	23940	3561	23940	124	3561	16956	285	517,337,154,1089,488,120,90,70,35,115,75,41,24,29,38,49,202,74,14,0,0,0,0,0,0,0,0,0,0,0,0,0,0,0,0,0,0,0,0,0	1052,1344,149,146,109,109,81,55,43,52,81,112,24,3,12,5,141,35,4,3,1,0,0,0,0,0,0,0,0,0,0,0,0,0,0,0,0,0,0,0	4	21415	4042	21415	124	4042	19481	304	797,338,365,1170,652,91,60,44,31,77,62,27,18,27,40,48,141,49,5,0,0,0,0,0,0,0,0,0,0,0,0,0,0,0,0,0,0,0,0,0	1434,1234,313,188,104,63,102,59,37,34,63,49,48,14,37,18,185,46,10,3,1,0,0,0,0,0,0,0,0,0,0,0,0,0,0,0,0,0,0,0
tb.dut.clusters[0].cluster.sockets[0].socket.cores[0].core.issue.issue_slices[0].issue_slice.ibuffer.decode_if	12	172	262592	16338	5557	16338	77	5558	24558	389	1069,2605,191,902,588,66,8,11,9,15,12,7,3,8,3,10,32,12,6,0,0,0,0,0,0,0,0,0,0,0,0,0,0,0,0,0,0,0,0,0	2163,1835,127,668,33,79,60,30,31,33,19,26,82,71,24,16,205,24,20,7,5,0,0,0,0,0,0,0,0,0,0,0,0,0,0,0,0,0,0,0	2	14678	5739	14678	75	5740	26218	389	1157,2848,488,753,353,39,2,11,9,15,43,1,1,4,0,3,8,1,3,0,0,0,0,0,0,0,0,0,0,0,0,0,0,0,0,0,0,0,0,0	2138,1390,386,1068,34,67,63,36,25,35,18,27,66,62,39,18,214,22,18,9,5,0,0,0,0,0,0,0,0,0,0,0,0,0,0,0,0,0,0,0
tb.dut.clusters[0].cluster.sockets[0].socket.cores[0].core.issue.issue_slices[0].issue_slice.ibuffer.ibuffer_if[0]	12	106	118743	6451	3296	6451	6	3296	34445	608	499,2514,237,24,15,7,0,0,0,0,0,0,0,0,0,0,0,0,0,0,0,0,0,0,0,0,0,0,0,0,0,0,0,0,0,0,0,0,0,0	92,92,148,1590,82,48,20,14,45,120,28,30,5,3,4,1,837,101,27,6,2,1,0,0,0,0,0,0,0,0,0,0,0,0,0,0,0,0,0,0	2	5564	3173	5564	5	3174	35332	634	816,2330,22,3,2,0,0,0,0,0,0,0,0,0,0,0,0,0,0,0,0,0,0,0,0,0,0,0,0,0,0,0,0,0,0,0,0,0,0,0	193,36,156,1637,17,14,24,18,12,46,63,23,28,3,4,4,704,153,30,5,3,1,0,0,0,0,0,0,0,0,0,0,0,0,0,0,0,0,0,0
tb.dut.clusters[0].cluster.sockets[0].socket.cores[0].core.issue.issue_slices[0].issue_slice.ibuffer.ibuffer_if[1]	12	106	103097	5589	2865	5589	8	2865	35307	2918	438,2210,164,33,15,4,0,1,0,0,0,0,0,0,0,0,0,0,0,0,0,0,0,0,0,0,0,0,0,0,0,0,0,0,0,0,0,0,0,0	80,76,141,1369,78,50,9,6,36,103,16,6,4,6,6,3,750,91,25,7,1,0,0,2,0,0,0,0,0,0,0,0,0,0,0,0,0,0,0,0	2	4818	2747	4818	5	2747	36078	2918	709,2009,26,2,1,0,0,0,0,0,0,0,0,0,0,0,0,0,0,0,0,0,0,0,0,0,0,0,0,0,0,0,0,0,0,0,0,0,0,0	141,51,111,1428,41,5,23,8,4,31,64,11,6,4,6,7,636,130,29,7,2,0,0,2,0,0,0,0,0,0,0,0,0,0,0,0,0,0,0,0
tb.dut.clusters[0].cluster.sockets[0].socket.cores[0].core.issue.issue_slices[0].issue_slice.ibuffer.ibuffer_if[2]	12	106	103895	5673	2890	5673	8	2890	35223	2918	448,2187,202,31,15,4,2,1,0,0,0,0,0,0,0,0,0,0,0,0,0,0,0,0,0,0,0,0,0,0,0,0,0,0,0,0,0,0,0,0	91,90,140,1324,102,44,23,12,35,93,19,4,2,7,4,4,767,93,28,5,1,0,1,1,0,0,0,0,0,0,0,0,0,0,0,0,0,0,0,0	2	4837	2771	4837	5	2771	36059	2918	735,2014,16,4,2,0,0,0,0,0,0,0,0,0,0,0,0,0,0,0,0,0,0,0,0,0,0,0,0,0,0,0,0,0,0,0,0,0,0,0	141,62,114,1395,59,8,23,16,9,30,60,11,4,1,5,4,651,135,31,9,1,0,1,1,0,0,0,0,0,0,0,0,0,0,0,0,0,0,0,0
tb.dut.clusters[0].cluster.sockets[0].socket.cores[0].core.issue.issue_slices[0].issue_slice.ibuffer.ibuffer_if[3]	12	106	8339	585	292	585	6	292	40311	32164	52,202,27,8,2,1,0,0,0,0,0,0,0,0,0,0,0,0,0,0,0,0,0,0,0,0,0,0,0,0,0,0,0,0,0,0,0,0,0,0	15,18,10,88,7,4,0,3,1,21,5,2,0,2,0,0,84,15,10,4,1,0,0,1,0,0,1,0,0,0,0,0,0,0,0,0,0,0,0,0	2	448	283	448	3	283	40448	32189	121,159,3,0,0,0,0,0,0,0,0,0,0,0,0,0,0,0,0,0,0,0,0,0,0,0,0,0,0,0,0,0,0,0,0,0,0,0,0,0	23,5,14,97,4,5,3,0,2,2,7,4,2,0,2,0,80,17,8,5,1,0,0,1,0,0,1,0,0,0,0,0,0,0,0,0,0,0,0,0
tb.dut.clusters[0].cluster.sockets[0].socket.cores[0].core.issue.issue_slices[0].issue_slice.ibuffer_if[0]	11	106	118743	6451	3296	6451	6	3296	34445	608	499,2514,237,24,15,7,0,0,0,0,0,0,0,0,0,0,0,0,0,0,0,0,0,0,0,0,0,0,0,0,0,0,0,0,0,0,0,0,0,0	92,92,148,1590,82,48,20,14,45,120,28,30,5,3,4,1,837,101,27,6,2,1,0,0,0,0,0,0,0,0,0,0,0,0,0,0,0,0,0,0	2	5564	3173	5564	5	3174	35332	634	816,2330,22,3,2,0,0,0,0,0,0,0,0,0,0,0,0,0,0,0,0,0,0,0,0,0,0,0,0,0,0,0,0,0,0,0,0,0,0,0	193,36,156,1637,17,14,24,18,12,46,63,23,28,3,4,4,704,153,30,5,3,1,0,0,0,0,0,0,0,0,0,0,0,0,0,0,0,0,0,0
tb.dut.clusters[0].cluster.sockets[0].socket.cores[0].core.issue.issue_slices[0].issue_slice.ibuffer_if[1]	11	106	103097	5589	2865	5589	8	2865	35307	2918	438,2210,164,33,15,4,0,1,0,0,0,0,0,0,0,0,0,0,0,0,0,0,0,0,0,0,0,0,0,0,0,0,0,0,0,0,0,0,0,0	80,76,141,1369,78,50,9,6,36,103,16,6,4,6,6,3,750,91,25,7,1,0,0,2,0,0,0,0,0,0,0,0,0,0,0,0,0,0,0,0	2	4818	2747	4818	5	2747	36078	2918	709,2009,26,2,1,0,0,0,0,0,0,0,0,0,0,0,0,0,0,0,0,0,0,0,0,0,0,0,0,0,0,0,0,0,0,0,0,0,0,0	141,51,111,1428,41,5,23,8,4,31,64,11,6,4,6,7,636,130,29,7,2,0,0,2,0,0,0,0,0,0,0,0,0,0,0,0,0,0,0,0
tb.dut.clusters[0].cluster.sockets[0].socket.cores[0].core.issue.issue_slices[0].issue_slice.ibuffer_if[2]	11	106	103895	5673	2890	5673	8	2890	35223	2918	448,2187,202,31,15,4,2,1,0,0,0,0,0,0,0,0,0,0,0,0,0,0,0,0,0,0,0,0,0,0,0,0,0,0,0,0,0,0,0,0	91,90,140,1324,102,44,23,12,35,93,19,4,2,7,4,4,767,93,28,5,1,0,1,1,0,0,0,0,0,0,0,0,0,0,0,0,0,0,0,0	2	4837	2771	4837	5	2771	36059	2918	735,2014,16,4,2,0,0,0,0,0,0,0,0,0,0,0,0,0,0,0,0,0,0,0,0,0,0,0,0,0,0,0,0,0,0,0,0,0,0,0	141,62,114,1395,59,8,23,16,9,30,60,11,4,1,5,4,651,135,31,9,1,0,1,1,0,0,0,0,0,0,0,0,0,0,0,0,0,0,0,0
tb.dut.clusters[0].cluster.sockets[0].socket.cores[0].core.issue.issue_slices[0].issue_slice.ibuffer_if[3]	11	106	8339	585	292	585	6	292	40311	32164	52,202,27,8,2,1,0,0,0,0,0,0,0,0,0,0,0,0,0,0,0,0,0,0,0,0,0,0,0,0,0,0,0,0,0,0,0,0,0,0	15,18,10,88,7,4,0,3,1,21,5,2,0,2,0,0,84,15,10,4,1,0,0,1,0,0,1,0,0,0,0,0,0,0,0,0,0,0,0,0	2	448	283	448	3	283	40448	32189	121,159,3,0,0,0,0,0,0,0,0,0,0,0,0,0,0,0,0,0,0,0,0,0,0,0,0,0,0,0,0,0,0,0,0,0,0,0,0,0	23,5,14,97,4,5,3,0,2,2,7,4,2,0,2,0,80,17,8,5,1,0,0,1,0,0,1,0,0,0,0,0,0,0,0,0,0,0,0,0
tb.dut.clusters[0].cluster.sockets[0].socket.cores[0].core.issue.issue_slices[0].issue_slice.operands	11	3911	6529343	30978	2088	30978	336	2088	9918	289	24,332,114,206,173,165,129,115,65,33,52,26,42,24,17,19,294,204,41,7,6,0,0,0,0,0,0,0,0,0,0,0,0,0,0,0,0,0,0,0	790,340,343,141,92,76,47,53,3,3,9,5,4,4,7,8,132,29,1,0,1,0,0,0,0,0,0,0,0,0,0,0,0,0,0,0,0,0,0,0	20	28213	2919	28213	247	2920	12683	308	512,479,236,236,154,246,164,73,71,43,71,46,44,16,20,37,278,153,32,8,0,0,0,0,0,0,0,0,0,0,0,0,0,0,0,0,0,0,0,0	1146,546,320,292,104,145,50,79,16,4,3,8,5,7,4,8,147,34,1,0,1,0,0,0,0,0,0,0,0,0,0,0,0,0,0,0,0,0,0,0
tb.dut.clusters[0].cluster.sockets[0].socket.cores[0].core.issue.issue_slices[0].issue_slice.operands.genblk6[0]	12	17	59362	7471	3743	7471	25	3744	33425	326	1272,1815,276,284,45,29,5,7,3,4,1,1,0,0,0,0,1,0,0,0,0,0,0,0,0,0,0,0,0,0,0,0,0,0,0,0,0,0,0,0	1048,548,302,342,123,228,142,104,72,120,33,115,36,26,51,46,219,111,52,23,3,0,0,0,0,0,0,0,0,0,0,0,0,0,0,0,0,0,0,0	2	6174	3367	6174	25	3368	34722	4736	1494,1369,212,237,18,23,4,6,1,2,0,0,0,0,0,0,1,0,0,0,0,0,0,0,0,0,0,0,0,0,0,0,0,0,0,0,0,0,0,0	1079,532,301,342,113,212,127,82,51,107,23,108,28,14,44,19,138,36,2,3,1,2,0,3,1,0,0,0,0,0,0,0,0,0,0,0,0,0,0,0
tb.dut.clusters[0].cluster.sockets[0].socket.cores[0].core.issue.issue_slices[0].issue_slice.operands.genblk6[1]	12	17	60596	8197	4012	8197	25	4013	32699	357	1218,2084,285,304,61,35,6,9,4,5,0,0,0,0,0,0,1,0,0,0,0,0,0,0,0,0,0,0,0,0,0,0,0,0,0,0,0,0,0,0	1130,522,327,359,143,239,163,118,86,178,63,119,43,27,53,48,215,135,32,8,5,0,0,0,0,0,0,0,0,0,0,0,0,0,0,0,0,0,0,0	2	6174	3367	6174	25	3368	34722	4736	1494,1369,212,237,18,23,4,6,1,2,0,0,0,0,0,0,1,0,0,0,0,0,0,0,0,0,0,0,0,0,0,0,0,0,0,0,0,0,0,0	1079,532,301,342,113,212,127,82,51,107,23,108,28,14,44,19,138,36,2,3,1,2,0,3,1,0,0,0,0,0,0,0,0,0,0,0,0,0,0,0
tb.dut.clusters[0].cluster.sockets[0].socket.cores[0].core.issue.issue_slices[0].issue_slice.operands.genblk6[2]	12	17	60088	7811	3798	7811	25	3799	33085	411	1159,1916,321,282,58,39,8,7,2,5,0,0,0,0,0,0,1,0,0,0,0,0,0,0,0,0,0,0,0,0,0,0,0,0,0,0,0,0,0,0	1094,524,305,350,126,234,134,101,66,118,25,118,37,29,48,29,269,130,48,10,4,0,0,0,0,0,0,0,0,0,0,0,0,0,0,0,0,0,0,0	2	6174	3367	6174	25	3368	34722	4736	1494,1369,212,237,18,23,4,6,1,2,0,0,0,0,0,0,1,0,0,0,0,0,0,0,0,0,0,0,0,0,0,0,0,0,0,0,0,0,0,0	1079,532,301,342,113,212,127,82,51,107,23,108,28,14,44,19,138,36,2,3,1,2,0,3,1,0,0,0,0,0,0,0,0,0,0,0,0,0,0,0
tb.dut.clusters[0].cluster.sockets[0].socket.cores[0].core.issue.issue_slices[0].issue_slice.operands.genblk6[3]	12	17	59388	7423	3697	7423	25	3698	33473	569	1266,1788,233,288,63,35,10,9,2,2,0,0,0,0,0,0,1,0,0,0,0,0,0,0,0,0,0,0,0,0,0,0,0,0,0,0,0,0,0,0	1081,506,301,349,110,222,149,96,85,150,25,109,32,20,52,21,208,97,58,23,3,1,0,0,0,0,0,0,0,0,0,0,0,0,0,0,0,0,0,0	2	6174	3367	6174	25	3368	34722	4736	1494,1369,212,237,18,23,4,6,1,2,0,0,0,0,0,0,1,0,0,0,0,0,0,0,0,0,0,0,0,0,0,0,0,0,0,0,0,0,0,0	1079,532,301,342,113,212,127,82,51,107,23,108,28,14,44,19,138,36,2,3,1,2,0,3,1,0,0,0,0,0,0,0,0,0,0,0,0,0,0,0
tb.dut.clusters[0].cluster.sockets[0].socket.cores[0].core.issue.issue_slices[0].issue_slice.operands.operands_if	12	474	715202	13541	4341	13541	36	4341	27355	311	53,2244,598,782,377,132,47,47,23,16,7,3,2,0,2,3,4,1,0,0,0,0,0,0,0,0,0,0,0,0,0,0,0,0,0,0,0,0,0,0	805,645,431,720,160,353,226,150,110,138,36,108,37,41,62,13,209,93,2,1,1,0,0,0,0,0,0,0,0,0,0,0,0,0,0,0,0,0,0,0	3	12213	4469	12213	20	4470	28683	319	677,2019,664,604,276,102,48,35,17,11,7,1,2,0,2,1,3,0,0,0,0,0,0,0,0,0,0,0,0,0,0,0,0,0,0,0,0,0,0,0	818,713,452,709,161,243,258,186,138,151,56,104,42,39,37,17,241,101,2,1,1,0,0,0,0,0,0,0,0,0,0,0,0,0,0,0,0,0,0,0
tb.dut.clusters[0].cluster.sockets[0].socket.cores[0].core.issue.issue_slices[0].issue_slice.operands.scoreboard_if	12	108	253100	13726	4412	13726	44	4412	27170	308	47,2279,633,805,389,114,41,35,17,23,11,4,3,2,2,1,5,1,0,0,0,0,0,0,0,0,0,0,0,0,0,0,0,0,0,0,0,0,0,0	832,689,449,770,138,321,214,149,113,136,37,110,43,48,58,15,202,82,2,3,1,0,0,0,0,0,0,0,0,0,0,0,0,0,0,0,0,0,0,0	2	12871	4908	12871	19	4909	28025	308	811,2362,599,622,303,109,39,28,12,9,4,3,3,0,1,1,2,0,0,0,0,0,0,0,0,0,0,0,0,0,0,0,0,0,0,0,0,0,0,0	1333,691,444,770,129,251,265,167,107,147,41,112,37,51,58,11,198,91,2,3,1,0,0,0,0,0,0,0,0,0,0,0,0,0,0,0,0,0,0,0
tb.dut.clusters[0].cluster.sockets[0].socket.cores[0].core.issue.issue_slices[0].issue_slice.operands.writeback_if	12	175	574662	15033	4424	15033	206	4425	25863	319	5,2329,653,721,392,128,60,43,24,17,12,6,3,0,4,0,3,20,2,2,0,0,0,0,0,0,0,0,0,0,0,0,0,0,0,0,0,0,0,0	1005,648,435,577,193,337,232,151,124,158,42,119,39,28,49,20,211,53,3,0,1,0,0,0,0,0,0,0,0,0,0,0,0,0,0,0,0,0,0,0	2	14673	4741	14673	39	4742	26223	319	344,2451,663,634,330,127,57,40,22,15,11,4,3,0,2,0,15,23,0,0,0,0,0,0,0,0,0,0,0,0,0,0,0,0,0,0,0,0,0,0	1311,655,437,579,193,338,232,150,125,155,43,119,40,28,49,20,208,56,3,0,1,0,0,0,0,0,0,0,0,0,0,0,0,0,0,0,0,0,0,0
tb.dut.clusters[0].cluster.sockets[0].socket.cores[0].core.issue.issue_slices[0].issue_slice.operands_if	11	474	715202	13541	4341	13541	36	4341	27355	311	53,2244,598,782,377,132,47,47,23,16,7,3,2,0,2,3,4,1,0,0,0,0,0,0,0,0,0,0,0,0,0,0,0,0,0,0,0,0,0,0	805,645,431,720,160,353,226,150,110,138,36,108,37,41,62,13,209,93,2,1,1,0,0,0,0,0,0,0,0,0,0,0,0,0,0,0,0,0,0,0	3	12213	4469	12213	20	4470	28683	319	677,2019,664,604,276,102,48,35,17,11,7,1,2,0,2,1,3,0,0,0,0,0,0,0,0,0,0,0,0,0,0,0,0,0,0,0,0,0,0,0	818,713,452,709,161,243,258,186,138,151,56,104,42,39,37,17,241,101,2,1,1,0,0,0,0,0,0,0,0,0,0,0,0,0,0,0,0,0,0,0
tb.dut.clusters[0].cluster.sockets[0].socket.cores[0].core.issue.issue_slices[0].issue_slice.scoreboard	11	2021	1949293	36362	1082	36362	1655	1082	4534	286	1,158,31,62,285,14,39,36,16,2,24,6,9,3,4,17,106,117,94,40,13,4,1,0,0,0,0,0,0,0,0,0,0,0,0,0,0,0,0,0	507,106,120,72,84,38,56,2,31,1,3,4,2,1,1,2,50,0,1,0,1,0,0,0,0,0,0,0,0,0,0,0,0,0,0,0,0,0,0,0	11	27623	3721	27623	135	3721	13273	306	613,622,278,214,586,135,109,189,116,108,124,57,20,37,42,41,339,81,9,1,0,0,0,0,0,0,0,0,0,0,0,0,0,0,0,0,0,0,0,0	1751,569,372,208,206,94,176,102,38,17,11,12,10,5,20,7,113,8,1,0,1,0,0,0,0,0,0,0,0,0,0,0,0,0,0,0,0,0,0,0
tb.dut.clusters[0].cluster.sockets[0].socket.cores[0].core.issue.issue_slices[0].issue_slice.scoreboard.genblk2[0]	12	107	49760	21456	2574	21456	542	2574	19440	607	0,399,1709,23,14,3,3,0,69,103,9,2,2,1,4,1,87,93,35,10,5,2,0,0,0,0,0,0,0,0,0,0,0,0,0,0,0,0,0,0	31,97,1471,95,88,27,8,26,36,5,143,5,3,3,2,403,84,41,2,2,1,1,0,0,0,0,0,0,0,0,0,0,0,0,0,0,0,0,0,0	2	12979	8298	12979	10	8298	27917	609	5681,1418,738,223,149,22,62,2,1,2,0,0,0,0,0,0,0,0,0,0,0,0,0,0,0,0,0,0,0,0,0,0,0,0,0,0,0,0,0,0	5711,66,762,479,347,132,35,7,9,45,25,132,5,4,3,0,475,55,2,2,1,1,0,0,0,0,0,0,0,0,0,0,0,0,0,0,0,0,0,0
tb.dut.clusters[0].cluster.sockets[0].socket.cores[0].core.issue.issue_slices[0].issue_slice.scoreboard.genblk2[1]	12	107	43272	18767	2280	18767	520	2280	22129	2917	0,359,1468,61,14,5,2,0,66,79,18,2,1,2,3,2,65,98,18,10,6,1,0,0,0,0,0,0,0,0,0,0,0,0,0,0,0,0,0,0	31,116,1258,95,81,19,8,23,19,5,131,6,1,2,2,367,68,40,5,0,1,0,0,2,0,0,0,0,0,0,0,0,0,0,0,0,0,0,0,0	2	11337	7267	11337	11	7267	29559	2919	4988,1244,676,149,111,30,61,2,2,3,1,0,0,0,0,0,0,0,0,0,0,0,0,0,0,0,0,0,0,0,0,0,0,0,0,0,0,0,0,0	4981,73,662,420,312,107,31,7,11,31,13,116,14,2,1,2,428,48,5,0,1,0,0,2,0,0,0,0,0,0,0,0,0,0,0,0,0,0,0,0
tb.dut.clusters[0].cluster.sockets[0].socket.cores[0].core.issue.issue_slices[0].issue_slice.scoreboard.genblk2[2]	12	107	45372	19704	2281	19704	520	2281	21192	2917	0,362,1421,98,17,5,2,0,58,64,26,5,3,0,9,1,75,88,30,8,8,1,0,0,0,0,0,0,0,0,0,0,0,0,0,0,0,0,0,0	48,134,1210,105,79,23,15,23,16,6,122,14,4,0,0,352,88,36,3,0,1,0,1,1,0,0,0,0,0,0,0,0,0,0,0,0,0,0,0,0	2	11846	7681	11846	10	7681	29050	2919	5362,1254,692,154,117,34,57,6,2,3,0,0,0,0,0,0,0,0,0,0,0,0,0,0,0,0,0,0,0,0,0,0,0,0,0,0,0,0,0,0	5405,88,631,427,299,118,30,14,11,28,13,108,22,4,1,0,432,44,3,0,1,0,1,1,0,0,0,0,0,0,0,0,0,0,0,0,0,0,0,0
tb.dut.clusters[0].cluster.sockets[0].socket.cores[0].core.issue.issue_slices[0].issue_slice.scoreboard.genblk2[3]	12	107	8173	3677	183	3677	593	183	37219	32045	0,36,98,8,7,0,0,0,2,2,4,0,1,0,0,0,9,2,8,1,4,1,0,0,0,0,0,0,0,0,0,0,0,0,0,0,0,0,0,0	11,10,70,5,3,1,2,1,6,0,16,2,0,0,1,10,30,11,1,0,1,0,0,1,0,0,1,0,0,0,0,0,0,0,0,0,0,0,0,0	2	2046	1585	2046	10	1585	38850	32045	1359,96,74,30,12,9,3,1,0,1,0,0,0,0,0,0,0,0,0,0,0,0,0,0,0,0,0,0,0,0,0,0,0,0,0,0,0,0,0,0	1403,7,39,29,14,6,4,2,1,5,7,9,3,0,0,1,38,12,2,0,1,0,0,1,0,0,1,0,0,0,0,0,0,0,0,0,0,0,0,0
tb.dut.clusters[0].cluster.sockets[0].socket.cores[0].core.issue.issue_slices[0].issue_slice.scoreboard.ibuffer_if[0]	12	106	118743	6451	3296	6451	6	3296	34445	608	499,2514,237,24,15,7,0,0,0,0,0,0,0,0,0,0,0,0,0,0,0,0,0,0,0,0,0,0,0,0,0,0,0,0,0,0,0,0,0,0	92,92,148,1590,82,48,20,14,45,120,28,30,5,3,4,1,837,101,27,6,2,1,0,0,0,0,0,0,0,0,0,0,0,0,0,0,0,0,0,0	2	5564	3173	5564	5	3174	35332	634	816,2330,22,3,2,0,0,0,0,0,0,0,0,0,0,0,0,0,0,0,0,0,0,0,0,0,0,0,0,0,0,0,0,0,0,0,0,0,0,0	193,36,156,1637,17,14,24,18,12,46,63,23,28,3,4,4,704,153,30,5,3,1,0,0,0,0,0,0,0,0,0,0,0,0,0,0,0,0,0,0
tb.dut.clusters[0].cluster.sockets[0].socket.cores[0].core.issue.issue_slices[0].issue_slice.scoreboard.ibuffer_if[1]	12	106	103097	5589	2865	5589	8	2865	35307	2918	438,2210,164,33,15,4,0,1,0,0,0,0,0,0,0,0,0,0,0,0,0,0,0,0,0,0,0,0,0,0,0,0,0,0,0,0,0,0,0,0	80,76,141,1369,78,50,9,6,36,103,16,6,4,6,6,3,750,91,25,7,1,0,0,2,0,0,0,0,0,0,0,0,0,0,0,0,0,0,0,0	2	4818	2747	4818	5	2747	36078	2918	709,2009,26,2,1,0,0,0,0,0,0,0,0,0,0,0,0,0,0,0,0,0,0,0,0,0,0,0,0,0,0,0,0,0,0,0,0,0,0,0	141,51,111,1428,41,5,23,8,4,31,64,11,6,4,6,7,636,130,29,7,2,0,0,2,0,0,0,0,0,0,0,0,0,0,0,0,0,0,0,0
tb.dut.clusters[0].cluster.sockets[0].socket.cores[0].core.issue.issue_slices[0].issue_slice.scoreboard.ibuffer_if[2]	12	106	103895	5673	2890	5673	8	2890	35223	2918	448,2187,202,31,15,4,2,1,0,0,0,0,0,0,0,0,0,0,0,0,0,0,0,0,0,0,0,0,0,0,0,0,0,0,0,0,0,0,0,0	91,90,140,1324,102,44,23,12,35,93,19,4,2,7,4,4,767,93,28,5,1,0,1,1,0,0,0,0,0,0,0,0,0,0,0,0,0,0,0,0	2	4837	2771	4837	5	2771	36059	2918	735,2014,16,4,2,0,0,0,0,0,0,0,0,0,0,0,0,0,0,0,0,0,0,0,0,0,0,0,0,0,0,0,0,0,0,0,0,0,0,0	141,62,114,1395,59,8,23,16,9,30,60,11,4,1,5,4,651,135,31,9,1,0,1,1,0,0,0,0,0,0,0,0,0,0,0,0,0,0,0,0
tb.dut.clusters[0].cluster.sockets[0].socket.cores[0].core.issue.issue_slices[0].issue_slice.scoreboard.ibuffer_if[3]	12	106	8339	585	292	585	6	292	40311	32164	52,202,27,8,2,1,0,0,0,0,0,0,0,0,0,0,0,0,0,0,0,0,0,0,0,0,0,0,0,0,0,0,0,0,0,0,0,0,0,0	15,18,10,88,7,4,0,3,1,21,5,2,0,2,0,0,84,15,10,4,1,0,0,1,0,0,1,0,0,0,0,0,0,0,0,0,0,0,0,0	2	448	283	448	3	283	40448	32189	121,159,3,0,0,0,0,0,0,0,0,0,0,0,0,0,0,0,0,0,0,0,0,0,0,0,0,0,0,0,0,0,0,0,0,0,0,0,0,0	23,5,14,97,4,5,3,0,2,2,7,4,2,0,2,0,80,17,8,5,1,0,0,1,0,0,1,0,0,0,0,0,0,0,0,0,0,0,0,0
tb.dut.clusters[0].cluster.sockets[0].socket.cores[0].core.issue.issue_slices[0].issue_slice.scoreboard.scoreboard_if	12	108	253100	13726	4412	13726	44	4412	27170	308	47,2279,633,805,389,114,41,35,17,23,11,4,3,2,2,1,5,1,0,0,0,0,0,0,0,0,0,0,0,0,0,0,0,0,0,0,0,0,0,0	832,689,449,770,138,321,214,149,113,136,37,110,43,48,58,15,202,82,2,3,1,0,0,0,0,0,0,0,0,0,0,0,0,0,0,0,0,0,0,0	2	12871	4908	12871	19	4909	28025	308	811,2362,599,622,303,109,39,28,12,9,4,3,3,0,1,1,2,0,0,0,0,0,0,0,0,0,0,0,0,0,0,0,0,0,0,0,0,0,0,0	1333,691,444,770,129,251,265,167,107,147,41,112,37,51,58,11,198,91,2,3,1,0,0,0,0,0,0,0,0,0,0,0,0,0,0,0,0,0,0,0
tb.dut.clusters[0].cluster.sockets[0].socket.cores[0].core.issue.issue_slices[0].issue_slice.scoreboard.staging_if[0]	12	106	112671	6044	3052	6044	7	3052	34852	608	486,2230,282,29,17,5,3,0,0,0,0,0,0,0,0,0,0,0,0,0,0,0,0,0,0,0,0,0,0,0,0,0,0,0,0,0,0,0,0,0	67,17,80,1257,185,44,67,53,24,188,32,49,5,3,2,2,834,107,27,6,2,1,0,0,0,0,0,0,0,0,0,0,0,0,0,0,0,0,0,0	2	5156	3091	5156	5	3091	35740	608	1065,1997,22,4,3,0,0,0,0,0,0,0,0,0,0,0,0,0,0,0,0,0,0,0,0,0,0,0,0,0,0,0,0,0,0,0,0,0,0,0	95,22,81,1262,1,184,44,67,53,30,182,32,49,5,3,2,834,109,27,6,2,1,0,0,0,0,0,0,0,0,0,0,0,0,0,0,0,0,0,0
tb.dut.clusters[0].cluster.sockets[0].socket.cores[0].core.issue.issue_slices[0].issue_slice.scoreboard.staging_if[1]	12	106	98365	5266	2646	5266	8	2646	35630	2918	406,1963,212,38,20,4,2,1,0,0,0,0,0,0,0,0,0,0,0,0,0,0,0,0,0,0,0,0,0,0,0,0,0,0,0,0,0,0,0,0	44,21,86,1080,151,56,48,49,32,144,32,5,1,4,1,3,753,101,25,7,1,0,0,2,0,0,0,0,0,0,0,0,0,0,0,0,0,0,0,0	2	4490	2715	4490	5	2716	36406	2918	986,1695,25,6,3,0,0,0,0,0,0,0,0,0,0,0,0,0,0,0,0,0,0,0,0,0,0,0,0,0,0,0,0,0,0,0,0,0,0,0	109,19,90,1081,17,136,56,48,51,31,143,32,5,1,4,3,752,102,26,7,1,0,0,2,0,0,0,0,0,0,0,0,0,0,0,0,0,0,0,0
tb.dut.clusters[0].cluster.sockets[0].socket.cores[0].core.issue.issue_slices[0].issue_slice.scoreboard.staging_if[2]	12	106	98673	5342	2662	5342	9	2662	35554	2918	417,1938,225,54,16,8,3,0,1,0,0,0,0,0,0,0,0,0,0,0,0,0,0,0,0,0,0,0,0,0,0,0,0,0,0,0,0,0,0,0	53,27,89,1045,160,55,66,44,25,137,37,8,2,6,2,3,767,99,29,5,1,0,1,1,0,0,0,0,0,0,0,0,0,0,0,0,0,0,0,0	2	4494	2784	4494	5	2785	36402	2918	1106,1657,15,1,5,0,0,0,0,0,0,0,0,0,0,0,0,0,0,0,0,0,0,0,0,0,0,0,0,0,0,0,0,0,0,0,0,0,0,0	166,30,92,1046,36,128,56,65,43,25,137,37,8,2,6,2,767,100,31,5,1,0,1,1,0,0,0,0,0,0,0,0,0,0,0,0,0,0,0,0
tb.dut.clusters[0].cluster.sockets[0].socket.cores[0].core.issue.issue_slices[0].issue_slice.scoreboard.staging_if[3]	12	106	7523	547	267	547	6	267	40349	32163	43,188,21,11,3,1,0,0,0,0,0,0,0,0,0,0,0,0,0,0,0,0,0,0,0,0,0,0,0,0,0,0,0,0,0,0,0,0,0,0	10,11,7,56,17,6,6,2,1,23,5,3,1,2,0,0,84,15,11,4,1,0,0,1,0,0,1,0,0,0,0,0,0,0,0,0,0,0,0,0	2	407	284	407	4	285	40489	32163	165,116,2,1,0,0,0,0,0,0,0,0,0,0,0,0,0,0,0,0,0,0,0,0,0,0,0,0,0,0,0,0,0,0,0,0,0,0,0,0	22,15,8,56,2,16,6,6,2,1,23,5,3,1,2,0,82,17,11,4,1,0,0,1,0,0,1,0,0,0,0,0,0,0,0,0,0,0,0,0
tb.dut.clusters[0].cluster.sockets[0].socket.cores[0].core.issue.issue_slices[0].issue_slice.scoreboard.writeback_if	12	175	574662	15033	4424	15033	206	4425	25863	319	5,2329,653,721,392,128,60,43,24,17,12,6,3,0,4,0,3,20,2,2,0,0,0,0,0,0,0,0,0,0,0,0,0,0,0,0,0,0,0,0	1005,648,435,577,193,337,232,151,124,158,42,119,39,28,49,20,211,53,3,0,1,0,0,0,0,0,0,0,0,0,0,0,0,0,0,0,0,0,0,0	2	14673	4741	14673	39	4742	26223	319	344,2451,663,634,330,127,57,40,22,15,11,4,3,0,2,0,15,23,0,0,0,0,0,0,0,0,0,0,0,0,0,0,0,0,0,0,0,0,0,0	1311,655,437,579,193,338,232,150,125,155,43,119,40,28,49,20,208,56,3,0,1,0,0,0,0,0,0,0,0,0,0,0,0,0,0,0,0,0,0,0
tb.dut.clusters[0].cluster.sockets[0].socket.cores[0].core.issue.issue_slices[0].issue_slice.scoreboard_if	11	108	253100	13726	4412	13726	44	4412	27170	308	47,2279,633,805,389,114,41,35,17,23,11,4,3,2,2,1,5,1,0,0,0,0,0,0,0,0,0,0,0,0,0,0,0,0,0,0,0,0,0,0	832,689,449,770,138,321,214,149,113,136,37,110,43,48,58,15,202,82,2,3,1,0,0,0,0,0,0,0,0,0,0,0,0,0,0,0,0,0,0,0	2	12871	4908	12871	19	4909	28025	308	811,2362,599,622,303,109,39,28,12,9,4,3,3,0,1,1,2,0,0,0,0,0,0,0,0,0,0,0,0,0,0,0,0,0,0,0,0,0,0,0	1333,691,444,770,129,251,265,167,107,147,41,112,37,51,58,11,198,91,2,3,1,0,0,0,0,0,0,0,0,0,0,0,0,0,0,0,0,0,0,0
tb.dut.clusters[0].cluster.sockets[0].socket.cores[0].core.issue.issue_slices[0].issue_slice.writeback_if	11	175	574662	15033	4424	15033	206	4425	25863	319	5,2329,653,721,392,128,60,43,24,17,12,6,3,0,4,0,3,20,2,2,0,0,0,0,0,0,0,0,0,0,0,0,0,0,0,0,0,0,0,0	1005,648,435,577,193,337,232,151,124,158,42,119,39,28,49,20,211,53,3,0,1,0,0,0,0,0,0,0,0,0,0,0,0,0,0,0,0,0,0,0	2	14673	4741	14673	39	4742	26223	319	344,2451,663,634,330,127,57,40,22,15,11,4,3,0,2,0,15,23,0,0,0,0,0,0,0,0,0,0,0,0,0,0,0,0,0,0,0,0,0,0	1311,655,437,579,193,338,232,150,125,155,43,119,40,28,49,20,208,56,3,0,1,0,0,0,0,0,0,0,0,0,0,0,0,0,0,0,0,0,0,0
tb.dut.clusters[0].cluster.sockets[0].socket.cores[0].core.issue.issue_slices[0].per_issue_decode_if	10	172	262592	16338	5557	16338	77	5558	24558	389	1069,2605,191,902,588,66,8,11,9,15,12,7,3,8,3,10,32,12,6,0,0,0,0,0,0,0,0,0,0,0,0,0,0,0,0,0,0,0,0,0	2163,1835,127,668,33,79,60,30,31,33,19,26,82,71,24,16,205,24,20,7,5,0,0,0,0,0,0,0,0,0,0,0,0,0,0,0,0,0,0,0	2	14678	5739	14678	75	5740	26218	389	1157,2848,488,753,353,39,2,11,9,15,43,1,1,4,0,3,8,1,3,0,0,0,0,0,0,0,0,0,0,0,0,0,0,0,0,0,0,0,0,0	2138,1390,386,1068,34,67,63,36,25,35,18,27,66,62,39,18,214,22,18,9,5,0,0,0,0,0,0,0,0,0,0,0,0,0,0,0,0,0,0,0
tb.dut.clusters[0].cluster.sockets[0].socket.cores[0].core.issue.issue_slices[0].per_issue_dispatch_if[0]	10	474	521630	10199	3491	10199	15	3491	30697	952	12,2030,416,612,267,85,24,19,9,11,2,1,2,0,1,0,0,0,0,0,0,0,0,0,0,0,0,0,0,0,0,0,0,0,0,0,0,0,0,0	611,480,338,559,132,213,182,128,108,146,55,39,39,38,49,23,213,89,33,11,2,3,0,0,0,0,0,0,0,0,0,0,0,0,0,0,0,0,0,0	3	9388	3589	9388	13	3590	31508	952	380,1937,475,486,205,56,22,14,6,6,1,0,1,0,0,0,0,0,0,0,0,0,0,0,0,0,0,0,0,0,0,0,0,0,0,0,0,0,0,0	604,541,361,555,151,199,146,139,137,144,70,35,38,37,44,22,216,99,36,11,2,3,0,0,0,0,0,0,0,0,0,0,0,0,0,0,0,0,0,0
tb.dut.clusters[0].cluster.sockets[0].socket.cores[0].core.issue.issue_slices[0].per_issue_dispatch_if[1]	10	474	117475	3450	1469	3450	39	1469	37446	818	68,1114,121,126,16,13,4,1,3,1,0,0,0,0,0,0,1,1,0,0,0,0,0,0,0,0,0,0,0,0,0,0,0,0,0,0,0,0,0,0	80,53,46,174,34,206,80,48,42,25,11,11,62,11,7,18,255,170,86,40,8,2,0,0,0,0,0,0,0,0,0,0,0,0,0,0,0,0,0,0	3	2749	1500	2749	16	1501	38147	825	566,780,62,68,8,6,4,1,3,1,0,0,0,0,0,1,0,0,0,0,0,0,0,0,0,0,0,0,0,0,0,0,0,0,0,0,0,0,0,0	131,63,49,173,28,24,197,65,57,38,19,11,62,8,9,16,241,171,88,41,8,2,0,0,0,0,0,0,0,0,0,0,0,0,0,0,0,0,0,0
tb.dut.clusters[0].cluster.sockets[0].socket.cores[0].core.issue.issue_slices[0].per_issue_dispatch_if[2]	10	474	5544	856	353	856	7	353	40040	2516	1,291,6,25,26,3,1,0,0,0,0,0,0,0,0,0,0,0,0,0,0,0,0,0,0,0,0,0,0,0,0,0,0,0,0,0,0,0,0,0	9,3,5,5,1,3,10,4,1,0,1,2,55,2,11,6,35,68,63,39,13,12,4,1,0,0,0,0,0,0,0,0,0,0,0,0,0,0,0,0	3	468	301	468	5	302	40428	2718	148,145,3,4,1,0,0,0,0,0,0,0,0,0,0,0,0,0,0,0,0,0,0,0,0,0,0,0,0,0,0,0,0,0,0,0,0,0,0,0	11,7,2,9,1,2,0,1,7,1,0,0,56,1,1,7,23,58,45,32,17,16,4,1,0,0,0,0,0,0,0,0,0,0,0,0,0,0,0,0
tb.dut.clusters[0].cluster.sockets[0].socket.cores[0].core.issue.issue_slices[0].per_issue_dispatch_if[3]	10	474	4	3	3	3	1	3	40893	40889	3,0,0,0,0,0,0,0,0,0,0,0,0,0,0,0,0,0,0,0,0,0,0,0,0,0,0,0,0,0,0,0,0,0,0,0,0,0,0,0	1,0,1,0,0,0,0,0,0,0,0,0,0,0,0,0,0,0,0,0,0,0,0,0,0,0,0,1,0,0,0,0,0,0,0,0,0,0,0,0	3	0	0	0	0	1	40896	40896	0,0,0,0,0,0,0,0,0,0,0,0,0,0,0,0,0,0,0,0,0,0,0,0,0,0,0,0,0,0,0,0,0,0,0,0,0,0,0,0	0,0,0,0,0,0,0,0,0,0,0,0,0,0,0,0,0,0,0,0,0,0,0,0,0,0,0,1,0,0,0,0,0,0,0,0,0,0,0,0
tb.dut.clusters[0].cluster.sockets[0].socket.cores[0].core.issue.writeback_if[0]	9	175	574662	15033	4424	15033	206	4425	25863	319	5,2329,653,721,392,128,60,43,24,17,12,6,3,0,4,0,3,20,2,2,0,0,0,0,0,0,0,0,0,0,0,0,0,0,0,0,0,0,0,0	1005,648,435,577,193,337,232,151,124,158,42,119,39,28,49,20,211,53,3,0,1,0,0,0,0,0,0,0,0,0,0,0,0,0,0,0,0,0,0,0	2	14673	4741	14673	39	4742	26223	319	344,2451,663,634,330,127,57,40,22,15,11,4,3,0,2,0,15,23,0,0,0,0,0,0,0,0,0,0,0,0,0,0,0,0,0,0,0,0,0,0	1311,655,437,579,193,338,232,150,125,155,43,119,40,28,49,20,208,56,3,0,1,0,0,0,0,0,0,0,0,0,0,0,0,0,0,0,0,0,0,0
tb.dut.clusters[0].cluster.sockets[0].socket.cores[0].core.lmem_unit	8	9745	1604004	10672	1497	10672	75	1497	30224	789	0,40,207,213,261,313,47,62,75,72,30,13,18,13,14,23,78,17,1,0,0,0,0,0,0,0,0,0,0,0,0,0,0,0,0,0,0,0,0,0	167,379,109,74,39,18,21,21,12,29,55,16,10,15,70,28,249,83,61,31,8,2,0,0,0,0,0,0,0,0,0,0,0,0,0,0,0,0,0,0	49	5335	1592	5335	30	1592	35561	819	225,414,354,349,89,57,33,15,12,17,8,3,2,3,2,3,6,0,0,0,0,0,0,0,0,0,0,0,0,0,0,0,0,0,0,0,0,0,0,0	185,208,106,84,79,142,48,21,19,19,17,17,25,31,18,17,279,154,76,36,9,2,0,0,0,0,0,0,0,0,0,0,0,0,0,0,0,0,0,0
tb.dut.clusters[0].cluster.sockets[0].socket.cores[0].core.lmem_unit.genblk3[0]	9	8	945	945	427	945	32	428	39951	2721	74,312,5,26,0,3,0,3,0,0,0,0,0,0,0,0,4,0,0,0,0,0,0,0,0,0,0,0,0,0,0,0,0,0,0,0,0,0,0,0	5,8,4,6,2,235,4,0,2,1,2,0,1,1,1,0,12,50,42,19,14,10,6,3,0,0,0,0,0,0,0,0,0,0,0,0,0,0,0,0	2	0	0	0	0	1	40896	40896	0,0,0,0,0,0,0,0,0,0,0,0,0,0,0,0,0,0,0,0,0,0,0,0,0,0,0,0,0,0,0,0,0,0,0,0,0,0,0,0	0,0,0,0,0,0,0,0,0,0,0,0,0,0,0,0,0,0,0,0,0,0,0,0,0,0,0,1,0,0,0,0,0,0,0,0,0,0,0,0
tb.dut.clusters[0].cluster.sockets[0].socket.cores[0].core.lmem_unit.genblk4[0]	9	3782	595300	5255	1847	5255	42	1847	35641	803	270,572,719,117,36,91,11,6,7,6,2,1,0,2,0,1,5,1,0,0,0,0,0,0,0,0,0,0,0,0,0,0,0,0,0,0,0,0,0,0	254,324,144,67,94,216,20,31,24,9,5,69,10,12,20,17,237,174,76,34,8,2,0,0,0,0,0,0,0,0,0,0,0,0,0,0,0,0,0,0	19	3595	1340	3595	30	1340	37301	819	101,674,387,87,46,16,5,6,5,2,3,1,1,3,0,1,2,0,0,0,0,0,0,0,0,0,0,0,0,0,0,0,0,0,0,0,0,0,0,0	62,41,130,40,20,171,82,32,40,35,17,18,39,37,12,11,240,177,86,39,9,2,0,0,0,0,0,0,0,0,0,0,0,0,0,0,0,0,0,0
tb.dut.clusters[0].cluster.sockets[0].socket.cores[0].core.lmem_unit.genblk4[0].lmem_bus_tmp_if[0]	10	270	26524	3567	2033	3567	11	2033	37329	804	918,899,114,32,55,8,3,1,2,0,1,0,0,0,0,0,0,0,0,0,0,0,0,0,0,0,0,0,0,0,0,0,0,0,0,0,0,0,0,0	397,324,41,144,72,89,219,18,33,23,9,5,69,9,12,15,245,182,82,35,8,2,0,0,0,0,0,0,0,0,0,0,0,0,0,0,0,0,0,0	2	2244	1460	2244	11	1461	38652	820	863,484,78,22,3,3,3,1,2,0,1,0,0,0,0,0,0,0,0,0,0,0,0,0,0,0,0,0,0,0,0,0,0,0,0,0,0,0,0,0	162,44,40,130,25,17,221,57,38,45,34,14,25,12,25,10,251,170,91,37,11,2,0,0,0,0,0,0,0,0,0,0,0,0,0,0,0,0,0,0
tb.dut.clusters[0].cluster.sockets[0].socket.cores[0].core.lmem_unit.genblk4[0].lmem_bus_tmp_if[1]	10	270	29495	3575	2025	3575	11	2025	37321	804	877,939,114,27,54,7,3,1,2,0,1,0,0,0,0,0,0,0,0,0,0,0,0,0,0,0,0,0,0,0,0,0,0,0,0,0,0,0,0,0	393,328,44,144,68,92,205,19,31,22,9,5,69,9,12,17,248,183,81,36,8,2,0,0,0,0,0,0,0,0,0,0,0,0,0,0,0,0,0,0	2	2222	1450	2222	9	1451	38674	820	832,514,73,24,3,1,0,1,2,0,0,0,0,0,0,0,0,0,0,0,0,0,0,0,0,0,0,0,0,0,0,0,0,0,0,0,0,0,0,0	161,45,44,136,29,17,196,56,32,43,27,18,25,8,34,10,253,174,93,37,11,2,0,0,0,0,0,0,0,0,0,0,0,0,0,0,0,0,0,0
tb.dut.clusters[0].cluster.sockets[0].socket.cores[0].core.lmem_unit.genblk4[0].lmem_bus_tmp_if[2]	10	270	31897	3579	2025	3579	11	2025	37317	804	871,946,114,26,54,7,3,1,2,0,1,0,0,0,0,0,0,0,0,0,0,0,0,0,0,0,0,0,0,0,0,0,0,0,0,0,0,0,0,0	395,327,41,146,69,91,204,17,33,22,9,5,69,8,13,14,252,185,79,36,8,2,0,0,0,0,0,0,0,0,0,0,0,0,0,0,0,0,0,0	2	2230	1450	2230	9	1451	38666	820	827,518,73,24,4,1,0,1,2,0,0,0,0,0,0,0,0,0,0,0,0,0,0,0,0,0,0,0,0,0,0,0,0,0,0,0,0,0,0,0	162,44,45,137,25,19,196,56,31,40,28,18,23,10,33,11,256,176,91,36,12,2,0,0,0,0,0,0,0,0,0,0,0,0,0,0,0,0,0,0
tb.dut.clusters[0].cluster.sockets[0].socket.cores[0].core.lmem_unit.genblk4[0].lmem_bus_tmp_if[3]	10	270	33877	3568	2024	3568	11	2024	37328	804	886,929,112,28,54,8,3,1,2,0,1,0,0,0,0,0,0,0,0,0,0,0,0,0,0,0,0,0,0,0,0,0,0,0,0,0,0,0,0,0	394,326,43,142,71,90,205,17,33,23,9,5,69,8,14,16,249,184,80,36,8,2,0,0,0,0,0,0,0,0,0,0,0,0,0,0,0,0,0,0	2	2232	1451	2232	9	1452	38664	820	827,519,74,22,5,1,0,1,2,0,0,0,0,0,0,0,0,0,0,0,0,0,0,0,0,0,0,0,0,0,0,0,0,0,0,0,0,0,0,0	162,47,42,136,29,18,196,56,31,41,26,18,24,9,34,10,256,173,94,35,13,2,0,0,0,0,0,0,0,0,0,0,0,0,0,0,0,0,0,0
tb.dut.clusters[0].cluster.sockets[0].socket.cores[0].core.lmem_unit.genblk4[0].lsu_adapter	10	2702	473507	5255	1847	5255	42	1847	35641	803	270,572,719,117,36,91,11,6,7,6,2,1,0,2,0,1,5,1,0,0,0,0,0,0,0,0,0,0,0,0,0,0,0,0,0,0,0,0,0,0	254,324,144,67,94,216,20,31,24,9,5,69,10,12,20,17,237,174,76,34,8,2,0,0,0,0,0,0,0,0,0,0,0,0,0,0,0,0,0,0	14	3704	1322	3704	31	1322	37192	819	33,695,410,92,47,15,5,5,5,3,2,1,2,1,0,2,4,0,0,0,0,0,0,0,0,0,0,0,0,0,0,0,0,0,0,0,0,0,0,0	48,41,131,40,18,197,59,30,39,34,17,25,39,32,10,11,241,173,87,38,10,2,0,0,0,0,0,0,0,0,0,0,0,0,0,0,0,0,0,0
tb.dut.clusters[0].cluster.sockets[0].socket.cores[0].core.lmem_unit.genblk4[0].lsu_adapter.lsu_mem_if	11	613	114806	3736	2049	3736	11	2049	37160	804	748,1028,211,43,4,7,4,1,2,0,1,0,0,0,0,0,0,0,0,0,0,0,0,0,0,0,0,0,0,0,0,0,0,0,0,0,0,0,0,0	221,251,338,157,110,16,215,34,15,25,7,9,65,16,11,27,233,176,79,34,8,2,0,0,0,0,0,0,0,0,0,0,0,0,0,0,0,0,0,0	4	2497	1544	2497	11	1544	38399	804	794,632,76,26,5,4,3,1,2,0,1,0,0,0,0,0,0,0,0,0,0,0,0,0,0,0,0,0,0,0,0,0,0,0,0,0,0,0,0,0	189,47,39,152,31,15,233,63,47,40,17,13,62,9,11,16,249,175,86,39,9,2,0,0,0,0,0,0,0,0,0,0,0,0,0,0,0,0,0,0
tb.dut.clusters[0].cluster.sockets[0].socket.cores[0].core.lmem_unit.genblk4[0].lsu_adapter.mem_bus_if[0]	11	270	26524	3567	2033	3567	11	2033	37329	804	918,899,114,32,55,8,3,1,2,0,1,0,0,0,0,0,0,0,0,0,0,0,0,0,0,0,0,0,0,0,0,0,0,0,0,0,0,0,0,0	397,324,41,144,72,89,219,18,33,23,9,5,69,9,12,15,245,182,82,35,8,2,0,0,0,0,0,0,0,0,0,0,0,0,0,0,0,0,0,0	2	2244	1460	2244	11	1461	38652	820	863,484,78,22,3,3,3,1,2,0,1,0,0,0,0,0,0,0,0,0,0,0,0,0,0,0,0,0,0,0,0,0,0,0,0,0,0,0,0,0	162,44,40,130,25,17,221,57,38,45,34,14,25,12,25,10,251,170,91,37,11,2,0,0,0,0,0,0,0,0,0,0,0,0,0,0,0,0,0,0
tb.dut.clusters[0].cluster.sockets[0].socket.cores[0].core.lmem_unit.genblk4[0].lsu_adapter.mem_bus_if[1]	11	270	29495	3575	2025	3575	11	2025	37321	804	877,939,114,27,54,7,3,1,2,0,1,0,0,0,0,0,0,0,0,0,0,0,0,0,0,0,0,0,0,0,0,0,0,0,0,0,0,0,0,0	393,328,44,144,68,92,205,19,31,22,9,5,69,9,12,17,248,183,81,36,8,2,0,0,0,0,0,0,0,0,0,0,0,0,0,0,0,0,0,0	2	2222	1450	2222	9	1451	38674	820	832,514,73,24,3,1,0,1,2,0,0,0,0,0,0,0,0,0,0,0,0,0,0,0,0,0,0,0,0,0,0,0,0,0,0,0,0,0,0,0	161,45,44,136,29,17,196,56,32,43,27,18,25,8,34,10,253,174,93,37,11,2,0,0,0,0,0,0,0,0,0,0,0,0,0,0,0,0,0,0
tb.dut.clusters[0].cluster.sockets[0].socket.cores[0].core.lmem_unit.genblk4[0].lsu_adapter.mem_bus_if[2]	11	270	31897	3579	2025	3579	11	2025	37317	804	871,946,114,26,54,7,3,1,2,0,1,0,0,0,0,0,0,0,0,0,0,0,0,0,0,0,0,0,0,0,0,0,0,0,0,0,0,0,0,0	395,327,41,146,69,91,204,17,33,22,9,5,69,8,13,14,252,185,79,36,8,2,0,0,0,0,0,0,0,0,0,0,0,0,0,0,0,0,0,0	2	2230	1450	2230	9	1451	38666	820	827,518,73,24,4,1,0,1,2,0,0,0,0,0,0,0,0,0,0,0,0,0,0,0,0,0,0,0,0,0,0,0,0,0,0,0,0,0,0,0	162,44,45,137,25,19,196,56,31,40,28,18,23,10,33,11,256,176,91,36,12,2,0,0,0,0,0,0,0,0,0,0,0,0,0,0,0,0,0,0
tb.dut.clusters[0].cluster.sockets[0].socket.cores[0].core.lmem_unit.genblk4[0].lsu_adapter.mem_bus_if[3]	11	270	33877	3568	2024	3568	11	2024	37328	804	886,929,112,28,54,8,3,1,2,0,1,0,0,0,0,0,0,0,0,0,0,0,0,0,0,0,0,0,0,0,0,0,0,0,0,0,0,0,0,0	394,326,43,142,71,90,205,17,33,23,9,5,69,8,14,16,249,184,80,36,8,2,0,0,0,0,0,0,0,0,0,0,0,0,0,0,0,0,0,0	2	2232	1451	2232	9	1452	38664	820	827,519,74,22,5,1,0,1,2,0,0,0,0,0,0,0,0,0,0,0,0,0,0,0,0,0,0,0,0,0,0,0,0,0,0,0,0,0,0,0	162,47,42,136,29,18,196,56,31,41,26,18,24,9,34,10,256,173,94,35,13,2,0,0,0,0,0,0,0,0,0,0,0,0,0,0,0,0,0,0
tb.dut.clusters[0].cluster.sockets[0].socket.cores[0].core.lmem_unit.lmem_bus_if[0]	9	270	26524	3567	2033	3567	11	2033	37329	804	918,899,114,32,55,8,3,1,2,0,1,0,0,0,0,0,0,0,0,0,0,0,0,0,0,0,0,0,0,0,0,0,0,0,0,0,0,0,0,0	397,324,41,144,72,89,219,18,33,23,9,5,69,9,12,15,245,182,82,35,8,2,0,0,0,0,0,0,0,0,0,0,0,0,0,0,0,0,0,0	2	2244	1460	2244	11	1461	38652	820	863,484,78,22,3,3,3,1,2,0,1,0,0,0,0,0,0,0,0,0,0,0,0,0,0,0,0,0,0,0,0,0,0,0,0,0,0,0,0,0	162,44,40,130,25,17,221,57,38,45,34,14,25,12,25,10,251,170,91,37,11,2,0,0,0,0,0,0,0,0,0,0,0,0,0,0,0,0,0,0
tb.dut.clusters[0].cluster.sockets[0].socket.cores[0].core.lmem_unit.lmem_bus_if[1]	9	270	29495	3575	2025	3575	11	2025	37321	804	877,939,114,27,54,7,3,1,2,0,1,0,0,0,0,0,0,0,0,0,0,0,0,0,0,0,0,0,0,0,0,0,0,0,0,0,0,0,0,0	393,328,44,144,68,92,205,19,31,22,9,5,69,9,12,17,248,183,81,36,8,2,0,0,0,0,0,0,0,0,0,0,0,0,0,0,0,0,0,0	2	2222	1450	2222	9	1451	38674	820	832,514,73,24,3,1,0,1,2,0,0,0,0,0,0,0,0,0,0,0,0,0,0,0,0,0,0,0,0,0,0,0,0,0,0,0,0,0,0,0	161,45,44,136,29,17,196,56,32,43,27,18,25,8,34,10,253,174,93,37,11,2,0,0,0,0,0,0,0,0,0,0,0,0,0,0,0,0,0,0
tb.dut.clusters[0].cluster.sockets[0].socket.cores[0].core.lmem_unit.lmem_bus_if[2]	9	270	31897	3579	2025	3579	11	2025	37317	804	871,946,114,26,54,7,3,1,2,0,1,0,0,0,0,0,0,0,0,0,0,0,0,0,0,0,0,0,0,0,0,0,0,0,0,0,0,0,0,0	395,327,41,146,69,91,204,17,33,22,9,5,69,8,13,14,252,185,79,36,8,2,0,0,0,0,0,0,0,0,0,0,0,0,0,0,0,0,0,0	2	2230	1450	2230	9	1451	38666	820	827,518,73,24,4,1,0,1,2,0,0,0,0,0,0,0,0,0,0,0,0,0,0,0,0,0,0,0,0,0,0,0,0,0,0,0,0,0,0,0	162,44,45,137,25,19,196,56,31,40,28,18,23,10,33,11,256,176,91,36,12,2,0,0,0,0,0,0,0,0,0,0,0,0,0,0,0,0,0,0
tb.dut.clusters[0].cluster.sockets[0].socket.cores[0].core.lmem_unit.lmem_bus_if[3]	9	270	33877	3568	2024	3568	11	2024	37328	804	886,929,112,28,54,8,3,1,2,0,1,0,0,0,0,0,0,0,0,0,0,0,0,0,0,0,0,0,0,0,0,0,0,0,0,0,0,0,0,0	394,326,43,142,71,90,205,17,33,23,9,5,69,8,14,16,249,184,80,36,8,2,0,0,0,0,0,0,0,0,0,0,0,0,0,0,0,0,0,0	2	2232	1451	2232	9	1452	38664	820	827,519,74,22,5,1,0,1,2,0,0,0,0,0,0,0,0,0,0,0,0,0,0,0,0,0,0,0,0,0,0,0,0,0,0,0,0,0,0,0	162,47,42,136,29,18,196,56,31,41,26,18,24,9,34,10,256,173,94,35,13,2,0,0,0,0,0,0,0,0,0,0,0,0,0,0,0,0,0,0
tb.dut.clusters[0].cluster.sockets[0].socket.cores[0].core.lmem_unit.local_mem	9	2937	424494	5723	1407	5723	39	1407	35173	804	146,108,268,330,389,84,34,14,8,9,4,1,2,0,4,1,4,1,0,0,0,0,0,0,0,0,0,0,0,0,0,0,0,0,0,0,0,0,0,0	99,89,64,63,158,128,77,16,30,17,25,20,39,9,18,45,209,182,74,35,8,2,0,0,0,0,0,0,0,0,0,0,0,0,0,0,0,0,0,0	15	4079	1263	4079	17	1263	36817	836	110,213,543,255,81,24,12,5,6,6,3,0,1,2,0,1,1,0,0,0,0,0,0,0,0,0,0,0,0,0,0,0,0,0,0,0,0,0,0,0	50,69,107,38,50,142,59,41,28,23,8,17,19,21,18,16,231,184,91,40,9,2,0,0,0,0,0,0,0,0,0,0,0,0,0,0,0,0,0,0
tb.dut.clusters[0].cluster.sockets[0].socket.cores[0].core.lmem_unit.local_mem.genblk6[0]	10	47	6961	1546	1071	1546	5	1072	39350	1475	679,327,50,12,3,0,0,0,0,0,0,0,0,0,0,0,0,0,0,0,0,0,0,0,0,0,0,0,0,0,0,0,0,0,0,0,0,0,0,0	93,32,28,98,32,10,101,28,28,20,18,17,25,10,11,8,215,135,103,41,15,3,1,0,0,0,0,0,0,0,0,0,0,0,0,0,0,0,0,0	2	1262	913	1262	5	914	39634	1887	609,261,42,0,1,0,0,0,0,0,0,0,0,0,0,0,0,0,0,0,0,0,0,0,0,0,0,0,0,0,0,0,0,0,0,0,0,0,0,0	66,27,23,71,28,9,97,27,20,17,10,15,19,8,13,8,184,105,101,42,18,5,1,0,0,0,0,0,0,0,0,0,0,0,0,0,0,0,0,0
tb.dut.clusters[0].cluster.sockets[0].socket.cores[0].core.lmem_unit.local_mem.genblk6[1]	10	47	6961	1546	1071	1546	5	1072	39350	1475	679,327,50,12,3,0,0,0,0,0,0,0,0,0,0,0,0,0,0,0,0,0,0,0,0,0,0,0,0,0,0,0,0,0,0,0,0,0,0,0	93,32,28,98,32,10,101,28,28,20,18,17,25,10,11,8,215,135,103,41,15,3,1,0,0,0,0,0,0,0,0,0,0,0,0,0,0,0,0,0	2	1262	913	1262	5	914	39634	1887	609,261,42,0,1,0,0,0,0,0,0,0,0,0,0,0,0,0,0,0,0,0,0,0,0,0,0,0,0,0,0,0,0,0,0,0,0,0,0,0	66,27,23,71,28,9,97,27,20,17,10,15,19,8,13,8,184,105,101,42,18,5,1,0,0,0,0,0,0,0,0,0,0,0,0,0,0,0,0,0
tb.dut.clusters[0].cluster.sockets[0].socket.cores[0].core.lmem_unit.local_mem.genblk6[2]	10	47	6961	1546	1071	1546	5	1072	39350	1475	679,327,50,12,3,0,0,0,0,0,0,0,0,0,0,0,0,0,0,0,0,0,0,0,0,0,0,0,0,0,0,0,0,0,0,0,0,0,0,0	93,32,28,98,32,10,101,28,28,20,18,17,25,10,11,8,215,135,103,41,15,3,1,0,0,0,0,0,0,0,0,0,0,0,0,0,0,0,0,0	2	1262	913	1262	5	914	39634	1887	609,261,42,0,1,0,0,0,0,0,0,0,0,0,0,0,0,0,0,0,0,0,0,0,0,0,0,0,0,0,0,0,0,0,0,0,0,0,0,0	66,27,23,71,28,9,97,27,20,17,10,15,19,8,13,8,184,105,101,42,18,5,1,0,0,0,0,0,0,0,0,0,0,0,0,0,0,0,0,0
tb.dut.clusters[0].cluster.sockets[0].socket.cores[0].core.lmem_unit.local_mem.genblk6[3]	10	47	6961	1546	1071	1546	5	1072	39350	1475	679,327,50,12,3,0,0,0,0,0,0,0,0,0,0,0,0,0,0,0,0,0,0,0,0,0,0,0,0,0,0,0,0,0,0,0,0,0,0,0	93,32,28,98,32,10,101,28,28,20,18,17,25,10,11,8,215,135,103,41,15,3,1,0,0,0,0,0,0,0,0,0,0,0,0,0,0,0,0,0	2	1262	913	1262	5	914	39634	1887	609,261,42,0,1,0,0,0,0,0,0,0,0,0,0,0,0,0,0,0,0,0,0,0,0,0,0,0,0,0,0,0,0,0,0,0,0,0,0,0	66,27,23,71,28,9,97,27,20,17,10,15,19,8,13,8,184,105,101,42,18,5,1,0,0,0,0,0,0,0,0,0,0,0,0,0,0,0,0,0
tb.dut.clusters[0].cluster.sockets[0].socket.cores[0].core.lmem_unit.local_mem.mem_bus_if[0]	10	270	26524	3567	2033	3567	11	2033	37329	804	918,899,114,32,55,8,3,1,2,0,1,0,0,0,0,0,0,0,0,0,0,0,0,0,0,0,0,0,0,0,0,0,0,0,0,0,0,0,0,0	397,324,41,144,72,89,219,18,33,23,9,5,69,9,12,15,245,182,82,35,8,2,0,0,0,0,0,0,0,0,0,0,0,0,0,0,0,0,0,0	2	2244	1460	2244	11	1461	38652	820	863,484,78,22,3,3,3,1,2,0,1,0,0,0,0,0,0,0,0,0,0,0,0,0,0,0,0,0,0,0,0,0,0,0,0,0,0,0,0,0	162,44,40,130,25,17,221,57,38,45,34,14,25,12,25,10,251,170,91,37,11,2,0,0,0,0,0,0,0,0,0,0,0,0,0,0,0,0,0,0
tb.dut.clusters[0].cluster.sockets[0].socket.cores[0].core.lmem_unit.local_mem.mem_bus_if[1]	10	270	29495	3575	2025	3575	11	2025	37321	804	877,939,114,27,54,7,3,1,2,0,1,0,0,0,0,0,0,0,0,0,0,0,0,0,0,0,0,0,0,0,0,0,0,0,0,0,0,0,0,0	393,328,44,144,68,92,205,19,31,22,9,5,69,9,12,17,248,183,81,36,8,2,0,0,0,0,0,0,0,0,0,0,0,0,0,0,0,0,0,0	2	2222	1450	2222	9	1451	38674	820	832,514,73,24,3,1,0,1,2,0,0,0,0,0,0,0,0,0,0,0,0,0,0,0,0,0,0,0,0,0,0,0,0,0,0,0,0,0,0,0	161,45,44,136,29,17,196,56,32,43,27,18,25,8,34,10,253,174,93,37,11,2,0,0,0,0,0,0,0,0,0,0,0,0,0,0,0,0,0,0
tb.dut.clusters[0].cluster.sockets[0].socket.cores[0].core.lmem_unit.local_mem.mem_bus_if[2]	10	270	31897	3579	2025	3579	11	2025	37317	804	871,946,114,26,54,7,3,1,2,0,1,0,0,0,0,0,0,0,0,0,0,0,0,0,0,0,0,0,0,0,0,0,0,0,0,0,0,0,0,0	395,327,41,146,69,91,204,17,33,22,9,5,69,8,13,14,252,185,79,36,8,2,0,0,0,0,0,0,0,0,0,0,0,0,0,0,0,0,0,0	2	2230	1450	2230	9	1451	38666	820	827,518,73,24,4,1,0,1,2,0,0,0,0,0,0,0,0,0,0,0,0,0,0,0,0,0,0,0,0,0,0,0,0,0,0,0,0,0,0,0	162,44,45,137,25,19,196,56,31,40,28,18,23,10,33,11,256,176,91,36,12,2,0,0,0,0,0,0,0,0,0,0,0,0,0,0,0,0,0,0
tb.dut.clusters[0].cluster.sockets[0].socket.cores[0].core.lmem_unit.local_mem.mem_bus_if[3]	10	270	33877	3568	2024	3568	11	2024	37328	804	886,929,112,28,54,8,3,1,2,0,1,0,0,0,0,0,0,0,0,0,0,0,0,0,0,0,0,0,0,0,0,0,0,0,0,0,0,0,0,0	394,326,43,142,71,90,205,17,33,23,9,5,69,8,14,16,249,184,80,36,8,2,0,0,0,0,0,0,0,0,0,0,0,0,0,0,0,0,0,0	2	2232	1451	2232	9	1452	38664	820	827,519,74,22,5,1,0,1,2,0,0,0,0,0,0,0,0,0,0,0,0,0,0,0,0,0,0,0,0,0,0,0,0,0,0,0,0,0,0,0	162,47,42,136,29,18,196,56,31,41,26,18,24,9,34,10,256,173,94,35,13,2,0,0,0,0,0,0,0,0,0,0,0,0,0,0,0,0,0,0
tb.dut.clusters[0].cluster.sockets[0].socket.cores[0].core.lmem_unit.lsu_mem_in_if[0]	9	613	175600	5827	2127	5827	42	2127	35069	797	276,1261,69,279,46,117,28,28,3,6,1,3,2,1,0,2,4,1,0,0,0,0,0,0,0,0,0,0,0,0,0,0,0,0,0,0,0,0,0,0	253,329,70,243,100,245,162,16,27,22,17,8,74,6,4,19,318,107,66,31,8,2,0,0,0,0,0,0,0,0,0,0,0,0,0,0,0,0,0,0	4	3991	2258	3991	11	2258	36905	804	1082,895,136,67,55,8,5,7,2,0,1,0,0,0,0,0,0,0,0,0,0,0,0,0,0,0,0,0,0,0,0,0,0,0,0,0,0,0,0,0	510,261,95,195,91,64,244,46,41,20,18,7,75,6,7,19,327,114,73,35,8,2,0,0,0,0,0,0,0,0,0,0,0,0,0,0,0,0,0,0
tb.dut.clusters[0].cluster.sockets[0].socket.cores[0].core.lmem_unit.lsu_mem_out_if[0]	9	613	171060	6902	2108	6902	43	2108	33994	790	121,730,839,54,176,42,50,10,52,7,7,3,1,4,1,2,5,4,0,0,0,0,0,0,0,0,0,0,0,0,0,0,0,0,0,0,0,0,0,0	337,314,159,266,35,265,15,17,26,9,10,67,22,6,26,17,309,100,67,31,8,2,0,0,0,0,0,0,0,0,0,0,0,0,0,0,0,0,0,0	4	3911	3025	3911	11	3025	36985	790	2435,417,114,32,10,8,6,0,0,1,2,0,0,0,0,0,0,0,0,0,0,0,0,0,0,0,0,0,0,0,0,0,0,0,0,0,0,0,0,0	1255,184,237,179,106,29,260,33,29,26,19,67,13,8,27,11,329,99,69,35,8,2,0,0,0,0,0,0,0,0,0,0,0,0,0,0,0,0,0,0
tb.dut.clusters[0].cluster.sockets[0].socket.cores[0].core.lmem_unit.lsu_switch_if[0]	9	613	114806	3736	2049	3736	11	2049	37160	804	748,1028,211,43,4,7,4,1,2,0,1,0,0,0,0,0,0,0,0,0,0,0,0,0,0,0,0,0,0,0,0,0,0,0,0,0,0,0,0,0	221,251,338,157,110,16,215,34,15,25,7,9,65,16,11,27,233,176,79,34,8,2,0,0,0,0,0,0,0,0,0,0,0,0,0,0,0,0,0,0	4	2497	1544	2497	11	1544	38399	804	794,632,76,26,5,4,3,1,2,0,1,0,0,0,0,0,0,0,0,0,0,0,0,0,0,0,0,0,0,0,0,0,0,0,0,0,0,0,0,0	189,47,39,152,31,15,233,63,47,40,17,13,62,9,11,16,249,175,86,39,9,2,0,0,0,0,0,0,0,0,0,0,0,0,0,0,0,0,0,0
tb.dut.clusters[0].cluster.sockets[0].socket.cores[0].core.lsu_dcache_if[0]	8	613	171060	6902	2108	6902	43	2108	33994	790	121,730,839,54,176,42,50,10,52,7,7,3,1,4,1,2,5,4,0,0,0,0,0,0,0,0,0,0,0,0,0,0,0,0,0,0,0,0,0,0	337,314,159,266,35,265,15,17,26,9,10,67,22,6,26,17,309,100,67,31,8,2,0,0,0,0,0,0,0,0,0,0,0,0,0,0,0,0,0,0	4	3911	3025	3911	11	3025	36985	790	2435,417,114,32,10,8,6,0,0,1,2,0,0,0,0,0,0,0,0,0,0,0,0,0,0,0,0,0,0,0,0,0,0,0,0,0,0,0,0,0	1255,184,237,179,106,29,260,33,29,26,19,67,13,8,27,11,329,99,69,35,8,2,0,0,0,0,0,0,0,0,0,0,0,0,0,0,0,0,0,0
tb.dut.clusters[0].cluster.sockets[0].socket.cores[0].core.lsu_mem_if[0]	8	613	175600	5827	2127	5827	42	2127	35069	797	276,1261,69,279,46,117,28,28,3,6,1,3,2,1,0,2,4,1,0,0,0,0,0,0,0,0,0,0,0,0,0,0,0,0,0,0,0,0,0,0	253,329,70,243,100,245,162,16,27,22,17,8,74,6,4,19,318,107,66,31,8,2,0,0,0,0,0,0,0,0,0,0,0,0,0,0,0,0,0,0	4	3991	2258	3991	11	2258	36905	804	1082,895,136,67,55,8,5,7,2,0,1,0,0,0,0,0,0,0,0,0,0,0,0,0,0,0,0,0,0,0,0,0,0,0,0,0,0,0,0,0	510,261,95,195,91,64,244,46,41,20,18,7,75,6,7,19,327,114,73,35,8,2,0,0,0,0,0,0,0,0,0,0,0,0,0,0,0,0,0,0
tb.dut.clusters[0].cluster.sockets[0].socket.cores[0].core.sched_csr_if	8	70	84942	40866	2	40866	40862	2	30	20	0,0,0,1,0,0,0,0,0,0,0,0,0,0,0,0,0,0,0,0,0,0,0,0,0,0,0,1,0,0,0,0,0,0,0,0,0,0,0,0	0,0,0,0,0,0,0,0,0,1,0,0,0,0,0,0,1,0,0,0,0,0,0,0,0,0,0,0,0,0,0,0,0,0,0,0,0,0,0,0	2	21359	19507	21359	11	19508	19537	21	18715,0,703,0,65,0,12,0,3,0,9,0,0,0,0,0,0,0,0,0,0,0,0,0,0,0,0,0,0,0,0,0,0,0,0,0,0,0,0,0	19506,0,0,0,0,0,0,0,0,1,0,0,0,0,0,0,1,0,0,0,0,0,0,0,0,0,0,0,0,0,0,0,0,0,0,0,0,0,0,0
tb.dut.clusters[0].cluster.sockets[0].socket.cores[0].core.schedule	8	3788	990215	40874	4	40874	40864	4	22	10	1,0,1,0,0,1,0,0,0,0,0,0,0,0,0,0,0,0,0,0,0,0,0,0,0,0,0,1,0,0,0,0,0,0,0,0,0,0,0,0	0,0,1,1,1,0,0,0,0,1,0,0,0,0,0,0,0,0,0,0,0,0,0,0,0,0,0,0,0,0,0,0,0,0,0,0,0,0,0,0	19	21465	4099	21465	91	4100	19431	286	592,447,784,611,683,212,93,79,107,106,82,29,20,45,35,31,106,30,7,0,0,0,0,0,0,0,0,0,0,0,0,0,0,0,0,0,0,0,0,0	1320,798,856,360,103,90,76,39,49,54,32,31,18,20,52,12,131,36,19,3,1,0,0,0,0,0,0,0,0,0,0,0,0,0,0,0,0,0,0,0
tb.dut.clusters[0].cluster.sockets[0].socket.cores[0].core.schedule.branch_ctl_if[0]	9	35	94451	10081	3506	10081	15	3507	30815	952	77,1993,414,620,262,77,25,18,7,8,2,1,1,0,1,0,0,0,0,0,0,0,0,0,0,0,0,0,0,0,0,0,0,0,0,0,0,0,0,0	626,480,335,552,145,213,181,130,104,138,64,38,39,39,47,24,201,102,33,11,2,3,0,0,0,0,0,0,0,0,0,0,0,0,0,0,0,0,0,0	2	9287	3703	9287	13	3704	31609	952	514,1991,457,463,183,54,17,14,6,2,1,0,1,0,0,0,0,0,0,0,0,0,0,0,0,0,0,0,0,0,0,0,0,0,0,0,0,0,0,0	748,479,348,568,178,206,173,131,113,130,75,49,38,43,49,24,198,104,34,11,2,3,0,0,0,0,0,0,0,0,0,0,0,0,0,0,0,0,0,0
tb.dut.clusters[0].cluster.sockets[0].socket.cores[0].core.schedule.commit_sched_if	9	4	14902	12885	5120	12885	39	5121	28011	327	966,2516,515,665,306,69,27,24,14,8,3,3,1,0,2,0,0,1,0,0,0,0,0,0,0,0,0,0,0,0,0,0,0,0,0,0,0,0,0,0	1608,678,449,600,192,340,237,144,125,161,42,116,37,26,48,23,197,92,5,0,1,0,0,0,0,0,0,0,0,0,0,0,0,0,0,0,0,0,0,0	2	2017	1350	2017	13	1351	38879	2916	886,323,112,13,8,5,2,0,0,0,0,0,1,0,0,0,0,0,0,0,0,0,0,0,0,0,0,0,0,0,0,0,0,0,0,0,0,0,0,0	54,32,25,101,113,22,20,8,25,79,112,41,27,28,17,22,339,197,64,15,6,2,0,2,0,0,0,0,0,0,0,0,0,0,0,0,0,0,0,0
tb.dut.clusters[0].cluster.sockets[0].socket.cores[0].core.schedule.decode_sched_if	9	4	30428	14201	4721	14201	77	4722	26695	389	11,2619,556,993,488,17,2,6,0,3,0,2,1,4,1,3,10,1,4,0,0,0,0,0,0,0,0,0,0,0,0,0,0,0,0,0,0,0,0,0	1072,937,575,1410,16,90,65,32,33,26,8,19,22,31,57,33,209,55,17,9,6,0,0,0,0,0,0,0,0,0,0,0,0,0,0,0,0,0,0,0	2	10319	5414	10319	64	5415	30577	950	2525,1892,467,305,188,9,8,2,1,0,4,1,3,1,1,0,5,2,0,0,0,0,0,0,0,0,0,0,0,0,0,0,0,0,0,0,0,0,0,0	1890,973,524,958,181,90,85,60,60,49,31,21,20,31,63,41,224,74,23,10,6,1,0,0,0,0,0,0,0,0,0,0,0,0,0,0,0,0,0,0
tb.dut.clusters[0].cluster.sockets[0].socket.cores[0].core.schedule.genblk4[0]	9	272	40834	9531	4173	9531	15	4174	31365	515	0,3315,637,155,49,9,2,3,2,0,0,0,0,0,1,0,0,0,0,0,0,0,0,0,0,0,0,0,0,0,0,0,0,0,0,0,0,0,0,0	455,132,356,1879,84,22,23,20,31,413,228,33,6,11,39,24,324,67,24,1,1,1,0,0,0,0,0,0,0,0,0,0,0,0,0,0,0,0,0,0	2	9529	4173	9529	15	4174	31367	515	1,3315,636,155,49,9,2,3,2,0,0,0,0,0,1,0,0,0,0,0,0,0,0,0,0,0,0,0,0,0,0,0,0,0,0,0,0,0,0,0	455,131,357,1879,84,22,23,20,31,413,228,33,6,11,39,24,324,67,24,1,1,1,0,0,0,0,0,0,0,0,0,0,0,0,0,0,0,0,0,0
tb.dut.clusters[0].cluster.sockets[0].socket.cores[0].core.schedule.genblk4[0].counter	10	272	40834	9531	4173	9531	15	4174	31365	515	0,3315,637,155,49,9,2,3,2,0,0,0,0,0,1,0,0,0,0,0,0,0,0,0,0,0,0,0,0,0,0,0,0,0,0,0,0,0,0,0	455,132,356,1879,84,22,23,20,31,413,228,33,6,11,39,24,324,67,24,1,1,1,0,0,0,0,0,0,0,0,0,0,0,0,0,0,0,0,0,0	2	9529	4173	9529	15	4174	31367	515	1,3315,636,155,49,9,2,3,2,0,0,0,0,0,1,0,0,0,0,0,0,0,0,0,0,0,0,0,0,0,0,0,0,0,0,0,0,0,0,0	455,131,357,1879,84,22,23,20,31,413,228,33,6,11,39,24,324,67,24,1,1,1,0,0,0,0,0,0,0,0,0,0,0,0,0,0,0,0,0,0
tb.dut.clusters[0].cluster.sockets[0].socket.cores[0].core.schedule.genblk4[0].counter.genblk3	11	24	18168	8227	3590	8227	9	3591	32669	515	0,2842,541,143,48,9,3,3,1,0,0,0,0,0,0,0,0,0,0,0,0,0,0,0,0,0,0,0,0,0,0,0,0,0,0,0,0,0,0,0	442,119,347,1256,128,27,29,26,24,363,178,80,9,14,8,150,195,162,31,1,1,1,0,0,0,0,0,0,0,0,0,0,0,0,0,0,0,0,0,0	2	5746	2592	5746	8	2593	35150	607	59,2041,387,90,10,3,0,2,0,0,0,0,0,0,0,0,0,0,0,0,0,0,0,0,0,0,0,0,0,0,0,0,0,0,0,0,0,0,0,0	345,73,288,8,128,15,24,62,52,623,190,19,30,14,4,167,332,179,32,5,2,1,0,0,0,0,0,0,0,0,0,0,0,0,0,0,0,0,0,0
tb.dut.clusters[0].cluster.sockets[0].socket.cores[0].core.schedule.genblk4[1]	9	272	34102	8130	3580	8130	11	3581	32766	2870	1,2876,510,147,33,6,3,1,2,0,1,0,0,0,0,0,0,0,0,0,0,0,0,0,0,0,0,0,0,0,0,0,0,0,0,0,0,0,0,0	331,134,270,1673,74,26,18,20,19,340,212,22,5,11,27,20,296,55,20,5,1,0,0,2,0,0,0,0,0,0,0,0,0,0,0,0,0,0,0,0	2	8128	3579	8128	11	3580	32768	2870	1,2875,510,147,33,6,3,1,2,0,1,0,0,0,0,0,0,0,0,0,0,0,0,0,0,0,0,0,0,0,0,0,0,0,0,0,0,0,0,0	331,133,271,1673,74,26,18,20,19,340,212,22,5,11,27,20,295,55,20,5,1,0,0,2,0,0,0,0,0,0,0,0,0,0,0,0,0,0,0,0
tb.dut.clusters[0].cluster.sockets[0].socket.cores[0].core.schedule.genblk4[1].counter	10	272	34102	8130	3580	8130	11	3581	32766	2870	1,2876,510,147,33,6,3,1,2,0,1,0,0,0,0,0,0,0,0,0,0,0,0,0,0,0,0,0,0,0,0,0,0,0,0,0,0,0,0,0	331,134,270,1673,74,26,18,20,19,340,212,22,5,11,27,20,296,55,20,5,1,0,0,2,0,0,0,0,0,0,0,0,0,0,0,0,0,0,0,0	2	8128	3579	8128	11	3580	32768	2870	1,2875,510,147,33,6,3,1,2,0,1,0,0,0,0,0,0,0,0,0,0,0,0,0,0,0,0,0,0,0,0,0,0,0,0,0,0,0,0,0	331,133,271,1673,74,26,18,20,19,340,212,22,5,11,27,20,295,55,20,5,1,0,0,2,0,0,0,0,0,0,0,0,0,0,0,0,0,0,0,0
tb.dut.clusters[0].cluster.sockets[0].socket.cores[0].core.schedule.genblk4[1].counter.genblk3	11	24	14880	6888	3014	6888	10	3015	34008	2870	0,2398,437,136,33,5,2,0,2,1,0,0,0,0,0,0,0,0,0,0,0,0,0,0,0,0,0,0,0,0,0,0,0,0,0,0,0,0,0,0	312,125,266,1075,82,37,27,21,19,303,158,60,11,11,5,142,186,143,24,5,1,0,0,2,0,0,0,0,0,0,0,0,0,0,0,0,0,0,0,0	2	4719	2142	4719	6	2143	36177	2942	60,1688,307,75,10,2,0,0,0,0,0,0,0,0,0,0,0,0,0,0,0,0,0,0,0,0,0,0,0,0,0,0,0,0,0,0,0,0,0,0	235,75,218,5,98,23,22,42,44,530,167,19,12,11,6,152,288,153,32,8,1,0,0,2,0,0,0,0,0,0,0,0,0,0,0,0,0,0,0,0
tb.dut.clusters[0].cluster.sockets[0].socket.cores[0].core.schedule.genblk4[2]	9	272	34536	8247	3601	8247	11	3602	32649	2870	1,2875,504,163,31,21,2,1,2,0,1,0,0,0,0,0,0,0,0,0,0,0,0,0,0,0,0,0,0,0,0,0,0,0,0,0,0,0,0,0	302,136,261,1645,130,23,23,14,23,342,204,37,12,7,27,28,298,62,22,3,1,0,1,1,0,0,0,0,0,0,0,0,0,0,0,0,0,0,0,0	2	8245	3600	8245	11	3601	32651	2870	1,2874,504,163,31,21,2,1,2,0,1,0,0,0,0,0,0,0,0,0,0,0,0,0,0,0,0,0,0,0,0,0,0,0,0,0,0,0,0,0	302,135,262,1645,130,23,23,14,23,342,204,37,12,7,27,28,297,62,22,3,1,0,1,1,0,0,0,0,0,0,0,0,0,0,0,0,0,0,0,0
tb.dut.clusters[0].cluster.sockets[0].socket.cores[0].core.schedule.genblk4[2].counter	10	272	34536	8247	3601	8247	11	3602	32649	2870	1,2875,504,163,31,21,2,1,2,0,1,0,0,0,0,0,0,0,0,0,0,0,0,0,0,0,0,0,0,0,0,0,0,0,0,0,0,0,0,0	302,136,261,1645,130,23,23,14,23,342,204,37,12,7,27,28,298,62,22,3,1,0,1,1,0,0,0,0,0,0,0,0,0,0,0,0,0,0,0,0	2	8245	3600	8245	11	3601	32651	2870	1,2874,504,163,31,21,2,1,2,0,1,0,0,0,0,0,0,0,0,0,0,0,0,0,0,0,0,0,0,0,0,0,0,0,0,0,0,0,0,0	302,135,262,1645,130,23,23,14,23,342,204,37,12,7,27,28,297,62,22,3,1,0,1,1,0,0,0,0,0,0,0,0,0,0,0,0,0,0,0,0
tb.dut.clusters[0].cluster.sockets[0].socket.cores[0].core.schedule.genblk4[2].counter.genblk3	11	24	15048	7024	3048	7024	9	3049	33872	2870	0,2415,425,153,30,21,2,1,1,0,0,0,0,0,0,0,0,0,0,0,0,0,0,0,0,0,0,0,0,0,0,0,0,0,0,0,0,0,0,0	290,127,250,1071,131,28,35,16,16,297,174,63,23,8,8,139,199,143,24,4,1,0,1,1,0,0,0,0,0,0,0,0,0,0,0,0,0,0,0,0	2	4783	2171	4783	6	2172	36113	2942	77,1698,289,97,5,5,0,0,0,0,0,0,0,0,0,0,0,0,0,0,0,0,0,0,0,0,0,0,0,0,0,0,0,0,0,0,0,0,0,0	220,85,200,14,128,18,30,43,32,504,191,23,17,5,9,155,303,154,31,4,4,0,1,1,0,0,0,0,0,0,0,0,0,0,0,0,0,0,0,0
tb.dut.clusters[0].cluster.sockets[0].socket.cores[0].core.schedule.genblk4[3]	9	272	3910	916	382	916	5	383	39980	32044	1,282,53,38,8,0,0,0,0,0,0,0,0,0,0,0,0,0,0,0,0,0,0,0,0,0,0,0,0,0,0,0,0,0,0,0,0,0,0,0	23,15,30,135,11,4,7,5,6,28,12,2,5,5,12,6,46,18,7,3,1,0,0,1,0,0,1,0,0,0,0,0,0,0,0,0,0,0,0,0	2	914	381	914	5	382	39982	32044	1,281,53,38,8,0,0,0,0,0,0,0,0,0,0,0,0,0,0,0,0,0,0,0,0,0,0,0,0,0,0,0,0,0,0,0,0,0,0,0	23,14,31,135,11,4,7,5,6,28,12,2,5,5,12,6,45,18,7,3,1,0,0,1,0,0,1,0,0,0,0,0,0,0,0,0,0,0,0,0
tb.dut.clusters[0].cluster.sockets[0].socket.cores[0].core.schedule.genblk4[3].counter	10	272	3910	916	382	916	5	383	39980	32044	1,282,53,38,8,0,0,0,0,0,0,0,0,0,0,0,0,0,0,0,0,0,0,0,0,0,0,0,0,0,0,0,0,0,0,0,0,0,0,0	23,15,30,135,11,4,7,5,6,28,12,2,5,5,12,6,46,18,7,3,1,0,0,1,0,0,1,0,0,0,0,0,0,0,0,0,0,0,0,0	2	914	381	914	5	382	39982	32044	1,281,53,38,8,0,0,0,0,0,0,0,0,0,0,0,0,0,0,0,0,0,0,0,0,0,0,0,0,0,0,0,0,0,0,0,0,0,0,0	23,14,31,135,11,4,7,5,6,28,12,2,5,5,12,6,45,18,7,3,1,0,0,1,0,0,1,0,0,0,0,0,0,0,0,0,0,0,0,0
tb.dut.clusters[0].cluster.sockets[0].socket.cores[0].core.schedule.genblk4[3].counter.genblk3	11	24	1768	860	360	860	5	361	40036	32044	0,268,51,34,7,0,0,0,0,0,0,0,0,0,0,0,0,0,0,0,0,0,0,0,0,0,0,0,0,0,0,0,0,0,0,0,0,0,0,0	23,14,30,119,10,8,7,5,6,28,9,6,5,4,2,4,45,23,7,3,1,0,0,1,0,0,1,0,0,0,0,0,0,0,0,0,0,0,0,0	2	551	239	551	4	240	40345	32081	8,171,39,21,0,0,0,0,0,0,0,0,0,0,0,0,0,0,0,0,0,0,0,0,0,0,0,0,0,0,0,0,0,0,0,0,0,0,0,0	10,8,23,0,7,5,6,3,5,58,12,3,4,2,4,6,42,27,7,5,1,0,0,1,0,0,1,0,0,0,0,0,0,0,0,0,0,0,0,0
tb.dut.clusters[0].cluster.sockets[0].socket.cores[0].core.schedule.sched_csr_if	9	70	84942	40866	2	40866	40862	2	30	20	0,0,0,1,0,0,0,0,0,0,0,0,0,0,0,0,0,0,0,0,0,0,0,0,0,0,0,1,0,0,0,0,0,0,0,0,0,0,0,0	0,0,0,0,0,0,0,0,0,1,0,0,0,0,0,0,1,0,0,0,0,0,0,0,0,0,0,0,0,0,0,0,0,0,0,0,0,0,0,0	2	21359	19507	21359	11	19508	19537	21	18715,0,703,0,65,0,12,0,3,0,9,0,0,0,0,0,0,0,0,0,0,0,0,0,0,0,0,0,0,0,0,0,0,0,0,0,0,0,0,0	19506,0,0,0,0,0,0,0,0,1,0,0,0,0,0,0,1,0,0,0,0,0,0,0,0,0,0,0,0,0,0,0,0,0,0,0,0,0,0,0
tb.dut.clusters[0].cluster.sockets[0].socket.cores[0].core.schedule.schedule_if	9	40	109249	14374	4660	14374	80	4660	26522	472	6,2611,574,976,387,47,3,7,1,4,0,6,1,4,1,3,19,6,4,0,0,0,0,0,0,0,0,0,0,0,0,0,0,0,0,0,0,0,0,0	1028,918,579,1381,24,84,64,35,37,26,11,22,35,33,43,36,237,37,17,7,6,0,0,0,0,0,0,0,0,0,0,0,0,0,0,0,0,0,0,0	2	13519	5197	13519	80	5197	27377	472	552,2959,556,716,373,14,1,4,0,3,1,2,0,4,0,3,6,0,3,0,0,0,0,0,0,0,0,0,0,0,0,0,0,0,0,0,0,0,0,0	1475,991,588,1379,27,83,66,36,36,25,12,24,27,29,44,44,243,37,18,7,6,0,0,0,0,0,0,0,0,0,0,0,0,0,0,0,0,0,0,0
tb.dut.clusters[0].cluster.sockets[0].socket.cores[0].core.schedule.split_join	9	1609	8996	874	280	874	11	280	40022	2517	24,139,32,43,3,5,25,3,1,4,1,0,0,0,0,0,0,0,0,0,0,0,0,0,0,0,0,0,0,0,0,0,0,0,0,0,0,0,0,0	8,4,1,4,3,3,8,2,1,0,1,2,9,1,4,0,37,64,60,37,14,11,5,1,0,0,0,0,0,0,0,0,0,0,0,0,0,0,0,0	9	196	107	196	5	108	40700	8109	40,51,12,2,2,0,0,0,0,0,0,0,0,0,0,0,0,0,0,0,0,0,0,0,0,0,0,0,0,0,0,0,0,0,0,0,0,0,0,0	2,2,1,1,0,2,0,1,0,1,0,0,0,0,0,0,18,38,18,7,8,2,3,0,4,0,0,0,0,0,0,0,0,0,0,0,0,0,0,0
tb.dut.clusters[0].cluster.sockets[0].socket.cores[0].core.schedule.split_join.genblk1[0]	10	323	1158	190	109	190	4	110	40706	8112	38,63,6,2,0,0,0,0,0,0,0,0,0,0,0,0,0,0,0,0,0,0,0,0,0,0,0,0,0,0,0,0,0,0,0,0,0,0,0,0	2,1,2,1,0,2,0,1,0,1,0,0,0,0,0,0,20,38,18,7,8,2,3,0,4,0,0,0,0,0,0,0,0,0,0,0,0,0,0,0	2	164	100	164	4	101	40732	8112	45,48,5,2,0,0,0,0,0,0,0,0,0,0,0,0,0,0,0,0,0,0,0,0,0,0,0,0,0,0,0,0,0,0,0,0,0,0,0,0	2,1,0,3,0,1,0,1,0,1,0,0,0,0,0,0,12,41,16,5,9,2,3,0,4,0,0,0,0,0,0,0,0,0,0,0,0,0,0,0
tb.dut.clusters[0].cluster.sockets[0].socket.cores[0].core.schedule.split_join.genblk1[0].ipdom_stack	11	322	1156	190	109	190	4	110	40706	8112	38,63,6,2,0,0,0,0,0,0,0,0,0,0,0,0,0,0,0,0,0,0,0,0,0,0,0,0,0,0,0,0,0,0,0,0,0,0,0,0	2,1,2,1,0,2,0,1,0,1,0,0,0,0,0,0,20,38,18,7,8,2,3,0,4,0,0,0,0,0,0,0,0,0,0,0,0,0,0,0	2	162	99	162	4	100	40734	8112	45,47,5,2,0,0,0,0,0,0,0,0,0,0,0,0,0,0,0,0,0,0,0,0,0,0,0,0,0,0,0,0,0,0,0,0,0,0,0,0	2,1,0,2,1,1,0,1,0,1,0,0,0,0,0,0,11,41,16,5,9,2,3,0,4,0,0,0,0,0,0,0,0,0,0,0,0,0,0,0
tb.dut.clusters[0].cluster.sockets[0].socket.cores[0].core.schedule.split_join.genblk1[1]	10	323	1158	188	110	188	4	111	40708	8111	43,59,5,3,0,0,0,0,0,0,0,0,0,0,0,0,0,0,0,0,0,0,0,0,0,0,0,0,0,0,0,0,0,0,0,0,0,0,0,0	3,1,0,3,0,2,0,1,0,1,0,0,0,0,0,0,20,38,18,7,8,2,3,0,4,0,0,0,0,0,0,0,0,0,0,0,0,0,0,0	2	166	101	166	4	102	40730	8111	46,48,4,3,0,0,0,0,0,0,0,0,0,0,0,0,0,0,0,0,0,0,0,0,0,0,0,0,0,0,0,0,0,0,0,0,0,0,0,0	3,1,0,3,0,1,0,1,0,1,0,0,0,0,0,0,12,41,16,5,9,2,3,0,4,0,0,0,0,0,0,0,0,0,0,0,0,0,0,0
tb.dut.clusters[0].cluster.sockets[0].socket.cores[0].core.schedule.split_join.genblk1[1].ipdom_stack	11	322	1156	188	110	188	4	111	40708	8111	43,59,5,3,0,0,0,0,0,0,0,0,0,0,0,0,0,0,0,0,0,0,0,0,0,0,0,0,0,0,0,0,0,0,0,0,0,0,0,0	3,1,0,3,0,2,0,1,0,1,0,0,0,0,0,0,20,38,18,7,8,2,3,0,4,0,0,0,0,0,0,0,0,0,0,0,0,0,0,0	2	164	100	164	4	101	40732	8111	46,47,4,3,0,0,0,0,0,0,0,0,0,0,0,0,0,0,0,0,0,0,0,0,0,0,0,0,0,0,0,0,0,0,0,0,0,0,0,0	3,1,0,2,1,1,0,1,0,1,0,0,0,0,0,0,11,41,16,5,9,2,3,0,4,0,0,0,0,0,0,0,0,0,0,0,0,0,0,0
tb.dut.clusters[0].cluster.sockets[0].socket.cores[0].core.schedule.split_join.genblk1[2]	10	323	1158	192	112	192	4	113	40704	8110	41,64,5,2,0,0,0,0,0,0,0,0,0,0,0,0,0,0,0,0,0,0,0,0,0,0,0,0,0,0,0,0,0,0,0,0,0,0,0,0	4,1,1,3,0,2,0,1,0,1,0,0,0,0,0,0,20,38,18,7,8,2,3,0,4,0,0,0,0,0,0,0,0,0,0,0,0,0,0,0	2	167	102	167	4	103	40729	8110	46,49,5,2,0,0,0,0,0,0,0,0,0,0,0,0,0,0,0,0,0,0,0,0,0,0,0,0,0,0,0,0,0,0,0,0,0,0,0,0	2,2,0,4,0,1,0,1,0,1,0,0,0,0,0,0,12,41,16,5,9,2,3,0,4,0,0,0,0,0,0,0,0,0,0,0,0,0,0,0
tb.dut.clusters[0].cluster.sockets[0].socket.cores[0].core.schedule.split_join.genblk1[2].ipdom_stack	11	322	1156	192	112	192	4	113	40704	8110	41,64,5,2,0,0,0,0,0,0,0,0,0,0,0,0,0,0,0,0,0,0,0,0,0,0,0,0,0,0,0,0,0,0,0,0,0,0,0,0	4,1,1,3,0,2,0,1,0,1,0,0,0,0,0,0,20,38,18,7,8,2,3,0,4,0,0,0,0,0,0,0,0,0,0,0,0,0,0,0	2	165	101	165	4	102	40731	8110	46,48,5,2,0,0,0,0,0,0,0,0,0,0,0,0,0,0,0,0,0,0,0,0,0,0,0,0,0,0,0,0,0,0,0,0,0,0,0,0	2,2,0,3,1,1,0,1,0,1,0,0,0,0,0,0,11,41,16,5,9,2,3,0,4,0,0,0,0,0,0,0,0,0,0,0,0,0,0,0
tb.dut.clusters[0].cluster.sockets[0].socket.cores[0].core.schedule.split_join.genblk1[3]	10	323	841	184	110	184	4	111	40712	8113	45,58,5,2,0,0,0,0,0,0,0,0,0,0,0,0,0,0,0,0,0,0,0,0,0,0,0,0,0,0,0,0,0,0,0,0,0,0,0,0	3,1,0,3,0,2,0,1,0,1,0,0,0,0,0,0,20,38,18,7,8,2,3,0,4,0,0,0,0,0,0,0,0,0,0,0,0,0,0,0	2	163	100	163	4	101	40733	8113	46,47,5,2,0,0,0,0,0,0,0,0,0,0,0,0,0,0,0,0,0,0,0,0,0,0,0,0,0,0,0,0,0,0,0,0,0,0,0,0	2,1,0,3,0,1,0,1,0,1,0,0,0,0,0,0,12,41,16,5,9,2,3,0,4,0,0,0,0,0,0,0,0,0,0,0,0,0,0,0
tb.dut.clusters[0].cluster.sockets[0].socket.cores[0].core.schedule.split_join.genblk1[3].ipdom_stack	11	322	839	184	110	184	4	111	40712	8113	45,58,5,2,0,0,0,0,0,0,0,0,0,0,0,0,0,0,0,0,0,0,0,0,0,0,0,0,0,0,0,0,0,0,0,0,0,0,0,0	3,1,0,3,0,2,0,1,0,1,0,0,0,0,0,0,20,38,18,7,8,2,3,0,4,0,0,0,0,0,0,0,0,0,0,0,0,0,0,0	2	161	99	161	4	100	40735	8113	46,46,5,2,0,0,0,0,0,0,0,0,0,0,0,0,0,0,0,0,0,0,0,0,0,0,0,0,0,0,0,0,0,0,0,0,0,0,0,0	2,1,0,2,1,1,0,1,0,1,0,0,0,0,0,0,11,41,16,5,9,2,3,0,4,0,0,0,0,0,0,0,0,0,0,0,0,0,0,0
tb.dut.clusters[0].cluster.sockets[0].socket.cores[0].core.schedule.warp_ctl_if	9	98	2881	770	279	770	10	280	40126	2517	23,161,42,13,8,25,3,1,2,1,0,0,0,0,0,0,0,0,0,0,0,0,0,0,0,0,0,0,0,0,0,0,0,0,0,0,0,0,0,0	7,5,2,2,3,3,10,2,1,0,1,2,0,10,3,1,34,66,60,37,14,11,5,1,0,0,0,0,0,0,0,0,0,0,0,0,0,0,0,0	2	479	220	479	6	221	40417	2517	92,72,16,9,27,4,0,0,0,0,0,0,0,0,0,0,0,0,0,0,0,0,0,0,0,0,0,0,0,0,0,0,0,0,0,0,0,0,0,0	7,2,2,3,1,4,2,2,6,0,0,0,0,0,9,3,16,53,40,33,18,13,6,1,0,0,0,0,0,0,0,0,0,0,0,0,0,0,0,0
tb.dut.clusters[0].cluster.sockets[0].socket.cores[0].core.schedule_if	8	40	109249	14374	4660	14374	80	4660	26522	472	6,2611,574,976,387,47,3,7,1,4,0,6,1,4,1,3,19,6,4,0,0,0,0,0,0,0,0,0,0,0,0,0,0,0,0,0,0,0,0,0	1028,918,579,1381,24,84,64,35,37,26,11,22,35,33,43,36,237,37,17,7,6,0,0,0,0,0,0,0,0,0,0,0,0,0,0,0,0,0,0,0	2	13519	5197	13519	80	5197	27377	472	552,2959,556,716,373,14,1,4,0,3,1,2,0,4,0,3,6,0,3,0,0,0,0,0,0,0,0,0,0,0,0,0,0,0,0,0,0,0,0,0	1475,991,588,1379,27,83,66,36,36,25,12,24,27,29,44,44,243,37,18,7,6,0,0,0,0,0,0,0,0,0,0,0,0,0,0,0,0,0,0,0
tb.dut.clusters[0].cluster.sockets[0].socket.cores[0].core.warp_ctl_if	8	98	2881	770	279	770	10	280	40126	2517	23,161,42,13,8,25,3,1,2,1,0,0,0,0,0,0,0,0,0,0,0,0,0,0,0,0,0,0,0,0,0,0,0,0,0,0,0,0,0,0	7,5,2,2,3,3,10,2,1,0,1,2,0,10,3,1,34,66,60,37,14,11,5,1,0,0,0,0,0,0,0,0,0,0,0,0,0,0,0,0	2	479	220	479	6	221	40417	2517	92,72,16,9,27,4,0,0,0,0,0,0,0,0,0,0,0,0,0,0,0,0,0,0,0,0,0,0,0,0,0,0,0,0,0,0,0,0,0,0	7,2,2,3,1,4,2,2,6,0,0,0,0,0,9,3,16,53,40,33,18,13,6,1,0,0,0,0,0,0,0,0,0,0,0,0,0,0,0,0
tb.dut.clusters[0].cluster.sockets[0].socket.cores[0].core.writeback_if[0]	8	175	574662	15033	4424	15033	206	4425	25863	319	5,2329,653,721,392,128,60,43,24,17,12,6,3,0,4,0,3,20,2,2,0,0,0,0,0,0,0,0,0,0,0,0,0,0,0,0,0,0,0,0	1005,648,435,577,193,337,232,151,124,158,42,119,39,28,49,20,211,53,3,0,1,0,0,0,0,0,0,0,0,0,0,0,0,0,0,0,0,0,0,0	2	14673	4741	14673	39	4742	26223	319	344,2451,663,634,330,127,57,40,22,15,11,4,3,0,2,0,15,23,0,0,0,0,0,0,0,0,0,0,0,0,0,0,0,0,0,0,0,0,0,0	1311,655,437,579,193,338,232,150,125,155,43,119,40,28,49,20,208,56,3,0,1,0,0,0,0,0,0,0,0,0,0,0,0,0,0,0,0,0,0,0
tb.dut.clusters[0].cluster.sockets[0].socket.dcache	6	87133	10518939	12956	1048	12956	389	1048	27940	786	0,0,176,22,7,3,305,4,168,105,15,21,31,15,13,2,124,18,12,4,3,0,0,0,0,0,0,0,0,0,0,0,0,0,0,0,0,0,0,0	54,112,95,72,15,34,21,8,24,13,27,77,41,29,23,11,195,91,63,33,8,2,0,0,0,0,0,0,0,0,0,0,0,0,0,0,0,0,0,0	436	6371	2626	6371	63	2627	34525	820	1652,140,377,168,82,27,37,26,20,10,21,29,7,4,8,1,14,3,0,0,0,0,0,0,0,0,0,0,0,0,0,0,0,0,0,0,0,0,0,0	1380,205,132,59,101,53,37,36,20,27,19,13,7,14,24,16,281,83,70,36,9,5,0,0,0,0,0,0,0,0,0,0,0,0,0,0,0,0,0,0
tb.dut.clusters[0].cluster.sockets[0].socket.dcache.arb_core_bus_if[0]	7	474	75110	7859	2228	7859	384	2229	33037	791	352,1228,170,306,7,18,42,55,8,11,0,2,0,1,3,2,11,4,2,3,3,0,0,0,0,0,0,0,0,0,0,0,0,0,0,0,0,0,0,0	367,289,495,222,40,73,27,22,17,19,24,19,71,19,17,34,273,89,69,33,8,2,0,0,0,0,0,0,0,0,0,0,0,0,0,0,0,0,0,0	3	4334	3324	4334	14	3325	36562	794	2675,479,73,61,14,2,16,1,0,0,2,0,0,1,0,0,0,0,0,0,0,0,0,0,0,0,0,0,0,0,0,0,0,0,0,0,0,0,0,0	1508,253,256,280,220,32,21,24,22,15,19,7,14,65,22,18,332,105,69,33,8,2,0,0,0,0,0,0,0,0,0,0,0,0,0,0,0,0,0,0
tb.dut.clusters[0].cluster.sockets[0].socket.dcache.cache_mem_bus_if[0]	7	1296	176445	5375	1438	5375	384	1439	35521	804	198,971,28,106,46,40,3,22,0,2,0,1,0,0,0,3,6,4,3,4,1,0,0,0,0,0,0,0,0,0,0,0,0,0,0,0,0,0,0,0	298,109,32,146,60,50,39,15,17,18,33,21,116,28,16,30,203,79,72,42,8,7,0,0,0,0,0,0,0,0,0,0,0,0,0,0,0,0,0,0	7	3960	1326	3960	168	1327	36936	805	227,780,106,80,76,13,2,15,1,3,3,0,2,0,0,2,10,2,3,1,0,0,0,0,0,0,0,0,0,0,0,0,0,0,0,0,0,0,0,0	127,76,110,100,43,45,79,43,25,17,27,21,83,22,9,34,249,91,70,39,10,7,0,0,0,0,0,0,0,0,0,0,0,0,0,0,0,0,0,0
tb.dut.clusters[0].cluster.sockets[0].socket.dcache.caches[0]	7	73292	8678241	12954	1049	12954	389	1049	27942	786	1,0,176,22,7,4,305,3,168,105,15,21,31,15,13,2,124,18,12,4,3,0,0,0,0,0,0,0,0,0,0,0,0,0,0,0,0,0,0,0	55,112,95,72,15,34,21,8,24,13,27,77,40,30,23,11,195,91,63,33,8,2,0,0,0,0,0,0,0,0,0,0,0,0,0,0,0,0,0,0	367	6140	2452	6140	61	2453	34756	1204	1479,126,392,174,47,52,29,36,29,8,17,28,14,5,4,1,8,3,0,0,0,0,0,0,0,0,0,0,0,0,0,0,0,0,0,0,0,0,0,0	1306,105,118,46,95,61,46,47,28,27,18,20,5,15,20,18,281,77,69,38,8,4,1,0,0,0,0,0,0,0,0,0,0,0,0,0,0,0,0,0
tb.dut.clusters[0].cluster.sockets[0].socket.dcache.caches[0].cache_wrap	8	73291	8678239	12954	1049	12954	389	1049	27942	786	1,0,176,22,7,4,305,3,168,105,15,21,31,15,13,2,124,18,12,4,3,0,0,0,0,0,0,0,0,0,0,0,0,0,0,0,0,0,0,0	55,112,95,72,15,34,21,8,24,13,27,77,40,30,23,11,195,91,63,33,8,2,0,0,0,0,0,0,0,0,0,0,0,0,0,0,0,0,0,0	367	6140	2452	6140	61	2453	34756	1204	1479,126,392,174,47,52,29,36,29,8,17,28,14,5,4,1,8,3,0,0,0,0,0,0,0,0,0,0,0,0,0,0,0,0,0,0,0,0,0,0	1306,105,118,46,95,61,46,47,28,27,18,20,5,15,20,18,281,77,69,38,8,4,1,0,0,0,0,0,0,0,0,0,0,0,0,0,0,0,0,0
tb.dut.clusters[0].cluster.sockets[0].socket.dcache.caches[0].cache_wrap.core_bus_cache_if[0]	9	474	95188	7622	2187	7622	384	2188	33274	791	577,1074,180,120,18,62,5,85,2,10,3,12,0,4,0,11,12,4,2,4,2,0,0,0,0,0,0,0,0,0,0,0,0,0,0,0,0,0,0,0	361,470,192,208,197,9,17,34,21,18,21,21,14,71,11,38,280,92,70,33,8,2,0,0,0,0,0,0,0,0,0,0,0,0,0,0,0,0,0,0	3	4022	3116	4022	10	3117	36874	794	2604,298,111,49,42,4,7,0,0,1,0,0,0,0,0,0,0,0,0,0,0,0,0,0,0,0,0,0,0,0,0,0,0,0,0,0,0,0,0,0	1446,149,311,133,236,55,22,42,16,24,13,11,8,70,14,6,359,82,72,36,10,2,0,0,0,0,0,0,0,0,0,0,0,0,0,0,0,0,0,0
tb.dut.clusters[0].cluster.sockets[0].socket.dcache.caches[0].cache_wrap.core_bus_if[0]	9	474	75110	7859	2228	7859	384	2229	33037	791	352,1228,170,306,7,18,42,55,8,11,0,2,0,1,3,2,11,4,2,3,3,0,0,0,0,0,0,0,0,0,0,0,0,0,0,0,0,0,0,0	367,289,495,222,40,73,27,22,17,19,24,19,71,19,17,34,273,89,69,33,8,2,0,0,0,0,0,0,0,0,0,0,0,0,0,0,0,0,0,0	3	4334	3324	4334	14	3325	36562	794	2675,479,73,61,14,2,16,1,0,0,2,0,0,1,0,0,0,0,0,0,0,0,0,0,0,0,0,0,0,0,0,0,0,0,0,0,0,0,0,0	1508,253,256,280,220,32,21,24,22,15,19,7,14,65,22,18,332,105,69,33,8,2,0,0,0,0,0,0,0,0,0,0,0,0,0,0,0,0,0,0
tb.dut.clusters[0].cluster.sockets[0].socket.dcache.caches[0].cache_wrap.genblk2	9	5930	829477	10974	2060	10974	389	2060	29922	786	154,567,634,214,103,21,63,19,124,18,16,5,19,5,10,9,60,8,4,4,3,0,0,0,0,0,0,0,0,0,0,0,0,0,0,0,0,0,0,0	399,758,95,89,17,24,21,15,10,6,39,87,40,27,22,14,198,92,64,33,8,2,0,0,0,0,0,0,0,0,0,0,0,0,0,0,0,0,0,0	30	6905	2695	6905	382	2696	33991	806	1443,594,317,147,82,23,17,10,11,9,6,3,1,4,0,4,12,6,3,2,1,0,0,0,0,0,0,0,0,0,0,0,0,0,0,0,0,0,0,0	896,174,428,305,109,31,33,37,11,8,14,28,28,69,18,24,277,92,71,33,8,2,0,0,0,0,0,0,0,0,0,0,0,0,0,0,0,0,0,0
tb.dut.clusters[0].cluster.sockets[0].socket.dcache.caches[0].cache_wrap.genblk2.cache_bypass	10	5929	829475	10974	2060	10974	389	2060	29922	786	154,567,634,214,103,21,63,19,124,18,16,5,19,5,10,9,60,8,4,4,3,0,0,0,0,0,0,0,0,0,0,0,0,0,0,0,0,0,0,0	399,758,95,89,17,24,21,15,10,6,39,87,40,27,22,14,198,92,64,33,8,2,0,0,0,0,0,0,0,0,0,0,0,0,0,0,0,0,0,0	30	6905	2695	6905	382	2696	33991	806	1443,594,317,147,82,23,17,10,11,9,6,3,1,4,0,4,12,6,3,2,1,0,0,0,0,0,0,0,0,0,0,0,0,0,0,0,0,0,0,0	896,174,428,305,109,31,33,37,11,8,14,28,28,69,18,24,277,92,71,33,8,2,0,0,0,0,0,0,0,0,0,0,0,0,0,0,0,0,0,0
tb.dut.clusters[0].cluster.sockets[0].socket.dcache.caches[0].cache_wrap.genblk2.cache_bypass.core_bus_in_if[0]	11	474	75110	7859	2228	7859	384	2229	33037	791	352,1228,170,306,7,18,42,55,8,11,0,2,0,1,3,2,11,4,2,3,3,0,0,0,0,0,0,0,0,0,0,0,0,0,0,0,0,0,0,0	367,289,495,222,40,73,27,22,17,19,24,19,71,19,17,34,273,89,69,33,8,2,0,0,0,0,0,0,0,0,0,0,0,0,0,0,0,0,0,0	3	4334	3324	4334	14	3325	36562	794	2675,479,73,61,14,2,16,1,0,0,2,0,0,1,0,0,0,0,0,0,0,0,0,0,0,0,0,0,0,0,0,0,0,0,0,0,0,0,0,0	1508,253,256,280,220,32,21,24,22,15,19,7,14,65,22,18,332,105,69,33,8,2,0,0,0,0,0,0,0,0,0,0,0,0,0,0,0,0,0,0
tb.dut.clusters[0].cluster.sockets[0].socket.dcache.caches[0].cache_wrap.genblk2.cache_bypass.core_bus_out_if[0]	11	474	95188	7622	2187	7622	384	2188	33274	791	577,1074,180,120,18,62,5,85,2,10,3,12,0,4,0,11,12,4,2,4,2,0,0,0,0,0,0,0,0,0,0,0,0,0,0,0,0,0,0,0	361,470,192,208,197,9,17,34,21,18,21,21,14,71,11,38,280,92,70,33,8,2,0,0,0,0,0,0,0,0,0,0,0,0,0,0,0,0,0,0	3	4022	3116	4022	10	3117	36874	794	2604,298,111,49,42,4,7,0,0,1,0,0,0,0,0,0,0,0,0,0,0,0,0,0,0,0,0,0,0,0,0,0,0,0,0,0,0,0,0,0	1446,149,311,133,236,55,22,42,16,24,13,11,8,70,14,6,359,82,72,36,10,2,0,0,0,0,0,0,0,0,0,0,0,0,0,0,0,0,0,0
tb.dut.clusters[0].cluster.sockets[0].socket.dcache.caches[0].cache_wrap.genblk2.cache_bypass.genblk11	11	2	0	0	0	0	0	1	40896	40896	0,0,0,0,0,0,0,0,0,0,0,0,0,0,0,0,0,0,0,0,0,0,0,0,0,0,0,0,0,0,0,0,0,0,0,0,0,0,0,0	0,0,0,0,0,0,0,0,0,0,0,0,0,0,0,0,0,0,0,0,0,0,0,0,0,0,0,1,0,0,0,0,0,0,0,0,0,0,0,0	2	0	0	0	0	1	40896	40896	0,0,0,0,0,0,0,0,0,0,0,0,0,0,0,0,0,0,0,0,0,0,0,0,0,0,0,0,0,0,0,0,0,0,0,0,0,0,0,0	0,0,0,0,0,0,0,0,0,0,0,0,0,0,0,0,0,0,0,0,0,0,0,0,0,0,0,1,0,0,0,0,0,0,0,0,0,0,0,0
tb.dut.clusters[0].cluster.sockets[0].socket.dcache.caches[0].cache_wrap.genblk2.cache_bypass.genblk5	11	578	23760	2205	2205	2205	1	2206	38691	822	2205,0,0,0,0,0,0,0,0,0,0,0,0,0,0,0,0,0,0,0,0,0,0,0,0,0,0,0,0,0,0,0,0,0,0,0,0,0,0,0	1004,60,56,28,198,31,30,86,25,46,15,11,9,60,10,3,223,167,84,45,13,2,0,0,0,0,0,0,0,0,0,0,0,0,0,0,0,0,0,0	3	2124	2124	2124	1	2125	38772	822	2124,0,0,0,0,0,0,0,0,0,0,0,0,0,0,0,0,0,0,0,0,0,0,0,0,0,0,0,0,0,0,0,0,0,0,0,0,0,0,0	908,60,68,28,217,31,29,85,26,45,16,11,8,60,9,3,217,165,78,46,12,3,0,0,0,0,0,0,0,0,0,0,0,0,0,0,0,0,0,0
tb.dut.clusters[0].cluster.sockets[0].socket.dcache.caches[0].cache_wrap.genblk2.cache_bypass.mem_bus_in_if	11	1294	171209	4917	1228	4917	384	1228	35979	2220	199,775,31,90,46,38,3,22,0,2,0,1,0,0,0,3,6,4,3,4,1,0,0,0,0,0,0,0,0,0,0,0,0,0,0,0,0,0,0,0	296,97,65,133,66,25,31,12,17,18,16,49,23,44,25,5,191,47,25,23,8,5,4,3,0,0,0,0,0,0,0,0,0,0,0,0,0,0,0,0	7	3907	1012	3907	162	1013	36989	2220	169,604,47,80,7,23,6,21,0,8,4,2,1,3,3,4,18,6,5,1,0,0,0,0,0,0,0,0,0,0,0,0,0,0,0,0,0,0,0,0	92,76,42,100,55,49,58,39,16,14,21,23,28,14,35,12,206,64,26,23,8,5,4,3,0,0,0,0,0,0,0,0,0,0,0,0,0,0,0,0
tb.dut.clusters[0].cluster.sockets[0].socket.dcache.caches[0].cache_wrap.genblk2.cache_bypass.mem_bus_out_if	11	1296	176445	5375	1438	5375	384	1439	35521	804	198,971,28,106,46,40,3,22,0,2,0,1,0,0,0,3,6,4,3,4,1,0,0,0,0,0,0,0,0,0,0,0,0,0,0,0,0,0,0,0	298,109,32,146,60,50,39,15,17,18,33,21,116,28,16,30,203,79,72,42,8,7,0,0,0,0,0,0,0,0,0,0,0,0,0,0,0,0,0,0	7	3960	1326	3960	168	1327	36936	805	227,780,106,80,76,13,2,15,1,3,3,0,2,0,0,2,10,2,3,1,0,0,0,0,0,0,0,0,0,0,0,0,0,0,0,0,0,0,0,0	127,76,110,100,43,45,79,43,25,17,27,21,83,22,9,34,249,91,70,39,10,7,0,0,0,0,0,0,0,0,0,0,0,0,0,0,0,0,0,0
tb.dut.clusters[0].cluster.sockets[0].socket.dcache.caches[0].cache_wrap.genblk3	9	63116	7330808	12118	1099	12118	388	1099	28778	787	1,0,176,24,8,319,2,186,95,51,22,40,15,12,1,6,111,15,8,4,3,0,0,0,0,0,0,0,0,0,0,0,0,0,0,0,0,0,0,0	51,56,113,93,73,37,17,18,20,18,5,82,23,43,33,19,195,95,65,33,8,2,0,0,0,0,0,0,0,0,0,0,0,0,0,0,0,0,0,0	316	5467	2341	5467	38	2342	35429	1204	1413,160,367,146,94,18,37,31,15,4,5,29,7,3,5,0,6,1,0,0,0,0,0,0,0,0,0,0,0,0,0,0,0,0,0,0,0,0,0,0	1167,92,86,61,79,68,62,63,32,41,40,20,6,8,21,14,281,80,68,40,9,3,1,0,0,0,0,0,0,0,0,0,0,0,0,0,0,0,0,0
tb.dut.clusters[0].cluster.sockets[0].socket.dcache.caches[0].cache_wrap.genblk3.cache	10	63115	7330806	12118	1099	12118	388	1099	28778	787	1,0,176,24,8,319,2,186,95,51,22,40,15,12,1,6,111,15,8,4,3,0,0,0,0,0,0,0,0,0,0,0,0,0,0,0,0,0,0,0	51,56,113,93,73,37,17,18,20,18,5,82,23,43,33,19,195,95,65,33,8,2,0,0,0,0,0,0,0,0,0,0,0,0,0,0,0,0,0,0	316	5467	2341	5467	38	2342	35429	1204	1413,160,367,146,94,18,37,31,15,4,5,29,7,3,5,0,6,1,0,0,0,0,0,0,0,0,0,0,0,0,0,0,0,0,0,0,0,0,0,0	1167,92,86,61,79,68,62,63,32,41,40,20,6,8,21,14,281,80,68,40,9,3,1,0,0,0,0,0,0,0,0,0,0,0,0,0,0,0,0,0
tb.dut.clusters[0].cluster.sockets[0].socket.dcache.caches[0].cache_wrap.genblk3.cache.banks[0]	11	12836	1146291	8862	1404	8862	385	1404	32034	790	2,2,712,140,227,38,66,73,35,17,16,1,33,6,4,0,13,7,5,5,2,0,0,0,0,0,0,0,0,0,0,0,0,0,0,0,0,0,0,0	123,59,128,58,65,140,35,41,86,30,25,62,10,10,30,28,269,89,70,36,8,2,0,0,0,0,0,0,0,0,0,0,0,0,0,0,0,0,0,0	65	3541	1854	3541	23	1855	37355	1207	1233,135,221,133,68,11,26,14,8,1,0,1,2,0,0,0,1,0,0,0,0,0,0,0,0,0,0,0,0,0,0,0,0,0,0,0,0,0,0,0	614,73,73,71,108,41,101,50,46,72,56,25,11,12,21,17,267,71,76,34,8,7,1,0,0,0,0,0,0,0,0,0,0,0,0,0,0,0,0,0
tb.dut.clusters[0].cluster.sockets[0].socket.dcache.caches[0].cache_wrap.genblk3.cache.banks[0].bank	12	12810	1145410	8862	1404	8862	385	1404	32034	790	2,2,712,140,227,38,66,73,35,17,16,1,33,6,4,0,13,7,5,5,2,0,0,0,0,0,0,0,0,0,0,0,0,0,0,0,0,0,0,0	123,59,128,58,65,140,35,41,86,30,25,62,10,10,30,28,269,89,70,36,8,2,0,0,0,0,0,0,0,0,0,0,0,0,0,0,0,0,0,0	65	3539	1852	3539	23	1853	37357	1207	1231,135,221,133,68,11,26,14,8,1,0,1,2,0,0,0,1,0,0,0,0,0,0,0,0,0,0,0,0,0,0,0,0,0,0,0,0,0,0,0	613,73,73,70,108,41,100,50,47,72,56,25,11,12,21,17,267,71,76,34,8,7,1,0,0,0,0,0,0,0,0,0,0,0,0,0,0,0,0,0
tb.dut.clusters[0].cluster.sockets[0].socket.dcache.caches[0].cache_wrap.genblk3.cache.banks[0].bank.cache_data	13	3468	351988	3759	3087	3759	65	3088	37137	792	2772,169,93,22,24,2,3,0,0,0,0,0,0,0,0,0,0,1,1,0,0,0,0,0,0,0,0,0,0,0,0,0,0,0,0,0,0,0,0,0	1517,214,92,58,153,50,56,121,50,44,84,25,25,62,8,7,316,83,75,33,13,2,0,0,0,0,0,0,0,0,0,0,0,0,0,0,0,0,0,0	18	2627	2414	2627	5	2415	38269	822	2259,118,22,9,6,0,0,0,0,0,0,0,0,0,0,0,0,0,0,0,0,0,0,0,0,0,0,0,0,0,0,0,0,0,0,0,0,0,0,0	949,87,108,59,210,41,50,103,50,53,73,31,21,62,8,18,286,78,72,39,14,3,0,0,0,0,0,0,0,0,0,0,0,0,0,0,0,0,0,0
tb.dut.clusters[0].cluster.sockets[0].socket.dcache.caches[0].cache_wrap.genblk3.cache.banks[0].bank.cache_data.genblk7	14	64	18690	2214	2174	2214	3	2175	38682	822	2135,38,1,0,0,0,0,0,0,0,0,0,0,0,0,0,0,0,0,0,0,0,0,0,0,0,0,0,0,0,0,0,0,0,0,0,0,0,0,0	920,60,58,28,223,34,32,87,40,44,19,15,13,60,9,3,230,157,83,45,13,2,0,0,0,0,0,0,0,0,0,0,0,0,0,0,0,0,0,0	2	2214	2174	2214	3	2175	38682	822	2135,38,1,0,0,0,0,0,0,0,0,0,0,0,0,0,0,0,0,0,0,0,0,0,0,0,0,0,0,0,0,0,0,0,0,0,0,0,0,0	920,60,58,28,223,34,32,87,40,44,19,15,13,60,9,3,230,157,83,45,13,2,0,0,0,0,0,0,0,0,0,0,0,0,0,0,0,0,0,0
tb.dut.clusters[0].cluster.sockets[0].socket.dcache.caches[0].cache_wrap.genblk3.cache.banks[0].bank.cache_mshr	13	1277	54221	4600	2732	4600	66	2732	36296	792	1937,382,221,38,55,43,32,10,8,1,1,2,0,0,0,0,0,1,1,0,0,0,0,0,0,0,0,0,0,0,0,0,0,0,0,0,0,0,0,0	1219,172,130,70,128,42,78,118,42,35,22,44,22,65,7,17,282,115,76,38,8,2,0,0,0,0,0,0,0,0,0,0,0,0,0,0,0,0,0,0	7	2595	1800	2595	11	1801	38301	806	1511,75,94,39,42,5,25,4,2,2,1,0,0,0,0,0,0,0,0,0,0,0,0,0,0,0,0,0,0,0,0,0,0,0,0,0,0,0,0,0	469,55,74,59,108,46,152,84,37,38,30,25,23,67,14,2,240,152,69,41,13,3,0,0,0,0,0,0,0,0,0,0,0,0,0,0,0,0,0,0
tb.dut.clusters[0].cluster.sockets[0].socket.dcache.caches[0].cache_wrap.genblk3.cache.banks[0].bank.cache_tags	13	432	26182	2601	1829	2601	66	1829	38295	818	1548,120,56,56,12,27,3,2,0,2,1,0,0,0,0,0,0,0,2,0,0,0,0,0,0,0,0,0,0,0,0,0,0,0,0,0,0,0,0,0	828,73,81,69,36,24,41,41,32,33,11,19,10,19,4,2,273,92,80,41,15,5,0,0,0,0,0,0,0,0,0,0,0,0,0,0,0,0,0,0	3	1639	1548	1639	6	1549	39257	969	1511,0,26,7,2,2,0,0,0,0,0,0,0,0,0,0,0,0,0,0,0,0,0,0,0,0,0,0,0,0,0,0,0,0,0,0,0,0,0,0	365,50,314,25,45,11,39,29,18,65,11,11,9,5,6,2,304,98,82,41,13,6,0,0,0,0,0,0,0,0,0,0,0,0,0,0,0,0,0,0
tb.dut.clusters[0].cluster.sockets[0].socket.dcache.caches[0].cache_wrap.genblk3.cache.banks[0].bank.cache_tags.genblk3[0]	14	44	6447	1471	1383	1471	6	1384	39425	2039	1347,1,24,7,2,2,0,0,0,0,0,0,0,0,0,0,0,0,0,0,0,0,0,0,0,0,0,0,0,0,0,0,0,0,0,0,0,0,0,0	290,50,285,24,43,11,39,30,7,64,8,10,8,4,5,1,278,95,78,37,6,9,2,0,0,0,0,0,0,0,0,0,0,0,0,0,0,0,0,0	2	1127	1054	1127	6	1055	39769	2039	1018,11,16,7,1,1,0,0,0,0,0,0,0,0,0,0,0,0,0,0,0,0,0,0,0,0,0,0,0,0,0,0,0,0,0,0,0,0,0,0	187,30,61,24,20,10,117,22,4,45,7,7,7,5,14,2,225,135,72,42,8,9,2,0,0,0,0,0,0,0,0,0,0,0,0,0,0,0,0,0
tb.dut.clusters[0].cluster.sockets[0].socket.dcache.caches[0].cache_wrap.genblk3.cache.banks[0].bank.flush_unit	13	443	1602	905	580	905	69	581	39991	5727	392,179,7,0,0,0,0,0,0,0,0,0,0,0,0,0,0,0,2,0,0,0,0,0,0,0,0,0,0,0,0,0,0,0,0,0,0,0,0,0	195,82,58,18,34,15,16,28,9,14,0,14,0,6,1,2,44,16,8,5,5,1,4,3,3,0,0,0,0,0,0,0,0,0,0,0,0,0,0,0	3	71	64	71	4	65	40825	40685	60,2,1,1,0,0,0,0,0,0,0,0,0,0,0,0,0,0,0,0,0,0,0,0,0,0,0,0,0,0,0,0,0,0,0,0,0,0,0,0	61,0,0,0,1,0,0,0,0,0,0,0,0,0,0,0,1,1,0,0,0,0,0,0,0,0,0,1,0,0,0,0,0,0,0,0,0,0,0,0
tb.dut.clusters[0].cluster.sockets[0].socket.dcache.caches[0].cache_wrap.genblk3.cache.banks[0].bank.genblk7	13	64	14458	2166	2164	2166	2	2165	38730	822	2162,2,0,0,0,0,0,0,0,0,0,0,0,0,0,0,0,0,0,0,0,0,0,0,0,0,0,0,0,0,0,0,0,0,0,0,0,0,0,0	919,58,57,27,224,32,34,83,40,45,18,12,10,66,9,3,224,160,84,45,13,2,0,0,0,0,0,0,0,0,0,0,0,0,0,0,0,0,0,0	2	2166	2164	2166	2	2165	38730	822	2162,2,0,0,0,0,0,0,0,0,0,0,0,0,0,0,0,0,0,0,0,0,0,0,0,0,0,0,0,0,0,0,0,0,0,0,0,0,0,0	919,58,57,27,224,32,34,83,40,45,18,12,10,66,9,3,224,160,84,45,13,2,0,0,0,0,0,0,0,0,0,0,0,0,0,0,0,0,0,0
tb.dut.clusters[0].cluster.sockets[0].socket.dcache.caches[0].cache_wrap.genblk3.cache.banks[0].bank.mshr_pending_size	13	248	4198	1232	269	1232	16	270	39664	5727	1,60,17,107,0,41,0,28,6,2,0,6,0,0,0,1,0,0,0,0,0,0,0,0,0,0,0,0,0,0,0,0,0,0,0,0,0,0,0,0	10,39,9,17,9,8,21,19,6,9,3,14,1,12,2,2,44,16,8,5,5,1,4,3,3,0,0,0,0,0,0,0,0,0,0,0,0,0,0,0	2	1230	268	1230	16	269	39666	5727	1,59,17,107,0,41,0,28,6,2,0,6,0,0,0,1,0,0,0,0,0,0,0,0,0,0,0,0,0,0,0,0,0,0,0,0,0,0,0,0	10,39,9,16,10,8,21,19,6,9,3,14,1,12,2,2,43,16,8,5,5,1,4,3,3,0,0,0,0,0,0,0,0,0,0,0,0,0,0,0
tb.dut.clusters[0].cluster.sockets[0].socket.dcache.caches[0].cache_wrap.genblk3.cache.banks[0].bank.mshr_pending_size.genblk3	14	8	1148	1001	341	1001	8	342	39895	5727	0,195,17,108,6,11,0,4,0,0,0,0,0,0,0,0,0,0,0,0,0,0,0,0,0,0,0,0,0,0,0,0,0,0,0,0,0,0,0,0	10,82,9,42,9,10,20,22,7,9,3,14,1,12,2,2,43,16,8,5,5,1,4,3,3,0,0,0,0,0,0,0,0,0,0,0,0,0,0,0	2	130	57	130	4	58	40766	8390	6,40,0,11,0,0,0,0,0,0,0,0,0,0,0,0,0,0,0,0,0,0,0,0,0,0,0,0,0,0,0,0,0,0,0,0,0,0,0,0	0,1,2,0,0,0,10,0,1,0,7,1,1,6,0,0,9,2,3,4,3,2,0,1,4,1,0,0,0,0,0,0,0,0,0,0,0,0,0,0
tb.dut.clusters[0].cluster.sockets[0].socket.dcache.caches[0].cache_wrap.genblk3.cache.banks[1]	11	12836	1498169	9166	1374	9166	387	1374	31730	790	3,2,651,91,253,44,82,80,38,23,18,6,38,7,1,2,15,8,5,5,2,0,0,0,0,0,0,0,0,0,0,0,0,0,0,0,0,0,0,0	117,59,140,54,62,126,27,53,77,23,22,64,9,22,29,22,263,89,70,36,8,2,0,0,0,0,0,0,0,0,0,0,0,0,0,0,0,0,0,0	65	4110	1852	4110	39	1853	36786	1205	994,325,216,129,77,44,24,13,10,7,1,0,2,1,4,1,3,1,0,0,0,0,0,0,0,0,0,0,0,0,0,0,0,0,0,0,0,0,0,0	596,107,85,63,78,40,102,55,43,65,59,20,10,12,27,23,261,79,76,38,8,5,1,0,0,0,0,0,0,0,0,0,0,0,0,0,0,0,0,0
tb.dut.clusters[0].cluster.sockets[0].socket.dcache.caches[0].cache_wrap.genblk3.cache.banks[1].bank	12	12810	1496527	9166	1374	9166	387	1374	31730	790	3,2,651,91,253,44,82,80,38,23,18,6,38,7,1,2,15,8,5,5,2,0,0,0,0,0,0,0,0,0,0,0,0,0,0,0,0,0,0,0	117,59,140,54,62,126,27,53,77,23,22,64,9,22,29,22,263,89,70,36,8,2,0,0,0,0,0,0,0,0,0,0,0,0,0,0,0,0,0,0	65	4097	1843	4097	39	1844	36799	1205	985,325,217,129,77,44,23,13,10,7,1,0,2,1,4,1,3,1,0,0,0,0,0,0,0,0,0,0,0,0,0,0,0,0,0,0,0,0,0,0	577,108,93,63,79,40,102,55,43,65,58,21,10,12,27,23,261,79,76,38,8,5,1,0,0,0,0,0,0,0,0,0,0,0,0,0,0,0,0,0
tb.dut.clusters[0].cluster.sockets[0].socket.dcache.caches[0].cache_wrap.genblk3.cache.banks[1].bank.cache_data	13	3468	499473	3973	3039	3973	65	3040	36923	792	2694,132,89,64,32,10,6,0,7,0,0,1,2,0,0,0,0,1,1,0,0,0,0,0,0,0,0,0,0,0,0,0,0,0,0,0,0,0,0,0	1501,197,85,73,142,40,58,127,42,53,75,24,19,68,7,9,314,83,75,33,13,2,0,0,0,0,0,0,0,0,0,0,0,0,0,0,0,0,0,0	18	2785	2414	2785	12	2415	38111	822	2224,109,32,24,9,12,2,1,0,0,0,1,0,0,0,0,0,0,0,0,0,0,0,0,0,0,0,0,0,0,0,0,0,0,0,0,0,0,0,0	962,90,98,60,215,37,41,103,60,56,61,29,18,66,7,17,286,82,71,39,14,3,0,0,0,0,0,0,0,0,0,0,0,0,0,0,0,0,0,0
tb.dut.clusters[0].cluster.sockets[0].socket.dcache.caches[0].cache_wrap.genblk3.cache.banks[1].bank.cache_data.genblk7	14	64	27090	2393	2269	2393	3	2270	38503	822	2155,104,10,0,0,0,0,0,0,0,0,0,0,0,0,0,0,0,0,0,0,0,0,0,0,0,0,0,0,0,0,0,0,0,0,0,0,0,0,0	974,59,63,35,225,35,32,87,61,47,22,14,14,61,9,5,246,141,80,45,13,2,0,0,0,0,0,0,0,0,0,0,0,0,0,0,0,0,0,0	2	2393	2269	2393	3	2270	38503	822	2155,104,10,0,0,0,0,0,0,0,0,0,0,0,0,0,0,0,0,0,0,0,0,0,0,0,0,0,0,0,0,0,0,0,0,0,0,0,0,0	974,59,63,35,225,35,32,87,61,47,22,14,14,61,9,5,246,141,80,45,13,2,0,0,0,0,0,0,0,0,0,0,0,0,0,0,0,0,0,0
tb.dut.clusters[0].cluster.sockets[0].socket.dcache.caches[0].cache_wrap.genblk3.cache.banks[1].bank.cache_mshr	13	1277	70578	5188	2607	5188	66	2607	35708	792	1719,361,230,58,98,71,24,9,4,12,5,0,1,0,2,0,9,3,1,0,0,0,0,0,0,0,0,0,0,0,0,0,0,0,0,0,0,0,0,0	1117,191,112,64,144,43,54,117,39,46,20,31,19,62,20,16,275,116,73,38,8,2,0,0,0,0,0,0,0,0,0,0,0,0,0,0,0,0,0,0	7	3187	1767	3187	31	1768	37709	806	1346,72,143,70,82,15,11,8,3,1,4,1,0,1,1,0,9,0,0,0,0,0,0,0,0,0,0,0,0,0,0,0,0,0,0,0,0,0,0,0	462,73,86,48,128,49,107,89,36,41,24,17,17,62,12,4,230,157,68,42,13,3,0,0,0,0,0,0,0,0,0,0,0,0,0,0,0,0,0,0
tb.dut.clusters[0].cluster.sockets[0].socket.dcache.caches[0].cache_wrap.genblk3.cache.banks[1].bank.cache_tags	13	432	36853	3190	1869	3190	66	1869	37706	818	1434,183,67,121,21,14,6,4,0,5,0,1,0,1,1,0,9,0,2,0,0,0,0,0,0,0,0,0,0,0,0,0,0,0,0,0,0,0,0,0	749,84,115,64,61,26,39,74,22,63,22,10,10,6,10,5,282,99,70,38,15,5,0,0,0,0,0,0,0,0,0,0,0,0,0,0,0,0,0,0	3	1880	1629	1880	13	1630	39016	818	1531,0,67,26,0,1,2,0,0,0,1,0,1,0,0,0,0,0,0,0,0,0,0,0,0,0,0,0,0,0,0,0,0,0,0,0,0,0,0,0	471,58,271,38,46,10,36,34,12,67,17,9,9,7,6,5,293,98,80,43,15,5,0,0,0,0,0,0,0,0,0,0,0,0,0,0,0,0,0,0
tb.dut.clusters[0].cluster.sockets[0].socket.dcache.caches[0].cache_wrap.genblk3.cache.banks[1].bank.cache_tags.genblk3[0]	14	44	9744	1673	1424	1673	13	1425	39223	2039	1326,1,66,26,0,1,2,0,0,1,0,0,1,0,0,0,0,0,0,0,0,0,0,0,0,0,0,0,0,0,0,0,0,0,0,0,0,0,0,0	275,52,297,32,40,16,47,33,9,65,15,7,9,11,4,5,276,97,78,40,9,6,2,0,0,0,0,0,0,0,0,0,0,0,0,0,0,0,0,0	2	1240	1064	1240	8	1065	39656	2039	964,45,41,10,3,0,0,1,0,0,0,0,0,0,0,0,0,0,0,0,0,0,0,0,0,0,0,0,0,0,0,0,0,0,0,0,0,0,0,0	164,40,65,25,14,8,120,24,5,48,13,6,8,7,14,4,228,134,75,43,12,6,2,0,0,0,0,0,0,0,0,0,0,0,0,0,0,0,0,0
tb.dut.clusters[0].cluster.sockets[0].socket.dcache.caches[0].cache_wrap.genblk3.cache.banks[1].bank.flush_unit	13	443	2120	1322	894	1322	67	895	39574	3165	610,266,16,0,0,0,0,0,0,0,0,0,0,0,0,0,0,0,2,0,0,0,0,0,0,0,0,0,0,0,0,0,0,0,0,0,0,0,0,0	287,132,114,35,23,40,35,19,19,11,4,15,10,15,2,5,67,16,11,13,9,1,5,7,0,0,0,0,0,0,0,0,0,0,0,0,0,0,0,0	3	72	65	72	3	66	40824	40685	60,3,2,0,0,0,0,0,0,0,0,0,0,0,0,0,0,0,0,0,0,0,0,0,0,0,0,0,0,0,0,0,0,0,0,0,0,0,0,0	61,1,0,0,1,0,0,0,0,0,0,0,0,0,0,0,1,1,0,0,0,0,0,0,0,0,0,1,0,0,0,0,0,0,0,0,0,0,0,0
tb.dut.clusters[0].cluster.sockets[0].socket.dcache.caches[0].cache_wrap.genblk3.cache.banks[1].bank.genblk7	13	64	15264	2269	2247	2269	3	2248	38627	822	2230,12,5,0,0,0,0,0,0,0,0,0,0,0,0,0,0,0,0,0,0,0,0,0,0,0,0,0,0,0,0,0,0,0,0,0,0,0,0,0	971,57,58,26,225,33,31,88,61,48,16,13,11,65,11,3,241,149,81,45,13,2,0,0,0,0,0,0,0,0,0,0,0,0,0,0,0,0,0,0	2	2269	2247	2269	3	2248	38627	822	2230,12,5,0,0,0,0,0,0,0,0,0,0,0,0,0,0,0,0,0,0,0,0,0,0,0,0,0,0,0,0,0,0,0,0,0,0,0,0,0	971,57,58,26,225,33,31,88,61,48,16,13,11,65,11,3,241,149,81,45,13,2,0,0,0,0,0,0,0,0,0,0,0,0,0,0,0,0,0,0
tb.dut.clusters[0].cluster.sockets[0].socket.dcache.caches[0].cache_wrap.genblk3.cache.banks[1].bank.mshr_pending_size	13	248	6550	1920	420	1920	168	421	38976	3165	1,128,47,142,3,67,4,10,0,4,0,8,0,0,0,1,3,1,0,1,0,0,0,0,0,0,0,0,0,0,0,0,0,0,0,0,0,0,0,0	39,38,23,16,18,37,18,29,3,15,6,16,14,7,2,2,77,15,11,13,9,1,5,7,0,0,0,0,0,0,0,0,0,0,0,0,0,0,0,0	2	1918	419	1918	168	420	38978	3165	1,127,47,142,3,67,4,10,0,4,0,8,0,0,0,1,3,1,0,1,0,0,0,0,0,0,0,0,0,0,0,0,0,0,0,0,0,0,0,0	39,38,23,15,19,37,18,29,3,15,6,16,14,7,2,2,76,15,11,13,9,1,5,7,0,0,0,0,0,0,0,0,0,0,0,0,0,0,0,0
tb.dut.clusters[0].cluster.sockets[0].socket.dcache.caches[0].cache_wrap.genblk3.cache.banks[1].bank.mshr_pending_size.genblk3	14	8	1900	1495	514	1495	12	515	39401	3165	0,285,49,158,3,12,3,2,0,1,0,1,0,0,0,0,0,0,0,0,0,0,0,0,0,0,0,0,0,0,0,0,0,0,0,0,0,0,0,0	39,110,23,24,18,38,18,33,3,15,6,18,14,7,2,2,84,15,11,13,9,1,5,7,0,0,0,0,0,0,0,0,0,0,0,0,0,0,0,0	2	316	151	316	7	152	40580	7970	10,130,1,9,0,0,1,0,0,0,0,0,0,0,0,0,0,0,0,0,0,0,0,0,0,0,0,0,0,0,0,0,0,0,0,0,0,0,0,0	1,13,3,6,1,2,6,0,0,7,7,4,8,4,4,0,53,7,4,6,2,3,3,7,1,0,0,0,0,0,0,0,0,0,0,0,0,0,0,0
tb.dut.clusters[0].cluster.sockets[0].socket.dcache.caches[0].cache_wrap.genblk3.cache.banks[2]	11	12836	1394942	9109	1396	9109	385	1396	31787	790	3,2,655,114,264,32,95,78,37,12,19,3,38,2,5,5,14,6,5,4,3,0,0,0,0,0,0,0,0,0,0,0,0,0,0,0,0,0,0,0	124,55,123,64,68,131,38,51,82,22,24,64,13,12,30,32,259,88,70,36,8,2,0,0,0,0,0,0,0,0,0,0,0,0,0,0,0,0,0,0	65	3859	1906	3859	38	1907	37037	822	1148,252,235,140,48,31,18,7,5,6,5,4,3,1,0,1,1,1,0,0,0,0,0,0,0,0,0,0,0,0,0,0,0,0,0,0,0,0,0,0	638,67,81,84,104,47,75,50,56,70,64,19,6,12,22,22,281,80,77,35,12,5,0,0,0,0,0,0,0,0,0,0,0,0,0,0,0,0,0,0
tb.dut.clusters[0].cluster.sockets[0].socket.dcache.caches[0].cache_wrap.genblk3.cache.banks[2].bank	12	12810	1393058	9109	1396	9109	385	1396	31787	790	3,2,655,114,264,32,95,78,37,12,19,3,38,2,5,5,14,6,5,4,3,0,0,0,0,0,0,0,0,0,0,0,0,0,0,0,0,0,0,0	124,55,123,64,68,131,38,51,82,22,24,64,13,12,30,32,259,88,70,36,8,2,0,0,0,0,0,0,0,0,0,0,0,0,0,0,0,0,0,0	65	3833	1920	3833	34	1921	37063	822	1161,261,234,135,49,31,19,7,4,6,2,4,3,1,0,1,1,1,0,0,0,0,0,0,0,0,0,0,0,0,0,0,0,0,0,0,0,0,0,0	648,68,83,85,104,47,74,51,56,70,64,19,6,12,22,22,281,80,77,35,12,5,0,0,0,0,0,0,0,0,0,0,0,0,0,0,0,0,0,0
tb.dut.clusters[0].cluster.sockets[0].socket.dcache.caches[0].cache_wrap.genblk3.cache.banks[2].bank.cache_data	13	3468	441691	3892	3063	3892	65	3064	37004	792	2731,142,98,47,26,3,9,1,0,1,1,0,2,0,0,0,0,1,1,0,0,0,0,0,0,0,0,0,0,0,0,0,0,0,0,0,0,0,0,0	1502,208,93,57,146,55,55,122,43,56,83,22,19,68,8,7,316,81,75,33,13,2,0,0,0,0,0,0,0,0,0,0,0,0,0,0,0,0,0,0	18	2741	2434	2741	11	2435	38155	822	2248,125,30,16,10,1,2,1,0,0,1,0,0,0,0,0,0,0,0,0,0,0,0,0,0,0,0,0,0,0,0,0,0,0,0,0,0,0,0,0	974,83,111,54,206,42,51,105,56,50,67,27,18,64,7,17,294,84,71,37,14,3,0,0,0,0,0,0,0,0,0,0,0,0,0,0,0,0,0,0
tb.dut.clusters[0].cluster.sockets[0].socket.dcache.caches[0].cache_wrap.genblk3.cache.banks[2].bank.cache_data.genblk7	14	64	25132	2338	2242	2338	3	2243	38558	822	2151,86,5,0,0,0,0,0,0,0,0,0,0,0,0,0,0,0,0,0,0,0,0,0,0,0,0,0,0,0,0,0,0,0,0,0,0,0,0,0	959,61,58,28,222,34,34,88,53,46,18,11,11,61,8,4,257,149,88,38,13,2,0,0,0,0,0,0,0,0,0,0,0,0,0,0,0,0,0,0	2	2338	2242	2338	3	2243	38558	822	2151,86,5,0,0,0,0,0,0,0,0,0,0,0,0,0,0,0,0,0,0,0,0,0,0,0,0,0,0,0,0,0,0,0,0,0,0,0,0,0	959,61,58,28,222,34,34,88,53,46,18,11,11,61,8,4,257,149,88,38,13,2,0,0,0,0,0,0,0,0,0,0,0,0,0,0,0,0,0,0
tb.dut.clusters[0].cluster.sockets[0].socket.dcache.caches[0].cache_wrap.genblk3.cache.banks[2].bank.cache_mshr	13	1277	65987	4937	2714	4937	66	2714	35959	792	1864,355,266,51,78,49,19,6,4,2,6,3,2,1,0,0,5,2,1,0,0,0,0,0,0,0,0,0,0,0,0,0,0,0,0,0,0,0,0,0	1186,177,130,63,121,61,65,125,51,35,13,47,18,67,12,20,299,102,76,36,8,2,0,0,0,0,0,0,0,0,0,0,0,0,0,0,0,0,0,0	7	2918	1809	2918	57	1810	37978	806	1433,108,122,56,47,11,12,2,2,1,7,3,0,0,1,0,3,1,0,0,0,0,0,0,0,0,0,0,0,0,0,0,0,0,0,0,0,0,0,0	502,53,70,40,129,40,114,78,52,49,24,18,20,64,11,9,257,152,79,34,12,3,0,0,0,0,0,0,0,0,0,0,0,0,0,0,0,0,0,0
tb.dut.clusters[0].cluster.sockets[0].socket.dcache.caches[0].cache_wrap.genblk3.cache.banks[2].bank.cache_tags	13	432	35191	2951	1867	2951	66	1867	37945	792	1479,192,61,94,4,8,11,1,1,3,4,1,1,0,1,0,3,1,2,0,0,0,0,0,0,0,0,0,0,0,0,0,0,0,0,0,0,0,0,0	753,78,98,69,41,26,53,46,47,55,14,6,5,5,6,5,321,100,85,34,17,3,0,0,0,0,0,0,0,0,0,0,0,0,0,0,0,0,0,0	3	1773	1542	1773	12	1543	39123	969	1465,0,42,25,0,4,2,0,0,1,2,1,0,0,0,0,0,0,0,0,0,0,0,0,0,0,0,0,0,0,0,0,0,0,0,0,0,0,0,0	399,44,275,20,42,15,48,34,8,54,14,10,10,7,7,2,316,95,85,39,13,6,0,0,0,0,0,0,0,0,0,0,0,0,0,0,0,0,0,0
tb.dut.clusters[0].cluster.sockets[0].socket.dcache.caches[0].cache_wrap.genblk3.cache.banks[2].bank.cache_tags.genblk3[0]	14	44	9304	1579	1354	1579	12	1355	39317	2039	1278,0,44,22,0,4,2,0,0,2,1,1,0,0,0,0,0,0,0,0,0,0,0,0,0,0,0,0,0,0,0,0,0,0,0,0,0,0,0,0	220,39,302,20,41,15,46,33,8,55,13,9,10,6,7,2,304,89,84,36,7,7,2,0,0,0,0,0,0,0,0,0,0,0,0,0,0,0,0,0	2	1181	1012	1181	8	1013	39715	2039	933,26,32,13,4,2,0,2,0,0,0,0,0,0,0,0,0,0,0,0,0,0,0,0,0,0,0,0,0,0,0,0,0,0,0,0,0,0,0,0	164,30,50,19,14,7,112,25,4,42,9,8,7,8,16,2,235,120,82,39,11,7,2,0,0,0,0,0,0,0,0,0,0,0,0,0,0,0,0,0
tb.dut.clusters[0].cluster.sockets[0].socket.dcache.caches[0].cache_wrap.genblk3.cache.banks[2].bank.flush_unit	13	443	1998	1214	815	1214	67	816	39682	2588	559,239,15,0,0,0,0,0,0,0,0,0,0,0,0,0,0,0,2,0,0,0,0,0,0,0,0,0,0,0,0,0,0,0,0,0,0,0,0,0	295,107,52,37,26,11,28,17,11,4,2,10,1,2,4,7,94,29,30,19,14,7,5,4,0,0,0,0,0,0,0,0,0,0,0,0,0,0,0,0	3	72	65	72	3	66	40824	40685	60,3,2,0,0,0,0,0,0,0,0,0,0,0,0,0,0,0,0,0,0,0,0,0,0,0,0,0,0,0,0,0,0,0,0,0,0,0,0,0	61,1,0,0,1,0,0,0,0,0,0,0,0,0,0,0,1,1,0,0,0,0,0,0,0,0,0,1,0,0,0,0,0,0,0,0,0,0,0,0
tb.dut.clusters[0].cluster.sockets[0].socket.dcache.caches[0].cache_wrap.genblk3.cache.banks[2].bank.genblk7	13	64	14834	2222	2216	2222	3	2217	38674	822	2211,4,1,0,0,0,0,0,0,0,0,0,0,0,0,0,0,0,0,0,0,0,0,0,0,0,0,0,0,0,0,0,0,0,0,0,0,0,0,0	951,58,58,29,222,33,34,84,54,46,16,12,10,64,8,3,245,148,83,44,13,2,0,0,0,0,0,0,0,0,0,0,0,0,0,0,0,0,0,0	2	2222	2216	2222	3	2217	38674	822	2211,4,1,0,0,0,0,0,0,0,0,0,0,0,0,0,0,0,0,0,0,0,0,0,0,0,0,0,0,0,0,0,0,0,0,0,0,0,0,0	951,58,58,29,222,33,34,84,54,46,16,12,10,64,8,3,245,148,83,44,13,2,0,0,0,0,0,0,0,0,0,0,0,0,0,0,0,0,0,0
tb.dut.clusters[0].cluster.sockets[0].socket.dcache.caches[0].cache_wrap.genblk3.cache.banks[2].bank.mshr_pending_size	13	248	5576	1617	382	1617	82	383	39279	2640	1,138,20,151,2,39,6,7,1,9,0,4,1,0,0,0,1,0,2,0,0,0,0,0,0,0,0,0,0,0,0,0,0,0,0,0,0,0,0,0	26,27,5,32,10,5,9,24,8,4,5,13,2,3,1,4,99,27,30,19,14,7,4,5,0,0,0,0,0,0,0,0,0,0,0,0,0,0,0,0	2	1615	381	1615	82	382	39281	2659	1,137,20,151,2,39,6,7,1,9,0,4,1,0,0,0,1,0,2,0,0,0,0,0,0,0,0,0,0,0,0,0,0,0,0,0,0,0,0,0	26,27,5,31,11,5,9,24,8,4,5,13,2,3,1,4,98,27,30,19,14,7,4,5,0,0,0,0,0,0,0,0,0,0,0,0,0,0,0,0
tb.dut.clusters[0].cluster.sockets[0].socket.dcache.caches[0].cache_wrap.genblk3.cache.banks[2].bank.mshr_pending_size.genblk3	14	8	1576	1326	446	1326	13	447	39570	2665	0,246,21,157,3,12,5,1,0,0,0,0,1,0,0,0,0,0,0,0,0,0,0,0,0,0,0,0,0,0,0,0,0,0,0,0,0,0,0,0	26,72,5,43,10,7,7,27,10,4,5,13,2,3,1,5,100,28,30,19,14,7,4,5,0,0,0,0,0,0,0,0,0,0,0,0,0,0,0,0	2	211	98	211	7	99	40685	7992	9,79,0,8,1,0,1,0,0,0,0,0,0,0,0,0,0,0,0,0,0,0,0,0,0,0,0,0,0,0,0,0,0,0,0,0,0,0,0,0	2,7,2,3,0,3,5,0,0,0,3,2,2,2,0,1,30,3,7,4,8,4,4,4,3,0,0,0,0,0,0,0,0,0,0,0,0,0,0,0
tb.dut.clusters[0].cluster.sockets[0].socket.dcache.caches[0].cache_wrap.genblk3.cache.banks[3]	11	12836	1902024	9611	1347	9611	385	1347	31285	788	2,0,491,127,362,44,105,50,39,11,20,11,6,4,6,6,45,6,5,4,3,0,0,0,0,0,0,0,0,0,0,0,0,0,0,0,0,0,0,0	93,53,131,91,57,109,26,42,95,14,20,68,23,10,49,35,226,96,65,34,8,2,0,0,0,0,0,0,0,0,0,0,0,0,0,0,0,0,0,0	65	4999	1831	4999	89	1832	35897	793	906,327,239,141,72,33,34,7,8,19,1,3,1,0,2,0,33,4,1,0,0,0,0,0,0,0,0,0,0,0,0,0,0,0,0,0,0,0,0,0	545,94,107,73,128,24,45,62,51,82,53,20,8,14,29,11,280,80,72,39,11,4,0,0,0,0,0,0,0,0,0,0,0,0,0,0,0,0,0,0
tb.dut.clusters[0].cluster.sockets[0].socket.dcache.caches[0].cache_wrap.genblk3.cache.banks[3].bank	12	12810	1897743	9611	1347	9611	385	1347	31285	788	2,0,491,127,362,44,105,50,39,11,20,11,6,4,6,6,45,6,5,4,3,0,0,0,0,0,0,0,0,0,0,0,0,0,0,0,0,0,0,0	93,53,131,91,57,109,26,42,95,14,20,68,23,10,49,35,226,96,65,34,8,2,0,0,0,0,0,0,0,0,0,0,0,0,0,0,0,0,0,0	65	4960	1831	4960	89	1832	35936	797	915,323,237,140,71,33,33,8,8,18,1,3,1,0,5,0,30,4,1,0,0,0,0,0,0,0,0,0,0,0,0,0,0,0,0,0,0,0,0,0	552,87,97,72,132,27,49,62,50,83,53,20,8,12,31,11,280,80,72,39,11,4,0,0,0,0,0,0,0,0,0,0,0,0,0,0,0,0,0,0
tb.dut.clusters[0].cluster.sockets[0].socket.dcache.caches[0].cache_wrap.genblk3.cache.banks[3].bank.cache_data	13	3468	644487	4513	2967	4513	65	2968	36383	792	2366,373,57,71,42,2,6,0,18,0,0,1,28,0,1,0,0,1,1,0,0,0,0,0,0,0,0,0,0,0,0,0,0,0,0,0,0,0,0,0	1474,134,63,72,137,63,61,126,46,40,86,27,18,69,8,11,323,92,72,36,8,2,0,0,0,0,0,0,0,0,0,0,0,0,0,0,0,0,0,0	18	3076	2529	3076	12	2530	37820	822	2289,143,30,13,19,20,0,8,0,1,2,4,0,0,0,0,0,0,0,0,0,0,0,0,0,0,0,0,0,0,0,0,0,0,0,0,0,0,0,0	1114,83,90,47,182,44,41,96,65,52,67,35,18,63,9,12,311,79,69,36,14,3,0,0,0,0,0,0,0,0,0,0,0,0,0,0,0,0,0,0
tb.dut.clusters[0].cluster.sockets[0].socket.dcache.caches[0].cache_wrap.genblk3.cache.banks[3].bank.cache_data.genblk7	14	64	40982	2615	2375	2615	3	2376	38281	822	2153,204,18,0,0,0,0,0,0,0,0,0,0,0,0,0,0,0,0,0,0,0,0,0,0,0,0,0,0,0,0,0,0,0,0,0,0,0,0,0	1069,67,56,31,227,32,38,86,55,39,21,22,10,61,10,5,276,136,79,41,13,2,0,0,0,0,0,0,0,0,0,0,0,0,0,0,0,0,0,0	2	2615	2375	2615	3	2376	38281	822	2153,204,18,0,0,0,0,0,0,0,0,0,0,0,0,0,0,0,0,0,0,0,0,0,0,0,0,0,0,0,0,0,0,0,0,0,0,0,0,0	1069,67,56,31,227,32,38,86,55,39,21,22,10,61,10,5,276,136,79,41,13,2,0,0,0,0,0,0,0,0,0,0,0,0,0,0,0,0,0,0
tb.dut.clusters[0].cluster.sockets[0].socket.dcache.caches[0].cache_wrap.genblk3.cache.banks[3].bank.cache_mshr	13	1277	104567	6071	2212	6071	129	2212	34825	790	1437,113,140,210,91,74,42,17,13,26,1,3,1,1,1,0,34,4,3,1,0,0,0,0,0,0,0,0,0,0,0,0,0,0,0,0,0,0,0,0	851,113,72,69,134,56,67,88,44,33,19,33,13,81,11,34,259,114,73,38,8,2,0,0,0,0,0,0,0,0,0,0,0,0,0,0,0,0,0,0	7	4618	1841	4618	128	1842	36278	791	1184,127,251,71,84,14,32,25,9,0,2,1,2,0,0,1,32,4,2,0,0,0,0,0,0,0,0,0,0,0,0,0,0,0,0,0,0,0,0,0	514,68,92,30,128,56,95,85,39,36,29,16,19,67,10,19,278,135,71,45,8,2,0,0,0,0,0,0,0,0,0,0,0,0,0,0,0,0,0,0
tb.dut.clusters[0].cluster.sockets[0].socket.dcache.caches[0].cache_wrap.genblk3.cache.banks[3].bank.cache_tags	13	432	38357	4070	1527	4070	128	1527	36826	791	856,343,76,96,44,16,35,14,1,3,0,2,1,0,0,0,32,4,4,0,0,0,0,0,0,0,0,0,0,0,0,0,0,0,0,0,0,0,0,0	494,53,48,57,26,23,73,47,39,38,16,10,20,8,8,21,284,111,95,44,9,3,0,0,0,0,0,0,0,0,0,0,0,0,0,0,0,0,0,0	3	2340	1745	2340	13	1746	38556	969	1615,0,72,22,0,2,5,0,0,1,0,0,28,0,0,0,0,0,0,0,0,0,0,0,0,0,0,0,0,0,0,0,0,0,0,0,0,0,0,0	716,63,169,23,36,11,39,32,13,65,10,16,5,8,6,4,288,96,83,46,11,6,0,0,0,0,0,0,0,0,0,0,0,0,0,0,0,0,0,0
tb.dut.clusters[0].cluster.sockets[0].socket.dcache.caches[0].cache_wrap.genblk3.cache.banks[3].bank.cache_tags.genblk3[0]	14	44	9714	2026	1434	2026	13	1435	38870	2037	1305,1,70,22,0,2,5,0,0,1,0,0,28,0,0,0,0,0,0,0,0,0,0,0,0,0,0,0,0,0,0,0,0,0,0,0,0,0,0,0	374,37,256,13,20,18,59,33,5,64,15,7,4,18,6,4,273,90,81,42,6,9,1,0,0,0,0,0,0,0,0,0,0,0,0,0,0,0,0,0	2	1555	1166	1555	8	1167	39341	2037	1001,93,32,10,2,1,0,27,0,0,0,0,0,0,0,0,0,0,0,0,0,0,0,0,0,0,0,0,0,0,0,0,0,0,0,0,0,0,0,0	344,45,59,14,13,9,87,22,4,39,11,4,4,10,8,3,250,98,76,48,9,9,1,0,0,0,0,0,0,0,0,0,0,0,0,0,0,0,0,0
tb.dut.clusters[0].cluster.sockets[0].socket.dcache.caches[0].cache_wrap.genblk3.cache.banks[3].bank.flush_unit	13	443	3028	1805	1335	1805	67	1336	39091	2716	1017,292,24,0,0,0,0,0,0,0,0,0,0,0,0,0,0,0,2,0,0,0,0,0,0,0,0,0,0,0,0,0,0,0,0,0,0,0,0,0	447,92,142,25,60,43,32,27,40,34,5,19,17,7,26,12,88,74,73,47,16,8,1,1,0,0,0,0,0,0,0,0,0,0,0,0,0,0,0,0	3	72	65	72	3	66	40824	40685	60,3,2,0,0,0,0,0,0,0,0,0,0,0,0,0,0,0,0,0,0,0,0,0,0,0,0,0,0,0,0,0,0,0,0,0,0,0,0,0	61,1,0,0,1,0,0,0,0,0,0,0,0,0,0,0,1,1,0,0,0,0,0,0,0,0,0,1,0,0,0,0,0,0,0,0,0,0,0,0
tb.dut.clusters[0].cluster.sockets[0].socket.dcache.caches[0].cache_wrap.genblk3.cache.banks[3].bank.genblk7	13	64	15268	2276	2250	2276	3	2251	38620	822	2233,8,9,0,0,0,0,0,0,0,0,0,0,0,0,0,0,0,0,0,0,0,0,0,0,0,0,0,0,0,0,0,0,0,0,0,0,0,0,0	981,60,54,29,221,31,35,89,57,40,16,14,17,61,11,3,241,149,82,45,13,2,0,0,0,0,0,0,0,0,0,0,0,0,0,0,0,0,0,0	2	2276	2250	2276	3	2251	38620	822	2233,8,9,0,0,0,0,0,0,0,0,0,0,0,0,0,0,0,0,0,0,0,0,0,0,0,0,0,0,0,0,0,0,0,0,0,0,0,0,0	981,60,54,29,221,31,35,89,57,40,16,14,17,61,11,3,241,149,82,45,13,2,0,0,0,0,0,0,0,0,0,0,0,0,0,0,0,0,0,0
tb.dut.clusters[0].cluster.sockets[0].socket.dcache.caches[0].cache_wrap.genblk3.cache.banks[3].bank.mshr_pending_size	13	248	12190	3601	723	3601	262	724	37295	2715	1,196,50,312,1,69,34,28,2,11,0,9,0,1,0,1,2,2,2,1,1,0,0,0,0,0,0,0,0,0,0,0,0,0,0,0,0,0,0,0	146,52,12,11,17,8,35,30,3,17,5,24,10,4,2,8,127,69,71,47,16,8,1,1,0,0,0,0,0,0,0,0,0,0,0,0,0,0,0,0	2	3599	722	3599	262	723	37297	2715	1,195,50,312,1,69,34,28,2,11,0,9,0,1,0,1,2,2,2,1,1,0,0,0,0,0,0,0,0,0,0,0,0,0,0,0,0,0,0,0	146,52,12,10,18,8,35,30,3,17,5,24,10,4,2,8,126,69,71,47,16,8,1,1,0,0,0,0,0,0,0,0,0,0,0,0,0,0,0,0
tb.dut.clusters[0].cluster.sockets[0].socket.dcache.caches[0].cache_wrap.genblk3.cache.banks[3].bank.mshr_pending_size.genblk3	14	8	3576	2752	857	2752	12	858	38144	2715	0,407,54,335,2,13,32,11,0,0,0,3,0,0,0,0,0,0,0,0,0,0,0,0,0,0,0,0,0,0,0,0,0,0,0,0,0,0,0,0	146,145,12,40,17,10,34,30,4,17,4,24,10,4,3,9,130,73,73,47,16,8,1,1,0,0,0,0,0,0,0,0,0,0,0,0,0,0,0,0	2	588	311	588	4	312	40308	4709	44,262,0,5,0,0,0,0,0,0,0,0,0,0,0,0,0,0,0,0,0,0,0,0,0,0,0,0,0,0,0,0,0,0,0,0,0,0,0,0	26,56,27,38,0,0,3,0,1,16,8,3,19,2,0,2,78,3,2,5,7,5,3,5,3,0,0,0,0,0,0,0,0,0,0,0,0,0,0,0
tb.dut.clusters[0].cluster.sockets[0].socket.dcache.caches[0].cache_wrap.genblk3.cache.core_bus2_if[0]	11	474	95188	7624	2189	7624	384	2190	33272	791	579,1074,180,120,18,62,5,85,2,10,3,12,0,4,0,11,12,4,2,4,2,0,0,0,0,0,0,0,0,0,0,0,0,0,0,0,0,0,0,0	361,471,193,208,197,9,17,34,21,18,21,21,14,71,11,38,280,93,69,33,8,2,0,0,0,0,0,0,0,0,0,0,0,0,0,0,0,0,0,0	3	4022	3116	4022	10	3117	36874	794	2604,298,111,49,42,4,7,0,0,1,0,0,0,0,0,0,0,0,0,0,0,0,0,0,0,0,0,0,0,0,0,0,0,0,0,0,0,0,0,0	1446,149,311,133,236,55,22,42,16,24,13,11,8,70,14,6,359,82,72,36,10,2,0,0,0,0,0,0,0,0,0,0,0,0,0,0,0,0,0,0
tb.dut.clusters[0].cluster.sockets[0].socket.dcache.caches[0].cache_wrap.genblk3.cache.core_bus_if[0]	11	474	95188	7622	2187	7622	384	2188	33274	791	577,1074,180,120,18,62,5,85,2,10,3,12,0,4,0,11,12,4,2,4,2,0,0,0,0,0,0,0,0,0,0,0,0,0,0,0,0,0,0,0	361,470,192,208,197,9,17,34,21,18,21,21,14,71,11,38,280,92,70,33,8,2,0,0,0,0,0,0,0,0,0,0,0,0,0,0,0,0,0,0	3	4022	3116	4022	10	3117	36874	794	2604,298,111,49,42,4,7,0,0,1,0,0,0,0,0,0,0,0,0,0,0,0,0,0,0,0,0,0,0,0,0,0,0,0,0,0,0,0,0,0	1446,149,311,133,236,55,22,42,16,24,13,11,8,70,14,6,359,82,72,36,10,2,0,0,0,0,0,0,0,0,0,0,0,0,0,0,0,0,0,0
tb.dut.clusters[0].cluster.sockets[0].socket.dcache.caches[0].cache_wrap.genblk3.cache.flush_unit	11	1238	191008	7631	2189	7631	384	2190	33265	791	577,1073,182,121,17,63,5,85,2,10,3,12,0,4,0,11,12,4,2,4,2,0,0,0,0,0,0,0,0,0,0,0,0,0,0,0,0,0,0,0	362,470,194,206,197,9,17,34,21,18,21,21,14,71,11,38,281,94,68,33,8,2,0,0,0,0,0,0,0,0,0,0,0,0,0,0,0,0,0,0	7	3615	2864	3615	7	2865	37281	798	2379,322,93,49,14,2,5,0,0,0,0,0,0,0,0,0,0,0,0,0,0,0,0,0,0,0,0,0,0,0,0,0,0,0,0,0,0,0,0,0	1248,131,227,107,265,39,66,58,16,27,14,12,9,69,9,6,355,83,75,37,10,2,0,0,0,0,0,0,0,0,0,0,0,0,0,0,0,0,0,0
tb.dut.clusters[0].cluster.sockets[0].socket.dcache.caches[0].cache_wrap.genblk3.cache.flush_unit.core_bus_in_if[0]	12	474	95188	7622	2187	7622	384	2188	33274	791	577,1074,180,120,18,62,5,85,2,10,3,12,0,4,0,11,12,4,2,4,2,0,0,0,0,0,0,0,0,0,0,0,0,0,0,0,0,0,0,0	361,470,192,208,197,9,17,34,21,18,21,21,14,71,11,38,280,92,70,33,8,2,0,0,0,0,0,0,0,0,0,0,0,0,0,0,0,0,0,0	3	4022	3116	4022	10	3117	36874	794	2604,298,111,49,42,4,7,0,0,1,0,0,0,0,0,0,0,0,0,0,0,0,0,0,0,0,0,0,0,0,0,0,0,0,0,0,0,0,0,0	1446,149,311,133,236,55,22,42,16,24,13,11,8,70,14,6,359,82,72,36,10,2,0,0,0,0,0,0,0,0,0,0,0,0,0,0,0,0,0,0
tb.dut.clusters[0].cluster.sockets[0].socket.dcache.caches[0].cache_wrap.genblk3.cache.flush_unit.core_bus_out_if[0]	12	474	95188	7624	2189	7624	384	2190	33272	791	579,1074,180,120,18,62,5,85,2,10,3,12,0,4,0,11,12,4,2,4,2,0,0,0,0,0,0,0,0,0,0,0,0,0,0,0,0,0,0,0	361,471,193,208,197,9,17,34,21,18,21,21,14,71,11,38,280,93,69,33,8,2,0,0,0,0,0,0,0,0,0,0,0,0,0,0,0,0,0,0	3	4022	3116	4022	10	3117	36874	794	2604,298,111,49,42,4,7,0,0,1,0,0,0,0,0,0,0,0,0,0,0,0,0,0,0,0,0,0,0,0,0,0,0,0,0,0,0,0,0,0	1446,149,311,133,236,55,22,42,16,24,13,11,8,70,14,6,359,82,72,36,10,2,0,0,0,0,0,0,0,0,0,0,0,0,0,0,0,0,0,0
tb.dut.clusters[0].cluster.sockets[0].socket.dcache.caches[0].cache_wrap.genblk3.cache.flush_unit.genblk3[0]	12	1	2	2	2	2	1	3	40894	40772	2,0,0,0,0,0,0,0,0,0,0,0,0,0,0,0,0,0,0,0,0,0,0,0,0,0,0,0,0,0,0,0,0,0,0,0,0,0,0,0	0,0,0,0,0,0,0,0,0,0,0,0,0,0,0,0,0,1,1,0,0,0,0,0,0,0,0,1,0,0,0,0,0,0,0,0,0,0,0,0	2	0	0	0	0	1	40896	40896	0,0,0,0,0,0,0,0,0,0,0,0,0,0,0,0,0,0,0,0,0,0,0,0,0,0,0,0,0,0,0,0,0,0,0,0,0,0,0,0	0,0,0,0,0,0,0,0,0,0,0,0,0,0,0,0,0,0,0,0,0,0,0,0,0,0,0,1,0,0,0,0,0,0,0,0,0,0,0,0
tb.dut.clusters[0].cluster.sockets[0].socket.dcache.caches[0].cache_wrap.genblk3.cache.genblk16	11	2	2870	2293	536	2293	168	536	38603	2652	1,399,0,58,0,11,0,11,0,17,0,4,0,19,0,1,12,0,2,1,0,0,0,0,0,0,0,0,0,0,0,0,0,0,0,0,0,0,0,0	26,27,24,117,20,42,8,3,9,10,6,1,4,5,2,7,60,84,32,23,11,7,4,4,0,0,0,0,0,0,0,0,0,0,0,0,0,0,0,0	2	577	186	577	10	187	40319	5729	1,121,0,33,0,26,0,2,0,3,0,0,0,0,0,0,0,0,0,0,0,0,0,0,0,0,0,0,0,0,0,0,0,0,0,0,0,0,0,0	6,7,6,38,6,10,0,5,2,6,0,7,0,14,0,5,18,25,6,8,5,3,4,3,3,0,0,0,0,0,0,0,0,0,0,0,0,0,0,0
tb.dut.clusters[0].cluster.sockets[0].socket.dcache.caches[0].cache_wrap.genblk3.cache.mem_bus_if	11	1294	171209	4917	1228	4917	384	1228	35979	2220	199,775,31,90,46,38,3,22,0,2,0,1,0,0,0,3,6,4,3,4,1,0,0,0,0,0,0,0,0,0,0,0,0,0,0,0,0,0,0,0	296,97,65,133,66,25,31,12,17,18,16,49,23,44,25,5,191,47,25,23,8,5,4,3,0,0,0,0,0,0,0,0,0,0,0,0,0,0,0,0	7	3907	1012	3907	162	1013	36989	2220	169,604,47,80,7,23,6,21,0,8,4,2,1,3,3,4,18,6,5,1,0,0,0,0,0,0,0,0,0,0,0,0,0,0,0,0,0,0,0,0	92,76,42,100,55,49,58,39,16,14,21,23,28,14,35,12,206,64,26,23,8,5,4,3,0,0,0,0,0,0,0,0,0,0,0,0,0,0,0,0
tb.dut.clusters[0].cluster.sockets[0].socket.dcache.caches[0].cache_wrap.mem_bus_cache_if	9	1294	171209	4917	1228	4917	384	1228	35979	2220	199,775,31,90,46,38,3,22,0,2,0,1,0,0,0,3,6,4,3,4,1,0,0,0,0,0,0,0,0,0,0,0,0,0,0,0,0,0,0,0	296,97,65,133,66,25,31,12,17,18,16,49,23,44,25,5,191,47,25,23,8,5,4,3,0,0,0,0,0,0,0,0,0,0,0,0,0,0,0,0	7	3907	1012	3907	162	1013	36989	2220	169,604,47,80,7,23,6,21,0,8,4,2,1,3,3,4,18,6,5,1,0,0,0,0,0,0,0,0,0,0,0,0,0,0,0,0,0,0,0,0	92,76,42,100,55,49,58,39,16,14,21,23,28,14,35,12,206,64,26,23,8,5,4,3,0,0,0,0,0,0,0,0,0,0,0,0,0,0,0,0
tb.dut.clusters[0].cluster.sockets[0].socket.dcache.caches[0].cache_wrap.mem_bus_if	9	1296	176445	5375	1438	5375	384	1439	35521	804	198,971,28,106,46,40,3,22,0,2,0,1,0,0,0,3,6,4,3,4,1,0,0,0,0,0,0,0,0,0,0,0,0,0,0,0,0,0,0,0	298,109,32,146,60,50,39,15,17,18,33,21,116,28,16,30,203,79,72,42,8,7,0,0,0,0,0,0,0,0,0,0,0,0,0,0,0,0,0,0	7	3960	1326	3960	168	1327	36936	805	227,780,106,80,76,13,2,15,1,3,3,0,2,0,0,2,10,2,3,1,0,0,0,0,0,0,0,0,0,0,0,0,0,0,0,0,0,0,0,0	127,76,110,100,43,45,79,43,25,17,27,21,83,22,9,34,249,91,70,39,10,7,0,0,0,0,0,0,0,0,0,0,0,0,0,0,0,0,0,0
tb.dut.clusters[0].cluster.sockets[0].socket.dcache.core_bus_if[0]	7	474	75110	7859	2228	7859	384	2229	33037	791	352,1228,170,306,7,18,42,55,8,11,0,2,0,1,3,2,11,4,2,3,3,0,0,0,0,0,0,0,0,0,0,0,0,0,0,0,0,0,0,0	367,289,495,222,40,73,27,22,17,19,24,19,71,19,17,34,273,89,69,33,8,2,0,0,0,0,0,0,0,0,0,0,0,0,0,0,0,0,0,0	3	4334	3324	4334	14	3325	36562	794	2675,479,73,61,14,2,16,1,0,0,2,0,0,1,0,0,0,0,0,0,0,0,0,0,0,0,0,0,0,0,0,0,0,0,0,0,0,0,0,0	1508,253,256,280,220,32,21,24,22,15,19,7,14,65,22,18,332,105,69,33,8,2,0,0,0,0,0,0,0,0,0,0,0,0,0,0,0,0,0,0
tb.dut.clusters[0].cluster.sockets[0].socket.dcache.genblk2[0]	7	2945	452051	7861	2230	7861	384	2231	33035	791	354,1228,170,306,7,18,42,55,8,11,0,2,0,1,3,2,11,4,2,3,3,0,0,0,0,0,0,0,0,0,0,0,0,0,0,0,0,0,0,0	368,289,496,222,39,73,27,22,17,19,24,19,71,19,18,34,273,89,69,33,8,2,0,0,0,0,0,0,0,0,0,0,0,0,0,0,0,0,0,0	15	4334	3324	4334	14	3325	36562	794	2675,479,73,61,14,2,16,1,0,0,2,0,0,1,0,0,0,0,0,0,0,0,0,0,0,0,0,0,0,0,0,0,0,0,0,0,0,0,0,0	1508,253,256,280,220,32,21,24,22,15,19,7,14,65,22,18,332,105,69,33,8,2,0,0,0,0,0,0,0,0,0,0,0,0,0,0,0,0,0,0
tb.dut.clusters[0].cluster.sockets[0].socket.dcache.genblk2[0].arb_core_bus_tmp_if[0]	8	474	75110	7859	2228	7859	384	2229	33037	791	352,1228,170,306,7,18,42,55,8,11,0,2,0,1,3,2,11,4,2,3,3,0,0,0,0,0,0,0,0,0,0,0,0,0,0,0,0,0,0,0	367,289,495,222,40,73,27,22,17,19,24,19,71,19,17,34,273,89,69,33,8,2,0,0,0,0,0,0,0,0,0,0,0,0,0,0,0,0,0,0	3	4334	3324	4334	14	3325	36562	794	2675,479,73,61,14,2,16,1,0,0,2,0,0,1,0,0,0,0,0,0,0,0,0,0,0,0,0,0,0,0,0,0,0,0,0,0,0,0,0,0	1508,253,256,280,220,32,21,24,22,15,19,7,14,65,22,18,332,105,69,33,8,2,0,0,0,0,0,0,0,0,0,0,0,0,0,0,0,0,0,0
tb.dut.clusters[0].cluster.sockets[0].socket.dcache.genblk2[0].cache_arb	8	1997	301831	7861	2230	7861	384	2231	33035	791	354,1228,170,306,7,18,42,55,8,11,0,2,0,1,3,2,11,4,2,3,3,0,0,0,0,0,0,0,0,0,0,0,0,0,0,0,0,0,0,0	368,289,496,222,39,73,27,22,17,19,24,19,71,19,18,34,273,89,69,33,8,2,0,0,0,0,0,0,0,0,0,0,0,0,0,0,0,0,0,0	10	4334	3324	4334	14	3325	36562	794	2675,479,73,61,14,2,16,1,0,0,2,0,0,1,0,0,0,0,0,0,0,0,0,0,0,0,0,0,0,0,0,0,0,0,0,0,0,0,0,0	1508,253,256,280,220,32,21,24,22,15,19,7,14,65,22,18,332,105,69,33,8,2,0,0,0,0,0,0,0,0,0,0,0,0,0,0,0,0,0,0
tb.dut.clusters[0].cluster.sockets[0].socket.dcache.genblk2[0].cache_arb.bus_in_if[0]	9	474	75110	7859	2228	7859	384	2229	33037	791	352,1228,170,306,7,18,42,55,8,11,0,2,0,1,3,2,11,4,2,3,3,0,0,0,0,0,0,0,0,0,0,0,0,0,0,0,0,0,0,0	367,289,495,222,40,73,27,22,17,19,24,19,71,19,17,34,273,89,69,33,8,2,0,0,0,0,0,0,0,0,0,0,0,0,0,0,0,0,0,0	3	4334	3324	4334	14	3325	36562	794	2675,479,73,61,14,2,16,1,0,0,2,0,0,1,0,0,0,0,0,0,0,0,0,0,0,0,0,0,0,0,0,0,0,0,0,0,0,0,0,0	1508,253,256,280,220,32,21,24,22,15,19,7,14,65,22,18,332,105,69,33,8,2,0,0,0,0,0,0,0,0,0,0,0,0,0,0,0,0,0,0
tb.dut.clusters[0].cluster.sockets[0].socket.dcache.genblk2[0].cache_arb.bus_out_if[0]	9	474	75110	7859	2228	7859	384	2229	33037	791	352,1228,170,306,7,18,42,55,8,11,0,2,0,1,3,2,11,4,2,3,3,0,0,0,0,0,0,0,0,0,0,0,0,0,0,0,0,0,0,0	367,289,495,222,40,73,27,22,17,19,24,19,71,19,17,34,273,89,69,33,8,2,0,0,0,0,0,0,0,0,0,0,0,0,0,0,0,0,0,0	3	4334	3324	4334	14	3325	36562	794	2675,479,73,61,14,2,16,1,0,0,2,0,0,1,0,0,0,0,0,0,0,0,0,0,0,0,0,0,0,0,0,0,0,0,0,0,0,0,0,0	1508,253,256,280,220,32,21,24,22,15,19,7,14,65,22,18,332,105,69,33,8,2,0,0,0,0,0,0,0,0,0,0,0,0,0,0,0,0,0,0
tb.dut.clusters[0].cluster.sockets[0].socket.dcache.genblk2[0].cache_arb.genblk3[0]	9	3	1389	1151	1151	1151	1	1152	39745	2222	1151,0,0,0,0,0,0,0,0,0,0,0,0,0,0,0,0,0,0,0,0,0,0,0,0,0,0,0,0,0,0,0,0,0,0,0,0,0,0,0	344,61,39,18,40,7,23,88,6,45,2,5,7,2,6,0,176,135,81,53,10,0,3,1,0,0,0,0,0,0,0,0,0,0,0,0,0,0,0,0	2	238	238	238	1	239	40658	2957	238,0,0,0,0,0,0,0,0,0,0,0,0,0,0,0,0,0,0,0,0,0,0,0,0,0,0,0,0,0,0,0,0,0,0,0,0,0,0,0	11,2,9,9,30,7,3,1,1,5,0,0,1,1,0,0,41,33,34,22,11,7,8,3,0,0,0,0,0,0,0,0,0,0,0,0,0,0,0,0
tb.dut.clusters[0].cluster.sockets[0].socket.dcache.genblk2[0].core_bus_tmp_if[0]	8	474	75110	7859	2228	7859	384	2229	33037	791	352,1228,170,306,7,18,42,55,8,11,0,2,0,1,3,2,11,4,2,3,3,0,0,0,0,0,0,0,0,0,0,0,0,0,0,0,0,0,0,0	367,289,495,222,40,73,27,22,17,19,24,19,71,19,17,34,273,89,69,33,8,2,0,0,0,0,0,0,0,0,0,0,0,0,0,0,0,0,0,0	3	4334	3324	4334	14	3325	36562	794	2675,479,73,61,14,2,16,1,0,0,2,0,0,1,0,0,0,0,0,0,0,0,0,0,0,0,0,0,0,0,0,0,0,0,0,0,0,0,0,0	1508,253,256,280,220,32,21,24,22,15,19,7,14,65,22,18,332,105,69,33,8,2,0,0,0,0,0,0,0,0,0,0,0,0,0,0,0,0,0,0
tb.dut.clusters[0].cluster.sockets[0].socket.dcache.mem_arb	7	5289	709088	5377	1440	5377	384	1441	35519	804	200,971,28,106,46,40,3,22,0,2,0,1,0,0,0,3,6,4,3,4,1,0,0,0,0,0,0,0,0,0,0,0,0,0,0,0,0,0,0,0	299,109,33,146,59,50,39,15,17,18,33,21,116,28,17,30,203,79,72,42,8,7,0,0,0,0,0,0,0,0,0,0,0,0,0,0,0,0,0,0	27	3960	1326	3960	168	1327	36936	805	227,780,106,80,76,13,2,15,1,3,3,0,2,0,0,2,10,2,3,1,0,0,0,0,0,0,0,0,0,0,0,0,0,0,0,0,0,0,0,0	127,76,110,100,43,45,79,43,25,17,27,21,83,22,9,34,249,91,70,39,10,7,0,0,0,0,0,0,0,0,0,0,0,0,0,0,0,0,0,0
tb.dut.clusters[0].cluster.sockets[0].socket.dcache.mem_arb.bus_in_if[0]	8	1296	176445	5375	1438	5375	384	1439	35521	804	198,971,28,106,46,40,3,22,0,2,0,1,0,0,0,3,6,4,3,4,1,0,0,0,0,0,0,0,0,0,0,0,0,0,0,0,0,0,0,0	298,109,32,146,60,50,39,15,17,18,33,21,116,28,16,30,203,79,72,42,8,7,0,0,0,0,0,0,0,0,0,0,0,0,0,0,0,0,0,0	7	3960	1326	3960	168	1327	36936	805	227,780,106,80,76,13,2,15,1,3,3,0,2,0,0,2,10,2,3,1,0,0,0,0,0,0,0,0,0,0,0,0,0,0,0,0,0,0,0,0	127,76,110,100,43,45,79,43,25,17,27,21,83,22,9,34,249,91,70,39,10,7,0,0,0,0,0,0,0,0,0,0,0,0,0,0,0,0,0,0
tb.dut.clusters[0].cluster.sockets[0].socket.dcache.mem_arb.bus_out_if[0]	8	1296	176445	5375	1438	5375	384	1439	35521	804	198,971,28,106,46,40,3,22,0,2,0,1,0,0,0,3,6,4,3,4,1,0,0,0,0,0,0,0,0,0,0,0,0,0,0,0,0,0,0,0	298,109,32,146,60,50,39,15,17,18,33,21,116,28,16,30,203,79,72,42,8,7,0,0,0,0,0,0,0,0,0,0,0,0,0,0,0,0,0,0	7	3960	1326	3960	168	1327	36936	805	227,780,106,80,76,13,2,15,1,3,3,0,2,0,0,2,10,2,3,1,0,0,0,0,0,0,0,0,0,0,0,0,0,0,0,0,0,0,0,0	127,76,110,100,43,45,79,43,25,17,27,21,83,22,9,34,249,91,70,39,10,7,0,0,0,0,0,0,0,0,0,0,0,0,0,0,0,0,0,0
tb.dut.clusters[0].cluster.sockets[0].socket.dcache.mem_arb.genblk3[0]	8	7	3306	2139	1012	2139	8	1013	38757	1946	349,392,187,27,17,32,4,4,0,0,0,0,0,0,0,0,0,0,0,0,0,0,0,0,0,0,0,0,0,0,0,0,0,0,0,0,0,0,0,0	265,21,91,44,28,9,23,22,7,12,8,6,24,5,8,4,135,161,79,39,14,7,1,0,0,0,0,0,0,0,0,0,0,0,0,0,0,0,0,0	2	1002	586	1002	4	587	39894	2088	272,213,100,1,0,0,0,0,0,0,0,0,0,0,0,0,0,0,0,0,0,0,0,0,0,0,0,0,0,0,0,0,0,0,0,0,0,0,0,0	79,17,54,33,39,5,35,4,3,13,11,7,15,1,5,3,48,97,65,22,15,9,6,1,0,0,0,0,0,0,0,0,0,0,0,0,0,0,0,0
tb.dut.clusters[0].cluster.sockets[0].socket.dcache.mem_bus_if	7	1296	176445	5375	1438	5375	384	1439	35521	804	198,971,28,106,46,40,3,22,0,2,0,1,0,0,0,3,6,4,3,4,1,0,0,0,0,0,0,0,0,0,0,0,0,0,0,0,0,0,0,0	298,109,32,146,60,50,39,15,17,18,33,21,116,28,16,30,203,79,72,42,8,7,0,0,0,0,0,0,0,0,0,0,0,0,0,0,0,0,0,0	7	3960	1326	3960	168	1327	36936	805	227,780,106,80,76,13,2,15,1,3,3,0,2,0,0,2,10,2,3,1,0,0,0,0,0,0,0,0,0,0,0,0,0,0,0,0,0,0,0,0	127,76,110,100,43,45,79,43,25,17,27,21,83,22,9,34,249,91,70,39,10,7,0,0,0,0,0,0,0,0,0,0,0,0,0,0,0,0,0,0
tb.dut.clusters[0].cluster.sockets[0].socket.dcache.mem_bus_tmp_if[0]	7	1296	176445	5375	1438	5375	384	1439	35521	804	198,971,28,106,46,40,3,22,0,2,0,1,0,0,0,3,6,4,3,4,1,0,0,0,0,0,0,0,0,0,0,0,0,0,0,0,0,0,0,0	298,109,32,146,60,50,39,15,17,18,33,21,116,28,16,30,203,79,72,42,8,7,0,0,0,0,0,0,0,0,0,0,0,0,0,0,0,0,0,0	7	3960	1326	3960	168	1327	36936	805	227,780,106,80,76,13,2,15,1,3,3,0,2,0,0,2,10,2,3,1,0,0,0,0,0,0,0,0,0,0,0,0,0,0,0,0,0,0,0,0	127,76,110,100,43,45,79,43,25,17,27,21,83,22,9,34,249,91,70,39,10,7,0,0,0,0,0,0,0,0,0,0,0,0,0,0,0,0,0,0
tb.dut.clusters[0].cluster.sockets[0].socket.dcache_mem_bus_if	6	1296	176445	5375	1438	5375	384	1439	35521	804	198,971,28,106,46,40,3,22,0,2,0,1,0,0,0,3,6,4,3,4,1,0,0,0,0,0,0,0,0,0,0,0,0,0,0,0,0,0,0,0	298,109,32,146,60,50,39,15,17,18,33,21,116,28,16,30,203,79,72,42,8,7,0,0,0,0,0,0,0,0,0,0,0,0,0,0,0,0,0,0	7	3960	1326	3960	168	1327	36936	805	227,780,106,80,76,13,2,15,1,3,3,0,2,0,0,2,10,2,3,1,0,0,0,0,0,0,0,0,0,0,0,0,0,0,0,0,0,0,0,0	127,76,110,100,43,45,79,43,25,17,27,21,83,22,9,34,249,91,70,39,10,7,0,0,0,0,0,0,0,0,0,0,0,0,0,0,0,0,0,0
tb.dut.clusters[0].cluster.sockets[0].socket.dcr_bus_if	6	45	25	10	1	10	10	2	40886	40877	0,0,0,0,0,0,0,0,0,1,0,0,0,0,0,0,0,0,0,0,0,0,0,0,0,0,0,0,0,0,0,0,0,0,0,0,0,0,0,0	0,0,0,0,0,0,0,0,1,0,0,0,0,0,0,0,0,0,0,0,0,0,0,0,0,0,0,1,0,0,0,0,0,0,0,0,0,0,0,0	2	7	3	7	4	4	40889	40878	1,1,0,1,0,0,0,0,0,0,0,0,0,0,0,0,0,0,0,0,0,0,0,0,0,0,0,0,0,0,0,0,0,0,0,0,0,0,0,0	2,0,0,0,0,0,0,0,1,0,0,0,0,0,0,0,0,0,0,0,0,0,0,0,0,0,0,1,0,0,0,0,0,0,0,0,0,0,0,0
tb.dut.clusters[0].cluster.sockets[0].socket.icache	6	34821	9987466	26240	2208	26240	264	2208	14656	386	10,15,4,24,1209,52,88,89,42,24,62,16,29,20,37,44,274,140,27,1,1,0,0,0,0,0,0,0,0,0,0,0,0,0,0,0,0,0,0,0	1425,24,83,65,39,35,30,12,27,27,38,65,36,66,24,4,155,24,18,7,4,0,0,0,0,0,0,0,0,0,0,0,0,0,0,0,0,0,0,0	175	20612	3693	20612	93	3694	20284	478	332,637,496,805,593,157,65,51,86,64,72,39,25,22,31,32,142,34,10,0,0,0,0,0,0,0,0,0,0,0,0,0,0,0,0,0,0,0,0,0	1438,842,518,184,100,36,36,33,13,26,23,37,31,34,71,36,183,21,19,7,6,0,0,0,0,0,0,0,0,0,0,0,0,0,0,0,0,0,0,0
tb.dut.clusters[0].cluster.sockets[0].socket.icache.arb_core_bus_if[0]	7	272	253491	22863	4889	22863	124	4889	18033	386	136,3781,83,67,32,38,71,147,23,39,10,26,42,73,14,16,190,81,20,0,0,0,0,0,0,0,0,0,0,0,0,0,0,0,0,0,0,0,0,0	4010,57,87,116,38,38,29,10,27,26,42,68,34,68,24,3,157,25,18,8,4,0,0,0,0,0,0,0,0,0,0,0,0,0,0,0,0,0,0,0	2	21848	5451	21848	123	5451	19048	386	263,4339,83,68,12,35,57,119,29,28,5,26,37,72,14,19,164,68,13,0,0,0,0,0,0,0,0,0,0,0,0,0,0,0,0,0,0,0,0,0	4637,31,95,66,39,36,32,13,21,21,42,69,35,67,22,5,167,23,17,8,5,0,0,0,0,0,0,0,0,0,0,0,0,0,0,0,0,0,0,0
tb.dut.clusters[0].cluster.sockets[0].socket.icache.cache_mem_bus_if[0]	7	1290	34792	587	388	587	3	389	40309	13907	191,195,2,0,0,0,0,0,0,0,0,0,0,0,0,0,0,0,0,0,0,0,0,0,0,0,0,0,0,0,0,0,0,0,0,0,0,0,0,0	40,10,61,26,10,9,2,1,2,4,5,1,3,0,4,2,123,18,37,15,8,4,2,0,1,1,0,0,0,0,0,0,0,0,0,0,0,0,0,0	7	242	136	242	2	137	40654	21965	30,106,0,0,0,0,0,0,0,0,0,0,0,0,0,0,0,0,0,0,0,0,0,0,0,0,0,0,0,0,0,0,0,0,0,0,0,0,0,0	0,0,0,0,0,0,0,1,0,1,0,0,0,0,0,0,50,15,36,17,10,4,2,0,0,0,1,0,0,0,0,0,0,0,0,0,0,0,0,0
tb.dut.clusters[0].cluster.sockets[0].socket.icache.caches[0]	7	22641	7696496	26239	2208	26239	263	2208	14657	386	10,15,4,24,1209,52,88,89,42,24,62,16,29,20,37,44,274,140,27,1,1,0,0,0,0,0,0,0,0,0,0,0,0,0,0,0,0,0,0,0	1425,24,83,65,39,35,30,11,28,27,38,65,36,66,24,4,155,24,18,7,4,0,0,0,0,0,0,0,0,0,0,0,0,0,0,0,0,0,0,0	114	21048	3545	21048	98	3546	19848	478	355,527,448,842,520,157,65,52,64,90,51,29,20,32,31,44,168,39,11,0,0,0,0,0,0,0,0,0,0,0,0,0,0,0,0,0,0,0,0,0	1294,926,501,147,69,41,38,23,19,27,14,37,34,37,79,27,180,21,19,7,6,0,0,0,0,0,0,0,0,0,0,0,0,0,0,0,0,0,0,0
tb.dut.clusters[0].cluster.sockets[0].socket.icache.caches[0].cache_wrap	8	22640	7696494	26239	2208	26239	263	2208	14657	386	10,15,4,24,1209,52,88,89,42,24,62,16,29,20,37,44,274,140,27,1,1,0,0,0,0,0,0,0,0,0,0,0,0,0,0,0,0,0,0,0	1425,24,83,65,39,35,30,11,28,27,38,65,36,66,24,4,155,24,18,7,4,0,0,0,0,0,0,0,0,0,0,0,0,0,0,0,0,0,0,0	114	21048	3545	21048	98	3546	19848	478	355,527,448,842,520,157,65,52,64,90,51,29,20,32,31,44,168,39,11,0,0,0,0,0,0,0,0,0,0,0,0,0,0,0,0,0,0,0,0,0	1294,926,501,147,69,41,38,23,19,27,14,37,34,37,79,27,180,21,19,7,6,0,0,0,0,0,0,0,0,0,0,0,0,0,0,0,0,0,0,0
tb.dut.clusters[0].cluster.sockets[0].socket.icache.caches[0].cache_wrap.core_bus_cache_if[0]	9	272	253491	22863	4889	22863	124	4889	18033	386	136,3781,83,67,32,38,71,147,23,39,10,26,42,73,14,16,190,81,20,0,0,0,0,0,0,0,0,0,0,0,0,0,0,0,0,0,0,0,0,0	4010,57,87,116,38,38,29,10,27,26,42,68,34,68,24,3,157,25,18,8,4,0,0,0,0,0,0,0,0,0,0,0,0,0,0,0,0,0,0,0	2	21848	5451	21848	123	5451	19048	386	263,4339,83,68,12,35,57,119,29,28,5,26,37,72,14,19,164,68,13,0,0,0,0,0,0,0,0,0,0,0,0,0,0,0,0,0,0,0,0,0	4637,31,95,66,39,36,32,13,21,21,42,69,35,67,22,5,167,23,17,8,5,0,0,0,0,0,0,0,0,0,0,0,0,0,0,0,0,0,0,0
tb.dut.clusters[0].cluster.sockets[0].socket.icache.caches[0].cache_wrap.core_bus_if[0]	9	272	253491	22863	4889	22863	124	4889	18033	386	136,3781,83,67,32,38,71,147,23,39,10,26,42,73,14,16,190,81,20,0,0,0,0,0,0,0,0,0,0,0,0,0,0,0,0,0,0,0,0,0	4010,57,87,116,38,38,29,10,27,26,42,68,34,68,24,3,157,25,18,8,4,0,0,0,0,0,0,0,0,0,0,0,0,0,0,0,0,0,0,0	2	21848	5451	21848	123	5451	19048	386	263,4339,83,68,12,35,57,119,29,28,5,26,37,72,14,19,164,68,13,0,0,0,0,0,0,0,0,0,0,0,0,0,0,0,0,0,0,0,0,0	4637,31,95,66,39,36,32,13,21,21,42,69,35,67,22,5,167,23,17,8,5,0,0,0,0,0,0,0,0,0,0,0,0,0,0,0,0,0,0,0
tb.dut.clusters[0].cluster.sockets[0].socket.icache.caches[0].cache_wrap.genblk3	9	18809	7119926	26238	2208	26238	262	2208	14658	386	10,15,4,24,1209,52,88,89,42,24,62,16,29,20,37,44,274,140,27,1,1,0,0,0,0,0,0,0,0,0,0,0,0,0,0,0,0,0,0,0	1425,24,83,65,39,35,30,11,27,28,38,65,36,66,24,4,155,24,18,7,4,0,0,0,0,0,0,0,0,0,0,0,0,0,0,0,0,0,0,0	95	21350	3423	21350	126	3424	19546	408	334,386,453,858,535,157,67,56,52,85,53,27,20,28,27,47,179,48,11,0,0,0,0,0,0,0,0,0,0,0,0,0,0,0,0,0,0,0,0,0	1191,960,465,130,71,39,35,24,18,26,17,38,34,37,78,28,180,21,19,7,6,0,0,0,0,0,0,0,0,0,0,0,0,0,0,0,0,0,0,0
tb.dut.clusters[0].cluster.sockets[0].socket.icache.caches[0].cache_wrap.genblk3.cache	10	18808	7119924	26238	2208	26238	262	2208	14658	386	10,15,4,24,1209,52,88,89,42,24,62,16,29,20,37,44,274,140,27,1,1,0,0,0,0,0,0,0,0,0,0,0,0,0,0,0,0,0,0,0	1425,24,83,65,39,35,30,11,27,28,38,65,36,66,24,4,155,24,18,7,4,0,0,0,0,0,0,0,0,0,0,0,0,0,0,0,0,0,0,0	95	21350	3423	21350	126	3424	19546	408	334,386,453,858,535,157,67,56,52,85,53,27,20,28,27,47,179,48,11,0,0,0,0,0,0,0,0,0,0,0,0,0,0,0,0,0,0,0,0,0	1191,960,465,130,71,39,35,24,18,26,17,38,34,37,78,28,180,21,19,7,6,0,0,0,0,0,0,0,0,0,0,0,0,0,0,0,0,0,0,0
tb.dut.clusters[0].cluster.sockets[0].socket.icache.caches[0].cache_wrap.genblk3.cache.banks[0]	11	11759	5001682	26236	2209	26236	261	2209	14660	386	10,15,5,25,1209,52,88,88,42,24,62,16,29,20,37,44,274,140,27,1,1,0,0,0,0,0,0,0,0,0,0,0,0,0,0,0,0,0,0,0	1426,24,83,65,39,35,30,11,27,27,39,65,36,66,24,4,155,24,18,7,4,0,0,0,0,0,0,0,0,0,0,0,0,0,0,0,0,0,0,0	59	17709	4006	17709	89	4007	23187	408	256,441,1514,670,674,105,32,41,51,15,23,25,13,16,25,9,76,15,5,0,0,0,0,0,0,0,0,0,0,0,0,0,0,0,0,0,0,0,0,0	808,811,1215,376,127,71,39,37,23,17,26,28,29,38,50,56,204,18,21,8,5,0,0,0,0,0,0,0,0,0,0,0,0,0,0,0,0,0,0,0
tb.dut.clusters[0].cluster.sockets[0].socket.icache.caches[0].cache_wrap.genblk3.cache.banks[0].bank	12	11731	5000837	26236	2209	26236	261	2209	14660	386	10,15,5,25,1209,52,88,88,42,24,62,16,29,20,37,44,274,140,27,1,1,0,0,0,0,0,0,0,0,0,0,0,0,0,0,0,0,0,0,0	1426,24,83,65,39,35,30,11,27,27,39,65,36,66,24,4,155,24,18,7,4,0,0,0,0,0,0,0,0,0,0,0,0,0,0,0,0,0,0,0	59	17701	4011	17701	89	4012	23195	408	260,443,1515,672,672,105,32,40,50,15,23,25,13,16,25,9,76,15,5,0,0,0,0,0,0,0,0,0,0,0,0,0,0,0,0,0,0,0,0,0	811,813,1215,376,127,71,39,37,23,17,26,28,29,38,50,56,204,18,21,8,5,0,0,0,0,0,0,0,0,0,0,0,0,0,0,0,0,0,0,0
tb.dut.clusters[0].cluster.sockets[0].socket.icache.caches[0].cache_wrap.genblk3.cache.banks[0].bank.cache_data	13	3155	2777749	14090	5311	14090	258	5311	26806	408	754,2692,682,764,363,22,3,5,1,3,0,2,1,4,0,3,8,0,3,0,1,0,0,0,0,0,0,0,0,0,0,0,0,0,0,0,0,0,0,0	1169,1292,677,1409,33,84,62,34,34,30,13,25,32,32,60,36,239,21,18,6,5,0,0,0,0,0,0,0,0,0,0,0,0,0,0,0,0,0,0,0	16	13175	5220	13175	75	5221	27721	408	865,2626,611,728,349,14,1,4,1,3,1,2,0,4,0,3,6,0,2,0,0,0,0,0,0,0,0,0,0,0,0,0,0,0,0,0,0,0,0,0	1099,1266,604,1408,97,84,66,34,32,25,15,27,29,26,51,39,263,23,20,8,5,0,0,0,0,0,0,0,0,0,0,0,0,0,0,0,0,0,0,0
tb.dut.clusters[0].cluster.sockets[0].socket.icache.caches[0].cache_wrap.genblk3.cache.banks[0].bank.cache_mshr	13	1105	313990	19919	3725	19919	260	3725	20977	407	1,46,1760,482,888,94,88,42,46,20,24,27,17,10,31,8,104,27,9,0,1,0,0,0,0,0,0,0,0,0,0,0,0,0,0,0,0,0,0,0	953,616,1374,53,79,66,35,32,26,16,25,32,33,45,49,68,174,20,18,6,5,0,0,0,0,0,0,0,0,0,0,0,0,0,0,0,0,0,0,0	6	15455	4714	15455	81	4714	25441	408	75,2558,493,787,604,94,10,14,7,9,1,8,2,7,0,7,21,11,6,0,0,0,0,0,0,0,0,0,0,0,0,0,0,0,0,0,0,0,0,0	1171,816,590,1379,26,79,67,33,36,28,16,22,34,55,32,40,240,21,18,6,5,0,0,0,0,0,0,0,0,0,0,0,0,0,0,0,0,0,0,0
tb.dut.clusters[0].cluster.sockets[0].socket.icache.caches[0].cache_wrap.genblk3.cache.banks[0].bank.cache_tags	13	436	98518	13557	5670	13557	259	5670	27339	409	1315,2694,638,740,237,16,1,6,1,3,0,2,1,4,1,3,6,1,0,0,1,0,0,0,0,0,0,0,0,0,0,0,0,0,0,0,0,0,0,0	1436,1352,712,1416,20,87,62,34,31,32,11,27,20,36,67,38,239,21,18,6,5,0,0,0,0,0,0,0,0,0,0,0,0,0,0,0,0,0,0,0	3	12407	5444	12407	28	5445	28489	507	1311,2651,602,646,196,14,1,4,1,3,0,2,0,4,0,3,6,0,0,0,0,0,0,0,0,0,0,0,0,0,0,0,0,0,0,0,0,0,0,0	1493,1267,568,1400,20,76,64,34,34,24,7,23,22,24,49,37,240,25,19,12,7,0,0,0,0,0,0,0,0,0,0,0,0,0,0,0,0,0,0,0
tb.dut.clusters[0].cluster.sockets[0].socket.icache.caches[0].cache_wrap.genblk3.cache.banks[0].bank.cache_tags.genblk3[0]	14	44	1271	565	258	565	6	259	40331	21961	75,74,98,9,0,2,0,0,0,0,0,0,0,0,0,0,0,0,0,0,0,0,0,0,0,0,0,0,0,0,0,0,0,0,0,0,0,0,0,0	13,28,3,7,6,5,5,2,3,2,3,4,2,2,1,2,95,16,30,15,9,3,2,0,0,0,1,0,0,0,0,0,0,0,0,0,0,0,0,0	2	556	255	556	6	256	40340	21961	77,69,99,8,0,2,0,0,0,0,0,0,0,0,0,0,0,0,0,0,0,0,0,0,0,0,0,0,0,0,0,0,0,0,0,0,0,0,0,0	13,28,3,4,6,5,5,2,3,2,3,4,2,2,1,2,94,17,30,15,9,3,2,0,0,0,1,0,0,0,0,0,0,0,0,0,0,0,0,0
tb.dut.clusters[0].cluster.sockets[0].socket.icache.caches[0].cache_wrap.genblk3.cache.banks[0].bank.flush_unit	13	447	20144	10111	8587	10111	258	8588	30785	408	7326,1255,4,0,1,0,0,0,0,0,0,0,0,0,0,0,0,0,0,0,1,0,0,0,0,0,0,0,0,0,0,0,0,0,0,0,0,0,0,0	3678,1156,2430,535,100,68,41,30,30,17,28,21,42,66,42,67,183,21,22,6,5,0,0,0,0,0,0,0,0,0,0,0,0,0,0,0,0,0,0,0	3	131	128	131	3	129	40765	40615	126,1,1,0,0,0,0,0,0,0,0,0,0,0,0,0,0,0,0,0,0,0,0,0,0,0,0,0,0,0,0,0,0,0,0,0,0,0,0,0	126,0,0,0,1,0,0,0,0,0,0,0,0,0,0,0,1,0,0,0,0,0,0,0,0,0,0,1,0,0,0,0,0,0,0,0,0,0,0,0
tb.dut.clusters[0].cluster.sockets[0].socket.icache.caches[0].cache_wrap.genblk3.cache.banks[0].bank.genblk7	13	64	97132	12142	5092	12142	75	5092	28754	408	1007,2660,499,625,262,12,1,8,1,5,1,1,0,3,0,2,3,0,2,0,0,0,0,0,0,0,0,0,0,0,0,0,0,0,0,0,0,0,0,0	1008,1110,590,1338,135,104,89,67,49,91,16,23,35,24,52,40,267,21,20,7,6,0,0,0,0,0,0,0,0,0,0,0,0,0,0,0,0,0,0,0	2	12142	5092	12142	75	5092	28754	408	1007,2660,499,625,262,12,1,8,1,5,1,1,0,3,0,2,3,0,2,0,0,0,0,0,0,0,0,0,0,0,0,0,0,0,0,0,0,0,0,0	1008,1110,590,1338,135,104,89,67,49,91,16,23,35,24,52,40,267,21,20,7,6,0,0,0,0,0,0,0,0,0,0,0,0,0,0,0,0,0,0,0
tb.dut.clusters[0].cluster.sockets[0].socket.icache.caches[0].cache_wrap.genblk3.cache.banks[0].bank.mshr_pending_size	13	248	96326	22537	2926	22537	124	2927	18359	407	1,91,72,1495,506,87,74,57,11,68,32,25,23,29,28,51,175,83,18,0,0,0,0,0,0,0,0,0,0,0,0,0,0,0,0,0,0,0,0,0	701,1429,19,111,66,39,33,25,12,24,23,41,51,39,78,23,163,20,18,7,5,0,0,0,0,0,0,0,0,0,0,0,0,0,0,0,0,0,0,0	2	22535	2925	22535	124	2926	18361	407	1,90,72,1495,506,87,74,57,11,68,32,25,23,29,28,51,175,83,18,0,0,0,0,0,0,0,0,0,0,0,0,0,0,0,0,0,0,0,0,0	701,1429,19,110,67,39,33,25,12,24,23,41,51,39,78,23,162,20,18,6,6,0,0,0,0,0,0,0,0,0,0,0,0,0,0,0,0,0,0,0
tb.dut.clusters[0].cluster.sockets[0].socket.icache.caches[0].cache_wrap.genblk3.cache.banks[0].bank.mshr_pending_size.genblk3	14	8	31756	20519	3916	20519	94	3917	20377	407	0,431,77,1914,779,268,84,76,10,49,36,14,26,23,11,21,72,20,5,0,0,0,0,0,0,0,0,0,0,0,0,0,0,0,0,0,0,0,0,0	1064,2010,25,129,67,41,32,28,11,24,24,46,54,42,79,23,167,19,20,6,6,0,0,0,0,0,0,0,0,0,0,0,0,0,0,0,0,0,0,0	2	6573	2306	6573	41	2307	34323	2887	638,171,560,840,83,5,6,0,1,0,0,0,0,0,0,1,0,1,0,0,0,0,0,0,0,0,0,0,0,0,0,0,0,0,0,0,0,0,0,0	123,1061,298,36,36,24,0,16,10,4,11,13,4,25,64,66,306,141,50,8,8,1,0,2,0,0,0,0,0,0,0,0,0,0,0,0,0,0,0,0
tb.dut.clusters[0].cluster.sockets[0].socket.icache.caches[0].cache_wrap.genblk3.cache.core_bus2_if[0]	11	272	253491	22863	4889	22863	124	4889	18033	386	136,3781,83,67,32,38,71,147,23,39,10,26,42,73,14,16,190,81,20,0,0,0,0,0,0,0,0,0,0,0,0,0,0,0,0,0,0,0,0,0	4010,57,87,116,38,38,29,10,27,26,42,68,34,68,24,3,157,25,18,8,4,0,0,0,0,0,0,0,0,0,0,0,0,0,0,0,0,0,0,0	2	21848	5451	21848	123	5451	19048	386	263,4339,83,68,12,35,57,119,29,28,5,26,37,72,14,19,164,68,13,0,0,0,0,0,0,0,0,0,0,0,0,0,0,0,0,0,0,0,0,0	4637,31,95,66,39,36,32,13,21,21,42,69,35,67,22,5,167,23,17,8,5,0,0,0,0,0,0,0,0,0,0,0,0,0,0,0,0,0,0,0
tb.dut.clusters[0].cluster.sockets[0].socket.icache.caches[0].cache_wrap.genblk3.cache.core_bus_if[0]	11	272	253491	22863	4889	22863	124	4889	18033	386	136,3781,83,67,32,38,71,147,23,39,10,26,42,73,14,16,190,81,20,0,0,0,0,0,0,0,0,0,0,0,0,0,0,0,0,0,0,0,0,0	4010,57,87,116,38,38,29,10,27,26,42,68,34,68,24,3,157,25,18,8,4,0,0,0,0,0,0,0,0,0,0,0,0,0,0,0,0,0,0,0	2	21848	5451	21848	123	5451	19048	386	263,4339,83,68,12,35,57,119,29,28,5,26,37,72,14,19,164,68,13,0,0,0,0,0,0,0,0,0,0,0,0,0,0,0,0,0,0,0,0,0	4637,31,95,66,39,36,32,13,21,21,42,69,35,67,22,5,167,23,17,8,5,0,0,0,0,0,0,0,0,0,0,0,0,0,0,0,0,0,0,0
tb.dut.clusters[0].cluster.sockets[0].socket.icache.caches[0].cache_wrap.genblk3.cache.flush_unit	11	819	507316	22865	4890	22865	124	4890	18031	386	136,3782,83,67,32,38,71,147,23,39,10,26,42,73,14,16,190,81,20,0,0,0,0,0,0,0,0,0,0,0,0,0,0,0,0,0,0,0,0,0	4011,58,87,115,38,38,29,10,27,27,41,68,34,68,24,3,157,25,18,8,4,0,0,0,0,0,0,0,0,0,0,0,0,0,0,0,0,0,0,0	5	20692	5669	20692	123	5670	20204	408	947,3820,135,59,48,51,39,119,28,34,15,29,33,70,12,14,148,57,11,0,0,0,0,0,0,0,0,0,0,0,0,0,0,0,0,0,0,0,0,0	4250,640,83,52,58,40,29,12,18,21,26,46,50,78,41,5,168,24,17,6,6,0,0,0,0,0,0,0,0,0,0,0,0,0,0,0,0,0,0,0
tb.dut.clusters[0].cluster.sockets[0].socket.icache.caches[0].cache_wrap.genblk3.cache.flush_unit.core_bus_in_if[0]	12	272	253491	22863	4889	22863	124	4889	18033	386	136,3781,83,67,32,38,71,147,23,39,10,26,42,73,14,16,190,81,20,0,0,0,0,0,0,0,0,0,0,0,0,0,0,0,0,0,0,0,0,0	4010,57,87,116,38,38,29,10,27,26,42,68,34,68,24,3,157,25,18,8,4,0,0,0,0,0,0,0,0,0,0,0,0,0,0,0,0,0,0,0	2	21848	5451	21848	123	5451	19048	386	263,4339,83,68,12,35,57,119,29,28,5,26,37,72,14,19,164,68,13,0,0,0,0,0,0,0,0,0,0,0,0,0,0,0,0,0,0,0,0,0	4637,31,95,66,39,36,32,13,21,21,42,69,35,67,22,5,167,23,17,8,5,0,0,0,0,0,0,0,0,0,0,0,0,0,0,0,0,0,0,0
tb.dut.clusters[0].cluster.sockets[0].socket.icache.caches[0].cache_wrap.genblk3.cache.flush_unit.core_bus_out_if[0]	12	272	253491	22863	4889	22863	124	4889	18033	386	136,3781,83,67,32,38,71,147,23,39,10,26,42,73,14,16,190,81,20,0,0,0,0,0,0,0,0,0,0,0,0,0,0,0,0,0,0,0,0,0	4010,57,87,116,38,38,29,10,27,26,42,68,34,68,24,3,157,25,18,8,4,0,0,0,0,0,0,0,0,0,0,0,0,0,0,0,0,0,0,0	2	21848	5451	21848	123	5451	19048	386	263,4339,83,68,12,35,57,119,29,28,5,26,37,72,14,19,164,68,13,0,0,0,0,0,0,0,0,0,0,0,0,0,0,0,0,0,0,0,0,0	4637,31,95,66,39,36,32,13,21,21,42,69,35,67,22,5,167,23,17,8,5,0,0,0,0,0,0,0,0,0,0,0,0,0,0,0,0,0,0,0
tb.dut.clusters[0].cluster.sockets[0].socket.icache.caches[0].cache_wrap.genblk3.cache.flush_unit.genblk3[0]	12	1	0	0	0	0	0	1	40896	40896	0,0,0,0,0,0,0,0,0,0,0,0,0,0,0,0,0,0,0,0,0,0,0,0,0,0,0,0,0,0,0,0,0,0,0,0,0,0,0,0	0,0,0,0,0,0,0,0,0,0,0,0,0,0,0,0,0,0,0,0,0,0,0,0,0,0,0,1,0,0,0,0,0,0,0,0,0,0,0,0	2	0	0	0	0	1	40896	40896	0,0,0,0,0,0,0,0,0,0,0,0,0,0,0,0,0,0,0,0,0,0,0,0,0,0,0,0,0,0,0,0,0,0,0,0,0,0,0,0	0,0,0,0,0,0,0,0,0,0,0,0,0,0,0,0,0,0,0,0,0,0,0,0,0,0,0,1,0,0,0,0,0,0,0,0,0,0,0,0
tb.dut.clusters[0].cluster.sockets[0].socket.icache.caches[0].cache_wrap.genblk3.cache.mem_bus_if	11	1290	34792	587	388	587	3	389	40309	13907	191,195,2,0,0,0,0,0,0,0,0,0,0,0,0,0,0,0,0,0,0,0,0,0,0,0,0,0,0,0,0,0,0,0,0,0,0,0,0,0	40,10,61,26,10,9,2,1,2,4,5,1,3,0,4,2,123,18,37,15,8,4,2,0,1,1,0,0,0,0,0,0,0,0,0,0,0,0,0,0	7	242	136	242	2	137	40654	21965	30,106,0,0,0,0,0,0,0,0,0,0,0,0,0,0,0,0,0,0,0,0,0,0,0,0,0,0,0,0,0,0,0,0,0,0,0,0,0,0	0,0,0,0,0,0,0,1,0,1,0,0,0,0,0,0,50,15,36,17,10,4,2,0,0,0,1,0,0,0,0,0,0,0,0,0,0,0,0,0
tb.dut.clusters[0].cluster.sockets[0].socket.icache.caches[0].cache_wrap.mem_bus_cache_if	9	1290	34792	587	388	587	3	389	40309	13907	191,195,2,0,0,0,0,0,0,0,0,0,0,0,0,0,0,0,0,0,0,0,0,0,0,0,0,0,0,0,0,0,0,0,0,0,0,0,0,0	40,10,61,26,10,9,2,1,2,4,5,1,3,0,4,2,123,18,37,15,8,4,2,0,1,1,0,0,0,0,0,0,0,0,0,0,0,0,0,0	7	242	136	242	2	137	40654	21965	30,106,0,0,0,0,0,0,0,0,0,0,0,0,0,0,0,0,0,0,0,0,0,0,0,0,0,0,0,0,0,0,0,0,0,0,0,0,0,0	0,0,0,0,0,0,0,1,0,1,0,0,0,0,0,0,50,15,36,17,10,4,2,0,0,0,1,0,0,0,0,0,0,0,0,0,0,0,0,0
tb.dut.clusters[0].cluster.sockets[0].socket.icache.caches[0].cache_wrap.mem_bus_if	9	1290	34792	587	388	587	3	389	40309	13907	191,195,2,0,0,0,0,0,0,0,0,0,0,0,0,0,0,0,0,0,0,0,0,0,0,0,0,0,0,0,0,0,0,0,0,0,0,0,0,0	40,10,61,26,10,9,2,1,2,4,5,1,3,0,4,2,123,18,37,15,8,4,2,0,1,1,0,0,0,0,0,0,0,0,0,0,0,0,0,0	7	242	136	242	2	137	40654	21965	30,106,0,0,0,0,0,0,0,0,0,0,0,0,0,0,0,0,0,0,0,0,0,0,0,0,0,0,0,0,0,0,0,0,0,0,0,0,0,0	0,0,0,0,0,0,0,1,0,1,0,0,0,0,0,0,50,15,36,17,10,4,2,0,0,0,1,0,0,0,0,0,0,0,0,0,0,0,0,0
tb.dut.clusters[0].cluster.sockets[0].socket.icache.core_bus_if[0]	7	272	253491	22863	4889	22863	124	4889	18033	386	136,3781,83,67,32,38,71,147,23,39,10,26,42,73,14,16,190,81,20,0,0,0,0,0,0,0,0,0,0,0,0,0,0,0,0,0,0,0,0,0	4010,57,87,116,38,38,29,10,27,26,42,68,34,68,24,3,157,25,18,8,4,0,0,0,0,0,0,0,0,0,0,0,0,0,0,0,0,0,0,0	2	21848	5451	21848	123	5451	19048	386	263,4339,83,68,12,35,57,119,29,28,5,26,37,72,14,19,164,68,13,0,0,0,0,0,0,0,0,0,0,0,0,0,0,0,0,0,0,0,0,0	4637,31,95,66,39,36,32,13,21,21,42,69,35,67,22,5,167,23,17,8,5,0,0,0,0,0,0,0,0,0,0,0,0,0,0,0,0,0,0,0
tb.dut.clusters[0].cluster.sockets[0].socket.icache.genblk2[0]	7	1733	1540414	22865	4890	22865	124	4890	18031	386	136,3782,83,67,32,38,71,147,23,39,10,26,42,73,14,16,190,81,20,0,0,0,0,0,0,0,0,0,0,0,0,0,0,0,0,0,0,0,0,0	4010,58,88,115,38,38,29,11,27,26,41,68,34,68,24,3,157,25,18,8,4,0,0,0,0,0,0,0,0,0,0,0,0,0,0,0,0,0,0,0	9	21848	5451	21848	123	5451	19048	386	263,4339,83,68,12,35,57,119,29,28,5,26,37,72,14,19,164,68,13,0,0,0,0,0,0,0,0,0,0,0,0,0,0,0,0,0,0,0,0,0	4637,31,95,66,39,36,32,13,21,21,42,69,35,67,22,5,167,23,17,8,5,0,0,0,0,0,0,0,0,0,0,0,0,0,0,0,0,0,0,0
tb.dut.clusters[0].cluster.sockets[0].socket.icache.genblk2[0].arb_core_bus_tmp_if[0]	8	272	253491	22863	4889	22863	124	4889	18033	386	136,3781,83,67,32,38,71,147,23,39,10,26,42,73,14,16,190,81,20,0,0,0,0,0,0,0,0,0,0,0,0,0,0,0,0,0,0,0,0,0	4010,57,87,116,38,38,29,10,27,26,42,68,34,68,24,3,157,25,18,8,4,0,0,0,0,0,0,0,0,0,0,0,0,0,0,0,0,0,0,0	2	21848	5451	21848	123	5451	19048	386	263,4339,83,68,12,35,57,119,29,28,5,26,37,72,14,19,164,68,13,0,0,0,0,0,0,0,0,0,0,0,0,0,0,0,0,0,0,0,0,0	4637,31,95,66,39,36,32,13,21,21,42,69,35,67,22,5,167,23,17,8,5,0,0,0,0,0,0,0,0,0,0,0,0,0,0,0,0,0,0,0
tb.dut.clusters[0].cluster.sockets[0].socket.icache.genblk2[0].cache_arb	8	1189	1033432	22865	4890	22865	124	4890	18031	386	136,3782,83,67,32,38,71,147,23,39,10,26,42,73,14,16,190,81,20,0,0,0,0,0,0,0,0,0,0,0,0,0,0,0,0,0,0,0,0,0	4010,58,88,115,38,38,29,11,27,26,41,68,34,68,24,3,157,25,18,8,4,0,0,0,0,0,0,0,0,0,0,0,0,0,0,0,0,0,0,0	6	21848	5451	21848	123	5451	19048	386	263,4339,83,68,12,35,57,119,29,28,5,26,37,72,14,19,164,68,13,0,0,0,0,0,0,0,0,0,0,0,0,0,0,0,0,0,0,0,0,0	4637,31,95,66,39,36,32,13,21,21,42,69,35,67,22,5,167,23,17,8,5,0,0,0,0,0,0,0,0,0,0,0,0,0,0,0,0,0,0,0
tb.dut.clusters[0].cluster.sockets[0].socket.icache.genblk2[0].cache_arb.bus_in_if[0]	9	272	253491	22863	4889	22863	124	4889	18033	386	136,3781,83,67,32,38,71,147,23,39,10,26,42,73,14,16,190,81,20,0,0,0,0,0,0,0,0,0,0,0,0,0,0,0,0,0,0,0,0,0	4010,57,87,116,38,38,29,10,27,26,42,68,34,68,24,3,157,25,18,8,4,0,0,0,0,0,0,0,0,0,0,0,0,0,0,0,0,0,0,0	2	21848	5451	21848	123	5451	19048	386	263,4339,83,68,12,35,57,119,29,28,5,26,37,72,14,19,164,68,13,0,0,0,0,0,0,0,0,0,0,0,0,0,0,0,0,0,0,0,0,0	4637,31,95,66,39,36,32,13,21,21,42,69,35,67,22,5,167,23,17,8,5,0,0,0,0,0,0,0,0,0,0,0,0,0,0,0,0,0,0,0
tb.dut.clusters[0].cluster.sockets[0].socket.icache.genblk2[0].cache_arb.bus_out_if[0]	9	272	253491	22863	4889	22863	124	4889	18033	386	136,3781,83,67,32,38,71,147,23,39,10,26,42,73,14,16,190,81,20,0,0,0,0,0,0,0,0,0,0,0,0,0,0,0,0,0,0,0,0,0	4010,57,87,116,38,38,29,10,27,26,42,68,34,68,24,3,157,25,18,8,4,0,0,0,0,0,0,0,0,0,0,0,0,0,0,0,0,0,0,0	2	21848	5451	21848	123	5451	19048	386	263,4339,83,68,12,35,57,119,29,28,5,26,37,72,14,19,164,68,13,0,0,0,0,0,0,0,0,0,0,0,0,0,0,0,0,0,0,0,0,0	4637,31,95,66,39,36,32,13,21,21,42,69,35,67,22,5,167,23,17,8,5,0,0,0,0,0,0,0,0,0,0,0,0,0,0,0,0,0,0,0
tb.dut.clusters[0].cluster.sockets[0].socket.icache.genblk2[0].cache_arb.genblk3[0]	9	3	19466	13963	4742	13963	79	4742	26933	475	29,2628,552,1101,391,15,0,4,0,3,0,2,0,4,0,3,7,0,3,0,0,0,0,0,0,0,0,0,0,0,0,0,0,0,0,0,0,0,0,0	1051,993,570,1378,20,81,66,35,35,24,9,23,26,25,57,45,237,34,20,7,6,0,0,0,0,0,0,0,0,0,0,0,0,0,0,0,0,0,0,0	2	5503	3691	5503	2	3691	35393	635	1879,1812,0,0,0,0,0,0,0,0,0,0,0,0,0,0,0,0,0,0,0,0,0,0,0,0,0,0,0,0,0,0,0,0,0,0,0,0,0,0	601,138,339,1159,547,5,24,30,22,8,4,5,14,19,20,47,553,110,29,10,6,1,0,0,0,0,0,0,0,0,0,0,0,0,0,0,0,0,0,0
tb.dut.clusters[0].cluster.sockets[0].socket.icache.genblk2[0].core_bus_tmp_if[0]	8	272	253491	22863	4889	22863	124	4889	18033	386	136,3781,83,67,32,38,71,147,23,39,10,26,42,73,14,16,190,81,20,0,0,0,0,0,0,0,0,0,0,0,0,0,0,0,0,0,0,0,0,0	4010,57,87,116,38,38,29,10,27,26,42,68,34,68,24,3,157,25,18,8,4,0,0,0,0,0,0,0,0,0,0,0,0,0,0,0,0,0,0,0	2	21848	5451	21848	123	5451	19048	386	263,4339,83,68,12,35,57,119,29,28,5,26,37,72,14,19,164,68,13,0,0,0,0,0,0,0,0,0,0,0,0,0,0,0,0,0,0,0,0,0	4637,31,95,66,39,36,32,13,21,21,42,69,35,67,22,5,167,23,17,8,5,0,0,0,0,0,0,0,0,0,0,0,0,0,0,0,0,0,0,0
tb.dut.clusters[0].cluster.sockets[0].socket.icache.mem_arb	7	5262	139194	588	389	588	3	390	40308	13907	192,195,2,0,0,0,0,0,0,0,0,0,0,0,0,0,0,0,0,0,0,0,0,0,0,0,0,0,0,0,0,0,0,0,0,0,0,0,0,0	40,10,61,26,10,9,2,1,2,4,5,1,3,0,5,2,123,18,37,15,8,4,2,0,1,1,0,0,0,0,0,0,0,0,0,0,0,0,0,0	27	242	136	242	2	137	40654	21965	30,106,0,0,0,0,0,0,0,0,0,0,0,0,0,0,0,0,0,0,0,0,0,0,0,0,0,0,0,0,0,0,0,0,0,0,0,0,0,0	0,0,0,0,0,0,0,1,0,1,0,0,0,0,0,0,50,15,36,17,10,4,2,0,0,0,1,0,0,0,0,0,0,0,0,0,0,0,0,0
tb.dut.clusters[0].cluster.sockets[0].socket.icache.mem_arb.bus_in_if[0]	8	1290	34792	587	388	587	3	389	40309	13907	191,195,2,0,0,0,0,0,0,0,0,0,0,0,0,0,0,0,0,0,0,0,0,0,0,0,0,0,0,0,0,0,0,0,0,0,0,0,0,0	40,10,61,26,10,9,2,1,2,4,5,1,3,0,4,2,123,18,37,15,8,4,2,0,1,1,0,0,0,0,0,0,0,0,0,0,0,0,0,0	7	242	136	242	2	137	40654	21965	30,106,0,0,0,0,0,0,0,0,0,0,0,0,0,0,0,0,0,0,0,0,0,0,0,0,0,0,0,0,0,0,0,0,0,0,0,0,0,0	0,0,0,0,0,0,0,1,0,1,0,0,0,0,0,0,50,15,36,17,10,4,2,0,0,0,1,0,0,0,0,0,0,0,0,0,0,0,0,0
tb.dut.clusters[0].cluster.sockets[0].socket.icache.mem_arb.bus_out_if[0]	8	1290	34792	587	388	587	3	389	40309	13907	191,195,2,0,0,0,0,0,0,0,0,0,0,0,0,0,0,0,0,0,0,0,0,0,0,0,0,0,0,0,0,0,0,0,0,0,0,0,0,0	40,10,61,26,10,9,2,1,2,4,5,1,3,0,4,2,123,18,37,15,8,4,2,0,1,1,0,0,0,0,0,0,0,0,0,0,0,0,0,0	7	242	136	242	2	137	40654	21965	30,106,0,0,0,0,0,0,0,0,0,0,0,0,0,0,0,0,0,0,0,0,0,0,0,0,0,0,0,0,0,0,0,0,0,0,0,0,0,0	0,0,0,0,0,0,0,1,0,1,0,0,0,0,0,0,50,15,36,17,10,4,2,0,0,0,1,0,0,0,0,0,0,0,0,0,0,0,0,0
tb.dut.clusters[0].cluster.sockets[0].socket.icache.mem_arb.genblk3[0]	8	4	24	24	18	24	2	19	40872	25418	12,6,0,0,0,0,0,0,0,0,0,0,0,0,0,0,0,0,0,0,0,0,0,0,0,0,0,0,0,0,0,0,0,0,0,0,0,0,0,0	0,0,0,0,0,0,0,0,0,0,0,0,0,0,0,0,0,2,1,3,5,2,3,1,1,0,1,0,0,0,0,0,0,0,0,0,0,0,0,0	2	0	0	0	0	1	40896	40896	0,0,0,0,0,0,0,0,0,0,0,0,0,0,0,0,0,0,0,0,0,0,0,0,0,0,0,0,0,0,0,0,0,0,0,0,0,0,0,0	0,0,0,0,0,0,0,0,0,0,0,0,0,0,0,0,0,0,0,0,0,0,0,0,0,0,0,1,0,0,0,0,0,0,0,0,0,0,0,0
tb.dut.clusters[0].cluster.sockets[0].socket.icache.mem_bus_if	7	1290	34792	587	388	587	3	389	40309	13907	191,195,2,0,0,0,0,0,0,0,0,0,0,0,0,0,0,0,0,0,0,0,0,0,0,0,0,0,0,0,0,0,0,0,0,0,0,0,0,0	40,10,61,26,10,9,2,1,2,4,5,1,3,0,4,2,123,18,37,15,8,4,2,0,1,1,0,0,0,0,0,0,0,0,0,0,0,0,0,0	7	242	136	242	2	137	40654	21965	30,106,0,0,0,0,0,0,0,0,0,0,0,0,0,0,0,0,0,0,0,0,0,0,0,0,0,0,0,0,0,0,0,0,0,0,0,0,0,0	0,0,0,0,0,0,0,1,0,1,0,0,0,0,0,0,50,15,36,17,10,4,2,0,0,0,1,0,0,0,0,0,0,0,0,0,0,0,0,0
tb.dut.clusters[0].cluster.sockets[0].socket.icache.mem_bus_tmp_if[0]	7	1290	34792	587	388	587	3	389	40309	13907	191,195,2,0,0,0,0,0,0,0,0,0,0,0,0,0,0,0,0,0,0,0,0,0,0,0,0,0,0,0,0,0,0,0,0,0,0,0,0,0	40,10,61,26,10,9,2,1,2,4,5,1,3,0,4,2,123,18,37,15,8,4,2,0,1,1,0,0,0,0,0,0,0,0,0,0,0,0,0,0	7	242	136	242	2	137	40654	21965	30,106,0,0,0,0,0,0,0,0,0,0,0,0,0,0,0,0,0,0,0,0,0,0,0,0,0,0,0,0,0,0,0,0,0,0,0,0,0,0	0,0,0,0,0,0,0,1,0,1,0,0,0,0,0,0,50,15,36,17,10,4,2,0,0,0,1,0,0,0,0,0,0,0,0,0,0,0,0,0
tb.dut.clusters[0].cluster.sockets[0].socket.icache_mem_bus_if	6	1290	34792	587	388	587	3	389	40309	13907	191,195,2,0,0,0,0,0,0,0,0,0,0,0,0,0,0,0,0,0,0,0,0,0,0,0,0,0,0,0,0,0,0,0,0,0,0,0,0,0	40,10,61,26,10,9,2,1,2,4,5,1,3,0,4,2,123,18,37,15,8,4,2,0,1,1,0,0,0,0,0,0,0,0,0,0,0,0,0,0	7	242	136	242	2	137	40654	21965	30,106,0,0,0,0,0,0,0,0,0,0,0,0,0,0,0,0,0,0,0,0,0,0,0,0,0,0,0,0,0,0,0,0,0,0,0,0,0,0	0,0,0,0,0,0,0,1,0,1,0,0,0,0,0,0,50,15,36,17,10,4,2,0,0,0,1,0,0,0,0,0,0,0,0,0,0,0,0,0
tb.dut.clusters[0].cluster.sockets[0].socket.l1_mem_arb_bus_if[0]	6	1298	206900	7050	1548	7050	387	1549	33846	784	138,422,634,92,90,51,19,10,33,29,4,1,0,2,0,1,6,6,4,3,3,0,0,0,0,0,0,0,0,0,0,0,0,0,0,0,0,0,0,0	150,105,99,63,49,52,44,47,72,88,45,44,41,15,49,18,369,87,70,33,6,3,0,0,0,0,0,0,0,0,0,0,0,0,0,0,0,0,0,0	7	4021	1515	4021	328	1516	36875	804	583,644,85,77,67,10,6,15,1,3,4,1,3,0,0,2,8,3,2,0,1,0,0,0,0,0,0,0,0,0,0,0,0,0,0,0,0,0,0,0	194,69,129,108,45,30,46,19,34,47,36,28,66,42,24,44,302,127,75,40,8,3,0,0,0,0,0,0,0,0,0,0,0,0,0,0,0,0,0,0
tb.dut.clusters[0].cluster.sockets[0].socket.l1_mem_bus_if[0]	6	1296	34792	587	388	587	3	389	40309	13907	191,195,2,0,0,0,0,0,0,0,0,0,0,0,0,0,0,0,0,0,0,0,0,0,0,0,0,0,0,0,0,0,0,0,0,0,0,0,0,0	40,10,61,26,10,9,2,1,2,4,5,1,3,0,4,2,123,18,37,15,8,4,2,0,1,1,0,0,0,0,0,0,0,0,0,0,0,0,0,0	7	242	136	242	2	137	40654	21965	30,106,0,0,0,0,0,0,0,0,0,0,0,0,0,0,0,0,0,0,0,0,0,0,0,0,0,0,0,0,0,0,0,0,0,0,0,0,0,0	0,0,0,0,0,0,0,1,0,1,0,0,0,0,0,0,50,15,36,17,10,4,2,0,0,0,1,0,0,0,0,0,0,0,0,0,0,0,0,0
tb.dut.clusters[0].cluster.sockets[0].socket.l1_mem_bus_if[1]	6	1296	176445	5375	1438	5375	384	1439	35521	804	198,971,28,106,46,40,3,22,0,2,0,1,0,0,0,3,6,4,3,4,1,0,0,0,0,0,0,0,0,0,0,0,0,0,0,0,0,0,0,0	298,109,32,146,60,50,39,15,17,18,33,21,116,28,16,30,203,79,72,42,8,7,0,0,0,0,0,0,0,0,0,0,0,0,0,0,0,0,0,0	7	3960	1326	3960	168	1327	36936	805	227,780,106,80,76,13,2,15,1,3,3,0,2,0,0,2,10,2,3,1,0,0,0,0,0,0,0,0,0,0,0,0,0,0,0,0,0,0,0,0	127,76,110,100,43,45,79,43,25,17,27,21,83,22,9,34,249,91,70,39,10,7,0,0,0,0,0,0,0,0,0,0,0,0,0,0,0,0,0,0
tb.dut.clusters[0].cluster.sockets[0].socket.mem_arb	6	7731	843556	8623	1840	8623	391	1840	32273	783	433,207,278,588,52,115,26,27,17,34,31,6,1,0,2,0,5,7,4,4,3,0,0,0,0,0,0,0,0,0,0,0,0,0,0,0,0,0,0,0	373,209,107,111,73,63,23,58,40,48,67,16,47,20,51,21,321,81,73,30,5,3,0,0,0,0,0,0,0,0,0,0,0,0,0,0,0,0,0,0	39	4158	1369	4158	167	1370	36738	1013	497,224,413,75,65,36,15,11,3,3,4,4,1,1,2,2,8,2,2,1,0,0,0,0,0,0,0,0,0,0,0,0,0,0,0,0,0,0,0,0	172,73,140,72,35,39,27,41,28,43,30,23,30,36,24,38,270,125,70,41,8,5,0,0,0,0,0,0,0,0,0,0,0,0,0,0,0,0,0,0
tb.dut.clusters[0].cluster.sockets[0].socket.mem_arb.bus_in_if[0]	7	1296	34792	587	388	587	3	389	40309	13907	191,195,2,0,0,0,0,0,0,0,0,0,0,0,0,0,0,0,0,0,0,0,0,0,0,0,0,0,0,0,0,0,0,0,0,0,0,0,0,0	40,10,61,26,10,9,2,1,2,4,5,1,3,0,4,2,123,18,37,15,8,4,2,0,1,1,0,0,0,0,0,0,0,0,0,0,0,0,0,0	7	242	136	242	2	137	40654	21965	30,106,0,0,0,0,0,0,0,0,0,0,0,0,0,0,0,0,0,0,0,0,0,0,0,0,0,0,0,0,0,0,0,0,0,0,0,0,0,0	0,0,0,0,0,0,0,1,0,1,0,0,0,0,0,0,50,15,36,17,10,4,2,0,0,0,1,0,0,0,0,0,0,0,0,0,0,0,0,0
tb.dut.clusters[0].cluster.sockets[0].socket.mem_arb.bus_in_if[1]	7	1296	176445	5375	1438	5375	384	1439	35521	804	198,971,28,106,46,40,3,22,0,2,0,1,0,0,0,3,6,4,3,4,1,0,0,0,0,0,0,0,0,0,0,0,0,0,0,0,0,0,0,0	298,109,32,146,60,50,39,15,17,18,33,21,116,28,16,30,203,79,72,42,8,7,0,0,0,0,0,0,0,0,0,0,0,0,0,0,0,0,0,0	7	3960	1326	3960	168	1327	36936	805	227,780,106,80,76,13,2,15,1,3,3,0,2,0,0,2,10,2,3,1,0,0,0,0,0,0,0,0,0,0,0,0,0,0,0,0,0,0,0,0	127,76,110,100,43,45,79,43,25,17,27,21,83,22,9,34,249,91,70,39,10,7,0,0,0,0,0,0,0,0,0,0,0,0,0,0,0,0,0,0
tb.dut.clusters[0].cluster.sockets[0].socket.mem_arb.bus_out_if[0]	7	1298	206900	7050	1548	7050	387	1549	33846	784	138,422,634,92,90,51,19,10,33,29,4,1,0,2,0,1,6,6,4,3,3,0,0,0,0,0,0,0,0,0,0,0,0,0,0,0,0,0,0,0	150,105,99,63,49,52,44,47,72,88,45,44,41,15,49,18,369,87,70,33,6,3,0,0,0,0,0,0,0,0,0,0,0,0,0,0,0,0,0,0	7	4021	1515	4021	328	1516	36875	804	583,644,85,77,67,10,6,15,1,3,4,1,3,0,0,2,8,3,2,0,1,0,0,0,0,0,0,0,0,0,0,0,0,0,0,0,0,0,0,0	194,69,129,108,45,30,46,19,34,47,36,28,66,42,24,44,302,127,75,40,8,3,0,0,0,0,0,0,0,0,0,0,0,0,0,0,0,0,0,0
tb.dut.clusters[0].cluster.sockets[0].socket.mem_arb.genblk3[0]	7	7	3640	2320	1100	2320	8	1101	38576	1407	374,440,193,35,16,32,5,5,0,0,0,0,0,0,0,0,0,0,0,0,0,0,0,0,0,0,0,0,0,0,0,0,0,0,0,0,0,0,0,0	264,28,87,46,29,9,25,24,10,13,9,6,37,15,11,7,153,175,96,43,8,5,1,0,0,0,0,0,0,0,0,0,0,0,0,0,0,0,0,0	2	1112	653	1112	4	654	39784	2088	308,235,106,4,0,0,0,0,0,0,0,0,0,0,0,0,0,0,0,0,0,0,0,0,0,0,0,0,0,0,0,0,0,0,0,0,0,0,0,0	85,23,52,34,37,5,35,4,3,11,12,7,22,8,6,5,58,117,74,25,13,14,3,1,0,0,0,0,0,0,0,0,0,0,0,0,0,0,0,0
tb.dut.clusters[0].cluster.sockets[0].socket.mem_arb.genblk4	7	8	3885	2333	1101	2333	9	1102	38563	1407	370,442,195,36,16,31,5,5,1,0,0,0,0,0,0,0,0,0,0,0,0,0,0,0,0,0,0,0,0,0,0,0,0,0,0,0,0,0,0,0	264,27,88,46,28,10,24,24,10,14,9,6,38,15,11,7,154,175,95,43,8,5,1,0,0,0,0,0,0,0,0,0,0,0,0,0,0,0,0,0	2	1201	692	1201	5	693	39695	2088	311,261,113,6,1,0,0,0,0,0,0,0,0,0,0,0,0,0,0,0,0,0,0,0,0,0,0,0,0,0,0,0,0,0,0,0,0,0,0,0	85,25,55,34,37,6,37,4,4,13,12,7,22,10,6,6,66,124,82,33,11,10,3,1,0,0,0,0,0,0,0,0,0,0,0,0,0,0,0,0
tb.dut.clusters[0].cluster.sockets[0].socket.mem_arb.genblk4.genblk1[0]	8	7	3640	2320	1100	2320	8	1101	38576	1407	374,440,193,35,16,32,5,5,0,0,0,0,0,0,0,0,0,0,0,0,0,0,0,0,0,0,0,0,0,0,0,0,0,0,0,0,0,0,0,0	264,28,87,46,29,9,25,24,10,13,9,6,37,15,11,7,154,174,96,43,8,5,1,0,0,0,0,0,0,0,0,0,0,0,0,0,0,0,0,0	2	1112	653	1112	4	654	39784	2088	308,235,106,4,0,0,0,0,0,0,0,0,0,0,0,0,0,0,0,0,0,0,0,0,0,0,0,0,0,0,0,0,0,0,0,0,0,0,0,0	85,23,52,34,37,5,35,4,3,11,12,7,22,8,6,5,59,116,74,25,13,14,3,1,0,0,0,0,0,0,0,0,0,0,0,0,0,0,0,0
tb.dut.clusters[0].cluster.sockets[0].socket.mem_bus_if	6	1298	206900	7050	1548	7050	387	1549	33846	784	138,422,634,92,90,51,19,10,33,29,4,1,0,2,0,1,6,6,4,3,3,0,0,0,0,0,0,0,0,0,0,0,0,0,0,0,0,0,0,0	150,105,99,63,49,52,44,47,72,88,45,44,41,15,49,18,369,87,70,33,6,3,0,0,0,0,0,0,0,0,0,0,0,0,0,0,0,0,0,0	7	4021	1515	4021	328	1516	36875	804	583,644,85,77,67,10,6,15,1,3,4,1,3,0,0,2,8,3,2,0,1,0,0,0,0,0,0,0,0,0,0,0,0,0,0,0,0,0,0,0	194,69,129,108,45,30,46,19,34,47,36,28,66,42,24,44,302,127,75,40,8,3,0,0,0,0,0,0,0,0,0,0,0,0,0,0,0,0,0,0
tb.dut.clusters[0].cluster.sockets[0].socket.per_core_dcache_bus_if[0]	6	474	75110	7859	2228	7859	384	2229	33037	791	352,1228,170,306,7,18,42,55,8,11,0,2,0,1,3,2,11,4,2,3,3,0,0,0,0,0,0,0,0,0,0,0,0,0,0,0,0,0,0,0	367,289,495,222,40,73,27,22,17,19,24,19,71,19,17,34,273,89,69,33,8,2,0,0,0,0,0,0,0,0,0,0,0,0,0,0,0,0,0,0	3	4334	3324	4334	14	3325	36562	794	2675,479,73,61,14,2,16,1,0,0,2,0,0,1,0,0,0,0,0,0,0,0,0,0,0,0,0,0,0,0,0,0,0,0,0,0,0,0,0,0	1508,253,256,280,220,32,21,24,22,15,19,7,14,65,22,18,332,105,69,33,8,2,0,0,0,0,0,0,0,0,0,0,0,0,0,0,0,0,0,0
tb.dut.clusters[0].cluster.sockets[0].socket.per_core_icache_bus_if[0]	6	272	253491	22863	4889	22863	124	4889	18033	386	136,3781,83,67,32,38,71,147,23,39,10,26,42,73,14,16,190,81,20,0,0,0,0,0,0,0,0,0,0,0,0,0,0,0,0,0,0,0,0,0	4010,57,87,116,38,38,29,10,27,26,42,68,34,68,24,3,157,25,18,8,4,0,0,0,0,0,0,0,0,0,0,0,0,0,0,0,0,0,0,0	2	21848	5451	21848	123	5451	19048	386	263,4339,83,68,12,35,57,119,29,28,5,26,37,72,14,19,164,68,13,0,0,0,0,0,0,0,0,0,0,0,0,0,0,0,0,0,0,0,0,0	4637,31,95,66,39,36,32,13,21,21,42,69,35,67,22,5,167,23,17,8,5,0,0,0,0,0,0,0,0,0,0,0,0,0,0,0,0,0,0,0
tb.dut.clusters[0].cluster_dcr_bus_if	3	45	25	10	1	10	10	2	40886	40877	0,0,0,0,0,0,0,0,0,1,0,0,0,0,0,0,0,0,0,0,0,0,0,0,0,0,0,0,0,0,0,0,0,0,0,0,0,0,0,0	0,0,0,0,0,0,0,0,1,0,0,0,0,0,0,0,0,0,0,0,0,0,0,0,0,0,0,1,0,0,0,0,0,0,0,0,0,0,0,0	2	7	3	7	4	4	40889	40878	1,1,0,1,0,0,0,0,0,0,0,0,0,0,0,0,0,0,0,0,0,0,0,0,0,0,0,0,0,0,0,0,0,0,0,0,0,0,0,0	2,0,0,0,0,0,0,0,1,0,0,0,0,0,0,0,0,0,0,0,0,0,0,0,0,0,0,1,0,0,0,0,0,0,0,0,0,0,0,0
tb.dut.dcr_bus_if	2	45	25	10	1	10	10	2	40886	40877	0,0,0,0,0,0,0,0,0,1,0,0,0,0,0,0,0,0,0,0,0,0,0,0,0,0,0,0,0,0,0,0,0,0,0,0,0,0,0,0	0,0,0,0,0,0,0,0,1,0,0,0,0,0,0,0,0,0,0,0,0,0,0,0,0,0,0,1,0,0,0,0,0,0,0,0,0,0,0,0	2	7	3	7	4	4	40889	40878	1,1,0,1,0,0,0,0,0,0,0,0,0,0,0,0,0,0,0,0,0,0,0,0,0,0,0,0,0,0,0,0,0,0,0,0,0,0,0,0	2,0,0,0,0,0,0,0,1,0,0,0,0,0,0,0,0,0,0,0,0,0,0,0,0,0,0,1,0,0,0,0,0,0,0,0,0,0,0,0
tb.dut.l3cache	2	14165	1492720	7044	1549	7044	387	1549	33852	784	138,423,634,92,90,53,17,16,27,29,4,1,0,2,0,1,6,6,4,3,3,0,0,0,0,0,0,0,0,0,0,0,0,0,0,0,0,0,0,0	148,106,99,63,49,52,44,46,73,84,49,44,41,14,51,18,369,87,70,33,6,3,0,0,0,0,0,0,0,0,0,0,0,0,0,0,0,0,0,0	71	3806	1437	3806	168	1438	37090	875	511,627,73,76,76,28,7,14,2,2,3,1,3,1,0,2,6,2,2,1,0,0,0,0,0,0,0,0,0,0,0,0,0,0,0,0,0,0,0,0	169,79,113,107,42,30,50,19,32,39,32,20,65,38,19,46,272,134,82,38,9,3,0,0,0,0,0,0,0,0,0,0,0,0,0,0,0,0,0,0
tb.dut.l3cache.core_bus_cache_if[0]	3	1298	102354	5434	1330	5434	384	1331	35462	804	2,1052,11,138,4,65,3,30,1,2,0,1,0,0,0,3,6,3,4,4,1,0,0,0,0,0,0,0,0,0,0,0,0,0,0,0,0,0,0,0	109,52,33,108,40,41,46,18,56,73,50,28,67,20,12,56,285,102,84,42,6,3,0,0,0,0,0,0,0,0,0,0,0,0,0,0,0,0,0,0	7	3306	1024	3306	168	1025	37590	875	120,633,55,79,65,30,4,16,0,2,3,0,3,1,0,2,6,2,2,1,0,0,0,0,0,0,0,0,0,0,0,0,0,0,0,0,0,0,0,0	101,57,94,102,29,16,24,7,16,17,10,8,62,7,9,15,104,187,108,38,9,5,0,0,0,0,0,0,0,0,0,0,0,0,0,0,0,0,0,0
tb.dut.l3cache.core_bus_if[0]	3	1298	207973	7041	1547	7041	387	1548	33855	784	137,422,634,92,90,53,17,16,27,29,4,1,0,2,0,1,6,6,4,3,3,0,0,0,0,0,0,0,0,0,0,0,0,0,0,0,0,0,0,0	148,105,100,63,49,52,44,46,73,84,49,44,41,14,50,18,369,87,70,33,6,3,0,0,0,0,0,0,0,0,0,0,0,0,0,0,0,0,0,0	7	4054	1543	4054	328	1544	36842	804	609,646,85,75,68,11,6,15,1,3,4,1,3,0,0,2,8,3,2,0,1,0,0,0,0,0,0,0,0,0,0,0,0,0,0,0,0,0,0,0	200,70,131,109,45,40,46,19,35,48,36,34,65,47,25,42,307,119,75,40,8,3,0,0,0,0,0,0,0,0,0,0,0,0,0,0,0,0,0,0
tb.dut.l3cache.genblk2	3	8274	970068	7043	1549	7043	387	1549	33853	784	139,422,634,92,90,53,17,16,27,29,4,1,0,2,0,1,6,6,4,3,3,0,0,0,0,0,0,0,0,0,0,0,0,0,0,0,0,0,0,0	148,106,99,63,49,52,44,46,73,84,49,44,41,14,50,19,369,87,70,33,6,3,0,0,0,0,0,0,0,0,0,0,0,0,0,0,0,0,0,0	42	3917	1480	3917	202	1481	36979	804	524,645,84,77,74,30,8,14,1,2,3,1,3,0,2,2,5,2,2,1,0,0,0,0,0,0,0,0,0,0,0,0,0,0,0,0,0,0,0,0	197,77,124,106,42,29,37,19,32,39,32,21,64,38,19,46,287,144,77,40,8,3,0,0,0,0,0,0,0,0,0,0,0,0,0,0,0,0,0,0
tb.dut.l3cache.genblk2.cache_bypass	4	8273	970066	7043	1549	7043	387	1549	33853	784	139,422,634,92,90,53,17,16,27,29,4,1,0,2,0,1,6,6,4,3,3,0,0,0,0,0,0,0,0,0,0,0,0,0,0,0,0,0,0,0	148,106,99,63,49,52,44,46,73,84,49,44,41,14,50,19,369,87,70,33,6,3,0,0,0,0,0,0,0,0,0,0,0,0,0,0,0,0,0,0	42	3917	1480	3917	202	1481	36979	804	524,645,84,77,74,30,8,14,1,2,3,1,3,0,2,2,5,2,2,1,0,0,0,0,0,0,0,0,0,0,0,0,0,0,0,0,0,0,0,0	197,77,124,106,42,29,37,19,32,39,32,21,64,38,19,46,287,144,77,40,8,3,0,0,0,0,0,0,0,0,0,0,0,0,0,0,0,0,0,0
tb.dut.l3cache.genblk2.cache_bypass.core_bus_in_if[0]	5	1298	207973	7041	1547	7041	387	1548	33855	784	137,422,634,92,90,53,17,16,27,29,4,1,0,2,0,1,6,6,4,3,3,0,0,0,0,0,0,0,0,0,0,0,0,0,0,0,0,0,0,0	148,105,100,63,49,52,44,46,73,84,49,44,41,14,50,18,369,87,70,33,6,3,0,0,0,0,0,0,0,0,0,0,0,0,0,0,0,0,0,0	7	4054	1543	4054	328	1544	36842	804	609,646,85,75,68,11,6,15,1,3,4,1,3,0,0,2,8,3,2,0,1,0,0,0,0,0,0,0,0,0,0,0,0,0,0,0,0,0,0,0	200,70,131,109,45,40,46,19,35,48,36,34,65,47,25,42,307,119,75,40,8,3,0,0,0,0,0,0,0,0,0,0,0,0,0,0,0,0,0,0
tb.dut.l3cache.genblk2.cache_bypass.core_bus_out_if[0]	5	1298	102354	5434	1330	5434	384	1331	35462	804	2,1052,11,138,4,65,3,30,1,2,0,1,0,0,0,3,6,3,4,4,1,0,0,0,0,0,0,0,0,0,0,0,0,0,0,0,0,0,0,0	109,52,33,108,40,41,46,18,56,73,50,28,67,20,12,56,285,102,84,42,6,3,0,0,0,0,0,0,0,0,0,0,0,0,0,0,0,0,0,0	7	3306	1024	3306	168	1025	37590	875	120,633,55,79,65,30,4,16,0,2,3,0,3,1,0,2,6,2,2,1,0,0,0,0,0,0,0,0,0,0,0,0,0,0,0,0,0,0,0,0	101,57,94,102,29,16,24,7,16,17,10,8,62,7,9,15,104,187,108,38,9,5,0,0,0,0,0,0,0,0,0,0,0,0,0,0,0,0,0,0
tb.dut.l3cache.genblk2.cache_bypass.mem_bus_in_if	5	1290	4350	4350	963	4350	253	964	36546	804	21,751,2,97,1,36,0,22,0,2,0,1,0,0,2,3,10,5,4,6,0,0,0,0,0,0,0,0,0,0,0,0,0,0,0,0,0,0,0,0	82,48,25,104,29,20,28,7,16,15,8,10,59,8,6,13,138,186,107,46,6,3,0,0,0,0,0,0,0,0,0,0,0,0,0,0,0,0,0,0	7	0	0	0	0	1	40896	40896	0,0,0,0,0,0,0,0,0,0,0,0,0,0,0,0,0,0,0,0,0,0,0,0,0,0,0,0,0,0,0,0,0,0,0,0,0,0,0,0	0,0,0,0,0,0,0,0,0,0,0,0,0,0,0,0,0,0,0,0,0,0,0,0,0,0,0,1,0,0,0,0,0,0,0,0,0,0,0,0
tb.dut.l3cache.genblk2.cache_bypass.mem_bus_out_if	5	1298	207973	7041	1547	7041	387	1548	33855	784	137,422,634,92,90,53,17,16,27,29,4,1,0,2,0,1,6,6,4,3,3,0,0,0,0,0,0,0,0,0,0,0,0,0,0,0,0,0,0,0	148,105,100,63,49,52,44,46,73,84,49,44,41,14,50,18,369,87,70,33,6,3,0,0,0,0,0,0,0,0,0,0,0,0,0,0,0,0,0,0	7	4054	1543	4054	328	1544	36842	804	609,646,85,75,68,11,6,15,1,3,4,1,3,0,0,2,8,3,2,0,1,0,0,0,0,0,0,0,0,0,0,0,0,0,0,0,0,0,0,0	200,70,131,109,45,40,46,19,35,48,36,34,65,47,25,42,307,119,75,40,8,3,0,0,0,0,0,0,0,0,0,0,0,0,0,0,0,0,0,0
tb.dut.l3cache.mem_bus_cache_if	3	1290	4350	4350	963	4350	253	964	36546	804	21,751,2,97,1,36,0,22,0,2,0,1,0,0,2,3,10,5,4,6,0,0,0,0,0,0,0,0,0,0,0,0,0,0,0,0,0,0,0,0	82,48,25,104,29,20,28,7,16,15,8,10,59,8,6,13,138,186,107,46,6,3,0,0,0,0,0,0,0,0,0,0,0,0,0,0,0,0,0,0	7	0	0	0	0	1	40896	40896	0,0,0,0,0,0,0,0,0,0,0,0,0,0,0,0,0,0,0,0,0,0,0,0,0,0,0,0,0,0,0,0,0,0,0,0,0,0,0,0	0,0,0,0,0,0,0,0,0,0,0,0,0,0,0,0,0,0,0,0,0,0,0,0,0,0,0,1,0,0,0,0,0,0,0,0,0,0,0,0
tb.dut.l3cache.mem_bus_if	3	1298	207973	7041	1547	7041	387	1548	33855	784	137,422,634,92,90,53,17,16,27,29,4,1,0,2,0,1,6,6,4,3,3,0,0,0,0,0,0,0,0,0,0,0,0,0,0,0,0,0,0,0	148,105,100,63,49,52,44,46,73,84,49,44,41,14,50,18,369,87,70,33,6,3,0,0,0,0,0,0,0,0,0,0,0,0,0,0,0,0,0,0	7	4054	1543	4054	328	1544	36842	804	609,646,85,75,68,11,6,15,1,3,4,1,3,0,0,2,8,3,2,0,1,0,0,0,0,0,0,0,0,0,0,0,0,0,0,0,0,0,0,0	200,70,131,109,45,40,46,19,35,48,36,34,65,47,25,42,307,119,75,40,8,3,0,0,0,0,0,0,0,0,0,0,0,0,0,0,0,0,0,0
tb.dut.mem_bus_if	2	1298	207973	7041	1547	7041	387	1548	33855	784	137,422,634,92,90,53,17,16,27,29,4,1,0,2,0,1,6,6,4,3,3,0,0,0,0,0,0,0,0,0,0,0,0,0,0,0,0,0,0,0	148,105,100,63,49,52,44,46,73,84,49,44,41,14,50,18,369,87,70,33,6,3,0,0,0,0,0,0,0,0,0,0,0,0,0,0,0,0,0,0	7	4054	1543	4054	328	1544	36842	804	609,646,85,75,68,11,6,15,1,3,4,1,3,0,0,2,8,3,2,0,1,0,0,0,0,0,0,0,0,0,0,0,0,0,0,0,0,0,0,0	200,70,131,109,45,40,46,19,35,48,36,34,65,47,25,42,307,119,75,40,8,3,0,0,0,0,0,0,0,0,0,0,0,0,0,0,0,0,0,0
tb.dut.per_cluster_mem_bus_if[0]	2	1298	207973	7041	1547	7041	387	1548	33855	784	137,422,634,92,90,53,17,16,27,29,4,1,0,2,0,1,6,6,4,3,3,0,0,0,0,0,0,0,0,0,0,0,0,0,0,0,0,0,0,0	148,105,100,63,49,52,44,46,73,84,49,44,41,14,50,18,369,87,70,33,6,3,0,0,0,0,0,0,0,0,0,0,0,0,0,0,0,0,0,0	7	4054	1543	4054	328	1544	36842	804	609,646,85,75,68,11,6,15,1,3,4,1,3,0,0,2,8,3,2,0,1,0,0,0,0,0,0,0,0,0,0,0,0,0,0,0,0,0,0,0	200,70,131,109,45,40,46,19,35,48,36,34,65,47,25,42,307,119,75,40,8,3,0,0,0,0,0,0,0,0,0,0,0,0,0,0,0,0,0,0
tb.mem_rsp[0]	1	1044	193838	3549	875	3549	34	876	37347	1406	3,294,311,66,54,43,12,8,12,29,2,11,2,2,0,11,14,1,0,0,0,0,0,0,0,0,0,0,0,0,0,0,0,0,0,0,0,0,0,0	29,87,48,27,10,25,25,10,14,11,4,39,16,11,8,6,155,198,98,45,5,4,1,0,0,0,0,0,0,0,0,0,0,0,0,0,0,0,0,0	6	690	610	690	5	611	40206	2536	553,37,18,1,1,0,0,0,0,0,0,0,0,0,0,0,0,0,0,0,0,0,0,0,0,0,0,0,0,0,0,0,0,0,0,0,0,0,0,0	115,33,13,3,6,4,15,9,4,5,6,5,2,6,7,1,97,146,74,38,13,5,1,3,0,0,0,0,0,0,0,0,0,0,0,0,0,0,0,0
tb.mem_rsp[10]	1	1044	193838	3709	872	3709	34	873	37187	1406	0,176,426,44,74,43,14,7,16,29,2,11,2,2,0,11,14,1,0,0,0,0,0,0,0,0,0,0,0,0,0,0,0,0,0,0,0,0,0,0	29,84,48,29,18,27,13,11,13,12,5,39,16,9,10,4,166,187,98,45,5,4,1,0,0,0,0,0,0,0,0,0,0,0,0,0,0,0,0,0	6	1234	481	1234	8	482	39662	2535	19,345,28,49,8,23,5,4,0,0,0,0,0,0,0,0,0,0,0,0,0,0,0,0,0,0,0,0,0,0,0,0,0,0,0,0,0,0,0,0	21,24,2,7,4,15,8,5,5,5,5,2,6,6,2,5,95,126,79,38,13,5,1,3,0,0,0,0,0,0,0,0,0,0,0,0,0,0,0,0
tb.mem_rsp[11]	1	1044	193838	3709	872	3709	34	873	37187	1406	0,176,426,44,74,43,14,7,16,29,2,11,2,2,0,11,14,1,0,0,0,0,0,0,0,0,0,0,0,0,0,0,0,0,0,0,0,0,0,0	29,84,48,29,18,27,13,11,13,12,5,39,16,9,10,4,166,187,98,45,5,4,1,0,0,0,0,0,0,0,0,0,0,0,0,0,0,0,0,0	6	1234	481	1234	8	482	39662	2535	19,345,28,49,8,23,5,4,0,0,0,0,0,0,0,0,0,0,0,0,0,0,0,0,0,0,0,0,0,0,0,0,0,0,0,0,0,0,0,0	21,24,2,7,4,15,8,5,5,5,5,2,6,6,2,5,95,126,79,38,13,5,1,3,0,0,0,0,0,0,0,0,0,0,0,0,0,0,0,0
tb.mem_rsp[12]	1	1044	193838	3709	872	3709	34	873	37187	1406	0,176,426,44,74,43,14,7,16,29,2,11,2,2,0,11,14,1,0,0,0,0,0,0,0,0,0,0,0,0,0,0,0,0,0,0,0,0,0,0	29,84,48,29,18,27,13,11,13,12,5,39,16,9,10,4,167,186,98,45,5,4,1,0,0,0,0,0,0,0,0,0,0,0,0,0,0,0,0,0	6	1234	481	1234	8	482	39662	2535	19,345,28,49,8,23,5,4,0,0,0,0,0,0,0,0,0,0,0,0,0,0,0,0,0,0,0,0,0,0,0,0,0,0,0,0,0,0,0,0	21,24,2,7,4,15,8,5,5,5,5,2,6,6,2,5,95,126,79,38,13,5,1,3,0,0,0,0,0,0,0,0,0,0,0,0,0,0,0,0
tb.mem_rsp[13]	1	1044	193838	3709	872	3709	34	873	37187	1406	0,176,426,44,74,43,14,7,16,29,2,11,2,2,0,11,14,1,0,0,0,0,0,0,0,0,0,0,0,0,0,0,0,0,0,0,0,0,0,0	29,84,48,29,18,27,13,11,13,12,5,39,16,9,10,4,167,186,98,45,5,4,1,0,0,0,0,0,0,0,0,0,0,0,0,0,0,0,0,0	6	1234	481	1234	8	482	39662	2535	19,345,28,49,8,23,5,4,0,0,0,0,0,0,0,0,0,0,0,0,0,0,0,0,0,0,0,0,0,0,0,0,0,0,0,0,0,0,0,0	21,24,2,7,4,15,8,5,5,5,5,2,6,6,2,5,96,125,79,38,13,5,1,3,0,0,0,0,0,0,0,0,0,0,0,0,0,0,0,0
tb.mem_rsp[14]	1	1044	193838	3709	872	3709	34	873	37187	1406	0,176,426,44,74,43,14,7,16,29,2,11,2,2,0,11,14,1,0,0,0,0,0,0,0,0,0,0,0,0,0,0,0,0,0,0,0,0,0,0	29,84,48,29,18,27,13,11,13,12,5,39,16,9,10,4,167,186,98,45,5,4,1,0,0,0,0,0,0,0,0,0,0,0,0,0,0,0,0,0	6	1234	481	1234	8	482	39662	2535	19,345,28,49,8,23,5,4,0,0,0,0,0,0,0,0,0,0,0,0,0,0,0,0,0,0,0,0,0,0,0,0,0,0,0,0,0,0,0,0	21,24,2,7,4,15,8,5,5,5,5,2,6,6,2,5,96,125,79,38,13,5,1,3,0,0,0,0,0,0,0,0,0,0,0,0,0,0,0,0
tb.mem_rsp[15]	1	1044	193838	3709	872	3709	34	873	37187	1406	0,176,426,44,74,43,14,7,16,29,2,11,2,2,0,11,14,1,0,0,0,0,0,0,0,0,0,0,0,0,0,0,0,0,0,0,0,0,0,0	29,84,48,29,18,27,13,11,13,12,5,39,16,9,10,4,167,186,98,45,5,4,1,0,0,0,0,0,0,0,0,0,0,0,0,0,0,0,0,0	6	1234	481	1234	8	482	39662	2535	19,345,28,49,8,23,5,4,0,0,0,0,0,0,0,0,0,0,0,0,0,0,0,0,0,0,0,0,0,0,0,0,0,0,0,0,0,0,0,0	21,24,2,7,4,15,8,5,5,5,5,2,6,6,2,5,96,125,79,38,13,5,1,3,0,0,0,0,0,0,0,0,0,0,0,0,0,0,0,0
tb.mem_rsp[16]	1	1044	193838	3709	872	3709	34	873	37187	1406	0,176,426,44,74,43,14,7,16,29,2,11,2,2,0,11,14,1,0,0,0,0,0,0,0,0,0,0,0,0,0,0,0,0,0,0,0,0,0,0	29,84,48,29,18,27,13,11,13,12,5,39,16,9,10,4,167,186,98,45,5,4,1,0,0,0,0,0,0,0,0,0,0,0,0,0,0,0,0,0	6	1234	481	1234	8	482	39662	2535	19,345,28,49,8,23,5,4,0,0,0,0,0,0,0,0,0,0,0,0,0,0,0,0,0,0,0,0,0,0,0,0,0,0,0,0,0,0,0,0	21,24,2,7,4,15,8,5,5,5,5,2,6,6,2,5,96,125,79,38,13,5,1,3,0,0,0,0,0,0,0,0,0,0,0,0,0,0,0,0
tb.mem_rsp[17]	1	1044	193838	3709	872	3709	34	873	37187	1406	0,176,426,44,74,43,14,7,16,29,2,11,2,2,0,11,14,1,0,0,0,0,0,0,0,0,0,0,0,0,0,0,0,0,0,0,0,0,0,0	29,84,48,29,18,27,13,11,13,12,5,39,16,9,10,4,167,186,98,45,5,4,1,0,0,0,0,0,0,0,0,0,0,0,0,0,0,0,0,0	6	1234	481	1234	8	482	39662	2535	19,345,28,49,8,23,5,4,0,0,0,0,0,0,0,0,0,0,0,0,0,0,0,0,0,0,0,0,0,0,0,0,0,0,0,0,0,0,0,0	21,24,2,7,4,15,8,5,5,5,5,2,6,6,2,5,96,125,79,38,13,5,1,3,0,0,0,0,0,0,0,0,0,0,0,0,0,0,0,0
tb.mem_rsp[18]	1	1044	193838	3709	872	3709	34	873	37187	1406	0,176,426,44,74,43,14,7,16,29,2,11,2,2,0,11,14,1,0,0,0,0,0,0,0,0,0,0,0,0,0,0,0,0,0,0,0,0,0,0	29,84,48,29,18,27,13,11,13,12,5,39,16,9,10,4,167,186,98,45,5,4,1,0,0,0,0,0,0,0,0,0,0,0,0,0,0,0,0,0	6	1234	481	1234	8	482	39662	2535	19,345,28,49,8,23,5,4,0,0,0,0,0,0,0,0,0,0,0,0,0,0,0,0,0,0,0,0,0,0,0,0,0,0,0,0,0,0,0,0	21,24,2,7,4,15,8,5,5,5,5,2,6,6,2,5,96,125,79,38,13,5,1,3,0,0,0,0,0,0,0,0,0,0,0,0,0,0,0,0
tb.mem_rsp[19]	1	1044	193838	3709	872	3709	34	873	37187	1406	0,176,426,44,74,43,14,7,16,29,2,11,2,2,0,11,14,1,0,0,0,0,0,0,0,0,0,0,0,0,0,0,0,0,0,0,0,0,0,0	29,84,48,29,18,27,13,11,13,12,5,39,16,9,10,4,167,186,98,45,5,4,1,0,0,0,0,0,0,0,0,0,0,0,0,0,0,0,0,0	6	1234	481	1234	8	482	39662	2535	19,345,28,49,8,23,5,4,0,0,0,0,0,0,0,0,0,0,0,0,0,0,0,0,0,0,0,0,0,0,0,0,0,0,0,0,0,0,0,0	21,24,2,7,4,15,8,5,5,5,5,2,6,6,2,5,96,125,79,38,13,5,1,3,0,0,0,0,0,0,0,0,0,0,0,0,0,0,0,0
tb.mem_rsp[1]	1	1044	193838	3709	872	3709	34	873	37187	1406	0,176,426,44,74,43,14,7,16,29,2,11,2,2,0,11,14,1,0,0,0,0,0,0,0,0,0,0,0,0,0,0,0,0,0,0,0,0,0,0	29,84,48,29,18,27,13,11,13,12,5,39,16,9,10,4,166,187,98,45,5,4,1,0,0,0,0,0,0,0,0,0,0,0,0,0,0,0,0,0	6	1234	481	1234	8	482	39662	2535	19,345,28,49,8,23,5,4,0,0,0,0,0,0,0,0,0,0,0,0,0,0,0,0,0,0,0,0,0,0,0,0,0,0,0,0,0,0,0,0	21,24,2,7,4,15,8,5,5,5,5,2,6,6,2,5,95,126,79,38,13,5,1,3,0,0,0,0,0,0,0,0,0,0,0,0,0,0,0,0
tb.mem_rsp[2]	1	1044	193838	3709	872	3709	34	873	37187	1406	0,176,426,44,74,43,14,7,16,29,2,11,2,2,0,11,14,1,0,0,0,0,0,0,0,0,0,0,0,0,0,0,0,0,0,0,0,0,0,0	29,84,48,29,18,27,13,11,13,12,5,39,16,9,10,4,166,187,98,45,5,4,1,0,0,0,0,0,0,0,0,0,0,0,0,0,0,0,0,0	6	1234	481	1234	8	482	39662	2535	19,345,28,49,8,23,5,4,0,0,0,0,0,0,0,0,0,0,0,0,0,0,0,0,0,0,0,0,0,0,0,0,0,0,0,0,0,0,0,0	21,24,2,7,4,15,8,5,5,5,5,2,6,6,2,5,95,126,79,38,13,5,1,3,0,0,0,0,0,0,0,0,0,0,0,0,0,0,0,0
tb.mem_rsp[3]	1	1044	193838	3709	872	3709	34	873	37187	1406	0,176,426,44,74,43,14,7,16,29,2,11,2,2,0,11,14,1,0,0,0,0,0,0,0,0,0,0,0,0,0,0,0,0,0,0,0,0,0,0	29,84,48,29,18,27,13,11,13,12,5,39,16,9,10,4,166,187,98,45,5,4,1,0,0,0,0,0,0,0,0,0,0,0,0,0,0,0,0,0	6	1234	481	1234	8	482	39662	2535	19,345,28,49,8,23,5,4,0,0,0,0,0,0,0,0,0,0,0,0,0,0,0,0,0,0,0,0,0,0,0,0,0,0,0,0,0,0,0,0	21,24,2,7,4,15,8,5,5,5,5,2,6,6,2,5,95,126,79,38,13,5,1,3,0,0,0,0,0,0,0,0,0,0,0,0,0,0,0,0
tb.mem_rsp[4]	1	1044	193838	3709	872	3709	34	873	37187	1406	0,176,426,44,74,43,14,7,16,29,2,11,2,2,0,11,14,1,0,0,0,0,0,0,0,0,0,0,0,0,0,0,0,0,0,0,0,0,0,0	29,84,48,29,18,27,13,11,13,12,5,39,16,9,10,4,166,187,98,45,5,4,1,0,0,0,0,0,0,0,0,0,0,0,0,0,0,0,0,0	6	1234	481	1234	8	482	39662	2535	19,345,28,49,8,23,5,4,0,0,0,0,0,0,0,0,0,0,0,0,0,0,0,0,0,0,0,0,0,0,0,0,0,0,0,0,0,0,0,0	21,24,2,7,4,15,8,5,5,5,5,2,6,6,2,5,95,126,79,38,13,5,1,3,0,0,0,0,0,0,0,0,0,0,0,0,0,0,0,0
tb.mem_rsp[5]	1	1044	193838	3709	872	3709	34	873	37187	1406	0,176,426,44,74,43,14,7,16,29,2,11,2,2,0,11,14,1,0,0,0,0,0,0,0,0,0,0,0,0,0,0,0,0,0,0,0,0,0,0	29,84,48,29,18,27,13,11,13,12,5,39,16,9,10,4,166,187,98,45,5,4,1,0,0,0,0,0,0,0,0,0,0,0,0,0,0,0,0,0	6	1234	481	1234	8	482	39662	2535	19,345,28,49,8,23,5,4,0,0,0,0,0,0,0,0,0,0,0,0,0,0,0,0,0,0,0,0,0,0,0,0,0,0,0,0,0,0,0,0	21,24,2,7,4,15,8,5,5,5,5,2,6,6,2,5,95,126,79,38,13,5,1,3,0,0,0,0,0,0,0,0,0,0,0,0,0,0,0,0
tb.mem_rsp[6]	1	1044	193838	3709	872	3709	34	873	37187	1406	0,176,426,44,74,43,14,7,16,29,2,11,2,2,0,11,14,1,0,0,0,0,0,0,0,0,0,0,0,0,0,0,0,0,0,0,0,0,0,0	29,84,48,29,18,27,13,11,13,12,5,39,16,9,10,4,166,187,98,45,5,4,1,0,0,0,0,0,0,0,0,0,0,0,0,0,0,0,0,0	6	1234	481	1234	8	482	39662	2535	19,345,28,49,8,23,5,4,0,0,0,0,0,0,0,0,0,0,0,0,0,0,0,0,0,0,0,0,0,0,0,0,0,0,0,0,0,0,0,0	21,24,2,7,4,15,8,5,5,5,5,2,6,6,2,5,95,126,79,38,13,5,1,3,0,0,0,0,0,0,0,0,0,0,0,0,0,0,0,0
tb.mem_rsp[7]	1	1044	193838	3709	872	3709	34	873	37187	1406	0,176,426,44,74,43,14,7,16,29,2,11,2,2,0,11,14,1,0,0,0,0,0,0,0,0,0,0,0,0,0,0,0,0,0,0,0,0,0,0	29,84,48,29,18,27,13,11,13,12,5,39,16,9,10,4,166,187,98,45,5,4,1,0,0,0,0,0,0,0,0,0,0,0,0,0,0,0,0,0	6	1234	481	1234	8	482	39662	2535	19,345,28,49,8,23,5,4,0,0,0,0,0,0,0,0,0,0,0,0,0,0,0,0,0,0,0,0,0,0,0,0,0,0,0,0,0,0,0,0	21,24,2,7,4,15,8,5,5,5,5,2,6,6,2,5,95,126,79,38,13,5,1,3,0,0,0,0,0,0,0,0,0,0,0,0,0,0,0,0
tb.mem_rsp[8]	1	1044	193838	3709	872	3709	34	873	37187	1406	0,176,426,44,74,43,14,7,16,29,2,11,2,2,0,11,14,1,0,0,0,0,0,0,0,0,0,0,0,0,0,0,0,0,0,0,0,0,0,0	29,84,48,29,18,27,13,11,13,12,5,39,16,9,10,4,166,187,98,45,5,4,1,0,0,0,0,0,0,0,0,0,0,0,0,0,0,0,0,0	6	1234	481	1234	8	482	39662	2535	19,345,28,49,8,23,5,4,0,0,0,0,0,0,0,0,0,0,0,0,0,0,0,0,0,0,0,0,0,0,0,0,0,0,0,0,0,0,0,0	21,24,2,7,4,15,8,5,5,5,5,2,6,6,2,5,95,126,79,38,13,5,1,3,0,0,0,0,0,0,0,0,0,0,0,0,0,0,0,0
tb.mem_rsp[9]	1	1044	193838	3709	872	3709	34	873	37187	1406	0,176,426,44,74,43,14,7,16,29,2,11,2,2,0,11,14,1,0,0,0,0,0,0,0,0,0,0,0,0,0,0,0,0,0,0,0,0,0,0	29,84,48,29,18,27,13,11,13,12,5,39,16,9,10,4,166,187,98,45,5,4,1,0,0,0,0,0,0,0,0,0,0,0,0,0,0,0,0,0	6	1234	481	1234	8	482	39662	2535	19,345,28,49,8,23,5,4,0,0,0,0,0,0,0,0,0,0,0,0,0,0,0,0,0,0,0,0,0,0,0,0,0,0,0,0,0,0,0,0	21,24,2,7,4,15,8,5,5,5,5,2,6,6,2,5,95,126,79,38,13,5,1,3,0,0,0,0,0,0,0,0,0,0,0,0,0,0,0,0
tb.unnamedblk1	1	192	29	10	1	10	10	2	40886	40877	0,0,0,0,0,0,0,0,0,1,0,0,0,0,0,0,0,0,0,0,0,0,0,0,0,0,0,0,0,0,0,0,0,0,0,0,0,0,0,0	0,0,0,0,0,0,0,0,1,0,0,0,0,0,0,0,0,0,0,0,0,0,0,0,0,0,0,1,0,0,0,0,0,0,0,0,0,0,0,0	2	7	3	7	4	4	40889	40878	1,1,0,1,0,0,0,0,0,0,0,0,0,0,0,0,0,0,0,0,0,0,0,0,0,0,0,0,0,0,0,0,0,0,0,0,0,0,0,0	2,0,0,0,0,0,0,0,1,0,0,0,0,0,0,0,0,0,0,0,0,0,0,0,0,0,0,1,0,0,0,0,0,0,0,0,0,0,0,0
tb.unnamedblk1.unnamedblk2	2	128	29	10	1	10	10	2	40886	40877	0,0,0,0,0,0,0,0,0,1,0,0,0,0,0,0,0,0,0,0,0,0,0,0,0,0,0,0,0,0,0,0,0,0,0,0,0,0,0,0	0,0,0,0,0,0,0,0,1,0,0,0,0,0,0,0,0,0,0,0,0,0,0,0,0,0,0,1,0,0,0,0,0,0,0,0,0,0,0,0	2	7	3	7	4	4	40889	40878	1,1,0,1,0,0,0,0,0,0,0,0,0,0,0,0,0,0,0,0,0,0,0,0,0,0,0,0,0,0,0,0,0,0,0,0,0,0,0,0	2,0,0,0,0,0,0,0,1,0,0,0,0,0,0,0,0,0,0,0,0,0,0,0,0,0,0,1,0,0,0,0,0,0,0,0,0,0,0,0
tb.unnamedblk1.unnamedblk2.unnamedblk3	3	128	29	10	1	10	10	2	40886	40877	0,0,0,0,0,0,0,0,0,1,0,0,0,0,0,0,0,0,0,0,0,0,0,0,0,0,0,0,0,0,0,0,0,0,0,0,0,0,0,0	0,0,0,0,0,0,0,0,1,0,0,0,0,0,0,0,0,0,0,0,0,0,0,0,0,0,0,1,0,0,0,0,0,0,0,0,0,0,0,0	2	7	3	7	4	4	40889	40878	1,1,0,1,0,0,0,0,0,0,0,0,0,0,0,0,0,0,0,0,0,0,0,0,0,0,0,0,0,0,0,0,0,0,0,0,0,0,0,0	2,0,0,0,0,0,0,0,1,0,0,0,0,0,0,0,0,0,0,0,0,0,0,0,0,0,0,1,0,0,0,0,0,0,0,0,0,0,0,0
tb.unnamedblk1.unnamedblk2.unnamedblk3.unnamedblk4	4	96	25	10	1	10	10	2	40886	40877	0,0,0,0,0,0,0,0,0,1,0,0,0,0,0,0,0,0,0,0,0,0,0,0,0,0,0,0,0,0,0,0,0,0,0,0,0,0,0,0	0,0,0,0,0,0,0,0,1,0,0,0,0,0,0,0,0,0,0,0,0,0,0,0,0,0,0,1,0,0,0,0,0,0,0,0,0,0,0,0	2	7	3	7	4	4	40889	40878	1,1,0,1,0,0,0,0,0,0,0,0,0,0,0,0,0,0,0,0,0,0,0,0,0,0,0,0,0,0,0,0,0,0,0,0,0,0,0,0	2,0,0,0,0,0,0,0,1,0,0,0,0,0,0,0,0,0,0,0,0,0,0,0,0,0,0,1,0,0,0,0,0,0,0,0,0,0,0,0
