path	nvars	sumw	maxw	mean_w	bw_mean_w
VX_gpu_pkg	43	1376	32	32.00	32.00
defs_div_sqrt_mvp	57	1387	64	24.33	34.66
fpnew_pkg	17	2140	682	125.88	490.61
tb	14997	458993	2048	30.61	255.78
tb.dut	14814	436707	2048	29.48	243.59
tb.dut.clusters[0]	14597	418715	2048	28.69	234.34
tb.dut.clusters[0].cluster	14593	418669	2048	28.69	234.36
tb.dut.clusters[0].cluster.dcr_bus_if	3	45	32	15.00	25.98
tb.dut.clusters[0].cluster.l2cache	172	14165	614	82.35	453.20
tb.dut.clusters[0].cluster.l2cache.core_bus_cache_if[0]	11	1298	614	118.00	502.71
tb.dut.clusters[0].cluster.l2cache.core_bus_if[0]	11	1298	614	118.00	502.71
tb.dut.clusters[0].cluster.l2cache.genblk2	103	8274	614	80.33	458.79
tb.dut.clusters[0].cluster.l2cache.genblk2.cache_bypass	102	8273	614	81.11	458.85
tb.dut.clusters[0].cluster.l2cache.genblk2.cache_bypass.core_bus_in_if[0]	11	1298	614	118.00	502.71
tb.dut.clusters[0].cluster.l2cache.genblk2.cache_bypass.core_bus_out_if[0]	11	1298	614	118.00	502.71
tb.dut.clusters[0].cluster.l2cache.genblk2.cache_bypass.mem_bus_in_if	11	1290	610	117.27	498.82
tb.dut.clusters[0].cluster.l2cache.genblk2.cache_bypass.mem_bus_out_if	11	1298	614	118.00	502.71
tb.dut.clusters[0].cluster.l2cache.mem_bus_cache_if	11	1290	610	117.27	498.82
tb.dut.clusters[0].cluster.l2cache.mem_bus_if	11	1298	614	118.00	502.71
tb.dut.clusters[0].cluster.mem_bus_if	11	1298	614	118.00	502.71
tb.dut.clusters[0].cluster.per_socket_mem_bus_if[0]	11	1298	614	118.00	502.71
tb.dut.clusters[0].cluster.socket_dcr_bus_if	3	45	32	15.00	25.98
tb.dut.clusters[0].cluster.socket_dcr_bus_tmp_if	3	45	32	15.00	25.98
tb.dut.clusters[0].cluster.sockets[0]	14385	401737	2048	27.93	225.00
tb.dut.clusters[0].cluster.sockets[0].socket	14384	401736	2048	27.93	225.00
tb.dut.clusters[0].cluster.sockets[0].socket.core_dcr_bus_if	3	45	32	15.00	25.98
tb.dut.clusters[0].cluster.sockets[0].socket.cores[0]	11109	263404	704	23.71	142.49
tb.dut.clusters[0].cluster.sockets[0].socket.cores[0].core	11108	263403	704	23.71	142.49
tb.dut.clusters[0].cluster.sockets[0].socket.cores[0].core.branch_ctl_if[0]	4	35	31	8.75	27.63
tb.dut.clusters[0].cluster.sockets[0].socket.cores[0].core.commit	51	2317	704	45.43	301.30
tb.dut.clusters[0].cluster.sockets[0].socket.cores[0].core.commit.commit_arb_if[0]	5	242	176	48.40	136.47
tb.dut.clusters[0].cluster.sockets[0].socket.cores[0].core.commit.commit_csr_if	1	44	44	44.00	44.00
tb.dut.clusters[0].cluster.sockets[0].socket.cores[0].core.commit.commit_if[0]	5	242	176	48.40	136.47
tb.dut.clusters[0].cluster.sockets[0].socket.cores[0].core.commit.commit_if[1]	5	242	176	48.40	136.47
tb.dut.clusters[0].cluster.sockets[0].socket.cores[0].core.commit.commit_if[2]	5	242	176	48.40	136.47
tb.dut.clusters[0].cluster.sockets[0].socket.cores[0].core.commit.commit_if[3]	5	242	176	48.40	136.47
tb.dut.clusters[0].cluster.sockets[0].socket.cores[0].core.commit.commit_sched_if	1	4	4	4.00	4.00
tb.dut.clusters[0].cluster.sockets[0].socket.cores[0].core.commit.genblk1[0]	4	713	704	178.25	695.16
tb.dut.clusters[0].cluster.sockets[0].socket.cores[0].core.commit.genblk2[0]	1	3	3	3.00	3.00
tb.dut.clusters[0].cluster.sockets[0].socket.cores[0].core.commit.writeback_if[0]	2	175	174	87.50	173.01
tb.dut.clusters[0].cluster.sockets[0].socket.cores[0].core.commit_csr_if	1	44	44	44.00	44.00
tb.dut.clusters[0].cluster.sockets[0].socket.cores[0].core.commit_if[0]	5	242	176	48.40	136.47
tb.dut.clusters[0].cluster.sockets[0].socket.cores[0].core.commit_if[1]	5	242	176	48.40	136.47
tb.dut.clusters[0].cluster.sockets[0].socket.cores[0].core.commit_if[2]	5	242	176	48.40	136.47
tb.dut.clusters[0].cluster.sockets[0].socket.cores[0].core.commit_if[3]	5	242	176	48.40	136.47
tb.dut.clusters[0].cluster.sockets[0].socket.cores[0].core.commit_sched_if	1	4	4	4.00	4.00
tb.dut.clusters[0].cluster.sockets[0].socket.cores[0].core.dcache_bus_if[0]	11	474	179	43.09	114.61
tb.dut.clusters[0].cluster.sockets[0].socket.cores[0].core.dcr_bus_if	3	45	32	15.00	25.98
tb.dut.clusters[0].cluster.sockets[0].socket.cores[0].core.dcr_data	6	190	72	31.67	60.73
tb.dut.clusters[0].cluster.sockets[0].socket.cores[0].core.dcr_data.dcr_bus_if	3	45	32	15.00	25.98
tb.dut.clusters[0].cluster.sockets[0].socket.cores[0].core.decode	49	538	106	10.98	43.72
tb.dut.clusters[0].cluster.sockets[0].socket.cores[0].core.decode.decode_if	5	172	106	34.40	77.24
tb.dut.clusters[0].cluster.sockets[0].socket.cores[0].core.decode.decode_sched_if	3	4	2	1.33	1.50
tb.dut.clusters[0].cluster.sockets[0].socket.cores[0].core.decode.fetch_if	3	72	70	24.00	68.08
tb.dut.clusters[0].cluster.sockets[0].socket.cores[0].core.decode_if	5	172	106	34.40	77.24
tb.dut.clusters[0].cluster.sockets[0].socket.cores[0].core.decode_sched_if	3	4	2	1.33	1.50
tb.dut.clusters[0].cluster.sockets[0].socket.cores[0].core.dispatch_if[0]	3	474	472	158.00	470.01
tb.dut.clusters[0].cluster.sockets[0].socket.cores[0].core.dispatch_if[1]	3	474	472	158.00	470.01
tb.dut.clusters[0].cluster.sockets[0].socket.cores[0].core.dispatch_if[2]	3	474	472	158.00	470.01
tb.dut.clusters[0].cluster.sockets[0].socket.cores[0].core.dispatch_if[3]	3	474	472	158.00	470.01
tb.dut.clusters[0].cluster.sockets[0].socket.cores[0].core.execute	9890	221320	682	22.38	127.30
tb.dut.clusters[0].cluster.sockets[0].socket.cores[0].core.execute.alu_unit	290	13588	475	46.86	225.43
tb.dut.clusters[0].cluster.sockets[0].socket.cores[0].core.execute.alu_unit.branch_ctl_if[0]	4	35	31	8.75	27.63
tb.dut.clusters[0].cluster.sockets[0].socket.cores[0].core.execute.alu_unit.commit_if[0]	5	242	176	48.40	136.47
tb.dut.clusters[0].cluster.sockets[0].socket.cores[0].core.execute.alu_unit.dispatch_if[0]	3	474	472	158.00	470.01
tb.dut.clusters[0].cluster.sockets[0].socket.cores[0].core.execute.alu_unit.dispatch_unit	45	2375	475	52.78	352.04
tb.dut.clusters[0].cluster.sockets[0].socket.cores[0].core.execute.alu_unit.dispatch_unit.dispatch_if[0]	3	474	472	158.00	470.01
tb.dut.clusters[0].cluster.sockets[0].socket.cores[0].core.execute.alu_unit.dispatch_unit.execute_if[0]	5	541	475	108.20	420.84
tb.dut.clusters[0].cluster.sockets[0].socket.cores[0].core.execute.alu_unit.dispatch_unit.genblk5[0]	6	7	2	1.17	1.29
tb.dut.clusters[0].cluster.sockets[0].socket.cores[0].core.execute.alu_unit.gather_unit	33	1472	176	44.61	126.11
tb.dut.clusters[0].cluster.sockets[0].socket.cores[0].core.execute.alu_unit.gather_unit.commit_in_if[0]	5	242	176	48.40	136.47
tb.dut.clusters[0].cluster.sockets[0].socket.cores[0].core.execute.alu_unit.gather_unit.commit_out_if[0]	5	242	176	48.40	136.47
tb.dut.clusters[0].cluster.sockets[0].socket.cores[0].core.execute.alu_unit.gather_unit.genblk5[0]	7	374	176	53.43	132.16
tb.dut.clusters[0].cluster.sockets[0].socket.cores[0].core.execute.alu_unit.gather_unit.genblk5[0].commit_tmp_if	5	242	176	48.40	136.47
tb.dut.clusters[0].cluster.sockets[0].socket.cores[0].core.execute.alu_unit.genblk1[0]	182	8013	475	44.03	189.41
tb.dut.clusters[0].cluster.sockets[0].socket.cores[0].core.execute.alu_unit.genblk1[0].alu_int	89	4067	475	45.70	135.31
tb.dut.clusters[0].cluster.sockets[0].socket.cores[0].core.execute.alu_unit.genblk1[0].alu_int.branch_ctl_if	4	35	31	8.75	27.63
tb.dut.clusters[0].cluster.sockets[0].socket.cores[0].core.execute.alu_unit.genblk1[0].alu_int.commit_if	5	242	176	48.40	136.47
tb.dut.clusters[0].cluster.sockets[0].socket.cores[0].core.execute.alu_unit.genblk1[0].alu_int.execute_if	5	541	475	108.20	420.84
tb.dut.clusters[0].cluster.sockets[0].socket.cores[0].core.execute.alu_unit.genblk1[0].alu_int.genblk3[0]	2	66	33	33.00	33.00
tb.dut.clusters[0].cluster.sockets[0].socket.cores[0].core.execute.alu_unit.genblk1[0].alu_int.genblk3[1]	2	66	33	33.00	33.00
tb.dut.clusters[0].cluster.sockets[0].socket.cores[0].core.execute.alu_unit.genblk1[0].alu_int.genblk3[2]	2	66	33	33.00	33.00
tb.dut.clusters[0].cluster.sockets[0].socket.cores[0].core.execute.alu_unit.genblk1[0].alu_int.genblk3[3]	2	66	33	33.00	33.00
tb.dut.clusters[0].cluster.sockets[0].socket.cores[0].core.execute.alu_unit.genblk1[0].alu_int.genblk4[0]	3	98	33	32.67	32.67
tb.dut.clusters[0].cluster.sockets[0].socket.cores[0].core.execute.alu_unit.genblk1[0].alu_int.genblk4[1]	3	98	33	32.67	32.67
tb.dut.clusters[0].cluster.sockets[0].socket.cores[0].core.execute.alu_unit.genblk1[0].alu_int.genblk4[2]	3	98	33	32.67	32.67
tb.dut.clusters[0].cluster.sockets[0].socket.cores[0].core.execute.alu_unit.genblk1[0].alu_int.genblk4[3]	3	98	33	32.67	32.67
tb.dut.clusters[0].cluster.sockets[0].socket.cores[0].core.execute.alu_unit.genblk1[0].alu_int.genblk6[0]	2	64	32	32.00	32.00
tb.dut.clusters[0].cluster.sockets[0].socket.cores[0].core.execute.alu_unit.genblk1[0].alu_int.genblk6[1]	2	64	32	32.00	32.00
tb.dut.clusters[0].cluster.sockets[0].socket.cores[0].core.execute.alu_unit.genblk1[0].alu_int.genblk6[2]	2	64	32	32.00	32.00
tb.dut.clusters[0].cluster.sockets[0].socket.cores[0].core.execute.alu_unit.genblk1[0].alu_int.genblk6[3]	2	64	32	32.00	32.00
tb.dut.clusters[0].cluster.sockets[0].socket.cores[0].core.execute.alu_unit.genblk1[0].int_commit_if	5	242	176	48.40	136.47
tb.dut.clusters[0].cluster.sockets[0].socket.cores[0].core.execute.alu_unit.genblk1[0].int_execute_if	5	541	475	108.20	420.84
tb.dut.clusters[0].cluster.sockets[0].socket.cores[0].core.execute.alu_unit.genblk1[0].muldiv_commit_if	5	242	176	48.40	136.47
tb.dut.clusters[0].cluster.sockets[0].socket.cores[0].core.execute.alu_unit.genblk1[0].muldiv_execute_if	5	541	475	108.20	420.84
tb.dut.clusters[0].cluster.sockets[0].socket.cores[0].core.execute.alu_unit.genblk1[0].muldiv_unit	71	2378	475	33.49	187.59
tb.dut.clusters[0].cluster.sockets[0].socket.cores[0].core.execute.alu_unit.genblk1[0].muldiv_unit.commit_if	5	242	176	48.40	136.47
tb.dut.clusters[0].cluster.sockets[0].socket.cores[0].core.execute.alu_unit.genblk1[0].muldiv_unit.execute_if	5	541	475	108.20	420.84
tb.dut.clusters[0].cluster.sockets[0].socket.cores[0].core.execute.alu_unit.genblk1[0].muldiv_unit.genblk2[0]	2	66	33	33.00	33.00
tb.dut.clusters[0].cluster.sockets[0].socket.cores[0].core.execute.alu_unit.genblk1[0].muldiv_unit.genblk2[1]	2	66	33	33.00	33.00
tb.dut.clusters[0].cluster.sockets[0].socket.cores[0].core.execute.alu_unit.genblk1[0].muldiv_unit.genblk2[2]	2	66	33	33.00	33.00
tb.dut.clusters[0].cluster.sockets[0].socket.cores[0].core.execute.alu_unit.genblk1[0].muldiv_unit.genblk2[3]	2	66	33	33.00	33.00
tb.dut.clusters[0].cluster.sockets[0].socket.cores[0].core.execute.alu_unit.per_block_commit_if[0]	5	242	176	48.40	136.47
tb.dut.clusters[0].cluster.sockets[0].socket.cores[0].core.execute.alu_unit.per_block_execute_if[0]	5	541	475	108.20	420.84
tb.dut.clusters[0].cluster.sockets[0].socket.cores[0].core.execute.branch_ctl_if[0]	4	35	31	8.75	27.63
tb.dut.clusters[0].cluster.sockets[0].socket.cores[0].core.execute.commit_csr_if	1	44	44	44.00	44.00
tb.dut.clusters[0].cluster.sockets[0].socket.cores[0].core.execute.commit_if[0]	5	242	176	48.40	136.47
tb.dut.clusters[0].cluster.sockets[0].socket.cores[0].core.execute.commit_if[1]	5	242	176	48.40	136.47
tb.dut.clusters[0].cluster.sockets[0].socket.cores[0].core.execute.commit_if[2]	5	242	176	48.40	136.47
tb.dut.clusters[0].cluster.sockets[0].socket.cores[0].core.execute.commit_if[3]	5	242	176	48.40	136.47
tb.dut.clusters[0].cluster.sockets[0].socket.cores[0].core.execute.dispatch_if[0]	3	474	472	158.00	470.01
tb.dut.clusters[0].cluster.sockets[0].socket.cores[0].core.execute.dispatch_if[1]	3	474	472	158.00	470.01
tb.dut.clusters[0].cluster.sockets[0].socket.cores[0].core.execute.dispatch_if[2]	3	474	472	158.00	470.01
tb.dut.clusters[0].cluster.sockets[0].socket.cores[0].core.execute.dispatch_if[3]	3	474	472	158.00	470.01
tb.dut.clusters[0].cluster.sockets[0].socket.cores[0].core.execute.fpu_csr_if[0]	5	13	5	2.60	3.31
tb.dut.clusters[0].cluster.sockets[0].socket.cores[0].core.execute.fpu_unit	8978	182049	682	20.28	103.72
tb.dut.clusters[0].cluster.sockets[0].socket.cores[0].core.execute.fpu_unit.commit_if[0]	5	242	176	48.40	136.47
tb.dut.clusters[0].cluster.sockets[0].socket.cores[0].core.execute.fpu_unit.dispatch_if[0]	3	474	472	158.00	470.01
tb.dut.clusters[0].cluster.sockets[0].socket.cores[0].core.execute.fpu_unit.dispatch_unit	45	2375	475	52.78	352.04
tb.dut.clusters[0].cluster.sockets[0].socket.cores[0].core.execute.fpu_unit.dispatch_unit.dispatch_if[0]	3	474	472	158.00	470.01
tb.dut.clusters[0].cluster.sockets[0].socket.cores[0].core.execute.fpu_unit.dispatch_unit.execute_if[0]	5	541	475	108.20	420.84
tb.dut.clusters[0].cluster.sockets[0].socket.cores[0].core.execute.fpu_unit.dispatch_unit.genblk5[0]	6	7	2	1.17	1.29
tb.dut.clusters[0].cluster.sockets[0].socket.cores[0].core.execute.fpu_unit.fpu_csr_if[0]	5	13	5	2.60	3.31
tb.dut.clusters[0].cluster.sockets[0].socket.cores[0].core.execute.fpu_unit.gather_unit	33	1472	176	44.61	126.11
tb.dut.clusters[0].cluster.sockets[0].socket.cores[0].core.execute.fpu_unit.gather_unit.commit_in_if[0]	5	242	176	48.40	136.47
tb.dut.clusters[0].cluster.sockets[0].socket.cores[0].core.execute.fpu_unit.gather_unit.commit_out_if[0]	5	242	176	48.40	136.47
tb.dut.clusters[0].cluster.sockets[0].socket.cores[0].core.execute.fpu_unit.gather_unit.genblk5[0]	7	374	176	53.43	132.16
tb.dut.clusters[0].cluster.sockets[0].socket.cores[0].core.execute.fpu_unit.gather_unit.genblk5[0].commit_tmp_if	5	242	176	48.40	136.47
tb.dut.clusters[0].cluster.sockets[0].socket.cores[0].core.execute.fpu_unit.genblk1[0]	8870	176528	682	19.90	98.22
tb.dut.clusters[0].cluster.sockets[0].socket.cores[0].core.execute.fpu_unit.genblk1[0].fpu_fpnew	8845	176324	682	19.93	98.24
tb.dut.clusters[0].cluster.sockets[0].socket.cores[0].core.execute.fpu_unit.genblk1[0].fpu_fpnew.genblk3[0]	2201	43590	682	19.80	95.32
tb.dut.clusters[0].cluster.sockets[0].socket.cores[0].core.execute.fpu_unit.genblk1[0].fpu_fpnew.genblk3[0].fpnew_core	2197	43581	682	19.84	95.34
tb.dut.clusters[0].cluster.sockets[0].socket.cores[0].core.execute.fpu_unit.genblk1[0].fpu_fpnew.genblk3[0].fpnew_core.gen_nanbox_check[0]	1	32	32	32.00	32.00
tb.dut.clusters[0].cluster.sockets[0].socket.cores[0].core.execute.fpu_unit.genblk1[0].fpu_fpnew.genblk3[0].fpnew_core.gen_nanbox_check[1]	1	32	32	32.00	32.00
tb.dut.clusters[0].cluster.sockets[0].socket.cores[0].core.execute.fpu_unit.genblk1[0].fpu_fpnew.genblk3[0].fpnew_core.gen_nanbox_check[2]	1	32	32	32.00	32.00
tb.dut.clusters[0].cluster.sockets[0].socket.cores[0].core.execute.fpu_unit.genblk1[0].fpu_fpnew.genblk3[0].fpnew_core.gen_nanbox_check[3]	1	32	32	32.00	32.00
tb.dut.clusters[0].cluster.sockets[0].socket.cores[0].core.execute.fpu_unit.genblk1[0].fpu_fpnew.genblk3[0].fpnew_core.gen_nanbox_check[4]	1	32	32	32.00	32.00
tb.dut.clusters[0].cluster.sockets[0].socket.cores[0].core.execute.fpu_unit.genblk1[0].fpu_fpnew.genblk3[0].fpnew_core.gen_operation_groups[0]	399	7400	384	18.55	99.33
tb.dut.clusters[0].cluster.sockets[0].socket.cores[0].core.execute.fpu_unit.genblk1[0].fpu_fpnew.genblk3[0].fpnew_core.gen_operation_groups[0].i_opgroup_block	396	7352	384	18.57	99.81
tb.dut.clusters[0].cluster.sockets[0].socket.cores[0].core.execute.fpu_unit.genblk1[0].fpu_fpnew.genblk3[0].fpnew_core.gen_operation_groups[0].i_opgroup_block.gen_parallel_slices[0]	272	5051	384	18.57	99.68
tb.dut.clusters[0].cluster.sockets[0].socket.cores[0].core.execute.fpu_unit.genblk1[0].fpu_fpnew.genblk3[0].fpnew_core.gen_operation_groups[0].i_opgroup_block.gen_parallel_slices[0].active_format	270	5049	384	18.70	99.72
tb.dut.clusters[0].cluster.sockets[0].socket.cores[0].core.execute.fpu_unit.genblk1[0].fpu_fpnew.genblk3[0].fpnew_core.gen_operation_groups[0].i_opgroup_block.gen_parallel_slices[0].active_format.i_fmt_slice	267	5015	384	18.78	100.19
tb.dut.clusters[0].cluster.sockets[0].socket.cores[0].core.execute.fpu_unit.genblk1[0].fpu_fpnew.genblk3[0].fpnew_core.gen_operation_groups[0].i_opgroup_block.gen_parallel_slices[0].active_format.i_fmt_slice.gen_num_lanes[0]	216	4401	384	20.38	108.76
tb.dut.clusters[0].cluster.sockets[0].socket.cores[0].core.execute.fpu_unit.genblk1[0].fpu_fpnew.genblk3[0].fpnew_core.gen_operation_groups[0].i_opgroup_block.gen_parallel_slices[0].active_format.i_fmt_slice.gen_num_lanes[0].active_lane	214	4368	384	20.41	109.35
tb.dut.clusters[0].cluster.sockets[0].socket.cores[0].core.execute.fpu_unit.genblk1[0].fpu_fpnew.genblk3[0].fpnew_core.gen_operation_groups[0].i_opgroup_block.gen_parallel_slices[0].active_format.i_fmt_slice.gen_num_lanes[0].active_lane.lane_instance	208	4232	384	20.35	110.44
tb.dut.clusters[0].cluster.sockets[0].socket.cores[0].core.execute.fpu_unit.genblk1[0].fpu_fpnew.genblk3[0].fpnew_core.gen_operation_groups[0].i_opgroup_block.gen_parallel_slices[0].active_format.i_fmt_slice.gen_num_lanes[0].active_lane.lane_instance.i_fma	208	4232	384	20.35	110.44
tb.dut.clusters[0].cluster.sockets[0].socket.cores[0].core.execute.fpu_unit.genblk1[0].fpu_fpnew.genblk3[0].fpnew_core.gen_operation_groups[0].i_opgroup_block.gen_parallel_slices[0].active_format.i_fmt_slice.gen_num_lanes[0].active_lane.lane_instance.i_fma.gen_input_pipeline[0]	1	1	1	1.00	1.00
tb.dut.clusters[0].cluster.sockets[0].socket.cores[0].core.execute.fpu_unit.genblk1[0].fpu_fpnew.genblk3[0].fpnew_core.gen_operation_groups[0].i_opgroup_block.gen_parallel_slices[0].active_format.i_fmt_slice.gen_num_lanes[0].active_lane.lane_instance.i_fma.gen_inside_pipeline[0]	1	1	1	1.00	1.00
tb.dut.clusters[0].cluster.sockets[0].socket.cores[0].core.execute.fpu_unit.genblk1[0].fpu_fpnew.genblk3[0].fpnew_core.gen_operation_groups[0].i_opgroup_block.gen_parallel_slices[0].active_format.i_fmt_slice.gen_num_lanes[0].active_lane.lane_instance.i_fma.gen_inside_pipeline[1]	1	1	1	1.00	1.00
tb.dut.clusters[0].cluster.sockets[0].socket.cores[0].core.execute.fpu_unit.genblk1[0].fpu_fpnew.genblk3[0].fpnew_core.gen_operation_groups[0].i_opgroup_block.gen_parallel_slices[0].active_format.i_fmt_slice.gen_num_lanes[0].active_lane.lane_instance.i_fma.gen_output_pipeline[0]	1	1	1	1.00	1.00
tb.dut.clusters[0].cluster.sockets[0].socket.cores[0].core.execute.fpu_unit.genblk1[0].fpu_fpnew.genblk3[0].fpnew_core.gen_operation_groups[0].i_opgroup_block.gen_parallel_slices[0].active_format.i_fmt_slice.gen_num_lanes[0].active_lane.lane_instance.i_fma.i_class_inputs	35	374	96	10.69	45.46
tb.dut.clusters[0].cluster.sockets[0].socket.cores[0].core.execute.fpu_unit.genblk1[0].fpu_fpnew.genblk3[0].fpnew_core.gen_operation_groups[0].i_opgroup_block.gen_parallel_slices[0].active_format.i_fmt_slice.gen_num_lanes[0].active_lane.lane_instance.i_fma.i_class_inputs.gen_num_values[0]	9	40	32	4.44	25.80
tb.dut.clusters[0].cluster.sockets[0].socket.cores[0].core.execute.fpu_unit.genblk1[0].fpu_fpnew.genblk3[0].fpnew_core.gen_operation_groups[0].i_opgroup_block.gen_parallel_slices[0].active_format.i_fmt_slice.gen_num_lanes[0].active_lane.lane_instance.i_fma.i_class_inputs.gen_num_values[1]	9	40	32	4.44	25.80
tb.dut.clusters[0].cluster.sockets[0].socket.cores[0].core.execute.fpu_unit.genblk1[0].fpu_fpnew.genblk3[0].fpnew_core.gen_operation_groups[0].i_opgroup_block.gen_parallel_slices[0].active_format.i_fmt_slice.gen_num_lanes[0].active_lane.lane_instance.i_fma.i_class_inputs.gen_num_values[2]	9	40	32	4.44	25.80
tb.dut.clusters[0].cluster.sockets[0].socket.cores[0].core.execute.fpu_unit.genblk1[0].fpu_fpnew.genblk3[0].fpnew_core.gen_operation_groups[0].i_opgroup_block.gen_parallel_slices[0].active_format.i_fmt_slice.gen_num_lanes[0].active_lane.lane_instance.i_fma.i_fpnew_rounding	10	104	32	10.40	28.50
tb.dut.clusters[0].cluster.sockets[0].socket.cores[0].core.execute.fpu_unit.genblk1[0].fpu_fpnew.genblk3[0].fpnew_core.gen_operation_groups[0].i_opgroup_block.gen_parallel_slices[0].active_format.i_fmt_slice.gen_num_lanes[0].active_lane.lane_instance.i_fma.i_lzc	11	960	384	87.27	264.06
tb.dut.clusters[0].cluster.sockets[0].socket.cores[0].core.execute.fpu_unit.genblk1[0].fpu_fpnew.genblk3[0].fpnew_core.gen_operation_groups[0].i_opgroup_block.gen_parallel_slices[0].active_format.i_fmt_slice.gen_num_lanes[0].active_lane.lane_instance.i_fma.i_lzc.gen_lzc	5	837	384	167.40	297.27
tb.dut.clusters[0].cluster.sockets[0].socket.cores[0].core.execute.fpu_unit.genblk1[0].fpu_fpnew.genblk3[0].fpnew_core.gen_operation_groups[0].i_opgroup_block.gen_parallel_slices[1]	2	2	1	1.00	1.00
tb.dut.clusters[0].cluster.sockets[0].socket.cores[0].core.execute.fpu_unit.genblk1[0].fpu_fpnew.genblk3[0].fpnew_core.gen_operation_groups[0].i_opgroup_block.gen_parallel_slices[2]	2	2	1	1.00	1.00
tb.dut.clusters[0].cluster.sockets[0].socket.cores[0].core.execute.fpu_unit.genblk1[0].fpu_fpnew.genblk3[0].fpnew_core.gen_operation_groups[0].i_opgroup_block.gen_parallel_slices[3]	2	2	1	1.00	1.00
tb.dut.clusters[0].cluster.sockets[0].socket.cores[0].core.execute.fpu_unit.genblk1[0].fpu_fpnew.genblk3[0].fpnew_core.gen_operation_groups[0].i_opgroup_block.gen_parallel_slices[4]	2	2	1	1.00	1.00
tb.dut.clusters[0].cluster.sockets[0].socket.cores[0].core.execute.fpu_unit.genblk1[0].fpu_fpnew.genblk3[0].fpnew_core.gen_operation_groups[0].i_opgroup_block.i_arbiter	75	1510	280	20.13	97.46
tb.dut.clusters[0].cluster.sockets[0].socket.cores[0].core.execute.fpu_unit.genblk1[0].fpu_fpnew.genblk3[0].fpnew_core.gen_operation_groups[0].i_opgroup_block.i_arbiter.gen_arbiter	58	1150	280	19.83	89.06
tb.dut.clusters[0].cluster.sockets[0].socket.cores[0].core.execute.fpu_unit.genblk1[0].fpu_fpnew.genblk3[0].fpnew_core.gen_operation_groups[0].i_opgroup_block.i_arbiter.gen_arbiter.gen_int_rr	30	340	32	11.33	23.78
tb.dut.clusters[0].cluster.sockets[0].socket.cores[0].core.execute.fpu_unit.genblk1[0].fpu_fpnew.genblk3[0].fpnew_core.gen_operation_groups[0].i_opgroup_block.i_arbiter.gen_arbiter.gen_int_rr.gen_fair_arb	29	337	32	11.62	23.96
tb.dut.clusters[0].cluster.sockets[0].socket.cores[0].core.execute.fpu_unit.genblk1[0].fpu_fpnew.genblk3[0].fpnew_core.gen_operation_groups[0].i_opgroup_block.i_arbiter.gen_arbiter.gen_int_rr.gen_fair_arb.i_lzc_lower	11	158	32	14.36	25.30
tb.dut.clusters[0].cluster.sockets[0].socket.cores[0].core.execute.fpu_unit.genblk1[0].fpu_fpnew.genblk3[0].fpnew_core.gen_operation_groups[0].i_opgroup_block.i_arbiter.gen_arbiter.gen_int_rr.gen_fair_arb.i_lzc_lower.gen_lzc	5	84	32	16.80	22.79
tb.dut.clusters[0].cluster.sockets[0].socket.cores[0].core.execute.fpu_unit.genblk1[0].fpu_fpnew.genblk3[0].fpnew_core.gen_operation_groups[0].i_opgroup_block.i_arbiter.gen_arbiter.gen_int_rr.gen_fair_arb.i_lzc_upper	11	158	32	14.36	25.30
tb.dut.clusters[0].cluster.sockets[0].socket.cores[0].core.execute.fpu_unit.genblk1[0].fpu_fpnew.genblk3[0].fpnew_core.gen_operation_groups[0].i_opgroup_block.i_arbiter.gen_arbiter.gen_int_rr.gen_fair_arb.i_lzc_upper.gen_lzc	5	84	32	16.80	22.79
tb.dut.clusters[0].cluster.sockets[0].socket.cores[0].core.execute.fpu_unit.genblk1[0].fpu_fpnew.genblk3[0].fpnew_core.gen_operation_groups[0].i_opgroup_block.i_arbiter.gen_arbiter.gen_levels[0]	3	65	32	21.67	31.52
tb.dut.clusters[0].cluster.sockets[0].socket.cores[0].core.execute.fpu_unit.genblk1[0].fpu_fpnew.genblk3[0].fpnew_core.gen_operation_groups[0].i_opgroup_block.i_arbiter.gen_arbiter.gen_levels[0].gen_level[0]	3	65	32	21.67	31.52
tb.dut.clusters[0].cluster.sockets[0].socket.cores[0].core.execute.fpu_unit.genblk1[0].fpu_fpnew.genblk3[0].fpnew_core.gen_operation_groups[0].i_opgroup_block.i_arbiter.gen_arbiter.gen_levels[1]	6	130	32	21.67	31.52
tb.dut.clusters[0].cluster.sockets[0].socket.cores[0].core.execute.fpu_unit.genblk1[0].fpu_fpnew.genblk3[0].fpnew_core.gen_operation_groups[0].i_opgroup_block.i_arbiter.gen_arbiter.gen_levels[1].gen_level[0]	3	65	32	21.67	31.52
tb.dut.clusters[0].cluster.sockets[0].socket.cores[0].core.execute.fpu_unit.genblk1[0].fpu_fpnew.genblk3[0].fpnew_core.gen_operation_groups[0].i_opgroup_block.i_arbiter.gen_arbiter.gen_levels[1].gen_level[1]	3	65	32	21.67	31.52
tb.dut.clusters[0].cluster.sockets[0].socket.cores[0].core.execute.fpu_unit.genblk1[0].fpu_fpnew.genblk3[0].fpnew_core.gen_operation_groups[0].i_opgroup_block.i_arbiter.gen_arbiter.gen_levels[2]	12	260	32	21.67	31.52
tb.dut.clusters[0].cluster.sockets[0].socket.cores[0].core.execute.fpu_unit.genblk1[0].fpu_fpnew.genblk3[0].fpnew_core.gen_operation_groups[0].i_opgroup_block.i_arbiter.gen_arbiter.gen_levels[2].gen_level[0]	3	65	32	21.67	31.52
tb.dut.clusters[0].cluster.sockets[0].socket.cores[0].core.execute.fpu_unit.genblk1[0].fpu_fpnew.genblk3[0].fpnew_core.gen_operation_groups[0].i_opgroup_block.i_arbiter.gen_arbiter.gen_levels[2].gen_level[1]	3	65	32	21.67	31.52
tb.dut.clusters[0].cluster.sockets[0].socket.cores[0].core.execute.fpu_unit.genblk1[0].fpu_fpnew.genblk3[0].fpnew_core.gen_operation_groups[0].i_opgroup_block.i_arbiter.gen_arbiter.gen_levels[2].gen_level[2]	3	65	32	21.67	31.52
tb.dut.clusters[0].cluster.sockets[0].socket.cores[0].core.execute.fpu_unit.genblk1[0].fpu_fpnew.genblk3[0].fpnew_core.gen_operation_groups[0].i_opgroup_block.i_arbiter.gen_arbiter.gen_levels[2].gen_level[3]	3	65	32	21.67	31.52
tb.dut.clusters[0].cluster.sockets[0].socket.cores[0].core.execute.fpu_unit.genblk1[0].fpu_fpnew.genblk3[0].fpnew_core.gen_operation_groups[1]	846	18392	576	21.74	97.68
tb.dut.clusters[0].cluster.sockets[0].socket.cores[0].core.execute.fpu_unit.genblk1[0].fpu_fpnew.genblk3[0].fpnew_core.gen_operation_groups[1].i_opgroup_block	843	18349	576	21.77	97.84
tb.dut.clusters[0].cluster.sockets[0].socket.cores[0].core.execute.fpu_unit.genblk1[0].fpu_fpnew.genblk3[0].fpnew_core.gen_operation_groups[1].i_opgroup_block.gen_merged_slice	717	16083	576	22.43	97.64
tb.dut.clusters[0].cluster.sockets[0].socket.cores[0].core.execute.fpu_unit.genblk1[0].fpu_fpnew.genblk3[0].fpnew_core.gen_operation_groups[1].i_opgroup_block.gen_merged_slice.i_multifmt_slice	714	16047	576	22.47	97.79
tb.dut.clusters[0].cluster.sockets[0].socket.cores[0].core.execute.fpu_unit.genblk1[0].fpu_fpnew.genblk3[0].fpnew_core.gen_operation_groups[1].i_opgroup_block.gen_merged_slice.i_multifmt_slice.extend_fp_result[0]	1	32	32	32.00	32.00
tb.dut.clusters[0].cluster.sockets[0].socket.cores[0].core.execute.fpu_unit.genblk1[0].fpu_fpnew.genblk3[0].fpnew_core.gen_operation_groups[1].i_opgroup_block.gen_merged_slice.i_multifmt_slice.extend_fp_result[1]	1	32	32	32.00	32.00
tb.dut.clusters[0].cluster.sockets[0].socket.cores[0].core.execute.fpu_unit.genblk1[0].fpu_fpnew.genblk3[0].fpnew_core.gen_operation_groups[1].i_opgroup_block.gen_merged_slice.i_multifmt_slice.extend_fp_result[2]	1	32	32	32.00	32.00
tb.dut.clusters[0].cluster.sockets[0].socket.cores[0].core.execute.fpu_unit.genblk1[0].fpu_fpnew.genblk3[0].fpnew_core.gen_operation_groups[1].i_opgroup_block.gen_merged_slice.i_multifmt_slice.extend_fp_result[3]	1	32	32	32.00	32.00
tb.dut.clusters[0].cluster.sockets[0].socket.cores[0].core.execute.fpu_unit.genblk1[0].fpu_fpnew.genblk3[0].fpnew_core.gen_operation_groups[1].i_opgroup_block.gen_merged_slice.i_multifmt_slice.extend_fp_result[4]	1	32	32	32.00	32.00
tb.dut.clusters[0].cluster.sockets[0].socket.cores[0].core.execute.fpu_unit.genblk1[0].fpu_fpnew.genblk3[0].fpnew_core.gen_operation_groups[1].i_opgroup_block.gen_merged_slice.i_multifmt_slice.gen_num_lanes[0]	635	14916	576	23.49	100.69
tb.dut.clusters[0].cluster.sockets[0].socket.cores[0].core.execute.fpu_unit.genblk1[0].fpu_fpnew.genblk3[0].fpnew_core.gen_operation_groups[1].i_opgroup_block.gen_merged_slice.i_multifmt_slice.gen_num_lanes[0].active_lane	620	14573	576	23.50	102.35
tb.dut.clusters[0].cluster.sockets[0].socket.cores[0].core.execute.fpu_unit.genblk1[0].fpu_fpnew.genblk3[0].fpnew_core.gen_operation_groups[1].i_opgroup_block.gen_merged_slice.i_multifmt_slice.gen_num_lanes[0].active_lane.lane_instance	614	14469	576	23.57	102.73
tb.dut.clusters[0].cluster.sockets[0].socket.cores[0].core.execute.fpu_unit.genblk1[0].fpu_fpnew.genblk3[0].fpnew_core.gen_operation_groups[1].i_opgroup_block.gen_merged_slice.i_multifmt_slice.gen_num_lanes[0].active_lane.lane_instance.genblk1	614	14469	576	23.57	102.73
tb.dut.clusters[0].cluster.sockets[0].socket.cores[0].core.execute.fpu_unit.genblk1[0].fpu_fpnew.genblk3[0].fpnew_core.gen_operation_groups[1].i_opgroup_block.gen_merged_slice.i_multifmt_slice.gen_num_lanes[0].active_lane.lane_instance.genblk1.i_fpnew_divsqrt_multi	614	14469	576	23.57	102.73
tb.dut.clusters[0].cluster.sockets[0].socket.cores[0].core.execute.fpu_unit.genblk1[0].fpu_fpnew.genblk3[0].fpnew_core.gen_operation_groups[1].i_opgroup_block.gen_merged_slice.i_multifmt_slice.gen_num_lanes[0].active_lane.lane_instance.genblk1.i_fpnew_divsqrt_multi.gen_input_pipeline[0]	1	1	1	1.00	1.00
tb.dut.clusters[0].cluster.sockets[0].socket.cores[0].core.execute.fpu_unit.genblk1[0].fpu_fpnew.genblk3[0].fpnew_core.gen_operation_groups[1].i_opgroup_block.gen_merged_slice.i_multifmt_slice.gen_num_lanes[0].active_lane.lane_instance.genblk1.i_fpnew_divsqrt_multi.gen_input_pipeline[1]	1	1	1	1.00	1.00
tb.dut.clusters[0].cluster.sockets[0].socket.cores[0].core.execute.fpu_unit.genblk1[0].fpu_fpnew.genblk3[0].fpnew_core.gen_operation_groups[1].i_opgroup_block.gen_merged_slice.i_multifmt_slice.gen_num_lanes[0].active_lane.lane_instance.genblk1.i_fpnew_divsqrt_multi.gen_input_pipeline[2]	1	1	1	1.00	1.00
tb.dut.clusters[0].cluster.sockets[0].socket.cores[0].core.execute.fpu_unit.genblk1[0].fpu_fpnew.genblk3[0].fpnew_core.gen_operation_groups[1].i_opgroup_block.gen_merged_slice.i_multifmt_slice.gen_num_lanes[0].active_lane.lane_instance.genblk1.i_fpnew_divsqrt_multi.gen_input_pipeline[3]	1	1	1	1.00	1.00
tb.dut.clusters[0].cluster.sockets[0].socket.cores[0].core.execute.fpu_unit.genblk1[0].fpu_fpnew.genblk3[0].fpnew_core.gen_operation_groups[1].i_opgroup_block.gen_merged_slice.i_multifmt_slice.gen_num_lanes[0].active_lane.lane_instance.genblk1.i_fpnew_divsqrt_multi.gen_input_pipeline[4]	1	1	1	1.00	1.00
tb.dut.clusters[0].cluster.sockets[0].socket.cores[0].core.execute.fpu_unit.genblk1[0].fpu_fpnew.genblk3[0].fpnew_core.gen_operation_groups[1].i_opgroup_block.gen_merged_slice.i_multifmt_slice.gen_num_lanes[0].active_lane.lane_instance.genblk1.i_fpnew_divsqrt_multi.gen_input_pipeline[5]	1	1	1	1.00	1.00
tb.dut.clusters[0].cluster.sockets[0].socket.cores[0].core.execute.fpu_unit.genblk1[0].fpu_fpnew.genblk3[0].fpnew_core.gen_operation_groups[1].i_opgroup_block.gen_merged_slice.i_multifmt_slice.gen_num_lanes[0].active_lane.lane_instance.genblk1.i_fpnew_divsqrt_multi.gen_input_pipeline[6]	1	1	1	1.00	1.00
tb.dut.clusters[0].cluster.sockets[0].socket.cores[0].core.execute.fpu_unit.genblk1[0].fpu_fpnew.genblk3[0].fpnew_core.gen_operation_groups[1].i_opgroup_block.gen_merged_slice.i_multifmt_slice.gen_num_lanes[0].active_lane.lane_instance.genblk1.i_fpnew_divsqrt_multi.gen_input_pipeline[7]	1	1	1	1.00	1.00
tb.dut.clusters[0].cluster.sockets[0].socket.cores[0].core.execute.fpu_unit.genblk1[0].fpu_fpnew.genblk3[0].fpnew_core.gen_operation_groups[1].i_opgroup_block.gen_merged_slice.i_multifmt_slice.gen_num_lanes[0].active_lane.lane_instance.genblk1.i_fpnew_divsqrt_multi.gen_output_pipeline[0]	1	1	1	1.00	1.00
tb.dut.clusters[0].cluster.sockets[0].socket.cores[0].core.execute.fpu_unit.genblk1[0].fpu_fpnew.genblk3[0].fpnew_core.gen_operation_groups[1].i_opgroup_block.gen_merged_slice.i_multifmt_slice.gen_num_lanes[0].active_lane.lane_instance.genblk1.i_fpnew_divsqrt_multi.gen_output_pipeline[1]	1	1	1	1.00	1.00
tb.dut.clusters[0].cluster.sockets[0].socket.cores[0].core.execute.fpu_unit.genblk1[0].fpu_fpnew.genblk3[0].fpnew_core.gen_operation_groups[1].i_opgroup_block.gen_merged_slice.i_multifmt_slice.gen_num_lanes[0].active_lane.lane_instance.genblk1.i_fpnew_divsqrt_multi.gen_output_pipeline[2]	1	1	1	1.00	1.00
tb.dut.clusters[0].cluster.sockets[0].socket.cores[0].core.execute.fpu_unit.genblk1[0].fpu_fpnew.genblk3[0].fpnew_core.gen_operation_groups[1].i_opgroup_block.gen_merged_slice.i_multifmt_slice.gen_num_lanes[0].active_lane.lane_instance.genblk1.i_fpnew_divsqrt_multi.gen_output_pipeline[3]	1	1	1	1.00	1.00
tb.dut.clusters[0].cluster.sockets[0].socket.cores[0].core.execute.fpu_unit.genblk1[0].fpu_fpnew.genblk3[0].fpnew_core.gen_operation_groups[1].i_opgroup_block.gen_merged_slice.i_multifmt_slice.gen_num_lanes[0].active_lane.lane_instance.genblk1.i_fpnew_divsqrt_multi.gen_output_pipeline[4]	1	1	1	1.00	1.00
tb.dut.clusters[0].cluster.sockets[0].socket.cores[0].core.execute.fpu_unit.genblk1[0].fpu_fpnew.genblk3[0].fpnew_core.gen_operation_groups[1].i_opgroup_block.gen_merged_slice.i_multifmt_slice.gen_num_lanes[0].active_lane.lane_instance.genblk1.i_fpnew_divsqrt_multi.gen_output_pipeline[5]	1	1	1	1.00	1.00
tb.dut.clusters[0].cluster.sockets[0].socket.cores[0].core.execute.fpu_unit.genblk1[0].fpu_fpnew.genblk3[0].fpnew_core.gen_operation_groups[1].i_opgroup_block.gen_merged_slice.i_multifmt_slice.gen_num_lanes[0].active_lane.lane_instance.genblk1.i_fpnew_divsqrt_multi.gen_output_pipeline[6]	1	1	1	1.00	1.00
tb.dut.clusters[0].cluster.sockets[0].socket.cores[0].core.execute.fpu_unit.genblk1[0].fpu_fpnew.genblk3[0].fpnew_core.gen_operation_groups[1].i_opgroup_block.gen_merged_slice.i_multifmt_slice.gen_num_lanes[0].active_lane.lane_instance.genblk1.i_fpnew_divsqrt_multi.gen_output_pipeline[7]	1	1	1	1.00	1.00
tb.dut.clusters[0].cluster.sockets[0].socket.cores[0].core.execute.fpu_unit.genblk1[0].fpu_fpnew.genblk3[0].fpnew_core.gen_operation_groups[1].i_opgroup_block.gen_merged_slice.i_multifmt_slice.gen_num_lanes[0].active_lane.lane_instance.genblk1.i_fpnew_divsqrt_multi.i_divsqrt_lei	512	12493	384	24.40	81.81
tb.dut.clusters[0].cluster.sockets[0].socket.cores[0].core.execute.fpu_unit.genblk1[0].fpu_fpnew.genblk3[0].fpnew_core.gen_operation_groups[1].i_opgroup_block.gen_merged_slice.i_multifmt_slice.gen_num_lanes[0].active_lane.lane_instance.genblk1.i_fpnew_divsqrt_multi.i_divsqrt_lei.fpu_norm_U0	49	752	64	15.35	46.22
tb.dut.clusters[0].cluster.sockets[0].socket.cores[0].core.execute.fpu_unit.genblk1[0].fpu_fpnew.genblk3[0].fpnew_core.gen_operation_groups[1].i_opgroup_block.gen_merged_slice.i_multifmt_slice.gen_num_lanes[0].active_lane.lane_instance.genblk1.i_fpnew_divsqrt_multi.i_divsqrt_lei.nrbd_nrsc_U0	326	8528	62	26.16	47.54
tb.dut.clusters[0].cluster.sockets[0].socket.cores[0].core.execute.fpu_unit.genblk1[0].fpu_fpnew.genblk3[0].fpnew_core.gen_operation_groups[1].i_opgroup_block.gen_merged_slice.i_multifmt_slice.gen_num_lanes[0].active_lane.lane_instance.genblk1.i_fpnew_divsqrt_multi.i_divsqrt_lei.nrbd_nrsc_U0.control_U0	299	8301	62	27.76	47.71
tb.dut.clusters[0].cluster.sockets[0].socket.cores[0].core.execute.fpu_unit.genblk1[0].fpu_fpnew.genblk3[0].fpnew_core.gen_operation_groups[1].i_opgroup_block.gen_merged_slice.i_multifmt_slice.gen_num_lanes[0].active_lane.lane_instance.genblk1.i_fpnew_divsqrt_multi.i_divsqrt_lei.nrbd_nrsc_U0.control_U0.genblk4[0]	13	217	58	16.69	51.29
tb.dut.clusters[0].cluster.sockets[0].socket.cores[0].core.execute.fpu_unit.genblk1[0].fpu_fpnew.genblk3[0].fpnew_core.gen_operation_groups[1].i_opgroup_block.gen_merged_slice.i_multifmt_slice.gen_num_lanes[0].active_lane.lane_instance.genblk1.i_fpnew_divsqrt_multi.i_divsqrt_lei.nrbd_nrsc_U0.control_U0.genblk4[0].iteration_div_sqrt	13	217	58	16.69	51.29
tb.dut.clusters[0].cluster.sockets[0].socket.cores[0].core.execute.fpu_unit.genblk1[0].fpu_fpnew.genblk3[0].fpnew_core.gen_operation_groups[1].i_opgroup_block.gen_merged_slice.i_multifmt_slice.gen_num_lanes[0].active_lane.lane_instance.genblk1.i_fpnew_divsqrt_multi.i_divsqrt_lei.nrbd_nrsc_U0.control_U0.genblk4[1]	13	217	58	16.69	51.29
tb.dut.clusters[0].cluster.sockets[0].socket.cores[0].core.execute.fpu_unit.genblk1[0].fpu_fpnew.genblk3[0].fpnew_core.gen_operation_groups[1].i_opgroup_block.gen_merged_slice.i_multifmt_slice.gen_num_lanes[0].active_lane.lane_instance.genblk1.i_fpnew_divsqrt_multi.i_divsqrt_lei.nrbd_nrsc_U0.control_U0.genblk4[1].iteration_div_sqrt	13	217	58	16.69	51.29
tb.dut.clusters[0].cluster.sockets[0].socket.cores[0].core.execute.fpu_unit.genblk1[0].fpu_fpnew.genblk3[0].fpnew_core.gen_operation_groups[1].i_opgroup_block.gen_merged_slice.i_multifmt_slice.gen_num_lanes[0].active_lane.lane_instance.genblk1.i_fpnew_divsqrt_multi.i_divsqrt_lei.nrbd_nrsc_U0.control_U0.genblk4[2]	13	217	58	16.69	51.29
tb.dut.clusters[0].cluster.sockets[0].socket.cores[0].core.execute.fpu_unit.genblk1[0].fpu_fpnew.genblk3[0].fpnew_core.gen_operation_groups[1].i_opgroup_block.gen_merged_slice.i_multifmt_slice.gen_num_lanes[0].active_lane.lane_instance.genblk1.i_fpnew_divsqrt_multi.i_divsqrt_lei.nrbd_nrsc_U0.control_U0.genblk4[2].iteration_div_sqrt	13	217	58	16.69	51.29
tb.dut.clusters[0].cluster.sockets[0].socket.cores[0].core.execute.fpu_unit.genblk1[0].fpu_fpnew.genblk3[0].fpnew_core.gen_operation_groups[1].i_opgroup_block.gen_merged_slice.i_multifmt_slice.gen_num_lanes[0].active_lane.lane_instance.genblk1.i_fpnew_divsqrt_multi.i_divsqrt_lei.preprocess_U0	98	2777	384	28.34	201.71
tb.dut.clusters[0].cluster.sockets[0].socket.cores[0].core.execute.fpu_unit.genblk1[0].fpu_fpnew.genblk3[0].fpnew_core.gen_operation_groups[1].i_opgroup_block.gen_merged_slice.i_multifmt_slice.gen_num_lanes[0].active_lane.lane_instance.genblk1.i_fpnew_divsqrt_multi.i_divsqrt_lei.preprocess_U0.LOD_Ua	11	976	384	88.73	267.83
tb.dut.clusters[0].cluster.sockets[0].socket.cores[0].core.execute.fpu_unit.genblk1[0].fpu_fpnew.genblk3[0].fpnew_core.gen_operation_groups[1].i_opgroup_block.gen_merged_slice.i_multifmt_slice.gen_num_lanes[0].active_lane.lane_instance.genblk1.i_fpnew_divsqrt_multi.i_divsqrt_lei.preprocess_U0.LOD_Ua.gen_lzc	5	851	384	170.20	301.42
tb.dut.clusters[0].cluster.sockets[0].socket.cores[0].core.execute.fpu_unit.genblk1[0].fpu_fpnew.genblk3[0].fpnew_core.gen_operation_groups[1].i_opgroup_block.gen_merged_slice.i_multifmt_slice.gen_num_lanes[0].active_lane.lane_instance.genblk1.i_fpnew_divsqrt_multi.i_divsqrt_lei.preprocess_U0.LOD_Ub	11	976	384	88.73	267.83
tb.dut.clusters[0].cluster.sockets[0].socket.cores[0].core.execute.fpu_unit.genblk1[0].fpu_fpnew.genblk3[0].fpnew_core.gen_operation_groups[1].i_opgroup_block.gen_merged_slice.i_multifmt_slice.gen_num_lanes[0].active_lane.lane_instance.genblk1.i_fpnew_divsqrt_multi.i_divsqrt_lei.preprocess_U0.LOD_Ub.gen_lzc	5	851	384	170.20	301.42
tb.dut.clusters[0].cluster.sockets[0].socket.cores[0].core.execute.fpu_unit.genblk1[0].fpu_fpnew.genblk3[0].fpnew_core.gen_operation_groups[1].i_opgroup_block.gen_merged_slice.i_multifmt_slice.gen_num_lanes[0].pack_fp_result[0]	1	32	32	32.00	32.00
tb.dut.clusters[0].cluster.sockets[0].socket.cores[0].core.execute.fpu_unit.genblk1[0].fpu_fpnew.genblk3[0].fpnew_core.gen_operation_groups[1].i_opgroup_block.gen_merged_slice.i_multifmt_slice.gen_num_lanes[0].pack_fp_result[1]	1	32	32	32.00	32.00
tb.dut.clusters[0].cluster.sockets[0].socket.cores[0].core.execute.fpu_unit.genblk1[0].fpu_fpnew.genblk3[0].fpnew_core.gen_operation_groups[1].i_opgroup_block.gen_merged_slice.i_multifmt_slice.gen_num_lanes[0].pack_fp_result[2]	1	32	32	32.00	32.00
tb.dut.clusters[0].cluster.sockets[0].socket.cores[0].core.execute.fpu_unit.genblk1[0].fpu_fpnew.genblk3[0].fpnew_core.gen_operation_groups[1].i_opgroup_block.gen_merged_slice.i_multifmt_slice.gen_num_lanes[0].pack_fp_result[3]	1	32	32	32.00	32.00
tb.dut.clusters[0].cluster.sockets[0].socket.cores[0].core.execute.fpu_unit.genblk1[0].fpu_fpnew.genblk3[0].fpnew_core.gen_operation_groups[1].i_opgroup_block.gen_merged_slice.i_multifmt_slice.gen_num_lanes[0].pack_fp_result[4]	1	32	32	32.00	32.00
tb.dut.clusters[0].cluster.sockets[0].socket.cores[0].core.execute.fpu_unit.genblk1[0].fpu_fpnew.genblk3[0].fpnew_core.gen_operation_groups[1].i_opgroup_block.gen_parallel_slices[0]	2	2	1	1.00	1.00
tb.dut.clusters[0].cluster.sockets[0].socket.cores[0].core.execute.fpu_unit.genblk1[0].fpu_fpnew.genblk3[0].fpnew_core.gen_operation_groups[1].i_opgroup_block.gen_parallel_slices[1]	2	2	1	1.00	1.00
tb.dut.clusters[0].cluster.sockets[0].socket.cores[0].core.execute.fpu_unit.genblk1[0].fpu_fpnew.genblk3[0].fpnew_core.gen_operation_groups[1].i_opgroup_block.gen_parallel_slices[2]	2	2	1	1.00	1.00
tb.dut.clusters[0].cluster.sockets[0].socket.cores[0].core.execute.fpu_unit.genblk1[0].fpu_fpnew.genblk3[0].fpnew_core.gen_operation_groups[1].i_opgroup_block.gen_parallel_slices[3]	2	2	1	1.00	1.00
tb.dut.clusters[0].cluster.sockets[0].socket.cores[0].core.execute.fpu_unit.genblk1[0].fpu_fpnew.genblk3[0].fpnew_core.gen_operation_groups[1].i_opgroup_block.gen_parallel_slices[4]	2	2	1	1.00	1.00
tb.dut.clusters[0].cluster.sockets[0].socket.cores[0].core.execute.fpu_unit.genblk1[0].fpu_fpnew.genblk3[0].fpnew_core.gen_operation_groups[1].i_opgroup_block.i_arbiter	75	1510	280	20.13	97.46
tb.dut.clusters[0].cluster.sockets[0].socket.cores[0].core.execute.fpu_unit.genblk1[0].fpu_fpnew.genblk3[0].fpnew_core.gen_operation_groups[1].i_opgroup_block.i_arbiter.gen_arbiter	58	1150	280	19.83	89.06
tb.dut.clusters[0].cluster.sockets[0].socket.cores[0].core.execute.fpu_unit.genblk1[0].fpu_fpnew.genblk3[0].fpnew_core.gen_operation_groups[1].i_opgroup_block.i_arbiter.gen_arbiter.gen_int_rr	30	340	32	11.33	23.78
tb.dut.clusters[0].cluster.sockets[0].socket.cores[0].core.execute.fpu_unit.genblk1[0].fpu_fpnew.genblk3[0].fpnew_core.gen_operation_groups[1].i_opgroup_block.i_arbiter.gen_arbiter.gen_int_rr.gen_fair_arb	29	337	32	11.62	23.96
tb.dut.clusters[0].cluster.sockets[0].socket.cores[0].core.execute.fpu_unit.genblk1[0].fpu_fpnew.genblk3[0].fpnew_core.gen_operation_groups[1].i_opgroup_block.i_arbiter.gen_arbiter.gen_int_rr.gen_fair_arb.i_lzc_lower	11	158	32	14.36	25.30
tb.dut.clusters[0].cluster.sockets[0].socket.cores[0].core.execute.fpu_unit.genblk1[0].fpu_fpnew.genblk3[0].fpnew_core.gen_operation_groups[1].i_opgroup_block.i_arbiter.gen_arbiter.gen_int_rr.gen_fair_arb.i_lzc_lower.gen_lzc	5	84	32	16.80	22.79
tb.dut.clusters[0].cluster.sockets[0].socket.cores[0].core.execute.fpu_unit.genblk1[0].fpu_fpnew.genblk3[0].fpnew_core.gen_operation_groups[1].i_opgroup_block.i_arbiter.gen_arbiter.gen_int_rr.gen_fair_arb.i_lzc_upper	11	158	32	14.36	25.30
tb.dut.clusters[0].cluster.sockets[0].socket.cores[0].core.execute.fpu_unit.genblk1[0].fpu_fpnew.genblk3[0].fpnew_core.gen_operation_groups[1].i_opgroup_block.i_arbiter.gen_arbiter.gen_int_rr.gen_fair_arb.i_lzc_upper.gen_lzc	5	84	32	16.80	22.79
tb.dut.clusters[0].cluster.sockets[0].socket.cores[0].core.execute.fpu_unit.genblk1[0].fpu_fpnew.genblk3[0].fpnew_core.gen_operation_groups[1].i_opgroup_block.i_arbiter.gen_arbiter.gen_levels[0]	3	65	32	21.67	31.52
tb.dut.clusters[0].cluster.sockets[0].socket.cores[0].core.execute.fpu_unit.genblk1[0].fpu_fpnew.genblk3[0].fpnew_core.gen_operation_groups[1].i_opgroup_block.i_arbiter.gen_arbiter.gen_levels[0].gen_level[0]	3	65	32	21.67	31.52
tb.dut.clusters[0].cluster.sockets[0].socket.cores[0].core.execute.fpu_unit.genblk1[0].fpu_fpnew.genblk3[0].fpnew_core.gen_operation_groups[1].i_opgroup_block.i_arbiter.gen_arbiter.gen_levels[1]	6	130	32	21.67	31.52
tb.dut.clusters[0].cluster.sockets[0].socket.cores[0].core.execute.fpu_unit.genblk1[0].fpu_fpnew.genblk3[0].fpnew_core.gen_operation_groups[1].i_opgroup_block.i_arbiter.gen_arbiter.gen_levels[1].gen_level[0]	3	65	32	21.67	31.52
tb.dut.clusters[0].cluster.sockets[0].socket.cores[0].core.execute.fpu_unit.genblk1[0].fpu_fpnew.genblk3[0].fpnew_core.gen_operation_groups[1].i_opgroup_block.i_arbiter.gen_arbiter.gen_levels[1].gen_level[1]	3	65	32	21.67	31.52
tb.dut.clusters[0].cluster.sockets[0].socket.cores[0].core.execute.fpu_unit.genblk1[0].fpu_fpnew.genblk3[0].fpnew_core.gen_operation_groups[1].i_opgroup_block.i_arbiter.gen_arbiter.gen_levels[2]	12	260	32	21.67	31.52
tb.dut.clusters[0].cluster.sockets[0].socket.cores[0].core.execute.fpu_unit.genblk1[0].fpu_fpnew.genblk3[0].fpnew_core.gen_operation_groups[1].i_opgroup_block.i_arbiter.gen_arbiter.gen_levels[2].gen_level[0]	3	65	32	21.67	31.52
tb.dut.clusters[0].cluster.sockets[0].socket.cores[0].core.execute.fpu_unit.genblk1[0].fpu_fpnew.genblk3[0].fpnew_core.gen_operation_groups[1].i_opgroup_block.i_arbiter.gen_arbiter.gen_levels[2].gen_level[1]	3	65	32	21.67	31.52
tb.dut.clusters[0].cluster.sockets[0].socket.cores[0].core.execute.fpu_unit.genblk1[0].fpu_fpnew.genblk3[0].fpnew_core.gen_operation_groups[1].i_opgroup_block.i_arbiter.gen_arbiter.gen_levels[2].gen_level[2]	3	65	32	21.67	31.52
tb.dut.clusters[0].cluster.sockets[0].socket.cores[0].core.execute.fpu_unit.genblk1[0].fpu_fpnew.genblk3[0].fpnew_core.gen_operation_groups[1].i_opgroup_block.i_arbiter.gen_arbiter.gen_levels[2].gen_level[3]	3	65	32	21.67	31.52
tb.dut.clusters[0].cluster.sockets[0].socket.cores[0].core.execute.fpu_unit.genblk1[0].fpu_fpnew.genblk3[0].fpnew_core.gen_operation_groups[2]	300	4265	280	14.22	71.04
tb.dut.clusters[0].cluster.sockets[0].socket.cores[0].core.execute.fpu_unit.genblk1[0].fpu_fpnew.genblk3[0].fpnew_core.gen_operation_groups[2].i_opgroup_block	297	4222	280	14.22	71.50
tb.dut.clusters[0].cluster.sockets[0].socket.cores[0].core.execute.fpu_unit.genblk1[0].fpu_fpnew.genblk3[0].fpnew_core.gen_operation_groups[2].i_opgroup_block.gen_parallel_slices[0]	173	1958	128	11.32	39.23
tb.dut.clusters[0].cluster.sockets[0].socket.cores[0].core.execute.fpu_unit.genblk1[0].fpu_fpnew.genblk3[0].fpnew_core.gen_operation_groups[2].i_opgroup_block.gen_parallel_slices[0].active_format	171	1956	128	11.44	39.27
tb.dut.clusters[0].cluster.sockets[0].socket.cores[0].core.execute.fpu_unit.genblk1[0].fpu_fpnew.genblk3[0].fpnew_core.gen_operation_groups[2].i_opgroup_block.gen_parallel_slices[0].active_format.i_fmt_slice	168	1922	128	11.44	39.43
tb.dut.clusters[0].cluster.sockets[0].socket.cores[0].core.execute.fpu_unit.genblk1[0].fpu_fpnew.genblk3[0].fpnew_core.gen_operation_groups[2].i_opgroup_block.gen_parallel_slices[0].active_format.i_fmt_slice.gen_num_lanes[0]	117	1343	128	11.48	42.53
tb.dut.clusters[0].cluster.sockets[0].socket.cores[0].core.execute.fpu_unit.genblk1[0].fpu_fpnew.genblk3[0].fpnew_core.gen_operation_groups[2].i_opgroup_block.gen_parallel_slices[0].active_format.i_fmt_slice.gen_num_lanes[0].active_lane	115	1310	128	11.39	42.82
tb.dut.clusters[0].cluster.sockets[0].socket.cores[0].core.execute.fpu_unit.genblk1[0].fpu_fpnew.genblk3[0].fpnew_core.gen_operation_groups[2].i_opgroup_block.gen_parallel_slices[0].active_format.i_fmt_slice.gen_num_lanes[0].active_lane.lane_instance	109	1206	128	11.06	42.24
tb.dut.clusters[0].cluster.sockets[0].socket.cores[0].core.execute.fpu_unit.genblk1[0].fpu_fpnew.genblk3[0].fpnew_core.gen_operation_groups[2].i_opgroup_block.gen_parallel_slices[0].active_format.i_fmt_slice.gen_num_lanes[0].active_lane.lane_instance.i_noncomp	109	1206	128	11.06	42.24
tb.dut.clusters[0].cluster.sockets[0].socket.cores[0].core.execute.fpu_unit.genblk1[0].fpu_fpnew.genblk3[0].fpnew_core.gen_operation_groups[2].i_opgroup_block.gen_parallel_slices[0].active_format.i_fmt_slice.gen_num_lanes[0].active_lane.lane_instance.i_noncomp.gen_input_pipeline[0]	1	1	1	1.00	1.00
tb.dut.clusters[0].cluster.sockets[0].socket.cores[0].core.execute.fpu_unit.genblk1[0].fpu_fpnew.genblk3[0].fpnew_core.gen_operation_groups[2].i_opgroup_block.gen_parallel_slices[0].active_format.i_fmt_slice.gen_num_lanes[0].active_lane.lane_instance.i_noncomp.gen_output_pipeline[0]	1	1	1	1.00	1.00
tb.dut.clusters[0].cluster.sockets[0].socket.cores[0].core.execute.fpu_unit.genblk1[0].fpu_fpnew.genblk3[0].fpnew_core.gen_operation_groups[2].i_opgroup_block.gen_parallel_slices[0].active_format.i_fmt_slice.gen_num_lanes[0].active_lane.lane_instance.i_noncomp.i_class_a	26	293	64	11.27	35.92
tb.dut.clusters[0].cluster.sockets[0].socket.cores[0].core.execute.fpu_unit.genblk1[0].fpu_fpnew.genblk3[0].fpnew_core.gen_operation_groups[2].i_opgroup_block.gen_parallel_slices[0].active_format.i_fmt_slice.gen_num_lanes[0].active_lane.lane_instance.i_noncomp.i_class_a.gen_num_values[0]	9	40	32	4.44	25.80
tb.dut.clusters[0].cluster.sockets[0].socket.cores[0].core.execute.fpu_unit.genblk1[0].fpu_fpnew.genblk3[0].fpnew_core.gen_operation_groups[2].i_opgroup_block.gen_parallel_slices[0].active_format.i_fmt_slice.gen_num_lanes[0].active_lane.lane_instance.i_noncomp.i_class_a.gen_num_values[1]	9	40	32	4.44	25.80
tb.dut.clusters[0].cluster.sockets[0].socket.cores[0].core.execute.fpu_unit.genblk1[0].fpu_fpnew.genblk3[0].fpnew_core.gen_operation_groups[2].i_opgroup_block.gen_parallel_slices[0].active_format.i_fmt_slice.gen_num_lanes[0].active_lane.lane_instance.i_noncomp.sign_injections	2	2	1	1.00	1.00
tb.dut.clusters[0].cluster.sockets[0].socket.cores[0].core.execute.fpu_unit.genblk1[0].fpu_fpnew.genblk3[0].fpnew_core.gen_operation_groups[2].i_opgroup_block.gen_parallel_slices[1]	2	2	1	1.00	1.00
tb.dut.clusters[0].cluster.sockets[0].socket.cores[0].core.execute.fpu_unit.genblk1[0].fpu_fpnew.genblk3[0].fpnew_core.gen_operation_groups[2].i_opgroup_block.gen_parallel_slices[2]	2	2	1	1.00	1.00
tb.dut.clusters[0].cluster.sockets[0].socket.cores[0].core.execute.fpu_unit.genblk1[0].fpu_fpnew.genblk3[0].fpnew_core.gen_operation_groups[2].i_opgroup_block.gen_parallel_slices[3]	2	2	1	1.00	1.00
tb.dut.clusters[0].cluster.sockets[0].socket.cores[0].core.execute.fpu_unit.genblk1[0].fpu_fpnew.genblk3[0].fpnew_core.gen_operation_groups[2].i_opgroup_block.gen_parallel_slices[4]	2	2	1	1.00	1.00
tb.dut.clusters[0].cluster.sockets[0].socket.cores[0].core.execute.fpu_unit.genblk1[0].fpu_fpnew.genblk3[0].fpnew_core.gen_operation_groups[2].i_opgroup_block.i_arbiter	75	1510	280	20.13	97.46
tb.dut.clusters[0].cluster.sockets[0].socket.cores[0].core.execute.fpu_unit.genblk1[0].fpu_fpnew.genblk3[0].fpnew_core.gen_operation_groups[2].i_opgroup_block.i_arbiter.gen_arbiter	58	1150	280	19.83	89.06
tb.dut.clusters[0].cluster.sockets[0].socket.cores[0].core.execute.fpu_unit.genblk1[0].fpu_fpnew.genblk3[0].fpnew_core.gen_operation_groups[2].i_opgroup_block.i_arbiter.gen_arbiter.gen_int_rr	30	340	32	11.33	23.78
tb.dut.clusters[0].cluster.sockets[0].socket.cores[0].core.execute.fpu_unit.genblk1[0].fpu_fpnew.genblk3[0].fpnew_core.gen_operation_groups[2].i_opgroup_block.i_arbiter.gen_arbiter.gen_int_rr.gen_fair_arb	29	337	32	11.62	23.96
tb.dut.clusters[0].cluster.sockets[0].socket.cores[0].core.execute.fpu_unit.genblk1[0].fpu_fpnew.genblk3[0].fpnew_core.gen_operation_groups[2].i_opgroup_block.i_arbiter.gen_arbiter.gen_int_rr.gen_fair_arb.i_lzc_lower	11	158	32	14.36	25.30
tb.dut.clusters[0].cluster.sockets[0].socket.cores[0].core.execute.fpu_unit.genblk1[0].fpu_fpnew.genblk3[0].fpnew_core.gen_operation_groups[2].i_opgroup_block.i_arbiter.gen_arbiter.gen_int_rr.gen_fair_arb.i_lzc_lower.gen_lzc	5	84	32	16.80	22.79
tb.dut.clusters[0].cluster.sockets[0].socket.cores[0].core.execute.fpu_unit.genblk1[0].fpu_fpnew.genblk3[0].fpnew_core.gen_operation_groups[2].i_opgroup_block.i_arbiter.gen_arbiter.gen_int_rr.gen_fair_arb.i_lzc_upper	11	158	32	14.36	25.30
tb.dut.clusters[0].cluster.sockets[0].socket.cores[0].core.execute.fpu_unit.genblk1[0].fpu_fpnew.genblk3[0].fpnew_core.gen_operation_groups[2].i_opgroup_block.i_arbiter.gen_arbiter.gen_int_rr.gen_fair_arb.i_lzc_upper.gen_lzc	5	84	32	16.80	22.79
tb.dut.clusters[0].cluster.sockets[0].socket.cores[0].core.execute.fpu_unit.genblk1[0].fpu_fpnew.genblk3[0].fpnew_core.gen_operation_groups[2].i_opgroup_block.i_arbiter.gen_arbiter.gen_levels[0]	3	65	32	21.67	31.52
tb.dut.clusters[0].cluster.sockets[0].socket.cores[0].core.execute.fpu_unit.genblk1[0].fpu_fpnew.genblk3[0].fpnew_core.gen_operation_groups[2].i_opgroup_block.i_arbiter.gen_arbiter.gen_levels[0].gen_level[0]	3	65	32	21.67	31.52
tb.dut.clusters[0].cluster.sockets[0].socket.cores[0].core.execute.fpu_unit.genblk1[0].fpu_fpnew.genblk3[0].fpnew_core.gen_operation_groups[2].i_opgroup_block.i_arbiter.gen_arbiter.gen_levels[1]	6	130	32	21.67	31.52
tb.dut.clusters[0].cluster.sockets[0].socket.cores[0].core.execute.fpu_unit.genblk1[0].fpu_fpnew.genblk3[0].fpnew_core.gen_operation_groups[2].i_opgroup_block.i_arbiter.gen_arbiter.gen_levels[1].gen_level[0]	3	65	32	21.67	31.52
tb.dut.clusters[0].cluster.sockets[0].socket.cores[0].core.execute.fpu_unit.genblk1[0].fpu_fpnew.genblk3[0].fpnew_core.gen_operation_groups[2].i_opgroup_block.i_arbiter.gen_arbiter.gen_levels[1].gen_level[1]	3	65	32	21.67	31.52
tb.dut.clusters[0].cluster.sockets[0].socket.cores[0].core.execute.fpu_unit.genblk1[0].fpu_fpnew.genblk3[0].fpnew_core.gen_operation_groups[2].i_opgroup_block.i_arbiter.gen_arbiter.gen_levels[2]	12	260	32	21.67	31.52
tb.dut.clusters[0].cluster.sockets[0].socket.cores[0].core.execute.fpu_unit.genblk1[0].fpu_fpnew.genblk3[0].fpnew_core.gen_operation_groups[2].i_opgroup_block.i_arbiter.gen_arbiter.gen_levels[2].gen_level[0]	3	65	32	21.67	31.52
tb.dut.clusters[0].cluster.sockets[0].socket.cores[0].core.execute.fpu_unit.genblk1[0].fpu_fpnew.genblk3[0].fpnew_core.gen_operation_groups[2].i_opgroup_block.i_arbiter.gen_arbiter.gen_levels[2].gen_level[1]	3	65	32	21.67	31.52
tb.dut.clusters[0].cluster.sockets[0].socket.cores[0].core.execute.fpu_unit.genblk1[0].fpu_fpnew.genblk3[0].fpnew_core.gen_operation_groups[2].i_opgroup_block.i_arbiter.gen_arbiter.gen_levels[2].gen_level[2]	3	65	32	21.67	31.52
tb.dut.clusters[0].cluster.sockets[0].socket.cores[0].core.execute.fpu_unit.genblk1[0].fpu_fpnew.genblk3[0].fpnew_core.gen_operation_groups[2].i_opgroup_block.i_arbiter.gen_arbiter.gen_levels[2].gen_level[3]	3	65	32	21.67	31.52
tb.dut.clusters[0].cluster.sockets[0].socket.cores[0].core.execute.fpu_unit.genblk1[0].fpu_fpnew.genblk3[0].fpnew_core.gen_operation_groups[3]	545	11074	280	20.32	67.56
tb.dut.clusters[0].cluster.sockets[0].socket.cores[0].core.execute.fpu_unit.genblk1[0].fpu_fpnew.genblk3[0].fpnew_core.gen_operation_groups[3].i_opgroup_block	542	11026	280	20.34	67.75
tb.dut.clusters[0].cluster.sockets[0].socket.cores[0].core.execute.fpu_unit.genblk1[0].fpu_fpnew.genblk3[0].fpnew_core.gen_operation_groups[3].i_opgroup_block.gen_merged_slice	416	8723	192	20.97	59.23
tb.dut.clusters[0].cluster.sockets[0].socket.cores[0].core.execute.fpu_unit.genblk1[0].fpu_fpnew.genblk3[0].fpnew_core.gen_operation_groups[3].i_opgroup_block.gen_merged_slice.i_multifmt_slice	413	8687	192	21.03	59.35
tb.dut.clusters[0].cluster.sockets[0].socket.cores[0].core.execute.fpu_unit.genblk1[0].fpu_fpnew.genblk3[0].fpnew_core.gen_operation_groups[3].i_opgroup_block.gen_merged_slice.i_multifmt_slice.extend_fp_result[0]	1	32	32	32.00	32.00
tb.dut.clusters[0].cluster.sockets[0].socket.cores[0].core.execute.fpu_unit.genblk1[0].fpu_fpnew.genblk3[0].fpnew_core.gen_operation_groups[3].i_opgroup_block.gen_merged_slice.i_multifmt_slice.extend_fp_result[1]	1	32	32	32.00	32.00
tb.dut.clusters[0].cluster.sockets[0].socket.cores[0].core.execute.fpu_unit.genblk1[0].fpu_fpnew.genblk3[0].fpnew_core.gen_operation_groups[3].i_opgroup_block.gen_merged_slice.i_multifmt_slice.extend_fp_result[2]	1	32	32	32.00	32.00
tb.dut.clusters[0].cluster.sockets[0].socket.cores[0].core.execute.fpu_unit.genblk1[0].fpu_fpnew.genblk3[0].fpnew_core.gen_operation_groups[3].i_opgroup_block.gen_merged_slice.i_multifmt_slice.extend_fp_result[3]	1	32	32	32.00	32.00
tb.dut.clusters[0].cluster.sockets[0].socket.cores[0].core.execute.fpu_unit.genblk1[0].fpu_fpnew.genblk3[0].fpnew_core.gen_operation_groups[3].i_opgroup_block.gen_merged_slice.i_multifmt_slice.extend_fp_result[4]	1	32	32	32.00	32.00
tb.dut.clusters[0].cluster.sockets[0].socket.cores[0].core.execute.fpu_unit.genblk1[0].fpu_fpnew.genblk3[0].fpnew_core.gen_operation_groups[3].i_opgroup_block.gen_merged_slice.i_multifmt_slice.extend_or_mute_int_result[0]	1	32	32	32.00	32.00
tb.dut.clusters[0].cluster.sockets[0].socket.cores[0].core.execute.fpu_unit.genblk1[0].fpu_fpnew.genblk3[0].fpnew_core.gen_operation_groups[3].i_opgroup_block.gen_merged_slice.i_multifmt_slice.extend_or_mute_int_result[0].extend_int_result	1	32	32	32.00	32.00
tb.dut.clusters[0].cluster.sockets[0].socket.cores[0].core.execute.fpu_unit.genblk1[0].fpu_fpnew.genblk3[0].fpnew_core.gen_operation_groups[3].i_opgroup_block.gen_merged_slice.i_multifmt_slice.extend_or_mute_int_result[1]	1	32	32	32.00	32.00
tb.dut.clusters[0].cluster.sockets[0].socket.cores[0].core.execute.fpu_unit.genblk1[0].fpu_fpnew.genblk3[0].fpnew_core.gen_operation_groups[3].i_opgroup_block.gen_merged_slice.i_multifmt_slice.extend_or_mute_int_result[1].extend_int_result	1	32	32	32.00	32.00
tb.dut.clusters[0].cluster.sockets[0].socket.cores[0].core.execute.fpu_unit.genblk1[0].fpu_fpnew.genblk3[0].fpnew_core.gen_operation_groups[3].i_opgroup_block.gen_merged_slice.i_multifmt_slice.extend_or_mute_int_result[2]	1	32	32	32.00	32.00
tb.dut.clusters[0].cluster.sockets[0].socket.cores[0].core.execute.fpu_unit.genblk1[0].fpu_fpnew.genblk3[0].fpnew_core.gen_operation_groups[3].i_opgroup_block.gen_merged_slice.i_multifmt_slice.extend_or_mute_int_result[2].extend_int_result	1	32	32	32.00	32.00
tb.dut.clusters[0].cluster.sockets[0].socket.cores[0].core.execute.fpu_unit.genblk1[0].fpu_fpnew.genblk3[0].fpnew_core.gen_operation_groups[3].i_opgroup_block.gen_merged_slice.i_multifmt_slice.extend_or_mute_int_result[3]	1	32	32	32.00	32.00
tb.dut.clusters[0].cluster.sockets[0].socket.cores[0].core.execute.fpu_unit.genblk1[0].fpu_fpnew.genblk3[0].fpnew_core.gen_operation_groups[3].i_opgroup_block.gen_merged_slice.i_multifmt_slice.extend_or_mute_int_result[3].extend_int_result	1	32	32	32.00	32.00
tb.dut.clusters[0].cluster.sockets[0].socket.cores[0].core.execute.fpu_unit.genblk1[0].fpu_fpnew.genblk3[0].fpnew_core.gen_operation_groups[3].i_opgroup_block.gen_merged_slice.i_multifmt_slice.gen_num_lanes[0]	321	7175	160	22.35	56.02
tb.dut.clusters[0].cluster.sockets[0].socket.cores[0].core.execute.fpu_unit.genblk1[0].fpu_fpnew.genblk3[0].fpnew_core.gen_operation_groups[3].i_opgroup_block.gen_merged_slice.i_multifmt_slice.gen_num_lanes[0].active_lane	302	6704	160	22.20	57.80
tb.dut.clusters[0].cluster.sockets[0].socket.cores[0].core.execute.fpu_unit.genblk1[0].fpu_fpnew.genblk3[0].fpnew_core.gen_operation_groups[3].i_opgroup_block.gen_merged_slice.i_multifmt_slice.gen_num_lanes[0].active_lane.lane_instance	296	6568	160	22.19	57.43
tb.dut.clusters[0].cluster.sockets[0].socket.cores[0].core.execute.fpu_unit.genblk1[0].fpu_fpnew.genblk3[0].fpnew_core.gen_operation_groups[3].i_opgroup_block.gen_merged_slice.i_multifmt_slice.gen_num_lanes[0].active_lane.lane_instance.i_fpnew_cast_multi	296	6568	160	22.19	57.43
tb.dut.clusters[0].cluster.sockets[0].socket.cores[0].core.execute.fpu_unit.genblk1[0].fpu_fpnew.genblk3[0].fpnew_core.gen_operation_groups[3].i_opgroup_block.gen_merged_slice.i_multifmt_slice.gen_num_lanes[0].active_lane.lane_instance.i_fpnew_cast_multi.fmt_init_inputs[0]	20	308	32	15.40	30.19
tb.dut.clusters[0].cluster.sockets[0].socket.cores[0].core.execute.fpu_unit.genblk1[0].fpu_fpnew.genblk3[0].fpnew_core.gen_operation_groups[3].i_opgroup_block.gen_merged_slice.i_multifmt_slice.gen_num_lanes[0].active_lane.lane_instance.i_fpnew_cast_multi.fmt_init_inputs[0].active_format	17	212	32	12.47	29.37
tb.dut.clusters[0].cluster.sockets[0].socket.cores[0].core.execute.fpu_unit.genblk1[0].fpu_fpnew.genblk3[0].fpnew_core.gen_operation_groups[3].i_opgroup_block.gen_merged_slice.i_multifmt_slice.gen_num_lanes[0].active_lane.lane_instance.i_fpnew_cast_multi.fmt_init_inputs[0].active_format.i_fpnew_classifier	17	212	32	12.47	29.37
tb.dut.clusters[0].cluster.sockets[0].socket.cores[0].core.execute.fpu_unit.genblk1[0].fpu_fpnew.genblk3[0].fpnew_core.gen_operation_groups[3].i_opgroup_block.gen_merged_slice.i_multifmt_slice.gen_num_lanes[0].active_lane.lane_instance.i_fpnew_cast_multi.fmt_init_inputs[0].active_format.i_fpnew_classifier.gen_num_values[0]	9	40	32	4.44	25.80
tb.dut.clusters[0].cluster.sockets[0].socket.cores[0].core.execute.fpu_unit.genblk1[0].fpu_fpnew.genblk3[0].fpnew_core.gen_operation_groups[3].i_opgroup_block.gen_merged_slice.i_multifmt_slice.gen_num_lanes[0].active_lane.lane_instance.i_fpnew_cast_multi.fmt_init_inputs[1]	3	96	32	32.00	32.00
tb.dut.clusters[0].cluster.sockets[0].socket.cores[0].core.execute.fpu_unit.genblk1[0].fpu_fpnew.genblk3[0].fpnew_core.gen_operation_groups[3].i_opgroup_block.gen_merged_slice.i_multifmt_slice.gen_num_lanes[0].active_lane.lane_instance.i_fpnew_cast_multi.fmt_init_inputs[2]	3	96	32	32.00	32.00
tb.dut.clusters[0].cluster.sockets[0].socket.cores[0].core.execute.fpu_unit.genblk1[0].fpu_fpnew.genblk3[0].fpnew_core.gen_operation_groups[3].i_opgroup_block.gen_merged_slice.i_multifmt_slice.gen_num_lanes[0].active_lane.lane_instance.i_fpnew_cast_multi.fmt_init_inputs[3]	3	96	32	32.00	32.00
tb.dut.clusters[0].cluster.sockets[0].socket.cores[0].core.execute.fpu_unit.genblk1[0].fpu_fpnew.genblk3[0].fpnew_core.gen_operation_groups[3].i_opgroup_block.gen_merged_slice.i_multifmt_slice.gen_num_lanes[0].active_lane.lane_instance.i_fpnew_cast_multi.fmt_init_inputs[4]	3	96	32	32.00	32.00
tb.dut.clusters[0].cluster.sockets[0].socket.cores[0].core.execute.fpu_unit.genblk1[0].fpu_fpnew.genblk3[0].fpnew_core.gen_operation_groups[3].i_opgroup_block.gen_merged_slice.i_multifmt_slice.gen_num_lanes[0].active_lane.lane_instance.i_fpnew_cast_multi.gen_input_pipeline[0]	1	1	1	1.00	1.00
tb.dut.clusters[0].cluster.sockets[0].socket.cores[0].core.execute.fpu_unit.genblk1[0].fpu_fpnew.genblk3[0].fpnew_core.gen_operation_groups[3].i_opgroup_block.gen_merged_slice.i_multifmt_slice.gen_num_lanes[0].active_lane.lane_instance.i_fpnew_cast_multi.gen_input_pipeline[1]	1	1	1	1.00	1.00
tb.dut.clusters[0].cluster.sockets[0].socket.cores[0].core.execute.fpu_unit.genblk1[0].fpu_fpnew.genblk3[0].fpnew_core.gen_operation_groups[3].i_opgroup_block.gen_merged_slice.i_multifmt_slice.gen_num_lanes[0].active_lane.lane_instance.i_fpnew_cast_multi.gen_inside_pipeline[0]	1	1	1	1.00	1.00
tb.dut.clusters[0].cluster.sockets[0].socket.cores[0].core.execute.fpu_unit.genblk1[0].fpu_fpnew.genblk3[0].fpnew_core.gen_operation_groups[3].i_opgroup_block.gen_merged_slice.i_multifmt_slice.gen_num_lanes[0].active_lane.lane_instance.i_fpnew_cast_multi.gen_inside_pipeline[1]	1	1	1	1.00	1.00
tb.dut.clusters[0].cluster.sockets[0].socket.cores[0].core.execute.fpu_unit.genblk1[0].fpu_fpnew.genblk3[0].fpnew_core.gen_operation_groups[3].i_opgroup_block.gen_merged_slice.i_multifmt_slice.gen_num_lanes[0].active_lane.lane_instance.i_fpnew_cast_multi.gen_int_overflow[0]	1	32	32	32.00	32.00
tb.dut.clusters[0].cluster.sockets[0].socket.cores[0].core.execute.fpu_unit.genblk1[0].fpu_fpnew.genblk3[0].fpnew_core.gen_operation_groups[3].i_opgroup_block.gen_merged_slice.i_multifmt_slice.gen_num_lanes[0].active_lane.lane_instance.i_fpnew_cast_multi.gen_int_overflow[1]	1	32	32	32.00	32.00
tb.dut.clusters[0].cluster.sockets[0].socket.cores[0].core.execute.fpu_unit.genblk1[0].fpu_fpnew.genblk3[0].fpnew_core.gen_operation_groups[3].i_opgroup_block.gen_merged_slice.i_multifmt_slice.gen_num_lanes[0].active_lane.lane_instance.i_fpnew_cast_multi.gen_int_overflow[2]	1	32	32	32.00	32.00
tb.dut.clusters[0].cluster.sockets[0].socket.cores[0].core.execute.fpu_unit.genblk1[0].fpu_fpnew.genblk3[0].fpnew_core.gen_operation_groups[3].i_opgroup_block.gen_merged_slice.i_multifmt_slice.gen_num_lanes[0].active_lane.lane_instance.i_fpnew_cast_multi.gen_int_overflow[3]	1	32	32	32.00	32.00
tb.dut.clusters[0].cluster.sockets[0].socket.cores[0].core.execute.fpu_unit.genblk1[0].fpu_fpnew.genblk3[0].fpnew_core.gen_operation_groups[3].i_opgroup_block.gen_merged_slice.i_multifmt_slice.gen_num_lanes[0].active_lane.lane_instance.i_fpnew_cast_multi.gen_int_res_sign_ext[0]	1	32	32	32.00	32.00
tb.dut.clusters[0].cluster.sockets[0].socket.cores[0].core.execute.fpu_unit.genblk1[0].fpu_fpnew.genblk3[0].fpnew_core.gen_operation_groups[3].i_opgroup_block.gen_merged_slice.i_multifmt_slice.gen_num_lanes[0].active_lane.lane_instance.i_fpnew_cast_multi.gen_int_res_sign_ext[1]	1	32	32	32.00	32.00
tb.dut.clusters[0].cluster.sockets[0].socket.cores[0].core.execute.fpu_unit.genblk1[0].fpu_fpnew.genblk3[0].fpnew_core.gen_operation_groups[3].i_opgroup_block.gen_merged_slice.i_multifmt_slice.gen_num_lanes[0].active_lane.lane_instance.i_fpnew_cast_multi.gen_int_res_sign_ext[2]	1	32	32	32.00	32.00
tb.dut.clusters[0].cluster.sockets[0].socket.cores[0].core.execute.fpu_unit.genblk1[0].fpu_fpnew.genblk3[0].fpnew_core.gen_operation_groups[3].i_opgroup_block.gen_merged_slice.i_multifmt_slice.gen_num_lanes[0].active_lane.lane_instance.i_fpnew_cast_multi.gen_int_res_sign_ext[3]	1	32	32	32.00	32.00
tb.dut.clusters[0].cluster.sockets[0].socket.cores[0].core.execute.fpu_unit.genblk1[0].fpu_fpnew.genblk3[0].fpnew_core.gen_operation_groups[3].i_opgroup_block.gen_merged_slice.i_multifmt_slice.gen_num_lanes[0].active_lane.lane_instance.i_fpnew_cast_multi.gen_output_pipeline[0]	1	1	1	1.00	1.00
tb.dut.clusters[0].cluster.sockets[0].socket.cores[0].core.execute.fpu_unit.genblk1[0].fpu_fpnew.genblk3[0].fpnew_core.gen_operation_groups[3].i_opgroup_block.gen_merged_slice.i_multifmt_slice.gen_num_lanes[0].active_lane.lane_instance.i_fpnew_cast_multi.gen_res_assemble[0]	2	64	32	32.00	32.00
tb.dut.clusters[0].cluster.sockets[0].socket.cores[0].core.execute.fpu_unit.genblk1[0].fpu_fpnew.genblk3[0].fpnew_core.gen_operation_groups[3].i_opgroup_block.gen_merged_slice.i_multifmt_slice.gen_num_lanes[0].active_lane.lane_instance.i_fpnew_cast_multi.gen_res_assemble[1]	2	64	32	32.00	32.00
tb.dut.clusters[0].cluster.sockets[0].socket.cores[0].core.execute.fpu_unit.genblk1[0].fpu_fpnew.genblk3[0].fpnew_core.gen_operation_groups[3].i_opgroup_block.gen_merged_slice.i_multifmt_slice.gen_num_lanes[0].active_lane.lane_instance.i_fpnew_cast_multi.gen_res_assemble[2]	2	64	32	32.00	32.00
tb.dut.clusters[0].cluster.sockets[0].socket.cores[0].core.execute.fpu_unit.genblk1[0].fpu_fpnew.genblk3[0].fpnew_core.gen_operation_groups[3].i_opgroup_block.gen_merged_slice.i_multifmt_slice.gen_num_lanes[0].active_lane.lane_instance.i_fpnew_cast_multi.gen_res_assemble[3]	2	64	32	32.00	32.00
tb.dut.clusters[0].cluster.sockets[0].socket.cores[0].core.execute.fpu_unit.genblk1[0].fpu_fpnew.genblk3[0].fpnew_core.gen_operation_groups[3].i_opgroup_block.gen_merged_slice.i_multifmt_slice.gen_num_lanes[0].active_lane.lane_instance.i_fpnew_cast_multi.gen_res_assemble[4]	2	64	32	32.00	32.00
tb.dut.clusters[0].cluster.sockets[0].socket.cores[0].core.execute.fpu_unit.genblk1[0].fpu_fpnew.genblk3[0].fpnew_core.gen_operation_groups[3].i_opgroup_block.gen_merged_slice.i_multifmt_slice.gen_num_lanes[0].active_lane.lane_instance.i_fpnew_cast_multi.gen_sign_extend_int[0]	1	32	32	32.00	32.00
tb.dut.clusters[0].cluster.sockets[0].socket.cores[0].core.execute.fpu_unit.genblk1[0].fpu_fpnew.genblk3[0].fpnew_core.gen_operation_groups[3].i_opgroup_block.gen_merged_slice.i_multifmt_slice.gen_num_lanes[0].active_lane.lane_instance.i_fpnew_cast_multi.gen_sign_extend_int[1]	1	32	32	32.00	32.00
tb.dut.clusters[0].cluster.sockets[0].socket.cores[0].core.execute.fpu_unit.genblk1[0].fpu_fpnew.genblk3[0].fpnew_core.gen_operation_groups[3].i_opgroup_block.gen_merged_slice.i_multifmt_slice.gen_num_lanes[0].active_lane.lane_instance.i_fpnew_cast_multi.gen_sign_extend_int[2]	1	32	32	32.00	32.00
tb.dut.clusters[0].cluster.sockets[0].socket.cores[0].core.execute.fpu_unit.genblk1[0].fpu_fpnew.genblk3[0].fpnew_core.gen_operation_groups[3].i_opgroup_block.gen_merged_slice.i_multifmt_slice.gen_num_lanes[0].active_lane.lane_instance.i_fpnew_cast_multi.gen_sign_extend_int[3]	1	32	32	32.00	32.00
tb.dut.clusters[0].cluster.sockets[0].socket.cores[0].core.execute.fpu_unit.genblk1[0].fpu_fpnew.genblk3[0].fpnew_core.gen_operation_groups[3].i_opgroup_block.gen_merged_slice.i_multifmt_slice.gen_num_lanes[0].active_lane.lane_instance.i_fpnew_cast_multi.gen_sign_inject[0]	3	96	32	32.00	32.00
tb.dut.clusters[0].cluster.sockets[0].socket.cores[0].core.execute.fpu_unit.genblk1[0].fpu_fpnew.genblk3[0].fpnew_core.gen_operation_groups[3].i_opgroup_block.gen_merged_slice.i_multifmt_slice.gen_num_lanes[0].active_lane.lane_instance.i_fpnew_cast_multi.gen_sign_inject[1]	3	96	32	32.00	32.00
tb.dut.clusters[0].cluster.sockets[0].socket.cores[0].core.execute.fpu_unit.genblk1[0].fpu_fpnew.genblk3[0].fpnew_core.gen_operation_groups[3].i_opgroup_block.gen_merged_slice.i_multifmt_slice.gen_num_lanes[0].active_lane.lane_instance.i_fpnew_cast_multi.gen_sign_inject[2]	3	96	32	32.00	32.00
tb.dut.clusters[0].cluster.sockets[0].socket.cores[0].core.execute.fpu_unit.genblk1[0].fpu_fpnew.genblk3[0].fpnew_core.gen_operation_groups[3].i_opgroup_block.gen_merged_slice.i_multifmt_slice.gen_num_lanes[0].active_lane.lane_instance.i_fpnew_cast_multi.gen_sign_inject[3]	3	96	32	32.00	32.00
tb.dut.clusters[0].cluster.sockets[0].socket.cores[0].core.execute.fpu_unit.genblk1[0].fpu_fpnew.genblk3[0].fpnew_core.gen_operation_groups[3].i_opgroup_block.gen_merged_slice.i_multifmt_slice.gen_num_lanes[0].active_lane.lane_instance.i_fpnew_cast_multi.gen_sign_inject[4]	3	96	32	32.00	32.00
tb.dut.clusters[0].cluster.sockets[0].socket.cores[0].core.execute.fpu_unit.genblk1[0].fpu_fpnew.genblk3[0].fpnew_core.gen_operation_groups[3].i_opgroup_block.gen_merged_slice.i_multifmt_slice.gen_num_lanes[0].active_lane.lane_instance.i_fpnew_cast_multi.gen_special_results[0]	6	159	32	26.50	29.49
tb.dut.clusters[0].cluster.sockets[0].socket.cores[0].core.execute.fpu_unit.genblk1[0].fpu_fpnew.genblk3[0].fpnew_core.gen_operation_groups[3].i_opgroup_block.gen_merged_slice.i_multifmt_slice.gen_num_lanes[0].active_lane.lane_instance.i_fpnew_cast_multi.gen_special_results[0].active_format	1	32	32	32.00	32.00
tb.dut.clusters[0].cluster.sockets[0].socket.cores[0].core.execute.fpu_unit.genblk1[0].fpu_fpnew.genblk3[0].fpnew_core.gen_operation_groups[3].i_opgroup_block.gen_merged_slice.i_multifmt_slice.gen_num_lanes[0].active_lane.lane_instance.i_fpnew_cast_multi.gen_special_results[0].active_format.special_results	1	32	32	32.00	32.00
tb.dut.clusters[0].cluster.sockets[0].socket.cores[0].core.execute.fpu_unit.genblk1[0].fpu_fpnew.genblk3[0].fpnew_core.gen_operation_groups[3].i_opgroup_block.gen_merged_slice.i_multifmt_slice.gen_num_lanes[0].active_lane.lane_instance.i_fpnew_cast_multi.gen_special_results[1]	5	159	52	31.80	37.09
tb.dut.clusters[0].cluster.sockets[0].socket.cores[0].core.execute.fpu_unit.genblk1[0].fpu_fpnew.genblk3[0].fpnew_core.gen_operation_groups[3].i_opgroup_block.gen_merged_slice.i_multifmt_slice.gen_num_lanes[0].active_lane.lane_instance.i_fpnew_cast_multi.gen_special_results[2]	5	111	32	22.20	28.80
tb.dut.clusters[0].cluster.sockets[0].socket.cores[0].core.execute.fpu_unit.genblk1[0].fpu_fpnew.genblk3[0].fpnew_core.gen_operation_groups[3].i_opgroup_block.gen_merged_slice.i_multifmt_slice.gen_num_lanes[0].active_lane.lane_instance.i_fpnew_cast_multi.gen_special_results[3]	5	103	32	20.60	30.11
tb.dut.clusters[0].cluster.sockets[0].socket.cores[0].core.execute.fpu_unit.genblk1[0].fpu_fpnew.genblk3[0].fpnew_core.gen_operation_groups[3].i_opgroup_block.gen_merged_slice.i_multifmt_slice.gen_num_lanes[0].active_lane.lane_instance.i_fpnew_cast_multi.gen_special_results[4]	5	111	32	22.20	28.69
tb.dut.clusters[0].cluster.sockets[0].socket.cores[0].core.execute.fpu_unit.genblk1[0].fpu_fpnew.genblk3[0].fpnew_core.gen_operation_groups[3].i_opgroup_block.gen_merged_slice.i_multifmt_slice.gen_num_lanes[0].active_lane.lane_instance.i_fpnew_cast_multi.gen_special_results_int[0]	1	32	32	32.00	32.00
tb.dut.clusters[0].cluster.sockets[0].socket.cores[0].core.execute.fpu_unit.genblk1[0].fpu_fpnew.genblk3[0].fpnew_core.gen_operation_groups[3].i_opgroup_block.gen_merged_slice.i_multifmt_slice.gen_num_lanes[0].active_lane.lane_instance.i_fpnew_cast_multi.gen_special_results_int[1]	1	32	32	32.00	32.00
tb.dut.clusters[0].cluster.sockets[0].socket.cores[0].core.execute.fpu_unit.genblk1[0].fpu_fpnew.genblk3[0].fpnew_core.gen_operation_groups[3].i_opgroup_block.gen_merged_slice.i_multifmt_slice.gen_num_lanes[0].active_lane.lane_instance.i_fpnew_cast_multi.gen_special_results_int[2]	1	32	32	32.00	32.00
tb.dut.clusters[0].cluster.sockets[0].socket.cores[0].core.execute.fpu_unit.genblk1[0].fpu_fpnew.genblk3[0].fpnew_core.gen_operation_groups[3].i_opgroup_block.gen_merged_slice.i_multifmt_slice.gen_num_lanes[0].active_lane.lane_instance.i_fpnew_cast_multi.gen_special_results_int[3]	1	32	32	32.00	32.00
tb.dut.clusters[0].cluster.sockets[0].socket.cores[0].core.execute.fpu_unit.genblk1[0].fpu_fpnew.genblk3[0].fpnew_core.gen_operation_groups[3].i_opgroup_block.gen_merged_slice.i_multifmt_slice.gen_num_lanes[0].active_lane.lane_instance.i_fpnew_cast_multi.i_fpnew_rounding	10	106	32	10.60	29.15
tb.dut.clusters[0].cluster.sockets[0].socket.cores[0].core.execute.fpu_unit.genblk1[0].fpu_fpnew.genblk3[0].fpnew_core.gen_operation_groups[3].i_opgroup_block.gen_merged_slice.i_multifmt_slice.gen_num_lanes[0].active_lane.lane_instance.i_fpnew_cast_multi.i_lzc	11	519	160	47.18	110.54
tb.dut.clusters[0].cluster.sockets[0].socket.cores[0].core.execute.fpu_unit.genblk1[0].fpu_fpnew.genblk3[0].fpnew_core.gen_operation_groups[3].i_opgroup_block.gen_merged_slice.i_multifmt_slice.gen_num_lanes[0].active_lane.lane_instance.i_fpnew_cast_multi.i_lzc.gen_lzc	5	416	160	83.20	130.46
tb.dut.clusters[0].cluster.sockets[0].socket.cores[0].core.execute.fpu_unit.genblk1[0].fpu_fpnew.genblk3[0].fpnew_core.gen_operation_groups[3].i_opgroup_block.gen_merged_slice.i_multifmt_slice.gen_num_lanes[0].int_results_enabled	4	128	32	32.00	32.00
tb.dut.clusters[0].cluster.sockets[0].socket.cores[0].core.execute.fpu_unit.genblk1[0].fpu_fpnew.genblk3[0].fpnew_core.gen_operation_groups[3].i_opgroup_block.gen_merged_slice.i_multifmt_slice.gen_num_lanes[0].int_results_enabled.pack_int_result[0]	1	32	32	32.00	32.00
tb.dut.clusters[0].cluster.sockets[0].socket.cores[0].core.execute.fpu_unit.genblk1[0].fpu_fpnew.genblk3[0].fpnew_core.gen_operation_groups[3].i_opgroup_block.gen_merged_slice.i_multifmt_slice.gen_num_lanes[0].int_results_enabled.pack_int_result[1]	1	32	32	32.00	32.00
tb.dut.clusters[0].cluster.sockets[0].socket.cores[0].core.execute.fpu_unit.genblk1[0].fpu_fpnew.genblk3[0].fpnew_core.gen_operation_groups[3].i_opgroup_block.gen_merged_slice.i_multifmt_slice.gen_num_lanes[0].int_results_enabled.pack_int_result[2]	1	32	32	32.00	32.00
tb.dut.clusters[0].cluster.sockets[0].socket.cores[0].core.execute.fpu_unit.genblk1[0].fpu_fpnew.genblk3[0].fpnew_core.gen_operation_groups[3].i_opgroup_block.gen_merged_slice.i_multifmt_slice.gen_num_lanes[0].int_results_enabled.pack_int_result[3]	1	32	32	32.00	32.00
tb.dut.clusters[0].cluster.sockets[0].socket.cores[0].core.execute.fpu_unit.genblk1[0].fpu_fpnew.genblk3[0].fpnew_core.gen_operation_groups[3].i_opgroup_block.gen_merged_slice.i_multifmt_slice.gen_num_lanes[0].pack_fp_result[0]	1	32	32	32.00	32.00
tb.dut.clusters[0].cluster.sockets[0].socket.cores[0].core.execute.fpu_unit.genblk1[0].fpu_fpnew.genblk3[0].fpnew_core.gen_operation_groups[3].i_opgroup_block.gen_merged_slice.i_multifmt_slice.gen_num_lanes[0].pack_fp_result[1]	1	32	32	32.00	32.00
tb.dut.clusters[0].cluster.sockets[0].socket.cores[0].core.execute.fpu_unit.genblk1[0].fpu_fpnew.genblk3[0].fpnew_core.gen_operation_groups[3].i_opgroup_block.gen_merged_slice.i_multifmt_slice.gen_num_lanes[0].pack_fp_result[2]	1	32	32	32.00	32.00
tb.dut.clusters[0].cluster.sockets[0].socket.cores[0].core.execute.fpu_unit.genblk1[0].fpu_fpnew.genblk3[0].fpnew_core.gen_operation_groups[3].i_opgroup_block.gen_merged_slice.i_multifmt_slice.gen_num_lanes[0].pack_fp_result[3]	1	32	32	32.00	32.00
tb.dut.clusters[0].cluster.sockets[0].socket.cores[0].core.execute.fpu_unit.genblk1[0].fpu_fpnew.genblk3[0].fpnew_core.gen_operation_groups[3].i_opgroup_block.gen_merged_slice.i_multifmt_slice.gen_num_lanes[0].pack_fp_result[4]	1	32	32	32.00	32.00
tb.dut.clusters[0].cluster.sockets[0].socket.cores[0].core.execute.fpu_unit.genblk1[0].fpu_fpnew.genblk3[0].fpnew_core.gen_operation_groups[3].i_opgroup_block.gen_merged_slice.i_multifmt_slice.target_regs	9	227	192	25.22	164.16
tb.dut.clusters[0].cluster.sockets[0].socket.cores[0].core.execute.fpu_unit.genblk1[0].fpu_fpnew.genblk3[0].fpnew_core.gen_operation_groups[3].i_opgroup_block.gen_merged_slice.i_multifmt_slice.target_regs.gen_bypass_pipeline[0]	1	1	1	1.00	1.00
tb.dut.clusters[0].cluster.sockets[0].socket.cores[0].core.execute.fpu_unit.genblk1[0].fpu_fpnew.genblk3[0].fpnew_core.gen_operation_groups[3].i_opgroup_block.gen_merged_slice.i_multifmt_slice.target_regs.gen_bypass_pipeline[1]	1	1	1	1.00	1.00
tb.dut.clusters[0].cluster.sockets[0].socket.cores[0].core.execute.fpu_unit.genblk1[0].fpu_fpnew.genblk3[0].fpnew_core.gen_operation_groups[3].i_opgroup_block.gen_merged_slice.i_multifmt_slice.target_regs.gen_bypass_pipeline[2]	1	1	1	1.00	1.00
tb.dut.clusters[0].cluster.sockets[0].socket.cores[0].core.execute.fpu_unit.genblk1[0].fpu_fpnew.genblk3[0].fpnew_core.gen_operation_groups[3].i_opgroup_block.gen_merged_slice.i_multifmt_slice.target_regs.gen_bypass_pipeline[3]	1	1	1	1.00	1.00
tb.dut.clusters[0].cluster.sockets[0].socket.cores[0].core.execute.fpu_unit.genblk1[0].fpu_fpnew.genblk3[0].fpnew_core.gen_operation_groups[3].i_opgroup_block.gen_merged_slice.i_multifmt_slice.target_regs.gen_bypass_pipeline[4]	1	1	1	1.00	1.00
tb.dut.clusters[0].cluster.sockets[0].socket.cores[0].core.execute.fpu_unit.genblk1[0].fpu_fpnew.genblk3[0].fpnew_core.gen_operation_groups[3].i_opgroup_block.gen_parallel_slices[0]	2	2	1	1.00	1.00
tb.dut.clusters[0].cluster.sockets[0].socket.cores[0].core.execute.fpu_unit.genblk1[0].fpu_fpnew.genblk3[0].fpnew_core.gen_operation_groups[3].i_opgroup_block.gen_parallel_slices[1]	2	2	1	1.00	1.00
tb.dut.clusters[0].cluster.sockets[0].socket.cores[0].core.execute.fpu_unit.genblk1[0].fpu_fpnew.genblk3[0].fpnew_core.gen_operation_groups[3].i_opgroup_block.gen_parallel_slices[2]	2	2	1	1.00	1.00
tb.dut.clusters[0].cluster.sockets[0].socket.cores[0].core.execute.fpu_unit.genblk1[0].fpu_fpnew.genblk3[0].fpnew_core.gen_operation_groups[3].i_opgroup_block.gen_parallel_slices[3]	2	2	1	1.00	1.00
tb.dut.clusters[0].cluster.sockets[0].socket.cores[0].core.execute.fpu_unit.genblk1[0].fpu_fpnew.genblk3[0].fpnew_core.gen_operation_groups[3].i_opgroup_block.gen_parallel_slices[4]	2	2	1	1.00	1.00
tb.dut.clusters[0].cluster.sockets[0].socket.cores[0].core.execute.fpu_unit.genblk1[0].fpu_fpnew.genblk3[0].fpnew_core.gen_operation_groups[3].i_opgroup_block.i_arbiter	75	1510	280	20.13	97.46
tb.dut.clusters[0].cluster.sockets[0].socket.cores[0].core.execute.fpu_unit.genblk1[0].fpu_fpnew.genblk3[0].fpnew_core.gen_operation_groups[3].i_opgroup_block.i_arbiter.gen_arbiter	58	1150	280	19.83	89.06
tb.dut.clusters[0].cluster.sockets[0].socket.cores[0].core.execute.fpu_unit.genblk1[0].fpu_fpnew.genblk3[0].fpnew_core.gen_operation_groups[3].i_opgroup_block.i_arbiter.gen_arbiter.gen_int_rr	30	340	32	11.33	23.78
tb.dut.clusters[0].cluster.sockets[0].socket.cores[0].core.execute.fpu_unit.genblk1[0].fpu_fpnew.genblk3[0].fpnew_core.gen_operation_groups[3].i_opgroup_block.i_arbiter.gen_arbiter.gen_int_rr.gen_fair_arb	29	337	32	11.62	23.96
tb.dut.clusters[0].cluster.sockets[0].socket.cores[0].core.execute.fpu_unit.genblk1[0].fpu_fpnew.genblk3[0].fpnew_core.gen_operation_groups[3].i_opgroup_block.i_arbiter.gen_arbiter.gen_int_rr.gen_fair_arb.i_lzc_lower	11	158	32	14.36	25.30
tb.dut.clusters[0].cluster.sockets[0].socket.cores[0].core.execute.fpu_unit.genblk1[0].fpu_fpnew.genblk3[0].fpnew_core.gen_operation_groups[3].i_opgroup_block.i_arbiter.gen_arbiter.gen_int_rr.gen_fair_arb.i_lzc_lower.gen_lzc	5	84	32	16.80	22.79
tb.dut.clusters[0].cluster.sockets[0].socket.cores[0].core.execute.fpu_unit.genblk1[0].fpu_fpnew.genblk3[0].fpnew_core.gen_operation_groups[3].i_opgroup_block.i_arbiter.gen_arbiter.gen_int_rr.gen_fair_arb.i_lzc_upper	11	158	32	14.36	25.30
tb.dut.clusters[0].cluster.sockets[0].socket.cores[0].core.execute.fpu_unit.genblk1[0].fpu_fpnew.genblk3[0].fpnew_core.gen_operation_groups[3].i_opgroup_block.i_arbiter.gen_arbiter.gen_int_rr.gen_fair_arb.i_lzc_upper.gen_lzc	5	84	32	16.80	22.79
tb.dut.clusters[0].cluster.sockets[0].socket.cores[0].core.execute.fpu_unit.genblk1[0].fpu_fpnew.genblk3[0].fpnew_core.gen_operation_groups[3].i_opgroup_block.i_arbiter.gen_arbiter.gen_levels[0]	3	65	32	21.67	31.52
tb.dut.clusters[0].cluster.sockets[0].socket.cores[0].core.execute.fpu_unit.genblk1[0].fpu_fpnew.genblk3[0].fpnew_core.gen_operation_groups[3].i_opgroup_block.i_arbiter.gen_arbiter.gen_levels[0].gen_level[0]	3	65	32	21.67	31.52
tb.dut.clusters[0].cluster.sockets[0].socket.cores[0].core.execute.fpu_unit.genblk1[0].fpu_fpnew.genblk3[0].fpnew_core.gen_operation_groups[3].i_opgroup_block.i_arbiter.gen_arbiter.gen_levels[1]	6	130	32	21.67	31.52
tb.dut.clusters[0].cluster.sockets[0].socket.cores[0].core.execute.fpu_unit.genblk1[0].fpu_fpnew.genblk3[0].fpnew_core.gen_operation_groups[3].i_opgroup_block.i_arbiter.gen_arbiter.gen_levels[1].gen_level[0]	3	65	32	21.67	31.52
tb.dut.clusters[0].cluster.sockets[0].socket.cores[0].core.execute.fpu_unit.genblk1[0].fpu_fpnew.genblk3[0].fpnew_core.gen_operation_groups[3].i_opgroup_block.i_arbiter.gen_arbiter.gen_levels[1].gen_level[1]	3	65	32	21.67	31.52
tb.dut.clusters[0].cluster.sockets[0].socket.cores[0].core.execute.fpu_unit.genblk1[0].fpu_fpnew.genblk3[0].fpnew_core.gen_operation_groups[3].i_opgroup_block.i_arbiter.gen_arbiter.gen_levels[2]	12	260	32	21.67	31.52
tb.dut.clusters[0].cluster.sockets[0].socket.cores[0].core.execute.fpu_unit.genblk1[0].fpu_fpnew.genblk3[0].fpnew_core.gen_operation_groups[3].i_opgroup_block.i_arbiter.gen_arbiter.gen_levels[2].gen_level[0]	3	65	32	21.67	31.52
tb.dut.clusters[0].cluster.sockets[0].socket.cores[0].core.execute.fpu_unit.genblk1[0].fpu_fpnew.genblk3[0].fpnew_core.gen_operation_groups[3].i_opgroup_block.i_arbiter.gen_arbiter.gen_levels[2].gen_level[1]	3	65	32	21.67	31.52
tb.dut.clusters[0].cluster.sockets[0].socket.cores[0].core.execute.fpu_unit.genblk1[0].fpu_fpnew.genblk3[0].fpnew_core.gen_operation_groups[3].i_opgroup_block.i_arbiter.gen_arbiter.gen_levels[2].gen_level[2]	3	65	32	21.67	31.52
tb.dut.clusters[0].cluster.sockets[0].socket.cores[0].core.execute.fpu_unit.genblk1[0].fpu_fpnew.genblk3[0].fpnew_core.gen_operation_groups[3].i_opgroup_block.i_arbiter.gen_arbiter.gen_levels[2].gen_level[3]	3	65	32	21.67	31.52
tb.dut.clusters[0].cluster.sockets[0].socket.cores[0].core.execute.fpu_unit.genblk1[0].fpu_fpnew.genblk3[0].fpnew_core.i_arbiter	63	947	156	15.03	59.63
tb.dut.clusters[0].cluster.sockets[0].socket.cores[0].core.execute.fpu_unit.genblk1[0].fpu_fpnew.genblk3[0].fpnew_core.i_arbiter.gen_arbiter	46	636	117	13.83	43.23
tb.dut.clusters[0].cluster.sockets[0].socket.cores[0].core.execute.fpu_unit.genblk1[0].fpu_fpnew.genblk3[0].fpnew_core.i_arbiter.gen_arbiter.gen_int_rr	30	274	32	9.13	23.93
tb.dut.clusters[0].cluster.sockets[0].socket.cores[0].core.execute.fpu_unit.genblk1[0].fpu_fpnew.genblk3[0].fpnew_core.i_arbiter.gen_arbiter.gen_int_rr.gen_fair_arb	29	272	32	9.38	24.10
tb.dut.clusters[0].cluster.sockets[0].socket.cores[0].core.execute.fpu_unit.genblk1[0].fpu_fpnew.genblk3[0].fpnew_core.i_arbiter.gen_arbiter.gen_int_rr.gen_fair_arb.i_lzc_lower	11	128	32	11.64	25.42
tb.dut.clusters[0].cluster.sockets[0].socket.cores[0].core.execute.fpu_unit.genblk1[0].fpu_fpnew.genblk3[0].fpnew_core.i_arbiter.gen_arbiter.gen_int_rr.gen_fair_arb.i_lzc_lower.gen_lzc	5	56	32	11.20	21.14
tb.dut.clusters[0].cluster.sockets[0].socket.cores[0].core.execute.fpu_unit.genblk1[0].fpu_fpnew.genblk3[0].fpnew_core.i_arbiter.gen_arbiter.gen_int_rr.gen_fair_arb.i_lzc_upper	11	128	32	11.64	25.42
tb.dut.clusters[0].cluster.sockets[0].socket.cores[0].core.execute.fpu_unit.genblk1[0].fpu_fpnew.genblk3[0].fpnew_core.i_arbiter.gen_arbiter.gen_int_rr.gen_fair_arb.i_lzc_upper.gen_lzc	5	56	32	11.20	21.14
tb.dut.clusters[0].cluster.sockets[0].socket.cores[0].core.execute.fpu_unit.genblk1[0].fpu_fpnew.genblk3[0].fpnew_core.i_arbiter.gen_arbiter.gen_levels[0]	3	65	32	21.67	31.52
tb.dut.clusters[0].cluster.sockets[0].socket.cores[0].core.execute.fpu_unit.genblk1[0].fpu_fpnew.genblk3[0].fpnew_core.i_arbiter.gen_arbiter.gen_levels[0].gen_level[0]	3	65	32	21.67	31.52
tb.dut.clusters[0].cluster.sockets[0].socket.cores[0].core.execute.fpu_unit.genblk1[0].fpu_fpnew.genblk3[0].fpnew_core.i_arbiter.gen_arbiter.gen_levels[1]	6	130	32	21.67	31.52
tb.dut.clusters[0].cluster.sockets[0].socket.cores[0].core.execute.fpu_unit.genblk1[0].fpu_fpnew.genblk3[0].fpnew_core.i_arbiter.gen_arbiter.gen_levels[1].gen_level[0]	3	65	32	21.67	31.52
tb.dut.clusters[0].cluster.sockets[0].socket.cores[0].core.execute.fpu_unit.genblk1[0].fpu_fpnew.genblk3[0].fpnew_core.i_arbiter.gen_arbiter.gen_levels[1].gen_level[1]	3	65	32	21.67	31.52
tb.dut.clusters[0].cluster.sockets[0].socket.cores[0].core.execute.fpu_unit.genblk1[0].fpu_fpnew.genblk3[1]	2201	43590	682	19.80	95.32
tb.dut.clusters[0].cluster.sockets[0].socket.cores[0].core.execute.fpu_unit.genblk1[0].fpu_fpnew.genblk3[1].fpnew_core	2197	43581	682	19.84	95.34
tb.dut.clusters[0].cluster.sockets[0].socket.cores[0].core.execute.fpu_unit.genblk1[0].fpu_fpnew.genblk3[1].fpnew_core.gen_nanbox_check[0]	1	32	32	32.00	32.00
tb.dut.clusters[0].cluster.sockets[0].socket.cores[0].core.execute.fpu_unit.genblk1[0].fpu_fpnew.genblk3[1].fpnew_core.gen_nanbox_check[1]	1	32	32	32.00	32.00
tb.dut.clusters[0].cluster.sockets[0].socket.cores[0].core.execute.fpu_unit.genblk1[0].fpu_fpnew.genblk3[1].fpnew_core.gen_nanbox_check[2]	1	32	32	32.00	32.00
tb.dut.clusters[0].cluster.sockets[0].socket.cores[0].core.execute.fpu_unit.genblk1[0].fpu_fpnew.genblk3[1].fpnew_core.gen_nanbox_check[3]	1	32	32	32.00	32.00
tb.dut.clusters[0].cluster.sockets[0].socket.cores[0].core.execute.fpu_unit.genblk1[0].fpu_fpnew.genblk3[1].fpnew_core.gen_nanbox_check[4]	1	32	32	32.00	32.00
tb.dut.clusters[0].cluster.sockets[0].socket.cores[0].core.execute.fpu_unit.genblk1[0].fpu_fpnew.genblk3[1].fpnew_core.gen_operation_groups[0]	399	7400	384	18.55	99.33
tb.dut.clusters[0].cluster.sockets[0].socket.cores[0].core.execute.fpu_unit.genblk1[0].fpu_fpnew.genblk3[1].fpnew_core.gen_operation_groups[0].i_opgroup_block	396	7352	384	18.57	99.81
tb.dut.clusters[0].cluster.sockets[0].socket.cores[0].core.execute.fpu_unit.genblk1[0].fpu_fpnew.genblk3[1].fpnew_core.gen_operation_groups[0].i_opgroup_block.gen_parallel_slices[0]	272	5051	384	18.57	99.68
tb.dut.clusters[0].cluster.sockets[0].socket.cores[0].core.execute.fpu_unit.genblk1[0].fpu_fpnew.genblk3[1].fpnew_core.gen_operation_groups[0].i_opgroup_block.gen_parallel_slices[0].active_format	270	5049	384	18.70	99.72
tb.dut.clusters[0].cluster.sockets[0].socket.cores[0].core.execute.fpu_unit.genblk1[0].fpu_fpnew.genblk3[1].fpnew_core.gen_operation_groups[0].i_opgroup_block.gen_parallel_slices[0].active_format.i_fmt_slice	267	5015	384	18.78	100.19
tb.dut.clusters[0].cluster.sockets[0].socket.cores[0].core.execute.fpu_unit.genblk1[0].fpu_fpnew.genblk3[1].fpnew_core.gen_operation_groups[0].i_opgroup_block.gen_parallel_slices[0].active_format.i_fmt_slice.gen_num_lanes[0]	216	4401	384	20.38	108.76
tb.dut.clusters[0].cluster.sockets[0].socket.cores[0].core.execute.fpu_unit.genblk1[0].fpu_fpnew.genblk3[1].fpnew_core.gen_operation_groups[0].i_opgroup_block.gen_parallel_slices[0].active_format.i_fmt_slice.gen_num_lanes[0].active_lane	214	4368	384	20.41	109.35
tb.dut.clusters[0].cluster.sockets[0].socket.cores[0].core.execute.fpu_unit.genblk1[0].fpu_fpnew.genblk3[1].fpnew_core.gen_operation_groups[0].i_opgroup_block.gen_parallel_slices[0].active_format.i_fmt_slice.gen_num_lanes[0].active_lane.lane_instance	208	4232	384	20.35	110.44
tb.dut.clusters[0].cluster.sockets[0].socket.cores[0].core.execute.fpu_unit.genblk1[0].fpu_fpnew.genblk3[1].fpnew_core.gen_operation_groups[0].i_opgroup_block.gen_parallel_slices[0].active_format.i_fmt_slice.gen_num_lanes[0].active_lane.lane_instance.i_fma	208	4232	384	20.35	110.44
tb.dut.clusters[0].cluster.sockets[0].socket.cores[0].core.execute.fpu_unit.genblk1[0].fpu_fpnew.genblk3[1].fpnew_core.gen_operation_groups[0].i_opgroup_block.gen_parallel_slices[0].active_format.i_fmt_slice.gen_num_lanes[0].active_lane.lane_instance.i_fma.gen_input_pipeline[0]	1	1	1	1.00	1.00
tb.dut.clusters[0].cluster.sockets[0].socket.cores[0].core.execute.fpu_unit.genblk1[0].fpu_fpnew.genblk3[1].fpnew_core.gen_operation_groups[0].i_opgroup_block.gen_parallel_slices[0].active_format.i_fmt_slice.gen_num_lanes[0].active_lane.lane_instance.i_fma.gen_inside_pipeline[0]	1	1	1	1.00	1.00
tb.dut.clusters[0].cluster.sockets[0].socket.cores[0].core.execute.fpu_unit.genblk1[0].fpu_fpnew.genblk3[1].fpnew_core.gen_operation_groups[0].i_opgroup_block.gen_parallel_slices[0].active_format.i_fmt_slice.gen_num_lanes[0].active_lane.lane_instance.i_fma.gen_inside_pipeline[1]	1	1	1	1.00	1.00
tb.dut.clusters[0].cluster.sockets[0].socket.cores[0].core.execute.fpu_unit.genblk1[0].fpu_fpnew.genblk3[1].fpnew_core.gen_operation_groups[0].i_opgroup_block.gen_parallel_slices[0].active_format.i_fmt_slice.gen_num_lanes[0].active_lane.lane_instance.i_fma.gen_output_pipeline[0]	1	1	1	1.00	1.00
tb.dut.clusters[0].cluster.sockets[0].socket.cores[0].core.execute.fpu_unit.genblk1[0].fpu_fpnew.genblk3[1].fpnew_core.gen_operation_groups[0].i_opgroup_block.gen_parallel_slices[0].active_format.i_fmt_slice.gen_num_lanes[0].active_lane.lane_instance.i_fma.i_class_inputs	35	374	96	10.69	45.46
tb.dut.clusters[0].cluster.sockets[0].socket.cores[0].core.execute.fpu_unit.genblk1[0].fpu_fpnew.genblk3[1].fpnew_core.gen_operation_groups[0].i_opgroup_block.gen_parallel_slices[0].active_format.i_fmt_slice.gen_num_lanes[0].active_lane.lane_instance.i_fma.i_class_inputs.gen_num_values[0]	9	40	32	4.44	25.80
tb.dut.clusters[0].cluster.sockets[0].socket.cores[0].core.execute.fpu_unit.genblk1[0].fpu_fpnew.genblk3[1].fpnew_core.gen_operation_groups[0].i_opgroup_block.gen_parallel_slices[0].active_format.i_fmt_slice.gen_num_lanes[0].active_lane.lane_instance.i_fma.i_class_inputs.gen_num_values[1]	9	40	32	4.44	25.80
tb.dut.clusters[0].cluster.sockets[0].socket.cores[0].core.execute.fpu_unit.genblk1[0].fpu_fpnew.genblk3[1].fpnew_core.gen_operation_groups[0].i_opgroup_block.gen_parallel_slices[0].active_format.i_fmt_slice.gen_num_lanes[0].active_lane.lane_instance.i_fma.i_class_inputs.gen_num_values[2]	9	40	32	4.44	25.80
tb.dut.clusters[0].cluster.sockets[0].socket.cores[0].core.execute.fpu_unit.genblk1[0].fpu_fpnew.genblk3[1].fpnew_core.gen_operation_groups[0].i_opgroup_block.gen_parallel_slices[0].active_format.i_fmt_slice.gen_num_lanes[0].active_lane.lane_instance.i_fma.i_fpnew_rounding	10	104	32	10.40	28.50
tb.dut.clusters[0].cluster.sockets[0].socket.cores[0].core.execute.fpu_unit.genblk1[0].fpu_fpnew.genblk3[1].fpnew_core.gen_operation_groups[0].i_opgroup_block.gen_parallel_slices[0].active_format.i_fmt_slice.gen_num_lanes[0].active_lane.lane_instance.i_fma.i_lzc	11	960	384	87.27	264.06
tb.dut.clusters[0].cluster.sockets[0].socket.cores[0].core.execute.fpu_unit.genblk1[0].fpu_fpnew.genblk3[1].fpnew_core.gen_operation_groups[0].i_opgroup_block.gen_parallel_slices[0].active_format.i_fmt_slice.gen_num_lanes[0].active_lane.lane_instance.i_fma.i_lzc.gen_lzc	5	837	384	167.40	297.27
tb.dut.clusters[0].cluster.sockets[0].socket.cores[0].core.execute.fpu_unit.genblk1[0].fpu_fpnew.genblk3[1].fpnew_core.gen_operation_groups[0].i_opgroup_block.gen_parallel_slices[1]	2	2	1	1.00	1.00
tb.dut.clusters[0].cluster.sockets[0].socket.cores[0].core.execute.fpu_unit.genblk1[0].fpu_fpnew.genblk3[1].fpnew_core.gen_operation_groups[0].i_opgroup_block.gen_parallel_slices[2]	2	2	1	1.00	1.00
tb.dut.clusters[0].cluster.sockets[0].socket.cores[0].core.execute.fpu_unit.genblk1[0].fpu_fpnew.genblk3[1].fpnew_core.gen_operation_groups[0].i_opgroup_block.gen_parallel_slices[3]	2	2	1	1.00	1.00
tb.dut.clusters[0].cluster.sockets[0].socket.cores[0].core.execute.fpu_unit.genblk1[0].fpu_fpnew.genblk3[1].fpnew_core.gen_operation_groups[0].i_opgroup_block.gen_parallel_slices[4]	2	2	1	1.00	1.00
tb.dut.clusters[0].cluster.sockets[0].socket.cores[0].core.execute.fpu_unit.genblk1[0].fpu_fpnew.genblk3[1].fpnew_core.gen_operation_groups[0].i_opgroup_block.i_arbiter	75	1510	280	20.13	97.46
tb.dut.clusters[0].cluster.sockets[0].socket.cores[0].core.execute.fpu_unit.genblk1[0].fpu_fpnew.genblk3[1].fpnew_core.gen_operation_groups[0].i_opgroup_block.i_arbiter.gen_arbiter	58	1150	280	19.83	89.06
tb.dut.clusters[0].cluster.sockets[0].socket.cores[0].core.execute.fpu_unit.genblk1[0].fpu_fpnew.genblk3[1].fpnew_core.gen_operation_groups[0].i_opgroup_block.i_arbiter.gen_arbiter.gen_int_rr	30	340	32	11.33	23.78
tb.dut.clusters[0].cluster.sockets[0].socket.cores[0].core.execute.fpu_unit.genblk1[0].fpu_fpnew.genblk3[1].fpnew_core.gen_operation_groups[0].i_opgroup_block.i_arbiter.gen_arbiter.gen_int_rr.gen_fair_arb	29	337	32	11.62	23.96
tb.dut.clusters[0].cluster.sockets[0].socket.cores[0].core.execute.fpu_unit.genblk1[0].fpu_fpnew.genblk3[1].fpnew_core.gen_operation_groups[0].i_opgroup_block.i_arbiter.gen_arbiter.gen_int_rr.gen_fair_arb.i_lzc_lower	11	158	32	14.36	25.30
tb.dut.clusters[0].cluster.sockets[0].socket.cores[0].core.execute.fpu_unit.genblk1[0].fpu_fpnew.genblk3[1].fpnew_core.gen_operation_groups[0].i_opgroup_block.i_arbiter.gen_arbiter.gen_int_rr.gen_fair_arb.i_lzc_lower.gen_lzc	5	84	32	16.80	22.79
tb.dut.clusters[0].cluster.sockets[0].socket.cores[0].core.execute.fpu_unit.genblk1[0].fpu_fpnew.genblk3[1].fpnew_core.gen_operation_groups[0].i_opgroup_block.i_arbiter.gen_arbiter.gen_int_rr.gen_fair_arb.i_lzc_upper	11	158	32	14.36	25.30
tb.dut.clusters[0].cluster.sockets[0].socket.cores[0].core.execute.fpu_unit.genblk1[0].fpu_fpnew.genblk3[1].fpnew_core.gen_operation_groups[0].i_opgroup_block.i_arbiter.gen_arbiter.gen_int_rr.gen_fair_arb.i_lzc_upper.gen_lzc	5	84	32	16.80	22.79
tb.dut.clusters[0].cluster.sockets[0].socket.cores[0].core.execute.fpu_unit.genblk1[0].fpu_fpnew.genblk3[1].fpnew_core.gen_operation_groups[0].i_opgroup_block.i_arbiter.gen_arbiter.gen_levels[0]	3	65	32	21.67	31.52
tb.dut.clusters[0].cluster.sockets[0].socket.cores[0].core.execute.fpu_unit.genblk1[0].fpu_fpnew.genblk3[1].fpnew_core.gen_operation_groups[0].i_opgroup_block.i_arbiter.gen_arbiter.gen_levels[0].gen_level[0]	3	65	32	21.67	31.52
tb.dut.clusters[0].cluster.sockets[0].socket.cores[0].core.execute.fpu_unit.genblk1[0].fpu_fpnew.genblk3[1].fpnew_core.gen_operation_groups[0].i_opgroup_block.i_arbiter.gen_arbiter.gen_levels[1]	6	130	32	21.67	31.52
tb.dut.clusters[0].cluster.sockets[0].socket.cores[0].core.execute.fpu_unit.genblk1[0].fpu_fpnew.genblk3[1].fpnew_core.gen_operation_groups[0].i_opgroup_block.i_arbiter.gen_arbiter.gen_levels[1].gen_level[0]	3	65	32	21.67	31.52
tb.dut.clusters[0].cluster.sockets[0].socket.cores[0].core.execute.fpu_unit.genblk1[0].fpu_fpnew.genblk3[1].fpnew_core.gen_operation_groups[0].i_opgroup_block.i_arbiter.gen_arbiter.gen_levels[1].gen_level[1]	3	65	32	21.67	31.52
tb.dut.clusters[0].cluster.sockets[0].socket.cores[0].core.execute.fpu_unit.genblk1[0].fpu_fpnew.genblk3[1].fpnew_core.gen_operation_groups[0].i_opgroup_block.i_arbiter.gen_arbiter.gen_levels[2]	12	260	32	21.67	31.52
tb.dut.clusters[0].cluster.sockets[0].socket.cores[0].core.execute.fpu_unit.genblk1[0].fpu_fpnew.genblk3[1].fpnew_core.gen_operation_groups[0].i_opgroup_block.i_arbiter.gen_arbiter.gen_levels[2].gen_level[0]	3	65	32	21.67	31.52
tb.dut.clusters[0].cluster.sockets[0].socket.cores[0].core.execute.fpu_unit.genblk1[0].fpu_fpnew.genblk3[1].fpnew_core.gen_operation_groups[0].i_opgroup_block.i_arbiter.gen_arbiter.gen_levels[2].gen_level[1]	3	65	32	21.67	31.52
tb.dut.clusters[0].cluster.sockets[0].socket.cores[0].core.execute.fpu_unit.genblk1[0].fpu_fpnew.genblk3[1].fpnew_core.gen_operation_groups[0].i_opgroup_block.i_arbiter.gen_arbiter.gen_levels[2].gen_level[2]	3	65	32	21.67	31.52
tb.dut.clusters[0].cluster.sockets[0].socket.cores[0].core.execute.fpu_unit.genblk1[0].fpu_fpnew.genblk3[1].fpnew_core.gen_operation_groups[0].i_opgroup_block.i_arbiter.gen_arbiter.gen_levels[2].gen_level[3]	3	65	32	21.67	31.52
tb.dut.clusters[0].cluster.sockets[0].socket.cores[0].core.execute.fpu_unit.genblk1[0].fpu_fpnew.genblk3[1].fpnew_core.gen_operation_groups[1]	846	18392	576	21.74	97.68
tb.dut.clusters[0].cluster.sockets[0].socket.cores[0].core.execute.fpu_unit.genblk1[0].fpu_fpnew.genblk3[1].fpnew_core.gen_operation_groups[1].i_opgroup_block	843	18349	576	21.77	97.84
tb.dut.clusters[0].cluster.sockets[0].socket.cores[0].core.execute.fpu_unit.genblk1[0].fpu_fpnew.genblk3[1].fpnew_core.gen_operation_groups[1].i_opgroup_block.gen_merged_slice	717	16083	576	22.43	97.64
tb.dut.clusters[0].cluster.sockets[0].socket.cores[0].core.execute.fpu_unit.genblk1[0].fpu_fpnew.genblk3[1].fpnew_core.gen_operation_groups[1].i_opgroup_block.gen_merged_slice.i_multifmt_slice	714	16047	576	22.47	97.79
tb.dut.clusters[0].cluster.sockets[0].socket.cores[0].core.execute.fpu_unit.genblk1[0].fpu_fpnew.genblk3[1].fpnew_core.gen_operation_groups[1].i_opgroup_block.gen_merged_slice.i_multifmt_slice.extend_fp_result[0]	1	32	32	32.00	32.00
tb.dut.clusters[0].cluster.sockets[0].socket.cores[0].core.execute.fpu_unit.genblk1[0].fpu_fpnew.genblk3[1].fpnew_core.gen_operation_groups[1].i_opgroup_block.gen_merged_slice.i_multifmt_slice.extend_fp_result[1]	1	32	32	32.00	32.00
tb.dut.clusters[0].cluster.sockets[0].socket.cores[0].core.execute.fpu_unit.genblk1[0].fpu_fpnew.genblk3[1].fpnew_core.gen_operation_groups[1].i_opgroup_block.gen_merged_slice.i_multifmt_slice.extend_fp_result[2]	1	32	32	32.00	32.00
tb.dut.clusters[0].cluster.sockets[0].socket.cores[0].core.execute.fpu_unit.genblk1[0].fpu_fpnew.genblk3[1].fpnew_core.gen_operation_groups[1].i_opgroup_block.gen_merged_slice.i_multifmt_slice.extend_fp_result[3]	1	32	32	32.00	32.00
tb.dut.clusters[0].cluster.sockets[0].socket.cores[0].core.execute.fpu_unit.genblk1[0].fpu_fpnew.genblk3[1].fpnew_core.gen_operation_groups[1].i_opgroup_block.gen_merged_slice.i_multifmt_slice.extend_fp_result[4]	1	32	32	32.00	32.00
tb.dut.clusters[0].cluster.sockets[0].socket.cores[0].core.execute.fpu_unit.genblk1[0].fpu_fpnew.genblk3[1].fpnew_core.gen_operation_groups[1].i_opgroup_block.gen_merged_slice.i_multifmt_slice.gen_num_lanes[0]	635	14916	576	23.49	100.69
tb.dut.clusters[0].cluster.sockets[0].socket.cores[0].core.execute.fpu_unit.genblk1[0].fpu_fpnew.genblk3[1].fpnew_core.gen_operation_groups[1].i_opgroup_block.gen_merged_slice.i_multifmt_slice.gen_num_lanes[0].active_lane	620	14573	576	23.50	102.35
tb.dut.clusters[0].cluster.sockets[0].socket.cores[0].core.execute.fpu_unit.genblk1[0].fpu_fpnew.genblk3[1].fpnew_core.gen_operation_groups[1].i_opgroup_block.gen_merged_slice.i_multifmt_slice.gen_num_lanes[0].active_lane.lane_instance	614	14469	576	23.57	102.73
tb.dut.clusters[0].cluster.sockets[0].socket.cores[0].core.execute.fpu_unit.genblk1[0].fpu_fpnew.genblk3[1].fpnew_core.gen_operation_groups[1].i_opgroup_block.gen_merged_slice.i_multifmt_slice.gen_num_lanes[0].active_lane.lane_instance.genblk1	614	14469	576	23.57	102.73
tb.dut.clusters[0].cluster.sockets[0].socket.cores[0].core.execute.fpu_unit.genblk1[0].fpu_fpnew.genblk3[1].fpnew_core.gen_operation_groups[1].i_opgroup_block.gen_merged_slice.i_multifmt_slice.gen_num_lanes[0].active_lane.lane_instance.genblk1.i_fpnew_divsqrt_multi	614	14469	576	23.57	102.73
tb.dut.clusters[0].cluster.sockets[0].socket.cores[0].core.execute.fpu_unit.genblk1[0].fpu_fpnew.genblk3[1].fpnew_core.gen_operation_groups[1].i_opgroup_block.gen_merged_slice.i_multifmt_slice.gen_num_lanes[0].active_lane.lane_instance.genblk1.i_fpnew_divsqrt_multi.gen_input_pipeline[0]	1	1	1	1.00	1.00
tb.dut.clusters[0].cluster.sockets[0].socket.cores[0].core.execute.fpu_unit.genblk1[0].fpu_fpnew.genblk3[1].fpnew_core.gen_operation_groups[1].i_opgroup_block.gen_merged_slice.i_multifmt_slice.gen_num_lanes[0].active_lane.lane_instance.genblk1.i_fpnew_divsqrt_multi.gen_input_pipeline[1]	1	1	1	1.00	1.00
tb.dut.clusters[0].cluster.sockets[0].socket.cores[0].core.execute.fpu_unit.genblk1[0].fpu_fpnew.genblk3[1].fpnew_core.gen_operation_groups[1].i_opgroup_block.gen_merged_slice.i_multifmt_slice.gen_num_lanes[0].active_lane.lane_instance.genblk1.i_fpnew_divsqrt_multi.gen_input_pipeline[2]	1	1	1	1.00	1.00
tb.dut.clusters[0].cluster.sockets[0].socket.cores[0].core.execute.fpu_unit.genblk1[0].fpu_fpnew.genblk3[1].fpnew_core.gen_operation_groups[1].i_opgroup_block.gen_merged_slice.i_multifmt_slice.gen_num_lanes[0].active_lane.lane_instance.genblk1.i_fpnew_divsqrt_multi.gen_input_pipeline[3]	1	1	1	1.00	1.00
tb.dut.clusters[0].cluster.sockets[0].socket.cores[0].core.execute.fpu_unit.genblk1[0].fpu_fpnew.genblk3[1].fpnew_core.gen_operation_groups[1].i_opgroup_block.gen_merged_slice.i_multifmt_slice.gen_num_lanes[0].active_lane.lane_instance.genblk1.i_fpnew_divsqrt_multi.gen_input_pipeline[4]	1	1	1	1.00	1.00
tb.dut.clusters[0].cluster.sockets[0].socket.cores[0].core.execute.fpu_unit.genblk1[0].fpu_fpnew.genblk3[1].fpnew_core.gen_operation_groups[1].i_opgroup_block.gen_merged_slice.i_multifmt_slice.gen_num_lanes[0].active_lane.lane_instance.genblk1.i_fpnew_divsqrt_multi.gen_input_pipeline[5]	1	1	1	1.00	1.00
tb.dut.clusters[0].cluster.sockets[0].socket.cores[0].core.execute.fpu_unit.genblk1[0].fpu_fpnew.genblk3[1].fpnew_core.gen_operation_groups[1].i_opgroup_block.gen_merged_slice.i_multifmt_slice.gen_num_lanes[0].active_lane.lane_instance.genblk1.i_fpnew_divsqrt_multi.gen_input_pipeline[6]	1	1	1	1.00	1.00
tb.dut.clusters[0].cluster.sockets[0].socket.cores[0].core.execute.fpu_unit.genblk1[0].fpu_fpnew.genblk3[1].fpnew_core.gen_operation_groups[1].i_opgroup_block.gen_merged_slice.i_multifmt_slice.gen_num_lanes[0].active_lane.lane_instance.genblk1.i_fpnew_divsqrt_multi.gen_input_pipeline[7]	1	1	1	1.00	1.00
tb.dut.clusters[0].cluster.sockets[0].socket.cores[0].core.execute.fpu_unit.genblk1[0].fpu_fpnew.genblk3[1].fpnew_core.gen_operation_groups[1].i_opgroup_block.gen_merged_slice.i_multifmt_slice.gen_num_lanes[0].active_lane.lane_instance.genblk1.i_fpnew_divsqrt_multi.gen_output_pipeline[0]	1	1	1	1.00	1.00
tb.dut.clusters[0].cluster.sockets[0].socket.cores[0].core.execute.fpu_unit.genblk1[0].fpu_fpnew.genblk3[1].fpnew_core.gen_operation_groups[1].i_opgroup_block.gen_merged_slice.i_multifmt_slice.gen_num_lanes[0].active_lane.lane_instance.genblk1.i_fpnew_divsqrt_multi.gen_output_pipeline[1]	1	1	1	1.00	1.00
tb.dut.clusters[0].cluster.sockets[0].socket.cores[0].core.execute.fpu_unit.genblk1[0].fpu_fpnew.genblk3[1].fpnew_core.gen_operation_groups[1].i_opgroup_block.gen_merged_slice.i_multifmt_slice.gen_num_lanes[0].active_lane.lane_instance.genblk1.i_fpnew_divsqrt_multi.gen_output_pipeline[2]	1	1	1	1.00	1.00
tb.dut.clusters[0].cluster.sockets[0].socket.cores[0].core.execute.fpu_unit.genblk1[0].fpu_fpnew.genblk3[1].fpnew_core.gen_operation_groups[1].i_opgroup_block.gen_merged_slice.i_multifmt_slice.gen_num_lanes[0].active_lane.lane_instance.genblk1.i_fpnew_divsqrt_multi.gen_output_pipeline[3]	1	1	1	1.00	1.00
tb.dut.clusters[0].cluster.sockets[0].socket.cores[0].core.execute.fpu_unit.genblk1[0].fpu_fpnew.genblk3[1].fpnew_core.gen_operation_groups[1].i_opgroup_block.gen_merged_slice.i_multifmt_slice.gen_num_lanes[0].active_lane.lane_instance.genblk1.i_fpnew_divsqrt_multi.gen_output_pipeline[4]	1	1	1	1.00	1.00
tb.dut.clusters[0].cluster.sockets[0].socket.cores[0].core.execute.fpu_unit.genblk1[0].fpu_fpnew.genblk3[1].fpnew_core.gen_operation_groups[1].i_opgroup_block.gen_merged_slice.i_multifmt_slice.gen_num_lanes[0].active_lane.lane_instance.genblk1.i_fpnew_divsqrt_multi.gen_output_pipeline[5]	1	1	1	1.00	1.00
tb.dut.clusters[0].cluster.sockets[0].socket.cores[0].core.execute.fpu_unit.genblk1[0].fpu_fpnew.genblk3[1].fpnew_core.gen_operation_groups[1].i_opgroup_block.gen_merged_slice.i_multifmt_slice.gen_num_lanes[0].active_lane.lane_instance.genblk1.i_fpnew_divsqrt_multi.gen_output_pipeline[6]	1	1	1	1.00	1.00
tb.dut.clusters[0].cluster.sockets[0].socket.cores[0].core.execute.fpu_unit.genblk1[0].fpu_fpnew.genblk3[1].fpnew_core.gen_operation_groups[1].i_opgroup_block.gen_merged_slice.i_multifmt_slice.gen_num_lanes[0].active_lane.lane_instance.genblk1.i_fpnew_divsqrt_multi.gen_output_pipeline[7]	1	1	1	1.00	1.00
tb.dut.clusters[0].cluster.sockets[0].socket.cores[0].core.execute.fpu_unit.genblk1[0].fpu_fpnew.genblk3[1].fpnew_core.gen_operation_groups[1].i_opgroup_block.gen_merged_slice.i_multifmt_slice.gen_num_lanes[0].active_lane.lane_instance.genblk1.i_fpnew_divsqrt_multi.i_divsqrt_lei	512	12493	384	24.40	81.81
tb.dut.clusters[0].cluster.sockets[0].socket.cores[0].core.execute.fpu_unit.genblk1[0].fpu_fpnew.genblk3[1].fpnew_core.gen_operation_groups[1].i_opgroup_block.gen_merged_slice.i_multifmt_slice.gen_num_lanes[0].active_lane.lane_instance.genblk1.i_fpnew_divsqrt_multi.i_divsqrt_lei.fpu_norm_U0	49	752	64	15.35	46.22
tb.dut.clusters[0].cluster.sockets[0].socket.cores[0].core.execute.fpu_unit.genblk1[0].fpu_fpnew.genblk3[1].fpnew_core.gen_operation_groups[1].i_opgroup_block.gen_merged_slice.i_multifmt_slice.gen_num_lanes[0].active_lane.lane_instance.genblk1.i_fpnew_divsqrt_multi.i_divsqrt_lei.nrbd_nrsc_U0	326	8528	62	26.16	47.54
tb.dut.clusters[0].cluster.sockets[0].socket.cores[0].core.execute.fpu_unit.genblk1[0].fpu_fpnew.genblk3[1].fpnew_core.gen_operation_groups[1].i_opgroup_block.gen_merged_slice.i_multifmt_slice.gen_num_lanes[0].active_lane.lane_instance.genblk1.i_fpnew_divsqrt_multi.i_divsqrt_lei.nrbd_nrsc_U0.control_U0	299	8301	62	27.76	47.71
tb.dut.clusters[0].cluster.sockets[0].socket.cores[0].core.execute.fpu_unit.genblk1[0].fpu_fpnew.genblk3[1].fpnew_core.gen_operation_groups[1].i_opgroup_block.gen_merged_slice.i_multifmt_slice.gen_num_lanes[0].active_lane.lane_instance.genblk1.i_fpnew_divsqrt_multi.i_divsqrt_lei.nrbd_nrsc_U0.control_U0.genblk4[0]	13	217	58	16.69	51.29
tb.dut.clusters[0].cluster.sockets[0].socket.cores[0].core.execute.fpu_unit.genblk1[0].fpu_fpnew.genblk3[1].fpnew_core.gen_operation_groups[1].i_opgroup_block.gen_merged_slice.i_multifmt_slice.gen_num_lanes[0].active_lane.lane_instance.genblk1.i_fpnew_divsqrt_multi.i_divsqrt_lei.nrbd_nrsc_U0.control_U0.genblk4[0].iteration_div_sqrt	13	217	58	16.69	51.29
tb.dut.clusters[0].cluster.sockets[0].socket.cores[0].core.execute.fpu_unit.genblk1[0].fpu_fpnew.genblk3[1].fpnew_core.gen_operation_groups[1].i_opgroup_block.gen_merged_slice.i_multifmt_slice.gen_num_lanes[0].active_lane.lane_instance.genblk1.i_fpnew_divsqrt_multi.i_divsqrt_lei.nrbd_nrsc_U0.control_U0.genblk4[1]	13	217	58	16.69	51.29
tb.dut.clusters[0].cluster.sockets[0].socket.cores[0].core.execute.fpu_unit.genblk1[0].fpu_fpnew.genblk3[1].fpnew_core.gen_operation_groups[1].i_opgroup_block.gen_merged_slice.i_multifmt_slice.gen_num_lanes[0].active_lane.lane_instance.genblk1.i_fpnew_divsqrt_multi.i_divsqrt_lei.nrbd_nrsc_U0.control_U0.genblk4[1].iteration_div_sqrt	13	217	58	16.69	51.29
tb.dut.clusters[0].cluster.sockets[0].socket.cores[0].core.execute.fpu_unit.genblk1[0].fpu_fpnew.genblk3[1].fpnew_core.gen_operation_groups[1].i_opgroup_block.gen_merged_slice.i_multifmt_slice.gen_num_lanes[0].active_lane.lane_instance.genblk1.i_fpnew_divsqrt_multi.i_divsqrt_lei.nrbd_nrsc_U0.control_U0.genblk4[2]	13	217	58	16.69	51.29
tb.dut.clusters[0].cluster.sockets[0].socket.cores[0].core.execute.fpu_unit.genblk1[0].fpu_fpnew.genblk3[1].fpnew_core.gen_operation_groups[1].i_opgroup_block.gen_merged_slice.i_multifmt_slice.gen_num_lanes[0].active_lane.lane_instance.genblk1.i_fpnew_divsqrt_multi.i_divsqrt_lei.nrbd_nrsc_U0.control_U0.genblk4[2].iteration_div_sqrt	13	217	58	16.69	51.29
tb.dut.clusters[0].cluster.sockets[0].socket.cores[0].core.execute.fpu_unit.genblk1[0].fpu_fpnew.genblk3[1].fpnew_core.gen_operation_groups[1].i_opgroup_block.gen_merged_slice.i_multifmt_slice.gen_num_lanes[0].active_lane.lane_instance.genblk1.i_fpnew_divsqrt_multi.i_divsqrt_lei.preprocess_U0	98	2777	384	28.34	201.71
tb.dut.clusters[0].cluster.sockets[0].socket.cores[0].core.execute.fpu_unit.genblk1[0].fpu_fpnew.genblk3[1].fpnew_core.gen_operation_groups[1].i_opgroup_block.gen_merged_slice.i_multifmt_slice.gen_num_lanes[0].active_lane.lane_instance.genblk1.i_fpnew_divsqrt_multi.i_divsqrt_lei.preprocess_U0.LOD_Ua	11	976	384	88.73	267.83
tb.dut.clusters[0].cluster.sockets[0].socket.cores[0].core.execute.fpu_unit.genblk1[0].fpu_fpnew.genblk3[1].fpnew_core.gen_operation_groups[1].i_opgroup_block.gen_merged_slice.i_multifmt_slice.gen_num_lanes[0].active_lane.lane_instance.genblk1.i_fpnew_divsqrt_multi.i_divsqrt_lei.preprocess_U0.LOD_Ua.gen_lzc	5	851	384	170.20	301.42
tb.dut.clusters[0].cluster.sockets[0].socket.cores[0].core.execute.fpu_unit.genblk1[0].fpu_fpnew.genblk3[1].fpnew_core.gen_operation_groups[1].i_opgroup_block.gen_merged_slice.i_multifmt_slice.gen_num_lanes[0].active_lane.lane_instance.genblk1.i_fpnew_divsqrt_multi.i_divsqrt_lei.preprocess_U0.LOD_Ub	11	976	384	88.73	267.83
tb.dut.clusters[0].cluster.sockets[0].socket.cores[0].core.execute.fpu_unit.genblk1[0].fpu_fpnew.genblk3[1].fpnew_core.gen_operation_groups[1].i_opgroup_block.gen_merged_slice.i_multifmt_slice.gen_num_lanes[0].active_lane.lane_instance.genblk1.i_fpnew_divsqrt_multi.i_divsqrt_lei.preprocess_U0.LOD_Ub.gen_lzc	5	851	384	170.20	301.42
tb.dut.clusters[0].cluster.sockets[0].socket.cores[0].core.execute.fpu_unit.genblk1[0].fpu_fpnew.genblk3[1].fpnew_core.gen_operation_groups[1].i_opgroup_block.gen_merged_slice.i_multifmt_slice.gen_num_lanes[0].pack_fp_result[0]	1	32	32	32.00	32.00
tb.dut.clusters[0].cluster.sockets[0].socket.cores[0].core.execute.fpu_unit.genblk1[0].fpu_fpnew.genblk3[1].fpnew_core.gen_operation_groups[1].i_opgroup_block.gen_merged_slice.i_multifmt_slice.gen_num_lanes[0].pack_fp_result[1]	1	32	32	32.00	32.00
tb.dut.clusters[0].cluster.sockets[0].socket.cores[0].core.execute.fpu_unit.genblk1[0].fpu_fpnew.genblk3[1].fpnew_core.gen_operation_groups[1].i_opgroup_block.gen_merged_slice.i_multifmt_slice.gen_num_lanes[0].pack_fp_result[2]	1	32	32	32.00	32.00
tb.dut.clusters[0].cluster.sockets[0].socket.cores[0].core.execute.fpu_unit.genblk1[0].fpu_fpnew.genblk3[1].fpnew_core.gen_operation_groups[1].i_opgroup_block.gen_merged_slice.i_multifmt_slice.gen_num_lanes[0].pack_fp_result[3]	1	32	32	32.00	32.00
tb.dut.clusters[0].cluster.sockets[0].socket.cores[0].core.execute.fpu_unit.genblk1[0].fpu_fpnew.genblk3[1].fpnew_core.gen_operation_groups[1].i_opgroup_block.gen_merged_slice.i_multifmt_slice.gen_num_lanes[0].pack_fp_result[4]	1	32	32	32.00	32.00
tb.dut.clusters[0].cluster.sockets[0].socket.cores[0].core.execute.fpu_unit.genblk1[0].fpu_fpnew.genblk3[1].fpnew_core.gen_operation_groups[1].i_opgroup_block.gen_parallel_slices[0]	2	2	1	1.00	1.00
tb.dut.clusters[0].cluster.sockets[0].socket.cores[0].core.execute.fpu_unit.genblk1[0].fpu_fpnew.genblk3[1].fpnew_core.gen_operation_groups[1].i_opgroup_block.gen_parallel_slices[1]	2	2	1	1.00	1.00
tb.dut.clusters[0].cluster.sockets[0].socket.cores[0].core.execute.fpu_unit.genblk1[0].fpu_fpnew.genblk3[1].fpnew_core.gen_operation_groups[1].i_opgroup_block.gen_parallel_slices[2]	2	2	1	1.00	1.00
tb.dut.clusters[0].cluster.sockets[0].socket.cores[0].core.execute.fpu_unit.genblk1[0].fpu_fpnew.genblk3[1].fpnew_core.gen_operation_groups[1].i_opgroup_block.gen_parallel_slices[3]	2	2	1	1.00	1.00
tb.dut.clusters[0].cluster.sockets[0].socket.cores[0].core.execute.fpu_unit.genblk1[0].fpu_fpnew.genblk3[1].fpnew_core.gen_operation_groups[1].i_opgroup_block.gen_parallel_slices[4]	2	2	1	1.00	1.00
tb.dut.clusters[0].cluster.sockets[0].socket.cores[0].core.execute.fpu_unit.genblk1[0].fpu_fpnew.genblk3[1].fpnew_core.gen_operation_groups[1].i_opgroup_block.i_arbiter	75	1510	280	20.13	97.46
tb.dut.clusters[0].cluster.sockets[0].socket.cores[0].core.execute.fpu_unit.genblk1[0].fpu_fpnew.genblk3[1].fpnew_core.gen_operation_groups[1].i_opgroup_block.i_arbiter.gen_arbiter	58	1150	280	19.83	89.06
tb.dut.clusters[0].cluster.sockets[0].socket.cores[0].core.execute.fpu_unit.genblk1[0].fpu_fpnew.genblk3[1].fpnew_core.gen_operation_groups[1].i_opgroup_block.i_arbiter.gen_arbiter.gen_int_rr	30	340	32	11.33	23.78
tb.dut.clusters[0].cluster.sockets[0].socket.cores[0].core.execute.fpu_unit.genblk1[0].fpu_fpnew.genblk3[1].fpnew_core.gen_operation_groups[1].i_opgroup_block.i_arbiter.gen_arbiter.gen_int_rr.gen_fair_arb	29	337	32	11.62	23.96
tb.dut.clusters[0].cluster.sockets[0].socket.cores[0].core.execute.fpu_unit.genblk1[0].fpu_fpnew.genblk3[1].fpnew_core.gen_operation_groups[1].i_opgroup_block.i_arbiter.gen_arbiter.gen_int_rr.gen_fair_arb.i_lzc_lower	11	158	32	14.36	25.30
tb.dut.clusters[0].cluster.sockets[0].socket.cores[0].core.execute.fpu_unit.genblk1[0].fpu_fpnew.genblk3[1].fpnew_core.gen_operation_groups[1].i_opgroup_block.i_arbiter.gen_arbiter.gen_int_rr.gen_fair_arb.i_lzc_lower.gen_lzc	5	84	32	16.80	22.79
tb.dut.clusters[0].cluster.sockets[0].socket.cores[0].core.execute.fpu_unit.genblk1[0].fpu_fpnew.genblk3[1].fpnew_core.gen_operation_groups[1].i_opgroup_block.i_arbiter.gen_arbiter.gen_int_rr.gen_fair_arb.i_lzc_upper	11	158	32	14.36	25.30
tb.dut.clusters[0].cluster.sockets[0].socket.cores[0].core.execute.fpu_unit.genblk1[0].fpu_fpnew.genblk3[1].fpnew_core.gen_operation_groups[1].i_opgroup_block.i_arbiter.gen_arbiter.gen_int_rr.gen_fair_arb.i_lzc_upper.gen_lzc	5	84	32	16.80	22.79
tb.dut.clusters[0].cluster.sockets[0].socket.cores[0].core.execute.fpu_unit.genblk1[0].fpu_fpnew.genblk3[1].fpnew_core.gen_operation_groups[1].i_opgroup_block.i_arbiter.gen_arbiter.gen_levels[0]	3	65	32	21.67	31.52
tb.dut.clusters[0].cluster.sockets[0].socket.cores[0].core.execute.fpu_unit.genblk1[0].fpu_fpnew.genblk3[1].fpnew_core.gen_operation_groups[1].i_opgroup_block.i_arbiter.gen_arbiter.gen_levels[0].gen_level[0]	3	65	32	21.67	31.52
tb.dut.clusters[0].cluster.sockets[0].socket.cores[0].core.execute.fpu_unit.genblk1[0].fpu_fpnew.genblk3[1].fpnew_core.gen_operation_groups[1].i_opgroup_block.i_arbiter.gen_arbiter.gen_levels[1]	6	130	32	21.67	31.52
tb.dut.clusters[0].cluster.sockets[0].socket.cores[0].core.execute.fpu_unit.genblk1[0].fpu_fpnew.genblk3[1].fpnew_core.gen_operation_groups[1].i_opgroup_block.i_arbiter.gen_arbiter.gen_levels[1].gen_level[0]	3	65	32	21.67	31.52
tb.dut.clusters[0].cluster.sockets[0].socket.cores[0].core.execute.fpu_unit.genblk1[0].fpu_fpnew.genblk3[1].fpnew_core.gen_operation_groups[1].i_opgroup_block.i_arbiter.gen_arbiter.gen_levels[1].gen_level[1]	3	65	32	21.67	31.52
tb.dut.clusters[0].cluster.sockets[0].socket.cores[0].core.execute.fpu_unit.genblk1[0].fpu_fpnew.genblk3[1].fpnew_core.gen_operation_groups[1].i_opgroup_block.i_arbiter.gen_arbiter.gen_levels[2]	12	260	32	21.67	31.52
tb.dut.clusters[0].cluster.sockets[0].socket.cores[0].core.execute.fpu_unit.genblk1[0].fpu_fpnew.genblk3[1].fpnew_core.gen_operation_groups[1].i_opgroup_block.i_arbiter.gen_arbiter.gen_levels[2].gen_level[0]	3	65	32	21.67	31.52
tb.dut.clusters[0].cluster.sockets[0].socket.cores[0].core.execute.fpu_unit.genblk1[0].fpu_fpnew.genblk3[1].fpnew_core.gen_operation_groups[1].i_opgroup_block.i_arbiter.gen_arbiter.gen_levels[2].gen_level[1]	3	65	32	21.67	31.52
tb.dut.clusters[0].cluster.sockets[0].socket.cores[0].core.execute.fpu_unit.genblk1[0].fpu_fpnew.genblk3[1].fpnew_core.gen_operation_groups[1].i_opgroup_block.i_arbiter.gen_arbiter.gen_levels[2].gen_level[2]	3	65	32	21.67	31.52
tb.dut.clusters[0].cluster.sockets[0].socket.cores[0].core.execute.fpu_unit.genblk1[0].fpu_fpnew.genblk3[1].fpnew_core.gen_operation_groups[1].i_opgroup_block.i_arbiter.gen_arbiter.gen_levels[2].gen_level[3]	3	65	32	21.67	31.52
tb.dut.clusters[0].cluster.sockets[0].socket.cores[0].core.execute.fpu_unit.genblk1[0].fpu_fpnew.genblk3[1].fpnew_core.gen_operation_groups[2]	300	4265	280	14.22	71.04
tb.dut.clusters[0].cluster.sockets[0].socket.cores[0].core.execute.fpu_unit.genblk1[0].fpu_fpnew.genblk3[1].fpnew_core.gen_operation_groups[2].i_opgroup_block	297	4222	280	14.22	71.50
tb.dut.clusters[0].cluster.sockets[0].socket.cores[0].core.execute.fpu_unit.genblk1[0].fpu_fpnew.genblk3[1].fpnew_core.gen_operation_groups[2].i_opgroup_block.gen_parallel_slices[0]	173	1958	128	11.32	39.23
tb.dut.clusters[0].cluster.sockets[0].socket.cores[0].core.execute.fpu_unit.genblk1[0].fpu_fpnew.genblk3[1].fpnew_core.gen_operation_groups[2].i_opgroup_block.gen_parallel_slices[0].active_format	171	1956	128	11.44	39.27
tb.dut.clusters[0].cluster.sockets[0].socket.cores[0].core.execute.fpu_unit.genblk1[0].fpu_fpnew.genblk3[1].fpnew_core.gen_operation_groups[2].i_opgroup_block.gen_parallel_slices[0].active_format.i_fmt_slice	168	1922	128	11.44	39.43
tb.dut.clusters[0].cluster.sockets[0].socket.cores[0].core.execute.fpu_unit.genblk1[0].fpu_fpnew.genblk3[1].fpnew_core.gen_operation_groups[2].i_opgroup_block.gen_parallel_slices[0].active_format.i_fmt_slice.gen_num_lanes[0]	117	1343	128	11.48	42.53
tb.dut.clusters[0].cluster.sockets[0].socket.cores[0].core.execute.fpu_unit.genblk1[0].fpu_fpnew.genblk3[1].fpnew_core.gen_operation_groups[2].i_opgroup_block.gen_parallel_slices[0].active_format.i_fmt_slice.gen_num_lanes[0].active_lane	115	1310	128	11.39	42.82
tb.dut.clusters[0].cluster.sockets[0].socket.cores[0].core.execute.fpu_unit.genblk1[0].fpu_fpnew.genblk3[1].fpnew_core.gen_operation_groups[2].i_opgroup_block.gen_parallel_slices[0].active_format.i_fmt_slice.gen_num_lanes[0].active_lane.lane_instance	109	1206	128	11.06	42.24
tb.dut.clusters[0].cluster.sockets[0].socket.cores[0].core.execute.fpu_unit.genblk1[0].fpu_fpnew.genblk3[1].fpnew_core.gen_operation_groups[2].i_opgroup_block.gen_parallel_slices[0].active_format.i_fmt_slice.gen_num_lanes[0].active_lane.lane_instance.i_noncomp	109	1206	128	11.06	42.24
tb.dut.clusters[0].cluster.sockets[0].socket.cores[0].core.execute.fpu_unit.genblk1[0].fpu_fpnew.genblk3[1].fpnew_core.gen_operation_groups[2].i_opgroup_block.gen_parallel_slices[0].active_format.i_fmt_slice.gen_num_lanes[0].active_lane.lane_instance.i_noncomp.gen_input_pipeline[0]	1	1	1	1.00	1.00
tb.dut.clusters[0].cluster.sockets[0].socket.cores[0].core.execute.fpu_unit.genblk1[0].fpu_fpnew.genblk3[1].fpnew_core.gen_operation_groups[2].i_opgroup_block.gen_parallel_slices[0].active_format.i_fmt_slice.gen_num_lanes[0].active_lane.lane_instance.i_noncomp.gen_output_pipeline[0]	1	1	1	1.00	1.00
tb.dut.clusters[0].cluster.sockets[0].socket.cores[0].core.execute.fpu_unit.genblk1[0].fpu_fpnew.genblk3[1].fpnew_core.gen_operation_groups[2].i_opgroup_block.gen_parallel_slices[0].active_format.i_fmt_slice.gen_num_lanes[0].active_lane.lane_instance.i_noncomp.i_class_a	26	293	64	11.27	35.92
tb.dut.clusters[0].cluster.sockets[0].socket.cores[0].core.execute.fpu_unit.genblk1[0].fpu_fpnew.genblk3[1].fpnew_core.gen_operation_groups[2].i_opgroup_block.gen_parallel_slices[0].active_format.i_fmt_slice.gen_num_lanes[0].active_lane.lane_instance.i_noncomp.i_class_a.gen_num_values[0]	9	40	32	4.44	25.80
tb.dut.clusters[0].cluster.sockets[0].socket.cores[0].core.execute.fpu_unit.genblk1[0].fpu_fpnew.genblk3[1].fpnew_core.gen_operation_groups[2].i_opgroup_block.gen_parallel_slices[0].active_format.i_fmt_slice.gen_num_lanes[0].active_lane.lane_instance.i_noncomp.i_class_a.gen_num_values[1]	9	40	32	4.44	25.80
tb.dut.clusters[0].cluster.sockets[0].socket.cores[0].core.execute.fpu_unit.genblk1[0].fpu_fpnew.genblk3[1].fpnew_core.gen_operation_groups[2].i_opgroup_block.gen_parallel_slices[0].active_format.i_fmt_slice.gen_num_lanes[0].active_lane.lane_instance.i_noncomp.sign_injections	2	2	1	1.00	1.00
tb.dut.clusters[0].cluster.sockets[0].socket.cores[0].core.execute.fpu_unit.genblk1[0].fpu_fpnew.genblk3[1].fpnew_core.gen_operation_groups[2].i_opgroup_block.gen_parallel_slices[1]	2	2	1	1.00	1.00
tb.dut.clusters[0].cluster.sockets[0].socket.cores[0].core.execute.fpu_unit.genblk1[0].fpu_fpnew.genblk3[1].fpnew_core.gen_operation_groups[2].i_opgroup_block.gen_parallel_slices[2]	2	2	1	1.00	1.00
tb.dut.clusters[0].cluster.sockets[0].socket.cores[0].core.execute.fpu_unit.genblk1[0].fpu_fpnew.genblk3[1].fpnew_core.gen_operation_groups[2].i_opgroup_block.gen_parallel_slices[3]	2	2	1	1.00	1.00
tb.dut.clusters[0].cluster.sockets[0].socket.cores[0].core.execute.fpu_unit.genblk1[0].fpu_fpnew.genblk3[1].fpnew_core.gen_operation_groups[2].i_opgroup_block.gen_parallel_slices[4]	2	2	1	1.00	1.00
tb.dut.clusters[0].cluster.sockets[0].socket.cores[0].core.execute.fpu_unit.genblk1[0].fpu_fpnew.genblk3[1].fpnew_core.gen_operation_groups[2].i_opgroup_block.i_arbiter	75	1510	280	20.13	97.46
tb.dut.clusters[0].cluster.sockets[0].socket.cores[0].core.execute.fpu_unit.genblk1[0].fpu_fpnew.genblk3[1].fpnew_core.gen_operation_groups[2].i_opgroup_block.i_arbiter.gen_arbiter	58	1150	280	19.83	89.06
tb.dut.clusters[0].cluster.sockets[0].socket.cores[0].core.execute.fpu_unit.genblk1[0].fpu_fpnew.genblk3[1].fpnew_core.gen_operation_groups[2].i_opgroup_block.i_arbiter.gen_arbiter.gen_int_rr	30	340	32	11.33	23.78
tb.dut.clusters[0].cluster.sockets[0].socket.cores[0].core.execute.fpu_unit.genblk1[0].fpu_fpnew.genblk3[1].fpnew_core.gen_operation_groups[2].i_opgroup_block.i_arbiter.gen_arbiter.gen_int_rr.gen_fair_arb	29	337	32	11.62	23.96
tb.dut.clusters[0].cluster.sockets[0].socket.cores[0].core.execute.fpu_unit.genblk1[0].fpu_fpnew.genblk3[1].fpnew_core.gen_operation_groups[2].i_opgroup_block.i_arbiter.gen_arbiter.gen_int_rr.gen_fair_arb.i_lzc_lower	11	158	32	14.36	25.30
tb.dut.clusters[0].cluster.sockets[0].socket.cores[0].core.execute.fpu_unit.genblk1[0].fpu_fpnew.genblk3[1].fpnew_core.gen_operation_groups[2].i_opgroup_block.i_arbiter.gen_arbiter.gen_int_rr.gen_fair_arb.i_lzc_lower.gen_lzc	5	84	32	16.80	22.79
tb.dut.clusters[0].cluster.sockets[0].socket.cores[0].core.execute.fpu_unit.genblk1[0].fpu_fpnew.genblk3[1].fpnew_core.gen_operation_groups[2].i_opgroup_block.i_arbiter.gen_arbiter.gen_int_rr.gen_fair_arb.i_lzc_upper	11	158	32	14.36	25.30
tb.dut.clusters[0].cluster.sockets[0].socket.cores[0].core.execute.fpu_unit.genblk1[0].fpu_fpnew.genblk3[1].fpnew_core.gen_operation_groups[2].i_opgroup_block.i_arbiter.gen_arbiter.gen_int_rr.gen_fair_arb.i_lzc_upper.gen_lzc	5	84	32	16.80	22.79
tb.dut.clusters[0].cluster.sockets[0].socket.cores[0].core.execute.fpu_unit.genblk1[0].fpu_fpnew.genblk3[1].fpnew_core.gen_operation_groups[2].i_opgroup_block.i_arbiter.gen_arbiter.gen_levels[0]	3	65	32	21.67	31.52
tb.dut.clusters[0].cluster.sockets[0].socket.cores[0].core.execute.fpu_unit.genblk1[0].fpu_fpnew.genblk3[1].fpnew_core.gen_operation_groups[2].i_opgroup_block.i_arbiter.gen_arbiter.gen_levels[0].gen_level[0]	3	65	32	21.67	31.52
tb.dut.clusters[0].cluster.sockets[0].socket.cores[0].core.execute.fpu_unit.genblk1[0].fpu_fpnew.genblk3[1].fpnew_core.gen_operation_groups[2].i_opgroup_block.i_arbiter.gen_arbiter.gen_levels[1]	6	130	32	21.67	31.52
tb.dut.clusters[0].cluster.sockets[0].socket.cores[0].core.execute.fpu_unit.genblk1[0].fpu_fpnew.genblk3[1].fpnew_core.gen_operation_groups[2].i_opgroup_block.i_arbiter.gen_arbiter.gen_levels[1].gen_level[0]	3	65	32	21.67	31.52
tb.dut.clusters[0].cluster.sockets[0].socket.cores[0].core.execute.fpu_unit.genblk1[0].fpu_fpnew.genblk3[1].fpnew_core.gen_operation_groups[2].i_opgroup_block.i_arbiter.gen_arbiter.gen_levels[1].gen_level[1]	3	65	32	21.67	31.52
tb.dut.clusters[0].cluster.sockets[0].socket.cores[0].core.execute.fpu_unit.genblk1[0].fpu_fpnew.genblk3[1].fpnew_core.gen_operation_groups[2].i_opgroup_block.i_arbiter.gen_arbiter.gen_levels[2]	12	260	32	21.67	31.52
tb.dut.clusters[0].cluster.sockets[0].socket.cores[0].core.execute.fpu_unit.genblk1[0].fpu_fpnew.genblk3[1].fpnew_core.gen_operation_groups[2].i_opgroup_block.i_arbiter.gen_arbiter.gen_levels[2].gen_level[0]	3	65	32	21.67	31.52
tb.dut.clusters[0].cluster.sockets[0].socket.cores[0].core.execute.fpu_unit.genblk1[0].fpu_fpnew.genblk3[1].fpnew_core.gen_operation_groups[2].i_opgroup_block.i_arbiter.gen_arbiter.gen_levels[2].gen_level[1]	3	65	32	21.67	31.52
tb.dut.clusters[0].cluster.sockets[0].socket.cores[0].core.execute.fpu_unit.genblk1[0].fpu_fpnew.genblk3[1].fpnew_core.gen_operation_groups[2].i_opgroup_block.i_arbiter.gen_arbiter.gen_levels[2].gen_level[2]	3	65	32	21.67	31.52
tb.dut.clusters[0].cluster.sockets[0].socket.cores[0].core.execute.fpu_unit.genblk1[0].fpu_fpnew.genblk3[1].fpnew_core.gen_operation_groups[2].i_opgroup_block.i_arbiter.gen_arbiter.gen_levels[2].gen_level[3]	3	65	32	21.67	31.52
tb.dut.clusters[0].cluster.sockets[0].socket.cores[0].core.execute.fpu_unit.genblk1[0].fpu_fpnew.genblk3[1].fpnew_core.gen_operation_groups[3]	545	11074	280	20.32	67.56
tb.dut.clusters[0].cluster.sockets[0].socket.cores[0].core.execute.fpu_unit.genblk1[0].fpu_fpnew.genblk3[1].fpnew_core.gen_operation_groups[3].i_opgroup_block	542	11026	280	20.34	67.75
tb.dut.clusters[0].cluster.sockets[0].socket.cores[0].core.execute.fpu_unit.genblk1[0].fpu_fpnew.genblk3[1].fpnew_core.gen_operation_groups[3].i_opgroup_block.gen_merged_slice	416	8723	192	20.97	59.23
tb.dut.clusters[0].cluster.sockets[0].socket.cores[0].core.execute.fpu_unit.genblk1[0].fpu_fpnew.genblk3[1].fpnew_core.gen_operation_groups[3].i_opgroup_block.gen_merged_slice.i_multifmt_slice	413	8687	192	21.03	59.35
tb.dut.clusters[0].cluster.sockets[0].socket.cores[0].core.execute.fpu_unit.genblk1[0].fpu_fpnew.genblk3[1].fpnew_core.gen_operation_groups[3].i_opgroup_block.gen_merged_slice.i_multifmt_slice.extend_fp_result[0]	1	32	32	32.00	32.00
tb.dut.clusters[0].cluster.sockets[0].socket.cores[0].core.execute.fpu_unit.genblk1[0].fpu_fpnew.genblk3[1].fpnew_core.gen_operation_groups[3].i_opgroup_block.gen_merged_slice.i_multifmt_slice.extend_fp_result[1]	1	32	32	32.00	32.00
tb.dut.clusters[0].cluster.sockets[0].socket.cores[0].core.execute.fpu_unit.genblk1[0].fpu_fpnew.genblk3[1].fpnew_core.gen_operation_groups[3].i_opgroup_block.gen_merged_slice.i_multifmt_slice.extend_fp_result[2]	1	32	32	32.00	32.00
tb.dut.clusters[0].cluster.sockets[0].socket.cores[0].core.execute.fpu_unit.genblk1[0].fpu_fpnew.genblk3[1].fpnew_core.gen_operation_groups[3].i_opgroup_block.gen_merged_slice.i_multifmt_slice.extend_fp_result[3]	1	32	32	32.00	32.00
tb.dut.clusters[0].cluster.sockets[0].socket.cores[0].core.execute.fpu_unit.genblk1[0].fpu_fpnew.genblk3[1].fpnew_core.gen_operation_groups[3].i_opgroup_block.gen_merged_slice.i_multifmt_slice.extend_fp_result[4]	1	32	32	32.00	32.00
tb.dut.clusters[0].cluster.sockets[0].socket.cores[0].core.execute.fpu_unit.genblk1[0].fpu_fpnew.genblk3[1].fpnew_core.gen_operation_groups[3].i_opgroup_block.gen_merged_slice.i_multifmt_slice.extend_or_mute_int_result[0]	1	32	32	32.00	32.00
tb.dut.clusters[0].cluster.sockets[0].socket.cores[0].core.execute.fpu_unit.genblk1[0].fpu_fpnew.genblk3[1].fpnew_core.gen_operation_groups[3].i_opgroup_block.gen_merged_slice.i_multifmt_slice.extend_or_mute_int_result[0].extend_int_result	1	32	32	32.00	32.00
tb.dut.clusters[0].cluster.sockets[0].socket.cores[0].core.execute.fpu_unit.genblk1[0].fpu_fpnew.genblk3[1].fpnew_core.gen_operation_groups[3].i_opgroup_block.gen_merged_slice.i_multifmt_slice.extend_or_mute_int_result[1]	1	32	32	32.00	32.00
tb.dut.clusters[0].cluster.sockets[0].socket.cores[0].core.execute.fpu_unit.genblk1[0].fpu_fpnew.genblk3[1].fpnew_core.gen_operation_groups[3].i_opgroup_block.gen_merged_slice.i_multifmt_slice.extend_or_mute_int_result[1].extend_int_result	1	32	32	32.00	32.00
tb.dut.clusters[0].cluster.sockets[0].socket.cores[0].core.execute.fpu_unit.genblk1[0].fpu_fpnew.genblk3[1].fpnew_core.gen_operation_groups[3].i_opgroup_block.gen_merged_slice.i_multifmt_slice.extend_or_mute_int_result[2]	1	32	32	32.00	32.00
tb.dut.clusters[0].cluster.sockets[0].socket.cores[0].core.execute.fpu_unit.genblk1[0].fpu_fpnew.genblk3[1].fpnew_core.gen_operation_groups[3].i_opgroup_block.gen_merged_slice.i_multifmt_slice.extend_or_mute_int_result[2].extend_int_result	1	32	32	32.00	32.00
tb.dut.clusters[0].cluster.sockets[0].socket.cores[0].core.execute.fpu_unit.genblk1[0].fpu_fpnew.genblk3[1].fpnew_core.gen_operation_groups[3].i_opgroup_block.gen_merged_slice.i_multifmt_slice.extend_or_mute_int_result[3]	1	32	32	32.00	32.00
tb.dut.clusters[0].cluster.sockets[0].socket.cores[0].core.execute.fpu_unit.genblk1[0].fpu_fpnew.genblk3[1].fpnew_core.gen_operation_groups[3].i_opgroup_block.gen_merged_slice.i_multifmt_slice.extend_or_mute_int_result[3].extend_int_result	1	32	32	32.00	32.00
tb.dut.clusters[0].cluster.sockets[0].socket.cores[0].core.execute.fpu_unit.genblk1[0].fpu_fpnew.genblk3[1].fpnew_core.gen_operation_groups[3].i_opgroup_block.gen_merged_slice.i_multifmt_slice.gen_num_lanes[0]	321	7175	160	22.35	56.02
tb.dut.clusters[0].cluster.sockets[0].socket.cores[0].core.execute.fpu_unit.genblk1[0].fpu_fpnew.genblk3[1].fpnew_core.gen_operation_groups[3].i_opgroup_block.gen_merged_slice.i_multifmt_slice.gen_num_lanes[0].active_lane	302	6704	160	22.20	57.80
tb.dut.clusters[0].cluster.sockets[0].socket.cores[0].core.execute.fpu_unit.genblk1[0].fpu_fpnew.genblk3[1].fpnew_core.gen_operation_groups[3].i_opgroup_block.gen_merged_slice.i_multifmt_slice.gen_num_lanes[0].active_lane.lane_instance	296	6568	160	22.19	57.43
tb.dut.clusters[0].cluster.sockets[0].socket.cores[0].core.execute.fpu_unit.genblk1[0].fpu_fpnew.genblk3[1].fpnew_core.gen_operation_groups[3].i_opgroup_block.gen_merged_slice.i_multifmt_slice.gen_num_lanes[0].active_lane.lane_instance.i_fpnew_cast_multi	296	6568	160	22.19	57.43
tb.dut.clusters[0].cluster.sockets[0].socket.cores[0].core.execute.fpu_unit.genblk1[0].fpu_fpnew.genblk3[1].fpnew_core.gen_operation_groups[3].i_opgroup_block.gen_merged_slice.i_multifmt_slice.gen_num_lanes[0].active_lane.lane_instance.i_fpnew_cast_multi.fmt_init_inputs[0]	20	308	32	15.40	30.19
tb.dut.clusters[0].cluster.sockets[0].socket.cores[0].core.execute.fpu_unit.genblk1[0].fpu_fpnew.genblk3[1].fpnew_core.gen_operation_groups[3].i_opgroup_block.gen_merged_slice.i_multifmt_slice.gen_num_lanes[0].active_lane.lane_instance.i_fpnew_cast_multi.fmt_init_inputs[0].active_format	17	212	32	12.47	29.37
tb.dut.clusters[0].cluster.sockets[0].socket.cores[0].core.execute.fpu_unit.genblk1[0].fpu_fpnew.genblk3[1].fpnew_core.gen_operation_groups[3].i_opgroup_block.gen_merged_slice.i_multifmt_slice.gen_num_lanes[0].active_lane.lane_instance.i_fpnew_cast_multi.fmt_init_inputs[0].active_format.i_fpnew_classifier	17	212	32	12.47	29.37
tb.dut.clusters[0].cluster.sockets[0].socket.cores[0].core.execute.fpu_unit.genblk1[0].fpu_fpnew.genblk3[1].fpnew_core.gen_operation_groups[3].i_opgroup_block.gen_merged_slice.i_multifmt_slice.gen_num_lanes[0].active_lane.lane_instance.i_fpnew_cast_multi.fmt_init_inputs[0].active_format.i_fpnew_classifier.gen_num_values[0]	9	40	32	4.44	25.80
tb.dut.clusters[0].cluster.sockets[0].socket.cores[0].core.execute.fpu_unit.genblk1[0].fpu_fpnew.genblk3[1].fpnew_core.gen_operation_groups[3].i_opgroup_block.gen_merged_slice.i_multifmt_slice.gen_num_lanes[0].active_lane.lane_instance.i_fpnew_cast_multi.fmt_init_inputs[1]	3	96	32	32.00	32.00
tb.dut.clusters[0].cluster.sockets[0].socket.cores[0].core.execute.fpu_unit.genblk1[0].fpu_fpnew.genblk3[1].fpnew_core.gen_operation_groups[3].i_opgroup_block.gen_merged_slice.i_multifmt_slice.gen_num_lanes[0].active_lane.lane_instance.i_fpnew_cast_multi.fmt_init_inputs[2]	3	96	32	32.00	32.00
tb.dut.clusters[0].cluster.sockets[0].socket.cores[0].core.execute.fpu_unit.genblk1[0].fpu_fpnew.genblk3[1].fpnew_core.gen_operation_groups[3].i_opgroup_block.gen_merged_slice.i_multifmt_slice.gen_num_lanes[0].active_lane.lane_instance.i_fpnew_cast_multi.fmt_init_inputs[3]	3	96	32	32.00	32.00
tb.dut.clusters[0].cluster.sockets[0].socket.cores[0].core.execute.fpu_unit.genblk1[0].fpu_fpnew.genblk3[1].fpnew_core.gen_operation_groups[3].i_opgroup_block.gen_merged_slice.i_multifmt_slice.gen_num_lanes[0].active_lane.lane_instance.i_fpnew_cast_multi.fmt_init_inputs[4]	3	96	32	32.00	32.00
tb.dut.clusters[0].cluster.sockets[0].socket.cores[0].core.execute.fpu_unit.genblk1[0].fpu_fpnew.genblk3[1].fpnew_core.gen_operation_groups[3].i_opgroup_block.gen_merged_slice.i_multifmt_slice.gen_num_lanes[0].active_lane.lane_instance.i_fpnew_cast_multi.gen_input_pipeline[0]	1	1	1	1.00	1.00
tb.dut.clusters[0].cluster.sockets[0].socket.cores[0].core.execute.fpu_unit.genblk1[0].fpu_fpnew.genblk3[1].fpnew_core.gen_operation_groups[3].i_opgroup_block.gen_merged_slice.i_multifmt_slice.gen_num_lanes[0].active_lane.lane_instance.i_fpnew_cast_multi.gen_input_pipeline[1]	1	1	1	1.00	1.00
tb.dut.clusters[0].cluster.sockets[0].socket.cores[0].core.execute.fpu_unit.genblk1[0].fpu_fpnew.genblk3[1].fpnew_core.gen_operation_groups[3].i_opgroup_block.gen_merged_slice.i_multifmt_slice.gen_num_lanes[0].active_lane.lane_instance.i_fpnew_cast_multi.gen_inside_pipeline[0]	1	1	1	1.00	1.00
tb.dut.clusters[0].cluster.sockets[0].socket.cores[0].core.execute.fpu_unit.genblk1[0].fpu_fpnew.genblk3[1].fpnew_core.gen_operation_groups[3].i_opgroup_block.gen_merged_slice.i_multifmt_slice.gen_num_lanes[0].active_lane.lane_instance.i_fpnew_cast_multi.gen_inside_pipeline[1]	1	1	1	1.00	1.00
tb.dut.clusters[0].cluster.sockets[0].socket.cores[0].core.execute.fpu_unit.genblk1[0].fpu_fpnew.genblk3[1].fpnew_core.gen_operation_groups[3].i_opgroup_block.gen_merged_slice.i_multifmt_slice.gen_num_lanes[0].active_lane.lane_instance.i_fpnew_cast_multi.gen_int_overflow[0]	1	32	32	32.00	32.00
tb.dut.clusters[0].cluster.sockets[0].socket.cores[0].core.execute.fpu_unit.genblk1[0].fpu_fpnew.genblk3[1].fpnew_core.gen_operation_groups[3].i_opgroup_block.gen_merged_slice.i_multifmt_slice.gen_num_lanes[0].active_lane.lane_instance.i_fpnew_cast_multi.gen_int_overflow[1]	1	32	32	32.00	32.00
tb.dut.clusters[0].cluster.sockets[0].socket.cores[0].core.execute.fpu_unit.genblk1[0].fpu_fpnew.genblk3[1].fpnew_core.gen_operation_groups[3].i_opgroup_block.gen_merged_slice.i_multifmt_slice.gen_num_lanes[0].active_lane.lane_instance.i_fpnew_cast_multi.gen_int_overflow[2]	1	32	32	32.00	32.00
tb.dut.clusters[0].cluster.sockets[0].socket.cores[0].core.execute.fpu_unit.genblk1[0].fpu_fpnew.genblk3[1].fpnew_core.gen_operation_groups[3].i_opgroup_block.gen_merged_slice.i_multifmt_slice.gen_num_lanes[0].active_lane.lane_instance.i_fpnew_cast_multi.gen_int_overflow[3]	1	32	32	32.00	32.00
tb.dut.clusters[0].cluster.sockets[0].socket.cores[0].core.execute.fpu_unit.genblk1[0].fpu_fpnew.genblk3[1].fpnew_core.gen_operation_groups[3].i_opgroup_block.gen_merged_slice.i_multifmt_slice.gen_num_lanes[0].active_lane.lane_instance.i_fpnew_cast_multi.gen_int_res_sign_ext[0]	1	32	32	32.00	32.00
tb.dut.clusters[0].cluster.sockets[0].socket.cores[0].core.execute.fpu_unit.genblk1[0].fpu_fpnew.genblk3[1].fpnew_core.gen_operation_groups[3].i_opgroup_block.gen_merged_slice.i_multifmt_slice.gen_num_lanes[0].active_lane.lane_instance.i_fpnew_cast_multi.gen_int_res_sign_ext[1]	1	32	32	32.00	32.00
tb.dut.clusters[0].cluster.sockets[0].socket.cores[0].core.execute.fpu_unit.genblk1[0].fpu_fpnew.genblk3[1].fpnew_core.gen_operation_groups[3].i_opgroup_block.gen_merged_slice.i_multifmt_slice.gen_num_lanes[0].active_lane.lane_instance.i_fpnew_cast_multi.gen_int_res_sign_ext[2]	1	32	32	32.00	32.00
tb.dut.clusters[0].cluster.sockets[0].socket.cores[0].core.execute.fpu_unit.genblk1[0].fpu_fpnew.genblk3[1].fpnew_core.gen_operation_groups[3].i_opgroup_block.gen_merged_slice.i_multifmt_slice.gen_num_lanes[0].active_lane.lane_instance.i_fpnew_cast_multi.gen_int_res_sign_ext[3]	1	32	32	32.00	32.00
tb.dut.clusters[0].cluster.sockets[0].socket.cores[0].core.execute.fpu_unit.genblk1[0].fpu_fpnew.genblk3[1].fpnew_core.gen_operation_groups[3].i_opgroup_block.gen_merged_slice.i_multifmt_slice.gen_num_lanes[0].active_lane.lane_instance.i_fpnew_cast_multi.gen_output_pipeline[0]	1	1	1	1.00	1.00
tb.dut.clusters[0].cluster.sockets[0].socket.cores[0].core.execute.fpu_unit.genblk1[0].fpu_fpnew.genblk3[1].fpnew_core.gen_operation_groups[3].i_opgroup_block.gen_merged_slice.i_multifmt_slice.gen_num_lanes[0].active_lane.lane_instance.i_fpnew_cast_multi.gen_res_assemble[0]	2	64	32	32.00	32.00
tb.dut.clusters[0].cluster.sockets[0].socket.cores[0].core.execute.fpu_unit.genblk1[0].fpu_fpnew.genblk3[1].fpnew_core.gen_operation_groups[3].i_opgroup_block.gen_merged_slice.i_multifmt_slice.gen_num_lanes[0].active_lane.lane_instance.i_fpnew_cast_multi.gen_res_assemble[1]	2	64	32	32.00	32.00
tb.dut.clusters[0].cluster.sockets[0].socket.cores[0].core.execute.fpu_unit.genblk1[0].fpu_fpnew.genblk3[1].fpnew_core.gen_operation_groups[3].i_opgroup_block.gen_merged_slice.i_multifmt_slice.gen_num_lanes[0].active_lane.lane_instance.i_fpnew_cast_multi.gen_res_assemble[2]	2	64	32	32.00	32.00
tb.dut.clusters[0].cluster.sockets[0].socket.cores[0].core.execute.fpu_unit.genblk1[0].fpu_fpnew.genblk3[1].fpnew_core.gen_operation_groups[3].i_opgroup_block.gen_merged_slice.i_multifmt_slice.gen_num_lanes[0].active_lane.lane_instance.i_fpnew_cast_multi.gen_res_assemble[3]	2	64	32	32.00	32.00
tb.dut.clusters[0].cluster.sockets[0].socket.cores[0].core.execute.fpu_unit.genblk1[0].fpu_fpnew.genblk3[1].fpnew_core.gen_operation_groups[3].i_opgroup_block.gen_merged_slice.i_multifmt_slice.gen_num_lanes[0].active_lane.lane_instance.i_fpnew_cast_multi.gen_res_assemble[4]	2	64	32	32.00	32.00
tb.dut.clusters[0].cluster.sockets[0].socket.cores[0].core.execute.fpu_unit.genblk1[0].fpu_fpnew.genblk3[1].fpnew_core.gen_operation_groups[3].i_opgroup_block.gen_merged_slice.i_multifmt_slice.gen_num_lanes[0].active_lane.lane_instance.i_fpnew_cast_multi.gen_sign_extend_int[0]	1	32	32	32.00	32.00
tb.dut.clusters[0].cluster.sockets[0].socket.cores[0].core.execute.fpu_unit.genblk1[0].fpu_fpnew.genblk3[1].fpnew_core.gen_operation_groups[3].i_opgroup_block.gen_merged_slice.i_multifmt_slice.gen_num_lanes[0].active_lane.lane_instance.i_fpnew_cast_multi.gen_sign_extend_int[1]	1	32	32	32.00	32.00
tb.dut.clusters[0].cluster.sockets[0].socket.cores[0].core.execute.fpu_unit.genblk1[0].fpu_fpnew.genblk3[1].fpnew_core.gen_operation_groups[3].i_opgroup_block.gen_merged_slice.i_multifmt_slice.gen_num_lanes[0].active_lane.lane_instance.i_fpnew_cast_multi.gen_sign_extend_int[2]	1	32	32	32.00	32.00
tb.dut.clusters[0].cluster.sockets[0].socket.cores[0].core.execute.fpu_unit.genblk1[0].fpu_fpnew.genblk3[1].fpnew_core.gen_operation_groups[3].i_opgroup_block.gen_merged_slice.i_multifmt_slice.gen_num_lanes[0].active_lane.lane_instance.i_fpnew_cast_multi.gen_sign_extend_int[3]	1	32	32	32.00	32.00
tb.dut.clusters[0].cluster.sockets[0].socket.cores[0].core.execute.fpu_unit.genblk1[0].fpu_fpnew.genblk3[1].fpnew_core.gen_operation_groups[3].i_opgroup_block.gen_merged_slice.i_multifmt_slice.gen_num_lanes[0].active_lane.lane_instance.i_fpnew_cast_multi.gen_sign_inject[0]	3	96	32	32.00	32.00
tb.dut.clusters[0].cluster.sockets[0].socket.cores[0].core.execute.fpu_unit.genblk1[0].fpu_fpnew.genblk3[1].fpnew_core.gen_operation_groups[3].i_opgroup_block.gen_merged_slice.i_multifmt_slice.gen_num_lanes[0].active_lane.lane_instance.i_fpnew_cast_multi.gen_sign_inject[1]	3	96	32	32.00	32.00
tb.dut.clusters[0].cluster.sockets[0].socket.cores[0].core.execute.fpu_unit.genblk1[0].fpu_fpnew.genblk3[1].fpnew_core.gen_operation_groups[3].i_opgroup_block.gen_merged_slice.i_multifmt_slice.gen_num_lanes[0].active_lane.lane_instance.i_fpnew_cast_multi.gen_sign_inject[2]	3	96	32	32.00	32.00
tb.dut.clusters[0].cluster.sockets[0].socket.cores[0].core.execute.fpu_unit.genblk1[0].fpu_fpnew.genblk3[1].fpnew_core.gen_operation_groups[3].i_opgroup_block.gen_merged_slice.i_multifmt_slice.gen_num_lanes[0].active_lane.lane_instance.i_fpnew_cast_multi.gen_sign_inject[3]	3	96	32	32.00	32.00
tb.dut.clusters[0].cluster.sockets[0].socket.cores[0].core.execute.fpu_unit.genblk1[0].fpu_fpnew.genblk3[1].fpnew_core.gen_operation_groups[3].i_opgroup_block.gen_merged_slice.i_multifmt_slice.gen_num_lanes[0].active_lane.lane_instance.i_fpnew_cast_multi.gen_sign_inject[4]	3	96	32	32.00	32.00
tb.dut.clusters[0].cluster.sockets[0].socket.cores[0].core.execute.fpu_unit.genblk1[0].fpu_fpnew.genblk3[1].fpnew_core.gen_operation_groups[3].i_opgroup_block.gen_merged_slice.i_multifmt_slice.gen_num_lanes[0].active_lane.lane_instance.i_fpnew_cast_multi.gen_special_results[0]	6	159	32	26.50	29.49
tb.dut.clusters[0].cluster.sockets[0].socket.cores[0].core.execute.fpu_unit.genblk1[0].fpu_fpnew.genblk3[1].fpnew_core.gen_operation_groups[3].i_opgroup_block.gen_merged_slice.i_multifmt_slice.gen_num_lanes[0].active_lane.lane_instance.i_fpnew_cast_multi.gen_special_results[0].active_format	1	32	32	32.00	32.00
tb.dut.clusters[0].cluster.sockets[0].socket.cores[0].core.execute.fpu_unit.genblk1[0].fpu_fpnew.genblk3[1].fpnew_core.gen_operation_groups[3].i_opgroup_block.gen_merged_slice.i_multifmt_slice.gen_num_lanes[0].active_lane.lane_instance.i_fpnew_cast_multi.gen_special_results[0].active_format.special_results	1	32	32	32.00	32.00
tb.dut.clusters[0].cluster.sockets[0].socket.cores[0].core.execute.fpu_unit.genblk1[0].fpu_fpnew.genblk3[1].fpnew_core.gen_operation_groups[3].i_opgroup_block.gen_merged_slice.i_multifmt_slice.gen_num_lanes[0].active_lane.lane_instance.i_fpnew_cast_multi.gen_special_results[1]	5	159	52	31.80	37.09
tb.dut.clusters[0].cluster.sockets[0].socket.cores[0].core.execute.fpu_unit.genblk1[0].fpu_fpnew.genblk3[1].fpnew_core.gen_operation_groups[3].i_opgroup_block.gen_merged_slice.i_multifmt_slice.gen_num_lanes[0].active_lane.lane_instance.i_fpnew_cast_multi.gen_special_results[2]	5	111	32	22.20	28.80
tb.dut.clusters[0].cluster.sockets[0].socket.cores[0].core.execute.fpu_unit.genblk1[0].fpu_fpnew.genblk3[1].fpnew_core.gen_operation_groups[3].i_opgroup_block.gen_merged_slice.i_multifmt_slice.gen_num_lanes[0].active_lane.lane_instance.i_fpnew_cast_multi.gen_special_results[3]	5	103	32	20.60	30.11
tb.dut.clusters[0].cluster.sockets[0].socket.cores[0].core.execute.fpu_unit.genblk1[0].fpu_fpnew.genblk3[1].fpnew_core.gen_operation_groups[3].i_opgroup_block.gen_merged_slice.i_multifmt_slice.gen_num_lanes[0].active_lane.lane_instance.i_fpnew_cast_multi.gen_special_results[4]	5	111	32	22.20	28.69
tb.dut.clusters[0].cluster.sockets[0].socket.cores[0].core.execute.fpu_unit.genblk1[0].fpu_fpnew.genblk3[1].fpnew_core.gen_operation_groups[3].i_opgroup_block.gen_merged_slice.i_multifmt_slice.gen_num_lanes[0].active_lane.lane_instance.i_fpnew_cast_multi.gen_special_results_int[0]	1	32	32	32.00	32.00
tb.dut.clusters[0].cluster.sockets[0].socket.cores[0].core.execute.fpu_unit.genblk1[0].fpu_fpnew.genblk3[1].fpnew_core.gen_operation_groups[3].i_opgroup_block.gen_merged_slice.i_multifmt_slice.gen_num_lanes[0].active_lane.lane_instance.i_fpnew_cast_multi.gen_special_results_int[1]	1	32	32	32.00	32.00
tb.dut.clusters[0].cluster.sockets[0].socket.cores[0].core.execute.fpu_unit.genblk1[0].fpu_fpnew.genblk3[1].fpnew_core.gen_operation_groups[3].i_opgroup_block.gen_merged_slice.i_multifmt_slice.gen_num_lanes[0].active_lane.lane_instance.i_fpnew_cast_multi.gen_special_results_int[2]	1	32	32	32.00	32.00
tb.dut.clusters[0].cluster.sockets[0].socket.cores[0].core.execute.fpu_unit.genblk1[0].fpu_fpnew.genblk3[1].fpnew_core.gen_operation_groups[3].i_opgroup_block.gen_merged_slice.i_multifmt_slice.gen_num_lanes[0].active_lane.lane_instance.i_fpnew_cast_multi.gen_special_results_int[3]	1	32	32	32.00	32.00
tb.dut.clusters[0].cluster.sockets[0].socket.cores[0].core.execute.fpu_unit.genblk1[0].fpu_fpnew.genblk3[1].fpnew_core.gen_operation_groups[3].i_opgroup_block.gen_merged_slice.i_multifmt_slice.gen_num_lanes[0].active_lane.lane_instance.i_fpnew_cast_multi.i_fpnew_rounding	10	106	32	10.60	29.15
tb.dut.clusters[0].cluster.sockets[0].socket.cores[0].core.execute.fpu_unit.genblk1[0].fpu_fpnew.genblk3[1].fpnew_core.gen_operation_groups[3].i_opgroup_block.gen_merged_slice.i_multifmt_slice.gen_num_lanes[0].active_lane.lane_instance.i_fpnew_cast_multi.i_lzc	11	519	160	47.18	110.54
tb.dut.clusters[0].cluster.sockets[0].socket.cores[0].core.execute.fpu_unit.genblk1[0].fpu_fpnew.genblk3[1].fpnew_core.gen_operation_groups[3].i_opgroup_block.gen_merged_slice.i_multifmt_slice.gen_num_lanes[0].active_lane.lane_instance.i_fpnew_cast_multi.i_lzc.gen_lzc	5	416	160	83.20	130.46
tb.dut.clusters[0].cluster.sockets[0].socket.cores[0].core.execute.fpu_unit.genblk1[0].fpu_fpnew.genblk3[1].fpnew_core.gen_operation_groups[3].i_opgroup_block.gen_merged_slice.i_multifmt_slice.gen_num_lanes[0].int_results_enabled	4	128	32	32.00	32.00
tb.dut.clusters[0].cluster.sockets[0].socket.cores[0].core.execute.fpu_unit.genblk1[0].fpu_fpnew.genblk3[1].fpnew_core.gen_operation_groups[3].i_opgroup_block.gen_merged_slice.i_multifmt_slice.gen_num_lanes[0].int_results_enabled.pack_int_result[0]	1	32	32	32.00	32.00
tb.dut.clusters[0].cluster.sockets[0].socket.cores[0].core.execute.fpu_unit.genblk1[0].fpu_fpnew.genblk3[1].fpnew_core.gen_operation_groups[3].i_opgroup_block.gen_merged_slice.i_multifmt_slice.gen_num_lanes[0].int_results_enabled.pack_int_result[1]	1	32	32	32.00	32.00
tb.dut.clusters[0].cluster.sockets[0].socket.cores[0].core.execute.fpu_unit.genblk1[0].fpu_fpnew.genblk3[1].fpnew_core.gen_operation_groups[3].i_opgroup_block.gen_merged_slice.i_multifmt_slice.gen_num_lanes[0].int_results_enabled.pack_int_result[2]	1	32	32	32.00	32.00
tb.dut.clusters[0].cluster.sockets[0].socket.cores[0].core.execute.fpu_unit.genblk1[0].fpu_fpnew.genblk3[1].fpnew_core.gen_operation_groups[3].i_opgroup_block.gen_merged_slice.i_multifmt_slice.gen_num_lanes[0].int_results_enabled.pack_int_result[3]	1	32	32	32.00	32.00
tb.dut.clusters[0].cluster.sockets[0].socket.cores[0].core.execute.fpu_unit.genblk1[0].fpu_fpnew.genblk3[1].fpnew_core.gen_operation_groups[3].i_opgroup_block.gen_merged_slice.i_multifmt_slice.gen_num_lanes[0].pack_fp_result[0]	1	32	32	32.00	32.00
tb.dut.clusters[0].cluster.sockets[0].socket.cores[0].core.execute.fpu_unit.genblk1[0].fpu_fpnew.genblk3[1].fpnew_core.gen_operation_groups[3].i_opgroup_block.gen_merged_slice.i_multifmt_slice.gen_num_lanes[0].pack_fp_result[1]	1	32	32	32.00	32.00
tb.dut.clusters[0].cluster.sockets[0].socket.cores[0].core.execute.fpu_unit.genblk1[0].fpu_fpnew.genblk3[1].fpnew_core.gen_operation_groups[3].i_opgroup_block.gen_merged_slice.i_multifmt_slice.gen_num_lanes[0].pack_fp_result[2]	1	32	32	32.00	32.00
tb.dut.clusters[0].cluster.sockets[0].socket.cores[0].core.execute.fpu_unit.genblk1[0].fpu_fpnew.genblk3[1].fpnew_core.gen_operation_groups[3].i_opgroup_block.gen_merged_slice.i_multifmt_slice.gen_num_lanes[0].pack_fp_result[3]	1	32	32	32.00	32.00
tb.dut.clusters[0].cluster.sockets[0].socket.cores[0].core.execute.fpu_unit.genblk1[0].fpu_fpnew.genblk3[1].fpnew_core.gen_operation_groups[3].i_opgroup_block.gen_merged_slice.i_multifmt_slice.gen_num_lanes[0].pack_fp_result[4]	1	32	32	32.00	32.00
tb.dut.clusters[0].cluster.sockets[0].socket.cores[0].core.execute.fpu_unit.genblk1[0].fpu_fpnew.genblk3[1].fpnew_core.gen_operation_groups[3].i_opgroup_block.gen_merged_slice.i_multifmt_slice.target_regs	9	227	192	25.22	164.16
tb.dut.clusters[0].cluster.sockets[0].socket.cores[0].core.execute.fpu_unit.genblk1[0].fpu_fpnew.genblk3[1].fpnew_core.gen_operation_groups[3].i_opgroup_block.gen_merged_slice.i_multifmt_slice.target_regs.gen_bypass_pipeline[0]	1	1	1	1.00	1.00
tb.dut.clusters[0].cluster.sockets[0].socket.cores[0].core.execute.fpu_unit.genblk1[0].fpu_fpnew.genblk3[1].fpnew_core.gen_operation_groups[3].i_opgroup_block.gen_merged_slice.i_multifmt_slice.target_regs.gen_bypass_pipeline[1]	1	1	1	1.00	1.00
tb.dut.clusters[0].cluster.sockets[0].socket.cores[0].core.execute.fpu_unit.genblk1[0].fpu_fpnew.genblk3[1].fpnew_core.gen_operation_groups[3].i_opgroup_block.gen_merged_slice.i_multifmt_slice.target_regs.gen_bypass_pipeline[2]	1	1	1	1.00	1.00
tb.dut.clusters[0].cluster.sockets[0].socket.cores[0].core.execute.fpu_unit.genblk1[0].fpu_fpnew.genblk3[1].fpnew_core.gen_operation_groups[3].i_opgroup_block.gen_merged_slice.i_multifmt_slice.target_regs.gen_bypass_pipeline[3]	1	1	1	1.00	1.00
tb.dut.clusters[0].cluster.sockets[0].socket.cores[0].core.execute.fpu_unit.genblk1[0].fpu_fpnew.genblk3[1].fpnew_core.gen_operation_groups[3].i_opgroup_block.gen_merged_slice.i_multifmt_slice.target_regs.gen_bypass_pipeline[4]	1	1	1	1.00	1.00
tb.dut.clusters[0].cluster.sockets[0].socket.cores[0].core.execute.fpu_unit.genblk1[0].fpu_fpnew.genblk3[1].fpnew_core.gen_operation_groups[3].i_opgroup_block.gen_parallel_slices[0]	2	2	1	1.00	1.00
tb.dut.clusters[0].cluster.sockets[0].socket.cores[0].core.execute.fpu_unit.genblk1[0].fpu_fpnew.genblk3[1].fpnew_core.gen_operation_groups[3].i_opgroup_block.gen_parallel_slices[1]	2	2	1	1.00	1.00
tb.dut.clusters[0].cluster.sockets[0].socket.cores[0].core.execute.fpu_unit.genblk1[0].fpu_fpnew.genblk3[1].fpnew_core.gen_operation_groups[3].i_opgroup_block.gen_parallel_slices[2]	2	2	1	1.00	1.00
tb.dut.clusters[0].cluster.sockets[0].socket.cores[0].core.execute.fpu_unit.genblk1[0].fpu_fpnew.genblk3[1].fpnew_core.gen_operation_groups[3].i_opgroup_block.gen_parallel_slices[3]	2	2	1	1.00	1.00
tb.dut.clusters[0].cluster.sockets[0].socket.cores[0].core.execute.fpu_unit.genblk1[0].fpu_fpnew.genblk3[1].fpnew_core.gen_operation_groups[3].i_opgroup_block.gen_parallel_slices[4]	2	2	1	1.00	1.00
tb.dut.clusters[0].cluster.sockets[0].socket.cores[0].core.execute.fpu_unit.genblk1[0].fpu_fpnew.genblk3[1].fpnew_core.gen_operation_groups[3].i_opgroup_block.i_arbiter	75	1510	280	20.13	97.46
tb.dut.clusters[0].cluster.sockets[0].socket.cores[0].core.execute.fpu_unit.genblk1[0].fpu_fpnew.genblk3[1].fpnew_core.gen_operation_groups[3].i_opgroup_block.i_arbiter.gen_arbiter	58	1150	280	19.83	89.06
tb.dut.clusters[0].cluster.sockets[0].socket.cores[0].core.execute.fpu_unit.genblk1[0].fpu_fpnew.genblk3[1].fpnew_core.gen_operation_groups[3].i_opgroup_block.i_arbiter.gen_arbiter.gen_int_rr	30	340	32	11.33	23.78
tb.dut.clusters[0].cluster.sockets[0].socket.cores[0].core.execute.fpu_unit.genblk1[0].fpu_fpnew.genblk3[1].fpnew_core.gen_operation_groups[3].i_opgroup_block.i_arbiter.gen_arbiter.gen_int_rr.gen_fair_arb	29	337	32	11.62	23.96
tb.dut.clusters[0].cluster.sockets[0].socket.cores[0].core.execute.fpu_unit.genblk1[0].fpu_fpnew.genblk3[1].fpnew_core.gen_operation_groups[3].i_opgroup_block.i_arbiter.gen_arbiter.gen_int_rr.gen_fair_arb.i_lzc_lower	11	158	32	14.36	25.30
tb.dut.clusters[0].cluster.sockets[0].socket.cores[0].core.execute.fpu_unit.genblk1[0].fpu_fpnew.genblk3[1].fpnew_core.gen_operation_groups[3].i_opgroup_block.i_arbiter.gen_arbiter.gen_int_rr.gen_fair_arb.i_lzc_lower.gen_lzc	5	84	32	16.80	22.79
tb.dut.clusters[0].cluster.sockets[0].socket.cores[0].core.execute.fpu_unit.genblk1[0].fpu_fpnew.genblk3[1].fpnew_core.gen_operation_groups[3].i_opgroup_block.i_arbiter.gen_arbiter.gen_int_rr.gen_fair_arb.i_lzc_upper	11	158	32	14.36	25.30
tb.dut.clusters[0].cluster.sockets[0].socket.cores[0].core.execute.fpu_unit.genblk1[0].fpu_fpnew.genblk3[1].fpnew_core.gen_operation_groups[3].i_opgroup_block.i_arbiter.gen_arbiter.gen_int_rr.gen_fair_arb.i_lzc_upper.gen_lzc	5	84	32	16.80	22.79
tb.dut.clusters[0].cluster.sockets[0].socket.cores[0].core.execute.fpu_unit.genblk1[0].fpu_fpnew.genblk3[1].fpnew_core.gen_operation_groups[3].i_opgroup_block.i_arbiter.gen_arbiter.gen_levels[0]	3	65	32	21.67	31.52
tb.dut.clusters[0].cluster.sockets[0].socket.cores[0].core.execute.fpu_unit.genblk1[0].fpu_fpnew.genblk3[1].fpnew_core.gen_operation_groups[3].i_opgroup_block.i_arbiter.gen_arbiter.gen_levels[0].gen_level[0]	3	65	32	21.67	31.52
tb.dut.clusters[0].cluster.sockets[0].socket.cores[0].core.execute.fpu_unit.genblk1[0].fpu_fpnew.genblk3[1].fpnew_core.gen_operation_groups[3].i_opgroup_block.i_arbiter.gen_arbiter.gen_levels[1]	6	130	32	21.67	31.52
tb.dut.clusters[0].cluster.sockets[0].socket.cores[0].core.execute.fpu_unit.genblk1[0].fpu_fpnew.genblk3[1].fpnew_core.gen_operation_groups[3].i_opgroup_block.i_arbiter.gen_arbiter.gen_levels[1].gen_level[0]	3	65	32	21.67	31.52
tb.dut.clusters[0].cluster.sockets[0].socket.cores[0].core.execute.fpu_unit.genblk1[0].fpu_fpnew.genblk3[1].fpnew_core.gen_operation_groups[3].i_opgroup_block.i_arbiter.gen_arbiter.gen_levels[1].gen_level[1]	3	65	32	21.67	31.52
tb.dut.clusters[0].cluster.sockets[0].socket.cores[0].core.execute.fpu_unit.genblk1[0].fpu_fpnew.genblk3[1].fpnew_core.gen_operation_groups[3].i_opgroup_block.i_arbiter.gen_arbiter.gen_levels[2]	12	260	32	21.67	31.52
tb.dut.clusters[0].cluster.sockets[0].socket.cores[0].core.execute.fpu_unit.genblk1[0].fpu_fpnew.genblk3[1].fpnew_core.gen_operation_groups[3].i_opgroup_block.i_arbiter.gen_arbiter.gen_levels[2].gen_level[0]	3	65	32	21.67	31.52
tb.dut.clusters[0].cluster.sockets[0].socket.cores[0].core.execute.fpu_unit.genblk1[0].fpu_fpnew.genblk3[1].fpnew_core.gen_operation_groups[3].i_opgroup_block.i_arbiter.gen_arbiter.gen_levels[2].gen_level[1]	3	65	32	21.67	31.52
tb.dut.clusters[0].cluster.sockets[0].socket.cores[0].core.execute.fpu_unit.genblk1[0].fpu_fpnew.genblk3[1].fpnew_core.gen_operation_groups[3].i_opgroup_block.i_arbiter.gen_arbiter.gen_levels[2].gen_level[2]	3	65	32	21.67	31.52
tb.dut.clusters[0].cluster.sockets[0].socket.cores[0].core.execute.fpu_unit.genblk1[0].fpu_fpnew.genblk3[1].fpnew_core.gen_operation_groups[3].i_opgroup_block.i_arbiter.gen_arbiter.gen_levels[2].gen_level[3]	3	65	32	21.67	31.52
tb.dut.clusters[0].cluster.sockets[0].socket.cores[0].core.execute.fpu_unit.genblk1[0].fpu_fpnew.genblk3[1].fpnew_core.i_arbiter	63	947	156	15.03	59.63
tb.dut.clusters[0].cluster.sockets[0].socket.cores[0].core.execute.fpu_unit.genblk1[0].fpu_fpnew.genblk3[1].fpnew_core.i_arbiter.gen_arbiter	46	636	117	13.83	43.23
tb.dut.clusters[0].cluster.sockets[0].socket.cores[0].core.execute.fpu_unit.genblk1[0].fpu_fpnew.genblk3[1].fpnew_core.i_arbiter.gen_arbiter.gen_int_rr	30	274	32	9.13	23.93
tb.dut.clusters[0].cluster.sockets[0].socket.cores[0].core.execute.fpu_unit.genblk1[0].fpu_fpnew.genblk3[1].fpnew_core.i_arbiter.gen_arbiter.gen_int_rr.gen_fair_arb	29	272	32	9.38	24.10
tb.dut.clusters[0].cluster.sockets[0].socket.cores[0].core.execute.fpu_unit.genblk1[0].fpu_fpnew.genblk3[1].fpnew_core.i_arbiter.gen_arbiter.gen_int_rr.gen_fair_arb.i_lzc_lower	11	128	32	11.64	25.42
tb.dut.clusters[0].cluster.sockets[0].socket.cores[0].core.execute.fpu_unit.genblk1[0].fpu_fpnew.genblk3[1].fpnew_core.i_arbiter.gen_arbiter.gen_int_rr.gen_fair_arb.i_lzc_lower.gen_lzc	5	56	32	11.20	21.14
tb.dut.clusters[0].cluster.sockets[0].socket.cores[0].core.execute.fpu_unit.genblk1[0].fpu_fpnew.genblk3[1].fpnew_core.i_arbiter.gen_arbiter.gen_int_rr.gen_fair_arb.i_lzc_upper	11	128	32	11.64	25.42
tb.dut.clusters[0].cluster.sockets[0].socket.cores[0].core.execute.fpu_unit.genblk1[0].fpu_fpnew.genblk3[1].fpnew_core.i_arbiter.gen_arbiter.gen_int_rr.gen_fair_arb.i_lzc_upper.gen_lzc	5	56	32	11.20	21.14
tb.dut.clusters[0].cluster.sockets[0].socket.cores[0].core.execute.fpu_unit.genblk1[0].fpu_fpnew.genblk3[1].fpnew_core.i_arbiter.gen_arbiter.gen_levels[0]	3	65	32	21.67	31.52
tb.dut.clusters[0].cluster.sockets[0].socket.cores[0].core.execute.fpu_unit.genblk1[0].fpu_fpnew.genblk3[1].fpnew_core.i_arbiter.gen_arbiter.gen_levels[0].gen_level[0]	3	65	32	21.67	31.52
tb.dut.clusters[0].cluster.sockets[0].socket.cores[0].core.execute.fpu_unit.genblk1[0].fpu_fpnew.genblk3[1].fpnew_core.i_arbiter.gen_arbiter.gen_levels[1]	6	130	32	21.67	31.52
tb.dut.clusters[0].cluster.sockets[0].socket.cores[0].core.execute.fpu_unit.genblk1[0].fpu_fpnew.genblk3[1].fpnew_core.i_arbiter.gen_arbiter.gen_levels[1].gen_level[0]	3	65	32	21.67	31.52
tb.dut.clusters[0].cluster.sockets[0].socket.cores[0].core.execute.fpu_unit.genblk1[0].fpu_fpnew.genblk3[1].fpnew_core.i_arbiter.gen_arbiter.gen_levels[1].gen_level[1]	3	65	32	21.67	31.52
tb.dut.clusters[0].cluster.sockets[0].socket.cores[0].core.execute.fpu_unit.genblk1[0].fpu_fpnew.genblk3[2]	2201	43590	682	19.80	95.32
tb.dut.clusters[0].cluster.sockets[0].socket.cores[0].core.execute.fpu_unit.genblk1[0].fpu_fpnew.genblk3[2].fpnew_core	2197	43581	682	19.84	95.34
tb.dut.clusters[0].cluster.sockets[0].socket.cores[0].core.execute.fpu_unit.genblk1[0].fpu_fpnew.genblk3[2].fpnew_core.gen_nanbox_check[0]	1	32	32	32.00	32.00
tb.dut.clusters[0].cluster.sockets[0].socket.cores[0].core.execute.fpu_unit.genblk1[0].fpu_fpnew.genblk3[2].fpnew_core.gen_nanbox_check[1]	1	32	32	32.00	32.00
tb.dut.clusters[0].cluster.sockets[0].socket.cores[0].core.execute.fpu_unit.genblk1[0].fpu_fpnew.genblk3[2].fpnew_core.gen_nanbox_check[2]	1	32	32	32.00	32.00
tb.dut.clusters[0].cluster.sockets[0].socket.cores[0].core.execute.fpu_unit.genblk1[0].fpu_fpnew.genblk3[2].fpnew_core.gen_nanbox_check[3]	1	32	32	32.00	32.00
tb.dut.clusters[0].cluster.sockets[0].socket.cores[0].core.execute.fpu_unit.genblk1[0].fpu_fpnew.genblk3[2].fpnew_core.gen_nanbox_check[4]	1	32	32	32.00	32.00
tb.dut.clusters[0].cluster.sockets[0].socket.cores[0].core.execute.fpu_unit.genblk1[0].fpu_fpnew.genblk3[2].fpnew_core.gen_operation_groups[0]	399	7400	384	18.55	99.33
tb.dut.clusters[0].cluster.sockets[0].socket.cores[0].core.execute.fpu_unit.genblk1[0].fpu_fpnew.genblk3[2].fpnew_core.gen_operation_groups[0].i_opgroup_block	396	7352	384	18.57	99.81
tb.dut.clusters[0].cluster.sockets[0].socket.cores[0].core.execute.fpu_unit.genblk1[0].fpu_fpnew.genblk3[2].fpnew_core.gen_operation_groups[0].i_opgroup_block.gen_parallel_slices[0]	272	5051	384	18.57	99.68
tb.dut.clusters[0].cluster.sockets[0].socket.cores[0].core.execute.fpu_unit.genblk1[0].fpu_fpnew.genblk3[2].fpnew_core.gen_operation_groups[0].i_opgroup_block.gen_parallel_slices[0].active_format	270	5049	384	18.70	99.72
tb.dut.clusters[0].cluster.sockets[0].socket.cores[0].core.execute.fpu_unit.genblk1[0].fpu_fpnew.genblk3[2].fpnew_core.gen_operation_groups[0].i_opgroup_block.gen_parallel_slices[0].active_format.i_fmt_slice	267	5015	384	18.78	100.19
tb.dut.clusters[0].cluster.sockets[0].socket.cores[0].core.execute.fpu_unit.genblk1[0].fpu_fpnew.genblk3[2].fpnew_core.gen_operation_groups[0].i_opgroup_block.gen_parallel_slices[0].active_format.i_fmt_slice.gen_num_lanes[0]	216	4401	384	20.38	108.76
tb.dut.clusters[0].cluster.sockets[0].socket.cores[0].core.execute.fpu_unit.genblk1[0].fpu_fpnew.genblk3[2].fpnew_core.gen_operation_groups[0].i_opgroup_block.gen_parallel_slices[0].active_format.i_fmt_slice.gen_num_lanes[0].active_lane	214	4368	384	20.41	109.35
tb.dut.clusters[0].cluster.sockets[0].socket.cores[0].core.execute.fpu_unit.genblk1[0].fpu_fpnew.genblk3[2].fpnew_core.gen_operation_groups[0].i_opgroup_block.gen_parallel_slices[0].active_format.i_fmt_slice.gen_num_lanes[0].active_lane.lane_instance	208	4232	384	20.35	110.44
tb.dut.clusters[0].cluster.sockets[0].socket.cores[0].core.execute.fpu_unit.genblk1[0].fpu_fpnew.genblk3[2].fpnew_core.gen_operation_groups[0].i_opgroup_block.gen_parallel_slices[0].active_format.i_fmt_slice.gen_num_lanes[0].active_lane.lane_instance.i_fma	208	4232	384	20.35	110.44
tb.dut.clusters[0].cluster.sockets[0].socket.cores[0].core.execute.fpu_unit.genblk1[0].fpu_fpnew.genblk3[2].fpnew_core.gen_operation_groups[0].i_opgroup_block.gen_parallel_slices[0].active_format.i_fmt_slice.gen_num_lanes[0].active_lane.lane_instance.i_fma.gen_input_pipeline[0]	1	1	1	1.00	1.00
tb.dut.clusters[0].cluster.sockets[0].socket.cores[0].core.execute.fpu_unit.genblk1[0].fpu_fpnew.genblk3[2].fpnew_core.gen_operation_groups[0].i_opgroup_block.gen_parallel_slices[0].active_format.i_fmt_slice.gen_num_lanes[0].active_lane.lane_instance.i_fma.gen_inside_pipeline[0]	1	1	1	1.00	1.00
tb.dut.clusters[0].cluster.sockets[0].socket.cores[0].core.execute.fpu_unit.genblk1[0].fpu_fpnew.genblk3[2].fpnew_core.gen_operation_groups[0].i_opgroup_block.gen_parallel_slices[0].active_format.i_fmt_slice.gen_num_lanes[0].active_lane.lane_instance.i_fma.gen_inside_pipeline[1]	1	1	1	1.00	1.00
tb.dut.clusters[0].cluster.sockets[0].socket.cores[0].core.execute.fpu_unit.genblk1[0].fpu_fpnew.genblk3[2].fpnew_core.gen_operation_groups[0].i_opgroup_block.gen_parallel_slices[0].active_format.i_fmt_slice.gen_num_lanes[0].active_lane.lane_instance.i_fma.gen_output_pipeline[0]	1	1	1	1.00	1.00
tb.dut.clusters[0].cluster.sockets[0].socket.cores[0].core.execute.fpu_unit.genblk1[0].fpu_fpnew.genblk3[2].fpnew_core.gen_operation_groups[0].i_opgroup_block.gen_parallel_slices[0].active_format.i_fmt_slice.gen_num_lanes[0].active_lane.lane_instance.i_fma.i_class_inputs	35	374	96	10.69	45.46
tb.dut.clusters[0].cluster.sockets[0].socket.cores[0].core.execute.fpu_unit.genblk1[0].fpu_fpnew.genblk3[2].fpnew_core.gen_operation_groups[0].i_opgroup_block.gen_parallel_slices[0].active_format.i_fmt_slice.gen_num_lanes[0].active_lane.lane_instance.i_fma.i_class_inputs.gen_num_values[0]	9	40	32	4.44	25.80
tb.dut.clusters[0].cluster.sockets[0].socket.cores[0].core.execute.fpu_unit.genblk1[0].fpu_fpnew.genblk3[2].fpnew_core.gen_operation_groups[0].i_opgroup_block.gen_parallel_slices[0].active_format.i_fmt_slice.gen_num_lanes[0].active_lane.lane_instance.i_fma.i_class_inputs.gen_num_values[1]	9	40	32	4.44	25.80
tb.dut.clusters[0].cluster.sockets[0].socket.cores[0].core.execute.fpu_unit.genblk1[0].fpu_fpnew.genblk3[2].fpnew_core.gen_operation_groups[0].i_opgroup_block.gen_parallel_slices[0].active_format.i_fmt_slice.gen_num_lanes[0].active_lane.lane_instance.i_fma.i_class_inputs.gen_num_values[2]	9	40	32	4.44	25.80
tb.dut.clusters[0].cluster.sockets[0].socket.cores[0].core.execute.fpu_unit.genblk1[0].fpu_fpnew.genblk3[2].fpnew_core.gen_operation_groups[0].i_opgroup_block.gen_parallel_slices[0].active_format.i_fmt_slice.gen_num_lanes[0].active_lane.lane_instance.i_fma.i_fpnew_rounding	10	104	32	10.40	28.50
tb.dut.clusters[0].cluster.sockets[0].socket.cores[0].core.execute.fpu_unit.genblk1[0].fpu_fpnew.genblk3[2].fpnew_core.gen_operation_groups[0].i_opgroup_block.gen_parallel_slices[0].active_format.i_fmt_slice.gen_num_lanes[0].active_lane.lane_instance.i_fma.i_lzc	11	960	384	87.27	264.06
tb.dut.clusters[0].cluster.sockets[0].socket.cores[0].core.execute.fpu_unit.genblk1[0].fpu_fpnew.genblk3[2].fpnew_core.gen_operation_groups[0].i_opgroup_block.gen_parallel_slices[0].active_format.i_fmt_slice.gen_num_lanes[0].active_lane.lane_instance.i_fma.i_lzc.gen_lzc	5	837	384	167.40	297.27
tb.dut.clusters[0].cluster.sockets[0].socket.cores[0].core.execute.fpu_unit.genblk1[0].fpu_fpnew.genblk3[2].fpnew_core.gen_operation_groups[0].i_opgroup_block.gen_parallel_slices[1]	2	2	1	1.00	1.00
tb.dut.clusters[0].cluster.sockets[0].socket.cores[0].core.execute.fpu_unit.genblk1[0].fpu_fpnew.genblk3[2].fpnew_core.gen_operation_groups[0].i_opgroup_block.gen_parallel_slices[2]	2	2	1	1.00	1.00
tb.dut.clusters[0].cluster.sockets[0].socket.cores[0].core.execute.fpu_unit.genblk1[0].fpu_fpnew.genblk3[2].fpnew_core.gen_operation_groups[0].i_opgroup_block.gen_parallel_slices[3]	2	2	1	1.00	1.00
tb.dut.clusters[0].cluster.sockets[0].socket.cores[0].core.execute.fpu_unit.genblk1[0].fpu_fpnew.genblk3[2].fpnew_core.gen_operation_groups[0].i_opgroup_block.gen_parallel_slices[4]	2	2	1	1.00	1.00
tb.dut.clusters[0].cluster.sockets[0].socket.cores[0].core.execute.fpu_unit.genblk1[0].fpu_fpnew.genblk3[2].fpnew_core.gen_operation_groups[0].i_opgroup_block.i_arbiter	75	1510	280	20.13	97.46
tb.dut.clusters[0].cluster.sockets[0].socket.cores[0].core.execute.fpu_unit.genblk1[0].fpu_fpnew.genblk3[2].fpnew_core.gen_operation_groups[0].i_opgroup_block.i_arbiter.gen_arbiter	58	1150	280	19.83	89.06
tb.dut.clusters[0].cluster.sockets[0].socket.cores[0].core.execute.fpu_unit.genblk1[0].fpu_fpnew.genblk3[2].fpnew_core.gen_operation_groups[0].i_opgroup_block.i_arbiter.gen_arbiter.gen_int_rr	30	340	32	11.33	23.78
tb.dut.clusters[0].cluster.sockets[0].socket.cores[0].core.execute.fpu_unit.genblk1[0].fpu_fpnew.genblk3[2].fpnew_core.gen_operation_groups[0].i_opgroup_block.i_arbiter.gen_arbiter.gen_int_rr.gen_fair_arb	29	337	32	11.62	23.96
tb.dut.clusters[0].cluster.sockets[0].socket.cores[0].core.execute.fpu_unit.genblk1[0].fpu_fpnew.genblk3[2].fpnew_core.gen_operation_groups[0].i_opgroup_block.i_arbiter.gen_arbiter.gen_int_rr.gen_fair_arb.i_lzc_lower	11	158	32	14.36	25.30
tb.dut.clusters[0].cluster.sockets[0].socket.cores[0].core.execute.fpu_unit.genblk1[0].fpu_fpnew.genblk3[2].fpnew_core.gen_operation_groups[0].i_opgroup_block.i_arbiter.gen_arbiter.gen_int_rr.gen_fair_arb.i_lzc_lower.gen_lzc	5	84	32	16.80	22.79
tb.dut.clusters[0].cluster.sockets[0].socket.cores[0].core.execute.fpu_unit.genblk1[0].fpu_fpnew.genblk3[2].fpnew_core.gen_operation_groups[0].i_opgroup_block.i_arbiter.gen_arbiter.gen_int_rr.gen_fair_arb.i_lzc_upper	11	158	32	14.36	25.30
tb.dut.clusters[0].cluster.sockets[0].socket.cores[0].core.execute.fpu_unit.genblk1[0].fpu_fpnew.genblk3[2].fpnew_core.gen_operation_groups[0].i_opgroup_block.i_arbiter.gen_arbiter.gen_int_rr.gen_fair_arb.i_lzc_upper.gen_lzc	5	84	32	16.80	22.79
tb.dut.clusters[0].cluster.sockets[0].socket.cores[0].core.execute.fpu_unit.genblk1[0].fpu_fpnew.genblk3[2].fpnew_core.gen_operation_groups[0].i_opgroup_block.i_arbiter.gen_arbiter.gen_levels[0]	3	65	32	21.67	31.52
tb.dut.clusters[0].cluster.sockets[0].socket.cores[0].core.execute.fpu_unit.genblk1[0].fpu_fpnew.genblk3[2].fpnew_core.gen_operation_groups[0].i_opgroup_block.i_arbiter.gen_arbiter.gen_levels[0].gen_level[0]	3	65	32	21.67	31.52
tb.dut.clusters[0].cluster.sockets[0].socket.cores[0].core.execute.fpu_unit.genblk1[0].fpu_fpnew.genblk3[2].fpnew_core.gen_operation_groups[0].i_opgroup_block.i_arbiter.gen_arbiter.gen_levels[1]	6	130	32	21.67	31.52
tb.dut.clusters[0].cluster.sockets[0].socket.cores[0].core.execute.fpu_unit.genblk1[0].fpu_fpnew.genblk3[2].fpnew_core.gen_operation_groups[0].i_opgroup_block.i_arbiter.gen_arbiter.gen_levels[1].gen_level[0]	3	65	32	21.67	31.52
tb.dut.clusters[0].cluster.sockets[0].socket.cores[0].core.execute.fpu_unit.genblk1[0].fpu_fpnew.genblk3[2].fpnew_core.gen_operation_groups[0].i_opgroup_block.i_arbiter.gen_arbiter.gen_levels[1].gen_level[1]	3	65	32	21.67	31.52
tb.dut.clusters[0].cluster.sockets[0].socket.cores[0].core.execute.fpu_unit.genblk1[0].fpu_fpnew.genblk3[2].fpnew_core.gen_operation_groups[0].i_opgroup_block.i_arbiter.gen_arbiter.gen_levels[2]	12	260	32	21.67	31.52
tb.dut.clusters[0].cluster.sockets[0].socket.cores[0].core.execute.fpu_unit.genblk1[0].fpu_fpnew.genblk3[2].fpnew_core.gen_operation_groups[0].i_opgroup_block.i_arbiter.gen_arbiter.gen_levels[2].gen_level[0]	3	65	32	21.67	31.52
tb.dut.clusters[0].cluster.sockets[0].socket.cores[0].core.execute.fpu_unit.genblk1[0].fpu_fpnew.genblk3[2].fpnew_core.gen_operation_groups[0].i_opgroup_block.i_arbiter.gen_arbiter.gen_levels[2].gen_level[1]	3	65	32	21.67	31.52
tb.dut.clusters[0].cluster.sockets[0].socket.cores[0].core.execute.fpu_unit.genblk1[0].fpu_fpnew.genblk3[2].fpnew_core.gen_operation_groups[0].i_opgroup_block.i_arbiter.gen_arbiter.gen_levels[2].gen_level[2]	3	65	32	21.67	31.52
tb.dut.clusters[0].cluster.sockets[0].socket.cores[0].core.execute.fpu_unit.genblk1[0].fpu_fpnew.genblk3[2].fpnew_core.gen_operation_groups[0].i_opgroup_block.i_arbiter.gen_arbiter.gen_levels[2].gen_level[3]	3	65	32	21.67	31.52
tb.dut.clusters[0].cluster.sockets[0].socket.cores[0].core.execute.fpu_unit.genblk1[0].fpu_fpnew.genblk3[2].fpnew_core.gen_operation_groups[1]	846	18392	576	21.74	97.68
tb.dut.clusters[0].cluster.sockets[0].socket.cores[0].core.execute.fpu_unit.genblk1[0].fpu_fpnew.genblk3[2].fpnew_core.gen_operation_groups[1].i_opgroup_block	843	18349	576	21.77	97.84
tb.dut.clusters[0].cluster.sockets[0].socket.cores[0].core.execute.fpu_unit.genblk1[0].fpu_fpnew.genblk3[2].fpnew_core.gen_operation_groups[1].i_opgroup_block.gen_merged_slice	717	16083	576	22.43	97.64
tb.dut.clusters[0].cluster.sockets[0].socket.cores[0].core.execute.fpu_unit.genblk1[0].fpu_fpnew.genblk3[2].fpnew_core.gen_operation_groups[1].i_opgroup_block.gen_merged_slice.i_multifmt_slice	714	16047	576	22.47	97.79
tb.dut.clusters[0].cluster.sockets[0].socket.cores[0].core.execute.fpu_unit.genblk1[0].fpu_fpnew.genblk3[2].fpnew_core.gen_operation_groups[1].i_opgroup_block.gen_merged_slice.i_multifmt_slice.extend_fp_result[0]	1	32	32	32.00	32.00
tb.dut.clusters[0].cluster.sockets[0].socket.cores[0].core.execute.fpu_unit.genblk1[0].fpu_fpnew.genblk3[2].fpnew_core.gen_operation_groups[1].i_opgroup_block.gen_merged_slice.i_multifmt_slice.extend_fp_result[1]	1	32	32	32.00	32.00
tb.dut.clusters[0].cluster.sockets[0].socket.cores[0].core.execute.fpu_unit.genblk1[0].fpu_fpnew.genblk3[2].fpnew_core.gen_operation_groups[1].i_opgroup_block.gen_merged_slice.i_multifmt_slice.extend_fp_result[2]	1	32	32	32.00	32.00
tb.dut.clusters[0].cluster.sockets[0].socket.cores[0].core.execute.fpu_unit.genblk1[0].fpu_fpnew.genblk3[2].fpnew_core.gen_operation_groups[1].i_opgroup_block.gen_merged_slice.i_multifmt_slice.extend_fp_result[3]	1	32	32	32.00	32.00
tb.dut.clusters[0].cluster.sockets[0].socket.cores[0].core.execute.fpu_unit.genblk1[0].fpu_fpnew.genblk3[2].fpnew_core.gen_operation_groups[1].i_opgroup_block.gen_merged_slice.i_multifmt_slice.extend_fp_result[4]	1	32	32	32.00	32.00
tb.dut.clusters[0].cluster.sockets[0].socket.cores[0].core.execute.fpu_unit.genblk1[0].fpu_fpnew.genblk3[2].fpnew_core.gen_operation_groups[1].i_opgroup_block.gen_merged_slice.i_multifmt_slice.gen_num_lanes[0]	635	14916	576	23.49	100.69
tb.dut.clusters[0].cluster.sockets[0].socket.cores[0].core.execute.fpu_unit.genblk1[0].fpu_fpnew.genblk3[2].fpnew_core.gen_operation_groups[1].i_opgroup_block.gen_merged_slice.i_multifmt_slice.gen_num_lanes[0].active_lane	620	14573	576	23.50	102.35
tb.dut.clusters[0].cluster.sockets[0].socket.cores[0].core.execute.fpu_unit.genblk1[0].fpu_fpnew.genblk3[2].fpnew_core.gen_operation_groups[1].i_opgroup_block.gen_merged_slice.i_multifmt_slice.gen_num_lanes[0].active_lane.lane_instance	614	14469	576	23.57	102.73
tb.dut.clusters[0].cluster.sockets[0].socket.cores[0].core.execute.fpu_unit.genblk1[0].fpu_fpnew.genblk3[2].fpnew_core.gen_operation_groups[1].i_opgroup_block.gen_merged_slice.i_multifmt_slice.gen_num_lanes[0].active_lane.lane_instance.genblk1	614	14469	576	23.57	102.73
tb.dut.clusters[0].cluster.sockets[0].socket.cores[0].core.execute.fpu_unit.genblk1[0].fpu_fpnew.genblk3[2].fpnew_core.gen_operation_groups[1].i_opgroup_block.gen_merged_slice.i_multifmt_slice.gen_num_lanes[0].active_lane.lane_instance.genblk1.i_fpnew_divsqrt_multi	614	14469	576	23.57	102.73
tb.dut.clusters[0].cluster.sockets[0].socket.cores[0].core.execute.fpu_unit.genblk1[0].fpu_fpnew.genblk3[2].fpnew_core.gen_operation_groups[1].i_opgroup_block.gen_merged_slice.i_multifmt_slice.gen_num_lanes[0].active_lane.lane_instance.genblk1.i_fpnew_divsqrt_multi.gen_input_pipeline[0]	1	1	1	1.00	1.00
tb.dut.clusters[0].cluster.sockets[0].socket.cores[0].core.execute.fpu_unit.genblk1[0].fpu_fpnew.genblk3[2].fpnew_core.gen_operation_groups[1].i_opgroup_block.gen_merged_slice.i_multifmt_slice.gen_num_lanes[0].active_lane.lane_instance.genblk1.i_fpnew_divsqrt_multi.gen_input_pipeline[1]	1	1	1	1.00	1.00
tb.dut.clusters[0].cluster.sockets[0].socket.cores[0].core.execute.fpu_unit.genblk1[0].fpu_fpnew.genblk3[2].fpnew_core.gen_operation_groups[1].i_opgroup_block.gen_merged_slice.i_multifmt_slice.gen_num_lanes[0].active_lane.lane_instance.genblk1.i_fpnew_divsqrt_multi.gen_input_pipeline[2]	1	1	1	1.00	1.00
tb.dut.clusters[0].cluster.sockets[0].socket.cores[0].core.execute.fpu_unit.genblk1[0].fpu_fpnew.genblk3[2].fpnew_core.gen_operation_groups[1].i_opgroup_block.gen_merged_slice.i_multifmt_slice.gen_num_lanes[0].active_lane.lane_instance.genblk1.i_fpnew_divsqrt_multi.gen_input_pipeline[3]	1	1	1	1.00	1.00
tb.dut.clusters[0].cluster.sockets[0].socket.cores[0].core.execute.fpu_unit.genblk1[0].fpu_fpnew.genblk3[2].fpnew_core.gen_operation_groups[1].i_opgroup_block.gen_merged_slice.i_multifmt_slice.gen_num_lanes[0].active_lane.lane_instance.genblk1.i_fpnew_divsqrt_multi.gen_input_pipeline[4]	1	1	1	1.00	1.00
tb.dut.clusters[0].cluster.sockets[0].socket.cores[0].core.execute.fpu_unit.genblk1[0].fpu_fpnew.genblk3[2].fpnew_core.gen_operation_groups[1].i_opgroup_block.gen_merged_slice.i_multifmt_slice.gen_num_lanes[0].active_lane.lane_instance.genblk1.i_fpnew_divsqrt_multi.gen_input_pipeline[5]	1	1	1	1.00	1.00
tb.dut.clusters[0].cluster.sockets[0].socket.cores[0].core.execute.fpu_unit.genblk1[0].fpu_fpnew.genblk3[2].fpnew_core.gen_operation_groups[1].i_opgroup_block.gen_merged_slice.i_multifmt_slice.gen_num_lanes[0].active_lane.lane_instance.genblk1.i_fpnew_divsqrt_multi.gen_input_pipeline[6]	1	1	1	1.00	1.00
tb.dut.clusters[0].cluster.sockets[0].socket.cores[0].core.execute.fpu_unit.genblk1[0].fpu_fpnew.genblk3[2].fpnew_core.gen_operation_groups[1].i_opgroup_block.gen_merged_slice.i_multifmt_slice.gen_num_lanes[0].active_lane.lane_instance.genblk1.i_fpnew_divsqrt_multi.gen_input_pipeline[7]	1	1	1	1.00	1.00
tb.dut.clusters[0].cluster.sockets[0].socket.cores[0].core.execute.fpu_unit.genblk1[0].fpu_fpnew.genblk3[2].fpnew_core.gen_operation_groups[1].i_opgroup_block.gen_merged_slice.i_multifmt_slice.gen_num_lanes[0].active_lane.lane_instance.genblk1.i_fpnew_divsqrt_multi.gen_output_pipeline[0]	1	1	1	1.00	1.00
tb.dut.clusters[0].cluster.sockets[0].socket.cores[0].core.execute.fpu_unit.genblk1[0].fpu_fpnew.genblk3[2].fpnew_core.gen_operation_groups[1].i_opgroup_block.gen_merged_slice.i_multifmt_slice.gen_num_lanes[0].active_lane.lane_instance.genblk1.i_fpnew_divsqrt_multi.gen_output_pipeline[1]	1	1	1	1.00	1.00
tb.dut.clusters[0].cluster.sockets[0].socket.cores[0].core.execute.fpu_unit.genblk1[0].fpu_fpnew.genblk3[2].fpnew_core.gen_operation_groups[1].i_opgroup_block.gen_merged_slice.i_multifmt_slice.gen_num_lanes[0].active_lane.lane_instance.genblk1.i_fpnew_divsqrt_multi.gen_output_pipeline[2]	1	1	1	1.00	1.00
tb.dut.clusters[0].cluster.sockets[0].socket.cores[0].core.execute.fpu_unit.genblk1[0].fpu_fpnew.genblk3[2].fpnew_core.gen_operation_groups[1].i_opgroup_block.gen_merged_slice.i_multifmt_slice.gen_num_lanes[0].active_lane.lane_instance.genblk1.i_fpnew_divsqrt_multi.gen_output_pipeline[3]	1	1	1	1.00	1.00
tb.dut.clusters[0].cluster.sockets[0].socket.cores[0].core.execute.fpu_unit.genblk1[0].fpu_fpnew.genblk3[2].fpnew_core.gen_operation_groups[1].i_opgroup_block.gen_merged_slice.i_multifmt_slice.gen_num_lanes[0].active_lane.lane_instance.genblk1.i_fpnew_divsqrt_multi.gen_output_pipeline[4]	1	1	1	1.00	1.00
tb.dut.clusters[0].cluster.sockets[0].socket.cores[0].core.execute.fpu_unit.genblk1[0].fpu_fpnew.genblk3[2].fpnew_core.gen_operation_groups[1].i_opgroup_block.gen_merged_slice.i_multifmt_slice.gen_num_lanes[0].active_lane.lane_instance.genblk1.i_fpnew_divsqrt_multi.gen_output_pipeline[5]	1	1	1	1.00	1.00
tb.dut.clusters[0].cluster.sockets[0].socket.cores[0].core.execute.fpu_unit.genblk1[0].fpu_fpnew.genblk3[2].fpnew_core.gen_operation_groups[1].i_opgroup_block.gen_merged_slice.i_multifmt_slice.gen_num_lanes[0].active_lane.lane_instance.genblk1.i_fpnew_divsqrt_multi.gen_output_pipeline[6]	1	1	1	1.00	1.00
tb.dut.clusters[0].cluster.sockets[0].socket.cores[0].core.execute.fpu_unit.genblk1[0].fpu_fpnew.genblk3[2].fpnew_core.gen_operation_groups[1].i_opgroup_block.gen_merged_slice.i_multifmt_slice.gen_num_lanes[0].active_lane.lane_instance.genblk1.i_fpnew_divsqrt_multi.gen_output_pipeline[7]	1	1	1	1.00	1.00
tb.dut.clusters[0].cluster.sockets[0].socket.cores[0].core.execute.fpu_unit.genblk1[0].fpu_fpnew.genblk3[2].fpnew_core.gen_operation_groups[1].i_opgroup_block.gen_merged_slice.i_multifmt_slice.gen_num_lanes[0].active_lane.lane_instance.genblk1.i_fpnew_divsqrt_multi.i_divsqrt_lei	512	12493	384	24.40	81.81
tb.dut.clusters[0].cluster.sockets[0].socket.cores[0].core.execute.fpu_unit.genblk1[0].fpu_fpnew.genblk3[2].fpnew_core.gen_operation_groups[1].i_opgroup_block.gen_merged_slice.i_multifmt_slice.gen_num_lanes[0].active_lane.lane_instance.genblk1.i_fpnew_divsqrt_multi.i_divsqrt_lei.fpu_norm_U0	49	752	64	15.35	46.22
tb.dut.clusters[0].cluster.sockets[0].socket.cores[0].core.execute.fpu_unit.genblk1[0].fpu_fpnew.genblk3[2].fpnew_core.gen_operation_groups[1].i_opgroup_block.gen_merged_slice.i_multifmt_slice.gen_num_lanes[0].active_lane.lane_instance.genblk1.i_fpnew_divsqrt_multi.i_divsqrt_lei.nrbd_nrsc_U0	326	8528	62	26.16	47.54
tb.dut.clusters[0].cluster.sockets[0].socket.cores[0].core.execute.fpu_unit.genblk1[0].fpu_fpnew.genblk3[2].fpnew_core.gen_operation_groups[1].i_opgroup_block.gen_merged_slice.i_multifmt_slice.gen_num_lanes[0].active_lane.lane_instance.genblk1.i_fpnew_divsqrt_multi.i_divsqrt_lei.nrbd_nrsc_U0.control_U0	299	8301	62	27.76	47.71
tb.dut.clusters[0].cluster.sockets[0].socket.cores[0].core.execute.fpu_unit.genblk1[0].fpu_fpnew.genblk3[2].fpnew_core.gen_operation_groups[1].i_opgroup_block.gen_merged_slice.i_multifmt_slice.gen_num_lanes[0].active_lane.lane_instance.genblk1.i_fpnew_divsqrt_multi.i_divsqrt_lei.nrbd_nrsc_U0.control_U0.genblk4[0]	13	217	58	16.69	51.29
tb.dut.clusters[0].cluster.sockets[0].socket.cores[0].core.execute.fpu_unit.genblk1[0].fpu_fpnew.genblk3[2].fpnew_core.gen_operation_groups[1].i_opgroup_block.gen_merged_slice.i_multifmt_slice.gen_num_lanes[0].active_lane.lane_instance.genblk1.i_fpnew_divsqrt_multi.i_divsqrt_lei.nrbd_nrsc_U0.control_U0.genblk4[0].iteration_div_sqrt	13	217	58	16.69	51.29
tb.dut.clusters[0].cluster.sockets[0].socket.cores[0].core.execute.fpu_unit.genblk1[0].fpu_fpnew.genblk3[2].fpnew_core.gen_operation_groups[1].i_opgroup_block.gen_merged_slice.i_multifmt_slice.gen_num_lanes[0].active_lane.lane_instance.genblk1.i_fpnew_divsqrt_multi.i_divsqrt_lei.nrbd_nrsc_U0.control_U0.genblk4[1]	13	217	58	16.69	51.29
tb.dut.clusters[0].cluster.sockets[0].socket.cores[0].core.execute.fpu_unit.genblk1[0].fpu_fpnew.genblk3[2].fpnew_core.gen_operation_groups[1].i_opgroup_block.gen_merged_slice.i_multifmt_slice.gen_num_lanes[0].active_lane.lane_instance.genblk1.i_fpnew_divsqrt_multi.i_divsqrt_lei.nrbd_nrsc_U0.control_U0.genblk4[1].iteration_div_sqrt	13	217	58	16.69	51.29
tb.dut.clusters[0].cluster.sockets[0].socket.cores[0].core.execute.fpu_unit.genblk1[0].fpu_fpnew.genblk3[2].fpnew_core.gen_operation_groups[1].i_opgroup_block.gen_merged_slice.i_multifmt_slice.gen_num_lanes[0].active_lane.lane_instance.genblk1.i_fpnew_divsqrt_multi.i_divsqrt_lei.nrbd_nrsc_U0.control_U0.genblk4[2]	13	217	58	16.69	51.29
tb.dut.clusters[0].cluster.sockets[0].socket.cores[0].core.execute.fpu_unit.genblk1[0].fpu_fpnew.genblk3[2].fpnew_core.gen_operation_groups[1].i_opgroup_block.gen_merged_slice.i_multifmt_slice.gen_num_lanes[0].active_lane.lane_instance.genblk1.i_fpnew_divsqrt_multi.i_divsqrt_lei.nrbd_nrsc_U0.control_U0.genblk4[2].iteration_div_sqrt	13	217	58	16.69	51.29
tb.dut.clusters[0].cluster.sockets[0].socket.cores[0].core.execute.fpu_unit.genblk1[0].fpu_fpnew.genblk3[2].fpnew_core.gen_operation_groups[1].i_opgroup_block.gen_merged_slice.i_multifmt_slice.gen_num_lanes[0].active_lane.lane_instance.genblk1.i_fpnew_divsqrt_multi.i_divsqrt_lei.preprocess_U0	98	2777	384	28.34	201.71
tb.dut.clusters[0].cluster.sockets[0].socket.cores[0].core.execute.fpu_unit.genblk1[0].fpu_fpnew.genblk3[2].fpnew_core.gen_operation_groups[1].i_opgroup_block.gen_merged_slice.i_multifmt_slice.gen_num_lanes[0].active_lane.lane_instance.genblk1.i_fpnew_divsqrt_multi.i_divsqrt_lei.preprocess_U0.LOD_Ua	11	976	384	88.73	267.83
tb.dut.clusters[0].cluster.sockets[0].socket.cores[0].core.execute.fpu_unit.genblk1[0].fpu_fpnew.genblk3[2].fpnew_core.gen_operation_groups[1].i_opgroup_block.gen_merged_slice.i_multifmt_slice.gen_num_lanes[0].active_lane.lane_instance.genblk1.i_fpnew_divsqrt_multi.i_divsqrt_lei.preprocess_U0.LOD_Ua.gen_lzc	5	851	384	170.20	301.42
tb.dut.clusters[0].cluster.sockets[0].socket.cores[0].core.execute.fpu_unit.genblk1[0].fpu_fpnew.genblk3[2].fpnew_core.gen_operation_groups[1].i_opgroup_block.gen_merged_slice.i_multifmt_slice.gen_num_lanes[0].active_lane.lane_instance.genblk1.i_fpnew_divsqrt_multi.i_divsqrt_lei.preprocess_U0.LOD_Ub	11	976	384	88.73	267.83
tb.dut.clusters[0].cluster.sockets[0].socket.cores[0].core.execute.fpu_unit.genblk1[0].fpu_fpnew.genblk3[2].fpnew_core.gen_operation_groups[1].i_opgroup_block.gen_merged_slice.i_multifmt_slice.gen_num_lanes[0].active_lane.lane_instance.genblk1.i_fpnew_divsqrt_multi.i_divsqrt_lei.preprocess_U0.LOD_Ub.gen_lzc	5	851	384	170.20	301.42
tb.dut.clusters[0].cluster.sockets[0].socket.cores[0].core.execute.fpu_unit.genblk1[0].fpu_fpnew.genblk3[2].fpnew_core.gen_operation_groups[1].i_opgroup_block.gen_merged_slice.i_multifmt_slice.gen_num_lanes[0].pack_fp_result[0]	1	32	32	32.00	32.00
tb.dut.clusters[0].cluster.sockets[0].socket.cores[0].core.execute.fpu_unit.genblk1[0].fpu_fpnew.genblk3[2].fpnew_core.gen_operation_groups[1].i_opgroup_block.gen_merged_slice.i_multifmt_slice.gen_num_lanes[0].pack_fp_result[1]	1	32	32	32.00	32.00
tb.dut.clusters[0].cluster.sockets[0].socket.cores[0].core.execute.fpu_unit.genblk1[0].fpu_fpnew.genblk3[2].fpnew_core.gen_operation_groups[1].i_opgroup_block.gen_merged_slice.i_multifmt_slice.gen_num_lanes[0].pack_fp_result[2]	1	32	32	32.00	32.00
tb.dut.clusters[0].cluster.sockets[0].socket.cores[0].core.execute.fpu_unit.genblk1[0].fpu_fpnew.genblk3[2].fpnew_core.gen_operation_groups[1].i_opgroup_block.gen_merged_slice.i_multifmt_slice.gen_num_lanes[0].pack_fp_result[3]	1	32	32	32.00	32.00
tb.dut.clusters[0].cluster.sockets[0].socket.cores[0].core.execute.fpu_unit.genblk1[0].fpu_fpnew.genblk3[2].fpnew_core.gen_operation_groups[1].i_opgroup_block.gen_merged_slice.i_multifmt_slice.gen_num_lanes[0].pack_fp_result[4]	1	32	32	32.00	32.00
tb.dut.clusters[0].cluster.sockets[0].socket.cores[0].core.execute.fpu_unit.genblk1[0].fpu_fpnew.genblk3[2].fpnew_core.gen_operation_groups[1].i_opgroup_block.gen_parallel_slices[0]	2	2	1	1.00	1.00
tb.dut.clusters[0].cluster.sockets[0].socket.cores[0].core.execute.fpu_unit.genblk1[0].fpu_fpnew.genblk3[2].fpnew_core.gen_operation_groups[1].i_opgroup_block.gen_parallel_slices[1]	2	2	1	1.00	1.00
tb.dut.clusters[0].cluster.sockets[0].socket.cores[0].core.execute.fpu_unit.genblk1[0].fpu_fpnew.genblk3[2].fpnew_core.gen_operation_groups[1].i_opgroup_block.gen_parallel_slices[2]	2	2	1	1.00	1.00
tb.dut.clusters[0].cluster.sockets[0].socket.cores[0].core.execute.fpu_unit.genblk1[0].fpu_fpnew.genblk3[2].fpnew_core.gen_operation_groups[1].i_opgroup_block.gen_parallel_slices[3]	2	2	1	1.00	1.00
tb.dut.clusters[0].cluster.sockets[0].socket.cores[0].core.execute.fpu_unit.genblk1[0].fpu_fpnew.genblk3[2].fpnew_core.gen_operation_groups[1].i_opgroup_block.gen_parallel_slices[4]	2	2	1	1.00	1.00
tb.dut.clusters[0].cluster.sockets[0].socket.cores[0].core.execute.fpu_unit.genblk1[0].fpu_fpnew.genblk3[2].fpnew_core.gen_operation_groups[1].i_opgroup_block.i_arbiter	75	1510	280	20.13	97.46
tb.dut.clusters[0].cluster.sockets[0].socket.cores[0].core.execute.fpu_unit.genblk1[0].fpu_fpnew.genblk3[2].fpnew_core.gen_operation_groups[1].i_opgroup_block.i_arbiter.gen_arbiter	58	1150	280	19.83	89.06
tb.dut.clusters[0].cluster.sockets[0].socket.cores[0].core.execute.fpu_unit.genblk1[0].fpu_fpnew.genblk3[2].fpnew_core.gen_operation_groups[1].i_opgroup_block.i_arbiter.gen_arbiter.gen_int_rr	30	340	32	11.33	23.78
tb.dut.clusters[0].cluster.sockets[0].socket.cores[0].core.execute.fpu_unit.genblk1[0].fpu_fpnew.genblk3[2].fpnew_core.gen_operation_groups[1].i_opgroup_block.i_arbiter.gen_arbiter.gen_int_rr.gen_fair_arb	29	337	32	11.62	23.96
tb.dut.clusters[0].cluster.sockets[0].socket.cores[0].core.execute.fpu_unit.genblk1[0].fpu_fpnew.genblk3[2].fpnew_core.gen_operation_groups[1].i_opgroup_block.i_arbiter.gen_arbiter.gen_int_rr.gen_fair_arb.i_lzc_lower	11	158	32	14.36	25.30
tb.dut.clusters[0].cluster.sockets[0].socket.cores[0].core.execute.fpu_unit.genblk1[0].fpu_fpnew.genblk3[2].fpnew_core.gen_operation_groups[1].i_opgroup_block.i_arbiter.gen_arbiter.gen_int_rr.gen_fair_arb.i_lzc_lower.gen_lzc	5	84	32	16.80	22.79
tb.dut.clusters[0].cluster.sockets[0].socket.cores[0].core.execute.fpu_unit.genblk1[0].fpu_fpnew.genblk3[2].fpnew_core.gen_operation_groups[1].i_opgroup_block.i_arbiter.gen_arbiter.gen_int_rr.gen_fair_arb.i_lzc_upper	11	158	32	14.36	25.30
tb.dut.clusters[0].cluster.sockets[0].socket.cores[0].core.execute.fpu_unit.genblk1[0].fpu_fpnew.genblk3[2].fpnew_core.gen_operation_groups[1].i_opgroup_block.i_arbiter.gen_arbiter.gen_int_rr.gen_fair_arb.i_lzc_upper.gen_lzc	5	84	32	16.80	22.79
tb.dut.clusters[0].cluster.sockets[0].socket.cores[0].core.execute.fpu_unit.genblk1[0].fpu_fpnew.genblk3[2].fpnew_core.gen_operation_groups[1].i_opgroup_block.i_arbiter.gen_arbiter.gen_levels[0]	3	65	32	21.67	31.52
tb.dut.clusters[0].cluster.sockets[0].socket.cores[0].core.execute.fpu_unit.genblk1[0].fpu_fpnew.genblk3[2].fpnew_core.gen_operation_groups[1].i_opgroup_block.i_arbiter.gen_arbiter.gen_levels[0].gen_level[0]	3	65	32	21.67	31.52
tb.dut.clusters[0].cluster.sockets[0].socket.cores[0].core.execute.fpu_unit.genblk1[0].fpu_fpnew.genblk3[2].fpnew_core.gen_operation_groups[1].i_opgroup_block.i_arbiter.gen_arbiter.gen_levels[1]	6	130	32	21.67	31.52
tb.dut.clusters[0].cluster.sockets[0].socket.cores[0].core.execute.fpu_unit.genblk1[0].fpu_fpnew.genblk3[2].fpnew_core.gen_operation_groups[1].i_opgroup_block.i_arbiter.gen_arbiter.gen_levels[1].gen_level[0]	3	65	32	21.67	31.52
tb.dut.clusters[0].cluster.sockets[0].socket.cores[0].core.execute.fpu_unit.genblk1[0].fpu_fpnew.genblk3[2].fpnew_core.gen_operation_groups[1].i_opgroup_block.i_arbiter.gen_arbiter.gen_levels[1].gen_level[1]	3	65	32	21.67	31.52
tb.dut.clusters[0].cluster.sockets[0].socket.cores[0].core.execute.fpu_unit.genblk1[0].fpu_fpnew.genblk3[2].fpnew_core.gen_operation_groups[1].i_opgroup_block.i_arbiter.gen_arbiter.gen_levels[2]	12	260	32	21.67	31.52
tb.dut.clusters[0].cluster.sockets[0].socket.cores[0].core.execute.fpu_unit.genblk1[0].fpu_fpnew.genblk3[2].fpnew_core.gen_operation_groups[1].i_opgroup_block.i_arbiter.gen_arbiter.gen_levels[2].gen_level[0]	3	65	32	21.67	31.52
tb.dut.clusters[0].cluster.sockets[0].socket.cores[0].core.execute.fpu_unit.genblk1[0].fpu_fpnew.genblk3[2].fpnew_core.gen_operation_groups[1].i_opgroup_block.i_arbiter.gen_arbiter.gen_levels[2].gen_level[1]	3	65	32	21.67	31.52
tb.dut.clusters[0].cluster.sockets[0].socket.cores[0].core.execute.fpu_unit.genblk1[0].fpu_fpnew.genblk3[2].fpnew_core.gen_operation_groups[1].i_opgroup_block.i_arbiter.gen_arbiter.gen_levels[2].gen_level[2]	3	65	32	21.67	31.52
tb.dut.clusters[0].cluster.sockets[0].socket.cores[0].core.execute.fpu_unit.genblk1[0].fpu_fpnew.genblk3[2].fpnew_core.gen_operation_groups[1].i_opgroup_block.i_arbiter.gen_arbiter.gen_levels[2].gen_level[3]	3	65	32	21.67	31.52
tb.dut.clusters[0].cluster.sockets[0].socket.cores[0].core.execute.fpu_unit.genblk1[0].fpu_fpnew.genblk3[2].fpnew_core.gen_operation_groups[2]	300	4265	280	14.22	71.04
tb.dut.clusters[0].cluster.sockets[0].socket.cores[0].core.execute.fpu_unit.genblk1[0].fpu_fpnew.genblk3[2].fpnew_core.gen_operation_groups[2].i_opgroup_block	297	4222	280	14.22	71.50
tb.dut.clusters[0].cluster.sockets[0].socket.cores[0].core.execute.fpu_unit.genblk1[0].fpu_fpnew.genblk3[2].fpnew_core.gen_operation_groups[2].i_opgroup_block.gen_parallel_slices[0]	173	1958	128	11.32	39.23
tb.dut.clusters[0].cluster.sockets[0].socket.cores[0].core.execute.fpu_unit.genblk1[0].fpu_fpnew.genblk3[2].fpnew_core.gen_operation_groups[2].i_opgroup_block.gen_parallel_slices[0].active_format	171	1956	128	11.44	39.27
tb.dut.clusters[0].cluster.sockets[0].socket.cores[0].core.execute.fpu_unit.genblk1[0].fpu_fpnew.genblk3[2].fpnew_core.gen_operation_groups[2].i_opgroup_block.gen_parallel_slices[0].active_format.i_fmt_slice	168	1922	128	11.44	39.43
tb.dut.clusters[0].cluster.sockets[0].socket.cores[0].core.execute.fpu_unit.genblk1[0].fpu_fpnew.genblk3[2].fpnew_core.gen_operation_groups[2].i_opgroup_block.gen_parallel_slices[0].active_format.i_fmt_slice.gen_num_lanes[0]	117	1343	128	11.48	42.53
tb.dut.clusters[0].cluster.sockets[0].socket.cores[0].core.execute.fpu_unit.genblk1[0].fpu_fpnew.genblk3[2].fpnew_core.gen_operation_groups[2].i_opgroup_block.gen_parallel_slices[0].active_format.i_fmt_slice.gen_num_lanes[0].active_lane	115	1310	128	11.39	42.82
tb.dut.clusters[0].cluster.sockets[0].socket.cores[0].core.execute.fpu_unit.genblk1[0].fpu_fpnew.genblk3[2].fpnew_core.gen_operation_groups[2].i_opgroup_block.gen_parallel_slices[0].active_format.i_fmt_slice.gen_num_lanes[0].active_lane.lane_instance	109	1206	128	11.06	42.24
tb.dut.clusters[0].cluster.sockets[0].socket.cores[0].core.execute.fpu_unit.genblk1[0].fpu_fpnew.genblk3[2].fpnew_core.gen_operation_groups[2].i_opgroup_block.gen_parallel_slices[0].active_format.i_fmt_slice.gen_num_lanes[0].active_lane.lane_instance.i_noncomp	109	1206	128	11.06	42.24
tb.dut.clusters[0].cluster.sockets[0].socket.cores[0].core.execute.fpu_unit.genblk1[0].fpu_fpnew.genblk3[2].fpnew_core.gen_operation_groups[2].i_opgroup_block.gen_parallel_slices[0].active_format.i_fmt_slice.gen_num_lanes[0].active_lane.lane_instance.i_noncomp.gen_input_pipeline[0]	1	1	1	1.00	1.00
tb.dut.clusters[0].cluster.sockets[0].socket.cores[0].core.execute.fpu_unit.genblk1[0].fpu_fpnew.genblk3[2].fpnew_core.gen_operation_groups[2].i_opgroup_block.gen_parallel_slices[0].active_format.i_fmt_slice.gen_num_lanes[0].active_lane.lane_instance.i_noncomp.gen_output_pipeline[0]	1	1	1	1.00	1.00
tb.dut.clusters[0].cluster.sockets[0].socket.cores[0].core.execute.fpu_unit.genblk1[0].fpu_fpnew.genblk3[2].fpnew_core.gen_operation_groups[2].i_opgroup_block.gen_parallel_slices[0].active_format.i_fmt_slice.gen_num_lanes[0].active_lane.lane_instance.i_noncomp.i_class_a	26	293	64	11.27	35.92
tb.dut.clusters[0].cluster.sockets[0].socket.cores[0].core.execute.fpu_unit.genblk1[0].fpu_fpnew.genblk3[2].fpnew_core.gen_operation_groups[2].i_opgroup_block.gen_parallel_slices[0].active_format.i_fmt_slice.gen_num_lanes[0].active_lane.lane_instance.i_noncomp.i_class_a.gen_num_values[0]	9	40	32	4.44	25.80
tb.dut.clusters[0].cluster.sockets[0].socket.cores[0].core.execute.fpu_unit.genblk1[0].fpu_fpnew.genblk3[2].fpnew_core.gen_operation_groups[2].i_opgroup_block.gen_parallel_slices[0].active_format.i_fmt_slice.gen_num_lanes[0].active_lane.lane_instance.i_noncomp.i_class_a.gen_num_values[1]	9	40	32	4.44	25.80
tb.dut.clusters[0].cluster.sockets[0].socket.cores[0].core.execute.fpu_unit.genblk1[0].fpu_fpnew.genblk3[2].fpnew_core.gen_operation_groups[2].i_opgroup_block.gen_parallel_slices[0].active_format.i_fmt_slice.gen_num_lanes[0].active_lane.lane_instance.i_noncomp.sign_injections	2	2	1	1.00	1.00
tb.dut.clusters[0].cluster.sockets[0].socket.cores[0].core.execute.fpu_unit.genblk1[0].fpu_fpnew.genblk3[2].fpnew_core.gen_operation_groups[2].i_opgroup_block.gen_parallel_slices[1]	2	2	1	1.00	1.00
tb.dut.clusters[0].cluster.sockets[0].socket.cores[0].core.execute.fpu_unit.genblk1[0].fpu_fpnew.genblk3[2].fpnew_core.gen_operation_groups[2].i_opgroup_block.gen_parallel_slices[2]	2	2	1	1.00	1.00
tb.dut.clusters[0].cluster.sockets[0].socket.cores[0].core.execute.fpu_unit.genblk1[0].fpu_fpnew.genblk3[2].fpnew_core.gen_operation_groups[2].i_opgroup_block.gen_parallel_slices[3]	2	2	1	1.00	1.00
tb.dut.clusters[0].cluster.sockets[0].socket.cores[0].core.execute.fpu_unit.genblk1[0].fpu_fpnew.genblk3[2].fpnew_core.gen_operation_groups[2].i_opgroup_block.gen_parallel_slices[4]	2	2	1	1.00	1.00
tb.dut.clusters[0].cluster.sockets[0].socket.cores[0].core.execute.fpu_unit.genblk1[0].fpu_fpnew.genblk3[2].fpnew_core.gen_operation_groups[2].i_opgroup_block.i_arbiter	75	1510	280	20.13	97.46
tb.dut.clusters[0].cluster.sockets[0].socket.cores[0].core.execute.fpu_unit.genblk1[0].fpu_fpnew.genblk3[2].fpnew_core.gen_operation_groups[2].i_opgroup_block.i_arbiter.gen_arbiter	58	1150	280	19.83	89.06
tb.dut.clusters[0].cluster.sockets[0].socket.cores[0].core.execute.fpu_unit.genblk1[0].fpu_fpnew.genblk3[2].fpnew_core.gen_operation_groups[2].i_opgroup_block.i_arbiter.gen_arbiter.gen_int_rr	30	340	32	11.33	23.78
tb.dut.clusters[0].cluster.sockets[0].socket.cores[0].core.execute.fpu_unit.genblk1[0].fpu_fpnew.genblk3[2].fpnew_core.gen_operation_groups[2].i_opgroup_block.i_arbiter.gen_arbiter.gen_int_rr.gen_fair_arb	29	337	32	11.62	23.96
tb.dut.clusters[0].cluster.sockets[0].socket.cores[0].core.execute.fpu_unit.genblk1[0].fpu_fpnew.genblk3[2].fpnew_core.gen_operation_groups[2].i_opgroup_block.i_arbiter.gen_arbiter.gen_int_rr.gen_fair_arb.i_lzc_lower	11	158	32	14.36	25.30
tb.dut.clusters[0].cluster.sockets[0].socket.cores[0].core.execute.fpu_unit.genblk1[0].fpu_fpnew.genblk3[2].fpnew_core.gen_operation_groups[2].i_opgroup_block.i_arbiter.gen_arbiter.gen_int_rr.gen_fair_arb.i_lzc_lower.gen_lzc	5	84	32	16.80	22.79
tb.dut.clusters[0].cluster.sockets[0].socket.cores[0].core.execute.fpu_unit.genblk1[0].fpu_fpnew.genblk3[2].fpnew_core.gen_operation_groups[2].i_opgroup_block.i_arbiter.gen_arbiter.gen_int_rr.gen_fair_arb.i_lzc_upper	11	158	32	14.36	25.30
tb.dut.clusters[0].cluster.sockets[0].socket.cores[0].core.execute.fpu_unit.genblk1[0].fpu_fpnew.genblk3[2].fpnew_core.gen_operation_groups[2].i_opgroup_block.i_arbiter.gen_arbiter.gen_int_rr.gen_fair_arb.i_lzc_upper.gen_lzc	5	84	32	16.80	22.79
tb.dut.clusters[0].cluster.sockets[0].socket.cores[0].core.execute.fpu_unit.genblk1[0].fpu_fpnew.genblk3[2].fpnew_core.gen_operation_groups[2].i_opgroup_block.i_arbiter.gen_arbiter.gen_levels[0]	3	65	32	21.67	31.52
tb.dut.clusters[0].cluster.sockets[0].socket.cores[0].core.execute.fpu_unit.genblk1[0].fpu_fpnew.genblk3[2].fpnew_core.gen_operation_groups[2].i_opgroup_block.i_arbiter.gen_arbiter.gen_levels[0].gen_level[0]	3	65	32	21.67	31.52
tb.dut.clusters[0].cluster.sockets[0].socket.cores[0].core.execute.fpu_unit.genblk1[0].fpu_fpnew.genblk3[2].fpnew_core.gen_operation_groups[2].i_opgroup_block.i_arbiter.gen_arbiter.gen_levels[1]	6	130	32	21.67	31.52
tb.dut.clusters[0].cluster.sockets[0].socket.cores[0].core.execute.fpu_unit.genblk1[0].fpu_fpnew.genblk3[2].fpnew_core.gen_operation_groups[2].i_opgroup_block.i_arbiter.gen_arbiter.gen_levels[1].gen_level[0]	3	65	32	21.67	31.52
tb.dut.clusters[0].cluster.sockets[0].socket.cores[0].core.execute.fpu_unit.genblk1[0].fpu_fpnew.genblk3[2].fpnew_core.gen_operation_groups[2].i_opgroup_block.i_arbiter.gen_arbiter.gen_levels[1].gen_level[1]	3	65	32	21.67	31.52
tb.dut.clusters[0].cluster.sockets[0].socket.cores[0].core.execute.fpu_unit.genblk1[0].fpu_fpnew.genblk3[2].fpnew_core.gen_operation_groups[2].i_opgroup_block.i_arbiter.gen_arbiter.gen_levels[2]	12	260	32	21.67	31.52
tb.dut.clusters[0].cluster.sockets[0].socket.cores[0].core.execute.fpu_unit.genblk1[0].fpu_fpnew.genblk3[2].fpnew_core.gen_operation_groups[2].i_opgroup_block.i_arbiter.gen_arbiter.gen_levels[2].gen_level[0]	3	65	32	21.67	31.52
tb.dut.clusters[0].cluster.sockets[0].socket.cores[0].core.execute.fpu_unit.genblk1[0].fpu_fpnew.genblk3[2].fpnew_core.gen_operation_groups[2].i_opgroup_block.i_arbiter.gen_arbiter.gen_levels[2].gen_level[1]	3	65	32	21.67	31.52
tb.dut.clusters[0].cluster.sockets[0].socket.cores[0].core.execute.fpu_unit.genblk1[0].fpu_fpnew.genblk3[2].fpnew_core.gen_operation_groups[2].i_opgroup_block.i_arbiter.gen_arbiter.gen_levels[2].gen_level[2]	3	65	32	21.67	31.52
tb.dut.clusters[0].cluster.sockets[0].socket.cores[0].core.execute.fpu_unit.genblk1[0].fpu_fpnew.genblk3[2].fpnew_core.gen_operation_groups[2].i_opgroup_block.i_arbiter.gen_arbiter.gen_levels[2].gen_level[3]	3	65	32	21.67	31.52
tb.dut.clusters[0].cluster.sockets[0].socket.cores[0].core.execute.fpu_unit.genblk1[0].fpu_fpnew.genblk3[2].fpnew_core.gen_operation_groups[3]	545	11074	280	20.32	67.56
tb.dut.clusters[0].cluster.sockets[0].socket.cores[0].core.execute.fpu_unit.genblk1[0].fpu_fpnew.genblk3[2].fpnew_core.gen_operation_groups[3].i_opgroup_block	542	11026	280	20.34	67.75
tb.dut.clusters[0].cluster.sockets[0].socket.cores[0].core.execute.fpu_unit.genblk1[0].fpu_fpnew.genblk3[2].fpnew_core.gen_operation_groups[3].i_opgroup_block.gen_merged_slice	416	8723	192	20.97	59.23
tb.dut.clusters[0].cluster.sockets[0].socket.cores[0].core.execute.fpu_unit.genblk1[0].fpu_fpnew.genblk3[2].fpnew_core.gen_operation_groups[3].i_opgroup_block.gen_merged_slice.i_multifmt_slice	413	8687	192	21.03	59.35
tb.dut.clusters[0].cluster.sockets[0].socket.cores[0].core.execute.fpu_unit.genblk1[0].fpu_fpnew.genblk3[2].fpnew_core.gen_operation_groups[3].i_opgroup_block.gen_merged_slice.i_multifmt_slice.extend_fp_result[0]	1	32	32	32.00	32.00
tb.dut.clusters[0].cluster.sockets[0].socket.cores[0].core.execute.fpu_unit.genblk1[0].fpu_fpnew.genblk3[2].fpnew_core.gen_operation_groups[3].i_opgroup_block.gen_merged_slice.i_multifmt_slice.extend_fp_result[1]	1	32	32	32.00	32.00
tb.dut.clusters[0].cluster.sockets[0].socket.cores[0].core.execute.fpu_unit.genblk1[0].fpu_fpnew.genblk3[2].fpnew_core.gen_operation_groups[3].i_opgroup_block.gen_merged_slice.i_multifmt_slice.extend_fp_result[2]	1	32	32	32.00	32.00
tb.dut.clusters[0].cluster.sockets[0].socket.cores[0].core.execute.fpu_unit.genblk1[0].fpu_fpnew.genblk3[2].fpnew_core.gen_operation_groups[3].i_opgroup_block.gen_merged_slice.i_multifmt_slice.extend_fp_result[3]	1	32	32	32.00	32.00
tb.dut.clusters[0].cluster.sockets[0].socket.cores[0].core.execute.fpu_unit.genblk1[0].fpu_fpnew.genblk3[2].fpnew_core.gen_operation_groups[3].i_opgroup_block.gen_merged_slice.i_multifmt_slice.extend_fp_result[4]	1	32	32	32.00	32.00
tb.dut.clusters[0].cluster.sockets[0].socket.cores[0].core.execute.fpu_unit.genblk1[0].fpu_fpnew.genblk3[2].fpnew_core.gen_operation_groups[3].i_opgroup_block.gen_merged_slice.i_multifmt_slice.extend_or_mute_int_result[0]	1	32	32	32.00	32.00
tb.dut.clusters[0].cluster.sockets[0].socket.cores[0].core.execute.fpu_unit.genblk1[0].fpu_fpnew.genblk3[2].fpnew_core.gen_operation_groups[3].i_opgroup_block.gen_merged_slice.i_multifmt_slice.extend_or_mute_int_result[0].extend_int_result	1	32	32	32.00	32.00
tb.dut.clusters[0].cluster.sockets[0].socket.cores[0].core.execute.fpu_unit.genblk1[0].fpu_fpnew.genblk3[2].fpnew_core.gen_operation_groups[3].i_opgroup_block.gen_merged_slice.i_multifmt_slice.extend_or_mute_int_result[1]	1	32	32	32.00	32.00
tb.dut.clusters[0].cluster.sockets[0].socket.cores[0].core.execute.fpu_unit.genblk1[0].fpu_fpnew.genblk3[2].fpnew_core.gen_operation_groups[3].i_opgroup_block.gen_merged_slice.i_multifmt_slice.extend_or_mute_int_result[1].extend_int_result	1	32	32	32.00	32.00
tb.dut.clusters[0].cluster.sockets[0].socket.cores[0].core.execute.fpu_unit.genblk1[0].fpu_fpnew.genblk3[2].fpnew_core.gen_operation_groups[3].i_opgroup_block.gen_merged_slice.i_multifmt_slice.extend_or_mute_int_result[2]	1	32	32	32.00	32.00
tb.dut.clusters[0].cluster.sockets[0].socket.cores[0].core.execute.fpu_unit.genblk1[0].fpu_fpnew.genblk3[2].fpnew_core.gen_operation_groups[3].i_opgroup_block.gen_merged_slice.i_multifmt_slice.extend_or_mute_int_result[2].extend_int_result	1	32	32	32.00	32.00
tb.dut.clusters[0].cluster.sockets[0].socket.cores[0].core.execute.fpu_unit.genblk1[0].fpu_fpnew.genblk3[2].fpnew_core.gen_operation_groups[3].i_opgroup_block.gen_merged_slice.i_multifmt_slice.extend_or_mute_int_result[3]	1	32	32	32.00	32.00
tb.dut.clusters[0].cluster.sockets[0].socket.cores[0].core.execute.fpu_unit.genblk1[0].fpu_fpnew.genblk3[2].fpnew_core.gen_operation_groups[3].i_opgroup_block.gen_merged_slice.i_multifmt_slice.extend_or_mute_int_result[3].extend_int_result	1	32	32	32.00	32.00
tb.dut.clusters[0].cluster.sockets[0].socket.cores[0].core.execute.fpu_unit.genblk1[0].fpu_fpnew.genblk3[2].fpnew_core.gen_operation_groups[3].i_opgroup_block.gen_merged_slice.i_multifmt_slice.gen_num_lanes[0]	321	7175	160	22.35	56.02
tb.dut.clusters[0].cluster.sockets[0].socket.cores[0].core.execute.fpu_unit.genblk1[0].fpu_fpnew.genblk3[2].fpnew_core.gen_operation_groups[3].i_opgroup_block.gen_merged_slice.i_multifmt_slice.gen_num_lanes[0].active_lane	302	6704	160	22.20	57.80
tb.dut.clusters[0].cluster.sockets[0].socket.cores[0].core.execute.fpu_unit.genblk1[0].fpu_fpnew.genblk3[2].fpnew_core.gen_operation_groups[3].i_opgroup_block.gen_merged_slice.i_multifmt_slice.gen_num_lanes[0].active_lane.lane_instance	296	6568	160	22.19	57.43
tb.dut.clusters[0].cluster.sockets[0].socket.cores[0].core.execute.fpu_unit.genblk1[0].fpu_fpnew.genblk3[2].fpnew_core.gen_operation_groups[3].i_opgroup_block.gen_merged_slice.i_multifmt_slice.gen_num_lanes[0].active_lane.lane_instance.i_fpnew_cast_multi	296	6568	160	22.19	57.43
tb.dut.clusters[0].cluster.sockets[0].socket.cores[0].core.execute.fpu_unit.genblk1[0].fpu_fpnew.genblk3[2].fpnew_core.gen_operation_groups[3].i_opgroup_block.gen_merged_slice.i_multifmt_slice.gen_num_lanes[0].active_lane.lane_instance.i_fpnew_cast_multi.fmt_init_inputs[0]	20	308	32	15.40	30.19
tb.dut.clusters[0].cluster.sockets[0].socket.cores[0].core.execute.fpu_unit.genblk1[0].fpu_fpnew.genblk3[2].fpnew_core.gen_operation_groups[3].i_opgroup_block.gen_merged_slice.i_multifmt_slice.gen_num_lanes[0].active_lane.lane_instance.i_fpnew_cast_multi.fmt_init_inputs[0].active_format	17	212	32	12.47	29.37
tb.dut.clusters[0].cluster.sockets[0].socket.cores[0].core.execute.fpu_unit.genblk1[0].fpu_fpnew.genblk3[2].fpnew_core.gen_operation_groups[3].i_opgroup_block.gen_merged_slice.i_multifmt_slice.gen_num_lanes[0].active_lane.lane_instance.i_fpnew_cast_multi.fmt_init_inputs[0].active_format.i_fpnew_classifier	17	212	32	12.47	29.37
tb.dut.clusters[0].cluster.sockets[0].socket.cores[0].core.execute.fpu_unit.genblk1[0].fpu_fpnew.genblk3[2].fpnew_core.gen_operation_groups[3].i_opgroup_block.gen_merged_slice.i_multifmt_slice.gen_num_lanes[0].active_lane.lane_instance.i_fpnew_cast_multi.fmt_init_inputs[0].active_format.i_fpnew_classifier.gen_num_values[0]	9	40	32	4.44	25.80
tb.dut.clusters[0].cluster.sockets[0].socket.cores[0].core.execute.fpu_unit.genblk1[0].fpu_fpnew.genblk3[2].fpnew_core.gen_operation_groups[3].i_opgroup_block.gen_merged_slice.i_multifmt_slice.gen_num_lanes[0].active_lane.lane_instance.i_fpnew_cast_multi.fmt_init_inputs[1]	3	96	32	32.00	32.00
tb.dut.clusters[0].cluster.sockets[0].socket.cores[0].core.execute.fpu_unit.genblk1[0].fpu_fpnew.genblk3[2].fpnew_core.gen_operation_groups[3].i_opgroup_block.gen_merged_slice.i_multifmt_slice.gen_num_lanes[0].active_lane.lane_instance.i_fpnew_cast_multi.fmt_init_inputs[2]	3	96	32	32.00	32.00
tb.dut.clusters[0].cluster.sockets[0].socket.cores[0].core.execute.fpu_unit.genblk1[0].fpu_fpnew.genblk3[2].fpnew_core.gen_operation_groups[3].i_opgroup_block.gen_merged_slice.i_multifmt_slice.gen_num_lanes[0].active_lane.lane_instance.i_fpnew_cast_multi.fmt_init_inputs[3]	3	96	32	32.00	32.00
tb.dut.clusters[0].cluster.sockets[0].socket.cores[0].core.execute.fpu_unit.genblk1[0].fpu_fpnew.genblk3[2].fpnew_core.gen_operation_groups[3].i_opgroup_block.gen_merged_slice.i_multifmt_slice.gen_num_lanes[0].active_lane.lane_instance.i_fpnew_cast_multi.fmt_init_inputs[4]	3	96	32	32.00	32.00
tb.dut.clusters[0].cluster.sockets[0].socket.cores[0].core.execute.fpu_unit.genblk1[0].fpu_fpnew.genblk3[2].fpnew_core.gen_operation_groups[3].i_opgroup_block.gen_merged_slice.i_multifmt_slice.gen_num_lanes[0].active_lane.lane_instance.i_fpnew_cast_multi.gen_input_pipeline[0]	1	1	1	1.00	1.00
tb.dut.clusters[0].cluster.sockets[0].socket.cores[0].core.execute.fpu_unit.genblk1[0].fpu_fpnew.genblk3[2].fpnew_core.gen_operation_groups[3].i_opgroup_block.gen_merged_slice.i_multifmt_slice.gen_num_lanes[0].active_lane.lane_instance.i_fpnew_cast_multi.gen_input_pipeline[1]	1	1	1	1.00	1.00
tb.dut.clusters[0].cluster.sockets[0].socket.cores[0].core.execute.fpu_unit.genblk1[0].fpu_fpnew.genblk3[2].fpnew_core.gen_operation_groups[3].i_opgroup_block.gen_merged_slice.i_multifmt_slice.gen_num_lanes[0].active_lane.lane_instance.i_fpnew_cast_multi.gen_inside_pipeline[0]	1	1	1	1.00	1.00
tb.dut.clusters[0].cluster.sockets[0].socket.cores[0].core.execute.fpu_unit.genblk1[0].fpu_fpnew.genblk3[2].fpnew_core.gen_operation_groups[3].i_opgroup_block.gen_merged_slice.i_multifmt_slice.gen_num_lanes[0].active_lane.lane_instance.i_fpnew_cast_multi.gen_inside_pipeline[1]	1	1	1	1.00	1.00
tb.dut.clusters[0].cluster.sockets[0].socket.cores[0].core.execute.fpu_unit.genblk1[0].fpu_fpnew.genblk3[2].fpnew_core.gen_operation_groups[3].i_opgroup_block.gen_merged_slice.i_multifmt_slice.gen_num_lanes[0].active_lane.lane_instance.i_fpnew_cast_multi.gen_int_overflow[0]	1	32	32	32.00	32.00
tb.dut.clusters[0].cluster.sockets[0].socket.cores[0].core.execute.fpu_unit.genblk1[0].fpu_fpnew.genblk3[2].fpnew_core.gen_operation_groups[3].i_opgroup_block.gen_merged_slice.i_multifmt_slice.gen_num_lanes[0].active_lane.lane_instance.i_fpnew_cast_multi.gen_int_overflow[1]	1	32	32	32.00	32.00
tb.dut.clusters[0].cluster.sockets[0].socket.cores[0].core.execute.fpu_unit.genblk1[0].fpu_fpnew.genblk3[2].fpnew_core.gen_operation_groups[3].i_opgroup_block.gen_merged_slice.i_multifmt_slice.gen_num_lanes[0].active_lane.lane_instance.i_fpnew_cast_multi.gen_int_overflow[2]	1	32	32	32.00	32.00
tb.dut.clusters[0].cluster.sockets[0].socket.cores[0].core.execute.fpu_unit.genblk1[0].fpu_fpnew.genblk3[2].fpnew_core.gen_operation_groups[3].i_opgroup_block.gen_merged_slice.i_multifmt_slice.gen_num_lanes[0].active_lane.lane_instance.i_fpnew_cast_multi.gen_int_overflow[3]	1	32	32	32.00	32.00
tb.dut.clusters[0].cluster.sockets[0].socket.cores[0].core.execute.fpu_unit.genblk1[0].fpu_fpnew.genblk3[2].fpnew_core.gen_operation_groups[3].i_opgroup_block.gen_merged_slice.i_multifmt_slice.gen_num_lanes[0].active_lane.lane_instance.i_fpnew_cast_multi.gen_int_res_sign_ext[0]	1	32	32	32.00	32.00
tb.dut.clusters[0].cluster.sockets[0].socket.cores[0].core.execute.fpu_unit.genblk1[0].fpu_fpnew.genblk3[2].fpnew_core.gen_operation_groups[3].i_opgroup_block.gen_merged_slice.i_multifmt_slice.gen_num_lanes[0].active_lane.lane_instance.i_fpnew_cast_multi.gen_int_res_sign_ext[1]	1	32	32	32.00	32.00
tb.dut.clusters[0].cluster.sockets[0].socket.cores[0].core.execute.fpu_unit.genblk1[0].fpu_fpnew.genblk3[2].fpnew_core.gen_operation_groups[3].i_opgroup_block.gen_merged_slice.i_multifmt_slice.gen_num_lanes[0].active_lane.lane_instance.i_fpnew_cast_multi.gen_int_res_sign_ext[2]	1	32	32	32.00	32.00
tb.dut.clusters[0].cluster.sockets[0].socket.cores[0].core.execute.fpu_unit.genblk1[0].fpu_fpnew.genblk3[2].fpnew_core.gen_operation_groups[3].i_opgroup_block.gen_merged_slice.i_multifmt_slice.gen_num_lanes[0].active_lane.lane_instance.i_fpnew_cast_multi.gen_int_res_sign_ext[3]	1	32	32	32.00	32.00
tb.dut.clusters[0].cluster.sockets[0].socket.cores[0].core.execute.fpu_unit.genblk1[0].fpu_fpnew.genblk3[2].fpnew_core.gen_operation_groups[3].i_opgroup_block.gen_merged_slice.i_multifmt_slice.gen_num_lanes[0].active_lane.lane_instance.i_fpnew_cast_multi.gen_output_pipeline[0]	1	1	1	1.00	1.00
tb.dut.clusters[0].cluster.sockets[0].socket.cores[0].core.execute.fpu_unit.genblk1[0].fpu_fpnew.genblk3[2].fpnew_core.gen_operation_groups[3].i_opgroup_block.gen_merged_slice.i_multifmt_slice.gen_num_lanes[0].active_lane.lane_instance.i_fpnew_cast_multi.gen_res_assemble[0]	2	64	32	32.00	32.00
tb.dut.clusters[0].cluster.sockets[0].socket.cores[0].core.execute.fpu_unit.genblk1[0].fpu_fpnew.genblk3[2].fpnew_core.gen_operation_groups[3].i_opgroup_block.gen_merged_slice.i_multifmt_slice.gen_num_lanes[0].active_lane.lane_instance.i_fpnew_cast_multi.gen_res_assemble[1]	2	64	32	32.00	32.00
tb.dut.clusters[0].cluster.sockets[0].socket.cores[0].core.execute.fpu_unit.genblk1[0].fpu_fpnew.genblk3[2].fpnew_core.gen_operation_groups[3].i_opgroup_block.gen_merged_slice.i_multifmt_slice.gen_num_lanes[0].active_lane.lane_instance.i_fpnew_cast_multi.gen_res_assemble[2]	2	64	32	32.00	32.00
tb.dut.clusters[0].cluster.sockets[0].socket.cores[0].core.execute.fpu_unit.genblk1[0].fpu_fpnew.genblk3[2].fpnew_core.gen_operation_groups[3].i_opgroup_block.gen_merged_slice.i_multifmt_slice.gen_num_lanes[0].active_lane.lane_instance.i_fpnew_cast_multi.gen_res_assemble[3]	2	64	32	32.00	32.00
tb.dut.clusters[0].cluster.sockets[0].socket.cores[0].core.execute.fpu_unit.genblk1[0].fpu_fpnew.genblk3[2].fpnew_core.gen_operation_groups[3].i_opgroup_block.gen_merged_slice.i_multifmt_slice.gen_num_lanes[0].active_lane.lane_instance.i_fpnew_cast_multi.gen_res_assemble[4]	2	64	32	32.00	32.00
tb.dut.clusters[0].cluster.sockets[0].socket.cores[0].core.execute.fpu_unit.genblk1[0].fpu_fpnew.genblk3[2].fpnew_core.gen_operation_groups[3].i_opgroup_block.gen_merged_slice.i_multifmt_slice.gen_num_lanes[0].active_lane.lane_instance.i_fpnew_cast_multi.gen_sign_extend_int[0]	1	32	32	32.00	32.00
tb.dut.clusters[0].cluster.sockets[0].socket.cores[0].core.execute.fpu_unit.genblk1[0].fpu_fpnew.genblk3[2].fpnew_core.gen_operation_groups[3].i_opgroup_block.gen_merged_slice.i_multifmt_slice.gen_num_lanes[0].active_lane.lane_instance.i_fpnew_cast_multi.gen_sign_extend_int[1]	1	32	32	32.00	32.00
tb.dut.clusters[0].cluster.sockets[0].socket.cores[0].core.execute.fpu_unit.genblk1[0].fpu_fpnew.genblk3[2].fpnew_core.gen_operation_groups[3].i_opgroup_block.gen_merged_slice.i_multifmt_slice.gen_num_lanes[0].active_lane.lane_instance.i_fpnew_cast_multi.gen_sign_extend_int[2]	1	32	32	32.00	32.00
tb.dut.clusters[0].cluster.sockets[0].socket.cores[0].core.execute.fpu_unit.genblk1[0].fpu_fpnew.genblk3[2].fpnew_core.gen_operation_groups[3].i_opgroup_block.gen_merged_slice.i_multifmt_slice.gen_num_lanes[0].active_lane.lane_instance.i_fpnew_cast_multi.gen_sign_extend_int[3]	1	32	32	32.00	32.00
tb.dut.clusters[0].cluster.sockets[0].socket.cores[0].core.execute.fpu_unit.genblk1[0].fpu_fpnew.genblk3[2].fpnew_core.gen_operation_groups[3].i_opgroup_block.gen_merged_slice.i_multifmt_slice.gen_num_lanes[0].active_lane.lane_instance.i_fpnew_cast_multi.gen_sign_inject[0]	3	96	32	32.00	32.00
tb.dut.clusters[0].cluster.sockets[0].socket.cores[0].core.execute.fpu_unit.genblk1[0].fpu_fpnew.genblk3[2].fpnew_core.gen_operation_groups[3].i_opgroup_block.gen_merged_slice.i_multifmt_slice.gen_num_lanes[0].active_lane.lane_instance.i_fpnew_cast_multi.gen_sign_inject[1]	3	96	32	32.00	32.00
tb.dut.clusters[0].cluster.sockets[0].socket.cores[0].core.execute.fpu_unit.genblk1[0].fpu_fpnew.genblk3[2].fpnew_core.gen_operation_groups[3].i_opgroup_block.gen_merged_slice.i_multifmt_slice.gen_num_lanes[0].active_lane.lane_instance.i_fpnew_cast_multi.gen_sign_inject[2]	3	96	32	32.00	32.00
tb.dut.clusters[0].cluster.sockets[0].socket.cores[0].core.execute.fpu_unit.genblk1[0].fpu_fpnew.genblk3[2].fpnew_core.gen_operation_groups[3].i_opgroup_block.gen_merged_slice.i_multifmt_slice.gen_num_lanes[0].active_lane.lane_instance.i_fpnew_cast_multi.gen_sign_inject[3]	3	96	32	32.00	32.00
tb.dut.clusters[0].cluster.sockets[0].socket.cores[0].core.execute.fpu_unit.genblk1[0].fpu_fpnew.genblk3[2].fpnew_core.gen_operation_groups[3].i_opgroup_block.gen_merged_slice.i_multifmt_slice.gen_num_lanes[0].active_lane.lane_instance.i_fpnew_cast_multi.gen_sign_inject[4]	3	96	32	32.00	32.00
tb.dut.clusters[0].cluster.sockets[0].socket.cores[0].core.execute.fpu_unit.genblk1[0].fpu_fpnew.genblk3[2].fpnew_core.gen_operation_groups[3].i_opgroup_block.gen_merged_slice.i_multifmt_slice.gen_num_lanes[0].active_lane.lane_instance.i_fpnew_cast_multi.gen_special_results[0]	6	159	32	26.50	29.49
tb.dut.clusters[0].cluster.sockets[0].socket.cores[0].core.execute.fpu_unit.genblk1[0].fpu_fpnew.genblk3[2].fpnew_core.gen_operation_groups[3].i_opgroup_block.gen_merged_slice.i_multifmt_slice.gen_num_lanes[0].active_lane.lane_instance.i_fpnew_cast_multi.gen_special_results[0].active_format	1	32	32	32.00	32.00
tb.dut.clusters[0].cluster.sockets[0].socket.cores[0].core.execute.fpu_unit.genblk1[0].fpu_fpnew.genblk3[2].fpnew_core.gen_operation_groups[3].i_opgroup_block.gen_merged_slice.i_multifmt_slice.gen_num_lanes[0].active_lane.lane_instance.i_fpnew_cast_multi.gen_special_results[0].active_format.special_results	1	32	32	32.00	32.00
tb.dut.clusters[0].cluster.sockets[0].socket.cores[0].core.execute.fpu_unit.genblk1[0].fpu_fpnew.genblk3[2].fpnew_core.gen_operation_groups[3].i_opgroup_block.gen_merged_slice.i_multifmt_slice.gen_num_lanes[0].active_lane.lane_instance.i_fpnew_cast_multi.gen_special_results[1]	5	159	52	31.80	37.09
tb.dut.clusters[0].cluster.sockets[0].socket.cores[0].core.execute.fpu_unit.genblk1[0].fpu_fpnew.genblk3[2].fpnew_core.gen_operation_groups[3].i_opgroup_block.gen_merged_slice.i_multifmt_slice.gen_num_lanes[0].active_lane.lane_instance.i_fpnew_cast_multi.gen_special_results[2]	5	111	32	22.20	28.80
tb.dut.clusters[0].cluster.sockets[0].socket.cores[0].core.execute.fpu_unit.genblk1[0].fpu_fpnew.genblk3[2].fpnew_core.gen_operation_groups[3].i_opgroup_block.gen_merged_slice.i_multifmt_slice.gen_num_lanes[0].active_lane.lane_instance.i_fpnew_cast_multi.gen_special_results[3]	5	103	32	20.60	30.11
tb.dut.clusters[0].cluster.sockets[0].socket.cores[0].core.execute.fpu_unit.genblk1[0].fpu_fpnew.genblk3[2].fpnew_core.gen_operation_groups[3].i_opgroup_block.gen_merged_slice.i_multifmt_slice.gen_num_lanes[0].active_lane.lane_instance.i_fpnew_cast_multi.gen_special_results[4]	5	111	32	22.20	28.69
tb.dut.clusters[0].cluster.sockets[0].socket.cores[0].core.execute.fpu_unit.genblk1[0].fpu_fpnew.genblk3[2].fpnew_core.gen_operation_groups[3].i_opgroup_block.gen_merged_slice.i_multifmt_slice.gen_num_lanes[0].active_lane.lane_instance.i_fpnew_cast_multi.gen_special_results_int[0]	1	32	32	32.00	32.00
tb.dut.clusters[0].cluster.sockets[0].socket.cores[0].core.execute.fpu_unit.genblk1[0].fpu_fpnew.genblk3[2].fpnew_core.gen_operation_groups[3].i_opgroup_block.gen_merged_slice.i_multifmt_slice.gen_num_lanes[0].active_lane.lane_instance.i_fpnew_cast_multi.gen_special_results_int[1]	1	32	32	32.00	32.00
tb.dut.clusters[0].cluster.sockets[0].socket.cores[0].core.execute.fpu_unit.genblk1[0].fpu_fpnew.genblk3[2].fpnew_core.gen_operation_groups[3].i_opgroup_block.gen_merged_slice.i_multifmt_slice.gen_num_lanes[0].active_lane.lane_instance.i_fpnew_cast_multi.gen_special_results_int[2]	1	32	32	32.00	32.00
tb.dut.clusters[0].cluster.sockets[0].socket.cores[0].core.execute.fpu_unit.genblk1[0].fpu_fpnew.genblk3[2].fpnew_core.gen_operation_groups[3].i_opgroup_block.gen_merged_slice.i_multifmt_slice.gen_num_lanes[0].active_lane.lane_instance.i_fpnew_cast_multi.gen_special_results_int[3]	1	32	32	32.00	32.00
tb.dut.clusters[0].cluster.sockets[0].socket.cores[0].core.execute.fpu_unit.genblk1[0].fpu_fpnew.genblk3[2].fpnew_core.gen_operation_groups[3].i_opgroup_block.gen_merged_slice.i_multifmt_slice.gen_num_lanes[0].active_lane.lane_instance.i_fpnew_cast_multi.i_fpnew_rounding	10	106	32	10.60	29.15
tb.dut.clusters[0].cluster.sockets[0].socket.cores[0].core.execute.fpu_unit.genblk1[0].fpu_fpnew.genblk3[2].fpnew_core.gen_operation_groups[3].i_opgroup_block.gen_merged_slice.i_multifmt_slice.gen_num_lanes[0].active_lane.lane_instance.i_fpnew_cast_multi.i_lzc	11	519	160	47.18	110.54
tb.dut.clusters[0].cluster.sockets[0].socket.cores[0].core.execute.fpu_unit.genblk1[0].fpu_fpnew.genblk3[2].fpnew_core.gen_operation_groups[3].i_opgroup_block.gen_merged_slice.i_multifmt_slice.gen_num_lanes[0].active_lane.lane_instance.i_fpnew_cast_multi.i_lzc.gen_lzc	5	416	160	83.20	130.46
tb.dut.clusters[0].cluster.sockets[0].socket.cores[0].core.execute.fpu_unit.genblk1[0].fpu_fpnew.genblk3[2].fpnew_core.gen_operation_groups[3].i_opgroup_block.gen_merged_slice.i_multifmt_slice.gen_num_lanes[0].int_results_enabled	4	128	32	32.00	32.00
tb.dut.clusters[0].cluster.sockets[0].socket.cores[0].core.execute.fpu_unit.genblk1[0].fpu_fpnew.genblk3[2].fpnew_core.gen_operation_groups[3].i_opgroup_block.gen_merged_slice.i_multifmt_slice.gen_num_lanes[0].int_results_enabled.pack_int_result[0]	1	32	32	32.00	32.00
tb.dut.clusters[0].cluster.sockets[0].socket.cores[0].core.execute.fpu_unit.genblk1[0].fpu_fpnew.genblk3[2].fpnew_core.gen_operation_groups[3].i_opgroup_block.gen_merged_slice.i_multifmt_slice.gen_num_lanes[0].int_results_enabled.pack_int_result[1]	1	32	32	32.00	32.00
tb.dut.clusters[0].cluster.sockets[0].socket.cores[0].core.execute.fpu_unit.genblk1[0].fpu_fpnew.genblk3[2].fpnew_core.gen_operation_groups[3].i_opgroup_block.gen_merged_slice.i_multifmt_slice.gen_num_lanes[0].int_results_enabled.pack_int_result[2]	1	32	32	32.00	32.00
tb.dut.clusters[0].cluster.sockets[0].socket.cores[0].core.execute.fpu_unit.genblk1[0].fpu_fpnew.genblk3[2].fpnew_core.gen_operation_groups[3].i_opgroup_block.gen_merged_slice.i_multifmt_slice.gen_num_lanes[0].int_results_enabled.pack_int_result[3]	1	32	32	32.00	32.00
tb.dut.clusters[0].cluster.sockets[0].socket.cores[0].core.execute.fpu_unit.genblk1[0].fpu_fpnew.genblk3[2].fpnew_core.gen_operation_groups[3].i_opgroup_block.gen_merged_slice.i_multifmt_slice.gen_num_lanes[0].pack_fp_result[0]	1	32	32	32.00	32.00
tb.dut.clusters[0].cluster.sockets[0].socket.cores[0].core.execute.fpu_unit.genblk1[0].fpu_fpnew.genblk3[2].fpnew_core.gen_operation_groups[3].i_opgroup_block.gen_merged_slice.i_multifmt_slice.gen_num_lanes[0].pack_fp_result[1]	1	32	32	32.00	32.00
tb.dut.clusters[0].cluster.sockets[0].socket.cores[0].core.execute.fpu_unit.genblk1[0].fpu_fpnew.genblk3[2].fpnew_core.gen_operation_groups[3].i_opgroup_block.gen_merged_slice.i_multifmt_slice.gen_num_lanes[0].pack_fp_result[2]	1	32	32	32.00	32.00
tb.dut.clusters[0].cluster.sockets[0].socket.cores[0].core.execute.fpu_unit.genblk1[0].fpu_fpnew.genblk3[2].fpnew_core.gen_operation_groups[3].i_opgroup_block.gen_merged_slice.i_multifmt_slice.gen_num_lanes[0].pack_fp_result[3]	1	32	32	32.00	32.00
tb.dut.clusters[0].cluster.sockets[0].socket.cores[0].core.execute.fpu_unit.genblk1[0].fpu_fpnew.genblk3[2].fpnew_core.gen_operation_groups[3].i_opgroup_block.gen_merged_slice.i_multifmt_slice.gen_num_lanes[0].pack_fp_result[4]	1	32	32	32.00	32.00
tb.dut.clusters[0].cluster.sockets[0].socket.cores[0].core.execute.fpu_unit.genblk1[0].fpu_fpnew.genblk3[2].fpnew_core.gen_operation_groups[3].i_opgroup_block.gen_merged_slice.i_multifmt_slice.target_regs	9	227	192	25.22	164.16
tb.dut.clusters[0].cluster.sockets[0].socket.cores[0].core.execute.fpu_unit.genblk1[0].fpu_fpnew.genblk3[2].fpnew_core.gen_operation_groups[3].i_opgroup_block.gen_merged_slice.i_multifmt_slice.target_regs.gen_bypass_pipeline[0]	1	1	1	1.00	1.00
tb.dut.clusters[0].cluster.sockets[0].socket.cores[0].core.execute.fpu_unit.genblk1[0].fpu_fpnew.genblk3[2].fpnew_core.gen_operation_groups[3].i_opgroup_block.gen_merged_slice.i_multifmt_slice.target_regs.gen_bypass_pipeline[1]	1	1	1	1.00	1.00
tb.dut.clusters[0].cluster.sockets[0].socket.cores[0].core.execute.fpu_unit.genblk1[0].fpu_fpnew.genblk3[2].fpnew_core.gen_operation_groups[3].i_opgroup_block.gen_merged_slice.i_multifmt_slice.target_regs.gen_bypass_pipeline[2]	1	1	1	1.00	1.00
tb.dut.clusters[0].cluster.sockets[0].socket.cores[0].core.execute.fpu_unit.genblk1[0].fpu_fpnew.genblk3[2].fpnew_core.gen_operation_groups[3].i_opgroup_block.gen_merged_slice.i_multifmt_slice.target_regs.gen_bypass_pipeline[3]	1	1	1	1.00	1.00
tb.dut.clusters[0].cluster.sockets[0].socket.cores[0].core.execute.fpu_unit.genblk1[0].fpu_fpnew.genblk3[2].fpnew_core.gen_operation_groups[3].i_opgroup_block.gen_merged_slice.i_multifmt_slice.target_regs.gen_bypass_pipeline[4]	1	1	1	1.00	1.00
tb.dut.clusters[0].cluster.sockets[0].socket.cores[0].core.execute.fpu_unit.genblk1[0].fpu_fpnew.genblk3[2].fpnew_core.gen_operation_groups[3].i_opgroup_block.gen_parallel_slices[0]	2	2	1	1.00	1.00
tb.dut.clusters[0].cluster.sockets[0].socket.cores[0].core.execute.fpu_unit.genblk1[0].fpu_fpnew.genblk3[2].fpnew_core.gen_operation_groups[3].i_opgroup_block.gen_parallel_slices[1]	2	2	1	1.00	1.00
tb.dut.clusters[0].cluster.sockets[0].socket.cores[0].core.execute.fpu_unit.genblk1[0].fpu_fpnew.genblk3[2].fpnew_core.gen_operation_groups[3].i_opgroup_block.gen_parallel_slices[2]	2	2	1	1.00	1.00
tb.dut.clusters[0].cluster.sockets[0].socket.cores[0].core.execute.fpu_unit.genblk1[0].fpu_fpnew.genblk3[2].fpnew_core.gen_operation_groups[3].i_opgroup_block.gen_parallel_slices[3]	2	2	1	1.00	1.00
tb.dut.clusters[0].cluster.sockets[0].socket.cores[0].core.execute.fpu_unit.genblk1[0].fpu_fpnew.genblk3[2].fpnew_core.gen_operation_groups[3].i_opgroup_block.gen_parallel_slices[4]	2	2	1	1.00	1.00
tb.dut.clusters[0].cluster.sockets[0].socket.cores[0].core.execute.fpu_unit.genblk1[0].fpu_fpnew.genblk3[2].fpnew_core.gen_operation_groups[3].i_opgroup_block.i_arbiter	75	1510	280	20.13	97.46
tb.dut.clusters[0].cluster.sockets[0].socket.cores[0].core.execute.fpu_unit.genblk1[0].fpu_fpnew.genblk3[2].fpnew_core.gen_operation_groups[3].i_opgroup_block.i_arbiter.gen_arbiter	58	1150	280	19.83	89.06
tb.dut.clusters[0].cluster.sockets[0].socket.cores[0].core.execute.fpu_unit.genblk1[0].fpu_fpnew.genblk3[2].fpnew_core.gen_operation_groups[3].i_opgroup_block.i_arbiter.gen_arbiter.gen_int_rr	30	340	32	11.33	23.78
tb.dut.clusters[0].cluster.sockets[0].socket.cores[0].core.execute.fpu_unit.genblk1[0].fpu_fpnew.genblk3[2].fpnew_core.gen_operation_groups[3].i_opgroup_block.i_arbiter.gen_arbiter.gen_int_rr.gen_fair_arb	29	337	32	11.62	23.96
tb.dut.clusters[0].cluster.sockets[0].socket.cores[0].core.execute.fpu_unit.genblk1[0].fpu_fpnew.genblk3[2].fpnew_core.gen_operation_groups[3].i_opgroup_block.i_arbiter.gen_arbiter.gen_int_rr.gen_fair_arb.i_lzc_lower	11	158	32	14.36	25.30
tb.dut.clusters[0].cluster.sockets[0].socket.cores[0].core.execute.fpu_unit.genblk1[0].fpu_fpnew.genblk3[2].fpnew_core.gen_operation_groups[3].i_opgroup_block.i_arbiter.gen_arbiter.gen_int_rr.gen_fair_arb.i_lzc_lower.gen_lzc	5	84	32	16.80	22.79
tb.dut.clusters[0].cluster.sockets[0].socket.cores[0].core.execute.fpu_unit.genblk1[0].fpu_fpnew.genblk3[2].fpnew_core.gen_operation_groups[3].i_opgroup_block.i_arbiter.gen_arbiter.gen_int_rr.gen_fair_arb.i_lzc_upper	11	158	32	14.36	25.30
tb.dut.clusters[0].cluster.sockets[0].socket.cores[0].core.execute.fpu_unit.genblk1[0].fpu_fpnew.genblk3[2].fpnew_core.gen_operation_groups[3].i_opgroup_block.i_arbiter.gen_arbiter.gen_int_rr.gen_fair_arb.i_lzc_upper.gen_lzc	5	84	32	16.80	22.79
tb.dut.clusters[0].cluster.sockets[0].socket.cores[0].core.execute.fpu_unit.genblk1[0].fpu_fpnew.genblk3[2].fpnew_core.gen_operation_groups[3].i_opgroup_block.i_arbiter.gen_arbiter.gen_levels[0]	3	65	32	21.67	31.52
tb.dut.clusters[0].cluster.sockets[0].socket.cores[0].core.execute.fpu_unit.genblk1[0].fpu_fpnew.genblk3[2].fpnew_core.gen_operation_groups[3].i_opgroup_block.i_arbiter.gen_arbiter.gen_levels[0].gen_level[0]	3	65	32	21.67	31.52
tb.dut.clusters[0].cluster.sockets[0].socket.cores[0].core.execute.fpu_unit.genblk1[0].fpu_fpnew.genblk3[2].fpnew_core.gen_operation_groups[3].i_opgroup_block.i_arbiter.gen_arbiter.gen_levels[1]	6	130	32	21.67	31.52
tb.dut.clusters[0].cluster.sockets[0].socket.cores[0].core.execute.fpu_unit.genblk1[0].fpu_fpnew.genblk3[2].fpnew_core.gen_operation_groups[3].i_opgroup_block.i_arbiter.gen_arbiter.gen_levels[1].gen_level[0]	3	65	32	21.67	31.52
tb.dut.clusters[0].cluster.sockets[0].socket.cores[0].core.execute.fpu_unit.genblk1[0].fpu_fpnew.genblk3[2].fpnew_core.gen_operation_groups[3].i_opgroup_block.i_arbiter.gen_arbiter.gen_levels[1].gen_level[1]	3	65	32	21.67	31.52
tb.dut.clusters[0].cluster.sockets[0].socket.cores[0].core.execute.fpu_unit.genblk1[0].fpu_fpnew.genblk3[2].fpnew_core.gen_operation_groups[3].i_opgroup_block.i_arbiter.gen_arbiter.gen_levels[2]	12	260	32	21.67	31.52
tb.dut.clusters[0].cluster.sockets[0].socket.cores[0].core.execute.fpu_unit.genblk1[0].fpu_fpnew.genblk3[2].fpnew_core.gen_operation_groups[3].i_opgroup_block.i_arbiter.gen_arbiter.gen_levels[2].gen_level[0]	3	65	32	21.67	31.52
tb.dut.clusters[0].cluster.sockets[0].socket.cores[0].core.execute.fpu_unit.genblk1[0].fpu_fpnew.genblk3[2].fpnew_core.gen_operation_groups[3].i_opgroup_block.i_arbiter.gen_arbiter.gen_levels[2].gen_level[1]	3	65	32	21.67	31.52
tb.dut.clusters[0].cluster.sockets[0].socket.cores[0].core.execute.fpu_unit.genblk1[0].fpu_fpnew.genblk3[2].fpnew_core.gen_operation_groups[3].i_opgroup_block.i_arbiter.gen_arbiter.gen_levels[2].gen_level[2]	3	65	32	21.67	31.52
tb.dut.clusters[0].cluster.sockets[0].socket.cores[0].core.execute.fpu_unit.genblk1[0].fpu_fpnew.genblk3[2].fpnew_core.gen_operation_groups[3].i_opgroup_block.i_arbiter.gen_arbiter.gen_levels[2].gen_level[3]	3	65	32	21.67	31.52
tb.dut.clusters[0].cluster.sockets[0].socket.cores[0].core.execute.fpu_unit.genblk1[0].fpu_fpnew.genblk3[2].fpnew_core.i_arbiter	63	947	156	15.03	59.63
tb.dut.clusters[0].cluster.sockets[0].socket.cores[0].core.execute.fpu_unit.genblk1[0].fpu_fpnew.genblk3[2].fpnew_core.i_arbiter.gen_arbiter	46	636	117	13.83	43.23
tb.dut.clusters[0].cluster.sockets[0].socket.cores[0].core.execute.fpu_unit.genblk1[0].fpu_fpnew.genblk3[2].fpnew_core.i_arbiter.gen_arbiter.gen_int_rr	30	274	32	9.13	23.93
tb.dut.clusters[0].cluster.sockets[0].socket.cores[0].core.execute.fpu_unit.genblk1[0].fpu_fpnew.genblk3[2].fpnew_core.i_arbiter.gen_arbiter.gen_int_rr.gen_fair_arb	29	272	32	9.38	24.10
tb.dut.clusters[0].cluster.sockets[0].socket.cores[0].core.execute.fpu_unit.genblk1[0].fpu_fpnew.genblk3[2].fpnew_core.i_arbiter.gen_arbiter.gen_int_rr.gen_fair_arb.i_lzc_lower	11	128	32	11.64	25.42
tb.dut.clusters[0].cluster.sockets[0].socket.cores[0].core.execute.fpu_unit.genblk1[0].fpu_fpnew.genblk3[2].fpnew_core.i_arbiter.gen_arbiter.gen_int_rr.gen_fair_arb.i_lzc_lower.gen_lzc	5	56	32	11.20	21.14
tb.dut.clusters[0].cluster.sockets[0].socket.cores[0].core.execute.fpu_unit.genblk1[0].fpu_fpnew.genblk3[2].fpnew_core.i_arbiter.gen_arbiter.gen_int_rr.gen_fair_arb.i_lzc_upper	11	128	32	11.64	25.42
tb.dut.clusters[0].cluster.sockets[0].socket.cores[0].core.execute.fpu_unit.genblk1[0].fpu_fpnew.genblk3[2].fpnew_core.i_arbiter.gen_arbiter.gen_int_rr.gen_fair_arb.i_lzc_upper.gen_lzc	5	56	32	11.20	21.14
tb.dut.clusters[0].cluster.sockets[0].socket.cores[0].core.execute.fpu_unit.genblk1[0].fpu_fpnew.genblk3[2].fpnew_core.i_arbiter.gen_arbiter.gen_levels[0]	3	65	32	21.67	31.52
tb.dut.clusters[0].cluster.sockets[0].socket.cores[0].core.execute.fpu_unit.genblk1[0].fpu_fpnew.genblk3[2].fpnew_core.i_arbiter.gen_arbiter.gen_levels[0].gen_level[0]	3	65	32	21.67	31.52
tb.dut.clusters[0].cluster.sockets[0].socket.cores[0].core.execute.fpu_unit.genblk1[0].fpu_fpnew.genblk3[2].fpnew_core.i_arbiter.gen_arbiter.gen_levels[1]	6	130	32	21.67	31.52
tb.dut.clusters[0].cluster.sockets[0].socket.cores[0].core.execute.fpu_unit.genblk1[0].fpu_fpnew.genblk3[2].fpnew_core.i_arbiter.gen_arbiter.gen_levels[1].gen_level[0]	3	65	32	21.67	31.52
tb.dut.clusters[0].cluster.sockets[0].socket.cores[0].core.execute.fpu_unit.genblk1[0].fpu_fpnew.genblk3[2].fpnew_core.i_arbiter.gen_arbiter.gen_levels[1].gen_level[1]	3	65	32	21.67	31.52
tb.dut.clusters[0].cluster.sockets[0].socket.cores[0].core.execute.fpu_unit.genblk1[0].fpu_fpnew.genblk3[3]	2201	43590	682	19.80	95.32
tb.dut.clusters[0].cluster.sockets[0].socket.cores[0].core.execute.fpu_unit.genblk1[0].fpu_fpnew.genblk3[3].fpnew_core	2197	43581	682	19.84	95.34
tb.dut.clusters[0].cluster.sockets[0].socket.cores[0].core.execute.fpu_unit.genblk1[0].fpu_fpnew.genblk3[3].fpnew_core.gen_nanbox_check[0]	1	32	32	32.00	32.00
tb.dut.clusters[0].cluster.sockets[0].socket.cores[0].core.execute.fpu_unit.genblk1[0].fpu_fpnew.genblk3[3].fpnew_core.gen_nanbox_check[1]	1	32	32	32.00	32.00
tb.dut.clusters[0].cluster.sockets[0].socket.cores[0].core.execute.fpu_unit.genblk1[0].fpu_fpnew.genblk3[3].fpnew_core.gen_nanbox_check[2]	1	32	32	32.00	32.00
tb.dut.clusters[0].cluster.sockets[0].socket.cores[0].core.execute.fpu_unit.genblk1[0].fpu_fpnew.genblk3[3].fpnew_core.gen_nanbox_check[3]	1	32	32	32.00	32.00
tb.dut.clusters[0].cluster.sockets[0].socket.cores[0].core.execute.fpu_unit.genblk1[0].fpu_fpnew.genblk3[3].fpnew_core.gen_nanbox_check[4]	1	32	32	32.00	32.00
tb.dut.clusters[0].cluster.sockets[0].socket.cores[0].core.execute.fpu_unit.genblk1[0].fpu_fpnew.genblk3[3].fpnew_core.gen_operation_groups[0]	399	7400	384	18.55	99.33
tb.dut.clusters[0].cluster.sockets[0].socket.cores[0].core.execute.fpu_unit.genblk1[0].fpu_fpnew.genblk3[3].fpnew_core.gen_operation_groups[0].i_opgroup_block	396	7352	384	18.57	99.81
tb.dut.clusters[0].cluster.sockets[0].socket.cores[0].core.execute.fpu_unit.genblk1[0].fpu_fpnew.genblk3[3].fpnew_core.gen_operation_groups[0].i_opgroup_block.gen_parallel_slices[0]	272	5051	384	18.57	99.68
tb.dut.clusters[0].cluster.sockets[0].socket.cores[0].core.execute.fpu_unit.genblk1[0].fpu_fpnew.genblk3[3].fpnew_core.gen_operation_groups[0].i_opgroup_block.gen_parallel_slices[0].active_format	270	5049	384	18.70	99.72
tb.dut.clusters[0].cluster.sockets[0].socket.cores[0].core.execute.fpu_unit.genblk1[0].fpu_fpnew.genblk3[3].fpnew_core.gen_operation_groups[0].i_opgroup_block.gen_parallel_slices[0].active_format.i_fmt_slice	267	5015	384	18.78	100.19
tb.dut.clusters[0].cluster.sockets[0].socket.cores[0].core.execute.fpu_unit.genblk1[0].fpu_fpnew.genblk3[3].fpnew_core.gen_operation_groups[0].i_opgroup_block.gen_parallel_slices[0].active_format.i_fmt_slice.gen_num_lanes[0]	216	4401	384	20.38	108.76
tb.dut.clusters[0].cluster.sockets[0].socket.cores[0].core.execute.fpu_unit.genblk1[0].fpu_fpnew.genblk3[3].fpnew_core.gen_operation_groups[0].i_opgroup_block.gen_parallel_slices[0].active_format.i_fmt_slice.gen_num_lanes[0].active_lane	214	4368	384	20.41	109.35
tb.dut.clusters[0].cluster.sockets[0].socket.cores[0].core.execute.fpu_unit.genblk1[0].fpu_fpnew.genblk3[3].fpnew_core.gen_operation_groups[0].i_opgroup_block.gen_parallel_slices[0].active_format.i_fmt_slice.gen_num_lanes[0].active_lane.lane_instance	208	4232	384	20.35	110.44
tb.dut.clusters[0].cluster.sockets[0].socket.cores[0].core.execute.fpu_unit.genblk1[0].fpu_fpnew.genblk3[3].fpnew_core.gen_operation_groups[0].i_opgroup_block.gen_parallel_slices[0].active_format.i_fmt_slice.gen_num_lanes[0].active_lane.lane_instance.i_fma	208	4232	384	20.35	110.44
tb.dut.clusters[0].cluster.sockets[0].socket.cores[0].core.execute.fpu_unit.genblk1[0].fpu_fpnew.genblk3[3].fpnew_core.gen_operation_groups[0].i_opgroup_block.gen_parallel_slices[0].active_format.i_fmt_slice.gen_num_lanes[0].active_lane.lane_instance.i_fma.gen_input_pipeline[0]	1	1	1	1.00	1.00
tb.dut.clusters[0].cluster.sockets[0].socket.cores[0].core.execute.fpu_unit.genblk1[0].fpu_fpnew.genblk3[3].fpnew_core.gen_operation_groups[0].i_opgroup_block.gen_parallel_slices[0].active_format.i_fmt_slice.gen_num_lanes[0].active_lane.lane_instance.i_fma.gen_inside_pipeline[0]	1	1	1	1.00	1.00
tb.dut.clusters[0].cluster.sockets[0].socket.cores[0].core.execute.fpu_unit.genblk1[0].fpu_fpnew.genblk3[3].fpnew_core.gen_operation_groups[0].i_opgroup_block.gen_parallel_slices[0].active_format.i_fmt_slice.gen_num_lanes[0].active_lane.lane_instance.i_fma.gen_inside_pipeline[1]	1	1	1	1.00	1.00
tb.dut.clusters[0].cluster.sockets[0].socket.cores[0].core.execute.fpu_unit.genblk1[0].fpu_fpnew.genblk3[3].fpnew_core.gen_operation_groups[0].i_opgroup_block.gen_parallel_slices[0].active_format.i_fmt_slice.gen_num_lanes[0].active_lane.lane_instance.i_fma.gen_output_pipeline[0]	1	1	1	1.00	1.00
tb.dut.clusters[0].cluster.sockets[0].socket.cores[0].core.execute.fpu_unit.genblk1[0].fpu_fpnew.genblk3[3].fpnew_core.gen_operation_groups[0].i_opgroup_block.gen_parallel_slices[0].active_format.i_fmt_slice.gen_num_lanes[0].active_lane.lane_instance.i_fma.i_class_inputs	35	374	96	10.69	45.46
tb.dut.clusters[0].cluster.sockets[0].socket.cores[0].core.execute.fpu_unit.genblk1[0].fpu_fpnew.genblk3[3].fpnew_core.gen_operation_groups[0].i_opgroup_block.gen_parallel_slices[0].active_format.i_fmt_slice.gen_num_lanes[0].active_lane.lane_instance.i_fma.i_class_inputs.gen_num_values[0]	9	40	32	4.44	25.80
tb.dut.clusters[0].cluster.sockets[0].socket.cores[0].core.execute.fpu_unit.genblk1[0].fpu_fpnew.genblk3[3].fpnew_core.gen_operation_groups[0].i_opgroup_block.gen_parallel_slices[0].active_format.i_fmt_slice.gen_num_lanes[0].active_lane.lane_instance.i_fma.i_class_inputs.gen_num_values[1]	9	40	32	4.44	25.80
tb.dut.clusters[0].cluster.sockets[0].socket.cores[0].core.execute.fpu_unit.genblk1[0].fpu_fpnew.genblk3[3].fpnew_core.gen_operation_groups[0].i_opgroup_block.gen_parallel_slices[0].active_format.i_fmt_slice.gen_num_lanes[0].active_lane.lane_instance.i_fma.i_class_inputs.gen_num_values[2]	9	40	32	4.44	25.80
tb.dut.clusters[0].cluster.sockets[0].socket.cores[0].core.execute.fpu_unit.genblk1[0].fpu_fpnew.genblk3[3].fpnew_core.gen_operation_groups[0].i_opgroup_block.gen_parallel_slices[0].active_format.i_fmt_slice.gen_num_lanes[0].active_lane.lane_instance.i_fma.i_fpnew_rounding	10	104	32	10.40	28.50
tb.dut.clusters[0].cluster.sockets[0].socket.cores[0].core.execute.fpu_unit.genblk1[0].fpu_fpnew.genblk3[3].fpnew_core.gen_operation_groups[0].i_opgroup_block.gen_parallel_slices[0].active_format.i_fmt_slice.gen_num_lanes[0].active_lane.lane_instance.i_fma.i_lzc	11	960	384	87.27	264.06
tb.dut.clusters[0].cluster.sockets[0].socket.cores[0].core.execute.fpu_unit.genblk1[0].fpu_fpnew.genblk3[3].fpnew_core.gen_operation_groups[0].i_opgroup_block.gen_parallel_slices[0].active_format.i_fmt_slice.gen_num_lanes[0].active_lane.lane_instance.i_fma.i_lzc.gen_lzc	5	837	384	167.40	297.27
tb.dut.clusters[0].cluster.sockets[0].socket.cores[0].core.execute.fpu_unit.genblk1[0].fpu_fpnew.genblk3[3].fpnew_core.gen_operation_groups[0].i_opgroup_block.gen_parallel_slices[1]	2	2	1	1.00	1.00
tb.dut.clusters[0].cluster.sockets[0].socket.cores[0].core.execute.fpu_unit.genblk1[0].fpu_fpnew.genblk3[3].fpnew_core.gen_operation_groups[0].i_opgroup_block.gen_parallel_slices[2]	2	2	1	1.00	1.00
tb.dut.clusters[0].cluster.sockets[0].socket.cores[0].core.execute.fpu_unit.genblk1[0].fpu_fpnew.genblk3[3].fpnew_core.gen_operation_groups[0].i_opgroup_block.gen_parallel_slices[3]	2	2	1	1.00	1.00
tb.dut.clusters[0].cluster.sockets[0].socket.cores[0].core.execute.fpu_unit.genblk1[0].fpu_fpnew.genblk3[3].fpnew_core.gen_operation_groups[0].i_opgroup_block.gen_parallel_slices[4]	2	2	1	1.00	1.00
tb.dut.clusters[0].cluster.sockets[0].socket.cores[0].core.execute.fpu_unit.genblk1[0].fpu_fpnew.genblk3[3].fpnew_core.gen_operation_groups[0].i_opgroup_block.i_arbiter	75	1510	280	20.13	97.46
tb.dut.clusters[0].cluster.sockets[0].socket.cores[0].core.execute.fpu_unit.genblk1[0].fpu_fpnew.genblk3[3].fpnew_core.gen_operation_groups[0].i_opgroup_block.i_arbiter.gen_arbiter	58	1150	280	19.83	89.06
tb.dut.clusters[0].cluster.sockets[0].socket.cores[0].core.execute.fpu_unit.genblk1[0].fpu_fpnew.genblk3[3].fpnew_core.gen_operation_groups[0].i_opgroup_block.i_arbiter.gen_arbiter.gen_int_rr	30	340	32	11.33	23.78
tb.dut.clusters[0].cluster.sockets[0].socket.cores[0].core.execute.fpu_unit.genblk1[0].fpu_fpnew.genblk3[3].fpnew_core.gen_operation_groups[0].i_opgroup_block.i_arbiter.gen_arbiter.gen_int_rr.gen_fair_arb	29	337	32	11.62	23.96
tb.dut.clusters[0].cluster.sockets[0].socket.cores[0].core.execute.fpu_unit.genblk1[0].fpu_fpnew.genblk3[3].fpnew_core.gen_operation_groups[0].i_opgroup_block.i_arbiter.gen_arbiter.gen_int_rr.gen_fair_arb.i_lzc_lower	11	158	32	14.36	25.30
tb.dut.clusters[0].cluster.sockets[0].socket.cores[0].core.execute.fpu_unit.genblk1[0].fpu_fpnew.genblk3[3].fpnew_core.gen_operation_groups[0].i_opgroup_block.i_arbiter.gen_arbiter.gen_int_rr.gen_fair_arb.i_lzc_lower.gen_lzc	5	84	32	16.80	22.79
tb.dut.clusters[0].cluster.sockets[0].socket.cores[0].core.execute.fpu_unit.genblk1[0].fpu_fpnew.genblk3[3].fpnew_core.gen_operation_groups[0].i_opgroup_block.i_arbiter.gen_arbiter.gen_int_rr.gen_fair_arb.i_lzc_upper	11	158	32	14.36	25.30
tb.dut.clusters[0].cluster.sockets[0].socket.cores[0].core.execute.fpu_unit.genblk1[0].fpu_fpnew.genblk3[3].fpnew_core.gen_operation_groups[0].i_opgroup_block.i_arbiter.gen_arbiter.gen_int_rr.gen_fair_arb.i_lzc_upper.gen_lzc	5	84	32	16.80	22.79
tb.dut.clusters[0].cluster.sockets[0].socket.cores[0].core.execute.fpu_unit.genblk1[0].fpu_fpnew.genblk3[3].fpnew_core.gen_operation_groups[0].i_opgroup_block.i_arbiter.gen_arbiter.gen_levels[0]	3	65	32	21.67	31.52
tb.dut.clusters[0].cluster.sockets[0].socket.cores[0].core.execute.fpu_unit.genblk1[0].fpu_fpnew.genblk3[3].fpnew_core.gen_operation_groups[0].i_opgroup_block.i_arbiter.gen_arbiter.gen_levels[0].gen_level[0]	3	65	32	21.67	31.52
tb.dut.clusters[0].cluster.sockets[0].socket.cores[0].core.execute.fpu_unit.genblk1[0].fpu_fpnew.genblk3[3].fpnew_core.gen_operation_groups[0].i_opgroup_block.i_arbiter.gen_arbiter.gen_levels[1]	6	130	32	21.67	31.52
tb.dut.clusters[0].cluster.sockets[0].socket.cores[0].core.execute.fpu_unit.genblk1[0].fpu_fpnew.genblk3[3].fpnew_core.gen_operation_groups[0].i_opgroup_block.i_arbiter.gen_arbiter.gen_levels[1].gen_level[0]	3	65	32	21.67	31.52
tb.dut.clusters[0].cluster.sockets[0].socket.cores[0].core.execute.fpu_unit.genblk1[0].fpu_fpnew.genblk3[3].fpnew_core.gen_operation_groups[0].i_opgroup_block.i_arbiter.gen_arbiter.gen_levels[1].gen_level[1]	3	65	32	21.67	31.52
tb.dut.clusters[0].cluster.sockets[0].socket.cores[0].core.execute.fpu_unit.genblk1[0].fpu_fpnew.genblk3[3].fpnew_core.gen_operation_groups[0].i_opgroup_block.i_arbiter.gen_arbiter.gen_levels[2]	12	260	32	21.67	31.52
tb.dut.clusters[0].cluster.sockets[0].socket.cores[0].core.execute.fpu_unit.genblk1[0].fpu_fpnew.genblk3[3].fpnew_core.gen_operation_groups[0].i_opgroup_block.i_arbiter.gen_arbiter.gen_levels[2].gen_level[0]	3	65	32	21.67	31.52
tb.dut.clusters[0].cluster.sockets[0].socket.cores[0].core.execute.fpu_unit.genblk1[0].fpu_fpnew.genblk3[3].fpnew_core.gen_operation_groups[0].i_opgroup_block.i_arbiter.gen_arbiter.gen_levels[2].gen_level[1]	3	65	32	21.67	31.52
tb.dut.clusters[0].cluster.sockets[0].socket.cores[0].core.execute.fpu_unit.genblk1[0].fpu_fpnew.genblk3[3].fpnew_core.gen_operation_groups[0].i_opgroup_block.i_arbiter.gen_arbiter.gen_levels[2].gen_level[2]	3	65	32	21.67	31.52
tb.dut.clusters[0].cluster.sockets[0].socket.cores[0].core.execute.fpu_unit.genblk1[0].fpu_fpnew.genblk3[3].fpnew_core.gen_operation_groups[0].i_opgroup_block.i_arbiter.gen_arbiter.gen_levels[2].gen_level[3]	3	65	32	21.67	31.52
tb.dut.clusters[0].cluster.sockets[0].socket.cores[0].core.execute.fpu_unit.genblk1[0].fpu_fpnew.genblk3[3].fpnew_core.gen_operation_groups[1]	846	18392	576	21.74	97.68
tb.dut.clusters[0].cluster.sockets[0].socket.cores[0].core.execute.fpu_unit.genblk1[0].fpu_fpnew.genblk3[3].fpnew_core.gen_operation_groups[1].i_opgroup_block	843	18349	576	21.77	97.84
tb.dut.clusters[0].cluster.sockets[0].socket.cores[0].core.execute.fpu_unit.genblk1[0].fpu_fpnew.genblk3[3].fpnew_core.gen_operation_groups[1].i_opgroup_block.gen_merged_slice	717	16083	576	22.43	97.64
tb.dut.clusters[0].cluster.sockets[0].socket.cores[0].core.execute.fpu_unit.genblk1[0].fpu_fpnew.genblk3[3].fpnew_core.gen_operation_groups[1].i_opgroup_block.gen_merged_slice.i_multifmt_slice	714	16047	576	22.47	97.79
tb.dut.clusters[0].cluster.sockets[0].socket.cores[0].core.execute.fpu_unit.genblk1[0].fpu_fpnew.genblk3[3].fpnew_core.gen_operation_groups[1].i_opgroup_block.gen_merged_slice.i_multifmt_slice.extend_fp_result[0]	1	32	32	32.00	32.00
tb.dut.clusters[0].cluster.sockets[0].socket.cores[0].core.execute.fpu_unit.genblk1[0].fpu_fpnew.genblk3[3].fpnew_core.gen_operation_groups[1].i_opgroup_block.gen_merged_slice.i_multifmt_slice.extend_fp_result[1]	1	32	32	32.00	32.00
tb.dut.clusters[0].cluster.sockets[0].socket.cores[0].core.execute.fpu_unit.genblk1[0].fpu_fpnew.genblk3[3].fpnew_core.gen_operation_groups[1].i_opgroup_block.gen_merged_slice.i_multifmt_slice.extend_fp_result[2]	1	32	32	32.00	32.00
tb.dut.clusters[0].cluster.sockets[0].socket.cores[0].core.execute.fpu_unit.genblk1[0].fpu_fpnew.genblk3[3].fpnew_core.gen_operation_groups[1].i_opgroup_block.gen_merged_slice.i_multifmt_slice.extend_fp_result[3]	1	32	32	32.00	32.00
tb.dut.clusters[0].cluster.sockets[0].socket.cores[0].core.execute.fpu_unit.genblk1[0].fpu_fpnew.genblk3[3].fpnew_core.gen_operation_groups[1].i_opgroup_block.gen_merged_slice.i_multifmt_slice.extend_fp_result[4]	1	32	32	32.00	32.00
tb.dut.clusters[0].cluster.sockets[0].socket.cores[0].core.execute.fpu_unit.genblk1[0].fpu_fpnew.genblk3[3].fpnew_core.gen_operation_groups[1].i_opgroup_block.gen_merged_slice.i_multifmt_slice.gen_num_lanes[0]	635	14916	576	23.49	100.69
tb.dut.clusters[0].cluster.sockets[0].socket.cores[0].core.execute.fpu_unit.genblk1[0].fpu_fpnew.genblk3[3].fpnew_core.gen_operation_groups[1].i_opgroup_block.gen_merged_slice.i_multifmt_slice.gen_num_lanes[0].active_lane	620	14573	576	23.50	102.35
tb.dut.clusters[0].cluster.sockets[0].socket.cores[0].core.execute.fpu_unit.genblk1[0].fpu_fpnew.genblk3[3].fpnew_core.gen_operation_groups[1].i_opgroup_block.gen_merged_slice.i_multifmt_slice.gen_num_lanes[0].active_lane.lane_instance	614	14469	576	23.57	102.73
tb.dut.clusters[0].cluster.sockets[0].socket.cores[0].core.execute.fpu_unit.genblk1[0].fpu_fpnew.genblk3[3].fpnew_core.gen_operation_groups[1].i_opgroup_block.gen_merged_slice.i_multifmt_slice.gen_num_lanes[0].active_lane.lane_instance.genblk1	614	14469	576	23.57	102.73
tb.dut.clusters[0].cluster.sockets[0].socket.cores[0].core.execute.fpu_unit.genblk1[0].fpu_fpnew.genblk3[3].fpnew_core.gen_operation_groups[1].i_opgroup_block.gen_merged_slice.i_multifmt_slice.gen_num_lanes[0].active_lane.lane_instance.genblk1.i_fpnew_divsqrt_multi	614	14469	576	23.57	102.73
tb.dut.clusters[0].cluster.sockets[0].socket.cores[0].core.execute.fpu_unit.genblk1[0].fpu_fpnew.genblk3[3].fpnew_core.gen_operation_groups[1].i_opgroup_block.gen_merged_slice.i_multifmt_slice.gen_num_lanes[0].active_lane.lane_instance.genblk1.i_fpnew_divsqrt_multi.gen_input_pipeline[0]	1	1	1	1.00	1.00
tb.dut.clusters[0].cluster.sockets[0].socket.cores[0].core.execute.fpu_unit.genblk1[0].fpu_fpnew.genblk3[3].fpnew_core.gen_operation_groups[1].i_opgroup_block.gen_merged_slice.i_multifmt_slice.gen_num_lanes[0].active_lane.lane_instance.genblk1.i_fpnew_divsqrt_multi.gen_input_pipeline[1]	1	1	1	1.00	1.00
tb.dut.clusters[0].cluster.sockets[0].socket.cores[0].core.execute.fpu_unit.genblk1[0].fpu_fpnew.genblk3[3].fpnew_core.gen_operation_groups[1].i_opgroup_block.gen_merged_slice.i_multifmt_slice.gen_num_lanes[0].active_lane.lane_instance.genblk1.i_fpnew_divsqrt_multi.gen_input_pipeline[2]	1	1	1	1.00	1.00
tb.dut.clusters[0].cluster.sockets[0].socket.cores[0].core.execute.fpu_unit.genblk1[0].fpu_fpnew.genblk3[3].fpnew_core.gen_operation_groups[1].i_opgroup_block.gen_merged_slice.i_multifmt_slice.gen_num_lanes[0].active_lane.lane_instance.genblk1.i_fpnew_divsqrt_multi.gen_input_pipeline[3]	1	1	1	1.00	1.00
tb.dut.clusters[0].cluster.sockets[0].socket.cores[0].core.execute.fpu_unit.genblk1[0].fpu_fpnew.genblk3[3].fpnew_core.gen_operation_groups[1].i_opgroup_block.gen_merged_slice.i_multifmt_slice.gen_num_lanes[0].active_lane.lane_instance.genblk1.i_fpnew_divsqrt_multi.gen_input_pipeline[4]	1	1	1	1.00	1.00
tb.dut.clusters[0].cluster.sockets[0].socket.cores[0].core.execute.fpu_unit.genblk1[0].fpu_fpnew.genblk3[3].fpnew_core.gen_operation_groups[1].i_opgroup_block.gen_merged_slice.i_multifmt_slice.gen_num_lanes[0].active_lane.lane_instance.genblk1.i_fpnew_divsqrt_multi.gen_input_pipeline[5]	1	1	1	1.00	1.00
tb.dut.clusters[0].cluster.sockets[0].socket.cores[0].core.execute.fpu_unit.genblk1[0].fpu_fpnew.genblk3[3].fpnew_core.gen_operation_groups[1].i_opgroup_block.gen_merged_slice.i_multifmt_slice.gen_num_lanes[0].active_lane.lane_instance.genblk1.i_fpnew_divsqrt_multi.gen_input_pipeline[6]	1	1	1	1.00	1.00
tb.dut.clusters[0].cluster.sockets[0].socket.cores[0].core.execute.fpu_unit.genblk1[0].fpu_fpnew.genblk3[3].fpnew_core.gen_operation_groups[1].i_opgroup_block.gen_merged_slice.i_multifmt_slice.gen_num_lanes[0].active_lane.lane_instance.genblk1.i_fpnew_divsqrt_multi.gen_input_pipeline[7]	1	1	1	1.00	1.00
tb.dut.clusters[0].cluster.sockets[0].socket.cores[0].core.execute.fpu_unit.genblk1[0].fpu_fpnew.genblk3[3].fpnew_core.gen_operation_groups[1].i_opgroup_block.gen_merged_slice.i_multifmt_slice.gen_num_lanes[0].active_lane.lane_instance.genblk1.i_fpnew_divsqrt_multi.gen_output_pipeline[0]	1	1	1	1.00	1.00
tb.dut.clusters[0].cluster.sockets[0].socket.cores[0].core.execute.fpu_unit.genblk1[0].fpu_fpnew.genblk3[3].fpnew_core.gen_operation_groups[1].i_opgroup_block.gen_merged_slice.i_multifmt_slice.gen_num_lanes[0].active_lane.lane_instance.genblk1.i_fpnew_divsqrt_multi.gen_output_pipeline[1]	1	1	1	1.00	1.00
tb.dut.clusters[0].cluster.sockets[0].socket.cores[0].core.execute.fpu_unit.genblk1[0].fpu_fpnew.genblk3[3].fpnew_core.gen_operation_groups[1].i_opgroup_block.gen_merged_slice.i_multifmt_slice.gen_num_lanes[0].active_lane.lane_instance.genblk1.i_fpnew_divsqrt_multi.gen_output_pipeline[2]	1	1	1	1.00	1.00
tb.dut.clusters[0].cluster.sockets[0].socket.cores[0].core.execute.fpu_unit.genblk1[0].fpu_fpnew.genblk3[3].fpnew_core.gen_operation_groups[1].i_opgroup_block.gen_merged_slice.i_multifmt_slice.gen_num_lanes[0].active_lane.lane_instance.genblk1.i_fpnew_divsqrt_multi.gen_output_pipeline[3]	1	1	1	1.00	1.00
tb.dut.clusters[0].cluster.sockets[0].socket.cores[0].core.execute.fpu_unit.genblk1[0].fpu_fpnew.genblk3[3].fpnew_core.gen_operation_groups[1].i_opgroup_block.gen_merged_slice.i_multifmt_slice.gen_num_lanes[0].active_lane.lane_instance.genblk1.i_fpnew_divsqrt_multi.gen_output_pipeline[4]	1	1	1	1.00	1.00
tb.dut.clusters[0].cluster.sockets[0].socket.cores[0].core.execute.fpu_unit.genblk1[0].fpu_fpnew.genblk3[3].fpnew_core.gen_operation_groups[1].i_opgroup_block.gen_merged_slice.i_multifmt_slice.gen_num_lanes[0].active_lane.lane_instance.genblk1.i_fpnew_divsqrt_multi.gen_output_pipeline[5]	1	1	1	1.00	1.00
tb.dut.clusters[0].cluster.sockets[0].socket.cores[0].core.execute.fpu_unit.genblk1[0].fpu_fpnew.genblk3[3].fpnew_core.gen_operation_groups[1].i_opgroup_block.gen_merged_slice.i_multifmt_slice.gen_num_lanes[0].active_lane.lane_instance.genblk1.i_fpnew_divsqrt_multi.gen_output_pipeline[6]	1	1	1	1.00	1.00
tb.dut.clusters[0].cluster.sockets[0].socket.cores[0].core.execute.fpu_unit.genblk1[0].fpu_fpnew.genblk3[3].fpnew_core.gen_operation_groups[1].i_opgroup_block.gen_merged_slice.i_multifmt_slice.gen_num_lanes[0].active_lane.lane_instance.genblk1.i_fpnew_divsqrt_multi.gen_output_pipeline[7]	1	1	1	1.00	1.00
tb.dut.clusters[0].cluster.sockets[0].socket.cores[0].core.execute.fpu_unit.genblk1[0].fpu_fpnew.genblk3[3].fpnew_core.gen_operation_groups[1].i_opgroup_block.gen_merged_slice.i_multifmt_slice.gen_num_lanes[0].active_lane.lane_instance.genblk1.i_fpnew_divsqrt_multi.i_divsqrt_lei	512	12493	384	24.40	81.81
tb.dut.clusters[0].cluster.sockets[0].socket.cores[0].core.execute.fpu_unit.genblk1[0].fpu_fpnew.genblk3[3].fpnew_core.gen_operation_groups[1].i_opgroup_block.gen_merged_slice.i_multifmt_slice.gen_num_lanes[0].active_lane.lane_instance.genblk1.i_fpnew_divsqrt_multi.i_divsqrt_lei.fpu_norm_U0	49	752	64	15.35	46.22
tb.dut.clusters[0].cluster.sockets[0].socket.cores[0].core.execute.fpu_unit.genblk1[0].fpu_fpnew.genblk3[3].fpnew_core.gen_operation_groups[1].i_opgroup_block.gen_merged_slice.i_multifmt_slice.gen_num_lanes[0].active_lane.lane_instance.genblk1.i_fpnew_divsqrt_multi.i_divsqrt_lei.nrbd_nrsc_U0	326	8528	62	26.16	47.54
tb.dut.clusters[0].cluster.sockets[0].socket.cores[0].core.execute.fpu_unit.genblk1[0].fpu_fpnew.genblk3[3].fpnew_core.gen_operation_groups[1].i_opgroup_block.gen_merged_slice.i_multifmt_slice.gen_num_lanes[0].active_lane.lane_instance.genblk1.i_fpnew_divsqrt_multi.i_divsqrt_lei.nrbd_nrsc_U0.control_U0	299	8301	62	27.76	47.71
tb.dut.clusters[0].cluster.sockets[0].socket.cores[0].core.execute.fpu_unit.genblk1[0].fpu_fpnew.genblk3[3].fpnew_core.gen_operation_groups[1].i_opgroup_block.gen_merged_slice.i_multifmt_slice.gen_num_lanes[0].active_lane.lane_instance.genblk1.i_fpnew_divsqrt_multi.i_divsqrt_lei.nrbd_nrsc_U0.control_U0.genblk4[0]	13	217	58	16.69	51.29
tb.dut.clusters[0].cluster.sockets[0].socket.cores[0].core.execute.fpu_unit.genblk1[0].fpu_fpnew.genblk3[3].fpnew_core.gen_operation_groups[1].i_opgroup_block.gen_merged_slice.i_multifmt_slice.gen_num_lanes[0].active_lane.lane_instance.genblk1.i_fpnew_divsqrt_multi.i_divsqrt_lei.nrbd_nrsc_U0.control_U0.genblk4[0].iteration_div_sqrt	13	217	58	16.69	51.29
tb.dut.clusters[0].cluster.sockets[0].socket.cores[0].core.execute.fpu_unit.genblk1[0].fpu_fpnew.genblk3[3].fpnew_core.gen_operation_groups[1].i_opgroup_block.gen_merged_slice.i_multifmt_slice.gen_num_lanes[0].active_lane.lane_instance.genblk1.i_fpnew_divsqrt_multi.i_divsqrt_lei.nrbd_nrsc_U0.control_U0.genblk4[1]	13	217	58	16.69	51.29
tb.dut.clusters[0].cluster.sockets[0].socket.cores[0].core.execute.fpu_unit.genblk1[0].fpu_fpnew.genblk3[3].fpnew_core.gen_operation_groups[1].i_opgroup_block.gen_merged_slice.i_multifmt_slice.gen_num_lanes[0].active_lane.lane_instance.genblk1.i_fpnew_divsqrt_multi.i_divsqrt_lei.nrbd_nrsc_U0.control_U0.genblk4[1].iteration_div_sqrt	13	217	58	16.69	51.29
tb.dut.clusters[0].cluster.sockets[0].socket.cores[0].core.execute.fpu_unit.genblk1[0].fpu_fpnew.genblk3[3].fpnew_core.gen_operation_groups[1].i_opgroup_block.gen_merged_slice.i_multifmt_slice.gen_num_lanes[0].active_lane.lane_instance.genblk1.i_fpnew_divsqrt_multi.i_divsqrt_lei.nrbd_nrsc_U0.control_U0.genblk4[2]	13	217	58	16.69	51.29
tb.dut.clusters[0].cluster.sockets[0].socket.cores[0].core.execute.fpu_unit.genblk1[0].fpu_fpnew.genblk3[3].fpnew_core.gen_operation_groups[1].i_opgroup_block.gen_merged_slice.i_multifmt_slice.gen_num_lanes[0].active_lane.lane_instance.genblk1.i_fpnew_divsqrt_multi.i_divsqrt_lei.nrbd_nrsc_U0.control_U0.genblk4[2].iteration_div_sqrt	13	217	58	16.69	51.29
tb.dut.clusters[0].cluster.sockets[0].socket.cores[0].core.execute.fpu_unit.genblk1[0].fpu_fpnew.genblk3[3].fpnew_core.gen_operation_groups[1].i_opgroup_block.gen_merged_slice.i_multifmt_slice.gen_num_lanes[0].active_lane.lane_instance.genblk1.i_fpnew_divsqrt_multi.i_divsqrt_lei.preprocess_U0	98	2777	384	28.34	201.71
tb.dut.clusters[0].cluster.sockets[0].socket.cores[0].core.execute.fpu_unit.genblk1[0].fpu_fpnew.genblk3[3].fpnew_core.gen_operation_groups[1].i_opgroup_block.gen_merged_slice.i_multifmt_slice.gen_num_lanes[0].active_lane.lane_instance.genblk1.i_fpnew_divsqrt_multi.i_divsqrt_lei.preprocess_U0.LOD_Ua	11	976	384	88.73	267.83
tb.dut.clusters[0].cluster.sockets[0].socket.cores[0].core.execute.fpu_unit.genblk1[0].fpu_fpnew.genblk3[3].fpnew_core.gen_operation_groups[1].i_opgroup_block.gen_merged_slice.i_multifmt_slice.gen_num_lanes[0].active_lane.lane_instance.genblk1.i_fpnew_divsqrt_multi.i_divsqrt_lei.preprocess_U0.LOD_Ua.gen_lzc	5	851	384	170.20	301.42
tb.dut.clusters[0].cluster.sockets[0].socket.cores[0].core.execute.fpu_unit.genblk1[0].fpu_fpnew.genblk3[3].fpnew_core.gen_operation_groups[1].i_opgroup_block.gen_merged_slice.i_multifmt_slice.gen_num_lanes[0].active_lane.lane_instance.genblk1.i_fpnew_divsqrt_multi.i_divsqrt_lei.preprocess_U0.LOD_Ub	11	976	384	88.73	267.83
tb.dut.clusters[0].cluster.sockets[0].socket.cores[0].core.execute.fpu_unit.genblk1[0].fpu_fpnew.genblk3[3].fpnew_core.gen_operation_groups[1].i_opgroup_block.gen_merged_slice.i_multifmt_slice.gen_num_lanes[0].active_lane.lane_instance.genblk1.i_fpnew_divsqrt_multi.i_divsqrt_lei.preprocess_U0.LOD_Ub.gen_lzc	5	851	384	170.20	301.42
tb.dut.clusters[0].cluster.sockets[0].socket.cores[0].core.execute.fpu_unit.genblk1[0].fpu_fpnew.genblk3[3].fpnew_core.gen_operation_groups[1].i_opgroup_block.gen_merged_slice.i_multifmt_slice.gen_num_lanes[0].pack_fp_result[0]	1	32	32	32.00	32.00
tb.dut.clusters[0].cluster.sockets[0].socket.cores[0].core.execute.fpu_unit.genblk1[0].fpu_fpnew.genblk3[3].fpnew_core.gen_operation_groups[1].i_opgroup_block.gen_merged_slice.i_multifmt_slice.gen_num_lanes[0].pack_fp_result[1]	1	32	32	32.00	32.00
tb.dut.clusters[0].cluster.sockets[0].socket.cores[0].core.execute.fpu_unit.genblk1[0].fpu_fpnew.genblk3[3].fpnew_core.gen_operation_groups[1].i_opgroup_block.gen_merged_slice.i_multifmt_slice.gen_num_lanes[0].pack_fp_result[2]	1	32	32	32.00	32.00
tb.dut.clusters[0].cluster.sockets[0].socket.cores[0].core.execute.fpu_unit.genblk1[0].fpu_fpnew.genblk3[3].fpnew_core.gen_operation_groups[1].i_opgroup_block.gen_merged_slice.i_multifmt_slice.gen_num_lanes[0].pack_fp_result[3]	1	32	32	32.00	32.00
tb.dut.clusters[0].cluster.sockets[0].socket.cores[0].core.execute.fpu_unit.genblk1[0].fpu_fpnew.genblk3[3].fpnew_core.gen_operation_groups[1].i_opgroup_block.gen_merged_slice.i_multifmt_slice.gen_num_lanes[0].pack_fp_result[4]	1	32	32	32.00	32.00
tb.dut.clusters[0].cluster.sockets[0].socket.cores[0].core.execute.fpu_unit.genblk1[0].fpu_fpnew.genblk3[3].fpnew_core.gen_operation_groups[1].i_opgroup_block.gen_parallel_slices[0]	2	2	1	1.00	1.00
tb.dut.clusters[0].cluster.sockets[0].socket.cores[0].core.execute.fpu_unit.genblk1[0].fpu_fpnew.genblk3[3].fpnew_core.gen_operation_groups[1].i_opgroup_block.gen_parallel_slices[1]	2	2	1	1.00	1.00
tb.dut.clusters[0].cluster.sockets[0].socket.cores[0].core.execute.fpu_unit.genblk1[0].fpu_fpnew.genblk3[3].fpnew_core.gen_operation_groups[1].i_opgroup_block.gen_parallel_slices[2]	2	2	1	1.00	1.00
tb.dut.clusters[0].cluster.sockets[0].socket.cores[0].core.execute.fpu_unit.genblk1[0].fpu_fpnew.genblk3[3].fpnew_core.gen_operation_groups[1].i_opgroup_block.gen_parallel_slices[3]	2	2	1	1.00	1.00
tb.dut.clusters[0].cluster.sockets[0].socket.cores[0].core.execute.fpu_unit.genblk1[0].fpu_fpnew.genblk3[3].fpnew_core.gen_operation_groups[1].i_opgroup_block.gen_parallel_slices[4]	2	2	1	1.00	1.00
tb.dut.clusters[0].cluster.sockets[0].socket.cores[0].core.execute.fpu_unit.genblk1[0].fpu_fpnew.genblk3[3].fpnew_core.gen_operation_groups[1].i_opgroup_block.i_arbiter	75	1510	280	20.13	97.46
tb.dut.clusters[0].cluster.sockets[0].socket.cores[0].core.execute.fpu_unit.genblk1[0].fpu_fpnew.genblk3[3].fpnew_core.gen_operation_groups[1].i_opgroup_block.i_arbiter.gen_arbiter	58	1150	280	19.83	89.06
tb.dut.clusters[0].cluster.sockets[0].socket.cores[0].core.execute.fpu_unit.genblk1[0].fpu_fpnew.genblk3[3].fpnew_core.gen_operation_groups[1].i_opgroup_block.i_arbiter.gen_arbiter.gen_int_rr	30	340	32	11.33	23.78
tb.dut.clusters[0].cluster.sockets[0].socket.cores[0].core.execute.fpu_unit.genblk1[0].fpu_fpnew.genblk3[3].fpnew_core.gen_operation_groups[1].i_opgroup_block.i_arbiter.gen_arbiter.gen_int_rr.gen_fair_arb	29	337	32	11.62	23.96
tb.dut.clusters[0].cluster.sockets[0].socket.cores[0].core.execute.fpu_unit.genblk1[0].fpu_fpnew.genblk3[3].fpnew_core.gen_operation_groups[1].i_opgroup_block.i_arbiter.gen_arbiter.gen_int_rr.gen_fair_arb.i_lzc_lower	11	158	32	14.36	25.30
tb.dut.clusters[0].cluster.sockets[0].socket.cores[0].core.execute.fpu_unit.genblk1[0].fpu_fpnew.genblk3[3].fpnew_core.gen_operation_groups[1].i_opgroup_block.i_arbiter.gen_arbiter.gen_int_rr.gen_fair_arb.i_lzc_lower.gen_lzc	5	84	32	16.80	22.79
tb.dut.clusters[0].cluster.sockets[0].socket.cores[0].core.execute.fpu_unit.genblk1[0].fpu_fpnew.genblk3[3].fpnew_core.gen_operation_groups[1].i_opgroup_block.i_arbiter.gen_arbiter.gen_int_rr.gen_fair_arb.i_lzc_upper	11	158	32	14.36	25.30
tb.dut.clusters[0].cluster.sockets[0].socket.cores[0].core.execute.fpu_unit.genblk1[0].fpu_fpnew.genblk3[3].fpnew_core.gen_operation_groups[1].i_opgroup_block.i_arbiter.gen_arbiter.gen_int_rr.gen_fair_arb.i_lzc_upper.gen_lzc	5	84	32	16.80	22.79
tb.dut.clusters[0].cluster.sockets[0].socket.cores[0].core.execute.fpu_unit.genblk1[0].fpu_fpnew.genblk3[3].fpnew_core.gen_operation_groups[1].i_opgroup_block.i_arbiter.gen_arbiter.gen_levels[0]	3	65	32	21.67	31.52
tb.dut.clusters[0].cluster.sockets[0].socket.cores[0].core.execute.fpu_unit.genblk1[0].fpu_fpnew.genblk3[3].fpnew_core.gen_operation_groups[1].i_opgroup_block.i_arbiter.gen_arbiter.gen_levels[0].gen_level[0]	3	65	32	21.67	31.52
tb.dut.clusters[0].cluster.sockets[0].socket.cores[0].core.execute.fpu_unit.genblk1[0].fpu_fpnew.genblk3[3].fpnew_core.gen_operation_groups[1].i_opgroup_block.i_arbiter.gen_arbiter.gen_levels[1]	6	130	32	21.67	31.52
tb.dut.clusters[0].cluster.sockets[0].socket.cores[0].core.execute.fpu_unit.genblk1[0].fpu_fpnew.genblk3[3].fpnew_core.gen_operation_groups[1].i_opgroup_block.i_arbiter.gen_arbiter.gen_levels[1].gen_level[0]	3	65	32	21.67	31.52
tb.dut.clusters[0].cluster.sockets[0].socket.cores[0].core.execute.fpu_unit.genblk1[0].fpu_fpnew.genblk3[3].fpnew_core.gen_operation_groups[1].i_opgroup_block.i_arbiter.gen_arbiter.gen_levels[1].gen_level[1]	3	65	32	21.67	31.52
tb.dut.clusters[0].cluster.sockets[0].socket.cores[0].core.execute.fpu_unit.genblk1[0].fpu_fpnew.genblk3[3].fpnew_core.gen_operation_groups[1].i_opgroup_block.i_arbiter.gen_arbiter.gen_levels[2]	12	260	32	21.67	31.52
tb.dut.clusters[0].cluster.sockets[0].socket.cores[0].core.execute.fpu_unit.genblk1[0].fpu_fpnew.genblk3[3].fpnew_core.gen_operation_groups[1].i_opgroup_block.i_arbiter.gen_arbiter.gen_levels[2].gen_level[0]	3	65	32	21.67	31.52
tb.dut.clusters[0].cluster.sockets[0].socket.cores[0].core.execute.fpu_unit.genblk1[0].fpu_fpnew.genblk3[3].fpnew_core.gen_operation_groups[1].i_opgroup_block.i_arbiter.gen_arbiter.gen_levels[2].gen_level[1]	3	65	32	21.67	31.52
tb.dut.clusters[0].cluster.sockets[0].socket.cores[0].core.execute.fpu_unit.genblk1[0].fpu_fpnew.genblk3[3].fpnew_core.gen_operation_groups[1].i_opgroup_block.i_arbiter.gen_arbiter.gen_levels[2].gen_level[2]	3	65	32	21.67	31.52
tb.dut.clusters[0].cluster.sockets[0].socket.cores[0].core.execute.fpu_unit.genblk1[0].fpu_fpnew.genblk3[3].fpnew_core.gen_operation_groups[1].i_opgroup_block.i_arbiter.gen_arbiter.gen_levels[2].gen_level[3]	3	65	32	21.67	31.52
tb.dut.clusters[0].cluster.sockets[0].socket.cores[0].core.execute.fpu_unit.genblk1[0].fpu_fpnew.genblk3[3].fpnew_core.gen_operation_groups[2]	300	4265	280	14.22	71.04
tb.dut.clusters[0].cluster.sockets[0].socket.cores[0].core.execute.fpu_unit.genblk1[0].fpu_fpnew.genblk3[3].fpnew_core.gen_operation_groups[2].i_opgroup_block	297	4222	280	14.22	71.50
tb.dut.clusters[0].cluster.sockets[0].socket.cores[0].core.execute.fpu_unit.genblk1[0].fpu_fpnew.genblk3[3].fpnew_core.gen_operation_groups[2].i_opgroup_block.gen_parallel_slices[0]	173	1958	128	11.32	39.23
tb.dut.clusters[0].cluster.sockets[0].socket.cores[0].core.execute.fpu_unit.genblk1[0].fpu_fpnew.genblk3[3].fpnew_core.gen_operation_groups[2].i_opgroup_block.gen_parallel_slices[0].active_format	171	1956	128	11.44	39.27
tb.dut.clusters[0].cluster.sockets[0].socket.cores[0].core.execute.fpu_unit.genblk1[0].fpu_fpnew.genblk3[3].fpnew_core.gen_operation_groups[2].i_opgroup_block.gen_parallel_slices[0].active_format.i_fmt_slice	168	1922	128	11.44	39.43
tb.dut.clusters[0].cluster.sockets[0].socket.cores[0].core.execute.fpu_unit.genblk1[0].fpu_fpnew.genblk3[3].fpnew_core.gen_operation_groups[2].i_opgroup_block.gen_parallel_slices[0].active_format.i_fmt_slice.gen_num_lanes[0]	117	1343	128	11.48	42.53
tb.dut.clusters[0].cluster.sockets[0].socket.cores[0].core.execute.fpu_unit.genblk1[0].fpu_fpnew.genblk3[3].fpnew_core.gen_operation_groups[2].i_opgroup_block.gen_parallel_slices[0].active_format.i_fmt_slice.gen_num_lanes[0].active_lane	115	1310	128	11.39	42.82
tb.dut.clusters[0].cluster.sockets[0].socket.cores[0].core.execute.fpu_unit.genblk1[0].fpu_fpnew.genblk3[3].fpnew_core.gen_operation_groups[2].i_opgroup_block.gen_parallel_slices[0].active_format.i_fmt_slice.gen_num_lanes[0].active_lane.lane_instance	109	1206	128	11.06	42.24
tb.dut.clusters[0].cluster.sockets[0].socket.cores[0].core.execute.fpu_unit.genblk1[0].fpu_fpnew.genblk3[3].fpnew_core.gen_operation_groups[2].i_opgroup_block.gen_parallel_slices[0].active_format.i_fmt_slice.gen_num_lanes[0].active_lane.lane_instance.i_noncomp	109	1206	128	11.06	42.24
tb.dut.clusters[0].cluster.sockets[0].socket.cores[0].core.execute.fpu_unit.genblk1[0].fpu_fpnew.genblk3[3].fpnew_core.gen_operation_groups[2].i_opgroup_block.gen_parallel_slices[0].active_format.i_fmt_slice.gen_num_lanes[0].active_lane.lane_instance.i_noncomp.gen_input_pipeline[0]	1	1	1	1.00	1.00
tb.dut.clusters[0].cluster.sockets[0].socket.cores[0].core.execute.fpu_unit.genblk1[0].fpu_fpnew.genblk3[3].fpnew_core.gen_operation_groups[2].i_opgroup_block.gen_parallel_slices[0].active_format.i_fmt_slice.gen_num_lanes[0].active_lane.lane_instance.i_noncomp.gen_output_pipeline[0]	1	1	1	1.00	1.00
tb.dut.clusters[0].cluster.sockets[0].socket.cores[0].core.execute.fpu_unit.genblk1[0].fpu_fpnew.genblk3[3].fpnew_core.gen_operation_groups[2].i_opgroup_block.gen_parallel_slices[0].active_format.i_fmt_slice.gen_num_lanes[0].active_lane.lane_instance.i_noncomp.i_class_a	26	293	64	11.27	35.92
tb.dut.clusters[0].cluster.sockets[0].socket.cores[0].core.execute.fpu_unit.genblk1[0].fpu_fpnew.genblk3[3].fpnew_core.gen_operation_groups[2].i_opgroup_block.gen_parallel_slices[0].active_format.i_fmt_slice.gen_num_lanes[0].active_lane.lane_instance.i_noncomp.i_class_a.gen_num_values[0]	9	40	32	4.44	25.80
tb.dut.clusters[0].cluster.sockets[0].socket.cores[0].core.execute.fpu_unit.genblk1[0].fpu_fpnew.genblk3[3].fpnew_core.gen_operation_groups[2].i_opgroup_block.gen_parallel_slices[0].active_format.i_fmt_slice.gen_num_lanes[0].active_lane.lane_instance.i_noncomp.i_class_a.gen_num_values[1]	9	40	32	4.44	25.80
tb.dut.clusters[0].cluster.sockets[0].socket.cores[0].core.execute.fpu_unit.genblk1[0].fpu_fpnew.genblk3[3].fpnew_core.gen_operation_groups[2].i_opgroup_block.gen_parallel_slices[0].active_format.i_fmt_slice.gen_num_lanes[0].active_lane.lane_instance.i_noncomp.sign_injections	2	2	1	1.00	1.00
tb.dut.clusters[0].cluster.sockets[0].socket.cores[0].core.execute.fpu_unit.genblk1[0].fpu_fpnew.genblk3[3].fpnew_core.gen_operation_groups[2].i_opgroup_block.gen_parallel_slices[1]	2	2	1	1.00	1.00
tb.dut.clusters[0].cluster.sockets[0].socket.cores[0].core.execute.fpu_unit.genblk1[0].fpu_fpnew.genblk3[3].fpnew_core.gen_operation_groups[2].i_opgroup_block.gen_parallel_slices[2]	2	2	1	1.00	1.00
tb.dut.clusters[0].cluster.sockets[0].socket.cores[0].core.execute.fpu_unit.genblk1[0].fpu_fpnew.genblk3[3].fpnew_core.gen_operation_groups[2].i_opgroup_block.gen_parallel_slices[3]	2	2	1	1.00	1.00
tb.dut.clusters[0].cluster.sockets[0].socket.cores[0].core.execute.fpu_unit.genblk1[0].fpu_fpnew.genblk3[3].fpnew_core.gen_operation_groups[2].i_opgroup_block.gen_parallel_slices[4]	2	2	1	1.00	1.00
tb.dut.clusters[0].cluster.sockets[0].socket.cores[0].core.execute.fpu_unit.genblk1[0].fpu_fpnew.genblk3[3].fpnew_core.gen_operation_groups[2].i_opgroup_block.i_arbiter	75	1510	280	20.13	97.46
tb.dut.clusters[0].cluster.sockets[0].socket.cores[0].core.execute.fpu_unit.genblk1[0].fpu_fpnew.genblk3[3].fpnew_core.gen_operation_groups[2].i_opgroup_block.i_arbiter.gen_arbiter	58	1150	280	19.83	89.06
tb.dut.clusters[0].cluster.sockets[0].socket.cores[0].core.execute.fpu_unit.genblk1[0].fpu_fpnew.genblk3[3].fpnew_core.gen_operation_groups[2].i_opgroup_block.i_arbiter.gen_arbiter.gen_int_rr	30	340	32	11.33	23.78
tb.dut.clusters[0].cluster.sockets[0].socket.cores[0].core.execute.fpu_unit.genblk1[0].fpu_fpnew.genblk3[3].fpnew_core.gen_operation_groups[2].i_opgroup_block.i_arbiter.gen_arbiter.gen_int_rr.gen_fair_arb	29	337	32	11.62	23.96
tb.dut.clusters[0].cluster.sockets[0].socket.cores[0].core.execute.fpu_unit.genblk1[0].fpu_fpnew.genblk3[3].fpnew_core.gen_operation_groups[2].i_opgroup_block.i_arbiter.gen_arbiter.gen_int_rr.gen_fair_arb.i_lzc_lower	11	158	32	14.36	25.30
tb.dut.clusters[0].cluster.sockets[0].socket.cores[0].core.execute.fpu_unit.genblk1[0].fpu_fpnew.genblk3[3].fpnew_core.gen_operation_groups[2].i_opgroup_block.i_arbiter.gen_arbiter.gen_int_rr.gen_fair_arb.i_lzc_lower.gen_lzc	5	84	32	16.80	22.79
tb.dut.clusters[0].cluster.sockets[0].socket.cores[0].core.execute.fpu_unit.genblk1[0].fpu_fpnew.genblk3[3].fpnew_core.gen_operation_groups[2].i_opgroup_block.i_arbiter.gen_arbiter.gen_int_rr.gen_fair_arb.i_lzc_upper	11	158	32	14.36	25.30
tb.dut.clusters[0].cluster.sockets[0].socket.cores[0].core.execute.fpu_unit.genblk1[0].fpu_fpnew.genblk3[3].fpnew_core.gen_operation_groups[2].i_opgroup_block.i_arbiter.gen_arbiter.gen_int_rr.gen_fair_arb.i_lzc_upper.gen_lzc	5	84	32	16.80	22.79
tb.dut.clusters[0].cluster.sockets[0].socket.cores[0].core.execute.fpu_unit.genblk1[0].fpu_fpnew.genblk3[3].fpnew_core.gen_operation_groups[2].i_opgroup_block.i_arbiter.gen_arbiter.gen_levels[0]	3	65	32	21.67	31.52
tb.dut.clusters[0].cluster.sockets[0].socket.cores[0].core.execute.fpu_unit.genblk1[0].fpu_fpnew.genblk3[3].fpnew_core.gen_operation_groups[2].i_opgroup_block.i_arbiter.gen_arbiter.gen_levels[0].gen_level[0]	3	65	32	21.67	31.52
tb.dut.clusters[0].cluster.sockets[0].socket.cores[0].core.execute.fpu_unit.genblk1[0].fpu_fpnew.genblk3[3].fpnew_core.gen_operation_groups[2].i_opgroup_block.i_arbiter.gen_arbiter.gen_levels[1]	6	130	32	21.67	31.52
tb.dut.clusters[0].cluster.sockets[0].socket.cores[0].core.execute.fpu_unit.genblk1[0].fpu_fpnew.genblk3[3].fpnew_core.gen_operation_groups[2].i_opgroup_block.i_arbiter.gen_arbiter.gen_levels[1].gen_level[0]	3	65	32	21.67	31.52
tb.dut.clusters[0].cluster.sockets[0].socket.cores[0].core.execute.fpu_unit.genblk1[0].fpu_fpnew.genblk3[3].fpnew_core.gen_operation_groups[2].i_opgroup_block.i_arbiter.gen_arbiter.gen_levels[1].gen_level[1]	3	65	32	21.67	31.52
tb.dut.clusters[0].cluster.sockets[0].socket.cores[0].core.execute.fpu_unit.genblk1[0].fpu_fpnew.genblk3[3].fpnew_core.gen_operation_groups[2].i_opgroup_block.i_arbiter.gen_arbiter.gen_levels[2]	12	260	32	21.67	31.52
tb.dut.clusters[0].cluster.sockets[0].socket.cores[0].core.execute.fpu_unit.genblk1[0].fpu_fpnew.genblk3[3].fpnew_core.gen_operation_groups[2].i_opgroup_block.i_arbiter.gen_arbiter.gen_levels[2].gen_level[0]	3	65	32	21.67	31.52
tb.dut.clusters[0].cluster.sockets[0].socket.cores[0].core.execute.fpu_unit.genblk1[0].fpu_fpnew.genblk3[3].fpnew_core.gen_operation_groups[2].i_opgroup_block.i_arbiter.gen_arbiter.gen_levels[2].gen_level[1]	3	65	32	21.67	31.52
tb.dut.clusters[0].cluster.sockets[0].socket.cores[0].core.execute.fpu_unit.genblk1[0].fpu_fpnew.genblk3[3].fpnew_core.gen_operation_groups[2].i_opgroup_block.i_arbiter.gen_arbiter.gen_levels[2].gen_level[2]	3	65	32	21.67	31.52
tb.dut.clusters[0].cluster.sockets[0].socket.cores[0].core.execute.fpu_unit.genblk1[0].fpu_fpnew.genblk3[3].fpnew_core.gen_operation_groups[2].i_opgroup_block.i_arbiter.gen_arbiter.gen_levels[2].gen_level[3]	3	65	32	21.67	31.52
tb.dut.clusters[0].cluster.sockets[0].socket.cores[0].core.execute.fpu_unit.genblk1[0].fpu_fpnew.genblk3[3].fpnew_core.gen_operation_groups[3]	545	11074	280	20.32	67.56
tb.dut.clusters[0].cluster.sockets[0].socket.cores[0].core.execute.fpu_unit.genblk1[0].fpu_fpnew.genblk3[3].fpnew_core.gen_operation_groups[3].i_opgroup_block	542	11026	280	20.34	67.75
tb.dut.clusters[0].cluster.sockets[0].socket.cores[0].core.execute.fpu_unit.genblk1[0].fpu_fpnew.genblk3[3].fpnew_core.gen_operation_groups[3].i_opgroup_block.gen_merged_slice	416	8723	192	20.97	59.23
tb.dut.clusters[0].cluster.sockets[0].socket.cores[0].core.execute.fpu_unit.genblk1[0].fpu_fpnew.genblk3[3].fpnew_core.gen_operation_groups[3].i_opgroup_block.gen_merged_slice.i_multifmt_slice	413	8687	192	21.03	59.35
tb.dut.clusters[0].cluster.sockets[0].socket.cores[0].core.execute.fpu_unit.genblk1[0].fpu_fpnew.genblk3[3].fpnew_core.gen_operation_groups[3].i_opgroup_block.gen_merged_slice.i_multifmt_slice.extend_fp_result[0]	1	32	32	32.00	32.00
tb.dut.clusters[0].cluster.sockets[0].socket.cores[0].core.execute.fpu_unit.genblk1[0].fpu_fpnew.genblk3[3].fpnew_core.gen_operation_groups[3].i_opgroup_block.gen_merged_slice.i_multifmt_slice.extend_fp_result[1]	1	32	32	32.00	32.00
tb.dut.clusters[0].cluster.sockets[0].socket.cores[0].core.execute.fpu_unit.genblk1[0].fpu_fpnew.genblk3[3].fpnew_core.gen_operation_groups[3].i_opgroup_block.gen_merged_slice.i_multifmt_slice.extend_fp_result[2]	1	32	32	32.00	32.00
tb.dut.clusters[0].cluster.sockets[0].socket.cores[0].core.execute.fpu_unit.genblk1[0].fpu_fpnew.genblk3[3].fpnew_core.gen_operation_groups[3].i_opgroup_block.gen_merged_slice.i_multifmt_slice.extend_fp_result[3]	1	32	32	32.00	32.00
tb.dut.clusters[0].cluster.sockets[0].socket.cores[0].core.execute.fpu_unit.genblk1[0].fpu_fpnew.genblk3[3].fpnew_core.gen_operation_groups[3].i_opgroup_block.gen_merged_slice.i_multifmt_slice.extend_fp_result[4]	1	32	32	32.00	32.00
tb.dut.clusters[0].cluster.sockets[0].socket.cores[0].core.execute.fpu_unit.genblk1[0].fpu_fpnew.genblk3[3].fpnew_core.gen_operation_groups[3].i_opgroup_block.gen_merged_slice.i_multifmt_slice.extend_or_mute_int_result[0]	1	32	32	32.00	32.00
tb.dut.clusters[0].cluster.sockets[0].socket.cores[0].core.execute.fpu_unit.genblk1[0].fpu_fpnew.genblk3[3].fpnew_core.gen_operation_groups[3].i_opgroup_block.gen_merged_slice.i_multifmt_slice.extend_or_mute_int_result[0].extend_int_result	1	32	32	32.00	32.00
tb.dut.clusters[0].cluster.sockets[0].socket.cores[0].core.execute.fpu_unit.genblk1[0].fpu_fpnew.genblk3[3].fpnew_core.gen_operation_groups[3].i_opgroup_block.gen_merged_slice.i_multifmt_slice.extend_or_mute_int_result[1]	1	32	32	32.00	32.00
tb.dut.clusters[0].cluster.sockets[0].socket.cores[0].core.execute.fpu_unit.genblk1[0].fpu_fpnew.genblk3[3].fpnew_core.gen_operation_groups[3].i_opgroup_block.gen_merged_slice.i_multifmt_slice.extend_or_mute_int_result[1].extend_int_result	1	32	32	32.00	32.00
tb.dut.clusters[0].cluster.sockets[0].socket.cores[0].core.execute.fpu_unit.genblk1[0].fpu_fpnew.genblk3[3].fpnew_core.gen_operation_groups[3].i_opgroup_block.gen_merged_slice.i_multifmt_slice.extend_or_mute_int_result[2]	1	32	32	32.00	32.00
tb.dut.clusters[0].cluster.sockets[0].socket.cores[0].core.execute.fpu_unit.genblk1[0].fpu_fpnew.genblk3[3].fpnew_core.gen_operation_groups[3].i_opgroup_block.gen_merged_slice.i_multifmt_slice.extend_or_mute_int_result[2].extend_int_result	1	32	32	32.00	32.00
tb.dut.clusters[0].cluster.sockets[0].socket.cores[0].core.execute.fpu_unit.genblk1[0].fpu_fpnew.genblk3[3].fpnew_core.gen_operation_groups[3].i_opgroup_block.gen_merged_slice.i_multifmt_slice.extend_or_mute_int_result[3]	1	32	32	32.00	32.00
tb.dut.clusters[0].cluster.sockets[0].socket.cores[0].core.execute.fpu_unit.genblk1[0].fpu_fpnew.genblk3[3].fpnew_core.gen_operation_groups[3].i_opgroup_block.gen_merged_slice.i_multifmt_slice.extend_or_mute_int_result[3].extend_int_result	1	32	32	32.00	32.00
tb.dut.clusters[0].cluster.sockets[0].socket.cores[0].core.execute.fpu_unit.genblk1[0].fpu_fpnew.genblk3[3].fpnew_core.gen_operation_groups[3].i_opgroup_block.gen_merged_slice.i_multifmt_slice.gen_num_lanes[0]	321	7175	160	22.35	56.02
tb.dut.clusters[0].cluster.sockets[0].socket.cores[0].core.execute.fpu_unit.genblk1[0].fpu_fpnew.genblk3[3].fpnew_core.gen_operation_groups[3].i_opgroup_block.gen_merged_slice.i_multifmt_slice.gen_num_lanes[0].active_lane	302	6704	160	22.20	57.80
tb.dut.clusters[0].cluster.sockets[0].socket.cores[0].core.execute.fpu_unit.genblk1[0].fpu_fpnew.genblk3[3].fpnew_core.gen_operation_groups[3].i_opgroup_block.gen_merged_slice.i_multifmt_slice.gen_num_lanes[0].active_lane.lane_instance	296	6568	160	22.19	57.43
tb.dut.clusters[0].cluster.sockets[0].socket.cores[0].core.execute.fpu_unit.genblk1[0].fpu_fpnew.genblk3[3].fpnew_core.gen_operation_groups[3].i_opgroup_block.gen_merged_slice.i_multifmt_slice.gen_num_lanes[0].active_lane.lane_instance.i_fpnew_cast_multi	296	6568	160	22.19	57.43
tb.dut.clusters[0].cluster.sockets[0].socket.cores[0].core.execute.fpu_unit.genblk1[0].fpu_fpnew.genblk3[3].fpnew_core.gen_operation_groups[3].i_opgroup_block.gen_merged_slice.i_multifmt_slice.gen_num_lanes[0].active_lane.lane_instance.i_fpnew_cast_multi.fmt_init_inputs[0]	20	308	32	15.40	30.19
tb.dut.clusters[0].cluster.sockets[0].socket.cores[0].core.execute.fpu_unit.genblk1[0].fpu_fpnew.genblk3[3].fpnew_core.gen_operation_groups[3].i_opgroup_block.gen_merged_slice.i_multifmt_slice.gen_num_lanes[0].active_lane.lane_instance.i_fpnew_cast_multi.fmt_init_inputs[0].active_format	17	212	32	12.47	29.37
tb.dut.clusters[0].cluster.sockets[0].socket.cores[0].core.execute.fpu_unit.genblk1[0].fpu_fpnew.genblk3[3].fpnew_core.gen_operation_groups[3].i_opgroup_block.gen_merged_slice.i_multifmt_slice.gen_num_lanes[0].active_lane.lane_instance.i_fpnew_cast_multi.fmt_init_inputs[0].active_format.i_fpnew_classifier	17	212	32	12.47	29.37
tb.dut.clusters[0].cluster.sockets[0].socket.cores[0].core.execute.fpu_unit.genblk1[0].fpu_fpnew.genblk3[3].fpnew_core.gen_operation_groups[3].i_opgroup_block.gen_merged_slice.i_multifmt_slice.gen_num_lanes[0].active_lane.lane_instance.i_fpnew_cast_multi.fmt_init_inputs[0].active_format.i_fpnew_classifier.gen_num_values[0]	9	40	32	4.44	25.80
tb.dut.clusters[0].cluster.sockets[0].socket.cores[0].core.execute.fpu_unit.genblk1[0].fpu_fpnew.genblk3[3].fpnew_core.gen_operation_groups[3].i_opgroup_block.gen_merged_slice.i_multifmt_slice.gen_num_lanes[0].active_lane.lane_instance.i_fpnew_cast_multi.fmt_init_inputs[1]	3	96	32	32.00	32.00
tb.dut.clusters[0].cluster.sockets[0].socket.cores[0].core.execute.fpu_unit.genblk1[0].fpu_fpnew.genblk3[3].fpnew_core.gen_operation_groups[3].i_opgroup_block.gen_merged_slice.i_multifmt_slice.gen_num_lanes[0].active_lane.lane_instance.i_fpnew_cast_multi.fmt_init_inputs[2]	3	96	32	32.00	32.00
tb.dut.clusters[0].cluster.sockets[0].socket.cores[0].core.execute.fpu_unit.genblk1[0].fpu_fpnew.genblk3[3].fpnew_core.gen_operation_groups[3].i_opgroup_block.gen_merged_slice.i_multifmt_slice.gen_num_lanes[0].active_lane.lane_instance.i_fpnew_cast_multi.fmt_init_inputs[3]	3	96	32	32.00	32.00
tb.dut.clusters[0].cluster.sockets[0].socket.cores[0].core.execute.fpu_unit.genblk1[0].fpu_fpnew.genblk3[3].fpnew_core.gen_operation_groups[3].i_opgroup_block.gen_merged_slice.i_multifmt_slice.gen_num_lanes[0].active_lane.lane_instance.i_fpnew_cast_multi.fmt_init_inputs[4]	3	96	32	32.00	32.00
tb.dut.clusters[0].cluster.sockets[0].socket.cores[0].core.execute.fpu_unit.genblk1[0].fpu_fpnew.genblk3[3].fpnew_core.gen_operation_groups[3].i_opgroup_block.gen_merged_slice.i_multifmt_slice.gen_num_lanes[0].active_lane.lane_instance.i_fpnew_cast_multi.gen_input_pipeline[0]	1	1	1	1.00	1.00
tb.dut.clusters[0].cluster.sockets[0].socket.cores[0].core.execute.fpu_unit.genblk1[0].fpu_fpnew.genblk3[3].fpnew_core.gen_operation_groups[3].i_opgroup_block.gen_merged_slice.i_multifmt_slice.gen_num_lanes[0].active_lane.lane_instance.i_fpnew_cast_multi.gen_input_pipeline[1]	1	1	1	1.00	1.00
tb.dut.clusters[0].cluster.sockets[0].socket.cores[0].core.execute.fpu_unit.genblk1[0].fpu_fpnew.genblk3[3].fpnew_core.gen_operation_groups[3].i_opgroup_block.gen_merged_slice.i_multifmt_slice.gen_num_lanes[0].active_lane.lane_instance.i_fpnew_cast_multi.gen_inside_pipeline[0]	1	1	1	1.00	1.00
tb.dut.clusters[0].cluster.sockets[0].socket.cores[0].core.execute.fpu_unit.genblk1[0].fpu_fpnew.genblk3[3].fpnew_core.gen_operation_groups[3].i_opgroup_block.gen_merged_slice.i_multifmt_slice.gen_num_lanes[0].active_lane.lane_instance.i_fpnew_cast_multi.gen_inside_pipeline[1]	1	1	1	1.00	1.00
tb.dut.clusters[0].cluster.sockets[0].socket.cores[0].core.execute.fpu_unit.genblk1[0].fpu_fpnew.genblk3[3].fpnew_core.gen_operation_groups[3].i_opgroup_block.gen_merged_slice.i_multifmt_slice.gen_num_lanes[0].active_lane.lane_instance.i_fpnew_cast_multi.gen_int_overflow[0]	1	32	32	32.00	32.00
tb.dut.clusters[0].cluster.sockets[0].socket.cores[0].core.execute.fpu_unit.genblk1[0].fpu_fpnew.genblk3[3].fpnew_core.gen_operation_groups[3].i_opgroup_block.gen_merged_slice.i_multifmt_slice.gen_num_lanes[0].active_lane.lane_instance.i_fpnew_cast_multi.gen_int_overflow[1]	1	32	32	32.00	32.00
tb.dut.clusters[0].cluster.sockets[0].socket.cores[0].core.execute.fpu_unit.genblk1[0].fpu_fpnew.genblk3[3].fpnew_core.gen_operation_groups[3].i_opgroup_block.gen_merged_slice.i_multifmt_slice.gen_num_lanes[0].active_lane.lane_instance.i_fpnew_cast_multi.gen_int_overflow[2]	1	32	32	32.00	32.00
tb.dut.clusters[0].cluster.sockets[0].socket.cores[0].core.execute.fpu_unit.genblk1[0].fpu_fpnew.genblk3[3].fpnew_core.gen_operation_groups[3].i_opgroup_block.gen_merged_slice.i_multifmt_slice.gen_num_lanes[0].active_lane.lane_instance.i_fpnew_cast_multi.gen_int_overflow[3]	1	32	32	32.00	32.00
tb.dut.clusters[0].cluster.sockets[0].socket.cores[0].core.execute.fpu_unit.genblk1[0].fpu_fpnew.genblk3[3].fpnew_core.gen_operation_groups[3].i_opgroup_block.gen_merged_slice.i_multifmt_slice.gen_num_lanes[0].active_lane.lane_instance.i_fpnew_cast_multi.gen_int_res_sign_ext[0]	1	32	32	32.00	32.00
tb.dut.clusters[0].cluster.sockets[0].socket.cores[0].core.execute.fpu_unit.genblk1[0].fpu_fpnew.genblk3[3].fpnew_core.gen_operation_groups[3].i_opgroup_block.gen_merged_slice.i_multifmt_slice.gen_num_lanes[0].active_lane.lane_instance.i_fpnew_cast_multi.gen_int_res_sign_ext[1]	1	32	32	32.00	32.00
tb.dut.clusters[0].cluster.sockets[0].socket.cores[0].core.execute.fpu_unit.genblk1[0].fpu_fpnew.genblk3[3].fpnew_core.gen_operation_groups[3].i_opgroup_block.gen_merged_slice.i_multifmt_slice.gen_num_lanes[0].active_lane.lane_instance.i_fpnew_cast_multi.gen_int_res_sign_ext[2]	1	32	32	32.00	32.00
tb.dut.clusters[0].cluster.sockets[0].socket.cores[0].core.execute.fpu_unit.genblk1[0].fpu_fpnew.genblk3[3].fpnew_core.gen_operation_groups[3].i_opgroup_block.gen_merged_slice.i_multifmt_slice.gen_num_lanes[0].active_lane.lane_instance.i_fpnew_cast_multi.gen_int_res_sign_ext[3]	1	32	32	32.00	32.00
tb.dut.clusters[0].cluster.sockets[0].socket.cores[0].core.execute.fpu_unit.genblk1[0].fpu_fpnew.genblk3[3].fpnew_core.gen_operation_groups[3].i_opgroup_block.gen_merged_slice.i_multifmt_slice.gen_num_lanes[0].active_lane.lane_instance.i_fpnew_cast_multi.gen_output_pipeline[0]	1	1	1	1.00	1.00
tb.dut.clusters[0].cluster.sockets[0].socket.cores[0].core.execute.fpu_unit.genblk1[0].fpu_fpnew.genblk3[3].fpnew_core.gen_operation_groups[3].i_opgroup_block.gen_merged_slice.i_multifmt_slice.gen_num_lanes[0].active_lane.lane_instance.i_fpnew_cast_multi.gen_res_assemble[0]	2	64	32	32.00	32.00
tb.dut.clusters[0].cluster.sockets[0].socket.cores[0].core.execute.fpu_unit.genblk1[0].fpu_fpnew.genblk3[3].fpnew_core.gen_operation_groups[3].i_opgroup_block.gen_merged_slice.i_multifmt_slice.gen_num_lanes[0].active_lane.lane_instance.i_fpnew_cast_multi.gen_res_assemble[1]	2	64	32	32.00	32.00
tb.dut.clusters[0].cluster.sockets[0].socket.cores[0].core.execute.fpu_unit.genblk1[0].fpu_fpnew.genblk3[3].fpnew_core.gen_operation_groups[3].i_opgroup_block.gen_merged_slice.i_multifmt_slice.gen_num_lanes[0].active_lane.lane_instance.i_fpnew_cast_multi.gen_res_assemble[2]	2	64	32	32.00	32.00
tb.dut.clusters[0].cluster.sockets[0].socket.cores[0].core.execute.fpu_unit.genblk1[0].fpu_fpnew.genblk3[3].fpnew_core.gen_operation_groups[3].i_opgroup_block.gen_merged_slice.i_multifmt_slice.gen_num_lanes[0].active_lane.lane_instance.i_fpnew_cast_multi.gen_res_assemble[3]	2	64	32	32.00	32.00
tb.dut.clusters[0].cluster.sockets[0].socket.cores[0].core.execute.fpu_unit.genblk1[0].fpu_fpnew.genblk3[3].fpnew_core.gen_operation_groups[3].i_opgroup_block.gen_merged_slice.i_multifmt_slice.gen_num_lanes[0].active_lane.lane_instance.i_fpnew_cast_multi.gen_res_assemble[4]	2	64	32	32.00	32.00
tb.dut.clusters[0].cluster.sockets[0].socket.cores[0].core.execute.fpu_unit.genblk1[0].fpu_fpnew.genblk3[3].fpnew_core.gen_operation_groups[3].i_opgroup_block.gen_merged_slice.i_multifmt_slice.gen_num_lanes[0].active_lane.lane_instance.i_fpnew_cast_multi.gen_sign_extend_int[0]	1	32	32	32.00	32.00
tb.dut.clusters[0].cluster.sockets[0].socket.cores[0].core.execute.fpu_unit.genblk1[0].fpu_fpnew.genblk3[3].fpnew_core.gen_operation_groups[3].i_opgroup_block.gen_merged_slice.i_multifmt_slice.gen_num_lanes[0].active_lane.lane_instance.i_fpnew_cast_multi.gen_sign_extend_int[1]	1	32	32	32.00	32.00
tb.dut.clusters[0].cluster.sockets[0].socket.cores[0].core.execute.fpu_unit.genblk1[0].fpu_fpnew.genblk3[3].fpnew_core.gen_operation_groups[3].i_opgroup_block.gen_merged_slice.i_multifmt_slice.gen_num_lanes[0].active_lane.lane_instance.i_fpnew_cast_multi.gen_sign_extend_int[2]	1	32	32	32.00	32.00
tb.dut.clusters[0].cluster.sockets[0].socket.cores[0].core.execute.fpu_unit.genblk1[0].fpu_fpnew.genblk3[3].fpnew_core.gen_operation_groups[3].i_opgroup_block.gen_merged_slice.i_multifmt_slice.gen_num_lanes[0].active_lane.lane_instance.i_fpnew_cast_multi.gen_sign_extend_int[3]	1	32	32	32.00	32.00
tb.dut.clusters[0].cluster.sockets[0].socket.cores[0].core.execute.fpu_unit.genblk1[0].fpu_fpnew.genblk3[3].fpnew_core.gen_operation_groups[3].i_opgroup_block.gen_merged_slice.i_multifmt_slice.gen_num_lanes[0].active_lane.lane_instance.i_fpnew_cast_multi.gen_sign_inject[0]	3	96	32	32.00	32.00
tb.dut.clusters[0].cluster.sockets[0].socket.cores[0].core.execute.fpu_unit.genblk1[0].fpu_fpnew.genblk3[3].fpnew_core.gen_operation_groups[3].i_opgroup_block.gen_merged_slice.i_multifmt_slice.gen_num_lanes[0].active_lane.lane_instance.i_fpnew_cast_multi.gen_sign_inject[1]	3	96	32	32.00	32.00
tb.dut.clusters[0].cluster.sockets[0].socket.cores[0].core.execute.fpu_unit.genblk1[0].fpu_fpnew.genblk3[3].fpnew_core.gen_operation_groups[3].i_opgroup_block.gen_merged_slice.i_multifmt_slice.gen_num_lanes[0].active_lane.lane_instance.i_fpnew_cast_multi.gen_sign_inject[2]	3	96	32	32.00	32.00
tb.dut.clusters[0].cluster.sockets[0].socket.cores[0].core.execute.fpu_unit.genblk1[0].fpu_fpnew.genblk3[3].fpnew_core.gen_operation_groups[3].i_opgroup_block.gen_merged_slice.i_multifmt_slice.gen_num_lanes[0].active_lane.lane_instance.i_fpnew_cast_multi.gen_sign_inject[3]	3	96	32	32.00	32.00
tb.dut.clusters[0].cluster.sockets[0].socket.cores[0].core.execute.fpu_unit.genblk1[0].fpu_fpnew.genblk3[3].fpnew_core.gen_operation_groups[3].i_opgroup_block.gen_merged_slice.i_multifmt_slice.gen_num_lanes[0].active_lane.lane_instance.i_fpnew_cast_multi.gen_sign_inject[4]	3	96	32	32.00	32.00
tb.dut.clusters[0].cluster.sockets[0].socket.cores[0].core.execute.fpu_unit.genblk1[0].fpu_fpnew.genblk3[3].fpnew_core.gen_operation_groups[3].i_opgroup_block.gen_merged_slice.i_multifmt_slice.gen_num_lanes[0].active_lane.lane_instance.i_fpnew_cast_multi.gen_special_results[0]	6	159	32	26.50	29.49
tb.dut.clusters[0].cluster.sockets[0].socket.cores[0].core.execute.fpu_unit.genblk1[0].fpu_fpnew.genblk3[3].fpnew_core.gen_operation_groups[3].i_opgroup_block.gen_merged_slice.i_multifmt_slice.gen_num_lanes[0].active_lane.lane_instance.i_fpnew_cast_multi.gen_special_results[0].active_format	1	32	32	32.00	32.00
tb.dut.clusters[0].cluster.sockets[0].socket.cores[0].core.execute.fpu_unit.genblk1[0].fpu_fpnew.genblk3[3].fpnew_core.gen_operation_groups[3].i_opgroup_block.gen_merged_slice.i_multifmt_slice.gen_num_lanes[0].active_lane.lane_instance.i_fpnew_cast_multi.gen_special_results[0].active_format.special_results	1	32	32	32.00	32.00
tb.dut.clusters[0].cluster.sockets[0].socket.cores[0].core.execute.fpu_unit.genblk1[0].fpu_fpnew.genblk3[3].fpnew_core.gen_operation_groups[3].i_opgroup_block.gen_merged_slice.i_multifmt_slice.gen_num_lanes[0].active_lane.lane_instance.i_fpnew_cast_multi.gen_special_results[1]	5	159	52	31.80	37.09
tb.dut.clusters[0].cluster.sockets[0].socket.cores[0].core.execute.fpu_unit.genblk1[0].fpu_fpnew.genblk3[3].fpnew_core.gen_operation_groups[3].i_opgroup_block.gen_merged_slice.i_multifmt_slice.gen_num_lanes[0].active_lane.lane_instance.i_fpnew_cast_multi.gen_special_results[2]	5	111	32	22.20	28.80
tb.dut.clusters[0].cluster.sockets[0].socket.cores[0].core.execute.fpu_unit.genblk1[0].fpu_fpnew.genblk3[3].fpnew_core.gen_operation_groups[3].i_opgroup_block.gen_merged_slice.i_multifmt_slice.gen_num_lanes[0].active_lane.lane_instance.i_fpnew_cast_multi.gen_special_results[3]	5	103	32	20.60	30.11
tb.dut.clusters[0].cluster.sockets[0].socket.cores[0].core.execute.fpu_unit.genblk1[0].fpu_fpnew.genblk3[3].fpnew_core.gen_operation_groups[3].i_opgroup_block.gen_merged_slice.i_multifmt_slice.gen_num_lanes[0].active_lane.lane_instance.i_fpnew_cast_multi.gen_special_results[4]	5	111	32	22.20	28.69
tb.dut.clusters[0].cluster.sockets[0].socket.cores[0].core.execute.fpu_unit.genblk1[0].fpu_fpnew.genblk3[3].fpnew_core.gen_operation_groups[3].i_opgroup_block.gen_merged_slice.i_multifmt_slice.gen_num_lanes[0].active_lane.lane_instance.i_fpnew_cast_multi.gen_special_results_int[0]	1	32	32	32.00	32.00
tb.dut.clusters[0].cluster.sockets[0].socket.cores[0].core.execute.fpu_unit.genblk1[0].fpu_fpnew.genblk3[3].fpnew_core.gen_operation_groups[3].i_opgroup_block.gen_merged_slice.i_multifmt_slice.gen_num_lanes[0].active_lane.lane_instance.i_fpnew_cast_multi.gen_special_results_int[1]	1	32	32	32.00	32.00
tb.dut.clusters[0].cluster.sockets[0].socket.cores[0].core.execute.fpu_unit.genblk1[0].fpu_fpnew.genblk3[3].fpnew_core.gen_operation_groups[3].i_opgroup_block.gen_merged_slice.i_multifmt_slice.gen_num_lanes[0].active_lane.lane_instance.i_fpnew_cast_multi.gen_special_results_int[2]	1	32	32	32.00	32.00
tb.dut.clusters[0].cluster.sockets[0].socket.cores[0].core.execute.fpu_unit.genblk1[0].fpu_fpnew.genblk3[3].fpnew_core.gen_operation_groups[3].i_opgroup_block.gen_merged_slice.i_multifmt_slice.gen_num_lanes[0].active_lane.lane_instance.i_fpnew_cast_multi.gen_special_results_int[3]	1	32	32	32.00	32.00
tb.dut.clusters[0].cluster.sockets[0].socket.cores[0].core.execute.fpu_unit.genblk1[0].fpu_fpnew.genblk3[3].fpnew_core.gen_operation_groups[3].i_opgroup_block.gen_merged_slice.i_multifmt_slice.gen_num_lanes[0].active_lane.lane_instance.i_fpnew_cast_multi.i_fpnew_rounding	10	106	32	10.60	29.15
tb.dut.clusters[0].cluster.sockets[0].socket.cores[0].core.execute.fpu_unit.genblk1[0].fpu_fpnew.genblk3[3].fpnew_core.gen_operation_groups[3].i_opgroup_block.gen_merged_slice.i_multifmt_slice.gen_num_lanes[0].active_lane.lane_instance.i_fpnew_cast_multi.i_lzc	11	519	160	47.18	110.54
tb.dut.clusters[0].cluster.sockets[0].socket.cores[0].core.execute.fpu_unit.genblk1[0].fpu_fpnew.genblk3[3].fpnew_core.gen_operation_groups[3].i_opgroup_block.gen_merged_slice.i_multifmt_slice.gen_num_lanes[0].active_lane.lane_instance.i_fpnew_cast_multi.i_lzc.gen_lzc	5	416	160	83.20	130.46
tb.dut.clusters[0].cluster.sockets[0].socket.cores[0].core.execute.fpu_unit.genblk1[0].fpu_fpnew.genblk3[3].fpnew_core.gen_operation_groups[3].i_opgroup_block.gen_merged_slice.i_multifmt_slice.gen_num_lanes[0].int_results_enabled	4	128	32	32.00	32.00
tb.dut.clusters[0].cluster.sockets[0].socket.cores[0].core.execute.fpu_unit.genblk1[0].fpu_fpnew.genblk3[3].fpnew_core.gen_operation_groups[3].i_opgroup_block.gen_merged_slice.i_multifmt_slice.gen_num_lanes[0].int_results_enabled.pack_int_result[0]	1	32	32	32.00	32.00
tb.dut.clusters[0].cluster.sockets[0].socket.cores[0].core.execute.fpu_unit.genblk1[0].fpu_fpnew.genblk3[3].fpnew_core.gen_operation_groups[3].i_opgroup_block.gen_merged_slice.i_multifmt_slice.gen_num_lanes[0].int_results_enabled.pack_int_result[1]	1	32	32	32.00	32.00
tb.dut.clusters[0].cluster.sockets[0].socket.cores[0].core.execute.fpu_unit.genblk1[0].fpu_fpnew.genblk3[3].fpnew_core.gen_operation_groups[3].i_opgroup_block.gen_merged_slice.i_multifmt_slice.gen_num_lanes[0].int_results_enabled.pack_int_result[2]	1	32	32	32.00	32.00
tb.dut.clusters[0].cluster.sockets[0].socket.cores[0].core.execute.fpu_unit.genblk1[0].fpu_fpnew.genblk3[3].fpnew_core.gen_operation_groups[3].i_opgroup_block.gen_merged_slice.i_multifmt_slice.gen_num_lanes[0].int_results_enabled.pack_int_result[3]	1	32	32	32.00	32.00
tb.dut.clusters[0].cluster.sockets[0].socket.cores[0].core.execute.fpu_unit.genblk1[0].fpu_fpnew.genblk3[3].fpnew_core.gen_operation_groups[3].i_opgroup_block.gen_merged_slice.i_multifmt_slice.gen_num_lanes[0].pack_fp_result[0]	1	32	32	32.00	32.00
tb.dut.clusters[0].cluster.sockets[0].socket.cores[0].core.execute.fpu_unit.genblk1[0].fpu_fpnew.genblk3[3].fpnew_core.gen_operation_groups[3].i_opgroup_block.gen_merged_slice.i_multifmt_slice.gen_num_lanes[0].pack_fp_result[1]	1	32	32	32.00	32.00
tb.dut.clusters[0].cluster.sockets[0].socket.cores[0].core.execute.fpu_unit.genblk1[0].fpu_fpnew.genblk3[3].fpnew_core.gen_operation_groups[3].i_opgroup_block.gen_merged_slice.i_multifmt_slice.gen_num_lanes[0].pack_fp_result[2]	1	32	32	32.00	32.00
tb.dut.clusters[0].cluster.sockets[0].socket.cores[0].core.execute.fpu_unit.genblk1[0].fpu_fpnew.genblk3[3].fpnew_core.gen_operation_groups[3].i_opgroup_block.gen_merged_slice.i_multifmt_slice.gen_num_lanes[0].pack_fp_result[3]	1	32	32	32.00	32.00
tb.dut.clusters[0].cluster.sockets[0].socket.cores[0].core.execute.fpu_unit.genblk1[0].fpu_fpnew.genblk3[3].fpnew_core.gen_operation_groups[3].i_opgroup_block.gen_merged_slice.i_multifmt_slice.gen_num_lanes[0].pack_fp_result[4]	1	32	32	32.00	32.00
tb.dut.clusters[0].cluster.sockets[0].socket.cores[0].core.execute.fpu_unit.genblk1[0].fpu_fpnew.genblk3[3].fpnew_core.gen_operation_groups[3].i_opgroup_block.gen_merged_slice.i_multifmt_slice.target_regs	9	227	192	25.22	164.16
tb.dut.clusters[0].cluster.sockets[0].socket.cores[0].core.execute.fpu_unit.genblk1[0].fpu_fpnew.genblk3[3].fpnew_core.gen_operation_groups[3].i_opgroup_block.gen_merged_slice.i_multifmt_slice.target_regs.gen_bypass_pipeline[0]	1	1	1	1.00	1.00
tb.dut.clusters[0].cluster.sockets[0].socket.cores[0].core.execute.fpu_unit.genblk1[0].fpu_fpnew.genblk3[3].fpnew_core.gen_operation_groups[3].i_opgroup_block.gen_merged_slice.i_multifmt_slice.target_regs.gen_bypass_pipeline[1]	1	1	1	1.00	1.00
tb.dut.clusters[0].cluster.sockets[0].socket.cores[0].core.execute.fpu_unit.genblk1[0].fpu_fpnew.genblk3[3].fpnew_core.gen_operation_groups[3].i_opgroup_block.gen_merged_slice.i_multifmt_slice.target_regs.gen_bypass_pipeline[2]	1	1	1	1.00	1.00
tb.dut.clusters[0].cluster.sockets[0].socket.cores[0].core.execute.fpu_unit.genblk1[0].fpu_fpnew.genblk3[3].fpnew_core.gen_operation_groups[3].i_opgroup_block.gen_merged_slice.i_multifmt_slice.target_regs.gen_bypass_pipeline[3]	1	1	1	1.00	1.00
tb.dut.clusters[0].cluster.sockets[0].socket.cores[0].core.execute.fpu_unit.genblk1[0].fpu_fpnew.genblk3[3].fpnew_core.gen_operation_groups[3].i_opgroup_block.gen_merged_slice.i_multifmt_slice.target_regs.gen_bypass_pipeline[4]	1	1	1	1.00	1.00
tb.dut.clusters[0].cluster.sockets[0].socket.cores[0].core.execute.fpu_unit.genblk1[0].fpu_fpnew.genblk3[3].fpnew_core.gen_operation_groups[3].i_opgroup_block.gen_parallel_slices[0]	2	2	1	1.00	1.00
tb.dut.clusters[0].cluster.sockets[0].socket.cores[0].core.execute.fpu_unit.genblk1[0].fpu_fpnew.genblk3[3].fpnew_core.gen_operation_groups[3].i_opgroup_block.gen_parallel_slices[1]	2	2	1	1.00	1.00
tb.dut.clusters[0].cluster.sockets[0].socket.cores[0].core.execute.fpu_unit.genblk1[0].fpu_fpnew.genblk3[3].fpnew_core.gen_operation_groups[3].i_opgroup_block.gen_parallel_slices[2]	2	2	1	1.00	1.00
tb.dut.clusters[0].cluster.sockets[0].socket.cores[0].core.execute.fpu_unit.genblk1[0].fpu_fpnew.genblk3[3].fpnew_core.gen_operation_groups[3].i_opgroup_block.gen_parallel_slices[3]	2	2	1	1.00	1.00
tb.dut.clusters[0].cluster.sockets[0].socket.cores[0].core.execute.fpu_unit.genblk1[0].fpu_fpnew.genblk3[3].fpnew_core.gen_operation_groups[3].i_opgroup_block.gen_parallel_slices[4]	2	2	1	1.00	1.00
tb.dut.clusters[0].cluster.sockets[0].socket.cores[0].core.execute.fpu_unit.genblk1[0].fpu_fpnew.genblk3[3].fpnew_core.gen_operation_groups[3].i_opgroup_block.i_arbiter	75	1510	280	20.13	97.46
tb.dut.clusters[0].cluster.sockets[0].socket.cores[0].core.execute.fpu_unit.genblk1[0].fpu_fpnew.genblk3[3].fpnew_core.gen_operation_groups[3].i_opgroup_block.i_arbiter.gen_arbiter	58	1150	280	19.83	89.06
tb.dut.clusters[0].cluster.sockets[0].socket.cores[0].core.execute.fpu_unit.genblk1[0].fpu_fpnew.genblk3[3].fpnew_core.gen_operation_groups[3].i_opgroup_block.i_arbiter.gen_arbiter.gen_int_rr	30	340	32	11.33	23.78
tb.dut.clusters[0].cluster.sockets[0].socket.cores[0].core.execute.fpu_unit.genblk1[0].fpu_fpnew.genblk3[3].fpnew_core.gen_operation_groups[3].i_opgroup_block.i_arbiter.gen_arbiter.gen_int_rr.gen_fair_arb	29	337	32	11.62	23.96
tb.dut.clusters[0].cluster.sockets[0].socket.cores[0].core.execute.fpu_unit.genblk1[0].fpu_fpnew.genblk3[3].fpnew_core.gen_operation_groups[3].i_opgroup_block.i_arbiter.gen_arbiter.gen_int_rr.gen_fair_arb.i_lzc_lower	11	158	32	14.36	25.30
tb.dut.clusters[0].cluster.sockets[0].socket.cores[0].core.execute.fpu_unit.genblk1[0].fpu_fpnew.genblk3[3].fpnew_core.gen_operation_groups[3].i_opgroup_block.i_arbiter.gen_arbiter.gen_int_rr.gen_fair_arb.i_lzc_lower.gen_lzc	5	84	32	16.80	22.79
tb.dut.clusters[0].cluster.sockets[0].socket.cores[0].core.execute.fpu_unit.genblk1[0].fpu_fpnew.genblk3[3].fpnew_core.gen_operation_groups[3].i_opgroup_block.i_arbiter.gen_arbiter.gen_int_rr.gen_fair_arb.i_lzc_upper	11	158	32	14.36	25.30
tb.dut.clusters[0].cluster.sockets[0].socket.cores[0].core.execute.fpu_unit.genblk1[0].fpu_fpnew.genblk3[3].fpnew_core.gen_operation_groups[3].i_opgroup_block.i_arbiter.gen_arbiter.gen_int_rr.gen_fair_arb.i_lzc_upper.gen_lzc	5	84	32	16.80	22.79
tb.dut.clusters[0].cluster.sockets[0].socket.cores[0].core.execute.fpu_unit.genblk1[0].fpu_fpnew.genblk3[3].fpnew_core.gen_operation_groups[3].i_opgroup_block.i_arbiter.gen_arbiter.gen_levels[0]	3	65	32	21.67	31.52
tb.dut.clusters[0].cluster.sockets[0].socket.cores[0].core.execute.fpu_unit.genblk1[0].fpu_fpnew.genblk3[3].fpnew_core.gen_operation_groups[3].i_opgroup_block.i_arbiter.gen_arbiter.gen_levels[0].gen_level[0]	3	65	32	21.67	31.52
tb.dut.clusters[0].cluster.sockets[0].socket.cores[0].core.execute.fpu_unit.genblk1[0].fpu_fpnew.genblk3[3].fpnew_core.gen_operation_groups[3].i_opgroup_block.i_arbiter.gen_arbiter.gen_levels[1]	6	130	32	21.67	31.52
tb.dut.clusters[0].cluster.sockets[0].socket.cores[0].core.execute.fpu_unit.genblk1[0].fpu_fpnew.genblk3[3].fpnew_core.gen_operation_groups[3].i_opgroup_block.i_arbiter.gen_arbiter.gen_levels[1].gen_level[0]	3	65	32	21.67	31.52
tb.dut.clusters[0].cluster.sockets[0].socket.cores[0].core.execute.fpu_unit.genblk1[0].fpu_fpnew.genblk3[3].fpnew_core.gen_operation_groups[3].i_opgroup_block.i_arbiter.gen_arbiter.gen_levels[1].gen_level[1]	3	65	32	21.67	31.52
tb.dut.clusters[0].cluster.sockets[0].socket.cores[0].core.execute.fpu_unit.genblk1[0].fpu_fpnew.genblk3[3].fpnew_core.gen_operation_groups[3].i_opgroup_block.i_arbiter.gen_arbiter.gen_levels[2]	12	260	32	21.67	31.52
tb.dut.clusters[0].cluster.sockets[0].socket.cores[0].core.execute.fpu_unit.genblk1[0].fpu_fpnew.genblk3[3].fpnew_core.gen_operation_groups[3].i_opgroup_block.i_arbiter.gen_arbiter.gen_levels[2].gen_level[0]	3	65	32	21.67	31.52
tb.dut.clusters[0].cluster.sockets[0].socket.cores[0].core.execute.fpu_unit.genblk1[0].fpu_fpnew.genblk3[3].fpnew_core.gen_operation_groups[3].i_opgroup_block.i_arbiter.gen_arbiter.gen_levels[2].gen_level[1]	3	65	32	21.67	31.52
tb.dut.clusters[0].cluster.sockets[0].socket.cores[0].core.execute.fpu_unit.genblk1[0].fpu_fpnew.genblk3[3].fpnew_core.gen_operation_groups[3].i_opgroup_block.i_arbiter.gen_arbiter.gen_levels[2].gen_level[2]	3	65	32	21.67	31.52
tb.dut.clusters[0].cluster.sockets[0].socket.cores[0].core.execute.fpu_unit.genblk1[0].fpu_fpnew.genblk3[3].fpnew_core.gen_operation_groups[3].i_opgroup_block.i_arbiter.gen_arbiter.gen_levels[2].gen_level[3]	3	65	32	21.67	31.52
tb.dut.clusters[0].cluster.sockets[0].socket.cores[0].core.execute.fpu_unit.genblk1[0].fpu_fpnew.genblk3[3].fpnew_core.i_arbiter	63	947	156	15.03	59.63
tb.dut.clusters[0].cluster.sockets[0].socket.cores[0].core.execute.fpu_unit.genblk1[0].fpu_fpnew.genblk3[3].fpnew_core.i_arbiter.gen_arbiter	46	636	117	13.83	43.23
tb.dut.clusters[0].cluster.sockets[0].socket.cores[0].core.execute.fpu_unit.genblk1[0].fpu_fpnew.genblk3[3].fpnew_core.i_arbiter.gen_arbiter.gen_int_rr	30	274	32	9.13	23.93
tb.dut.clusters[0].cluster.sockets[0].socket.cores[0].core.execute.fpu_unit.genblk1[0].fpu_fpnew.genblk3[3].fpnew_core.i_arbiter.gen_arbiter.gen_int_rr.gen_fair_arb	29	272	32	9.38	24.10
tb.dut.clusters[0].cluster.sockets[0].socket.cores[0].core.execute.fpu_unit.genblk1[0].fpu_fpnew.genblk3[3].fpnew_core.i_arbiter.gen_arbiter.gen_int_rr.gen_fair_arb.i_lzc_lower	11	128	32	11.64	25.42
tb.dut.clusters[0].cluster.sockets[0].socket.cores[0].core.execute.fpu_unit.genblk1[0].fpu_fpnew.genblk3[3].fpnew_core.i_arbiter.gen_arbiter.gen_int_rr.gen_fair_arb.i_lzc_lower.gen_lzc	5	56	32	11.20	21.14
tb.dut.clusters[0].cluster.sockets[0].socket.cores[0].core.execute.fpu_unit.genblk1[0].fpu_fpnew.genblk3[3].fpnew_core.i_arbiter.gen_arbiter.gen_int_rr.gen_fair_arb.i_lzc_upper	11	128	32	11.64	25.42
tb.dut.clusters[0].cluster.sockets[0].socket.cores[0].core.execute.fpu_unit.genblk1[0].fpu_fpnew.genblk3[3].fpnew_core.i_arbiter.gen_arbiter.gen_int_rr.gen_fair_arb.i_lzc_upper.gen_lzc	5	56	32	11.20	21.14
tb.dut.clusters[0].cluster.sockets[0].socket.cores[0].core.execute.fpu_unit.genblk1[0].fpu_fpnew.genblk3[3].fpnew_core.i_arbiter.gen_arbiter.gen_levels[0]	3	65	32	21.67	31.52
tb.dut.clusters[0].cluster.sockets[0].socket.cores[0].core.execute.fpu_unit.genblk1[0].fpu_fpnew.genblk3[3].fpnew_core.i_arbiter.gen_arbiter.gen_levels[0].gen_level[0]	3	65	32	21.67	31.52
tb.dut.clusters[0].cluster.sockets[0].socket.cores[0].core.execute.fpu_unit.genblk1[0].fpu_fpnew.genblk3[3].fpnew_core.i_arbiter.gen_arbiter.gen_levels[1]	6	130	32	21.67	31.52
tb.dut.clusters[0].cluster.sockets[0].socket.cores[0].core.execute.fpu_unit.genblk1[0].fpu_fpnew.genblk3[3].fpnew_core.i_arbiter.gen_arbiter.gen_levels[1].gen_level[0]	3	65	32	21.67	31.52
tb.dut.clusters[0].cluster.sockets[0].socket.cores[0].core.execute.fpu_unit.genblk1[0].fpu_fpnew.genblk3[3].fpnew_core.i_arbiter.gen_arbiter.gen_levels[1].gen_level[1]	3	65	32	21.67	31.52
tb.dut.clusters[0].cluster.sockets[0].socket.cores[0].core.execute.fpu_unit.per_block_commit_if[0]	5	242	176	48.40	136.47
tb.dut.clusters[0].cluster.sockets[0].socket.cores[0].core.execute.fpu_unit.per_block_execute_if[0]	5	541	475	108.20	420.84
tb.dut.clusters[0].cluster.sockets[0].socket.cores[0].core.execute.lsu_mem_if[0]	12	613	283	51.08	169.97
tb.dut.clusters[0].cluster.sockets[0].socket.cores[0].core.execute.lsu_unit	250	10274	475	41.10	218.03
tb.dut.clusters[0].cluster.sockets[0].socket.cores[0].core.execute.lsu_unit.commit_if[0]	5	242	176	48.40	136.47
tb.dut.clusters[0].cluster.sockets[0].socket.cores[0].core.execute.lsu_unit.dispatch_if[0]	3	474	472	158.00	470.01
tb.dut.clusters[0].cluster.sockets[0].socket.cores[0].core.execute.lsu_unit.dispatch_unit	45	2375	475	52.78	352.04
tb.dut.clusters[0].cluster.sockets[0].socket.cores[0].core.execute.lsu_unit.dispatch_unit.dispatch_if[0]	3	474	472	158.00	470.01
tb.dut.clusters[0].cluster.sockets[0].socket.cores[0].core.execute.lsu_unit.dispatch_unit.execute_if[0]	5	541	475	108.20	420.84
tb.dut.clusters[0].cluster.sockets[0].socket.cores[0].core.execute.lsu_unit.dispatch_unit.genblk5[0]	6	7	2	1.17	1.29
tb.dut.clusters[0].cluster.sockets[0].socket.cores[0].core.execute.lsu_unit.gather_unit	33	1472	176	44.61	126.11
tb.dut.clusters[0].cluster.sockets[0].socket.cores[0].core.execute.lsu_unit.gather_unit.commit_in_if[0]	5	242	176	48.40	136.47
tb.dut.clusters[0].cluster.sockets[0].socket.cores[0].core.execute.lsu_unit.gather_unit.commit_out_if[0]	5	242	176	48.40	136.47
tb.dut.clusters[0].cluster.sockets[0].socket.cores[0].core.execute.lsu_unit.gather_unit.genblk5[0]	7	374	176	53.43	132.16
tb.dut.clusters[0].cluster.sockets[0].socket.cores[0].core.execute.lsu_unit.gather_unit.genblk5[0].commit_tmp_if	5	242	176	48.40	136.47
tb.dut.clusters[0].cluster.sockets[0].socket.cores[0].core.execute.lsu_unit.lsu_mem_if[0]	12	613	283	51.08	169.97
tb.dut.clusters[0].cluster.sockets[0].socket.cores[0].core.execute.lsu_unit.lsu_slices[0]	139	4250	475	30.58	140.14
tb.dut.clusters[0].cluster.sockets[0].socket.cores[0].core.execute.lsu_unit.lsu_slices[0].lsu_slice	138	4249	475	30.79	140.17
tb.dut.clusters[0].cluster.sockets[0].socket.cores[0].core.execute.lsu_unit.lsu_slices[0].lsu_slice.commit_if	5	242	176	48.40	136.47
tb.dut.clusters[0].cluster.sockets[0].socket.cores[0].core.execute.lsu_unit.lsu_slices[0].lsu_slice.commit_no_rsp_if	5	242	176	48.40	136.47
tb.dut.clusters[0].cluster.sockets[0].socket.cores[0].core.execute.lsu_unit.lsu_slices[0].lsu_slice.commit_rsp_if	5	242	176	48.40	136.47
tb.dut.clusters[0].cluster.sockets[0].socket.cores[0].core.execute.lsu_unit.lsu_slices[0].lsu_slice.execute_if	5	541	475	108.20	420.84
tb.dut.clusters[0].cluster.sockets[0].socket.cores[0].core.execute.lsu_unit.lsu_slices[0].lsu_slice.genblk13[0]	3	56	32	18.67	24.00
tb.dut.clusters[0].cluster.sockets[0].socket.cores[0].core.execute.lsu_unit.lsu_slices[0].lsu_slice.genblk13[1]	3	56	32	18.67	24.00
tb.dut.clusters[0].cluster.sockets[0].socket.cores[0].core.execute.lsu_unit.lsu_slices[0].lsu_slice.genblk13[2]	3	56	32	18.67	24.00
tb.dut.clusters[0].cluster.sockets[0].socket.cores[0].core.execute.lsu_unit.lsu_slices[0].lsu_slice.genblk13[3]	3	56	32	18.67	24.00
tb.dut.clusters[0].cluster.sockets[0].socket.cores[0].core.execute.lsu_unit.lsu_slices[0].lsu_slice.genblk4[0]	5	130	26	26.00	26.00
tb.dut.clusters[0].cluster.sockets[0].socket.cores[0].core.execute.lsu_unit.lsu_slices[0].lsu_slice.genblk4[1]	5	130	26	26.00	26.00
tb.dut.clusters[0].cluster.sockets[0].socket.cores[0].core.execute.lsu_unit.lsu_slices[0].lsu_slice.genblk4[2]	5	130	26	26.00	26.00
tb.dut.clusters[0].cluster.sockets[0].socket.cores[0].core.execute.lsu_unit.lsu_slices[0].lsu_slice.genblk4[3]	5	130	26	26.00	26.00
tb.dut.clusters[0].cluster.sockets[0].socket.cores[0].core.execute.lsu_unit.lsu_slices[0].lsu_slice.genblk8[0]	1	4	4	4.00	4.00
tb.dut.clusters[0].cluster.sockets[0].socket.cores[0].core.execute.lsu_unit.lsu_slices[0].lsu_slice.genblk8[1]	1	4	4	4.00	4.00
tb.dut.clusters[0].cluster.sockets[0].socket.cores[0].core.execute.lsu_unit.lsu_slices[0].lsu_slice.genblk8[2]	1	4	4	4.00	4.00
tb.dut.clusters[0].cluster.sockets[0].socket.cores[0].core.execute.lsu_unit.lsu_slices[0].lsu_slice.genblk8[3]	1	4	4	4.00	4.00
tb.dut.clusters[0].cluster.sockets[0].socket.cores[0].core.execute.lsu_unit.lsu_slices[0].lsu_slice.genblk9[0]	1	1	1	1.00	1.00
tb.dut.clusters[0].cluster.sockets[0].socket.cores[0].core.execute.lsu_unit.lsu_slices[0].lsu_slice.genblk9[1]	1	1	1	1.00	1.00
tb.dut.clusters[0].cluster.sockets[0].socket.cores[0].core.execute.lsu_unit.lsu_slices[0].lsu_slice.genblk9[2]	1	1	1	1.00	1.00
tb.dut.clusters[0].cluster.sockets[0].socket.cores[0].core.execute.lsu_unit.lsu_slices[0].lsu_slice.genblk9[3]	1	1	1	1.00	1.00
tb.dut.clusters[0].cluster.sockets[0].socket.cores[0].core.execute.lsu_unit.lsu_slices[0].lsu_slice.lsu_mem_if	12	613	283	51.08	169.97
tb.dut.clusters[0].cluster.sockets[0].socket.cores[0].core.execute.lsu_unit.per_block_commit_if[0]	5	242	176	48.40	136.47
tb.dut.clusters[0].cluster.sockets[0].socket.cores[0].core.execute.lsu_unit.per_block_execute_if[0]	5	541	475	108.20	420.84
tb.dut.clusters[0].cluster.sockets[0].socket.cores[0].core.execute.sched_csr_if	7	70	44	10.00	31.69
tb.dut.clusters[0].cluster.sockets[0].socket.cores[0].core.execute.sfu_unit	295	11563	475	39.20	246.25
tb.dut.clusters[0].cluster.sockets[0].socket.cores[0].core.execute.sfu_unit.arb_commit_if[0]	5	242	176	48.40	136.47
tb.dut.clusters[0].cluster.sockets[0].socket.cores[0].core.execute.sfu_unit.commit_csr_if	1	44	44	44.00	44.00
tb.dut.clusters[0].cluster.sockets[0].socket.cores[0].core.execute.sfu_unit.commit_if[0]	5	242	176	48.40	136.47
tb.dut.clusters[0].cluster.sockets[0].socket.cores[0].core.execute.sfu_unit.csr_commit_if	5	242	176	48.40	136.47
tb.dut.clusters[0].cluster.sockets[0].socket.cores[0].core.execute.sfu_unit.csr_execute_if	5	541	475	108.20	420.84
tb.dut.clusters[0].cluster.sockets[0].socket.cores[0].core.execute.sfu_unit.csr_unit	79	2330	475	29.49	156.19
tb.dut.clusters[0].cluster.sockets[0].socket.cores[0].core.execute.sfu_unit.csr_unit.commit_csr_if	1	44	44	44.00	44.00
tb.dut.clusters[0].cluster.sockets[0].socket.cores[0].core.execute.sfu_unit.csr_unit.commit_if	5	242	176	48.40	136.47
tb.dut.clusters[0].cluster.sockets[0].socket.cores[0].core.execute.sfu_unit.csr_unit.csr_data	32	523	72	16.34	36.17
tb.dut.clusters[0].cluster.sockets[0].socket.cores[0].core.execute.sfu_unit.csr_unit.csr_data.commit_csr_if	1	44	44	44.00	44.00
tb.dut.clusters[0].cluster.sockets[0].socket.cores[0].core.execute.sfu_unit.csr_unit.csr_data.fpu_csr_if[0]	5	13	5	2.60	3.31
tb.dut.clusters[0].cluster.sockets[0].socket.cores[0].core.execute.sfu_unit.csr_unit.execute_if	5	541	475	108.20	420.84
tb.dut.clusters[0].cluster.sockets[0].socket.cores[0].core.execute.sfu_unit.csr_unit.fpu_csr_if[0]	5	13	5	2.60	3.31
tb.dut.clusters[0].cluster.sockets[0].socket.cores[0].core.execute.sfu_unit.csr_unit.sched_csr_if	7	70	44	10.00	31.69
tb.dut.clusters[0].cluster.sockets[0].socket.cores[0].core.execute.sfu_unit.dispatch_if[0]	3	474	472	158.00	470.01
tb.dut.clusters[0].cluster.sockets[0].socket.cores[0].core.execute.sfu_unit.dispatch_unit	45	2375	475	52.78	352.04
tb.dut.clusters[0].cluster.sockets[0].socket.cores[0].core.execute.sfu_unit.dispatch_unit.dispatch_if[0]	3	474	472	158.00	470.01
tb.dut.clusters[0].cluster.sockets[0].socket.cores[0].core.execute.sfu_unit.dispatch_unit.execute_if[0]	5	541	475	108.20	420.84
tb.dut.clusters[0].cluster.sockets[0].socket.cores[0].core.execute.sfu_unit.dispatch_unit.genblk5[0]	6	7	2	1.17	1.29
tb.dut.clusters[0].cluster.sockets[0].socket.cores[0].core.execute.sfu_unit.fpu_csr_if[0]	5	13	5	2.60	3.31
tb.dut.clusters[0].cluster.sockets[0].socket.cores[0].core.execute.sfu_unit.gather_unit	33	1472	176	44.61	126.11
tb.dut.clusters[0].cluster.sockets[0].socket.cores[0].core.execute.sfu_unit.gather_unit.commit_in_if[0]	5	242	176	48.40	136.47
tb.dut.clusters[0].cluster.sockets[0].socket.cores[0].core.execute.sfu_unit.gather_unit.commit_out_if[0]	5	242	176	48.40	136.47
tb.dut.clusters[0].cluster.sockets[0].socket.cores[0].core.execute.sfu_unit.gather_unit.genblk5[0]	7	374	176	53.43	132.16
tb.dut.clusters[0].cluster.sockets[0].socket.cores[0].core.execute.sfu_unit.gather_unit.genblk5[0].commit_tmp_if	5	242	176	48.40	136.47
tb.dut.clusters[0].cluster.sockets[0].socket.cores[0].core.execute.sfu_unit.per_block_execute_if[0]	5	541	475	108.20	420.84
tb.dut.clusters[0].cluster.sockets[0].socket.cores[0].core.execute.sfu_unit.sched_csr_if	7	70	44	10.00	31.69
tb.dut.clusters[0].cluster.sockets[0].socket.cores[0].core.execute.sfu_unit.warp_ctl_if	9	98	41	10.89	31.22
tb.dut.clusters[0].cluster.sockets[0].socket.cores[0].core.execute.sfu_unit.wctl_commit_if	5	242	176	48.40	136.47
tb.dut.clusters[0].cluster.sockets[0].socket.cores[0].core.execute.sfu_unit.wctl_execute_if	5	541	475	108.20	420.84
tb.dut.clusters[0].cluster.sockets[0].socket.cores[0].core.execute.sfu_unit.wctl_unit	61	1376	475	22.56	202.20
tb.dut.clusters[0].cluster.sockets[0].socket.cores[0].core.execute.sfu_unit.wctl_unit.commit_if	5	242	176	48.40	136.47
tb.dut.clusters[0].cluster.sockets[0].socket.cores[0].core.execute.sfu_unit.wctl_unit.execute_if	5	541	475	108.20	420.84
tb.dut.clusters[0].cluster.sockets[0].socket.cores[0].core.execute.sfu_unit.wctl_unit.warp_ctl_if	9	98	41	10.89	31.22
tb.dut.clusters[0].cluster.sockets[0].socket.cores[0].core.execute.warp_ctl_if	9	98	41	10.89	31.22
tb.dut.clusters[0].cluster.sockets[0].socket.cores[0].core.fetch	29	462	73	15.93	43.13
tb.dut.clusters[0].cluster.sockets[0].socket.cores[0].core.fetch.fetch_if	3	72	70	24.00	68.08
tb.dut.clusters[0].cluster.sockets[0].socket.cores[0].core.fetch.icache_bus_if	11	272	73	24.73	42.93
tb.dut.clusters[0].cluster.sockets[0].socket.cores[0].core.fetch.schedule_if	3	40	38	13.33	36.15
tb.dut.clusters[0].cluster.sockets[0].socket.cores[0].core.fetch_if	3	72	70	24.00	68.08
tb.dut.clusters[0].cluster.sockets[0].socket.cores[0].core.genblk1[0]	67	2745	180	40.97	112.27
tb.dut.clusters[0].cluster.sockets[0].socket.cores[0].core.genblk1[0].dcache_bus_tmp_if[0]	11	474	179	43.09	114.61
tb.dut.clusters[0].cluster.sockets[0].socket.cores[0].core.genblk1[0].dcache_coalesced_if	12	508	180	42.33	110.18
tb.dut.clusters[0].cluster.sockets[0].socket.cores[0].core.genblk1[0].genblk1	1	1	1	1.00	1.00
tb.dut.clusters[0].cluster.sockets[0].socket.cores[0].core.genblk1[0].lsu_adapter	42	1761	180	41.93	112.36
tb.dut.clusters[0].cluster.sockets[0].socket.cores[0].core.genblk1[0].lsu_adapter.lsu_mem_if	12	508	180	42.33	110.18
tb.dut.clusters[0].cluster.sockets[0].socket.cores[0].core.genblk1[0].lsu_adapter.mem_bus_if[0]	11	474	179	43.09	114.61
tb.dut.clusters[0].cluster.sockets[0].socket.cores[0].core.icache_bus_if	11	272	73	24.73	42.93
tb.dut.clusters[0].cluster.sockets[0].socket.cores[0].core.issue	263	16589	512	63.08	350.86
tb.dut.clusters[0].cluster.sockets[0].socket.cores[0].core.issue.decode_if	5	172	106	34.40	77.24
tb.dut.clusters[0].cluster.sockets[0].socket.cores[0].core.issue.dispatch_if[0]	3	474	472	158.00	470.01
tb.dut.clusters[0].cluster.sockets[0].socket.cores[0].core.issue.dispatch_if[1]	3	474	472	158.00	470.01
tb.dut.clusters[0].cluster.sockets[0].socket.cores[0].core.issue.dispatch_if[2]	3	474	472	158.00	470.01
tb.dut.clusters[0].cluster.sockets[0].socket.cores[0].core.issue.dispatch_if[3]	3	474	472	158.00	470.01
tb.dut.clusters[0].cluster.sockets[0].socket.cores[0].core.issue.issue_slices[0]	240	14341	512	59.75	340.68
tb.dut.clusters[0].cluster.sockets[0].socket.cores[0].core.issue.issue_slices[0].issue_slice	222	12272	512	55.28	324.42
tb.dut.clusters[0].cluster.sockets[0].socket.cores[0].core.issue.issue_slices[0].issue_slice.decode_if	5	172	106	34.40	77.24
tb.dut.clusters[0].cluster.sockets[0].socket.cores[0].core.issue.issue_slices[0].issue_slice.dispatch	24	2421	472	100.88	460.57
tb.dut.clusters[0].cluster.sockets[0].socket.cores[0].core.issue.issue_slices[0].issue_slice.dispatch.dispatch_if[0]	3	474	472	158.00	470.01
tb.dut.clusters[0].cluster.sockets[0].socket.cores[0].core.issue.issue_slices[0].issue_slice.dispatch.dispatch_if[1]	3	474	472	158.00	470.01
tb.dut.clusters[0].cluster.sockets[0].socket.cores[0].core.issue.issue_slices[0].issue_slice.dispatch.dispatch_if[2]	3	474	472	158.00	470.01
tb.dut.clusters[0].cluster.sockets[0].socket.cores[0].core.issue.issue_slices[0].issue_slice.dispatch.dispatch_if[3]	3	474	472	158.00	470.01
tb.dut.clusters[0].cluster.sockets[0].socket.cores[0].core.issue.issue_slices[0].issue_slice.dispatch.genblk2[0]	1	1	1	1.00	1.00
tb.dut.clusters[0].cluster.sockets[0].socket.cores[0].core.issue.issue_slices[0].issue_slice.dispatch.genblk2[1]	1	1	1	1.00	1.00
tb.dut.clusters[0].cluster.sockets[0].socket.cores[0].core.issue.issue_slices[0].issue_slice.dispatch.genblk2[2]	1	1	1	1.00	1.00
tb.dut.clusters[0].cluster.sockets[0].socket.cores[0].core.issue.issue_slices[0].issue_slice.dispatch.genblk2[3]	1	1	1	1.00	1.00
tb.dut.clusters[0].cluster.sockets[0].socket.cores[0].core.issue.issue_slices[0].issue_slice.dispatch.operands_if	3	474	472	158.00	470.01
tb.dut.clusters[0].cluster.sockets[0].socket.cores[0].core.issue.issue_slices[0].issue_slice.dispatch_if[0]	3	474	472	158.00	470.01
tb.dut.clusters[0].cluster.sockets[0].socket.cores[0].core.issue.issue_slices[0].issue_slice.dispatch_if[1]	3	474	472	158.00	470.01
tb.dut.clusters[0].cluster.sockets[0].socket.cores[0].core.issue.issue_slices[0].issue_slice.dispatch_if[2]	3	474	472	158.00	470.01
tb.dut.clusters[0].cluster.sockets[0].socket.cores[0].core.issue.issue_slices[0].issue_slice.dispatch_if[3]	3	474	472	158.00	470.01
tb.dut.clusters[0].cluster.sockets[0].socket.cores[0].core.issue.issue_slices[0].issue_slice.ibuffer	20	633	106	31.65	90.99
tb.dut.clusters[0].cluster.sockets[0].socket.cores[0].core.issue.issue_slices[0].issue_slice.ibuffer.decode_if	5	172	106	34.40	77.24
tb.dut.clusters[0].cluster.sockets[0].socket.cores[0].core.issue.issue_slices[0].issue_slice.ibuffer.ibuffer_if[0]	3	106	104	35.33	102.06
tb.dut.clusters[0].cluster.sockets[0].socket.cores[0].core.issue.issue_slices[0].issue_slice.ibuffer.ibuffer_if[1]	3	106	104	35.33	102.06
tb.dut.clusters[0].cluster.sockets[0].socket.cores[0].core.issue.issue_slices[0].issue_slice.ibuffer.ibuffer_if[2]	3	106	104	35.33	102.06
tb.dut.clusters[0].cluster.sockets[0].socket.cores[0].core.issue.issue_slices[0].issue_slice.ibuffer.ibuffer_if[3]	3	106	104	35.33	102.06
tb.dut.clusters[0].cluster.sockets[0].socket.cores[0].core.issue.issue_slices[0].issue_slice.ibuffer_if[0]	3	106	104	35.33	102.06
tb.dut.clusters[0].cluster.sockets[0].socket.cores[0].core.issue.issue_slices[0].issue_slice.ibuffer_if[1]	3	106	104	35.33	102.06
tb.dut.clusters[0].cluster.sockets[0].socket.cores[0].core.issue.issue_slices[0].issue_slice.ibuffer_if[2]	3	106	104	35.33	102.06
tb.dut.clusters[0].cluster.sockets[0].socket.cores[0].core.issue.issue_slices[0].issue_slice.ibuffer_if[3]	3	106	104	35.33	102.06
tb.dut.clusters[0].cluster.sockets[0].socket.cores[0].core.issue.issue_slices[0].issue_slice.operands	71	3911	512	55.08	325.43
tb.dut.clusters[0].cluster.sockets[0].socket.cores[0].core.issue.issue_slices[0].issue_slice.operands.genblk6[0]	2	17	16	8.50	15.12
tb.dut.clusters[0].cluster.sockets[0].socket.cores[0].core.issue.issue_slices[0].issue_slice.operands.genblk6[1]	2	17	16	8.50	15.12
tb.dut.clusters[0].cluster.sockets[0].socket.cores[0].core.issue.issue_slices[0].issue_slice.operands.genblk6[2]	2	17	16	8.50	15.12
tb.dut.clusters[0].cluster.sockets[0].socket.cores[0].core.issue.issue_slices[0].issue_slice.operands.genblk6[3]	2	17	16	8.50	15.12
tb.dut.clusters[0].cluster.sockets[0].socket.cores[0].core.issue.issue_slices[0].issue_slice.operands.operands_if	3	474	472	158.00	470.01
tb.dut.clusters[0].cluster.sockets[0].socket.cores[0].core.issue.issue_slices[0].issue_slice.operands.scoreboard_if	3	108	106	36.00	104.06
tb.dut.clusters[0].cluster.sockets[0].socket.cores[0].core.issue.issue_slices[0].issue_slice.operands.writeback_if	2	175	174	87.50	173.01
tb.dut.clusters[0].cluster.sockets[0].socket.cores[0].core.issue.issue_slices[0].issue_slice.operands_if	3	474	472	158.00	470.01
tb.dut.clusters[0].cluster.sockets[0].socket.cores[0].core.issue.issue_slices[0].issue_slice.scoreboard	64	2021	416	31.58	159.73
tb.dut.clusters[0].cluster.sockets[0].socket.cores[0].core.issue.issue_slices[0].issue_slice.scoreboard.genblk2[0]	7	107	64	15.29	48.18
tb.dut.clusters[0].cluster.sockets[0].socket.cores[0].core.issue.issue_slices[0].issue_slice.scoreboard.genblk2[1]	7	107	64	15.29	48.18
tb.dut.clusters[0].cluster.sockets[0].socket.cores[0].core.issue.issue_slices[0].issue_slice.scoreboard.genblk2[2]	7	107	64	15.29	48.18
tb.dut.clusters[0].cluster.sockets[0].socket.cores[0].core.issue.issue_slices[0].issue_slice.scoreboard.genblk2[3]	7	107	64	15.29	48.18
tb.dut.clusters[0].cluster.sockets[0].socket.cores[0].core.issue.issue_slices[0].issue_slice.scoreboard.ibuffer_if[0]	3	106	104	35.33	102.06
tb.dut.clusters[0].cluster.sockets[0].socket.cores[0].core.issue.issue_slices[0].issue_slice.scoreboard.ibuffer_if[1]	3	106	104	35.33	102.06
tb.dut.clusters[0].cluster.sockets[0].socket.cores[0].core.issue.issue_slices[0].issue_slice.scoreboard.ibuffer_if[2]	3	106	104	35.33	102.06
tb.dut.clusters[0].cluster.sockets[0].socket.cores[0].core.issue.issue_slices[0].issue_slice.scoreboard.ibuffer_if[3]	3	106	104	35.33	102.06
tb.dut.clusters[0].cluster.sockets[0].socket.cores[0].core.issue.issue_slices[0].issue_slice.scoreboard.scoreboard_if	3	108	106	36.00	104.06
tb.dut.clusters[0].cluster.sockets[0].socket.cores[0].core.issue.issue_slices[0].issue_slice.scoreboard.staging_if[0]	3	106	104	35.33	102.06
tb.dut.clusters[0].cluster.sockets[0].socket.cores[0].core.issue.issue_slices[0].issue_slice.scoreboard.staging_if[1]	3	106	104	35.33	102.06
tb.dut.clusters[0].cluster.sockets[0].socket.cores[0].core.issue.issue_slices[0].issue_slice.scoreboard.staging_if[2]	3	106	104	35.33	102.06
tb.dut.clusters[0].cluster.sockets[0].socket.cores[0].core.issue.issue_slices[0].issue_slice.scoreboard.staging_if[3]	3	106	104	35.33	102.06
tb.dut.clusters[0].cluster.sockets[0].socket.cores[0].core.issue.issue_slices[0].issue_slice.scoreboard.writeback_if	2	175	174	87.50	173.01
tb.dut.clusters[0].cluster.sockets[0].socket.cores[0].core.issue.issue_slices[0].issue_slice.scoreboard_if	3	108	106	36.00	104.06
tb.dut.clusters[0].cluster.sockets[0].socket.cores[0].core.issue.issue_slices[0].issue_slice.writeback_if	2	175	174	87.50	173.01
tb.dut.clusters[0].cluster.sockets[0].socket.cores[0].core.issue.issue_slices[0].per_issue_decode_if	5	172	106	34.40	77.24
tb.dut.clusters[0].cluster.sockets[0].socket.cores[0].core.issue.issue_slices[0].per_issue_dispatch_if[0]	3	474	472	158.00	470.01
tb.dut.clusters[0].cluster.sockets[0].socket.cores[0].core.issue.issue_slices[0].per_issue_dispatch_if[1]	3	474	472	158.00	470.01
tb.dut.clusters[0].cluster.sockets[0].socket.cores[0].core.issue.issue_slices[0].per_issue_dispatch_if[2]	3	474	472	158.00	470.01
tb.dut.clusters[0].cluster.sockets[0].socket.cores[0].core.issue.issue_slices[0].per_issue_dispatch_if[3]	3	474	472	158.00	470.01
tb.dut.clusters[0].cluster.sockets[0].socket.cores[0].core.issue.writeback_if[0]	2	175	174	87.50	173.01
tb.dut.clusters[0].cluster.sockets[0].socket.cores[0].core.lmem_unit	324	9745	283	30.08	98.44
tb.dut.clusters[0].cluster.sockets[0].socket.cores[0].core.lmem_unit.genblk3[0]	5	8	4	1.60	2.50
tb.dut.clusters[0].cluster.sockets[0].socket.cores[0].core.lmem_unit.genblk4[0]	119	3782	283	31.78	100.08
tb.dut.clusters[0].cluster.sockets[0].socket.cores[0].core.lmem_unit.genblk4[0].lmem_bus_tmp_if[0]	11	270	72	24.55	42.46
tb.dut.clusters[0].cluster.sockets[0].socket.cores[0].core.lmem_unit.genblk4[0].lmem_bus_tmp_if[1]	11	270	72	24.55	42.46
tb.dut.clusters[0].cluster.sockets[0].socket.cores[0].core.lmem_unit.genblk4[0].lmem_bus_tmp_if[2]	11	270	72	24.55	42.46
tb.dut.clusters[0].cluster.sockets[0].socket.cores[0].core.lmem_unit.genblk4[0].lmem_bus_tmp_if[3]	11	270	72	24.55	42.46
tb.dut.clusters[0].cluster.sockets[0].socket.cores[0].core.lmem_unit.genblk4[0].lsu_adapter	75	2702	283	36.03	123.11
tb.dut.clusters[0].cluster.sockets[0].socket.cores[0].core.lmem_unit.genblk4[0].lsu_adapter.lsu_mem_if	12	613	283	51.08	169.97
tb.dut.clusters[0].cluster.sockets[0].socket.cores[0].core.lmem_unit.genblk4[0].lsu_adapter.mem_bus_if[0]	11	270	72	24.55	42.46
tb.dut.clusters[0].cluster.sockets[0].socket.cores[0].core.lmem_unit.genblk4[0].lsu_adapter.mem_bus_if[1]	11	270	72	24.55	42.46
tb.dut.clusters[0].cluster.sockets[0].socket.cores[0].core.lmem_unit.genblk4[0].lsu_adapter.mem_bus_if[2]	11	270	72	24.55	42.46
tb.dut.clusters[0].cluster.sockets[0].socket.cores[0].core.lmem_unit.genblk4[0].lsu_adapter.mem_bus_if[3]	11	270	72	24.55	42.46
tb.dut.clusters[0].cluster.sockets[0].socket.cores[0].core.lmem_unit.lmem_bus_if[0]	11	270	72	24.55	42.46
tb.dut.clusters[0].cluster.sockets[0].socket.cores[0].core.lmem_unit.lmem_bus_if[1]	11	270	72	24.55	42.46
tb.dut.clusters[0].cluster.sockets[0].socket.cores[0].core.lmem_unit.lmem_bus_if[2]	11	270	72	24.55	42.46
tb.dut.clusters[0].cluster.sockets[0].socket.cores[0].core.lmem_unit.lmem_bus_if[3]	11	270	72	24.55	42.46
tb.dut.clusters[0].cluster.sockets[0].socket.cores[0].core.lmem_unit.local_mem	114	2937	196	25.76	74.67
tb.dut.clusters[0].cluster.sockets[0].socket.cores[0].core.lmem_unit.local_mem.genblk6[0]	7	47	32	6.71	24.02
tb.dut.clusters[0].cluster.sockets[0].socket.cores[0].core.lmem_unit.local_mem.genblk6[1]	7	47	32	6.71	24.02
tb.dut.clusters[0].cluster.sockets[0].socket.cores[0].core.lmem_unit.local_mem.genblk6[2]	7	47	32	6.71	24.02
tb.dut.clusters[0].cluster.sockets[0].socket.cores[0].core.lmem_unit.local_mem.genblk6[3]	7	47	32	6.71	24.02
tb.dut.clusters[0].cluster.sockets[0].socket.cores[0].core.lmem_unit.local_mem.mem_bus_if[0]	11	270	72	24.55	42.46
tb.dut.clusters[0].cluster.sockets[0].socket.cores[0].core.lmem_unit.local_mem.mem_bus_if[1]	11	270	72	24.55	42.46
tb.dut.clusters[0].cluster.sockets[0].socket.cores[0].core.lmem_unit.local_mem.mem_bus_if[2]	11	270	72	24.55	42.46
tb.dut.clusters[0].cluster.sockets[0].socket.cores[0].core.lmem_unit.local_mem.mem_bus_if[3]	11	270	72	24.55	42.46
tb.dut.clusters[0].cluster.sockets[0].socket.cores[0].core.lmem_unit.lsu_mem_in_if[0]	12	613	283	51.08	169.97
tb.dut.clusters[0].cluster.sockets[0].socket.cores[0].core.lmem_unit.lsu_mem_out_if[0]	12	613	283	51.08	169.97
tb.dut.clusters[0].cluster.sockets[0].socket.cores[0].core.lmem_unit.lsu_switch_if[0]	12	613	283	51.08	169.97
tb.dut.clusters[0].cluster.sockets[0].socket.cores[0].core.lsu_dcache_if[0]	12	613	283	51.08	169.97
tb.dut.clusters[0].cluster.sockets[0].socket.cores[0].core.lsu_mem_if[0]	12	613	283	51.08	169.97
tb.dut.clusters[0].cluster.sockets[0].socket.cores[0].core.sched_csr_if	7	70	44	10.00	31.69
tb.dut.clusters[0].cluster.sockets[0].socket.cores[0].core.schedule	298	3788	140	12.71	40.64
tb.dut.clusters[0].cluster.sockets[0].socket.cores[0].core.schedule.branch_ctl_if[0]	4	35	31	8.75	27.63
tb.dut.clusters[0].cluster.sockets[0].socket.cores[0].core.schedule.commit_sched_if	1	4	4	4.00	4.00
tb.dut.clusters[0].cluster.sockets[0].socket.cores[0].core.schedule.decode_sched_if	3	4	2	1.33	1.50
tb.dut.clusters[0].cluster.sockets[0].socket.cores[0].core.schedule.genblk4[0]	21	272	32	12.95	28.07
tb.dut.clusters[0].cluster.sockets[0].socket.cores[0].core.schedule.genblk4[0].counter	21	272	32	12.95	28.07
tb.dut.clusters[0].cluster.sockets[0].socket.cores[0].core.schedule.genblk4[0].counter.genblk3	2	24	12	12.00	12.00
tb.dut.clusters[0].cluster.sockets[0].socket.cores[0].core.schedule.genblk4[1]	21	272	32	12.95	28.07
tb.dut.clusters[0].cluster.sockets[0].socket.cores[0].core.schedule.genblk4[1].counter	21	272	32	12.95	28.07
tb.dut.clusters[0].cluster.sockets[0].socket.cores[0].core.schedule.genblk4[1].counter.genblk3	2	24	12	12.00	12.00
tb.dut.clusters[0].cluster.sockets[0].socket.cores[0].core.schedule.genblk4[2]	21	272	32	12.95	28.07
tb.dut.clusters[0].cluster.sockets[0].socket.cores[0].core.schedule.genblk4[2].counter	21	272	32	12.95	28.07
tb.dut.clusters[0].cluster.sockets[0].socket.cores[0].core.schedule.genblk4[2].counter.genblk3	2	24	12	12.00	12.00
tb.dut.clusters[0].cluster.sockets[0].socket.cores[0].core.schedule.genblk4[3]	21	272	32	12.95	28.07
tb.dut.clusters[0].cluster.sockets[0].socket.cores[0].core.schedule.genblk4[3].counter	21	272	32	12.95	28.07
tb.dut.clusters[0].cluster.sockets[0].socket.cores[0].core.schedule.genblk4[3].counter.genblk3	2	24	12	12.00	12.00
tb.dut.clusters[0].cluster.sockets[0].socket.cores[0].core.schedule.sched_csr_if	7	70	44	10.00	31.69
tb.dut.clusters[0].cluster.sockets[0].socket.cores[0].core.schedule.schedule_if	3	40	38	13.33	36.15
tb.dut.clusters[0].cluster.sockets[0].socket.cores[0].core.schedule.split_join	134	1609	41	12.01	31.73
tb.dut.clusters[0].cluster.sockets[0].socket.cores[0].core.schedule.split_join.genblk1[0]	26	323	35	12.42	31.72
tb.dut.clusters[0].cluster.sockets[0].socket.cores[0].core.schedule.split_join.genblk1[0].ipdom_stack	25	322	35	12.88	31.82
tb.dut.clusters[0].cluster.sockets[0].socket.cores[0].core.schedule.split_join.genblk1[1]	26	323	35	12.42	31.72
tb.dut.clusters[0].cluster.sockets[0].socket.cores[0].core.schedule.split_join.genblk1[1].ipdom_stack	25	322	35	12.88	31.82
tb.dut.clusters[0].cluster.sockets[0].socket.cores[0].core.schedule.split_join.genblk1[2]	26	323	35	12.42	31.72
tb.dut.clusters[0].cluster.sockets[0].socket.cores[0].core.schedule.split_join.genblk1[2].ipdom_stack	25	322	35	12.88	31.82
tb.dut.clusters[0].cluster.sockets[0].socket.cores[0].core.schedule.split_join.genblk1[3]	26	323	35	12.42	31.72
tb.dut.clusters[0].cluster.sockets[0].socket.cores[0].core.schedule.split_join.genblk1[3].ipdom_stack	25	322	35	12.88	31.82
tb.dut.clusters[0].cluster.sockets[0].socket.cores[0].core.schedule.warp_ctl_if	9	98	41	10.89	31.22
tb.dut.clusters[0].cluster.sockets[0].socket.cores[0].core.schedule_if	3	40	38	13.33	36.15
tb.dut.clusters[0].cluster.sockets[0].socket.cores[0].core.warp_ctl_if	9	98	41	10.89	31.22
tb.dut.clusters[0].cluster.sockets[0].socket.cores[0].core.writeback_if[0]	2	175	174	87.50	173.01
tb.dut.clusters[0].cluster.sockets[0].socket.dcache	2237	87133	2048	38.95	364.33
tb.dut.clusters[0].cluster.sockets[0].socket.dcache.arb_core_bus_if[0]	11	474	179	43.09	114.61
tb.dut.clusters[0].cluster.sockets[0].socket.dcache.cache_mem_bus_if[0]	11	1296	613	117.82	501.74
tb.dut.clusters[0].cluster.sockets[0].socket.dcache.caches[0]	2033	73292	2048	36.05	364.67
tb.dut.clusters[0].cluster.sockets[0].socket.dcache.caches[0].cache_wrap	2032	73291	2048	36.07	364.68
tb.dut.clusters[0].cluster.sockets[0].socket.dcache.caches[0].cache_wrap.core_bus_cache_if[0]	11	474	179	43.09	114.61
tb.dut.clusters[0].cluster.sockets[0].socket.dcache.caches[0].cache_wrap.core_bus_if[0]	11	474	179	43.09	114.61
tb.dut.clusters[0].cluster.sockets[0].socket.dcache.caches[0].cache_wrap.genblk2	107	5930	613	55.42	341.92
tb.dut.clusters[0].cluster.sockets[0].socket.dcache.caches[0].cache_wrap.genblk2.cache_bypass	106	5929	613	55.93	341.98
tb.dut.clusters[0].cluster.sockets[0].socket.dcache.caches[0].cache_wrap.genblk2.cache_bypass.core_bus_in_if[0]	11	474	179	43.09	114.61
tb.dut.clusters[0].cluster.sockets[0].socket.dcache.caches[0].cache_wrap.genblk2.cache_bypass.core_bus_out_if[0]	11	474	179	43.09	114.61
tb.dut.clusters[0].cluster.sockets[0].socket.dcache.caches[0].cache_wrap.genblk2.cache_bypass.genblk11	1	2	2	2.00	2.00
tb.dut.clusters[0].cluster.sockets[0].socket.dcache.caches[0].cache_wrap.genblk2.cache_bypass.genblk5	3	578	512	192.67	460.63
tb.dut.clusters[0].cluster.sockets[0].socket.dcache.caches[0].cache_wrap.genblk2.cache_bypass.mem_bus_in_if	11	1294	612	117.64	500.77
tb.dut.clusters[0].cluster.sockets[0].socket.dcache.caches[0].cache_wrap.genblk2.cache_bypass.mem_bus_out_if	11	1296	613	117.82	501.74
tb.dut.clusters[0].cluster.sockets[0].socket.dcache.caches[0].cache_wrap.genblk3	1856	63116	2048	34.01	368.70
tb.dut.clusters[0].cluster.sockets[0].socket.dcache.caches[0].cache_wrap.genblk3.cache	1855	63115	2048	34.02	368.70
tb.dut.clusters[0].cluster.sockets[0].socket.dcache.caches[0].cache_wrap.genblk3.cache.banks[0]	418	12836	512	30.71	309.96
tb.dut.clusters[0].cluster.sockets[0].socket.dcache.caches[0].cache_wrap.genblk3.cache.banks[0].bank	415	12810	512	30.87	310.54
tb.dut.clusters[0].cluster.sockets[0].socket.dcache.caches[0].cache_wrap.genblk3.cache.banks[0].bank.cache_data	37	3468	512	93.73	395.55
tb.dut.clusters[0].cluster.sockets[0].socket.dcache.caches[0].cache_wrap.genblk3.cache.banks[0].bank.cache_data.genblk7	1	64	64	64.00	64.00
tb.dut.clusters[0].cluster.sockets[0].socket.dcache.caches[0].cache_wrap.genblk3.cache.banks[0].bank.cache_mshr	86	1277	150	14.85	52.03
tb.dut.clusters[0].cluster.sockets[0].socket.dcache.caches[0].cache_wrap.genblk3.cache.banks[0].bank.cache_tags	38	432	32	11.37	26.72
tb.dut.clusters[0].cluster.sockets[0].socket.dcache.caches[0].cache_wrap.genblk3.cache.banks[0].bank.cache_tags.genblk3[0]	8	44	19	5.50	16.55
tb.dut.clusters[0].cluster.sockets[0].socket.dcache.caches[0].cache_wrap.genblk3.cache.banks[0].bank.flush_unit	26	443	32	17.04	30.27
tb.dut.clusters[0].cluster.sockets[0].socket.dcache.caches[0].cache_wrap.genblk3.cache.banks[0].bank.genblk7	1	64	64	64.00	64.00
tb.dut.clusters[0].cluster.sockets[0].socket.dcache.caches[0].cache_wrap.genblk3.cache.banks[0].bank.mshr_pending_size	21	248	32	11.81	29.18
tb.dut.clusters[0].cluster.sockets[0].socket.dcache.caches[0].cache_wrap.genblk3.cache.banks[0].bank.mshr_pending_size.genblk3	2	8	4	4.00	4.00
tb.dut.clusters[0].cluster.sockets[0].socket.dcache.caches[0].cache_wrap.genblk3.cache.banks[1]	418	12836	512	30.71	309.96
tb.dut.clusters[0].cluster.sockets[0].socket.dcache.caches[0].cache_wrap.genblk3.cache.banks[1].bank	415	12810	512	30.87	310.54
tb.dut.clusters[0].cluster.sockets[0].socket.dcache.caches[0].cache_wrap.genblk3.cache.banks[1].bank.cache_data	37	3468	512	93.73	395.55
tb.dut.clusters[0].cluster.sockets[0].socket.dcache.caches[0].cache_wrap.genblk3.cache.banks[1].bank.cache_data.genblk7	1	64	64	64.00	64.00
tb.dut.clusters[0].cluster.sockets[0].socket.dcache.caches[0].cache_wrap.genblk3.cache.banks[1].bank.cache_mshr	86	1277	150	14.85	52.03
tb.dut.clusters[0].cluster.sockets[0].socket.dcache.caches[0].cache_wrap.genblk3.cache.banks[1].bank.cache_tags	38	432	32	11.37	26.72
tb.dut.clusters[0].cluster.sockets[0].socket.dcache.caches[0].cache_wrap.genblk3.cache.banks[1].bank.cache_tags.genblk3[0]	8	44	19	5.50	16.55
tb.dut.clusters[0].cluster.sockets[0].socket.dcache.caches[0].cache_wrap.genblk3.cache.banks[1].bank.flush_unit	26	443	32	17.04	30.27
tb.dut.clusters[0].cluster.sockets[0].socket.dcache.caches[0].cache_wrap.genblk3.cache.banks[1].bank.genblk7	1	64	64	64.00	64.00
tb.dut.clusters[0].cluster.sockets[0].socket.dcache.caches[0].cache_wrap.genblk3.cache.banks[1].bank.mshr_pending_size	21	248	32	11.81	29.18
tb.dut.clusters[0].cluster.sockets[0].socket.dcache.caches[0].cache_wrap.genblk3.cache.banks[1].bank.mshr_pending_size.genblk3	2	8	4	4.00	4.00
tb.dut.clusters[0].cluster.sockets[0].socket.dcache.caches[0].cache_wrap.genblk3.cache.banks[2]	418	12836	512	30.71	309.96
tb.dut.clusters[0].cluster.sockets[0].socket.dcache.caches[0].cache_wrap.genblk3.cache.banks[2].bank	415	12810	512	30.87	310.54
tb.dut.clusters[0].cluster.sockets[0].socket.dcache.caches[0].cache_wrap.genblk3.cache.banks[2].bank.cache_data	37	3468	512	93.73	395.55
tb.dut.clusters[0].cluster.sockets[0].socket.dcache.caches[0].cache_wrap.genblk3.cache.banks[2].bank.cache_data.genblk7	1	64	64	64.00	64.00
tb.dut.clusters[0].cluster.sockets[0].socket.dcache.caches[0].cache_wrap.genblk3.cache.banks[2].bank.cache_mshr	86	1277	150	14.85	52.03
tb.dut.clusters[0].cluster.sockets[0].socket.dcache.caches[0].cache_wrap.genblk3.cache.banks[2].bank.cache_tags	38	432	32	11.37	26.72
tb.dut.clusters[0].cluster.sockets[0].socket.dcache.caches[0].cache_wrap.genblk3.cache.banks[2].bank.cache_tags.genblk3[0]	8	44	19	5.50	16.55
tb.dut.clusters[0].cluster.sockets[0].socket.dcache.caches[0].cache_wrap.genblk3.cache.banks[2].bank.flush_unit	26	443	32	17.04	30.27
tb.dut.clusters[0].cluster.sockets[0].socket.dcache.caches[0].cache_wrap.genblk3.cache.banks[2].bank.genblk7	1	64	64	64.00	64.00
tb.dut.clusters[0].cluster.sockets[0].socket.dcache.caches[0].cache_wrap.genblk3.cache.banks[2].bank.mshr_pending_size	21	248	32	11.81	29.18
tb.dut.clusters[0].cluster.sockets[0].socket.dcache.caches[0].cache_wrap.genblk3.cache.banks[2].bank.mshr_pending_size.genblk3	2	8	4	4.00	4.00
tb.dut.clusters[0].cluster.sockets[0].socket.dcache.caches[0].cache_wrap.genblk3.cache.banks[3]	418	12836	512	30.71	309.96
tb.dut.clusters[0].cluster.sockets[0].socket.dcache.caches[0].cache_wrap.genblk3.cache.banks[3].bank	415	12810	512	30.87	310.54
tb.dut.clusters[0].cluster.sockets[0].socket.dcache.caches[0].cache_wrap.genblk3.cache.banks[3].bank.cache_data	37	3468	512	93.73	395.55
tb.dut.clusters[0].cluster.sockets[0].socket.dcache.caches[0].cache_wrap.genblk3.cache.banks[3].bank.cache_data.genblk7	1	64	64	64.00	64.00
tb.dut.clusters[0].cluster.sockets[0].socket.dcache.caches[0].cache_wrap.genblk3.cache.banks[3].bank.cache_mshr	86	1277	150	14.85	52.03
tb.dut.clusters[0].cluster.sockets[0].socket.dcache.caches[0].cache_wrap.genblk3.cache.banks[3].bank.cache_tags	38	432	32	11.37	26.72
tb.dut.clusters[0].cluster.sockets[0].socket.dcache.caches[0].cache_wrap.genblk3.cache.banks[3].bank.cache_tags.genblk3[0]	8	44	19	5.50	16.55
tb.dut.clusters[0].cluster.sockets[0].socket.dcache.caches[0].cache_wrap.genblk3.cache.banks[3].bank.flush_unit	26	443	32	17.04	30.27
tb.dut.clusters[0].cluster.sockets[0].socket.dcache.caches[0].cache_wrap.genblk3.cache.banks[3].bank.genblk7	1	64	64	64.00	64.00
tb.dut.clusters[0].cluster.sockets[0].socket.dcache.caches[0].cache_wrap.genblk3.cache.banks[3].bank.mshr_pending_size	21	248	32	11.81	29.18
tb.dut.clusters[0].cluster.sockets[0].socket.dcache.caches[0].cache_wrap.genblk3.cache.banks[3].bank.mshr_pending_size.genblk3	2	8	4	4.00	4.00
tb.dut.clusters[0].cluster.sockets[0].socket.dcache.caches[0].cache_wrap.genblk3.cache.core_bus2_if[0]	11	474	179	43.09	114.61
tb.dut.clusters[0].cluster.sockets[0].socket.dcache.caches[0].cache_wrap.genblk3.cache.core_bus_if[0]	11	474	179	43.09	114.61
tb.dut.clusters[0].cluster.sockets[0].socket.dcache.caches[0].cache_wrap.genblk3.cache.flush_unit	45	1238	179	27.51	94.47
tb.dut.clusters[0].cluster.sockets[0].socket.dcache.caches[0].cache_wrap.genblk3.cache.flush_unit.core_bus_in_if[0]	11	474	179	43.09	114.61
tb.dut.clusters[0].cluster.sockets[0].socket.dcache.caches[0].cache_wrap.genblk3.cache.flush_unit.core_bus_out_if[0]	11	474	179	43.09	114.61
tb.dut.clusters[0].cluster.sockets[0].socket.dcache.caches[0].cache_wrap.genblk3.cache.flush_unit.genblk3[0]	1	1	1	1.00	1.00
tb.dut.clusters[0].cluster.sockets[0].socket.dcache.caches[0].cache_wrap.genblk3.cache.genblk16	1	2	2	2.00	2.00
tb.dut.clusters[0].cluster.sockets[0].socket.dcache.caches[0].cache_wrap.genblk3.cache.mem_bus_if	11	1294	612	117.64	500.77
tb.dut.clusters[0].cluster.sockets[0].socket.dcache.caches[0].cache_wrap.mem_bus_cache_if	11	1294	612	117.64	500.77
tb.dut.clusters[0].cluster.sockets[0].socket.dcache.caches[0].cache_wrap.mem_bus_if	11	1296	613	117.82	501.74
tb.dut.clusters[0].cluster.sockets[0].socket.dcache.core_bus_if[0]	11	474	179	43.09	114.61
tb.dut.clusters[0].cluster.sockets[0].socket.dcache.genblk2[0]	72	2945	179	40.90	111.73
tb.dut.clusters[0].cluster.sockets[0].socket.dcache.genblk2[0].arb_core_bus_tmp_if[0]	11	474	179	43.09	114.61
tb.dut.clusters[0].cluster.sockets[0].socket.dcache.genblk2[0].cache_arb	50	1997	179	39.94	110.36
tb.dut.clusters[0].cluster.sockets[0].socket.dcache.genblk2[0].cache_arb.bus_in_if[0]	11	474	179	43.09	114.61
tb.dut.clusters[0].cluster.sockets[0].socket.dcache.genblk2[0].cache_arb.bus_out_if[0]	11	474	179	43.09	114.61
tb.dut.clusters[0].cluster.sockets[0].socket.dcache.genblk2[0].cache_arb.genblk3[0]	1	3	3	3.00	3.00
tb.dut.clusters[0].cluster.sockets[0].socket.dcache.genblk2[0].core_bus_tmp_if[0]	11	474	179	43.09	114.61
tb.dut.clusters[0].cluster.sockets[0].socket.dcache.mem_arb	50	5289	613	105.78	492.37
tb.dut.clusters[0].cluster.sockets[0].socket.dcache.mem_arb.bus_in_if[0]	11	1296	613	117.82	501.74
tb.dut.clusters[0].cluster.sockets[0].socket.dcache.mem_arb.bus_out_if[0]	11	1296	613	117.82	501.74
tb.dut.clusters[0].cluster.sockets[0].socket.dcache.mem_arb.genblk3[0]	1	7	7	7.00	7.00
tb.dut.clusters[0].cluster.sockets[0].socket.dcache.mem_bus_if	11	1296	613	117.82	501.74
tb.dut.clusters[0].cluster.sockets[0].socket.dcache.mem_bus_tmp_if[0]	11	1296	613	117.82	501.74
tb.dut.clusters[0].cluster.sockets[0].socket.dcache_mem_bus_if	11	1296	613	117.82	501.74
tb.dut.clusters[0].cluster.sockets[0].socket.dcr_bus_if	3	45	32	15.00	25.98
tb.dut.clusters[0].cluster.sockets[0].socket.icache	875	34821	610	39.80	343.21
tb.dut.clusters[0].cluster.sockets[0].socket.icache.arb_core_bus_if[0]	11	272	73	24.73	42.93
tb.dut.clusters[0].cluster.sockets[0].socket.icache.cache_mem_bus_if[0]	11	1290	610	117.27	498.82
tb.dut.clusters[0].cluster.sockets[0].socket.icache.caches[0]	671	22641	610	33.74	323.41
tb.dut.clusters[0].cluster.sockets[0].socket.icache.caches[0].cache_wrap	670	22640	610	33.79	323.42
tb.dut.clusters[0].cluster.sockets[0].socket.icache.caches[0].cache_wrap.core_bus_cache_if[0]	11	272	73	24.73	42.93
tb.dut.clusters[0].cluster.sockets[0].socket.icache.caches[0].cache_wrap.core_bus_if[0]	11	272	73	24.73	42.93
tb.dut.clusters[0].cluster.sockets[0].socket.icache.caches[0].cache_wrap.genblk3	601	18809	610	31.30	318.44
tb.dut.clusters[0].cluster.sockets[0].socket.icache.caches[0].cache_wrap.genblk3.cache	600	18808	610	31.35	318.45
tb.dut.clusters[0].cluster.sockets[0].socket.icache.caches[0].cache_wrap.genblk3.cache.banks[0]	417	11759	512	28.20	323.89
tb.dut.clusters[0].cluster.sockets[0].socket.icache.caches[0].cache_wrap.genblk3.cache.banks[0].bank	414	11731	512	28.34	324.61
tb.dut.clusters[0].cluster.sockets[0].socket.icache.caches[0].cache_wrap.genblk3.cache.banks[0].bank.cache_data	36	3155	512	87.64	422.50
tb.dut.clusters[0].cluster.sockets[0].socket.icache.caches[0].cache_wrap.genblk3.cache.banks[0].bank.cache_mshr	86	1105	44	12.85	24.72
tb.dut.clusters[0].cluster.sockets[0].socket.icache.caches[0].cache_wrap.genblk3.cache.banks[0].bank.cache_tags	38	436	32	11.47	26.77
tb.dut.clusters[0].cluster.sockets[0].socket.icache.caches[0].cache_wrap.genblk3.cache.banks[0].bank.cache_tags.genblk3[0]	8	44	19	5.50	16.55
tb.dut.clusters[0].cluster.sockets[0].socket.icache.caches[0].cache_wrap.genblk3.cache.banks[0].bank.flush_unit	26	447	32	17.19	30.13
tb.dut.clusters[0].cluster.sockets[0].socket.icache.caches[0].cache_wrap.genblk3.cache.banks[0].bank.genblk7	1	64	64	64.00	64.00
tb.dut.clusters[0].cluster.sockets[0].socket.icache.caches[0].cache_wrap.genblk3.cache.banks[0].bank.mshr_pending_size	21	248	32	11.81	29.18
tb.dut.clusters[0].cluster.sockets[0].socket.icache.caches[0].cache_wrap.genblk3.cache.banks[0].bank.mshr_pending_size.genblk3	2	8	4	4.00	4.00
tb.dut.clusters[0].cluster.sockets[0].socket.icache.caches[0].cache_wrap.genblk3.cache.core_bus2_if[0]	11	272	73	24.73	42.93
tb.dut.clusters[0].cluster.sockets[0].socket.icache.caches[0].cache_wrap.genblk3.cache.core_bus_if[0]	11	272	73	24.73	42.93
tb.dut.clusters[0].cluster.sockets[0].socket.icache.caches[0].cache_wrap.genblk3.cache.flush_unit	45	819	73	18.20	38.56
tb.dut.clusters[0].cluster.sockets[0].socket.icache.caches[0].cache_wrap.genblk3.cache.flush_unit.core_bus_in_if[0]	11	272	73	24.73	42.93
tb.dut.clusters[0].cluster.sockets[0].socket.icache.caches[0].cache_wrap.genblk3.cache.flush_unit.core_bus_out_if[0]	11	272	73	24.73	42.93
tb.dut.clusters[0].cluster.sockets[0].socket.icache.caches[0].cache_wrap.genblk3.cache.flush_unit.genblk3[0]	1	1	1	1.00	1.00
tb.dut.clusters[0].cluster.sockets[0].socket.icache.caches[0].cache_wrap.genblk3.cache.mem_bus_if	11	1290	610	117.27	498.82
tb.dut.clusters[0].cluster.sockets[0].socket.icache.caches[0].cache_wrap.mem_bus_cache_if	11	1290	610	117.27	498.82
tb.dut.clusters[0].cluster.sockets[0].socket.icache.caches[0].cache_wrap.mem_bus_if	11	1290	610	117.27	498.82
tb.dut.clusters[0].cluster.sockets[0].socket.icache.core_bus_if[0]	11	272	73	24.73	42.93
tb.dut.clusters[0].cluster.sockets[0].socket.icache.genblk2[0]	72	1733	73	24.07	42.21
tb.dut.clusters[0].cluster.sockets[0].socket.icache.genblk2[0].arb_core_bus_tmp_if[0]	11	272	73	24.73	42.93
tb.dut.clusters[0].cluster.sockets[0].socket.icache.genblk2[0].cache_arb	50	1189	73	23.78	41.88
tb.dut.clusters[0].cluster.sockets[0].socket.icache.genblk2[0].cache_arb.bus_in_if[0]	11	272	73	24.73	42.93
tb.dut.clusters[0].cluster.sockets[0].socket.icache.genblk2[0].cache_arb.bus_out_if[0]	11	272	73	24.73	42.93
tb.dut.clusters[0].cluster.sockets[0].socket.icache.genblk2[0].cache_arb.genblk3[0]	1	3	3	3.00	3.00
tb.dut.clusters[0].cluster.sockets[0].socket.icache.genblk2[0].core_bus_tmp_if[0]	11	272	73	24.73	42.93
tb.dut.clusters[0].cluster.sockets[0].socket.icache.mem_arb	50	5262	610	105.24	489.74
tb.dut.clusters[0].cluster.sockets[0].socket.icache.mem_arb.bus_in_if[0]	11	1290	610	117.27	498.82
tb.dut.clusters[0].cluster.sockets[0].socket.icache.mem_arb.bus_out_if[0]	11	1290	610	117.27	498.82
tb.dut.clusters[0].cluster.sockets[0].socket.icache.mem_arb.genblk3[0]	1	4	4	4.00	4.00
tb.dut.clusters[0].cluster.sockets[0].socket.icache.mem_bus_if	11	1290	610	117.27	498.82
tb.dut.clusters[0].cluster.sockets[0].socket.icache.mem_bus_tmp_if[0]	11	1290	610	117.27	498.82
tb.dut.clusters[0].cluster.sockets[0].socket.icache_mem_bus_if	11	1290	610	117.27	498.82
tb.dut.clusters[0].cluster.sockets[0].socket.l1_mem_arb_bus_if[0]	11	1298	614	118.00	502.71
tb.dut.clusters[0].cluster.sockets[0].socket.l1_mem_bus_if[0]	11	1296	613	117.82	501.74
tb.dut.clusters[0].cluster.sockets[0].socket.l1_mem_bus_if[1]	11	1296	613	117.82	501.74
tb.dut.clusters[0].cluster.sockets[0].socket.mem_arb	63	7731	1226	122.71	671.60
tb.dut.clusters[0].cluster.sockets[0].socket.mem_arb.bus_in_if[0]	11	1296	613	117.82	501.74
tb.dut.clusters[0].cluster.sockets[0].socket.mem_arb.bus_in_if[1]	11	1296	613	117.82	501.74
tb.dut.clusters[0].cluster.sockets[0].socket.mem_arb.bus_out_if[0]	11	1298	614	118.00	502.71
tb.dut.clusters[0].cluster.sockets[0].socket.mem_arb.genblk3[0]	1	7	7	7.00	7.00
tb.dut.clusters[0].cluster.sockets[0].socket.mem_arb.genblk4	2	8	7	4.00	6.25
tb.dut.clusters[0].cluster.sockets[0].socket.mem_arb.genblk4.genblk1[0]	1	7	7	7.00	7.00
tb.dut.clusters[0].cluster.sockets[0].socket.mem_bus_if	11	1298	614	118.00	502.71
tb.dut.clusters[0].cluster.sockets[0].socket.per_core_dcache_bus_if[0]	11	474	179	43.09	114.61
tb.dut.clusters[0].cluster.sockets[0].socket.per_core_icache_bus_if[0]	11	272	73	24.73	42.93
tb.dut.clusters[0].cluster_dcr_bus_if	3	45	32	15.00	25.98
tb.dut.dcr_bus_if	3	45	32	15.00	25.98
tb.dut.l3cache	172	14165	614	82.35	453.20
tb.dut.l3cache.core_bus_cache_if[0]	11	1298	614	118.00	502.71
tb.dut.l3cache.core_bus_if[0]	11	1298	614	118.00	502.71
tb.dut.l3cache.genblk2	103	8274	614	80.33	458.79
tb.dut.l3cache.genblk2.cache_bypass	102	8273	614	81.11	458.85
tb.dut.l3cache.genblk2.cache_bypass.core_bus_in_if[0]	11	1298	614	118.00	502.71
tb.dut.l3cache.genblk2.cache_bypass.core_bus_out_if[0]	11	1298	614	118.00	502.71
tb.dut.l3cache.genblk2.cache_bypass.mem_bus_in_if	11	1290	610	117.27	498.82
tb.dut.l3cache.genblk2.cache_bypass.mem_bus_out_if	11	1298	614	118.00	502.71
tb.dut.l3cache.mem_bus_cache_if	11	1290	610	117.27	498.82
tb.dut.l3cache.mem_bus_if	11	1298	614	118.00	502.71
tb.dut.mem_bus_if	11	1298	614	118.00	502.71
tb.dut.per_cluster_mem_bus_if[0]	11	1298	614	118.00	502.71
tb.mem_rsp[0]	8	1044	512	130.50	502.32
tb.mem_rsp[10]	8	1044	512	130.50	502.32
tb.mem_rsp[11]	8	1044	512	130.50	502.32
tb.mem_rsp[12]	8	1044	512	130.50	502.32
tb.mem_rsp[13]	8	1044	512	130.50	502.32
tb.mem_rsp[14]	8	1044	512	130.50	502.32
tb.mem_rsp[15]	8	1044	512	130.50	502.32
tb.mem_rsp[16]	8	1044	512	130.50	502.32
tb.mem_rsp[17]	8	1044	512	130.50	502.32
tb.mem_rsp[18]	8	1044	512	130.50	502.32
tb.mem_rsp[19]	8	1044	512	130.50	502.32
tb.mem_rsp[1]	8	1044	512	130.50	502.32
tb.mem_rsp[2]	8	1044	512	130.50	502.32
tb.mem_rsp[3]	8	1044	512	130.50	502.32
tb.mem_rsp[4]	8	1044	512	130.50	502.32
tb.mem_rsp[5]	8	1044	512	130.50	502.32
tb.mem_rsp[6]	8	1044	512	130.50	502.32
tb.mem_rsp[7]	8	1044	512	130.50	502.32
tb.mem_rsp[8]	8	1044	512	130.50	502.32
tb.mem_rsp[9]	8	1044	512	130.50	502.32
tb.unnamedblk1	6	192	32	32.00	32.00
tb.unnamedblk1.unnamedblk2	4	128	32	32.00	32.00
tb.unnamedblk1.unnamedblk2.unnamedblk3	4	128	32	32.00	32.00
tb.unnamedblk1.unnamedblk2.unnamedblk3.unnamedblk4	3	96	32	32.00	32.00
